strategy,scheme,ticker,setup_id,touch_date,activation_date,repeat_touch,entry_time,mrs_v2,regime_v2,planned_seed,reserved_risk,structural_stop,active_stop,first_entry,R,target1,target2,box_low,box_high,breakout_high,breakout_volume_ok,had_failed_break,shares,cash_out,cash_in,buy_notional,sell_notional,fees,partial_taken,added20,added60,pending20,pending60,entry_i,bars_held,last_mark,mfe_R,mae_R,exit_time,exit_price,exit_reason,status,pnl,actual_capital_used,fill_count,fill_detail,event_detail
DORO_AGG_NOT_BEAR,A,TSLA,DAGG|TSLA|45,2023-09-20,2023-09-20,0,2023-09-20 17:30:00+00:00,3.0,ALL_BULL_CONTROL,1000.0,41.35646951634581,260.3579929333982,260.3579929333982,271.5899963378906,11.232003404492445,282.82199974238307,294.0540031468755,261.20001220703125,278.0,278.0,1,0,0.0,1001.0,971.1226553907774,1000.0,972.0947501409183,1.9720947501409185,False,True,True,False,False,46,3,257.8500061035156,0.17450061084331497,-0.8128019732969928,2023-09-21 13:30:00+00:00,257.8500061035156,gap_stop,LOSS,-29.877344609222632,1000.0,3,"[{""time"": ""2023-09-20 17:30:00+00:00"", ""price"": 271.5899963378906, ""fraction"": 0.2, ""shares"": 0.7364041485209049, ""reason"": ""starter20""}, {""time"": ""2023-09-20 18:30:00+00:00"", ""price"": 267.09719497609365, ""fraction"": 0.2, ""shares"": 0.7487910908907182, ""reason"": ""adverse20""}, {""time"": ""2023-09-20 19:30:00+00:00"", ""price"": 262.60439361429667, ""fraction"": 0.6, ""shares"": 2.2848056414518987, ""reason"": ""support60""}]","[{""time"": ""2023-09-21 13:30:00+00:00"", ""price"": 257.8500061035156, ""shares"": 3.7700008808635217, ""reason"": ""gap_stop""}]"
DORO_AGG_NOT_BEAR,A,MU,DAGG|MU|46,2023-09-20,2023-09-20,0,2023-09-20 18:30:00+00:00,3.0,ALL_BULL_CONTROL,999.9803248264138,15.248977166109436,69.48893715867956,69.48893715867956,70.56500244140625,1.076065282726688,71.64106772413294,72.71713300685963,69.63999938964844,72.3051986694336,72.3051986694336,1,0,0.0,1000.9803051512404,985.2620962462647,999.9803248264138,986.2483445908556,1.9862286694172695,False,True,True,False,False,47,2,69.0,0.2741452341978769,-0.8503210076704487,2023-09-21 13:30:00+00:00,69.0,gap_stop,LOSS,-15.718208904975654,999.9803248264138,3,"[{""time"": ""2023-09-20 18:30:00+00:00"", ""price"": 70.56500244140625, ""fraction"": 0.2, ""shares"": 2.8342104165779602, ""reason"": ""starter20""}, {""time"": ""2023-09-20 18:30:00+00:00"", ""price"": 70.13457632831557, ""fraction"": 0.2, ""shares"": 2.8516043788310155, ""reason"": ""adverse20""}, {""time"": ""2023-09-20 19:30:00+00:00"", ""price"": 69.7041502152249, ""fraction"": 0.6, ""shares"": 8.607639474023713, ""reason"": ""support60""}]","[{""time"": ""2023-09-21 13:30:00+00:00"", ""price"": 69.0, ""shares"": 14.29345426943269, ""reason"": ""gap_stop""}]"
DORO_AGG_NOT_BEAR,A,MSFT,DAGG|MSFT|89,2023-09-28,2023-09-28,0,2023-09-28 19:30:00+00:00,3.0,ALL_BULL_CONTROL,990.8808892971607,17.815229545376237,308.90446557404385,314.55999755859375,314.55999755859375,5.655531984549896,320.21552954314365,325.87106152769354,309.45001220703125,317.6300048828125,317.6300048828125,1,0,0.0,198.3743540372916,199.7577431131558,198.17617785943216,199.95770081396978,0.398133878673402,True,False,False,False,False,90,17,315.70001220703125,1.295723010621557,-0.3094315450395736,2023-10-03 14:30:00+00:00,314.55999755859375,stop,BE_STOP,1.3833890758642156,198.17617785943216,1,"[{""time"": ""2023-09-28 19:30:00+00:00"", ""price"": 314.55999755859375, ""fraction"": 0.2, ""shares"": 0.6300107432526205, ""reason"": ""starter20""}]","[{""time"": ""2023-10-02 14:30:00+00:00"", ""price"": 320.21552954314365, ""shares"": 0.31500537162631026, ""reason"": ""target1_partial""}, {""time"": ""2023-10-03 14:30:00+00:00"", ""price"": 314.55999755859375, ""shares"": 0.31500537162631026, ""reason"": ""stop""}]"
DORO_AGG_NOT_BEAR,A,COST,DAGG|COST|117,2023-10-04,2023-10-04,0,2023-10-04 19:30:00+00:00,3.0,ALL_BULL_CONTROL,992.7985743638831,15.609858511196641,562.1992798702577,562.1992798702577,571.1799926757812,8.98071280552358,580.1607054813048,589.1414182868284,563.010009765625,576.19482421875,576.19482421875,1,0,0.0,397.5165491752988,391.7203071527305,397.11942974555325,392.1124195723028,0.7892318493178561,False,True,False,False,False,118,9,566.0900268554688,0.39751937307504365,-0.7599633074596853,2023-10-06 13:30:00+00:00,562.1992798702577,stop,LOSS,-5.796242022568265,397.11942974555325,2,"[{""time"": ""2023-10-04 19:30:00+00:00"", ""price"": 571.1799926757812, ""fraction"": 0.2, ""shares"": 0.3476307248483842, ""reason"": ""starter20""}, {""time"": ""2023-10-05 13:30:00+00:00"", ""price"": 567.5877075535718, ""fraction"": 0.2, ""shares"": 0.34983089349946067, ""reason"": ""adverse20""}]","[{""time"": ""2023-10-06 13:30:00+00:00"", ""price"": 562.1992798702577, ""shares"": 0.6974616183478448, ""reason"": ""stop""}]"
DORO_AGG_NOT_BEAR,A,AAPL,DAGG|AAPL|107,2023-10-03,2023-10-03,0,2023-10-03 16:30:00+00:00,3.0,ALL_BULL_CONTROL,990.3933778127362,13.202763132119218,169.98336385903096,172.27999877929688,172.27999877929688,2.296634920265916,174.5766336995628,176.8732686198287,170.30999755859375,174.3000030517578,174.3000030517578,1,0,0.0,396.5535084762196,404.75696391810504,396.15735112509446,405.1621260441492,0.8013194771692437,True,True,False,False,False,108,21,175.4499969482422,2.076953646558959,-0.5703986937732671,2023-10-06 15:30:00+00:00,176.8732686198287,target2,WIN,8.203455441885467,396.15735112509446,2,"[{""time"": ""2023-10-03 16:30:00+00:00"", ""price"": 172.27999877929688, ""fraction"": 0.2, ""shares"": 1.1497485312633438, ""reason"": ""starter20""}, {""time"": ""2023-10-04 13:30:00+00:00"", ""price"": 171.36134481119052, ""fraction"": 0.2, ""shares"": 1.15591223785501, ""reason"": ""adverse20""}]","[{""time"": ""2023-10-05 17:30:00+00:00"", ""price"": 174.5766336995628, ""shares"": 1.1528303845591767, ""reason"": ""target1_partial""}, {""time"": ""2023-10-06 15:30:00+00:00"", ""price"": 176.8732686198287, ""shares"": 1.1528303845591767, ""reason"": ""target2""}]"
DORO_AGG_NOT_BEAR,A,INTU,DAGG|INTU|102,2023-10-02,2023-10-02,0,2023-10-02 18:30:00+00:00,3.0,ALL_BULL_CONTROL,991.4344301900451,30.1284985853797,500.0769784947543,500.0769784947543,515.75,15.673021505245686,531.4230215052457,547.0960430104914,501.17999267578125,524.1199951171875,524.1199951171875,1,0,0.0,396.97034584809404,410.2079503969159,396.57377207601803,410.6185689658818,0.8071923410418999,False,True,False,False,False,103,26,530.75,0.984493811267783,-0.7254501063105169,2023-10-06 15:30:00+00:00,530.75,time,TIME,13.237604548821878,396.57377207601803,2,"[{""time"": ""2023-10-02 18:30:00+00:00"", ""price"": 515.75, ""fraction"": 0.2, ""shares"": 0.384463181847812, ""reason"": ""starter20""}, {""time"": ""2023-10-03 13:30:00+00:00"", ""price"": 509.4807913979017, ""fraction"": 0.2, ""shares"": 0.38919403711758005, ""reason"": ""adverse20""}]","[{""time"": ""2023-10-06 15:30:00+00:00"", ""price"": 530.75, ""shares"": 0.7736572189653921, ""reason"": ""time""}]"
DORO_AGG_NOT_BEAR,A,AMAT,DAGG|AMAT|117,2023-10-04,2023-10-04,0,2023-10-04 19:30:00+00:00,3.0,ALL_BULL_CONTROL,992.8382878953989,27.81336573857842,135.10605484820937,135.10605484820937,139.0,3.893945151790632,142.89394515179063,146.78789030358126,135.42999267578125,141.41000366210938,141.41000366210938,1,0,0.0,993.8311261832944,1021.7285580380184,992.8382878953989,1022.7513093473657,2.0155895972427644,False,True,True,False,False,118,26,140.92999267578125,0.9578963190644385,-0.9887160587624606,2023-10-10 16:30:00+00:00,140.92999267578125,time,TIME,27.897431854724005,992.8382878953989,3,"[{""time"": ""2023-10-04 19:30:00+00:00"", ""price"": 139.0, ""fraction"": 0.2, ""shares"": 1.4285442991300705, ""reason"": ""starter20""}, {""time"": ""2023-10-06 13:30:00+00:00"", ""price"": 137.44242193928375, ""fraction"": 0.2, ""shares"": 1.4447334001928356, ""reason"": ""adverse20""}, {""time"": ""2023-10-06 13:30:00+00:00"", ""price"": 135.8848438785675, ""fraction"": 0.6, ""shares"": 4.383880907789723, ""reason"": ""support60""}]","[{""time"": ""2023-10-10 16:30:00+00:00"", ""price"": 140.92999267578125, ""shares"": 7.257158607112629, ""reason"": ""time""}]"
DORO_AGG_NOT_BEAR,A,ISRG,DAGG|ISRG|135,2023-10-09,2023-10-09,0,2023-10-09 16:30:00+00:00,3.0,ALL_BULL_CONTROL,997.6575765478243,25.45945316026713,284.2170649459487,291.6600036621094,291.6600036621094,7.442938716160654,299.10294237827003,306.5458810944307,284.7950134277344,296.7300109863281,296.7300109863281,1,0,0.0,199.73104682487443,201.875383164966,199.53151530956487,202.07746062559158,0.40160897593515643,True,False,False,False,False,136,12,298.6600036621094,1.2642860597088734,-0.1645863482465336,2023-10-11 13:30:00+00:00,291.6600036621094,stop,BE_STOP,2.14433634009157,199.53151530956487,1,"[{""time"": ""2023-10-09 16:30:00+00:00"", ""price"": 291.6600036621094, ""fraction"": 0.2, ""shares"": 0.684123681012923, ""reason"": ""starter20""}]","[{""time"": ""2023-10-10 15:30:00+00:00"", ""price"": 299.10294237827003, ""shares"": 0.3420618405064615, ""reason"": ""target1_partial""}, {""time"": ""2023-10-11 13:30:00+00:00"", ""price"": 291.6600036621094, ""shares"": 0.3420618405064615, ""reason"": ""stop""}]"
DORO_AGG_NOT_BEAR,A,AMZN,DAGG|AMZN|135,2023-10-09,2023-10-09,0,2023-10-09 16:30:00+00:00,3.0,ALL_BULL_CONTROL,997.6974844472021,20.50165725837376,123.85157955402407,126.44999694824219,126.44999694824219,2.5984173942181172,129.04841434246032,131.64683173667842,124.12999725341797,128.4499969482422,128.4499969482422,1,0,0.0,199.73903638632987,205.4843040728856,199.53949688944044,205.68999406695258,0.40522949095639305,True,False,False,False,False,136,18,131.25999450683594,2.1474616985981774,0.0,2023-10-11 19:30:00+00:00,131.64683173667842,target2,WIN,5.745267686555735,199.53949688944044,1,"[{""time"": ""2023-10-09 16:30:00+00:00"", ""price"": 126.44999694824219, ""fraction"": 0.2, ""shares"": 1.578011085054552, ""reason"": ""starter20""}]","[{""time"": ""2023-10-10 13:30:00+00:00"", ""price"": 129.04841434246032, ""shares"": 0.789005542527276, ""reason"": ""target1_partial""}, {""time"": ""2023-10-11 19:30:00+00:00"", ""price"": 131.64683173667842, ""shares"": 0.789005542527276, ""reason"": ""target2""}]"
DORO_AGG_NOT_BEAR,A,PLTR,DAGG|PLTR|160,2023-10-12,2023-10-12,0,2023-10-13 13:30:00+00:00,3.0,ALL_BULL_CONTROL,1001.415034712944,32.02127620581833,17.482512399012492,17.482512399012492,18.059999465942383,0.5774870669298906,18.637486532872273,19.214973599802164,17.550800323486328,18.440000534057617,18.440000534057617,1,0,0.0,200.4832899495314,193.68487294972374,200.28300694258883,193.87875170142516,0.394161758644014,False,False,False,False,False,161,1,18.059999465942383,0.0,0.0,2023-10-13 13:30:00+00:00,17.482512399012492,stop,LOSS,-6.798416999807671,200.28300694258883,1,"[{""time"": ""2023-10-13 13:30:00+00:00"", ""price"": 18.059999465942383, ""fraction"": 0.2, ""shares"": 11.089867821994309, ""reason"": ""starter20""}]","[{""time"": ""2023-10-13 13:30:00+00:00"", ""price"": 17.482512399012492, ""shares"": 11.089867821994309, ""reason"": ""stop""}]"
DORO_AGG_NOT_BEAR,A,CSCO,DAGG|CSCO|159,2023-10-12,2023-10-12,0,2023-10-12 19:30:00+00:00,3.0,ALL_BULL_CONTROL,1001.4439378822352,10.908379916062476,53.27826898154657,53.8650016784668,53.8650016784668,0.5867326969202296,54.451734375387026,55.038467072307256,53.345001220703125,54.220001220703125,54.220001220703125,1,0,0.0,400.978152728047,402.95766397302714,400.5775751528941,403.3610249980252,0.8039386001509192,True,True,False,False,False,160,15,53.790000915527344,1.2271301902640481,-0.7243554926948185,2023-10-17 13:30:00+00:00,53.790000915527344,gap_stop,BE_STOP,1.9795112449801309,400.5775751528941,2,"[{""time"": ""2023-10-12 19:30:00+00:00"", ""price"": 53.8650016784668, ""fraction"": 0.2, ""shares"": 3.718347374646328, ""reason"": ""starter20""}, {""time"": ""2023-10-13 14:30:00+00:00"", ""price"": 53.63030859969871, ""fraction"": 0.2, ""shares"": 3.7346193375730876, ""reason"": ""adverse20""}]","[{""time"": ""2023-10-16 13:30:00+00:00"", ""price"": 54.451734375387026, ""shares"": 3.726483356109708, ""reason"": ""target1_partial""}, {""time"": ""2023-10-17 13:30:00+00:00"", ""price"": 53.790000915527344, ""shares"": 3.726483356109708, ""reason"": ""gap_stop""}]"
DORO_AGG_NOT_BEAR,A,LLY,DAGG|LLY|163,2023-10-13,2023-10-13,0,2023-10-13 16:30:00+00:00,3.0,ALL_BULL_CONTROL,883.7541349867527,49.99816500561609,577.0979616109128,577.0979616109128,611.7050170898438,34.60705547893099,646.3120725687747,680.9191280477057,578.8300170898438,629.969970703125,629.969970703125,1,0,0.0,884.6378891217395,869.5238358329061,883.7541349867527,870.3942300629691,1.7541483650497218,False,True,True,False,False,164,26,583.1699829101562,0.29697073537795293,-0.8262775131415067,2023-10-19 13:30:00+00:00,583.1699829101562,time,TIME,-15.114053288833361,883.7541349867527,3,"[{""time"": ""2023-10-13 16:30:00+00:00"", ""price"": 611.7050170898438, ""fraction"": 0.2, ""shares"": 0.28894781317673973, ""reason"": ""starter20""}, {""time"": ""2023-10-19 13:30:00+00:00"", ""price"": 597.8621948982714, ""fraction"": 0.2, ""shares"": 0.2956380726288027, ""reason"": ""adverse20""}, {""time"": ""2023-10-19 13:30:00+00:00"", ""price"": 584.019372706699, ""fraction"": 0.6, ""shares"": 0.9079364585707849, ""reason"": ""support60""}]","[{""time"": ""2023-10-19 13:30:00+00:00"", ""price"": 583.1699829101562, ""shares"": 1.4925223443763271, ""reason"": ""time""}]"
DORO_AGG_NOT_BEAR,A,JPM,DAGG|JPM|168,2023-10-16,2023-10-16,0,2023-10-16 14:30:00+00:00,3.0,ALL_BULL_CONTROL,1001.0096174230853,27.283355117388965,144.67633908505582,144.67633908505582,148.7301025390625,4.053763454006685,152.78386599306918,156.83762944707587,145.02000427246094,153.11000061035156,153.11000061035156,1,0,0.0,1002.0106270405083,993.2581687037009,1001.0096174230853,994.2524211248257,1.995262038547911,False,True,True,False,False,169,26,145.4600067138672,0.14305102557429433,-0.9497588351990829,2023-10-19 18:30:00+00:00,145.4600067138672,time,TIME,-8.752458336807422,1001.0096174230853,3,"[{""time"": ""2023-10-16 14:30:00+00:00"", ""price"": 148.7301025390625, ""fraction"": 0.2, ""shares"": 1.34607534094879, ""reason"": ""starter20""}, {""time"": ""2023-10-16 15:30:00+00:00"", ""price"": 147.10859715745983, ""fraction"": 0.2, ""shares"": 1.3609124643499115, ""reason"": ""adverse20""}, {""time"": ""2023-10-18 19:30:00+00:00"", ""price"": 145.48709177585715, ""fraction"": 0.6, ""shares"": 4.128240953356651, ""reason"": ""support60""}]","[{""time"": ""2023-10-19 18:30:00+00:00"", ""price"": 145.4600067138672, ""shares"": 6.835228758655353, ""reason"": ""time""}]"
DORO_AGG_NOT_BEAR,A,CSCO,DAGG|CSCO|185,2023-10-18,2023-10-18,0,2023-10-18 17:30:00+00:00,3.0,ALL_BULL_CONTROL,999.4899148454581,17.839674988618007,53.10000439371595,53.10000439371595,54.064998626708984,0.9649942329930354,55.02999285970202,55.994987092695055,53.16999816894531,54.584999084472656,54.584999084472656,1,0,0.0,1000.4894047603036,990.6024591238078,999.4899148454581,991.5940531769847,1.9910839680224428,False,True,True,False,False,186,11,53.38999938964844,0.005182484976851119,-0.8963762001837519,2023-10-20 13:30:00+00:00,53.10000439371595,stop,LOSS,-9.886945636495852,999.4899148454581,3,"[{""time"": ""2023-10-18 17:30:00+00:00"", ""price"": 54.064998626708984, ""fraction"": 0.2, ""shares"": 3.6973640626403124, ""reason"": ""starter20""}, {""time"": ""2023-10-18 19:30:00+00:00"", ""price"": 53.67900093351177, ""fraction"": 0.2, ""shares"": 3.7239512564082657, ""reason"": ""adverse20""}, {""time"": ""2023-10-19 14:30:00+00:00"", ""price"": 53.293003240314555, ""fraction"": 0.6, ""shares"": 11.252770766231174, ""reason"": ""support60""}]","[{""time"": ""2023-10-20 13:30:00+00:00"", ""price"": 53.10000439371595, ""shares"": 18.674086085279754, ""reason"": ""stop""}]"
DORO_AGG_NOT_BEAR,A,MSFT,DAGG|MSFT|210,2023-10-24,2023-10-24,0,2023-10-24 14:30:00+00:00,3.0,ALL_BULL_CONTROL,993.7294652788422,21.216711682660765,323.81062310137344,330.875,330.875,7.064376898626563,337.93937689862656,345.0037537972531,324.3900146484375,336.6300048828125,336.6300048828125,1,0,0.0,397.8892778976484,411.5766089357787,397.4917861115369,411.98859753331203,0.809480383644849,True,True,False,False,False,211,7,345.0199890136719,2.169336719564141,-0.46359274759548724,2023-10-25 13:30:00+00:00,345.0037537972531,target2,WIN,13.68733103813031,397.4917861115369,2,"[{""time"": ""2023-10-24 14:30:00+00:00"", ""price"": 330.875, ""fraction"": 0.2, ""shares"": 0.6006676027374943, ""reason"": ""starter20""}, {""time"": ""2023-10-24 16:30:00+00:00"", ""price"": 328.0492492405494, ""fraction"": 0.2, ""shares"": 0.6058416335836014, ""reason"": ""adverse20""}]","[{""time"": ""2023-10-25 13:30:00+00:00"", ""price"": 337.93937689862656, ""shares"": 0.6032546181605478, ""reason"": ""target1_partial""}, {""time"": ""2023-10-25 13:30:00+00:00"", ""price"": 345.0037537972531, ""shares"": 0.6032546181605478, ""reason"": ""target2""}]"
DORO_AGG_NOT_BEAR,A,TMUS,DAGG|TMUS|244,2023-10-30,2023-10-30,0,2023-10-31 13:30:00+00:00,3.0,ALL_BULL_CONTROL,996.4669314864685,23.83175753117595,138.1548866715786,141.5399932861328,141.5399932861328,3.3851066145542177,144.92509990068703,148.31020651524125,138.4163055419922,143.38999938964844,143.38999938964844,1,0,0.0,199.492679683591,205.92686384239073,199.29338629729372,206.13299683922997,0.40542638313652374,True,False,False,False,False,245,26,147.8699951171875,1.9615333121562124,-0.0738529176378459,2023-11-03 17:30:00+00:00,147.8699951171875,time,TIME,6.434184158799724,199.29338629729372,1,"[{""time"": ""2023-10-31 13:30:00+00:00"", ""price"": 141.5399932861328, ""fraction"": 0.2, ""shares"": 1.4080358608920411, ""reason"": ""starter20""}]","[{""time"": ""2023-11-01 17:30:00+00:00"", ""price"": 144.92509990068703, ""shares"": 0.7040179304460206, ""reason"": ""target1_partial""}, {""time"": ""2023-11-03 17:30:00+00:00"", ""price"": 147.8699951171875, ""shares"": 0.7040179304460206, ""reason"": ""time""}]"
DORO_AGG_NOT_BEAR,A,GOOGL,DAGG|GOOGL|249,2023-10-31,2023-10-31,0,2023-10-31 18:30:00+00:00,3.0,ALL_BULL_CONTROL,997.077588986408,28.506798148203455,119.85251983733794,123.37999725341797,123.37999725341797,3.527477416080032,126.907474669498,130.43495208557803,120.20570373535156,127.77999877929688,127.77999877929688,1,0,0.0,199.6149333150789,207.10973376034184,199.4155177972816,207.317050811153,0.40673256860843465,True,False,False,False,False,250,26,129.6300048828125,1.8880336419321078,-0.01984412274480472,2023-11-06 16:30:00+00:00,129.6300048828125,time,TIME,7.494800445262939,199.4155177972816,1,"[{""time"": ""2023-10-31 18:30:00+00:00"", ""price"": 123.37999725341797, ""fraction"": 0.2, ""shares"": 1.6162710507092124, ""reason"": ""starter20""}]","[{""time"": ""2023-11-02 13:30:00+00:00"", ""price"": 126.907474669498, ""shares"": 0.8081355253546062, ""reason"": ""target1_partial""}, {""time"": ""2023-11-06 16:30:00+00:00"", ""price"": 129.6300048828125, ""shares"": 0.8081355253546062, ""reason"": ""time""}]"
DORO_AGG_NOT_BEAR,A,META,DAGG|META|264,2023-11-02,2023-11-02,0,2023-11-02 19:30:00+00:00,3.0,ALL_BULL_CONTROL,998.6757799041134,45.46658235633465,296.0536914612222,296.0536914612222,310.17498779296875,14.121296331746578,324.2962841247153,338.4175804564619,296.8599853515625,318.82000732421875,318.82000732421875,1,0,0.0,199.93489113680351,205.17395054271591,199.7351559808227,205.3793298725885,0.4051144858534112,False,False,False,False,False,265,26,318.94000244140625,0.7665735462752923,-0.029386680768876967,2023-11-08 17:30:00+00:00,318.94000244140625,time,TIME,5.2390594059124,199.7351559808227,1,"[{""time"": ""2023-11-02 19:30:00+00:00"", ""price"": 310.17498779296875, ""fraction"": 0.2, ""shares"": 0.6439434636623218, ""reason"": ""starter20""}]","[{""time"": ""2023-11-08 17:30:00+00:00"", ""price"": 318.94000244140625, ""shares"": 0.6439434636623218, ""reason"": ""time""}]"
DORO_AGG_NOT_BEAR,A,TSLA,DAGG|TSLA|291,2023-11-08,2023-11-08,0,2023-11-08 19:30:00+00:00,3.0,ALL_BULL_CONTROL,1001.1982248808363,30.417897318242932,214.2467045828011,214.2467045828011,220.9597930908203,6.7130885080192115,227.67288159883952,234.38597010685874,215.0,226.32000732421875,226.32000732421875,1,0,0.0,200.43988462114342,193.96190944700615,200.23964497616726,194.15606551251867,0.39439571048868594,False,False,False,False,False,292,3,219.75,0.29646620256003625,-0.10126401740590489,2023-11-09 14:30:00+00:00,214.2467045828011,stop,LOSS,-6.477975174137271,200.23964497616726,1,"[{""time"": ""2023-11-08 19:30:00+00:00"", ""price"": 220.9597930908203, ""fraction"": 0.2, ""shares"": 0.9062266133362257, ""reason"": ""starter20""}]","[{""time"": ""2023-11-09 14:30:00+00:00"", ""price"": 214.2467045828011, ""shares"": 0.9062266133362257, ""reason"": ""stop""}]"
DORO_AGG_NOT_BEAR,A,ORCL,DAGG|ORCL|286,2023-11-07,2023-11-07,0,2023-11-08 14:30:00+00:00,3.0,ALL_BULL_CONTROL,1000.2385867723799,25.202048368314138,106.47784015879554,109.2300033569336,109.2300033569336,2.7521631981380494,111.98216655507164,114.73432975320969,106.62000274658203,110.30000305175781,110.30000305175781,1,0,0.0,200.24776507183046,207.05828645273183,200.047717354476,207.26555200473658,0.4073132693592126,True,False,False,False,False,287,26,114.36000061035156,1.8676215833152106,-0.014534354486829123,2023-11-13 18:30:00+00:00,114.36000061035156,time,TIME,6.810521380901378,200.047717354476,1,"[{""time"": ""2023-11-08 14:30:00+00:00"", ""price"": 109.2300033569336, ""fraction"": 0.2, ""shares"": 1.8314356056620735, ""reason"": ""starter20""}]","[{""time"": ""2023-11-08 19:30:00+00:00"", ""price"": 111.98216655507164, ""shares"": 0.9157178028310368, ""reason"": ""target1_partial""}, {""time"": ""2023-11-13 18:30:00+00:00"", ""price"": 114.36000061035156, ""shares"": 0.9157178028310368, ""reason"": ""time""}]"
DORO_AGG_NOT_BEAR,A,WMT,DAGG|WMT|303,2023-11-10,2023-11-10,0,2023-11-10 17:30:00+00:00,3.0,ALL_BULL_CONTROL,999.9686130707134,13.353621790842142,54.364194602835134,55.10000228881836,55.10000228881836,0.7358076859832252,55.835809974801585,56.57161766078481,54.41499710083008,55.5333366394043,55.5333366394043,1,0,0.0,200.19371633675686,203.79580934224396,199.9937226141427,203.99980915139537,0.4039935317655381,True,False,False,False,False,304,25,56.46333312988281,2.101996515004671,-0.004536321339130413,2023-11-15 20:30:00+00:00,56.57161766078481,target2,WIN,3.6020930054870917,199.9937226141427,1,"[{""time"": ""2023-11-10 17:30:00+00:00"", ""price"": 55.10000228881836, ""fraction"": 0.2, ""shares"": 3.6296499874143953, ""reason"": ""starter20""}]","[{""time"": ""2023-11-13 16:30:00+00:00"", ""price"": 55.835809974801585, ""shares"": 1.8148249937071976, ""reason"": ""target1_partial""}, {""time"": ""2023-11-15 20:30:00+00:00"", ""price"": 56.57161766078481, ""shares"": 1.8148249937071976, ""reason"": ""target2""}]"
DORO_AGG_NOT_BEAR,A,CSCO,DAGG|CSCO|307,2023-11-10,2023-11-10,0,2023-11-13 14:30:00+00:00,3.0,ALL_BULL_CONTROL,1000.373074964355,15.093657097165611,51.68817983279628,52.47999954223633,52.47999954223633,0.7918197094400483,53.271819251676376,54.063638961116425,51.75,53.5,53.5,1,0,0.0,400.5493792157278,382.09811430752643,400.14922998574207,382.48059490242883,0.782629824888171,True,True,False,False,False,308,21,46.75,1.1997690277389859,-0.4925355923815456,2023-11-16 14:30:00+00:00,46.75,gap_stop,BE_STOP,-18.45126490820138,400.14922998574207,2,"[{""time"": ""2023-11-13 14:30:00+00:00"", ""price"": 52.47999954223633, ""fraction"": 0.2, ""shares"": 3.8123974226000015, ""reason"": ""starter20""}, {""time"": ""2023-11-13 17:30:00+00:00"", ""price"": 52.16327165846031, ""fraction"": 0.2, ""shares"": 3.8355457514793576, ""reason"": ""adverse20""}]","[{""time"": ""2023-11-14 19:30:00+00:00"", ""price"": 53.271819251676376, ""shares"": 3.8239715870396793, ""reason"": ""target1_partial""}, {""time"": ""2023-11-16 14:30:00+00:00"", ""price"": 46.75, ""shares"": 3.8239715870396793, ""reason"": ""gap_stop""}]"
DORO_AGG_NOT_BEAR,A,XOM,DAGG|XOM|307,2023-11-10,2023-11-10,0,2023-11-13 14:30:00+00:00,3.0,ALL_BULL_CONTROL,1000.3330600413564,12.855121318375039,102.71287298394586,102.71287298394586,104.05000305175781,1.3371300678119553,105.38713311956977,106.72426318738172,102.8550033569336,104.9000015258789,104.9000015258789,1,0,0.0,400.5333572405591,395.61560305089705,400.13322401654256,396.0116146655626,0.7961448386821052,False,True,False,False,False,308,22,102.9000015258789,0.8226562999372997,-0.41133100286782354,2023-11-16 14:30:00+00:00,102.71287298394586,stop,LOSS,-4.917754189662048,400.13322401654256,2,"[{""time"": ""2023-11-13 14:30:00+00:00"", ""price"": 104.05000305175781, ""fraction"": 0.2, ""shares"": 1.9227929470482736, ""reason"": ""starter20""}, {""time"": ""2023-11-15 20:30:00+00:00"", ""price"": 103.51515102463303, ""fraction"": 0.2, ""shares"": 1.9327278183718473, ""reason"": ""adverse20""}]","[{""time"": ""2023-11-16 14:30:00+00:00"", ""price"": 102.71287298394586, ""shares"": 3.855520765420121, ""reason"": ""stop""}]"
DORO_AGG_NOT_BEAR,A,JNJ,DAGG|JNJ|313,2023-11-13,2023-11-13,0,2023-11-13 20:30:00+00:00,3.0,ALL_BULL_CONTROL,1001.0556380446023,14.01202008669874,145.4748399910024,147.5399932861328,147.5399932861328,2.065153295130415,149.60514658126323,151.67029987639364,145.63999938964844,150.9199981689453,150.9199981689453,1,0,0.0,200.41133873652942,202.5697928796548,200.2111276089205,202.77256544509993,0.40298369305402043,True,False,False,False,False,314,26,149.25,1.5713169495108301,-0.27600472409177373,2023-11-17 17:30:00+00:00,149.25,time,TIME,2.1584541431253967,200.2111276089205,1,"[{""time"": ""2023-11-13 20:30:00+00:00"", ""price"": 147.5399932861328, ""fraction"": 0.2, ""shares"": 1.356995639959394, ""reason"": ""starter20""}]","[{""time"": ""2023-11-16 14:30:00+00:00"", ""price"": 149.60514658126323, ""shares"": 0.678497819979697, ""reason"": ""target1_partial""}, {""time"": ""2023-11-17 17:30:00+00:00"", ""price"": 149.25, ""shares"": 0.678497819979697, ""reason"": ""time""}]"
DORO_AGG_NOT_BEAR,A,TMUS,DAGG|TMUS|336,2023-11-17,2023-11-17,0,2023-11-17 15:30:00+00:00,3.0,ALL_BULL_CONTROL,996.9185310470266,13.446033915086554,145.5895024592306,147.5800018310547,147.5800018310547,1.990499371824086,149.57050120287877,151.56100057470286,145.77000427246094,149.2899932861328,149.2899932861328,1,0,0.0,199.58308991561472,201.66129927065992,199.38370620940532,201.863162433093,0.40124686864249837,True,False,False,False,False,337,26,149.25999450683594,1.0148228635760952,-0.2059803021860033,2023-11-22 19:30:00+00:00,149.25999450683594,time,TIME,2.078209355045203,199.38370620940532,1,"[{""time"": ""2023-11-17 15:30:00+00:00"", ""price"": 147.5800018310547, ""fraction"": 0.2, ""shares"": 1.3510211663884786, ""reason"": ""starter20""}]","[{""time"": ""2023-11-22 14:30:00+00:00"", ""price"": 149.57050120287877, ""shares"": 0.6755105831942393, ""reason"": ""target1_partial""}, {""time"": ""2023-11-22 19:30:00+00:00"", ""price"": 149.25999450683594, ""shares"": 0.6755105831942393, ""reason"": ""time""}]"
DORO_AGG_NOT_BEAR,A,MU,DAGG|MU|369,2023-11-27,2023-11-27,0,2023-11-27 17:30:00+00:00,3.0,ALL_BULL_CONTROL,998.0522462696989,22.73050899491173,76.17469599239767,76.17469599239767,77.94999694824219,1.7753009558445143,79.7252979040867,81.50059885993122,76.30500030517578,78.8499984741211,78.8499984741211,1,0,0.0,199.81005970319376,192.06884834811513,199.6104492539398,192.2611094575727,0.3918715587115125,False,False,False,False,False,370,4,75.08000183105469,0.19146319052960606,-0.2900913154769588,2023-11-28 14:30:00+00:00,75.08000183105469,gap_stop,LOSS,-7.741211355078633,199.6104492539398,1,"[{""time"": ""2023-11-27 17:30:00+00:00"", ""price"": 77.94999694824219, ""fraction"": 0.2, ""shares"": 2.5607499303236487, ""reason"": ""starter20""}]","[{""time"": ""2023-11-28 14:30:00+00:00"", ""price"": 75.08000183105469, ""shares"": 2.5607499303236487, ""reason"": ""gap_stop""}]"
DORO_AGG_NOT_BEAR,A,TSLA,DAGG|TSLA|348,2023-11-20,2023-11-20,0,2023-11-20 20:30:00+00:00,3.0,ALL_BULL_CONTROL,997.141370099113,45.51076021598897,225.80129042711326,225.80129042711326,236.60000610351562,10.798715676402367,247.398721779918,258.19743745632036,226.5399932861328,244.25999450683594,244.25999450683594,1,0,0.0,399.2554045876849,400.7857240867582,398.85654803964525,401.18691099775594,0.8000434590374013,False,True,False,False,False,349,26,235.7899932861328,0.6861916384661197,-0.4815398759312139,2023-11-28 14:30:00+00:00,235.7899932861328,time,TIME,1.5303194990733004,398.85654803964525,2,"[{""time"": ""2023-11-20 20:30:00+00:00"", ""price"": 236.60000610351562, ""fraction"": 0.2, ""shares"": 0.8428920916112324, ""reason"": ""starter20""}, {""time"": ""2023-11-22 15:30:00+00:00"", ""price"": 232.28051983295467, ""fraction"": 0.2, ""shares"": 0.8585665046868423, ""reason"": ""adverse20""}]","[{""time"": ""2023-11-28 14:30:00+00:00"", ""price"": 235.7899932861328, ""shares"": 1.7014585962980746, ""reason"": ""time""}]"
DORO_AGG_NOT_BEAR,A,NFLX,DAGG|NFLX|372,2023-11-27,2023-11-27,0,2023-11-27 20:30:00+00:00,3.0,ALL_BULL_CONTROL,997.7472276277082,11.610666909766119,47.410792149262264,47.410792149262264,47.96900177001953,0.5582096207572675,48.5272113907768,49.085421011534066,47.474998474121094,48.27000045776367,48.27000045776367,1,0,0.0,998.7449748553358,991.6263069240061,997.7472276277081,992.618925849856,1.9903661534775643,False,True,True,False,False,373,17,47.41899871826172,0.23261598402488448,-0.9870683661849728,2023-11-30 15:30:00+00:00,47.410792149262264,stop,LOSS,-7.118667931329696,997.7472276277081,3,"[{""time"": ""2023-11-27 20:30:00+00:00"", ""price"": 47.96900177001953, ""fraction"": 0.2, ""shares"": 4.159966606815225, ""reason"": ""starter20""}, {""time"": ""2023-11-28 14:30:00+00:00"", ""price"": 47.745717921716626, ""fraction"": 0.2, ""shares"": 4.1794207776437835, ""reason"": ""adverse20""}, {""time"": ""2023-11-29 14:30:00+00:00"", ""price"": 47.52243407341372, ""fraction"": 0.6, ""shares"": 12.597173277189874, ""reason"": ""support60""}]","[{""time"": ""2023-11-30 15:30:00+00:00"", ""price"": 47.410792149262264, ""shares"": 20.936560661648883, ""reason"": ""stop""}]"
DORO_AGG_NOT_BEAR,A,JPM,DAGG|JPM|378,2023-11-28,2023-11-28,0,2023-11-28 19:30:00+00:00,3.0,ALL_BULL_CONTROL,995.285178653499,6.677396750462941,152.58191237211364,153.6125030517578,153.6125030517578,1.0305906796441775,154.643093731402,155.67368441104617,152.7100067138672,154.43800354003906,154.43800354003906,1,0,0.0,199.2560927664305,200.85919450108287,199.0570357306998,201.06025475583868,0.4001172904865385,True,False,False,False,False,379,12,155.6300048828125,2.035244160012742,-0.15768248900885848,2023-11-30 16:30:00+00:00,155.67368441104617,target2,WIN,1.6031017346523697,199.0570357306998,1,"[{""time"": ""2023-11-28 19:30:00+00:00"", ""price"": 153.6125030517578, ""fraction"": 0.2, ""shares"": 1.2958387616640166, ""reason"": ""starter20""}]","[{""time"": ""2023-11-29 14:30:00+00:00"", ""price"": 154.643093731402, ""shares"": 0.6479193808320083, ""reason"": ""target1_partial""}, {""time"": ""2023-11-30 16:30:00+00:00"", ""price"": 155.67368441104617, ""shares"": 0.6479193808320083, ""reason"": ""target2""}]"
DORO_AGG_NOT_BEAR,A,ORCL,DAGG|ORCL|372,2023-11-27,2023-11-27,0,2023-11-27 20:30:00+00:00,3.0,ALL_BULL_CONTROL,997.707317738603,11.925347529399017,115.20630768022878,115.20630768022878,116.5999984741211,1.3936907938923184,117.99368926801341,119.38738006190573,115.33999633789062,117.29000091552734,117.29000091552734,1,0,0.0,998.7050250563416,991.4470345080457,997.707317738603,992.4394739820277,1.9901467917206306,False,True,True,False,False,373,20,115.38050079345703,0.7031712925337098,-0.9327717654879792,2023-11-30 18:30:00+00:00,115.20630768022878,stop,LOSS,-7.257990548295879,997.707317738603,3,"[{""time"": ""2023-11-27 20:30:00+00:00"", ""price"": 116.5999984741211, ""fraction"": 0.2, ""shares"": 1.7113333289794856, ""reason"": ""starter20""}, {""time"": ""2023-11-28 14:30:00+00:00"", ""price"": 116.04252215656416, ""fraction"": 0.2, ""shares"": 1.719554692878012, ""reason"": ""adverse20""}, {""time"": ""2023-11-30 15:30:00+00:00"", ""price"": 115.48504583900724, ""fraction"": 0.6, ""shares"": 5.18356629028557, ""reason"": ""support60""}]","[{""time"": ""2023-11-30 18:30:00+00:00"", ""price"": 115.20630768022878, ""shares"": 8.614454312143067, ""reason"": ""stop""}]"
DORO_AGG_NOT_BEAR,A,AMZN,DAGG|AMZN|400,2023-12-01,2023-12-01,0,2023-12-01 20:30:00+00:00,3.0,ALL_BULL_CONTROL,993.6219550081095,19.526810401055645,144.10622702476547,144.10622702476547,146.9949951171875,2.8887680924220263,149.88376320960953,152.77253130203155,144.33200073242188,148.5399932861328,148.5399932861328,1,0,0.0,198.92311539262354,194.62420989248935,198.7243910016219,194.81902892141076,0.39354341992303266,False,False,False,False,False,401,2,145.25,0.025966849754407807,-0.10904386621846923,2023-12-04 14:30:00+00:00,144.10622702476547,stop,LOSS,-4.298905500134197,198.7243910016219,1,"[{""time"": ""2023-12-01 20:30:00+00:00"", ""price"": 146.9949951171875, ""fraction"": 0.2, ""shares"": 1.3519126337818144, ""reason"": ""starter20""}]","[{""time"": ""2023-12-04 14:30:00+00:00"", ""price"": 144.10622702476547, ""shares"": 1.3519126337818144, ""reason"": ""stop""}]"
DORO_AGG_NOT_BEAR,A,ORCL,DAGG|ORCL|398,2023-12-01,2023-12-01,0,2023-12-01 18:30:00+00:00,3.0,ALL_BULL_CONTROL,993.4641072907797,13.829011190811071,115.02623458284495,115.02623458284495,116.6500015258789,1.6237669430339565,118.27376846891286,119.89753541194682,115.18000030517578,117.58000183105469,117.58000183105469,1,0,0.0,994.4575713980705,986.3640111996938,993.4641072907797,987.351362562256,1.9808154698530358,False,True,True,False,False,399,5,115.25499725341797,0.43109446909558685,-0.9299377245659886,2023-12-04 15:30:00+00:00,115.02623458284495,stop,LOSS,-8.093560198376736,993.4641072907797,3,"[{""time"": ""2023-12-01 18:30:00+00:00"", ""price"": 116.6500015258789, ""fraction"": 0.2, ""shares"": 1.703324636597418, ""reason"": ""starter20""}, {""time"": ""2023-12-04 14:30:00+00:00"", ""price"": 116.00049474866532, ""fraction"": 0.2, ""shares"": 1.712861845017623, ""reason"": ""adverse20""}, {""time"": ""2023-12-04 14:30:00+00:00"", ""price"": 115.35098797145174, ""fraction"": 0.6, ""shares"": 5.1675193672549335, ""reason"": ""support60""}]","[{""time"": ""2023-12-04 15:30:00+00:00"", ""price"": 115.02623458284495, ""shares"": 8.583705848869975, ""reason"": ""stop""}]"
DORO_AGG_NOT_BEAR,A,AVGO,DAGG|AVGO|433,2023-12-08,2023-12-08,0,2023-12-08 18:30:00+00:00,3.0,ALL_BULL_CONTROL,992.2166808992303,24.386409145133868,90.1036595893893,92.3740005493164,92.3740005493164,2.270340959927111,94.64434150924352,96.91468246917063,90.30999755859375,93.87000274658203,93.87000274658203,1,0,0.0,198.6417795160259,205.55349966446283,198.44333617984606,205.7592589233862,0.40420259510323225,True,False,False,False,False,434,4,96.14099884033203,3.4470577490603143,-0.06783092554442807,2023-12-11 14:30:00+00:00,96.91468246917063,target2,WIN,6.9117201484369275,198.44333617984606,1,"[{""time"": ""2023-12-08 18:30:00+00:00"", ""price"": 92.3740005493164, ""fraction"": 0.2, ""shares"": 2.1482596293304588, ""reason"": ""starter20""}]","[{""time"": ""2023-12-08 20:30:00+00:00"", ""price"": 94.64434150924352, ""shares"": 1.0741298146652294, ""reason"": ""target1_partial""}, {""time"": ""2023-12-11 14:30:00+00:00"", ""price"": 96.91468246917063, ""shares"": 1.0741298146652294, ""reason"": ""target2""}]"
DORO_AGG_NOT_BEAR,A,MU,DAGG|MU|427,2023-12-07,2023-12-07,0,2023-12-07 19:30:00+00:00,3.0,ALL_BULL_CONTROL,990.9856141510775,15.590152550548579,72.78661806859688,73.94999694824219,73.94999694824219,1.1633788796453075,75.1133758278875,76.2767547075328,72.93000030517578,75.4000015258789,75.4000015258789,1,0,0.0,396.7906399060914,406.62603250182906,396.394245660431,407.0330655673964,0.8034273112278274,True,True,False,False,False,428,10,77.41999816894531,3.653152102344978,-0.44697101878361717,2023-12-11 14:30:00+00:00,76.2767547075328,target2,WIN,9.83539259573763,396.394245660431,2,"[{""time"": ""2023-12-07 19:30:00+00:00"", ""price"": 73.94999694824219, ""fraction"": 0.2, ""shares"": 2.680150520748963, ""reason"": ""starter20""}, {""time"": ""2023-12-08 14:30:00+00:00"", ""price"": 73.48464539638407, ""fraction"": 0.2, ""shares"": 2.6971229399164813, ""reason"": ""adverse20""}]","[{""time"": ""2023-12-08 18:30:00+00:00"", ""price"": 75.1133758278875, ""shares"": 2.688636730332722, ""reason"": ""target1_partial""}, {""time"": ""2023-12-11 14:30:00+00:00"", ""price"": 76.2767547075328, ""shares"": 2.688636730332722, ""reason"": ""target2""}]"
DORO_AGG_NOT_BEAR,A,ISRG,DAGG|ISRG|434,2023-12-08,2023-12-08,0,2023-12-08 19:30:00+00:00,3.0,ALL_BULL_CONTROL,992.6741653771937,12.767379225837646,307.2073326589092,311.2099914550781,311.2099914550781,4.00265879616893,315.21265025124706,319.215309047416,307.7200012207031,313.6000061035156,313.6000061035156,1,0,0.0,198.7333679085142,202.16268179634687,198.53483307543877,202.36504684319004,0.40089987991862885,True,False,False,False,False,435,3,310.0,2.1460725920761416,-0.3522667641466051,2023-12-11 14:30:00+00:00,319.215309047416,target2,WIN,3.429313887832677,198.53483307543877,1,"[{""time"": ""2023-12-08 19:30:00+00:00"", ""price"": 311.2099914550781, ""fraction"": 0.2, ""shares"": 0.637944919914618, ""reason"": ""starter20""}]","[{""time"": ""2023-12-11 14:30:00+00:00"", ""price"": 315.21265025124706, ""shares"": 0.318972459957309, ""reason"": ""target1_partial""}, {""time"": ""2023-12-11 14:30:00+00:00"", ""price"": 319.215309047416, ""shares"": 0.318972459957309, ""reason"": ""target2""}]"
DORO_AGG_NOT_BEAR,A,PLTR,DAGG|PLTR|433,2023-12-08,2023-12-08,0,2023-12-08 18:30:00+00:00,3.0,ALL_BULL_CONTROL,992.1769922319942,38.20522868134473,16.984784175048766,17.665000915527344,17.665000915527344,0.6802167404785777,18.34521765600592,19.0254343964845,17.049999237060547,18.40999984741211,18.40999984741211,1,0,0.0,397.2676676896905,411.67897764043147,396.87079689279767,412.0910687091406,0.8089618656019383,True,True,False,False,False,434,26,18.05500030517578,1.3451580264474943,-0.6542056019670486,2023-12-14 15:30:00+00:00,18.05500030517578,time,TIME,14.411309950740986,396.87079689279767,2,"[{""time"": ""2023-12-08 18:30:00+00:00"", ""price"": 17.665000915527344, ""fraction"": 0.2, ""shares"": 11.233251523467302, ""reason"": ""starter20""}, {""time"": ""2023-12-12 16:30:00+00:00"", ""price"": 17.392914219335914, ""fraction"": 0.2, ""shares"": 11.40897930870008, ""reason"": ""adverse20""}]","[{""time"": ""2023-12-14 14:30:00+00:00"", ""price"": 18.34521765600592, ""shares"": 11.32111541608369, ""reason"": ""target1_partial""}, {""time"": ""2023-12-14 15:30:00+00:00"", ""price"": 18.05500030517578, ""shares"": 11.32111541608369, ""reason"": ""time""}]"
DORO_AGG_NOT_BEAR,A,AMD,DAGG|AMD|483,2023-12-19,2023-12-19,0,2023-12-19 19:30:00+00:00,3.0,ALL_BULL_CONTROL,997.3905833915487,25.64887263445533,136.77134884190437,136.77134884190437,140.3813934326172,3.6100445907128176,143.99143802333,147.60148261404282,137.15499877929688,143.47000122070312,143.47000122070312,1,0,0.0,399.35518958997613,390.325888337065,398.9562333566195,390.716604942007,0.7896728382986264,False,True,False,False,False,484,8,138.50999450683594,0.04947421603490399,-0.6928968567977656,2023-12-20 19:30:00+00:00,136.77134884190437,stop,LOSS,-9.029301252911125,398.9562333566195,2,"[{""time"": ""2023-12-19 19:30:00+00:00"", ""price"": 140.3813934326172, ""fraction"": 0.2, ""shares"": 1.4209726218030376, ""reason"": ""starter20""}, {""time"": ""2023-12-20 14:30:00+00:00"", ""price"": 138.93737559633206, ""fraction"": 0.2, ""shares"": 1.4357412166606087, ""reason"": ""adverse20""}]","[{""time"": ""2023-12-20 19:30:00+00:00"", ""price"": 136.77134884190437, ""shares"": 2.856713838463646, ""reason"": ""stop""}]"
DORO_AGG_NOT_BEAR,A,JNJ,DAGG|JNJ|479,2023-12-19,2023-12-19,0,2023-12-19 15:30:00+00:00,3.0,ALL_BULL_CONTROL,997.8365698792752,14.499528931357592,153.56564142562652,153.56564142562652,155.8300018310547,2.264360405428164,158.09436223648285,160.35872264191102,153.75999450683594,157.16000366210938,157.16000366210938,1,0,0.0,998.8344064491545,990.4347143194872,997.8365698792752,991.4261404599471,1.9892627103392224,False,True,True,False,False,480,13,153.8800048828125,0.3665502316084457,-0.8700033863781597,2023-12-20 20:30:00+00:00,153.56564142562652,stop,LOSS,-8.3996921296673,997.8365698792752,3,"[{""time"": ""2023-12-19 15:30:00+00:00"", ""price"": 155.8300018310547, ""fraction"": 0.2, ""shares"": 1.2806732441177713, ""reason"": ""starter20""}, {""time"": ""2023-12-20 18:30:00+00:00"", ""price"": 154.92425766888343, ""fraction"": 0.2, ""shares"": 1.2881605306922712, ""reason"": ""adverse20""}, {""time"": ""2023-12-20 19:30:00+00:00"", ""price"": 154.01851350671217, ""fraction"": 0.6, ""shares"": 3.8872076369018687, ""reason"": ""support60""}]","[{""time"": ""2023-12-20 20:30:00+00:00"", ""price"": 153.56564142562652, ""shares"": 6.456041411711912, ""reason"": ""stop""}]"
DORO_AGG_NOT_BEAR,A,PLTR,DAGG|PLTR|472,2023-12-18,2023-12-18,0,2023-12-18 15:30:00+00:00,3.0,ALL_BULL_CONTROL,775.9130417795946,49.89515807338135,17.14193046353373,17.14193046353373,18.31999969482422,1.1780692312904897,19.49806892611471,20.676138157405198,17.219999313354492,19.149999618530273,19.149999618530273,1,0,0.0,776.6889548213742,771.5199366720225,775.9130417795946,772.2922289009234,1.5482052706805178,False,True,True,False,False,473,26,17.56999969482422,0.025465979289387118,-0.9591958865853488,2023-12-21 19:30:00+00:00,17.56999969482422,time,TIME,-5.1690181493517,775.9130417795946,3,"[{""time"": ""2023-12-18 15:30:00+00:00"", ""price"": 18.31999969482422, ""fraction"": 0.2, ""shares"": 8.470666536078667, ""reason"": ""starter20""}, {""time"": ""2023-12-18 16:30:00+00:00"", ""price"": 17.848772002308024, ""fraction"": 0.2, ""shares"": 8.694301677216352, ""reason"": ""adverse20""}, {""time"": ""2023-12-20 19:30:00+00:00"", ""price"": 17.377544309791826, ""fraction"": 0.6, ""shares"": 26.79019640337972, ""reason"": ""support60""}]","[{""time"": ""2023-12-21 19:30:00+00:00"", ""price"": 17.56999969482422, ""shares"": 43.955164616674736, ""reason"": ""time""}]"
DORO_AGG_NOT_BEAR,A,AMD,DAGG|AMD|498,2023-12-21,2023-12-21,0,2023-12-21 20:30:00+00:00,3.0,ALL_BULL_CONTROL,993.383559161241,34.35871540555894,135.03223299430107,139.8699951171875,139.8699951171875,4.837762122886431,144.70775724007393,149.54551936296036,135.3699951171875,143.47000122070312,143.47000122070312,1,0,0.0,198.87538854408044,208.77534212746195,198.6767118322482,208.98432645391588,0.40766103828616407,True,False,False,False,False,499,24,149.19000244140625,2.077407445110492,-0.3224626426367123,2023-12-28 15:30:00+00:00,149.54551936296036,target2,WIN,9.899953583381517,198.6767118322482,1,"[{""time"": ""2023-12-21 20:30:00+00:00"", ""price"": 139.8699951171875, ""fraction"": 0.2, ""shares"": 1.4204383982839963, ""reason"": ""starter20""}]","[{""time"": ""2023-12-27 14:30:00+00:00"", ""price"": 144.70775724007393, ""shares"": 0.7102191991419982, ""reason"": ""target1_partial""}, {""time"": ""2023-12-28 15:30:00+00:00"", ""price"": 149.54551936296036, ""shares"": 0.7102191991419982, ""reason"": ""target2""}]"
DORO_AGG_NOT_BEAR,A,XOM,DAGG|XOM|503,2023-12-22,2023-12-22,0,2023-12-22 18:30:00+00:00,3.0,ALL_BULL_CONTROL,993.3054735426612,18.790753411459182,100.6590736300575,100.6590736300575,102.5999984741211,1.9409248440635878,104.54092331818468,106.48184816224827,100.80500030517578,103.94000244140625,103.94000244140625,1,0,0.0,994.2987790162039,984.000713872388,993.3054735426612,984.98569957196,1.9782911731146213,False,True,True,False,False,504,21,101.01499938964844,0.22154402654536465,-0.9376971500935627,2023-12-28 17:30:00+00:00,100.6590736300575,stop,LOSS,-10.298065143815847,993.3054735426612,3,"[{""time"": ""2023-12-22 18:30:00+00:00"", ""price"": 102.5999984741211, ""fraction"": 0.2, ""shares"": 1.9362680084117228, ""reason"": ""starter20""}, {""time"": ""2023-12-22 20:30:00+00:00"", ""price"": 101.82362853649566, ""fraction"": 0.2, ""shares"": 1.9510313820463396, ""reason"": ""adverse20""}, {""time"": ""2023-12-28 15:30:00+00:00"", ""price"": 101.04725859887023, ""fraction"": 0.6, ""shares"": 5.898064849947945, ""reason"": ""support60""}]","[{""time"": ""2023-12-28 17:30:00+00:00"", ""price"": 100.6590736300575, ""shares"": 9.785364240406007, ""reason"": ""stop""}]"
DORO_AGG_NOT_BEAR,A,AMZN,DAGG|AMZN|517,2023-12-27,2023-12-27,0,2023-12-27 18:30:00+00:00,3.0,ALL_BULL_CONTROL,994.537704022508,7.741506051748411,152.54328949325037,152.54328949325037,153.74000549316406,1.1967159999136925,154.93672149307775,156.13343749299145,152.7100067138672,154.77999877929688,154.77999877929688,1,0,0.0,995.5322417265306,990.1315959062205,994.537704022508,991.1227186248453,1.9856604226473533,False,True,True,False,False,518,12,153.7899932861328,0.28410778991435365,-0.9108356508631116,2023-12-29 15:30:00+00:00,152.54328949325037,stop,LOSS,-5.40064582031016,994.537704022508,3,"[{""time"": ""2023-12-27 18:30:00+00:00"", ""price"": 153.74000549316406, ""fraction"": 0.2, ""shares"": 1.2937916852965503, ""reason"": ""starter20""}, {""time"": ""2023-12-27 18:30:00+00:00"", ""price"": 153.26131909319858, ""fraction"": 0.2, ""shares"": 1.297832629794511, ""reason"": ""adverse20""}, {""time"": ""2023-12-29 14:30:00+00:00"", ""price"": 152.7826326932331, ""fraction"": 0.6, ""shares"": 3.905696687473918, ""reason"": ""support60""}]","[{""time"": ""2023-12-29 15:30:00+00:00"", ""price"": 152.54328949325037, ""shares"": 6.497321002564979, ""reason"": ""stop""}]"
DORO_AGG_NOT_BEAR,A,PLTR,DAGG|PLTR|517,2023-12-27,2023-12-27,0,2023-12-27 18:30:00+00:00,3.0,ALL_BULL_CONTROL,994.4979225143469,18.819801931399944,17.283617820522036,17.283617820522036,17.617000579833984,0.3333827593119487,17.950383339145933,18.283766098457882,17.325000762939453,17.90999984741211,17.90999984741211,1,0,0.0,398.19696817474454,391.3678474573467,397.7991690057388,391.7596070644111,0.7895587760701499,False,True,False,False,False,518,12,17.36079978942871,0.668899535219348,-0.7708856031212613,2023-12-29 15:30:00+00:00,17.283617820522036,stop,LOSS,-6.829120717397814,397.7991690057388,2,"[{""time"": ""2023-12-27 18:30:00+00:00"", ""price"": 17.617000579833984, ""fraction"": 0.2, ""shares"": 11.290207070240315, ""reason"": ""starter20""}, {""time"": ""2023-12-27 18:30:00+00:00"", ""price"": 17.483647476109205, ""fraction"": 0.2, ""shares"": 11.376320917855313, ""reason"": ""adverse20""}]","[{""time"": ""2023-12-29 15:30:00+00:00"", ""price"": 17.283617820522036, ""shares"": 22.66652798809563, ""reason"": ""stop""}]"
DORO_AGG_NOT_BEAR,A,ISRG,DAGG|ISRG|533,2023-12-29,2023-12-29,0,2023-12-29 20:30:00+00:00,3.0,ALL_BULL_CONTROL,991.0966760917772,11.013431594026912,334.69889926989936,334.69889926989936,338.4599914550781,3.761092185178768,342.2210836402569,345.98217582543566,335.06500244140625,340.4898986816406,340.4898986816406,1,0,0.0,396.8351091071477,390.5231920629673,396.43867043671094,390.91410616913646,0.7873527766058475,False,True,False,False,False,534,1,333.0,0.0,-0.41211108812401465,2024-01-02 14:30:00+00:00,333.0,gap_stop,LOSS,-6.311917044180348,396.43867043671094,2,"[{""time"": ""2023-12-29 20:30:00+00:00"", ""price"": 338.4599914550781, ""fraction"": 0.2, ""shares"": 0.5856507127066568, ""reason"": ""starter20""}, {""time"": ""2023-12-29 20:30:00+00:00"", ""price"": 336.9555545810066, ""fraction"": 0.2, ""shares"": 0.5882655220354946, ""reason"": ""adverse20""}]","[{""time"": ""2024-01-02 14:30:00+00:00"", ""price"": 333.0, ""shares"": 1.1739162347421515, ""reason"": ""gap_stop""}]"
DORO_AGG_NOT_BEAR,A,MSFT,DAGG|MSFT|523,2023-12-28,2023-12-28,0,2023-12-28 17:30:00+00:00,3.0,ALL_BULL_CONTROL,994.9788789225768,7.658209267766588,372.4907589970699,372.4907589970699,375.3800048828125,2.8892458857425822,378.2692507685551,381.15849665429766,372.8116149902344,376.94000244140625,376.94000244140625,1,0,0.0,398.38954312059974,395.1425484606827,397.9915515690307,395.5380865472299,0.7935296381162606,False,True,False,False,False,524,12,375.5,0.616077291337697,-0.6576089303649025,2024-01-02 14:30:00+00:00,372.4907589970699,stop,LOSS,-3.24699465991705,397.9915515690307,2,"[{""time"": ""2023-12-28 17:30:00+00:00"", ""price"": 375.3800048828125, ""fraction"": 0.2, ""shares"": 0.530118208737939, ""reason"": ""starter20""}, {""time"": ""2023-12-29 15:30:00+00:00"", ""price"": 374.22430652851546, ""fraction"": 0.2, ""shares"": 0.5317553464939139, ""reason"": ""adverse20""}]","[{""time"": ""2024-01-02 14:30:00+00:00"", ""price"": 372.4907589970699, ""shares"": 1.0618735552318528, ""reason"": ""stop""}]"
DORO_AGG_NOT_BEAR,A,WMT,DAGG|WMT|567,2024-01-08,2024-01-08,0,2024-01-08 19:30:00+00:00,3.0,ALL_BULL_CONTROL,988.9462012007933,14.591638790114752,51.817333507107925,52.59333419799805,52.59333419799805,0.7760006908901218,53.36933488888817,54.14533557977829,51.866668701171875,53.24283218383789,53.24283218383789,1,0,0.0,197.98702948039883,200.96520286999828,197.78924024015868,201.16636923923755,0.39895560947939623,True,False,False,False,False,568,26,53.61333084106445,1.7654609692593062,-0.021482232227988673,2024-01-12 16:30:00+00:00,53.61333084106445,time,TIME,2.9781733895994478,197.78924024015868,1,"[{""time"": ""2024-01-08 19:30:00+00:00"", ""price"": 52.59333419799805, ""fraction"": 0.2, ""shares"": 3.7607282986764408, ""reason"": ""starter20""}]","[{""time"": ""2024-01-10 14:30:00+00:00"", ""price"": 53.36933488888817, ""shares"": 1.8803641493382204, ""reason"": ""target1_partial""}, {""time"": ""2024-01-12 16:30:00+00:00"", ""price"": 53.61333084106445, ""shares"": 1.8803641493382204, ""reason"": ""time""}]"
DORO_AGG_NOT_BEAR,A,AMAT,DAGG|AMAT|571,2024-01-09,2024-01-09,0,2024-01-09 16:30:00+00:00,3.0,ALL_BULL_CONTROL,988.9530240999286,17.42691442980801,147.73007165728643,147.73007165728643,150.3800048828125,2.6499332255260697,153.02993810833857,155.67987133386464,148.0500030517578,152.7899932861328,152.7899932861328,1,0,0.0,989.9419771240285,1003.6819089637255,988.9530240999286,1004.6865955592848,1.9936396196592132,False,True,True,False,False,572,26,151.25999450683594,0.7773771575639592,-0.8075672885016191,2024-01-12 20:30:00+00:00,151.25999450683594,time,TIME,13.739931839696965,988.9530240999286,3,"[{""time"": ""2024-01-09 16:30:00+00:00"", ""price"": 150.3800048828125, ""fraction"": 0.2, ""shares"": 1.3152719670019906, ""reason"": ""starter20""}, {""time"": ""2024-01-10 14:30:00+00:00"", ""price"": 149.32003159260208, ""fraction"": 0.2, ""shares"": 1.324608645674738, ""reason"": ""adverse20""}, {""time"": ""2024-01-10 14:30:00+00:00"", ""price"": 148.26005830239166, ""fraction"": 0.6, ""shares"": 4.002236484014556, ""reason"": ""support60""}]","[{""time"": ""2024-01-12 20:30:00+00:00"", ""price"": 151.25999450683594, ""shares"": 6.642117096691285, ""reason"": ""time""}]"
DORO_AGG_NOT_BEAR,A,JPM,DAGG|JPM|595,2024-01-12,2024-01-12,0,2024-01-12 19:30:00+00:00,3.0,ALL_BULL_CONTROL,997.4639166539137,14.107638312787188,168.33993020315293,168.33993020315293,170.7550048828125,2.4150746796595683,173.17007956247207,175.58515424213164,168.64010620117188,176.30999755859375,176.30999755859375,1,0,0.0,399.38455222822705,386.24858458287514,398.9855666615655,386.6352198026778,0.7856207864642433,False,True,False,False,False,596,2,165.0,0.0,-0.7680967391822473,2024-01-16 14:30:00+00:00,165.0,gap_stop,LOSS,-13.135967645351911,398.9855666615655,2,"[{""time"": ""2024-01-12 19:30:00+00:00"", ""price"": 170.7550048828125, ""fraction"": 0.2, ""shares"": 1.1682983082556948, ""reason"": ""starter20""}, {""time"": ""2024-01-12 19:30:00+00:00"", ""price"": 169.78897501094866, ""fraction"": 0.2, ""shares"": 1.174945448124171, ""reason"": ""adverse20""}]","[{""time"": ""2024-01-16 14:30:00+00:00"", ""price"": 165.0, ""shares"": 2.3432437563798656, ""reason"": ""gap_stop""}]"
DORO_AGG_NOT_BEAR,A,QCOM,DAGG|QCOM|579,2024-01-10,2024-01-10,0,2024-01-10 17:30:00+00:00,3.0,ALL_BULL_CONTROL,990.2573812836922,23.236583569012538,135.83599719293875,139.10000610351562,139.10000610351562,3.2640089105768766,142.3640150140925,145.62802392466938,136.0800018310547,140.94760131835938,140.94760131835938,1,0,0.0,991.247638664976,1014.2592611560074,990.2573812836922,1015.274535691699,2.005531916975391,True,True,True,False,False,580,19,140.0,1.0906825490144145,-0.9405634017329202,2024-01-16 14:30:00+00:00,139.10000610351562,stop,BE_STOP,23.011622491031403,990.2573812836922,3,"[{""time"": ""2024-01-10 17:30:00+00:00"", ""price"": 139.10000610351562, ""fraction"": 0.2, ""shares"": 1.4238063807801147, ""reason"": ""starter20""}, {""time"": ""2024-01-11 14:30:00+00:00"", ""price"": 137.79440253928487, ""fraction"": 0.2, ""shares"": 1.4372969627723045, ""reason"": ""adverse20""}, {""time"": ""2024-01-11 15:30:00+00:00"", ""price"": 136.48879897505412, ""fraction"": 0.6, ""shares"": 4.35313691110146, ""reason"": ""support60""}]","[{""time"": ""2024-01-12 14:30:00+00:00"", ""price"": 142.3640150140925, ""shares"": 3.6071201273269398, ""reason"": ""target1_partial""}, {""time"": ""2024-01-16 14:30:00+00:00"", ""price"": 139.10000610351562, ""shares"": 3.6071201273269398, ""reason"": ""stop""}]"
DORO_AGG_NOT_BEAR,A,JNJ,DAGG|JNJ|575,2024-01-09,2024-01-09,0,2024-01-09 20:30:00+00:00,3.0,ALL_BULL_CONTROL,989.372877043703,13.767529308987541,159.2822426055884,159.2822426055884,161.52999877929688,2.247756173708467,163.77775495300534,166.0255111267138,159.47000122070312,163.27999877929688,163.27999877929688,1,0,0.0,198.07244998414936,197.41971811583832,197.8745754087406,197.61733545128962,0.3954919108600302,False,False,False,False,False,576,26,161.32000732421875,0.48492641267771114,-0.33366608388071306,2024-01-16 17:30:00+00:00,161.32000732421875,time,TIME,-0.6527318683110366,197.8745754087406,1,"[{""time"": ""2024-01-09 20:30:00+00:00"", ""price"": 161.52999877929688, ""fraction"": 0.2, ""shares"": 1.2250020237980834, ""reason"": ""starter20""}]","[{""time"": ""2024-01-16 17:30:00+00:00"", ""price"": 161.32000732421875, ""shares"": 1.2250020237980834, ""reason"": ""time""}]"
DORO_AGG_NOT_BEAR,A,PLTR,DAGG|PLTR|622,2024-01-19,2024-01-19,0,2024-01-19 18:30:00+00:00,3.0,ALL_BULL_CONTROL,994.3713575139811,21.520095599863293,16.001046111231858,16.354999542236328,16.354999542236328,0.3539534310044701,16.708952973240798,17.06290640424527,16.049999237060547,16.809999465942383,16.809999465942383,1,0,0.0,199.07314577429904,205.12496988257246,198.87427150279623,205.3303001827552,0.4042045716855514,True,False,False,False,False,623,4,17.625,5.63718308170193,-0.014123781064685958,2024-01-22 14:30:00+00:00,17.06290640424527,target2,WIN,6.051824108273422,198.87427150279623,1,"[{""time"": ""2024-01-19 18:30:00+00:00"", ""price"": 16.354999542236328, ""fraction"": 0.2, ""shares"": 12.159845739476115, ""reason"": ""starter20""}]","[{""time"": ""2024-01-19 19:30:00+00:00"", ""price"": 16.708952973240798, ""shares"": 6.079922869738057, ""reason"": ""target1_partial""}, {""time"": ""2024-01-22 14:30:00+00:00"", ""price"": 17.06290640424527, ""shares"": 6.079922869738057, ""reason"": ""target2""}]"
DORO_AGG_NOT_BEAR,A,JNJ,DAGG|JNJ|618,2024-01-18,2024-01-18,0,2024-01-19 14:30:00+00:00,3.0,ALL_BULL_CONTROL,994.0971000820139,9.85213365865419,159.55289510318894,161.14999389648438,161.14999389648438,1.5970987932954301,162.7470926897798,164.34419148307524,159.69000244140625,162.0010986328125,162.0010986328125,1,0,0.0,398.03647887283836,398.16399367897407,397.63884003280555,398.5625562352093,0.7962013962680148,True,True,False,False,False,619,14,159.66000366210938,1.5215138504714978,-0.5447346907027366,2024-01-23 14:30:00+00:00,159.66000366210938,gap_stop,BE_STOP,0.1275148061357072,397.63884003280555,2,"[{""time"": ""2024-01-19 14:30:00+00:00"", ""price"": 161.14999389648438, ""fraction"": 0.2, ""shares"": 1.233753816609609, ""reason"": ""starter20""}, {""time"": ""2024-01-19 14:30:00+00:00"", ""price"": 160.51115437916621, ""fraction"": 0.2, ""shares"": 1.2386641961763178, ""reason"": ""adverse20""}]","[{""time"": ""2024-01-22 14:30:00+00:00"", ""price"": 162.7470926897798, ""shares"": 1.2362090063929634, ""reason"": ""target1_partial""}, {""time"": ""2024-01-23 14:30:00+00:00"", ""price"": 159.66000366210938, ""shares"": 1.2362090063929634, ""reason"": ""gap_stop""}]"
DORO_AGG_NOT_BEAR,A,NFLX,DAGG|NFLX|616,2024-01-18,2024-01-18,0,2024-01-18 19:30:00+00:00,3.0,ALL_BULL_CONTROL,994.1344068421263,21.937202977378494,47.42488112990888,48.49500274658203,48.49500274658203,1.0701216166731484,49.56512436325518,50.63524597992833,47.52642059326172,49.42300033569336,49.42300033569336,1,0,0.0,995.1285412489684,1038.903365669019,994.1344068421263,1039.9433089779968,2.034077715820123,True,True,True,False,False,617,24,53.775001525878906,7.246837305770087,-0.8307502061549714,2024-01-24 14:30:00+00:00,50.63524597992833,target2,WIN,43.77482442005055,994.1344068421263,3,"[{""time"": ""2024-01-18 19:30:00+00:00"", ""price"": 48.49500274658203, ""fraction"": 0.2, ""shares"": 4.099945769823443, ""reason"": ""starter20""}, {""time"": ""2024-01-19 14:30:00+00:00"", ""price"": 48.06695409991277, ""fraction"": 0.2, ""shares"": 4.136456846321912, ""reason"": ""adverse20""}, {""time"": ""2024-01-19 14:30:00+00:00"", ""price"": 47.63890545324351, ""fraction"": 0.6, ""shares"": 12.520872140748653, ""reason"": ""support60""}]","[{""time"": ""2024-01-24 14:30:00+00:00"", ""price"": 49.56512436325518, ""shares"": 10.378637378447003, ""reason"": ""target1_partial""}, {""time"": ""2024-01-24 14:30:00+00:00"", ""price"": 50.63524597992833, ""shares"": 10.378637378447003, ""reason"": ""target2""}]"
DORO_AGG_NOT_BEAR,A,WMT,DAGG|WMT|628,2024-01-22,2024-01-22,0,2024-01-22 17:30:00+00:00,3.0,ALL_BULL_CONTROL,999.2235396542818,11.877167685869638,53.48988103198056,53.48988103198056,54.133331298828125,0.6434502668475659,54.77678156567569,55.42023183252326,53.5433349609375,54.52333450317383,54.52333450317383,1,0,0.0,400.08910527757445,395.4860314327236,399.68941586171275,395.88191334606967,0.7955713292077824,False,True,False,False,False,629,18,53.7833366394043,0.34449941950325835,-0.6579038372805432,2024-01-24 20:30:00+00:00,53.48988103198056,stop,LOSS,-4.603073844850826,399.68941586171275,2,"[{""time"": ""2024-01-22 17:30:00+00:00"", ""price"": 54.133331298828125, ""fraction"": 0.2, ""shares"": 3.6917127236760803, ""reason"": ""starter20""}, {""time"": ""2024-01-24 18:30:00+00:00"", ""price"": 53.8759511920891, ""fraction"": 0.2, ""shares"": 3.709349041807742, ""reason"": ""adverse20""}]","[{""time"": ""2024-01-24 20:30:00+00:00"", ""price"": 53.48988103198056, ""shares"": 7.401061765483822, ""reason"": ""stop""}]"
DORO_AGG_NOT_BEAR,A,XOM,DAGG|XOM|624,2024-01-19,2024-01-19,0,2024-01-19 20:30:00+00:00,3.0,ALL_BULL_CONTROL,996.3083820349835,12.80590466796457,95.71275125487307,96.95899963378906,96.95899963378906,1.2462483789159933,98.20524801270506,99.45149639162105,95.81999969482422,97.95999908447266,97.95999908447266,1,0,0.0,997.3046904170185,1021.874401731727,996.3083820349834,1022.8972990307576,2.019205681065741,True,True,True,False,False,625,22,99.09500122070312,2.1592821604554624,-0.954065827356879,2024-01-24 20:30:00+00:00,99.45149639162105,target2,WIN,24.569711314708456,996.3083820349834,3,"[{""time"": ""2024-01-19 20:30:00+00:00"", ""price"": 96.95899963378906, ""fraction"": 0.2, ""shares"": 2.0551127503336613, ""reason"": ""starter20""}, {""time"": ""2024-01-22 14:30:00+00:00"", ""price"": 96.46050028222267, ""fraction"": 0.2, ""shares"": 2.0657333916369907, ""reason"": ""adverse20""}, {""time"": ""2024-01-22 14:30:00+00:00"", ""price"": 95.96200093065627, ""fraction"": 0.6, ""shares"": 6.229393128775622, ""reason"": ""support60""}]","[{""time"": ""2024-01-23 14:30:00+00:00"", ""price"": 98.20524801270506, ""shares"": 5.175119635373138, ""reason"": ""target1_partial""}, {""time"": ""2024-01-24 20:30:00+00:00"", ""price"": 99.45149639162105, ""shares"": 5.175119635373138, ""reason"": ""target2""}]"
DORO_AGG_NOT_BEAR,A,META,DAGG|META|639,2024-01-23,2024-01-23,0,2024-01-24 14:30:00+00:00,3.0,ALL_BULL_CONTROL,1023.5179025949809,33.257788720258525,377.32749318012327,377.32749318012327,390.0,12.67250681987673,402.67250681987673,415.34501363975346,377.9700012207031,390.3525085449219,390.3525085449219,1,0,0.0,204.9082840995152,209.91546835595895,204.7035805189962,210.12559394990885,0.41482917446890505,False,False,False,False,False,640,26,400.3299865722656,0.8467157397381064,-0.34247338743455036,2024-01-29 18:30:00+00:00,400.3299865722656,time,TIME,5.007184256443736,204.7035805189962,1,"[{""time"": ""2024-01-24 14:30:00+00:00"", ""price"": 390.0, ""fraction"": 0.2, ""shares"": 0.5248809756897339, ""reason"": ""starter20""}]","[{""time"": ""2024-01-29 18:30:00+00:00"", ""price"": 400.3299865722656, ""shares"": 0.5248809756897339, ""reason"": ""time""}]"
DORO_AGG_NOT_BEAR,A,PLTR,DAGG|PLTR|673,2024-01-30,2024-01-30,0,2024-01-30 20:30:00+00:00,3.0,ALL_BULL_CONTROL,1009.6950827929121,31.077529405470994,16.29260242042669,16.29260242042669,16.809999465942383,0.5173970455156933,17.327396511458076,17.84479355697377,16.34000015258789,17.239999771118164,17.239999771118164,1,0,0.0,202.14095557514102,195.52778716681075,201.93901655858244,195.72351067748824,0.39766252723607065,False,False,False,False,False,674,2,16.40999984741211,0.038655917997632315,-0.19327590355692015,2024-01-31 14:30:00+00:00,16.29260242042669,stop,LOSS,-6.613168408330267,201.93901655858244,1,"[{""time"": ""2024-01-30 20:30:00+00:00"", ""price"": 16.809999465942383, ""fraction"": 0.2, ""shares"": 12.013029326248201, ""reason"": ""starter20""}]","[{""time"": ""2024-01-31 14:30:00+00:00"", ""price"": 16.29260242042669, ""shares"": 12.013029326248201, ""reason"": ""stop""}]"
DORO_AGG_NOT_BEAR,A,TSLA,DAGG|TSLA|665,2024-01-29,2024-01-29,0,2024-01-29 19:30:00+00:00,3.0,ALL_BULL_CONTROL,984.3717201956249,50.45600019271393,179.35035903314937,179.35035903314937,189.0399932861328,9.689634252983439,198.72962753911625,208.4192617920997,180.05999755859375,209.39999389648438,209.39999389648438,1,0,0.0,394.1424367663282,384.8983680124886,393.74868807825,385.2836516641528,0.7790323397424028,False,True,False,False,False,666,26,183.05999755859375,0.7553747880285844,-0.6935231801804056,2024-02-02 16:30:00+00:00,183.05999755859375,time,TIME,-9.2440687538396,393.74868807825,2,"[{""time"": ""2024-01-29 19:30:00+00:00"", ""price"": 189.0399932861328, ""fraction"": 0.2, ""shares"": 1.041442821790276, ""reason"": ""starter20""}, {""time"": ""2024-02-01 15:30:00+00:00"", ""price"": 185.16413958493945, ""fraction"": 0.2, ""shares"": 1.0632422913013013, ""reason"": ""adverse20""}]","[{""time"": ""2024-02-02 16:30:00+00:00"", ""price"": 183.05999755859375, ""shares"": 2.1046851130915774, ""reason"": ""time""}]"
DORO_AGG_NOT_BEAR,A,TMUS,DAGG|TMUS|688,2024-02-01,2024-02-01,0,2024-02-02 14:30:00+00:00,3.0,ALL_BULL_CONTROL,1006.8422320037353,17.85760262641734,160.04514217921903,160.04514217921903,162.93499755859375,2.8898553793747226,165.82485293796847,168.7147083173432,160.24000549316406,163.77499389648438,163.77499389648438,1,0,0.0,403.13962969429565,396.6101412961183,402.73689280149415,397.00714844456286,0.799744041246057,False,True,False,False,False,689,8,160.33999633789062,0.053635479617119126,-0.5709607159792833,2024-02-05 14:30:00+00:00,160.04514217921903,stop,LOSS,-6.529488398177364,402.73689280149415,2,"[{""time"": ""2024-02-02 14:30:00+00:00"", ""price"": 162.93499755859375, ""fraction"": 0.2, ""shares"": 1.2358820966522683, ""reason"": ""starter20""}, {""time"": ""2024-02-02 14:30:00+00:00"", ""price"": 161.77905540684387, ""fraction"": 0.2, ""shares"": 1.244712709530559, ""reason"": ""adverse20""}]","[{""time"": ""2024-02-05 14:30:00+00:00"", ""price"": 160.04514217921903, ""shares"": 2.480594806182827, ""reason"": ""stop""}]"
DORO_AGG_NOT_BEAR,A,NFLX,DAGG|NFLX|691,2024-02-02,2024-02-02,0,2024-02-02 17:30:00+00:00,3.0,ALL_BULL_CONTROL,1005.8556223689384,11.703068344843809,55.97210230839016,56.63100051879883,56.63100051879883,0.6588982104086654,57.28989872920749,57.94879693961616,56.082000732421875,57.26599884033203,57.26599884033203,1,0,0.0,402.74459119652295,404.2415771269471,402.3422489475754,404.6462233502974,0.8069884722978728,True,True,False,False,False,692,5,56.35499954223633,1.4326951101523437,-0.5023557152067326,2024-02-05 15:30:00+00:00,56.35499954223633,gap_stop,BE_STOP,1.4969859304241595,402.3422489475754,2,"[{""time"": ""2024-02-02 17:30:00+00:00"", ""price"": 56.63100051879883, ""fraction"": 0.2, ""shares"": 3.552314503202329, ""reason"": ""starter20""}, {""time"": ""2024-02-05 14:30:00+00:00"", ""price"": 56.367441234635365, ""fraction"": 0.2, ""shares"": 3.5689241886356324, ""reason"": ""adverse20""}]","[{""time"": ""2024-02-05 14:30:00+00:00"", ""price"": 57.28989872920749, ""shares"": 3.5606193459189805, ""reason"": ""target1_partial""}, {""time"": ""2024-02-05 15:30:00+00:00"", ""price"": 56.35499954223633, ""shares"": 3.5606193459189805, ""reason"": ""gap_stop""}]"
DORO_AGG_NOT_BEAR,A,V,DAGG|V|691,2024-02-02,2024-02-02,0,2024-02-02 17:30:00+00:00,3.0,ALL_BULL_CONTROL,1005.8153881440436,15.088046539092447,272.8201563850534,272.8201563850534,276.9750061035156,4.154849718462231,281.12985582197786,285.2847055404401,273.17999267578125,279.989990234375,279.989990234375,1,0,0.0,402.7284814128751,401.5286020835178,402.3261552576175,401.9305326161339,0.8042566878737514,False,True,False,False,False,692,26,275.8699951171875,0.646232172168072,-0.7088119965284182,2024-02-08 14:30:00+00:00,275.8699951171875,time,TIME,-1.1998793293573158,402.3261552576175,2,"[{""time"": ""2024-02-02 17:30:00+00:00"", ""price"": 276.9750061035156, ""fraction"": 0.2, ""shares"": 0.7262860301323607, ""reason"": ""starter20""}, {""time"": ""2024-02-05 16:30:00+00:00"", ""price"": 275.3130662161307, ""fraction"": 0.2, ""shares"": 0.7306702888953641, ""reason"": ""adverse20""}]","[{""time"": ""2024-02-08 14:30:00+00:00"", ""price"": 275.8699951171875, ""shares"": 1.4569563190277248, ""reason"": ""time""}]"
DORO_AGG_NOT_BEAR,A,AMZN,DAGG|AMZN|714,2024-02-07,2024-02-07,0,2024-02-07 19:30:00+00:00,3.0,ALL_BULL_CONTROL,1005.7484289198658,18.1451316378663,167.35519328935433,170.42999267578125,170.42999267578125,3.0747993864269176,173.50479206220817,176.57959144863509,167.64999389648438,172.35000610351562,172.35000610351562,1,0,0.0,402.70167093951426,403.8012960443134,402.2993715679463,404.2055015458593,0.8065048731138056,True,True,False,False,False,715,23,167.72999572753906,1.613115553412082,-0.5040939580679178,2024-02-13 14:30:00+00:00,167.72999572753906,gap_stop,BE_STOP,1.099625104799145,402.2993715679463,2,"[{""time"": ""2024-02-07 19:30:00+00:00"", ""price"": 170.42999267578125, ""fraction"": 0.2, ""shares"": 1.1802481630485764, ""reason"": ""starter20""}, {""time"": ""2024-02-08 14:30:00+00:00"", ""price"": 169.20007292121048, ""fraction"": 0.2, ""shares"": 1.18882741780874, ""reason"": ""adverse20""}]","[{""time"": ""2024-02-09 16:30:00+00:00"", ""price"": 173.50479206220817, ""shares"": 1.1845377904286583, ""reason"": ""target1_partial""}, {""time"": ""2024-02-13 14:30:00+00:00"", ""price"": 167.72999572753906, ""shares"": 1.1845377904286583, ""reason"": ""gap_stop""}]"
DORO_AGG_NOT_BEAR,A,NFLX,DAGG|NFLX|718,2024-02-08,2024-02-08,0,2024-02-08 16:30:00+00:00,3.0,ALL_BULL_CONTROL,1005.0514630856997,17.47365634236653,55.324126854884085,55.324126854884085,56.303001403808594,0.9788745489245088,57.2818759527331,58.26075050165761,55.4370002746582,56.779998779296875,56.779998779296875,1,0,0.0,402.42260581951416,394.270407921199,402.0205852342799,394.6650729941932,0.7966856582284731,False,True,False,False,False,719,19,55.07999801635742,0.5526758937652793,-0.6957005586720592,2024-02-13 14:30:00+00:00,55.07999801635742,gap_stop,LOSS,-8.152197898315137,402.0205852342799,2,"[{""time"": ""2024-02-08 16:30:00+00:00"", ""price"": 56.303001403808594, ""fraction"": 0.2, ""shares"": 3.570152347216479, ""reason"": ""starter20""}, {""time"": ""2024-02-08 17:30:00+00:00"", ""price"": 55.91145158423879, ""fraction"": 0.2, ""shares"": 3.595154246966536, ""reason"": ""adverse20""}]","[{""time"": ""2024-02-13 14:30:00+00:00"", ""price"": 55.07999801635742, ""shares"": 7.165306594183015, ""reason"": ""gap_stop""}]"
DORO_AGG_NOT_BEAR,A,ORCL,DAGG|ORCL|720,2024-02-08,2024-02-08,0,2024-02-08 18:30:00+00:00,3.0,ALL_BULL_CONTROL,1004.4803757345231,14.93135954222564,114.82736118875363,114.82736118875363,116.55999755859375,1.7326363698401224,118.29263392843387,120.025270298274,114.9800033569336,117.78720092773438,117.78720092773438,1,0,0.0,402.19394244410313,393.0234181316119,401.7921502938093,393.41683496657845,0.7952089852603879,False,True,False,False,False,721,17,113.79000091552734,0.450180310695457,-0.6810432504569119,2024-02-13 14:30:00+00:00,113.79000091552734,gap_stop,LOSS,-9.170524312491239,401.7921502938093,2,"[{""time"": ""2024-02-08 18:30:00+00:00"", ""price"": 116.55999755859375, ""fraction"": 0.2, ""shares"": 1.723542204484998, ""reason"": ""starter20""}, {""time"": ""2024-02-09 15:30:00+00:00"", ""price"": 115.8669430106577, ""fraction"": 0.2, ""shares"": 1.7338515190516917, ""reason"": ""adverse20""}]","[{""time"": ""2024-02-13 14:30:00+00:00"", ""price"": 113.79000091552734, ""shares"": 3.45739372353669, ""reason"": ""gap_stop""}]"
DORO_AGG_NOT_BEAR,A,WMT,DAGG|WMT|740,2024-02-13,2024-02-13,0,2024-02-13 17:30:00+00:00,3.0,ALL_BULL_CONTROL,1001.4574606412211,6.627388139589906,56.26186223582423,56.26186223582423,56.63666915893555,0.3748069231113149,57.01147608204686,57.38628300515818,56.30666732788086,57.02333450317383,57.02333450317383,1,0,0.0,200.4917836203725,198.76704848582597,200.29149212824424,198.96601450032628,0.3992575066285705,False,False,False,False,False,741,2,56.494998931884766,0.062247218602292084,-0.3868670742792224,2024-02-13 18:30:00+00:00,56.26186223582423,stop,LOSS,-1.7247351345465347,200.29149212824424,1,"[{""time"": ""2024-02-13 17:30:00+00:00"", ""price"": 56.63666915893555, ""fraction"": 0.2, ""shares"": 3.5364278143931833, ""reason"": ""starter20""}]","[{""time"": ""2024-02-13 18:30:00+00:00"", ""price"": 56.26186223582423, ""shares"": 3.5364278143931833, ""reason"": ""stop""}]"
DORO_AGG_NOT_BEAR,A,TMUS,DAGG|TMUS|752,2024-02-15,2024-02-15,0,2024-02-15 15:30:00+00:00,3.0,ALL_BULL_CONTROL,1001.1125136143119,10.862853134642599,159.82673253762715,159.82673253762715,161.5800018310547,1.753269293427536,163.33327112448222,165.08654041790976,159.97999572753906,162.91000366210938,162.91000366210938,1,0,0.0,400.84545045117045,396.566246787658,400.44500544572475,396.9632099976556,0.7974082154433804,False,True,False,False,False,753,7,161.22999572753906,0.2908820160985817,-0.4135166835086022,2024-02-16 14:30:00+00:00,159.82673253762715,stop,LOSS,-4.279203663512476,400.44500544572475,2,"[{""time"": ""2024-02-15 15:30:00+00:00"", ""price"": 161.5800018310547, ""fraction"": 0.2, ""shares"": 1.23915398226206, ""reason"": ""starter20""}, {""time"": ""2024-02-15 15:30:00+00:00"", ""price"": 160.87869411368368, ""fraction"": 0.2, ""shares"": 1.244555743232082, ""reason"": ""adverse20""}]","[{""time"": ""2024-02-16 14:30:00+00:00"", ""price"": 159.82673253762715, ""shares"": 2.4837097254941423, ""reason"": ""stop""}]"
DORO_AGG_NOT_BEAR,A,JNJ,DAGG|JNJ|761,2024-02-16,2024-02-16,0,2024-02-16 17:30:00+00:00,3.0,ALL_BULL_CONTROL,1000.2566728816096,14.836482420801127,154.661423720217,156.99000549316406,156.99000549316406,2.328581772947075,159.31858726611114,161.6471690390582,154.83999633789062,158.47500610351562,158.47500610351562,1,0,0.0,200.25138591089825,204.2977770232597,200.05133457632192,204.50227930256227,0.4045536138788842,True,False,False,False,False,762,26,160.8800048828125,2.1472297250149617,-0.2619622885648289,2024-02-23 14:30:00+00:00,161.6471690390582,target2,WIN,4.046391112361448,200.05133457632192,1,"[{""time"": ""2024-02-16 17:30:00+00:00"", ""price"": 156.99000549316406, ""fraction"": 0.2, ""shares"": 1.2742934427442447, ""reason"": ""starter20""}]","[{""time"": ""2024-02-22 16:30:00+00:00"", ""price"": 159.31858726611114, ""shares"": 0.6371467213721224, ""reason"": ""target1_partial""}, {""time"": ""2024-02-23 14:30:00+00:00"", ""price"": 161.6471690390582, ""shares"": 0.6371467213721224, ""reason"": ""target2""}]"
DORO_AGG_NOT_BEAR,A,AMD,DAGG|AMD|806,2024-02-27,2024-02-27,0,2024-02-27 20:30:00+00:00,3.0,ALL_BULL_CONTROL,1001.0659511040818,36.15995408742231,171.95592736782208,178.39999389648438,178.39999389648438,6.44406652866229,184.84406042514667,191.28812695380896,172.49000549316406,183.8000030517578,183.8000030517578,1,0,0.0,400.8268068220744,424.79137802455466,400.4263804416328,425.2165946191738,0.8256429750608066,True,True,False,False,False,807,14,190.7061004638672,2.1570078896493716,-0.7464227033038169,2024-02-29 19:30:00+00:00,191.28812695380896,target2,WIN,23.964571202480272,400.4263804416328,2,"[{""time"": ""2024-02-27 20:30:00+00:00"", ""price"": 178.39999389648438, ""fraction"": 0.2, ""shares"": 1.1222712840281206, ""reason"": ""starter20""}, {""time"": ""2024-02-28 14:30:00+00:00"", ""price"": 175.82236728501945, ""fraction"": 0.2, ""shares"": 1.1387242323740177, ""reason"": ""adverse20""}]","[{""time"": ""2024-02-29 14:30:00+00:00"", ""price"": 184.84406042514667, ""shares"": 1.1304977582010691, ""reason"": ""target1_partial""}, {""time"": ""2024-02-29 19:30:00+00:00"", ""price"": 191.28812695380896, ""shares"": 1.1304977582010691, ""reason"": ""target2""}]"
DORO_AGG_NOT_BEAR,A,META,DAGG|META|810,2024-02-28,2024-02-28,0,2024-02-28 17:30:00+00:00,3.0,ALL_BULL_CONTROL,1000.370062634173,15.957961229798986,479.0739865868602,486.840087890625,486.840087890625,7.766101303764799,494.6061891943898,502.3722904981546,479.9200134277344,491.04998779296875,491.04998779296875,1,0,0.0,400.5481730787229,410.6273422640523,400.14802505366924,411.038380644697,0.8111864056983662,True,True,False,False,False,811,15,499.260009765625,2.035758405339775,-0.5446880453403123,2024-03-01 17:30:00+00:00,502.3722904981546,target2,WIN,10.079169185329363,400.14802505366924,2,"[{""time"": ""2024-02-28 17:30:00+00:00"", ""price"": 486.840087890625, ""fraction"": 0.2, ""shares"": 0.4109645394932717, ""reason"": ""starter20""}, {""time"": ""2024-02-28 19:30:00+00:00"", ""price"": 483.73364736911907, ""fraction"": 0.2, ""shares"": 0.4136036713901889, ""reason"": ""adverse20""}]","[{""time"": ""2024-03-01 14:30:00+00:00"", ""price"": 494.6061891943898, ""shares"": 0.41228410544173033, ""reason"": ""target1_partial""}, {""time"": ""2024-03-01 17:30:00+00:00"", ""price"": 502.3722904981546, ""shares"": 0.41228410544173033, ""reason"": ""target2""}]"
DORO_AGG_NOT_BEAR,A,MA,DAGG|MA|820,2024-02-29,2024-02-29,0,2024-02-29 20:30:00+00:00,3.0,ALL_BULL_CONTROL,1006.434055537233,12.124389214410925,469.45308454099535,469.45308454099535,475.177490234375,5.724405693379651,480.90189592775465,486.6263016211343,469.95001220703125,479.1400146484375,479.1400146484375,1,0,0.0,402.97619583710815,398.2880860156288,402.57362221489325,398.6867727884172,0.8012603950033105,False,True,False,False,False,821,10,472.1199951171875,0.4057206791459614,-0.5393562339676765,2024-03-04 15:30:00+00:00,469.45308454099535,stop,LOSS,-4.688109821479372,402.57362221489325,2,"[{""time"": ""2024-02-29 20:30:00+00:00"", ""price"": 475.177490234375, ""fraction"": 0.2, ""shares"": 0.4236034223931032, ""reason"": ""starter20""}, {""time"": ""2024-03-04 14:30:00+00:00"", ""price"": 472.8877279570231, ""fraction"": 0.2, ""shares"": 0.42565454590468865, ""reason"": ""adverse20""}]","[{""time"": ""2024-03-04 15:30:00+00:00"", ""price"": 469.45308454099535, ""shares"": 0.8492579682977919, ""reason"": ""stop""}]"
DORO_AGG_NOT_BEAR,A,ORCL,DAGG|ORCL|820,2024-02-29,2024-02-29,0,2024-02-29 20:30:00+00:00,3.0,ALL_BULL_CONTROL,1006.3937981750116,15.939271289131424,109.63564760284146,111.4000015258789,111.4000015258789,1.7643539230374472,113.16435544891635,114.9287093719538,109.79000091552734,112.44229888916016,112.44229888916016,1,0,0.0,201.48003839463735,202.66981407715156,201.27875963500233,202.87268676391545,0.40415144639891776,True,False,False,False,False,821,16,112.81999969482422,1.8136933335536158,0.0,2024-03-05 14:30:00+00:00,111.4000015258789,stop,BE_STOP,1.1897756825142096,201.27875963500233,1,"[{""time"": ""2024-02-29 20:30:00+00:00"", ""price"": 111.4000015258789, ""fraction"": 0.2, ""shares"": 1.806811103034357, ""reason"": ""starter20""}]","[{""time"": ""2024-03-01 15:30:00+00:00"", ""price"": 113.16435544891635, ""shares"": 0.9034055515171785, ""reason"": ""target1_partial""}, {""time"": ""2024-03-05 14:30:00+00:00"", ""price"": 111.4000015258789, ""shares"": 0.9034055515171785, ""reason"": ""stop""}]"
DORO_AGG_NOT_BEAR,A,WMT,DAGG|WMT|831,2024-03-04,2024-03-04,0,2024-03-04 17:30:00+00:00,3.0,ALL_BULL_CONTROL,1007.6396355957421,17.823008840619213,58.12831895842878,59.17499923706055,59.17499923706055,1.0466802786317686,60.221679515692315,61.268359794324084,58.20000076293945,59.7599983215332,59.7599983215332,1,0,0.0,201.7294550462676,204.40826610209956,201.52792711914844,204.61287898108066,0.4061408061002291,True,False,False,False,False,832,26,59.939998626708984,1.810391687241686,-0.13853366756199706,2024-03-08 14:30:00+00:00,59.939998626708984,time,TIME,2.6788110558319715,201.52792711914844,1,"[{""time"": ""2024-03-04 17:30:00+00:00"", ""price"": 59.17499923706055, ""fraction"": 0.2, ""shares"": 3.4056261887188004, ""reason"": ""starter20""}]","[{""time"": ""2024-03-05 14:30:00+00:00"", ""price"": 60.221679515692315, ""shares"": 1.7028130943594002, ""reason"": ""target1_partial""}, {""time"": ""2024-03-08 14:30:00+00:00"", ""price"": 59.939998626708984, ""shares"": 1.7028130943594002, ""reason"": ""time""}]"
DORO_AGG_NOT_BEAR,A,TSLA,DAGG|TSLA|868,2024-03-11,2024-03-11,0,2024-03-11 18:30:00+00:00,3.0,ALL_BULL_CONTROL,1009.6194359997271,34.01408873164605,173.075886140715,173.075886140715,179.110107421875,6.034221281160001,185.144328703035,191.178549984195,173.6999969482422,182.8699951171875,182.8699951171875,1,0,0.0,404.25162217429073,392.5146022453231,403.84777439989085,392.9075097550782,0.796755284154969,False,True,False,False,False,869,3,177.77000427246094,0.003297436406520871,-0.4292356923503721,2024-03-12 13:30:00+00:00,173.075886140715,stop,LOSS,-11.73701992896764,403.84777439989085,2,"[{""time"": ""2024-03-11 18:30:00+00:00"", ""price"": 179.110107421875, ""fraction"": 0.2, ""shares"": 1.127372933367378, ""reason"": ""starter20""}, {""time"": ""2024-03-11 18:30:00+00:00"", ""price"": 176.696418909411, ""fraction"": 0.2, ""shares"": 1.1427729460859537, ""reason"": ""adverse20""}]","[{""time"": ""2024-03-12 13:30:00+00:00"", ""price"": 173.075886140715, ""shares"": 2.270145879453332, ""reason"": ""stop""}]"
DORO_AGG_NOT_BEAR,A,ORCL,DAGG|ORCL|850,2024-03-07,2024-03-07,0,2024-03-07 15:30:00+00:00,3.0,ALL_BULL_CONTROL,1007.9627905726888,23.0317105187595,110.16391567207612,112.73999786376953,112.73999786376953,2.5760821916934162,115.31608005546295,117.89216224715636,110.36499786376953,114.5999984741211,114.5999984741211,1,0,0.0,403.5883013453046,418.50848274934947,403.18511622907556,418.927410159509,0.8221125263885845,True,True,False,False,False,851,21,126.26000213623047,6.455538300385538,-0.605569792619182,2024-03-12 13:30:00+00:00,117.89216224715636,target2,WIN,14.920181404044854,403.18511622907556,2,"[{""time"": ""2024-03-07 15:30:00+00:00"", ""price"": 112.73999786376953, ""fraction"": 0.2, ""shares"": 1.7881192295048125, ""reason"": ""starter20""}, {""time"": ""2024-03-08 15:30:00+00:00"", ""price"": 111.70956498709216, ""fraction"": 0.2, ""shares"": 1.804613223029124, ""reason"": ""adverse20""}]","[{""time"": ""2024-03-12 13:30:00+00:00"", ""price"": 115.31608005546295, ""shares"": 1.7963662262669682, ""reason"": ""target1_partial""}, {""time"": ""2024-03-12 13:30:00+00:00"", ""price"": 117.89216224715636, ""shares"": 1.7963662262669682, ""reason"": ""target2""}]"
DORO_AGG_NOT_BEAR,A,INTU,DAGG|INTU|852,2024-03-07,2024-03-07,0,2024-03-07 17:30:00+00:00,3.0,ALL_BULL_CONTROL,1008.2101414548463,35.396956378579254,630.4021020319675,630.4021020319675,653.3400268554688,22.93792482350125,676.27795167897,699.2158765024712,631.5999755859375,671.0,671.0,1,0,0.0,403.6873406385205,407.8304584069539,403.28405658193856,408.23869710405796,0.8115227536859966,False,True,False,False,False,853,26,656.6900024414062,0.5719782943810722,-0.642169752375091,2024-03-13 13:30:00+00:00,656.6900024414062,time,TIME,4.143117768433399,403.28405658193856,2,"[{""time"": ""2024-03-07 17:30:00+00:00"", ""price"": 653.3400268554688, ""fraction"": 0.2, ""shares"": 0.30863259558958006, ""reason"": ""starter20""}, {""time"": ""2024-03-08 14:30:00+00:00"", ""price"": 644.1648569260683, ""fraction"": 0.2, ""shares"": 0.3130286076971008, ""reason"": ""adverse20""}]","[{""time"": ""2024-03-13 13:30:00+00:00"", ""price"": 656.6900024414062, ""shares"": 0.6216612032866808, ""reason"": ""time""}]"
DORO_AGG_NOT_BEAR,A,COST,DAGG|COST|875,2024-03-12,2024-03-12,0,2024-03-12 18:30:00+00:00,3.0,ALL_BULL_CONTROL,1010.4108827206919,38.06676310701119,709.4523035716999,709.4523035716999,737.2269897460938,27.774686174393878,765.0016759204876,792.7763620948815,711.010009765625,787.0800170898438,787.0800170898438,1,0,0.0,404.5685174413651,403.73172872699723,404.1643530882768,404.1358645915888,0.8083002176798657,False,True,False,False,False,876,26,731.5783081054688,0.12415712895247517,-0.5043088139689637,2024-03-18 15:30:00+00:00,731.5783081054688,time,TIME,-0.8367887143678558,404.1643530882768,2,"[{""time"": ""2024-03-12 18:30:00+00:00"", ""price"": 737.2269897460938, ""fraction"": 0.2, ""shares"": 0.27411120232282454, ""reason"": ""starter20""}, {""time"": ""2024-03-15 15:30:00+00:00"", ""price"": 726.1171152763362, ""fraction"": 0.2, ""shares"": 0.27830521040291495, ""reason"": ""adverse20""}]","[{""time"": ""2024-03-18 15:30:00+00:00"", ""price"": 731.5783081054688, ""shares"": 0.5524164127257395, ""reason"": ""time""}]"
DORO_AGG_NOT_BEAR,A,V,DAGG|V|902,2024-03-18,2024-03-18,0,2024-03-18 17:30:00+00:00,3.0,ALL_BULL_CONTROL,1009.0086926708457,13.712948783584174,282.3276552821741,286.2174987792969,286.2174987792969,3.889843497122797,290.1073422764197,293.99718577354247,282.6400146484375,289.0404968261719,289.0404968261719,1,0,0.0,202.0035402727033,202.96986037911506,201.80173853416915,203.17303341252756,0.40497477194669673,True,False,False,False,False,903,25,290.0,1.2191988390507569,-0.34384259867361755,2024-03-22 13:30:00+00:00,286.2174987792969,stop,BE_STOP,0.9663201064117573,201.80173853416915,1,"[{""time"": ""2024-03-18 17:30:00+00:00"", ""price"": 286.2174987792969, ""fraction"": 0.2, ""shares"": 0.7050642933952094, ""reason"": ""starter20""}]","[{""time"": ""2024-03-21 14:30:00+00:00"", ""price"": 290.1073422764197, ""shares"": 0.3525321466976047, ""reason"": ""target1_partial""}, {""time"": ""2024-03-22 13:30:00+00:00"", ""price"": 286.2174987792969, ""shares"": 0.3525321466976047, ""reason"": ""stop""}]"
DORO_AGG_NOT_BEAR,A,COST,DAGG|COST|903,2024-03-18,2024-03-18,0,2024-03-18 18:30:00+00:00,3.0,ALL_BULL_CONTROL,1008.9433039178019,14.851829757088064,722.2724678543261,733.0632934570312,733.0632934570312,10.790825602705127,743.8541190597364,754.6449446624415,723.219970703125,740.6754150390625,740.6754150390625,1,0,0.0,201.99044944434397,203.94734333335174,201.7886607835604,204.15149482817992,0.40594015561174035,True,False,False,False,False,904,26,739.4400024414062,1.7836173811147118,-0.3645030249801019,2024-03-22 15:30:00+00:00,739.4400024414062,time,TIME,1.9568938890077732,201.7886607835604,1,"[{""time"": ""2024-03-18 18:30:00+00:00"", ""price"": 733.0632934570312, ""fraction"": 0.2, ""shares"": 0.27526771915144094, ""reason"": ""starter20""}]","[{""time"": ""2024-03-21 13:30:00+00:00"", ""price"": 743.8541190597364, ""shares"": 0.13763385957572047, ""reason"": ""target1_partial""}, {""time"": ""2024-03-22 15:30:00+00:00"", ""price"": 739.4400024414062, ""shares"": 0.13763385957572047, ""reason"": ""time""}]"
DORO_AGG_NOT_BEAR,A,NFLX,DAGG|NFLX|908,2024-03-19,2024-03-19,0,2024-03-19 16:30:00+00:00,3.0,ALL_BULL_CONTROL,1008.8189003828526,21.599100749079835,60.25372452291955,61.571998596191406,61.571998596191406,1.3182740732718585,62.890272669463265,64.20854674273512,60.38199996948242,62.740997314453125,62.740997314453125,1,0,0.0,201.9655438566471,206.01047636238874,201.76378007657053,206.21669305544418,0.4079804731320147,True,False,False,False,False,909,26,62.97150421142578,1.4140990195128078,0.0,2024-03-25 13:30:00+00:00,62.97150421142578,time,TIME,4.044932505741656,201.76378007657053,1,"[{""time"": ""2024-03-19 16:30:00+00:00"", ""price"": 61.571998596191406, ""fraction"": 0.2, ""shares"": 3.2768756037919293, ""reason"": ""starter20""}]","[{""time"": ""2024-03-20 18:30:00+00:00"", ""price"": 62.890272669463265, ""shares"": 1.6384378018959647, ""reason"": ""target1_partial""}, {""time"": ""2024-03-25 13:30:00+00:00"", ""price"": 62.97150421142578, ""shares"": 1.6384378018959647, ""reason"": ""time""}]"
DORO_AGG_NOT_BEAR,A,JNJ,DAGG|JNJ|927,2024-03-22,2024-03-22,0,2024-03-22 14:30:00+00:00,3.0,ALL_BULL_CONTROL,1011.580078915742,8.651031924972841,154.93853028925074,154.93853028925074,156.27499389648438,1.3364636072336396,157.61145750371801,158.94792111095165,155.10000610351562,156.9499969482422,156.9499969482422,1,0,0.0,1012.5916589946576,1006.7551472013729,1011.580078915742,1007.7629101114844,2.0193429890272263,False,True,True,False,False,928,8,155.38999938964844,0.05686950838686439,-0.8791767965914686,2024-03-25 14:30:00+00:00,154.93853028925074,stop,LOSS,-5.8365117932846715,1011.580078915742,3,"[{""time"": ""2024-03-22 14:30:00+00:00"", ""price"": 156.27499389648438, ""fraction"": 0.2, ""shares"": 1.2946154131169656, ""reason"": ""starter20""}, {""time"": ""2024-03-22 14:30:00+00:00"", ""price"": 155.74040845359093, ""fraction"": 0.2, ""shares"": 1.2990592344788703, ""reason"": ""adverse20""}, {""time"": ""2024-03-22 17:30:00+00:00"", ""price"": 155.20582301069746, ""fraction"": 0.6, ""shares"": 3.9106010043683197, ""reason"": ""support60""}]","[{""time"": ""2024-03-25 14:30:00+00:00"", ""price"": 154.93853028925074, ""shares"": 6.504275651964155, ""reason"": ""stop""}]"
DORO_AGG_NOT_BEAR,A,AMZN,DAGG|AMZN|912,2024-03-19,2024-03-19,0,2024-03-20 13:30:00+00:00,3.0,ALL_BULL_CONTROL,1009.2518496435629,16.418939734463862,173.27447872121616,176.13999938964844,176.13999938964844,2.865520668432282,179.00552005808072,181.871040726513,173.52000427246094,177.91000366210938,177.91000366210938,1,0,0.0,404.1044405972826,412.42296821725716,403.70073985742516,412.8358040212785,0.8165365438787036,True,True,False,False,False,913,26,180.07000732421875,1.8408500607222311,-0.5234650779261856,2024-03-25 17:30:00+00:00,180.07000732421875,time,TIME,8.318527619974589,403.70073985742516,2,"[{""time"": ""2024-03-20 13:30:00+00:00"", ""price"": 176.13999938964844, ""fraction"": 0.2, ""shares"": 1.1459655423421962, ""reason"": ""starter20""}, {""time"": ""2024-03-20 14:30:00+00:00"", ""price"": 174.99379112227552, ""fraction"": 0.2, ""shares"": 1.1534716096736897, ""reason"": ""adverse20""}]","[{""time"": ""2024-03-21 13:30:00+00:00"", ""price"": 179.00552005808072, ""shares"": 1.149718576007943, ""reason"": ""target1_partial""}, {""time"": ""2024-03-25 17:30:00+00:00"", ""price"": 180.07000732421875, ""shares"": 1.149718576007943, ""reason"": ""time""}]"
DORO_AGG_NOT_BEAR,A,NFLX,DAGG|NFLX|937,2024-03-25,2024-03-25,0,2024-03-25 17:30:00+00:00,3.0,ALL_BULL_CONTROL,1010.8395364636198,13.876142294463754,62.04246593714171,62.04246593714171,62.90599822998047,0.8635322928387552,63.769530522819224,64.63306281565798,62.13199996948242,63.4361686706543,63.4361686706543,1,0,0.0,202.3700752000167,199.1932861549974,202.16790729272395,199.3926788338312,0.4015605861265552,False,False,False,False,False,938,4,62.584999084472656,0.15402230578551918,-0.23855212914368787,2024-03-26 13:30:00+00:00,62.04246593714171,stop,LOSS,-3.176789045019291,202.16790729272395,1,"[{""time"": ""2024-03-25 17:30:00+00:00"", ""price"": 62.90599822998047, ""fraction"": 0.2, ""shares"": 3.213809699889198, ""reason"": ""starter20""}]","[{""time"": ""2024-03-26 13:30:00+00:00"", ""price"": 62.04246593714171, ""shares"": 3.213809699889198, ""reason"": ""stop""}]"
DORO_AGG_NOT_BEAR,A,GOOGL,DAGG|GOOGL|936,2024-03-25,2024-03-25,0,2024-03-25 16:30:00+00:00,3.0,ALL_BULL_CONTROL,1010.7797431159996,20.93676844685561,146.45230169154974,149.5500030517578,149.5500030517578,3.0977013602080774,152.6477044119659,155.74540577217397,146.73500061035156,151.5800018310547,151.5800018310547,1,0,0.0,202.35810457182313,207.93198701496152,202.15594862319995,208.1401271421036,0.4102960757653036,True,False,False,False,False,937,26,155.3061981201172,1.978883343232182,-0.20660461265557495,2024-04-01 13:30:00+00:00,155.3061981201172,time,TIME,5.5738824431383875,202.15594862319995,1,"[{""time"": ""2024-03-25 16:30:00+00:00"", ""price"": 149.5500030517578, ""fraction"": 0.2, ""shares"": 1.3517615813971982, ""reason"": ""starter20""}]","[{""time"": ""2024-04-01 13:30:00+00:00"", ""price"": 152.6477044119659, ""shares"": 0.6758807906985991, ""reason"": ""target1_partial""}, {""time"": ""2024-04-01 13:30:00+00:00"", ""price"": 155.3061981201172, ""shares"": 0.6758807906985991, ""reason"": ""time""}]"
DORO_AGG_NOT_BEAR,A,XOM,DAGG|XOM|943,2024-03-26,2024-03-26,0,2024-03-26 16:30:00+00:00,3.0,ALL_BULL_CONTROL,1010.7541774491173,13.725711555350932,112.67879722588303,114.2300033569336,114.2300033569336,1.551206131050563,115.78120948798416,117.33241561903472,112.82389831542969,115.7750015258789,115.7750015258789,1,0,0.0,404.70597265062656,413.2499773124405,404.30167097964693,413.66364095339384,0.8179653119330408,True,True,False,False,False,944,26,117.91999816894531,3.461819167482687,-0.5286207154615031,2024-04-02 13:30:00+00:00,117.33241561903472,target2,WIN,8.544004661813915,404.30167097964693,2,"[{""time"": ""2024-03-26 16:30:00+00:00"", ""price"": 114.2300033569336, ""fraction"": 0.2, ""shares"": 1.76968247876317, ""reason"": ""starter20""}, {""time"": ""2024-03-27 13:30:00+00:00"", ""price"": 113.60952090451337, ""fraction"": 0.2, ""shares"": 1.7793476627696314, ""reason"": ""adverse20""}]","[{""time"": ""2024-03-28 13:30:00+00:00"", ""price"": 115.78120948798416, ""shares"": 1.7745150707664008, ""reason"": ""target1_partial""}, {""time"": ""2024-04-02 13:30:00+00:00"", ""price"": 117.33241561903472, ""shares"": 1.7745150707664008, ""reason"": ""target2""}]"
DORO_AGG_NOT_BEAR,A,AMAT,DAGG|AMAT|979,2024-04-03,2024-04-03,0,2024-04-03 17:30:00+00:00,3.0,ALL_BULL_CONTROL,1013.0869447484027,28.23505265354439,202.95151841231836,202.95151841231836,208.77000427246094,5.818485860142573,214.5884901326035,220.40697599274608,203.39999389648438,211.77000427246094,211.77000427246094,1,0,0.0,405.6400126772605,395.7652016997199,405.2347778993611,396.1613630627827,0.8013961409621438,False,True,False,False,False,980,9,205.5500030517578,0.7269925250682681,-0.5293476524800246,2024-04-04 18:30:00+00:00,202.95151841231836,stop,LOSS,-9.874810977540562,405.2347778993611,2,"[{""time"": ""2024-04-03 17:30:00+00:00"", ""price"": 208.77000427246094, ""fraction"": 0.2, ""shares"": 0.9705292178144963, ""reason"": ""starter20""}, {""time"": ""2024-04-03 18:30:00+00:00"", ""price"": 206.4426099284039, ""fraction"": 0.2, ""shares"": 0.9814707778590381, ""reason"": ""adverse20""}]","[{""time"": ""2024-04-04 18:30:00+00:00"", ""price"": 202.95151841231836, ""shares"": 1.9519999956735345, ""reason"": ""stop""}]"
DORO_AGG_NOT_BEAR,A,WMT,DAGG|WMT|985,2024-04-04,2024-04-04,0,2024-04-04 16:30:00+00:00,3.0,ALL_BULL_CONTROL,1013.4705554111923,15.516602233198325,58.815511559001365,58.815511559001365,59.72999954223633,0.914487983234963,60.64448752547129,61.558975508706254,58.880001068115234,60.33000183105469,60.33000183105469,1,0,0.0,405.79361038664143,409.3250815819503,405.38822216447693,409.73481639834864,0.8151230385628256,False,True,False,False,False,986,26,60.185001373291016,0.7053132130637843,-0.4702088087091895,2024-04-10 13:30:00+00:00,60.185001373291016,time,TIME,3.5314711953088818,405.38822216447693,2,"[{""time"": ""2024-04-04 16:30:00+00:00"", ""price"": 59.72999954223633, ""fraction"": 0.2, ""shares"": 3.3935059875382927, ""reason"": ""starter20""}, {""time"": ""2024-04-04 18:30:00+00:00"", ""price"": 59.364204348942344, ""fraction"": 0.2, ""shares"": 3.414416369346147, ""reason"": ""adverse20""}]","[{""time"": ""2024-04-10 13:30:00+00:00"", ""price"": 60.185001373291016, ""shares"": 6.80792235688444, ""reason"": ""time""}]"
DORO_AGG_NOT_BEAR,A,TMUS,DAGG|TMUS|1083,2024-04-24,2024-04-24,0,2024-04-24 16:30:00+00:00,3.0,ALL_BULL_CONTROL,1012.4930008426804,12.549852770427796,161.39440696480176,161.39440696480176,163.4199981689453,2.025591204143552,165.44558937308886,167.47118057723242,161.52999877929688,164.57000732421875,164.57000732421875,1,0,0.0,1013.505493843523,1005.9415303939066,1012.4930008426804,1006.9484788727794,2.01944147971546,False,True,True,False,False,1084,12,162.2100067138672,0.8491354115206899,-0.8515987042192515,2024-04-26 13:30:00+00:00,161.39440696480176,stop,LOSS,-7.563963449616381,1012.4930008426804,3,"[{""time"": ""2024-04-24 16:30:00+00:00"", ""price"": 163.4199981689453, ""fraction"": 0.2, ""shares"": 1.2391298643828823, ""reason"": ""starter20""}, {""time"": ""2024-04-25 13:30:00+00:00"", ""price"": 162.6097616872879, ""fraction"": 0.2, ""shares"": 1.2453040830227509, ""reason"": ""adverse20""}, {""time"": ""2024-04-25 14:30:00+00:00"", ""price"": 161.79952520563046, ""fraction"": 0.6, ""shares"": 3.754620415193085, ""reason"": ""support60""}]","[{""time"": ""2024-04-26 13:30:00+00:00"", ""price"": 161.39440696480176, ""shares"": 6.2390543625987185, ""reason"": ""stop""}]"
DORO_AGG_NOT_BEAR,A,AMAT,DAGG|AMAT|1075,2024-04-23,2024-04-23,0,2024-04-23 15:30:00+00:00,3.0,ALL_BULL_CONTROL,1011.8182767919564,32.969616621327106,186.32422663980486,192.60000610351562,192.60000610351562,6.275779463710762,198.8757855672264,205.15156503093715,186.85499572753906,198.25,198.25,1,0,0.0,202.56601901374967,211.11253275012223,202.36365535839127,211.32385660672895,0.4136875119651202,True,False,False,False,False,1076,26,203.3800048828125,1.814913901215025,-0.08285891425404993,2024-04-26 19:30:00+00:00,203.3800048828125,time,TIME,8.54651373637256,202.36365535839127,1,"[{""time"": ""2024-04-23 15:30:00+00:00"", ""price"": 192.60000610351562, ""fraction"": 0.2, ""shares"": 1.0506939197583827, ""reason"": ""starter20""}]","[{""time"": ""2024-04-24 13:30:00+00:00"", ""price"": 198.8757855672264, ""shares"": 0.5253469598791913, ""reason"": ""target1_partial""}, {""time"": ""2024-04-26 19:30:00+00:00"", ""price"": 203.3800048828125, ""shares"": 0.5253469598791913, ""reason"": ""time""}]"
DORO_AGG_NOT_BEAR,A,MU,DAGG|MU|1084,2024-04-24,2024-04-24,0,2024-04-24 17:30:00+00:00,3.0,ALL_BULL_CONTROL,975.2827014881403,50.62744342794579,105.31377989345968,105.31377989345968,111.08000183105469,5.766221937595006,116.8462237686497,122.6124457062447,105.72000122070312,113.94999694824219,113.94999694824219,1,0,0.0,390.50319367585143,407.2927143069041,390.1130805952562,407.7004147216257,0.7978134953168818,False,True,False,False,False,1085,26,114.86990356445312,0.9017859219414768,-0.5202713375356568,2024-04-30 14:30:00+00:00,114.86990356445312,time,TIME,16.789520631052653,390.1130805952562,2,"[{""time"": ""2024-04-24 17:30:00+00:00"", ""price"": 111.08000183105469, ""fraction"": 0.2, ""shares"": 1.7560005138845438, ""reason"": ""starter20""}, {""time"": ""2024-04-25 13:30:00+00:00"", ""price"": 108.77351305601668, ""fraction"": 0.2, ""shares"": 1.7932356399776936, ""reason"": ""adverse20""}]","[{""time"": ""2024-04-30 14:30:00+00:00"", ""price"": 114.86990356445312, ""shares"": 3.5492361538622372, ""reason"": ""time""}]"
DORO_AGG_NOT_BEAR,A,AAPL,DAGG|AAPL|1127,2024-05-02,2024-05-02,0,2024-05-02 18:30:00+00:00,3.0,ALL_BULL_CONTROL,1015.1197010980513,24.157480368776987,168.78537745883872,172.89999389648438,172.89999389648438,4.114616437645651,177.01461033413003,181.12922677177568,169.11000061035156,174.99000549316406,174.99000549316406,1,0,0.0,203.2269641598299,210.06091314591313,203.02394021961027,210.2711843302434,0.4132951245498537,True,False,False,False,False,1128,3,186.6699981689453,3.4268093556694996,-0.08749311528963605,2024-05-03 13:30:00+00:00,181.12922677177568,target2,WIN,6.833948986083243,203.02394021961027,1,"[{""time"": ""2024-05-02 18:30:00+00:00"", ""price"": 172.89999389648438, ""fraction"": 0.2, ""shares"": 1.1742275730857525, ""reason"": ""starter20""}]","[{""time"": ""2024-05-03 13:30:00+00:00"", ""price"": 177.01461033413003, ""shares"": 0.5871137865428763, ""reason"": ""target1_partial""}, {""time"": ""2024-05-03 13:30:00+00:00"", ""price"": 181.12922677177568, ""shares"": 0.5871137865428763, ""reason"": ""target2""}]"
DORO_AGG_NOT_BEAR,A,TMUS,DAGG|TMUS|1126,2024-05-02,2024-05-02,0,2024-05-02 17:30:00+00:00,3.0,ALL_BULL_CONTROL,1015.1215866328275,14.144488507538119,162.88828004493652,162.88828004493652,165.19000244140625,2.301722396469728,167.49172483787598,169.7934472343457,163.07000732421875,166.5,166.5,1,0,0.0,406.4546832877842,401.11137228150403,406.04863465313105,401.5128851666707,0.8075615198198018,False,True,False,False,False,1127,11,164.02999877929688,0.060823750884625306,-0.7081674511715764,2024-05-06 13:30:00+00:00,162.88828004493652,stop,LOSS,-5.343311006280146,406.04863465313105,2,"[{""time"": ""2024-05-02 17:30:00+00:00"", ""price"": 165.19000244140625, ""fraction"": 0.2, ""shares"": 1.2290351372721802, ""reason"": ""starter20""}, {""time"": ""2024-05-03 13:30:00+00:00"", ""price"": 164.26931348281835, ""fraction"": 0.2, ""shares"": 1.2359235758771265, ""reason"": ""adverse20""}]","[{""time"": ""2024-05-06 13:30:00+00:00"", ""price"": 162.88828004493652, ""shares"": 2.464958713149307, ""reason"": ""stop""}]"
DORO_AGG_NOT_BEAR,A,META,DAGG|META|1125,2024-05-02,2024-05-02,0,2024-05-02 16:30:00+00:00,3.0,ALL_BULL_CONTROL,1014.6396988530411,32.275984414503995,425.7130267213521,439.70001220703125,439.70001220703125,13.986985485679156,453.6869976927104,467.67398317838956,427.20001220703125,449.94000244140625,449.94000244140625,1,0,0.0,203.13086771037882,212.39812435986445,202.92793977060822,212.6107350949594,0.4155386748655676,True,False,False,False,False,1126,19,466.3900146484375,2.0326032871693362,-0.07936062207808367,2024-05-07 13:30:00+00:00,467.67398317838956,target2,WIN,9.267256649485631,202.92793977060822,1,"[{""time"": ""2024-05-02 16:30:00+00:00"", ""price"": 439.70001220703125, ""fraction"": 0.2, ""shares"": 0.46151451930153753, ""reason"": ""starter20""}]","[{""time"": ""2024-05-03 14:30:00+00:00"", ""price"": 453.6869976927104, ""shares"": 0.23075725965076876, ""reason"": ""target1_partial""}, {""time"": ""2024-05-07 13:30:00+00:00"", ""price"": 467.67398317838956, ""shares"": 0.23075725965076876, ""reason"": ""target2""}]"
DORO_AGG_NOT_BEAR,A,ORCL,DAGG|ORCL|1121,2024-05-01,2024-05-01,0,2024-05-01 19:30:00+00:00,3.0,ALL_BULL_CONTROL,1015.372690975518,22.15352937152965,113.46420915410494,115.99500274658203,115.99500274658203,2.530793592477096,118.52579633905913,121.05658993153622,113.6500015258789,117.55999755859375,117.55999755859375,1,0,0.0,406.55522546659745,416.32253134324776,406.14907639020726,416.73927061386166,0.8228883470040689,True,True,False,False,False,1122,26,118.47000122070312,1.2383447885549785,-0.6855559518994098,2024-05-07 16:30:00+00:00,118.47000122070312,time,TIME,9.767305876650312,406.14907639020726,2,"[{""time"": ""2024-05-01 19:30:00+00:00"", ""price"": 115.99500274658203, ""fraction"": 0.2, ""shares"": 1.7507179911773185, ""reason"": ""starter20""}, {""time"": ""2024-05-01 19:30:00+00:00"", ""price"": 114.98268530959119, ""fraction"": 0.2, ""shares"": 1.766131462735671, ""reason"": ""adverse20""}]","[{""time"": ""2024-05-07 13:30:00+00:00"", ""price"": 118.52579633905913, ""shares"": 1.7584247269564948, ""reason"": ""target1_partial""}, {""time"": ""2024-05-07 16:30:00+00:00"", ""price"": 118.47000122070312, ""shares"": 1.7584247269564948, ""reason"": ""time""}]"
DORO_AGG_NOT_BEAR,A,CSCO,DAGG|CSCO|1141,2024-05-06,2024-05-06,0,2024-05-06 18:30:00+00:00,3.0,ALL_BULL_CONTROL,1018.5422015803506,12.877561993053298,46.544002224729,47.13999938964844,47.13999938964844,0.5959971649194387,47.735996554567876,48.331993719487315,46.599998474121094,47.56999969482422,47.56999969482422,1,0,0.0,203.9121487563862,206.4640522468336,203.70844031607012,206.6707229698034,0.41037916328587354,True,False,False,False,False,1142,26,47.915000915527344,1.6778603303174615,-0.2852331838999457,2024-05-10 15:30:00+00:00,47.915000915527344,time,TIME,2.5519034904474154,203.70844031607012,1,"[{""time"": ""2024-05-06 18:30:00+00:00"", ""price"": 47.13999938964844, ""fraction"": 0.2, ""shares"": 4.321350083869599, ""reason"": ""starter20""}]","[{""time"": ""2024-05-08 13:30:00+00:00"", ""price"": 47.735996554567876, ""shares"": 2.1606750419347995, ""reason"": ""target1_partial""}, {""time"": ""2024-05-10 15:30:00+00:00"", ""price"": 47.915000915527344, ""shares"": 2.1606750419347995, ""reason"": ""time""}]"
DORO_AGG_NOT_BEAR,A,WMT,DAGG|WMT|1177,2024-05-13,2024-05-13,0,2024-05-13 19:30:00+00:00,3.0,ALL_BULL_CONTROL,1019.9790888235947,10.928808335654887,59.88143572299017,59.88143572299017,60.529998779296875,0.6485630563067062,61.17856183560358,61.82712489191029,59.95000076293945,61.345001220703125,61.345001220703125,1,0,0.0,204.19981358248364,201.60824604149036,203.99581776471894,201.81005609758796,0.40580587386230693,False,False,False,False,False,1178,2,60.52000045776367,0.12335243316241952,-0.20043888123731318,2024-05-14 13:30:00+00:00,59.88143572299017,stop,LOSS,-2.5915675409932817,203.99581776471894,1,"[{""time"": ""2024-05-13 19:30:00+00:00"", ""price"": 60.529998779296875, ""fraction"": 0.2, ""shares"": 3.3701606125670662, ""reason"": ""starter20""}]","[{""time"": ""2024-05-14 13:30:00+00:00"", ""price"": 59.88143572299017, ""shares"": 3.3701606125670662, ""reason"": ""stop""}]"
DORO_AGG_NOT_BEAR,A,AVGO,DAGG|AVGO|1178,2024-05-13,2024-05-13,0,2024-05-14 13:30:00+00:00,3.0,ALL_BULL_CONTROL,1020.6736371963343,25.15948617785927,129.94979112072193,133.23399353027344,133.23399353027344,3.2842024095515114,136.51819593982495,139.80239834937646,130.1999969482422,135.83749389648438,135.83749389648438,1,0,0.0,204.33886216670612,211.47089071933203,204.13472743926687,211.68257329262468,0.4158173007318915,True,False,False,False,False,1179,9,138.47750854492188,2.1667399526127094,-0.19913258004949175,2024-05-15 14:30:00+00:00,139.80239834937646,target2,WIN,7.132028552625911,204.13472743926687,1,"[{""time"": ""2024-05-14 13:30:00+00:00"", ""price"": 133.23399353027344, ""fraction"": 0.2, ""shares"": 1.5321519833666426, ""reason"": ""starter20""}]","[{""time"": ""2024-05-14 17:30:00+00:00"", ""price"": 136.51819593982495, ""shares"": 0.7660759916833213, ""reason"": ""target1_partial""}, {""time"": ""2024-05-15 14:30:00+00:00"", ""price"": 139.80239834937646, ""shares"": 0.7660759916833213, ""reason"": ""target2""}]"
DORO_AGG_NOT_BEAR,A,TSLA,DAGG|TSLA|1176,2024-05-13,2024-05-13,0,2024-05-13 18:30:00+00:00,3.0,ALL_BULL_CONTROL,1019.9317340518037,28.65245100798584,167.2659508709152,172.10069274902344,172.10069274902344,4.834741878108247,176.93543462713168,181.77017650523993,167.75,175.6199951171875,175.6199951171875,1,0,0.0,204.1903331571711,206.64474031924817,203.98634681036074,206.85159191115935,0.4108379387215201,True,False,False,False,False,1177,17,174.1199951171875,1.6338632858032596,-0.09735532487105801,2024-05-16 13:30:00+00:00,172.10069274902344,stop,BE_STOP,2.454407162077075,203.98634681036074,1,"[{""time"": ""2024-05-13 18:30:00+00:00"", ""price"": 172.10069274902344, ""fraction"": 0.2, ""shares"": 1.1852732464466982, ""reason"": ""starter20""}]","[{""time"": ""2024-05-14 13:30:00+00:00"", ""price"": 176.93543462713168, ""shares"": 0.5926366232233491, ""reason"": ""target1_partial""}, {""time"": ""2024-05-16 13:30:00+00:00"", ""price"": 172.10069274902344, ""shares"": 0.5926366232233491, ""reason"": ""stop""}]"
DORO_AGG_NOT_BEAR,A,NFLX,DAGG|NFLX|1175,2024-05-13,2024-05-13,0,2024-05-13 17:30:00+00:00,3.0,ALL_BULL_CONTROL,1019.9881117747954,18.938500855663005,60.40030737653142,60.40030737653142,61.542999267578125,1.1426918910467023,62.68569115862483,63.82838304967153,60.50600051879883,62.39799880981445,62.39799880981445,1,0,0.0,408.4032399546281,412.0038724338674,407.99524470991815,412.41628872258997,0.8204115334325082,False,True,False,False,False,1176,26,61.978004455566406,0.9066304803709869,-0.6152098442293374,2024-05-17 14:30:00+00:00,61.978004455566406,time,TIME,3.600632479239323,407.99524470991815,2,"[{""time"": ""2024-05-13 17:30:00+00:00"", ""price"": 61.542999267578125, ""fraction"": 0.2, ""shares"": 3.314716942344869, ""reason"": ""starter20""}, {""time"": ""2024-05-14 16:30:00+00:00"", ""price"": 61.085922511159445, ""fraction"": 0.2, ""shares"": 3.339519384645323, ""reason"": ""adverse20""}]","[{""time"": ""2024-05-17 14:30:00+00:00"", ""price"": 61.978004455566406, ""shares"": 6.654236326990192, ""reason"": ""time""}]"
DORO_AGG_NOT_BEAR,A,MSFT,DAGG|MSFT|1179,2024-05-14,2024-05-14,0,2024-05-14 14:30:00+00:00,3.0,ALL_BULL_CONTROL,1021.3233925485142,12.992919812417439,410.22403641229744,415.510009765625,415.510009765625,5.285973353327563,420.79598311895256,426.0819564722801,410.7001037597656,418.3479919433594,418.3479919433594,1,0,0.0,408.9378863764251,414.05911197483135,408.5293570194057,414.4735855603917,0.8230029425797974,True,True,False,False,False,1180,26,420.1650085449219,1.8747736698050033,-0.6772096026191737,2024-05-17 18:30:00+00:00,420.1650085449219,time,TIME,5.121225598406227,408.5293570194057,2,"[{""time"": ""2024-05-14 14:30:00+00:00"", ""price"": 415.510009765625, ""fraction"": 0.2, ""shares"": 0.49159989821886985, ""reason"": ""starter20""}, {""time"": ""2024-05-14 15:30:00+00:00"", ""price"": 413.39562042429395, ""fraction"": 0.2, ""shares"": 0.4941142779888504, ""reason"": ""adverse20""}]","[{""time"": ""2024-05-15 14:30:00+00:00"", ""price"": 420.79598311895256, ""shares"": 0.4928570881038601, ""reason"": ""target1_partial""}, {""time"": ""2024-05-17 18:30:00+00:00"", ""price"": 420.1650085449219, ""shares"": 0.4928570881038601, ""reason"": ""time""}]"
DORO_AGG_NOT_BEAR,A,TMUS,DAGG|TMUS|1195,2024-05-16,2024-05-16,0,2024-05-16 16:30:00+00:00,3.0,ALL_BULL_CONTROL,1022.6601408612229,11.029837906659022,161.56841616489805,163.3300018310547,163.3300018310547,1.761585666156634,165.09158749721132,166.85317316336796,161.72000122070312,164.5,164.5,1,0,0.0,409.4731204008337,413.90525294454164,409.0640563444892,414.31957251705876,0.8233836288615479,True,True,False,False,False,1196,26,165.0500030517578,1.1438554640630636,-0.434267492263085,2024-05-22 13:30:00+00:00,165.0500030517578,time,TIME,4.432132543707951,409.0640563444892,2,"[{""time"": ""2024-05-16 16:30:00+00:00"", ""price"": 163.3300018310547, ""fraction"": 0.2, ""shares"": 1.2522624495149914, ""reason"": ""starter20""}, {""time"": ""2024-05-17 13:30:00+00:00"", ""price"": 162.62536756459204, ""fraction"": 0.2, ""shares"": 1.2576883375283252, ""reason"": ""adverse20""}]","[{""time"": ""2024-05-22 13:30:00+00:00"", ""price"": 165.09158749721132, ""shares"": 1.2549753935216583, ""reason"": ""target1_partial""}, {""time"": ""2024-05-22 13:30:00+00:00"", ""price"": 165.0500030517578, ""shares"": 1.2549753935216583, ""reason"": ""time""}]"
DORO_AGG_NOT_BEAR,A,AVGO,DAGG|AVGO|1215,2024-05-21,2024-05-21,0,2024-05-21 15:30:00+00:00,3.0,ALL_BULL_CONTROL,1023.4577974565696,20.451558278773422,137.913897655453,137.913897655453,140.7259979248047,2.8121002693516743,143.53809819415636,146.35019846350804,138.1844940185547,144.54000854492188,144.54000854492188,1,0,0.0,1024.481255254026,1013.3850670544462,1023.4577974565696,1014.3994665209672,2.0378572639775365,False,True,True,False,False,1216,14,141.0260009765625,0.7730862214884319,-0.819316750402848,2024-05-23 14:30:00+00:00,137.913897655453,stop,LOSS,-11.096188199579956,1023.4577974565696,3,"[{""time"": ""2024-05-21 15:30:00+00:00"", ""price"": 140.7259979248047, ""fraction"": 0.2, ""shares"": 1.4545397617339226, ""reason"": ""starter20""}, {""time"": ""2024-05-21 18:30:00+00:00"", ""price"": 139.601157817064, ""fraction"": 0.2, ""shares"": 1.466259755234592, ""reason"": ""adverse20""}, {""time"": ""2024-05-22 19:30:00+00:00"", ""price"": 138.47631770932335, ""fraction"": 0.6, ""shares"": 4.434510453714911, ""reason"": ""support60""}]","[{""time"": ""2024-05-23 14:30:00+00:00"", ""price"": 137.913897655453, ""shares"": 7.355309970683426, ""reason"": ""stop""}]"
DORO_AGG_NOT_BEAR,A,ORCL,DAGG|ORCL|1230,2024-05-23,2024-05-23,0,2024-05-23 16:30:00+00:00,3.0,ALL_BULL_CONTROL,1021.7986458938918,16.476226944582795,123.11270771155648,123.11270771155648,125.13040161132812,2.0176938997716434,127.14809551109977,129.1657894108714,123.29499816894531,126.69999694824219,126.69999694824219,1,0,0.0,1022.8204445397857,1013.4959223568167,1021.7986458938918,1014.5104327896063,2.036309078683498,False,True,True,False,False,1231,5,123.41999816894531,0.108835568575502,-0.9765594025147986,2024-05-24 13:30:00+00:00,123.11270771155648,stop,LOSS,-9.324522182969076,1021.7986458938918,3,"[{""time"": ""2024-05-23 16:30:00+00:00"", ""price"": 125.13040161132812, ""fraction"": 0.2, ""shares"": 1.633174085171941, ""reason"": ""starter20""}, {""time"": ""2024-05-23 17:30:00+00:00"", ""price"": 124.32332405141946, ""fraction"": 0.2, ""shares"": 1.6437762643336038, ""reason"": ""adverse20""}, {""time"": ""2024-05-23 18:30:00+00:00"", ""price"": 123.51624649151081, ""fraction"": 0.6, ""shares"": 4.963550989856801, ""reason"": ""support60""}]","[{""time"": ""2024-05-24 13:30:00+00:00"", ""price"": 123.11270771155648, ""shares"": 8.240501339362346, ""reason"": ""stop""}]"
DORO_AGG_NOT_BEAR,A,LLY,DAGG|LLY|1235,2024-05-24,2024-05-24,0,2024-05-24 14:30:00+00:00,3.0,ALL_BULL_CONTROL,1019.9337414572982,19.025611214328144,793.6932312335721,793.6932312335721,808.780029296875,15.086798063302922,823.8668273601779,838.9536254234808,795.25,820.60498046875,820.60498046875,1,0,0.0,204.19073503975113,199.98144442254545,203.98674829145966,200.18162604859404,0.4041683743400537,False,False,False,False,False,1236,7,809.0,0.08881711113850119,-0.13522014770398394,2024-05-28 13:30:00+00:00,793.6932312335721,stop,LOSS,-4.209290617205681,203.98674829145966,1,"[{""time"": ""2024-05-24 14:30:00+00:00"", ""price"": 808.780029296875, ""fraction"": 0.2, ""shares"": 0.25221536252421883, ""reason"": ""starter20""}]","[{""time"": ""2024-05-28 13:30:00+00:00"", ""price"": 793.6932312335721, ""shares"": 0.25221536252421883, ""reason"": ""stop""}]"
DORO_AGG_NOT_BEAR,A,XOM,DAGG|XOM|1247,2024-05-28,2024-05-28,0,2024-05-28 19:30:00+00:00,3.0,ALL_BULL_CONTROL,1020.1145720506316,16.95975726540713,112.86190578959962,112.86190578959962,114.7699966430664,1.9080908534667884,116.6780874965332,118.58617834999998,113.03500366210938,117.51000213623047,117.51000213623047,1,0,0.0,1021.1346866226822,1011.5986096543351,1020.1145720506315,1012.6112208752103,2.032725792925842,False,True,True,False,False,1248,6,113.1500015258789,0.17819065935325193,-0.9852765920460356,2024-05-29 17:30:00+00:00,112.86190578959962,stop,LOSS,-9.536076968347174,1020.1145720506315,3,"[{""time"": ""2024-05-28 19:30:00+00:00"", ""price"": 114.7699966430664, ""fraction"": 0.2, ""shares"": 1.7776676864828675, ""reason"": ""starter20""}, {""time"": ""2024-05-29 13:30:00+00:00"", ""price"": 114.00676030167969, ""fraction"": 0.2, ""shares"": 1.7895685647960686, ""reason"": ""adverse20""}, {""time"": ""2024-05-29 15:30:00+00:00"", ""price"": 113.24352396029298, ""fraction"": 0.6, ""shares"": 5.404889585076768, ""reason"": ""support60""}]","[{""time"": ""2024-05-29 17:30:00+00:00"", ""price"": 112.86190578959962, ""shares"": 8.972125836355705, ""reason"": ""stop""}]"
DORO_AGG_NOT_BEAR,A,ORCL,DAGG|ORCL|1248,2024-05-28,2024-05-28,0,2024-05-29 13:30:00+00:00,3.0,ALL_BULL_CONTROL,1018.8791155219184,14.527367801000509,121.23638361494277,121.23638361494277,122.98999786376953,1.7536142488267643,124.7436121125963,126.49722636142306,121.41999816894531,126.69999694824219,126.69999694824219,1,0,0.0,203.97959892748807,198.90440665050357,203.77582310438368,199.10351016066423,0.40287933326504793,False,False,False,False,False,1249,7,120.16999816894531,0.5303334560596707,-0.1254558811040195,2024-05-30 13:30:00+00:00,120.16999816894531,gap_stop,LOSS,-5.075192276984495,203.77582310438368,1,"[{""time"": ""2024-05-29 13:30:00+00:00"", ""price"": 122.98999786376953, ""fraction"": 0.2, ""shares"": 1.6568487409040933, ""reason"": ""starter20""}]","[{""time"": ""2024-05-30 13:30:00+00:00"", ""price"": 120.16999816894531, ""shares"": 1.6568487409040933, ""reason"": ""gap_stop""}]"
DORO_AGG_NOT_BEAR,A,COST,DAGG|COST|1244,2024-05-28,2024-05-28,0,2024-05-28 16:30:00+00:00,3.0,ALL_BULL_CONTROL,1020.1675659050209,18.0379057310511,794.3667165170207,794.3667165170207,808.6649780273438,14.298261510323073,822.9632395376668,837.2615010479899,795.4299926757812,816.8668212890625,816.8668212890625,1,0,0.0,204.2375466941852,200.2255061027592,204.0335131810042,200.425932034794,0.40445944521579824,False,False,False,False,False,1245,19,809.0,0.7577859703316777,-0.16610410980980417,2024-05-31 13:30:00+00:00,794.3667165170207,stop,LOSS,-4.0120405914260004,204.0335131810042,1,"[{""time"": ""2024-05-28 16:30:00+00:00"", ""price"": 808.6649780273438, ""fraction"": 0.2, ""shares"": 0.2523090757296344, ""reason"": ""starter20""}]","[{""time"": ""2024-05-31 13:30:00+00:00"", ""price"": 794.3667165170207, ""shares"": 0.2523090757296344, ""reason"": ""stop""}]"
DORO_AGG_NOT_BEAR,A,AMD,DAGG|AMD|1239,2024-05-24,2024-05-24,0,2024-05-24 18:30:00+00:00,3.0,ALL_BULL_CONTROL,904.2857384224687,50.994459706412535,157.6985040345214,157.6985040345214,167.12289428710938,9.424390252587983,176.54728453969736,185.97167479228534,158.27999877929688,173.13999938964844,173.13999938964844,1,0,0.0,362.0760096643565,351.11540223720203,361.7142953689875,351.46686910630837,0.7131811644752959,False,True,False,False,False,1240,26,160.53590393066406,0.7880731342389942,-0.7483653343996306,2024-05-31 15:30:00+00:00,160.53590393066406,time,TIME,-10.960607427154457,361.7142953689875,2,"[{""time"": ""2024-05-24 18:30:00+00:00"", ""price"": 167.12289428710938, ""fraction"": 0.2, ""shares"": 1.0821805621304617, ""reason"": ""starter20""}, {""time"": ""2024-05-29 13:30:00+00:00"", ""price"": 163.35313818607418, ""fraction"": 0.2, ""shares"": 1.107154412169792, ""reason"": ""adverse20""}]","[{""time"": ""2024-05-31 15:30:00+00:00"", ""price"": 160.53590393066406, ""shares"": 2.1893349743002535, ""reason"": ""time""}]"
DORO_AGG_NOT_BEAR,A,AAPL,DAGG|AAPL|1256,2024-05-30,2024-05-30,0,2024-05-30 14:30:00+00:00,3.0,ALL_BULL_CONTROL,1016.3577356403487,13.874939537396617,188.83639246731795,191.4499969482422,191.4499969482422,2.613604480924238,194.06360142916643,196.67720591009066,189.10000610351562,192.99000549316406,192.99000549316406,1,0,0.0,406.9496373503957,413.2829845316261,406.5430942561395,413.69668121283894,0.8202397754689784,True,True,False,False,False,1257,26,194.5072021484375,1.480717684799816,-0.5892220102057031,2024-06-04 18:30:00+00:00,194.5072021484375,time,TIME,6.333347181230408,406.5430942561395,2,"[{""time"": ""2024-05-30 14:30:00+00:00"", ""price"": 191.4499969482422, ""fraction"": 0.2, ""shares"": 1.0617474555668105, ""reason"": ""starter20""}, {""time"": ""2024-05-31 14:30:00+00:00"", ""price"": 190.4045551558725, ""fraction"": 0.2, ""shares"": 1.0675771226253692, ""reason"": ""adverse20""}]","[{""time"": ""2024-06-03 13:30:00+00:00"", ""price"": 194.06360142916643, ""shares"": 1.06466228909609, ""reason"": ""target1_partial""}, {""time"": ""2024-06-04 18:30:00+00:00"", ""price"": 194.5072021484375, ""shares"": 1.06466228909609, ""reason"": ""time""}]"
DORO_AGG_NOT_BEAR,A,CSCO,DAGG|CSCO|1274,2024-06-03,2024-06-03,0,2024-06-03 18:30:00+00:00,3.0,ALL_BULL_CONTROL,1014.1835485014592,12.048056298343706,45.9476003690843,46.5,46.5,0.5523996309157013,47.0523996309157,47.6047992618314,46.0,46.77000045776367,46.77000045776367,1,0,0.0,203.03954640999214,203.83747381479614,202.83670970029186,204.04151533012626,0.4068782250304181,True,False,False,False,False,1275,10,47.59000015258789,1.9913092126757024,-0.03602695317115925,2024-06-05 13:30:00+00:00,46.5,stop,BE_STOP,0.7979274048039997,202.83670970029186,1,"[{""time"": ""2024-06-03 18:30:00+00:00"", ""price"": 46.5, ""fraction"": 0.2, ""shares"": 4.362079778500901, ""reason"": ""starter20""}]","[{""time"": ""2024-06-04 16:30:00+00:00"", ""price"": 47.0523996309157, ""shares"": 2.1810398892504503, ""reason"": ""target1_partial""}, {""time"": ""2024-06-05 13:30:00+00:00"", ""price"": 46.5, ""shares"": 2.1810398892504503, ""reason"": ""stop""}]"
DORO_AGG_NOT_BEAR,A,JPM,DAGG|JPM|1274,2024-06-03,2024-06-03,0,2024-06-03 18:30:00+00:00,3.0,ALL_BULL_CONTROL,1014.1429811595192,14.304981510133302,197.64216874708134,197.64216874708134,200.4698944091797,2.827725662098345,203.29762007127803,206.12534573337638,197.9199981689453,203.3000030517578,203.3000030517578,1,0,0.0,1015.1571241406787,1006.8116376600815,1014.1429811595192,1007.8194571171987,2.021962438276718,False,True,True,False,False,1275,12,198.0500030517578,0.5340338840504024,-0.9547921048024393,2024-06-05 15:30:00+00:00,197.64216874708134,stop,LOSS,-8.345486480597174,1014.1429811595192,3,"[{""time"": ""2024-06-03 18:30:00+00:00"", ""price"": 200.4698944091797, ""fraction"": 0.2, ""shares"": 1.0117658655414354, ""reason"": ""starter20""}, {""time"": ""2024-06-04 14:30:00+00:00"", ""price"": 199.33880414434034, ""fraction"": 0.2, ""shares"": 1.0175068376804175, ""reason"": ""adverse20""}, {""time"": ""2024-06-05 13:30:00+00:00"", ""price"": 198.207713879501, ""fraction"": 0.6, ""shares"": 3.069939997721966, ""reason"": ""support60""}]","[{""time"": ""2024-06-05 15:30:00+00:00"", ""price"": 197.64216874708134, ""shares"": 5.099212700943819, ""reason"": ""stop""}]"
DORO_AGG_NOT_BEAR,A,MU,DAGG|MU|1275,2024-06-03,2024-06-03,0,2024-06-03 19:30:00+00:00,3.0,ALL_BULL_CONTROL,908.649429355527,50.71695085655513,120.60726287457084,120.60726287457084,127.73699951171875,7.129736637147914,134.86673614886666,141.99647278601458,121.01000213623047,132.39990234375,132.39990234375,1,0,0.0,181.91161575697652,187.74927567295313,181.7298858711054,187.93721288583896,0.36966709875694437,False,False,False,False,False,1276,26,132.10009765625,0.8924602570372429,-0.32497712898695513,2024-06-07 16:30:00+00:00,132.10009765625,time,TIME,5.837659915976616,181.7298858711054,1,"[{""time"": ""2024-06-03 19:30:00+00:00"", ""price"": 127.73699951171875, ""fraction"": 0.2, ""shares"": 1.4226879178763965, ""reason"": ""starter20""}]","[{""time"": ""2024-06-07 16:30:00+00:00"", ""price"": 132.10009765625, ""shares"": 1.4226879178763965, ""reason"": ""time""}]"
DORO_AGG_NOT_BEAR,A,AAPL,DAGG|AAPL|1307,2024-06-10,2024-06-10,0,2024-06-10 16:30:00+00:00,3.0,ALL_BULL_CONTROL,1013.0284407202149,10.341727959380632,193.89021241208766,193.89021241208766,195.88999938964844,1.999786977560774,197.8897863672092,199.88957334476999,194.13999938964844,197.2816925048828,197.2816925048828,1,0,0.0,202.80829383218705,200.33680520961468,202.605688144043,200.53734255216685,0.4031430306962098,False,False,False,False,False,1308,2,195.44000244140625,0.24502884490314225,-0.39004093338395124,2024-06-10 17:30:00+00:00,193.89021241208766,stop,LOSS,-2.471488622572366,202.605688144043,1,"[{""time"": ""2024-06-10 16:30:00+00:00"", ""price"": 195.88999938964844, ""fraction"": 0.2, ""shares"": 1.034282958677417, ""reason"": ""starter20""}]","[{""time"": ""2024-06-10 17:30:00+00:00"", ""price"": 193.89021241208766, ""shares"": 1.034282958677417, ""reason"": ""stop""}]"
DORO_AGG_NOT_BEAR,A,AMD,DAGG|AMD|1288,2024-06-05,2024-06-05,0,2024-06-05 18:30:00+00:00,3.0,ALL_BULL_CONTROL,1014.4019687464503,43.92730901349421,158.28206504387816,158.28206504387816,165.44650268554688,7.164437641668712,172.6109403272156,179.7753779688843,158.87289428710938,171.0800018310547,171.0800018310547,1,0,0.0,1015.4163707151968,993.7970795694902,1014.4019687464503,994.7918714409311,2.0091938401873817,False,True,True,False,False,1289,24,160.4600067138672,0.5671752654605575,-0.8146490160302237,2024-06-11 13:30:00+00:00,158.28206504387816,stop,LOSS,-21.619291145706597,1014.4019687464503,3,"[{""time"": ""2024-06-05 18:30:00+00:00"", ""price"": 165.44650268554688, ""fraction"": 0.2, ""shares"": 1.2262597906641237, ""reason"": ""starter20""}, {""time"": ""2024-06-10 13:30:00+00:00"", ""price"": 162.5807276288794, ""fraction"": 0.2, ""shares"": 1.2478748047702315, ""reason"": ""adverse20""}, {""time"": ""2024-06-10 19:30:00+00:00"", ""price"": 159.7149525722119, ""fraction"": 0.6, ""shares"": 3.8107964936638306, ""reason"": ""support60""}]","[{""time"": ""2024-06-11 13:30:00+00:00"", ""price"": 158.28206504387816, ""shares"": 6.284931089098186, ""reason"": ""stop""}]"
DORO_AGG_NOT_BEAR,A,ORCL,DAGG|ORCL|1310,2024-06-10,2024-06-10,0,2024-06-10 19:30:00+00:00,3.0,ALL_BULL_CONTROL,1011.8661236347494,23.750123142482877,122.0465219400317,124.9800033569336,124.9800033569336,2.9334814169018983,127.91348477383549,130.8469661907374,122.25,126.94999694824219,126.94999694824219,1,0,0.0,1012.8779897583842,1060.4426151225146,1011.8661236347494,1061.5041192417561,2.0733702428765057,True,True,True,False,False,1311,9,135.0,5.086103649263286,-0.9169999939004929,2024-06-12 13:30:00+00:00,130.8469661907374,target2,WIN,47.56462536413039,1011.8661236347494,3,"[{""time"": ""2024-06-10 19:30:00+00:00"", ""price"": 124.9800033569336, ""fraction"": 0.2, ""shares"": 1.6192448335033807, ""reason"": ""starter20""}, {""time"": ""2024-06-11 13:30:00+00:00"", ""price"": 123.80661079017284, ""fraction"": 0.2, ""shares"": 1.6345914279967777, ""reason"": ""adverse20""}, {""time"": ""2024-06-11 13:30:00+00:00"", ""price"": 122.63321822341207, ""fraction"": 0.6, ""shares"": 4.950695113250674, ""reason"": ""support60""}]","[{""time"": ""2024-06-12 13:30:00+00:00"", ""price"": 127.91348477383549, ""shares"": 4.102265687375416, ""reason"": ""target1_partial""}, {""time"": ""2024-06-12 13:30:00+00:00"", ""price"": 130.8469661907374, ""shares"": 4.102265687375416, ""reason"": ""target2""}]"
DORO_AGG_NOT_BEAR,A,WMT,DAGG|WMT|1313,2024-06-11,2024-06-11,0,2024-06-11 15:30:00+00:00,3.0,ALL_BULL_CONTROL,1010.3917269827054,19.696987532440623,65.5369902469091,65.5369902469091,66.83999633789062,1.3030060909815262,68.14300242887215,69.44600851985368,65.63500213623047,67.56500244140625,67.56500244140625,1,0,0.0,404.56084748387525,406.55198057157776,404.1566907930822,406.95893951108883,0.8111156303041711,False,True,False,False,False,1314,26,67.04000091552734,0.2072164315498703,-0.722938841114183,2024-06-14 19:30:00+00:00,67.04000091552734,time,TIME,1.991133087702508,404.1566907930822,2,"[{""time"": ""2024-06-11 15:30:00+00:00"", ""price"": 66.83999633789062, ""fraction"": 0.2, ""shares"": 3.023314728729059, ""reason"": ""starter20""}, {""time"": ""2024-06-12 13:30:00+00:00"", ""price"": 66.31879390149801, ""fraction"": 0.2, ""shares"": 3.047075097546015, ""reason"": ""adverse20""}]","[{""time"": ""2024-06-14 19:30:00+00:00"", ""price"": 67.04000091552734, ""shares"": 6.070389826275074, ""reason"": ""time""}]"
DORO_AGG_NOT_BEAR,A,GOOGL,DAGG|GOOGL|1323,2024-06-12,2024-06-12,0,2024-06-12 18:30:00+00:00,3.0,ALL_BULL_CONTROL,1018.1147303301088,26.12734058448421,172.4382515731109,172.4382515731109,176.97999572753906,4.541744154428159,181.52173988196722,186.06348403639538,172.75999450683594,180.41000366210938,180.41000366210938,1,0,0.0,407.6531380241756,404.0728128576367,407.24589213204354,404.47729014778446,0.811723182279828,False,True,False,False,False,1324,26,174.8699951171875,0.30384910199466164,-0.6231090380323299,2024-06-18 15:30:00+00:00,174.8699951171875,time,TIME,-3.5803251665388984,407.24589213204354,2,"[{""time"": ""2024-06-12 18:30:00+00:00"", ""price"": 176.97999572753906, ""fraction"": 0.2, ""shares"": 1.150542157202329, ""reason"": ""starter20""}, {""time"": ""2024-06-13 13:30:00+00:00"", ""price"": 175.1632980657678, ""fraction"": 0.2, ""shares"": 1.162474949458695, ""reason"": ""adverse20""}]","[{""time"": ""2024-06-18 15:30:00+00:00"", ""price"": 174.8699951171875, ""shares"": 2.3130171066610243, ""reason"": ""time""}]"
DORO_AGG_NOT_BEAR,A,JPM,DAGG|JPM|1334,2024-06-14,2024-06-14,0,2024-06-14 15:30:00+00:00,3.0,ALL_BULL_CONTROL,1019.3346987222544,21.445485355244504,190.54551817115,194.6405029296875,194.6405029296875,4.0949847585374926,198.735487688225,202.83047244676249,190.8800048828125,196.72000122070312,196.72000122070312,1,0,0.0,408.14161336839067,417.56025676037893,407.7338794889018,417.9782349953743,0.8257121144842761,True,True,False,False,False,1335,26,198.63999938964844,1.1744839852034954,-0.48852527127684214,2024-06-20 19:30:00+00:00,198.63999938964844,time,TIME,9.418643391988269,407.7338794889018,2,"[{""time"": ""2024-06-14 15:30:00+00:00"", ""price"": 194.6405029296875, ""fraction"": 0.2, ""shares"": 1.0474024505480053, ""reason"": ""starter20""}, {""time"": ""2024-06-14 17:30:00+00:00"", ""price"": 193.0025090262725, ""fraction"": 0.2, ""shares"": 1.0562916553416384, ""reason"": ""adverse20""}]","[{""time"": ""2024-06-20 17:30:00+00:00"", ""price"": 198.735487688225, ""shares"": 1.0518470529448218, ""reason"": ""target1_partial""}, {""time"": ""2024-06-20 19:30:00+00:00"", ""price"": 198.63999938964844, ""shares"": 1.0518470529448218, ""reason"": ""time""}]"
DORO_AGG_NOT_BEAR,A,TMUS,DAGG|TMUS|1349,2024-06-18,2024-06-18,0,2024-06-18 16:30:00+00:00,3.0,ALL_BULL_CONTROL,1019.5488191786216,19.27052164515265,173.8311085225954,173.8311085225954,177.17999267578125,3.3488841531858498,180.5288768289671,183.87776098215295,174.1199951171875,178.8249969482422,178.8249969482422,1,0,0.0,1020.5683679978001,1033.8794360161312,1019.5488191786216,1034.9143503664977,2.0544631695451194,False,True,True,False,False,1350,26,177.94000244140625,0.543466791016747,-0.898805204704522,2024-06-25 13:30:00+00:00,177.94000244140625,time,TIME,13.31106801833107,1019.5488191786216,3,"[{""time"": ""2024-06-18 16:30:00+00:00"", ""price"": 177.17999267578125, ""fraction"": 0.2, ""shares"": 1.150862243283052, ""reason"": ""starter20""}, {""time"": ""2024-06-20 18:30:00+00:00"", ""price"": 175.8404390145069, ""fraction"": 0.2, ""shares"": 1.1596295196857516, ""reason"": ""adverse20""}, {""time"": ""2024-06-21 13:30:00+00:00"", ""price"": 174.50088535323258, ""fraction"": 0.6, ""shares"": 3.505594199530179, ""reason"": ""support60""}]","[{""time"": ""2024-06-25 13:30:00+00:00"", ""price"": 177.94000244140625, ""shares"": 5.816085962498983, ""reason"": ""time""}]"
DORO_AGG_NOT_BEAR,A,TSLA,DAGG|TSLA|1373,2024-06-24,2024-06-24,0,2024-06-24 19:30:00+00:00,3.0,ALL_BULL_CONTROL,1024.2066699009788,28.520703424264994,179.16786919381437,184.3000030517578,184.3000030517578,5.132133857943444,189.43213690970126,194.5642707676447,179.6699981689453,188.3800048828125,188.3800048828125,1,0,0.0,410.09235062835194,428.76962648840663,409.68266796039154,429.19882531372036,0.8388814932741119,True,True,False,False,False,1374,11,193.07000732421875,2.182327518777982,-0.44620982388786146,2024-06-26 15:30:00+00:00,194.5642707676447,target2,WIN,18.677275860054692,409.68266796039154,2,"[{""time"": ""2024-06-24 19:30:00+00:00"", ""price"": 184.3000030517578, ""fraction"": 0.2, ""shares"": 1.1114559445919772, ""reason"": ""starter20""}, {""time"": ""2024-06-25 13:30:00+00:00"", ""price"": 182.24714950858043, ""fraction"": 0.2, ""shares"": 1.1239755163937506, ""reason"": ""adverse20""}]","[{""time"": ""2024-06-26 13:30:00+00:00"", ""price"": 189.43213690970126, ""shares"": 1.117715730492864, ""reason"": ""target1_partial""}, {""time"": ""2024-06-26 15:30:00+00:00"", ""price"": 194.5642707676447, ""shares"": 1.117715730492864, ""reason"": ""target2""}]"
DORO_AGG_NOT_BEAR,A,AMD,DAGG|AMD|1363,2024-06-21,2024-06-21,0,2024-06-21 16:30:00+00:00,3.0,ALL_BULL_CONTROL,890.836343738618,51.012880809221606,152.70436808436372,152.70436808436372,161.97999572753906,9.27562764317534,171.2556233707144,180.53125101388974,153.33999633789062,166.82000732421875,166.82000732421875,1,0,0.0,356.69087203294265,354.08077987613666,356.3345374954472,354.43521509122786,0.7107697525866751,False,True,False,False,False,1364,26,159.25,0.15308917343076983,-0.6446998475557522,2024-06-27 13:30:00+00:00,159.25,time,TIME,-2.6100921568059903,356.3345374954472,2,"[{""time"": ""2024-06-21 16:30:00+00:00"", ""price"": 161.97999572753906, ""fraction"": 0.2, ""shares"": 1.0999337785352987, ""reason"": ""starter20""}, {""time"": ""2024-06-24 13:30:00+00:00"", ""price"": 158.26974467026892, ""fraction"": 0.2, ""shares"": 1.1257190634818308, ""reason"": ""adverse20""}]","[{""time"": ""2024-06-27 13:30:00+00:00"", ""price"": 159.25, ""shares"": 2.2256528420171295, ""reason"": ""time""}]"
DORO_AGG_NOT_BEAR,A,AMD,DAGG|AMD|1393,2024-06-27,2024-06-27,0,2024-06-27 18:30:00+00:00,3.0,ALL_BULL_CONTROL,1026.2360992114743,23.745920677105893,155.58467992009977,159.27000427246094,159.27000427246094,3.685324352361164,162.9553286248221,166.64065297718327,156.0,162.5399932861328,162.5399932861328,1,0,0.0,205.45246706213717,207.41419009809545,205.24721984229487,207.62181191000548,0.41286903175230033,True,False,False,False,False,1394,10,161.2899932861328,1.9482661468266895,-0.11668116384241978,2024-07-01 13:30:00+00:00,159.27000427246094,stop,BE_STOP,1.961723035958272,205.24721984229487,1,"[{""time"": ""2024-06-27 18:30:00+00:00"", ""price"": 159.27000427246094, ""fraction"": 0.2, ""shares"": 1.2886746677747392, ""reason"": ""starter20""}]","[{""time"": ""2024-06-28 13:30:00+00:00"", ""price"": 162.9553286248221, ""shares"": 0.6443373338873696, ""reason"": ""target1_partial""}, {""time"": ""2024-07-01 13:30:00+00:00"", ""price"": 159.27000427246094, ""shares"": 0.6443373338873696, ""reason"": ""stop""}]"
DORO_AGG_NOT_BEAR,A,XOM,DAGG|XOM|1405,2024-07-01,2024-07-01,0,2024-07-01 16:30:00+00:00,3.0,ALL_BULL_CONTROL,1026.628443818666,15.763970158023842,113.70679773641142,113.70679773641142,115.4800033569336,1.7732056205221767,117.25320897745577,119.02641459797795,113.8550033569336,116.73999786376953,116.73999786376953,1,0,0.0,1027.6550722624847,1018.6374228348515,1026.628443818666,1019.6570799147662,2.046285523733432,False,True,True,False,False,1406,8,114.2300033569336,0.2594166627653678,-0.9361597114837332,2024-07-02 16:30:00+00:00,113.70679773641142,stop,LOSS,-9.017649427633273,1026.628443818666,3,"[{""time"": ""2024-07-01 16:30:00+00:00"", ""price"": 115.4800033569336, ""fraction"": 0.2, ""shares"": 1.7780194215019058, ""reason"": ""starter20""}, {""time"": ""2024-07-01 18:30:00+00:00"", ""price"": 114.77072110872473, ""fraction"": 0.2, ""shares"": 1.7890075690055467, ""reason"": ""adverse20""}, {""time"": ""2024-07-02 15:30:00+00:00"", ""price"": 114.06143886051585, ""fraction"": 0.6, ""shares"": 5.4003971232071635, ""reason"": ""support60""}]","[{""time"": ""2024-07-02 16:30:00+00:00"", ""price"": 113.70679773641142, ""shares"": 8.967424113714616, ""reason"": ""stop""}]"
DORO_AGG_NOT_BEAR,A,JPM,DAGG|JPM|1442,2024-07-10,2024-07-10,0,2024-07-10 15:30:00+00:00,3.0,ALL_BULL_CONTROL,1025.8451910563929,19.568989792933166,203.6594427836788,203.6594427836788,207.6199951171875,3.9605523335087014,211.5805474506962,215.5410997842049,203.97000122070312,209.75999450683594,209.75999450683594,1,0,0.0,410.7484144989797,403.65388569443974,410.33807642255715,404.0579436380778,0.8143960200606349,False,True,False,False,False,1443,13,204.0,0.12119799106476582,-0.5655752142001279,2024-07-12 13:30:00+00:00,203.6594427836788,stop,LOSS,-7.094528804539948,410.33807642255715,2,"[{""time"": ""2024-07-10 15:30:00+00:00"", ""price"": 207.6199951171875, ""fraction"": 0.2, ""shares"": 0.9881949862077324, ""reason"": ""starter20""}, {""time"": ""2024-07-11 13:30:00+00:00"", ""price"": 206.035774183784, ""fraction"": 0.2, ""shares"": 0.9957932743673324, ""reason"": ""adverse20""}]","[{""time"": ""2024-07-12 13:30:00+00:00"", ""price"": 203.6594427836788, ""shares"": 1.9839882605750647, ""reason"": ""stop""}]"
DORO_AGG_NOT_BEAR,A,NVDA,DAGG|NVDA|1439,2024-07-09,2024-07-09,0,2024-07-09 19:30:00+00:00,3.0,ALL_BULL_CONTROL,1024.8249139331392,43.43877613085505,125.20796067026544,125.20796067026544,130.75,5.542039329734564,136.29203932973456,141.83407865946913,125.6500015258789,133.82000732421875,133.82000732421875,1,0,0.0,410.33989553882896,404.7115316737639,409.9299655732557,405.11664832208595,0.8150466138953416,False,True,False,False,False,1440,26,128.11000061035156,0.9743694649570463,-0.6676237262320907,2024-07-15 16:30:00+00:00,128.11000061035156,time,TIME,-5.628363865065069,409.9299655732557,2,"[{""time"": ""2024-07-09 19:30:00+00:00"", ""price"": 130.75, ""fraction"": 0.2, ""shares"": 1.5676098109875936, ""reason"": ""starter20""}, {""time"": ""2024-07-11 14:30:00+00:00"", ""price"": 128.53318426810617, ""fraction"": 0.2, ""shares"": 1.594646424997091, ""reason"": ""adverse20""}]","[{""time"": ""2024-07-15 16:30:00+00:00"", ""price"": 128.11000061035156, ""shares"": 3.1622562359846844, ""reason"": ""time""}]"
DORO_AGG_NOT_BEAR,A,MU,DAGG|MU|1460,2024-07-12,2024-07-12,0,2024-07-12 19:30:00+00:00,3.0,ALL_BULL_CONTROL,1024.2207669397121,34.4446856750643,129.71582245529135,129.71582245529135,134.22999572753906,4.514173272247717,138.74416899978678,143.2583422720345,130.07000732421875,136.4824981689453,136.4824981689453,1,0,0.0,1025.244987706652,1007.885571386379,1024.2207669397121,1008.8944658522312,2.0331152327919435,False,True,True,False,False,1461,9,130.36000061035156,0.24810974422762508,-0.9304022453154321,2024-07-16 13:30:00+00:00,129.71582245529135,stop,LOSS,-17.359416320273,1024.2207669397121,3,"[{""time"": ""2024-07-12 19:30:00+00:00"", ""price"": 134.22999572753906, ""fraction"": 0.2, ""shares"": 1.526068389391418, ""reason"": ""starter20""}, {""time"": ""2024-07-15 15:30:00+00:00"", ""price"": 132.42432641863996, ""fraction"": 0.2, ""shares"": 1.5468770650217083, ""reason"": ""adverse20""}, {""time"": ""2024-07-15 17:30:00+00:00"", ""price"": 130.6186571097409, ""fraction"": 0.6, ""shares"": 4.704783173873241, ""reason"": ""support60""}]","[{""time"": ""2024-07-16 13:30:00+00:00"", ""price"": 129.71582245529135, ""shares"": 7.777728628286368, ""reason"": ""stop""}]"
DORO_AGG_NOT_BEAR,A,AVGO,DAGG|AVGO|1467,2024-07-15,2024-07-15,0,2024-07-15 19:30:00+00:00,3.0,ALL_BULL_CONTROL,1020.3856191230254,31.776524994264115,166.34328689426482,166.34328689426482,171.69000244140625,5.346715547141429,177.03671798854768,182.3834335356891,166.85000610351562,176.64898681640625,176.64898681640625,1,0,0.0,1021.4060047421485,984.0809440571848,1020.3856191230254,985.066010067252,2.0054516291902775,False,True,True,False,False,1468,8,162.83999633789062,0.20853741414598334,-0.9893940491654036,2024-07-17 13:30:00+00:00,162.83999633789062,gap_stop,LOSS,-37.32506068496377,1020.3856191230254,3,"[{""time"": ""2024-07-15 19:30:00+00:00"", ""price"": 171.69000244140625, ""fraction"": 0.2, ""shares"": 1.1886372003183576, ""reason"": ""starter20""}, {""time"": ""2024-07-16 13:30:00+00:00"", ""price"": 169.55131622254967, ""fraction"": 0.2, ""shares"": 1.2036304310179318, ""reason"": ""adverse20""}, {""time"": ""2024-07-16 13:30:00+00:00"", ""price"": 167.4126300036931, ""fraction"": 0.6, ""shares"": 3.657020210842572, ""reason"": ""support60""}]","[{""time"": ""2024-07-17 13:30:00+00:00"", ""price"": 162.83999633789062, ""shares"": 6.049287842178861, ""reason"": ""gap_stop""}]"
DORO_AGG_NOT_BEAR,A,NFLX,DAGG|NFLX|1467,2024-07-15,2024-07-15,0,2024-07-15 19:30:00+00:00,3.0,ALL_BULL_CONTROL,1020.3448036982605,25.438657938011737,64.23449421876397,64.23449421876397,65.87689971923828,1.642405500474311,67.51930521971259,69.1617107201869,64.3707504272461,67.95774841308594,67.95774841308594,1,0,0.0,408.5460594007835,399.56683482252237,408.1379214793042,399.9668016241465,0.8081047231034507,False,True,False,False,False,1468,9,65.0,0.29870856240789456,-0.5868816834817958,2024-07-17 13:30:00+00:00,64.23449421876397,stop,LOSS,-8.979224578261153,408.1379214793042,2,"[{""time"": ""2024-07-15 19:30:00+00:00"", ""price"": 65.87689971923828, ""fraction"": 0.2, ""shares"": 3.097731702757364, ""reason"": ""starter20""}, {""time"": ""2024-07-16 13:30:00+00:00"", ""price"": 65.21993751904856, ""fraction"": 0.2, ""shares"": 3.128935238247513, ""reason"": ""adverse20""}]","[{""time"": ""2024-07-17 13:30:00+00:00"", ""price"": 64.23449421876397, ""shares"": 6.226666941004877, ""reason"": ""stop""}]"
DORO_AGG_NOT_BEAR,A,INTU,DAGG|INTU|1501,2024-07-22,2024-07-22,0,2024-07-22 18:30:00+00:00,3.0,ALL_BULL_CONTROL,1009.6826855112722,18.60916055771213,631.1637966169495,631.1637966169495,643.0150146484375,11.851218031487974,654.8662326799255,666.7174507114134,632.39501953125,663.1300048828125,663.1300048828125,1,0,0.0,404.2769472787134,396.9281516351846,403.8730742045089,397.3254771122969,0.8011985513168058,False,True,False,False,False,1502,9,630.25,0.44257013104069665,-0.5404532496033084,2024-07-24 13:30:00+00:00,630.25,gap_stop,LOSS,-7.348795643528831,403.8730742045089,2,"[{""time"": ""2024-07-22 18:30:00+00:00"", ""price"": 643.0150146484375, ""fraction"": 0.2, ""shares"": 0.31404637916995043, ""reason"": ""starter20""}, {""time"": ""2024-07-23 17:30:00+00:00"", ""price"": 638.2745274358423, ""fraction"": 0.2, ""shares"": 0.3163788125988665, ""reason"": ""adverse20""}]","[{""time"": ""2024-07-24 13:30:00+00:00"", ""price"": 630.25, ""shares"": 0.630425191768817, ""reason"": ""gap_stop""}]"
DORO_AGG_NOT_BEAR,A,NFLX,DAGG|NFLX|1500,2024-07-22,2024-07-22,0,2024-07-22 17:30:00+00:00,3.0,ALL_BULL_CONTROL,1009.5072131787155,40.73926147500334,62.69357091504635,62.69357091504635,65.33000183105469,2.6364309160083366,67.96643274706302,70.60286366307136,62.912010192871094,67.8969955444336,67.8969955444336,1,0,0.0,404.2066881567577,390.2954259894705,403.8028852714862,390.68611210157206,0.7944889973730582,False,True,False,False,False,1501,18,64.0999984741211,0.09292681090177494,-0.7823322194143901,2024-07-25 13:30:00+00:00,62.69357091504635,stop,LOSS,-13.911262167287191,403.8028852714862,2,"[{""time"": ""2024-07-22 17:30:00+00:00"", ""price"": 65.33000183105469, ""fraction"": 0.2, ""shares"": 3.09048579483996, ""reason"": ""starter20""}, {""time"": ""2024-07-23 13:30:00+00:00"", ""price"": 64.27542946465135, ""fraction"": 0.2, ""shares"": 3.1411916546863368, ""reason"": ""adverse20""}]","[{""time"": ""2024-07-25 13:30:00+00:00"", ""price"": 62.69357091504635, ""shares"": 6.2316774495262965, ""reason"": ""stop""}]"
DORO_AGG_NOT_BEAR,A,COST,DAGG|COST|1500,2024-07-22,2024-07-22,0,2024-07-22 17:30:00+00:00,3.0,ALL_BULL_CONTROL,1009.5475950825189,23.915120753109314,823.6513754489042,823.6513754489042,843.63623046875,19.98485501984578,863.6210854885958,883.6059405084416,825.1099853515625,855.2999877929688,855.2999877929688,1,0,0.0,1010.5571426776014,997.9431097056179,1009.5475950825189,998.9420517573752,2.0084896468398945,False,True,True,False,False,1501,22,825.9500122070312,0.5475978955020561,-0.8942379518172962,2024-07-25 17:30:00+00:00,823.6513754489042,stop,LOSS,-12.614032971983534,1009.5475950825189,3,"[{""time"": ""2024-07-22 17:30:00+00:00"", ""price"": 843.63623046875, ""fraction"": 0.2, ""shares"": 0.23933244178514798, ""reason"": ""starter20""}, {""time"": ""2024-07-24 13:30:00+00:00"", ""price"": 835.6422884608116, ""fraction"": 0.2, ""shares"": 0.24162194973211024, ""reason"": ""adverse20""}, {""time"": ""2024-07-25 13:30:00+00:00"", ""price"": 827.6483464528734, ""fraction"": 0.6, ""shares"": 0.7318670539795511, ""reason"": ""support60""}]","[{""time"": ""2024-07-25 17:30:00+00:00"", ""price"": 823.6513754489042, ""shares"": 1.2128214454968094, ""reason"": ""stop""}]"
DORO_AGG_NOT_BEAR,A,QCOM,DAGG|QCOM|1550,2024-07-31,2024-07-31,0,2024-07-31 18:30:00+00:00,3.0,ALL_BULL_CONTROL,869.1264714174326,50.13663330074409,166.13933772305327,166.13933772305327,176.30999755859375,10.170659835540476,186.48065739413423,196.6513172296747,166.7720947265625,182.63999938964844,182.63999938964844,1,0,0.0,869.9955978888502,845.7865315180926,869.1264714174326,846.6331646827754,1.715759636100208,False,True,True,False,False,1551,5,166.5,0.46899654000742186,-0.9773212949932496,2024-08-01 15:30:00+00:00,166.13933772305327,stop,LOSS,-24.20906637075757,869.1264714174326,3,"[{""time"": ""2024-07-31 18:30:00+00:00"", ""price"": 176.30999755859375, ""fraction"": 0.2, ""shares"": 0.9859071901224349, ""reason"": ""starter20""}, {""time"": ""2024-08-01 13:30:00+00:00"", ""price"": 172.24173362437756, ""fraction"": 0.2, ""shares"": 1.0091938267560774, ""reason"": ""adverse20""}, {""time"": ""2024-08-01 14:30:00+00:00"", ""price"": 168.17346969016137, ""fraction"": 0.6, ""shares"": 3.1008213353224727, ""reason"": ""support60""}]","[{""time"": ""2024-08-01 15:30:00+00:00"", ""price"": 166.13933772305327, ""shares"": 5.095922352200985, ""reason"": ""stop""}]"
DORO_AGG_NOT_BEAR,A,GOOGL,DAGG|GOOGL|1550,2024-07-31,2024-07-31,0,2024-07-31 18:30:00+00:00,3.0,ALL_BULL_CONTROL,1002.772776925959,32.405670688277894,165.62878578174175,165.62878578174175,171.16000366210938,5.53121788036762,176.691221542477,182.22243942284462,166.0,174.2449951171875,174.2449951171875,1,0,0.0,401.510219881154,390.2976827593042,401.1091107703836,390.68837113043463,0.7917974819008182,False,True,False,False,False,1551,10,166.55999755859375,0.5224887994208538,-0.41220556279105386,2024-08-02 13:30:00+00:00,165.62878578174175,stop,LOSS,-11.212537121849778,401.1091107703836,2,"[{""time"": ""2024-07-31 18:30:00+00:00"", ""price"": 171.16000366210938, ""fraction"": 0.2, ""shares"": 1.1717372697719197, ""reason"": ""starter20""}, {""time"": ""2024-08-01 18:30:00+00:00"", ""price"": 168.94751650996233, ""fraction"": 0.2, ""shares"": 1.1870819975821645, ""reason"": ""adverse20""}]","[{""time"": ""2024-08-02 13:30:00+00:00"", ""price"": 165.62878578174175, ""shares"": 2.358819267354084, ""reason"": ""stop""}]"
DORO_AGG_NOT_BEAR,A,JPM,DAGG|JPM|1577,2024-08-06,2024-08-06,0,2024-08-06 17:30:00+00:00,3.0,ALL_BULL_CONTROL,927.9404767450177,49.78442281137186,190.38659582807384,190.38659582807384,201.17999267578125,10.793396847707413,211.97338952348866,222.76678637119608,190.89999389648438,207.9499969482422,207.9499969482422,1,0,0.0,185.77368344435254,189.8352961428667,185.58809534900354,190.02532146433103,0.3756134168133346,False,False,False,False,False,1578,26,205.99000549316406,0.5521900841747639,-0.0907958580015725,2024-08-12 14:30:00+00:00,205.99000549316406,time,TIME,4.061612698514153,185.58809534900354,1,"[{""time"": ""2024-08-06 17:30:00+00:00"", ""price"": 201.17999267578125, ""fraction"": 0.2, ""shares"": 0.9224977736632818, ""reason"": ""starter20""}]","[{""time"": ""2024-08-12 14:30:00+00:00"", ""price"": 205.99000549316406, ""shares"": 0.9224977736632818, ""reason"": ""time""}]"
DORO_AGG_NOT_BEAR,A,CSCO,DAGG|CSCO|1615,2024-08-13,2024-08-13,0,2024-08-14 13:30:00+00:00,3.0,ALL_BULL_CONTROL,996.5007787671401,9.326884503318572,44.658069425735526,45.08000183105469,45.08000183105469,0.4219324053191613,45.50193423637385,45.92386664169301,44.720001220703125,46.05500030517578,46.05500030517578,1,0,0.0,199.49945590918148,201.8961228833192,199.30015575342804,202.09822110442363,0.4013983768578517,True,False,False,False,False,1616,8,48.75,12.324241709542944,-0.09480408478482698,2024-08-15 13:30:00+00:00,45.92386664169301,target2,WIN,2.39666697413773,199.30015575342804,1,"[{""time"": ""2024-08-14 13:30:00+00:00"", ""price"": 45.08000183105469, ""fraction"": 0.2, ""shares"": 4.421032556749682, ""reason"": ""starter20""}]","[{""time"": ""2024-08-14 13:30:00+00:00"", ""price"": 45.50193423637385, ""shares"": 2.210516278374841, ""reason"": ""target1_partial""}, {""time"": ""2024-08-15 13:30:00+00:00"", ""price"": 45.92386664169301, ""shares"": 2.210516278374841, ""reason"": ""target2""}]"
DORO_AGG_NOT_BEAR,A,AMZN,DAGG|AMZN|1654,2024-08-21,2024-08-21,0,2024-08-21 17:30:00+00:00,3.0,ALL_BULL_CONTROL,997.0811642390304,22.737013586945814,175.8611513213897,175.8611513213897,179.96499633789062,4.103845016500912,184.06884135439154,188.17268637089245,176.16000366210938,182.3800048828125,182.3800048828125,1,0,0.0,998.0782454032694,986.0140613345909,997.0811642390304,987.0010623969879,1.9840822266360183,False,True,True,False,False,1655,10,176.03500366210938,0.36673043859139737,-0.9710407177484784,2024-08-22 19:30:00+00:00,175.8611513213897,stop,LOSS,-12.064184068678514,997.0811642390304,3,"[{""time"": ""2024-08-21 17:30:00+00:00"", ""price"": 179.96499633789062, ""fraction"": 0.2, ""shares"": 1.1080834434791702, ""reason"": ""starter20""}, {""time"": ""2024-08-22 15:30:00+00:00"", ""price"": 178.32345833129025, ""fraction"": 0.2, ""shares"": 1.1182837901075784, ""reason"": ""adverse20""}, {""time"": ""2024-08-22 17:30:00+00:00"", ""price"": 176.68192032468988, ""fraction"": 0.6, ""shares"": 3.3860210339802252, ""reason"": ""support60""}]","[{""time"": ""2024-08-22 19:30:00+00:00"", ""price"": 175.8611513213897, ""shares"": 5.612388267566974, ""reason"": ""stop""}]"
DORO_AGG_NOT_BEAR,A,QCOM,DAGG|QCOM|1648,2024-08-20,2024-08-20,0,2024-08-20 18:30:00+00:00,3.0,ALL_BULL_CONTROL,996.9801121619678,25.469870610954967,168.33187531604744,168.33187531604744,172.7449951171875,4.413119801140056,177.15811491832756,181.5712347194676,168.74000549316406,175.42999267578125,175.42999267578125,1,0,0.0,997.9770922741297,995.649611213357,996.9801121619678,996.6462574708279,1.9936263696327958,False,True,True,False,False,1649,26,170.2050018310547,0.4815187658062312,-0.9890939813705891,2024-08-26 15:30:00+00:00,170.2050018310547,time,TIME,-2.3274810607726977,996.9801121619678,3,"[{""time"": ""2024-08-20 18:30:00+00:00"", ""price"": 172.7449951171875, ""fraction"": 0.2, ""shares"": 1.1542795917017823, ""reason"": ""starter20""}, {""time"": ""2024-08-22 15:30:00+00:00"", ""price"": 170.97974719673147, ""fraction"": 0.2, ""shares"": 1.16619673207825, ""reason"": ""adverse20""}, {""time"": ""2024-08-22 17:30:00+00:00"", ""price"": 169.21449927627546, ""fraction"": 0.6, ""shares"": 3.5350875359712686, ""reason"": ""support60""}]","[{""time"": ""2024-08-26 15:30:00+00:00"", ""price"": 170.2050018310547, ""shares"": 5.855563859751301, ""reason"": ""time""}]"
DORO_AGG_NOT_BEAR,A,LLY,DAGG|LLY|1649,2024-08-20,2024-08-20,0,2024-08-20 19:30:00+00:00,3.0,ALL_BULL_CONTROL,996.8767489889702,34.56515936370055,914.4441632489776,914.4441632489776,947.2899780273438,32.84581477836616,980.1357928057099,1012.9816075840761,916.5001220703125,967.0,967.0,1,0,0.0,199.57472514759186,200.30086627843434,199.37534979779406,200.5013676460804,0.3998767174438745,False,False,False,False,False,1650,26,952.6400146484375,0.7684404067867899,-0.24721551807981698,2024-08-26 16:30:00+00:00,952.6400146484375,time,TIME,0.7261411308424783,199.37534979779406,1,"[{""time"": ""2024-08-20 19:30:00+00:00"", ""price"": 947.2899780273438, ""fraction"": 0.2, ""shares"": 0.21046918517282048, ""reason"": ""starter20""}]","[{""time"": ""2024-08-26 16:30:00+00:00"", ""price"": 952.6400146484375, ""shares"": 0.21046918517282048, ""reason"": ""time""}]"
DORO_AGG_NOT_BEAR,A,COST,DAGG|COST|1655,2024-08-21,2024-08-21,0,2024-08-21 18:30:00+00:00,3.0,ALL_BULL_CONTROL,997.6934417522504,16.245155933763428,867.6386471696009,882.0,882.0,14.361352830399142,896.3613528303991,910.7227056607983,868.7000122070312,891.0178833007812,891.0178833007812,1,0,0.0,399.4764540776011,409.7543880791875,399.0773767009002,410.16455263181933,0.8092419293327195,True,True,False,False,False,1656,25,905.0499877929688,2.5713440057999515,-0.7194032571943367,2024-08-27 14:30:00+00:00,910.7227056607983,target2,WIN,10.277934001586402,399.0773767009002,2,"[{""time"": ""2024-08-21 18:30:00+00:00"", ""price"": 882.0, ""fraction"": 0.2, ""shares"": 0.22623434053339012, ""reason"": ""starter20""}, {""time"": ""2024-08-22 16:30:00+00:00"", ""price"": 876.2554588678404, ""fraction"": 0.2, ""shares"": 0.22771748390390928, ""reason"": ""adverse20""}]","[{""time"": ""2024-08-27 13:30:00+00:00"", ""price"": 896.3613528303991, ""shares"": 0.2269759122186497, ""reason"": ""target1_partial""}, {""time"": ""2024-08-27 14:30:00+00:00"", ""price"": 910.7227056607983, ""shares"": 0.2269759122186497, ""reason"": ""target2""}]"
DORO_AGG_NOT_BEAR,A,AAPL,DAGG|AAPL|1669,2024-08-23,2024-08-23,0,2024-08-23 18:30:00+00:00,3.0,ALL_BULL_CONTROL,997.8508181853622,12.873247045802007,223.53351183455385,226.4550018310547,226.4550018310547,2.9214899965008385,229.37649182755553,232.29798182405636,223.89999389648438,228.33999633789062,228.33999633789062,1,0,0.0,998.8486690035477,1010.6015794914451,997.8508181853622,1011.6131926841292,2.0094640108694914,True,True,True,False,False,1670,18,229.6300048828125,1.0970435753308825,-0.8778051283553151,2024-08-28 14:30:00+00:00,226.4550018310547,stop,BE_STOP,11.752910487897452,997.8508181853622,3,"[{""time"": ""2024-08-23 18:30:00+00:00"", ""price"": 226.4550018310547, ""fraction"": 0.2, ""shares"": 0.881279556748146, ""reason"": ""starter20""}, {""time"": ""2024-08-26 13:30:00+00:00"", ""price"": 225.28640583245436, ""fraction"": 0.2, ""shares"": 0.8858508923325489, ""reason"": ""adverse20""}, {""time"": ""2024-08-26 14:30:00+00:00"", ""price"": 224.117809833854, ""fraction"": 0.6, ""shares"": 2.6714096990108076, ""reason"": ""support60""}]","[{""time"": ""2024-08-28 13:30:00+00:00"", ""price"": 229.37649182755553, ""shares"": 2.219270074045751, ""reason"": ""target1_partial""}, {""time"": ""2024-08-28 14:30:00+00:00"", ""price"": 226.4550018310547, ""shares"": 2.219270074045751, ""reason"": ""stop""}]"
DORO_AGG_NOT_BEAR,A,AMAT,DAGG|AMAT|1741,2024-09-09,2024-09-09,0,2024-09-10 13:30:00+00:00,3.0,ALL_BULL_CONTROL,998.6531762601426,28.795826423077255,172.83829645523284,177.97000122070312,177.97000122070312,5.131704765470289,183.1017059861734,188.2334107516437,173.38999938964844,183.74000549316406,183.74000549316406,1,0,0.0,399.8607317745611,418.75094333592676,399.46127050405704,419.1701134493761,0.8186313839534332,True,True,False,False,False,1742,22,185.3000030517578,2.0151769845655223,-0.7521868047289773,2024-09-13 13:30:00+00:00,188.2334107516437,target2,WIN,18.890211561365675,399.46127050405704,2,"[{""time"": ""2024-09-10 13:30:00+00:00"", ""price"": 177.97000122070312, ""fraction"": 0.2, ""shares"": 1.1222713596789817, ""reason"": ""starter20""}, {""time"": ""2024-09-10 13:30:00+00:00"", ""price"": 175.917319314515, ""fraction"": 0.2, ""shares"": 1.1353665234912926, ""reason"": ""adverse20""}]","[{""time"": ""2024-09-11 17:30:00+00:00"", ""price"": 183.1017059861734, ""shares"": 1.1288189415851373, ""reason"": ""target1_partial""}, {""time"": ""2024-09-13 13:30:00+00:00"", ""price"": 188.2334107516437, ""shares"": 1.1288189415851373, ""reason"": ""target2""}]"
DORO_AGG_NOT_BEAR,A,AAPL,DAGG|AAPL|1751,2024-09-11,2024-09-11,0,2024-09-11 16:30:00+00:00,3.0,ALL_BULL_CONTROL,1001.0841977183147,21.09413137176562,216.20619638662941,216.20619638662941,220.86000061035156,4.6538042237221475,225.5138048340737,230.16760905779586,216.72000122070312,223.08999633789062,223.08999633789062,1,0,0.0,200.4170563832066,195.80201525604053,200.21683954366296,195.99801326930984,0.3962148528129728,False,False,False,False,False,1752,19,216.5500030517578,0.6811627684694317,-0.2234716451610889,2024-09-16 13:30:00+00:00,216.20619638662941,stop,LOSS,-4.61504112716608,200.21683954366296,1,"[{""time"": ""2024-09-11 16:30:00+00:00"", ""price"": 220.86000061035156, ""fraction"": 0.2, ""shares"": 0.9065328216533516, ""reason"": ""starter20""}]","[{""time"": ""2024-09-16 13:30:00+00:00"", ""price"": 216.20619638662941, ""shares"": 0.9065328216533516, ""reason"": ""stop""}]"
DORO_AGG_NOT_BEAR,A,TSLA,DAGG|TSLA|1746,2024-09-10,2024-09-10,0,2024-09-10 18:30:00+00:00,3.0,ALL_BULL_CONTROL,834.4769654278064,49.915960311703095,209.60438651095194,209.60438651095194,222.94000244140625,13.33561593045431,236.27561837186056,249.61123430231487,210.55999755859375,233.60000610351562,233.60000610351562,1,0,0.0,334.1245769572937,345.3712841066494,333.7907861711226,345.71700110775714,0.6795077872788797,False,True,False,False,False,1747,26,228.1096954345703,0.729175095784738,-0.4603993924746366,2024-09-16 15:30:00+00:00,228.1096954345703,time,TIME,11.2467071493557,333.7907861711226,2,"[{""time"": ""2024-09-10 18:30:00+00:00"", ""price"": 222.94000244140625, ""fraction"": 0.2, ""shares"": 0.7486112463348754, ""reason"": ""starter20""}, {""time"": ""2024-09-11 14:30:00+00:00"", ""price"": 217.60575606922453, ""fraction"": 0.2, ""shares"": 0.7669622169023356, ""reason"": ""adverse20""}]","[{""time"": ""2024-09-16 15:30:00+00:00"", ""price"": 228.1096954345703, ""shares"": 1.515573463237211, ""reason"": ""time""}]"
DORO_AGG_NOT_BEAR,A,TSLA,DAGG|TSLA|1787,2024-09-18,2024-09-18,0,2024-09-18 17:30:00+00:00,3.0,ALL_BULL_CONTROL,1003.5711960237882,31.90557610665244,222.84274750465508,230.16000366210938,230.16000366210938,7.317256157454295,237.47725981956367,244.79451597701797,223.52999877929688,234.57000732421875,234.57000732421875,1,0,0.0,401.8299068879248,422.85715585358304,401.42847840951526,423.2804362898729,0.8247089146993882,True,True,False,False,False,1788,18,242.63999938964844,2.503669636707551,-0.43185636721084175,2024-09-23 13:30:00+00:00,244.79451597701797,target2,WIN,21.02724896565826,401.42847840951526,2,"[{""time"": ""2024-09-18 17:30:00+00:00"", ""price"": 230.16000366210938, ""fraction"": 0.2, ""shares"": 0.8720639381785024, ""reason"": ""starter20""}, {""time"": ""2024-09-18 19:30:00+00:00"", ""price"": 227.23310119912765, ""fraction"": 0.2, ""shares"": 0.8832966594460586, ""reason"": ""adverse20""}]","[{""time"": ""2024-09-19 13:30:00+00:00"", ""price"": 237.47725981956367, ""shares"": 0.8776802988122805, ""reason"": ""target1_partial""}, {""time"": ""2024-09-23 13:30:00+00:00"", ""price"": 244.79451597701797, ""shares"": 0.8776802988122805, ""reason"": ""target2""}]"
DORO_AGG_NOT_BEAR,A,MSFT,DAGG|MSFT|1781,2024-09-17,2024-09-17,0,2024-09-17 18:30:00+00:00,3.0,ALL_BULL_CONTROL,1003.7575517768536,27.282263371222754,423.53171206360753,423.53171206360753,435.364990234375,11.833278170767471,447.19826840514247,459.03154657590994,424.260009765625,441.8500061035156,441.8500061035156,1,0,0.0,401.9045237314522,402.5417347024894,401.50302071074145,402.94467938187125,0.8044477000926127,False,True,False,False,False,1782,26,434.54010009765625,0.4973270872785809,-0.4205178535074858,2024-09-23 15:30:00+00:00,434.54010009765625,time,TIME,0.6372109710372342,401.50302071074145,2,"[{""time"": ""2024-09-17 18:30:00+00:00"", ""price"": 435.364990234375, ""fraction"": 0.2, ""shares"": 0.46111082622260896, ""reason"": ""starter20""}, {""time"": ""2024-09-18 15:30:00+00:00"", ""price"": 430.631678966068, ""fraction"": 0.2, ""shares"": 0.4661791506778328, ""reason"": ""adverse20""}]","[{""time"": ""2024-09-23 15:30:00+00:00"", ""price"": 434.54010009765625, ""shares"": 0.9272899769004417, ""reason"": ""time""}]"
DORO_AGG_NOT_BEAR,A,AVGO,DAGG|AVGO|1787,2024-09-18,2024-09-18,0,2024-09-18 17:30:00+00:00,3.0,ALL_BULL_CONTROL,1003.6113404774071,28.158594811490843,159.9283146532999,164.5449981689453,164.5449981689453,4.616683515645406,169.16168168459072,173.77836520023612,160.41000366210938,168.0800018310547,168.0800018310547,1,0,0.0,401.84598072715386,420.29311796910696,401.4445361909629,420.7138318009079,0.8221583679918708,True,True,False,False,False,1788,25,172.80999755859375,2.2104616434007482,-0.6898886501100113,2024-09-24 13:30:00+00:00,173.77836520023612,target2,WIN,18.4471372419531,401.4445361909629,2,"[{""time"": ""2024-09-18 17:30:00+00:00"", ""price"": 164.5449981689453, ""fraction"": 0.2, ""shares"": 1.2198624712335004, ""reason"": ""starter20""}, {""time"": ""2024-09-18 19:30:00+00:00"", ""price"": 162.69832476268715, ""fraction"": 0.2, ""shares"": 1.2337082658242258, ""reason"": ""adverse20""}]","[{""time"": ""2024-09-19 15:30:00+00:00"", ""price"": 169.16168168459072, ""shares"": 1.226785368528863, ""reason"": ""target1_partial""}, {""time"": ""2024-09-24 13:30:00+00:00"", ""price"": 173.77836520023612, ""shares"": 1.226785368528863, ""reason"": ""target2""}]"
DORO_AGG_NOT_BEAR,A,COST,DAGG|COST|1801,2024-09-20,2024-09-20,0,2024-09-20 17:30:00+00:00,3.0,ALL_BULL_CONTROL,1010.1571493948322,13.471780358985242,889.5957011261339,901.6199951171875,901.6199951171875,12.024293991053582,913.6442891082411,925.6685830992947,890.94970703125,907.8073120117188,907.8073120117188,1,0,0.0,202.23346130884542,203.17522930695014,202.03142987896646,203.37860791486497,0.40541003779383145,True,False,False,False,False,1802,15,903.4000244140625,1.4869899967612015,-0.3942011263115895,2024-09-24 17:30:00+00:00,901.6199951171875,stop,BE_STOP,0.9417679981047229,202.03142987896646,1,"[{""time"": ""2024-09-20 17:30:00+00:00"", ""price"": 901.6199951171875, ""fraction"": 0.2, ""shares"": 0.22407603089226916, ""reason"": ""starter20""}]","[{""time"": ""2024-09-23 13:30:00+00:00"", ""price"": 913.6442891082411, ""shares"": 0.11203801544613458, ""reason"": ""target1_partial""}, {""time"": ""2024-09-24 17:30:00+00:00"", ""price"": 901.6199951171875, ""shares"": 0.11203801544613458, ""reason"": ""stop""}]"
DORO_AGG_NOT_BEAR,A,JPM,DAGG|JPM|1817,2024-09-24,2024-09-24,0,2024-09-24 19:30:00+00:00,3.0,ALL_BULL_CONTROL,1011.968224812204,11.4884198068415,209.20768751125317,209.20768751125317,211.61000061035156,2.402313099098393,214.01231370944996,216.41462680854835,209.5,212.9499969482422,212.9499969482422,1,0,0.0,1012.9801930370161,1005.8875014969617,1011.968224812204,1006.8943958928545,2.0188626207050584,False,True,True,False,False,1818,3,209.91000366210938,0.26224928093217564,-0.8179601312701927,2024-09-25 14:30:00+00:00,209.20768751125317,stop,LOSS,-7.092691540054375,1011.968224812204,3,"[{""time"": ""2024-09-24 19:30:00+00:00"", ""price"": 211.61000061035156, ""fraction"": 0.2, ""shares"": 0.9564465024274477, ""reason"": ""starter20""}, {""time"": ""2024-09-25 13:30:00+00:00"", ""price"": 210.6490753707122, ""fraction"": 0.2, ""shares"": 0.9608095578214952, ""reason"": ""adverse20""}, {""time"": ""2024-09-25 13:30:00+00:00"", ""price"": 209.68815013107286, ""fraction"": 0.6, ""shares"": 2.895637805511579, ""reason"": ""support60""}]","[{""time"": ""2024-09-25 14:30:00+00:00"", ""price"": 209.20768751125317, ""shares"": 4.812893865760522, ""reason"": ""stop""}]"
DORO_AGG_NOT_BEAR,A,ISRG,DAGG|ISRG|1829,2024-09-26,2024-09-26,0,2024-09-26 17:30:00+00:00,3.0,ALL_BULL_CONTROL,1010.5496865041931,9.763891915158514,481.6212022569302,481.6212022569302,486.32000732421875,4.698805067288561,491.0188123915073,495.71761745879587,482.2900085449219,490.94000244140625,490.94000244140625,1,0,0.0,1011.5602361906972,1005.2336613219936,1010.5496865041931,1006.2399012232169,2.01678958772741,False,True,True,False,False,1830,6,484.5799865722656,0.7895606227433841,-0.9339649600833014,2024-09-27 15:30:00+00:00,481.6212022569302,stop,LOSS,-6.326574868703574,1010.5496865041931,3,"[{""time"": ""2024-09-26 17:30:00+00:00"", ""price"": 486.32000732421875, ""fraction"": 0.2, ""shares"": 0.4155904224727822, ""reason"": ""starter20""}, {""time"": ""2024-09-27 13:30:00+00:00"", ""price"": 484.4404852973033, ""fraction"": 0.2, ""shares"": 0.41720282147104787, ""reason"": ""adverse20""}, {""time"": ""2024-09-27 13:30:00+00:00"", ""price"": 482.5609632703879, ""fraction"": 0.6, ""shares"": 1.2564833421114878, ""reason"": ""support60""}]","[{""time"": ""2024-09-27 15:30:00+00:00"", ""price"": 481.6212022569302, ""shares"": 2.089276586055318, ""reason"": ""stop""}]"
DORO_AGG_NOT_BEAR,A,MA,DAGG|MA|1830,2024-09-26,2024-09-26,0,2024-09-26 18:30:00+00:00,3.0,ALL_BULL_CONTROL,1010.4286398733107,18.150675755400435,482.9165263131919,482.9165263131919,491.75,8.833473686808077,500.5834736868081,509.41694737361615,483.5400085449219,497.69000244140625,497.69000244140625,1,0,0.0,202.2878137026368,203.43343282580548,202.08572797466215,203.6370698957012,0.40572279787036336,False,False,False,False,False,1831,26,495.5249938964844,0.710931961984042,-0.23433672840505565,2024-10-02 15:30:00+00:00,495.5249938964844,time,TIME,1.1456191231686716,202.08572797466215,1,"[{""time"": ""2024-09-26 18:30:00+00:00"", ""price"": 491.75, ""fraction"": 0.2, ""shares"": 0.41095216669987217, ""reason"": ""starter20""}]","[{""time"": ""2024-10-02 15:30:00+00:00"", ""price"": 495.5249938964844, ""shares"": 0.41095216669987217, ""reason"": ""time""}]"
DORO_AGG_NOT_BEAR,A,GOOGL,DAGG|GOOGL|1849,2024-10-01,2024-10-01,0,2024-10-01 16:30:00+00:00,3.0,ALL_BULL_CONTROL,1009.528332581903,26.81295739382957,161.97557193350613,161.97557193350613,166.39500427246094,4.419432338954806,170.81443661141574,175.23386895037055,162.27999877929688,169.16000366210938,169.16000366210938,1,0,0.0,404.215144365794,406.60933185913564,403.81133303276124,407.01634820734296,0.8108276812401042,False,True,False,False,False,1850,26,166.82000732421875,0.4717781142840677,-0.5593478828221952,2024-10-07 13:30:00+00:00,166.82000732421875,time,TIME,2.394187493341633,403.81133303276124,2,"[{""time"": ""2024-10-01 16:30:00+00:00"", ""price"": 166.39500427246094, ""fraction"": 0.2, ""shares"": 1.2134118292744733, ""reason"": ""starter20""}, {""time"": ""2024-10-03 13:30:00+00:00"", ""price"": 164.62723133687902, ""fraction"": 0.2, ""shares"": 1.2264414876978535, ""reason"": ""adverse20""}]","[{""time"": ""2024-10-07 13:30:00+00:00"", ""price"": 166.82000732421875, ""shares"": 2.439853316972327, ""reason"": ""time""}]"
DORO_AGG_NOT_BEAR,A,TSLA,DAGG|TSLA|1873,2024-10-04,2024-10-04,0,2024-10-04 19:30:00+00:00,3.0,ALL_BULL_CONTROL,973.9610062019118,50.49404928132598,236.95366561525037,236.95366561525037,249.91000366210938,12.956338046859003,262.8663417089684,275.8226797558274,237.8300018310547,258.1300048828125,258.1300048828125,1,0,0.0,974.9349672081137,950.4017710221899,973.9610062019118,951.3531241463362,1.925314130348248,False,True,True,False,False,1874,23,241.80999755859375,0.028550008738217548,-0.8026966506786002,2024-10-10 13:30:00+00:00,236.95366561525037,stop,LOSS,-24.53319618592377,973.9610062019118,3,"[{""time"": ""2024-10-04 19:30:00+00:00"", ""price"": 249.91000366210938, ""fraction"": 0.2, ""shares"": 0.7794493953261312, ""reason"": ""starter20""}, {""time"": ""2024-10-07 14:30:00+00:00"", ""price"": 244.72746844336578, ""fraction"": 0.2, ""shares"": 0.7959556092309299, ""reason"": ""adverse20""}, {""time"": ""2024-10-09 13:30:00+00:00"", ""price"": 239.54493322462218, ""fraction"": 0.6, ""shares"": 2.4395281330086616, ""reason"": ""support60""}]","[{""time"": ""2024-10-10 13:30:00+00:00"", ""price"": 236.95366561525037, ""shares"": 4.0149331375657225, ""reason"": ""stop""}]"
DORO_AGG_NOT_BEAR,A,MA,DAGG|MA|1886,2024-10-08,2024-10-08,0,2024-10-08 18:30:00+00:00,3.0,ALL_BULL_CONTROL,1009.0014407292222,12.027718863405827,490.2360706136295,496.150390625,496.150390625,5.914320011370478,502.0647106363705,507.97903064774096,490.75,499.04998779296875,499.04998779296875,1,0,0.0,202.00208843399028,205.2031952010613,201.80028814584443,205.40860380486617,0.40720889195071064,True,False,False,False,False,1887,25,506.0299987792969,2.0170697433230833,-0.09475210777096915,2024-10-14 14:30:00+00:00,507.97903064774096,target2,WIN,3.2011067670710247,201.80028814584443,1,"[{""time"": ""2024-10-08 18:30:00+00:00"", ""price"": 496.150390625, ""fraction"": 0.2, ""shares"": 0.40673209566888957, ""reason"": ""starter20""}]","[{""time"": ""2024-10-11 18:30:00+00:00"", ""price"": 502.0647106363705, ""shares"": 0.20336604783444479, ""reason"": ""target1_partial""}, {""time"": ""2024-10-14 14:30:00+00:00"", ""price"": 507.97903064774096, ""shares"": 0.20336604783444479, ""reason"": ""target2""}]"
DORO_AGG_NOT_BEAR,A,TMUS,DAGG|TMUS|1906,2024-10-11,2024-10-11,0,2024-10-11 17:30:00+00:00,3.0,ALL_BULL_CONTROL,1005.0347536652891,11.454129913828867,210.25119919274215,212.6750030517578,212.6750030517578,2.4238038590156634,215.09880691077348,217.52261076978914,210.50999450683594,215.1750030517578,215.1750030517578,1,0,0.0,201.20795768379088,204.2387465174993,201.00695073305783,204.4431897072065,0.4054501404402643,True,False,False,False,False,1907,12,217.30499267578125,2.279472357440731,-0.02888324645509098,2024-10-15 14:30:00+00:00,217.52261076978914,target2,WIN,3.0307888337084137,201.00695073305783,1,"[{""time"": ""2024-10-11 17:30:00+00:00"", ""price"": 212.6750030517578, ""fraction"": 0.2, ""shares"": 0.945136700828633, ""reason"": ""starter20""}]","[{""time"": ""2024-10-14 13:30:00+00:00"", ""price"": 215.09880691077348, ""shares"": 0.4725683504143165, ""reason"": ""target1_partial""}, {""time"": ""2024-10-15 14:30:00+00:00"", ""price"": 217.52261076978914, ""shares"": 0.4725683504143165, ""reason"": ""target2""}]"
DORO_AGG_NOT_BEAR,A,WMT,DAGG|WMT|1892,2024-10-09,2024-10-09,0,2024-10-09 17:30:00+00:00,3.0,ALL_BULL_CONTROL,1011.4912874763406,18.07435109912153,78.89949193084892,78.89949193084892,80.33499908447266,1.4355071536237318,81.77050623809639,83.20601339172012,78.9800033569336,81.11000061035156,81.11000061035156,1,0,0.0,405.0011115055268,412.0676825796519,404.59651499053626,412.48016274239427,0.8170766777329306,False,True,False,False,False,1893,26,81.60659790039062,0.9857149871774424,-0.6722337366655612,2024-10-15 14:30:00+00:00,81.60659790039062,time,TIME,7.066571074125079,404.59651499053626,2,"[{""time"": ""2024-10-09 17:30:00+00:00"", ""price"": 80.33499908447266, ""fraction"": 0.2, ""shares"": 2.5181833547113195, ""reason"": ""starter20""}, {""time"": ""2024-10-10 14:30:00+00:00"", ""price"": 79.76079622302316, ""fraction"": 0.2, ""shares"": 2.5363119110497823, ""reason"": ""adverse20""}]","[{""time"": ""2024-10-15 14:30:00+00:00"", ""price"": 81.60659790039062, ""shares"": 5.054495265761101, ""reason"": ""time""}]"
DORO_AGG_NOT_BEAR,A,COST,DAGG|COST|1923,2024-10-15,2024-10-15,0,2024-10-16 13:30:00+00:00,3.0,ALL_BULL_CONTROL,1007.7453869515505,6.174980004020927,884.5017999318553,884.5017999318553,889.9550170898438,5.453217157988433,895.4082342478322,900.8614514058206,885.5001220703125,900.6500244140625,900.6500244140625,1,0,0.0,201.7506264677004,200.11376730811642,201.54907739031012,200.31408138950593,0.40186315877981604,False,False,False,False,False,1924,1,889.9550170898438,0.0,0.0,2024-10-16 13:30:00+00:00,884.5017999318553,stop,LOSS,-1.6368591595839916,201.54907739031012,1,"[{""time"": ""2024-10-16 13:30:00+00:00"", ""price"": 889.9550170898438, ""fraction"": 0.2, ""shares"": 0.22647108395363214, ""reason"": ""starter20""}]","[{""time"": ""2024-10-16 13:30:00+00:00"", ""price"": 884.5017999318553, ""shares"": 0.22647108395363214, ""reason"": ""stop""}]"
DORO_AGG_NOT_BEAR,A,TSLA,DAGG|TSLA|1937,2024-10-17,2024-10-17,0,2024-10-18 13:30:00+00:00,3.0,ALL_BULL_CONTROL,1007.4180151196338,18.70716699296202,216.6213590884874,216.6213590884874,220.72000122070312,4.09864213221573,224.81864335291885,228.91728548513458,217.1199951171875,224.25999450683594,224.25999450683594,1,0,0.0,201.6850866269507,197.544427455709,201.48360302392678,197.74216962533436,0.3992257726492612,False,False,False,False,False,1938,8,218.89999389648438,0.3806132636787232,-0.36353637255921245,2024-10-21 13:30:00+00:00,216.6213590884874,stop,LOSS,-4.14065917124168,201.48360302392678,1,"[{""time"": ""2024-10-18 13:30:00+00:00"", ""price"": 220.72000122070312, ""fraction"": 0.2, ""shares"": 0.9128470546829083, ""reason"": ""starter20""}]","[{""time"": ""2024-10-21 13:30:00+00:00"", ""price"": 216.6213590884874, ""shares"": 0.9128470546829083, ""reason"": ""stop""}]"
DORO_AGG_NOT_BEAR,A,AMZN,DAGG|AMZN|1948,2024-10-21,2024-10-21,0,2024-10-21 17:30:00+00:00,3.0,ALL_BULL_CONTROL,1006.6093556958749,17.031955413506928,185.566646958194,185.566646958194,188.760498046875,3.1938510886809865,191.954349135556,195.14820022423697,185.88999938964844,190.74000549316406,190.74000549316406,1,0,0.0,403.04638602062835,396.78240992313795,402.64374227835,397.1795895126506,0.7998233317910006,False,True,False,False,False,1949,13,186.4499969482422,0.8640059129136083,-0.7234216732336809,2024-10-23 15:30:00+00:00,185.566646958194,stop,LOSS,-6.263976097490399,402.64374227835,2,"[{""time"": ""2024-10-21 17:30:00+00:00"", ""price"": 188.760498046875, ""fraction"": 0.2, ""shares"": 1.0665466197762448, ""reason"": ""starter20""}, {""time"": ""2024-10-22 13:30:00+00:00"", ""price"": 187.4829576114026, ""fraction"": 0.2, ""shares"": 1.0738142479939772, ""reason"": ""adverse20""}]","[{""time"": ""2024-10-23 15:30:00+00:00"", ""price"": 185.566646958194, ""shares"": 2.140360867770222, ""reason"": ""stop""}]"
DORO_AGG_NOT_BEAR,A,MSFT,DAGG|MSFT|1942,2024-10-18,2024-10-18,0,2024-10-18 18:30:00+00:00,3.0,ALL_BULL_CONTROL,1007.4560875463263,19.137382199942945,409.9518811389716,417.8900146484375,417.8900146484375,7.938133509465899,425.8281481579034,433.7662816673693,410.4800109863281,422.5,422.5,1,0,0.0,403.3854174535491,410.73917856592766,402.98243501853057,411.15032889482245,0.8141327639133531,True,True,False,False,False,1943,26,423.6400146484375,1.6615961306394789,-0.5152378516425253,2024-10-24 15:30:00+00:00,423.6400146484375,time,TIME,7.35376111237855,402.98243501853057,2,"[{""time"": ""2024-10-18 18:30:00+00:00"", ""price"": 417.8900146484375, ""fraction"": 0.2, ""shares"": 0.48216327369960205, ""reason"": ""starter20""}, {""time"": ""2024-10-21 14:30:00+00:00"", ""price"": 414.71476124465113, ""fraction"": 0.2, ""shares"": 0.4858549449856701, ""reason"": ""adverse20""}]","[{""time"": ""2024-10-22 13:30:00+00:00"", ""price"": 425.8281481579034, ""shares"": 0.4840091093426361, ""reason"": ""target1_partial""}, {""time"": ""2024-10-24 15:30:00+00:00"", ""price"": 423.6400146484375, ""shares"": 0.4840091093426361, ""reason"": ""time""}]"
DORO_AGG_NOT_BEAR,A,COST,DAGG|COST|1942,2024-10-18,2024-10-18,0,2024-10-18 18:30:00+00:00,3.0,ALL_BULL_CONTROL,1007.4963874018224,11.241137736894101,878.5272359409074,888.4400024414062,888.4400024414062,9.912766500498833,898.3527689419051,908.2655354424039,879.5001220703125,895.3300170898438,895.3300170898438,1,0,0.0,403.4015535156897,405.74898931918864,402.998554960729,406.1551444636523,0.8091536994243813,True,True,False,False,False,1943,26,894.614990234375,1.7391704155956307,-0.47817027003879015,2024-10-24 15:30:00+00:00,888.4400024414062,stop,BE_STOP,2.347435803498911,402.998554960729,2,"[{""time"": ""2024-10-18 18:30:00+00:00"", ""price"": 888.4400024414062, ""fraction"": 0.2, ""shares"": 0.2268012211591673, ""reason"": ""starter20""}, {""time"": ""2024-10-21 14:30:00+00:00"", ""price"": 884.4748958412067, ""fraction"": 0.2, ""shares"": 0.22781797248040883, ""reason"": ""adverse20""}]","[{""time"": ""2024-10-23 13:30:00+00:00"", ""price"": 898.3527689419051, ""shares"": 0.22730959681978807, ""reason"": ""target1_partial""}, {""time"": ""2024-10-24 15:30:00+00:00"", ""price"": 888.4400024414062, ""shares"": 0.22730959681978807, ""reason"": ""stop""}]"
DORO_AGG_NOT_BEAR,A,AMD,DAGG|AMD|1971,2024-10-24,2024-10-24,0,2024-10-24 19:30:00+00:00,3.0,ALL_BULL_CONTROL,1007.2773274490628,23.552824440856092,150.20374969414974,153.8000030517578,153.8000030517578,3.5962533576080773,157.3962564093659,160.99250976697397,150.5200958251953,158.0,158.0,1,0,0.0,201.65692095530238,208.31279150924735,201.45546548981258,208.5213128220694,0.40997677831188195,True,False,False,False,False,1972,16,161.0500030517578,2.6305130685703717,-0.13347105440266172,2024-10-29 13:30:00+00:00,160.99250976697397,target2,WIN,6.655870553944965,201.45546548981258,1,"[{""time"": ""2024-10-24 19:30:00+00:00"", ""price"": 153.8000030517578, ""fraction"": 0.2, ""shares"": 1.3098534557376922, ""reason"": ""starter20""}]","[{""time"": ""2024-10-25 13:30:00+00:00"", ""price"": 157.3962564093659, ""shares"": 0.6549267278688461, ""reason"": ""target1_partial""}, {""time"": ""2024-10-29 13:30:00+00:00"", ""price"": 160.99250976697397, ""shares"": 0.6549267278688461, ""reason"": ""target2""}]"
DORO_AGG_NOT_BEAR,A,ORCL,DAGG|ORCL|1992,2024-10-29,2024-10-29,0,2024-10-29 19:30:00+00:00,3.0,ALL_BULL_CONTROL,1008.6085015598518,10.324171786123156,171.95168598940018,173.72999572753906,173.72999572753906,1.778309738138887,175.50830546567795,177.28661520381684,172.13499450683594,176.2899932861328,176.2899932861328,1,0,0.0,403.8468440245647,402.204348873045,403.44340062394076,402.6069558288739,0.8060503564528146,True,True,False,False,False,1993,8,170.52000427246094,1.3664705773435557,-0.5285932035608272,2024-10-31 13:30:00+00:00,170.52000427246094,gap_stop,BE_STOP,-1.6424951515197108,403.44340062394076,2,"[{""time"": ""2024-10-29 19:30:00+00:00"", ""price"": 173.72999572753906, ""fraction"": 0.2, ""shares"": 1.1611218861038295, ""reason"": ""starter20""}, {""time"": ""2024-10-30 13:30:00+00:00"", ""price"": 173.0186718322835, ""fraction"": 0.2, ""shares"": 1.1658955543683187, ""reason"": ""adverse20""}]","[{""time"": ""2024-10-30 15:30:00+00:00"", ""price"": 175.50830546567795, ""shares"": 1.163508720236074, ""reason"": ""target1_partial""}, {""time"": ""2024-10-31 13:30:00+00:00"", ""price"": 170.52000427246094, ""shares"": 1.163508720236074, ""reason"": ""gap_stop""}]"
DORO_AGG_NOT_BEAR,A,LLY,DAGG|LLY|2041,2024-11-07,2024-11-07,0,2024-11-07 20:30:00+00:00,3.0,ALL_BULL_CONTROL,1008.2800025295478,42.78748838932535,765.5531542934959,799.47998046875,799.47998046875,33.926826175254064,833.4068066440041,867.3336328192581,767.6099853515625,820.72998046875,820.72998046875,1,0,0.0,201.85765650641548,208.21525011029846,201.65600050590956,208.42367378408255,0.4100796742899921,True,False,False,False,False,2042,26,819.2150268554688,1.408620977854912,-0.07280108240040092,2024-11-13 17:30:00+00:00,819.2150268554688,time,TIME,6.357593603882975,201.65600050590956,1,"[{""time"": ""2024-11-07 20:30:00+00:00"", ""price"": 799.47998046875, ""fraction"": 0.2, ""shares"": 0.252233958863704, ""reason"": ""starter20""}]","[{""time"": ""2024-11-08 16:30:00+00:00"", ""price"": 833.4068066440041, ""shares"": 0.126116979431852, ""reason"": ""target1_partial""}, {""time"": ""2024-11-13 17:30:00+00:00"", ""price"": 819.2150268554688, ""shares"": 0.126116979431852, ""reason"": ""time""}]"
DORO_AGG_NOT_BEAR,A,CSCO,DAGG|CSCO|2053,2024-11-11,2024-11-11,0,2024-11-11 18:30:00+00:00,3.0,ALL_BULL_CONTROL,1009.9669298571761,21.359796035664917,57.45855413085312,57.45855413085312,58.70000076293945,1.2414466320863298,59.94144739502578,61.18289402711211,57.540000915527344,59.380001068115234,59.380001068115234,1,0,0.0,1010.9768967870334,999.5021352685797,1009.9669298571762,1000.5026379064861,2.0104695677636624,False,True,True,False,False,2054,25,57.5099983215332,0.4671952876320575,-0.9505042542124553,2024-11-15 14:30:00+00:00,57.45855413085312,stop,LOSS,-11.47476151845376,1009.9669298571762,3,"[{""time"": ""2024-11-11 18:30:00+00:00"", ""price"": 58.70000076293945, ""fraction"": 0.2, ""shares"": 3.4411138559808125, ""reason"": ""starter20""}, {""time"": ""2024-11-13 14:30:00+00:00"", ""price"": 58.203422110104924, ""fraction"": 0.2, ""shares"": 3.4704726740863983, ""reason"": ""adverse20""}, {""time"": ""2024-11-14 14:30:00+00:00"", ""price"": 57.70684345727039, ""fraction"": 0.6, ""shares"": 10.501010306741344, ""reason"": ""support60""}]","[{""time"": ""2024-11-15 14:30:00+00:00"", ""price"": 57.45855413085312, ""shares"": 17.412596836808554, ""reason"": ""stop""}]"
DORO_AGG_NOT_BEAR,A,PLTR,DAGG|PLTR|2070,2024-11-13,2024-11-13,0,2024-11-14 14:30:00+00:00,3.0,ALL_BULL_CONTROL,1010.1333287725835,45.40972847128986,58.305545797536915,61.04999923706055,61.04999923706055,2.7444534395236317,63.79445267658418,66.53890611610781,58.56999969482422,63.38999938964844,63.38999938964844,1,0,0.0,1011.143462101356,1058.678897903558,1010.1333287725834,1059.738636540098,2.0698719653126814,True,True,True,False,False,2071,15,64.91999816894531,1.8036380911598373,-0.9182157807716645,2024-11-18 14:30:00+00:00,61.04999923706055,stop,BE_STOP,47.53543580220196,1010.1333287725834,3,"[{""time"": ""2024-11-14 14:30:00+00:00"", ""price"": 61.04999923706055, ""fraction"": 0.2, ""shares"": 3.309200135614022, ""reason"": ""starter20""}, {""time"": ""2024-11-14 14:30:00+00:00"", ""price"": 59.95221786125109, ""fraction"": 0.2, ""shares"": 3.369794695870502, ""reason"": ""adverse20""}, {""time"": ""2024-11-14 15:30:00+00:00"", ""price"": 58.85443648544164, ""fraction"": 0.6, ""shares"": 10.297949202410107, ""reason"": ""support60""}]","[{""time"": ""2024-11-15 15:30:00+00:00"", ""price"": 63.79445267658418, ""shares"": 8.488472016947316, ""reason"": ""target1_partial""}, {""time"": ""2024-11-18 14:30:00+00:00"", ""price"": 61.04999923706055, ""shares"": 8.488472016947316, ""reason"": ""stop""}]"
DORO_AGG_NOT_BEAR,A,AMD,DAGG|AMD|2116,2024-11-22,2024-11-22,0,2024-11-22 18:30:00+00:00,3.0,ALL_BULL_CONTROL,1017.2235626541648,26.044384682493178,134.58365323793524,138.1199951171875,138.1199951171875,3.5363418792522623,141.65633699643976,145.19267887569202,134.92999267578125,140.2799072265625,140.2799072265625,1,0,0.0,203.64815724336378,205.84310184808322,203.44471253083296,206.0491509990823,0.40949386352991524,True,False,False,False,False,2117,11,142.5500030517578,1.1961544247589926,-0.10180028476988837,2024-11-26 14:30:00+00:00,138.1199951171875,stop,BE_STOP,2.1949446047194385,203.44471253083296,1,"[{""time"": ""2024-11-22 18:30:00+00:00"", ""price"": 138.1199951171875, ""fraction"": 0.2, ""shares"": 1.4729562679047368, ""reason"": ""starter20""}]","[{""time"": ""2024-11-25 14:30:00+00:00"", ""price"": 141.65633699643976, ""shares"": 0.7364781339523684, ""reason"": ""target1_partial""}, {""time"": ""2024-11-26 14:30:00+00:00"", ""price"": 138.1199951171875, ""shares"": 0.7364781339523684, ""reason"": ""stop""}]"
DORO_AGG_NOT_BEAR,A,TMUS,DAGG|TMUS|2107,2024-11-21,2024-11-21,0,2024-11-21 16:30:00+00:00,3.0,ALL_BULL_CONTROL,1016.763656107074,16.753937762240792,232.53416756576183,236.42999267578125,236.42999267578125,3.895825110019416,240.32581778580067,244.22164289582008,232.8300018310547,238.9949951171875,238.9949951171875,1,0,0.0,203.55608395263624,208.170533637537,203.3527312214148,208.37891255008708,0.4117316437715019,True,False,False,False,False,2108,25,243.8699951171875,2.0175445222468906,-0.1206383625141017,2024-11-26 19:30:00+00:00,244.22164289582008,target2,WIN,4.614449684900762,203.3527312214148,1,"[{""time"": ""2024-11-21 16:30:00+00:00"", ""price"": 236.42999267578125, ""fraction"": 0.2, ""shares"": 0.8600970161187392, ""reason"": ""starter20""}]","[{""time"": ""2024-11-25 14:30:00+00:00"", ""price"": 240.32581778580067, ""shares"": 0.4300485080593696, ""reason"": ""target1_partial""}, {""time"": ""2024-11-26 19:30:00+00:00"", ""price"": 244.22164289582008, ""shares"": 0.4300485080593696, ""reason"": ""target2""}]"
DORO_AGG_NOT_BEAR,A,META,DAGG|META|2125,2024-11-25,2024-11-25,0,2024-11-25 20:30:00+00:00,3.0,ALL_BULL_CONTROL,1018.2450784818793,23.50419559257441,547.8550171960558,560.7999877929688,560.7999877929688,12.944970596912981,573.7449583898817,586.6899289867947,549.0499877929688,572.5914916992188,572.5914916992188,1,0,0.0,203.85266471207225,210.48957409977407,203.64901569637587,210.7002743741482,0.41434929007052407,True,False,False,False,False,2126,19,577.3350219726562,2.243345308905163,-0.030128662364865298,2024-12-02 14:30:00+00:00,586.6899289867947,target2,WIN,6.63690938770182,203.64901569637587,1,"[{""time"": ""2024-11-25 20:30:00+00:00"", ""price"": 560.7999877929688, ""fraction"": 0.2, ""shares"": 0.3631401928124814, ""reason"": ""starter20""}]","[{""time"": ""2024-11-26 15:30:00+00:00"", ""price"": 573.7449583898817, ""shares"": 0.1815700964062407, ""reason"": ""target1_partial""}, {""time"": ""2024-12-02 14:30:00+00:00"", ""price"": 586.6899289867947, ""shares"": 0.1815700964062407, ""reason"": ""target2""}]"
DORO_AGG_NOT_BEAR,A,AMD,DAGG|AMD|2167,2024-12-05,2024-12-05,0,2024-12-05 17:30:00+00:00,3.0,ALL_BULL_CONTROL,1019.5924472306996,15.68673724626958,140.57344470618148,140.57344470618148,142.77000427246094,2.1965595662794613,144.9665638387404,147.16312340501986,140.87010192871094,144.1199951171875,144.1199951171875,1,0,0.0,408.24481587117214,402.40276110373964,407.83697889227983,402.80556667041003,0.8106425455626899,False,True,False,False,False,2168,2,141.375,0.0,-0.6919931950834937,2024-12-05 18:30:00+00:00,140.57344470618148,stop,LOSS,-5.842054767432501,407.83697889227983,2,"[{""time"": ""2024-12-05 17:30:00+00:00"", ""price"": 142.77000427246094, ""fraction"": 0.2, ""shares"": 1.428300646801017, ""reason"": ""starter20""}, {""time"": ""2024-12-05 17:30:00+00:00"", ""price"": 141.89138044594915, ""fraction"": 0.2, ""shares"": 1.4371450105372596, ""reason"": ""adverse20""}]","[{""time"": ""2024-12-05 18:30:00+00:00"", ""price"": 140.57344470618148, ""shares"": 2.8654456573382765, ""reason"": ""stop""}]"
DORO_AGG_NOT_BEAR,A,AVGO,DAGG|AVGO|2164,2024-12-04,2024-12-04,0,2024-12-05 14:30:00+00:00,3.0,ALL_BULL_CONTROL,1019.4529168425385,50.491059858850235,162.29316170127717,170.75,170.75,8.456838298722829,179.20683829872283,187.66367659744566,162.75,175.38999938964844,175.38999938964844,1,0,0.0,204.0944739518762,208.73074966503833,203.8905833685077,208.93968935439273,0.41283027272290046,True,False,False,False,False,2165,24,172.2550048828125,1.1875956579276368,-0.1832839882952353,2024-12-10 16:30:00+00:00,170.75,stop,BE_STOP,4.636275713162121,203.8905833685077,1,"[{""time"": ""2024-12-05 14:30:00+00:00"", ""price"": 170.75, ""fraction"": 0.2, ""shares"": 1.1940883359795473, ""reason"": ""starter20""}]","[{""time"": ""2024-12-06 17:30:00+00:00"", ""price"": 179.20683829872283, ""shares"": 0.5970441679897737, ""reason"": ""target1_partial""}, {""time"": ""2024-12-10 16:30:00+00:00"", ""price"": 170.75, ""shares"": 0.5970441679897737, ""reason"": ""stop""}]"
DORO_AGG_NOT_BEAR,A,JNJ,DAGG|JNJ|2184,2024-12-09,2024-12-09,0,2024-12-09 20:30:00+00:00,3.0,ALL_BULL_CONTROL,1019.9772618676049,11.664936407796828,148.20544304082838,148.20544304082838,149.9199981689453,1.7145551281169276,151.63455329706224,153.34910842517917,148.3800048828125,150.88999938964844,150.88999938964844,1,0,0.0,1020.9972391294725,1013.810506418416,1019.9772618676047,1014.8253317501662,2.034802593617771,False,True,True,False,False,2185,9,148.5,0.5307520575957331,-0.9273521229013477,2024-12-11 14:30:00+00:00,148.20544304082838,stop,LOSS,-7.186732711056493,1019.9772618676047,3,"[{""time"": ""2024-12-09 20:30:00+00:00"", ""price"": 149.9199981689453, ""fraction"": 0.2, ""shares"": 1.3606954033152927, ""reason"": ""starter20""}, {""time"": ""2024-12-10 14:30:00+00:00"", ""price"": 149.23417611769855, ""fraction"": 0.2, ""shares"": 1.3669486285275103, ""reason"": ""adverse20""}, {""time"": ""2024-12-10 14:30:00+00:00"", ""price"": 148.54835406645176, ""fraction"": 0.6, ""shares"": 4.119778781573011, ""reason"": ""support60""}]","[{""time"": ""2024-12-11 14:30:00+00:00"", ""price"": 148.20544304082838, ""shares"": 6.847422813415814, ""reason"": ""stop""}]"
DORO_AGG_NOT_BEAR,A,NVDA,DAGG|NVDA|2197,2024-12-11,2024-12-11,0,2024-12-11 19:30:00+00:00,3.0,ALL_BULL_CONTROL,1017.7337035128933,44.077918987351765,133.41081462575258,133.41081462575258,139.4503936767578,6.039579051005234,145.48997272776305,151.52955177876828,133.8000030517578,142.7100067138672,142.7100067138672,1,0,0.0,407.5005748865625,392.50240416976214,407.0934814051573,392.89529946923136,0.7999887808743886,False,True,False,False,False,2198,11,136.50999450683594,0.1191481204418921,-0.6044114323484888,2024-12-13 15:30:00+00:00,133.41081462575258,stop,LOSS,-14.99817071680036,407.0934814051573,2,"[{""time"": ""2024-12-11 19:30:00+00:00"", ""price"": 139.4503936767578, ""fraction"": 0.2, ""shares"": 1.4596354684691275, ""reason"": ""starter20""}, {""time"": ""2024-12-12 14:30:00+00:00"", ""price"": 137.03456205635572, ""fraction"": 0.2, ""shares"": 1.485367907541965, ""reason"": ""adverse20""}]","[{""time"": ""2024-12-13 15:30:00+00:00"", ""price"": 133.41081462575258, ""shares"": 2.9450033760110923, ""reason"": ""stop""}]"
DORO_AGG_NOT_BEAR,A,MU,DAGG|MU|2197,2024-12-11,2024-12-11,0,2024-12-11 19:30:00+00:00,3.0,ALL_BULL_CONTROL,1017.7744144894729,48.14928135620419,96.9649496604637,101.77999877929688,101.77999877929688,4.815049118833173,106.59504789813005,111.41009701696322,97.27010345458984,105.0,105.0,1,0,0.0,1018.7921889039624,1104.9516229903907,1017.7744144894729,1106.0576806710617,2.1238320951605347,True,True,True,False,False,2198,26,108.70999908447266,1.9418282645446558,-0.8348817517443247,2024-12-17 16:30:00+00:00,108.70999908447266,time,TIME,86.15943408642829,1017.7744144894729,3,"[{""time"": ""2024-12-11 19:30:00+00:00"", ""price"": 101.77999877929688, ""fraction"": 0.2, ""shares"": 1.9999497478801285, ""reason"": ""starter20""}, {""time"": ""2024-12-12 15:30:00+00:00"", ""price"": 99.85397913176361, ""fraction"": 0.2, ""shares"": 2.038525501615625, ""reason"": ""adverse20""}, {""time"": ""2024-12-12 17:30:00+00:00"", ""price"": 97.92795948423034, ""fraction"": 0.6, ""shares"": 6.235855948698911, ""reason"": ""support60""}]","[{""time"": ""2024-12-16 14:30:00+00:00"", ""price"": 106.59504789813005, ""shares"": 5.137165599097333, ""reason"": ""target1_partial""}, {""time"": ""2024-12-17 16:30:00+00:00"", ""price"": 108.70999908447266, ""shares"": 5.137165599097333, ""reason"": ""time""}]"
DORO_AGG_NOT_BEAR,A,META,DAGG|META|2219,2024-12-16,2024-12-16,0,2024-12-16 20:30:00+00:00,3.0,ALL_BULL_CONTROL,1032.8512982703921,22.601993113260146,615.7147948621378,615.7147948621378,629.489990234375,13.775195372237249,643.2651856066122,657.0403809788495,616.885986328125,636.659912109375,636.659912109375,1,0,0.0,1033.8841495686625,1021.8113088059927,1032.8512982703921,1022.8341429489416,2.0556854412193335,False,True,True,False,False,2220,14,619.3599853515625,0.20907179934572168,-0.9400964456105584,2024-12-18 19:30:00+00:00,615.7147948621378,stop,LOSS,-12.072840762669784,1032.8512982703921,3,"[{""time"": ""2024-12-16 20:30:00+00:00"", ""price"": 629.489990234375, ""fraction"": 0.2, ""shares"": 0.328154955374536, ""reason"": ""starter20""}, {""time"": ""2024-12-16 20:30:00+00:00"", ""price"": 623.9799120854801, ""fraction"": 0.2, ""shares"": 0.331052740085293, ""reason"": ""adverse20""}, {""time"": ""2024-12-17 14:30:00+00:00"", ""price"": 618.4698339365852, ""fraction"": 0.6, ""shares"": 1.0020064762378973, ""reason"": ""support60""}]","[{""time"": ""2024-12-18 19:30:00+00:00"", ""price"": 615.7147948621378, ""shares"": 1.6612141716977262, ""reason"": ""stop""}]"
DORO_AGG_NOT_BEAR,A,INTU,DAGG|INTU|2217,2024-12-16,2024-12-16,0,2024-12-16 18:30:00+00:00,3.0,ALL_BULL_CONTROL,1033.638963883271,21.693896852238716,652.883603291684,652.883603291684,666.8800048828125,13.99640159112846,680.876406473941,694.8728080650694,653.978271484375,676.094970703125,676.094970703125,1,0,0.0,413.8690411388617,406.0850072001021,413.45558555330837,406.4914986988009,0.8199470842521093,False,True,False,False,False,2218,17,656.9299926757812,0.9266646586752657,-0.7337614217756937,2024-12-18 20:30:00+00:00,652.883603291684,stop,LOSS,-7.784033938759592,413.45558555330837,2,"[{""time"": ""2024-12-16 18:30:00+00:00"", ""price"": 666.8800048828125, ""fraction"": 0.2, ""shares"": 0.30999248929795314, ""reason"": ""starter20""}, {""time"": ""2024-12-18 19:30:00+00:00"", ""price"": 661.2814442463612, ""fraction"": 0.2, ""shares"": 0.3126169569331474, ""reason"": ""adverse20""}]","[{""time"": ""2024-12-18 20:30:00+00:00"", ""price"": 652.883603291684, ""shares"": 0.6226094462311005, ""reason"": ""stop""}]"
DORO_AGG_NOT_BEAR,A,AMAT,DAGG|AMAT|2251,2024-12-23,2024-12-23,0,2024-12-23 17:30:00+00:00,3.0,ALL_BULL_CONTROL,1028.0352922231127,45.19329054142286,158.61646125558764,158.61646125558764,165.91000366210938,7.293542406521738,173.2035460686311,180.49708847515285,159.0449981689453,174.30999755859375,174.30999755859375,1,0,0.0,411.6253310061344,409.6828248272515,411.21411688924513,410.0929177449965,0.8213070346342417,False,True,False,False,False,2252,26,163.99000549316406,0.4017242256878235,-0.5360911672513385,2024-12-30 18:30:00+00:00,163.99000549316406,time,TIME,-1.9425061788828657,411.21411688924513,2,"[{""time"": ""2024-12-23 17:30:00+00:00"", ""price"": 165.91000366210938, ""fraction"": 0.2, ""shares"": 1.239268602894855, ""reason"": ""starter20""}, {""time"": ""2024-12-30 14:30:00+00:00"", ""price"": 162.9925866995007, ""fraction"": 0.2, ""shares"": 1.2614503678237068, ""reason"": ""adverse20""}]","[{""time"": ""2024-12-30 18:30:00+00:00"", ""price"": 163.99000549316406, ""shares"": 2.5007189707185615, ""reason"": ""time""}]"
DORO_AGG_NOT_BEAR,A,LLY,DAGG|LLY|2251,2024-12-23,2024-12-23,0,2024-12-23 17:30:00+00:00,3.0,ALL_BULL_CONTROL,1010.3537756730559,51.39970854057118,749.5902684156615,749.5902684156615,789.7681274414062,40.17785902574474,829.945986467151,870.1238454928957,752.39501953125,811.3499755859375,811.3499755859375,1,0,0.0,404.5456517794916,399.87898749239815,404.1415102692224,400.27926675915734,0.8044207770283798,False,True,False,False,False,2252,26,774.1799926757812,0.3519795482110465,-0.4671261211151199,2024-12-30 18:30:00+00:00,774.1799926757812,time,TIME,-4.666664287093454,404.1415102692224,2,"[{""time"": ""2024-12-23 17:30:00+00:00"", ""price"": 789.7681274414062, ""fraction"": 0.2, ""shares"": 0.2558608636046826, ""reason"": ""starter20""}, {""time"": ""2024-12-30 14:30:00+00:00"", ""price"": 773.6969838311084, ""fraction"": 0.2, ""shares"": 0.2611755756549796, ""reason"": ""adverse20""}]","[{""time"": ""2024-12-30 18:30:00+00:00"", ""price"": 774.1799926757812, ""shares"": 0.5170364392596623, ""reason"": ""time""}]"
DORO_AGG_NOT_BEAR,A,NVDA,DAGG|NVDA|2291,2025-01-02,2025-01-02,0,2025-01-02 19:30:00+00:00,3.0,ALL_BULL_CONTROL,1026.6723895915918,29.230040774328216,133.38125653393743,137.2899932861328,137.2899932861328,3.908736752195381,141.1987300383282,145.10746679052357,133.83160400390625,140.27000427246094,140.27000427246094,1,0,0.0,205.5398123962367,213.88938666046624,205.33447791831838,214.10349015061684,0.41943796806893524,True,False,False,False,False,2292,10,148.5601043701172,3.6866140074579987,-0.16373560825987463,2025-01-06 14:30:00+00:00,145.10746679052357,target2,WIN,8.349574264229545,205.33447791831838,1,"[{""time"": ""2025-01-02 19:30:00+00:00"", ""price"": 137.2899932861328, ""fraction"": 0.2, ""shares"": 1.4956259593543042, ""reason"": ""starter20""}]","[{""time"": ""2025-01-03 14:30:00+00:00"", ""price"": 141.1987300383282, ""shares"": 0.7478129796771521, ""reason"": ""target1_partial""}, {""time"": ""2025-01-06 14:30:00+00:00"", ""price"": 145.10746679052357, ""shares"": 0.7478129796771521, ""reason"": ""target2""}]"
DORO_AGG_NOT_BEAR,A,MU,DAGG|MU|2291,2025-01-02,2025-01-02,0,2025-01-02 19:30:00+00:00,3.0,ALL_BULL_CONTROL,1026.7134581299172,34.71529557403348,83.82163220562508,86.75499725341797,86.75499725341797,2.93336504779289,89.68836230121086,92.62172734900375,84.0999984741211,89.2300033569336,89.2300033569336,1,0,0.0,205.54803431760942,215.54152301789532,205.34269162598343,215.7572802981935,0.4210999719241769,True,False,False,False,False,2292,10,95.63999938964844,4.389157090996005,-0.08692994198244529,2025-01-06 14:30:00+00:00,92.62172734900375,target2,WIN,9.993488700285894,205.34269162598343,1,"[{""time"": ""2025-01-02 19:30:00+00:00"", ""price"": 86.75499725341797, ""fraction"": 0.2, ""shares"": 2.366926380346273, ""reason"": ""starter20""}]","[{""time"": ""2025-01-03 18:30:00+00:00"", ""price"": 89.68836230121086, ""shares"": 1.1834631901731365, ""reason"": ""target1_partial""}, {""time"": ""2025-01-06 14:30:00+00:00"", ""price"": 92.62172734900375, ""shares"": 1.1834631901731365, ""reason"": ""target2""}]"
DORO_AGG_NOT_BEAR,A,INTU,DAGG|INTU|2298,2025-01-03,2025-01-03,0,2025-01-03 19:30:00+00:00,3.0,ALL_BULL_CONTROL,1029.6285808631742,19.19049674220717,618.5081411663607,618.5081411663607,630.2550048828125,11.746863716451799,642.0018685992643,653.7487323157161,619.5075073242188,637.6900024414062,637.6900024414062,1,0,0.0,412.26328377761496,405.287482724975,411.8514323452697,405.6931759008759,0.8175446082461456,False,True,False,False,False,2299,11,623.1699829101562,0.2677326993115035,-0.7614804717357048,2025-01-07 15:30:00+00:00,618.5081411663607,stop,LOSS,-6.975801052639952,411.8514323452697,2,"[{""time"": ""2025-01-03 19:30:00+00:00"", ""price"": 630.2550048828125, ""fraction"": 0.2, ""shares"": 0.32673396415300815, ""reason"": ""starter20""}, {""time"": ""2025-01-06 14:30:00+00:00"", ""price"": 625.5562593962318, ""fraction"": 0.2, ""shares"": 0.3291881634617296, ""reason"": ""adverse20""}]","[{""time"": ""2025-01-07 15:30:00+00:00"", ""price"": 618.5081411663607, ""shares"": 0.6559221276147378, ""reason"": ""stop""}]"
DORO_AGG_NOT_BEAR,A,CSCO,DAGG|CSCO|2312,2025-01-07,2025-01-07,0,2025-01-07 19:30:00+00:00,3.0,ALL_BULL_CONTROL,1029.6340198363225,12.64695638364183,58.29012034633538,58.29012034633538,59.01499938964844,0.7248790433130594,59.7398784329615,60.464757476274556,58.3650016784668,59.58000183105469,59.58000183105469,1,0,0.0,412.2654615424635,407.3912895668892,411.853607934529,407.7990886555448,0.8196526965900738,False,True,False,False,False,2313,3,58.65999984741211,0.006899176023046541,-0.5104285125883701,2025-01-08 14:30:00+00:00,58.29012034633538,stop,LOSS,-4.874171975574313,411.853607934529,2,"[{""time"": ""2025-01-07 19:30:00+00:00"", ""price"": 59.01499938964844, ""fraction"": 0.2, ""shares"": 3.4893977140900425, ""reason"": ""starter20""}, {""time"": ""2025-01-07 19:30:00+00:00"", ""price"": 58.725047772323215, ""fraction"": 0.2, ""shares"": 3.506626418860346, ""reason"": ""adverse20""}]","[{""time"": ""2025-01-08 14:30:00+00:00"", ""price"": 58.29012034633538, ""shares"": 6.996024132950389, ""reason"": ""stop""}]"
DORO_AGG_NOT_BEAR,A,JPM,DAGG|JPM|2299,2025-01-03,2025-01-03,0,2025-01-03 20:30:00+00:00,3.0,ALL_BULL_CONTROL,1029.614961424444,16.902552972150225,238.6542670041826,238.6542670041826,242.6374969482422,3.9832299440595875,246.62072689230178,250.60395683636136,239.02999877929688,244.8800048828125,244.8800048828125,1,0,0.0,1030.6445763858683,1030.9378994011315,1029.614961424444,1031.969869270402,2.061584830694846,False,True,True,False,False,2300,26,240.9499969482422,0.7663392613616078,-0.9784751344548087,2025-01-10 17:30:00+00:00,240.9499969482422,time,TIME,0.29332301526324045,1029.614961424444,3,"[{""time"": ""2025-01-03 20:30:00+00:00"", ""price"": 242.6374969482422, ""fraction"": 0.2, ""shares"": 0.8486857755906331, ""reason"": ""starter20""}, {""time"": ""2025-01-06 14:30:00+00:00"", ""price"": 241.04420497061835, ""fraction"": 0.2, ""shares"": 0.8542955525937219, ""reason"": ""adverse20""}, {""time"": ""2025-01-10 14:30:00+00:00"", ""price"": 239.45091299299452, ""fraction"": 0.6, ""shares"": 2.579939951503714, ""reason"": ""support60""}]","[{""time"": ""2025-01-10 17:30:00+00:00"", ""price"": 240.9499969482422, ""shares"": 4.282921279688069, ""reason"": ""time""}]"
DORO_AGG_NOT_BEAR,A,INTU,DAGG|INTU|2342,2025-01-14,2025-01-14,0,2025-01-15 14:30:00+00:00,3.0,ALL_BULL_CONTROL,1029.4133796338892,20.928845726665898,611.1176058003641,611.1176058003641,623.7999877929688,12.682381992604633,636.4823697855734,649.164751778178,612.2999877929688,633.6199951171875,633.6199951171875,1,0,0.0,1030.4427930135232,1019.1224299519944,1029.4133796338892,1020.1425725245189,2.049555952158408,False,True,True,False,False,2343,12,612.5399780273438,0.29174426453869673,-0.9765523363707987,2025-01-16 18:30:00+00:00,611.1176058003641,stop,LOSS,-11.320363061528838,1029.4133796338892,3,"[{""time"": ""2025-01-15 14:30:00+00:00"", ""price"": 623.7999877929688, ""fraction"": 0.2, ""shares"": 0.3300459762033655, ""reason"": ""starter20""}, {""time"": ""2025-01-15 14:30:00+00:00"", ""price"": 618.7270349959269, ""fraction"": 0.2, ""shares"": 0.3327520284096414, ""reason"": ""adverse20""}, {""time"": ""2025-01-15 14:30:00+00:00"", ""price"": 613.654082198885, ""fraction"": 0.6, ""shares"": 1.0065084641287436, ""reason"": ""support60""}]","[{""time"": ""2025-01-16 18:30:00+00:00"", ""price"": 611.1176058003641, ""shares"": 1.6693064687417505, ""reason"": ""stop""}]"
DORO_AGG_NOT_BEAR,A,COST,DAGG|COST|2347,2025-01-15,2025-01-15,0,2025-01-15 19:30:00+00:00,3.0,ALL_BULL_CONTROL,1033.1452002281271,16.410382046988747,908.4720193284052,923.135009765625,923.135009765625,14.662990437219833,937.7980002028448,952.4609906400647,909.9180297851562,942.5,942.5,1,0,0.0,206.83566908567104,211.34060250506232,206.62904004562543,211.55215465972205,0.4181811947053475,True,False,False,False,False,2348,17,945.25,2.274773390295837,-0.3624773857803864,2025-01-21 14:30:00+00:00,952.4609906400647,target2,WIN,4.5049334193912784,206.62904004562543,1,"[{""time"": ""2025-01-15 19:30:00+00:00"", ""price"": 923.135009765625, ""fraction"": 0.2, ""shares"": 0.22383404145628333, ""reason"": ""starter20""}]","[{""time"": ""2025-01-17 15:30:00+00:00"", ""price"": 937.7980002028448, ""shares"": 0.11191702072814166, ""reason"": ""target1_partial""}, {""time"": ""2025-01-21 14:30:00+00:00"", ""price"": 952.4609906400647, ""shares"": 0.11191702072814166, ""reason"": ""target2""}]"
DORO_AGG_NOT_BEAR,A,V,DAGG|V|2339,2025-01-14,2025-01-14,0,2025-01-14 18:30:00+00:00,3.0,ALL_BULL_CONTROL,1028.07074072023,19.67854557778215,303.4286643577808,309.3500061035156,309.3500061035156,5.921341745734821,315.27134784925045,321.19268959498527,303.8399963378906,313.510009765625,313.510009765625,1,0,0.0,205.81976229219006,211.3061941055633,205.61414814404603,211.5177118173807,0.4171318599614267,True,False,False,False,False,2340,25,320.30999755859375,2.273132008429245,-0.21110080344549995,2025-01-21 14:30:00+00:00,321.19268959498527,target2,WIN,5.48643181337323,205.61414814404603,1,"[{""time"": ""2025-01-14 18:30:00+00:00"", ""price"": 309.3500061035156, ""fraction"": 0.2, ""shares"": 0.6646650851373923, ""reason"": ""starter20""}]","[{""time"": ""2025-01-15 14:30:00+00:00"", ""price"": 315.27134784925045, ""shares"": 0.33233254256869615, ""reason"": ""target1_partial""}, {""time"": ""2025-01-21 14:30:00+00:00"", ""price"": 321.19268959498527, ""shares"": 0.33233254256869615, ""reason"": ""target2""}]"
DORO_AGG_NOT_BEAR,A,QCOM,DAGG|QCOM|2340,2025-01-14,2025-01-14,0,2025-01-14 19:30:00+00:00,3.0,ALL_BULL_CONTROL,1028.0774718294704,28.511944708298117,154.41541001372468,158.82000732421875,158.82000732421875,4.4045973104940686,163.22460463471282,167.6292019452069,154.8000030517578,161.00999450683594,161.00999450683594,1,0,0.0,205.82110986025998,213.95490870060513,205.61549436589408,214.1690777783835,0.41978457214427756,True,False,False,False,False,2341,26,166.6699981689453,2.1341324152581764,-0.2679037041045529,2025-01-21 16:30:00+00:00,167.6292019452069,target2,WIN,8.13379884034515,205.61549436589408,1,"[{""time"": ""2025-01-14 19:30:00+00:00"", ""price"": 158.82000732421875, ""fraction"": 0.2, ""shares"": 1.2946447858181114, ""reason"": ""starter20""}]","[{""time"": ""2025-01-15 14:30:00+00:00"", ""price"": 163.22460463471282, ""shares"": 0.6473223929090557, ""reason"": ""target1_partial""}, {""time"": ""2025-01-21 16:30:00+00:00"", ""price"": 167.6292019452069, ""shares"": 0.6473223929090557, ""reason"": ""target2""}]"
DORO_AGG_NOT_BEAR,A,XOM,DAGG|XOM|2366,2025-01-21,2025-01-21,0,2025-01-21 17:30:00+00:00,3.0,ALL_BULL_CONTROL,1029.4317009225467,14.32224697755222,110.38260688014964,110.38260688014964,111.94000244140625,1.5573955612566124,113.49739800266286,115.05479356391947,110.55000305175781,112.86509704589844,112.86509704589844,1,0,0.0,1030.4611326234692,1022.0778487213383,1029.4317009225467,1023.1009496710094,2.052532650593556,False,True,True,False,False,2367,10,110.52999877929688,0.14447098715213347,-0.9310445038553704,2025-01-22 19:30:00+00:00,110.38260688014964,stop,LOSS,-8.38328390213087,1029.4317009225467,3,"[{""time"": ""2025-01-21 17:30:00+00:00"", ""price"": 111.94000244140625, ""fraction"": 0.2, ""shares"": 1.8392561702174186, ""reason"": ""starter20""}, {""time"": ""2025-01-21 20:30:00+00:00"", ""price"": 111.31704421690361, ""fraction"": 0.2, ""shares"": 1.8495491111256555, ""reason"": ""adverse20""}, {""time"": ""2025-01-22 14:30:00+00:00"", ""price"": 110.69408599240096, ""fraction"": 0.6, ""shares"": 5.57987371245768, ""reason"": ""support60""}]","[{""time"": ""2025-01-22 19:30:00+00:00"", ""price"": 110.38260688014964, ""shares"": 9.268678993800753, ""reason"": ""stop""}]"
DORO_AGG_NOT_BEAR,A,XOM,DAGG|XOM|2416,2025-01-30,2025-01-30,0,2025-01-30 18:30:00+00:00,3.0,ALL_BULL_CONTROL,1028.1432273215783,21.11422262738363,107.31004432441831,107.31004432441831,109.55999755859375,2.249953234175436,111.80995079276919,114.05990402694462,107.47000122070312,110.87000274658203,110.87000274658203,1,0,0.0,205.83427410977998,201.20439513790012,205.62864546431567,201.40580093883895,0.4070344464031546,False,False,False,False,False,2417,4,110.55000305175781,0.08444728473473458,-0.3288947754688448,2025-01-31 14:30:00+00:00,107.31004432441831,stop,LOSS,-4.629878971879862,205.62864546431567,1,"[{""time"": ""2025-01-30 18:30:00+00:00"", ""price"": 109.55999755859375, ""fraction"": 0.2, ""shares"": 1.8768587992560284, ""reason"": ""starter20""}]","[{""time"": ""2025-01-31 14:30:00+00:00"", ""price"": 107.31004432441831, ""shares"": 1.8768587992560284, ""reason"": ""stop""}]"
DORO_AGG_NOT_BEAR,A,JPM,DAGG|JPM|2411,2025-01-29,2025-01-29,0,2025-01-29 20:30:00+00:00,3.0,ALL_BULL_CONTROL,1027.7139339403548,19.917526728223375,261.8842628879366,261.8842628879366,267.05999755859375,5.175734670657164,272.2357322292509,277.4114668999081,262.260009765625,270.67999267578125,270.67999267578125,1,0,0.0,205.74832957485904,201.31599015627967,205.54278678807097,201.5175076639436,0.4070602944520146,False,False,False,False,False,2412,15,261.8299865722656,0.7264688019928176,-0.10819672843133726,2025-02-03 14:30:00+00:00,261.8299865722656,gap_stop,LOSS,-4.4323394185793745,205.54278678807097,1,"[{""time"": ""2025-01-29 20:30:00+00:00"", ""price"": 267.05999755859375, ""fraction"": 0.2, ""shares"": 0.7696502234220768, ""reason"": ""starter20""}]","[{""time"": ""2025-02-03 14:30:00+00:00"", ""price"": 261.8299865722656, ""shares"": 0.7696502234220768, ""reason"": ""gap_stop""}]"
DORO_AGG_NOT_BEAR,A,AMD,DAGG|AMD|2411,2025-01-29,2025-01-29,0,2025-01-29 20:30:00+00:00,3.0,ALL_BULL_CONTROL,1027.7550441421206,49.3735296432125,112.39551431471352,112.39551431471352,118.06749725341797,5.671982938704446,123.73948019212241,129.41146313082686,112.80000305175781,122.94999694824219,122.94999694824219,1,0,0.0,1028.7827991862628,1055.3947670178823,1027.7550441421206,1056.4512182361184,2.084206262378239,False,True,True,False,False,2412,26,118.06999969482422,0.41828496552745137,-0.8969515514174703,2025-02-04 17:30:00+00:00,118.06999969482422,time,TIME,26.611967831619495,1027.7550441421206,3,"[{""time"": ""2025-01-29 20:30:00+00:00"", ""price"": 118.06749725341797, ""fraction"": 0.2, ""shares"": 1.7409618532629103, ""reason"": ""starter20""}, {""time"": ""2025-01-31 19:30:00+00:00"", ""price"": 115.7987040779362, ""fraction"": 0.2, ""shares"": 1.7750717546034176, ""reason"": ""adverse20""}, {""time"": ""2025-02-03 14:30:00+00:00"", ""price"": 113.52991090245442, ""fraction"": 0.6, ""shares"": 5.4316349020576995, ""reason"": ""support60""}]","[{""time"": ""2025-02-04 17:30:00+00:00"", ""price"": 118.06999969482422, ""shares"": 8.947668509924029, ""reason"": ""time""}]"
DORO_AGG_NOT_BEAR,A,NFLX,DAGG|NFLX|2438,2025-02-04,2025-02-04,0,2025-02-04 19:30:00+00:00,3.0,ALL_BULL_CONTROL,1031.2649940303525,30.30602454768201,96.18528743310463,99.09748840332031,99.09748840332031,2.912200970215679,102.00968937353599,104.92189034375167,96.4375,100.80000305175781,100.80000305175781,1,0,0.0,206.45925180487657,212.63345235726183,206.2529988060705,212.84629865591774,0.41909929746198826,True,False,False,False,False,2439,26,102.52099609375,1.4379184926527933,-0.14747922280596568,2025-02-10 16:30:00+00:00,102.52099609375,time,TIME,6.174200552385258,206.2529988060705,1,"[{""time"": ""2025-02-04 19:30:00+00:00"", ""price"": 99.09748840332031, ""fraction"": 0.2, ""shares"": 2.081314089077962, ""reason"": ""starter20""}]","[{""time"": ""2025-02-07 14:30:00+00:00"", ""price"": 102.00968937353599, ""shares"": 1.040657044538981, ""reason"": ""target1_partial""}, {""time"": ""2025-02-10 16:30:00+00:00"", ""price"": 102.52099609375, ""shares"": 1.040657044538981, ""reason"": ""time""}]"
DORO_AGG_NOT_BEAR,A,INTU,DAGG|INTU|2470,2025-02-11,2025-02-11,0,2025-02-11 16:30:00+00:00,3.0,ALL_BULL_CONTROL,1034.565364523199,22.300751097032684,573.9750072331401,573.9750072331401,586.6199951171875,12.644987884047396,599.2649830012349,611.9099708852823,575.0,596.1799926757812,596.1799926757812,1,0,0.0,207.11998597754442,202.25046976254802,206.9130729046398,202.45292268523326,0.4093659955898731,False,False,False,False,False,2471,6,578.0700073242188,0.42388220540128196,-0.12811361561138748,2025-02-12 14:30:00+00:00,573.9750072331401,stop,LOSS,-4.869516214996395,206.9130729046398,1,"[{""time"": ""2025-02-11 16:30:00+00:00"", ""price"": 586.6199951171875, ""fraction"": 0.2, ""shares"": 0.3527207981775414, ""reason"": ""starter20""}]","[{""time"": ""2025-02-12 14:30:00+00:00"", ""price"": 573.9750072331401, ""shares"": 0.3527207981775414, ""reason"": ""stop""}]"
DORO_AGG_NOT_BEAR,A,XOM,DAGG|XOM|2458,2025-02-07,2025-02-07,0,2025-02-07 18:30:00+00:00,3.0,ALL_BULL_CONTROL,1032.47904068613,17.36155672072864,107.81602591675019,109.66000366210938,109.66000366210938,1.843977745359183,111.50398140746856,113.34795915282774,107.98500061035156,111.05000305175781,111.05000305175781,1,0,0.0,413.4046078907265,417.4561402819585,412.99161627445204,417.8740142962548,0.8308656305707068,True,True,False,False,False,2459,18,110.05000305175781,1.545570970850275,-0.48807613223314555,2025-02-12 14:30:00+00:00,109.66000366210938,stop,BE_STOP,4.051532391232001,412.99161627445204,2,"[{""time"": ""2025-02-07 18:30:00+00:00"", ""price"": 109.66000366210938, ""fraction"": 0.2, ""shares"": 1.8830549082735089, ""reason"": ""starter20""}, {""time"": ""2025-02-07 20:30:00+00:00"", ""price"": 108.92241256396571, ""fraction"": 0.2, ""shares"": 1.8958064118893752, ""reason"": ""adverse20""}]","[{""time"": ""2025-02-11 14:30:00+00:00"", ""price"": 111.50398140746856, ""shares"": 1.889430660081442, ""reason"": ""target1_partial""}, {""time"": ""2025-02-12 14:30:00+00:00"", ""price"": 109.66000366210938, ""shares"": 1.889430660081442, ""reason"": ""stop""}]"
DORO_AGG_NOT_BEAR,A,AMAT,DAGG|AMAT|2458,2025-02-07,2025-02-07,0,2025-02-07 18:30:00+00:00,3.0,ALL_BULL_CONTROL,1032.52034149979,30.749482514625104,174.89167261874314,174.89167261874314,180.25999450683594,5.368321888092794,185.62831639492873,190.99663828302153,175.32000732421875,183.5399932861328,183.5399932861328,1,0,0.0,206.71057236825797,208.50635125031366,206.50406829995802,208.7150663166303,0.4152191346165883,False,False,False,False,False,2459,26,182.19000244140625,0.7022686699959246,-0.36337218467950105,2025-02-13 15:30:00+00:00,182.19000244140625,time,TIME,1.7957788820556857,206.50406829995802,1,"[{""time"": ""2025-02-07 18:30:00+00:00"", ""price"": 180.25999450683594, ""fraction"": 0.2, ""shares"": 1.1455901175683596, ""reason"": ""starter20""}]","[{""time"": ""2025-02-13 15:30:00+00:00"", ""price"": 182.19000244140625, ""shares"": 1.1455901175683596, ""reason"": ""time""}]"
DORO_AGG_NOT_BEAR,A,META,DAGG|META|2467,2025-02-10,2025-02-10,0,2025-02-10 20:30:00+00:00,3.0,ALL_BULL_CONTROL,1034.161270480416,21.11000766692283,702.0310192671251,716.6599731445312,716.6599731445312,14.628953877406161,731.2889270219374,745.9178808993436,703.5,725.010009765625,725.010009765625,1,0,0.0,414.0781727003586,424.79469337305886,413.66450819216647,425.21991328634516,0.8388844214785116,True,True,False,False,False,2468,26,736.030029296875,1.5209563299235116,-0.4525268978673738,2025-02-14 17:30:00+00:00,736.030029296875,time,TIME,10.716520672700256,413.66450819216647,2,"[{""time"": ""2025-02-10 20:30:00+00:00"", ""price"": 716.6599731445312, ""fraction"": 0.2, ""shares"": 0.2886058407706979, ""reason"": ""starter20""}, {""time"": ""2025-02-11 16:30:00+00:00"", ""price"": 710.8083915935688, ""fraction"": 0.2, ""shares"": 0.29098172804682826, ""reason"": ""adverse20""}]","[{""time"": ""2025-02-14 14:30:00+00:00"", ""price"": 731.2889270219374, ""shares"": 0.2897937844087631, ""reason"": ""target1_partial""}, {""time"": ""2025-02-14 17:30:00+00:00"", ""price"": 736.030029296875, ""shares"": 0.2897937844087631, ""reason"": ""time""}]"
DORO_AGG_NOT_BEAR,A,JNJ,DAGG|JNJ|2493,2025-02-14,2025-02-14,0,2025-02-14 18:30:00+00:00,3.0,ALL_BULL_CONTROL,1035.405891641425,17.433191710887424,154.09112329652243,154.09112329652243,156.72999572753906,2.6388724310166367,159.3688681585557,162.00774058957234,154.27000427246094,158.1300048828125,158.1300048828125,1,0,0.0,207.28825950661326,203.39094544612138,207.08117832828498,203.5945399861075,0.4106757183143925,False,False,False,False,False,2494,4,154.13999938964844,0.10989866031915305,-0.25389562643132124,2025-02-18 14:30:00+00:00,154.09112329652243,stop,LOSS,-3.8973140604918797,207.08117832828498,1,"[{""time"": ""2025-02-14 18:30:00+00:00"", ""price"": 156.72999572753906, ""fraction"": 0.2, ""shares"": 1.321260664667387, ""reason"": ""starter20""}]","[{""time"": ""2025-02-18 14:30:00+00:00"", ""price"": 154.09112329652243, ""shares"": 1.321260664667387, ""reason"": ""stop""}]"
DORO_AGG_NOT_BEAR,A,WMT,DAGG|WMT|2509,2025-02-19,2025-02-19,0,2025-02-19 20:30:00+00:00,3.0,ALL_BULL_CONTROL,1035.2649001930547,16.487983094411184,102.37318141703065,102.37318141703065,104.02999877929688,1.6568173622662243,105.6868161415631,107.34363350382932,102.51000213623047,105.30000305175781,105.30000305175781,1,0,0.0,207.26003301864955,196.4071965981273,207.05298003861094,196.60380039852583,0.4036567804371368,False,False,False,False,False,2510,1,98.77999877929688,0.09053594517728344,-0.3319589925174297,2025-02-20 14:30:00+00:00,98.77999877929688,gap_stop,LOSS,-10.852836420522237,207.05298003861094,1,"[{""time"": ""2025-02-19 20:30:00+00:00"", ""price"": 104.02999877929688, ""fraction"": 0.2, ""shares"": 1.9903199314447824, ""reason"": ""starter20""}]","[{""time"": ""2025-02-20 14:30:00+00:00"", ""price"": 98.77999877929688, ""shares"": 1.9903199314447824, ""reason"": ""gap_stop""}]"
DORO_AGG_NOT_BEAR,A,CSCO,DAGG|CSCO|2485,2025-02-13,2025-02-13,0,2025-02-13 17:30:00+00:00,3.0,ALL_BULL_CONTROL,1033.390212204053,43.99004924979616,61.041035323340594,61.041035323340594,63.755001068115234,2.71396574477464,66.46896681288987,69.18293255766451,61.20000076293945,66.5,66.5,1,0,0.0,206.8847204832514,209.06217188368487,206.6780424408106,209.2714433270119,0.41594948576782254,False,False,False,False,False,2486,26,64.55500030517578,0.9193185052864192,-0.11606721345423868,2025-02-20 14:30:00+00:00,64.55500030517578,time,TIME,2.177451400433455,206.6780424408106,1,"[{""time"": ""2025-02-13 17:30:00+00:00"", ""price"": 63.755001068115234, ""fraction"": 0.2, ""shares"": 3.241754199329363, ""reason"": ""starter20""}]","[{""time"": ""2025-02-20 14:30:00+00:00"", ""price"": 64.55500030517578, ""shares"": 3.241754199329363, ""reason"": ""time""}]"
DORO_AGG_NOT_BEAR,A,AMD,DAGG|AMD|2489,2025-02-13,2025-02-13,0,2025-02-14 14:30:00+00:00,3.0,ALL_BULL_CONTROL,1034.055695947293,35.287041600876634,108.66094936118319,112.5,112.5,3.839050638816815,116.33905063881681,120.17810127763363,108.9574966430664,114.5999984741211,114.5999984741211,1,0,0.0,207.01795032864808,211.47931957035874,206.81113918945863,211.6910105809397,0.4185021497703983,True,False,False,False,False,2490,26,113.97000122070312,1.054949109242803,-0.2083856471360251,2025-02-20 18:30:00+00:00,113.97000122070312,time,TIME,4.461369241710656,206.81113918945863,1,"[{""time"": ""2025-02-14 14:30:00+00:00"", ""price"": 112.5, ""fraction"": 0.2, ""shares"": 1.8383212372396323, ""reason"": ""starter20""}]","[{""time"": ""2025-02-20 14:30:00+00:00"", ""price"": 116.33905063881681, ""shares"": 0.9191606186198161, ""reason"": ""target1_partial""}, {""time"": ""2025-02-20 18:30:00+00:00"", ""price"": 113.97000122070312, ""shares"": 0.9191606186198161, ""reason"": ""time""}]"
DORO_AGG_NOT_BEAR,A,INTU,DAGG|INTU|2612,2025-03-12,2025-03-12,0,2025-03-12 17:30:00+00:00,3.0,ALL_BULL_CONTROL,1033.2164313192538,34.31435085784742,573.8040266832386,573.8040266832386,593.515380859375,19.71135417613641,613.2267350355114,632.9380892116478,575.4400024414062,614.5650024414062,614.5650024414062,1,0,0.0,206.8499295501146,199.580635676189,206.64328626385077,199.78041609228129,0.40642370235613207,False,False,False,False,False,2613,4,586.1799926757812,0.09358081011099045,-0.22907512183214457,2025-03-13 13:30:00+00:00,573.8040266832386,stop,LOSS,-7.269293873925619,206.64328626385077,1,"[{""time"": ""2025-03-12 17:30:00+00:00"", ""price"": 593.515380859375, ""fraction"": 0.2, ""shares"": 0.34816837596465244, ""reason"": ""starter20""}]","[{""time"": ""2025-03-13 13:30:00+00:00"", ""price"": 573.8040266832386, ""shares"": 0.34816837596465244, ""reason"": ""stop""}]"
DORO_AGG_NOT_BEAR,A,GOOGL,DAGG|GOOGL|2629,2025-03-14,2025-03-14,0,2025-03-17 13:30:00+00:00,3.0,ALL_BULL_CONTROL,1031.7625725444686,21.74270823648119,161.71867728236683,161.71867728236683,165.1999969482422,3.481319665875361,168.68131661411755,172.1626362799929,162.11000061035156,167.639892578125,167.639892578125,1,0,0.0,413.11773404680525,405.31945701928004,412.70502901778747,405.7251822014815,0.818430211219269,False,True,False,False,False,2630,8,163.6750030517578,0.3159738860806492,-0.43948816142747527,2025-03-18 13:30:00+00:00,161.71867728236683,stop,LOSS,-7.7982770275252165,412.70502901778747,2,"[{""time"": ""2025-03-17 13:30:00+00:00"", ""price"": 165.1999969482422, ""fraction"": 0.2, ""shares"": 1.2491072537582721, ""reason"": ""starter20""}, {""time"": ""2025-03-17 15:30:00+00:00"", ""price"": 163.80746908189204, ""fraction"": 0.2, ""shares"": 1.259725918881832, ""reason"": ""adverse20""}]","[{""time"": ""2025-03-18 13:30:00+00:00"", ""price"": 161.71867728236683, ""shares"": 2.508833172640104, ""reason"": ""stop""}]"
DORO_AGG_NOT_BEAR,A,META,DAGG|META|2634,2025-03-17,2025-03-17,0,2025-03-17 18:30:00+00:00,3.0,ALL_BULL_CONTROL,1032.0935930571823,35.70525581583715,584.7071793048931,584.7071793048931,605.6599731445312,20.95279383963816,626.6127669841694,647.5655608238076,586.510009765625,622.7000122070312,622.7000122070312,1,0,0.0,206.62513733004792,199.07838978082077,206.41871861143647,199.27766744826903,0.4056963860597055,False,False,False,False,False,2635,3,600.25,0.07919238696815026,-0.07111176894969778,2025-03-18 13:30:00+00:00,584.7071793048931,stop,LOSS,-7.546747549227149,206.41871861143647,1,"[{""time"": ""2025-03-17 18:30:00+00:00"", ""price"": 605.6599731445312, ""fraction"": 0.2, ""shares"": 0.3408161803061367, ""reason"": ""starter20""}]","[{""time"": ""2025-03-18 13:30:00+00:00"", ""price"": 584.7071793048931, ""shares"": 0.3408161803061367, ""reason"": ""stop""}]"
DORO_AGG_NOT_BEAR,A,AMZN,DAGG|AMZN|2657,2025-03-20,2025-03-20,0,2025-03-21 13:30:00+00:00,3.0,ALL_BULL_CONTROL,1027.4637719730133,21.309891838371332,188.88450467711425,192.88499450683594,192.88499450683594,4.000489829721687,196.88548433655762,200.8859741662793,189.39999389648438,199.32000732421875,199.32000732421875,1,0,0.0,205.6982471489973,211.67383622416799,205.49275439460268,211.88572194611407,0.4173784763407168,True,False,False,False,False,2658,8,200.19000244140625,2.6034333264750344,-0.09123638602035698,2025-03-24 13:30:00+00:00,200.8859741662793,target2,WIN,5.975589075170689,205.49275439460268,1,"[{""time"": ""2025-03-21 13:30:00+00:00"", ""price"": 192.88499450683594, ""fraction"": 0.2, ""shares"": 1.0653641301647232, ""reason"": ""starter20""}]","[{""time"": ""2025-03-24 13:30:00+00:00"", ""price"": 196.88548433655762, ""shares"": 0.5326820650823616, ""reason"": ""target1_partial""}, {""time"": ""2025-03-24 13:30:00+00:00"", ""price"": 200.8859741662793, ""shares"": 0.5326820650823616, ""reason"": ""target2""}]"
DORO_AGG_NOT_BEAR,A,TSLA,DAGG|TSLA|2649,2025-03-19,2025-03-19,0,2025-03-19 19:30:00+00:00,3.0,ALL_BULL_CONTROL,847.6461592381155,51.43262099432064,221.04618349923487,235.3249969482422,235.3249969482422,14.278813449007316,249.6038103972495,263.8826238462568,222.27999877929688,250.32989501953125,250.32989501953125,1,0,0.0,169.69876107947076,184.7740591277734,169.52923184762312,184.95901814591932,0.35448824999354245,True,False,False,False,False,2650,16,258.07501220703125,2.7365717107928695,-0.3694216163400271,2025-03-24 13:30:00+00:00,263.8826238462568,target2,WIN,15.075298048302642,169.52923184762312,1,"[{""time"": ""2025-03-19 19:30:00+00:00"", ""price"": 235.3249969482422, ""fraction"": 0.2, ""shares"": 0.7204046915802561, ""reason"": ""starter20""}]","[{""time"": ""2025-03-24 13:30:00+00:00"", ""price"": 249.6038103972495, ""shares"": 0.36020234579012805, ""reason"": ""target1_partial""}, {""time"": ""2025-03-24 13:30:00+00:00"", ""price"": 263.8826238462568, ""shares"": 0.36020234579012805, ""reason"": ""target2""}]"
DORO_AGG_NOT_BEAR,A,AAPL,DAGG|AAPL|2649,2025-03-19,2025-03-19,0,2025-03-19 19:30:00+00:00,3.0,ALL_BULL_CONTROL,1028.693567629118,28.786916842667086,209.46945720785203,215.5,215.5,6.030542792147969,221.53054279214797,227.56108558429594,209.97999572753906,218.75999450683594,218.75999450683594,1,0,0.0,411.88890447869886,426.188192206998,411.4774270516472,426.61480701401206,0.8380922340656592,True,True,False,False,False,2650,26,222.80999755859375,1.3929084306343924,-0.6682646849872469,2025-03-25 16:30:00+00:00,222.80999755859375,time,TIME,14.299287728299134,411.4774270516472,2,"[{""time"": ""2025-03-19 19:30:00+00:00"", ""price"": 215.5, ""fraction"": 0.2, ""shares"": 0.9547040070803879, ""reason"": ""starter20""}, {""time"": ""2025-03-20 13:30:00+00:00"", ""price"": 213.08778288314082, ""fraction"": 0.2, ""shares"": 0.9655115405590967, ""reason"": ""adverse20""}]","[{""time"": ""2025-03-25 13:30:00+00:00"", ""price"": 221.53054279214797, ""shares"": 0.9601077738197423, ""reason"": ""target1_partial""}, {""time"": ""2025-03-25 16:30:00+00:00"", ""price"": 222.80999755859375, ""shares"": 0.9601077738197423, ""reason"": ""time""}]"
DORO_AGG_NOT_BEAR,A,WMT,DAGG|WMT|2690,2025-03-27,2025-03-27,0,2025-03-27 18:30:00+00:00,3.0,ALL_BULL_CONTROL,1035.7636025994723,18.48219353063268,84.43595021099199,84.43595021099199,85.97000122070312,1.5340510097111348,87.50405223041426,89.0381032401254,84.56999969482422,87.6500015258789,87.6500015258789,1,0,0.0,1036.7993662020717,1026.5557910303457,1035.7636025994723,1027.5833744047504,2.0633469770042225,False,True,True,False,False,2691,10,84.76000213623047,0.0912612349668866,-0.8278761686680042,2025-03-31 13:30:00+00:00,84.43595021099199,stop,LOSS,-10.243575171725979,1035.7636025994723,3,"[{""time"": ""2025-03-27 18:30:00+00:00"", ""price"": 85.97000122070312, ""fraction"": 0.2, ""shares"": 2.4095930857100925, ""reason"": ""starter20""}, {""time"": ""2025-03-28 13:30:00+00:00"", ""price"": 85.35638081681867, ""fraction"": 0.2, ""shares"": 2.4269154635839127, ""reason"": ""adverse20""}, {""time"": ""2025-03-28 14:30:00+00:00"", ""price"": 84.74276041293422, ""fraction"": 0.6, ""shares"": 7.333466110042254, ""reason"": ""support60""}]","[{""time"": ""2025-03-31 13:30:00+00:00"", ""price"": 84.43595021099199, ""shares"": 12.169974659336258, ""reason"": ""stop""}]"
DORO_AGG_NOT_BEAR,A,TMUS,DAGG|TMUS|2712,2025-04-01,2025-04-01,0,2025-04-01 19:30:00+00:00,3.0,ALL_BULL_CONTROL,1033.7148875651271,19.499693782418614,262.16942072164323,267.2099914550781,267.2099914550781,5.04057073343489,272.250562188513,277.2911329219479,262.6300048828125,270.8299865722656,270.8299865722656,1,0,0.0,1034.7486024526922,1053.5896511350127,1033.7148875651271,1054.644295430443,2.0883591829955703,True,True,True,False,False,2713,16,267.9100036621094,1.069326259561183,-0.950284854762791,2025-04-04 13:30:00+00:00,267.2099914550781,stop,BE_STOP,18.841048682320434,1033.7148875651271,3,"[{""time"": ""2025-04-01 19:30:00+00:00"", ""price"": 267.2099914550781, ""fraction"": 0.2, ""shares"": 0.7737097568366261, ""reason"": ""starter20""}, {""time"": ""2025-04-02 13:30:00+00:00"", ""price"": 265.19376316170417, ""fraction"": 0.2, ""shares"": 0.7795921557437312, ""reason"": ""adverse20""}, {""time"": ""2025-04-02 16:30:00+00:00"", ""price"": 263.1775348683302, ""fraction"": 0.6, ""shares"": 2.3566940576800435, ""reason"": ""support60""}]","[{""time"": ""2025-04-03 13:30:00+00:00"", ""price"": 272.250562188513, ""shares"": 1.9549979851302004, ""reason"": ""target1_partial""}, {""time"": ""2025-04-04 13:30:00+00:00"", ""price"": 267.2099914550781, ""shares"": 1.9549979851302004, ""reason"": ""stop""}]"
DORO_AGG_NOT_BEAR,A,AMZN,DAGG|AMZN|2760,2025-04-10,2025-04-10,0,2025-04-10 18:30:00+00:00,3.0,ALL_BULL_CONTROL,605.0738416241197,51.874154865079575,167.22877402760338,167.22877402760338,182.91000366210938,15.681229634505996,198.59123329661537,214.27246293112137,168.57000732421875,192.63999938964844,192.63999938964844,1,0,0.0,242.27156618629755,237.9006937761408,242.0295366496479,238.13883260874954,0.48016836925839745,False,True,False,False,False,2761,26,176.8300018310547,0.2834594077781144,-0.46680059503186727,2025-04-16 15:30:00+00:00,176.8300018310547,time,TIME,-4.37087241015675,242.0295366496479,2,"[{""time"": ""2025-04-10 18:30:00+00:00"", ""price"": 182.91000366210938, ""fraction"": 0.2, ""shares"": 0.661608254890067, ""reason"": ""starter20""}, {""time"": ""2025-04-16 13:30:00+00:00"", ""price"": 176.63751180830698, ""fraction"": 0.2, ""shares"": 0.6851023153912702, ""reason"": ""adverse20""}]","[{""time"": ""2025-04-16 15:30:00+00:00"", ""price"": 176.8300018310547, ""shares"": 1.3467105702813371, ""reason"": ""time""}]"
DORO_AGG_NOT_BEAR,A,GOOGL,DAGG|GOOGL|2811,2025-04-22,2025-04-22,0,2025-04-23 13:30:00+00:00,3.0,ALL_BULL_CONTROL,812.5179094630962,51.83044614097801,145.68365232719572,155.61000061035156,155.61000061035156,9.926348283155846,165.5363488935074,175.46269717666326,146.10000610351562,154.67999267578125,154.67999267578125,1,0,0.0,162.66608547451187,169.46983160396468,162.50358189261925,169.63947107503975,0.332143052967659,True,False,False,False,False,2812,26,159.35000610351562,1.0567839445009897,-0.18133587502790546,2025-04-28 17:30:00+00:00,159.35000610351562,time,TIME,6.803746129452804,162.50358189261925,1,"[{""time"": ""2025-04-23 13:30:00+00:00"", ""price"": 155.61000061035156, ""fraction"": 0.2, ""shares"": 1.0443003743668715, ""reason"": ""starter20""}]","[{""time"": ""2025-04-25 13:30:00+00:00"", ""price"": 165.5363488935074, ""shares"": 0.5221501871834358, ""reason"": ""target1_partial""}, {""time"": ""2025-04-28 17:30:00+00:00"", ""price"": 159.35000610351562, ""shares"": 0.5221501871834358, ""reason"": ""time""}]"
DORO_AGG_NOT_BEAR,A,XOM,DAGG|XOM|2815,2025-04-23,2025-04-23,0,2025-04-23 17:30:00+00:00,3.0,ALL_BULL_CONTROL,1036.5659784620475,34.3818444452953,103.84732254531401,103.84732254531401,107.41000366210938,3.5626811167953605,110.97268477890474,114.5353658957001,104.12000274658203,109.30000305175781,109.30000305175781,1,0,0.0,207.52050888810194,209.265435324467,207.31319569240952,209.4749102347017,0.41678810592711124,False,False,False,False,False,2816,26,108.52999877929688,0.5163804256381832,-0.22455084402204847,2025-04-29 14:30:00+00:00,108.52999877929688,time,TIME,1.7449264363650627,207.31319569240952,1,"[{""time"": ""2025-04-23 17:30:00+00:00"", ""price"": 107.41000366210938, ""fraction"": 0.2, ""shares"": 1.9301106845185094, ""reason"": ""starter20""}]","[{""time"": ""2025-04-29 14:30:00+00:00"", ""price"": 108.52999877929688, ""shares"": 1.9301106845185094, ""reason"": ""time""}]"
DORO_AGG_NOT_BEAR,A,MA,DAGG|MA|2837,2025-04-28,2025-04-28,0,2025-04-28 18:30:00+00:00,3.0,ALL_BULL_CONTROL,1038.3237648810543,17.546879489598048,524.3495486810205,533.3629760742188,533.3629760742188,9.013427393198299,542.376403467417,551.3898308606153,525.27001953125,537.760009765625,537.760009765625,1,0,0.0,415.74483545837415,426.879456380616,415.32950595242175,427.3067631437597,0.8426362690961815,True,True,False,False,False,2838,17,550.0,2.1597823077063,-0.42247895637469446,2025-05-01 13:30:00+00:00,551.3898308606153,target2,WIN,11.134620922241822,415.32950595242175,2,"[{""time"": ""2025-04-28 18:30:00+00:00"", ""price"": 533.3629760742188, ""fraction"": 0.2, ""shares"": 0.38934977171590146, ""reason"": ""starter20""}, {""time"": ""2025-04-30 13:30:00+00:00"", ""price"": 529.7576051169394, ""fraction"": 0.2, ""shares"": 0.39199956918102324, ""reason"": ""adverse20""}]","[{""time"": ""2025-04-30 17:30:00+00:00"", ""price"": 542.376403467417, ""shares"": 0.3906746704484624, ""reason"": ""target1_partial""}, {""time"": ""2025-05-01 13:30:00+00:00"", ""price"": 551.3898308606153, ""shares"": 0.3906746704484624, ""reason"": ""target2""}]"
DORO_AGG_NOT_BEAR,A,WMT,DAGG|WMT|2844,2025-04-29,2025-04-29,0,2025-04-29 18:30:00+00:00,3.0,ALL_BULL_CONTROL,1038.694273309298,16.436937874351347,94.18558125843366,95.69999694824219,95.69999694824219,1.51441568980853,97.21441263805072,98.72882832785925,94.33999633789062,96.47000122070312,96.47000122070312,1,0,0.0,415.893187033043,426.26792076737894,415.47770932371924,426.6946153827617,0.842172324706481,True,True,False,False,False,2845,17,97.94999694824219,2.3243316192174275,-0.5084447079148778,2025-05-02 13:30:00+00:00,98.72882832785925,target2,WIN,10.374733734335962,415.47770932371924,2,"[{""time"": ""2025-04-29 18:30:00+00:00"", ""price"": 95.69999694824219, ""fraction"": 0.2, ""shares"": 2.170730002992705, ""reason"": ""starter20""}, {""time"": ""2025-04-30 13:30:00+00:00"", ""price"": 95.09423067231877, ""fraction"": 0.2, ""shares"": 2.1845579189519735, ""reason"": ""adverse20""}]","[{""time"": ""2025-04-30 17:30:00+00:00"", ""price"": 97.21441263805072, ""shares"": 2.1776439609723393, ""reason"": ""target1_partial""}, {""time"": ""2025-05-02 13:30:00+00:00"", ""price"": 98.72882832785925, ""shares"": 2.1776439609723393, ""reason"": ""target2""}]"
DORO_AGG_NOT_BEAR,A,JNJ,DAGG|JNJ|2865,2025-05-02,2025-05-02,0,2025-05-02 18:30:00+00:00,3.0,ALL_BULL_CONTROL,1042.6205282640392,18.470103736212902,153.14804582309853,153.14804582309853,155.91000366210938,2.7619578390108472,158.67196150112022,161.43391934013107,153.36000061035156,158.1999969482422,158.1999969482422,1,0,0.0,1043.6631487923032,1055.3550339126668,1042.6205282640392,1056.4114453580248,2.099031973622064,False,True,True,False,False,2866,26,156.39999389648438,0.7358196521830871,-0.8055901766815082,2025-05-08 15:30:00+00:00,156.39999389648438,time,TIME,11.691885120363622,1042.6205282640392,3,"[{""time"": ""2025-05-02 18:30:00+00:00"", ""price"": 155.91000366210938, ""fraction"": 0.2, ""shares"": 1.3374645677305261, ""reason"": ""starter20""}, {""time"": ""2025-05-05 13:30:00+00:00"", ""price"": 154.80522052650502, ""fraction"": 0.2, ""shares"": 1.3470095190821123, ""reason"": ""adverse20""}, {""time"": ""2025-05-06 13:30:00+00:00"", ""price"": 153.7004373909007, ""fraction"": 0.6, ""shares"": 4.070075060147215, ""reason"": ""support60""}]","[{""time"": ""2025-05-08 15:30:00+00:00"", ""price"": 156.39999389648438, ""shares"": 6.754549146959854, ""reason"": ""time""}]"
DORO_AGG_NOT_BEAR,A,JPM,DAGG|JPM|2900,2025-05-09,2025-05-09,0,2025-05-09 18:30:00+00:00,3.0,ALL_BULL_CONTROL,1044.9589052881117,19.8237271977992,248.42601508466535,253.22999572753906,253.22999572753906,4.803980642873711,258.0339763704128,262.8379570132865,248.8300018310547,255.8800048828125,255.8800048828125,1,0,0.0,209.20077283867997,214.72396031774514,208.99178105762235,214.9388992169621,0.42393068027458447,True,False,False,False,False,2901,3,262.8999938964844,2.158628676274867,-0.0707738775748358,2025-05-12 13:30:00+00:00,262.8379570132865,target2,WIN,5.523187479065172,208.99178105762235,1,"[{""time"": ""2025-05-09 18:30:00+00:00"", ""price"": 253.22999572753906, ""fraction"": 0.2, ""shares"": 0.8253042079678645, ""reason"": ""starter20""}]","[{""time"": ""2025-05-12 13:30:00+00:00"", ""price"": 258.0339763704128, ""shares"": 0.41265210398393226, ""reason"": ""target1_partial""}, {""time"": ""2025-05-12 13:30:00+00:00"", ""price"": 262.8379570132865, ""shares"": 0.41265210398393226, ""reason"": ""target2""}]"
DORO_AGG_NOT_BEAR,A,V,DAGG|V|2907,2025-05-12,2025-05-12,0,2025-05-12 18:30:00+00:00,3.0,ALL_BULL_CONTROL,1046.063542783925,23.87088747863306,347.53415710564695,355.6499938964844,355.6499938964844,8.11583679083742,363.7658306873218,371.8816674781592,348.1000061035156,361.8900146484375,361.8900146484375,1,0,0.0,209.42192126534178,214.15610945887147,209.212708556785,214.37047993881026,0.4235831884955953,True,False,False,False,False,2908,26,365.07000732421875,1.177943544821743,-0.13184189773588867,2025-05-16 15:30:00+00:00,365.07000732421875,time,TIME,4.73418819352969,209.212708556785,1,"[{""time"": ""2025-05-12 18:30:00+00:00"", ""price"": 355.6499938964844, ""fraction"": 0.2, ""shares"": 0.588254497813034, ""reason"": ""starter20""}]","[{""time"": ""2025-05-16 13:30:00+00:00"", ""price"": 363.7658306873218, ""shares"": 0.294127248906517, ""reason"": ""target1_partial""}, {""time"": ""2025-05-16 15:30:00+00:00"", ""price"": 365.07000732421875, ""shares"": 0.294127248906517, ""reason"": ""time""}]"
DORO_AGG_NOT_BEAR,A,GOOGL,DAGG|GOOGL|2940,2025-05-19,2025-05-19,0,2025-05-19 16:30:00+00:00,3.0,ALL_BULL_CONTROL,1047.010380422631,20.806703760173757,162.02487621489865,165.30999755859375,165.30999755859375,3.2851213436950957,168.59511890228885,171.88024024598394,162.3800048828125,169.33999633789062,169.33999633789062,1,0,0.0,419.2229563212215,432.5830473681845,418.80415216905243,433.0160634316161,0.8518202156006686,True,True,False,False,False,2941,13,169.33999633789062,2.383474158749802,-0.7336117634542563,2025-05-21 14:30:00+00:00,171.88024024598394,target2,WIN,13.36009104696302,418.80415216905243,2,"[{""time"": ""2025-05-19 16:30:00+00:00"", ""price"": 165.30999755859375, ""fraction"": 0.2, ""shares"": 1.2667236052090807, ""reason"": ""starter20""}, {""time"": ""2025-05-20 17:30:00+00:00"", ""price"": 163.9959490211157, ""fraction"": 0.2, ""shares"": 1.2768734675120794, ""reason"": ""adverse20""}]","[{""time"": ""2025-05-21 13:30:00+00:00"", ""price"": 168.59511890228885, ""shares"": 1.27179853636058, ""reason"": ""target1_partial""}, {""time"": ""2025-05-21 14:30:00+00:00"", ""price"": 171.88024024598394, ""shares"": 1.27179853636058, ""reason"": ""target2""}]"
DORO_AGG_NOT_BEAR,A,MSFT,DAGG|MSFT|2963,2025-05-22,2025-05-22,0,2025-05-22 18:30:00+00:00,3.0,ALL_BULL_CONTROL,1049.6823986320235,12.129752261302002,451.1358938159157,451.1358938159157,456.4100036621094,5.274109846193653,461.684113508303,466.9582233544967,451.8139953613281,460.2449951171875,460.2449951171875,1,0,0.0,420.2928324122622,414.30128435410677,419.8729594528094,414.71600035446124,0.8345889598072707,False,True,False,False,False,2964,2,449.760009765625,0.1384140656181018,-0.4190090777003145,2025-05-23 13:30:00+00:00,449.760009765625,gap_stop,LOSS,-5.991548058155445,419.8729594528094,2,"[{""time"": ""2025-05-22 18:30:00+00:00"", ""price"": 456.4100036621094, ""fraction"": 0.2, ""shares"": 0.4599734406387495, ""reason"": ""starter20""}, {""time"": ""2025-05-22 19:30:00+00:00"", ""price"": 454.3003597236319, ""fraction"": 0.2, ""shares"": 0.462109428779931, ""reason"": ""adverse20""}]","[{""time"": ""2025-05-23 13:30:00+00:00"", ""price"": 449.760009765625, ""shares"": 0.9220828694186805, ""reason"": ""gap_stop""}]"
DORO_AGG_NOT_BEAR,A,COST,DAGG|COST|2983,2025-05-28,2025-05-28,0,2025-05-28 17:30:00+00:00,3.0,ALL_BULL_CONTROL,1048.592978203758,12.115591495396075,1005.9512565190549,1005.9512565190549,1017.7100219726562,11.758765453601313,1029.4687874262577,1041.2275528798589,1007.0800170898438,1024.5789794921875,1024.5789794921875,1,0,0.0,1049.6415711819618,1042.1985616909328,1048.592978203758,1043.2418034944274,2.0918347816981857,False,True,True,False,False,2984,6,1010.7999877929688,0.07738679269706464,-0.9788450846342779,2025-05-29 15:30:00+00:00,1005.9512565190549,stop,LOSS,-7.443009491028988,1048.592978203758,3,"[{""time"": ""2025-05-28 17:30:00+00:00"", ""price"": 1017.7100219726562, ""fraction"": 0.2, ""shares"": 0.20606910722393018, ""reason"": ""starter20""}, {""time"": ""2025-05-28 19:30:00+00:00"", ""price"": 1013.0065157912157, ""fraction"": 0.2, ""shares"": 0.20702590987477457, ""reason"": ""adverse20""}, {""time"": ""2025-05-29 13:30:00+00:00"", ""price"": 1008.3030096097752, ""fraction"": 0.6, ""shares"": 0.6239749171885793, ""reason"": ""support60""}]","[{""time"": ""2025-05-29 15:30:00+00:00"", ""price"": 1005.9512565190549, ""shares"": 1.0370699342872842, ""reason"": ""stop""}]"
DORO_AGG_NOT_BEAR,A,MU,DAGG|MU|2993,2025-05-29,2025-05-29,0,2025-05-30 13:30:00+00:00,3.0,ALL_BULL_CONTROL,1046.700550902059,24.502443772058566,93.94803002793714,93.94803002793714,96.19999694824219,2.251966920305051,98.45196386854724,100.70393078885229,94.19000244140625,99.62999725341797,99.62999725341797,1,0,0.0,209.5494502905922,204.23518180457407,209.34011018041178,204.43962142600006,0.41377973160641185,False,False,False,False,False,2994,1,96.19999694824219,0.0,0.0,2025-05-30 13:30:00+00:00,93.94803002793714,stop,LOSS,-5.314268486018136,209.34011018041178,1,"[{""time"": ""2025-05-30 13:30:00+00:00"", ""price"": 96.19999694824219, ""fraction"": 0.2, ""shares"": 2.176092690450308, ""reason"": ""starter20""}]","[{""time"": ""2025-05-30 13:30:00+00:00"", ""price"": 93.94803002793714, ""shares"": 2.176092690450308, ""reason"": ""stop""}]"
DORO_AGG_NOT_BEAR,A,GOOGL,DAGG|GOOGL|2976,2025-05-27,2025-05-27,0,2025-05-27 17:30:00+00:00,3.0,ALL_BULL_CONTROL,1048.4840890203923,30.047620497851675,167.45932799160315,167.45932799160315,172.39999389648438,4.940665904881229,177.3406598013656,182.28132570624683,167.88999938964844,176.77000427246094,176.77000427246094,1,0,0.0,419.81302924376513,409.3268479051491,419.39363560815696,409.73658448963874,0.8291302200977957,False,True,False,False,False,2977,21,168.66000366210938,0.5788694612048081,-0.7610299055277501,2025-05-30 16:30:00+00:00,167.45932799160315,stop,LOSS,-10.486181338616007,419.39363560815696,2,"[{""time"": ""2025-05-27 17:30:00+00:00"", ""price"": 172.39999389648438, ""fraction"": 0.2, ""shares"": 1.2163388934340018, ""reason"": ""starter20""}, {""time"": ""2025-05-30 13:30:00+00:00"", ""price"": 170.42372753453188, ""fraction"": 0.2, ""shares"": 1.2304437934652552, ""reason"": ""adverse20""}]","[{""time"": ""2025-05-30 16:30:00+00:00"", ""price"": 167.45932799160315, ""shares"": 2.4467826868992573, ""reason"": ""stop""}]"
DORO_AGG_NOT_BEAR,A,JPM,DAGG|JPM|2998,2025-05-30,2025-05-30,0,2025-05-30 18:30:00+00:00,3.0,ALL_BULL_CONTROL,1044.577173655222,11.274078152407911,262.2140685838663,262.2140685838663,265.07501220703125,2.8609436231649283,267.9359558301962,270.7968994533611,262.5299987792969,266.7200012207031,266.7200012207031,1,0,0.0,418.2487003315509,413.8030811586789,417.8308694620888,414.217298457136,0.8320481679192249,False,True,False,False,False,2999,3,263.0199890136719,0.04717997480060574,-0.4631381745179064,2025-06-02 13:30:00+00:00,262.2140685838663,stop,LOSS,-4.445619172872,417.8308694620888,2,"[{""time"": ""2025-05-30 18:30:00+00:00"", ""price"": 265.07501220703125, ""fraction"": 0.2, ""shares"": 0.7881370371035781, ""reason"": ""starter20""}, {""time"": ""2025-05-30 19:30:00+00:00"", ""price"": 263.9306347577653, ""fraction"": 0.2, ""shares"": 0.7915543223043673, ""reason"": ""adverse20""}]","[{""time"": ""2025-06-02 13:30:00+00:00"", ""price"": 262.2140685838663, ""shares"": 1.5796913594079454, ""reason"": ""stop""}]"
DORO_AGG_NOT_BEAR,A,ORCL,DAGG|ORCL|2995,2025-05-30,2025-05-30,0,2025-05-30 15:30:00+00:00,3.0,ALL_BULL_CONTROL,1045.2878689424076,16.545326288955234,160.99077776650964,163.5800018310547,163.5800018310547,2.58922406454505,166.16922589559974,168.7584499601448,161.27999877929688,165.25,165.25,1,0,0.0,418.53326272454,428.97662396186456,418.11514757696307,429.4060299918565,0.8475211775688196,True,True,False,False,False,2996,16,168.20489501953125,2.0160484726609886,-0.6681521893869152,2025-06-03 16:30:00+00:00,168.7584499601448,target2,WIN,10.443361237324552,418.11514757696307,2,"[{""time"": ""2025-05-30 15:30:00+00:00"", ""price"": 163.5800018310547, ""fraction"": 0.2, ""shares"": 1.2780142526492697, ""reason"": ""starter20""}, {""time"": ""2025-05-30 15:30:00+00:00"", ""price"": 162.54431220523668, ""fraction"": 0.2, ""shares"": 1.2861574234877862, ""reason"": ""adverse20""}]","[{""time"": ""2025-06-02 17:30:00+00:00"", ""price"": 166.16922589559974, ""shares"": 1.2820858380685278, ""reason"": ""target1_partial""}, {""time"": ""2025-06-03 16:30:00+00:00"", ""price"": 168.7584499601448, ""shares"": 1.2820858380685278, ""reason"": ""target2""}]"
DORO_AGG_NOT_BEAR,A,WMT,DAGG|WMT|3010,2025-06-03,2025-06-03,0,2025-06-03 16:30:00+00:00,3.0,ALL_BULL_CONTROL,1044.9362771439091,30.86076360955217,96.43815544042783,96.43815544042783,99.37300109863281,2.934845658204978,102.30784675683779,105.24269241504277,96.5999984741211,100.88999938964844,100.88999938964844,1,0,0.0,1045.981213421053,1038.8648919779434,1044.9362771439091,1039.904796774718,2.0848410739186276,False,True,True,False,False,3011,26,97.25,0.2579338891872608,-0.8869306119349617,2025-06-09 13:30:00+00:00,97.25,time,TIME,-7.116321443109655,1044.9362771439091,3,"[{""time"": ""2025-06-03 16:30:00+00:00"", ""price"": 99.37300109863281, ""fraction"": 0.2, ""shares"": 2.103058709290175, ""reason"": ""starter20""}, {""time"": ""2025-06-05 13:30:00+00:00"", ""price"": 98.19906283535082, ""fraction"": 0.2, ""shares"": 2.1282001008419833, ""reason"": ""adverse20""}, {""time"": ""2025-06-06 15:30:00+00:00"", ""price"": 97.02512457206883, ""fraction"": 0.6, ""shares"": 6.461849639993479, ""reason"": ""support60""}]","[{""time"": ""2025-06-09 13:30:00+00:00"", ""price"": 97.25, ""shares"": 10.693108450125637, ""reason"": ""time""}]"
DORO_AGG_NOT_BEAR,A,JNJ,DAGG|JNJ|3061,2025-06-12,2025-06-12,0,2025-06-12 18:30:00+00:00,3.0,ALL_BULL_CONTROL,1043.5200497118244,11.701936235307626,154.56704938295448,154.56704938295448,156.32000732421875,1.7529579412642704,158.07296526548302,159.8259232067473,154.72999572753906,157.44000244140625,157.44000244140625,1,0,0.0,1044.5635697615362,1037.3138068749715,1043.5200497118244,1038.3521590340056,2.08187220874583,False,True,True,False,False,3062,14,155.0,0.7701216400850556,-0.981199366062727,2025-06-16 17:30:00+00:00,154.56704938295448,stop,LOSS,-7.2497628865646675,1043.5200497118244,3,"[{""time"": ""2025-06-12 18:30:00+00:00"", ""price"": 156.32000732421875, ""fraction"": 0.2, ""shares"": 1.3351074729001133, ""reason"": ""starter20""}, {""time"": ""2025-06-16 13:30:00+00:00"", ""price"": 155.61882414771304, ""fraction"": 0.2, ""shares"": 1.3411231647931199, ""reason"": ""adverse20""}, {""time"": ""2025-06-16 15:30:00+00:00"", ""price"": 154.91764097120733, ""fraction"": 0.6, ""shares"": 4.041579938229646, ""reason"": ""support60""}]","[{""time"": ""2025-06-16 17:30:00+00:00"", ""price"": 154.56704938295448, ""shares"": 6.717810575922879, ""reason"": ""stop""}]"
DORO_AGG_NOT_BEAR,A,TMUS,DAGG|TMUS|3074,2025-06-16,2025-06-16,0,2025-06-16 17:30:00+00:00,3.0,ALL_BULL_CONTROL,1042.3312110015283,20.305477447921195,225.74492424859082,225.74492424859082,230.22999572753906,4.485071478948242,234.7150672064873,239.20013868543555,226.14999389648438,232.49000549316406,232.49000549316406,1,0,0.0,208.674708442506,200.930815484197,208.4662422003057,201.13194743162865,0.40959818963193434,False,False,False,False,False,3075,3,222.1300048828125,0.3076884926561112,-0.08472320358928723,2025-06-17 13:30:00+00:00,222.1300048828125,gap_stop,LOSS,-7.743892958308976,208.4662422003057,1,"[{""time"": ""2025-06-16 17:30:00+00:00"", ""price"": 230.22999572753906, ""fraction"": 0.2, ""shares"": 0.9054695133948174, ""reason"": ""starter20""}]","[{""time"": ""2025-06-17 13:30:00+00:00"", ""price"": 222.1300048828125, ""shares"": 0.9054695133948174, ""reason"": ""gap_stop""}]"
DORO_AGG_NOT_BEAR,A,QCOM,DAGG|QCOM|3059,2025-06-12,2025-06-12,0,2025-06-12 16:30:00+00:00,3.0,ALL_BULL_CONTROL,1043.611681281528,30.858618879432186,154.2888201067302,154.2888201067302,158.99000549316406,4.701185386433849,163.6911908795979,168.39237626603176,154.61000061035156,162.13999938964844,162.13999938964844,1,0,0.0,1044.6552929628097,1028.869948283359,1043.611681281528,1029.8998481314904,2.0735115294130186,False,True,True,False,False,3060,26,155.0,0.03828665772267832,-0.9774133208962279,2025-06-18 13:30:00+00:00,154.2888201067302,stop,LOSS,-15.785344679450645,1043.611681281528,3,"[{""time"": ""2025-06-12 16:30:00+00:00"", ""price"": 158.99000549316406, ""fraction"": 0.2, ""shares"": 1.31280161673609, ""reason"": ""starter20""}, {""time"": ""2025-06-13 13:30:00+00:00"", ""price"": 157.10953133859053, ""fraction"": 0.2, ""shares"": 1.3285147914195168, ""reason"": ""adverse20""}, {""time"": ""2025-06-13 13:30:00+00:00"", ""price"": 155.229057184017, ""fraction"": 0.6, ""shares"": 4.033826012526922, ""reason"": ""support60""}]","[{""time"": ""2025-06-18 13:30:00+00:00"", ""price"": 154.2888201067302, ""shares"": 6.675142420682529, ""reason"": ""stop""}]"
DORO_AGG_NOT_BEAR,A,XOM,DAGG|XOM|3101,2025-06-23,2025-06-23,0,2025-06-23 16:30:00+00:00,3.0,ALL_BULL_CONTROL,1037.4558811766633,18.78432036853496,112.75087385901259,112.75087385901259,114.83000183105469,2.0791279720421016,116.90912980309679,118.98825777513889,112.94000244140625,116.94999694824219,116.94999694824219,1,0,0.0,207.69866741156798,203.53057784946404,207.49117623533266,203.73431216162567,0.4112254883969583,False,False,False,False,False,3102,1,114.83000183105469,0.0,0.0,2025-06-23 16:30:00+00:00,112.75087385901259,stop,LOSS,-4.168089562103944,207.49117623533266,1,"[{""time"": ""2025-06-23 16:30:00+00:00"", ""price"": 114.83000183105469, ""fraction"": 0.2, ""shares"": 1.806942200877146, ""reason"": ""starter20""}]","[{""time"": ""2025-06-23 16:30:00+00:00"", ""price"": 112.75087385901259, ""shares"": 1.806942200877146, ""reason"": ""stop""}]"
DORO_AGG_NOT_BEAR,A,LLY,DAGG|LLY|3108,2025-06-24,2025-06-24,0,2025-06-24 16:30:00+00:00,3.0,ALL_BULL_CONTROL,1036.6222632642425,26.52204962550125,753.7684135162569,773.5599975585938,773.5599975585938,19.791584042336808,793.3515816009306,813.1431656432674,755.5599975585938,793.2100219726562,793.2100219726562,1,0,0.0,207.53177710550136,210.8135664382944,207.32445265284852,211.02459102932372,0.41834904368217224,True,False,False,False,False,3109,26,781.3800048828125,1.462237806711164,-0.09297016608335593,2025-06-30 13:30:00+00:00,781.3800048828125,time,TIME,3.281789332793039,207.32445265284852,1,"[{""time"": ""2025-06-24 16:30:00+00:00"", ""price"": 773.5599975585938, ""fraction"": 0.2, ""shares"": 0.268013409828815, ""reason"": ""starter20""}]","[{""time"": ""2025-06-25 14:30:00+00:00"", ""price"": 793.3515816009306, ""shares"": 0.1340067049144075, ""reason"": ""target1_partial""}, {""time"": ""2025-06-30 13:30:00+00:00"", ""price"": 781.3800048828125, ""shares"": 0.1340067049144075, ""reason"": ""time""}]"
DORO_AGG_NOT_BEAR,A,AAPL,DAGG|AAPL|3129,2025-06-27,2025-06-27,0,2025-06-27 16:30:00+00:00,3.0,ALL_BULL_CONTROL,1037.4512580329497,14.56792632036265,199.15365487457856,201.99000549316406,201.99000549316406,2.8363506185854988,204.82635611174956,207.66270673033506,199.4600067138672,203.66000366210938,203.66000366210938,1,0,0.0,1038.4887092909826,1066.653138363778,1037.4512580329497,1067.7208592230008,2.1051721172559503,True,True,True,False,False,3130,12,206.6649932861328,2.7641139591551864,-0.9622608235198965,2025-07-01 13:30:00+00:00,207.66270673033506,target2,WIN,28.16442907279543,1037.4512580329497,3,"[{""time"": ""2025-06-27 16:30:00+00:00"", ""price"": 201.99000549316406, ""fraction"": 0.2, ""shares"": 1.027230288449158, ""reason"": ""starter20""}, {""time"": ""2025-06-27 18:30:00+00:00"", ""price"": 200.85546524572987, ""fraction"": 0.2, ""shares"": 1.033032640425009, ""reason"": ""adverse20""}, {""time"": ""2025-06-30 14:30:00+00:00"", ""price"": 199.72092499829566, ""fraction"": 0.6, ""shares"": 3.1167027432157233, ""reason"": ""support60""}]","[{""time"": ""2025-06-30 18:30:00+00:00"", ""price"": 204.82635611174956, ""shares"": 2.5884828360449452, ""reason"": ""target1_partial""}, {""time"": ""2025-07-01 13:30:00+00:00"", ""price"": 207.66270673033506, ""shares"": 2.5884828360449452, ""reason"": ""target2""}]"
DORO_AGG_NOT_BEAR,A,COST,DAGG|COST|3134,2025-06-30,2025-06-30,0,2025-06-30 14:30:00+00:00,3.0,ALL_BULL_CONTROL,1037.0114810743978,13.666447341416845,975.3840297521631,975.3840297521631,988.4099731445312,13.025943392368163,1001.4359165368994,1014.4618599292676,976.5,999.989990234375,999.989990234375,1,0,0.0,415.2193970221889,410.0122157498816,414.80459242975917,410.4226383882699,0.8252272308180291,False,True,False,False,False,3135,9,987.655029296875,0.5059155146743395,-0.6648156539120625,2025-07-01 15:30:00+00:00,975.3840297521631,stop,LOSS,-5.207181272307309,414.80459242975917,2,"[{""time"": ""2025-06-30 14:30:00+00:00"", ""price"": 988.4099731445312, ""fraction"": 0.2, ""shares"": 0.20983428116882424, ""reason"": ""starter20""}, {""time"": ""2025-06-30 14:30:00+00:00"", ""price"": 983.199595787584, ""fraction"": 0.2, ""shares"": 0.2109462789686581, ""reason"": ""adverse20""}]","[{""time"": ""2025-07-01 15:30:00+00:00"", ""price"": 975.3840297521631, ""shares"": 0.42078056013748233, ""reason"": ""stop""}]"
DORO_AGG_NOT_BEAR,A,QCOM,DAGG|QCOM|3133,2025-06-27,2025-06-27,0,2025-06-30 13:30:00+00:00,3.0,ALL_BULL_CONTROL,1037.383090480218,26.454030743113805,154.34119843154778,158.3800048828125,158.3800048828125,4.038806451264719,162.41881133407722,166.45761778534194,154.58999633789062,161.10000610351562,161.10000610351562,1,0,0.0,207.68409471413966,209.91189914918462,207.4766180960436,210.12202117035497,0.4175986392663986,True,False,False,False,False,3134,26,158.99000549316406,1.3809280272997828,-0.14360723596275943,2025-07-07 14:30:00+00:00,158.3800048828125,stop,BE_STOP,2.227804435044959,207.4766180960436,1,"[{""time"": ""2025-06-30 13:30:00+00:00"", ""price"": 158.3800048828125, ""fraction"": 0.2, ""shares"": 1.3099924971561805, ""reason"": ""starter20""}]","[{""time"": ""2025-07-02 18:30:00+00:00"", ""price"": 162.41881133407722, ""shares"": 0.6549962485780902, ""reason"": ""target1_partial""}, {""time"": ""2025-07-07 14:30:00+00:00"", ""price"": 158.3800048828125, ""shares"": 0.6549962485780902, ""reason"": ""stop""}]"
DORO_AGG_NOT_BEAR,A,CSCO,DAGG|CSCO|3181,2025-07-10,2025-07-10,0,2025-07-10 16:30:00+00:00,3.0,ALL_BULL_CONTROL,1043.3505316692952,10.116301976625579,68.22699239179644,68.22699239179644,68.8949966430664,0.6680042512699629,69.56300089433637,70.23100514560633,68.30999755859375,69.38999938964844,69.38999938964844,1,0,0.0,208.87877644019292,206.36458801916018,208.67010633385905,206.57115917833852,0.41524126551219753,False,False,False,False,False,3182,4,68.2020034790039,0.022465454395594723,-0.34430279014214465,2025-07-11 13:30:00+00:00,68.2020034790039,gap_stop,LOSS,-2.514188421032742,208.67010633385905,1,"[{""time"": ""2025-07-10 16:30:00+00:00"", ""price"": 68.8949966430664, ""fraction"": 0.2, ""shares"": 3.0288136512284685, ""reason"": ""starter20""}]","[{""time"": ""2025-07-11 13:30:00+00:00"", ""price"": 68.2020034790039, ""shares"": 3.0288136512284685, ""reason"": ""gap_stop""}]"
DORO_AGG_NOT_BEAR,A,JNJ,DAGG|JNJ|3171,2025-07-08,2025-07-08,0,2025-07-09 13:30:00+00:00,3.0,ALL_BULL_CONTROL,1042.3156315779077,11.949899080635648,154.00389832493195,155.7899932861328,155.7899932861328,1.7860949612008596,157.57608824733367,159.36218320853453,154.2100067138672,156.75999450683594,156.75999450683594,1,0,0.0,417.3431788837943,419.8618518810201,416.9262526311631,420.2821340150351,0.8372083866461982,True,True,False,False,False,3172,15,157.0850067138672,1.9315950618390836,-0.4059083422076974,2025-07-11 13:30:00+00:00,155.7899932861328,stop,BE_STOP,2.518672997225792,416.9262526311631,2,"[{""time"": ""2025-07-09 13:30:00+00:00"", ""price"": 155.7899932861328, ""fraction"": 0.2, ""shares"": 1.3381034424509297, ""reason"": ""starter20""}, {""time"": ""2025-07-09 17:30:00+00:00"", ""price"": 155.07555530165246, ""fraction"": 0.2, ""shares"": 1.344268127301429, ""reason"": ""adverse20""}]","[{""time"": ""2025-07-10 13:30:00+00:00"", ""price"": 157.57608824733367, ""shares"": 1.3411857848761795, ""reason"": ""target1_partial""}, {""time"": ""2025-07-11 13:30:00+00:00"", ""price"": 155.7899932861328, ""shares"": 1.3411857848761795, ""reason"": ""stop""}]"
DORO_AGG_NOT_BEAR,A,AMZN,DAGG|AMZN|3181,2025-07-10,2025-07-10,0,2025-07-10 16:30:00+00:00,3.0,ALL_BULL_CONTROL,1043.3922673599895,18.964597468988003,218.05330993125853,222.08999633789062,222.08999633789062,4.0366864066321,226.12668274452272,230.16336915115482,218.42999267578125,224.2899932861328,224.2899932861328,1,0,0.0,208.88713192546993,211.86152211006842,208.67845347199793,212.0735957057742,0.42075204917777215,True,False,False,False,False,3182,26,225.27999877929688,1.283232684624643,-0.08422659172434743,2025-07-16 13:30:00+00:00,225.27999877929688,time,TIME,2.974390184598491,208.67845347199793,1,"[{""time"": ""2025-07-10 16:30:00+00:00"", ""price"": 222.08999633789062, ""fraction"": 0.2, ""shares"": 0.9396121253228885, ""reason"": ""starter20""}]","[{""time"": ""2025-07-11 17:30:00+00:00"", ""price"": 226.12668274452272, ""shares"": 0.46980606266144426, ""reason"": ""target1_partial""}, {""time"": ""2025-07-16 13:30:00+00:00"", ""price"": 225.27999877929688, ""shares"": 0.46980606266144426, ""reason"": ""time""}]"
DORO_AGG_NOT_BEAR,A,GOOGL,DAGG|GOOGL|3181,2025-07-10,2025-07-10,0,2025-07-10 16:30:00+00:00,3.0,ALL_BULL_CONTROL,1043.3087976480283,25.553030030749067,172.36245823906017,176.69000244140625,176.69000244140625,4.3275442023460755,181.01754664375233,185.3450908460984,172.77000427246094,179.42950439453125,179.42950439453125,1,0,0.0,208.87042128913527,215.22351018282328,208.66175952960566,215.43894913195524,0.4241007086615609,True,False,False,False,False,3182,26,183.83999633789062,1.740016606927935,-0.04852791884906394,2025-07-16 13:30:00+00:00,183.83999633789062,time,TIME,6.35308889368801,208.66175952960566,1,"[{""time"": ""2025-07-10 16:30:00+00:00"", ""price"": 176.69000244140625, ""fraction"": 0.2, ""shares"": 1.1809483085994175, ""reason"": ""starter20""}]","[{""time"": ""2025-07-11 17:30:00+00:00"", ""price"": 181.01754664375233, ""shares"": 0.5904741542997087, ""reason"": ""target1_partial""}, {""time"": ""2025-07-16 13:30:00+00:00"", ""price"": 183.83999633789062, ""shares"": 0.5904741542997087, ""reason"": ""time""}]"
DORO_AGG_NOT_BEAR,A,WMT,DAGG|WMT|3218,2025-07-17,2025-07-17,0,2025-07-17 18:30:00+00:00,3.0,ALL_BULL_CONTROL,1044.3867255100013,9.185794759406987,94.50144332172239,94.50144332172239,95.33999633789062,0.838553016168234,96.17854935405886,97.0171023702271,94.6050033569336,95.83999633789062,95.83999633789062,1,0,0.0,418.17244489420455,414.3965327953977,417.75469020400055,414.81134413953725,0.8325660343435378,False,True,False,False,False,3219,3,95.08499908447266,0.1669626324674503,-0.47104552181010867,2025-07-18 13:30:00+00:00,94.50144332172239,stop,LOSS,-3.7759120988068275,417.75469020400055,2,"[{""time"": ""2025-07-17 18:30:00+00:00"", ""price"": 95.33999633789062, ""fraction"": 0.2, ""shares"": 2.1908679790769714, ""reason"": ""starter20""}, {""time"": ""2025-07-17 19:30:00+00:00"", ""price"": 95.00457513142334, ""fraction"": 0.2, ""shares"": 2.1986030126765215, ""reason"": ""adverse20""}]","[{""time"": ""2025-07-18 13:30:00+00:00"", ""price"": 94.50144332172239, ""shares"": 4.389470991753493, ""reason"": ""stop""}]"
DORO_AGG_NOT_BEAR,A,AAPL,DAGG|AAPL|3204,2025-07-15,2025-07-15,0,2025-07-15 18:30:00+00:00,3.0,ALL_BULL_CONTROL,1044.3822180836876,20.553517787972353,207.22875186052698,211.38890075683594,211.38890075683594,4.160148896308954,215.5490496531449,219.70919854945384,207.5399932861328,213.4499969482422,213.4499969482422,1,0,0.0,418.1706401207085,425.02709023416526,417.75288723347506,425.4525427769422,0.8432054300104174,True,True,False,False,False,3205,26,213.31959533691406,1.0555146298626212,-0.6607699473512673,2025-07-21 15:30:00+00:00,213.31959533691406,time,TIME,6.856450113456731,417.75288723347506,2,"[{""time"": ""2025-07-15 18:30:00+00:00"", ""price"": 211.38890075683594, ""fraction"": 0.2, ""shares"": 0.9881145266799579, ""reason"": ""starter20""}, {""time"": ""2025-07-15 19:30:00+00:00"", ""price"": 209.72484119831236, ""fraction"": 0.2, ""shares"": 0.995954711055079, ""reason"": ""adverse20""}]","[{""time"": ""2025-07-21 13:30:00+00:00"", ""price"": 215.5490496531449, ""shares"": 0.9920346188675184, ""reason"": ""target1_partial""}, {""time"": ""2025-07-21 15:30:00+00:00"", ""price"": 213.31959533691406, ""shares"": 0.9920346188675184, ""reason"": ""time""}]"
DORO_AGG_NOT_BEAR,A,ISRG,DAGG|ISRG|3219,2025-07-17,2025-07-17,0,2025-07-17 19:30:00+00:00,3.0,ALL_BULL_CONTROL,1044.1352118733096,20.60253922930894,505.3577570358717,505.3577570358717,515.530029296875,10.172272261003286,525.7023015578783,535.8745738188816,506.21051025390625,521.280029296875,521.280029296875,1,0,0.0,418.07173883407313,410.63056226883566,417.65408474932383,411.0416038727084,0.8286956886220322,False,True,False,False,False,3220,23,522.5,0.7431965410104066,-0.7137088053605706,2025-07-23 13:30:00+00:00,505.3577570358717,stop,LOSS,-7.44117656523747,417.65408474932383,2,"[{""time"": ""2025-07-17 19:30:00+00:00"", ""price"": 515.530029296875, ""fraction"": 0.2, ""shares"": 0.4050725088885288, ""reason"": ""starter20""}, {""time"": ""2025-07-22 15:30:00+00:00"", ""price"": 511.4611203924737, ""fraction"": 0.2, ""shares"": 0.4082950473623818, ""reason"": ""adverse20""}]","[{""time"": ""2025-07-23 13:30:00+00:00"", ""price"": 505.3577570358717, ""shares"": 0.8133675562509106, ""reason"": ""stop""}]"
DORO_AGG_NOT_BEAR,A,V,DAGG|V|3238,2025-07-22,2025-07-22,0,2025-07-22 17:30:00+00:00,3.0,ALL_BULL_CONTROL,1044.5051585930228,14.950989975698231,346.7643419202107,351.79998779296875,351.79998779296875,5.035645872758039,356.8356336657268,361.8712795384848,347.1600036621094,354.4800109863281,354.4800109863281,1,0,0.0,209.10993275032317,211.5352983274149,208.90103171860457,211.74704537278768,0.42064807709139224,True,False,False,False,False,3239,26,356.3500061035156,1.294773241804425,-0.22042561760892007,2025-07-28 14:30:00+00:00,356.3500061035156,time,TIME,2.425365577091725,208.90103171860457,1,"[{""time"": ""2025-07-22 17:30:00+00:00"", ""price"": 351.79998779296875, ""fraction"": 0.2, ""shares"": 0.5938062506174419, ""reason"": ""starter20""}]","[{""time"": ""2025-07-24 14:30:00+00:00"", ""price"": 356.8356336657268, ""shares"": 0.2969031253087209, ""reason"": ""target1_partial""}, {""time"": ""2025-07-28 14:30:00+00:00"", ""price"": 356.3500061035156, ""shares"": 0.2969031253087209, ""reason"": ""time""}]"
DORO_AGG_NOT_BEAR,A,AAPL,DAGG|AAPL|3244,2025-07-23,2025-07-23,0,2025-07-23 16:30:00+00:00,3.0,ALL_BULL_CONTROL,1043.5982725227132,14.862420432020613,210.45943655160914,210.45943655160914,213.5,3.0405634483908557,216.54056344839086,219.5811268967817,210.75999450683594,215.77999877929688,215.77999877929688,1,0,0.0,417.85674831809433,417.33499881559595,417.43930900908526,417.7527515671631,0.8351920605762484,False,True,False,False,False,3245,26,213.0500030517578,0.7202620430648324,-0.6544857645438132,2025-07-29 13:30:00+00:00,213.0500030517578,time,TIME,-0.5217495024983805,417.43930900908526,2,"[{""time"": ""2025-07-23 16:30:00+00:00"", ""price"": 213.5, ""fraction"": 0.2, ""shares"": 0.9776096229720966, ""reason"": ""starter20""}, {""time"": ""2025-07-29 13:30:00+00:00"", ""price"": 212.28377462064367, ""fraction"": 0.2, ""shares"": 0.9832105862896483, ""reason"": ""adverse20""}]","[{""time"": ""2025-07-29 13:30:00+00:00"", ""price"": 213.0500030517578, ""shares"": 1.9608202092617448, ""reason"": ""time""}]"
DORO_AGG_NOT_BEAR,A,AMZN,DAGG|AMZN|3246,2025-07-23,2025-07-23,0,2025-07-23 18:30:00+00:00,3.0,ALL_BULL_CONTROL,1043.7726689370481,13.631166143888345,225.39747249511362,228.3800048828125,228.3800048828125,2.982532387698882,231.36253727051138,234.34506965821026,225.64999389648438,229.94000244140625,229.94000244140625,1,0,0.0,208.96328832119704,212.63103974694553,208.75453378740963,212.8438836305761,0.42159841741798576,True,False,False,False,False,3247,24,234.14999389648438,2.125709133633963,-0.17770093008303786,2025-07-29 13:30:00+00:00,234.34506965821026,target2,WIN,3.6677514257484916,208.75453378740963,1,"[{""time"": ""2025-07-23 18:30:00+00:00"", ""price"": 228.3800048828125, ""fraction"": 0.2, ""shares"": 0.9140665965679736, ""reason"": ""starter20""}]","[{""time"": ""2025-07-24 13:30:00+00:00"", ""price"": 231.36253727051138, ""shares"": 0.4570332982839868, ""reason"": ""target1_partial""}, {""time"": ""2025-07-29 13:30:00+00:00"", ""price"": 234.34506965821026, ""shares"": 0.4570332982839868, ""reason"": ""target2""}]"
DORO_AGG_NOT_BEAR,A,GOOGL,DAGG|GOOGL|3253,2025-07-24,2025-07-24,0,2025-07-24 18:30:00+00:00,3.0,ALL_BULL_CONTROL,1044.5585269498374,38.29771204883401,187.03167513435386,187.03167513435386,194.14999389648438,7.118318762130514,201.2683126586149,208.3866314207454,187.46209716796875,197.9499969482422,197.9499969482422,1,0,0.0,418.2412341907149,427.4213938944597,417.823410779935,427.8492431375973,0.8456726539175323,False,True,False,False,False,3254,26,197.34010314941406,0.44954606754270804,-0.463590898812329,2025-07-30 15:30:00+00:00,197.34010314941406,time,TIME,9.180159703744778,417.823410779935,2,"[{""time"": ""2025-07-24 18:30:00+00:00"", ""price"": 194.14999389648438, ""fraction"": 0.2, ""shares"": 1.0760325107264936, ""reason"": ""starter20""}, {""time"": ""2025-07-25 13:30:00+00:00"", ""price"": 191.30266639163216, ""fraction"": 0.2, ""shares"": 1.0920480583489953, ""reason"": ""adverse20""}]","[{""time"": ""2025-07-30 15:30:00+00:00"", ""price"": 197.34010314941406, ""shares"": 2.1680805690754887, ""reason"": ""time""}]"
DORO_AGG_NOT_BEAR,A,TMUS,DAGG|TMUS|3279,2025-07-30,2025-07-30,0,2025-07-30 16:30:00+00:00,3.0,ALL_BULL_CONTROL,1046.2602020395034,18.756204648777132,236.8662127797029,236.8662127797029,241.19000244140625,4.323789661703358,245.5137921031096,249.83758176481297,237.27999877929688,245.32000732421875,245.32000732421875,1,0,0.0,1047.306462241543,1055.0168369261926,1046.2602020395034,1056.0729098360287,2.102333111875532,False,True,True,False,False,3280,26,241.0,0.37004363530862544,-0.9898721062233097,2025-08-05 13:30:00+00:00,241.0,time,TIME,7.710374684649651,1046.2602020395034,3,"[{""time"": ""2025-07-30 16:30:00+00:00"", ""price"": 241.19000244140625, ""fraction"": 0.2, ""shares"": 0.8675817334457533, ""reason"": ""starter20""}, {""time"": ""2025-07-31 13:30:00+00:00"", ""price"": 239.46048657672492, ""fraction"": 0.2, ""shares"": 0.873847887805301, ""reason"": ""adverse20""}, {""time"": ""2025-08-01 13:30:00+00:00"", ""price"": 237.73097071204356, ""fraction"": 0.6, ""shares"": 2.640615647778111, ""reason"": ""support60""}]","[{""time"": ""2025-08-05 13:30:00+00:00"", ""price"": 241.0, ""shares"": 4.382045269029165, ""reason"": ""time""}]"
DORO_AGG_NOT_BEAR,A,INTU,DAGG|INTU|3319,2025-08-07,2025-08-07,0,2025-08-07 14:30:00+00:00,3.0,ALL_BULL_CONTROL,1048.2784048900332,20.33693537730558,765.0638831447409,765.0638831447409,780.2000122070312,15.136129062290365,795.3361412693216,810.472270331612,766.1900024414062,794.0900268554688,794.0900268554688,1,0,0.0,1049.3266832949234,1038.2333213077131,1048.2784048900332,1039.2725939016148,2.087550998791648,False,True,True,False,False,3320,3,766.280029296875,0.09513677080052277,-0.8899257982571004,2025-08-07 16:30:00+00:00,765.0638831447409,stop,LOSS,-11.0933619872103,1048.2784048900332,3,"[{""time"": ""2025-08-07 14:30:00+00:00"", ""price"": 780.2000122070312, ""fraction"": 0.2, ""shares"": 0.2687204277079313, ""reason"": ""starter20""}, {""time"": ""2025-08-07 15:30:00+00:00"", ""price"": 774.1455605821151, ""fraction"": 0.2, ""shares"": 0.270822041297191, ""reason"": ""adverse20""}, {""time"": ""2025-08-07 15:30:00+00:00"", ""price"": 768.0911089571989, ""fraction"": 0.6, ""shares"": 0.8188703600383277, ""reason"": ""support60""}]","[{""time"": ""2025-08-07 16:30:00+00:00"", ""price"": 765.0638831447409, ""shares"": 1.3584128290434498, ""reason"": ""stop""}]"
DORO_AGG_NOT_BEAR,A,MA,DAGG|MA|3304,2025-08-04,2025-08-04,0,2025-08-05 13:30:00+00:00,3.0,ALL_BULL_CONTROL,1047.9521365056223,26.497924433527764,555.1973930779773,555.1973930779773,569.5999755859375,14.402582507960233,584.0025580938977,598.405140601858,556.0999755859375,579.4400024414062,579.4400024414062,1,0,0.0,1049.000088642128,1035.1587166118254,1047.9521365056223,1036.1949115233488,2.084147048028971,False,True,True,False,False,3305,18,558.8400268554688,0.2985609577829799,-0.9585081472820102,2025-08-07 16:30:00+00:00,555.1973930779773,stop,LOSS,-13.841372030302637,1047.9521365056223,3,"[{""time"": ""2025-08-05 13:30:00+00:00"", ""price"": 569.5999755859375, ""fraction"": 0.2, ""shares"": 0.3679607378590957, ""reason"": ""starter20""}, {""time"": ""2025-08-05 13:30:00+00:00"", ""price"": 563.8389425827534, ""fraction"": 0.2, ""shares"": 0.3717203823153158, ""reason"": ""adverse20""}, {""time"": ""2025-08-07 15:30:00+00:00"", ""price"": 558.0779095795693, ""fraction"": 0.6, ""shares"": 1.126672944960429, ""reason"": ""support60""}]","[{""time"": ""2025-08-07 16:30:00+00:00"", ""price"": 555.1973930779773, ""shares"": 1.8663540651348405, ""reason"": ""stop""}]"
DORO_AGG_NOT_BEAR,A,NVDA,DAGG|NVDA|3325,2025-08-07,2025-08-07,0,2025-08-08 13:30:00+00:00,3.0,ALL_BULL_CONTROL,1042.8153301729305,34.828477790089586,175.4865035364311,175.4865035364311,181.5500030517578,6.0634995153267255,187.61350256708454,193.67700208241126,175.89999389648438,183.8800048828125,183.8800048828125,1,0,0.0,208.77162910062071,208.101897631823,208.56306603458611,208.31020783966267,0.4168732738742488,False,False,False,False,False,3326,26,181.32989501953125,0.4832180935077341,-0.3628262759288178,2025-08-13 17:30:00+00:00,181.32989501953125,time,TIME,-0.6697314687977212,208.56306603458611,1,"[{""time"": ""2025-08-08 13:30:00+00:00"", ""price"": 181.5500030517578, ""fraction"": 0.2, ""shares"": 1.1487913110920036, ""reason"": ""starter20""}]","[{""time"": ""2025-08-13 17:30:00+00:00"", ""price"": 181.32989501953125, ""shares"": 1.1487913110920036, ""reason"": ""time""}]"
DORO_AGG_NOT_BEAR,A,CSCO,DAGG|CSCO|3344,2025-08-12,2025-08-12,0,2025-08-12 18:30:00+00:00,3.0,ALL_BULL_CONTROL,1043.1251474204512,29.22955326707756,69.41872857442337,69.41872857442337,71.41999816894531,2.0012695945219434,73.42126776346726,75.4225373579892,69.5250015258789,72.55000305175781,72.55000305175781,1,0,0.0,417.6673090271487,399.4153344445945,417.2500589681805,399.8151495941887,0.8170652085623693,False,True,False,False,False,3345,9,68.05000305175781,0.29481483599219643,-0.5846279642422678,2025-08-14 13:30:00+00:00,68.05000305175781,gap_stop,LOSS,-18.25197458255417,417.2500589681805,2,"[{""time"": ""2025-08-12 18:30:00+00:00"", ""price"": 71.41999816894531, ""fraction"": 0.2, ""shares"": 2.921101019781377, ""reason"": ""starter20""}, {""time"": ""2025-08-13 16:30:00+00:00"", ""price"": 70.61949033113653, ""fraction"": 0.2, ""shares"": 2.9542131854229243, ""reason"": ""adverse20""}]","[{""time"": ""2025-08-14 13:30:00+00:00"", ""price"": 68.05000305175781, ""shares"": 5.875314205204301, ""reason"": ""gap_stop""}]"
DORO_AGG_NOT_BEAR,A,NFLX,DAGG|NFLX|3350,2025-08-13,2025-08-13,0,2025-08-13 17:30:00+00:00,3.0,ALL_BULL_CONTROL,1042.145591326155,20.28442230725644,120.13134310280864,122.51600646972656,122.51600646972656,2.38466336691792,124.90066983664448,127.2853332035624,120.33900451660156,123.71199798583984,123.71199798583984,1,0,0.0,1043.187736917481,1062.8620662520939,1042.145591326155,1063.9259922443384,2.1060715835704933,True,True,True,False,False,3351,25,124.0009994506836,1.0902936034499509,-0.925920129076231,2025-08-19 13:30:00+00:00,122.51600646972656,stop,BE_STOP,19.67432933461282,1042.145591326155,3,"[{""time"": ""2025-08-13 17:30:00+00:00"", ""price"": 122.51600646972656, ""fraction"": 0.2, ""shares"": 1.7012398973087113, ""reason"": ""starter20""}, {""time"": ""2025-08-13 17:30:00+00:00"", ""price"": 121.56214112295939, ""fraction"": 0.2, ""shares"": 1.7145890681080238, ""reason"": ""adverse20""}, {""time"": ""2025-08-13 19:30:00+00:00"", ""price"": 120.60827577619223, ""fraction"": 0.6, ""shares"": 5.184448171334551, ""reason"": ""support60""}]","[{""time"": ""2025-08-18 13:30:00+00:00"", ""price"": 124.90066983664448, ""shares"": 4.300138568375643, ""reason"": ""target1_partial""}, {""time"": ""2025-08-19 13:30:00+00:00"", ""price"": 122.51600646972656, ""shares"": 4.300138568375643, ""reason"": ""stop""}]"
DORO_AGG_NOT_BEAR,A,CSCO,DAGG|CSCO|3402,2025-08-22,2025-08-22,0,2025-08-25 13:30:00+00:00,3.0,ALL_BULL_CONTROL,1042.965854829583,13.937434892189506,66.38091795302547,67.27999877929688,67.27999877929688,0.8990808262714012,68.17907960556828,69.07816043183968,66.47000122070312,68.03500366210938,68.03500366210938,1,0,0.0,208.8017641368825,212.56162703213988,208.59317096591658,212.77440143357342,0.42136757239949,True,False,False,False,False,3403,24,68.82499694824219,2.324600754698173,-0.18907996253275228,2025-08-28 15:30:00+00:00,69.07816043183968,target2,WIN,3.7598628952573847,208.59317096591658,1,"[{""time"": ""2025-08-25 13:30:00+00:00"", ""price"": 67.27999877929688, ""fraction"": 0.2, ""shares"": 3.100374178813214, ""reason"": ""starter20""}]","[{""time"": ""2025-08-26 13:30:00+00:00"", ""price"": 68.17907960556828, ""shares"": 1.550187089406607, ""reason"": ""target1_partial""}, {""time"": ""2025-08-28 15:30:00+00:00"", ""price"": 69.07816043183968, ""shares"": 1.550187089406607, ""reason"": ""target2""}]"
DORO_AGG_NOT_BEAR,A,MA,DAGG|MA|3405,2025-08-25,2025-08-25,0,2025-08-25 16:30:00+00:00,3.0,ALL_BULL_CONTROL,1042.9334369394626,21.12381873968844,583.2818701502042,583.2818701502042,595.3400268554688,12.058156705264537,607.3981835607333,619.4563402659978,583.9299926757812,601.77001953125,601.77001953125,1,0,0.0,417.59054815056083,416.8977692952877,417.1733747757851,417.3150843796673,0.8344884591554524,False,True,False,False,False,3406,26,593.1199951171875,0.07795573273615271,-0.750118294727707,2025-08-29 13:30:00+00:00,593.1199951171875,time,TIME,-0.6927788552731613,417.1733747757851,2,"[{""time"": ""2025-08-25 16:30:00+00:00"", ""price"": 595.3400268554688, ""fraction"": 0.2, ""shares"": 0.3503656364071944, ""reason"": ""starter20""}, {""time"": ""2025-08-26 14:30:00+00:00"", ""price"": 590.516764173363, ""fraction"": 0.2, ""shares"": 0.353227376499435, ""reason"": ""adverse20""}]","[{""time"": ""2025-08-29 13:30:00+00:00"", ""price"": 593.1199951171875, ""shares"": 0.7035930129066295, ""reason"": ""time""}]"
DORO_AGG_NOT_BEAR,A,QCOM,DAGG|QCOM|3406,2025-08-25,2025-08-25,0,2025-08-25 17:30:00+00:00,3.0,ALL_BULL_CONTROL,1042.8709962587507,25.939874556895365,152.77306353953202,156.6699981689453,156.6699981689453,3.8969346294132947,160.5669327983586,164.4638674277719,153.0500030517578,159.88999938964844,159.88999938964844,1,0,0.0,208.7827734510019,213.49725667455425,208.57419925175014,213.71096764219647,0.42228516689394663,True,False,False,False,False,3407,26,160.49000549316406,1.193247923682395,-0.17962758291061606,2025-08-29 14:30:00+00:00,160.49000549316406,time,TIME,4.7144832235523495,208.57419925175014,1,"[{""time"": ""2025-08-25 17:30:00+00:00"", ""price"": 156.6699981689453, ""fraction"": 0.2, ""shares"": 1.3312963661800383, ""reason"": ""starter20""}]","[{""time"": ""2025-08-28 13:30:00+00:00"", ""price"": 160.5669327983586, ""shares"": 0.6656481830900192, ""reason"": ""target1_partial""}, {""time"": ""2025-08-29 14:30:00+00:00"", ""price"": 160.49000549316406, ""shares"": 0.6656481830900192, ""reason"": ""time""}]"
DORO_AGG_NOT_BEAR,A,AMD,DAGG|AMD|3413,2025-08-26,2025-08-26,0,2025-08-26 17:30:00+00:00,3.0,ALL_BULL_CONTROL,1043.325204392625,34.68211720701209,161.2552532157383,161.2552532157383,166.8000030517578,5.54474983601952,172.34475288777733,177.88950272379685,161.72999572753906,169.77000427246094,169.77000427246094,1,0,0.0,1044.3685295970176,1002.9540791910729,1043.325204392625,1003.9580372283012,2.047283241620926,False,True,True,False,False,3414,24,157.5,0.7556702403753855,-0.8837205104263224,2025-09-02 13:30:00+00:00,157.5,gap_stop,LOSS,-41.41445040594476,1043.325204392625,3,"[{""time"": ""2025-08-26 17:30:00+00:00"", ""price"": 166.8000030517578, ""fraction"": 0.2, ""shares"": 1.2509894308201934, ""reason"": ""starter20""}, {""time"": ""2025-08-29 13:30:00+00:00"", ""price"": 164.58210311735002, ""fraction"": 0.2, ""shares"": 1.2678476998786623, ""reason"": ""adverse20""}, {""time"": ""2025-08-29 13:30:00+00:00"", ""price"": 162.3642031829422, ""fraction"": 0.6, ""shares"": 3.8554996136078183, ""reason"": ""support60""}]","[{""time"": ""2025-09-02 13:30:00+00:00"", ""price"": 157.5, ""shares"": 6.3743367443066745, ""reason"": ""gap_stop""}]"
DORO_AGG_NOT_BEAR,A,V,DAGG|V|3477,2025-09-09,2025-09-09,0,2025-09-09 18:30:00+00:00,3.0,ALL_BULL_CONTROL,1036.343334266283,16.506966277230287,339.6819358925939,339.6819358925939,345.17999267578125,5.498056783187337,350.6780494589686,356.1761062421559,340.20001220703125,352.6300048828125,352.6300048828125,1,0,0.0,207.47593552010986,203.76330632421275,207.2686668532566,203.96727359781056,0.41123594045106715,False,False,False,False,False,3478,3,342.6099853515625,0.1400530335744557,-0.22916810388350317,2025-09-10 13:30:00+00:00,339.6819358925939,stop,LOSS,-3.712629195897108,207.2686668532566,1,"[{""time"": ""2025-09-09 18:30:00+00:00"", ""price"": 345.17999267578125, ""fraction"": 0.2, ""shares"": 0.6004654709171942, ""reason"": ""starter20""}]","[{""time"": ""2025-09-10 13:30:00+00:00"", ""price"": 339.6819358925939, ""shares"": 0.6004654709171942, ""reason"": ""stop""}]"
DORO_AGG_NOT_BEAR,A,QCOM,DAGG|QCOM|3463,2025-09-05,2025-09-05,0,2025-09-05 18:30:00+00:00,3.0,ALL_BULL_CONTROL,1036.2392782011011,37.85518856635109,154.15498881577741,154.15498881577741,160.0,5.845011184222585,165.84501118422259,171.69002236844517,154.47000122070312,163.49000549316406,163.49000549316406,1,0,0.0,414.9102069917209,419.18507658089885,414.49571128044045,419.604681262161,0.8341003925426015,False,True,False,False,False,3464,26,160.77999877929688,0.2737387582481476,-0.5799634031967849,2025-09-11 15:30:00+00:00,160.77999877929688,time,TIME,4.2748695891779676,414.49571128044045,2,"[{""time"": ""2025-09-05 18:30:00+00:00"", ""price"": 160.0, ""fraction"": 0.2, ""shares"": 1.2952990977513763, ""reason"": ""starter20""}, {""time"": ""2025-09-09 17:30:00+00:00"", ""price"": 157.66199552631096, ""fraction"": 0.2, ""shares"": 1.3145073735010178, ""reason"": ""adverse20""}]","[{""time"": ""2025-09-11 15:30:00+00:00"", ""price"": 160.77999877929688, ""shares"": 2.6098064712523943, ""reason"": ""time""}]"
DORO_AGG_NOT_BEAR,A,JPM,DAGG|JPM|3477,2025-09-09,2025-09-09,0,2025-09-09 18:30:00+00:00,3.0,ALL_BULL_CONTROL,1036.3847896578693,26.769820248822413,290.9553666546828,298.6700134277344,298.6700134277344,7.714646773051584,306.38466020078596,314.09930697383754,291.44000244140625,305.1499938964844,305.1499938964844,1,0,0.0,414.9684697790109,428.7305475943921,414.5539158631477,429.15970730169374,0.8437136231648414,True,True,False,False,False,3478,26,308.7900085449219,1.462153629470062,-0.42387158186848783,2025-09-15 15:30:00+00:00,308.7900085449219,time,TIME,13.76207781538119,414.5539158631477,2,"[{""time"": ""2025-09-09 18:30:00+00:00"", ""price"": 298.6700134277344, ""fraction"": 0.2, ""shares"": 0.6939998949098591, ""reason"": ""starter20""}, {""time"": ""2025-09-10 13:30:00+00:00"", ""price"": 295.58415471851373, ""fraction"": 0.2, ""shares"": 0.70124516021153, ""reason"": ""adverse20""}]","[{""time"": ""2025-09-12 13:30:00+00:00"", ""price"": 306.38466020078596, ""shares"": 0.6976225275606946, ""reason"": ""target1_partial""}, {""time"": ""2025-09-15 15:30:00+00:00"", ""price"": 308.7900085449219, ""shares"": 0.6976225275606946, ""reason"": ""time""}]"
DORO_AGG_NOT_BEAR,A,JNJ,DAGG|JNJ|3519,2025-09-17,2025-09-17,0,2025-09-17 18:30:00+00:00,3.0,ALL_BULL_CONTROL,1037.813335590702,10.695439178937376,175.4529963892121,175.4529963892121,177.27999877929688,1.8270023900847718,179.10700116938165,180.93400355946642,175.64999389648438,178.99000549316406,178.99000549316406,1,0,0.0,415.54045957051716,411.28578354327016,415.1253342362809,411.69748102429446,0.8268228152605754,False,True,False,False,False,3520,4,176.13999938964844,0.03831813499461361,-0.6841808236178611,2025-09-18 14:30:00+00:00,175.4529963892121,stop,LOSS,-4.254676027247001,415.1253342362809,2,"[{""time"": ""2025-09-17 18:30:00+00:00"", ""price"": 177.27999877929688, ""fraction"": 0.2, ""shares"": 1.1708183018240186, ""reason"": ""starter20""}, {""time"": ""2025-09-18 13:30:00+00:00"", ""price"": 176.54919782326297, ""fraction"": 0.2, ""shares"": 1.1756647420506772, ""reason"": ""adverse20""}]","[{""time"": ""2025-09-18 14:30:00+00:00"", ""price"": 175.4529963892121, ""shares"": 2.346483043874696, ""reason"": ""stop""}]"
DORO_AGG_NOT_BEAR,A,GOOGL,DAGG|GOOGL|3525,2025-09-18,2025-09-18,0,2025-09-18 17:30:00+00:00,3.0,ALL_BULL_CONTROL,1039.7699741472195,20.64613744467254,245.80039901020498,250.77999877929688,250.77999877929688,4.979599769091891,255.75959854838877,260.73919831748066,246.27999877929688,253.99000549316406,253.99000549316406,1,0,0.0,208.16194882427334,209.80858996533726,207.9539948294439,210.01860857391114,0.417972603403355,True,False,False,False,False,3526,13,253.5500030517578,1.0482772637880242,-0.05622917348394391,2025-09-22 15:30:00+00:00,250.77999877929688,stop,BE_STOP,1.646641141063924,207.9539948294439,1,"[{""time"": ""2025-09-18 17:30:00+00:00"", ""price"": 250.77999877929688, ""fraction"": 0.2, ""shares"": 0.829228789543369, ""reason"": ""starter20""}]","[{""time"": ""2025-09-19 19:30:00+00:00"", ""price"": 255.75959854838877, ""shares"": 0.4146143947716845, ""reason"": ""target1_partial""}, {""time"": ""2025-09-22 15:30:00+00:00"", ""price"": 250.77999877929688, ""shares"": 0.4146143947716845, ""reason"": ""stop""}]"
DORO_AGG_NOT_BEAR,A,ORCL,DAGG|ORCL|3513,2025-09-16,2025-09-16,0,2025-09-16 19:30:00+00:00,3.0,ALL_BULL_CONTROL,997.6993403942647,51.955207092141684,290.2735903782439,306.2200012207031,306.2200012207031,15.946410842459215,322.16641206316234,338.11282290562156,291.75,319.9700012207031,319.9700012207031,1,0,0.0,998.6970397346589,1080.9005458315282,997.6993403942647,1081.982528359888,2.079681868754153,True,True,True,False,False,3514,26,322.4549865722656,1.2617256206403273,-0.8917367902525551,2025-09-22 16:30:00+00:00,322.4549865722656,time,TIME,82.20350609686932,997.6993403942647,3,"[{""time"": ""2025-09-16 19:30:00+00:00"", ""price"": 306.2200012207031, ""fraction"": 0.2, ""shares"": 0.6516225827294599, ""reason"": ""starter20""}, {""time"": ""2025-09-17 13:30:00+00:00"", ""price"": 299.84143688371944, ""fraction"": 0.2, ""shares"": 0.6654846313194392, ""reason"": ""adverse20""}, {""time"": ""2025-09-18 13:30:00+00:00"", ""price"": 293.46287254673575, ""fraction"": 0.6, ""shares"": 2.039847831657904, ""reason"": ""support60""}]","[{""time"": ""2025-09-22 14:30:00+00:00"", ""price"": 322.16641206316234, ""shares"": 1.6784775228534015, ""reason"": ""target1_partial""}, {""time"": ""2025-09-22 16:30:00+00:00"", ""price"": 322.4549865722656, ""shares"": 1.6784775228534015, ""reason"": ""time""}]"
DORO_AGG_NOT_BEAR,A,V,DAGG|V|3539,2025-09-22,2025-09-22,0,2025-09-22 17:30:00+00:00,3.0,ALL_BULL_CONTROL,1055.023236084971,16.84206052326965,337.7212746972991,337.7212746972991,343.20001220703125,5.478737509732127,348.6787497167634,354.1574872264955,338.2200012207031,346.1099853515625,346.1099853515625,1,0,0.0,1056.0782593210558,1046.5260229919886,1055.023236084971,1047.5735965885772,2.102596832673548,False,True,True,False,False,3540,10,338.2250061035156,0.37508507610208996,-0.9765034543108095,2025-09-23 19:30:00+00:00,337.7212746972991,stop,LOSS,-9.552236329067227,1055.023236084971,3,"[{""time"": ""2025-09-22 17:30:00+00:00"", ""price"": 343.20001220703125, ""fraction"": 0.2, ""shares"": 0.6148153837760011, ""reason"": ""starter20""}, {""time"": ""2025-09-23 14:30:00+00:00"", ""price"": 341.0085172031384, ""fraction"": 0.2, ""shares"": 0.6187665016334444, ""reason"": ""adverse20""}, {""time"": ""2025-09-23 18:30:00+00:00"", ""price"": 338.81702219924557, ""fraction"": 0.6, ""shares"": 1.8683061953089557, ""reason"": ""support60""}]","[{""time"": ""2025-09-23 19:30:00+00:00"", ""price"": 337.7212746972991, ""shares"": 3.101888080718401, ""reason"": ""stop""}]"
DORO_AGG_NOT_BEAR,A,ORCL,DAGG|ORCL|3545,2025-09-23,2025-09-23,0,2025-09-23 16:30:00+00:00,3.0,ALL_BULL_CONTROL,905.7339006775834,52.72306269287596,295.16630619280824,295.16630619280824,313.4100036621094,18.24369746930114,331.6537011314105,349.89739860071165,296.44000244140625,329.5,329.5,1,0,0.0,362.6558538313044,344.9260837512174,362.29356027103336,345.2713551063237,0.7075649153773571,False,True,False,False,False,3546,12,295.2699890136719,0.11455990987613579,-0.7334042293415123,2025-09-25 13:30:00+00:00,295.16630619280824,stop,LOSS,-17.729770080087007,362.29356027103336,2,"[{""time"": ""2025-09-23 16:30:00+00:00"", ""price"": 313.4100036621094, ""fraction"": 0.2, ""shares"": 0.5779865927024236, ""reason"": ""starter20""}, {""time"": ""2025-09-24 13:30:00+00:00"", ""price"": 306.1125246743889, ""fraction"": 0.2, ""shares"": 0.5917653331179508, ""reason"": ""adverse20""}]","[{""time"": ""2025-09-25 13:30:00+00:00"", ""price"": 295.16630619280824, ""shares"": 1.1697519258203743, ""reason"": ""stop""}]"
DORO_AGG_NOT_BEAR,A,JNJ,DAGG|JNJ|3560,2025-09-25,2025-09-25,0,2025-09-25 17:30:00+00:00,3.0,ALL_BULL_CONTROL,1049.5207172226465,17.327014400364526,173.91063498306022,176.8300018310547,176.8300018310547,2.9193668479944677,179.74936867904916,182.66873552704362,174.1199951171875,178.39999389648438,178.39999389648438,1,0,0.0,210.11404758797383,214.88714551687403,209.9041434445293,215.10224776463866,0.425006391209168,True,False,False,False,False,3561,18,181.6999969482422,2.4834151983950115,-0.02398031075362909,2025-09-30 13:30:00+00:00,182.66873552704362,target2,WIN,4.773097928900199,209.9041434445293,1,"[{""time"": ""2025-09-25 17:30:00+00:00"", ""price"": 176.8300018310547, ""fraction"": 0.2, ""shares"": 1.187039197370331, ""reason"": ""starter20""}]","[{""time"": ""2025-09-26 19:30:00+00:00"", ""price"": 179.74936867904916, ""shares"": 0.5935195986851655, ""reason"": ""target1_partial""}, {""time"": ""2025-09-30 13:30:00+00:00"", ""price"": 182.66873552704362, ""shares"": 0.5935195986851655, ""reason"": ""target2""}]"
DORO_AGG_NOT_BEAR,A,JPM,DAGG|JPM|3555,2025-09-24,2025-09-24,0,2025-09-24 19:30:00+00:00,3.0,ALL_BULL_CONTROL,1052.123642980231,13.259612599056227,309.1244757878831,313.07000732421875,313.07000732421875,3.9455315363356362,317.0155388605544,320.96107039689,309.55499267578125,316.5773010253906,316.5773010253906,1,0,0.0,210.63515332464223,211.53893916609587,210.42472859604618,211.7506898559518,0.422175418451998,True,False,False,False,False,3556,24,314.0899963378906,1.2520499192345111,-0.3218880699733337,2025-09-30 14:30:00+00:00,313.07000732421875,stop,BE_STOP,0.9037858414536402,210.42472859604618,1,"[{""time"": ""2025-09-24 19:30:00+00:00"", ""price"": 313.07000732421875, ""fraction"": 0.2, ""shares"": 0.6721331448979334, ""reason"": ""starter20""}]","[{""time"": ""2025-09-26 13:30:00+00:00"", ""price"": 317.0155388605544, ""shares"": 0.3360665724489667, ""reason"": ""target1_partial""}, {""time"": ""2025-09-30 14:30:00+00:00"", ""price"": 313.07000732421875, ""shares"": 0.3360665724489667, ""reason"": ""stop""}]"
DORO_AGG_NOT_BEAR,A,INTU,DAGG|INTU|3566,2025-09-26,2025-09-26,0,2025-09-26 16:30:00+00:00,3.0,ALL_BULL_CONTROL,1050.5009719020309,18.79764672779826,682.3770791450096,682.3770791450096,694.8099975585938,12.432918413584161,707.2429159721779,719.6758343857621,683.5250244140625,703.7100219726562,703.7100219726562,1,0,0.0,1051.5514728739329,1041.1388044674409,1050.5009719020309,1042.1809854528938,2.092681957354925,False,True,True,False,False,3567,17,684.7100219726562,0.7359514564227508,-0.8541836086999599,2025-09-30 18:30:00+00:00,682.3770791450096,stop,LOSS,-10.412668406492003,1050.5009719020309,3,"[{""time"": ""2025-09-26 16:30:00+00:00"", ""price"": 694.8099975585938, ""fraction"": 0.2, ""shares"": 0.30238510545134795, ""reason"": ""starter20""}, {""time"": ""2025-09-30 14:30:00+00:00"", ""price"": 689.83683019316, ""fraction"": 0.2, ""shares"": 0.3045650582639613, ""reason"": ""adverse20""}, {""time"": ""2025-09-30 16:30:00+00:00"", ""price"": 684.8636628277264, ""fraction"": 0.6, ""shares"": 0.9203300121644313, ""reason"": ""support60""}]","[{""time"": ""2025-09-30 18:30:00+00:00"", ""price"": 682.3770791450096, ""shares"": 1.5272801758797405, ""reason"": ""stop""}]"
DORO_AGG_NOT_BEAR,A,V,DAGG|V|3595,2025-10-02,2025-10-02,0,2025-10-02 17:30:00+00:00,3.0,ALL_BULL_CONTROL,1048.4866057172392,21.908389246143106,337.86945414805086,345.0799865722656,345.0799865722656,7.210532424214762,352.2905189964804,359.50105142069515,338.3900146484375,349.3599853515625,349.3599853515625,1,0,0.0,209.9070184645913,211.67627190799413,209.69732114344785,211.88816006806218,0.42158548121151007,True,False,False,False,False,3596,11,350.010009765625,1.1205726653381345,-0.0318950744854386,2025-10-06 13:30:00+00:00,345.0799865722656,stop,BE_STOP,1.769253443402846,209.69732114344785,1,"[{""time"": ""2025-10-02 17:30:00+00:00"", ""price"": 345.0799865722656, ""fraction"": 0.2, ""shares"": 0.6076774350967284, ""reason"": ""starter20""}]","[{""time"": ""2025-10-03 15:30:00+00:00"", ""price"": 352.2905189964804, ""shares"": 0.3038387175483642, ""reason"": ""target1_partial""}, {""time"": ""2025-10-06 13:30:00+00:00"", ""price"": 345.0799865722656, ""shares"": 0.3038387175483642, ""reason"": ""stop""}]"
DORO_AGG_NOT_BEAR,A,GOOGL,DAGG|GOOGL|3590,2025-10-01,2025-10-01,0,2025-10-01 19:30:00+00:00,3.0,ALL_BULL_CONTROL,1048.619677875912,32.76975217452499,238.13804131737083,238.13804131737083,245.82000732421875,7.681966006847915,253.50197333106667,261.1839393379146,238.61000061035156,251.1486053466797,251.1486053466797,1,0,0.0,419.86731902151513,423.2072418307512,419.4478711503648,423.6308727034546,0.8430787438538194,False,True,False,False,False,3591,26,246.7100067138672,0.7153110430701087,-0.5421800280304641,2025-10-07 16:30:00+00:00,246.7100067138672,time,TIME,3.339922809236043,419.4478711503648,2,"[{""time"": ""2025-10-01 19:30:00+00:00"", ""price"": 245.82000732421875, ""fraction"": 0.2, ""shares"": 0.8531605619007722, ""reason"": ""starter20""}, {""time"": ""2025-10-02 14:30:00+00:00"", ""price"": 242.7472209214796, ""fraction"": 0.2, ""shares"": 0.8639601919192348, ""reason"": ""adverse20""}]","[{""time"": ""2025-10-07 16:30:00+00:00"", ""price"": 246.7100067138672, ""shares"": 1.7171207538200068, ""reason"": ""time""}]"
DORO_AGG_NOT_BEAR,A,AAPL,DAGG|AAPL|3592,2025-10-02,2025-10-02,0,2025-10-02 14:30:00+00:00,3.0,ALL_BULL_CONTROL,1048.475352779913,14.282792495042084,252.7395330573841,252.7395330573841,256.2300109863281,3.490477928944017,259.72048891527214,263.21096684421616,253.11000061035156,258.7900085449219,258.7900085449219,1,0,0.0,419.80953125307724,419.7741306180932,419.39014111196525,420.19432494303624,0.8395844660550016,False,True,False,False,False,3593,26,256.0199890136719,0.8623401463413611,-0.6503419642443313,2025-10-07 18:30:00+00:00,256.0199890136719,time,TIME,-0.03540063498405743,419.39014111196525,2,"[{""time"": ""2025-10-02 14:30:00+00:00"", ""price"": 256.2300109863281, ""fraction"": 0.2, ""shares"": 0.8183860655072582, ""reason"": ""starter20""}, {""time"": ""2025-10-03 13:30:00+00:00"", ""price"": 254.8338198147505, ""fraction"": 0.2, ""shares"": 0.8228698636170774, ""reason"": ""adverse20""}]","[{""time"": ""2025-10-07 18:30:00+00:00"", ""price"": 256.0199890136719, ""shares"": 1.6412559291243356, ""reason"": ""time""}]"
DORO_AGG_NOT_BEAR,A,CSCO,DAGG|CSCO|3596,2025-10-02,2025-10-02,0,2025-10-02 18:30:00+00:00,3.0,ALL_BULL_CONTROL,1048.9562054059213,18.37258895081916,67.43776188166547,68.63999938964844,68.63999938964844,1.2022375079829715,69.84223689763141,71.04447440561438,67.52999877929688,69.48999786376953,69.48999786376953,1,0,0.0,1050.0051616113271,1078.9220371063716,1048.9562054059213,1080.0020391455173,2.1289582445514386,True,True,True,False,False,3597,26,70.11000061035156,1.4098709144983912,-0.8109865709953409,2025-10-08 15:30:00+00:00,70.11000061035156,time,TIME,28.91687549504445,1048.9562054059213,3,"[{""time"": ""2025-10-02 18:30:00+00:00"", ""price"": 68.63999938964844, ""fraction"": 0.2, ""shares"": 3.0563992270784137, ""reason"": ""starter20""}, {""time"": ""2025-10-03 13:30:00+00:00"", ""price"": 68.15910438645525, ""fraction"": 0.2, ""shares"": 3.077963581969755, ""reason"": ""adverse20""}, {""time"": ""2025-10-03 13:30:00+00:00"", ""price"": 67.67820938326206, ""fraction"": 0.6, ""shares"": 9.299503178037794, ""reason"": ""support60""}]","[{""time"": ""2025-10-08 13:30:00+00:00"", ""price"": 69.84223689763141, ""shares"": 7.716932993542981, ""reason"": ""target1_partial""}, {""time"": ""2025-10-08 15:30:00+00:00"", ""price"": 70.11000061035156, ""shares"": 7.716932993542981, ""reason"": ""time""}]"
DORO_AGG_NOT_BEAR,A,GOOGL,DAGG|GOOGL|3617,2025-10-07,2025-10-07,0,2025-10-07 18:30:00+00:00,3.0,ALL_BULL_CONTROL,1051.7643165785703,24.528166769589088,241.16842411553162,241.16842411553162,246.927001953125,5.7585778375933785,252.68557979071838,258.44415762831176,241.65499877929688,251.31500244140625,251.31500244140625,1,0,0.0,421.12643235805956,412.4161687323321,420.70572663142815,412.82899773006216,0.8335347243614903,False,True,False,False,False,3618,10,244.32000732421875,0.035252268079498404,-0.5395420043857084,2025-10-09 13:30:00+00:00,241.16842411553162,stop,LOSS,-8.710263625727464,420.70572663142815,2,"[{""time"": ""2025-10-07 18:30:00+00:00"", ""price"": 246.927001953125, ""fraction"": 0.2, ""shares"": 0.8518827898604872, ""reason"": ""starter20""}, {""time"": ""2025-10-08 13:30:00+00:00"", ""price"": 244.62357081808764, ""fraction"": 0.2, ""shares"": 0.8599043118054281, ""reason"": ""adverse20""}]","[{""time"": ""2025-10-09 13:30:00+00:00"", ""price"": 241.16842411553162, ""shares"": 1.7117871016659154, ""reason"": ""stop""}]"
DORO_AGG_NOT_BEAR,A,AMZN,DAGG|AMZN|3629,2025-10-09,2025-10-09,0,2025-10-09 16:30:00+00:00,3.0,ALL_BULL_CONTROL,1053.6280008143756,23.27770839245598,219.17832089982295,219.17832089982295,224.1300048828125,4.95168398298955,229.08168886580205,234.0333728487916,219.5500030517578,226.72999572753906,226.72999572753906,1,0,0.0,1054.68162881519,1042.2673348883336,1053.6280008143756,1043.3106455338675,2.096938646348243,False,True,True,False,False,3630,7,220.24000549316406,0.8320391873433081,-0.9491745077386068,2025-10-10 15:30:00+00:00,219.17832089982295,stop,LOSS,-12.414293926856317,1053.6280008143756,3,"[{""time"": ""2025-10-09 16:30:00+00:00"", ""price"": 224.1300048828125, ""fraction"": 0.2, ""shares"": 0.9401936178650158, ""reason"": ""starter20""}, {""time"": ""2025-10-10 14:30:00+00:00"", ""price"": 222.14933128961667, ""fraction"": 0.2, ""shares"": 0.9485763424970729, ""reason"": ""adverse20""}, {""time"": ""2025-10-10 14:30:00+00:00"", ""price"": 220.16865769642087, ""fraction"": 0.6, ""shares"": 2.8713296756357622, ""reason"": ""support60""}]","[{""time"": ""2025-10-10 15:30:00+00:00"", ""price"": 219.17832089982295, ""shares"": 4.760099635997851, ""reason"": ""stop""}]"
DORO_AGG_NOT_BEAR,A,TMUS,DAGG|TMUS|3622,2025-10-08,2025-10-08,0,2025-10-08 16:30:00+00:00,3.0,ALL_BULL_CONTROL,1055.0546841514297,21.734194793359283,221.85367752048793,221.85367752048793,226.52000427246094,4.666326751973003,231.18633102443394,235.85265777640694,222.25999450683594,230.33999633789062,230.33999633789062,1,0,0.0,422.44389553423247,425.715482735939,422.0218736605719,426.1416243602993,0.8481634980208712,False,True,False,False,False,3623,26,227.78500366210938,0.9643559568770711,-0.527182695216758,2025-10-14 13:30:00+00:00,227.78500366210938,time,TIME,3.271587201706552,422.0218736605719,2,"[{""time"": ""2025-10-08 16:30:00+00:00"", ""price"": 226.52000427246094, ""fraction"": 0.2, ""shares"": 0.931533342973451, ""reason"": ""starter20""}, {""time"": ""2025-10-13 17:30:00+00:00"", ""price"": 224.65347357167173, ""fraction"": 0.2, ""shares"": 0.9392729766226678, ""reason"": ""adverse20""}]","[{""time"": ""2025-10-14 13:30:00+00:00"", ""price"": 227.78500366210938, ""shares"": 1.8708063195961189, ""reason"": ""time""}]"
DORO_AGG_NOT_BEAR,A,AMAT,DAGG|AMAT|3629,2025-10-09,2025-10-09,0,2025-10-09 16:30:00+00:00,3.0,ALL_BULL_CONTROL,1022.3559291155962,52.68344475257702,208.41174572897452,208.41174572897452,219.73500061035156,11.32325488137704,231.0582554917286,242.38151037310564,209.0,226.42990112304688,226.42990112304688,1,0,0.0,1023.3782850447117,1079.4858287369943,1022.3559291155962,1080.5663951321264,2.1029223242477224,False,True,True,False,False,3630,26,225.47999572753906,0.5903777340195999,-0.883580294502368,2025-10-15 13:30:00+00:00,225.47999572753906,time,TIME,56.10754369228266,1022.3559291155962,3,"[{""time"": ""2025-10-09 16:30:00+00:00"", ""price"": 219.73500061035156, ""fraction"": 0.2, ""shares"": 0.9305353505593807, ""reason"": ""starter20""}, {""time"": ""2025-10-10 15:30:00+00:00"", ""price"": 215.20569865780075, ""fraction"": 0.2, ""shares"": 0.950119755649452, ""reason"": ""adverse20""}, {""time"": ""2025-10-10 19:30:00+00:00"", ""price"": 210.67639670524994, ""fraction"": 0.6, ""shares"": 2.9116387362916756, ""reason"": ""support60""}]","[{""time"": ""2025-10-15 13:30:00+00:00"", ""price"": 225.47999572753906, ""shares"": 4.792293842500508, ""reason"": ""time""}]"
DORO_AGG_NOT_BEAR,A,TSLA,DAGG|TSLA|3650,2025-10-14,2025-10-14,0,2025-10-14 16:30:00+00:00,3.0,ALL_BULL_CONTROL,1057.0740273208562,51.43771359499003,409.6791519164438,409.6791519164438,430.6340026855469,20.954850769103075,451.58885345464995,472.543704223753,411.45001220703125,443.1300048828125,443.1300048828125,1,0,0.0,423.2524405392708,441.3061995080887,422.8296109283425,441.74794745554425,0.8645775583838868,False,True,False,False,False,3651,26,445.4800109863281,0.9146323836236144,-0.44495251610030145,2025-10-20 13:30:00+00:00,445.4800109863281,time,TIME,18.053758968817874,422.8296109283425,2,"[{""time"": ""2025-10-14 16:30:00+00:00"", ""price"": 430.6340026855469, ""fraction"": 0.2, ""shares"": 0.49093848638457005, ""reason"": ""starter20""}, {""time"": ""2025-10-16 18:30:00+00:00"", ""price"": 422.25206237790565, ""fraction"": 0.2, ""shares"": 0.5006838907395554, ""reason"": ""adverse20""}]","[{""time"": ""2025-10-20 13:30:00+00:00"", ""price"": 445.4800109863281, ""shares"": 0.9916223771241255, ""reason"": ""time""}]"
DORO_AGG_NOT_BEAR,A,ISRG,DAGG|ISRG|3655,2025-10-15,2025-10-15,0,2025-10-15 14:30:00+00:00,3.0,ALL_BULL_CONTROL,1063.8989343412327,27.042474706574495,427.00325167065984,438.1400146484375,438.1400146484375,11.136762977777664,449.27677762621516,460.41354060399283,427.83599853515625,444.20001220703125,444.20001220703125,1,0,0.0,425.9851333102296,443.6099564268661,425.5595737364931,444.0540104373034,0.8696135841737966,True,True,False,False,False,3656,21,452.5,2.127186505728745,-0.4812902887343494,2025-10-20 13:30:00+00:00,460.41354060399283,target2,WIN,17.62482311663649,425.5595737364931,2,"[{""time"": ""2025-10-15 14:30:00+00:00"", ""price"": 438.1400146484375, ""fraction"": 0.2, ""shares"": 0.48564335544421927, ""reason"": ""starter20""}, {""time"": ""2025-10-15 16:30:00+00:00"", ""price"": 433.6853094573264, ""fraction"": 0.2, ""shares"": 0.4906317604682055, ""reason"": ""adverse20""}]","[{""time"": ""2025-10-20 13:30:00+00:00"", ""price"": 449.27677762621516, ""shares"": 0.4881375579562124, ""reason"": ""target1_partial""}, {""time"": ""2025-10-20 13:30:00+00:00"", ""price"": 460.41354060399283, ""shares"": 0.4881375579562124, ""reason"": ""target2""}]"
DORO_AGG_NOT_BEAR,A,AMAT,DAGG|AMAT|3685,2025-10-21,2025-10-21,0,2025-10-21 16:30:00+00:00,3.0,ALL_BULL_CONTROL,1070.7491147446244,24.99985946068038,222.14926853769944,222.14926853769944,227.4600067138672,5.310738176167746,232.77074489003493,238.08148306620268,222.6999969482422,231.3300018310547,231.3300018310547,1,0,0.0,1071.819863859369,1058.6041297382917,1070.7491147446244,1059.6637935318236,2.130412908276448,False,True,True,False,False,3686,6,222.52000427246094,0.040483324682703034,-0.9904479549057055,2025-10-22 14:30:00+00:00,222.14926853769944,stop,LOSS,-13.215734121077276,1070.7491147446244,3,"[{""time"": ""2025-10-21 16:30:00+00:00"", ""price"": 227.4600067138672, ""fraction"": 0.2, ""shares"": 0.9414834108323675, ""reason"": ""starter20""}, {""time"": ""2025-10-22 13:30:00+00:00"", ""price"": 225.3357114434001, ""fraction"": 0.2, ""shares"": 0.9503590069109624, ""reason"": ""adverse20""}, {""time"": ""2025-10-22 13:30:00+00:00"", ""price"": 223.21141617293299, ""fraction"": 0.6, ""shares"": 2.878210621400462, ""reason"": ""support60""}]","[{""time"": ""2025-10-22 14:30:00+00:00"", ""price"": 222.14926853769944, ""shares"": 4.770053039143792, ""reason"": ""stop""}]"
DORO_AGG_NOT_BEAR,A,JPM,DAGG|JPM|3680,2025-10-20,2025-10-20,0,2025-10-20 18:30:00+00:00,3.0,ALL_BULL_CONTROL,1070.1693507794541,35.20215806991612,293.5940243818924,293.5940243818924,303.5799865722656,9.985962190373243,313.56594876263887,323.5519109530121,294.20001220703125,308.6799011230469,308.6799011230469,1,0,0.0,1071.2395201302336,1053.4554025700916,1070.1693507794541,1054.5099124825742,2.1246792632620286,False,True,True,False,False,3681,11,294.5199890136719,0.04706619269560421,-0.9092750802740867,2025-10-22 14:30:00+00:00,293.5940243818924,stop,LOSS,-17.784117560142022,1070.1693507794541,3,"[{""time"": ""2025-10-20 18:30:00+00:00"", ""price"": 303.5799865722656, ""fraction"": 0.2, ""shares"": 0.7050328731236741, ""reason"": ""starter20""}, {""time"": ""2025-10-21 15:30:00+00:00"", ""price"": 299.5856016961163, ""fraction"": 0.2, ""shares"": 0.7144331000693264, ""reason"": ""adverse20""}, {""time"": ""2025-10-22 13:30:00+00:00"", ""price"": 295.59121681996703, ""fraction"": 0.6, ""shares"": 2.1722621442393915, ""reason"": ""support60""}]","[{""time"": ""2025-10-22 14:30:00+00:00"", ""price"": 293.5940243818924, ""shares"": 3.591728117432392, ""reason"": ""stop""}]"
DORO_AGG_NOT_BEAR,A,AMZN,DAGG|AMZN|3679,2025-10-20,2025-10-20,0,2025-10-20 17:30:00+00:00,3.0,ALL_BULL_CONTROL,1070.204439183824,25.120578378018653,210.61849054392871,215.6811065673828,215.6811065673828,5.062616023454098,220.7437225908369,225.806338614291,211.02999877929688,218.58999633789062,218.58999633789062,1,0,0.0,214.25492872460157,220.35597911485735,214.0408878367648,220.57655567052788,0.4346174435072927,True,False,False,False,False,3680,26,223.7899932861328,1.7696172849690455,-0.029847767910085424,2025-10-24 14:30:00+00:00,223.7899932861328,time,TIME,6.101050390255779,214.0408878367648,1,"[{""time"": ""2025-10-20 17:30:00+00:00"", ""price"": 215.6811065673828, ""fraction"": 0.2, ""shares"": 0.9923951673063881, ""reason"": ""starter20""}]","[{""time"": ""2025-10-21 13:30:00+00:00"", ""price"": 220.7437225908369, ""shares"": 0.49619758365319405, ""reason"": ""target1_partial""}, {""time"": ""2025-10-24 14:30:00+00:00"", ""price"": 223.7899932861328, ""shares"": 0.49619758365319405, ""reason"": ""time""}]"
DORO_AGG_NOT_BEAR,A,QCOM,DAGG|QCOM|3706,2025-10-24,2025-10-24,0,2025-10-24 16:30:00+00:00,3.0,ALL_BULL_CONTROL,1065.3109298398283,27.658718271504064,165.67736008765723,170.093505859375,170.093505859375,4.4161457717177655,174.50965163109277,178.92579740281053,166.02000427246094,172.4199981689453,172.4199981689453,1,0,0.0,213.27524815393363,221.13844164796745,213.06218596796566,221.35980144941686,0.4344219874173826,True,False,False,False,False,3707,5,169.08999633789062,8.028833065125738,-0.2883733012873106,2025-10-27 13:30:00+00:00,178.92579740281053,target2,WIN,7.863193494033823,213.06218596796566,1,"[{""time"": ""2025-10-24 16:30:00+00:00"", ""price"": 170.093505859375, ""fraction"": 0.2, ""shares"": 1.2526179932120105, ""reason"": ""starter20""}]","[{""time"": ""2025-10-27 13:30:00+00:00"", ""price"": 174.50965163109277, ""shares"": 0.6263089966060053, ""reason"": ""target1_partial""}, {""time"": ""2025-10-27 13:30:00+00:00"", ""price"": 178.92579740281053, ""shares"": 0.6263089966060053, ""reason"": ""target2""}]"
DORO_AGG_NOT_BEAR,A,MSFT,DAGG|MSFT|3696,2025-10-22,2025-10-22,0,2025-10-23 13:30:00+00:00,3.0,ALL_BULL_CONTROL,1064.766073670987,20.206812443393275,512.3879346636536,522.2999877929688,522.2999877929688,9.912053129315154,532.2120409222839,542.1240940515991,513.0399780273438,525.219970703125,525.219970703125,1,0,0.0,213.16616794893162,218.7962432087482,212.95321473419742,219.0152584672154,0.43196847320141285,True,False,False,False,False,3697,22,550.2899780273438,3.1698763616622307,-0.37025456404205304,2025-10-28 13:30:00+00:00,542.1240940515991,target2,WIN,5.630075259816579,212.95321473419742,1,"[{""time"": ""2025-10-23 13:30:00+00:00"", ""price"": 522.2999877929688, ""fraction"": 0.2, ""shares"": 0.40772203659060513, ""reason"": ""starter20""}]","[{""time"": ""2025-10-27 13:30:00+00:00"", ""price"": 532.2120409222839, ""shares"": 0.20386101829530257, ""reason"": ""target1_partial""}, {""time"": ""2025-10-28 13:30:00+00:00"", ""price"": 542.1240940515991, ""shares"": 0.20386101829530257, ""reason"": ""target2""}]"
DORO_AGG_NOT_BEAR,A,XOM,DAGG|XOM|3734,2025-10-30,2025-10-30,0,2025-10-30 16:30:00+00:00,3.0,ALL_BULL_CONTROL,1066.9855919833165,14.183187348137228,114.66031620067342,114.66031620067342,116.20500183105469,1.5446856303812666,117.74968746143595,119.29437309181722,114.80999755859375,117.05000305175781,117.05000305175781,1,0,0.0,427.22103103011995,421.82427232769265,426.7942367933266,422.2465188465392,0.8490407556398658,False,True,False,False,False,3735,4,115.55500030517578,0.19097618514940135,-0.4337440290552456,2025-10-30 19:30:00+00:00,114.66031620067342,stop,LOSS,-5.396758702427292,426.7942367933266,2,"[{""time"": ""2025-10-30 16:30:00+00:00"", ""price"": 116.20500183105469, ""fraction"": 0.2, ""shares"": 1.8363849665172927, ""reason"": ""starter20""}, {""time"": ""2025-10-30 18:30:00+00:00"", ""price"": 115.58712757890218, ""fraction"": 0.2, ""shares"": 1.8462014141755878, ""reason"": ""adverse20""}]","[{""time"": ""2025-10-30 19:30:00+00:00"", ""price"": 114.66031620067342, ""shares"": 3.6825863806928805, ""reason"": ""stop""}]"
DORO_AGG_NOT_BEAR,A,AAPL,DAGG|AAPL|3741,2025-10-31,2025-10-31,0,2025-10-31 16:30:00+00:00,3.0,ALL_BULL_CONTROL,1072.0582958484356,23.03629141490338,266.57604170525815,266.57604170525815,272.42999267578125,5.853950970523101,278.28394364630435,284.13789461682745,267.1099853515625,277.32000732421875,277.32000732421875,1,0,0.0,429.25214165771365,421.0063112717141,428.8233183393743,421.4277390107248,0.8502510573500991,False,True,False,False,False,3742,5,270.4200134277344,0.12641389647426407,-0.4219374629443487,2025-11-03 14:30:00+00:00,266.57604170525815,stop,LOSS,-8.245830385999568,428.8233183393743,2,"[{""time"": ""2025-10-31 16:30:00+00:00"", ""price"": 272.42999267578125, ""fraction"": 0.2, ""shares"": 0.7870339717876009, ""reason"": ""starter20""}, {""time"": ""2025-10-31 19:30:00+00:00"", ""price"": 270.088412287572, ""fraction"": 0.2, ""shares"": 0.7938573052937792, ""reason"": ""adverse20""}]","[{""time"": ""2025-11-03 14:30:00+00:00"", ""price"": 266.57604170525815, ""shares"": 1.58089127708138, ""reason"": ""stop""}]"
DORO_AGG_NOT_BEAR,A,NFLX,DAGG|NFLX|3721,2025-10-28,2025-10-28,0,2025-10-28 17:30:00+00:00,3.0,ALL_BULL_CONTROL,1067.9233326764013,17.968402046409963,108.51295876874875,110.3699951171875,110.3699951171875,1.8570363484387542,112.22703146562625,114.08406781406501,108.7300033569336,111.77799987792969,111.77799987792969,1,0,0.0,1068.9912560090777,1086.09579787097,1067.9233326764013,1087.1829808518219,2.1551063135282233,True,True,True,False,False,3722,25,113.30999755859375,1.6790214407145068,-0.8395086661716856,2025-11-03 14:30:00+00:00,110.3699951171875,stop,BE_STOP,17.104541861892358,1067.9233326764013,3,"[{""time"": ""2025-10-28 17:30:00+00:00"", ""price"": 110.3699951171875, ""fraction"": 0.2, ""shares"": 1.9351696655282313, ""reason"": ""starter20""}, {""time"": ""2025-10-29 13:30:00+00:00"", ""price"": 109.627180577812, ""fraction"": 0.2, ""shares"": 1.9482820356187172, ""reason"": ""adverse20""}, {""time"": ""2025-10-30 19:30:00+00:00"", ""price"": 108.8843660384365, ""fraction"": 0.6, ""shares"": 5.884719936557767, ""reason"": ""support60""}]","[{""time"": ""2025-10-31 13:30:00+00:00"", ""price"": 112.22703146562625, ""shares"": 4.884085818852357, ""reason"": ""target1_partial""}, {""time"": ""2025-11-03 14:30:00+00:00"", ""price"": 110.3699951171875, ""shares"": 4.884085818852357, ""reason"": ""stop""}]"
DORO_AGG_NOT_BEAR,A,QCOM,DAGG|QCOM|3721,2025-10-28,2025-10-28,0,2025-10-28 17:30:00+00:00,3.0,ALL_BULL_CONTROL,641.6344731037409,53.39403078715472,167.51483725341458,167.51483725341458,182.72000122070312,15.205163967288541,197.92516518799167,213.1303291552802,168.47000122070312,205.5500030517578,205.5500030517578,1,0,0.0,128.45522151536895,125.77793310729206,128.3268946207482,125.90383694423629,0.2542307315649845,False,False,False,False,False,3722,26,179.2698974609375,0.04998265776488456,-0.387368357376469,2025-11-03 15:30:00+00:00,179.2698974609375,time,TIME,-2.6772884080768904,128.3268946207482,1,"[{""time"": ""2025-10-28 17:30:00+00:00"", ""price"": 182.72000122070312, ""fraction"": 0.2, ""shares"": 0.7023144360958339, ""reason"": ""starter20""}]","[{""time"": ""2025-11-03 15:30:00+00:00"", ""price"": 179.2698974609375, ""shares"": 0.7023144360958339, ""reason"": ""time""}]"
DORO_AGG_NOT_BEAR,A,COST,DAGG|COST|3740,2025-10-31,2025-10-31,0,2025-10-31 15:30:00+00:00,3.0,ALL_BULL_CONTROL,1072.7672473095442,12.250734697226939,908.3372072101176,918.8300170898438,918.8300170898438,10.49280987972611,929.3228269695699,939.815636849296,909.4000244140625,928.0,928.0,1,0,0.0,1073.8400145568537,1097.0828162286102,1072.7672473095442,1098.1809972258359,2.17094824453538,True,True,True,False,False,3741,18,937.22998046875,2.073801966780036,-0.99592123814446,2025-11-04 19:30:00+00:00,939.815636849296,target2,WIN,23.242801671756524,1072.7672473095442,3,"[{""time"": ""2025-10-31 15:30:00+00:00"", ""price"": 918.8300170898438, ""fraction"": 0.2, ""shares"": 0.23350722709457336, ""reason"": ""starter20""}, {""time"": ""2025-10-31 16:30:00+00:00"", ""price"": 914.6328931379533, ""fraction"": 0.2, ""shares"": 0.23457875949093812, ""reason"": ""adverse20""}, {""time"": ""2025-10-31 18:30:00+00:00"", ""price"": 910.4357691860629, ""fraction"": 0.6, ""shares"": 0.7069805143543121, ""reason"": ""support60""}]","[{""time"": ""2025-11-04 14:30:00+00:00"", ""price"": 929.3228269695699, ""shares"": 0.5875332504699118, ""reason"": ""target1_partial""}, {""time"": ""2025-11-04 19:30:00+00:00"", ""price"": 939.815636849296, ""shares"": 0.5875332504699118, ""reason"": ""target2""}]"
DORO_AGG_NOT_BEAR,A,WMT,DAGG|WMT|3753,2025-11-04,2025-11-04,0,2025-11-04 15:30:00+00:00,3.0,ALL_BULL_CONTROL,1071.8891420759337,20.46830187751365,100.02282899411112,100.02282899411112,101.97000122070312,1.9471722265920022,103.91717344729513,105.86434567388713,100.18000030517578,103.37000274658203,103.37000274658203,1,0,0.0,1072.9610312180098,1090.341173337359,1071.8891420759337,1091.4326059433022,2.1633217480192357,False,True,True,False,False,3754,26,102.71499633789062,0.5135652544460483,-0.9963178474467557,2025-11-07 19:30:00+00:00,102.71499633789062,time,TIME,17.380142119349102,1071.8891420759337,3,"[{""time"": ""2025-11-04 15:30:00+00:00"", ""price"": 101.97000122070312, ""fraction"": 0.2, ""shares"": 2.102361732360765, ""reason"": ""starter20""}, {""time"": ""2025-11-05 14:30:00+00:00"", ""price"": 101.19113233006632, ""fraction"": 0.2, ""shares"": 2.1185436260948918, ""reason"": ""adverse20""}, {""time"": ""2025-11-06 14:30:00+00:00"", ""price"": 100.41226343942952, ""fraction"": 0.6, ""shares"": 6.404929669108693, ""reason"": ""support60""}]","[{""time"": ""2025-11-07 19:30:00+00:00"", ""price"": 102.71499633789062, ""shares"": 10.62583502756435, ""reason"": ""time""}]"
DORO_AGG_NOT_BEAR,A,CSCO,DAGG|CSCO|3784,2025-11-10,2025-11-10,0,2025-11-10 18:30:00+00:00,3.0,ALL_BULL_CONTROL,1076.1805756949561,19.948380872133434,70.41511752770334,71.74500274658203,71.74500274658203,1.3298852188786867,73.07488796546072,74.4047731843394,70.54000091552734,72.58000183105469,72.58000183105469,1,0,0.0,430.90270250826046,443.649660204811,430.4722302779825,444.09375395876975,0.8745659842367522,True,True,False,False,False,3785,18,77.94999694824219,5.831328255499159,-0.48876513299919605,2025-11-13 14:30:00+00:00,74.4047731843394,target2,WIN,12.746957696550567,430.4722302779825,2,"[{""time"": ""2025-11-10 18:30:00+00:00"", ""price"": 71.74500274658203, ""fraction"": 0.2, ""shares"": 3.0000154282417277, ""reason"": ""starter20""}, {""time"": ""2025-11-11 14:30:00+00:00"", ""price"": 71.21304865903056, ""fraction"": 0.2, ""shares"": 3.0224252323411385, ""reason"": ""adverse20""}]","[{""time"": ""2025-11-12 15:30:00+00:00"", ""price"": 73.07488796546072, ""shares"": 3.011220330291433, ""reason"": ""target1_partial""}, {""time"": ""2025-11-13 14:30:00+00:00"", ""price"": 74.4047731843394, ""shares"": 3.011220330291433, ""reason"": ""target2""}]"
DORO_AGG_NOT_BEAR,A,AMD,DAGG|AMD|3784,2025-11-10,2025-11-10,0,2025-11-10 18:30:00+00:00,3.0,ALL_BULL_CONTROL,606.9653186014053,53.810242715385016,223.48013012764247,223.48013012764247,245.22000122070312,21.739871093060657,266.95987231376375,288.69974340682444,224.64010620117188,259.6499938964844,259.6499938964844,1,0,0.0,243.0289135680027,252.64769303826915,242.78612744056215,252.90059363190105,0.4956867210724632,False,True,False,False,False,3785,26,250.8249969482422,0.8413117293395556,-0.48666350346630216,2025-11-14 15:30:00+00:00,250.8249969482422,time,TIME,9.618779470266446,242.78612744056215,2,"[{""time"": ""2025-11-10 18:30:00+00:00"", ""price"": 245.22000122070312, ""fraction"": 0.2, ""shares"": 0.49503736691944955, ""reason"": ""starter20""}, {""time"": ""2025-11-11 17:30:00+00:00"", ""price"": 236.52405278347885, ""fraction"": 0.2, ""shares"": 0.5132377121552534, ""reason"": ""adverse20""}]","[{""time"": ""2025-11-14 15:30:00+00:00"", ""price"": 250.8249969482422, ""shares"": 1.008275079074703, ""reason"": ""time""}]"
DORO_AGG_NOT_BEAR,A,PLTR,DAGG|PLTR|3853,2025-11-24,2025-11-24,0,2025-11-24 17:30:00+00:00,3.0,ALL_BULL_CONTROL,520.7109953873987,54.03390008705319,146.65154742269405,146.65154742269405,163.63150024414062,16.979952821446574,180.6114530655872,197.59140588703377,147.55999755859375,174.57000732421875,174.57000732421875,1,0,0.0,208.49268255311446,217.73496780179983,208.2843981549595,217.95292072252235,0.42623731887748184,False,True,False,False,False,3854,26,167.59829711914062,0.32205659914837864,-0.41675660956026767,2025-12-01 18:30:00+00:00,167.59829711914062,time,TIME,9.242285248685363,208.2843981549595,2,"[{""time"": ""2025-11-24 17:30:00+00:00"", ""price"": 163.63150024414062, ""fraction"": 0.2, ""shares"": 0.6364434654824899, ""reason"": ""starter20""}, {""time"": ""2025-11-25 14:30:00+00:00"", ""price"": 156.83951911556198, ""fraction"": 0.2, ""shares"": 0.6640048354187189, ""reason"": ""adverse20""}]","[{""time"": ""2025-12-01 18:30:00+00:00"", ""price"": 167.59829711914062, ""shares"": 1.3004483009012087, ""reason"": ""time""}]"
DORO_AGG_NOT_BEAR,A,TMUS,DAGG|TMUS|3882,2025-12-02,2025-12-02,0,2025-12-02 15:30:00+00:00,3.0,ALL_BULL_CONTROL,1081.4707131676666,12.315093344654558,205.028375380663,207.38999938964844,207.38999938964844,2.3616240089854443,209.75162339863388,212.11324740761933,205.3300018310547,209.17999267578125,209.17999267578125,1,0,0.0,216.51043677616687,217.3081263160308,216.29414263353334,217.5256519679988,0.4338197946015322,True,False,False,False,False,3883,8,208.55250549316406,1.8715926634079858,-0.16514033909063347,2025-12-03 15:30:00+00:00,207.38999938964844,stop,BE_STOP,0.7976895398639385,216.29414263353334,1,"[{""time"": ""2025-12-02 15:30:00+00:00"", ""price"": 207.38999938964844, ""fraction"": 0.2, ""shares"": 1.042934294180481, ""reason"": ""starter20""}]","[{""time"": ""2025-12-02 19:30:00+00:00"", ""price"": 209.75162339863388, ""shares"": 0.5214671470902404, ""reason"": ""target1_partial""}, {""time"": ""2025-12-03 15:30:00+00:00"", ""price"": 207.38999938964844, ""shares"": 0.5214671470902404, ""reason"": ""stop""}]"
DORO_AGG_NOT_BEAR,A,MA,DAGG|MA|3889,2025-12-03,2025-12-03,0,2025-12-03 15:30:00+00:00,3.0,ALL_BULL_CONTROL,1083.103756255734,18.953161148174324,540.1889086976066,540.1889086976066,549.8099975585938,9.621088860987129,559.4310864195809,569.052175280568,541.0399780273438,554.75,554.75,1,0,0.0,1084.1868600119897,1073.6413259829296,1083.103756255734,1074.7160420249545,2.1578197982806886,False,True,True,False,False,3890,12,541.02001953125,0.9551935933853698,-0.9156965168794667,2025-12-04 19:30:00+00:00,540.1889086976066,stop,LOSS,-10.545534029060036,1083.103756255734,3,"[{""time"": ""2025-12-03 15:30:00+00:00"", ""price"": 549.8099975585938, ""fraction"": 0.2, ""shares"": 0.393992019448612, ""reason"": ""starter20""}, {""time"": ""2025-12-04 15:30:00+00:00"", ""price"": 545.9615620141989, ""fraction"": 0.2, ""shares"": 0.39676923491092425, ""reason"": ""adverse20""}, {""time"": ""2025-12-04 16:30:00+00:00"", ""price"": 542.113126469804, ""fraction"": 0.6, ""shares"": 1.1987576430500582, ""reason"": ""support60""}]","[{""time"": ""2025-12-04 19:30:00+00:00"", ""price"": 540.1889086976066, ""shares"": 1.9895188974095945, ""reason"": ""stop""}]"
DORO_AGG_NOT_BEAR,A,XOM,DAGG|XOM|3875,2025-12-01,2025-12-01,0,2025-12-01 15:30:00+00:00,3.0,ALL_BULL_CONTROL,1082.20116305424,28.78644189762184,113.97541423296961,113.97541423296961,117.08999633789062,3.1145821049210127,120.20457844281164,123.31916054773265,114.19000244140625,118.73999786376953,118.73999786376953,1,0,0.0,433.31334568691767,434.0860148363009,432.880465221696,434.52053537167257,0.8674010005933686,False,True,False,False,False,3876,26,116.90499877929688,0.40133795093248975,-0.7705669061324167,2025-12-04 19:30:00+00:00,116.90499877929688,time,TIME,0.772669149383205,432.880465221696,2,"[{""time"": ""2025-12-01 15:30:00+00:00"", ""price"": 117.08999633789062, ""fraction"": 0.2, ""shares"": 1.8484946569325955, ""reason"": ""starter20""}, {""time"": ""2025-12-02 14:30:00+00:00"", ""price"": 115.84416349592222, ""fraction"": 0.2, ""shares"": 1.8683740818627157, ""reason"": ""adverse20""}]","[{""time"": ""2025-12-04 19:30:00+00:00"", ""price"": 116.90499877929688, ""shares"": 3.716868738795311, ""reason"": ""time""}]"
DORO_AGG_NOT_BEAR,A,TMUS,DAGG|TMUS|3893,2025-12-03,2025-12-03,0,2025-12-03 19:30:00+00:00,3.0,ALL_BULL_CONTROL,1083.6835674943457,20.20362317045333,205.275254947145,205.275254947145,209.1750030517578,3.8997481046128257,213.07475115637064,216.97449926098346,205.57200622558594,211.80999755859375,211.80999755859375,1,0,0.0,1084.76725106184,1073.6643110690618,1083.6835674943457,1074.739050119181,2.1584226176135264,False,True,True,False,False,3894,18,205.33999633789062,0.6295283093158718,-0.9987835542130844,2025-12-08 15:30:00+00:00,205.275254947145,stop,LOSS,-11.102939992778147,1083.6835674943457,3,"[{""time"": ""2025-12-03 19:30:00+00:00"", ""price"": 209.1750030517578, ""fraction"": 0.2, ""shares"": 1.0361501629582397, ""reason"": ""starter20""}, {""time"": ""2025-12-04 14:30:00+00:00"", ""price"": 207.61510380991268, ""fraction"": 0.2, ""shares"": 1.0439351931606478, ""reason"": ""adverse20""}, {""time"": ""2025-12-08 14:30:00+00:00"", ""price"": 206.05520456806755, ""fraction"": 0.6, ""shares"": 3.1555142800667246, ""reason"": ""support60""}]","[{""time"": ""2025-12-08 15:30:00+00:00"", ""price"": 205.275254947145, ""shares"": 5.235599636185612, ""reason"": ""stop""}]"
DORO_AGG_NOT_BEAR,A,GOOGL,DAGG|GOOGL|3892,2025-12-03,2025-12-03,0,2025-12-03 18:30:00+00:00,3.0,ALL_BULL_CONTROL,1083.7180629043514,26.72896490396371,313.18035330119733,313.18035330119733,321.1000061035156,7.919652802318296,329.0196589058339,336.9393117081522,313.8900146484375,326.8299865722656,326.8299865722656,1,0,0.0,1084.8017809672556,1070.7889368413107,1083.7180629043514,1071.8607976389496,2.155578860543301,False,True,True,False,False,3893,20,315.114990234375,0.2601121046607918,-0.8066396120537596,2025-12-08 16:30:00+00:00,313.18035330119733,stop,LOSS,-14.012844125944866,1083.7180629043514,3,"[{""time"": ""2025-12-03 18:30:00+00:00"", ""price"": 321.1000061035156, ""fraction"": 0.2, ""shares"": 0.675003452074046, ""reason"": ""starter20""}, {""time"": ""2025-12-04 14:30:00+00:00"", ""price"": 317.9321449825883, ""fraction"": 0.2, ""shares"": 0.68172915510868, ""reason"": ""adverse20""}, {""time"": ""2025-12-04 14:30:00+00:00"", ""price"": 314.764283861661, ""fraction"": 0.6, ""shares"": 2.0657707086881163, ""reason"": ""support60""}]","[{""time"": ""2025-12-08 16:30:00+00:00"", ""price"": 313.18035330119733, ""shares"": 3.4225033158708422, ""reason"": ""stop""}]"
DORO_AGG_NOT_BEAR,A,AMD,DAGG|AMD|3906,2025-12-05,2025-12-05,0,2025-12-05 18:30:00+00:00,3.0,ALL_BULL_CONTROL,1083.966724301063,40.85222880985391,211.06395526450038,211.06395526450038,219.3300018310547,8.266046566554309,227.596048397609,235.8620949641633,211.77999877929688,223.64199829101562,223.64199829101562,1,0,0.0,217.01013820507285,208.41427619914364,216.79334486021264,208.62289909824187,0.42541624395845457,False,False,False,False,False,3907,25,217.80999755859375,0.666581595261055,-0.2818762043371776,2025-12-11 14:30:00+00:00,211.06395526450038,stop,LOSS,-8.595862005929206,216.79334486021264,1,"[{""time"": ""2025-12-05 18:30:00+00:00"", ""price"": 219.3300018310547, ""fraction"": 0.2, ""shares"": 0.9884345189911776, ""reason"": ""starter20""}]","[{""time"": ""2025-12-11 14:30:00+00:00"", ""price"": 211.06395526450038, ""shares"": 0.9884345189911776, ""reason"": ""stop""}]"
DORO_AGG_NOT_BEAR,A,GOOGL,DAGG|GOOGL|3924,2025-12-10,2025-12-10,0,2025-12-10 15:30:00+00:00,3.0,ALL_BULL_CONTROL,1075.8348979728073,25.332097238145522,310.63917126768393,310.63917126768393,318.1300048828125,7.490833615128565,325.62083849794107,333.11167211306963,311.2218933105469,322.260009765625,322.260009765625,1,0,0.0,430.76429314831205,421.77658596855247,430.33395918912294,422.1987847533058,0.8525327439424287,False,True,False,False,False,3925,10,315.0199890136719,0.4245178626526831,-0.6120802691196116,2025-12-11 17:30:00+00:00,310.63917126768393,stop,LOSS,-8.987707179759582,430.33395918912294,2,"[{""time"": ""2025-12-10 15:30:00+00:00"", ""price"": 318.1300048828125, ""fraction"": 0.2, ""shares"": 0.6763492166475185, ""reason"": ""starter20""}, {""time"": ""2025-12-11 14:30:00+00:00"", ""price"": 315.13367143676106, ""fraction"": 0.2, ""shares"": 0.682780036209935, ""reason"": ""adverse20""}]","[{""time"": ""2025-12-11 17:30:00+00:00"", ""price"": 310.63917126768393, ""shares"": 1.3591292528574535, ""reason"": ""stop""}]"
DORO_AGG_NOT_BEAR,A,INTU,DAGG|INTU|3929,2025-12-10,2025-12-10,0,2025-12-10 20:30:00+00:00,3.0,ALL_BULL_CONTROL,1076.4409385574268,27.96641093492531,649.3204126828084,649.3204126828084,666.6400146484375,17.31960196562909,683.9596166140666,701.2792185796957,650.530029296875,676.5999755859375,676.5999755859375,1,0,0.0,431.0069517983937,421.1702899742618,430.5763754229707,421.5918818561179,0.8521682572790886,False,True,False,False,False,3930,23,659.0339965820312,0.8403768576590713,-0.786388400210359,2025-12-16 14:30:00+00:00,649.3204126828084,stop,LOSS,-9.836661824131909,430.5763754229707,2,"[{""time"": ""2025-12-10 20:30:00+00:00"", ""price"": 666.6400146484375, ""fraction"": 0.2, ""shares"": 0.3229451922789555, ""reason"": ""starter20""}, {""time"": ""2025-12-10 20:30:00+00:00"", ""price"": 659.7121738621859, ""fraction"": 0.2, ""shares"": 0.32633653923818473, ""reason"": ""adverse20""}]","[{""time"": ""2025-12-16 14:30:00+00:00"", ""price"": 649.3204126828084, ""shares"": 0.6492817315171402, ""reason"": ""stop""}]"
DORO_AGG_NOT_BEAR,A,INTU,DAGG|INTU|3957,2025-12-16,2025-12-16,0,2025-12-16 20:30:00+00:00,3.0,ALL_BULL_CONTROL,1070.2242206971296,36.189669534415685,646.8791740927543,646.8791740927543,669.5189819335938,22.639807840839467,692.1587897744332,714.7985976152727,648.2100219726562,681.1950073242188,681.1950073242188,1,0,0.0,428.5177779671307,434.5366447701773,428.08968827885184,434.9716163865639,0.8630613046654158,False,True,False,False,False,3958,26,675.6500244140625,0.42716884241248515,-0.4014605301294592,2025-12-22 17:30:00+00:00,675.6500244140625,time,TIME,6.018866803046592,428.08968827885184,2,"[{""time"": ""2025-12-16 20:30:00+00:00"", ""price"": 669.5189819335938, ""fraction"": 0.2, ""shares"": 0.3196994408153404, ""reason"": ""starter20""}, {""time"": ""2025-12-17 20:30:00+00:00"", ""price"": 660.463058797258, ""fraction"": 0.2, ""shares"": 0.32408299190754764, ""reason"": ""adverse20""}]","[{""time"": ""2025-12-22 17:30:00+00:00"", ""price"": 675.6500244140625, ""shares"": 0.643782432722888, ""reason"": ""time""}]"
DORO_AGG_NOT_BEAR,A,CSCO,DAGG|CSCO|3999,2025-12-26,2025-12-26,0,2025-12-26 17:30:00+00:00,3.0,ALL_BULL_CONTROL,1071.427994057739,8.037470888895852,77.50429903168026,77.50429903168026,78.09010314941406,0.5858041177338009,78.67590726714786,79.26171138488166,77.58999633789062,79.16999816894531,79.16999816894531,1,0,0.0,1072.4994220517967,1066.8148980577705,1071.427994057739,1067.882780838609,2.139310774896348,False,True,True,False,False,4000,12,77.80999755859375,0.35062669133310703,-0.9732033099274356,2025-12-30 14:30:00+00:00,77.50429903168026,stop,LOSS,-5.684523994026222,1071.427994057739,3,"[{""time"": ""2025-12-26 17:30:00+00:00"", ""price"": 78.09010314941406, ""fraction"": 0.2, ""shares"": 2.7440813902056633, ""reason"": ""starter20""}, {""time"": ""2025-12-29 14:30:00+00:00"", ""price"": 77.85578150232054, ""fraction"": 0.2, ""shares"": 2.7523402202977167, ""reason"": ""adverse20""}, {""time"": ""2025-12-29 14:30:00+00:00"", ""price"": 77.62145985522702, ""fraction"": 0.6, ""shares"": 8.281946740420052, ""reason"": ""support60""}]","[{""time"": ""2025-12-30 14:30:00+00:00"", ""price"": 77.50429903168026, ""shares"": 13.778368350923433, ""reason"": ""stop""}]"
DORO_AGG_NOT_BEAR,A,AMAT,DAGG|AMAT|4009,2025-12-29,2025-12-29,0,2025-12-29 20:30:00+00:00,3.0,ALL_BULL_CONTROL,1070.9750703886239,16.411209247287932,258.6744984590499,258.6744984590499,262.70001220703125,4.025513747981336,266.7255259550126,270.7510397029939,259.04998779296875,264.6510009765625,264.6510009765625,1,0,0.0,428.818418183605,422.70316946154287,428.39002815544956,423.12629575730017,0.8515163239127497,False,True,False,False,False,4010,9,261.4700012207031,0.5748323086683081,-0.7253765880687072,2025-12-31 14:30:00+00:00,258.6744984590499,stop,LOSS,-6.11524872206212,428.39002815544956,2,"[{""time"": ""2025-12-29 20:30:00+00:00"", ""price"": 262.70001220703125, ""fraction"": 0.2, ""shares"": 0.8153597416239168, ""reason"": ""starter20""}, {""time"": ""2025-12-30 14:30:00+00:00"", ""price"": 261.0898067078387, ""fraction"": 0.2, ""shares"": 0.8203882670816425, ""reason"": ""adverse20""}]","[{""time"": ""2025-12-31 14:30:00+00:00"", ""price"": 258.6744984590499, ""shares"": 1.6357480087055594, ""reason"": ""stop""}]"
DORO_AGG_NOT_BEAR,A,GOOGL,DAGG|GOOGL|4016,2025-12-30,2025-12-30,0,2025-12-30 20:30:00+00:00,3.0,ALL_BULL_CONTROL,1069.6451866071,13.843381311765366,310.4593417412353,314.5299987792969,314.5299987792969,4.070657038061597,318.6006558173585,322.67131285542007,310.80999755859375,316.95001220703125,316.95001220703125,1,0,0.0,428.2859327174828,431.24731257732367,427.85807464284,431.67899156889257,0.8595370662117325,True,True,False,False,False,4017,9,314.42999267578125,1.9579151832693704,-0.5785333827704522,2026-01-02 15:30:00+00:00,314.42999267578125,gap_stop,BE_STOP,2.9613798598408607,427.85807464284,2,"[{""time"": ""2025-12-30 20:30:00+00:00"", ""price"": 314.5299987792969, ""fraction"": 0.2, ""shares"": 0.6801546375598095, ""reason"": ""starter20""}, {""time"": ""2025-12-31 14:30:00+00:00"", ""price"": 312.90173596407226, ""fraction"": 0.2, ""shares"": 0.6836939931390588, ""reason"": ""adverse20""}]","[{""time"": ""2026-01-02 14:30:00+00:00"", ""price"": 318.6006558173585, ""shares"": 0.6819243153494341, ""reason"": ""target1_partial""}, {""time"": ""2026-01-02 15:30:00+00:00"", ""price"": 314.42999267578125, ""shares"": 0.6819243153494341, ""reason"": ""gap_stop""}]"
DORO_AGG_NOT_BEAR,A,QCOM,DAGG|QCOM|4029,2026-01-02,2026-01-02,0,2026-01-02 19:30:00+00:00,3.0,ALL_BULL_CONTROL,1069.6603154864895,16.214729675120743,170.7517780807671,173.3800048828125,173.3800048828125,2.62822680204539,176.0082316848579,178.63645848690328,171.00999450683594,174.67999267578125,174.67999267578125,1,0,0.0,214.14599516039522,218.57768551783425,213.9320630972979,218.7964819998341,0.43272854509713204,True,False,False,False,False,4030,4,177.4499969482422,2.0812515938297844,-0.21687904703473376,2026-01-05 15:30:00+00:00,178.63645848690328,target2,WIN,4.431690357439038,213.9320630972979,1,"[{""time"": ""2026-01-02 19:30:00+00:00"", ""price"": 173.3800048828125, ""fraction"": 0.2, ""shares"": 1.2338912047089543, ""reason"": ""starter20""}]","[{""time"": ""2026-01-05 14:30:00+00:00"", ""price"": 176.0082316848579, ""shares"": 0.6169456023544772, ""reason"": ""target1_partial""}, {""time"": ""2026-01-05 15:30:00+00:00"", ""price"": 178.63645848690328, ""shares"": 0.6169456023544772, ""reason"": ""target2""}]"
DORO_AGG_NOT_BEAR,A,ISRG,DAGG|ISRG|4038,2026-01-05,2026-01-05,0,2026-01-06 14:30:00+00:00,3.0,ALL_BULL_CONTROL,1073.6585166752968,19.763079032881013,554.5999151684141,565.0,565.0,10.4000848315859,575.4000848315859,585.8001696631718,555.4000244140625,573.280029296875,573.280029296875,1,0,0.0,214.9464350383944,220.43996641787874,214.73170333505936,220.66062704492367,0.43539233037998304,True,False,False,False,False,4039,1,565.0,2.399020066764844,0.0,2026-01-06 14:30:00+00:00,585.8001696631718,target2,WIN,5.493531379484324,214.73170333505936,1,"[{""time"": ""2026-01-06 14:30:00+00:00"", ""price"": 565.0, ""fraction"": 0.2, ""shares"": 0.3800561120974502, ""reason"": ""starter20""}]","[{""time"": ""2026-01-06 14:30:00+00:00"", ""price"": 575.4000848315859, ""shares"": 0.1900280560487251, ""reason"": ""target1_partial""}, {""time"": ""2026-01-06 14:30:00+00:00"", ""price"": 585.8001696631718, ""shares"": 0.1900280560487251, ""reason"": ""target2""}]"
DORO_AGG_NOT_BEAR,A,WMT,DAGG|WMT|4051,2026-01-07,2026-01-07,0,2026-01-07 20:30:00+00:00,3.0,ALL_BULL_CONTROL,1075.3025970128117,18.473588964548885,111.81543970223808,111.81543970223808,113.7699966430664,1.9545569408283257,115.72455358389473,117.67911052472306,111.98999786376953,114.77999877929688,114.77999877929688,1,0,0.0,430.55115984392984,418.78456456042414,430.1210388051247,419.2037683287529,0.8493248071338777,False,True,False,False,False,4052,1,110.5,0.0,-0.642087844668322,2026-01-08 14:30:00+00:00,110.5,gap_stop,LOSS,-11.766595283505694,430.1210388051247,2,"[{""time"": ""2026-01-07 20:30:00+00:00"", ""price"": 113.7699966430664, ""fraction"": 0.2, ""shares"": 1.8903096224681923, ""reason"": ""starter20""}, {""time"": ""2026-01-07 20:30:00+00:00"", ""price"": 112.98817386673508, ""fraction"": 0.2, ""shares"": 1.9033896384254996, ""reason"": ""adverse20""}]","[{""time"": ""2026-01-08 14:30:00+00:00"", ""price"": 110.5, ""shares"": 3.7936992608936917, ""reason"": ""gap_stop""}]"
DORO_AGG_NOT_BEAR,A,NVDA,DAGG|NVDA|4032,2026-01-05,2026-01-05,0,2026-01-05 15:30:00+00:00,3.0,ALL_BULL_CONTROL,1070.3794820157896,22.514268955232154,186.07209131674685,186.07209131674685,190.07000732421875,3.9979160074719005,194.06792333169065,198.06583933916255,186.49000549316406,192.92990112304688,192.92990112304688,1,0,0.0,1071.4498614978054,1059.3436355777199,1070.3794820157896,1060.4040396173373,2.130783521633127,False,True,True,False,False,4033,21,189.0,0.5262713482546132,-0.9805142030017815,2026-01-08 14:30:00+00:00,186.07209131674685,stop,LOSS,-12.106225920085535,1070.3794820157896,3,"[{""time"": ""2026-01-05 15:30:00+00:00"", ""price"": 190.07000732421875, ""fraction"": 0.2, ""shares"": 1.1263002480869602, ""reason"": ""starter20""}, {""time"": ""2026-01-05 16:30:00+00:00"", ""price"": 188.47084092122998, ""fraction"": 0.2, ""shares"": 1.1358568538070533, ""reason"": ""adverse20""}, {""time"": ""2026-01-05 18:30:00+00:00"", ""price"": 186.87167451824124, ""fraction"": 0.6, ""shares"": 3.4367310661990325, ""reason"": ""support60""}]","[{""time"": ""2026-01-08 14:30:00+00:00"", ""price"": 186.07209131674685, ""shares"": 5.698888168093045, ""reason"": ""stop""}]"
DORO_AGG_NOT_BEAR,A,MSFT,DAGG|MSFT|4044,2026-01-06,2026-01-06,0,2026-01-06 20:30:00+00:00,3.0,ALL_BULL_CONTROL,1069.6251688934462,18.421317970128293,468.93931078297936,477.1570129394531,477.1570129394531,8.217702156473763,485.3747150959269,493.59241725240065,469.510009765625,484.6600036621094,484.6600036621094,1,0,0.0,214.13895881246793,215.55139841012638,213.92503377868925,215.76716557570208,0.4296921993543914,True,False,False,False,False,4045,9,482.25,1.5262758651905206,-0.03492677354332164,2026-01-08 14:30:00+00:00,477.1570129394531,stop,BE_STOP,1.412439597658448,213.92503377868925,1,"[{""time"": ""2026-01-06 20:30:00+00:00"", ""price"": 477.1570129394531, ""fraction"": 0.2, ""shares"": 0.44833257811896476, ""reason"": ""starter20""}]","[{""time"": ""2026-01-07 15:30:00+00:00"", ""price"": 485.3747150959269, ""shares"": 0.22416628905948238, ""reason"": ""target1_partial""}, {""time"": ""2026-01-08 14:30:00+00:00"", ""price"": 477.1570129394531, ""shares"": 0.22416628905948238, ""reason"": ""stop""}]"
DORO_AGG_NOT_BEAR,A,GOOGL,DAGG|GOOGL|4032,2026-01-05,2026-01-05,0,2026-01-05 15:30:00+00:00,3.0,ALL_BULL_CONTROL,1070.422298907746,25.65974974625801,309.79140388377806,317.3999938964844,317.3999938964844,7.6085900127063155,325.0085839091907,332.617173921897,310.3299865722656,322.5,322.5,1,0,0.0,428.5970884826615,440.23743821870335,428.16891956309837,440.6781163350384,0.8688470358981368,True,True,False,False,False,4033,26,325.19000244140625,1.46479433280514,-0.7344307116564918,2026-01-08 19:30:00+00:00,325.19000244140625,time,TIME,11.640349736041856,428.16891956309837,2,"[{""time"": ""2026-01-05 15:30:00+00:00"", ""price"": 317.3999938964844, ""fraction"": 0.2, ""shares"": 0.6744942151806401, ""reason"": ""starter20""}, {""time"": ""2026-01-06 14:30:00+00:00"", ""price"": 314.35655789140185, ""fraction"": 0.2, ""shares"": 0.6810243158837079, ""reason"": ""adverse20""}]","[{""time"": ""2026-01-07 18:30:00+00:00"", ""price"": 325.0085839091907, ""shares"": 0.677759265532174, ""reason"": ""target1_partial""}, {""time"": ""2026-01-08 19:30:00+00:00"", ""price"": 325.19000244140625, ""shares"": 0.677759265532174, ""reason"": ""time""}]"
DORO_AGG_NOT_BEAR,A,JPM,DAGG|JPM|4060,2026-01-09,2026-01-09,0,2026-01-09 15:30:00+00:00,3.0,ALL_BULL_CONTROL,1069.481353459896,22.277163846568794,324.22280671812183,324.22280671812183,331.1199951171875,6.897188399065669,338.01718351625317,344.91437191531884,324.7101135253906,335.8158874511719,335.8158874511719,1,0,0.0,214.11016696267117,207.72209167777143,213.8962706919792,207.9300216994709,0.4218262923914501,False,False,False,False,False,4061,6,321.8840026855469,0.1130893828277241,-0.2783718232803879,2026-01-12 14:30:00+00:00,321.8840026855469,gap_stop,LOSS,-6.388075284899742,213.8962706919792,1,"[{""time"": ""2026-01-09 15:30:00+00:00"", ""price"": 331.1199951171875, ""fraction"": 0.2, ""shares"": 0.6459781162302767, ""reason"": ""starter20""}]","[{""time"": ""2026-01-12 14:30:00+00:00"", ""price"": 321.8840026855469, ""shares"": 0.6459781162302767, ""reason"": ""gap_stop""}]"
DORO_AGG_NOT_BEAR,A,MSFT,DAGG|MSFT|4071,2026-01-12,2026-01-12,0,2026-01-12 19:30:00+00:00,3.0,ALL_BULL_CONTROL,1068.2495719497056,16.807811520272825,471.61106011282436,471.61106011282436,479.1499938964844,7.538933783660013,486.6889276801444,494.2278614638044,472.2001037597656,485.5,485.5,1,0,0.0,213.86356430433108,210.0780637338007,213.64991438994113,210.28835208588657,0.4239382664758277,False,False,False,False,False,4072,3,474.67498779296875,0.20029487046269268,-0.3249772129267468,2026-01-13 14:30:00+00:00,471.61106011282436,stop,LOSS,-3.785500570530388,213.64991438994113,1,"[{""time"": ""2026-01-12 19:30:00+00:00"", ""price"": 479.1499938964844, ""fraction"": 0.2, ""shares"": 0.44589359722729766, ""reason"": ""starter20""}]","[{""time"": ""2026-01-13 14:30:00+00:00"", ""price"": 471.61106011282436, ""shares"": 0.44589359722729766, ""reason"": ""stop""}]"
DORO_AGG_NOT_BEAR,A,NFLX,DAGG|NFLX|4079,2026-01-13,2026-01-13,0,2026-01-13 20:30:00+00:00,3.0,ALL_BULL_CONTROL,1067.8991334373518,20.524226854032623,88.1672816872484,88.1672816872484,89.8949966430664,1.7277149558180014,91.62271159888441,93.35042655470241,88.31999969482422,91.0,91.0,1,0,0.0,1068.9670325707891,1057.7521223767135,1067.8991334373518,1058.8109333100235,2.1267100667473753,False,True,True,False,False,4080,5,88.48999786376953,0.9404912612461415,-0.9405486677810403,2026-01-14 17:30:00+00:00,88.1672816872484,stop,LOSS,-11.214910194075628,1067.8991334373518,3,"[{""time"": ""2026-01-13 20:30:00+00:00"", ""price"": 89.8949966430664, ""fraction"": 0.2, ""shares"": 2.3758811353595366, ""reason"": ""starter20""}, {""time"": ""2026-01-14 14:30:00+00:00"", ""price"": 89.20391066073921, ""fraction"": 0.2, ""shares"": 2.3942877067324804, ""reason"": ""adverse20""}, {""time"": ""2026-01-14 15:30:00+00:00"", ""price"": 88.512824678412, ""fraction"": 0.6, ""shares"": 7.238945117731458, ""reason"": ""support60""}]","[{""time"": ""2026-01-14 17:30:00+00:00"", ""price"": 88.1672816872484, ""shares"": 12.009113959823475, ""reason"": ""stop""}]"
DORO_AGG_NOT_BEAR,A,PLTR,DAGG|PLTR|4070,2026-01-12,2026-01-12,0,2026-01-12 18:30:00+00:00,3.0,ALL_BULL_CONTROL,1068.2037384029159,29.957406512116183,173.83353696523048,173.83353696523048,178.84930419921875,5.015767233988271,183.86507143320702,188.8808386671953,174.3699951171875,185.66000366210938,185.66000366210938,1,0,0.0,1069.2719421413187,1053.8442908698275,1068.2037384029159,1054.8991900598874,2.1231029284628034,False,True,True,False,False,4071,25,179.99000549316406,0.5479120809809596,-0.9747855626593449,2026-01-16 14:30:00+00:00,173.83353696523048,stop,LOSS,-15.427651271491186,1068.2037384029159,3,"[{""time"": ""2026-01-12 18:30:00+00:00"", ""price"": 178.84930419921875, ""fraction"": 0.2, ""shares"": 1.194529375650299, ""reason"": ""starter20""}, {""time"": ""2026-01-13 14:30:00+00:00"", ""price"": 176.84299730562344, ""fraction"": 0.2, ""shares"": 1.2080814673784632, ""reason"": ""adverse20""}, {""time"": ""2026-01-14 14:30:00+00:00"", ""price"": 174.83669041202813, ""fraction"": 0.6, ""shares"": 3.6658337648197463, ""reason"": ""support60""}]","[{""time"": ""2026-01-16 14:30:00+00:00"", ""price"": 173.83353696523048, ""shares"": 6.068444607848509, ""reason"": ""stop""}]"
DORO_AGG_NOT_BEAR,A,AVGO,DAGG|AVGO|4099,2026-01-16,2026-01-16,0,2026-01-16 19:30:00+00:00,3.0,ALL_BULL_CONTROL,1062.0445081925936,42.16609764257471,333.52083226812897,333.52083226812897,347.30999755859375,13.78916529046478,361.09916284905853,374.8883281395233,334.42010498046875,357.4700012207031,357.4700012207031,1,0,0.0,1063.1065527007863,1042.2005406824303,1062.0445081925936,1043.2437844668973,2.105288292659491,False,True,True,False,False,4100,6,335.1600036621094,0.5214240521417307,-0.9036073752552826,2026-01-20 17:30:00+00:00,333.52083226812897,stop,LOSS,-20.906012018356023,1062.0445081925936,3,"[{""time"": ""2026-01-16 19:30:00+00:00"", ""price"": 347.30999755859375, ""fraction"": 0.2, ""shares"": 0.6115830328284281, ""reason"": ""starter20""}, {""time"": ""2026-01-20 14:30:00+00:00"", ""price"": 341.79433144240784, ""fraction"": 0.2, ""shares"": 0.6214523826130496, ""reason"": ""adverse20""}, {""time"": ""2026-01-20 16:30:00+00:00"", ""price"": 336.2786653262219, ""fraction"": 0.6, ""shares"": 1.8949364637729438, ""reason"": ""support60""}]","[{""time"": ""2026-01-20 17:30:00+00:00"", ""price"": 333.52083226812897, ""shares"": 3.1279718792144218, ""reason"": ""stop""}]"
DORO_AGG_NOT_BEAR,A,CSCO,DAGG|CSCO|4097,2026-01-16,2026-01-16,0,2026-01-16 17:30:00+00:00,3.0,ALL_BULL_CONTROL,1062.1181259956963,21.30824663406354,73.6914369565152,73.6914369565152,75.20010375976562,1.5086668032504207,76.70877056301605,78.21743736626647,73.81999969482422,76.04499816894531,76.04499816894531,1,0,0.0,1063.180244121692,1051.6274238918143,1062.1181259956963,1052.68010399581,2.1147982299915062,False,True,True,False,False,4098,9,73.94000244140625,0.19546992495695323,-0.8816400084617046,2026-01-20 18:30:00+00:00,73.6914369565152,stop,LOSS,-11.552820229877852,1062.1181259956963,3,"[{""time"": ""2026-01-16 17:30:00+00:00"", ""price"": 75.20010375976562, ""fraction"": 0.2, ""shares"": 2.8247783524042487, ""reason"": ""starter20""}, {""time"": ""2026-01-20 14:30:00+00:00"", ""price"": 74.59663703846546, ""fraction"": 0.2, ""shares"": 2.8476300491884623, ""reason"": ""adverse20""}, {""time"": ""2026-01-20 14:30:00+00:00"", ""price"": 73.9931703171653, ""fraction"": 0.6, ""shares"": 8.612563468571647, ""reason"": ""support60""}]","[{""time"": ""2026-01-20 18:30:00+00:00"", ""price"": 73.6914369565152, ""shares"": 14.284971870164359, ""reason"": ""stop""}]"
DORO_AGG_NOT_BEAR,A,AAPL,DAGG|AAPL|4119,2026-01-22,2026-01-22,0,2026-01-22 18:30:00+00:00,3.0,ALL_BULL_CONTROL,1055.6263595460496,32.51245462880641,242.94956103835347,250.6699981689453,250.6699981689453,7.720437130591847,258.39043529953716,266.110872430129,243.4199981689453,257.1499938964844,257.1499938964844,1,0,0.0,422.6727943622382,435.076456422831,422.2505438184198,435.5119683912222,0.857762512209642,True,True,False,False,False,4120,26,255.49000549316406,1.4610589850397777,-0.7758635154775064,2026-01-28 15:30:00+00:00,255.49000549316406,time,TIME,12.403662060592751,422.2505438184198,2,"[{""time"": ""2026-01-22 18:30:00+00:00"", ""price"": 250.6699981689453, ""fraction"": 0.2, ""shares"": 0.8422438802066642, ""reason"": ""starter20""}, {""time"": ""2026-01-23 14:30:00+00:00"", ""price"": 247.58182331670858, ""fraction"": 0.2, ""shares"": 0.8527494833057144, ""reason"": ""adverse20""}]","[{""time"": ""2026-01-27 14:30:00+00:00"", ""price"": 258.39043529953716, ""shares"": 0.8474966817561893, ""reason"": ""target1_partial""}, {""time"": ""2026-01-28 15:30:00+00:00"", ""price"": 255.49000549316406, ""shares"": 0.8474966817561893, ""reason"": ""time""}]"
DORO_AGG_NOT_BEAR,A,JPM,DAGG|JPM|4143,2026-01-27,2026-01-27,0,2026-01-28 14:30:00+00:00,3.0,ALL_BULL_CONTROL,1058.5012596258862,14.689742949990292,296.10288112022806,300.2699890136719,300.2699890136719,4.167107893443813,304.4370969071157,308.6042048005595,296.510009765625,302.3699951171875,302.3699951171875,1,0,0.0,423.82390435420484,432.9872684175844,423.4005038503545,433.4206891066911,0.8568211929570456,True,True,False,False,False,4144,16,308.8550109863281,2.0841787111531276,-0.5327438783612715,2026-02-02 18:30:00+00:00,308.6042048005595,target2,WIN,9.16336406337956,423.4005038503545,2,"[{""time"": ""2026-01-28 14:30:00+00:00"", ""price"": 300.2699890136719, ""fraction"": 0.2, ""shares"": 0.7050330025340565, ""reason"": ""starter20""}, {""time"": ""2026-01-28 14:30:00+00:00"", ""price"": 298.60314585629436, ""fraction"": 0.2, ""shares"": 0.7089685921361994, ""reason"": ""adverse20""}]","[{""time"": ""2026-01-29 14:30:00+00:00"", ""price"": 304.4370969071157, ""shares"": 0.707000797335128, ""reason"": ""target1_partial""}, {""time"": ""2026-02-02 18:30:00+00:00"", ""price"": 308.6042048005595, ""shares"": 0.707000797335128, ""reason"": ""target2""}]"
DORO_AGG_NOT_BEAR,A,NFLX,DAGG|NFLX|4184,2026-02-06,2026-02-06,0,2026-02-06 15:30:00+00:00,3.0,ALL_BULL_CONTROL,1059.9397647708438,33.54524584966678,78.98845139871732,81.56999969482422,81.56999969482422,2.5815482961069023,84.15154799093112,86.73309628703802,79.2249984741211,83.29499816894531,83.29499816894531,1,0,0.0,424.3998818142459,433.01254751622037,423.97590590833755,433.4459935097301,0.8574218994180677,True,True,False,False,False,4185,21,81.94000244140625,1.1969576443504968,-0.658518359236534,2026-02-11 14:30:00+00:00,81.56999969482422,stop,BE_STOP,8.612665701974493,423.97590590833755,2,"[{""time"": ""2026-02-06 15:30:00+00:00"", ""price"": 81.56999969482422, ""fraction"": 0.2, ""shares"": 2.59884704851384, ""reason"": ""starter20""}, {""time"": ""2026-02-09 14:30:00+00:00"", ""price"": 80.53738037638146, ""fraction"": 0.2, ""shares"": 2.632168465915695, ""reason"": ""adverse20""}]","[{""time"": ""2026-02-10 14:30:00+00:00"", ""price"": 84.15154799093112, ""shares"": 2.6155077572147674, ""reason"": ""target1_partial""}, {""time"": ""2026-02-11 14:30:00+00:00"", ""price"": 81.56999969482422, ""shares"": 2.6155077572147674, ""reason"": ""stop""}]"
DORO_AGG_NOT_BEAR,A,V,DAGG|V|4235,2026-02-18,2026-02-18,0,2026-02-18 18:30:00+00:00,3.0,ALL_BULL_CONTROL,1061.618229702575,31.938358523859357,312.1898621896226,312.1898621896226,321.873291015625,9.683428826002398,331.5567198416274,341.2401486676298,312.82000732421875,328.5199890136719,328.5199890136719,1,0,0.0,425.0719391729111,413.9659541170733,424.64729188103,414.38033445152485,0.8390276263325549,False,True,False,False,False,4236,18,319.0400085449219,0.0492299883085346,-0.6344116469158787,2026-02-23 14:30:00+00:00,312.1898621896226,stop,LOSS,-11.105985055837778,424.64729188103,2,"[{""time"": ""2026-02-18 18:30:00+00:00"", ""price"": 321.873291015625, ""fraction"": 0.2, ""shares"": 0.6596497810382409, ""reason"": ""starter20""}, {""time"": ""2026-02-19 14:30:00+00:00"", ""price"": 317.99991948522404, ""fraction"": 0.2, ""shares"": 0.6676845902483969, ""reason"": ""adverse20""}]","[{""time"": ""2026-02-23 14:30:00+00:00"", ""price"": 312.1898621896226, ""shares"": 1.327334371286638, ""reason"": ""stop""}]"
DORO_AGG_NOT_BEAR,A,AAPL,DAGG|AAPL|4233,2026-02-18,2026-02-18,0,2026-02-18 15:30:00+00:00,3.0,ALL_BULL_CONTROL,1061.6622979112387,42.308578846487286,254.81388852818736,254.81388852818736,265.3900146484375,10.576126120250137,275.96614076868764,286.5422668889378,255.4499969482422,271.75,271.75,1,0,0.0,425.08958408366004,429.9162897252238,424.66491916449553,430.3466363615854,0.855011555526081,False,True,False,False,False,4234,26,266.7799987792969,0.3819903413981035,-0.6836161846145918,2026-02-23 19:30:00+00:00,266.7799987792969,time,TIME,4.826705641563763,424.66491916449553,2,"[{""time"": ""2026-02-18 15:30:00+00:00"", ""price"": 265.3900146484375, ""fraction"": 0.2, ""shares"": 0.8000770483528736, ""reason"": ""starter20""}, {""time"": ""2026-02-19 19:30:00+00:00"", ""price"": 261.15956420033746, ""fraction"": 0.2, ""shares"": 0.8130372718012576, ""reason"": ""adverse20""}]","[{""time"": ""2026-02-23 19:30:00+00:00"", ""price"": 266.7799987792969, ""shares"": 1.6131143201541311, ""reason"": ""time""}]"
DORO_AGG_NOT_BEAR,A,MU,DAGG|MU|4261,2026-02-24,2026-02-24,0,2026-02-24 15:30:00+00:00,3.0,ALL_BULL_CONTROL,1066.962203849081,35.74984859208769,409.8030457363773,409.8030457363773,424.010009765625,14.206964029247672,438.2169737948727,452.42393782412034,411.70001220703125,431.69500732421875,431.69500732421875,1,0,0.0,1068.0291660529301,1050.0047771122327,1066.962203849081,1051.0558329451778,2.118018036794259,False,True,True,False,False,4262,14,424.8399963378906,0.9065893871473435,-0.8960402067690912,2026-02-26 14:30:00+00:00,409.8030457363773,stop,LOSS,-18.024388940697463,1066.962203849081,3,"[{""time"": ""2026-02-24 15:30:00+00:00"", ""price"": 424.010009765625, ""fraction"": 0.2, ""shares"": 0.5032721772011247, ""reason"": ""starter20""}, {""time"": ""2026-02-24 18:30:00+00:00"", ""price"": 418.32722415392595, ""fraction"": 0.2, ""shares"": 0.5101089014739745, ""reason"": ""adverse20""}, {""time"": ""2026-02-24 18:30:00+00:00"", ""price"": 412.64443854222685, ""fraction"": 0.6, ""shares"": 1.5514017941718554, ""reason"": ""support60""}]","[{""time"": ""2026-02-26 14:30:00+00:00"", ""price"": 409.8030457363773, ""shares"": 2.564782872846955, ""reason"": ""stop""}]"
DORO_AGG_NOT_BEAR,A,QCOM,DAGG|QCOM|4251,2026-02-20,2026-02-20,0,2026-02-20 19:30:00+00:00,3.0,ALL_BULL_CONTROL,1062.268093239106,23.55227904752568,139.5752183155983,142.74000549316406,142.74000549316406,3.1647871775657563,145.90479267072982,149.06957984829558,139.89999389648438,144.47000122070312,144.47000122070312,1,0,0.0,1063.3303613323453,1095.3237779361202,1062.268093239106,1096.4201981342544,2.1586882913733607,True,True,True,False,False,4252,26,145.0800018310547,1.3271024914454685,-0.9795306697052664,2026-02-26 16:30:00+00:00,145.0800018310547,time,TIME,31.993416603774904,1062.268093239106,3,"[{""time"": ""2026-02-20 19:30:00+00:00"", ""price"": 142.74000549316406, ""fraction"": 0.2, ""shares"": 1.4883957578241498, ""reason"": ""starter20""}, {""time"": ""2026-02-23 15:30:00+00:00"", ""price"": 141.47409062213777, ""fraction"": 0.2, ""shares"": 1.5017139725977262, ""reason"": ""adverse20""}, {""time"": ""2026-02-23 16:30:00+00:00"", ""price"": 140.20817575111147, ""fraction"": 0.6, ""shares"": 4.545818048976442, ""reason"": ""support60""}]","[{""time"": ""2026-02-24 14:30:00+00:00"", ""price"": 145.90479267072982, ""shares"": 3.767963889699159, ""reason"": ""target1_partial""}, {""time"": ""2026-02-26 16:30:00+00:00"", ""price"": 145.0800018310547, ""shares"": 3.767963889699159, ""reason"": ""time""}]"
DORO_AGG_NOT_BEAR,A,COST,DAGG|COST|4261,2026-02-24,2026-02-24,0,2026-02-24 15:30:00+00:00,3.0,ALL_BULL_CONTROL,1067.0048840444429,17.29832565993769,976.2472470893977,976.2472470893977,992.3350219726562,16.08777488325859,1008.4227968559148,1024.5105717391734,977.8099975585938,1001.3699951171875,1001.3699951171875,1,0,0.0,427.2287555713949,431.542815667871,426.80195361777714,431.9747904583294,0.8587767440761065,False,True,False,False,False,4262,26,1001.094970703125,0.8195586763214731,-0.5473095402984526,2026-02-27 19:30:00+00:00,1001.094970703125,time,TIME,4.314060096476112,426.80195361777714,2,"[{""time"": ""2026-02-24 15:30:00+00:00"", ""price"": 992.3350219726562, ""fraction"": 0.2, ""shares"": 0.21504932516104308, ""reason"": ""starter20""}, {""time"": ""2026-02-26 15:30:00+00:00"", ""price"": 985.8999120193528, ""fraction"": 0.2, ""shares"": 0.21645298291161588, ""reason"": ""adverse20""}]","[{""time"": ""2026-02-27 19:30:00+00:00"", ""price"": 1001.094970703125, ""shares"": 0.431502308072659, ""reason"": ""time""}]"
DORO_AGG_NOT_BEAR,A,LLY,DAGG|LLY|4284,2026-02-27,2026-02-27,0,2026-02-27 18:30:00+00:00,3.0,ALL_BULL_CONTROL,1064.2215173200846,30.64465794465308,1005.2453942654092,1005.2453942654092,1035.050048828125,29.80465456271577,1064.8547033908408,1094.6593579535565,1007.380126953125,1053.625,1053.625,1,0,0.0,426.11429553496185,415.4236269950216,425.68860692803383,415.8394664614831,0.841528073389517,False,True,False,False,False,4285,11,1015.0,0.7096174290242417,-0.7398189696084779,2026-03-03 14:30:00+00:00,1005.2453942654092,stop,LOSS,-10.690668539940248,425.68860692803383,2,"[{""time"": ""2026-02-27 18:30:00+00:00"", ""price"": 1035.050048828125, ""fraction"": 0.2, ""shares"": 0.2056367261708721, ""reason"": ""starter20""}, {""time"": ""2026-03-02 19:30:00+00:00"", ""price"": 1023.1281870030386, ""fraction"": 0.2, ""shares"": 0.20803288011005094, ""reason"": ""adverse20""}]","[{""time"": ""2026-03-03 14:30:00+00:00"", ""price"": 1005.2453942654092, ""shares"": 0.41366960628092303, ""reason"": ""stop""}]"
DORO_AGG_NOT_BEAR,A,MSFT,DAGG|MSFT|4369,2026-03-17,2026-03-17,0,2026-03-17 17:30:00+00:00,3.0,ALL_BULL_CONTROL,1061.9249258723064,16.43561452506571,393.6319168484331,393.6319168484331,399.82000732421875,6.188090475785657,406.0080978000044,412.19618827579006,394.25,404.8500061035156,404.8500061035156,1,0,0.0,1062.9868507981787,1053.6015867124506,1061.9249258723064,1054.656242955406,2.1165811688277127,False,True,True,False,False,4370,7,393.79998779296875,0.02262153913345978,-0.9954611501260062,2026-03-18 16:30:00+00:00,393.6319168484331,stop,LOSS,-9.385264085728068,1061.9249258723064,3,"[{""time"": ""2026-03-17 17:30:00+00:00"", ""price"": 399.82000732421875, ""fraction"": 0.2, ""shares"": 0.5312014938818101, ""reason"": ""starter20""}, {""time"": ""2026-03-18 13:30:00+00:00"", ""price"": 397.3447711339045, ""fraction"": 0.2, ""shares"": 0.5345105827575819, ""reason"": ""adverse20""}, {""time"": ""2026-03-18 13:30:00+00:00"", ""price"": 394.8695349435902, ""fraction"": 0.6, ""shares"": 1.6135834728663119, ""reason"": ""support60""}]","[{""time"": ""2026-03-18 16:30:00+00:00"", ""price"": 393.6319168484331, ""shares"": 2.679295549505704, ""reason"": ""stop""}]"
DORO_AGG_NOT_BEAR,A,NVDA,DAGG|NVDA|4370,2026-03-17,2026-03-17,0,2026-03-17 18:30:00+00:00,3.0,ALL_BULL_CONTROL,1061.7708946162381,20.71462121386818,179.45917468276875,179.45917468276875,183.02999877929688,3.5708240965281277,186.600822875825,190.17164697235313,179.94000244140625,188.8699951171875,188.8699951171875,1,0,0.0,425.1330662043418,414.2694981543492,424.7083578464953,414.6841823366859,0.8393925401831812,False,True,False,False,False,4371,9,178.00999450683594,0.09801829887278178,-0.7561271222705606,2026-03-19 13:30:00+00:00,178.00999450683594,gap_stop,LOSS,-10.86356804999258,424.7083578464953,2,"[{""time"": ""2026-03-17 18:30:00+00:00"", ""price"": 183.02999877929688, ""fraction"": 0.2, ""shares"": 1.1602151578403863, ""reason"": ""starter20""}, {""time"": ""2026-03-18 13:30:00+00:00"", ""price"": 181.60166914068563, ""fraction"": 0.2, ""shares"": 1.1693404577616422, ""reason"": ""adverse20""}]","[{""time"": ""2026-03-19 13:30:00+00:00"", ""price"": 178.00999450683594, ""shares"": 2.3295556156020285, ""reason"": ""gap_stop""}]"
DORO_AGG_NOT_BEAR,A,QCOM,DAGG|QCOM|4385,2026-03-19,2026-03-19,0,2026-03-19 19:30:00+00:00,3.0,ALL_BULL_CONTROL,1057.8328444387844,25.76862772112679,128.60889442222134,128.60889442222134,131.82000732421875,3.21111290199741,135.03112022621616,138.24223312821357,128.90049743652344,134.0500030517578,134.0500030517578,1,0,0.0,423.55627091328927,414.44189314603767,423.1331377755138,414.8567498959336,0.8379898876714473,False,True,False,False,False,4386,11,130.49000549316406,0.6695478988443581,-0.6352964243807583,2026-03-23 15:30:00+00:00,128.60889442222134,stop,LOSS,-9.114377767251597,423.1331377755138,2,"[{""time"": ""2026-03-19 19:30:00+00:00"", ""price"": 131.82000732421875, ""fraction"": 0.2, ""shares"": 1.604965537343637, ""reason"": ""starter20""}, {""time"": ""2026-03-20 16:30:00+00:00"", ""price"": 130.5355621634198, ""fraction"": 0.2, ""shares"": 1.620758093667172, ""reason"": ""adverse20""}]","[{""time"": ""2026-03-23 15:30:00+00:00"", ""price"": 128.60889442222134, ""shares"": 3.225723631010809, ""reason"": ""stop""}]"
DORO_AGG_NOT_BEAR,A,AVGO,DAGG|AVGO|4385,2026-03-19,2026-03-19,0,2026-03-19 19:30:00+00:00,3.0,ALL_BULL_CONTROL,1057.8751594451621,43.260130708454795,307.6123329024267,307.6123329024267,320.7279968261719,13.11566392374516,333.84366074991703,346.9593246736622,308.510009765625,327.44000244140625,327.44000244140625,1,0,0.0,1058.9330346046072,1079.0188206204941,1057.8751594451621,1080.098919540034,2.137974078985196,False,True,True,False,False,4386,26,319.9100036621094,0.43856065492365637,-0.8240515662245861,2026-03-25 16:30:00+00:00,319.9100036621094,time,TIME,20.085786015886924,1057.8751594451621,3,"[{""time"": ""2026-03-19 19:30:00+00:00"", ""price"": 320.7279968261719, ""fraction"": 0.2, ""shares"": 0.6596712291496706, ""reason"": ""starter20""}, {""time"": ""2026-03-20 13:30:00+00:00"", ""price"": 315.4817312566738, ""fraction"": 0.2, ""shares"": 0.6706411526469545, ""reason"": ""adverse20""}, {""time"": ""2026-03-20 19:30:00+00:00"", ""price"": 310.23546568717575, ""fraction"": 0.6, ""shares"": 2.0459462758752376, ""reason"": ""support60""}]","[{""time"": ""2026-03-25 16:30:00+00:00"", ""price"": 319.9100036621094, ""shares"": 3.3762586576718627, ""reason"": ""time""}]"
DORO_AGG_NOT_BEAR,A,JPM,DAGG|JPM|4397,2026-03-23,2026-03-23,0,2026-03-23 18:30:00+00:00,3.0,ALL_BULL_CONTROL,1061.8115363863199,28.118029519757833,284.01436908938166,284.01436908938166,291.739990234375,7.72562114499334,299.46561137936834,307.1912325243617,284.6199951171875,295.75,295.75,1,0,0.0,1062.8733479227062,1048.2811209776296,1061.8115363863199,1049.3304514290587,2.1111419878153788,False,True,True,False,False,4398,26,286.0,0.7636957991249759,-0.9371402115759898,2026-03-27 15:30:00+00:00,284.01436908938166,stop,LOSS,-14.592226945076618,1061.8115363863199,3,"[{""time"": ""2026-03-23 18:30:00+00:00"", ""price"": 291.739990234375, ""fraction"": 0.2, ""shares"": 0.7279163446418799, ""reason"": ""starter20""}, {""time"": ""2026-03-24 13:30:00+00:00"", ""price"": 288.64974177637765, ""fraction"": 0.2, ""shares"": 0.7357093270562668, ""reason"": ""adverse20""}, {""time"": ""2026-03-24 13:30:00+00:00"", ""price"": 285.5594933183803, ""fraction"": 0.6, ""shares"": 2.231012929839742, ""reason"": ""support60""}]","[{""time"": ""2026-03-27 15:30:00+00:00"", ""price"": 284.01436908938166, ""shares"": 3.6946386015378887, ""reason"": ""stop""}]"
DORO_AGG_NOT_BEAR,A,WMT,DAGG|WMT|4436,2026-03-31,2026-03-31,0,2026-03-31 14:30:00+00:00,3.0,ALL_BULL_CONTROL,1057.1509957058738,19.150372652507563,121.5671698064712,123.80999755859375,123.80999755859375,2.242827752122551,126.0528253107163,128.29565306283885,121.80000305175781,125.26000213623047,125.26000213623047,1,0,0.0,423.2832586806319,432.6136281213603,422.86039828234954,433.0466747961565,0.855907073078506,True,True,False,False,False,4437,26,126.61000061035156,1.4133969027892743,-0.4324902881129156,2026-04-06 18:30:00+00:00,126.61000061035156,time,TIME,9.330369440728418,422.86039828234954,2,"[{""time"": ""2026-03-31 14:30:00+00:00"", ""price"": 123.80999755859375, ""fraction"": 0.2, ""shares"": 1.7076989202032273, ""reason"": ""starter20""}, {""time"": ""2026-03-31 14:30:00+00:00"", ""price"": 122.91286645774473, ""fraction"": 0.2, ""shares"": 1.7201632769166664, ""reason"": ""adverse20""}]","[{""time"": ""2026-04-06 13:30:00+00:00"", ""price"": 126.0528253107163, ""shares"": 1.713931098559947, ""reason"": ""target1_partial""}, {""time"": ""2026-04-06 18:30:00+00:00"", ""price"": 126.61000061035156, ""shares"": 1.713931098559947, ""reason"": ""time""}]"
DORO_AGG_NOT_BEAR,A,V,DAGG|V|4438,2026-03-31,2026-03-31,0,2026-03-31 17:30:00+00:00,3.0,ALL_BULL_CONTROL,1057.5293240043418,26.13753425746231,293.68737833816834,293.68737833816834,301.1300048828125,7.442626544644156,308.57263142745666,316.0152579721008,294.32000732421875,305.8900146484375,305.8900146484375,1,0,0.0,1058.586853328346,1075.3525984026203,1057.5293240043418,1076.4290274300504,2.133958351434392,False,True,True,False,False,4439,26,302.25,0.5266934847049578,-0.9727735485512199,2026-04-07 14:30:00+00:00,302.25,time,TIME,16.765745074274264,1057.5293240043418,3,"[{""time"": ""2026-03-31 17:30:00+00:00"", ""price"": 301.1300048828125, ""fraction"": 0.2, ""shares"": 0.7023739294368152, ""reason"": ""starter20""}, {""time"": ""2026-04-01 13:30:00+00:00"", ""price"": 298.1529542649548, ""fraction"": 0.2, ""shares"": 0.7093871175024912, ""reason"": ""adverse20""}, {""time"": ""2026-04-01 13:30:00+00:00"", ""price"": 295.1759036470972, ""fraction"": 0.6, ""shares"": 2.1496253134578827, ""reason"": ""support60""}]","[{""time"": ""2026-04-07 14:30:00+00:00"", ""price"": 302.25, ""shares"": 3.561386360397189, ""reason"": ""time""}]"
DORO_AGG_NOT_BEAR,A,ORCL,DAGG|ORCL|4473,2026-04-08,2026-04-08,0,2026-04-08 17:30:00+00:00,3.0,ALL_BULL_CONTROL,1062.3599306173126,41.68145740794561,139.43586117238206,139.43586117238206,145.1300048828125,5.694143710430438,150.82414859324294,156.51829230367338,139.94000244140625,151.4600067138672,151.4600067138672,1,0,0.0,212.684458109586,203.9315589472315,212.47198612346253,204.13569464187339,0.41660768076533594,False,False,False,False,False,4474,4,142.1999969482422,0.0825411588826226,-0.39163236822478287,2026-04-09 13:30:00+00:00,139.43586117238206,stop,LOSS,-8.752899162354481,212.47198612346253,1,"[{""time"": ""2026-04-08 17:30:00+00:00"", ""price"": 145.1300048828125, ""fraction"": 0.2, ""shares"": 1.4640114309582388, ""reason"": ""starter20""}]","[{""time"": ""2026-04-09 13:30:00+00:00"", ""price"": 139.43586117238206, ""shares"": 1.4640114309582388, ""reason"": ""stop""}]"
DORO_AGG_NOT_BEAR,A,NFLX,DAGG|NFLX|4460,2026-04-06,2026-04-06,0,2026-04-06 17:30:00+00:00,3.0,ALL_BULL_CONTROL,1062.4939721350554,53.168458855604925,94.0079233290681,94.0079233290681,98.95999908447266,4.95207575540455,103.9120748398772,108.86415059528176,94.26399993896484,102.68499755859375,102.68499755859375,1,0,0.0,212.7112932214381,218.63600507611554,212.4987944270111,218.85485993605158,0.43135365436306267,False,False,False,False,False,4461,26,101.91999816894531,0.8319749030667758,-0.3069413147421112,2026-04-10 14:30:00+00:00,101.91999816894531,time,TIME,5.92471185467744,212.4987944270111,1,"[{""time"": ""2026-04-06 17:30:00+00:00"", ""price"": 98.95999908447266, ""fraction"": 0.2, ""shares"": 2.147320092895527, ""reason"": ""starter20""}]","[{""time"": ""2026-04-10 14:30:00+00:00"", ""price"": 101.91999816894531, ""shares"": 2.147320092895527, ""reason"": ""time""}]"
DORO_AGG_NOT_BEAR,A,TSLA,DAGG|TSLA|4489,2026-04-10,2026-04-10,0,2026-04-10 18:30:00+00:00,3.0,ALL_BULL_CONTROL,1059.5411402391971,32.74453946615429,336.1841782409513,346.90509033203125,346.90509033203125,10.720912091079924,357.6260024231112,368.3469145141911,337.25,364.5,364.5,1,0,0.0,212.12013627588726,221.50985829779802,211.90822804783943,221.7315898876857,0.43363981793552514,True,False,False,False,False,4490,17,366.7950134277344,2.8738138830085185,-0.17116855284536253,2026-04-15 13:30:00+00:00,368.3469145141911,target2,WIN,9.389722021910757,211.90822804783943,1,"[{""time"": ""2026-04-10 18:30:00+00:00"", ""price"": 346.90509033203125, ""fraction"": 0.2, ""shares"": 0.6108536137218884, ""reason"": ""starter20""}]","[{""time"": ""2026-04-14 13:30:00+00:00"", ""price"": 357.6260024231112, ""shares"": 0.3054268068609442, ""reason"": ""target1_partial""}, {""time"": ""2026-04-15 13:30:00+00:00"", ""price"": 368.3469145141911, ""shares"": 0.3054268068609442, ""reason"": ""target2""}]"
DORO_AGG_NOT_BEAR,A,ISRG,DAGG|ISRG|4480,2026-04-09,2026-04-09,0,2026-04-09 16:30:00+00:00,3.0,ALL_BULL_CONTROL,1061.5352744487384,27.284932865434545,446.6663455627717,458.45001220703125,458.45001220703125,11.78366664425954,470.2336788512908,482.01734549555033,447.81500244140625,471.9798889160156,471.9798889160156,1,0,0.0,1062.596809723187,1104.1581012707622,1061.5352744487384,1105.2633646353977,2.166798639084136,True,True,True,False,False,4481,26,470.6300048828125,1.3187727128138094,-0.868151764231358,2026-04-15 13:30:00+00:00,470.6300048828125,time,TIME,41.56129154757514,1061.5352744487384,3,"[{""time"": ""2026-04-09 16:30:00+00:00"", ""price"": 458.45001220703125, ""fraction"": 0.2, ""shares"": 0.4630975007889672, ""reason"": ""starter20""}, {""time"": ""2026-04-10 13:30:00+00:00"", ""price"": 453.73654554932745, ""fraction"": 0.2, ""shares"": 0.4679082101105893, ""reason"": ""adverse20""}, {""time"": ""2026-04-10 13:30:00+00:00"", ""price"": 449.02307889162364, ""fraction"": 0.6, ""shares"": 1.4184597509807966, ""reason"": ""support60""}]","[{""time"": ""2026-04-14 15:30:00+00:00"", ""price"": 470.2336788512908, ""shares"": 1.1747327309401765, ""reason"": ""target1_partial""}, {""time"": ""2026-04-15 13:30:00+00:00"", ""price"": 470.6300048828125, ""shares"": 1.1747327309401765, ""reason"": ""time""}]"
DORO_AGG_NOT_BEAR,A,MA,DAGG|MA|4479,2026-04-09,2026-04-09,0,2026-04-09 16:30:00+00:00,3.0,ALL_BULL_CONTROL,1061.4928130377605,20.361633817135658,494.7147680022543,504.3900146484375,504.3900146484375,9.675246646183211,514.0652612946208,523.7405079408039,495.6700134277344,511.82000732421875,511.82000732421875,1,0,0.0,1062.554305850798,1093.5434266564102,1061.4928130377605,1094.6380647211313,2.156130877758892,True,True,True,False,False,4480,26,515.0,1.30332443323675,-0.9705194081167706,2026-04-15 13:30:00+00:00,515.0,time,TIME,30.989120805612174,1061.4928130377605,3,"[{""time"": ""2026-04-09 16:30:00+00:00"", ""price"": 504.3900146484375, ""fraction"": 0.2, ""shares"": 0.42090159686354084, ""reason"": ""starter20""}, {""time"": ""2026-04-10 13:30:00+00:00"", ""price"": 500.5199159899642, ""fraction"": 0.2, ""shares"": 0.42415607416470685, ""reason"": ""adverse20""}, {""time"": ""2026-04-10 15:30:00+00:00"", ""price"": 496.6498173314909, ""fraction"": 0.6, ""shares"": 1.282383815712868, ""reason"": ""support60""}]","[{""time"": ""2026-04-15 13:30:00+00:00"", ""price"": 514.0652612946208, ""shares"": 1.0637207433705578, ""reason"": ""target1_partial""}, {""time"": ""2026-04-15 13:30:00+00:00"", ""price"": 515.0, ""shares"": 1.0637207433705578, ""reason"": ""time""}]"
DORO_AGG_NOT_BEAR,A,AMAT,DAGG|AMAT|4531,2026-04-20,2026-04-20,0,2026-04-20 18:30:00+00:00,3.0,ALL_BULL_CONTROL,1078.1926080223582,26.614538572240104,383.3234073876521,393.0249938964844,393.0249938964844,9.701586508832293,402.72658040531667,412.42816691414896,384.3299865722656,400.5,400.5,1,0,0.0,215.8541601260761,223.39926029296754,215.63852160447163,223.6228831761437,0.4392614047806153,True,False,False,False,False,4532,17,406.1700134277344,2.143465237237504,-0.27263468828153886,2026-04-23 13:30:00+00:00,412.42816691414896,target2,WIN,7.545100166891444,215.63852160447163,1,"[{""time"": ""2026-04-20 18:30:00+00:00"", ""price"": 393.0249938964844, ""fraction"": 0.2, ""shares"": 0.548663634509888, ""reason"": ""starter20""}]","[{""time"": ""2026-04-22 16:30:00+00:00"", ""price"": 402.72658040531667, ""shares"": 0.274331817254944, ""reason"": ""target1_partial""}, {""time"": ""2026-04-23 13:30:00+00:00"", ""price"": 412.42816691414896, ""shares"": 0.274331817254944, ""reason"": ""target2""}]"
DORO_AGG_NOT_BEAR,A,GOOGL,DAGG|GOOGL|4545,2026-04-22,2026-04-22,0,2026-04-22 18:30:00+00:00,3.0,ALL_BULL_CONTROL,1079.0961378054606,23.025981492970043,330.87820957274283,338.0924987792969,338.0924987792969,7.214289206554042,345.3067879858509,352.52107719240496,331.4200134277344,342.32000732421875,342.32000732421875,1,0,0.0,216.03504678865323,222.50429498697417,215.81922756109213,222.72702200898314,0.43854624957007526,True,False,False,False,False,4546,21,352.2799987792969,2.091334775264856,-0.37460157937724764,2026-04-27 17:30:00+00:00,352.52107719240496,target2,WIN,6.4692481983209404,215.81922756109213,1,"[{""time"": ""2026-04-22 18:30:00+00:00"", ""price"": 338.0924987792969, ""fraction"": 0.2, ""shares"": 0.6383437323818787, ""reason"": ""starter20""}]","[{""time"": ""2026-04-27 13:30:00+00:00"", ""price"": 345.3067879858509, ""shares"": 0.31917186619093935, ""reason"": ""target1_partial""}, {""time"": ""2026-04-27 17:30:00+00:00"", ""price"": 352.52107719240496, ""shares"": 0.31917186619093935, ""reason"": ""target2""}]"
DORO_AGG_NOT_BEAR,A,MSFT,DAGG|MSFT|4565,2026-04-27,2026-04-27,0,2026-04-27 17:30:00+00:00,3.0,ALL_BULL_CONTROL,1081.0025915680146,36.99627128001613,410.532033938663,410.532033938663,425.0799865722656,14.54795263360262,439.62793920586824,454.17589183947086,411.41009521484375,433.6400146484375,433.6400146484375,1,0,0.0,216.41671883191654,208.59246279354213,216.20051831360294,208.80126405759972,0.4250017823712027,False,False,False,False,False,4566,18,413.0,0.33200665492183806,-0.3292544420498001,2026-04-30 13:30:00+00:00,410.532033938663,stop,LOSS,-7.824256038374415,216.20051831360294,1,"[{""time"": ""2026-04-27 17:30:00+00:00"", ""price"": 425.0799865722656, ""fraction"": 0.2, ""shares"": 0.5086113793711806, ""reason"": ""starter20""}]","[{""time"": ""2026-04-30 13:30:00+00:00"", ""price"": 410.532033938663, ""shares"": 0.5086113793711806, ""reason"": ""stop""}]"
DORO_AGG_NOT_BEAR,A,QCOM,DAGG|QCOM|4566,2026-04-27,2026-04-27,0,2026-04-27 18:30:00+00:00,3.0,ALL_BULL_CONTROL,438.1128079880385,54.05553720216707,131.39616791403188,149.88999938964844,149.88999938964844,18.49383147561656,168.383830865265,186.87766234088156,132.0500030517578,160.94000244140625,160.94000244140625,1,0,0.0,87.71018415920533,103.73538353549958,87.62256159760771,103.83922275825783,0.19146178435586553,True,False,False,False,False,4567,18,176.6999969482422,2.000661314409595,-0.318478763359048,2026-04-30 14:30:00+00:00,186.87766234088156,target2,WIN,16.025199376294253,87.62256159760771,1,"[{""time"": ""2026-04-27 18:30:00+00:00"", ""price"": 149.88999938964844, ""fraction"": 0.2, ""shares"": 0.5845791043725831, ""reason"": ""starter20""}]","[{""time"": ""2026-04-30 13:30:00+00:00"", ""price"": 168.383830865265, ""shares"": 0.29228955218629155, ""reason"": ""target1_partial""}, {""time"": ""2026-04-30 14:30:00+00:00"", ""price"": 186.87766234088156, ""shares"": 0.29228955218629155, ""reason"": ""target2""}]"
DORO_AGG_NOT_BEAR,A,JNJ,DAGG|JNJ|4573,2026-04-28,2026-04-28,0,2026-04-28 19:30:00+00:00,3.0,ALL_BULL_CONTROL,1081.3905906601171,16.88485311028174,223.9871795326808,227.5399932861328,227.5399932861328,3.552813753452,231.0928070395848,234.6456207930368,224.3542938232422,231.25,231.25,1,0,0.0,432.9887925003109,436.865793448201,432.5562362640469,437.3030965447457,0.8698593328087927,True,True,False,False,False,4574,16,229.05999755859375,1.0189136349912158,-0.7543296276584451,2026-05-01 13:30:00+00:00,227.5399932861328,stop,BE_STOP,3.8770009478900533,432.5562362640469,2,"[{""time"": ""2026-04-28 19:30:00+00:00"", ""price"": 227.5399932861328, ""fraction"": 0.2, ""shares"": 0.9505059528592519, ""reason"": ""starter20""}, {""time"": ""2026-04-29 13:30:00+00:00"", ""price"": 226.118867784752, ""fraction"": 0.2, ""shares"": 0.9564797500131824, ""reason"": ""adverse20""}]","[{""time"": ""2026-04-30 13:30:00+00:00"", ""price"": 231.0928070395848, ""shares"": 0.9534928514362171, ""reason"": ""target1_partial""}, {""time"": ""2026-05-01 13:30:00+00:00"", ""price"": 227.5399932861328, ""shares"": 0.9534928514362171, ""reason"": ""stop""}]"
DORO_AGG_NOT_BEAR,A,AMAT,DAGG|AMAT|4585,2026-04-30,2026-04-30,0,2026-04-30 16:30:00+00:00,3.0,ALL_BULL_CONTROL,1083.9588566371274,43.13696167444219,375.7855190462679,391.3599853515625,391.3599853515625,15.574466305294607,406.9344516568571,422.5089179621517,377.07000732421875,405.510009765625,405.510009765625,1,0,0.0,217.00856309875292,229.5031269699284,216.7917713274255,229.73285982975813,0.44652463115718366,True,False,False,False,False,4586,26,421.0,2.66140819174909,-0.3666251763077743,2026-05-06 13:30:00+00:00,422.5089179621517,target2,WIN,12.494563871175473,216.7917713274255,1,"[{""time"": ""2026-04-30 16:30:00+00:00"", ""price"": 391.3599853515625, ""fraction"": 0.2, ""shares"": 0.5539446531118385, ""reason"": ""starter20""}]","[{""time"": ""2026-05-05 13:30:00+00:00"", ""price"": 406.9344516568571, ""shares"": 0.27697232655591925, ""reason"": ""target1_partial""}, {""time"": ""2026-05-06 13:30:00+00:00"", ""price"": 422.5089179621517, ""shares"": 0.27697232655591925, ""reason"": ""target2""}]"
DORO_AGG_NOT_BEAR,A,AVGO,DAGG|AVGO|4616,2026-05-06,2026-05-06,0,2026-05-06 19:30:00+00:00,3.0,ALL_BULL_CONTROL,1085.9099793267976,36.8161362841466,408.3496664874347,408.3496664874347,422.67999267578125,14.330326188346532,437.0103188641278,451.3406450524743,409.5299987792969,437.67999267578125,437.67999267578125,1,0,0.0,434.7983557224498,422.09956896803726,434.3639917307191,422.52209105909634,0.8568860827898155,False,True,False,False,False,4617,6,414.9849853515625,0.2658695628081413,-0.6263904447500205,2026-05-07 17:30:00+00:00,408.3496664874347,stop,LOSS,-12.698786754412538,434.3639917307191,2,"[{""time"": ""2026-05-06 19:30:00+00:00"", ""price"": 422.67999267578125, ""fraction"": 0.2, ""shares"": 0.5138213296789518, ""reason"": ""starter20""}, {""time"": ""2026-05-07 13:30:00+00:00"", ""price"": 416.9478622004426, ""fraction"": 0.2, ""shares"": 0.5208852606155153, ""reason"": ""adverse20""}]","[{""time"": ""2026-05-07 17:30:00+00:00"", ""price"": 408.3496664874347, ""shares"": 1.034706590294467, ""reason"": ""stop""}]"
DORO_AGG_NOT_BEAR,A,TMUS,DAGG|TMUS|4625,2026-05-08,2026-05-08,0,2026-05-08 14:30:00+00:00,3.0,ALL_BULL_CONTROL,1083.370221975915,16.997802389454293,191.26132326997208,191.26132326997208,194.30999755859375,3.048674288621669,197.35867184721542,200.4073461358371,191.64999389648438,196.0,196.0,1,0,0.0,216.8907184395782,213.06120943337487,216.67404439518302,213.27448391729217,0.4299485283124752,False,False,False,False,False,4626,7,192.33999633789062,0.054124688077609215,-0.3772111375676989,2026-05-11 13:30:00+00:00,191.26132326997208,stop,LOSS,-3.829509006203324,216.67404439518302,1,"[{""time"": ""2026-05-08 14:30:00+00:00"", ""price"": 194.30999755859375, ""fraction"": 0.2, ""shares"": 1.1150946792114773, ""reason"": ""starter20""}]","[{""time"": ""2026-05-11 13:30:00+00:00"", ""price"": 191.26132326997208, ""shares"": 1.1150946792114773, ""reason"": ""stop""}]"
DORO_AGG_NOT_BEAR,A,MA,DAGG|MA|4626,2026-05-08,2026-05-08,0,2026-05-08 16:30:00+00:00,3.0,ALL_BULL_CONTROL,1083.1986519595264,19.313348699247186,488.60014933932416,488.60014933932416,497.4700012207031,8.869851881378963,506.3398531020821,515.209704983461,489.7300109863281,503.5199890136719,503.5199890136719,1,0,0.0,1084.2818506114859,1081.4527460091758,1083.1986519595264,1082.5352812904664,2.165733933249993,False,True,True,False,False,4627,26,492.18499755859375,0.9966340426099994,-0.8590893308133627,2026-05-14 13:30:00+00:00,492.18499755859375,time,TIME,-2.8291046023100535,1083.1986519595264,3,"[{""time"": ""2026-05-08 16:30:00+00:00"", ""price"": 497.4700012207031, ""fraction"": 0.2, ""shares"": 0.43548300371944004, ""reason"": ""starter20""}, {""time"": ""2026-05-11 13:30:00+00:00"", ""price"": 493.9220604681515, ""fraction"": 0.2, ""shares"": 0.438611165062295, ""reason"": ""adverse20""}, {""time"": ""2026-05-13 19:30:00+00:00"", ""price"": 490.37411971559993, ""fraction"": 0.6, ""shares"": 1.3253537759142886, ""reason"": ""support60""}]","[{""time"": ""2026-05-14 13:30:00+00:00"", ""price"": 492.18499755859375, ""shares"": 2.199447944696024, ""reason"": ""time""}]"
DORO_AGG_NOT_BEAR,A,NFLX,DAGG|NFLX|4648,2026-05-13,2026-05-13,0,2026-05-13 16:30:00+00:00,3.0,ALL_BULL_CONTROL,1082.0439627115763,32.63999649294115,84.90904585311941,87.55000305175781,87.55000305175781,2.6409571986384037,90.19096025039622,92.83191744903462,85.0999984741211,89.16100311279297,89.16100311279297,1,0,0.0,216.6252013348576,223.4905171405712,216.40879254231527,223.71423137194313,0.4401230239142584,True,False,False,False,False,4649,26,90.81999969482422,1.4805223025692038,-0.3824379042383552,2026-05-19 13:30:00+00:00,90.81999969482422,time,TIME,6.865315805713607,216.40879254231527,1,"[{""time"": ""2026-05-13 16:30:00+00:00"", ""price"": 87.55000305175781, ""fraction"": 0.2, ""shares"": 2.4718307823973316, ""reason"": ""starter20""}]","[{""time"": ""2026-05-19 13:30:00+00:00"", ""price"": 90.19096025039622, ""shares"": 1.2359153911986658, ""reason"": ""target1_partial""}, {""time"": ""2026-05-19 13:30:00+00:00"", ""price"": 90.81999969482422, ""shares"": 1.2359153911986658, ""reason"": ""time""}]"
DORO_AGG_NOT_BEAR,A,WMT,DAGG|WMT|4671,2026-05-18,2026-05-18,0,2026-05-18 18:30:00+00:00,3.0,ALL_BULL_CONTROL,1083.216125972546,15.561951355773408,130.57673081143193,132.47999572753906,132.47999572753906,1.9032649161071333,134.3832606436462,136.28652555975333,130.78500366210938,133.9499969482422,133.9499969482422,1,0,0.0,216.85986841970373,217.98122090975647,216.64322519450923,218.19942033008658,0.43484264552459584,True,False,False,False,False,4672,10,132.90499877929688,1.4054811966109075,-0.2154132090864615,2026-05-20 13:30:00+00:00,132.47999572753906,stop,BE_STOP,1.1213524900527432,216.64322519450923,1,"[{""time"": ""2026-05-18 18:30:00+00:00"", ""price"": 132.47999572753906, ""fraction"": 0.2, ""shares"": 1.6352900979862794, ""reason"": ""starter20""}]","[{""time"": ""2026-05-19 13:30:00+00:00"", ""price"": 134.3832606436462, ""shares"": 0.8176450489931397, ""reason"": ""target1_partial""}, {""time"": ""2026-05-20 13:30:00+00:00"", ""price"": 132.47999572753906, ""shares"": 0.8176450489931397, ""reason"": ""stop""}]"
DORO_AGG_NOT_BEAR,A,PLTR,DAGG|PLTR|4657,2026-05-14,2026-05-14,0,2026-05-14 18:30:00+00:00,3.0,ALL_BULL_CONTROL,1081.681293930259,45.87686846489798,128.3167174945223,128.3167174945223,134.0,5.683282505477706,139.6832825054777,145.3665650109554,128.75,137.41549682617188,137.41549682617188,1,0,0.0,433.1051900896757,441.3378622815093,432.67251757210363,441.77964192343273,0.8744521594955363,False,True,False,False,False,4658,26,135.64999389648438,0.6088042800146458,-0.46979860078605873,2026-05-20 15:30:00+00:00,135.64999389648438,time,TIME,8.232672191833558,432.67251757210363,2,"[{""time"": ""2026-05-14 18:30:00+00:00"", ""price"": 134.0, ""fraction"": 0.2, ""shares"": 1.6144496924332226, ""reason"": ""starter20""}, {""time"": ""2026-05-18 13:30:00+00:00"", ""price"": 131.7266869978089, ""fraction"": 0.2, ""shares"": 1.6423115445820804, ""reason"": ""adverse20""}]","[{""time"": ""2026-05-20 15:30:00+00:00"", ""price"": 135.64999389648438, ""shares"": 3.256761237015303, ""reason"": ""time""}]"
DORO_AGG_NOT_BEAR,A,JNJ,DAGG|JNJ|4673,2026-05-19,2026-05-19,0,2026-05-19 14:30:00+00:00,3.0,ALL_BULL_CONTROL,1085.0304409460578,20.17832512305107,225.54604167996766,229.82000732421875,229.82000732421875,4.273965644251092,234.09397296846984,238.36793861272093,225.86000061035156,232.13499450683594,232.13499450683594,1,0,0.0,434.44618855480155,443.90806175607656,434.01217637842313,444.35241417024685,0.8783645905486701,True,True,False,False,False,4674,26,234.74000549316406,1.3278037928550437,-0.5779178931925955,2026-05-22 18:30:00+00:00,234.74000549316406,time,TIME,9.461873201275012,434.01217637842313,2,"[{""time"": ""2026-05-19 14:30:00+00:00"", ""price"": 229.82000732421875, ""fraction"": 0.2, ""shares"": 0.9442436744990181, ""reason"": ""starter20""}, {""time"": ""2026-05-21 13:30:00+00:00"", ""price"": 228.1104210665183, ""fraction"": 0.2, ""shares"": 0.9513203613171681, ""reason"": ""adverse20""}]","[{""time"": ""2026-05-22 13:30:00+00:00"", ""price"": 234.09397296846984, ""shares"": 0.9477820179080931, ""reason"": ""target1_partial""}, {""time"": ""2026-05-22 18:30:00+00:00"", ""price"": 234.74000549316406, ""shares"": 0.9477820179080931, ""reason"": ""time""}]"
DORO_AGG_NOT_BEAR,A,AMZN,DAGG|AMZN|4685,2026-05-20,2026-05-20,0,2026-05-20 18:30:00+00:00,3.0,ALL_BULL_CONTROL,1085.2937309993097,37.98007546039033,254.63581082216186,254.63581082216186,263.8699951171875,9.234184295025642,273.10417941221317,282.3383637072388,255.19000244140625,268.8500061035156,268.8500061035156,1,0,0.0,217.2758049460618,222.71737158026582,217.05874619986196,222.94031189215798,0.43999905809201995,False,False,False,False,False,4686,26,271.0199890136719,0.819780836331871,-0.27073317145583975,2026-05-27 15:30:00+00:00,271.0199890136719,time,TIME,5.441566634204008,217.05874619986196,1,"[{""time"": ""2026-05-20 18:30:00+00:00"", ""price"": 263.8699951171875, ""fraction"": 0.2, ""shares"": 0.8225973025218871, ""reason"": ""starter20""}]","[{""time"": ""2026-05-27 15:30:00+00:00"", ""price"": 271.0199890136719, ""shares"": 0.8225973025218871, ""reason"": ""time""}]"
DORO_AGG_NOT_BEAR,A,ORCL,DAGG|ORCL|4685,2026-05-20,2026-05-20,0,2026-05-20 19:30:00+00:00,3.0,ALL_BULL_CONTROL,1085.3821306878933,48.860388278767275,178.14256693850854,186.5399932861328,186.5399932861328,8.397426347624275,194.9374196337571,203.33484598138136,178.8000030517578,195.17999267578125,195.17999267578125,1,0,0.0,217.29350256371623,223.02510804374205,217.07642613757866,223.2483564001422,0.44032478253772084,True,False,False,False,False,4686,26,188.75,1.245620536681032,-0.022624453582845292,2026-05-27 16:30:00+00:00,188.75,time,TIME,5.73160548002582,217.07642613757866,1,"[{""time"": ""2026-05-20 19:30:00+00:00"", ""price"": 186.5399932861328, ""fraction"": 0.2, ""shares"": 1.1636991205666345, ""reason"": ""starter20""}]","[{""time"": ""2026-05-22 13:30:00+00:00"", ""price"": 194.9374196337571, ""shares"": 0.5818495602833172, ""reason"": ""target1_partial""}, {""time"": ""2026-05-27 16:30:00+00:00"", ""price"": 188.75, ""shares"": 0.5818495602833172, ""reason"": ""time""}]"
DORO_AGG_NOT_BEAR,A,JNJ,DAGG|JNJ|4720,2026-05-28,2026-05-28,0,2026-05-28 19:30:00+00:00,3.0,ALL_BULL_CONTROL,1089.3160776908162,13.2127046364779,228.7068710892434,228.7068710892434,231.51499938964844,2.8081283004050306,234.32312769005347,237.1312559904585,229.02049255371094,235.11000061035156,235.11000061035156,1,0,0.0,218.0810787537014,215.0054539362568,217.86321553816325,215.22067461086766,0.4330838901490309,False,False,False,False,False,4721,2,231.22999572753906,0.12641720376090354,-0.2652995296119645,2026-05-29 13:30:00+00:00,228.7068710892434,stop,LOSS,-3.0756248174446057,217.86321553816325,1,"[{""time"": ""2026-05-28 19:30:00+00:00"", ""price"": 231.51499938964844, ""fraction"": 0.2, ""shares"": 0.941032832052023, ""reason"": ""starter20""}]","[{""time"": ""2026-05-29 13:30:00+00:00"", ""price"": 228.7068710892434, ""shares"": 0.941032832052023, ""reason"": ""stop""}]"
DORO_AGG_NOT_BEAR,A,NVDA,DAGG|NVDA|4720,2026-05-28,2026-05-28,0,2026-05-28 18:30:00+00:00,3.0,ALL_BULL_CONTROL,1089.4093764148329,31.087096474682753,208.24754242906081,214.36459350585938,214.36459350585938,6.11705107679856,220.48164458265794,226.5986956594565,208.77999877929688,218.17999267578125,218.17999267578125,1,0,0.0,436.19951431649906,456.5823318050917,435.76375056593315,457.039371176268,0.8928031217422011,True,True,False,False,False,4721,17,227.19000244140625,2.928765028853374,-0.5287823466629838,2026-06-02 13:30:00+00:00,226.5986956594565,target2,WIN,20.38281748859265,435.76375056593315,2,"[{""time"": ""2026-05-28 18:30:00+00:00"", ""price"": 214.36459350585938, ""fraction"": 0.2, ""shares"": 1.0164079418134462, ""reason"": ""starter20""}, {""time"": ""2026-05-29 19:30:00+00:00"", ""price"": 211.91777307513996, ""fraction"": 0.2, ""shares"": 1.028143473391974, ""reason"": ""adverse20""}]","[{""time"": ""2026-06-01 13:30:00+00:00"", ""price"": 220.48164458265794, ""shares"": 1.0222757076027102, ""reason"": ""target1_partial""}, {""time"": ""2026-06-02 13:30:00+00:00"", ""price"": 226.5986956594565, ""shares"": 1.0222757076027102, ""reason"": ""target2""}]"
DORO_AGG_NOT_BEAR,A,JPM,DAGG|JPM|4728,2026-05-29,2026-05-29,0,2026-06-01 13:30:00+00:00,3.0,ALL_BULL_CONTROL,1089.7890089634914,10.755309741586625,294.7520500883391,297.69000244140625,297.69000244140625,2.9379523530671463,300.6279547944734,303.56590714754054,295.19500732421875,305.8999938964844,305.8999938964844,1,0,0.0,1090.878797972455,1100.1628081965594,1089.7890089634914,1101.2640722688282,2.1910530812323197,True,True,True,False,False,4729,15,299.9200134277344,1.490835914421787,-0.8237075135707846,2026-06-03 13:30:00+00:00,297.69000244140625,stop,BE_STOP,9.28401022410435,1089.7890089634914,3,"[{""time"": ""2026-06-01 13:30:00+00:00"", ""price"": 297.69000244140625, ""fraction"": 0.2, ""shares"": 0.7321636602008443, ""reason"": ""starter20""}, {""time"": ""2026-06-01 13:30:00+00:00"", ""price"": 296.5148215001794, ""fraction"": 0.2, ""shares"": 0.7350654536928989, ""reason"": ""adverse20""}, {""time"": ""2026-06-01 14:30:00+00:00"", ""price"": 295.3396405589525, ""fraction"": 0.6, ""shares"": 2.21397102041768, ""reason"": ""support60""}]","[{""time"": ""2026-06-02 14:30:00+00:00"", ""price"": 300.6279547944734, ""shares"": 1.8406000671557115, ""reason"": ""target1_partial""}, {""time"": ""2026-06-03 13:30:00+00:00"", ""price"": 297.69000244140625, ""shares"": 1.8406000671557115, ""reason"": ""stop""}]"
DORO_AGG_NOT_BEAR,A,META,DAGG|META|4747,2026-06-03,2026-06-03,0,2026-06-03 17:30:00+00:00,3.0,ALL_BULL_CONTROL,1094.7276169938834,40.3653561745389,595.03943226585,617.8200073242188,617.8200073242188,22.780575058368754,640.6005823825875,663.3811574409563,596.6799926757812,635.6799926757812,635.6799926757812,1,0,0.0,219.16446892217547,222.75907695721435,218.9455233987767,222.98205901623058,0.4419275824150073,True,False,False,False,False,4748,11,623.4600219726562,1.0759170785998624,-0.028973552159958643,2026-06-05 13:30:00+00:00,617.8200073242188,stop,BE_STOP,3.594608035038874,218.9455233987767,1,"[{""time"": ""2026-06-03 17:30:00+00:00"", ""price"": 617.8200073242188, ""fraction"": 0.2, ""shares"": 0.3543839966384882, ""reason"": ""starter20""}]","[{""time"": ""2026-06-04 15:30:00+00:00"", ""price"": 640.6005823825875, ""shares"": 0.1771919983192441, ""reason"": ""target1_partial""}, {""time"": ""2026-06-05 13:30:00+00:00"", ""price"": 617.8200073242188, ""shares"": 0.1771919983192441, ""reason"": ""stop""}]"
DORO_AGG_NOT_BEAR,A,AMZN,DAGG|AMZN|4755,2026-06-04,2026-06-04,0,2026-06-04 18:30:00+00:00,3.0,ALL_BULL_CONTROL,1095.766823872764,32.52188293040451,247.1454681137792,247.1454681137792,254.7050018310547,7.559533717275485,262.2645355483302,269.82406926560566,247.7100067138672,264.1600036621094,264.1600036621094,1,0,0.0,1096.8625906966367,1080.234075798416,1095.766823872764,1081.3153911896056,2.1770822150623697,False,True,True,False,False,4756,8,248.80499267578125,0.2215749164435894,-0.9120938579457717,2026-06-05 18:30:00+00:00,247.1454681137792,stop,LOSS,-16.62851489822083,1095.766823872764,3,"[{""time"": ""2026-06-04 18:30:00+00:00"", ""price"": 254.7050018310547, ""fraction"": 0.2, ""shares"": 0.8604203419606058, ""reason"": ""starter20""}, {""time"": ""2026-06-04 19:30:00+00:00"", ""price"": 251.6811883441445, ""fraction"": 0.2, ""shares"": 0.8707578274578325, ""reason"": ""adverse20""}, {""time"": ""2026-06-05 17:30:00+00:00"", ""price"": 248.6573748572343, ""fraction"": 0.6, ""shares"": 2.644040196680821, ""reason"": ""support60""}]","[{""time"": ""2026-06-05 18:30:00+00:00"", ""price"": 247.1454681137792, ""shares"": 4.37521836609926, ""reason"": ""stop""}]"
DORO_AGG_NOT_BEAR,A,AMZN,DAGG|AMZN|4827,2026-06-18,2026-06-18,0,2026-06-22 13:30:00+00:00,3.0,ALL_BULL_CONTROL,1092.120835621247,22.905292461574437,235.44615527967272,235.44615527967272,240.49000549316406,5.043850213491339,245.5338557066554,250.57770592014674,236.02000427246094,249.50999450683594,249.50999450683594,1,0,0.0,1093.2129564568681,1080.8903752221825,1092.120835621247,1081.9723475697522,2.1740931831909993,False,True,True,False,False,4828,2,235.7100067138672,0.2993733840067236,-0.9893246789559189,2026-06-22 14:30:00+00:00,235.44615527967272,stop,LOSS,-12.322581234685686,1092.120835621247,3,"[{""time"": ""2026-06-22 13:30:00+00:00"", ""price"": 240.49000549316406, ""fraction"": 0.2, ""shares"": 0.908246339286886, ""reason"": ""starter20""}, {""time"": ""2026-06-22 13:30:00+00:00"", ""price"": 238.47246540776752, ""fraction"": 0.2, ""shares"": 0.9159303433659007, ""reason"": ""adverse20""}, {""time"": ""2026-06-22 13:30:00+00:00"", ""price"": 236.454925322371, ""fraction"": 0.6, ""shares"": 2.7712364226686415, ""reason"": ""support60""}]","[{""time"": ""2026-06-22 14:30:00+00:00"", ""price"": 235.44615527967272, ""shares"": 4.595413105321429, ""reason"": ""stop""}]"
DORO_AGG_NOT_BEAR,A,XOM,DAGG|XOM|4878,2026-07-01,2026-07-01,0,2026-07-01 16:30:00+00:00,3.0,ALL_BULL_CONTROL,1091.3738264708215,12.889611631492892,135.10527703065108,136.72000122070312,136.72000122070312,1.6147241900520442,138.33472541075517,139.9494496008072,135.3300018310547,137.49000549316406,137.49000549316406,1,0,0.0,436.98608011891696,439.7294649451534,436.54953058832865,440.16963457973316,0.8767191651680619,True,True,False,False,False,4879,7,137.9550018310547,1.4987068279860931,-0.6750356157453078,2026-07-02 15:30:00+00:00,136.72000122070312,stop,BE_STOP,2.743384826236422,436.54953058832865,2,"[{""time"": ""2026-07-01 16:30:00+00:00"", ""price"": 136.72000122070312, ""fraction"": 0.2, ""shares"": 1.5965093866683757, ""reason"": ""starter20""}, {""time"": ""2026-07-01 18:30:00+00:00"", ""price"": 136.0741115446823, ""fraction"": 0.2, ""shares"": 1.604087381621375, ""reason"": ""adverse20""}]","[{""time"": ""2026-07-02 13:30:00+00:00"", ""price"": 138.33472541075517, ""shares"": 1.6002983841448755, ""reason"": ""target1_partial""}, {""time"": ""2026-07-02 15:30:00+00:00"", ""price"": 136.72000122070312, ""shares"": 1.6002983841448755, ""reason"": ""stop""}]"
DORO_AGG_NOT_BEAR,A,INTU,DAGG|INTU|4867,2026-06-29,2026-06-29,0,2026-06-29 18:30:00+00:00,3.0,ALL_BULL_CONTROL,934.4135823993599,54.48281596871548,252.17127399409497,252.17127399409497,267.7850036621094,15.6137296680144,283.3987333301238,299.0124629981382,253.2100067138672,277.57000732421875,277.57000732421875,1,0,0.0,374.13919839270375,379.2186036951861,373.765432959744,379.5982018970832,0.7533636348568271,False,True,False,False,False,4868,26,268.7550048828125,0.6100396317221284,-0.5556019282387178,2026-07-06 15:30:00+00:00,268.7550048828125,time,TIME,5.079405302482371,373.765432959744,2,"[{""time"": ""2026-06-29 18:30:00+00:00"", ""price"": 267.7850036621094, ""fraction"": 0.2, ""shares"": 0.6978834285869132, ""reason"": ""starter20""}, {""time"": ""2026-06-30 13:30:00+00:00"", ""price"": 261.5395117949036, ""fraction"": 0.2, ""shares"": 0.7145486936078069, ""reason"": ""adverse20""}]","[{""time"": ""2026-07-06 15:30:00+00:00"", ""price"": 268.7550048828125, ""shares"": 1.41243212219472, ""reason"": ""time""}]"
DORO_AGG_NOT_BEAR,A,LLY,DAGG|LLY|4887,2026-07-02,2026-07-02,0,2026-07-02 18:30:00+00:00,3.0,ALL_BULL_CONTROL,1093.327875121813,36.795042884829236,1170.2738180296649,1170.2738180296649,1211.030029296875,40.75621126721012,1251.7862405640851,1292.5424518312952,1173.9300537109375,1234.0,1234.0,1,0,0.0,437.76848119877394,437.4083031073694,437.3311500487252,437.84614925662606,0.8751772993053513,False,True,False,False,False,4888,26,1204.239990234375,0.9426764824411009,-0.6794072023775228,2026-07-09 15:30:00+00:00,1204.239990234375,time,TIME,-0.36017809140452073,437.3311500487252,2,"[{""time"": ""2026-07-02 18:30:00+00:00"", ""price"": 1211.030029296875, ""fraction"": 0.2, ""shares"": 0.18056164565243688, ""reason"": ""starter20""}, {""time"": ""2026-07-06 13:30:00+00:00"", ""price"": 1194.727544789991, ""fraction"": 0.2, ""shares"": 0.1830254738646706, ""reason"": ""adverse20""}]","[{""time"": ""2026-07-09 15:30:00+00:00"", ""price"": 1204.239990234375, ""shares"": 0.3635871195171075, ""reason"": ""time""}]"
DORO_AGG_NOT_BEAR,A,JNJ,DAGG|JNJ|4893,2026-07-06,2026-07-06,0,2026-07-06 17:30:00+00:00,3.0,ALL_BULL_CONTROL,1091.4937181364635,34.13146096497731,250.56190138291322,258.6499938964844,258.6499938964844,8.088092513571155,266.73808641005553,274.8261789236267,251.0749969482422,263.1000061035156,263.1000061035156,1,0,0.0,218.51704237092,221.49017783406663,218.2987436272927,221.71188972379042,0.44001063335108315,True,False,False,False,False,4894,23,259.3299865722656,1.332823377231272,-0.08407330586788889,2026-07-09 18:30:00+00:00,258.6499938964844,stop,BE_STOP,2.973135463146633,218.2987436272927,1,"[{""time"": ""2026-07-06 17:30:00+00:00"", ""price"": 258.6499938964844, ""fraction"": 0.2, ""shares"": 0.8439928427551371, ""reason"": ""starter20""}]","[{""time"": ""2026-07-07 13:30:00+00:00"", ""price"": 266.73808641005553, ""shares"": 0.42199642137756854, ""reason"": ""target1_partial""}, {""time"": ""2026-07-09 18:30:00+00:00"", ""price"": 258.6499938964844, ""shares"": 0.42199642137756854, ""reason"": ""stop""}]"
DORO_AGG_NOT_BEAR,A,WMT,DAGG|WMT|4894,2026-07-06,2026-07-06,0,2026-07-06 17:30:00+00:00,3.0,ALL_BULL_CONTROL,1091.450058387738,34.05469326952486,107.00381016325223,110.44999694824219,110.44999694824219,3.446186784989962,113.89618373323215,117.34237051822211,107.25,113.93000030517578,113.93000030517578,1,0,0.0,218.50830168922514,224.70192260476895,218.2900116775476,224.9268494542232,0.4432168611317708,True,False,False,False,False,4895,26,113.72000122070312,1.0011078310274375,-0.04932935431293161,2026-07-10 14:30:00+00:00,113.72000122070312,time,TIME,6.193620915543818,218.2900116775476,1,"[{""time"": ""2026-07-06 17:30:00+00:00"", ""price"": 110.44999694824219, ""fraction"": 0.2, ""shares"": 1.9763695582521397, ""reason"": ""starter20""}]","[{""time"": ""2026-07-10 14:30:00+00:00"", ""price"": 113.89618373323215, ""shares"": 0.9881847791260698, ""reason"": ""target1_partial""}, {""time"": ""2026-07-10 14:30:00+00:00"", ""price"": 113.72000122070312, ""shares"": 0.9881847791260698, ""reason"": ""time""}]"
DORO_AGG_NOT_BEAR,A,QCOM,DAGG|QCOM|4921,2026-07-10,2026-07-10,0,2026-07-10 16:30:00+00:00,3.0,ALL_BULL_CONTROL,1025.9811693416332,54.646923688489416,179.0184795216861,179.0184795216861,189.08999633789062,10.071516816204536,199.16151315409516,209.2330299702997,179.7899932861328,196.08999633789062,196.08999633789062,1,0,0.0,1027.007150510975,1000.5004077352008,1025.9811693416332,1001.5019096448457,2.027483078986479,False,True,True,False,False,4922,14,182.66000366210938,0.10921950720925905,-0.9998486076325271,2026-07-14 15:30:00+00:00,179.0184795216861,stop,LOSS,-26.506742775774114,1025.9811693416332,3,"[{""time"": ""2026-07-10 16:30:00+00:00"", ""price"": 189.08999633789062, ""fraction"": 0.2, ""shares"": 1.0851776288664965, ""reason"": ""starter20""}, {""time"": ""2026-07-13 13:30:00+00:00"", ""price"": 185.0613896114088, ""fraction"": 0.2, ""shares"": 1.1088008919591328, ""reason"": ""adverse20""}, {""time"": ""2026-07-14 13:30:00+00:00"", ""price"": 181.032782884927, ""fraction"": 0.6, ""shares"": 3.400426661928283, ""reason"": ""support60""}]","[{""time"": ""2026-07-14 15:30:00+00:00"", ""price"": 179.0184795216861, ""shares"": 5.594405182753912, ""reason"": ""stop""}]"
DORO_AGG_NOT_BEAR,A,MSFT,DAGG|MSFT|4921,2026-07-10,2026-07-10,0,2026-07-10 16:30:00+00:00,3.0,ALL_BULL_CONTROL,1092.9821930575106,34.13286235794908,372.5553792477316,384.56500244140625,384.56500244140625,12.009623193674656,396.5746256350809,408.58424882875556,373.3500061035156,394.8500061035156,394.8500061035156,1,0,0.0,437.6300701002273,452.9040573791128,437.19287722300425,453.35741479390674,0.8905502920169109,True,True,False,False,False,4922,26,395.9800109863281,1.1986212041401572,-0.4925224088660208,2026-07-16 13:30:00+00:00,395.9800109863281,time,TIME,15.273987278885556,437.19287722300425,2,"[{""time"": ""2026-07-10 16:30:00+00:00"", ""price"": 384.56500244140625, ""fraction"": 0.2, ""shares"": 0.568425200483001, ""reason"": ""starter20""}, {""time"": ""2026-07-14 13:30:00+00:00"", ""price"": 379.7611531639364, ""fraction"": 0.2, ""shares"": 0.5756155857182627, ""reason"": ""adverse20""}]","[{""time"": ""2026-07-15 13:30:00+00:00"", ""price"": 396.5746256350809, ""shares"": 0.5720203931006318, ""reason"": ""target1_partial""}, {""time"": ""2026-07-16 13:30:00+00:00"", ""price"": 395.9800109863281, ""shares"": 0.5720203931006318, ""reason"": ""time""}]"
DORO_AGG_NOT_BEAR,A,QCOM,DAGG|QCOM|4968,2026-07-21,2026-07-21,0,2026-07-21 14:30:00+00:00,3.0,ALL_BULL_CONTROL,1090.7356419581326,52.55384394727881,164.29806625263393,164.29806625263393,172.61500549316406,8.316939240530132,180.9319447336942,189.24888397422433,165.0,177.97999572753906,177.97999572753906,1,0,0.0,1091.8263776000908,1082.046636087334,1090.7356419581326,1083.1297658531873,2.17386540781132,False,True,True,False,False,4969,26,166.7449951171875,0.7256261262449278,-0.8025792733015492,2026-07-24 18:30:00+00:00,166.7449951171875,time,TIME,-9.7797415127568,1090.7356419581326,3,"[{""time"": ""2026-07-21 14:30:00+00:00"", ""price"": 172.61500549316406, ""fraction"": 0.2, ""shares"": 1.263778474926768, ""reason"": ""starter20""}, {""time"": ""2026-07-23 14:30:00+00:00"", ""price"": 169.288229796952, ""fraction"": 0.2, ""shares"": 1.2886136777097674, ""reason"": ""adverse20""}, {""time"": ""2026-07-24 18:30:00+00:00"", ""price"": 165.96145410073996, ""fraction"": 0.6, ""shares"": 3.943333641663734, ""reason"": ""support60""}]","[{""time"": ""2026-07-24 18:30:00+00:00"", ""price"": 166.7449951171875, ""shares"": 6.49572579430027, ""reason"": ""time""}]"
DORO_AGG_NOT_BEAR,A,NVDA,DAGG|NVDA|4984,2026-07-23,2026-07-23,0,2026-07-23 16:30:00+00:00,3.0,ALL_BULL_CONTROL,1090.2352355719374,41.592769722137035,201.64217659447127,201.64217659447127,209.63999938964844,7.997822795177171,217.6378221848256,225.63564498000278,202.27999877929688,214.38999938964844,214.38999938964844,1,0,0.0,436.5301883230038,422.2843553332325,436.094094228775,422.7070623956281,0.8588011566244032,False,True,False,False,False,4985,12,208.11000061035156,0.28381442288347375,-0.6039145846001069,2026-07-27 13:30:00+00:00,201.64217659447127,stop,LOSS,-14.245832989771316,436.094094228775,2,"[{""time"": ""2026-07-23 16:30:00+00:00"", ""price"": 209.63999938964844, ""fraction"": 0.2, ""shares"": 1.0401023075234477, ""reason"": ""starter20""}, {""time"": ""2026-07-24 13:30:00+00:00"", ""price"": 206.44087027157758, ""fraction"": 0.2, ""shares"": 1.0562203444867373, ""reason"": ""adverse20""}]","[{""time"": ""2026-07-27 13:30:00+00:00"", ""price"": 201.64217659447127, ""shares"": 2.096322652010185, ""reason"": ""stop""}]"
DORO_AGG_NOT_BEAR,A,XOM,DAGG|XOM|5018,2026-07-30,2026-07-30,0,2026-07-30 16:30:00+00:00,3.0,ALL_BULL_CONTROL,1085.930527057627,29.252779349300344,151.53494356759234,151.53494356759234,155.72999572753906,4.1950521599467265,159.9250478874858,164.12010004743252,151.875,159.07220458984375,159.07220458984375,1,0,0.0,1087.0164575846848,1071.8708086419706,1085.930527057627,1072.943752394365,2.158874279451992,False,True,True,False,False,5019,19,151.6199951171875,0.48867164783568406,-0.8557691778345409,2026-08-04 13:30:00+00:00,151.53494356759234,stop,LOSS,-15.14564894271416,1085.930527057627,3,"[{""time"": ""2026-07-30 16:30:00+00:00"", ""price"": 155.72999572753906, ""fraction"": 0.2, ""shares"": 1.3946324495603806, ""reason"": ""starter20""}, {""time"": ""2026-07-31 13:30:00+00:00"", ""price"": 154.05197486356036, ""fraction"": 0.2, ""shares"": 1.4098235715827805, ""reason"": ""adverse20""}, {""time"": ""2026-07-31 13:30:00+00:00"", ""price"": 152.3739539995817, ""fraction"": 0.6, ""shares"": 4.276047835815595, ""reason"": ""support60""}]","[{""time"": ""2026-08-04 13:30:00+00:00"", ""price"": 151.53494356759234, ""shares"": 7.080503856958756, ""reason"": ""stop""}]"
DORO_AGG_NOT_BEAR,A,MA,DAGG|MA|5025,2026-07-31,2026-07-31,0,2026-07-31 16:30:00+00:00,3.0,ALL_BULL_CONTROL,1086.5359449748532,33.90955769206222,553.606006410297,553.606006410297,571.4400024414062,17.833996031109223,589.2739984725155,607.1079945036247,554.9151000976562,582.6199951171875,582.6199951171875,1,0,0.0,435.04899236793125,434.64557566091344,434.6143779899413,435.08065631723065,0.869695034307172,False,True,False,False,False,5026,26,568.4600219726562,0.6879513081104128,-0.41718089588155544,2026-08-06 13:30:00+00:00,568.4600219726562,time,TIME,-0.4034167070178114,434.6143779899413,2,"[{""time"": ""2026-07-31 16:30:00+00:00"", ""price"": 571.4400024414062, ""fraction"": 0.2, ""shares"": 0.380279973516997, ""reason"": ""starter20""}, {""time"": ""2026-08-04 13:30:00+00:00"", ""price"": 564.3064040289626, ""fraction"": 0.2, ""shares"": 0.3850872282211732, ""reason"": ""adverse20""}]","[{""time"": ""2026-08-06 13:30:00+00:00"", ""price"": 568.4600219726562, ""shares"": 0.7653672017381702, ""reason"": ""time""}]"
DORO_AGG_NOT_BEAR,A,V,DAGG|V|5034,2026-08-03,2026-08-03,0,2026-08-03 18:30:00+00:00,3.0,ALL_BULL_CONTROL,1087.950478246524,19.747928974442765,359.454743232978,359.454743232978,366.1000061035156,6.6452628705376355,372.74526897405326,379.3905318445909,360.1000061035156,371.9700012207031,371.9700012207031,1,0,0.0,1089.0384287247705,1092.512574675618,1087.950478246524,1093.6061808564746,2.1815566591029985,False,True,True,False,False,5035,26,364.25,0.9480419233526949,-0.9049470212089922,2026-08-07 15:30:00+00:00,364.25,time,TIME,3.4741459508475145,1087.950478246524,3,"[{""time"": ""2026-08-03 18:30:00+00:00"", ""price"": 366.1000061035156, ""fraction"": 0.2, ""shares"": 0.5943460585132596, ""reason"": ""starter20""}, {""time"": ""2026-08-04 13:30:00+00:00"", ""price"": 363.4419009553006, ""fraction"": 0.2, ""shares"": 0.5986929274730655, ""reason"": ""adverse20""}, {""time"": ""2026-08-04 13:30:00+00:00"", ""price"": 360.78379580708554, ""fraction"": 0.6, ""shares"": 1.8093115448481967, ""reason"": ""support60""}]","[{""time"": ""2026-08-07 15:30:00+00:00"", ""price"": 364.25, ""shares"": 3.002350530834522, ""reason"": ""time""}]"
DORO_AGG_NOT_BEAR,A,XOM,DAGG|XOM|5060,2026-08-07,2026-08-07,0,2026-08-07 16:30:00+00:00,3.0,ALL_BULL_CONTROL,1083.2256773310708,18.465912261410185,150.83411159816305,153.4499969482422,153.4499969482422,2.6158853500791395,156.06588229832133,158.68176764840047,151.1501007080078,155.0399932861328,155.0399932861328,1,0,0.0,433.72356120336076,445.4493727759231,433.2902709324283,445.8952680439671,0.8791855389763954,True,True,False,False,False,5061,8,158.1699981689453,2.1849082033272786,-0.49696484278964403,2026-08-10 16:30:00+00:00,158.68176764840047,target2,WIN,11.72581157256235,433.2902709324283,2,"[{""time"": ""2026-08-07 16:30:00+00:00"", ""price"": 153.4499969482422, ""fraction"": 0.2, ""shares"": 1.411828867870798, ""reason"": ""starter20""}, {""time"": ""2026-08-07 18:30:00+00:00"", ""price"": 152.40364280821052, ""fraction"": 0.2, ""shares"": 1.42152202843896, ""reason"": ""adverse20""}]","[{""time"": ""2026-08-10 13:30:00+00:00"", ""price"": 156.06588229832133, ""shares"": 1.4166754481548791, ""reason"": ""target1_partial""}, {""time"": ""2026-08-10 16:30:00+00:00"", ""price"": 158.68176764840047, ""shares"": 1.4166754481548791, ""reason"": ""target2""}]"
DORO_AGG_NOT_BEAR,A,WMT,DAGG|WMT|5044,2026-08-04,2026-08-04,0,2026-08-05 13:30:00+00:00,3.0,ALL_BULL_CONTROL,1089.7694272974138,40.83142207533565,108.37629779293596,108.37629779293596,112.59500122070312,4.218703427767167,116.81370464847029,121.03240807623746,108.55999755859375,113.29000091552734,113.29000091552734,1,0,0.0,436.3436786898845,436.05683086546253,435.9077709189655,436.4933241896522,0.8724010951086177,False,True,False,False,False,5045,26,111.8949966430664,0.4657820516505562,-0.49659836406465435,2026-08-10 17:30:00+00:00,111.8949966430664,time,TIME,-0.28684782442195456,435.9077709189655,2,"[{""time"": ""2026-08-05 13:30:00+00:00"", ""price"": 112.59500122070312, ""fraction"": 0.2, ""shares"": 1.935733230574423, ""reason"": ""starter20""}, {""time"": ""2026-08-07 13:30:00+00:00"", ""price"": 110.90751984959626, ""fraction"": 0.2, ""shares"": 1.9651858210791664, ""reason"": ""adverse20""}]","[{""time"": ""2026-08-10 17:30:00+00:00"", ""price"": 111.8949966430664, ""shares"": 3.9009190516535894, ""reason"": ""time""}]"
DORO_AGG_NOT_BEAR,A,INTU,DAGG|INTU|5066,2026-08-10,2026-08-10,0,2026-08-10 14:30:00+00:00,3.0,ALL_BULL_CONTROL,1085.0312018995664,45.60657231106814,315.05635658763583,315.05635658763583,328.8800048828125,13.823648295176667,342.70365317798917,356.52730147316583,316.04998779296875,336.2149963378906,336.2149963378906,1,0,0.0,217.2232466202932,219.71926855711786,217.0062403799133,219.93920776488275,0.4369454481447961,False,False,False,False,False,5067,6,333.32501220703125,0.3942506039707858,-0.06919392267131248,2026-08-10 19:30:00+00:00,333.32501220703125,eod_final,TIME,2.4960219368246612,217.0062403799133,1,"[{""time"": ""2026-08-10 14:30:00+00:00"", ""price"": 328.8800048828125, ""fraction"": 0.2, ""shares"": 0.6598340949831766, ""reason"": ""starter20""}]","[{""time"": ""2026-08-10 19:30:00+00:00"", ""price"": 333.32501220703125, ""shares"": 0.6598340949831766, ""reason"": ""eod_final""}]"
