time,equity,cash,open_positions,drawdown
2023-09-12 13:30:00+00:00,5000.0,5000.0,0,0.0
2023-09-12 14:30:00+00:00,5000.0,5000.0,0,0.0
2023-09-12 15:30:00+00:00,5000.0,5000.0,0,0.0
2023-09-12 16:30:00+00:00,5000.0,5000.0,0,0.0
2023-09-12 17:30:00+00:00,5000.0,5000.0,0,0.0
2023-09-12 18:30:00+00:00,5000.0,5000.0,0,0.0
2023-09-12 19:30:00+00:00,5000.0,5000.0,0,0.0
2023-09-13 13:30:00+00:00,5000.0,5000.0,0,0.0
2023-09-13 14:30:00+00:00,5000.0,5000.0,0,0.0
2023-09-13 15:30:00+00:00,5000.0,5000.0,0,0.0
2023-09-13 16:30:00+00:00,5000.0,5000.0,0,0.0
2023-09-13 17:30:00+00:00,5000.0,5000.0,0,0.0
2023-09-13 18:30:00+00:00,5000.0,5000.0,0,0.0
2023-09-13 19:30:00+00:00,5000.0,5000.0,0,0.0
2023-09-14 13:30:00+00:00,5000.0,5000.0,0,0.0
2023-09-14 14:30:00+00:00,5000.0,5000.0,0,0.0
2023-09-14 15:30:00+00:00,5000.0,5000.0,0,0.0
2023-09-14 16:30:00+00:00,5000.0,5000.0,0,0.0
2023-09-14 17:30:00+00:00,5000.0,5000.0,0,0.0
2023-09-14 18:30:00+00:00,5000.0,5000.0,0,0.0
2023-09-14 19:30:00+00:00,5000.0,5000.0,0,0.0
2023-09-15 13:30:00+00:00,5000.0,5000.0,0,0.0
2023-09-15 14:30:00+00:00,5000.0,5000.0,0,0.0
2023-09-15 15:30:00+00:00,5000.0,5000.0,0,0.0
2023-09-15 16:30:00+00:00,5000.0,5000.0,0,0.0
2023-09-15 17:30:00+00:00,5000.0,5000.0,0,0.0
2023-09-15 18:30:00+00:00,5000.0,5000.0,0,0.0
2023-09-15 19:30:00+00:00,5000.0,5000.0,0,0.0
2023-09-18 13:30:00+00:00,5000.0,5000.0,0,0.0
2023-09-18 14:30:00+00:00,5000.0,5000.0,0,0.0
2023-09-18 15:30:00+00:00,5000.0,5000.0,0,0.0
2023-09-18 16:30:00+00:00,5000.0,5000.0,0,0.0
2023-09-18 17:30:00+00:00,5000.0,5000.0,0,0.0
2023-09-18 18:30:00+00:00,5000.0,5000.0,0,0.0
2023-09-18 19:30:00+00:00,5000.0,5000.0,0,0.0
2023-09-19 13:30:00+00:00,5000.0,5000.0,0,0.0
2023-09-19 14:30:00+00:00,5000.0,5000.0,0,0.0
2023-09-19 15:30:00+00:00,5000.0,5000.0,0,0.0
2023-09-19 16:30:00+00:00,5000.0,5000.0,0,0.0
2023-09-19 17:30:00+00:00,5000.0,5000.0,0,0.0
2023-09-19 18:30:00+00:00,5000.0,5000.0,0,0.0
2023-09-19 19:30:00+00:00,5000.0,5000.0,0,0.0
2023-09-20 13:30:00+00:00,5000.0,5000.0,0,0.0
2023-09-20 14:30:00+00:00,5000.0,5000.0,0,0.0
2023-09-20 15:30:00+00:00,5000.0,5000.0,0,0.0
2023-09-20 16:30:00+00:00,5000.0,5000.0,0,0.0
2023-09-20 17:30:00+00:00,4999.466273676574,4799.4,1,0.00010674526468523737
2023-09-20 18:30:00+00:00,4993.442786802602,4197.639989679643,2,0.0013114426394795764
2023-09-20 19:30:00+00:00,4979.5493407102385,2994.0999741991072,2,0.004090131857952262
2023-09-21 13:30:00+00:00,4946.489374930979,4946.489374930979,0,0.010702125013804298
2023-09-21 14:30:00+00:00,4946.489374930979,4946.489374930979,0,0.010702125013804298
2023-09-21 15:30:00+00:00,4946.489374930979,4946.489374930979,0,0.010702125013804298
2023-09-21 16:30:00+00:00,4946.489374930979,4946.489374930979,0,0.010702125013804298
2023-09-21 17:30:00+00:00,4946.489374930979,4946.489374930979,0,0.010702125013804298
2023-09-21 18:30:00+00:00,4946.489374930979,4946.489374930979,0,0.010702125013804298
2023-09-21 19:30:00+00:00,4946.489374930979,4946.489374930979,0,0.010702125013804298
2023-09-22 13:30:00+00:00,4946.489374930979,4946.489374930979,0,0.010702125013804298
2023-09-22 14:30:00+00:00,4946.489374930979,4946.489374930979,0,0.010702125013804298
2023-09-22 15:30:00+00:00,4946.489374930979,4946.489374930979,0,0.010702125013804298
2023-09-22 16:30:00+00:00,4946.489374930979,4946.489374930979,0,0.010702125013804298
2023-09-22 17:30:00+00:00,4946.489374930979,4946.489374930979,0,0.010702125013804298
2023-09-22 18:30:00+00:00,4946.489374930979,4946.489374930979,0,0.010702125013804298
2023-09-22 19:30:00+00:00,4943.56106682214,4549.606881864964,2,0.011287786635572061
2023-09-25 13:30:00+00:00,4946.425668378501,3755.8895244898276,2,0.010714866324299854
2023-09-25 14:30:00+00:00,4953.387512809525,3755.8895244898276,2,0.00932249743809499
2023-09-25 15:30:00+00:00,4950.277438498364,3755.8895244898276,2,0.009944512300327224
2023-09-25 16:30:00+00:00,4950.366787277811,3755.8895244898276,2,0.009926642544437758
2023-09-25 17:30:00+00:00,4952.6769480587545,3755.8895244898276,2,0.009464610388249084
2023-09-25 18:30:00+00:00,4953.9398666345905,3755.8895244898276,2,0.009212026673081852
2023-09-25 19:30:00+00:00,4958.300433129144,3755.8895244898276,2,0.00833991337417117
2023-09-26 13:30:00+00:00,4944.254884932877,3755.8895244898276,2,0.011149023013424575
2023-09-26 14:30:00+00:00,4946.4572240068555,3755.8895244898276,2,0.0107085551986289
2023-09-26 15:30:00+00:00,4950.462134864718,3755.8895244898276,2,0.009907573027056471
2023-09-26 16:30:00+00:00,4944.632023473965,3755.8895244898276,2,0.011073595305207018
2023-09-26 17:30:00+00:00,4944.645059856907,3557.4363707675966,2,0.011070988028618611
2023-09-26 18:30:00+00:00,4947.34373847793,3557.4363707675966,2,0.010531252304413985
2023-09-26 19:30:00+00:00,4947.892926251219,3557.4363707675966,2,0.010421414749756108
2023-09-27 13:30:00+00:00,4952.5671657363,3557.4363707675966,2,0.009486566852739964
2023-09-27 14:30:00+00:00,4951.166384218254,3557.4363707675966,2,0.009766723156349189
2023-09-27 15:30:00+00:00,4945.667592553261,3557.4363707675966,2,0.010866481489347879
2023-09-27 16:30:00+00:00,4935.22591617048,3557.4363707675966,2,0.012954816765904043
2023-09-27 17:30:00+00:00,4920.396714225966,4530.009752316664,1,0.015920657154806728
2023-09-27 18:30:00+00:00,4924.817100404649,4332.589818129864,2,0.015036579919070259
2023-09-27 19:30:00+00:00,4923.550352454214,4332.589818129864,2,0.015289929509157307
2023-09-28 13:30:00+00:00,4925.417196542248,4135.169883943065,2,0.01491656069155034
2023-09-28 14:30:00+00:00,4933.13637822216,4135.169883943065,2,0.013372724355568022
2023-09-28 15:30:00+00:00,4939.7912812868035,4334.975260525154,2,0.012041743742639333
2023-09-28 16:30:00+00:00,4935.3738761863215,4735.084510576285,1,0.01292522476273572
2023-09-28 17:30:00+00:00,4934.9980773601665,4735.084510576285,1,0.013000384527966702
2023-09-28 18:30:00+00:00,4935.469281694397,4735.084510576285,1,0.01290614366112064
2023-09-28 19:30:00+00:00,4933.405271635648,4537.073561188242,2,0.013318945672870397
2023-09-29 13:30:00+00:00,4939.295311644609,4739.849454827968,1,0.012140937671078267
2023-09-29 14:30:00+00:00,4938.968007507297,4739.849454827968,1,0.01220639849854055
2023-09-29 15:30:00+00:00,4939.358075741862,4739.849454827968,1,0.012128384851627594
2023-09-29 16:30:00+00:00,4938.159965243325,4739.849454827968,1,0.012368006951334998
2023-09-29 17:30:00+00:00,4937.751395294404,4739.849454827968,1,0.012449720941119291
2023-09-29 18:30:00+00:00,4938.228379450035,4739.849454827968,1,0.012354324109992931
2023-09-29 19:30:00+00:00,4937.9898873722195,4739.849454827968,1,0.012402022525556111
2023-10-02 13:30:00+00:00,4939.590285664079,4739.849454827968,1,0.012081942867184225
2023-10-02 14:30:00+00:00,4940.749736051456,4840.032062779216,1,0.011850052789708743
2023-10-02 15:30:00+00:00,4940.002887345839,4840.032062779216,1,0.011999422530832304
2023-10-02 16:30:00+00:00,4939.993473688895,4840.032062779216,1,0.012001305262220874
2023-10-02 17:30:00+00:00,4940.009169501438,4840.032062779216,1,0.011998166099712382
2023-10-02 18:30:00+00:00,4939.999904664561,4641.83839120286,2,0.012000019067087808
2023-10-02 19:30:00+00:00,4941.232071609976,4641.83839120286,2,0.011753585678004885
2023-10-03 13:30:00+00:00,4934.455454089017,4443.644719626504,2,0.013108909182196649
2023-10-03 14:30:00+00:00,4932.482500135835,4542.057938240601,1,0.013503499972833066
2023-10-03 15:30:00+00:00,4933.824022347442,4542.057938240601,1,0.013235195530511557
2023-10-03 16:30:00+00:00,4932.30419181367,4344.1119905495525,2,0.013539161637266095
2023-10-03 17:30:00+00:00,4932.430975184532,4344.1119905495525,2,0.013513804963093623
2023-10-03 18:30:00+00:00,4930.449446090889,4344.1119905495525,2,0.013910110781822138
2023-10-03 19:30:00+00:00,4932.929317239063,4344.1119905495525,2,0.013414136552187483
2023-10-04 13:30:00+00:00,4934.655787922092,4146.166042858504,2,0.013068842415581594
2023-10-04 14:30:00+00:00,4939.852778362498,4146.166042858504,2,0.012029444327500416
2023-10-04 15:30:00+00:00,4942.330440825315,4146.166042858504,2,0.011533911834936905
2023-10-04 16:30:00+00:00,4941.146955428762,4146.166042858504,2,0.011770608914247527
2023-10-04 17:30:00+00:00,4939.966471642445,4146.166042858504,2,0.012006705671510964
2023-10-04 18:30:00+00:00,4945.119451593542,4146.166042858504,2,0.01097610968129159
2023-10-04 19:30:00+00:00,4943.3628252919425,3749.383859857379,4,0.01132743494161148
2023-10-05 13:30:00+00:00,4937.604875114115,3551.0046725365573,4,0.012479024977177011
2023-10-05 14:30:00+00:00,4934.190762412166,3551.0046725365573,4,0.013161847517566772
2023-10-05 15:30:00+00:00,4939.74582235792,3551.0046725365573,4,0.012050835528416015
2023-10-05 16:30:00+00:00,4938.169998732593,3551.0046725365573,4,0.012366000253481446
2023-10-05 17:30:00+00:00,4943.390967582838,3750.9239375762104,4,0.011321806483432395
2023-10-05 18:30:00+00:00,4944.237881074952,3750.9239375762104,4,0.011152423785009469
2023-10-05 19:30:00+00:00,4943.864592310231,3750.9239375762104,4,0.01122708153795371
2023-10-06 13:30:00+00:00,4946.296699173381,3346.7243666372324,3,0.010740660165323823
2023-10-06 14:30:00+00:00,4959.467663425334,3346.7243666372324,3,0.008106467314933252
2023-10-06 15:30:00+00:00,4969.728821947313,3957.2440103600543,1,0.006054235610537417
2023-10-06 16:30:00+00:00,4974.066427117893,3957.2440103600543,1,0.005186714576421392
2023-10-06 17:30:00+00:00,4974.427921793614,3957.2440103600543,1,0.005114415641277237
2023-10-06 18:30:00+00:00,4975.729280563668,3957.2440103600543,1,0.004854143887266349
2023-10-06 19:30:00+00:00,4971.536185013227,3957.2440103600543,1,0.005692762997354661
2023-10-09 13:30:00+00:00,4963.583743398132,3957.2440103600543,1,0.007283251320373552
2023-10-09 14:30:00+00:00,4964.668227425293,3957.2440103600543,1,0.007066354514941531
2023-10-09 15:30:00+00:00,4964.089858006679,3957.2440103600543,1,0.00718202839866422
2023-10-09 16:30:00+00:00,4967.999248891677,3558.9348413970906,3,0.0064001502216646244
2023-10-09 17:30:00+00:00,4977.829269950389,3558.9348413970906,3,0.004434146009922202
2023-10-09 18:30:00+00:00,4976.515225428897,3558.9348413970906,3,0.004696954914220619
2023-10-09 19:30:00+00:00,4974.178423615776,3558.9348413970906,3,0.005164315276844689
2023-10-10 13:30:00+00:00,4984.639999330213,3659.9564886181,3,0.0030720001339573644
2023-10-10 14:30:00+00:00,4993.898022725797,3659.9564886181,3,0.0012203954548405394
2023-10-10 15:30:00+00:00,4994.376161614706,3761.457947929579,3,0.0011247676770588244
2023-10-10 16:30:00+00:00,4980.700196915646,4777.248062532526,2,0.0038599606168707723
2023-10-10 17:30:00+00:00,4980.452359320236,4777.248062532526,2,0.003909528135952911
2023-10-10 18:30:00+00:00,4980.360139070131,4777.248062532526,2,0.003927972185973849
2023-10-10 19:30:00+00:00,4980.320191968416,4777.248062532526,2,0.003935961606316818
2023-10-11 13:30:00+00:00,4978.15911635029,4876.223738796706,1,0.004368176729942053
2023-10-11 14:30:00+00:00,4978.37504673914,4876.223738796706,1,0.004324990652171956
2023-10-11 15:30:00+00:00,4978.504595387792,4876.223738796706,1,0.004299080922441689
2023-10-11 16:30:00+00:00,4978.547786257891,4876.223738796706,1,0.00429044274842183
2023-10-11 17:30:00+00:00,4978.8565919934845,4876.223738796706,1,0.004228681601303075
2023-10-11 18:30:00+00:00,4979.285840951578,4876.223738796706,1,0.004142831809684333
2023-10-11 19:30:00+00:00,4979.279478467973,4979.279478467973,0,0.004144104306405438
2023-10-12 13:30:00+00:00,4979.279478467973,4979.279478467973,0,0.004144104306405438
2023-10-12 14:30:00+00:00,4979.279478467973,4979.279478467973,0,0.004144104306405438
2023-10-12 15:30:00+00:00,4979.279478467973,4979.279478467973,0,0.004144104306405438
2023-10-12 16:30:00+00:00,4979.279478467973,4979.279478467973,0,0.004144104306405438
2023-10-12 17:30:00+00:00,4979.279478467973,4979.279478467973,0,0.004144104306405438
2023-10-12 18:30:00+00:00,4979.279478467973,4979.279478467973,0,0.004144104306405438
2023-10-12 19:30:00+00:00,4978.700442770057,4779.510785791837,1,0.0042599114459886955
2023-10-13 13:30:00+00:00,4971.696488844532,4771.966982743255,1,0.005660702231093606
2023-10-13 14:30:00+00:00,4969.744669558748,4572.19829006712,1,0.006051066088250456
2023-10-13 15:30:00+00:00,4970.300528658393,4572.19829006712,1,0.005939894268321422
2023-10-13 16:30:00+00:00,4967.744807465595,4395.962459443468,2,0.006451038506881002
2023-10-13 17:30:00+00:00,4968.506881919776,4395.962459443468,2,0.0062986236160448295
2023-10-13 18:30:00+00:00,4969.464637008837,4395.962459443468,2,0.006107072598232621
2023-10-13 19:30:00+00:00,4969.567176604035,4395.962459443468,2,0.006086564679192996
2023-10-16 13:30:00+00:00,4974.82095149584,4597.138343429086,2,0.005035809700832061
2023-10-16 14:30:00+00:00,4973.9262140697465,4397.5499701661665,3,0.005214757186050689
2023-10-16 15:30:00+00:00,4974.367137915778,4197.9615969032475,3,0.005126572416844444
2023-10-16 16:30:00+00:00,4971.567800350233,4197.9615969032475,3,0.005686439929953435
2023-10-16 17:30:00+00:00,4970.9559725501895,4197.9615969032475,3,0.005808805489962099
2023-10-16 18:30:00+00:00,4973.5739673093885,4197.9615969032475,3,0.005285206538122256
2023-10-16 19:30:00+00:00,4973.454062062867,4197.9615969032475,3,0.0053091875874266
2023-10-17 13:30:00+00:00,4967.659742194448,4396.69265860217,2,0.006468051561110411
2023-10-17 14:30:00+00:00,4968.519760130181,4396.69265860217,2,0.006296047973963881
2023-10-17 15:30:00+00:00,4972.545625144751,4396.69265860217,2,0.0054908749710497196
2023-10-17 16:30:00+00:00,4970.3378594503965,4396.69265860217,2,0.005932428109920673
2023-10-17 17:30:00+00:00,4967.259109647301,4396.69265860217,2,0.006548178070539867
2023-10-17 18:30:00+00:00,4966.953364888471,4396.69265860217,2,0.0066093270223058775
2023-10-17 19:30:00+00:00,4968.448008688675,4396.69265860217,2,0.006310398262264982
2023-10-18 13:30:00+00:00,4967.678338541313,4396.69265860217,2,0.006464332291737485
2023-10-18 14:30:00+00:00,4965.4668733274975,4396.69265860217,2,0.0069066253345004824
2023-10-18 15:30:00+00:00,4964.226055067545,4396.69265860217,2,0.007154788986491023
2023-10-18 16:30:00+00:00,4966.012683038074,4396.69265860217,2,0.0067974633923851835
2023-10-18 17:30:00+00:00,4963.182315891007,4197.45527810781,3,0.0073635368217984665
2023-10-18 18:30:00+00:00,4960.900680027391,4197.45527810781,3,0.007819863994521836
2023-10-18 19:30:00+00:00,4961.71262026231,3399.452777824692,3,0.007657475947537962
2023-10-19 13:30:00+00:00,4939.165738315467,3557.1760557641646,2,0.01216685233690662
2023-10-19 14:30:00+00:00,4943.107888896724,2959.4639142810847,2,0.011378422220655215
2023-10-19 15:30:00+00:00,4944.260743893015,2959.4639142810847,2,0.011147851221396943
2023-10-19 16:30:00+00:00,4951.952724109045,2959.4639142810847,2,0.009609455178190895
2023-10-19 17:30:00+00:00,4947.025042262356,2959.4639142810847,2,0.010594991547528854
2023-10-19 18:30:00+00:00,4934.36889424554,3944.7398488469926,1,0.013126221150892015
2023-10-19 19:30:00+00:00,4933.997751675794,3944.7398488469926,1,0.01320044966484124
2023-10-20 13:30:00+00:00,4927.144816782454,4927.144816782454,0,0.014571036643509228
2023-10-20 14:30:00+00:00,4927.144816782454,4927.144816782454,0,0.014571036643509228
2023-10-20 15:30:00+00:00,4927.144816782454,4927.144816782454,0,0.014571036643509228
2023-10-20 16:30:00+00:00,4927.144816782454,4927.144816782454,0,0.014571036643509228
2023-10-20 17:30:00+00:00,4927.144816782454,4927.144816782454,0,0.014571036643509228
2023-10-20 18:30:00+00:00,4927.144816782454,4927.144816782454,0,0.014571036643509228
2023-10-20 19:30:00+00:00,4927.144816782454,4927.144816782454,0,0.014571036643509228
2023-10-23 13:30:00+00:00,4927.144816782454,4927.144816782454,0,0.014571036643509228
2023-10-23 14:30:00+00:00,4927.144816782454,4927.144816782454,0,0.014571036643509228
2023-10-23 15:30:00+00:00,4927.144816782454,4927.144816782454,0,0.014571036643509228
2023-10-23 16:30:00+00:00,4927.144816782454,4927.144816782454,0,0.014571036643509228
2023-10-23 17:30:00+00:00,4927.144816782454,4927.144816782454,0,0.014571036643509228
2023-10-23 18:30:00+00:00,4927.144816782454,4927.144816782454,0,0.014571036643509228
2023-10-23 19:30:00+00:00,4927.144816782454,4927.144816782454,0,0.014571036643509228
2023-10-24 13:30:00+00:00,4927.144816782454,4927.144816782454,0,0.014571036643509228
2023-10-24 14:30:00+00:00,4926.085971738413,4729.467766733142,1,0.014782805652317488
2023-10-24 15:30:00+00:00,4925.317577762958,4729.467766733142,1,0.014936484447408471
2023-10-24 16:30:00+00:00,4925.620060219318,4531.7907166838295,1,0.014875987956136538
2023-10-24 17:30:00+00:00,4927.235213414053,4531.7907166838295,1,0.014552957317189419
2023-10-24 18:30:00+00:00,4928.359861861114,4531.7907166838295,1,0.014328027627777185
2023-10-24 19:30:00+00:00,4927.558273262751,4531.7907166838295,1,0.014488345347449805
2023-10-25 13:30:00+00:00,4939.112381417422,4939.112381417422,0,0.012177523716515704
2023-10-25 14:30:00+00:00,4939.112381417422,4939.112381417422,0,0.012177523716515704
2023-10-25 15:30:00+00:00,4939.112381417422,4939.112381417422,0,0.012177523716515704
2023-10-25 16:30:00+00:00,4939.112381417422,4939.112381417422,0,0.012177523716515704
2023-10-25 17:30:00+00:00,4939.112381417422,4939.112381417422,0,0.012177523716515704
2023-10-25 18:30:00+00:00,4939.112381417422,4939.112381417422,0,0.012177523716515704
2023-10-25 19:30:00+00:00,4938.882928821772,4740.955192674955,1,0.012223414235645547
2023-10-26 13:30:00+00:00,4930.204402940132,4930.204402940132,0,0.013959119411973586
2023-10-26 14:30:00+00:00,4930.204402940132,4930.204402940132,0,0.013959119411973586
2023-10-26 15:30:00+00:00,4930.204402940132,4930.204402940132,0,0.013959119411973586
2023-10-26 16:30:00+00:00,4930.204402940132,4930.204402940132,0,0.013959119411973586
2023-10-26 17:30:00+00:00,4930.204402940132,4930.204402940132,0,0.013959119411973586
2023-10-26 18:30:00+00:00,4930.204402940132,4930.204402940132,0,0.013959119411973586
2023-10-26 19:30:00+00:00,4930.204402940132,4930.204402940132,0,0.013959119411973586
2023-10-27 13:30:00+00:00,4930.204402940132,4930.204402940132,0,0.013959119411973586
2023-10-27 14:30:00+00:00,4930.204402940132,4930.204402940132,0,0.013959119411973586
2023-10-27 15:30:00+00:00,4928.550757966939,4732.404602294174,1,0.014289848406612182
2023-10-27 16:30:00+00:00,4926.3745359546765,4534.6048016482155,1,0.014725092809064755
2023-10-27 17:30:00+00:00,4926.153310283248,4534.6048016482155,1,0.014769337943350336
2023-10-27 18:30:00+00:00,4926.153310283248,4534.6048016482155,1,0.014769337943350336
2023-10-27 19:30:00+00:00,4927.259466771835,4534.6048016482155,1,0.014548106645632997
2023-10-30 13:30:00+00:00,4929.250582209025,4534.6048016482155,1,0.014149883558194909
2023-10-30 14:30:00+00:00,4927.111973613735,4534.6048016482155,1,0.014577605277252936
2023-10-30 15:30:00+00:00,4927.51757276565,4534.6048016482155,1,0.0144964854468701
2023-10-30 16:30:00+00:00,4930.098660835241,4534.6048016482155,1,0.013980267832951698
2023-10-30 17:30:00+00:00,4931.64729679813,4534.6048016482155,1,0.013670540640373985
2023-10-30 18:30:00+00:00,4933.896518229134,4534.6048016482155,1,0.013220696354173223
2023-10-30 19:30:00+00:00,4930.602856922857,4336.658352975397,2,0.013879428615428568
2023-10-31 13:30:00+00:00,4925.0582466836895,4327.954693011093,2,0.014988350663262096
2023-10-31 14:30:00+00:00,4926.998559847133,4327.954693011093,2,0.014600288030573338
2023-10-31 15:30:00+00:00,4927.323015014279,4327.954693011093,2,0.014535396997144234
2023-10-31 16:30:00+00:00,4929.369863832773,4327.954693011093,2,0.01412602723344536
2023-10-31 17:30:00+00:00,4928.398076959315,4327.954693011093,2,0.014320384608136894
2023-10-31 18:30:00+00:00,4930.760981723088,4130.22440401505,3,0.013847803655382407
2023-10-31 19:30:00+00:00,4930.702789195006,4130.22440401505,3,0.01385944216099888
2023-11-01 13:30:00+00:00,4935.788755537092,4130.22440401505,3,0.012842248892581676
2023-11-01 14:30:00+00:00,4933.419909666157,4130.22440401505,3,0.013316018066768631
2023-11-01 15:30:00+00:00,4935.992149185878,4130.22440401505,3,0.01280157016282446
2023-11-01 16:30:00+00:00,4935.396865383988,4130.22440401505,3,0.012920626923202283
2023-11-01 17:30:00+00:00,4934.722792478295,4230.859047834993,3,0.013055441504341125
2023-11-01 18:30:00+00:00,4941.095958327036,4230.859047834993,3,0.01178080833459283
2023-11-01 19:30:00+00:00,4941.324073735605,4638.327138640425,2,0.011735185252878866
2023-11-02 13:30:00+00:00,4941.69389452863,4739.410546886124,2,0.011661221094273921
2023-11-02 14:30:00+00:00,4942.453020633322,4739.410546886124,2,0.011509395873335548
2023-11-02 15:30:00+00:00,4942.315847314702,4739.410546886124,2,0.011536830537059561
2023-11-02 16:30:00+00:00,4943.0169988495745,4739.410546886124,2,0.011396600230085041
2023-11-02 17:30:00+00:00,4943.409288835667,4739.410546886124,2,0.011318142232866535
2023-11-02 18:30:00+00:00,4942.912118027049,4739.410546886124,2,0.01141757639459029
2023-11-02 19:30:00+00:00,4943.186561327004,4541.101299800945,3,0.011362687734599253
2023-11-03 13:30:00+00:00,4945.101837975199,4541.101299800945,3,0.010979632404960249
2023-11-03 14:30:00+00:00,4946.168574289006,4541.101299800945,3,0.010766285142198795
2023-11-03 15:30:00+00:00,4946.632045448455,4541.101299800945,3,0.010673590910309061
2023-11-03 16:30:00+00:00,4946.6191778971315,4541.101299800945,3,0.01067616442057373
2023-11-03 17:30:00+00:00,4947.9827213911585,4643.780851517467,2,0.010403455721768262
2023-11-03 18:30:00+00:00,4947.683117331357,4643.780851517467,2,0.010463376533728641
2023-11-03 19:30:00+00:00,4947.525304599676,4643.780851517467,2,0.010494939080064825
2023-11-06 14:30:00+00:00,4949.592090800028,4643.780851517467,2,0.010081581839994413
2023-11-06 15:30:00+00:00,4949.236267733709,4643.780851517467,2,0.010152746453258255
2023-11-06 16:30:00+00:00,4948.589444007466,4747.032789502888,1,0.01028211119850675
2023-11-06 17:30:00+00:00,4947.926507148269,4747.032789502888,1,0.01041469857034627
2023-11-06 18:30:00+00:00,4948.3918410080905,4747.032789502888,1,0.010321631798381858
2023-11-06 19:30:00+00:00,4948.175096312379,4747.032789502888,1,0.010364980737524232
2023-11-06 20:30:00+00:00,4948.366338199252,4747.032789502888,1,0.010326732360149582
2023-11-07 14:30:00+00:00,4950.696158875195,4747.032789502888,1,0.00986076822496107
2023-11-07 15:30:00+00:00,4950.680226914525,4747.032789502888,1,0.009863954617095105
2023-11-07 16:30:00+00:00,4950.151145759079,4747.032789502888,1,0.00996977084818429
2023-11-07 17:30:00+00:00,4951.113677400062,4747.032789502888,1,0.009777264519987505
2023-11-07 18:30:00+00:00,4951.088174591224,4747.032789502888,1,0.009782365081755229
2023-11-07 19:30:00+00:00,4950.524039231715,4747.032789502888,1,0.009895192153657084
2023-11-07 20:30:00+00:00,4950.291382028276,4747.032789502888,1,0.009941723594344865
2023-11-08 14:30:00+00:00,4949.0813043925955,4548.445767669918,2,0.01018373912148085
2023-11-08 15:30:00+00:00,4950.735618773129,4548.445767669918,2,0.00985287624537412
2023-11-08 16:30:00+00:00,4950.810711145781,4548.445767669918,2,0.009837857770843783
2023-11-08 17:30:00+00:00,4953.047381264087,4751.139075594804,1,0.009390523747182633
2023-11-08 18:30:00+00:00,4953.78149220559,4751.139075594804,1,0.009243701558881878
2023-11-08 19:30:00+00:00,4954.271093061111,4653.580094376373,2,0.009145781387777774
2023-11-08 20:30:00+00:00,4954.564122510888,4653.580094376373,2,0.009087175497822342
2023-11-09 14:30:00+00:00,4947.013074709097,4845.134479215525,1,0.010597385058180642
2023-11-09 15:30:00+00:00,4947.257776051392,4845.134479215525,1,0.0105484447897215
2023-11-09 16:30:00+00:00,4947.614501085981,4845.134479215525,1,0.010477099782803867
2023-11-09 17:30:00+00:00,4947.371065118396,4845.134479215525,1,0.010525786976320894
2023-11-09 18:30:00+00:00,4946.813684844833,4845.134479215525,1,0.010637263031033406
2023-11-09 19:30:00+00:00,4946.587106710826,4845.134479215525,1,0.01068257865783473
2023-11-09 20:30:00+00:00,4946.831808053123,4845.134479215525,1,0.010633638389375477
2023-11-10 14:30:00+00:00,4946.237268633681,4845.134479215525,1,0.010752546273263719
2023-11-10 15:30:00+00:00,4946.808153152108,4845.134479215525,1,0.010638369369578293
2023-11-10 16:30:00+00:00,4946.718518986119,4845.134479215525,1,0.010656296202776083
2023-11-10 17:30:00+00:00,4947.173257499541,4646.672674024106,2,0.01056534850009172
2023-11-10 18:30:00+00:00,4947.730201719759,4646.672674024106,2,0.010453959656048228
2023-11-10 19:30:00+00:00,4947.812463760939,4646.672674024106,2,0.010437507247812228
2023-11-10 20:30:00+00:00,4948.085873566925,4646.672674024106,2,0.010382825286614938
2023-11-13 14:30:00+00:00,4947.707434055175,4448.146459904894,3,0.010458513188964957
2023-11-13 15:30:00+00:00,4948.861963251085,4448.146459904894,3,0.010227607349782897
2023-11-13 16:30:00+00:00,4948.753355655764,4548.100964413784,3,0.010249328868847218
2023-11-13 17:30:00+00:00,4947.5882708389645,4349.574750294572,3,0.010482345832207085
2023-11-13 18:30:00+00:00,4948.590907187051,4452.909714761027,2,0.010281818562589806
2023-11-13 19:30:00+00:00,4949.183137507087,4452.909714761027,2,0.010163372498582568
2023-11-13 20:30:00+00:00,4947.950860689947,4254.3469692090475,3,0.010409827862010612
2023-11-14 14:30:00+00:00,4954.020431068644,4254.3469692090475,3,0.00919591378627116
2023-11-14 15:30:00+00:00,4955.146090998006,4254.3469692090475,3,0.008970781800398786
2023-11-14 16:30:00+00:00,4953.963291737985,4254.3469692090475,3,0.009207341652403
2023-11-14 17:30:00+00:00,4954.197523767585,4254.3469692090475,3,0.009160495246482991
2023-11-14 18:30:00+00:00,4954.0587626807,4254.3469692090475,3,0.009188247463860044
2023-11-14 19:30:00+00:00,4955.663540161537,4455.271184656628,3,0.008867291967692648
2023-11-14 20:30:00+00:00,4954.819045612446,4455.271184656628,3,0.009036190877510841
2023-11-15 14:30:00+00:00,4956.39586922868,4455.271184656628,3,0.00872082615426406
2023-11-15 15:30:00+00:00,4955.845548679039,4455.271184656628,3,0.008830890264192148
2023-11-15 16:30:00+00:00,4956.576516326382,4455.271184656628,3,0.008684696734723496
2023-11-15 17:30:00+00:00,4957.499785781235,4455.271184656628,3,0.008500042843753053
2023-11-15 18:30:00+00:00,4958.635380574522,4455.271184656628,3,0.008272923885095596
2023-11-15 19:30:00+00:00,4958.577949663446,4455.271184656628,3,0.008284410067310843
2023-11-15 20:30:00+00:00,4957.952528217639,4556.542895680467,2,0.008409494356472202
2023-11-16 14:30:00+00:00,4932.874824541125,4832.937719573996,1,0.01342503509177495
2023-11-16 15:30:00+00:00,4932.871466770741,4832.937719573996,1,0.013425706645851854
2023-11-16 16:30:00+00:00,4933.089506866516,4832.937719573996,1,0.013382098626696814
2023-11-16 17:30:00+00:00,4933.163306155236,4832.937719573996,1,0.013367338768952908
2023-11-16 18:30:00+00:00,4932.9955814297,4832.937719573996,1,0.013400883714060008
2023-11-16 19:30:00+00:00,4933.337736184434,4832.937719573996,1,0.013332452763113234
2023-11-16 20:30:00+00:00,4933.653059487408,4832.937719573996,1,0.01326938810251832
2023-11-17 14:30:00+00:00,4933.3511570288665,4832.937719573996,1,0.013329768594226743
2023-11-17 15:30:00+00:00,4932.518076999759,4635.01247861506,2,0.013496384600048206
2023-11-17 16:30:00+00:00,4932.356700269428,4635.01247861506,2,0.013528659946114407
2023-11-17 17:30:00+00:00,4931.9229285702995,4734.843744776051,1,0.013615414285940042
2023-11-17 18:30:00+00:00,4931.936292497689,4734.843744776051,1,0.013612741500462322
2023-11-17 19:30:00+00:00,4932.108799377185,4734.843744776051,1,0.01357824012456299
2023-11-17 20:30:00+00:00,4932.350819082047,4734.843744776051,1,0.013529836183590715
2023-11-20 14:30:00+00:00,4932.163622083893,4734.843744776051,1,0.013567275583221461
2023-11-20 15:30:00+00:00,4932.778689190851,4734.843744776051,1,0.013444262161829812
2023-11-20 16:30:00+00:00,4932.544687842423,4734.843744776051,1,0.013491062431515433
2023-11-20 17:30:00+00:00,4932.885661818787,4734.843744776051,1,0.013422867636242564
2023-11-20 18:30:00+00:00,4933.179831444878,4734.843744776051,1,0.013364033711024459
2023-11-20 19:30:00+00:00,4933.835031139887,4734.843744776051,1,0.013232993772022583
2023-11-20 20:30:00+00:00,4932.071364146489,4536.898117157809,2,0.013585727170702167
2023-11-21 14:30:00+00:00,4935.7483417792355,4536.898117157809,2,0.012850331644152946
2023-11-21 15:30:00+00:00,4937.546641588522,4536.898117157809,2,0.012490671682295562
2023-11-21 16:30:00+00:00,4936.8997020536735,4536.898117157809,2,0.012620059589265264
2023-11-21 17:30:00+00:00,4935.956406056167,4536.898117157809,2,0.012808718788766549
2023-11-21 18:30:00+00:00,4937.331328174459,4536.898117157809,2,0.012533734365108296
2023-11-21 19:30:00+00:00,4936.897122323284,4536.898117157809,2,0.012620575535343237
2023-11-21 20:30:00+00:00,4936.881797551872,4536.898117157809,2,0.012623640489625498
2023-11-22 14:30:00+00:00,4932.01837353239,4636.595521057567,2,0.01359632529352206
2023-11-22 15:30:00+00:00,4929.061130172507,4438.649893439325,2,0.01418777396549864
2023-11-22 16:30:00+00:00,4929.783256963831,4438.649893439325,2,0.014043348607233774
2023-11-22 17:30:00+00:00,4932.787183253797,4438.649893439325,2,0.013442563349240655
2023-11-22 18:30:00+00:00,4931.248431785462,4438.649893439325,2,0.013750313642907575
2023-11-22 19:30:00+00:00,4930.589248943515,4538.140326638042,1,0.013882150211297128
2023-11-22 20:30:00+00:00,4932.4934193756835,4538.140326638042,1,0.013501316124863272
2023-11-24 14:30:00+00:00,4934.429242482377,4538.140326638042,1,0.013114151503524574
2023-11-24 15:30:00+00:00,4938.617261288381,4538.140326638042,1,0.012276547742323785
2023-11-24 16:30:00+00:00,4937.78026386088,4538.140326638042,1,0.012443947227823937
2023-11-27 14:30:00+00:00,4932.459582872153,4538.140326638042,1,0.013508083425569417
2023-11-27 15:30:00+00:00,4932.728810450359,4538.140326638042,1,0.01345423790992828
2023-11-27 16:30:00+00:00,4937.157255983802,4538.140326638042,1,0.012568548803239543
2023-11-27 17:30:00+00:00,4937.846048559122,4340.061577527972,2,0.012430790288175508
2023-11-27 18:30:00+00:00,4936.41919338992,4340.061577527972,2,0.012716161322016029
2023-11-27 19:30:00+00:00,4935.2407143206165,4340.061577527972,2,0.012951857135876654
2023-11-27 20:30:00+00:00,4933.107082899592,4142.059215541522,3,0.013378583420081691
2023-11-28 14:30:00+00:00,4922.596216011868,4134.183073472769,2,0.015480756797626394
2023-11-28 15:30:00+00:00,4922.4864554699625,4134.183073472769,2,0.015502708906007467
2023-11-28 16:30:00+00:00,4922.927662909482,4134.183073472769,2,0.015414467418103595
2023-11-28 17:30:00+00:00,4923.236880186021,4134.183073472769,2,0.015352623962795797
2023-11-28 18:30:00+00:00,4922.01406362729,4134.183073472769,2,0.015597187274541957
2023-11-28 19:30:00+00:00,4922.534483721004,3936.713410964726,3,0.015493103255799223
2023-11-28 20:30:00+00:00,4924.120299233715,3936.713410964726,3,0.015175940153257073
2023-11-29 14:30:00+00:00,4919.8143472096945,3441.508971390904,3,0.016037130558061108
2023-11-29 15:30:00+00:00,4921.019050671099,3441.508971390904,3,0.01579618986578024
2023-11-29 16:30:00+00:00,4926.827885683554,3441.508971390904,3,0.014634422863289198
2023-11-29 17:30:00+00:00,4931.086426712746,3441.508971390904,3,0.013782714657450734
2023-11-29 18:30:00+00:00,4929.480787070258,3441.508971390904,3,0.014103842585948434
2023-11-29 19:30:00+00:00,4924.724010582876,3441.508971390904,3,0.015055197883424798
2023-11-29 20:30:00+00:00,4925.43759687251,3441.508971390904,3,0.014912480625497992
2023-11-30 14:30:00+00:00,4921.101341687782,3639.7950522119645,3,0.015779731662443508
2023-11-30 15:30:00+00:00,4918.355938233178,4818.610740095002,1,0.016328812353364475
2023-11-30 16:30:00+00:00,4918.071838688337,4918.071838688337,0,0.016385632262332583
2023-11-30 17:30:00+00:00,4918.071838688337,4918.071838688337,0,0.016385632262332583
2023-11-30 18:30:00+00:00,4918.071838688337,4918.071838688337,0,0.016385632262332583
2023-11-30 19:30:00+00:00,4918.071838688337,4918.071838688337,0,0.016385632262332583
2023-11-30 20:30:00+00:00,4918.071838688337,4918.071838688337,0,0.016385632262332583
2023-12-01 14:30:00+00:00,4918.071838688337,4918.071838688337,0,0.016385632262332583
2023-12-01 15:30:00+00:00,4918.071838688337,4918.071838688337,0,0.016385632262332583
2023-12-01 16:30:00+00:00,4918.071838688337,4918.071838688337,0,0.016385632262332583
2023-12-01 17:30:00+00:00,4918.071838688337,4918.071838688337,0,0.016385632262332583
2023-12-01 18:30:00+00:00,4917.85268825676,4720.758796520161,1,0.01642946234864795
2023-12-01 19:30:00+00:00,4918.476661696105,4720.758796520161,1,0.016304667660778982
2023-12-01 20:30:00+00:00,4917.818736722096,4523.430189079753,2,0.016436252655580796
2023-12-04 14:30:00+00:00,4906.062858773017,3926.471463562944,1,0.018787428245396587
2023-12-04 15:30:00+00:00,4901.101004939551,4901.101004939551,0,0.019779799012089816
2023-12-04 16:30:00+00:00,4901.101004939551,4901.101004939551,0,0.019779799012089816
2023-12-04 17:30:00+00:00,4900.664595465549,4704.468832621376,1,0.019867080906890267
2023-12-04 18:30:00+00:00,4900.693416749498,4704.468832621376,1,0.01986131665010038
2023-12-04 19:30:00+00:00,4900.831457967322,4704.468832621376,1,0.019833708406535533
2023-12-04 20:30:00+00:00,4901.605211055457,4704.468832621376,1,0.01967895778890849
2023-12-05 14:30:00+00:00,4901.726422495425,4704.468832621376,1,0.01965471550091502
2023-12-05 15:30:00+00:00,4901.574861896214,4704.468832621376,1,0.01968502762075719
2023-12-05 16:30:00+00:00,4902.212657232835,4704.468832621376,1,0.01955746855343299
2023-12-05 17:30:00+00:00,4902.303079670672,4704.468832621376,1,0.01953938406586564
2023-12-05 18:30:00+00:00,4901.937325698715,4507.788433064989,2,0.019612534860257047
2023-12-05 19:30:00+00:00,4900.135525652142,4311.123714324728,3,0.019972894869571656
2023-12-05 20:30:00+00:00,4901.46857570671,4311.123714324728,3,0.019706284858657996
2023-12-06 14:30:00+00:00,4901.192866665367,4410.309057185628,3,0.019761426666926707
2023-12-06 15:30:00+00:00,4900.775821632145,4410.309057185628,3,0.01984483567357087
2023-12-06 16:30:00+00:00,4900.498884511604,4410.309057185628,3,0.019900223097679137
2023-12-06 17:30:00+00:00,4900.103215630483,4410.309057185628,3,0.019979356873903398
2023-12-06 18:30:00+00:00,4898.255250743155,4213.644338445368,3,0.020348949851369036
2023-12-06 19:30:00+00:00,4896.919466053565,4213.644338445368,3,0.020616106789287048
2023-12-06 20:30:00+00:00,4894.971062326929,4213.644338445368,3,0.02100578753461413
2023-12-07 14:30:00+00:00,4897.8862143313445,4016.9639388889805,3,0.020422757133731095
2023-12-07 15:30:00+00:00,4899.004137367689,4016.9639388889805,3,0.020199172526462306
2023-12-07 16:30:00+00:00,4902.622259886812,4016.9639388889805,3,0.019475548022637623
2023-12-07 17:30:00+00:00,4902.522697218315,4016.9639388889805,3,0.019495460556336885
2023-12-07 18:30:00+00:00,4904.473575453391,4117.606670572286,2,0.01910528490932173
2023-12-07 19:30:00+00:00,4904.045908395298,3920.840967962903,3,0.019190818320940384
2023-12-07 20:30:00+00:00,4905.217026824715,3920.840967962903,3,0.018956594635057056
2023-12-08 14:30:00+00:00,4920.113326511279,3724.07526535352,3,0.015977334697744094
2023-12-08 15:30:00+00:00,4917.154220208142,3724.07526535352,3,0.016569155958371606
2023-12-08 16:30:00+00:00,4918.060546094605,3724.07526535352,3,0.01638789078107894
2023-12-08 17:30:00+00:00,4925.252897781649,3724.07526535352,3,0.014949420443670203
2023-12-08 18:30:00+00:00,4926.39655261773,3923.369937501984,3,0.014720689476453996
2023-12-08 19:30:00+00:00,4924.460867331536,3725.7257709173673,4,0.015107826533692803
2023-12-08 20:30:00+00:00,4925.127987464563,3725.7257709173673,4,0.01497440250708737
2023-12-11 14:30:00+00:00,4914.598609289151,4128.359249203287,2,0.017080278142169836
2023-12-11 15:30:00+00:00,4901.527049091185,4509.92006723833,1,0.019694590181762894
2023-12-11 16:30:00+00:00,4902.014789415279,4902.014789415279,0,0.01959704211694424
2023-12-11 17:30:00+00:00,4902.014789415279,4902.014789415279,0,0.01959704211694424
2023-12-11 18:30:00+00:00,4902.014789415279,4902.014789415279,0,0.01959704211694424
2023-12-11 19:30:00+00:00,4902.014789415279,4902.014789415279,0,0.01959704211694424
2023-12-11 20:30:00+00:00,4902.014789415279,4902.014789415279,0,0.01959704211694424
2023-12-12 14:30:00+00:00,4902.014789415279,4902.014789415279,0,0.01959704211694424
2023-12-12 15:30:00+00:00,4902.014789415279,4902.014789415279,0,0.01959704211694424
2023-12-12 16:30:00+00:00,4902.014789415279,4902.014789415279,0,0.01959704211694424
2023-12-12 17:30:00+00:00,4902.014789415279,4902.014789415279,0,0.01959704211694424
2023-12-12 18:30:00+00:00,4902.014789415279,4902.014789415279,0,0.01959704211694424
2023-12-12 19:30:00+00:00,4902.014789415279,4902.014789415279,0,0.01959704211694424
2023-12-12 20:30:00+00:00,4902.014789415279,4902.014789415279,0,0.01959704211694424
2023-12-13 14:30:00+00:00,4902.014789415279,4902.014789415279,0,0.01959704211694424
2023-12-13 15:30:00+00:00,4902.014789415279,4902.014789415279,0,0.01959704211694424
2023-12-13 16:30:00+00:00,4902.014789415279,4902.014789415279,0,0.01959704211694424
2023-12-13 17:30:00+00:00,4902.014789415279,4902.014789415279,0,0.01959704211694424
2023-12-13 18:30:00+00:00,4902.014789415279,4902.014789415279,0,0.01959704211694424
2023-12-13 19:30:00+00:00,4902.014789415279,4902.014789415279,0,0.01959704211694424
2023-12-13 20:30:00+00:00,4902.014789415279,4902.014789415279,0,0.01959704211694424
2023-12-14 14:30:00+00:00,4902.014789415279,4902.014789415279,0,0.01959704211694424
2023-12-14 15:30:00+00:00,4902.014789415279,4902.014789415279,0,0.01959704211694424
2023-12-14 16:30:00+00:00,4902.014789415279,4902.014789415279,0,0.01959704211694424
2023-12-14 17:30:00+00:00,4902.014789415279,4902.014789415279,0,0.01959704211694424
2023-12-14 18:30:00+00:00,4902.014789415279,4902.014789415279,0,0.01959704211694424
2023-12-14 19:30:00+00:00,4902.014789415279,4902.014789415279,0,0.01959704211694424
2023-12-14 20:30:00+00:00,4902.014789415279,4902.014789415279,0,0.01959704211694424
2023-12-15 14:30:00+00:00,4902.014789415279,4902.014789415279,0,0.01959704211694424
2023-12-15 15:30:00+00:00,4902.014789415279,4902.014789415279,0,0.01959704211694424
2023-12-15 16:30:00+00:00,4902.014789415279,4902.014789415279,0,0.01959704211694424
2023-12-15 17:30:00+00:00,4902.014789415279,4902.014789415279,0,0.01959704211694424
2023-12-15 18:30:00+00:00,4902.014789415279,4902.014789415279,0,0.01959704211694424
2023-12-15 19:30:00+00:00,4902.014789415279,4902.014789415279,0,0.01959704211694424
2023-12-15 20:30:00+00:00,4902.014789415279,4902.014789415279,0,0.01959704211694424
2023-12-18 14:30:00+00:00,4902.014789415279,4902.014789415279,0,0.01959704211694424
2023-12-18 15:30:00+00:00,4899.809769011233,4749.096231181175,1,0.020038046197753512
2023-12-18 16:30:00+00:00,4897.479061553791,4596.177672947072,1,0.020504187689241782
2023-12-18 17:30:00+00:00,4899.715234096892,4596.177672947072,1,0.020056953180621506
2023-12-18 18:30:00+00:00,4897.283431436171,4596.177672947072,1,0.020543313712765854
2023-12-18 19:30:00+00:00,4897.53470773983,4596.177672947072,1,0.020493058452033974
2023-12-18 20:30:00+00:00,4897.114788110506,4596.177672947072,1,0.020577042377898813
2023-12-19 14:30:00+00:00,4901.162131430163,4596.177672947072,1,0.019767573713967423
2023-12-19 15:30:00+00:00,4899.407157677086,4399.546430573968,2,0.02011856846458282
2023-12-19 16:30:00+00:00,4897.6179841601215,4399.546430573968,2,0.02047640316797572
2023-12-19 17:30:00+00:00,4897.153293288236,4399.546430573968,2,0.020569341342352887
2023-12-19 18:30:00+00:00,4898.507497427162,4399.546430573968,2,0.020298500514567608
2023-12-19 19:30:00+00:00,4898.234430338519,4203.018814232628,3,0.02035311393229622
2023-12-19 20:30:00+00:00,4898.211776842278,4203.018814232628,3,0.020357644631544436
2023-12-20 14:30:00+00:00,4888.865292603006,4006.4911978912883,3,0.022226941479398743
2023-12-20 15:30:00+00:00,4889.838144586595,4006.4911978912883,3,0.022032371082680968
2023-12-20 16:30:00+00:00,4890.638233299029,4006.4911978912883,3,0.021872353340194217
2023-12-20 17:30:00+00:00,4892.45671697946,4006.4911978912883,3,0.021508656604107945
2023-12-20 18:30:00+00:00,4888.090892587995,3809.8599555181845,3,0.022381821482400976
2023-12-20 19:30:00+00:00,4864.2531563620505,3143.845314400156,2,0.027149368727589884
2023-12-20 20:30:00+00:00,4859.555601161144,4114.841898248255,1,0.02808887976777119
2023-12-21 14:30:00+00:00,4871.876058607143,4114.841898248255,1,0.025624788278571398
2023-12-21 15:30:00+00:00,4874.0223101509455,4114.841898248255,1,0.02519553796981089
2023-12-21 16:30:00+00:00,4873.806424772878,4114.841898248255,1,0.02523871504542441
2023-12-21 17:30:00+00:00,4871.863126900025,4114.841898248255,1,0.02562737461999498
2023-12-21 18:30:00+00:00,4874.886016398337,4114.841898248255,1,0.025022796720332585
2023-12-21 19:30:00+00:00,4871.314211350912,4871.314211350912,0,0.02573715772981755
2023-12-21 20:30:00+00:00,4870.715730321067,4675.877085191513,1,0.025856853935786628
2023-12-22 14:30:00+00:00,4871.2033230187535,4675.877085191513,1,0.025759335396249305
2023-12-22 15:30:00+00:00,4870.283873435279,4675.877085191513,1,0.02594322531294424
2023-12-22 16:30:00+00:00,4870.380125058574,4675.877085191513,1,0.025923974988285248
2023-12-22 17:30:00+00:00,4870.555516433088,4675.877085191513,1,0.025888896713382348
2023-12-22 18:30:00+00:00,4867.362087117484,4480.470956475996,2,0.026527582576503117
2023-12-22 19:30:00+00:00,4868.48967882006,4480.470956475996,2,0.02630206423598791
2023-12-22 20:30:00+00:00,4868.067518560217,4285.064827760479,2,0.02638649628795664
2023-12-26 14:30:00+00:00,4874.139336470631,4285.064827760479,2,0.025172132705873818
2023-12-26 15:30:00+00:00,4873.623373872836,4285.064827760479,2,0.025275325225432743
2023-12-26 16:30:00+00:00,4875.049313574969,4285.064827760479,2,0.024990137285006098
2023-12-26 17:30:00+00:00,4873.844127322361,4285.064827760479,2,0.02523117453552781
2023-12-26 18:30:00+00:00,4874.463406883679,4285.064827760479,2,0.025107318623264097
2023-12-26 19:30:00+00:00,4875.818323385611,4285.064827760479,2,0.024836335322877878
2023-12-26 20:30:00+00:00,4874.342204815206,4285.064827760479,2,0.02513155903695874
2023-12-27 14:30:00+00:00,4876.127421999276,4385.558461564419,2,0.024774515600144875
2023-12-27 15:30:00+00:00,4875.262467008028,4385.558461564419,2,0.02494750659839451
2023-12-27 16:30:00+00:00,4874.801493599179,4385.558461564419,2,0.025039701280164306
2023-12-27 17:30:00+00:00,4875.603298972126,4385.558461564419,2,0.024879340205574807
2023-12-27 18:30:00+00:00,4871.875486892537,3603.1685784155106,4,0.02562490262149253
2023-12-27 19:30:00+00:00,4871.591672932082,3603.1685784155106,4,0.025681665413583632
2023-12-27 20:30:00+00:00,4870.566970752938,3603.1685784155106,4,0.025886605849412492
2023-12-28 14:30:00+00:00,4875.106030624139,3603.1685784155106,4,0.02497879387517221
2023-12-28 15:30:00+00:00,4873.029096734529,3120.803454502503,3,0.02539418065309418
2023-12-28 16:30:00+00:00,4874.7067550889815,3120.803454502503,3,0.02505864898220367
2023-12-28 17:30:00+00:00,4865.67016807727,3888.2768297174375,3,0.02686596638454597
2023-12-28 18:30:00+00:00,4863.560751408519,3888.2768297174375,3,0.02728784971829623
2023-12-28 19:30:00+00:00,4862.990446721822,3888.2768297174375,3,0.027401910655635575
2023-12-28 20:30:00+00:00,4863.3131594748465,3888.2768297174375,3,0.027337368105030735
2023-12-29 14:30:00+00:00,4862.902048373454,3301.449207698435,3,0.027419590325309273
2023-12-29 15:30:00+00:00,4846.434159438335,4457.65618855476,1,0.030713168112333045
2023-12-29 16:30:00+00:00,4846.48617247751,4457.65618855476,1,0.03070276550449802
2023-12-29 17:30:00+00:00,4848.114580703996,4457.65618855476,1,0.030377083859200904
2023-12-29 18:30:00+00:00,4848.934722813774,4457.65618855476,1,0.030213055437245173
2023-12-29 19:30:00+00:00,4849.212316213328,4457.65618855476,1,0.030157536757334347
2023-12-29 20:30:00+00:00,4847.353518694032,4068.556228026231,2,0.030529296261193717
2024-01-02 14:30:00+00:00,4836.358119197306,4836.358119197306,0,0.03272837616053881
2024-01-02 15:30:00+00:00,4836.358119197306,4836.358119197306,0,0.03272837616053881
2024-01-02 16:30:00+00:00,4836.358119197306,4836.358119197306,0,0.03272837616053881
2024-01-02 17:30:00+00:00,4836.358119197306,4836.358119197306,0,0.03272837616053881
2024-01-02 18:30:00+00:00,4836.358119197306,4836.358119197306,0,0.03272837616053881
2024-01-02 19:30:00+00:00,4836.358119197306,4836.358119197306,0,0.03272837616053881
2024-01-02 20:30:00+00:00,4836.358119197306,4836.358119197306,0,0.03272837616053881
2024-01-03 14:30:00+00:00,4836.358119197306,4836.358119197306,0,0.03272837616053881
2024-01-03 15:30:00+00:00,4836.358119197306,4836.358119197306,0,0.03272837616053881
2024-01-03 16:30:00+00:00,4836.358119197306,4836.358119197306,0,0.03272837616053881
2024-01-03 17:30:00+00:00,4836.358119197306,4836.358119197306,0,0.03272837616053881
2024-01-03 18:30:00+00:00,4836.358119197306,4836.358119197306,0,0.03272837616053881
2024-01-03 19:30:00+00:00,4836.358119197306,4836.358119197306,0,0.03272837616053881
2024-01-03 20:30:00+00:00,4836.358119197306,4836.358119197306,0,0.03272837616053881
2024-01-04 14:30:00+00:00,4836.358119197306,4836.358119197306,0,0.03272837616053881
2024-01-04 15:30:00+00:00,4836.358119197306,4836.358119197306,0,0.03272837616053881
2024-01-04 16:30:00+00:00,4836.358119197306,4836.358119197306,0,0.03272837616053881
2024-01-04 17:30:00+00:00,4836.358119197306,4836.358119197306,0,0.03272837616053881
2024-01-04 18:30:00+00:00,4835.629292385385,4642.32343145511,1,0.032874141522922895
2024-01-04 19:30:00+00:00,4835.528329001674,4642.32343145511,1,0.03289433419966514
2024-01-04 20:30:00+00:00,4835.076993135949,4642.32343145511,1,0.03298460137281023
2024-01-05 14:30:00+00:00,4835.579549488594,4448.288743712914,1,0.032884090102281105
2024-01-05 15:30:00+00:00,4836.199316099619,4448.288743712914,1,0.032760136780076166
2024-01-05 16:30:00+00:00,4835.055117597183,4448.288743712914,1,0.032988976480563315
2024-01-05 17:30:00+00:00,4835.6510596216585,4448.288743712914,1,0.032869788075668316
2024-01-05 18:30:00+00:00,4836.652237857967,4448.288743712914,1,0.032669552428406634
2024-01-05 19:30:00+00:00,4837.224355295892,4448.288743712914,1,0.03255512894082169
2024-01-05 20:30:00+00:00,4837.701101640789,4448.288743712914,1,0.032459779671842215
2024-01-08 14:30:00+00:00,4836.509217591839,4448.288743712914,1,0.03269815648163221
2024-01-08 15:30:00+00:00,4836.366197325711,4448.288743712914,1,0.03272676053485779
2024-01-08 16:30:00+00:00,4836.413882872225,4448.288743712914,1,0.03271722342555494
2024-01-08 17:30:00+00:00,4837.653416094275,4448.288743712914,1,0.03246931678114506
2024-01-08 18:30:00+00:00,4836.90252332369,4448.288743712914,1,0.03261949533526198
2024-01-08 19:30:00+00:00,4837.8433670278655,4254.230779983898,2,0.032431326594426935
2024-01-08 20:30:00+00:00,4837.792337499149,4254.230779983898,2,0.032441532500170234
2024-01-09 14:30:00+00:00,4834.938594362984,4254.230779983898,2,0.033012281127403176
2024-01-09 15:30:00+00:00,4836.203667552751,4254.230779983898,2,0.03275926648944982
2024-01-09 16:30:00+00:00,4837.991977970318,4060.2013469875237,3,0.032401604405936424
2024-01-09 17:30:00+00:00,4838.474579704056,4060.2013469875237,3,0.03230508405918886
2024-01-09 18:30:00+00:00,4838.832672289155,4060.2013469875237,3,0.03223346554216899
2024-01-09 19:30:00+00:00,4839.81204298524,4060.2013469875237,3,0.03203759140295204
2024-01-09 20:30:00+00:00,4838.374061262822,3866.024241505663,4,0.032325187747435646
2024-01-10 14:30:00+00:00,4839.474245921324,3187.778131543947,4,0.03210515081573517
2024-01-10 15:30:00+00:00,4834.203674622472,3572.742509618288,3,0.033159265075505595
2024-01-10 16:30:00+00:00,4836.87834239893,3572.742509618288,3,0.032624331520214045
2024-01-10 17:30:00+00:00,4837.265280123516,3572.742509618288,3,0.03254694397529678
2024-01-10 18:30:00+00:00,4838.8271866659215,3572.742509618288,3,0.03223456266681568
2024-01-10 19:30:00+00:00,4837.290825358454,3572.742509618288,3,0.0325418349283092
2024-01-10 20:30:00+00:00,4838.833034694176,3572.742509618288,3,0.032233393061164906
2024-01-11 14:30:00+00:00,4842.207919817022,3572.742509618288,3,0.03155841603659559
2024-01-11 15:30:00+00:00,4832.672588704691,3572.742509618288,3,0.03346548225906176
2024-01-11 16:30:00+00:00,4832.379343936813,3572.742509618288,3,0.03352413121263742
2024-01-11 17:30:00+00:00,4840.774821070776,3572.742509618288,3,0.031845035785844855
2024-01-11 18:30:00+00:00,4845.880435917692,3378.5307442823796,4,0.030823912816461574
2024-01-11 19:30:00+00:00,4846.187837011997,3378.5307442823796,4,0.030762432597600697
2024-01-11 20:30:00+00:00,4851.79287240583,3378.5307442823796,4,0.029641425518833975
2024-01-12 14:30:00+00:00,4852.951808319875,3378.5307442823796,4,0.029409638336024946
2024-01-12 15:30:00+00:00,4848.818103901883,3378.5307442823796,4,0.03023637921962341
2024-01-12 16:30:00+00:00,4844.908547085083,3476.8498195048264,3,0.031018290582983332
2024-01-12 17:30:00+00:00,4847.10829140067,3476.8498195048264,3,0.030578341719865954
2024-01-12 18:30:00+00:00,4848.675276036451,3476.8498195048264,3,0.030264944792709914
2024-01-12 19:30:00+00:00,4847.50980956873,3087.7969274476604,4,0.030498038086254065
2024-01-12 20:30:00+00:00,4843.419244470386,4067.4826735506717,3,0.031316151105922785
2024-01-16 14:30:00+00:00,4833.813714918519,4442.23738428698,2,0.03323725701629632
2024-01-16 15:30:00+00:00,4833.5403870913415,4442.23738428698,2,0.03329192258173175
2024-01-16 16:30:00+00:00,4832.242387219649,4442.23738428698,2,0.0335515225560703
2024-01-16 17:30:00+00:00,4831.471236274008,4635.0019887482695,1,0.03370575274519838
2024-01-16 18:30:00+00:00,4831.29597638597,4635.0019887482695,1,0.03374080472280605
2024-01-16 19:30:00+00:00,4831.70355465343,4635.0019887482695,1,0.033659289069314036
2024-01-16 20:30:00+00:00,4832.107587957891,4635.0019887482695,1,0.03357848240842176
2024-01-17 14:30:00+00:00,4830.461137599971,4635.0019887482695,1,0.03390777248000576
2024-01-17 15:30:00+00:00,4831.572236893682,4635.0019887482695,1,0.033685552621263604
2024-01-17 16:30:00+00:00,4831.324767650665,4635.0019887482695,1,0.033735046469866914
2024-01-17 17:30:00+00:00,4831.178252788675,4635.0019887482695,1,0.03376434944226492
2024-01-17 18:30:00+00:00,4830.99648866418,4635.0019887482695,1,0.03380070226716403
2024-01-17 19:30:00+00:00,4830.913151207965,4635.0019887482695,1,0.03381736975840699
2024-01-17 20:30:00+00:00,4831.668197500746,4635.0019887482695,1,0.033666360499850834
2024-01-18 14:30:00+00:00,4833.082344892128,4635.0019887482695,1,0.03338353102157432
2024-01-18 15:30:00+00:00,4832.724765507196,4832.724765507196,0,0.033455046898560825
2024-01-18 16:30:00+00:00,4832.724765507196,4832.724765507196,0,0.033455046898560825
2024-01-18 17:30:00+00:00,4832.724765507196,4832.724765507196,0,0.033455046898560825
2024-01-18 18:30:00+00:00,4832.724765507196,4832.724765507196,0,0.033455046898560825
2024-01-18 19:30:00+00:00,4832.104968388944,4638.835847915047,1,0.033579006322211225
2024-01-18 20:30:00+00:00,4832.316240629204,4638.835847915047,1,0.033536751874159165
2024-01-19 14:30:00+00:00,4829.581922136912,3475.547916680291,2,0.03408361557261763
2024-01-19 15:30:00+00:00,4830.246878092907,3475.547916680291,2,0.033950624381418715
2024-01-19 16:30:00+00:00,4826.7731353794625,3475.547916680291,2,0.03464537292410752
2024-01-19 17:30:00+00:00,4831.136202267613,3475.547916680291,2,0.033772759546477404
2024-01-19 18:30:00+00:00,4836.694178908953,3281.7213638337057,3,0.032661164218209304
2024-01-19 19:30:00+00:00,4840.153902860635,3380.139741552416,3,0.03196921942787301
2024-01-19 20:30:00+00:00,4841.879006910093,3185.9589226433036,4,0.03162419861798138
2024-01-22 14:30:00+00:00,4844.873902104464,2704.742411663819,3,0.0310252195791072
2024-01-22 15:30:00+00:00,4850.324852934653,2704.742411663819,3,0.02993502941306947
2024-01-22 16:30:00+00:00,4851.822806237638,2704.742411663819,3,0.02963543875247232
2024-01-22 17:30:00+00:00,4853.39462230583,2510.094557145003,4,0.029321075538834007
2024-01-22 18:30:00+00:00,4857.796076236929,2510.094557145003,4,0.028440784752614134
2024-01-22 19:30:00+00:00,4859.361162487216,2510.094557145003,4,0.028127767502556855
2024-01-22 20:30:00+00:00,4853.18075893378,2510.094557145003,4,0.029363848213243893
2024-01-23 14:30:00+00:00,4871.487581757448,3193.701452485177,3,0.025702483648510355
2024-01-23 15:30:00+00:00,4858.880377442214,3193.701452485177,3,0.028223924511557197
2024-01-23 16:30:00+00:00,4860.657076049158,3193.701452485177,3,0.027868584790168516
2024-01-23 17:30:00+00:00,4862.071664853953,3193.701452485177,3,0.027585667029209393
2024-01-23 18:30:00+00:00,4865.598782721872,3193.701452485177,3,0.026880243455625563
2024-01-23 19:30:00+00:00,4874.614375812082,3193.701452485177,3,0.02507712483758373
2024-01-23 20:30:00+00:00,4871.623508903011,3193.701452485177,3,0.025675298219397846
2024-01-24 14:30:00+00:00,4890.305225735879,4002.4358021630346,3,0.021938954852824266
2024-01-24 15:30:00+00:00,4893.790774087935,4002.4358021630346,3,0.02124184518241312
2024-01-24 16:30:00+00:00,4894.447040438601,4002.4358021630346,3,0.02111059191227982
2024-01-24 17:30:00+00:00,4893.42245914374,4002.4358021630346,3,0.02131550817125205
2024-01-24 18:30:00+00:00,4891.64750666479,3807.7879476442185,3,0.02167049866704196
2024-01-24 19:30:00+00:00,4891.944367798573,3807.7879476442185,3,0.0216111264402854
2024-01-24 20:30:00+00:00,4888.67849543973,4689.618297912495,1,0.022264300912054003
2024-01-25 14:30:00+00:00,4890.850380708359,4689.618297912495,1,0.02182992385832827
2024-01-25 15:30:00+00:00,4890.107738475826,4689.618297912495,1,0.02197845230483475
2024-01-25 16:30:00+00:00,4889.666979789901,4689.618297912495,1,0.022066604042019766
2024-01-25 17:30:00+00:00,4889.23133698359,4689.618297912495,1,0.022153732603282017
2024-01-25 18:30:00+00:00,4889.106503301085,4689.618297912495,1,0.022178699339783114
2024-01-25 19:30:00+00:00,4889.595544072733,4689.618297912495,1,0.022080891185453422
2024-01-25 20:30:00+00:00,4889.957418693966,4689.618297912495,1,0.0220085162612067
2024-01-26 14:30:00+00:00,4890.0873527062995,4689.618297912495,1,0.02198252945874013
2024-01-26 15:30:00+00:00,4891.521696072225,4689.618297912495,1,0.02169566078555507
2024-01-26 16:30:00+00:00,4891.406752053655,4689.618297912495,1,0.021718649589269057
2024-01-26 17:30:00+00:00,4891.328070136182,4689.618297912495,1,0.02173438597276367
2024-01-26 18:30:00+00:00,4891.363741345407,4689.618297912495,1,0.021727251730918606
2024-01-26 19:30:00+00:00,4891.152279804752,4689.618297912495,1,0.021769544039049626
2024-01-26 20:30:00+00:00,4890.446521664759,4689.618297912495,1,0.021910695667048286
2024-01-29 14:30:00+00:00,4893.514587753495,4689.618297912495,1,0.021297082449300953
2024-01-29 15:30:00+00:00,4893.065945326036,4689.618297912495,1,0.021386810934792777
2024-01-29 16:30:00+00:00,4893.3050699360965,4689.618297912495,1,0.021338986012780725
2024-01-29 17:30:00+00:00,4893.4324537835155,4689.618297912495,1,0.02131350924329689
2024-01-29 18:30:00+00:00,4892.98864673308,4892.98864673308,0,0.02140227065338407
2024-01-29 19:30:00+00:00,4894.597368294561,4701.496289368884,1,0.021080526341087702
2024-01-29 20:30:00+00:00,4894.36579462633,4701.496289368884,1,0.02112684107473395
2024-01-30 14:30:00+00:00,4898.231951459927,4701.496289368884,1,0.020353609708014697
2024-01-30 15:30:00+00:00,4896.689067045898,4701.496289368884,1,0.02066218659082042
2024-01-30 16:30:00+00:00,4895.041945971729,4701.496289368884,1,0.02099161080565426
2024-01-30 17:30:00+00:00,4895.4911776215995,4701.496289368884,1,0.02090176447568015
2024-01-30 18:30:00+00:00,4895.257061219938,4701.496289368884,1,0.020948587756012382
2024-01-30 19:30:00+00:00,4895.385122521794,4701.496289368884,1,0.02092297549564115
2024-01-30 20:30:00+00:00,4893.413663236623,4505.093032668527,2,0.021317267352675473
2024-01-31 14:30:00+00:00,4884.918662637058,4694.3124367007285,1,0.023016267472588336
2024-01-31 15:30:00+00:00,4886.736855734321,4694.3124367007285,1,0.022652628853135903
2024-01-31 16:30:00+00:00,4887.042569345179,4694.3124367007285,1,0.022591486130964178
2024-01-31 17:30:00+00:00,4887.543302904894,4694.3124367007285,1,0.02249133941902126
2024-01-31 18:30:00+00:00,4885.822858644897,4694.3124367007285,1,0.022835428271020697
2024-01-31 19:30:00+00:00,4884.4983862019935,4498.293426404287,2,0.023100322759601277
2024-01-31 20:30:00+00:00,4882.231077516058,4498.293426404287,2,0.023553784496788466
2024-02-01 14:30:00+00:00,4880.994256473301,4691.544111259473,1,0.02380114870533978
2024-02-01 15:30:00+00:00,4878.867934714557,4304.225976830257,2,0.024226413057088614
2024-02-01 16:30:00+00:00,4882.288466822626,4304.225976830257,2,0.02354230663547474
2024-02-01 17:30:00+00:00,4883.294715321648,4304.225976830257,2,0.023341056935670346
2024-02-01 18:30:00+00:00,4885.194764069996,4304.225976830257,2,0.02296104718600067
2024-02-01 19:30:00+00:00,4886.759912838606,4304.225976830257,2,0.022648017432278733
2024-02-01 20:30:00+00:00,4888.245707069622,4403.389251081941,2,0.02235085858607566
2024-02-02 14:30:00+00:00,4875.9793916896815,4011.7562647730547,3,0.024804121662063694
2024-02-02 15:30:00+00:00,4877.118530670267,4011.7562647730547,3,0.024576293865946508
2024-02-02 16:30:00+00:00,4875.607528891833,4384.265572008209,2,0.024878494221633463
2024-02-02 17:30:00+00:00,4873.486153770453,4188.657101797976,3,0.025302769245909462
2024-02-02 18:30:00+00:00,4873.136948412956,4188.657101797976,3,0.025372610317408673
2024-02-02 19:30:00+00:00,4873.87592747693,4289.656481939516,2,0.025224814504614
2024-02-02 20:30:00+00:00,4873.176614386232,4289.656481939516,2,0.025364677122753476
2024-02-05 14:30:00+00:00,4869.488277274859,4674.960258053932,1,0.026102344545028244
2024-02-05 15:30:00+00:00,4868.903314766735,4868.903314766735,0,0.026219337046653024
2024-02-05 16:30:00+00:00,4868.903314766735,4868.903314766735,0,0.026219337046653024
2024-02-05 17:30:00+00:00,4868.903314766735,4868.903314766735,0,0.026219337046653024
2024-02-05 18:30:00+00:00,4868.903314766735,4868.903314766735,0,0.026219337046653024
2024-02-05 19:30:00+00:00,4868.903314766735,4868.903314766735,0,0.026219337046653024
2024-02-05 20:30:00+00:00,4868.903314766735,4868.903314766735,0,0.026219337046653024
2024-02-06 14:30:00+00:00,4868.903314766735,4868.903314766735,0,0.026219337046653024
2024-02-06 15:30:00+00:00,4868.903314766735,4868.903314766735,0,0.026219337046653024
2024-02-06 16:30:00+00:00,4868.903314766735,4868.903314766735,0,0.026219337046653024
2024-02-06 17:30:00+00:00,4868.903314766735,4868.903314766735,0,0.026219337046653024
2024-02-06 18:30:00+00:00,4868.903314766735,4868.903314766735,0,0.026219337046653024
2024-02-06 19:30:00+00:00,4868.903314766735,4868.903314766735,0,0.026219337046653024
2024-02-06 20:30:00+00:00,4868.903314766735,4868.903314766735,0,0.026219337046653024
2024-02-07 14:30:00+00:00,4868.903314766735,4868.903314766735,0,0.026219337046653024
2024-02-07 15:30:00+00:00,4868.903314766735,4868.903314766735,0,0.026219337046653024
2024-02-07 16:30:00+00:00,4868.903314766735,4868.903314766735,0,0.026219337046653024
2024-02-07 17:30:00+00:00,4868.903314766735,4868.903314766735,0,0.026219337046653024
2024-02-07 18:30:00+00:00,4868.903314766735,4868.903314766735,0,0.026219337046653024
2024-02-07 19:30:00+00:00,4868.519028291257,4673.5629137782935,1,0.02629619434174857
2024-02-07 20:30:00+00:00,4868.421905673141,4673.5629137782935,1,0.026315618865371815
2024-02-08 14:30:00+00:00,4870.618514602019,4478.222512789852,1,0.025876297079596267
2024-02-08 15:30:00+00:00,4869.8386047090235,4478.222512789852,1,0.026032279058195273
2024-02-08 16:30:00+00:00,4868.866775888994,4282.845507725696,2,0.02622664482220116
2024-02-08 17:30:00+00:00,4866.230338842684,4087.4685026615402,2,0.026753932231463162
2024-02-08 18:30:00+00:00,4862.40205483963,3892.233737100015,3,0.027519589032073966
2024-02-08 19:30:00+00:00,4864.835404346186,3892.233737100015,3,0.027032919130762778
2024-02-08 20:30:00+00:00,4864.465513218709,3892.233737100015,3,0.027106897356258153
2024-02-09 14:30:00+00:00,4869.663014660249,3892.233737100015,3,0.026067397067950138
2024-02-09 15:30:00+00:00,4874.632902534095,3696.9989715384895,3,0.025073419493181093
2024-02-09 16:30:00+00:00,4875.848751005885,3895.3924246109345,3,0.02483024979882298
2024-02-09 17:30:00+00:00,4878.295539056711,3895.3924246109345,3,0.02434089218865776
2024-02-09 18:30:00+00:00,4877.919793969848,3895.3924246109345,3,0.02441604120603047
2024-02-09 19:30:00+00:00,4876.610782091364,3895.3924246109345,3,0.0246778435817272
2024-02-09 20:30:00+00:00,4875.892826203194,3895.3924246109345,3,0.02482143475936116
2024-02-12 14:30:00+00:00,4875.533186217921,3895.3924246109345,3,0.02489336275641585
2024-02-12 15:30:00+00:00,4879.263086222058,3895.3924246109345,3,0.024147382755588476
2024-02-12 16:30:00+00:00,4876.555559773254,3895.3924246109345,3,0.0246888880453493
2024-02-12 17:30:00+00:00,4874.736076440553,3895.3924246109345,3,0.02505278471188943
2024-02-12 18:30:00+00:00,4870.014468949844,3895.3924246109345,3,0.025997106210031262
2024-02-12 19:30:00+00:00,4870.6835795129955,3895.3924246109345,3,0.025863284097400907
2024-02-12 20:30:00+00:00,4868.786145595758,3895.3924246109345,3,0.026242770880848365
2024-02-13 14:30:00+00:00,4848.5357129822705,4848.5357129822705,0,0.030292857403545925
2024-02-13 15:30:00+00:00,4848.5357129822705,4848.5357129822705,0,0.030292857403545925
2024-02-13 16:30:00+00:00,4848.5357129822705,4848.5357129822705,0,0.030292857403545925
2024-02-13 17:30:00+00:00,4847.497295069284,4654.012460177421,1,0.0305005409861433
2024-02-13 18:30:00+00:00,4846.092460236101,4846.092460236101,0,0.030781507952779785
2024-02-13 19:30:00+00:00,4846.092460236101,4846.092460236101,0,0.030781507952779785
2024-02-13 20:30:00+00:00,4846.092460236101,4846.092460236101,0,0.030781507952779785
2024-02-14 14:30:00+00:00,4846.092460236101,4846.092460236101,0,0.030781507952779785
2024-02-14 15:30:00+00:00,4846.092460236101,4846.092460236101,0,0.030781507952779785
2024-02-14 16:30:00+00:00,4846.092460236101,4846.092460236101,0,0.030781507952779785
2024-02-14 17:30:00+00:00,4846.092460236101,4846.092460236101,0,0.030781507952779785
2024-02-14 18:30:00+00:00,4846.092460236101,4846.092460236101,0,0.030781507952779785
2024-02-14 19:30:00+00:00,4846.092460236101,4846.092460236101,0,0.030781507952779785
2024-02-14 20:30:00+00:00,4846.092460236101,4846.092460236101,0,0.030781507952779785
2024-02-15 14:30:00+00:00,4846.092460236101,4846.092460236101,0,0.030781507952779785
2024-02-15 15:30:00+00:00,4844.427847701152,4457.242001226756,1,0.031114430459769582
2024-02-15 16:30:00+00:00,4844.980891348462,4457.242001226756,1,0.03100382173030758
2024-02-15 17:30:00+00:00,4846.3515208508115,4457.242001226756,1,0.030729695829837644
2024-02-15 18:30:00+00:00,4846.760295432824,4457.242001226756,1,0.030647940913435145
2024-02-15 19:30:00+00:00,4845.353598664151,4457.242001226756,1,0.03092928026716979
2024-02-15 20:30:00+00:00,4845.77440789861,4457.242001226756,1,0.03084511842027804
2024-02-16 14:30:00+00:00,4840.405578071783,4840.405578071783,0,0.0319188843856435
2024-02-16 15:30:00+00:00,4840.405578071783,4840.405578071783,0,0.0319188843856435
2024-02-16 16:30:00+00:00,4840.405578071783,4840.405578071783,0,0.0319188843856435
2024-02-16 17:30:00+00:00,4839.880225772972,4646.208506279543,1,0.032023954845405544
2024-02-16 18:30:00+00:00,4839.701391588704,4646.208506279543,1,0.032059721682259235
2024-02-16 19:30:00+00:00,4839.8185568661165,4646.208506279543,1,0.032036288626776654
2024-02-16 20:30:00+00:00,4839.282073132022,4646.208506279543,1,0.03214358537359563
2024-02-20 14:30:00+00:00,4841.424940618961,4646.208506279543,1,0.031715011876207844
2024-02-20 15:30:00+00:00,4840.725035222635,4646.208506279543,1,0.031854992955473116
2024-02-20 16:30:00+00:00,4840.540047320777,4646.208506279543,1,0.03189199053584457
2024-02-20 17:30:00+00:00,4840.697654002167,4646.208506279543,1,0.03186046919956664
2024-02-20 18:30:00+00:00,4840.799030383378,4646.208506279543,1,0.03184019392332449
2024-02-20 19:30:00+00:00,4840.014551456097,4451.995649180562,2,0.03199708970878057
2024-02-20 20:30:00+00:00,4840.088736884584,4451.995649180562,2,0.031982252623083185
2024-02-21 14:30:00+00:00,4840.010076091653,4451.995649180562,2,0.031997984781669375
2024-02-21 15:30:00+00:00,4840.238616499568,4451.995649180562,2,0.03195227670008649
2024-02-21 16:30:00+00:00,4839.790829310698,4451.995649180562,2,0.032041834137860326
2024-02-21 17:30:00+00:00,4839.490703693817,4451.995649180562,2,0.032101859261236654
2024-02-21 18:30:00+00:00,4837.4544915769,4063.6218563272873,3,0.032509101684619957
2024-02-21 19:30:00+00:00,4838.174891152972,4063.6218563272873,3,0.03236502176940559
2024-02-21 20:30:00+00:00,4841.371657221982,4063.6218563272873,3,0.03172566855560366
2024-02-22 14:30:00+00:00,4848.738949171831,4262.344733201862,2,0.03025221016563373
2024-02-22 15:30:00+00:00,4847.833915476872,4262.344733201862,2,0.030433216904625637
2024-02-22 16:30:00+00:00,4848.948372732937,4360.294035941571,2,0.030210325453412623
2024-02-22 17:30:00+00:00,4850.5228307332145,4360.294035941571,2,0.029895433853357134
2024-02-22 18:30:00+00:00,4851.975884873175,4360.294035941571,2,0.029604823025364935
2024-02-22 19:30:00+00:00,4851.4343205285395,4360.294035941571,2,0.029713135894292142
2024-02-22 20:30:00+00:00,4851.493915272486,4360.294035941571,2,0.029701216945502762
2024-02-23 14:30:00+00:00,4853.9589030067455,4655.834890961187,1,0.029208219398650925
2024-02-23 15:30:00+00:00,4853.512916895452,4655.834890961187,1,0.029297416620909678
2024-02-23 16:30:00+00:00,4853.228497040331,4655.834890961187,1,0.02935430059193389
2024-02-23 17:30:00+00:00,4853.237836978264,4655.834890961187,1,0.02935243260434728
2024-02-23 18:30:00+00:00,4853.15905875832,4655.834890961187,1,0.02936818824833609
2024-02-23 19:30:00+00:00,4853.280575751839,4655.834890961187,1,0.02934388484963224
2024-02-23 20:30:00+00:00,4852.866635570695,4655.834890961187,1,0.029426672885861094
2024-02-26 14:30:00+00:00,4854.103109692415,4655.834890961187,1,0.029179378061516936
2024-02-26 15:30:00+00:00,4854.287381940804,4655.834890961187,1,0.02914252361183922
2024-02-26 16:30:00+00:00,4854.256492467752,4854.256492467752,0,0.02914870150644966
2024-02-26 17:30:00+00:00,4854.256492467752,4854.256492467752,0,0.02914870150644966
2024-02-26 18:30:00+00:00,4854.256492467752,4854.256492467752,0,0.02914870150644966
2024-02-26 19:30:00+00:00,4854.256492467752,4854.256492467752,0,0.02914870150644966
2024-02-26 20:30:00+00:00,4854.256492467752,4854.256492467752,0,0.02914870150644966
2024-02-27 14:30:00+00:00,4854.256492467752,4854.256492467752,0,0.02914870150644966
2024-02-27 15:30:00+00:00,4854.256492467752,4854.256492467752,0,0.02914870150644966
2024-02-27 16:30:00+00:00,4854.256492467752,4854.256492467752,0,0.02914870150644966
2024-02-27 17:30:00+00:00,4854.256492467752,4854.256492467752,0,0.02914870150644966
2024-02-27 18:30:00+00:00,4854.256492467752,4854.256492467752,0,0.02914870150644966
2024-02-27 19:30:00+00:00,4854.256492467752,4854.256492467752,0,0.02914870150644966
2024-02-27 20:30:00+00:00,4853.22775098535,4659.503721989946,1,0.029354449802930005
2024-02-28 14:30:00+00:00,4847.057461854414,4464.75095151214,1,0.030588507629117134
2024-02-28 15:30:00+00:00,4851.171048671279,4464.75095151214,1,0.02976579026574422
2024-02-28 16:30:00+00:00,4850.105387277021,4464.75095151214,1,0.029978922544595887
2024-02-28 17:30:00+00:00,4850.705426731582,4270.164723374586,2,0.029858914653683732
2024-02-28 18:30:00+00:00,4850.866403107529,4270.164723374586,2,0.029826719378494237
2024-02-28 19:30:00+00:00,4850.432697523746,4075.5784952370323,2,0.029913460495250677
2024-02-28 20:30:00+00:00,4849.752389670235,4075.5784952370323,2,0.030049522065953016
2024-02-29 14:30:00+00:00,4872.210906246502,4277.629209229287,2,0.025557818750699512
2024-02-29 15:30:00+00:00,4870.211987359921,4277.629209229287,2,0.02595760252801571
2024-02-29 16:30:00+00:00,4871.614446964326,4277.629209229287,2,0.025677110607134845
2024-02-29 17:30:00+00:00,4875.9999466971285,4277.629209229287,2,0.024800010660574245
2024-02-29 18:30:00+00:00,4877.388598534228,4277.629209229287,2,0.024522280293154508
2024-02-29 19:30:00+00:00,4877.941126981051,4486.723851168888,1,0.02441177460378985
2024-02-29 20:30:00+00:00,4876.593738851344,4095.3439178847375,3,0.024681252229731165
2024-03-01 14:30:00+00:00,4885.420079844668,4292.4825694038345,3,0.022915984031066317
2024-03-01 15:30:00+00:00,4884.571903395157,4391.276709660533,3,0.02308561932096853
2024-03-01 16:30:00+00:00,4885.781666070409,4391.276709660533,3,0.022843666785918093
2024-03-01 17:30:00+00:00,4886.234112061138,4591.510750546024,2,0.0227531775877724
2024-03-01 18:30:00+00:00,4886.418291518634,4591.510750546024,2,0.022716341696273235
2024-03-01 19:30:00+00:00,4886.742948743669,4591.510750546024,2,0.022651410251266157
2024-03-01 20:30:00+00:00,4886.852403940612,4591.510750546024,2,0.022629519211877613
2024-03-04 14:30:00+00:00,4884.374476832366,4395.8090418014235,2,0.023125104633526794
2024-03-04 15:30:00+00:00,4880.867754775381,4781.114668093271,1,0.023826449044923703
2024-03-04 16:30:00+00:00,4880.81084261579,4781.114668093271,1,0.023837831476842042
2024-03-04 17:30:00+00:00,4880.132574379632,4585.296361530314,2,0.02397348512407349
2024-03-04 18:30:00+00:00,4880.8356665761785,4585.296361530314,2,0.023832866684764253
2024-03-04 19:30:00+00:00,4880.676724771576,4585.296361530314,2,0.0238646550456848
2024-03-04 20:30:00+00:00,4880.883037752022,4585.296361530314,2,0.023823392449595637
2024-03-05 14:30:00+00:00,4880.918757561705,4781.595096008224,1,0.023816248487658953
2024-03-05 15:30:00+00:00,4880.770291445921,4781.595096008224,1,0.023845941710815666
2024-03-05 16:30:00+00:00,4880.503715699013,4781.595096008224,1,0.02389925686019745
2024-03-05 17:30:00+00:00,4880.97649403491,4781.595096008224,1,0.02380470119301803
2024-03-05 18:30:00+00:00,4880.92700742725,4781.595096008224,1,0.023814598514550034
2024-03-05 19:30:00+00:00,4880.432122472239,4781.595096008224,1,0.023913575505552176
2024-03-05 20:30:00+00:00,4880.638325061227,4781.595096008224,1,0.02387233498775454
2024-03-06 14:30:00+00:00,4880.7290547038065,4781.595096008224,1,0.02385418905923875
2024-03-06 15:30:00+00:00,4881.182696623898,4781.595096008224,1,0.023763460675220394
2024-03-06 16:30:00+00:00,4881.322919166941,4781.595096008224,1,0.0237354161666119
2024-03-06 17:30:00+00:00,4881.388899212886,4781.595096008224,1,0.02372222015742287
2024-03-06 18:30:00+00:00,4881.1579533200675,4781.595096008224,1,0.023768409335986562
2024-03-06 19:30:00+00:00,4881.207439927728,4781.595096008224,1,0.023758512014454336
2024-03-06 20:30:00+00:00,4881.479628855465,4781.595096008224,1,0.02370407422890697
2024-03-07 14:30:00+00:00,4881.5786083635885,4781.595096008224,1,0.02368427832728226
2024-03-07 15:30:00+00:00,4881.895096400112,4585.745500523933,2,0.023620980719977536
2024-03-07 16:30:00+00:00,4882.418808167971,4585.745500523933,2,0.023516238366405706
2024-03-07 17:30:00+00:00,4882.425996103751,4389.863513092828,3,0.023514800779249945
2024-03-07 18:30:00+00:00,4882.852190851856,4389.863513092828,3,0.023429561829628853
2024-03-07 19:30:00+00:00,4881.633026552659,4389.863513092828,3,0.023673394689468163
2024-03-07 20:30:00+00:00,4881.951878373272,4389.863513092828,3,0.023609624325345635
2024-03-08 14:30:00+00:00,4880.891070510051,4292.563154078236,2,0.02382178589798989
2024-03-08 15:30:00+00:00,4877.824346206968,4096.713558593945,2,0.024435130758606483
2024-03-08 16:30:00+00:00,4883.031269994386,4096.713558593945,2,0.02339374600112276
2024-03-08 17:30:00+00:00,4877.3669334716315,4096.713558593945,2,0.02452661330567374
2024-03-08 18:30:00+00:00,4880.31588787354,4096.713558593945,2,0.023936822425291937
2024-03-08 19:30:00+00:00,4878.599009781175,4096.713558593945,2,0.024280198043765133
2024-03-08 20:30:00+00:00,4880.40887857569,4096.713558593945,2,0.0239182242848619
2024-03-11 13:30:00+00:00,4875.384653933667,4096.713558593945,2,0.02492306921326648
2024-03-11 14:30:00+00:00,4879.261703712184,4096.713558593945,2,0.024147659257563237
2024-03-11 15:30:00+00:00,4882.063086715935,4096.713558593945,2,0.023587382656812927
2024-03-11 16:30:00+00:00,4885.255799468679,4096.713558593945,2,0.0229488401062643
2024-03-11 17:30:00+00:00,4887.874034952242,4096.713558593945,2,0.02242519300955159
2024-03-11 18:30:00+00:00,4881.795617457489,3704.5118340957324,3,0.023640876508502107
2024-03-11 19:30:00+00:00,4884.422581778774,3704.5118340957324,3,0.023115483644245205
2024-03-12 13:30:00+00:00,4884.824183561825,4488.36453714959,1,0.023035163287635108
2024-03-12 14:30:00+00:00,4884.818156714568,4488.36453714959,1,0.02303636865708636
2024-03-12 15:30:00+00:00,4884.6164410768315,4488.36453714959,1,0.023076711784633663
2024-03-12 16:30:00+00:00,4887.085023013312,4488.36453714959,1,0.022582995397337657
2024-03-12 17:30:00+00:00,4889.3609663320085,4488.36453714959,1,0.022127806733598265
2024-03-12 18:30:00+00:00,4887.93570193186,4292.20421999587,2,0.022412859613627933
2024-03-12 19:30:00+00:00,4886.6550565871385,4292.20421999587,2,0.022668988682572278
2024-03-13 13:30:00+00:00,4880.406352520309,4686.40895726407,1,0.023918729495938207
2024-03-13 14:30:00+00:00,4880.466989963178,4686.40895726407,1,0.023906602007364386
2024-03-13 15:30:00+00:00,4880.843055449976,4686.40895726407,1,0.02383138891000469
2024-03-13 16:30:00+00:00,4880.643672413533,4686.40895726407,1,0.02387126551729346
2024-03-13 17:30:00+00:00,4880.585317982533,4686.40895726407,1,0.023882936403493482
2024-03-13 18:30:00+00:00,4880.259009201191,4686.40895726407,1,0.023948198159761902
2024-03-13 19:30:00+00:00,4881.2697357956295,4686.40895726407,1,0.023746052840874055
2024-03-14 13:30:00+00:00,4881.2326085175255,4686.40895726407,1,0.02375347829649488
2024-03-14 14:30:00+00:00,4880.802074577374,4686.40895726407,1,0.023839585084525217
2024-03-14 15:30:00+00:00,4881.4660586246755,4686.40895726407,1,0.023706788275064894
2024-03-14 16:30:00+00:00,4880.569401665753,4686.40895726407,1,0.023886119666849503
2024-03-14 17:30:00+00:00,4880.773658365829,4686.40895726407,1,0.0238452683268342
2024-03-14 18:30:00+00:00,4880.363801065074,4686.40895726407,1,0.02392723978698519
2024-03-14 19:30:00+00:00,4880.720598579373,4686.40895726407,1,0.02385588028412544
2024-03-15 13:30:00+00:00,4879.412011798282,4686.40895726407,1,0.024117597640343602
2024-03-15 14:30:00+00:00,4878.18068413537,4490.645640343591,2,0.024363863172926048
2024-03-15 15:30:00+00:00,4874.8667866372,4098.722006269392,2,0.02502664267256005
2024-03-15 16:30:00+00:00,4876.597377713546,4098.722006269392,2,0.024680524457290853
2024-03-15 17:30:00+00:00,4875.542236279979,4098.722006269392,2,0.02489155274400423
2024-03-15 18:30:00+00:00,4874.741545578371,4098.722006269392,2,0.025051690884325795
2024-03-15 19:30:00+00:00,4873.547701032217,3511.4320555079576,2,0.025290459793556486
2024-03-18 13:30:00+00:00,4902.923755186224,3511.4320555079576,2,0.01941524896275515
2024-03-18 14:30:00+00:00,4904.828128413523,4013.168393702146,2,0.019034374317295488
2024-03-18 15:30:00+00:00,4902.393709570861,4403.114656615239,1,0.01952125808582783
2024-03-18 16:30:00+00:00,4901.734440849286,4403.114656615239,1,0.019653111830142733
2024-03-18 17:30:00+00:00,4901.59309074415,4206.458360365227,2,0.019681381851170077
2024-03-18 18:30:00+00:00,4900.173914952302,4009.8134462078256,3,0.019965217009539682
2024-03-18 19:30:00+00:00,4897.956353484247,4009.8134462078256,3,0.02040872930315052
2024-03-19 13:30:00+00:00,4893.3004498280325,4501.783281983734,2,0.021339910034393506
2024-03-19 14:30:00+00:00,4893.480064193628,4501.783281983734,2,0.02130398716127435
2024-03-19 15:30:00+00:00,4893.2985152264,4501.783281983734,2,0.02134029695471995
2024-03-19 16:30:00+00:00,4895.252505918205,4305.460946952811,3,0.02094949881635899
2024-03-19 17:30:00+00:00,4895.199226470685,4305.460946952811,3,0.020960154705862988
2024-03-19 18:30:00+00:00,4894.403322165611,4305.460946952811,3,0.02111933556687784
2024-03-19 19:30:00+00:00,4895.517438583116,4305.460946952811,3,0.020896512283376745
2024-03-20 13:30:00+00:00,4895.86938348394,4305.460946952811,3,0.020826123303212096
2024-03-20 14:30:00+00:00,4896.033615234176,4305.460946952811,3,0.020793276953164797
2024-03-20 15:30:00+00:00,4895.843180062851,4305.460946952811,3,0.020831363987429685
2024-03-20 16:30:00+00:00,4896.457996494419,4305.460946952811,3,0.020708400701116236
2024-03-20 17:30:00+00:00,4898.338157206925,4305.460946952811,3,0.020332368558615088
2024-03-20 18:30:00+00:00,4901.41469652946,4405.123995473008,3,0.019717060694107946
2024-03-20 19:30:00+00:00,4900.3822147496085,4208.480664517711,4,0.01992355705007831
2024-03-21 13:30:00+00:00,4906.476738104879,4408.042121193943,4,0.0187046523790243
2024-03-21 14:30:00+00:00,4906.691860779334,4507.110401313912,4,0.018661627844133166
2024-03-21 15:30:00+00:00,4907.641105284183,4507.110401313912,4,0.01847177894316332
2024-03-21 16:30:00+00:00,4907.144440032072,4507.110401313912,4,0.01857111199358552
2024-03-21 17:30:00+00:00,4906.228645586677,4507.110401313912,4,0.01875427088266457
2024-03-21 18:30:00+00:00,4905.372668513312,4507.110401313912,4,0.01892546629733749
2024-03-21 19:30:00+00:00,4904.533371509656,4507.110401313912,4,0.019093325698068875
2024-03-22 13:30:00+00:00,4903.000379742258,4604.850345162996,3,0.019399924051548445
2024-03-22 14:30:00+00:00,4901.477162820882,4211.430279578602,4,0.019704567435823606
2024-03-22 15:30:00+00:00,4900.470983686806,4310.014729174883,3,0.0199058032626388
2024-03-22 16:30:00+00:00,4900.184987737994,4310.014729174883,3,0.019963002452401235
2024-03-22 17:30:00+00:00,4898.443774320821,3719.8846307982913,3,0.02031124513583582
2024-03-22 18:30:00+00:00,4898.228922096989,3719.8846307982913,3,0.020354215580602242
2024-03-22 19:30:00+00:00,4897.482170140756,3719.8846307982913,3,0.02050356597184877
2024-03-25 13:30:00+00:00,4897.1645218508975,3917.4099080007863,1,0.02056709562982051
2024-03-25 14:30:00+00:00,4891.387225001719,4891.387225001719,0,0.02172255499965614
2024-03-25 15:30:00+00:00,4891.387225001719,4891.387225001719,0,0.02172255499965614
2024-03-25 16:30:00+00:00,4890.572081511622,4695.144769534651,1,0.02188558369767557
2024-03-25 17:30:00+00:00,4889.848813107413,4498.935311560329,2,0.022030237378517503
2024-03-25 18:30:00+00:00,4890.856787132599,4498.935311560329,2,0.021828642573480272
2024-03-25 19:30:00+00:00,4890.58273833406,4498.935311560329,2,0.021883452333188003
2024-03-26 13:30:00+00:00,4888.64998770372,4691.293711491329,1,0.022270002459255922
2024-03-26 14:30:00+00:00,4889.47382054617,4691.293711491329,1,0.022105235890765962
2024-03-26 15:30:00+00:00,4889.539618574878,4691.293711491329,1,0.02209207628502441
2024-03-26 16:30:00+00:00,4889.331583730336,4495.12616929387,2,0.022133683253932723
2024-03-26 17:30:00+00:00,4889.480084118637,4495.12616929387,2,0.0221039831762726
2024-03-26 18:30:00+00:00,4888.868800819449,4495.12616929387,2,0.022226239836110273
2024-03-26 19:30:00+00:00,4887.235422914125,4495.12616929387,2,0.02255291541717508
2024-03-27 13:30:00+00:00,4888.415702829197,4298.95862709641,2,0.02231685943416073
2024-03-27 14:30:00+00:00,4887.233625944418,4298.95862709641,2,0.022553274811116353
2024-03-27 15:30:00+00:00,4887.570612962242,4298.95862709641,2,0.02248587740755159
2024-03-27 16:30:00+00:00,4887.407143831558,4298.95862709641,2,0.0225185712336885
2024-03-27 17:30:00+00:00,4888.326609508881,4298.95862709641,2,0.02233467809822376
2024-03-27 18:30:00+00:00,4888.508465746395,4298.95862709641,2,0.022298306850720984
2024-03-27 19:30:00+00:00,4891.42569328335,4298.95862709641,2,0.021714861343330116
2024-03-28 13:30:00+00:00,4892.20124475709,4497.140354550812,2,0.0215597510485821
2024-03-28 14:30:00+00:00,4892.743653455453,4497.140354550812,2,0.021451269308909504
2024-03-28 15:30:00+00:00,4892.963532038515,4497.140354550812,2,0.021407293592296983
2024-03-28 16:30:00+00:00,4893.218224356496,4497.140354550812,2,0.02135635512870082
2024-03-28 17:30:00+00:00,4894.216230819236,4497.140354550812,2,0.021156753836152675
2024-03-28 18:30:00+00:00,4894.387631348616,4497.140354550812,2,0.02112247373027676
2024-03-28 19:30:00+00:00,4893.988361400849,4497.140354550812,2,0.021202327719830327
2024-04-01 13:30:00+00:00,4897.669162375655,4697.983255083672,1,0.02046616752486896
2024-04-01 14:30:00+00:00,4898.476080286019,4697.983255083672,1,0.020304783942796112
2024-04-01 15:30:00+00:00,4898.630602891509,4697.983255083672,1,0.020273879421698227
2024-04-01 16:30:00+00:00,4898.6477618822,4697.983255083672,1,0.020270447623560006
2024-04-01 17:30:00+00:00,4899.076972421886,4697.983255083672,1,0.020184605515622733
2024-04-01 18:30:00+00:00,4898.922462914863,4697.983255083672,1,0.02021550741702738
2024-04-01 19:30:00+00:00,4898.767940309373,4697.983255083672,1,0.020246411938125264
2024-04-02 13:30:00+00:00,4898.820169092515,4898.820169092515,0,0.020235966181496923
2024-04-02 14:30:00+00:00,4898.820169092515,4898.820169092515,0,0.020235966181496923
2024-04-02 15:30:00+00:00,4898.820169092515,4898.820169092515,0,0.020235966181496923
2024-04-02 16:30:00+00:00,4898.997274237806,4702.279503908523,1,0.020200545152438854
2024-04-02 17:30:00+00:00,4898.849862360366,4702.279503908523,1,0.020230027527926686
2024-04-02 18:30:00+00:00,4899.833949718031,4702.279503908523,1,0.02003321005639369
2024-04-02 19:30:00+00:00,4899.7742093887055,4505.69688730532,2,0.020045158122258933
2024-04-03 13:30:00+00:00,4901.812356985082,4605.54461819437,2,0.01963752860298351
2024-04-03 14:30:00+00:00,4902.3905819418205,4605.54461819437,2,0.01952188361163587
2024-04-03 15:30:00+00:00,4901.127050302446,4408.962001591167,2,0.019774589939510756
2024-04-03 16:30:00+00:00,4898.79264785868,3819.214151781557,2,0.020241470428264074
2024-04-03 17:30:00+00:00,4896.566178422465,3622.6700413122603,3,0.020686764315506978
2024-04-03 18:30:00+00:00,4895.432168408379,3426.1259308429635,3,0.020913566318324195
2024-04-03 19:30:00+00:00,4897.964798282312,3426.1259308429635,3,0.020407040343537686
2024-04-04 13:30:00+00:00,4907.096670051989,3528.1389184493573,2,0.018580665989602174
2024-04-04 14:30:00+00:00,4903.186663182269,3528.1389184493573,2,0.019362667363546304
2024-04-04 15:30:00+00:00,4906.115923339594,3528.1389184493573,2,0.018776815332081198
2024-04-04 16:30:00+00:00,4906.421649281252,3331.306599347418,3,0.01871567014374964
2024-04-04 17:30:00+00:00,4888.61598650544,4304.944990050441,2,0.02227680269891208
2024-04-04 18:30:00+00:00,4882.379903418876,4490.100620530265,1,0.02352401931622483
2024-04-04 19:30:00+00:00,4882.2810384289505,4490.100620530265,1,0.023543792314209888
2024-04-05 13:30:00+00:00,4883.434505217562,4490.100620530265,1,0.023313098956487588
2024-04-05 14:30:00+00:00,4885.313015457212,4490.100620530265,1,0.022937396908557672
2024-04-05 15:30:00+00:00,4884.785727129713,4490.100620530265,1,0.023042854574057303
2024-04-05 16:30:00+00:00,4884.456168782066,4490.100620530265,1,0.02310876624358682
2024-04-05 17:30:00+00:00,4882.64356015447,4490.100620530265,1,0.023471287969106025
2024-04-05 18:30:00+00:00,4883.40154183969,4490.100620530265,1,0.023319691632061934
2024-04-05 19:30:00+00:00,4884.5550337719915,4490.100620530265,1,0.023088993245601652
2024-04-08 13:30:00+00:00,4885.893456229027,3902.4134518865935,3,0.022821308754194636
2024-04-08 14:30:00+00:00,4886.970473489327,3902.4134518865935,3,0.022605905302134688
2024-04-08 15:30:00+00:00,4884.163207710735,3902.4134518865935,3,0.023167358457853005
2024-04-08 16:30:00+00:00,4884.721733650327,3902.4134518865935,3,0.02305565326993453
2024-04-08 17:30:00+00:00,4887.847059081586,3902.4134518865935,3,0.02243058818368282
2024-04-08 18:30:00+00:00,4885.3397480460235,3902.4134518865935,3,0.022932050390795267
2024-04-08 19:30:00+00:00,4885.267093790488,3902.4134518865935,3,0.02294658124190241
2024-04-09 13:30:00+00:00,4875.928050845323,3706.5334012900917,3,0.024814389830935424
2024-04-09 14:30:00+00:00,4873.034032736444,3118.893249500586,3,0.025393193452711293
2024-04-09 15:30:00+00:00,4879.953287677957,3118.893249500586,3,0.024009342464408667
2024-04-09 16:30:00+00:00,4881.295963418475,3118.893249500586,3,0.0237408073163049
2024-04-09 17:30:00+00:00,4878.313951864768,3118.893249500586,3,0.02433720962704644
2024-04-09 18:30:00+00:00,4883.875281476721,3118.893249500586,3,0.023224943704655776
2024-04-09 19:30:00+00:00,4886.1915103062,3118.893249500586,3,0.02276169793875993
2024-04-10 13:30:00+00:00,4872.942982107956,3892.1799350316824,1,0.025411403578408875
2024-04-10 14:30:00+00:00,4870.919634572435,3696.6774625895114,2,0.025816073085513036
2024-04-10 15:30:00+00:00,4868.390908595487,3501.1749901473404,2,0.02632181828090252
2024-04-10 16:30:00+00:00,4869.173267563635,3501.1749901473404,2,0.026165346487272978
2024-04-10 17:30:00+00:00,4866.035730147472,3501.1749901473404,2,0.02679285397050557
2024-04-10 18:30:00+00:00,4866.830455606027,3501.1749901473404,2,0.026633908878794688
2024-04-10 19:30:00+00:00,4865.318402477373,3501.1749901473404,2,0.026936319504525463
2024-04-11 13:30:00+00:00,4858.398976970441,4470.038069246055,1,0.02832020460591178
2024-04-11 14:30:00+00:00,4858.139130437191,4470.038069246055,1,0.02837217391256186
2024-04-11 15:30:00+00:00,4858.473206699449,4470.038069246055,1,0.02830535866011019
2024-04-11 16:30:00+00:00,4861.015992654911,4470.038069246055,1,0.02779680146901775
2024-04-11 17:30:00+00:00,4864.707144521028,4470.038069246055,1,0.02705857109579446
2024-04-11 18:30:00+00:00,4865.600450172448,4470.038069246055,1,0.026879909965510373
2024-04-11 19:30:00+00:00,4865.322053287233,4470.038069246055,1,0.026935589342553468
2024-04-12 13:30:00+00:00,4854.849846459873,3883.5306519195415,1,0.029030030708025345
2024-04-12 14:30:00+00:00,4858.122542412316,3883.5306519195415,1,0.02837549151753682
2024-04-12 15:30:00+00:00,4855.2706685329285,3883.5306519195415,1,0.028945866293414335
2024-04-12 16:30:00+00:00,4853.540796614043,3883.5306519195415,1,0.029291840677191483
2024-04-12 17:30:00+00:00,4853.961618687098,3883.5306519195415,1,0.029207676262580362
2024-04-12 18:30:00+00:00,4852.769420266198,3883.5306519195415,1,0.029446115946760387
2024-04-12 19:30:00+00:00,4855.364121137726,3883.5306519195415,1,0.02892717577245474
2024-04-15 13:30:00+00:00,4872.4286381116535,3883.5306519195415,1,0.025514272377669345
2024-04-15 14:30:00+00:00,4871.5403390010115,3883.5306519195415,1,0.025691932199797707
2024-04-15 15:30:00+00:00,4865.322316564384,3883.5306519195415,1,0.02693553668712323
2024-04-15 16:30:00+00:00,4850.941886808406,3883.5306519195415,1,0.029811622638318824
2024-04-15 17:30:00+00:00,4846.297430163395,4846.297430163395,0,0.030740513967321026
2024-04-15 18:30:00+00:00,4846.297430163395,4846.297430163395,0,0.030740513967321026
2024-04-15 19:30:00+00:00,4846.297430163395,4846.297430163395,0,0.030740513967321026
2024-04-16 13:30:00+00:00,4846.297430163395,4846.297430163395,0,0.030740513967321026
2024-04-16 14:30:00+00:00,4846.297430163395,4846.297430163395,0,0.030740513967321026
2024-04-16 15:30:00+00:00,4846.297430163395,4846.297430163395,0,0.030740513967321026
2024-04-16 16:30:00+00:00,4846.297430163395,4846.297430163395,0,0.030740513967321026
2024-04-16 17:30:00+00:00,4846.297430163395,4846.297430163395,0,0.030740513967321026
2024-04-16 18:30:00+00:00,4846.297430163395,4846.297430163395,0,0.030740513967321026
2024-04-16 19:30:00+00:00,4846.297430163395,4846.297430163395,0,0.030740513967321026
2024-04-17 13:30:00+00:00,4846.297430163395,4846.297430163395,0,0.030740513967321026
2024-04-17 14:30:00+00:00,4846.297430163395,4846.297430163395,0,0.030740513967321026
2024-04-17 15:30:00+00:00,4846.297430163395,4846.297430163395,0,0.030740513967321026
2024-04-17 16:30:00+00:00,4846.297430163395,4846.297430163395,0,0.030740513967321026
2024-04-17 17:30:00+00:00,4846.297430163395,4846.297430163395,0,0.030740513967321026
2024-04-17 18:30:00+00:00,4845.330263484385,4651.86397726524,1,0.030933947303123044
2024-04-17 19:30:00+00:00,4845.243199219807,4651.86397726524,1,0.03095136015603861
2024-04-18 13:30:00+00:00,4846.606792931144,4457.430524367084,1,0.03067864141377119
2024-04-18 14:30:00+00:00,4847.36823914529,4457.430524367084,1,0.030526352170941906
2024-04-18 15:30:00+00:00,4847.343249965417,4457.430524367084,1,0.030531350006916536
2024-04-18 16:30:00+00:00,4848.104696179564,4457.430524367084,1,0.03037906076408725
2024-04-18 17:30:00+00:00,4847.630358881122,4457.430524367084,1,0.03047392822377548
2024-04-18 18:30:00+00:00,4848.05475591308,4457.430524367084,1,0.030389048817384023
2024-04-18 19:30:00+00:00,4846.931347523397,4457.430524367084,1,0.03061373049532068
2024-04-19 13:30:00+00:00,4842.9369642564525,4457.430524367084,1,0.031412607148709526
2024-04-19 14:30:00+00:00,4842.974409933,4457.430524367084,1,0.03140511801339996
2024-04-19 15:30:00+00:00,4838.619999251131,4838.619999251131,0,0.03227600014977383
2024-04-19 16:30:00+00:00,4838.619999251131,4838.619999251131,0,0.03227600014977383
2024-04-19 17:30:00+00:00,4838.619999251131,4838.619999251131,0,0.03227600014977383
2024-04-19 18:30:00+00:00,4838.619999251131,4838.619999251131,0,0.03227600014977383
2024-04-19 19:30:00+00:00,4838.619999251131,4838.619999251131,0,0.03227600014977383
2024-04-22 13:30:00+00:00,4838.619999251131,4838.619999251131,0,0.03227600014977383
2024-04-22 14:30:00+00:00,4838.619999251131,4838.619999251131,0,0.03227600014977383
2024-04-22 15:30:00+00:00,4838.619999251131,4838.619999251131,0,0.03227600014977383
2024-04-22 16:30:00+00:00,4838.619999251131,4838.619999251131,0,0.03227600014977383
2024-04-22 17:30:00+00:00,4838.619999251131,4838.619999251131,0,0.03227600014977383
2024-04-22 18:30:00+00:00,4837.61122030306,4644.494564881175,1,0.032477755939388064
2024-04-22 19:30:00+00:00,4837.587429453967,4644.494564881175,1,0.03248251410920655
2024-04-23 13:30:00+00:00,4838.170187300579,4644.494564881175,1,0.03236596253988433
2024-04-23 14:30:00+00:00,4838.812395049269,4644.494564881175,1,0.03223752099014621
2024-04-23 15:30:00+00:00,4839.649279668654,4450.362366080664,2,0.03207014406626918
2024-04-23 16:30:00+00:00,4839.35661820896,4450.362366080664,2,0.03212867635820804
2024-04-23 17:30:00+00:00,4840.084880872753,4450.362366080664,2,0.031983023825449375
2024-04-23 18:30:00+00:00,4838.947082042691,4450.362366080664,2,0.03221058359146167
2024-04-23 19:30:00+00:00,4838.7065596000075,4450.362366080664,2,0.03225868807999854
2024-04-24 13:30:00+00:00,4843.156725234762,4549.991743110261,2,0.031368654953047526
2024-04-24 14:30:00+00:00,4842.017597253887,4549.991743110261,2,0.031596480549222594
2024-04-24 15:30:00+00:00,4841.549952469024,4549.991743110261,2,0.03169000950619516
2024-04-24 16:30:00+00:00,4841.926304549314,4549.991743110261,2,0.03161473909013712
2024-04-24 17:30:00+00:00,4842.6415443656615,4549.991743110261,2,0.03147169112686765
2024-04-24 18:30:00+00:00,4843.959163649199,4549.991743110261,2,0.031208167270160292
2024-04-24 19:30:00+00:00,4843.777484824319,4549.991743110261,2,0.031244503035136262
2024-04-25 13:30:00+00:00,4841.086789858083,4549.991743110261,2,0.031782642028383434
2024-04-25 14:30:00+00:00,4842.600639856117,4549.991743110261,2,0.03147987202877667
2024-04-25 15:30:00+00:00,4842.990745987874,4549.991743110261,2,0.03140185080242519
2024-04-25 16:30:00+00:00,4843.510240115955,4549.991743110261,2,0.03129795197680907
2024-04-25 17:30:00+00:00,4844.2315745591595,4549.991743110261,2,0.03115368508816807
2024-04-25 18:30:00+00:00,4845.15064496915,4549.991743110261,2,0.030969871006170102
2024-04-25 19:30:00+00:00,4844.306247269541,4549.991743110261,2,0.03113875054609183
2024-04-26 13:30:00+00:00,4846.2704918754625,4355.866308740306,2,0.030745901624907535
2024-04-26 14:30:00+00:00,4844.611090357668,4355.866308740306,2,0.03107778192846633
2024-04-26 15:30:00+00:00,4844.803680868031,4743.088633031382,1,0.03103926382639388
2024-04-26 16:30:00+00:00,4845.421724788599,4743.088633031382,1,0.03091565504228022
2024-04-26 17:30:00+00:00,4845.057980689252,4548.689708684286,2,0.030988403862149627
2024-04-26 18:30:00+00:00,4846.044961256486,4354.3036741335345,3,0.030791007748702803
2024-04-26 19:30:00+00:00,4844.174925276791,4456.189497633659,2,0.031165014944641745
2024-04-29 13:30:00+00:00,4846.9495621817205,4456.189497633659,2,0.030610087563655908
2024-04-29 14:30:00+00:00,4846.458078251422,4456.189497633659,2,0.030708384349715567
2024-04-29 15:30:00+00:00,4846.2420106444115,4456.189497633659,2,0.030751597871117697
2024-04-29 16:30:00+00:00,4845.485303389276,4456.189497633659,2,0.03090293932214483
2024-04-29 17:30:00+00:00,4844.632200873059,4456.189497633659,2,0.031073559825388064
2024-04-29 18:30:00+00:00,4842.730099834418,4261.790573286563,2,0.03145398003311639
2024-04-29 19:30:00+00:00,4844.485008560236,4261.790573286563,2,0.03110299828795282
2024-04-30 13:30:00+00:00,4842.296711038758,4261.790573286563,2,0.03154065779224835
2024-04-30 14:30:00+00:00,4838.903635208073,4261.790573286563,2,0.03221927295838545
2024-04-30 15:30:00+00:00,4841.761016856941,4261.790573286563,2,0.031647796628611835
2024-04-30 16:30:00+00:00,4841.341207175967,4261.790573286563,2,0.0317317585648067
2024-04-30 17:30:00+00:00,4840.11977464308,4261.790573286563,2,0.031976045071384074
2024-04-30 18:30:00+00:00,4840.326385577654,4261.790573286563,2,0.03193472288446919
2024-04-30 19:30:00+00:00,4835.41176270583,4067.404538735811,2,0.032917647458833965
2024-05-01 13:30:00+00:00,4829.939991185827,3863.346287405588,1,0.03401200176283459
2024-05-01 14:30:00+00:00,4834.642307044111,3863.346287405588,1,0.03307153859117784
2024-05-01 15:30:00+00:00,4841.8264494370715,3863.346287405588,1,0.03163471011258567
2024-05-01 16:30:00+00:00,4840.154545027861,3863.346287405588,1,0.031969090994427796
2024-05-01 17:30:00+00:00,4838.69159877308,3863.346287405588,1,0.032261680245384006
2024-05-01 18:30:00+00:00,4848.017940940754,3863.346287405588,1,0.030396411811849267
2024-05-01 19:30:00+00:00,4830.005004007132,3474.3570518993133,2,0.03399899919857363
2024-05-02 13:30:00+00:00,4829.777049883773,3474.3570518993133,2,0.03404459002324545
2024-05-02 14:30:00+00:00,4831.822358870542,4444.119606729272,1,0.03363552822589155
2024-05-02 15:30:00+00:00,4828.833573925615,4444.119606729272,1,0.034233285214876896
2024-05-02 16:30:00+00:00,4830.722544987327,4250.386803743377,2,0.0338554910025346
2024-05-02 17:30:00+00:00,4830.2313552730375,4056.5773441739348,3,0.0339537289453925
2024-05-02 18:30:00+00:00,4830.850182818871,4056.5773441739348,3,0.033829963436225796
2024-05-02 19:30:00+00:00,4829.508801985861,4056.5773441739348,3,0.03409823960282776
2024-05-03 13:30:00+00:00,4834.956340476756,3862.767884604493,3,0.033008731904648814
2024-05-03 14:30:00+00:00,4834.535361164253,3962.117741727722,3,0.03309292776714934
2024-05-03 15:30:00+00:00,4835.85699441356,3962.117741727722,3,0.032828601117288025
2024-05-03 16:30:00+00:00,4835.89798496587,3962.117741727722,3,0.03282040300682598
2024-05-03 17:30:00+00:00,4836.121943712076,3962.117741727722,3,0.03277561125758477
2024-05-03 18:30:00+00:00,4837.250618382087,3962.117741727722,3,0.03254987632358264
2024-05-03 19:30:00+00:00,4836.483185824363,3962.117741727722,3,0.032703362835127314
2024-05-06 13:30:00+00:00,4834.8102697022805,4343.11392409419,2,0.03303794605954391
2024-05-06 14:30:00+00:00,4835.610205120031,4343.11392409419,2,0.03287795897599377
2024-05-06 15:30:00+00:00,4836.050058139155,4343.11392409419,2,0.032789988372168954
2024-05-06 16:30:00+00:00,4837.674480045933,4343.11392409419,2,0.03246510399081348
2024-05-06 17:30:00+00:00,4838.807865836929,4343.11392409419,2,0.03223842683261424
2024-05-06 18:30:00+00:00,4839.191451471238,4148.980864310312,3,0.032161709705752384
2024-05-06 19:30:00+00:00,4842.092748193713,4148.980864310312,3,0.03158145036125737
2024-05-07 13:30:00+00:00,4843.593380933923,4449.8125211079405,2,0.031281323813215356
2024-05-07 14:30:00+00:00,4842.514766438238,4449.8125211079405,2,0.03149704671235232
2024-05-07 15:30:00+00:00,4842.313283378875,4449.8125211079405,2,0.031537343324224976
2024-05-07 16:30:00+00:00,4841.895695680247,4648.138000940641,1,0.03162086086395066
2024-05-07 17:30:00+00:00,4842.121521758885,4648.138000940641,1,0.031575695648222935
2024-05-07 18:30:00+00:00,4842.203641756826,4648.138000940641,1,0.03155927164863481
2024-05-07 19:30:00+00:00,4842.224175672008,4648.138000940641,1,0.031555164865598506
2024-05-08 13:30:00+00:00,4843.7901409552205,4745.843757106377,1,0.031241971808955937
2024-05-08 14:30:00+00:00,4844.2725861538775,4745.843757106377,1,0.031145482769224464
2024-05-08 15:30:00+00:00,4844.375232235606,4745.843757106377,1,0.03112495355287881
2024-05-08 16:30:00+00:00,4844.539472231486,4745.843757106377,1,0.031092105553702787
2024-05-08 17:30:00+00:00,4844.467619191137,4745.843757106377,1,0.031106476161772645
2024-05-08 18:30:00+00:00,4844.505390004609,4745.843757106377,1,0.031098921999078266
2024-05-08 19:30:00+00:00,4844.323913110438,4745.843757106377,1,0.03113521737791236
2024-05-09 13:30:00+00:00,4844.0980870318,4745.843757106377,1,0.031180382593639977
2024-05-09 14:30:00+00:00,4843.923587909722,4745.843757106377,1,0.03121528241805549
2024-05-09 15:30:00+00:00,4843.882527910752,4745.843757106377,1,0.03122349441784955
2024-05-09 16:30:00+00:00,4843.9543809511015,4745.843757106377,1,0.031209123809779693
2024-05-09 17:30:00+00:00,4843.86199399557,4745.843757106377,1,0.03122760120088608
2024-05-09 18:30:00+00:00,4843.9954409500715,4745.843757106377,1,0.031200911809985743
2024-05-09 19:30:00+00:00,4843.974907034889,4745.843757106377,1,0.03120501859302216
2024-05-10 13:30:00+00:00,4843.944113993511,4745.843757106377,1,0.031211177201297846
2024-05-10 14:30:00+00:00,4843.890946659349,4745.843757106377,1,0.031221810668130234
2024-05-10 15:30:00+00:00,4843.915898342225,4843.915898342225,0,0.03121682033155504
2024-05-10 16:30:00+00:00,4843.915898342225,4843.915898342225,0,0.03121682033155504
2024-05-10 17:30:00+00:00,4843.915898342225,4843.915898342225,0,0.03121682033155504
2024-05-10 18:30:00+00:00,4843.915898342225,4843.915898342225,0,0.03121682033155504
2024-05-10 19:30:00+00:00,4843.915898342225,4843.915898342225,0,0.03121682033155504
2024-05-13 13:30:00+00:00,4843.915898342225,4843.915898342225,0,0.03121682033155504
2024-05-13 14:30:00+00:00,4843.915898342225,4843.915898342225,0,0.03121682033155504
2024-05-13 15:30:00+00:00,4843.915898342225,4843.915898342225,0,0.03121682033155504
2024-05-13 16:30:00+00:00,4843.915898342225,4843.915898342225,0,0.03121682033155504
2024-05-13 17:30:00+00:00,4843.3157369219825,4649.577992500735,1,0.03133685261560348
2024-05-13 18:30:00+00:00,4843.110823991772,4455.266375315556,2,0.03137783520164561
2024-05-13 19:30:00+00:00,4841.937418574687,4260.961279119172,3,0.031612516285062564
2024-05-14 13:30:00+00:00,4848.013014947048,4356.900327643913,3,0.03039739701059041
2024-05-14 14:30:00+00:00,4847.501743330792,4162.393594232062,4,0.030499651333841582
2024-05-14 15:30:00+00:00,4843.341371585689,3967.8868608202115,4,0.031331725682862244
2024-05-14 16:30:00+00:00,4843.549940802272,3773.548954978721,4,0.031290011839545495
2024-05-14 17:30:00+00:00,4845.862644819235,3872.560273603971,4,0.03082747103615291
2024-05-14 18:30:00+00:00,4849.420767842223,3872.560273603971,4,0.030115846431555515
2024-05-14 19:30:00+00:00,4850.359619366169,3872.560273603971,4,0.02992807612676629
2024-05-15 13:30:00+00:00,4856.422711525399,3872.560273603971,4,0.028715457694920232
2024-05-15 14:30:00+00:00,4853.307837096089,4170.257059339104,3,0.02933843258078217
2024-05-15 15:30:00+00:00,4852.848314296854,4170.257059339104,3,0.029430337140629148
2024-05-15 16:30:00+00:00,4852.756079987275,4170.257059339104,3,0.029448784002544914
2024-05-15 17:30:00+00:00,4853.427431964228,4170.257059339104,3,0.029314513607154313
2024-05-15 18:30:00+00:00,4858.543271850844,4170.257059339104,3,0.028291345629831266
2024-05-15 19:30:00+00:00,4853.81651878144,4170.257059339104,3,0.029236696243711946
2024-05-16 13:30:00+00:00,4854.25307703314,4266.831676653971,2,0.02914938459337213
2024-05-16 14:30:00+00:00,4853.930655583358,4266.831676653971,2,0.02921386888332833
2024-05-16 15:30:00+00:00,4852.078404030984,4266.831676653971,2,0.02958431919380322
2024-05-16 16:30:00+00:00,4849.356406130226,4072.1567621162067,3,0.030128718773954843
2024-05-16 17:30:00+00:00,4849.7027117406415,4072.1567621162067,3,0.03005945765187168
2024-05-16 18:30:00+00:00,4849.8010379108255,4072.1567621162067,3,0.030039792417834943
2024-05-16 19:30:00+00:00,4849.565874164222,4072.1567621162067,3,0.030086825167155662
2024-05-17 13:30:00+00:00,4856.881859656487,3877.4818475784423,3,0.028623628068702556
2024-05-17 14:30:00+00:00,4854.206795285428,4268.0190833036695,2,0.029158640942914427
2024-05-17 15:30:00+00:00,4854.219212875145,4268.0190833036695,2,0.02915615742497102
2024-05-17 16:30:00+00:00,4854.641862969715,4268.0190833036695,2,0.029071627406057066
2024-05-17 17:30:00+00:00,4854.335336535059,4268.0190833036695,2,0.029132932692988334
2024-05-17 18:30:00+00:00,4854.114445428943,4464.028293609012,1,0.02917711091421138
2024-05-17 19:30:00+00:00,4854.650374406671,4464.028293609012,1,0.029069925118665796
2024-05-20 13:30:00+00:00,4854.602727391223,4464.028293609012,1,0.02907945452175531
2024-05-20 14:30:00+00:00,4854.96002549105,4464.028293609012,1,0.029007994901789957
2024-05-20 15:30:00+00:00,4854.40029117761,4464.028293609012,1,0.029119941764478074
2024-05-20 16:30:00+00:00,4854.864731460153,4464.028293609012,1,0.02902705370796943
2024-05-20 17:30:00+00:00,4854.88857313989,4464.028293609012,1,0.029022285372022116
2024-05-20 18:30:00+00:00,4854.7932791089925,4464.028293609012,1,0.029041344178201478
2024-05-20 19:30:00+00:00,4854.412175673453,4464.028293609012,1,0.029117564865309364
2024-05-21 13:30:00+00:00,4855.22202955998,4464.028293609012,1,0.028955594088003966
2024-05-21 14:30:00+00:00,4854.102560933099,4464.028293609012,1,0.0291794878133802
2024-05-21 15:30:00+00:00,4853.552740996344,4269.279788724238,2,0.02928945180073117
2024-05-21 16:30:00+00:00,4853.321584648332,4269.279788724238,2,0.02933568307033363
2024-05-21 17:30:00+00:00,4853.0972788217,4269.279788724238,2,0.029380544235660055
2024-05-21 18:30:00+00:00,4853.442450438699,4074.5312838394643,2,0.02931150991226028
2024-05-21 19:30:00+00:00,4853.817171205579,4074.5312838394643,2,0.029236565758884225
2024-05-22 13:30:00+00:00,4853.557420075239,4466.524312110541,1,0.02928851598495219
2024-05-22 14:30:00+00:00,4853.94390832862,4466.524312110541,1,0.02921121833427609
2024-05-22 15:30:00+00:00,4854.298520390461,4466.524312110541,1,0.02914029592190781
2024-05-22 16:30:00+00:00,4854.578388279039,4466.524312110541,1,0.029084322344192115
2024-05-22 17:30:00+00:00,4850.5083820299205,4466.524312110541,1,0.029898323594015896
2024-05-22 18:30:00+00:00,4851.802200287026,4466.524312110541,1,0.029639559942594818
2024-05-22 19:30:00+00:00,4853.601201452531,3882.2787974562207,1,0.029279759709493702
2024-05-23 13:30:00+00:00,4866.843680881389,3882.2787974562207,1,0.026631263823722162
2024-05-23 14:30:00+00:00,4841.6295815637895,4841.6295815637895,0,0.031674083687242116
2024-05-23 15:30:00+00:00,4841.6295815637895,4841.6295815637895,0,0.031674083687242116
2024-05-23 16:30:00+00:00,4840.428886881603,4647.38340275145,1,0.03191422262367938
2024-05-23 17:30:00+00:00,4836.910112731075,4453.137223939111,1,0.03261797745378503
2024-05-23 18:30:00+00:00,4833.124216611027,3870.3986875020937,1,0.03337515667779467
2024-05-23 19:30:00+00:00,4839.527807200625,3870.3986875020937,1,0.03209443855987504
2024-05-24 13:30:00+00:00,4828.933539884582,4828.933539884582,0,0.03421329202308354
2024-05-24 14:30:00+00:00,4828.365977068823,4635.196726264413,1,0.03432680458623549
2024-05-24 15:30:00+00:00,4828.585721653973,4635.196726264413,1,0.0342828556692053
2024-05-24 16:30:00+00:00,4828.368396810191,4635.196726264413,1,0.034326320637961705
2024-05-24 17:30:00+00:00,4828.3110664318565,4635.196726264413,1,0.03433778671362875
2024-05-24 18:30:00+00:00,4827.161794739866,4463.441038265847,2,0.0345676410520267
2024-05-24 19:30:00+00:00,4826.586453852205,4463.441038265847,2,0.03468270922955907
2024-05-28 13:30:00+00:00,4825.8276013670575,4652.426604213173,1,0.034834479726588485
2024-05-28 14:30:00+00:00,4828.952683849558,4652.426604213173,1,0.034209463230088444
2024-05-28 15:30:00+00:00,4828.942536817948,4652.426604213173,1,0.03421149263641032
2024-05-28 16:30:00+00:00,4830.1018648239815,4458.689841125843,2,0.03397962703520374
2024-05-28 17:30:00+00:00,4828.097401942465,4458.689841125843,2,0.03438051961150701
2024-05-28 18:30:00+00:00,4828.1493014513935,4458.689841125843,2,0.03437013970972125
2024-05-28 19:30:00+00:00,4828.4144381751985,4264.97864505141,3,0.03431711236496027
2024-05-29 13:30:00+00:00,4820.670189372914,3706.05070671223,4,0.03586596212541715
2024-05-29 14:30:00+00:00,4822.305587435323,3706.05070671223,4,0.035538882512935355
2024-05-29 15:30:00+00:00,4818.257307700111,3124.9171184889324,4,0.036348538459977875
2024-05-29 16:30:00+00:00,4817.817608498421,3124.9171184889324,4,0.03643647830031582
2024-05-29 17:30:00+00:00,4808.694703113777,4080.597644605554,3,0.038261059377244555
2024-05-29 18:30:00+00:00,4811.324902217945,4080.597644605554,3,0.0377350195564109
2024-05-29 19:30:00+00:00,4810.089497387069,4080.597644605554,3,0.037982100522586215
2024-05-30 13:30:00+00:00,4805.5231221913855,4268.492130883355,2,0.038895375561722956
2024-05-30 14:30:00+00:00,4805.814578918796,4075.6930891074094,3,0.03883708421624088
2024-05-30 15:30:00+00:00,4809.350987967714,4075.6930891074094,3,0.03812980240645725
2024-05-30 16:30:00+00:00,4812.753434267761,4075.6930891074094,3,0.03744931314644784
2024-05-30 17:30:00+00:00,4810.9575964747155,4075.6930891074094,3,0.037808480705056935
2024-05-30 18:30:00+00:00,4809.229766007416,4075.6930891074094,3,0.03815404679851675
2024-05-30 19:30:00+00:00,4808.129419518421,4075.6930891074094,3,0.0383741160963158
2024-05-31 13:30:00+00:00,4799.074118040017,4264.865879051071,2,0.04018517639199659
2024-05-31 14:30:00+00:00,4792.160031427689,4072.0668372751256,2,0.04156799371446218
2024-05-31 15:30:00+00:00,4786.827363525172,4403.849790963172,1,0.04263452729496564
2024-05-31 16:30:00+00:00,4787.578032214354,4403.849790963172,1,0.042484393557129296
2024-05-31 17:30:00+00:00,4787.547798996026,4403.849790963172,1,0.04249044020079473
2024-05-31 18:30:00+00:00,4788.504262498574,4403.849790963172,1,0.042299147500285295
2024-05-31 19:30:00+00:00,4791.403824774909,4403.849790963172,1,0.04171923504501829
2024-06-03 13:30:00+00:00,4794.80316806214,4598.645085501756,1,0.041039366387571996
2024-06-03 14:30:00+00:00,4794.093378739812,4598.645085501756,1,0.04118132425203769
2024-06-03 15:30:00+00:00,4793.247063700375,4598.645085501756,1,0.04135058725992491
2024-06-03 16:30:00+00:00,4793.751058209339,4598.645085501756,1,0.0412497883581322
2024-06-03 17:30:00+00:00,4793.056385496174,4598.645085501756,1,0.04138872290076523
2024-06-03 18:30:00+00:00,4792.997718575942,4214.073316820205,3,0.041400456284811704
2024-06-03 19:30:00+00:00,4794.963222355636,4041.8135761739045,4,0.04100735552887269
2024-06-04 13:30:00+00:00,4792.302728845446,4041.8135761739045,4,0.041539454230910766
2024-06-04 14:30:00+00:00,4788.8176279697855,3849.5392296784603,4,0.042236474406042945
2024-06-04 15:30:00+00:00,4790.130629940589,3849.5392296784603,4,0.04197387401188224
2024-06-04 16:30:00+00:00,4791.731436055199,3946.24814584636,4,0.04165371278896013
2024-06-04 17:30:00+00:00,4794.0238756755,3946.24814584636,4,0.041195224864900015
2024-06-04 18:30:00+00:00,4790.283082902243,4141.488713646552,3,0.041943383419551394
2024-06-04 19:30:00+00:00,4791.402676696762,4141.488713646552,3,0.04171946466064769
2024-06-05 13:30:00+00:00,4789.0098492166035,3660.2392184870137,2,0.042198030156679334
2024-06-05 14:30:00+00:00,4789.1742786280365,3660.2392184870137,2,0.04216514427439266
2024-06-05 15:30:00+00:00,4786.355711872825,4609.901355306949,1,0.04272885762543499
2024-06-05 16:30:00+00:00,4788.103566947121,4609.901355306949,1,0.04237928661057577
2024-06-05 17:30:00+00:00,4788.775825211294,4609.901355306949,1,0.04224483495774112
2024-06-05 18:30:00+00:00,4788.608321055378,4417.776208323191,2,0.04227833578892437
2024-06-05 19:30:00+00:00,4790.066829519961,4417.776208323191,2,0.04198663409600778
2024-06-06 13:30:00+00:00,4786.658653638073,4417.776208323191,2,0.04266826927238543
2024-06-06 14:30:00+00:00,4786.4208901313405,4417.776208323191,2,0.042715821973731916
2024-06-06 15:30:00+00:00,4785.075125602925,4417.776208323191,2,0.042984974879414994
2024-06-06 16:30:00+00:00,4786.385757247915,4417.776208323191,2,0.04272284855041708
2024-06-06 17:30:00+00:00,4787.4030104313215,4417.776208323191,2,0.04251939791373571
2024-06-06 18:30:00+00:00,4787.4692374040515,4417.776208323191,2,0.042506152519189655
2024-06-06 19:30:00+00:00,4785.644308572886,4417.776208323191,2,0.04287113828542277
2024-06-07 13:30:00+00:00,4786.820502980607,4417.776208323191,2,0.042635899403878685
2024-06-07 14:30:00+00:00,4788.270590278887,4417.776208323191,2,0.04234588194422262
2024-06-07 15:30:00+00:00,4789.803266727625,4417.776208323191,2,0.04203934665447506
2024-06-07 16:30:00+00:00,4789.997803941946,4594.854140724153,1,0.042000439211610896
2024-06-07 17:30:00+00:00,4787.995999433642,4594.854140724153,1,0.04240080011327152
2024-06-07 18:30:00+00:00,4788.596883512477,4594.854140724153,1,0.042280623297504594
2024-06-07 19:30:00+00:00,4789.22787097738,4594.854140724153,1,0.042154425804524
2024-06-10 13:30:00+00:00,4784.986473246874,4402.728993740395,1,0.043002705350625225
2024-06-10 14:30:00+00:00,4783.970333727443,4402.728993740395,1,0.043205933254511386
2024-06-10 15:30:00+00:00,4781.2138752787205,4402.728993740395,1,0.043757224944255935
2024-06-10 16:30:00+00:00,4778.0020409785775,4210.909035466124,2,0.044399591804284544
2024-06-10 17:30:00+00:00,4774.323930393571,4399.63499365184,1,0.04513521392128583
2024-06-10 18:30:00+00:00,4774.9313043731945,4399.63499365184,1,0.04501373912536111
2024-06-10 19:30:00+00:00,4773.5743798902495,3631.690246873907,2,0.04528512402195006
2024-06-11 13:30:00+00:00,4759.291073502389,3801.8328212252973,1,0.04814178529952229
2024-06-11 14:30:00+00:00,4762.93043089656,3801.8328212252973,1,0.047413913820687936
2024-06-11 15:30:00+00:00,4760.401219953124,3610.740947434889,2,0.04791975600937515
2024-06-11 16:30:00+00:00,4763.08516258111,3610.740947434889,2,0.047382967483778016
2024-06-11 17:30:00+00:00,4766.351382150722,3610.740947434889,2,0.04672972356985561
2024-06-11 18:30:00+00:00,4763.9203437312935,3610.740947434889,2,0.04721593125374124
2024-06-11 19:30:00+00:00,4760.264363147036,3610.740947434889,2,0.0479471273705927
2024-06-12 13:30:00+00:00,4798.521004932475,4418.472644624616,1,0.040295799013504996
2024-06-12 14:30:00+00:00,4797.707186595431,4418.472644624616,1,0.040458562680913746
2024-06-12 15:30:00+00:00,4797.519473051546,4418.472644624616,1,0.04049610538969084
2024-06-12 16:30:00+00:00,4797.777006078259,4418.472644624616,1,0.04044459878434825
2024-06-12 17:30:00+00:00,4796.689586190625,4418.472644624616,1,0.040662082761874996
2024-06-12 18:30:00+00:00,4796.942983044579,4226.029458426648,2,0.040611403391084266
2024-06-12 19:30:00+00:00,4798.222626479188,4226.029458426648,2,0.04035547470416245
2024-06-13 13:30:00+00:00,4798.050720536457,4033.5862722286797,2,0.04038985589270849
2024-06-13 14:30:00+00:00,4796.966326505956,4033.5862722286797,2,0.04060673469880871
2024-06-13 15:30:00+00:00,4795.905343887241,4033.5862722286797,2,0.04081893122255187
2024-06-13 16:30:00+00:00,4797.661262658837,4033.5862722286797,2,0.04046774746823267
2024-06-13 17:30:00+00:00,4798.704828005414,4033.5862722286797,2,0.040259034398917204
2024-06-13 18:30:00+00:00,4797.725523668638,4033.5862722286797,2,0.04045489526627244
2024-06-13 19:30:00+00:00,4796.806268853476,4033.5862722286797,2,0.040638746229304856
2024-06-14 13:30:00+00:00,4799.916343140288,4033.5862722286797,2,0.040016731371942504
2024-06-14 14:30:00+00:00,4801.638569787789,4033.5862722286797,2,0.03967228604244233
2024-06-14 15:30:00+00:00,4800.0306331237925,3840.943177218547,3,0.03999387337524152
2024-06-14 16:30:00+00:00,4799.518536408492,3840.943177218547,3,0.04009629271830162
2024-06-14 17:30:00+00:00,4797.468768352988,3648.3000822084146,3,0.04050624632940236
2024-06-14 18:30:00+00:00,4799.644744452136,3648.3000822084146,3,0.040071051109572764
2024-06-14 19:30:00+00:00,4800.228793806676,4030.831631981354,2,0.03995424123866487
2024-06-17 13:30:00+00:00,4797.728535723847,4030.831631981354,2,0.04045429285523061
2024-06-17 14:30:00+00:00,4798.953267130736,4030.831631981354,2,0.04020934657385278
2024-06-17 15:30:00+00:00,4801.7493078660555,4030.831631981354,2,0.03965013842678888
2024-06-17 16:30:00+00:00,4803.836508887239,4030.831631981354,2,0.039232698222552265
2024-06-17 17:30:00+00:00,4805.557563939308,4030.831631981354,2,0.038888487212138334
2024-06-17 18:30:00+00:00,4805.088897774863,4030.831631981354,2,0.038982220445027416
2024-06-17 19:30:00+00:00,4803.754325825772,4030.831631981354,2,0.0392491348348456
2024-06-18 13:30:00+00:00,4804.561585273723,4030.831631981354,2,0.03908768294525544
2024-06-18 14:30:00+00:00,4804.0366594356465,4030.831631981354,2,0.0391926681128707
2024-06-18 15:30:00+00:00,4800.362989506805,4410.814651941942,1,0.03992740209863899
2024-06-18 16:30:00+00:00,4798.0611905936785,4218.223294089423,2,0.04038776188126425
2024-06-18 17:30:00+00:00,4800.41061410705,4218.223294089423,2,0.03991787717859008
2024-06-18 18:30:00+00:00,4800.489766495123,4218.223294089423,2,0.03990204670097541
2024-06-18 19:30:00+00:00,4801.208627710284,4218.223294089423,2,0.03975827445794311
2024-06-20 13:30:00+00:00,4801.080768165777,4218.223294089423,2,0.03978384636684462
2024-06-20 14:30:00+00:00,4800.354600245068,4218.223294089423,2,0.03992907995098649
2024-06-20 15:30:00+00:00,4800.507276018473,4218.223294089423,2,0.03989854479630539
2024-06-20 16:30:00+00:00,4802.516720675507,4218.223294089423,2,0.03949665586489859
2024-06-20 17:30:00+00:00,4803.429024448702,4414.572381876597,2,0.039314195110259575
2024-06-20 18:30:00+00:00,4802.024862207216,4221.981024024078,2,0.03959502755855682
2024-06-20 19:30:00+00:00,4802.314965600896,4418.235770128556,1,0.03953700687982076
2024-06-21 13:30:00+00:00,4804.272877457653,3840.4616965709974,1,0.03914542450846947
2024-06-21 14:30:00+00:00,4800.055784387109,3840.4616965709974,1,0.03998884312257811
2024-06-21 15:30:00+00:00,4800.93201245664,3840.4616965709974,1,0.03981359750867197
2024-06-21 16:30:00+00:00,4800.204141506212,3672.2787362096137,2,0.03995917169875751
2024-06-21 17:30:00+00:00,4805.658935432834,3672.2787362096137,2,0.03886821291343312
2024-06-21 18:30:00+00:00,4808.888118682577,3672.2787362096137,2,0.03822237626348446
2024-06-21 19:30:00+00:00,4807.142479097014,3672.2787362096137,2,0.03857150418059718
2024-06-24 13:30:00+00:00,4813.4349041972855,3504.09577584823,2,0.03731301916054286
2024-06-24 14:30:00+00:00,4819.887610299822,3504.09577584823,2,0.03602247794003566
2024-06-24 15:30:00+00:00,4819.926742816477,3504.09577584823,2,0.03601465143670468
2024-06-24 16:30:00+00:00,4818.60246104463,3504.09577584823,2,0.03627950779107392
2024-06-24 17:30:00+00:00,4815.805175071431,3504.09577584823,2,0.03683896498571371
2024-06-24 18:30:00+00:00,4818.95536681132,3504.09577584823,2,0.036208926637735894
2024-06-24 19:30:00+00:00,4812.067438753933,3310.7601264419586,3,0.03758651224921339
2024-06-25 13:30:00+00:00,4812.896235668338,4089.046629209819,2,0.037420752866332396
2024-06-25 14:30:00+00:00,4814.529998172782,4089.046629209819,2,0.037094000365443525
2024-06-25 15:30:00+00:00,4813.9418888104865,4089.046629209819,2,0.03721162223790275
2024-06-25 16:30:00+00:00,4812.0539890552855,4089.046629209819,2,0.037589202188942905
2024-06-25 17:30:00+00:00,4816.639242735138,4089.046629209819,2,0.03667215145297231
2024-06-25 18:30:00+00:00,4818.125759910628,4089.046629209819,2,0.03637484801787427
2024-06-25 19:30:00+00:00,4819.065402028995,4089.046629209819,2,0.03618691959420106
2024-06-26 13:30:00+00:00,4821.607206301195,4287.689778973722,2,0.035678558739761
2024-06-26 14:30:00+00:00,4819.4449803398875,4287.689778973722,2,0.03611100393202249
2024-06-26 15:30:00+00:00,4821.108118826495,4491.714609223222,1,0.035778376234700926
2024-06-26 16:30:00+00:00,4820.7893003112995,4491.714609223222,1,0.0358421399377401
2024-06-26 17:30:00+00:00,4820.113149365036,4491.714609223222,1,0.03597737012699276
2024-06-26 18:30:00+00:00,4820.029153870506,4491.714609223222,1,0.03599416922589882
2024-06-26 19:30:00+00:00,4821.705068541614,4491.714609223222,1,0.035658986291677186
2024-06-27 13:30:00+00:00,4824.2862096888575,4824.2862096888575,0,0.03514275806222844
2024-06-27 14:30:00+00:00,4824.2862096888575,4824.2862096888575,0,0.03514275806222844
2024-06-27 15:30:00+00:00,4824.2862096888575,4824.2862096888575,0,0.03514275806222844
2024-06-27 16:30:00+00:00,4824.2862096888575,4824.2862096888575,0,0.03514275806222844
2024-06-27 17:30:00+00:00,4823.344799288041,4630.73584695614,1,0.035331040142391745
2024-06-27 18:30:00+00:00,4824.309670493515,4437.223415470319,2,0.03513806590129698
2024-06-27 19:30:00+00:00,4821.949664631475,4437.223415470319,2,0.035610067073705065
2024-06-28 13:30:00+00:00,4833.416793488846,4634.405878923376,2,0.033316641302230665
2024-06-28 14:30:00+00:00,4830.924339018187,4634.405878923376,2,0.03381513219636256
2024-06-28 15:30:00+00:00,4831.009486671955,4634.405878923376,2,0.03379810266560912
2024-06-28 16:30:00+00:00,4831.26096682597,4634.405878923376,2,0.03374780663480592
2024-06-28 17:30:00+00:00,4830.270464606653,4634.405878923376,2,0.0339459070786694
2024-06-28 18:30:00+00:00,4829.74588729397,4634.405878923376,2,0.03405082254120606
2024-06-28 19:30:00+00:00,4829.863957036979,4634.405878923376,2,0.03402720859260422
2024-07-01 13:30:00+00:00,4826.49672766377,4633.016374186707,1,0.03470065446724602
2024-07-01 14:30:00+00:00,4826.249866099892,4633.016374186707,1,0.0347500267800217
2024-07-01 15:30:00+00:00,4829.156281594126,4633.016374186707,1,0.03416874368117473
2024-07-01 16:30:00+00:00,4828.13901077661,4245.554022498918,3,0.03437219784467793
2024-07-01 17:30:00+00:00,4826.268852431204,4245.554022498918,3,0.034746229513759164
2024-07-01 18:30:00+00:00,4826.320113473604,4051.834471223048,3,0.03473597730527922
2024-07-01 19:30:00+00:00,4828.156097366,4051.834471223048,3,0.034368780526800036
2024-07-02 13:30:00+00:00,4828.425623329283,4051.834471223048,3,0.03431487533414346
2024-07-02 14:30:00+00:00,4829.03173443475,4051.834471223048,3,0.03419365311304989
2024-07-02 15:30:00+00:00,4825.009586541086,3470.675817395437,3,0.03499808269178284
2024-07-02 16:30:00+00:00,4819.826715059745,4525.72667226283,2,0.036034656988051084
2024-07-02 17:30:00+00:00,4820.833400824504,4525.72667226283,2,0.0358333198350993
2024-07-02 18:30:00+00:00,4821.209864111965,4525.72667226283,2,0.03575802717760712
2024-07-02 19:30:00+00:00,4821.91214063936,4525.72667226283,2,0.035617571872128106
2024-07-03 13:30:00+00:00,4824.546964630535,4725.962706878426,1,0.03509060707389311
2024-07-03 14:30:00+00:00,4825.024162089691,4725.962706878426,1,0.03499516758206178
2024-07-03 15:30:00+00:00,4825.725684736524,4725.962706878426,1,0.03485486305269514
2024-07-05 13:30:00+00:00,4824.6163003751835,4725.962706878426,1,0.035076739924963296
2024-07-05 14:30:00+00:00,4824.559199984092,4725.962706878426,1,0.0350881600031816
2024-07-05 15:30:00+00:00,4824.975214451987,4725.962706878426,1,0.03500495710960261
2024-07-05 16:30:00+00:00,4824.911996384117,4725.962706878426,1,0.03501760072317661
2024-07-05 17:30:00+00:00,4824.78760154846,4725.962706878426,1,0.03504247969030805
2024-07-05 18:30:00+00:00,4824.775366194903,4725.962706878426,1,0.035044926761019446
2024-07-05 19:30:00+00:00,4824.885484376918,4725.962706878426,1,0.03502290312461642
2024-07-08 13:30:00+00:00,4826.0478927526565,4725.962706878426,1,0.034790421449468756
2024-07-08 14:30:00+00:00,4826.765689788884,4725.962706878426,1,0.034646862042223225
2024-07-08 15:30:00+00:00,4825.529906632657,4725.962706878426,1,0.03489401867346864
2024-07-08 16:30:00+00:00,4825.990792361564,4725.962706878426,1,0.03480184152768728
2024-07-08 17:30:00+00:00,4825.633779015196,4825.633779015196,0,0.03487324419696092
2024-07-08 18:30:00+00:00,4825.633779015196,4825.633779015196,0,0.03487324419696092
2024-07-08 19:30:00+00:00,4825.633779015196,4825.633779015196,0,0.03487324419696092
2024-07-09 13:30:00+00:00,4825.633779015196,4825.633779015196,0,0.03487324419696092
2024-07-09 14:30:00+00:00,4825.633779015196,4825.633779015196,0,0.03487324419696092
2024-07-09 15:30:00+00:00,4825.633779015196,4825.633779015196,0,0.03487324419696092
2024-07-09 16:30:00+00:00,4825.633779015196,4825.633779015196,0,0.03487324419696092
2024-07-09 17:30:00+00:00,4825.633779015196,4825.633779015196,0,0.03487324419696092
2024-07-09 18:30:00+00:00,4825.633779015196,4825.633779015196,0,0.03487324419696092
2024-07-09 19:30:00+00:00,4826.0881037781255,4632.029351801106,1,0.034782379244374884
2024-07-10 13:30:00+00:00,4830.025231361575,4632.029351801106,1,0.03399495372768502
2024-07-10 14:30:00+00:00,4830.0519477292755,4632.029351801106,1,0.03398961045414495
2024-07-10 15:30:00+00:00,4830.127413415707,4438.247667658207,2,0.03397451731685852
2024-07-10 16:30:00+00:00,4829.97593732338,4438.247667658207,2,0.03400481253532395
2024-07-10 17:30:00+00:00,4829.853962720522,4438.247667658207,2,0.03402920745589566
2024-07-10 18:30:00+00:00,4830.140314387786,4438.247667658207,2,0.03397193712244284
2024-07-10 19:30:00+00:00,4830.58566541307,4438.247667658207,2,0.033882866917385956
2024-07-11 13:30:00+00:00,4825.44738491255,4244.465983515309,2,0.03491052301749009
2024-07-11 14:30:00+00:00,4820.619918848017,4050.861556301219,2,0.0358760162303966
2024-07-11 15:30:00+00:00,4825.033132068533,4050.861556301219,2,0.03499337358629351
2024-07-11 16:30:00+00:00,4822.206588991904,4050.861556301219,2,0.035558682201619174
2024-07-11 17:30:00+00:00,4820.49969333509,4050.861556301219,2,0.03590006133298196
2024-07-11 18:30:00+00:00,4820.529213775421,4050.861556301219,2,0.035894157244915736
2024-07-11 19:30:00+00:00,4817.84754947564,4050.861556301219,2,0.03643049010487198
2024-07-12 13:30:00+00:00,4814.438217237999,4430.210411675368,1,0.037112356552400194
2024-07-12 14:30:00+00:00,4819.232876833294,4430.210411675368,1,0.03615342463334126
2024-07-12 15:30:00+00:00,4817.283440302836,4430.210411675368,1,0.03654331193943272
2024-07-12 16:30:00+00:00,4820.1557464486095,4430.210411675368,1,0.03596885071027811
2024-07-12 17:30:00+00:00,4821.645361341498,4430.210411675368,1,0.03567092773170044
2024-07-12 18:30:00+00:00,4820.471427930593,4430.210411675368,1,0.03590571441388146
2024-07-12 19:30:00+00:00,4813.329649139391,4236.812607570362,2,0.03733407017212176
2024-07-15 13:30:00+00:00,4813.805793771399,4236.812607570362,2,0.03723884124572019
2024-07-15 14:30:00+00:00,4813.682068102495,4236.812607570362,2,0.03726358637950111
2024-07-15 15:30:00+00:00,4807.507894481444,4043.4148034653563,2,0.038498421103711156
2024-07-15 16:30:00+00:00,4804.390765558361,4423.788020848689,1,0.03912184688832787
2024-07-15 17:30:00+00:00,4800.251293051282,3843.5946085336705,1,0.03994974138974361
2024-07-15 18:30:00+00:00,4799.66558640458,3843.5946085336705,1,0.040066882719084096
2024-07-15 19:30:00+00:00,4799.614372504963,3458.4866695033515,3,0.04007712549900733
2024-07-16 13:30:00+00:00,4784.734135186211,3442.5025663568777,2,0.0430531729627579
2024-07-16 14:30:00+00:00,4782.752922814849,3442.5025663568777,2,0.04344941543703029
2024-07-16 15:30:00+00:00,4774.16849473332,3442.5025663568777,2,0.04516630105333608
2024-07-16 16:30:00+00:00,4778.380822538944,3442.5025663568777,2,0.044323835492211194
2024-07-16 17:30:00+00:00,4779.548243522899,3442.5025663568777,2,0.04409035129542027
2024-07-16 18:30:00+00:00,4785.731579863331,3442.5025663568777,2,0.042853684027333805
2024-07-16 19:30:00+00:00,4790.8935493021,3442.5025663568777,2,0.041821290139580025
2024-07-17 13:30:00+00:00,4741.562467669934,4741.562467669934,0,0.051687506466013056
2024-07-17 14:30:00+00:00,4741.562467669934,4741.562467669934,0,0.051687506466013056
2024-07-17 15:30:00+00:00,4741.562467669934,4741.562467669934,0,0.051687506466013056
2024-07-17 16:30:00+00:00,4741.562467669934,4741.562467669934,0,0.051687506466013056
2024-07-17 17:30:00+00:00,4741.562467669934,4741.562467669934,0,0.051687506466013056
2024-07-17 18:30:00+00:00,4741.562467669934,4741.562467669934,0,0.051687506466013056
2024-07-17 19:30:00+00:00,4741.562467669934,4741.562467669934,0,0.051687506466013056
2024-07-18 13:30:00+00:00,4741.562467669934,4741.562467669934,0,0.051687506466013056
2024-07-18 14:30:00+00:00,4738.165463042036,4738.165463042036,0,0.052366907391592776
2024-07-18 15:30:00+00:00,4738.165463042036,4738.165463042036,0,0.052366907391592776
2024-07-18 16:30:00+00:00,4738.165463042036,4738.165463042036,0,0.052366907391592776
2024-07-18 17:30:00+00:00,4738.165463042036,4738.165463042036,0,0.052366907391592776
2024-07-18 18:30:00+00:00,4738.165463042036,4738.165463042036,0,0.052366907391592776
2024-07-18 19:30:00+00:00,4738.165463042036,4738.165463042036,0,0.052366907391592776
2024-07-19 13:30:00+00:00,4738.165463042036,4738.165463042036,0,0.052366907391592776
2024-07-19 14:30:00+00:00,4738.4959058702025,4645.203333913413,1,0.052300818825959494
2024-07-19 15:30:00+00:00,4738.8293033024665,4645.203333913413,1,0.05223413933950671
2024-07-19 16:30:00+00:00,4737.503092677061,4645.203333913413,1,0.05249938146458777
2024-07-19 17:30:00+00:00,4736.990672570374,4645.203333913413,1,0.05260186548592516
2024-07-19 18:30:00+00:00,4737.711265254319,4645.203333913413,1,0.052457746949136186
2024-07-19 19:30:00+00:00,4736.702435496796,4645.203333913413,1,0.05265951290064075
2024-07-22 13:30:00+00:00,4737.292321538209,4273.354817398922,1,0.0525415356923582
2024-07-22 14:30:00+00:00,4738.776396385342,4273.354817398922,1,0.052244720722931515
2024-07-22 15:30:00+00:00,4740.5902411806,4273.354817398922,1,0.051881951763879997
2024-07-22 16:30:00+00:00,4742.239216727592,4273.354817398922,1,0.05155215665448154
2024-07-22 17:30:00+00:00,4742.784234962781,3965.3134878793544,3,0.05144315300744384
2024-07-22 18:30:00+00:00,4740.3429233685365,3775.0275789678835,4,0.05193141532629275
2024-07-22 19:30:00+00:00,4741.283502469252,3775.0275789678835,4,0.05174329950614953
2024-07-23 13:30:00+00:00,4749.040615088011,3657.244886823427,4,0.0501918769823978
2024-07-23 14:30:00+00:00,4753.848362787106,3657.244886823427,4,0.049230327442578714
2024-07-23 15:30:00+00:00,4746.406083248774,3657.244886823427,4,0.05071878335024527
2024-07-23 16:30:00+00:00,4747.563992202393,3657.244886823427,4,0.050487201559521466
2024-07-23 17:30:00+00:00,4748.0990256605455,3466.958977911956,4,0.050380194867890915
2024-07-23 18:30:00+00:00,4746.89835646485,3466.958977911956,4,0.05062032870703004
2024-07-23 19:30:00+00:00,4743.68746183014,3466.958977911956,4,0.051262507633972
2024-07-24 13:30:00+00:00,4721.3741235154075,3648.862568768075,3,0.05572517529691845
2024-07-24 14:30:00+00:00,4712.775434733328,4100.319969817321,2,0.05744491305333432
2024-07-24 15:30:00+00:00,4709.061983526557,4100.319969817321,2,0.05818760329468864
2024-07-24 16:30:00+00:00,4710.463184064893,4100.319969817321,2,0.0579073631870215
2024-07-24 17:30:00+00:00,4707.99244519366,4100.319969817321,2,0.05840151096126789
2024-07-24 18:30:00+00:00,4705.275589617827,4100.319969817321,2,0.05894488207643467
2024-07-24 19:30:00+00:00,4705.193447183792,3911.5389077323266,3,0.05896131056324161
2024-07-25 13:30:00+00:00,4705.950954666876,3662.708804835317,2,0.05880980906662481
2024-07-25 14:30:00+00:00,4706.528168807714,3662.708804835317,2,0.05869436623845725
2024-07-25 15:30:00+00:00,4705.162381235274,3662.708804835317,2,0.05896752375294523
2024-07-25 16:30:00+00:00,4699.469818588002,3662.708804835317,2,0.06010603628239952
2024-07-25 17:30:00+00:00,4693.5458124739025,4598.37571051672,1,0.061290837505219464
2024-07-25 18:30:00+00:00,4693.335437376216,4598.37571051672,1,0.06133291252475681
2024-07-25 19:30:00+00:00,4693.0048446614,4598.37571051672,1,0.061399031067719934
2024-07-26 13:30:00+00:00,4693.776227662638,4598.37571051672,1,0.06124475446747235
2024-07-26 14:30:00+00:00,4693.331410834233,4435.153219828302,2,0.061333717833153445
2024-07-26 15:30:00+00:00,4694.9892108613485,4435.153219828302,2,0.06100215782773033
2024-07-26 16:30:00+00:00,4695.319261492641,4435.153219828302,2,0.06093614770147182
2024-07-26 17:30:00+00:00,4693.148607486919,4435.153219828302,2,0.06137027850261623
2024-07-26 18:30:00+00:00,4693.555482057216,4435.153219828302,2,0.061288903588556765
2024-07-26 19:30:00+00:00,4693.2353145033085,4435.153219828302,2,0.06135293709933831
2024-07-29 13:30:00+00:00,4693.680674617266,4435.153219828302,2,0.0612638650765468
2024-07-29 14:30:00+00:00,4692.878475297472,4249.255488224519,3,0.06142430494050566
2024-07-29 15:30:00+00:00,4695.499763756871,4249.255488224519,3,0.060900047248625744
2024-07-29 16:30:00+00:00,4694.486296355733,4249.255488224519,3,0.061102740728853355
2024-07-29 17:30:00+00:00,4693.417485566157,4249.255488224519,3,0.0613165028867686
2024-07-29 18:30:00+00:00,4693.909687970862,4249.255488224519,3,0.0612180624058275
2024-07-29 19:30:00+00:00,4693.4780345668605,4249.255488224519,3,0.06130439308662794
2024-07-30 13:30:00+00:00,4695.655093159431,4346.229740504953,2,0.060868981368113806
2024-07-30 14:30:00+00:00,4691.589497441523,4160.3320089011695,2,0.061682100511695315
2024-07-30 15:30:00+00:00,4689.60024817858,4160.3320089011695,2,0.06207995036428404
2024-07-30 16:30:00+00:00,4684.898347702052,3602.638814089819,2,0.06302033045958966
2024-07-30 17:30:00+00:00,4690.947441442615,3602.638814089819,2,0.061810511711477
2024-07-30 18:30:00+00:00,4691.118550356821,3602.638814089819,2,0.06177628992863571
2024-07-30 19:30:00+00:00,4694.762447879548,3602.638814089819,2,0.0610475104240904
2024-07-31 13:30:00+00:00,4684.0043149168405,4599.6483585923725,1,0.06319913701663193
2024-07-31 14:30:00+00:00,4683.233438245459,4599.6483585923725,1,0.06335331235090813
2024-07-31 15:30:00+00:00,4682.886069725327,4599.6483585923725,1,0.06342278605493468
2024-07-31 16:30:00+00:00,4682.753008886908,4599.6483585923725,1,0.06344939822261841
2024-07-31 17:30:00+00:00,4682.329500735659,4599.6483585923725,1,0.06353409985286818
2024-07-31 18:30:00+00:00,4681.025800992546,4455.3610732062925,2,0.06379483980149092
2024-07-31 19:30:00+00:00,4683.239770964267,4267.555836337276,3,0.06335204580714648
2024-08-01 13:30:00+00:00,4681.3802408974825,4281.31882299275,3,0.0637239518205035
2024-08-01 14:30:00+00:00,4672.775844118228,4037.106309317842,3,0.06544483117635447
2024-08-01 15:30:00+00:00,4669.457024441633,4431.221512161638,2,0.06610859511167344
2024-08-01 16:30:00+00:00,4668.377787013666,4524.562400077097,1,0.06632444259726666
2024-08-01 17:30:00+00:00,4667.700567937486,4524.562400077097,1,0.06645988641250278
2024-08-01 18:30:00+00:00,4668.436135301679,4379.237256926266,1,0.06631277293966409
2024-08-01 19:30:00+00:00,4670.251034734215,4379.237256926266,1,0.06594979305315696
2024-08-02 13:30:00+00:00,4659.275536766632,4593.895769184604,1,0.06814489264667356
2024-08-02 14:30:00+00:00,4660.188143112349,4593.895769184604,1,0.06796237137753014
2024-08-02 15:30:00+00:00,4660.490304373923,4593.895769184604,1,0.06790193912521536
2024-08-02 16:30:00+00:00,4660.258581639722,4593.895769184604,1,0.06794828367205552
2024-08-02 17:30:00+00:00,4660.243266929826,4593.895769184604,1,0.06795134661403479
2024-08-02 18:30:00+00:00,4660.399113936965,4593.895769184604,1,0.06792017721260712
2024-08-02 19:30:00+00:00,4660.343990119487,4593.895769184604,1,0.06793120197610258
2024-08-05 13:30:00+00:00,4655.143410303489,4655.143410303489,0,0.06897131793930222
2024-08-05 14:30:00+00:00,4655.143410303489,4655.143410303489,0,0.06897131793930222
2024-08-05 15:30:00+00:00,4655.143410303489,4655.143410303489,0,0.06897131793930222
2024-08-05 16:30:00+00:00,4655.143410303489,4655.143410303489,0,0.06897131793930222
2024-08-05 17:30:00+00:00,4655.143410303489,4655.143410303489,0,0.06897131793930222
2024-08-05 18:30:00+00:00,4655.143410303489,4655.143410303489,0,0.06897131793930222
2024-08-05 19:30:00+00:00,4655.143410303489,4655.143410303489,0,0.06897131793930222
2024-08-06 13:30:00+00:00,4655.143410303489,4655.143410303489,0,0.06897131793930222
2024-08-06 14:30:00+00:00,4655.143410303489,4655.143410303489,0,0.06897131793930222
2024-08-06 15:30:00+00:00,4655.143410303489,4655.143410303489,0,0.06897131793930222
2024-08-06 16:30:00+00:00,4655.143410303489,4655.143410303489,0,0.06897131793930222
2024-08-06 17:30:00+00:00,4655.094443983759,4568.116134071848,1,0.06898111120324812
2024-08-06 18:30:00+00:00,4655.172079656204,4568.116134071848,1,0.06896558406875919
2024-08-06 19:30:00+00:00,4654.477702042692,4568.116134071848,1,0.06910445959146161
2024-08-07 13:30:00+00:00,4655.961335076754,4568.116134071848,1,0.06880773298464915
2024-08-07 14:30:00+00:00,4655.747848494225,4568.116134071848,1,0.06885043030115501
2024-08-07 15:30:00+00:00,4655.461043353868,4568.116134071848,1,0.06890779132922631
2024-08-07 16:30:00+00:00,4655.23681663254,4568.116134071848,1,0.06895263667349205
2024-08-07 17:30:00+00:00,4654.915461413321,4568.116134071848,1,0.06901690771733571
2024-08-07 18:30:00+00:00,4655.016814892283,4568.116134071848,1,0.06899663702154335
2024-08-07 19:30:00+00:00,4654.559641667817,4568.116134071848,1,0.0690880716664366
2024-08-08 13:30:00+00:00,4655.997997646152,4568.116134071848,1,0.06880040047076963
2024-08-08 14:30:00+00:00,4656.021722033636,4568.116134071848,1,0.06879565559327272
2024-08-08 15:30:00+00:00,4655.928989621972,4568.116134071848,1,0.06881420207560573
2024-08-08 16:30:00+00:00,4655.987218021547,4568.116134071848,1,0.06880255639569055
2024-08-08 17:30:00+00:00,4656.21148422868,4568.116134071848,1,0.068757703154264
2024-08-08 18:30:00+00:00,4656.306368616685,4568.116134071848,1,0.068738726276663
2024-08-08 19:30:00+00:00,4656.129544603555,4568.116134071848,1,0.06877409107928911
2024-08-09 13:30:00+00:00,4656.810977454186,4568.116134071848,1,0.06863780450916279
2024-08-09 14:30:00+00:00,4656.862736762805,4568.116134071848,1,0.06862745264743897
2024-08-09 15:30:00+00:00,4656.694533816972,4568.116134071848,1,0.06866109323660563
2024-08-09 16:30:00+00:00,4657.087002969939,4568.116134071848,1,0.06858259940601219
2024-08-09 17:30:00+00:00,4656.821763659759,4568.116134071848,1,0.06863564726804816
2024-08-09 18:30:00+00:00,4657.018001526726,4568.116134071848,1,0.06859639969465481
2024-08-09 19:30:00+00:00,4656.8799854783665,4568.116134071848,1,0.06862400290432669
2024-08-12 13:30:00+00:00,4657.005063344814,4568.116134071848,1,0.06859898733103731
2024-08-12 14:30:00+00:00,4656.691096689574,4656.691096689574,0,0.06866178066208517
2024-08-12 15:30:00+00:00,4656.691096689574,4656.691096689574,0,0.06866178066208517
2024-08-12 16:30:00+00:00,4656.691096689574,4656.691096689574,0,0.06866178066208517
2024-08-12 17:30:00+00:00,4656.691096689574,4656.691096689574,0,0.06866178066208517
2024-08-12 18:30:00+00:00,4656.691096689574,4656.691096689574,0,0.06866178066208517
2024-08-12 19:30:00+00:00,4656.691096689574,4656.691096689574,0,0.06866178066208517
2024-08-13 13:30:00+00:00,4656.691096689574,4656.691096689574,0,0.06866178066208517
2024-08-13 14:30:00+00:00,4656.691096689574,4656.691096689574,0,0.06866178066208517
2024-08-13 15:30:00+00:00,4656.691096689574,4656.691096689574,0,0.06866178066208517
2024-08-13 16:30:00+00:00,4656.691096689574,4656.691096689574,0,0.06866178066208517
2024-08-13 17:30:00+00:00,4656.691096689574,4656.691096689574,0,0.06866178066208517
2024-08-13 18:30:00+00:00,4656.691096689574,4656.691096689574,0,0.06866178066208517
2024-08-13 19:30:00+00:00,4656.691096689574,4656.691096689574,0,0.06866178066208517
2024-08-14 13:30:00+00:00,4656.731410483252,4469.864649890388,1,0.06865371790334962
2024-08-14 14:30:00+00:00,4657.371871148823,4469.864649890388,1,0.06852562577023547
2024-08-14 15:30:00+00:00,4657.764394269309,4469.864649890388,1,0.06844712114613816
2024-08-14 16:30:00+00:00,4658.115620735751,4469.864649890388,1,0.0683768758528498
2024-08-14 17:30:00+00:00,4658.590784450571,4469.864649890388,1,0.06828184310988583
2024-08-14 18:30:00+00:00,4658.043768712549,4564.052576225921,1,0.06839124625749027
2024-08-14 19:30:00+00:00,4657.909483657536,4564.052576225921,1,0.06841810326849285
2024-08-15 13:30:00+00:00,4659.574008428997,4659.574008428997,0,0.06808519831420057
2024-08-15 14:30:00+00:00,4659.574008428997,4659.574008428997,0,0.06808519831420057
2024-08-15 15:30:00+00:00,4659.574008428997,4659.574008428997,0,0.06808519831420057
2024-08-15 16:30:00+00:00,4659.574008428997,4659.574008428997,0,0.06808519831420057
2024-08-15 17:30:00+00:00,4659.574008428997,4659.574008428997,0,0.06808519831420057
2024-08-15 18:30:00+00:00,4659.574008428997,4659.574008428997,0,0.06808519831420057
2024-08-15 19:30:00+00:00,4659.574008428997,4659.574008428997,0,0.06808519831420057
2024-08-16 13:30:00+00:00,4659.574008428997,4659.574008428997,0,0.06808519831420057
2024-08-16 14:30:00+00:00,4659.574008428997,4659.574008428997,0,0.06808519831420057
2024-08-16 15:30:00+00:00,4659.574008428997,4659.574008428997,0,0.06808519831420057
2024-08-16 16:30:00+00:00,4659.574008428997,4659.574008428997,0,0.06808519831420057
2024-08-16 17:30:00+00:00,4659.574008428997,4659.574008428997,0,0.06808519831420057
2024-08-16 18:30:00+00:00,4659.574008428997,4659.574008428997,0,0.06808519831420057
2024-08-16 19:30:00+00:00,4659.574008428997,4659.574008428997,0,0.06808519831420057
2024-08-19 13:30:00+00:00,4659.574008428997,4659.574008428997,0,0.06808519831420057
2024-08-19 14:30:00+00:00,4659.574008428997,4659.574008428997,0,0.06808519831420057
2024-08-19 15:30:00+00:00,4659.574008428997,4659.574008428997,0,0.06808519831420057
2024-08-19 16:30:00+00:00,4659.574008428997,4659.574008428997,0,0.06808519831420057
2024-08-19 17:30:00+00:00,4659.574008428997,4659.574008428997,0,0.06808519831420057
2024-08-19 18:30:00+00:00,4659.574008428997,4659.574008428997,0,0.06808519831420057
2024-08-19 19:30:00+00:00,4659.574008428997,4659.574008428997,0,0.06808519831420057
2024-08-20 13:30:00+00:00,4659.574008428997,4659.574008428997,0,0.06808519831420057
2024-08-20 14:30:00+00:00,4659.574008428997,4659.574008428997,0,0.06808519831420057
2024-08-20 15:30:00+00:00,4659.574008428997,4659.574008428997,0,0.06808519831420057
2024-08-20 16:30:00+00:00,4659.574008428997,4659.574008428997,0,0.06808519831420057
2024-08-20 17:30:00+00:00,4659.574008428997,4659.574008428997,0,0.06808519831420057
2024-08-20 18:30:00+00:00,4658.736588971098,4476.658328542886,1,0.0682526822057804
2024-08-20 19:30:00+00:00,4657.8257826544705,4251.239168070479,3,0.06843484346910589
2024-08-21 13:30:00+00:00,4657.490450521735,4251.239168070479,3,0.06850190989565308
2024-08-21 14:30:00+00:00,4658.976383953994,4251.239168070479,3,0.06820472320920123
2024-08-21 15:30:00+00:00,4658.795777692604,4251.239168070479,3,0.06824084446147916
2024-08-21 16:30:00+00:00,4659.101592677325,4251.239168070479,3,0.0681796814645349
2024-08-21 17:30:00+00:00,4661.983964961986,4064.316226392007,4,0.0676032070076028
2024-08-21 18:30:00+00:00,4659.729444970522,4064.316226392007,4,0.06805411100589553
2024-08-21 19:30:00+00:00,4660.657922325329,4064.316226392007,4,0.06786841553493417
2024-08-22 13:30:00+00:00,4659.7473487112675,4064.316226392007,4,0.06805053025774654
2024-08-22 14:30:00+00:00,4655.446944662697,4064.316226392007,4,0.06891061106746055
2024-08-22 15:30:00+00:00,4654.1913033425535,3603.7749344233716,4,0.06916173933148928
2024-08-22 16:30:00+00:00,4648.847775169902,3603.7749344233716,4,0.0702304449660196
2024-08-22 17:30:00+00:00,4645.457582034517,2494.2590697296228,4,0.07090848359309654
2024-08-22 18:30:00+00:00,4633.084880816881,2494.2590697296228,4,0.07338302383662376
2024-08-22 19:30:00+00:00,4625.258588443082,3141.78278609185,3,0.07494828231138362
2024-08-23 13:30:00+00:00,4672.22254213499,3141.78278609185,3,0.06555549157300189
2024-08-23 14:30:00+00:00,4661.070142687377,3141.78278609185,3,0.06778597146252463
2024-08-23 15:30:00+00:00,4650.605427654026,3141.78278609185,3,0.0698789144691947
2024-08-23 16:30:00+00:00,4661.419335441989,3141.78278609185,3,0.06771613291160228
2024-08-23 17:30:00+00:00,4667.195743773413,3141.78278609185,3,0.06656085124531741
2024-08-23 18:30:00+00:00,4668.97227176887,2954.548634277525,4,0.06620554564622594
2024-08-23 19:30:00+00:00,4668.768338840088,2954.548634277525,4,0.0662463322319824
2024-08-26 13:30:00+00:00,4638.104099098115,2767.3144824631995,4,0.07237918018037703
2024-08-26 14:30:00+00:00,4635.813174983416,2205.612027020224,4,0.07283736500331683
2024-08-26 15:30:00+00:00,4636.695433673805,3114.416656272885,3,0.07266091326523894
2024-08-26 16:30:00+00:00,4633.440988191958,3508.9572614261638,2,0.07331180236160839
2024-08-26 17:30:00+00:00,4632.480757032288,3508.9572614261638,2,0.07350384859354231
2024-08-26 18:30:00+00:00,4634.840263935183,3508.9572614261638,2,0.07303194721296336
2024-08-26 19:30:00+00:00,4638.33049735857,3508.9572614261638,2,0.07233390052828603
2024-08-27 13:30:00+00:00,4641.289426404206,3508.9572614261638,2,0.07174211471915881
2024-08-27 14:30:00+00:00,4643.674467584281,3322.7508427619996,3,0.07126510648314377
2024-08-27 15:30:00+00:00,4641.109716817004,3322.7508427619996,3,0.07177805663659931
2024-08-27 16:30:00+00:00,4643.588492474687,3322.7508427619996,3,0.07128230150506265
2024-08-27 17:30:00+00:00,4643.716642573652,3322.7508427619996,3,0.0712566714852696
2024-08-27 18:30:00+00:00,4642.0373455735,3322.7508427619996,3,0.07159253088530004
2024-08-27 19:30:00+00:00,4640.724562238654,3136.7239781950184,3,0.07185508755226933
2024-08-28 13:30:00+00:00,4640.11740902803,4069.889300363958,2,0.07197651819439399
2024-08-28 14:30:00+00:00,4632.1577803036,4538.568606678486,1,0.07356844393928008
2024-08-28 15:30:00+00:00,4631.7414232143,4538.568606678486,1,0.07365171535713999
2024-08-28 16:30:00+00:00,4631.71963579873,4538.568606678486,1,0.07365607284025388
2024-08-28 17:30:00+00:00,4629.014047610291,4259.466331136583,1,0.07419719047794182
2024-08-28 18:30:00+00:00,4631.269787388403,4259.466331136583,1,0.07374604252231942
2024-08-28 19:30:00+00:00,4629.684234782315,4259.466331136583,1,0.07406315304353706
2024-08-29 13:30:00+00:00,4637.1432567140055,4448.005050819989,1,0.07257134865719894
2024-08-29 14:30:00+00:00,4637.985068669457,4448.005050819989,1,0.07240298626610853
2024-08-29 15:30:00+00:00,4637.985068669457,4448.005050819989,1,0.07240298626610853
2024-08-29 16:30:00+00:00,4637.723541032976,4448.005050819989,1,0.07245529179340482
2024-08-29 17:30:00+00:00,4636.665957241827,4448.005050819989,1,0.07266680855163465
2024-08-29 18:30:00+00:00,4636.097121226242,4448.005050819989,1,0.07278057575475161
2024-08-29 19:30:00+00:00,4635.82741266708,4448.005050819989,1,0.07283451746658398
2024-08-30 13:30:00+00:00,4635.324784758981,4448.005050819989,1,0.07293504304820375
2024-08-30 14:30:00+00:00,4632.13182891834,3890.1191852267475,3,0.073573634216332
2024-08-30 15:30:00+00:00,4630.304127800479,3890.1191852267475,3,0.07393917443990417
2024-08-30 16:30:00+00:00,4631.654138985668,3704.172107580518,3,0.07366917220286628
2024-08-30 17:30:00+00:00,4630.750001529822,3529.4851691280764,4,0.0738499996940356
2024-08-30 18:30:00+00:00,4634.290657921957,3529.4851691280764,4,0.07314186841560855
2024-08-30 19:30:00+00:00,4639.2901644413,3529.4851691280764,4,0.07214196711174004
2024-09-03 13:30:00+00:00,4629.378800627592,3540.1503975635733,3,0.07412423987448169
2024-09-03 14:30:00+00:00,4615.560615675453,3381.0290839962518,2,0.07688787686490939
2024-09-03 15:30:00+00:00,4613.963162438659,3381.0290839962518,2,0.07720736751226809
2024-09-03 16:30:00+00:00,4615.256865601275,3381.0290839962518,2,0.07694862687974491
2024-09-03 17:30:00+00:00,4611.003543834557,3381.0290839962518,2,0.07779929123308871
2024-09-03 18:30:00+00:00,4605.945034046042,4238.9897240881355,1,0.07881099319079166
2024-09-03 19:30:00+00:00,4605.530384342678,3681.148491149448,1,0.07889392313146437
2024-09-04 13:30:00+00:00,4593.16488424053,4593.16488424053,0,0.08136702315189392
2024-09-04 14:30:00+00:00,4593.16488424053,4593.16488424053,0,0.08136702315189392
2024-09-04 15:30:00+00:00,4593.16488424053,4593.16488424053,0,0.08136702315189392
2024-09-04 16:30:00+00:00,4593.16488424053,4593.16488424053,0,0.08136702315189392
2024-09-04 17:30:00+00:00,4593.16488424053,4593.16488424053,0,0.08136702315189392
2024-09-04 18:30:00+00:00,4593.16488424053,4593.16488424053,0,0.08136702315189392
2024-09-04 19:30:00+00:00,4593.16488424053,4593.16488424053,0,0.08136702315189392
2024-09-05 13:30:00+00:00,4593.16488424053,4593.16488424053,0,0.08136702315189392
2024-09-05 14:30:00+00:00,4593.16488424053,4593.16488424053,0,0.08136702315189392
2024-09-05 15:30:00+00:00,4593.16488424053,4593.16488424053,0,0.08136702315189392
2024-09-05 16:30:00+00:00,4593.16488424053,4593.16488424053,0,0.08136702315189392
2024-09-05 17:30:00+00:00,4593.16488424053,4593.16488424053,0,0.08136702315189392
2024-09-05 18:30:00+00:00,4593.16488424053,4593.16488424053,0,0.08136702315189392
2024-09-05 19:30:00+00:00,4593.16488424053,4593.16488424053,0,0.08136702315189392
2024-09-06 13:30:00+00:00,4593.16488424053,4593.16488424053,0,0.08136702315189392
2024-09-06 14:30:00+00:00,4593.16488424053,4593.16488424053,0,0.08136702315189392
2024-09-06 15:30:00+00:00,4593.16488424053,4593.16488424053,0,0.08136702315189392
2024-09-06 16:30:00+00:00,4593.16488424053,4593.16488424053,0,0.08136702315189392
2024-09-06 17:30:00+00:00,4593.16488424053,4593.16488424053,0,0.08136702315189392
2024-09-06 18:30:00+00:00,4593.16488424053,4593.16488424053,0,0.08136702315189392
2024-09-06 19:30:00+00:00,4593.16488424053,4593.16488424053,0,0.08136702315189392
2024-09-09 13:30:00+00:00,4593.16488424053,4593.16488424053,0,0.08136702315189392
2024-09-09 14:30:00+00:00,4593.16488424053,4593.16488424053,0,0.08136702315189392
2024-09-09 15:30:00+00:00,4593.16488424053,4593.16488424053,0,0.08136702315189392
2024-09-09 16:30:00+00:00,4593.16488424053,4593.16488424053,0,0.08136702315189392
2024-09-09 17:30:00+00:00,4593.16488424053,4593.16488424053,0,0.08136702315189392
2024-09-09 18:30:00+00:00,4593.16488424053,4593.16488424053,0,0.08136702315189392
2024-09-09 19:30:00+00:00,4593.16488424053,4593.16488424053,0,0.08136702315189392
2024-09-10 13:30:00+00:00,4593.16488424053,4593.16488424053,0,0.08136702315189392
2024-09-10 14:30:00+00:00,4593.16488424053,4593.16488424053,0,0.08136702315189392
2024-09-10 15:30:00+00:00,4593.16488424053,4593.16488424053,0,0.08136702315189392
2024-09-10 16:30:00+00:00,4593.16488424053,4593.16488424053,0,0.08136702315189392
2024-09-10 17:30:00+00:00,4593.16488424053,4593.16488424053,0,0.08136702315189392
2024-09-10 18:30:00+00:00,4593.16488424053,4593.16488424053,0,0.08136702315189392
2024-09-10 19:30:00+00:00,4593.16488424053,4593.16488424053,0,0.08136702315189392
2024-09-11 13:30:00+00:00,4593.16488424053,4593.16488424053,0,0.08136702315189392
2024-09-11 14:30:00+00:00,4593.16488424053,4593.16488424053,0,0.08136702315189392
2024-09-11 15:30:00+00:00,4593.16488424053,4593.16488424053,0,0.08136702315189392
2024-09-11 16:30:00+00:00,4593.16488424053,4593.16488424053,0,0.08136702315189392
2024-09-11 17:30:00+00:00,4593.16488424053,4593.16488424053,0,0.08136702315189392
2024-09-11 18:30:00+00:00,4593.16488424053,4593.16488424053,0,0.08136702315189392
2024-09-11 19:30:00+00:00,4593.16488424053,4593.16488424053,0,0.08136702315189392
2024-09-12 13:30:00+00:00,4593.16488424053,4593.16488424053,0,0.08136702315189392
2024-09-12 14:30:00+00:00,4593.16488424053,4593.16488424053,0,0.08136702315189392
2024-09-12 15:30:00+00:00,4593.16488424053,4593.16488424053,0,0.08136702315189392
2024-09-12 16:30:00+00:00,4593.16488424053,4593.16488424053,0,0.08136702315189392
2024-09-12 17:30:00+00:00,4593.16488424053,4593.16488424053,0,0.08136702315189392
2024-09-12 18:30:00+00:00,4593.16488424053,4593.16488424053,0,0.08136702315189392
2024-09-12 19:30:00+00:00,4593.16488424053,4593.16488424053,0,0.08136702315189392
2024-09-13 13:30:00+00:00,4593.16488424053,4593.16488424053,0,0.08136702315189392
2024-09-13 14:30:00+00:00,4593.16488424053,4593.16488424053,0,0.08136702315189392
2024-09-13 15:30:00+00:00,4593.16488424053,4593.16488424053,0,0.08136702315189392
2024-09-13 16:30:00+00:00,4593.16488424053,4593.16488424053,0,0.08136702315189392
2024-09-13 17:30:00+00:00,4593.16488424053,4593.16488424053,0,0.08136702315189392
2024-09-13 18:30:00+00:00,4593.16488424053,4593.16488424053,0,0.08136702315189392
2024-09-13 19:30:00+00:00,4593.16488424053,4593.16488424053,0,0.08136702315189392
2024-09-16 13:30:00+00:00,4593.16488424053,4593.16488424053,0,0.08136702315189392
2024-09-16 14:30:00+00:00,4593.16488424053,4593.16488424053,0,0.08136702315189392
2024-09-16 15:30:00+00:00,4593.16488424053,4593.16488424053,0,0.08136702315189392
2024-09-16 16:30:00+00:00,4593.16488424053,4593.16488424053,0,0.08136702315189392
2024-09-16 17:30:00+00:00,4593.16488424053,4593.16488424053,0,0.08136702315189392
2024-09-16 18:30:00+00:00,4593.16488424053,4593.16488424053,0,0.08136702315189392
2024-09-16 19:30:00+00:00,4593.16488424053,4593.16488424053,0,0.08136702315189392
2024-09-17 13:30:00+00:00,4593.16488424053,4593.16488424053,0,0.08136702315189392
2024-09-17 14:30:00+00:00,4593.16488424053,4593.16488424053,0,0.08136702315189392
2024-09-17 15:30:00+00:00,4593.16488424053,4593.16488424053,0,0.08136702315189392
2024-09-17 16:30:00+00:00,4593.16488424053,4593.16488424053,0,0.08136702315189392
2024-09-17 17:30:00+00:00,4593.16488424053,4593.16488424053,0,0.08136702315189392
2024-09-17 18:30:00+00:00,4593.16488424053,4593.16488424053,0,0.08136702315189392
2024-09-17 19:30:00+00:00,4593.16488424053,4593.16488424053,0,0.08136702315189392
2024-09-18 13:30:00+00:00,4593.16488424053,4593.16488424053,0,0.08136702315189392
2024-09-18 14:30:00+00:00,4593.16488424053,4593.16488424053,0,0.08136702315189392
2024-09-18 15:30:00+00:00,4593.16488424053,4593.16488424053,0,0.08136702315189392
2024-09-18 16:30:00+00:00,4593.16488424053,4593.16488424053,0,0.08136702315189392
2024-09-18 17:30:00+00:00,4593.16488424053,4593.16488424053,0,0.08136702315189392
2024-09-18 18:30:00+00:00,4593.16488424053,4593.16488424053,0,0.08136702315189392
2024-09-18 19:30:00+00:00,4593.16488424053,4593.16488424053,0,0.08136702315189392
2024-09-19 13:30:00+00:00,4593.16488424053,4593.16488424053,0,0.08136702315189392
2024-09-19 14:30:00+00:00,4593.16488424053,4593.16488424053,0,0.08136702315189392
2024-09-19 15:30:00+00:00,4593.16488424053,4593.16488424053,0,0.08136702315189392
2024-09-19 16:30:00+00:00,4593.16488424053,4593.16488424053,0,0.08136702315189392
2024-09-19 17:30:00+00:00,4593.16488424053,4593.16488424053,0,0.08136702315189392
2024-09-19 18:30:00+00:00,4593.16488424053,4593.16488424053,0,0.08136702315189392
2024-09-19 19:30:00+00:00,4593.16488424053,4593.16488424053,0,0.08136702315189392
2024-09-20 13:30:00+00:00,4593.16488424053,4593.16488424053,0,0.08136702315189392
2024-09-20 14:30:00+00:00,4593.16488424053,4593.16488424053,0,0.08136702315189392
2024-09-20 15:30:00+00:00,4593.16488424053,4593.16488424053,0,0.08136702315189392
2024-09-20 16:30:00+00:00,4593.16488424053,4593.16488424053,0,0.08136702315189392
2024-09-20 17:30:00+00:00,4593.16488424053,4593.16488424053,0,0.08136702315189392
2024-09-20 18:30:00+00:00,4593.16488424053,4593.16488424053,0,0.08136702315189392
2024-09-20 19:30:00+00:00,4593.16488424053,4593.16488424053,0,0.08136702315189392
2024-09-23 13:30:00+00:00,4593.16488424053,4593.16488424053,0,0.08136702315189392
2024-09-23 14:30:00+00:00,4593.16488424053,4593.16488424053,0,0.08136702315189392
2024-09-23 15:30:00+00:00,4593.16488424053,4593.16488424053,0,0.08136702315189392
2024-09-23 16:30:00+00:00,4593.16488424053,4593.16488424053,0,0.08136702315189392
2024-09-23 17:30:00+00:00,4593.16488424053,4593.16488424053,0,0.08136702315189392
2024-09-23 18:30:00+00:00,4593.16488424053,4593.16488424053,0,0.08136702315189392
2024-09-23 19:30:00+00:00,4593.16488424053,4593.16488424053,0,0.08136702315189392
2024-09-24 13:30:00+00:00,4593.16488424053,4593.16488424053,0,0.08136702315189392
2024-09-24 14:30:00+00:00,4593.16488424053,4593.16488424053,0,0.08136702315189392
2024-09-24 15:30:00+00:00,4593.16488424053,4593.16488424053,0,0.08136702315189392
2024-09-24 16:30:00+00:00,4593.16488424053,4593.16488424053,0,0.08136702315189392
2024-09-24 17:30:00+00:00,4593.16488424053,4593.16488424053,0,0.08136702315189392
2024-09-24 18:30:00+00:00,4593.16488424053,4593.16488424053,0,0.08136702315189392
2024-09-24 19:30:00+00:00,4593.16488424053,4593.16488424053,0,0.08136702315189392
2024-09-25 13:30:00+00:00,4593.16488424053,4593.16488424053,0,0.08136702315189392
2024-09-25 14:30:00+00:00,4593.16488424053,4593.16488424053,0,0.08136702315189392
2024-09-25 15:30:00+00:00,4593.16488424053,4593.16488424053,0,0.08136702315189392
2024-09-25 16:30:00+00:00,4593.16488424053,4593.16488424053,0,0.08136702315189392
2024-09-25 17:30:00+00:00,4593.16488424053,4593.16488424053,0,0.08136702315189392
2024-09-25 18:30:00+00:00,4593.16488424053,4593.16488424053,0,0.08136702315189392
2024-09-25 19:30:00+00:00,4593.16488424053,4593.16488424053,0,0.08136702315189392
2024-09-26 13:30:00+00:00,4593.16488424053,4593.16488424053,0,0.08136702315189392
2024-09-26 14:30:00+00:00,4593.16488424053,4593.16488424053,0,0.08136702315189392
2024-09-26 15:30:00+00:00,4593.16488424053,4593.16488424053,0,0.08136702315189392
2024-09-26 16:30:00+00:00,4593.16488424053,4593.16488424053,0,0.08136702315189392
2024-09-26 17:30:00+00:00,4593.16488424053,4593.16488424053,0,0.08136702315189392
2024-09-26 18:30:00+00:00,4593.16488424053,4593.16488424053,0,0.08136702315189392
2024-09-26 19:30:00+00:00,4593.16488424053,4593.16488424053,0,0.08136702315189392
2024-09-27 13:30:00+00:00,4593.16488424053,4593.16488424053,0,0.08136702315189392
2024-09-27 14:30:00+00:00,4593.16488424053,4593.16488424053,0,0.08136702315189392
2024-09-27 15:30:00+00:00,4593.16488424053,4593.16488424053,0,0.08136702315189392
2024-09-27 16:30:00+00:00,4593.16488424053,4593.16488424053,0,0.08136702315189392
2024-09-27 17:30:00+00:00,4593.16488424053,4593.16488424053,0,0.08136702315189392
2024-09-27 18:30:00+00:00,4593.16488424053,4593.16488424053,0,0.08136702315189392
2024-09-27 19:30:00+00:00,4593.16488424053,4593.16488424053,0,0.08136702315189392
2024-09-30 13:30:00+00:00,4593.16488424053,4593.16488424053,0,0.08136702315189392
2024-09-30 14:30:00+00:00,4593.16488424053,4593.16488424053,0,0.08136702315189392
2024-09-30 15:30:00+00:00,4593.16488424053,4593.16488424053,0,0.08136702315189392
2024-09-30 16:30:00+00:00,4593.16488424053,4593.16488424053,0,0.08136702315189392
2024-09-30 17:30:00+00:00,4593.16488424053,4593.16488424053,0,0.08136702315189392
2024-09-30 18:30:00+00:00,4593.16488424053,4593.16488424053,0,0.08136702315189392
2024-09-30 19:30:00+00:00,4593.16488424053,4593.16488424053,0,0.08136702315189392
2024-10-01 13:30:00+00:00,4593.16488424053,4593.16488424053,0,0.08136702315189392
2024-10-01 14:30:00+00:00,4593.16488424053,4593.16488424053,0,0.08136702315189392
2024-10-01 15:30:00+00:00,4593.16488424053,4593.16488424053,0,0.08136702315189392
2024-10-01 16:30:00+00:00,4593.16488424053,4593.16488424053,0,0.08136702315189392
2024-10-01 17:30:00+00:00,4593.16488424053,4593.16488424053,0,0.08136702315189392
2024-10-01 18:30:00+00:00,4593.16488424053,4593.16488424053,0,0.08136702315189392
2024-10-01 19:30:00+00:00,4593.16488424053,4593.16488424053,0,0.08136702315189392
2024-10-02 13:30:00+00:00,4593.16488424053,4593.16488424053,0,0.08136702315189392
2024-10-02 14:30:00+00:00,4593.16488424053,4593.16488424053,0,0.08136702315189392
2024-10-02 15:30:00+00:00,4593.16488424053,4593.16488424053,0,0.08136702315189392
2024-10-02 16:30:00+00:00,4593.16488424053,4593.16488424053,0,0.08136702315189392
2024-10-02 17:30:00+00:00,4593.16488424053,4593.16488424053,0,0.08136702315189392
2024-10-02 18:30:00+00:00,4593.16488424053,4593.16488424053,0,0.08136702315189392
2024-10-02 19:30:00+00:00,4593.16488424053,4593.16488424053,0,0.08136702315189392
2024-10-03 13:30:00+00:00,4593.16488424053,4593.16488424053,0,0.08136702315189392
2024-10-03 14:30:00+00:00,4593.16488424053,4593.16488424053,0,0.08136702315189392
2024-10-03 15:30:00+00:00,4593.16488424053,4593.16488424053,0,0.08136702315189392
2024-10-03 16:30:00+00:00,4593.16488424053,4593.16488424053,0,0.08136702315189392
2024-10-03 17:30:00+00:00,4593.16488424053,4593.16488424053,0,0.08136702315189392
2024-10-03 18:30:00+00:00,4593.16488424053,4593.16488424053,0,0.08136702315189392
2024-10-03 19:30:00+00:00,4593.16488424053,4593.16488424053,0,0.08136702315189392
2024-10-04 13:30:00+00:00,4593.16488424053,4593.16488424053,0,0.08136702315189392
2024-10-04 14:30:00+00:00,4593.16488424053,4593.16488424053,0,0.08136702315189392
2024-10-04 15:30:00+00:00,4593.16488424053,4593.16488424053,0,0.08136702315189392
2024-10-04 16:30:00+00:00,4593.16488424053,4593.16488424053,0,0.08136702315189392
2024-10-04 17:30:00+00:00,4593.16488424053,4593.16488424053,0,0.08136702315189392
2024-10-04 18:30:00+00:00,4593.16488424053,4593.16488424053,0,0.08136702315189392
2024-10-04 19:30:00+00:00,4593.16488424053,4593.16488424053,0,0.08136702315189392
2024-10-07 13:30:00+00:00,4593.16488424053,4593.16488424053,0,0.08136702315189392
2024-10-07 14:30:00+00:00,4593.16488424053,4593.16488424053,0,0.08136702315189392
2024-10-07 15:30:00+00:00,4593.16488424053,4593.16488424053,0,0.08136702315189392
2024-10-07 16:30:00+00:00,4593.16488424053,4593.16488424053,0,0.08136702315189392
2024-10-07 17:30:00+00:00,4593.16488424053,4593.16488424053,0,0.08136702315189392
2024-10-07 18:30:00+00:00,4593.16488424053,4593.16488424053,0,0.08136702315189392
2024-10-07 19:30:00+00:00,4593.16488424053,4593.16488424053,0,0.08136702315189392
2024-10-08 13:30:00+00:00,4593.16488424053,4593.16488424053,0,0.08136702315189392
2024-10-08 14:30:00+00:00,4593.16488424053,4593.16488424053,0,0.08136702315189392
2024-10-08 15:30:00+00:00,4593.16488424053,4593.16488424053,0,0.08136702315189392
2024-10-08 16:30:00+00:00,4593.16488424053,4593.16488424053,0,0.08136702315189392
2024-10-08 17:30:00+00:00,4593.16488424053,4593.16488424053,0,0.08136702315189392
2024-10-08 18:30:00+00:00,4593.16488424053,4593.16488424053,0,0.08136702315189392
2024-10-08 19:30:00+00:00,4593.16488424053,4593.16488424053,0,0.08136702315189392
2024-10-09 13:30:00+00:00,4593.16488424053,4593.16488424053,0,0.08136702315189392
2024-10-09 14:30:00+00:00,4593.16488424053,4593.16488424053,0,0.08136702315189392
2024-10-09 15:30:00+00:00,4593.16488424053,4593.16488424053,0,0.08136702315189392
2024-10-09 16:30:00+00:00,4593.16488424053,4593.16488424053,0,0.08136702315189392
2024-10-09 17:30:00+00:00,4593.16488424053,4593.16488424053,0,0.08136702315189392
2024-10-09 18:30:00+00:00,4593.16488424053,4593.16488424053,0,0.08136702315189392
2024-10-09 19:30:00+00:00,4593.16488424053,4593.16488424053,0,0.08136702315189392
2024-10-10 13:30:00+00:00,4593.16488424053,4593.16488424053,0,0.08136702315189392
2024-10-10 14:30:00+00:00,4593.16488424053,4593.16488424053,0,0.08136702315189392
2024-10-10 15:30:00+00:00,4593.16488424053,4593.16488424053,0,0.08136702315189392
2024-10-10 16:30:00+00:00,4593.16488424053,4593.16488424053,0,0.08136702315189392
2024-10-10 17:30:00+00:00,4593.16488424053,4593.16488424053,0,0.08136702315189392
2024-10-10 18:30:00+00:00,4593.16488424053,4593.16488424053,0,0.08136702315189392
2024-10-10 19:30:00+00:00,4593.16488424053,4593.16488424053,0,0.08136702315189392
2024-10-11 13:30:00+00:00,4593.16488424053,4593.16488424053,0,0.08136702315189392
2024-10-11 14:30:00+00:00,4593.16488424053,4593.16488424053,0,0.08136702315189392
2024-10-11 15:30:00+00:00,4593.16488424053,4593.16488424053,0,0.08136702315189392
2024-10-11 16:30:00+00:00,4593.16488424053,4593.16488424053,0,0.08136702315189392
2024-10-11 17:30:00+00:00,4593.16488424053,4593.16488424053,0,0.08136702315189392
2024-10-11 18:30:00+00:00,4593.16488424053,4593.16488424053,0,0.08136702315189392
2024-10-11 19:30:00+00:00,4593.16488424053,4593.16488424053,0,0.08136702315189392
2024-10-14 13:30:00+00:00,4593.16488424053,4593.16488424053,0,0.08136702315189392
2024-10-14 14:30:00+00:00,4593.16488424053,4593.16488424053,0,0.08136702315189392
2024-10-14 15:30:00+00:00,4593.16488424053,4593.16488424053,0,0.08136702315189392
2024-10-14 16:30:00+00:00,4593.16488424053,4593.16488424053,0,0.08136702315189392
2024-10-14 17:30:00+00:00,4593.16488424053,4593.16488424053,0,0.08136702315189392
2024-10-14 18:30:00+00:00,4593.16488424053,4593.16488424053,0,0.08136702315189392
2024-10-14 19:30:00+00:00,4593.16488424053,4593.16488424053,0,0.08136702315189392
2024-10-15 13:30:00+00:00,4593.16488424053,4593.16488424053,0,0.08136702315189392
2024-10-15 14:30:00+00:00,4593.16488424053,4593.16488424053,0,0.08136702315189392
2024-10-15 15:30:00+00:00,4593.16488424053,4593.16488424053,0,0.08136702315189392
2024-10-15 16:30:00+00:00,4593.16488424053,4593.16488424053,0,0.08136702315189392
2024-10-15 17:30:00+00:00,4593.16488424053,4593.16488424053,0,0.08136702315189392
2024-10-15 18:30:00+00:00,4593.16488424053,4593.16488424053,0,0.08136702315189392
2024-10-15 19:30:00+00:00,4593.16488424053,4593.16488424053,0,0.08136702315189392
2024-10-16 13:30:00+00:00,4593.16488424053,4593.16488424053,0,0.08136702315189392
2024-10-16 14:30:00+00:00,4593.16488424053,4593.16488424053,0,0.08136702315189392
2024-10-16 15:30:00+00:00,4593.16488424053,4593.16488424053,0,0.08136702315189392
2024-10-16 16:30:00+00:00,4593.16488424053,4593.16488424053,0,0.08136702315189392
2024-10-16 17:30:00+00:00,4593.16488424053,4593.16488424053,0,0.08136702315189392
2024-10-16 18:30:00+00:00,4593.16488424053,4593.16488424053,0,0.08136702315189392
2024-10-16 19:30:00+00:00,4593.16488424053,4593.16488424053,0,0.08136702315189392
2024-10-17 13:30:00+00:00,4593.16488424053,4593.16488424053,0,0.08136702315189392
2024-10-17 14:30:00+00:00,4593.16488424053,4593.16488424053,0,0.08136702315189392
2024-10-17 15:30:00+00:00,4593.16488424053,4593.16488424053,0,0.08136702315189392
2024-10-17 16:30:00+00:00,4593.16488424053,4593.16488424053,0,0.08136702315189392
2024-10-17 17:30:00+00:00,4593.16488424053,4593.16488424053,0,0.08136702315189392
2024-10-17 18:30:00+00:00,4593.16488424053,4593.16488424053,0,0.08136702315189392
2024-10-17 19:30:00+00:00,4593.16488424053,4593.16488424053,0,0.08136702315189392
2024-10-18 13:30:00+00:00,4593.16488424053,4593.16488424053,0,0.08136702315189392
2024-10-18 14:30:00+00:00,4593.16488424053,4593.16488424053,0,0.08136702315189392
2024-10-18 15:30:00+00:00,4593.16488424053,4593.16488424053,0,0.08136702315189392
2024-10-18 16:30:00+00:00,4593.16488424053,4593.16488424053,0,0.08136702315189392
2024-10-18 17:30:00+00:00,4593.16488424053,4593.16488424053,0,0.08136702315189392
2024-10-18 18:30:00+00:00,4593.16488424053,4593.16488424053,0,0.08136702315189392
2024-10-18 19:30:00+00:00,4593.16488424053,4593.16488424053,0,0.08136702315189392
2024-10-21 13:30:00+00:00,4593.16488424053,4593.16488424053,0,0.08136702315189392
2024-10-21 14:30:00+00:00,4593.16488424053,4593.16488424053,0,0.08136702315189392
2024-10-21 15:30:00+00:00,4593.16488424053,4593.16488424053,0,0.08136702315189392
2024-10-21 16:30:00+00:00,4593.16488424053,4593.16488424053,0,0.08136702315189392
2024-10-21 17:30:00+00:00,4593.16488424053,4593.16488424053,0,0.08136702315189392
2024-10-21 18:30:00+00:00,4593.16488424053,4593.16488424053,0,0.08136702315189392
2024-10-21 19:30:00+00:00,4593.16488424053,4593.16488424053,0,0.08136702315189392
2024-10-22 13:30:00+00:00,4593.16488424053,4593.16488424053,0,0.08136702315189392
2024-10-22 14:30:00+00:00,4593.16488424053,4593.16488424053,0,0.08136702315189392
2024-10-22 15:30:00+00:00,4593.16488424053,4593.16488424053,0,0.08136702315189392
2024-10-22 16:30:00+00:00,4593.16488424053,4593.16488424053,0,0.08136702315189392
2024-10-22 17:30:00+00:00,4593.16488424053,4593.16488424053,0,0.08136702315189392
2024-10-22 18:30:00+00:00,4593.16488424053,4593.16488424053,0,0.08136702315189392
2024-10-22 19:30:00+00:00,4593.16488424053,4593.16488424053,0,0.08136702315189392
2024-10-23 13:30:00+00:00,4593.16488424053,4593.16488424053,0,0.08136702315189392
2024-10-23 14:30:00+00:00,4593.16488424053,4593.16488424053,0,0.08136702315189392
2024-10-23 15:30:00+00:00,4593.16488424053,4593.16488424053,0,0.08136702315189392
2024-10-23 16:30:00+00:00,4593.16488424053,4593.16488424053,0,0.08136702315189392
2024-10-23 17:30:00+00:00,4593.16488424053,4593.16488424053,0,0.08136702315189392
2024-10-23 18:30:00+00:00,4593.16488424053,4593.16488424053,0,0.08136702315189392
2024-10-23 19:30:00+00:00,4593.16488424053,4593.16488424053,0,0.08136702315189392
2024-10-24 13:30:00+00:00,4593.16488424053,4593.16488424053,0,0.08136702315189392
2024-10-24 14:30:00+00:00,4593.16488424053,4593.16488424053,0,0.08136702315189392
2024-10-24 15:30:00+00:00,4593.16488424053,4593.16488424053,0,0.08136702315189392
2024-10-24 16:30:00+00:00,4593.16488424053,4593.16488424053,0,0.08136702315189392
2024-10-24 17:30:00+00:00,4593.16488424053,4593.16488424053,0,0.08136702315189392
2024-10-24 18:30:00+00:00,4593.16488424053,4593.16488424053,0,0.08136702315189392
2024-10-24 19:30:00+00:00,4593.16488424053,4593.16488424053,0,0.08136702315189392
2024-10-25 13:30:00+00:00,4593.16488424053,4593.16488424053,0,0.08136702315189392
2024-10-25 14:30:00+00:00,4593.16488424053,4593.16488424053,0,0.08136702315189392
2024-10-25 15:30:00+00:00,4593.16488424053,4593.16488424053,0,0.08136702315189392
2024-10-25 16:30:00+00:00,4593.16488424053,4593.16488424053,0,0.08136702315189392
2024-10-25 17:30:00+00:00,4593.16488424053,4593.16488424053,0,0.08136702315189392
2024-10-25 18:30:00+00:00,4593.16488424053,4593.16488424053,0,0.08136702315189392
2024-10-25 19:30:00+00:00,4593.16488424053,4593.16488424053,0,0.08136702315189392
2024-10-28 13:30:00+00:00,4593.16488424053,4593.16488424053,0,0.08136702315189392
2024-10-28 14:30:00+00:00,4593.16488424053,4593.16488424053,0,0.08136702315189392
2024-10-28 15:30:00+00:00,4593.16488424053,4593.16488424053,0,0.08136702315189392
2024-10-28 16:30:00+00:00,4593.16488424053,4593.16488424053,0,0.08136702315189392
2024-10-28 17:30:00+00:00,4593.16488424053,4593.16488424053,0,0.08136702315189392
2024-10-28 18:30:00+00:00,4593.16488424053,4593.16488424053,0,0.08136702315189392
2024-10-28 19:30:00+00:00,4593.16488424053,4593.16488424053,0,0.08136702315189392
2024-10-29 13:30:00+00:00,4593.16488424053,4593.16488424053,0,0.08136702315189392
2024-10-29 14:30:00+00:00,4593.16488424053,4593.16488424053,0,0.08136702315189392
2024-10-29 15:30:00+00:00,4593.16488424053,4593.16488424053,0,0.08136702315189392
2024-10-29 16:30:00+00:00,4593.16488424053,4593.16488424053,0,0.08136702315189392
2024-10-29 17:30:00+00:00,4593.16488424053,4593.16488424053,0,0.08136702315189392
2024-10-29 18:30:00+00:00,4593.16488424053,4593.16488424053,0,0.08136702315189392
2024-10-29 19:30:00+00:00,4593.16488424053,4593.16488424053,0,0.08136702315189392
2024-10-30 13:30:00+00:00,4593.16488424053,4593.16488424053,0,0.08136702315189392
2024-10-30 14:30:00+00:00,4593.16488424053,4593.16488424053,0,0.08136702315189392
2024-10-30 15:30:00+00:00,4593.16488424053,4593.16488424053,0,0.08136702315189392
2024-10-30 16:30:00+00:00,4593.16488424053,4593.16488424053,0,0.08136702315189392
2024-10-30 17:30:00+00:00,4593.16488424053,4593.16488424053,0,0.08136702315189392
2024-10-30 18:30:00+00:00,4593.16488424053,4593.16488424053,0,0.08136702315189392
2024-10-30 19:30:00+00:00,4593.16488424053,4593.16488424053,0,0.08136702315189392
2024-10-31 13:30:00+00:00,4593.16488424053,4593.16488424053,0,0.08136702315189392
2024-10-31 14:30:00+00:00,4593.16488424053,4593.16488424053,0,0.08136702315189392
2024-10-31 15:30:00+00:00,4593.16488424053,4593.16488424053,0,0.08136702315189392
2024-10-31 16:30:00+00:00,4593.16488424053,4593.16488424053,0,0.08136702315189392
2024-10-31 17:30:00+00:00,4593.16488424053,4593.16488424053,0,0.08136702315189392
2024-10-31 18:30:00+00:00,4593.16488424053,4593.16488424053,0,0.08136702315189392
2024-10-31 19:30:00+00:00,4593.16488424053,4593.16488424053,0,0.08136702315189392
2024-11-01 13:30:00+00:00,4593.16488424053,4593.16488424053,0,0.08136702315189392
2024-11-01 14:30:00+00:00,4593.16488424053,4593.16488424053,0,0.08136702315189392
2024-11-01 15:30:00+00:00,4593.16488424053,4593.16488424053,0,0.08136702315189392
2024-11-01 16:30:00+00:00,4593.16488424053,4593.16488424053,0,0.08136702315189392
2024-11-01 17:30:00+00:00,4593.16488424053,4593.16488424053,0,0.08136702315189392
2024-11-01 18:30:00+00:00,4593.16488424053,4593.16488424053,0,0.08136702315189392
2024-11-01 19:30:00+00:00,4593.16488424053,4593.16488424053,0,0.08136702315189392
2024-11-04 14:30:00+00:00,4593.16488424053,4593.16488424053,0,0.08136702315189392
2024-11-04 15:30:00+00:00,4593.16488424053,4593.16488424053,0,0.08136702315189392
2024-11-04 16:30:00+00:00,4593.16488424053,4593.16488424053,0,0.08136702315189392
2024-11-04 17:30:00+00:00,4593.16488424053,4593.16488424053,0,0.08136702315189392
2024-11-04 18:30:00+00:00,4593.16488424053,4593.16488424053,0,0.08136702315189392
2024-11-04 19:30:00+00:00,4593.16488424053,4593.16488424053,0,0.08136702315189392
2024-11-04 20:30:00+00:00,4593.16488424053,4593.16488424053,0,0.08136702315189392
2024-11-05 14:30:00+00:00,4593.16488424053,4593.16488424053,0,0.08136702315189392
2024-11-05 15:30:00+00:00,4593.16488424053,4593.16488424053,0,0.08136702315189392
2024-11-05 16:30:00+00:00,4593.16488424053,4593.16488424053,0,0.08136702315189392
2024-11-05 17:30:00+00:00,4593.16488424053,4593.16488424053,0,0.08136702315189392
2024-11-05 18:30:00+00:00,4593.16488424053,4593.16488424053,0,0.08136702315189392
2024-11-05 19:30:00+00:00,4593.16488424053,4593.16488424053,0,0.08136702315189392
2024-11-05 20:30:00+00:00,4593.16488424053,4593.16488424053,0,0.08136702315189392
2024-11-06 14:30:00+00:00,4593.16488424053,4593.16488424053,0,0.08136702315189392
2024-11-06 15:30:00+00:00,4593.16488424053,4593.16488424053,0,0.08136702315189392
2024-11-06 16:30:00+00:00,4593.16488424053,4593.16488424053,0,0.08136702315189392
2024-11-06 17:30:00+00:00,4593.16488424053,4593.16488424053,0,0.08136702315189392
2024-11-06 18:30:00+00:00,4593.16488424053,4593.16488424053,0,0.08136702315189392
2024-11-06 19:30:00+00:00,4593.16488424053,4593.16488424053,0,0.08136702315189392
2024-11-06 20:30:00+00:00,4593.16488424053,4593.16488424053,0,0.08136702315189392
2024-11-07 14:30:00+00:00,4593.16488424053,4593.16488424053,0,0.08136702315189392
2024-11-07 15:30:00+00:00,4593.16488424053,4593.16488424053,0,0.08136702315189392
2024-11-07 16:30:00+00:00,4593.16488424053,4593.16488424053,0,0.08136702315189392
2024-11-07 17:30:00+00:00,4593.16488424053,4593.16488424053,0,0.08136702315189392
2024-11-07 18:30:00+00:00,4593.16488424053,4593.16488424053,0,0.08136702315189392
2024-11-07 19:30:00+00:00,4593.16488424053,4593.16488424053,0,0.08136702315189392
2024-11-07 20:30:00+00:00,4593.16488424053,4593.16488424053,0,0.08136702315189392
2024-11-08 14:30:00+00:00,4593.16488424053,4593.16488424053,0,0.08136702315189392
2024-11-08 15:30:00+00:00,4593.16488424053,4593.16488424053,0,0.08136702315189392
2024-11-08 16:30:00+00:00,4593.16488424053,4593.16488424053,0,0.08136702315189392
2024-11-08 17:30:00+00:00,4593.16488424053,4593.16488424053,0,0.08136702315189392
2024-11-08 18:30:00+00:00,4593.16488424053,4593.16488424053,0,0.08136702315189392
2024-11-08 19:30:00+00:00,4593.16488424053,4593.16488424053,0,0.08136702315189392
2024-11-08 20:30:00+00:00,4593.16488424053,4593.16488424053,0,0.08136702315189392
2024-11-11 14:30:00+00:00,4593.16488424053,4593.16488424053,0,0.08136702315189392
2024-11-11 15:30:00+00:00,4593.16488424053,4593.16488424053,0,0.08136702315189392
2024-11-11 16:30:00+00:00,4593.16488424053,4593.16488424053,0,0.08136702315189392
2024-11-11 17:30:00+00:00,4593.16488424053,4593.16488424053,0,0.08136702315189392
2024-11-11 18:30:00+00:00,4593.16488424053,4593.16488424053,0,0.08136702315189392
2024-11-11 19:30:00+00:00,4593.16488424053,4593.16488424053,0,0.08136702315189392
2024-11-11 20:30:00+00:00,4593.16488424053,4593.16488424053,0,0.08136702315189392
2024-11-12 14:30:00+00:00,4593.16488424053,4593.16488424053,0,0.08136702315189392
2024-11-12 15:30:00+00:00,4593.16488424053,4593.16488424053,0,0.08136702315189392
2024-11-12 16:30:00+00:00,4593.16488424053,4593.16488424053,0,0.08136702315189392
2024-11-12 17:30:00+00:00,4593.16488424053,4593.16488424053,0,0.08136702315189392
2024-11-12 18:30:00+00:00,4593.16488424053,4593.16488424053,0,0.08136702315189392
2024-11-12 19:30:00+00:00,4593.16488424053,4593.16488424053,0,0.08136702315189392
2024-11-12 20:30:00+00:00,4593.16488424053,4593.16488424053,0,0.08136702315189392
2024-11-13 14:30:00+00:00,4593.16488424053,4593.16488424053,0,0.08136702315189392
2024-11-13 15:30:00+00:00,4593.16488424053,4593.16488424053,0,0.08136702315189392
2024-11-13 16:30:00+00:00,4593.16488424053,4593.16488424053,0,0.08136702315189392
2024-11-13 17:30:00+00:00,4593.16488424053,4593.16488424053,0,0.08136702315189392
2024-11-13 18:30:00+00:00,4593.16488424053,4593.16488424053,0,0.08136702315189392
2024-11-13 19:30:00+00:00,4593.16488424053,4593.16488424053,0,0.08136702315189392
2024-11-13 20:30:00+00:00,4593.16488424053,4593.16488424053,0,0.08136702315189392
2024-11-14 14:30:00+00:00,4593.16488424053,4593.16488424053,0,0.08136702315189392
2024-11-14 15:30:00+00:00,4593.16488424053,4593.16488424053,0,0.08136702315189392
2024-11-14 16:30:00+00:00,4593.16488424053,4593.16488424053,0,0.08136702315189392
2024-11-14 17:30:00+00:00,4593.16488424053,4593.16488424053,0,0.08136702315189392
2024-11-14 18:30:00+00:00,4593.16488424053,4593.16488424053,0,0.08136702315189392
2024-11-14 19:30:00+00:00,4593.16488424053,4593.16488424053,0,0.08136702315189392
2024-11-14 20:30:00+00:00,4593.16488424053,4593.16488424053,0,0.08136702315189392
2024-11-15 14:30:00+00:00,4593.16488424053,4593.16488424053,0,0.08136702315189392
2024-11-15 15:30:00+00:00,4593.16488424053,4593.16488424053,0,0.08136702315189392
2024-11-15 16:30:00+00:00,4593.16488424053,4593.16488424053,0,0.08136702315189392
2024-11-15 17:30:00+00:00,4593.16488424053,4593.16488424053,0,0.08136702315189392
2024-11-15 18:30:00+00:00,4593.16488424053,4593.16488424053,0,0.08136702315189392
2024-11-15 19:30:00+00:00,4593.16488424053,4593.16488424053,0,0.08136702315189392
2024-11-15 20:30:00+00:00,4593.16488424053,4593.16488424053,0,0.08136702315189392
2024-11-18 14:30:00+00:00,4593.16488424053,4593.16488424053,0,0.08136702315189392
2024-11-18 15:30:00+00:00,4593.16488424053,4593.16488424053,0,0.08136702315189392
2024-11-18 16:30:00+00:00,4593.16488424053,4593.16488424053,0,0.08136702315189392
2024-11-18 17:30:00+00:00,4593.16488424053,4593.16488424053,0,0.08136702315189392
2024-11-18 18:30:00+00:00,4593.16488424053,4593.16488424053,0,0.08136702315189392
2024-11-18 19:30:00+00:00,4593.16488424053,4593.16488424053,0,0.08136702315189392
2024-11-18 20:30:00+00:00,4593.16488424053,4593.16488424053,0,0.08136702315189392
2024-11-19 14:30:00+00:00,4593.16488424053,4593.16488424053,0,0.08136702315189392
2024-11-19 15:30:00+00:00,4593.16488424053,4593.16488424053,0,0.08136702315189392
2024-11-19 16:30:00+00:00,4593.16488424053,4593.16488424053,0,0.08136702315189392
2024-11-19 17:30:00+00:00,4593.16488424053,4593.16488424053,0,0.08136702315189392
2024-11-19 18:30:00+00:00,4593.16488424053,4593.16488424053,0,0.08136702315189392
2024-11-19 19:30:00+00:00,4593.16488424053,4593.16488424053,0,0.08136702315189392
2024-11-19 20:30:00+00:00,4593.16488424053,4593.16488424053,0,0.08136702315189392
2024-11-20 14:30:00+00:00,4593.16488424053,4593.16488424053,0,0.08136702315189392
2024-11-20 15:30:00+00:00,4593.16488424053,4593.16488424053,0,0.08136702315189392
2024-11-20 16:30:00+00:00,4593.16488424053,4593.16488424053,0,0.08136702315189392
2024-11-20 17:30:00+00:00,4593.16488424053,4593.16488424053,0,0.08136702315189392
2024-11-20 18:30:00+00:00,4593.16488424053,4593.16488424053,0,0.08136702315189392
2024-11-20 19:30:00+00:00,4593.16488424053,4593.16488424053,0,0.08136702315189392
2024-11-20 20:30:00+00:00,4593.16488424053,4593.16488424053,0,0.08136702315189392
2024-11-21 14:30:00+00:00,4593.16488424053,4593.16488424053,0,0.08136702315189392
2024-11-21 15:30:00+00:00,4593.16488424053,4593.16488424053,0,0.08136702315189392
2024-11-21 16:30:00+00:00,4593.16488424053,4593.16488424053,0,0.08136702315189392
2024-11-21 17:30:00+00:00,4593.16488424053,4593.16488424053,0,0.08136702315189392
2024-11-21 18:30:00+00:00,4593.16488424053,4593.16488424053,0,0.08136702315189392
2024-11-21 19:30:00+00:00,4593.16488424053,4593.16488424053,0,0.08136702315189392
2024-11-21 20:30:00+00:00,4593.16488424053,4593.16488424053,0,0.08136702315189392
2024-11-22 14:30:00+00:00,4593.16488424053,4593.16488424053,0,0.08136702315189392
2024-11-22 15:30:00+00:00,4593.16488424053,4593.16488424053,0,0.08136702315189392
2024-11-22 16:30:00+00:00,4593.16488424053,4593.16488424053,0,0.08136702315189392
2024-11-22 17:30:00+00:00,4593.16488424053,4593.16488424053,0,0.08136702315189392
2024-11-22 18:30:00+00:00,4593.16488424053,4593.16488424053,0,0.08136702315189392
2024-11-22 19:30:00+00:00,4593.16488424053,4593.16488424053,0,0.08136702315189392
2024-11-22 20:30:00+00:00,4593.16488424053,4593.16488424053,0,0.08136702315189392
2024-11-25 14:30:00+00:00,4593.16488424053,4593.16488424053,0,0.08136702315189392
2024-11-25 15:30:00+00:00,4593.16488424053,4593.16488424053,0,0.08136702315189392
2024-11-25 16:30:00+00:00,4593.16488424053,4593.16488424053,0,0.08136702315189392
2024-11-25 17:30:00+00:00,4593.16488424053,4593.16488424053,0,0.08136702315189392
2024-11-25 18:30:00+00:00,4593.16488424053,4593.16488424053,0,0.08136702315189392
2024-11-25 19:30:00+00:00,4593.16488424053,4593.16488424053,0,0.08136702315189392
2024-11-25 20:30:00+00:00,4593.16488424053,4593.16488424053,0,0.08136702315189392
2024-11-26 14:30:00+00:00,4593.16488424053,4593.16488424053,0,0.08136702315189392
2024-11-26 15:30:00+00:00,4593.16488424053,4593.16488424053,0,0.08136702315189392
2024-11-26 16:30:00+00:00,4593.16488424053,4593.16488424053,0,0.08136702315189392
2024-11-26 17:30:00+00:00,4593.16488424053,4593.16488424053,0,0.08136702315189392
2024-11-26 18:30:00+00:00,4593.16488424053,4593.16488424053,0,0.08136702315189392
2024-11-26 19:30:00+00:00,4593.16488424053,4593.16488424053,0,0.08136702315189392
2024-11-26 20:30:00+00:00,4593.16488424053,4593.16488424053,0,0.08136702315189392
2024-11-27 14:30:00+00:00,4593.16488424053,4593.16488424053,0,0.08136702315189392
2024-11-27 15:30:00+00:00,4593.16488424053,4593.16488424053,0,0.08136702315189392
2024-11-27 16:30:00+00:00,4593.16488424053,4593.16488424053,0,0.08136702315189392
2024-11-27 17:30:00+00:00,4593.16488424053,4593.16488424053,0,0.08136702315189392
2024-11-27 18:30:00+00:00,4593.16488424053,4593.16488424053,0,0.08136702315189392
2024-11-27 19:30:00+00:00,4593.16488424053,4593.16488424053,0,0.08136702315189392
2024-11-27 20:30:00+00:00,4593.16488424053,4593.16488424053,0,0.08136702315189392
2024-11-29 14:30:00+00:00,4593.16488424053,4593.16488424053,0,0.08136702315189392
2024-11-29 15:30:00+00:00,4593.16488424053,4593.16488424053,0,0.08136702315189392
2024-11-29 16:30:00+00:00,4593.16488424053,4593.16488424053,0,0.08136702315189392
2024-12-02 14:30:00+00:00,4593.16488424053,4593.16488424053,0,0.08136702315189392
2024-12-02 15:30:00+00:00,4593.16488424053,4593.16488424053,0,0.08136702315189392
2024-12-02 16:30:00+00:00,4593.16488424053,4593.16488424053,0,0.08136702315189392
2024-12-02 17:30:00+00:00,4593.16488424053,4593.16488424053,0,0.08136702315189392
2024-12-02 18:30:00+00:00,4593.16488424053,4593.16488424053,0,0.08136702315189392
2024-12-02 19:30:00+00:00,4593.16488424053,4593.16488424053,0,0.08136702315189392
2024-12-02 20:30:00+00:00,4593.16488424053,4593.16488424053,0,0.08136702315189392
2024-12-03 14:30:00+00:00,4593.16488424053,4593.16488424053,0,0.08136702315189392
2024-12-03 15:30:00+00:00,4593.16488424053,4593.16488424053,0,0.08136702315189392
2024-12-03 16:30:00+00:00,4593.16488424053,4593.16488424053,0,0.08136702315189392
2024-12-03 17:30:00+00:00,4593.16488424053,4593.16488424053,0,0.08136702315189392
2024-12-03 18:30:00+00:00,4593.16488424053,4593.16488424053,0,0.08136702315189392
2024-12-03 19:30:00+00:00,4593.16488424053,4593.16488424053,0,0.08136702315189392
2024-12-03 20:30:00+00:00,4593.16488424053,4593.16488424053,0,0.08136702315189392
2024-12-04 14:30:00+00:00,4593.16488424053,4593.16488424053,0,0.08136702315189392
2024-12-04 15:30:00+00:00,4593.16488424053,4593.16488424053,0,0.08136702315189392
2024-12-04 16:30:00+00:00,4593.16488424053,4593.16488424053,0,0.08136702315189392
2024-12-04 17:30:00+00:00,4593.16488424053,4593.16488424053,0,0.08136702315189392
2024-12-04 18:30:00+00:00,4593.16488424053,4593.16488424053,0,0.08136702315189392
2024-12-04 19:30:00+00:00,4593.16488424053,4593.16488424053,0,0.08136702315189392
2024-12-04 20:30:00+00:00,4593.16488424053,4593.16488424053,0,0.08136702315189392
2024-12-05 14:30:00+00:00,4593.16488424053,4593.16488424053,0,0.08136702315189392
2024-12-05 15:30:00+00:00,4593.16488424053,4593.16488424053,0,0.08136702315189392
2024-12-05 16:30:00+00:00,4593.16488424053,4593.16488424053,0,0.08136702315189392
2024-12-05 17:30:00+00:00,4593.16488424053,4593.16488424053,0,0.08136702315189392
2024-12-05 18:30:00+00:00,4593.16488424053,4593.16488424053,0,0.08136702315189392
2024-12-05 19:30:00+00:00,4593.16488424053,4593.16488424053,0,0.08136702315189392
2024-12-05 20:30:00+00:00,4593.16488424053,4593.16488424053,0,0.08136702315189392
2024-12-06 14:30:00+00:00,4593.16488424053,4593.16488424053,0,0.08136702315189392
2024-12-06 15:30:00+00:00,4593.16488424053,4593.16488424053,0,0.08136702315189392
2024-12-06 16:30:00+00:00,4593.16488424053,4593.16488424053,0,0.08136702315189392
2024-12-06 17:30:00+00:00,4593.16488424053,4593.16488424053,0,0.08136702315189392
2024-12-06 18:30:00+00:00,4593.16488424053,4593.16488424053,0,0.08136702315189392
2024-12-06 19:30:00+00:00,4593.16488424053,4593.16488424053,0,0.08136702315189392
2024-12-06 20:30:00+00:00,4593.16488424053,4593.16488424053,0,0.08136702315189392
2024-12-09 14:30:00+00:00,4593.16488424053,4593.16488424053,0,0.08136702315189392
2024-12-09 15:30:00+00:00,4593.16488424053,4593.16488424053,0,0.08136702315189392
2024-12-09 16:30:00+00:00,4593.16488424053,4593.16488424053,0,0.08136702315189392
2024-12-09 17:30:00+00:00,4593.16488424053,4593.16488424053,0,0.08136702315189392
2024-12-09 18:30:00+00:00,4593.16488424053,4593.16488424053,0,0.08136702315189392
2024-12-09 19:30:00+00:00,4593.16488424053,4593.16488424053,0,0.08136702315189392
2024-12-09 20:30:00+00:00,4593.16488424053,4593.16488424053,0,0.08136702315189392
2024-12-10 14:30:00+00:00,4593.16488424053,4593.16488424053,0,0.08136702315189392
2024-12-10 15:30:00+00:00,4593.16488424053,4593.16488424053,0,0.08136702315189392
2024-12-10 16:30:00+00:00,4593.16488424053,4593.16488424053,0,0.08136702315189392
2024-12-10 17:30:00+00:00,4593.16488424053,4593.16488424053,0,0.08136702315189392
2024-12-10 18:30:00+00:00,4593.16488424053,4593.16488424053,0,0.08136702315189392
2024-12-10 19:30:00+00:00,4593.16488424053,4593.16488424053,0,0.08136702315189392
2024-12-10 20:30:00+00:00,4593.16488424053,4593.16488424053,0,0.08136702315189392
2024-12-11 14:30:00+00:00,4593.16488424053,4593.16488424053,0,0.08136702315189392
2024-12-11 15:30:00+00:00,4593.16488424053,4593.16488424053,0,0.08136702315189392
2024-12-11 16:30:00+00:00,4593.16488424053,4593.16488424053,0,0.08136702315189392
2024-12-11 17:30:00+00:00,4593.16488424053,4593.16488424053,0,0.08136702315189392
2024-12-11 18:30:00+00:00,4593.16488424053,4593.16488424053,0,0.08136702315189392
2024-12-11 19:30:00+00:00,4593.16488424053,4593.16488424053,0,0.08136702315189392
2024-12-11 20:30:00+00:00,4593.16488424053,4593.16488424053,0,0.08136702315189392
2024-12-12 14:30:00+00:00,4593.16488424053,4593.16488424053,0,0.08136702315189392
2024-12-12 15:30:00+00:00,4593.16488424053,4593.16488424053,0,0.08136702315189392
2024-12-12 16:30:00+00:00,4593.16488424053,4593.16488424053,0,0.08136702315189392
2024-12-12 17:30:00+00:00,4593.16488424053,4593.16488424053,0,0.08136702315189392
2024-12-12 18:30:00+00:00,4593.16488424053,4593.16488424053,0,0.08136702315189392
2024-12-12 19:30:00+00:00,4593.16488424053,4593.16488424053,0,0.08136702315189392
2024-12-12 20:30:00+00:00,4593.16488424053,4593.16488424053,0,0.08136702315189392
2024-12-13 14:30:00+00:00,4593.16488424053,4593.16488424053,0,0.08136702315189392
2024-12-13 15:30:00+00:00,4593.16488424053,4593.16488424053,0,0.08136702315189392
2024-12-13 16:30:00+00:00,4593.16488424053,4593.16488424053,0,0.08136702315189392
2024-12-13 17:30:00+00:00,4593.16488424053,4593.16488424053,0,0.08136702315189392
2024-12-13 18:30:00+00:00,4593.16488424053,4593.16488424053,0,0.08136702315189392
2024-12-13 19:30:00+00:00,4593.16488424053,4593.16488424053,0,0.08136702315189392
2024-12-13 20:30:00+00:00,4593.16488424053,4593.16488424053,0,0.08136702315189392
2024-12-16 14:30:00+00:00,4593.16488424053,4593.16488424053,0,0.08136702315189392
2024-12-16 15:30:00+00:00,4593.16488424053,4593.16488424053,0,0.08136702315189392
2024-12-16 16:30:00+00:00,4593.16488424053,4593.16488424053,0,0.08136702315189392
2024-12-16 17:30:00+00:00,4593.16488424053,4593.16488424053,0,0.08136702315189392
2024-12-16 18:30:00+00:00,4593.16488424053,4593.16488424053,0,0.08136702315189392
2024-12-16 19:30:00+00:00,4593.16488424053,4593.16488424053,0,0.08136702315189392
2024-12-16 20:30:00+00:00,4593.16488424053,4593.16488424053,0,0.08136702315189392
2024-12-17 14:30:00+00:00,4593.16488424053,4593.16488424053,0,0.08136702315189392
2024-12-17 15:30:00+00:00,4593.16488424053,4593.16488424053,0,0.08136702315189392
2024-12-17 16:30:00+00:00,4593.16488424053,4593.16488424053,0,0.08136702315189392
2024-12-17 17:30:00+00:00,4593.16488424053,4593.16488424053,0,0.08136702315189392
2024-12-17 18:30:00+00:00,4593.16488424053,4593.16488424053,0,0.08136702315189392
2024-12-17 19:30:00+00:00,4593.16488424053,4593.16488424053,0,0.08136702315189392
2024-12-17 20:30:00+00:00,4593.16488424053,4593.16488424053,0,0.08136702315189392
2024-12-18 14:30:00+00:00,4593.16488424053,4593.16488424053,0,0.08136702315189392
2024-12-18 15:30:00+00:00,4593.16488424053,4593.16488424053,0,0.08136702315189392
2024-12-18 16:30:00+00:00,4593.16488424053,4593.16488424053,0,0.08136702315189392
2024-12-18 17:30:00+00:00,4593.16488424053,4593.16488424053,0,0.08136702315189392
2024-12-18 18:30:00+00:00,4593.16488424053,4593.16488424053,0,0.08136702315189392
2024-12-18 19:30:00+00:00,4593.16488424053,4593.16488424053,0,0.08136702315189392
2024-12-18 20:30:00+00:00,4593.16488424053,4593.16488424053,0,0.08136702315189392
2024-12-19 14:30:00+00:00,4593.16488424053,4593.16488424053,0,0.08136702315189392
2024-12-19 15:30:00+00:00,4593.16488424053,4593.16488424053,0,0.08136702315189392
2024-12-19 16:30:00+00:00,4593.16488424053,4593.16488424053,0,0.08136702315189392
2024-12-19 17:30:00+00:00,4593.16488424053,4593.16488424053,0,0.08136702315189392
2024-12-19 18:30:00+00:00,4593.16488424053,4593.16488424053,0,0.08136702315189392
2024-12-19 19:30:00+00:00,4593.16488424053,4593.16488424053,0,0.08136702315189392
2024-12-19 20:30:00+00:00,4593.16488424053,4593.16488424053,0,0.08136702315189392
2024-12-20 14:30:00+00:00,4593.16488424053,4593.16488424053,0,0.08136702315189392
2024-12-20 15:30:00+00:00,4593.16488424053,4593.16488424053,0,0.08136702315189392
2024-12-20 16:30:00+00:00,4593.16488424053,4593.16488424053,0,0.08136702315189392
2024-12-20 17:30:00+00:00,4593.16488424053,4593.16488424053,0,0.08136702315189392
2024-12-20 18:30:00+00:00,4593.16488424053,4593.16488424053,0,0.08136702315189392
2024-12-20 19:30:00+00:00,4593.16488424053,4593.16488424053,0,0.08136702315189392
2024-12-20 20:30:00+00:00,4593.16488424053,4593.16488424053,0,0.08136702315189392
2024-12-23 14:30:00+00:00,4593.16488424053,4593.16488424053,0,0.08136702315189392
2024-12-23 15:30:00+00:00,4593.16488424053,4593.16488424053,0,0.08136702315189392
2024-12-23 16:30:00+00:00,4593.16488424053,4593.16488424053,0,0.08136702315189392
2024-12-23 17:30:00+00:00,4593.16488424053,4593.16488424053,0,0.08136702315189392
2024-12-23 18:30:00+00:00,4593.16488424053,4593.16488424053,0,0.08136702315189392
2024-12-23 19:30:00+00:00,4593.16488424053,4593.16488424053,0,0.08136702315189392
2024-12-23 20:30:00+00:00,4593.16488424053,4593.16488424053,0,0.08136702315189392
2024-12-24 14:30:00+00:00,4593.16488424053,4593.16488424053,0,0.08136702315189392
2024-12-24 15:30:00+00:00,4593.16488424053,4593.16488424053,0,0.08136702315189392
2024-12-24 16:30:00+00:00,4593.16488424053,4593.16488424053,0,0.08136702315189392
2024-12-26 14:30:00+00:00,4593.16488424053,4593.16488424053,0,0.08136702315189392
2024-12-26 15:30:00+00:00,4593.16488424053,4593.16488424053,0,0.08136702315189392
2024-12-26 16:30:00+00:00,4593.16488424053,4593.16488424053,0,0.08136702315189392
2024-12-26 17:30:00+00:00,4593.16488424053,4593.16488424053,0,0.08136702315189392
2024-12-26 18:30:00+00:00,4593.16488424053,4593.16488424053,0,0.08136702315189392
2024-12-26 19:30:00+00:00,4593.16488424053,4593.16488424053,0,0.08136702315189392
2024-12-26 20:30:00+00:00,4593.16488424053,4593.16488424053,0,0.08136702315189392
2024-12-27 14:30:00+00:00,4593.16488424053,4593.16488424053,0,0.08136702315189392
2024-12-27 15:30:00+00:00,4593.16488424053,4593.16488424053,0,0.08136702315189392
2024-12-27 16:30:00+00:00,4593.16488424053,4593.16488424053,0,0.08136702315189392
2024-12-27 17:30:00+00:00,4593.16488424053,4593.16488424053,0,0.08136702315189392
2024-12-27 18:30:00+00:00,4593.16488424053,4593.16488424053,0,0.08136702315189392
2024-12-27 19:30:00+00:00,4593.16488424053,4593.16488424053,0,0.08136702315189392
2024-12-27 20:30:00+00:00,4593.16488424053,4593.16488424053,0,0.08136702315189392
2024-12-30 14:30:00+00:00,4593.16488424053,4593.16488424053,0,0.08136702315189392
2024-12-30 15:30:00+00:00,4593.16488424053,4593.16488424053,0,0.08136702315189392
2024-12-30 16:30:00+00:00,4593.16488424053,4593.16488424053,0,0.08136702315189392
2024-12-30 17:30:00+00:00,4593.16488424053,4593.16488424053,0,0.08136702315189392
2024-12-30 18:30:00+00:00,4593.16488424053,4593.16488424053,0,0.08136702315189392
2024-12-30 19:30:00+00:00,4593.16488424053,4593.16488424053,0,0.08136702315189392
2024-12-30 20:30:00+00:00,4593.16488424053,4593.16488424053,0,0.08136702315189392
2024-12-31 14:30:00+00:00,4593.16488424053,4593.16488424053,0,0.08136702315189392
2024-12-31 15:30:00+00:00,4593.16488424053,4593.16488424053,0,0.08136702315189392
2024-12-31 16:30:00+00:00,4593.16488424053,4593.16488424053,0,0.08136702315189392
2024-12-31 17:30:00+00:00,4593.16488424053,4593.16488424053,0,0.08136702315189392
2024-12-31 18:30:00+00:00,4593.16488424053,4593.16488424053,0,0.08136702315189392
2024-12-31 19:30:00+00:00,4593.16488424053,4593.16488424053,0,0.08136702315189392
2024-12-31 20:30:00+00:00,4593.16488424053,4593.16488424053,0,0.08136702315189392
2025-01-02 14:30:00+00:00,4593.16488424053,4593.16488424053,0,0.08136702315189392
2025-01-02 15:30:00+00:00,4593.16488424053,4593.16488424053,0,0.08136702315189392
2025-01-02 16:30:00+00:00,4593.16488424053,4593.16488424053,0,0.08136702315189392
2025-01-02 17:30:00+00:00,4593.16488424053,4593.16488424053,0,0.08136702315189392
2025-01-02 18:30:00+00:00,4593.16488424053,4593.16488424053,0,0.08136702315189392
2025-01-02 19:30:00+00:00,4593.16488424053,4593.16488424053,0,0.08136702315189392
2025-01-02 20:30:00+00:00,4593.16488424053,4593.16488424053,0,0.08136702315189392
2025-01-03 14:30:00+00:00,4593.16488424053,4593.16488424053,0,0.08136702315189392
2025-01-03 15:30:00+00:00,4593.16488424053,4593.16488424053,0,0.08136702315189392
2025-01-03 16:30:00+00:00,4593.16488424053,4593.16488424053,0,0.08136702315189392
2025-01-03 17:30:00+00:00,4593.16488424053,4593.16488424053,0,0.08136702315189392
2025-01-03 18:30:00+00:00,4593.16488424053,4593.16488424053,0,0.08136702315189392
2025-01-03 19:30:00+00:00,4593.16488424053,4593.16488424053,0,0.08136702315189392
2025-01-03 20:30:00+00:00,4593.16488424053,4593.16488424053,0,0.08136702315189392
2025-01-06 14:30:00+00:00,4593.16488424053,4593.16488424053,0,0.08136702315189392
2025-01-06 15:30:00+00:00,4593.16488424053,4593.16488424053,0,0.08136702315189392
2025-01-06 16:30:00+00:00,4593.16488424053,4593.16488424053,0,0.08136702315189392
2025-01-06 17:30:00+00:00,4593.16488424053,4593.16488424053,0,0.08136702315189392
2025-01-06 18:30:00+00:00,4593.16488424053,4593.16488424053,0,0.08136702315189392
2025-01-06 19:30:00+00:00,4593.16488424053,4593.16488424053,0,0.08136702315189392
2025-01-06 20:30:00+00:00,4593.16488424053,4593.16488424053,0,0.08136702315189392
2025-01-07 14:30:00+00:00,4593.16488424053,4593.16488424053,0,0.08136702315189392
2025-01-07 15:30:00+00:00,4593.16488424053,4593.16488424053,0,0.08136702315189392
2025-01-07 16:30:00+00:00,4593.16488424053,4593.16488424053,0,0.08136702315189392
2025-01-07 17:30:00+00:00,4593.16488424053,4593.16488424053,0,0.08136702315189392
2025-01-07 18:30:00+00:00,4593.16488424053,4593.16488424053,0,0.08136702315189392
2025-01-07 19:30:00+00:00,4593.16488424053,4593.16488424053,0,0.08136702315189392
2025-01-07 20:30:00+00:00,4593.16488424053,4593.16488424053,0,0.08136702315189392
2025-01-08 14:30:00+00:00,4593.16488424053,4593.16488424053,0,0.08136702315189392
2025-01-08 15:30:00+00:00,4593.16488424053,4593.16488424053,0,0.08136702315189392
2025-01-08 16:30:00+00:00,4593.16488424053,4593.16488424053,0,0.08136702315189392
2025-01-08 17:30:00+00:00,4593.16488424053,4593.16488424053,0,0.08136702315189392
2025-01-08 18:30:00+00:00,4593.16488424053,4593.16488424053,0,0.08136702315189392
2025-01-08 19:30:00+00:00,4593.16488424053,4593.16488424053,0,0.08136702315189392
2025-01-08 20:30:00+00:00,4593.16488424053,4593.16488424053,0,0.08136702315189392
2025-01-10 14:30:00+00:00,4593.16488424053,4593.16488424053,0,0.08136702315189392
2025-01-10 15:30:00+00:00,4593.16488424053,4593.16488424053,0,0.08136702315189392
2025-01-10 16:30:00+00:00,4593.16488424053,4593.16488424053,0,0.08136702315189392
2025-01-10 17:30:00+00:00,4593.16488424053,4593.16488424053,0,0.08136702315189392
2025-01-10 18:30:00+00:00,4593.16488424053,4593.16488424053,0,0.08136702315189392
2025-01-10 19:30:00+00:00,4593.16488424053,4593.16488424053,0,0.08136702315189392
2025-01-10 20:30:00+00:00,4593.16488424053,4593.16488424053,0,0.08136702315189392
2025-01-13 14:30:00+00:00,4593.16488424053,4593.16488424053,0,0.08136702315189392
2025-01-13 15:30:00+00:00,4593.16488424053,4593.16488424053,0,0.08136702315189392
2025-01-13 16:30:00+00:00,4593.16488424053,4593.16488424053,0,0.08136702315189392
2025-01-13 17:30:00+00:00,4593.16488424053,4593.16488424053,0,0.08136702315189392
2025-01-13 18:30:00+00:00,4593.16488424053,4593.16488424053,0,0.08136702315189392
2025-01-13 19:30:00+00:00,4593.16488424053,4593.16488424053,0,0.08136702315189392
2025-01-13 20:30:00+00:00,4593.16488424053,4593.16488424053,0,0.08136702315189392
2025-01-14 14:30:00+00:00,4593.16488424053,4593.16488424053,0,0.08136702315189392
2025-01-14 15:30:00+00:00,4593.16488424053,4593.16488424053,0,0.08136702315189392
2025-01-14 16:30:00+00:00,4593.16488424053,4593.16488424053,0,0.08136702315189392
2025-01-14 17:30:00+00:00,4593.16488424053,4593.16488424053,0,0.08136702315189392
2025-01-14 18:30:00+00:00,4593.16488424053,4593.16488424053,0,0.08136702315189392
2025-01-14 19:30:00+00:00,4593.16488424053,4593.16488424053,0,0.08136702315189392
2025-01-14 20:30:00+00:00,4593.16488424053,4593.16488424053,0,0.08136702315189392
2025-01-15 14:30:00+00:00,4593.16488424053,4593.16488424053,0,0.08136702315189392
2025-01-15 15:30:00+00:00,4593.16488424053,4593.16488424053,0,0.08136702315189392
2025-01-15 16:30:00+00:00,4593.16488424053,4593.16488424053,0,0.08136702315189392
2025-01-15 17:30:00+00:00,4593.16488424053,4593.16488424053,0,0.08136702315189392
2025-01-15 18:30:00+00:00,4593.16488424053,4593.16488424053,0,0.08136702315189392
2025-01-15 19:30:00+00:00,4593.16488424053,4593.16488424053,0,0.08136702315189392
2025-01-15 20:30:00+00:00,4593.16488424053,4593.16488424053,0,0.08136702315189392
2025-01-16 14:30:00+00:00,4593.16488424053,4593.16488424053,0,0.08136702315189392
2025-01-16 15:30:00+00:00,4593.16488424053,4593.16488424053,0,0.08136702315189392
2025-01-16 16:30:00+00:00,4593.16488424053,4593.16488424053,0,0.08136702315189392
2025-01-16 17:30:00+00:00,4593.16488424053,4593.16488424053,0,0.08136702315189392
2025-01-16 18:30:00+00:00,4593.16488424053,4593.16488424053,0,0.08136702315189392
2025-01-16 19:30:00+00:00,4593.16488424053,4593.16488424053,0,0.08136702315189392
2025-01-16 20:30:00+00:00,4593.16488424053,4593.16488424053,0,0.08136702315189392
2025-01-17 14:30:00+00:00,4593.16488424053,4593.16488424053,0,0.08136702315189392
2025-01-17 15:30:00+00:00,4593.16488424053,4593.16488424053,0,0.08136702315189392
2025-01-17 16:30:00+00:00,4593.16488424053,4593.16488424053,0,0.08136702315189392
2025-01-17 17:30:00+00:00,4593.16488424053,4593.16488424053,0,0.08136702315189392
2025-01-17 18:30:00+00:00,4593.16488424053,4593.16488424053,0,0.08136702315189392
2025-01-17 19:30:00+00:00,4593.16488424053,4593.16488424053,0,0.08136702315189392
2025-01-17 20:30:00+00:00,4593.16488424053,4593.16488424053,0,0.08136702315189392
2025-01-21 14:30:00+00:00,4593.16488424053,4593.16488424053,0,0.08136702315189392
2025-01-21 15:30:00+00:00,4593.16488424053,4593.16488424053,0,0.08136702315189392
2025-01-21 16:30:00+00:00,4593.16488424053,4593.16488424053,0,0.08136702315189392
2025-01-21 17:30:00+00:00,4593.16488424053,4593.16488424053,0,0.08136702315189392
2025-01-21 18:30:00+00:00,4593.16488424053,4593.16488424053,0,0.08136702315189392
2025-01-21 19:30:00+00:00,4593.16488424053,4593.16488424053,0,0.08136702315189392
2025-01-21 20:30:00+00:00,4593.16488424053,4593.16488424053,0,0.08136702315189392
2025-01-22 14:30:00+00:00,4593.16488424053,4593.16488424053,0,0.08136702315189392
2025-01-22 15:30:00+00:00,4593.16488424053,4593.16488424053,0,0.08136702315189392
2025-01-22 16:30:00+00:00,4593.16488424053,4593.16488424053,0,0.08136702315189392
2025-01-22 17:30:00+00:00,4593.16488424053,4593.16488424053,0,0.08136702315189392
2025-01-22 18:30:00+00:00,4593.16488424053,4593.16488424053,0,0.08136702315189392
2025-01-22 19:30:00+00:00,4593.16488424053,4593.16488424053,0,0.08136702315189392
2025-01-22 20:30:00+00:00,4593.16488424053,4593.16488424053,0,0.08136702315189392
2025-01-23 14:30:00+00:00,4593.16488424053,4593.16488424053,0,0.08136702315189392
2025-01-23 15:30:00+00:00,4593.16488424053,4593.16488424053,0,0.08136702315189392
2025-01-23 16:30:00+00:00,4593.16488424053,4593.16488424053,0,0.08136702315189392
2025-01-23 17:30:00+00:00,4593.16488424053,4593.16488424053,0,0.08136702315189392
2025-01-23 18:30:00+00:00,4593.16488424053,4593.16488424053,0,0.08136702315189392
2025-01-23 19:30:00+00:00,4593.16488424053,4593.16488424053,0,0.08136702315189392
2025-01-23 20:30:00+00:00,4593.16488424053,4593.16488424053,0,0.08136702315189392
2025-01-24 14:30:00+00:00,4593.16488424053,4593.16488424053,0,0.08136702315189392
2025-01-24 15:30:00+00:00,4593.16488424053,4593.16488424053,0,0.08136702315189392
2025-01-24 16:30:00+00:00,4593.16488424053,4593.16488424053,0,0.08136702315189392
2025-01-24 17:30:00+00:00,4593.16488424053,4593.16488424053,0,0.08136702315189392
2025-01-24 18:30:00+00:00,4593.16488424053,4593.16488424053,0,0.08136702315189392
2025-01-24 19:30:00+00:00,4593.16488424053,4593.16488424053,0,0.08136702315189392
2025-01-24 20:30:00+00:00,4593.16488424053,4593.16488424053,0,0.08136702315189392
2025-01-27 14:30:00+00:00,4593.16488424053,4593.16488424053,0,0.08136702315189392
2025-01-27 15:30:00+00:00,4593.16488424053,4593.16488424053,0,0.08136702315189392
2025-01-27 16:30:00+00:00,4593.16488424053,4593.16488424053,0,0.08136702315189392
2025-01-27 17:30:00+00:00,4593.16488424053,4593.16488424053,0,0.08136702315189392
2025-01-27 18:30:00+00:00,4593.16488424053,4593.16488424053,0,0.08136702315189392
2025-01-27 19:30:00+00:00,4593.16488424053,4593.16488424053,0,0.08136702315189392
2025-01-27 20:30:00+00:00,4593.16488424053,4593.16488424053,0,0.08136702315189392
2025-01-28 14:30:00+00:00,4593.16488424053,4593.16488424053,0,0.08136702315189392
2025-01-28 15:30:00+00:00,4593.16488424053,4593.16488424053,0,0.08136702315189392
2025-01-28 16:30:00+00:00,4593.16488424053,4593.16488424053,0,0.08136702315189392
2025-01-28 17:30:00+00:00,4593.16488424053,4593.16488424053,0,0.08136702315189392
2025-01-28 18:30:00+00:00,4593.16488424053,4593.16488424053,0,0.08136702315189392
2025-01-28 19:30:00+00:00,4593.16488424053,4593.16488424053,0,0.08136702315189392
2025-01-28 20:30:00+00:00,4593.16488424053,4593.16488424053,0,0.08136702315189392
2025-01-29 14:30:00+00:00,4593.16488424053,4593.16488424053,0,0.08136702315189392
2025-01-29 15:30:00+00:00,4593.16488424053,4593.16488424053,0,0.08136702315189392
2025-01-29 16:30:00+00:00,4593.16488424053,4593.16488424053,0,0.08136702315189392
2025-01-29 17:30:00+00:00,4593.16488424053,4593.16488424053,0,0.08136702315189392
2025-01-29 18:30:00+00:00,4593.16488424053,4593.16488424053,0,0.08136702315189392
2025-01-29 19:30:00+00:00,4593.16488424053,4593.16488424053,0,0.08136702315189392
2025-01-29 20:30:00+00:00,4593.16488424053,4593.16488424053,0,0.08136702315189392
2025-01-30 14:30:00+00:00,4593.16488424053,4593.16488424053,0,0.08136702315189392
2025-01-30 15:30:00+00:00,4593.16488424053,4593.16488424053,0,0.08136702315189392
2025-01-30 16:30:00+00:00,4593.16488424053,4593.16488424053,0,0.08136702315189392
2025-01-30 17:30:00+00:00,4593.16488424053,4593.16488424053,0,0.08136702315189392
2025-01-30 18:30:00+00:00,4593.16488424053,4593.16488424053,0,0.08136702315189392
2025-01-30 19:30:00+00:00,4593.16488424053,4593.16488424053,0,0.08136702315189392
2025-01-30 20:30:00+00:00,4593.16488424053,4593.16488424053,0,0.08136702315189392
2025-01-31 14:30:00+00:00,4593.16488424053,4593.16488424053,0,0.08136702315189392
2025-01-31 15:30:00+00:00,4593.16488424053,4593.16488424053,0,0.08136702315189392
2025-01-31 16:30:00+00:00,4593.16488424053,4593.16488424053,0,0.08136702315189392
2025-01-31 17:30:00+00:00,4593.16488424053,4593.16488424053,0,0.08136702315189392
2025-01-31 18:30:00+00:00,4593.16488424053,4593.16488424053,0,0.08136702315189392
2025-01-31 19:30:00+00:00,4593.16488424053,4593.16488424053,0,0.08136702315189392
2025-01-31 20:30:00+00:00,4593.16488424053,4593.16488424053,0,0.08136702315189392
2025-02-03 14:30:00+00:00,4593.16488424053,4593.16488424053,0,0.08136702315189392
2025-02-03 15:30:00+00:00,4593.16488424053,4593.16488424053,0,0.08136702315189392
2025-02-03 16:30:00+00:00,4593.16488424053,4593.16488424053,0,0.08136702315189392
2025-02-03 17:30:00+00:00,4593.16488424053,4593.16488424053,0,0.08136702315189392
2025-02-03 18:30:00+00:00,4593.16488424053,4593.16488424053,0,0.08136702315189392
2025-02-03 19:30:00+00:00,4593.16488424053,4593.16488424053,0,0.08136702315189392
2025-02-03 20:30:00+00:00,4593.16488424053,4593.16488424053,0,0.08136702315189392
2025-02-04 14:30:00+00:00,4593.16488424053,4593.16488424053,0,0.08136702315189392
2025-02-04 15:30:00+00:00,4593.16488424053,4593.16488424053,0,0.08136702315189392
2025-02-04 16:30:00+00:00,4593.16488424053,4593.16488424053,0,0.08136702315189392
2025-02-04 17:30:00+00:00,4593.16488424053,4593.16488424053,0,0.08136702315189392
2025-02-04 18:30:00+00:00,4593.16488424053,4593.16488424053,0,0.08136702315189392
2025-02-04 19:30:00+00:00,4593.16488424053,4593.16488424053,0,0.08136702315189392
2025-02-04 20:30:00+00:00,4593.16488424053,4593.16488424053,0,0.08136702315189392
2025-02-05 14:30:00+00:00,4593.16488424053,4593.16488424053,0,0.08136702315189392
2025-02-05 15:30:00+00:00,4593.16488424053,4593.16488424053,0,0.08136702315189392
2025-02-05 16:30:00+00:00,4593.16488424053,4593.16488424053,0,0.08136702315189392
2025-02-05 17:30:00+00:00,4593.16488424053,4593.16488424053,0,0.08136702315189392
2025-02-05 18:30:00+00:00,4593.16488424053,4593.16488424053,0,0.08136702315189392
2025-02-05 19:30:00+00:00,4593.16488424053,4593.16488424053,0,0.08136702315189392
2025-02-05 20:30:00+00:00,4593.16488424053,4593.16488424053,0,0.08136702315189392
2025-02-06 14:30:00+00:00,4593.16488424053,4593.16488424053,0,0.08136702315189392
2025-02-06 15:30:00+00:00,4593.16488424053,4593.16488424053,0,0.08136702315189392
2025-02-06 16:30:00+00:00,4593.16488424053,4593.16488424053,0,0.08136702315189392
2025-02-06 17:30:00+00:00,4593.16488424053,4593.16488424053,0,0.08136702315189392
2025-02-06 18:30:00+00:00,4593.16488424053,4593.16488424053,0,0.08136702315189392
2025-02-06 19:30:00+00:00,4593.16488424053,4593.16488424053,0,0.08136702315189392
2025-02-06 20:30:00+00:00,4593.16488424053,4593.16488424053,0,0.08136702315189392
2025-02-07 14:30:00+00:00,4593.16488424053,4593.16488424053,0,0.08136702315189392
2025-02-07 15:30:00+00:00,4593.16488424053,4593.16488424053,0,0.08136702315189392
2025-02-07 16:30:00+00:00,4593.16488424053,4593.16488424053,0,0.08136702315189392
2025-02-07 17:30:00+00:00,4593.16488424053,4593.16488424053,0,0.08136702315189392
2025-02-07 18:30:00+00:00,4593.16488424053,4593.16488424053,0,0.08136702315189392
2025-02-07 19:30:00+00:00,4593.16488424053,4593.16488424053,0,0.08136702315189392
2025-02-07 20:30:00+00:00,4593.16488424053,4593.16488424053,0,0.08136702315189392
2025-02-10 14:30:00+00:00,4593.16488424053,4593.16488424053,0,0.08136702315189392
2025-02-10 15:30:00+00:00,4593.16488424053,4593.16488424053,0,0.08136702315189392
2025-02-10 16:30:00+00:00,4593.16488424053,4593.16488424053,0,0.08136702315189392
2025-02-10 17:30:00+00:00,4593.16488424053,4593.16488424053,0,0.08136702315189392
2025-02-10 18:30:00+00:00,4593.16488424053,4593.16488424053,0,0.08136702315189392
2025-02-10 19:30:00+00:00,4593.16488424053,4593.16488424053,0,0.08136702315189392
2025-02-10 20:30:00+00:00,4593.16488424053,4593.16488424053,0,0.08136702315189392
2025-02-11 14:30:00+00:00,4593.16488424053,4593.16488424053,0,0.08136702315189392
2025-02-11 15:30:00+00:00,4593.16488424053,4593.16488424053,0,0.08136702315189392
2025-02-11 16:30:00+00:00,4593.16488424053,4593.16488424053,0,0.08136702315189392
2025-02-11 17:30:00+00:00,4593.16488424053,4593.16488424053,0,0.08136702315189392
2025-02-11 18:30:00+00:00,4593.16488424053,4593.16488424053,0,0.08136702315189392
2025-02-11 19:30:00+00:00,4593.16488424053,4593.16488424053,0,0.08136702315189392
2025-02-11 20:30:00+00:00,4593.16488424053,4593.16488424053,0,0.08136702315189392
2025-02-12 14:30:00+00:00,4593.16488424053,4593.16488424053,0,0.08136702315189392
2025-02-12 15:30:00+00:00,4593.16488424053,4593.16488424053,0,0.08136702315189392
2025-02-12 16:30:00+00:00,4593.16488424053,4593.16488424053,0,0.08136702315189392
2025-02-12 17:30:00+00:00,4593.16488424053,4593.16488424053,0,0.08136702315189392
2025-02-12 18:30:00+00:00,4593.16488424053,4593.16488424053,0,0.08136702315189392
2025-02-12 19:30:00+00:00,4593.16488424053,4593.16488424053,0,0.08136702315189392
2025-02-12 20:30:00+00:00,4593.16488424053,4593.16488424053,0,0.08136702315189392
2025-02-13 14:30:00+00:00,4593.16488424053,4593.16488424053,0,0.08136702315189392
2025-02-13 15:30:00+00:00,4593.16488424053,4593.16488424053,0,0.08136702315189392
2025-02-13 16:30:00+00:00,4593.16488424053,4593.16488424053,0,0.08136702315189392
2025-02-13 17:30:00+00:00,4593.16488424053,4593.16488424053,0,0.08136702315189392
2025-02-13 18:30:00+00:00,4593.16488424053,4593.16488424053,0,0.08136702315189392
2025-02-13 19:30:00+00:00,4593.16488424053,4593.16488424053,0,0.08136702315189392
2025-02-13 20:30:00+00:00,4593.16488424053,4593.16488424053,0,0.08136702315189392
2025-02-14 14:30:00+00:00,4593.16488424053,4593.16488424053,0,0.08136702315189392
2025-02-14 15:30:00+00:00,4593.16488424053,4593.16488424053,0,0.08136702315189392
2025-02-14 16:30:00+00:00,4593.16488424053,4593.16488424053,0,0.08136702315189392
2025-02-14 17:30:00+00:00,4593.16488424053,4593.16488424053,0,0.08136702315189392
2025-02-14 18:30:00+00:00,4593.16488424053,4593.16488424053,0,0.08136702315189392
2025-02-14 19:30:00+00:00,4593.16488424053,4593.16488424053,0,0.08136702315189392
2025-02-14 20:30:00+00:00,4593.16488424053,4593.16488424053,0,0.08136702315189392
2025-02-18 14:30:00+00:00,4593.16488424053,4593.16488424053,0,0.08136702315189392
2025-02-18 15:30:00+00:00,4593.16488424053,4593.16488424053,0,0.08136702315189392
2025-02-18 16:30:00+00:00,4593.16488424053,4593.16488424053,0,0.08136702315189392
2025-02-18 17:30:00+00:00,4593.16488424053,4593.16488424053,0,0.08136702315189392
2025-02-18 18:30:00+00:00,4593.16488424053,4593.16488424053,0,0.08136702315189392
2025-02-18 19:30:00+00:00,4593.16488424053,4593.16488424053,0,0.08136702315189392
2025-02-18 20:30:00+00:00,4593.16488424053,4593.16488424053,0,0.08136702315189392
2025-02-19 14:30:00+00:00,4593.16488424053,4593.16488424053,0,0.08136702315189392
2025-02-19 15:30:00+00:00,4593.16488424053,4593.16488424053,0,0.08136702315189392
2025-02-19 16:30:00+00:00,4593.16488424053,4593.16488424053,0,0.08136702315189392
2025-02-19 17:30:00+00:00,4593.16488424053,4593.16488424053,0,0.08136702315189392
2025-02-19 18:30:00+00:00,4593.16488424053,4593.16488424053,0,0.08136702315189392
2025-02-19 19:30:00+00:00,4593.16488424053,4593.16488424053,0,0.08136702315189392
2025-02-19 20:30:00+00:00,4593.16488424053,4593.16488424053,0,0.08136702315189392
2025-02-20 14:30:00+00:00,4593.16488424053,4593.16488424053,0,0.08136702315189392
2025-02-20 15:30:00+00:00,4593.16488424053,4593.16488424053,0,0.08136702315189392
2025-02-20 16:30:00+00:00,4593.16488424053,4593.16488424053,0,0.08136702315189392
2025-02-20 17:30:00+00:00,4593.16488424053,4593.16488424053,0,0.08136702315189392
2025-02-20 18:30:00+00:00,4593.16488424053,4593.16488424053,0,0.08136702315189392
2025-02-20 19:30:00+00:00,4593.16488424053,4593.16488424053,0,0.08136702315189392
2025-02-20 20:30:00+00:00,4593.16488424053,4593.16488424053,0,0.08136702315189392
2025-02-21 14:30:00+00:00,4593.16488424053,4593.16488424053,0,0.08136702315189392
2025-02-21 15:30:00+00:00,4593.16488424053,4593.16488424053,0,0.08136702315189392
2025-02-21 16:30:00+00:00,4593.16488424053,4593.16488424053,0,0.08136702315189392
2025-02-21 17:30:00+00:00,4593.16488424053,4593.16488424053,0,0.08136702315189392
2025-02-21 18:30:00+00:00,4593.16488424053,4593.16488424053,0,0.08136702315189392
2025-02-21 19:30:00+00:00,4593.16488424053,4593.16488424053,0,0.08136702315189392
2025-02-21 20:30:00+00:00,4593.16488424053,4593.16488424053,0,0.08136702315189392
2025-02-24 14:30:00+00:00,4593.16488424053,4593.16488424053,0,0.08136702315189392
2025-02-24 15:30:00+00:00,4593.16488424053,4593.16488424053,0,0.08136702315189392
2025-02-24 16:30:00+00:00,4593.16488424053,4593.16488424053,0,0.08136702315189392
2025-02-24 17:30:00+00:00,4593.16488424053,4593.16488424053,0,0.08136702315189392
2025-02-24 18:30:00+00:00,4593.16488424053,4593.16488424053,0,0.08136702315189392
2025-02-24 19:30:00+00:00,4593.16488424053,4593.16488424053,0,0.08136702315189392
2025-02-24 20:30:00+00:00,4593.16488424053,4593.16488424053,0,0.08136702315189392
2025-02-25 14:30:00+00:00,4593.16488424053,4593.16488424053,0,0.08136702315189392
2025-02-25 15:30:00+00:00,4593.16488424053,4593.16488424053,0,0.08136702315189392
2025-02-25 16:30:00+00:00,4593.16488424053,4593.16488424053,0,0.08136702315189392
2025-02-25 17:30:00+00:00,4593.16488424053,4593.16488424053,0,0.08136702315189392
2025-02-25 18:30:00+00:00,4593.16488424053,4593.16488424053,0,0.08136702315189392
2025-02-25 19:30:00+00:00,4593.16488424053,4593.16488424053,0,0.08136702315189392
2025-02-25 20:30:00+00:00,4593.16488424053,4593.16488424053,0,0.08136702315189392
2025-02-26 14:30:00+00:00,4593.16488424053,4593.16488424053,0,0.08136702315189392
2025-02-26 15:30:00+00:00,4593.16488424053,4593.16488424053,0,0.08136702315189392
2025-02-26 16:30:00+00:00,4593.16488424053,4593.16488424053,0,0.08136702315189392
2025-02-26 17:30:00+00:00,4593.16488424053,4593.16488424053,0,0.08136702315189392
2025-02-26 18:30:00+00:00,4593.16488424053,4593.16488424053,0,0.08136702315189392
2025-02-26 19:30:00+00:00,4593.16488424053,4593.16488424053,0,0.08136702315189392
2025-02-26 20:30:00+00:00,4593.16488424053,4593.16488424053,0,0.08136702315189392
2025-02-27 14:30:00+00:00,4593.16488424053,4593.16488424053,0,0.08136702315189392
2025-02-27 15:30:00+00:00,4593.16488424053,4593.16488424053,0,0.08136702315189392
2025-02-27 16:30:00+00:00,4593.16488424053,4593.16488424053,0,0.08136702315189392
2025-02-27 17:30:00+00:00,4593.16488424053,4593.16488424053,0,0.08136702315189392
2025-02-27 18:30:00+00:00,4593.16488424053,4593.16488424053,0,0.08136702315189392
2025-02-27 19:30:00+00:00,4593.16488424053,4593.16488424053,0,0.08136702315189392
2025-02-27 20:30:00+00:00,4593.16488424053,4593.16488424053,0,0.08136702315189392
2025-02-28 14:30:00+00:00,4593.16488424053,4593.16488424053,0,0.08136702315189392
2025-02-28 15:30:00+00:00,4593.16488424053,4593.16488424053,0,0.08136702315189392
2025-02-28 16:30:00+00:00,4593.16488424053,4593.16488424053,0,0.08136702315189392
2025-02-28 17:30:00+00:00,4593.16488424053,4593.16488424053,0,0.08136702315189392
2025-02-28 18:30:00+00:00,4593.16488424053,4593.16488424053,0,0.08136702315189392
2025-02-28 19:30:00+00:00,4593.16488424053,4593.16488424053,0,0.08136702315189392
2025-02-28 20:30:00+00:00,4593.16488424053,4593.16488424053,0,0.08136702315189392
2025-03-03 14:30:00+00:00,4593.16488424053,4593.16488424053,0,0.08136702315189392
2025-03-03 15:30:00+00:00,4593.16488424053,4593.16488424053,0,0.08136702315189392
2025-03-03 16:30:00+00:00,4593.16488424053,4593.16488424053,0,0.08136702315189392
2025-03-03 17:30:00+00:00,4593.16488424053,4593.16488424053,0,0.08136702315189392
2025-03-03 18:30:00+00:00,4593.16488424053,4593.16488424053,0,0.08136702315189392
2025-03-03 19:30:00+00:00,4593.16488424053,4593.16488424053,0,0.08136702315189392
2025-03-03 20:30:00+00:00,4593.16488424053,4593.16488424053,0,0.08136702315189392
2025-03-04 14:30:00+00:00,4593.16488424053,4593.16488424053,0,0.08136702315189392
2025-03-04 15:30:00+00:00,4593.16488424053,4593.16488424053,0,0.08136702315189392
2025-03-04 16:30:00+00:00,4593.16488424053,4593.16488424053,0,0.08136702315189392
2025-03-04 17:30:00+00:00,4593.16488424053,4593.16488424053,0,0.08136702315189392
2025-03-04 18:30:00+00:00,4593.16488424053,4593.16488424053,0,0.08136702315189392
2025-03-04 19:30:00+00:00,4593.16488424053,4593.16488424053,0,0.08136702315189392
2025-03-04 20:30:00+00:00,4593.16488424053,4593.16488424053,0,0.08136702315189392
2025-03-05 14:30:00+00:00,4593.16488424053,4593.16488424053,0,0.08136702315189392
2025-03-05 15:30:00+00:00,4593.16488424053,4593.16488424053,0,0.08136702315189392
2025-03-05 16:30:00+00:00,4593.16488424053,4593.16488424053,0,0.08136702315189392
2025-03-05 17:30:00+00:00,4593.16488424053,4593.16488424053,0,0.08136702315189392
2025-03-05 18:30:00+00:00,4593.16488424053,4593.16488424053,0,0.08136702315189392
2025-03-05 19:30:00+00:00,4593.16488424053,4593.16488424053,0,0.08136702315189392
2025-03-05 20:30:00+00:00,4593.16488424053,4593.16488424053,0,0.08136702315189392
2025-03-06 14:30:00+00:00,4593.16488424053,4593.16488424053,0,0.08136702315189392
2025-03-06 15:30:00+00:00,4593.16488424053,4593.16488424053,0,0.08136702315189392
2025-03-06 16:30:00+00:00,4593.16488424053,4593.16488424053,0,0.08136702315189392
2025-03-06 17:30:00+00:00,4593.16488424053,4593.16488424053,0,0.08136702315189392
2025-03-06 18:30:00+00:00,4593.16488424053,4593.16488424053,0,0.08136702315189392
2025-03-06 19:30:00+00:00,4593.16488424053,4593.16488424053,0,0.08136702315189392
2025-03-06 20:30:00+00:00,4593.16488424053,4593.16488424053,0,0.08136702315189392
2025-03-07 14:30:00+00:00,4593.16488424053,4593.16488424053,0,0.08136702315189392
2025-03-07 15:30:00+00:00,4593.16488424053,4593.16488424053,0,0.08136702315189392
2025-03-07 16:30:00+00:00,4593.16488424053,4593.16488424053,0,0.08136702315189392
2025-03-07 17:30:00+00:00,4593.16488424053,4593.16488424053,0,0.08136702315189392
2025-03-07 18:30:00+00:00,4593.16488424053,4593.16488424053,0,0.08136702315189392
2025-03-07 19:30:00+00:00,4593.16488424053,4593.16488424053,0,0.08136702315189392
2025-03-07 20:30:00+00:00,4593.16488424053,4593.16488424053,0,0.08136702315189392
2025-03-10 13:30:00+00:00,4593.16488424053,4593.16488424053,0,0.08136702315189392
2025-03-10 14:30:00+00:00,4593.16488424053,4593.16488424053,0,0.08136702315189392
2025-03-10 15:30:00+00:00,4593.16488424053,4593.16488424053,0,0.08136702315189392
2025-03-10 16:30:00+00:00,4593.16488424053,4593.16488424053,0,0.08136702315189392
2025-03-10 17:30:00+00:00,4593.16488424053,4593.16488424053,0,0.08136702315189392
2025-03-10 18:30:00+00:00,4593.16488424053,4593.16488424053,0,0.08136702315189392
2025-03-10 19:30:00+00:00,4593.16488424053,4593.16488424053,0,0.08136702315189392
2025-03-11 13:30:00+00:00,4593.16488424053,4593.16488424053,0,0.08136702315189392
2025-03-11 14:30:00+00:00,4593.16488424053,4593.16488424053,0,0.08136702315189392
2025-03-11 15:30:00+00:00,4593.16488424053,4593.16488424053,0,0.08136702315189392
2025-03-11 16:30:00+00:00,4593.16488424053,4593.16488424053,0,0.08136702315189392
2025-03-11 17:30:00+00:00,4593.16488424053,4593.16488424053,0,0.08136702315189392
2025-03-11 18:30:00+00:00,4593.16488424053,4593.16488424053,0,0.08136702315189392
2025-03-11 19:30:00+00:00,4593.16488424053,4593.16488424053,0,0.08136702315189392
2025-03-12 13:30:00+00:00,4593.16488424053,4593.16488424053,0,0.08136702315189392
2025-03-12 14:30:00+00:00,4593.16488424053,4593.16488424053,0,0.08136702315189392
2025-03-12 15:30:00+00:00,4593.16488424053,4593.16488424053,0,0.08136702315189392
2025-03-12 16:30:00+00:00,4593.16488424053,4593.16488424053,0,0.08136702315189392
2025-03-12 17:30:00+00:00,4593.16488424053,4593.16488424053,0,0.08136702315189392
2025-03-12 18:30:00+00:00,4593.16488424053,4593.16488424053,0,0.08136702315189392
2025-03-12 19:30:00+00:00,4593.16488424053,4593.16488424053,0,0.08136702315189392
2025-03-13 13:30:00+00:00,4593.16488424053,4593.16488424053,0,0.08136702315189392
2025-03-13 14:30:00+00:00,4593.16488424053,4593.16488424053,0,0.08136702315189392
2025-03-13 15:30:00+00:00,4593.16488424053,4593.16488424053,0,0.08136702315189392
2025-03-13 16:30:00+00:00,4593.16488424053,4593.16488424053,0,0.08136702315189392
2025-03-13 17:30:00+00:00,4593.16488424053,4593.16488424053,0,0.08136702315189392
2025-03-13 18:30:00+00:00,4593.16488424053,4593.16488424053,0,0.08136702315189392
2025-03-13 19:30:00+00:00,4593.16488424053,4593.16488424053,0,0.08136702315189392
2025-03-14 13:30:00+00:00,4593.16488424053,4593.16488424053,0,0.08136702315189392
2025-03-14 14:30:00+00:00,4593.16488424053,4593.16488424053,0,0.08136702315189392
2025-03-14 15:30:00+00:00,4593.16488424053,4593.16488424053,0,0.08136702315189392
2025-03-14 16:30:00+00:00,4593.16488424053,4593.16488424053,0,0.08136702315189392
2025-03-14 17:30:00+00:00,4593.16488424053,4593.16488424053,0,0.08136702315189392
2025-03-14 18:30:00+00:00,4593.16488424053,4593.16488424053,0,0.08136702315189392
2025-03-14 19:30:00+00:00,4593.16488424053,4593.16488424053,0,0.08136702315189392
2025-03-17 13:30:00+00:00,4593.16488424053,4593.16488424053,0,0.08136702315189392
2025-03-17 14:30:00+00:00,4593.16488424053,4593.16488424053,0,0.08136702315189392
2025-03-17 15:30:00+00:00,4593.16488424053,4593.16488424053,0,0.08136702315189392
2025-03-17 16:30:00+00:00,4593.16488424053,4593.16488424053,0,0.08136702315189392
2025-03-17 17:30:00+00:00,4593.16488424053,4593.16488424053,0,0.08136702315189392
2025-03-17 18:30:00+00:00,4593.16488424053,4593.16488424053,0,0.08136702315189392
2025-03-17 19:30:00+00:00,4593.16488424053,4593.16488424053,0,0.08136702315189392
2025-03-18 13:30:00+00:00,4593.16488424053,4593.16488424053,0,0.08136702315189392
2025-03-18 14:30:00+00:00,4593.16488424053,4593.16488424053,0,0.08136702315189392
2025-03-18 15:30:00+00:00,4593.16488424053,4593.16488424053,0,0.08136702315189392
2025-03-18 16:30:00+00:00,4593.16488424053,4593.16488424053,0,0.08136702315189392
2025-03-18 17:30:00+00:00,4593.16488424053,4593.16488424053,0,0.08136702315189392
2025-03-18 18:30:00+00:00,4593.16488424053,4593.16488424053,0,0.08136702315189392
2025-03-18 19:30:00+00:00,4593.16488424053,4593.16488424053,0,0.08136702315189392
2025-03-19 13:30:00+00:00,4593.16488424053,4593.16488424053,0,0.08136702315189392
2025-03-19 14:30:00+00:00,4593.16488424053,4593.16488424053,0,0.08136702315189392
2025-03-19 15:30:00+00:00,4593.16488424053,4593.16488424053,0,0.08136702315189392
2025-03-19 16:30:00+00:00,4593.16488424053,4593.16488424053,0,0.08136702315189392
2025-03-19 17:30:00+00:00,4593.16488424053,4593.16488424053,0,0.08136702315189392
2025-03-19 18:30:00+00:00,4593.16488424053,4593.16488424053,0,0.08136702315189392
2025-03-19 19:30:00+00:00,4593.16488424053,4593.16488424053,0,0.08136702315189392
2025-03-20 13:30:00+00:00,4593.16488424053,4593.16488424053,0,0.08136702315189392
2025-03-20 14:30:00+00:00,4593.16488424053,4593.16488424053,0,0.08136702315189392
2025-03-20 15:30:00+00:00,4593.16488424053,4593.16488424053,0,0.08136702315189392
2025-03-20 16:30:00+00:00,4593.16488424053,4593.16488424053,0,0.08136702315189392
2025-03-20 17:30:00+00:00,4593.16488424053,4593.16488424053,0,0.08136702315189392
2025-03-20 18:30:00+00:00,4593.16488424053,4593.16488424053,0,0.08136702315189392
2025-03-20 19:30:00+00:00,4593.16488424053,4593.16488424053,0,0.08136702315189392
2025-03-21 13:30:00+00:00,4593.16488424053,4593.16488424053,0,0.08136702315189392
2025-03-21 14:30:00+00:00,4593.16488424053,4593.16488424053,0,0.08136702315189392
2025-03-21 15:30:00+00:00,4593.16488424053,4593.16488424053,0,0.08136702315189392
2025-03-21 16:30:00+00:00,4593.16488424053,4593.16488424053,0,0.08136702315189392
2025-03-21 17:30:00+00:00,4593.16488424053,4593.16488424053,0,0.08136702315189392
2025-03-21 18:30:00+00:00,4593.16488424053,4593.16488424053,0,0.08136702315189392
2025-03-21 19:30:00+00:00,4593.16488424053,4593.16488424053,0,0.08136702315189392
2025-03-24 13:30:00+00:00,4593.16488424053,4593.16488424053,0,0.08136702315189392
2025-03-24 14:30:00+00:00,4593.16488424053,4593.16488424053,0,0.08136702315189392
2025-03-24 15:30:00+00:00,4593.16488424053,4593.16488424053,0,0.08136702315189392
2025-03-24 16:30:00+00:00,4593.16488424053,4593.16488424053,0,0.08136702315189392
2025-03-24 17:30:00+00:00,4593.16488424053,4593.16488424053,0,0.08136702315189392
2025-03-24 18:30:00+00:00,4593.16488424053,4593.16488424053,0,0.08136702315189392
2025-03-24 19:30:00+00:00,4593.16488424053,4593.16488424053,0,0.08136702315189392
2025-03-25 13:30:00+00:00,4593.16488424053,4593.16488424053,0,0.08136702315189392
2025-03-25 14:30:00+00:00,4593.16488424053,4593.16488424053,0,0.08136702315189392
2025-03-25 15:30:00+00:00,4593.16488424053,4593.16488424053,0,0.08136702315189392
2025-03-25 16:30:00+00:00,4593.16488424053,4593.16488424053,0,0.08136702315189392
2025-03-25 17:30:00+00:00,4593.16488424053,4593.16488424053,0,0.08136702315189392
2025-03-25 18:30:00+00:00,4593.16488424053,4593.16488424053,0,0.08136702315189392
2025-03-25 19:30:00+00:00,4593.16488424053,4593.16488424053,0,0.08136702315189392
2025-03-26 13:30:00+00:00,4593.16488424053,4593.16488424053,0,0.08136702315189392
2025-03-26 14:30:00+00:00,4593.16488424053,4593.16488424053,0,0.08136702315189392
2025-03-26 15:30:00+00:00,4593.16488424053,4593.16488424053,0,0.08136702315189392
2025-03-26 16:30:00+00:00,4593.16488424053,4593.16488424053,0,0.08136702315189392
2025-03-26 17:30:00+00:00,4593.16488424053,4593.16488424053,0,0.08136702315189392
2025-03-26 18:30:00+00:00,4593.16488424053,4593.16488424053,0,0.08136702315189392
2025-03-26 19:30:00+00:00,4593.16488424053,4593.16488424053,0,0.08136702315189392
2025-03-27 13:30:00+00:00,4593.16488424053,4593.16488424053,0,0.08136702315189392
2025-03-27 14:30:00+00:00,4593.16488424053,4593.16488424053,0,0.08136702315189392
2025-03-27 15:30:00+00:00,4593.16488424053,4593.16488424053,0,0.08136702315189392
2025-03-27 16:30:00+00:00,4593.16488424053,4593.16488424053,0,0.08136702315189392
2025-03-27 17:30:00+00:00,4593.16488424053,4593.16488424053,0,0.08136702315189392
2025-03-27 18:30:00+00:00,4593.16488424053,4593.16488424053,0,0.08136702315189392
2025-03-27 19:30:00+00:00,4593.16488424053,4593.16488424053,0,0.08136702315189392
2025-03-28 13:30:00+00:00,4593.16488424053,4593.16488424053,0,0.08136702315189392
2025-03-28 14:30:00+00:00,4593.16488424053,4593.16488424053,0,0.08136702315189392
2025-03-28 15:30:00+00:00,4593.16488424053,4593.16488424053,0,0.08136702315189392
2025-03-28 16:30:00+00:00,4593.16488424053,4593.16488424053,0,0.08136702315189392
2025-03-28 17:30:00+00:00,4593.16488424053,4593.16488424053,0,0.08136702315189392
2025-03-28 18:30:00+00:00,4593.16488424053,4593.16488424053,0,0.08136702315189392
2025-03-28 19:30:00+00:00,4593.16488424053,4593.16488424053,0,0.08136702315189392
2025-03-31 13:30:00+00:00,4593.16488424053,4593.16488424053,0,0.08136702315189392
2025-03-31 14:30:00+00:00,4593.16488424053,4593.16488424053,0,0.08136702315189392
2025-03-31 15:30:00+00:00,4593.16488424053,4593.16488424053,0,0.08136702315189392
2025-03-31 16:30:00+00:00,4593.16488424053,4593.16488424053,0,0.08136702315189392
2025-03-31 17:30:00+00:00,4593.16488424053,4593.16488424053,0,0.08136702315189392
2025-03-31 18:30:00+00:00,4593.16488424053,4593.16488424053,0,0.08136702315189392
2025-03-31 19:30:00+00:00,4593.16488424053,4593.16488424053,0,0.08136702315189392
2025-04-01 13:30:00+00:00,4593.16488424053,4593.16488424053,0,0.08136702315189392
2025-04-01 14:30:00+00:00,4593.16488424053,4593.16488424053,0,0.08136702315189392
2025-04-01 15:30:00+00:00,4593.16488424053,4593.16488424053,0,0.08136702315189392
2025-04-01 16:30:00+00:00,4593.16488424053,4593.16488424053,0,0.08136702315189392
2025-04-01 17:30:00+00:00,4593.16488424053,4593.16488424053,0,0.08136702315189392
2025-04-01 18:30:00+00:00,4593.16488424053,4593.16488424053,0,0.08136702315189392
2025-04-01 19:30:00+00:00,4593.16488424053,4593.16488424053,0,0.08136702315189392
2025-04-02 13:30:00+00:00,4593.16488424053,4593.16488424053,0,0.08136702315189392
2025-04-02 14:30:00+00:00,4593.16488424053,4593.16488424053,0,0.08136702315189392
2025-04-02 15:30:00+00:00,4593.16488424053,4593.16488424053,0,0.08136702315189392
2025-04-02 16:30:00+00:00,4593.16488424053,4593.16488424053,0,0.08136702315189392
2025-04-02 17:30:00+00:00,4593.16488424053,4593.16488424053,0,0.08136702315189392
2025-04-02 18:30:00+00:00,4593.16488424053,4593.16488424053,0,0.08136702315189392
2025-04-02 19:30:00+00:00,4593.16488424053,4593.16488424053,0,0.08136702315189392
2025-04-03 13:30:00+00:00,4593.16488424053,4593.16488424053,0,0.08136702315189392
2025-04-03 14:30:00+00:00,4593.16488424053,4593.16488424053,0,0.08136702315189392
2025-04-03 15:30:00+00:00,4593.16488424053,4593.16488424053,0,0.08136702315189392
2025-04-03 16:30:00+00:00,4593.16488424053,4593.16488424053,0,0.08136702315189392
2025-04-03 17:30:00+00:00,4593.16488424053,4593.16488424053,0,0.08136702315189392
2025-04-03 18:30:00+00:00,4593.16488424053,4593.16488424053,0,0.08136702315189392
2025-04-03 19:30:00+00:00,4593.16488424053,4593.16488424053,0,0.08136702315189392
2025-04-04 13:30:00+00:00,4593.16488424053,4593.16488424053,0,0.08136702315189392
2025-04-04 14:30:00+00:00,4593.16488424053,4593.16488424053,0,0.08136702315189392
2025-04-04 15:30:00+00:00,4593.16488424053,4593.16488424053,0,0.08136702315189392
2025-04-04 16:30:00+00:00,4593.16488424053,4593.16488424053,0,0.08136702315189392
2025-04-04 17:30:00+00:00,4593.16488424053,4593.16488424053,0,0.08136702315189392
2025-04-04 18:30:00+00:00,4593.16488424053,4593.16488424053,0,0.08136702315189392
2025-04-04 19:30:00+00:00,4593.16488424053,4593.16488424053,0,0.08136702315189392
2025-04-07 13:30:00+00:00,4593.16488424053,4593.16488424053,0,0.08136702315189392
2025-04-07 14:30:00+00:00,4593.16488424053,4593.16488424053,0,0.08136702315189392
2025-04-07 15:30:00+00:00,4593.16488424053,4593.16488424053,0,0.08136702315189392
2025-04-07 16:30:00+00:00,4593.16488424053,4593.16488424053,0,0.08136702315189392
2025-04-07 17:30:00+00:00,4593.16488424053,4593.16488424053,0,0.08136702315189392
2025-04-07 18:30:00+00:00,4593.16488424053,4593.16488424053,0,0.08136702315189392
2025-04-07 19:30:00+00:00,4593.16488424053,4593.16488424053,0,0.08136702315189392
2025-04-08 13:30:00+00:00,4593.16488424053,4593.16488424053,0,0.08136702315189392
2025-04-08 14:30:00+00:00,4593.16488424053,4593.16488424053,0,0.08136702315189392
2025-04-08 15:30:00+00:00,4593.16488424053,4593.16488424053,0,0.08136702315189392
2025-04-08 16:30:00+00:00,4593.16488424053,4593.16488424053,0,0.08136702315189392
2025-04-08 17:30:00+00:00,4593.16488424053,4593.16488424053,0,0.08136702315189392
2025-04-08 18:30:00+00:00,4593.16488424053,4593.16488424053,0,0.08136702315189392
2025-04-08 19:30:00+00:00,4593.16488424053,4593.16488424053,0,0.08136702315189392
2025-04-09 13:30:00+00:00,4593.16488424053,4593.16488424053,0,0.08136702315189392
2025-04-09 14:30:00+00:00,4593.16488424053,4593.16488424053,0,0.08136702315189392
2025-04-09 15:30:00+00:00,4593.16488424053,4593.16488424053,0,0.08136702315189392
2025-04-09 16:30:00+00:00,4593.16488424053,4593.16488424053,0,0.08136702315189392
2025-04-09 17:30:00+00:00,4593.16488424053,4593.16488424053,0,0.08136702315189392
2025-04-09 18:30:00+00:00,4593.16488424053,4593.16488424053,0,0.08136702315189392
2025-04-09 19:30:00+00:00,4593.16488424053,4593.16488424053,0,0.08136702315189392
2025-04-10 13:30:00+00:00,4593.16488424053,4593.16488424053,0,0.08136702315189392
2025-04-10 14:30:00+00:00,4593.16488424053,4593.16488424053,0,0.08136702315189392
2025-04-10 15:30:00+00:00,4593.16488424053,4593.16488424053,0,0.08136702315189392
2025-04-10 16:30:00+00:00,4593.16488424053,4593.16488424053,0,0.08136702315189392
2025-04-10 17:30:00+00:00,4593.16488424053,4593.16488424053,0,0.08136702315189392
2025-04-10 18:30:00+00:00,4593.16488424053,4593.16488424053,0,0.08136702315189392
2025-04-10 19:30:00+00:00,4593.16488424053,4593.16488424053,0,0.08136702315189392
2025-04-11 13:30:00+00:00,4593.16488424053,4593.16488424053,0,0.08136702315189392
2025-04-11 14:30:00+00:00,4593.16488424053,4593.16488424053,0,0.08136702315189392
2025-04-11 15:30:00+00:00,4593.16488424053,4593.16488424053,0,0.08136702315189392
2025-04-11 16:30:00+00:00,4593.16488424053,4593.16488424053,0,0.08136702315189392
2025-04-11 17:30:00+00:00,4593.16488424053,4593.16488424053,0,0.08136702315189392
2025-04-11 18:30:00+00:00,4593.16488424053,4593.16488424053,0,0.08136702315189392
2025-04-11 19:30:00+00:00,4593.16488424053,4593.16488424053,0,0.08136702315189392
2025-04-14 13:30:00+00:00,4593.16488424053,4593.16488424053,0,0.08136702315189392
2025-04-14 14:30:00+00:00,4593.16488424053,4593.16488424053,0,0.08136702315189392
2025-04-14 15:30:00+00:00,4593.16488424053,4593.16488424053,0,0.08136702315189392
2025-04-14 16:30:00+00:00,4593.16488424053,4593.16488424053,0,0.08136702315189392
2025-04-14 17:30:00+00:00,4593.16488424053,4593.16488424053,0,0.08136702315189392
2025-04-14 18:30:00+00:00,4593.16488424053,4593.16488424053,0,0.08136702315189392
2025-04-14 19:30:00+00:00,4593.16488424053,4593.16488424053,0,0.08136702315189392
2025-04-15 13:30:00+00:00,4593.16488424053,4593.16488424053,0,0.08136702315189392
2025-04-15 14:30:00+00:00,4593.16488424053,4593.16488424053,0,0.08136702315189392
2025-04-15 15:30:00+00:00,4593.16488424053,4593.16488424053,0,0.08136702315189392
2025-04-15 16:30:00+00:00,4593.16488424053,4593.16488424053,0,0.08136702315189392
2025-04-15 17:30:00+00:00,4593.16488424053,4593.16488424053,0,0.08136702315189392
2025-04-15 18:30:00+00:00,4593.16488424053,4593.16488424053,0,0.08136702315189392
2025-04-15 19:30:00+00:00,4593.16488424053,4593.16488424053,0,0.08136702315189392
2025-04-16 13:30:00+00:00,4593.16488424053,4593.16488424053,0,0.08136702315189392
2025-04-16 14:30:00+00:00,4593.16488424053,4593.16488424053,0,0.08136702315189392
2025-04-16 15:30:00+00:00,4593.16488424053,4593.16488424053,0,0.08136702315189392
2025-04-16 16:30:00+00:00,4593.16488424053,4593.16488424053,0,0.08136702315189392
2025-04-16 17:30:00+00:00,4593.16488424053,4593.16488424053,0,0.08136702315189392
2025-04-16 18:30:00+00:00,4593.16488424053,4593.16488424053,0,0.08136702315189392
2025-04-16 19:30:00+00:00,4593.16488424053,4593.16488424053,0,0.08136702315189392
2025-04-17 13:30:00+00:00,4593.16488424053,4593.16488424053,0,0.08136702315189392
2025-04-17 14:30:00+00:00,4593.16488424053,4593.16488424053,0,0.08136702315189392
2025-04-17 15:30:00+00:00,4593.16488424053,4593.16488424053,0,0.08136702315189392
2025-04-17 16:30:00+00:00,4593.16488424053,4593.16488424053,0,0.08136702315189392
2025-04-17 17:30:00+00:00,4593.16488424053,4593.16488424053,0,0.08136702315189392
2025-04-17 18:30:00+00:00,4593.16488424053,4593.16488424053,0,0.08136702315189392
2025-04-17 19:30:00+00:00,4593.16488424053,4593.16488424053,0,0.08136702315189392
2025-04-21 13:30:00+00:00,4593.16488424053,4593.16488424053,0,0.08136702315189392
2025-04-21 14:30:00+00:00,4593.16488424053,4593.16488424053,0,0.08136702315189392
2025-04-21 15:30:00+00:00,4593.16488424053,4593.16488424053,0,0.08136702315189392
2025-04-21 16:30:00+00:00,4593.16488424053,4593.16488424053,0,0.08136702315189392
2025-04-21 17:30:00+00:00,4593.16488424053,4593.16488424053,0,0.08136702315189392
2025-04-21 18:30:00+00:00,4593.16488424053,4593.16488424053,0,0.08136702315189392
2025-04-21 19:30:00+00:00,4593.16488424053,4593.16488424053,0,0.08136702315189392
2025-04-22 13:30:00+00:00,4593.16488424053,4593.16488424053,0,0.08136702315189392
2025-04-22 14:30:00+00:00,4593.16488424053,4593.16488424053,0,0.08136702315189392
2025-04-22 15:30:00+00:00,4593.16488424053,4593.16488424053,0,0.08136702315189392
2025-04-22 16:30:00+00:00,4593.16488424053,4593.16488424053,0,0.08136702315189392
2025-04-22 17:30:00+00:00,4593.16488424053,4593.16488424053,0,0.08136702315189392
2025-04-22 18:30:00+00:00,4593.16488424053,4593.16488424053,0,0.08136702315189392
2025-04-22 19:30:00+00:00,4593.16488424053,4593.16488424053,0,0.08136702315189392
2025-04-23 13:30:00+00:00,4593.16488424053,4593.16488424053,0,0.08136702315189392
2025-04-23 14:30:00+00:00,4593.16488424053,4593.16488424053,0,0.08136702315189392
2025-04-23 15:30:00+00:00,4593.16488424053,4593.16488424053,0,0.08136702315189392
2025-04-23 16:30:00+00:00,4593.16488424053,4593.16488424053,0,0.08136702315189392
2025-04-23 17:30:00+00:00,4593.16488424053,4593.16488424053,0,0.08136702315189392
2025-04-23 18:30:00+00:00,4593.16488424053,4593.16488424053,0,0.08136702315189392
2025-04-23 19:30:00+00:00,4593.16488424053,4593.16488424053,0,0.08136702315189392
2025-04-24 13:30:00+00:00,4593.16488424053,4593.16488424053,0,0.08136702315189392
2025-04-24 14:30:00+00:00,4593.16488424053,4593.16488424053,0,0.08136702315189392
2025-04-24 15:30:00+00:00,4593.16488424053,4593.16488424053,0,0.08136702315189392
2025-04-24 16:30:00+00:00,4593.16488424053,4593.16488424053,0,0.08136702315189392
2025-04-24 17:30:00+00:00,4593.16488424053,4593.16488424053,0,0.08136702315189392
2025-04-24 18:30:00+00:00,4593.16488424053,4593.16488424053,0,0.08136702315189392
2025-04-24 19:30:00+00:00,4593.16488424053,4593.16488424053,0,0.08136702315189392
2025-04-25 13:30:00+00:00,4593.16488424053,4593.16488424053,0,0.08136702315189392
2025-04-25 14:30:00+00:00,4593.16488424053,4593.16488424053,0,0.08136702315189392
2025-04-25 15:30:00+00:00,4593.16488424053,4593.16488424053,0,0.08136702315189392
2025-04-25 16:30:00+00:00,4593.16488424053,4593.16488424053,0,0.08136702315189392
2025-04-25 17:30:00+00:00,4593.16488424053,4593.16488424053,0,0.08136702315189392
2025-04-25 18:30:00+00:00,4593.16488424053,4593.16488424053,0,0.08136702315189392
2025-04-25 19:30:00+00:00,4593.16488424053,4593.16488424053,0,0.08136702315189392
2025-04-28 13:30:00+00:00,4593.16488424053,4593.16488424053,0,0.08136702315189392
2025-04-28 14:30:00+00:00,4593.16488424053,4593.16488424053,0,0.08136702315189392
2025-04-28 15:30:00+00:00,4593.16488424053,4593.16488424053,0,0.08136702315189392
2025-04-28 16:30:00+00:00,4593.16488424053,4593.16488424053,0,0.08136702315189392
2025-04-28 17:30:00+00:00,4593.16488424053,4593.16488424053,0,0.08136702315189392
2025-04-28 18:30:00+00:00,4593.16488424053,4593.16488424053,0,0.08136702315189392
2025-04-28 19:30:00+00:00,4593.16488424053,4593.16488424053,0,0.08136702315189392
2025-04-29 13:30:00+00:00,4593.16488424053,4593.16488424053,0,0.08136702315189392
2025-04-29 14:30:00+00:00,4593.16488424053,4593.16488424053,0,0.08136702315189392
2025-04-29 15:30:00+00:00,4593.16488424053,4593.16488424053,0,0.08136702315189392
2025-04-29 16:30:00+00:00,4593.16488424053,4593.16488424053,0,0.08136702315189392
2025-04-29 17:30:00+00:00,4593.16488424053,4593.16488424053,0,0.08136702315189392
2025-04-29 18:30:00+00:00,4593.16488424053,4593.16488424053,0,0.08136702315189392
2025-04-29 19:30:00+00:00,4593.16488424053,4593.16488424053,0,0.08136702315189392
2025-04-30 13:30:00+00:00,4593.16488424053,4593.16488424053,0,0.08136702315189392
2025-04-30 14:30:00+00:00,4593.16488424053,4593.16488424053,0,0.08136702315189392
2025-04-30 15:30:00+00:00,4593.16488424053,4593.16488424053,0,0.08136702315189392
2025-04-30 16:30:00+00:00,4593.16488424053,4593.16488424053,0,0.08136702315189392
2025-04-30 17:30:00+00:00,4593.16488424053,4593.16488424053,0,0.08136702315189392
2025-04-30 18:30:00+00:00,4593.16488424053,4593.16488424053,0,0.08136702315189392
2025-04-30 19:30:00+00:00,4593.16488424053,4593.16488424053,0,0.08136702315189392
2025-05-01 13:30:00+00:00,4593.16488424053,4593.16488424053,0,0.08136702315189392
2025-05-01 14:30:00+00:00,4593.16488424053,4593.16488424053,0,0.08136702315189392
2025-05-01 15:30:00+00:00,4593.16488424053,4593.16488424053,0,0.08136702315189392
2025-05-01 16:30:00+00:00,4593.16488424053,4593.16488424053,0,0.08136702315189392
2025-05-01 17:30:00+00:00,4593.16488424053,4593.16488424053,0,0.08136702315189392
2025-05-01 18:30:00+00:00,4593.16488424053,4593.16488424053,0,0.08136702315189392
2025-05-01 19:30:00+00:00,4593.16488424053,4593.16488424053,0,0.08136702315189392
2025-05-02 13:30:00+00:00,4593.16488424053,4593.16488424053,0,0.08136702315189392
2025-05-02 14:30:00+00:00,4593.16488424053,4593.16488424053,0,0.08136702315189392
2025-05-02 15:30:00+00:00,4593.16488424053,4593.16488424053,0,0.08136702315189392
2025-05-02 16:30:00+00:00,4593.16488424053,4593.16488424053,0,0.08136702315189392
2025-05-02 17:30:00+00:00,4593.16488424053,4593.16488424053,0,0.08136702315189392
2025-05-02 18:30:00+00:00,4593.16488424053,4593.16488424053,0,0.08136702315189392
2025-05-02 19:30:00+00:00,4593.16488424053,4593.16488424053,0,0.08136702315189392
2025-05-05 13:30:00+00:00,4593.16488424053,4593.16488424053,0,0.08136702315189392
2025-05-05 14:30:00+00:00,4593.16488424053,4593.16488424053,0,0.08136702315189392
2025-05-05 15:30:00+00:00,4593.16488424053,4593.16488424053,0,0.08136702315189392
2025-05-05 16:30:00+00:00,4593.16488424053,4593.16488424053,0,0.08136702315189392
2025-05-05 17:30:00+00:00,4593.16488424053,4593.16488424053,0,0.08136702315189392
2025-05-05 18:30:00+00:00,4593.16488424053,4593.16488424053,0,0.08136702315189392
2025-05-05 19:30:00+00:00,4593.16488424053,4593.16488424053,0,0.08136702315189392
2025-05-06 13:30:00+00:00,4593.16488424053,4593.16488424053,0,0.08136702315189392
2025-05-06 14:30:00+00:00,4593.16488424053,4593.16488424053,0,0.08136702315189392
2025-05-06 15:30:00+00:00,4593.16488424053,4593.16488424053,0,0.08136702315189392
2025-05-06 16:30:00+00:00,4593.16488424053,4593.16488424053,0,0.08136702315189392
2025-05-06 17:30:00+00:00,4593.16488424053,4593.16488424053,0,0.08136702315189392
2025-05-06 18:30:00+00:00,4593.16488424053,4593.16488424053,0,0.08136702315189392
2025-05-06 19:30:00+00:00,4593.16488424053,4593.16488424053,0,0.08136702315189392
2025-05-07 13:30:00+00:00,4593.16488424053,4593.16488424053,0,0.08136702315189392
2025-05-07 14:30:00+00:00,4593.16488424053,4593.16488424053,0,0.08136702315189392
2025-05-07 15:30:00+00:00,4593.16488424053,4593.16488424053,0,0.08136702315189392
2025-05-07 16:30:00+00:00,4593.16488424053,4593.16488424053,0,0.08136702315189392
2025-05-07 17:30:00+00:00,4593.16488424053,4593.16488424053,0,0.08136702315189392
2025-05-07 18:30:00+00:00,4593.16488424053,4593.16488424053,0,0.08136702315189392
2025-05-07 19:30:00+00:00,4593.16488424053,4593.16488424053,0,0.08136702315189392
2025-05-08 13:30:00+00:00,4593.16488424053,4593.16488424053,0,0.08136702315189392
2025-05-08 14:30:00+00:00,4593.16488424053,4593.16488424053,0,0.08136702315189392
2025-05-08 15:30:00+00:00,4593.16488424053,4593.16488424053,0,0.08136702315189392
2025-05-08 16:30:00+00:00,4593.16488424053,4593.16488424053,0,0.08136702315189392
2025-05-08 17:30:00+00:00,4593.16488424053,4593.16488424053,0,0.08136702315189392
2025-05-08 18:30:00+00:00,4593.16488424053,4593.16488424053,0,0.08136702315189392
2025-05-08 19:30:00+00:00,4593.16488424053,4593.16488424053,0,0.08136702315189392
2025-05-09 13:30:00+00:00,4593.16488424053,4593.16488424053,0,0.08136702315189392
2025-05-09 14:30:00+00:00,4593.16488424053,4593.16488424053,0,0.08136702315189392
2025-05-09 15:30:00+00:00,4593.16488424053,4593.16488424053,0,0.08136702315189392
2025-05-09 16:30:00+00:00,4593.16488424053,4593.16488424053,0,0.08136702315189392
2025-05-09 17:30:00+00:00,4593.16488424053,4593.16488424053,0,0.08136702315189392
2025-05-09 18:30:00+00:00,4593.16488424053,4593.16488424053,0,0.08136702315189392
2025-05-09 19:30:00+00:00,4593.16488424053,4593.16488424053,0,0.08136702315189392
2025-05-12 13:30:00+00:00,4593.16488424053,4593.16488424053,0,0.08136702315189392
2025-05-12 14:30:00+00:00,4593.16488424053,4593.16488424053,0,0.08136702315189392
2025-05-12 15:30:00+00:00,4593.16488424053,4593.16488424053,0,0.08136702315189392
2025-05-12 16:30:00+00:00,4593.16488424053,4593.16488424053,0,0.08136702315189392
2025-05-12 17:30:00+00:00,4593.16488424053,4593.16488424053,0,0.08136702315189392
2025-05-12 18:30:00+00:00,4593.16488424053,4593.16488424053,0,0.08136702315189392
2025-05-12 19:30:00+00:00,4593.16488424053,4593.16488424053,0,0.08136702315189392
2025-05-13 13:30:00+00:00,4593.16488424053,4593.16488424053,0,0.08136702315189392
2025-05-13 14:30:00+00:00,4593.16488424053,4593.16488424053,0,0.08136702315189392
2025-05-13 15:30:00+00:00,4593.16488424053,4593.16488424053,0,0.08136702315189392
2025-05-13 16:30:00+00:00,4593.16488424053,4593.16488424053,0,0.08136702315189392
2025-05-13 17:30:00+00:00,4593.16488424053,4593.16488424053,0,0.08136702315189392
2025-05-13 18:30:00+00:00,4593.16488424053,4593.16488424053,0,0.08136702315189392
2025-05-13 19:30:00+00:00,4593.16488424053,4593.16488424053,0,0.08136702315189392
2025-05-14 13:30:00+00:00,4593.16488424053,4593.16488424053,0,0.08136702315189392
2025-05-14 14:30:00+00:00,4593.16488424053,4593.16488424053,0,0.08136702315189392
2025-05-14 15:30:00+00:00,4593.16488424053,4593.16488424053,0,0.08136702315189392
2025-05-14 16:30:00+00:00,4593.16488424053,4593.16488424053,0,0.08136702315189392
2025-05-14 17:30:00+00:00,4593.16488424053,4593.16488424053,0,0.08136702315189392
2025-05-14 18:30:00+00:00,4593.16488424053,4593.16488424053,0,0.08136702315189392
2025-05-14 19:30:00+00:00,4593.16488424053,4593.16488424053,0,0.08136702315189392
2025-05-15 13:30:00+00:00,4593.16488424053,4593.16488424053,0,0.08136702315189392
2025-05-15 14:30:00+00:00,4593.16488424053,4593.16488424053,0,0.08136702315189392
2025-05-15 15:30:00+00:00,4593.16488424053,4593.16488424053,0,0.08136702315189392
2025-05-15 16:30:00+00:00,4593.16488424053,4593.16488424053,0,0.08136702315189392
2025-05-15 17:30:00+00:00,4593.16488424053,4593.16488424053,0,0.08136702315189392
2025-05-15 18:30:00+00:00,4593.16488424053,4593.16488424053,0,0.08136702315189392
2025-05-15 19:30:00+00:00,4593.16488424053,4593.16488424053,0,0.08136702315189392
2025-05-16 13:30:00+00:00,4593.16488424053,4593.16488424053,0,0.08136702315189392
2025-05-16 14:30:00+00:00,4593.16488424053,4593.16488424053,0,0.08136702315189392
2025-05-16 15:30:00+00:00,4593.16488424053,4593.16488424053,0,0.08136702315189392
2025-05-16 16:30:00+00:00,4593.16488424053,4593.16488424053,0,0.08136702315189392
2025-05-16 17:30:00+00:00,4593.16488424053,4593.16488424053,0,0.08136702315189392
2025-05-16 18:30:00+00:00,4593.16488424053,4593.16488424053,0,0.08136702315189392
2025-05-16 19:30:00+00:00,4593.16488424053,4593.16488424053,0,0.08136702315189392
2025-05-19 13:30:00+00:00,4593.16488424053,4593.16488424053,0,0.08136702315189392
2025-05-19 14:30:00+00:00,4593.16488424053,4593.16488424053,0,0.08136702315189392
2025-05-19 15:30:00+00:00,4593.16488424053,4593.16488424053,0,0.08136702315189392
2025-05-19 16:30:00+00:00,4593.16488424053,4593.16488424053,0,0.08136702315189392
2025-05-19 17:30:00+00:00,4593.16488424053,4593.16488424053,0,0.08136702315189392
2025-05-19 18:30:00+00:00,4593.16488424053,4593.16488424053,0,0.08136702315189392
2025-05-19 19:30:00+00:00,4593.16488424053,4593.16488424053,0,0.08136702315189392
2025-05-20 13:30:00+00:00,4593.16488424053,4593.16488424053,0,0.08136702315189392
2025-05-20 14:30:00+00:00,4593.16488424053,4593.16488424053,0,0.08136702315189392
2025-05-20 15:30:00+00:00,4593.16488424053,4593.16488424053,0,0.08136702315189392
2025-05-20 16:30:00+00:00,4593.16488424053,4593.16488424053,0,0.08136702315189392
2025-05-20 17:30:00+00:00,4593.16488424053,4593.16488424053,0,0.08136702315189392
2025-05-20 18:30:00+00:00,4593.16488424053,4593.16488424053,0,0.08136702315189392
2025-05-20 19:30:00+00:00,4593.16488424053,4593.16488424053,0,0.08136702315189392
2025-05-21 13:30:00+00:00,4593.16488424053,4593.16488424053,0,0.08136702315189392
2025-05-21 14:30:00+00:00,4593.16488424053,4593.16488424053,0,0.08136702315189392
2025-05-21 15:30:00+00:00,4593.16488424053,4593.16488424053,0,0.08136702315189392
2025-05-21 16:30:00+00:00,4593.16488424053,4593.16488424053,0,0.08136702315189392
2025-05-21 17:30:00+00:00,4593.16488424053,4593.16488424053,0,0.08136702315189392
2025-05-21 18:30:00+00:00,4593.16488424053,4593.16488424053,0,0.08136702315189392
2025-05-21 19:30:00+00:00,4593.16488424053,4593.16488424053,0,0.08136702315189392
2025-05-22 13:30:00+00:00,4593.16488424053,4593.16488424053,0,0.08136702315189392
2025-05-22 14:30:00+00:00,4593.16488424053,4593.16488424053,0,0.08136702315189392
2025-05-22 15:30:00+00:00,4593.16488424053,4593.16488424053,0,0.08136702315189392
2025-05-22 16:30:00+00:00,4593.16488424053,4593.16488424053,0,0.08136702315189392
2025-05-22 17:30:00+00:00,4593.16488424053,4593.16488424053,0,0.08136702315189392
2025-05-22 18:30:00+00:00,4593.16488424053,4593.16488424053,0,0.08136702315189392
2025-05-22 19:30:00+00:00,4593.16488424053,4593.16488424053,0,0.08136702315189392
2025-05-23 13:30:00+00:00,4593.16488424053,4593.16488424053,0,0.08136702315189392
2025-05-23 14:30:00+00:00,4593.16488424053,4593.16488424053,0,0.08136702315189392
2025-05-23 15:30:00+00:00,4593.16488424053,4593.16488424053,0,0.08136702315189392
2025-05-23 16:30:00+00:00,4593.16488424053,4593.16488424053,0,0.08136702315189392
2025-05-23 17:30:00+00:00,4593.16488424053,4593.16488424053,0,0.08136702315189392
2025-05-23 18:30:00+00:00,4593.16488424053,4593.16488424053,0,0.08136702315189392
2025-05-23 19:30:00+00:00,4593.16488424053,4593.16488424053,0,0.08136702315189392
2025-05-27 13:30:00+00:00,4593.16488424053,4593.16488424053,0,0.08136702315189392
2025-05-27 14:30:00+00:00,4593.16488424053,4593.16488424053,0,0.08136702315189392
2025-05-27 15:30:00+00:00,4593.16488424053,4593.16488424053,0,0.08136702315189392
2025-05-27 16:30:00+00:00,4593.16488424053,4593.16488424053,0,0.08136702315189392
2025-05-27 17:30:00+00:00,4593.16488424053,4593.16488424053,0,0.08136702315189392
2025-05-27 18:30:00+00:00,4593.16488424053,4593.16488424053,0,0.08136702315189392
2025-05-27 19:30:00+00:00,4593.16488424053,4593.16488424053,0,0.08136702315189392
2025-05-28 13:30:00+00:00,4593.16488424053,4593.16488424053,0,0.08136702315189392
2025-05-28 14:30:00+00:00,4593.16488424053,4593.16488424053,0,0.08136702315189392
2025-05-28 15:30:00+00:00,4593.16488424053,4593.16488424053,0,0.08136702315189392
2025-05-28 16:30:00+00:00,4593.16488424053,4593.16488424053,0,0.08136702315189392
2025-05-28 17:30:00+00:00,4593.16488424053,4593.16488424053,0,0.08136702315189392
2025-05-28 18:30:00+00:00,4593.16488424053,4593.16488424053,0,0.08136702315189392
2025-05-28 19:30:00+00:00,4593.16488424053,4593.16488424053,0,0.08136702315189392
2025-05-29 13:30:00+00:00,4593.16488424053,4593.16488424053,0,0.08136702315189392
2025-05-29 14:30:00+00:00,4593.16488424053,4593.16488424053,0,0.08136702315189392
2025-05-29 15:30:00+00:00,4593.16488424053,4593.16488424053,0,0.08136702315189392
2025-05-29 16:30:00+00:00,4593.16488424053,4593.16488424053,0,0.08136702315189392
2025-05-29 17:30:00+00:00,4593.16488424053,4593.16488424053,0,0.08136702315189392
2025-05-29 18:30:00+00:00,4593.16488424053,4593.16488424053,0,0.08136702315189392
2025-05-29 19:30:00+00:00,4593.16488424053,4593.16488424053,0,0.08136702315189392
2025-05-30 13:30:00+00:00,4593.16488424053,4593.16488424053,0,0.08136702315189392
2025-05-30 14:30:00+00:00,4593.16488424053,4593.16488424053,0,0.08136702315189392
2025-05-30 15:30:00+00:00,4593.16488424053,4593.16488424053,0,0.08136702315189392
2025-05-30 16:30:00+00:00,4593.16488424053,4593.16488424053,0,0.08136702315189392
2025-05-30 17:30:00+00:00,4593.16488424053,4593.16488424053,0,0.08136702315189392
2025-05-30 18:30:00+00:00,4593.16488424053,4593.16488424053,0,0.08136702315189392
2025-05-30 19:30:00+00:00,4593.16488424053,4593.16488424053,0,0.08136702315189392
2025-06-02 13:30:00+00:00,4593.16488424053,4593.16488424053,0,0.08136702315189392
2025-06-02 14:30:00+00:00,4593.16488424053,4593.16488424053,0,0.08136702315189392
2025-06-02 15:30:00+00:00,4593.16488424053,4593.16488424053,0,0.08136702315189392
2025-06-02 16:30:00+00:00,4593.16488424053,4593.16488424053,0,0.08136702315189392
2025-06-02 17:30:00+00:00,4593.16488424053,4593.16488424053,0,0.08136702315189392
2025-06-02 18:30:00+00:00,4593.16488424053,4593.16488424053,0,0.08136702315189392
2025-06-02 19:30:00+00:00,4593.16488424053,4593.16488424053,0,0.08136702315189392
2025-06-03 13:30:00+00:00,4593.16488424053,4593.16488424053,0,0.08136702315189392
2025-06-03 14:30:00+00:00,4593.16488424053,4593.16488424053,0,0.08136702315189392
2025-06-03 15:30:00+00:00,4593.16488424053,4593.16488424053,0,0.08136702315189392
2025-06-03 16:30:00+00:00,4593.16488424053,4593.16488424053,0,0.08136702315189392
2025-06-03 17:30:00+00:00,4593.16488424053,4593.16488424053,0,0.08136702315189392
2025-06-03 18:30:00+00:00,4593.16488424053,4593.16488424053,0,0.08136702315189392
2025-06-03 19:30:00+00:00,4593.16488424053,4593.16488424053,0,0.08136702315189392
2025-06-04 13:30:00+00:00,4593.16488424053,4593.16488424053,0,0.08136702315189392
2025-06-04 14:30:00+00:00,4593.16488424053,4593.16488424053,0,0.08136702315189392
2025-06-04 15:30:00+00:00,4593.16488424053,4593.16488424053,0,0.08136702315189392
2025-06-04 16:30:00+00:00,4593.16488424053,4593.16488424053,0,0.08136702315189392
2025-06-04 17:30:00+00:00,4593.16488424053,4593.16488424053,0,0.08136702315189392
2025-06-04 18:30:00+00:00,4593.16488424053,4593.16488424053,0,0.08136702315189392
2025-06-04 19:30:00+00:00,4593.16488424053,4593.16488424053,0,0.08136702315189392
2025-06-05 13:30:00+00:00,4593.16488424053,4593.16488424053,0,0.08136702315189392
2025-06-05 14:30:00+00:00,4593.16488424053,4593.16488424053,0,0.08136702315189392
2025-06-05 15:30:00+00:00,4593.16488424053,4593.16488424053,0,0.08136702315189392
2025-06-05 16:30:00+00:00,4593.16488424053,4593.16488424053,0,0.08136702315189392
2025-06-05 17:30:00+00:00,4593.16488424053,4593.16488424053,0,0.08136702315189392
2025-06-05 18:30:00+00:00,4593.16488424053,4593.16488424053,0,0.08136702315189392
2025-06-05 19:30:00+00:00,4593.16488424053,4593.16488424053,0,0.08136702315189392
2025-06-06 13:30:00+00:00,4593.16488424053,4593.16488424053,0,0.08136702315189392
2025-06-06 14:30:00+00:00,4593.16488424053,4593.16488424053,0,0.08136702315189392
2025-06-06 15:30:00+00:00,4593.16488424053,4593.16488424053,0,0.08136702315189392
2025-06-06 16:30:00+00:00,4593.16488424053,4593.16488424053,0,0.08136702315189392
2025-06-06 17:30:00+00:00,4593.16488424053,4593.16488424053,0,0.08136702315189392
2025-06-06 18:30:00+00:00,4593.16488424053,4593.16488424053,0,0.08136702315189392
2025-06-06 19:30:00+00:00,4593.16488424053,4593.16488424053,0,0.08136702315189392
2025-06-09 13:30:00+00:00,4593.16488424053,4593.16488424053,0,0.08136702315189392
2025-06-09 14:30:00+00:00,4593.16488424053,4593.16488424053,0,0.08136702315189392
2025-06-09 15:30:00+00:00,4593.16488424053,4593.16488424053,0,0.08136702315189392
2025-06-09 16:30:00+00:00,4593.16488424053,4593.16488424053,0,0.08136702315189392
2025-06-09 17:30:00+00:00,4593.16488424053,4593.16488424053,0,0.08136702315189392
2025-06-09 18:30:00+00:00,4593.16488424053,4593.16488424053,0,0.08136702315189392
2025-06-09 19:30:00+00:00,4593.16488424053,4593.16488424053,0,0.08136702315189392
2025-06-10 13:30:00+00:00,4593.16488424053,4593.16488424053,0,0.08136702315189392
2025-06-10 14:30:00+00:00,4593.16488424053,4593.16488424053,0,0.08136702315189392
2025-06-10 15:30:00+00:00,4593.16488424053,4593.16488424053,0,0.08136702315189392
2025-06-10 16:30:00+00:00,4593.16488424053,4593.16488424053,0,0.08136702315189392
2025-06-10 17:30:00+00:00,4593.16488424053,4593.16488424053,0,0.08136702315189392
2025-06-10 18:30:00+00:00,4593.16488424053,4593.16488424053,0,0.08136702315189392
2025-06-10 19:30:00+00:00,4593.16488424053,4593.16488424053,0,0.08136702315189392
2025-06-11 13:30:00+00:00,4593.16488424053,4593.16488424053,0,0.08136702315189392
2025-06-11 14:30:00+00:00,4593.16488424053,4593.16488424053,0,0.08136702315189392
2025-06-11 15:30:00+00:00,4593.16488424053,4593.16488424053,0,0.08136702315189392
2025-06-11 16:30:00+00:00,4593.16488424053,4593.16488424053,0,0.08136702315189392
2025-06-11 17:30:00+00:00,4593.16488424053,4593.16488424053,0,0.08136702315189392
2025-06-11 18:30:00+00:00,4593.16488424053,4593.16488424053,0,0.08136702315189392
2025-06-11 19:30:00+00:00,4593.16488424053,4593.16488424053,0,0.08136702315189392
2025-06-12 13:30:00+00:00,4593.16488424053,4593.16488424053,0,0.08136702315189392
2025-06-12 14:30:00+00:00,4593.16488424053,4593.16488424053,0,0.08136702315189392
2025-06-12 15:30:00+00:00,4593.16488424053,4593.16488424053,0,0.08136702315189392
2025-06-12 16:30:00+00:00,4593.16488424053,4593.16488424053,0,0.08136702315189392
2025-06-12 17:30:00+00:00,4593.16488424053,4593.16488424053,0,0.08136702315189392
2025-06-12 18:30:00+00:00,4593.16488424053,4593.16488424053,0,0.08136702315189392
2025-06-12 19:30:00+00:00,4593.16488424053,4593.16488424053,0,0.08136702315189392
2025-06-13 13:30:00+00:00,4593.16488424053,4593.16488424053,0,0.08136702315189392
2025-06-13 14:30:00+00:00,4593.16488424053,4593.16488424053,0,0.08136702315189392
2025-06-13 15:30:00+00:00,4593.16488424053,4593.16488424053,0,0.08136702315189392
2025-06-13 16:30:00+00:00,4593.16488424053,4593.16488424053,0,0.08136702315189392
2025-06-13 17:30:00+00:00,4593.16488424053,4593.16488424053,0,0.08136702315189392
2025-06-13 18:30:00+00:00,4593.16488424053,4593.16488424053,0,0.08136702315189392
2025-06-13 19:30:00+00:00,4593.16488424053,4593.16488424053,0,0.08136702315189392
2025-06-16 13:30:00+00:00,4593.16488424053,4593.16488424053,0,0.08136702315189392
2025-06-16 14:30:00+00:00,4593.16488424053,4593.16488424053,0,0.08136702315189392
2025-06-16 15:30:00+00:00,4593.16488424053,4593.16488424053,0,0.08136702315189392
2025-06-16 16:30:00+00:00,4593.16488424053,4593.16488424053,0,0.08136702315189392
2025-06-16 17:30:00+00:00,4593.16488424053,4593.16488424053,0,0.08136702315189392
2025-06-16 18:30:00+00:00,4593.16488424053,4593.16488424053,0,0.08136702315189392
2025-06-16 19:30:00+00:00,4593.16488424053,4593.16488424053,0,0.08136702315189392
2025-06-17 13:30:00+00:00,4593.16488424053,4593.16488424053,0,0.08136702315189392
2025-06-17 14:30:00+00:00,4593.16488424053,4593.16488424053,0,0.08136702315189392
2025-06-17 15:30:00+00:00,4593.16488424053,4593.16488424053,0,0.08136702315189392
2025-06-17 16:30:00+00:00,4593.16488424053,4593.16488424053,0,0.08136702315189392
2025-06-17 17:30:00+00:00,4593.16488424053,4593.16488424053,0,0.08136702315189392
2025-06-17 18:30:00+00:00,4593.16488424053,4593.16488424053,0,0.08136702315189392
2025-06-17 19:30:00+00:00,4593.16488424053,4593.16488424053,0,0.08136702315189392
2025-06-18 13:30:00+00:00,4593.16488424053,4593.16488424053,0,0.08136702315189392
2025-06-18 14:30:00+00:00,4593.16488424053,4593.16488424053,0,0.08136702315189392
2025-06-18 15:30:00+00:00,4593.16488424053,4593.16488424053,0,0.08136702315189392
2025-06-18 16:30:00+00:00,4593.16488424053,4593.16488424053,0,0.08136702315189392
2025-06-18 17:30:00+00:00,4593.16488424053,4593.16488424053,0,0.08136702315189392
2025-06-18 18:30:00+00:00,4593.16488424053,4593.16488424053,0,0.08136702315189392
2025-06-18 19:30:00+00:00,4593.16488424053,4593.16488424053,0,0.08136702315189392
2025-06-20 13:30:00+00:00,4593.16488424053,4593.16488424053,0,0.08136702315189392
2025-06-20 14:30:00+00:00,4593.16488424053,4593.16488424053,0,0.08136702315189392
2025-06-20 15:30:00+00:00,4593.16488424053,4593.16488424053,0,0.08136702315189392
2025-06-20 16:30:00+00:00,4593.16488424053,4593.16488424053,0,0.08136702315189392
2025-06-20 17:30:00+00:00,4593.16488424053,4593.16488424053,0,0.08136702315189392
2025-06-20 18:30:00+00:00,4593.16488424053,4593.16488424053,0,0.08136702315189392
2025-06-20 19:30:00+00:00,4593.16488424053,4593.16488424053,0,0.08136702315189392
2025-06-23 13:30:00+00:00,4593.16488424053,4593.16488424053,0,0.08136702315189392
2025-06-23 14:30:00+00:00,4593.16488424053,4593.16488424053,0,0.08136702315189392
2025-06-23 15:30:00+00:00,4593.16488424053,4593.16488424053,0,0.08136702315189392
2025-06-23 16:30:00+00:00,4593.16488424053,4593.16488424053,0,0.08136702315189392
2025-06-23 17:30:00+00:00,4593.16488424053,4593.16488424053,0,0.08136702315189392
2025-06-23 18:30:00+00:00,4593.16488424053,4593.16488424053,0,0.08136702315189392
2025-06-23 19:30:00+00:00,4593.16488424053,4593.16488424053,0,0.08136702315189392
2025-06-24 13:30:00+00:00,4593.16488424053,4593.16488424053,0,0.08136702315189392
2025-06-24 14:30:00+00:00,4593.16488424053,4593.16488424053,0,0.08136702315189392
2025-06-24 15:30:00+00:00,4593.16488424053,4593.16488424053,0,0.08136702315189392
2025-06-24 16:30:00+00:00,4593.16488424053,4593.16488424053,0,0.08136702315189392
2025-06-24 17:30:00+00:00,4593.16488424053,4593.16488424053,0,0.08136702315189392
2025-06-24 18:30:00+00:00,4593.16488424053,4593.16488424053,0,0.08136702315189392
2025-06-24 19:30:00+00:00,4593.16488424053,4593.16488424053,0,0.08136702315189392
2025-06-25 13:30:00+00:00,4593.16488424053,4593.16488424053,0,0.08136702315189392
2025-06-25 14:30:00+00:00,4593.16488424053,4593.16488424053,0,0.08136702315189392
2025-06-25 15:30:00+00:00,4593.16488424053,4593.16488424053,0,0.08136702315189392
2025-06-25 16:30:00+00:00,4593.16488424053,4593.16488424053,0,0.08136702315189392
2025-06-25 17:30:00+00:00,4593.16488424053,4593.16488424053,0,0.08136702315189392
2025-06-25 18:30:00+00:00,4593.16488424053,4593.16488424053,0,0.08136702315189392
2025-06-25 19:30:00+00:00,4593.16488424053,4593.16488424053,0,0.08136702315189392
2025-06-26 13:30:00+00:00,4593.16488424053,4593.16488424053,0,0.08136702315189392
2025-06-26 14:30:00+00:00,4593.16488424053,4593.16488424053,0,0.08136702315189392
2025-06-26 15:30:00+00:00,4593.16488424053,4593.16488424053,0,0.08136702315189392
2025-06-26 16:30:00+00:00,4593.16488424053,4593.16488424053,0,0.08136702315189392
2025-06-26 17:30:00+00:00,4593.16488424053,4593.16488424053,0,0.08136702315189392
2025-06-26 18:30:00+00:00,4593.16488424053,4593.16488424053,0,0.08136702315189392
2025-06-26 19:30:00+00:00,4593.16488424053,4593.16488424053,0,0.08136702315189392
2025-06-27 13:30:00+00:00,4593.16488424053,4593.16488424053,0,0.08136702315189392
2025-06-27 14:30:00+00:00,4593.16488424053,4593.16488424053,0,0.08136702315189392
2025-06-27 15:30:00+00:00,4593.16488424053,4593.16488424053,0,0.08136702315189392
2025-06-27 16:30:00+00:00,4593.16488424053,4593.16488424053,0,0.08136702315189392
2025-06-27 17:30:00+00:00,4593.16488424053,4593.16488424053,0,0.08136702315189392
2025-06-27 18:30:00+00:00,4593.16488424053,4593.16488424053,0,0.08136702315189392
2025-06-27 19:30:00+00:00,4593.16488424053,4593.16488424053,0,0.08136702315189392
2025-06-30 13:30:00+00:00,4593.16488424053,4593.16488424053,0,0.08136702315189392
2025-06-30 14:30:00+00:00,4593.16488424053,4593.16488424053,0,0.08136702315189392
2025-06-30 15:30:00+00:00,4593.16488424053,4593.16488424053,0,0.08136702315189392
2025-06-30 16:30:00+00:00,4593.16488424053,4593.16488424053,0,0.08136702315189392
2025-06-30 17:30:00+00:00,4593.16488424053,4593.16488424053,0,0.08136702315189392
2025-06-30 18:30:00+00:00,4593.16488424053,4593.16488424053,0,0.08136702315189392
2025-06-30 19:30:00+00:00,4593.16488424053,4593.16488424053,0,0.08136702315189392
2025-07-01 13:30:00+00:00,4593.16488424053,4593.16488424053,0,0.08136702315189392
2025-07-01 14:30:00+00:00,4593.16488424053,4593.16488424053,0,0.08136702315189392
2025-07-01 15:30:00+00:00,4593.16488424053,4593.16488424053,0,0.08136702315189392
2025-07-01 16:30:00+00:00,4593.16488424053,4593.16488424053,0,0.08136702315189392
2025-07-01 17:30:00+00:00,4593.16488424053,4593.16488424053,0,0.08136702315189392
2025-07-01 18:30:00+00:00,4593.16488424053,4593.16488424053,0,0.08136702315189392
2025-07-01 19:30:00+00:00,4593.16488424053,4593.16488424053,0,0.08136702315189392
2025-07-02 13:30:00+00:00,4593.16488424053,4593.16488424053,0,0.08136702315189392
2025-07-02 14:30:00+00:00,4593.16488424053,4593.16488424053,0,0.08136702315189392
2025-07-02 15:30:00+00:00,4593.16488424053,4593.16488424053,0,0.08136702315189392
2025-07-02 16:30:00+00:00,4593.16488424053,4593.16488424053,0,0.08136702315189392
2025-07-02 17:30:00+00:00,4593.16488424053,4593.16488424053,0,0.08136702315189392
2025-07-02 18:30:00+00:00,4593.16488424053,4593.16488424053,0,0.08136702315189392
2025-07-02 19:30:00+00:00,4593.16488424053,4593.16488424053,0,0.08136702315189392
2025-07-03 13:30:00+00:00,4593.16488424053,4593.16488424053,0,0.08136702315189392
2025-07-03 14:30:00+00:00,4593.16488424053,4593.16488424053,0,0.08136702315189392
2025-07-03 15:30:00+00:00,4593.16488424053,4593.16488424053,0,0.08136702315189392
2025-07-07 13:30:00+00:00,4593.16488424053,4593.16488424053,0,0.08136702315189392
2025-07-07 14:30:00+00:00,4593.16488424053,4593.16488424053,0,0.08136702315189392
2025-07-07 15:30:00+00:00,4593.16488424053,4593.16488424053,0,0.08136702315189392
2025-07-07 16:30:00+00:00,4593.16488424053,4593.16488424053,0,0.08136702315189392
2025-07-07 17:30:00+00:00,4593.16488424053,4593.16488424053,0,0.08136702315189392
2025-07-07 18:30:00+00:00,4593.16488424053,4593.16488424053,0,0.08136702315189392
2025-07-07 19:30:00+00:00,4593.16488424053,4593.16488424053,0,0.08136702315189392
2025-07-08 13:30:00+00:00,4593.16488424053,4593.16488424053,0,0.08136702315189392
2025-07-08 14:30:00+00:00,4593.16488424053,4593.16488424053,0,0.08136702315189392
2025-07-08 15:30:00+00:00,4593.16488424053,4593.16488424053,0,0.08136702315189392
2025-07-08 16:30:00+00:00,4593.16488424053,4593.16488424053,0,0.08136702315189392
2025-07-08 17:30:00+00:00,4593.16488424053,4593.16488424053,0,0.08136702315189392
2025-07-08 18:30:00+00:00,4593.16488424053,4593.16488424053,0,0.08136702315189392
2025-07-08 19:30:00+00:00,4593.16488424053,4593.16488424053,0,0.08136702315189392
2025-07-09 13:30:00+00:00,4593.16488424053,4593.16488424053,0,0.08136702315189392
2025-07-09 14:30:00+00:00,4593.16488424053,4593.16488424053,0,0.08136702315189392
2025-07-09 15:30:00+00:00,4593.16488424053,4593.16488424053,0,0.08136702315189392
2025-07-09 16:30:00+00:00,4593.16488424053,4593.16488424053,0,0.08136702315189392
2025-07-09 17:30:00+00:00,4593.16488424053,4593.16488424053,0,0.08136702315189392
2025-07-09 18:30:00+00:00,4593.16488424053,4593.16488424053,0,0.08136702315189392
2025-07-09 19:30:00+00:00,4593.16488424053,4593.16488424053,0,0.08136702315189392
2025-07-10 13:30:00+00:00,4593.16488424053,4593.16488424053,0,0.08136702315189392
2025-07-10 14:30:00+00:00,4593.16488424053,4593.16488424053,0,0.08136702315189392
2025-07-10 15:30:00+00:00,4593.16488424053,4593.16488424053,0,0.08136702315189392
2025-07-10 16:30:00+00:00,4593.16488424053,4593.16488424053,0,0.08136702315189392
2025-07-10 17:30:00+00:00,4593.16488424053,4593.16488424053,0,0.08136702315189392
2025-07-10 18:30:00+00:00,4593.16488424053,4593.16488424053,0,0.08136702315189392
2025-07-10 19:30:00+00:00,4593.16488424053,4593.16488424053,0,0.08136702315189392
2025-07-11 13:30:00+00:00,4593.16488424053,4593.16488424053,0,0.08136702315189392
2025-07-11 14:30:00+00:00,4593.16488424053,4593.16488424053,0,0.08136702315189392
2025-07-11 15:30:00+00:00,4593.16488424053,4593.16488424053,0,0.08136702315189392
2025-07-11 16:30:00+00:00,4593.16488424053,4593.16488424053,0,0.08136702315189392
2025-07-11 17:30:00+00:00,4593.16488424053,4593.16488424053,0,0.08136702315189392
2025-07-11 18:30:00+00:00,4593.16488424053,4593.16488424053,0,0.08136702315189392
2025-07-11 19:30:00+00:00,4593.16488424053,4593.16488424053,0,0.08136702315189392
2025-07-14 13:30:00+00:00,4593.16488424053,4593.16488424053,0,0.08136702315189392
2025-07-14 14:30:00+00:00,4593.16488424053,4593.16488424053,0,0.08136702315189392
2025-07-14 15:30:00+00:00,4593.16488424053,4593.16488424053,0,0.08136702315189392
2025-07-14 16:30:00+00:00,4593.16488424053,4593.16488424053,0,0.08136702315189392
2025-07-14 17:30:00+00:00,4593.16488424053,4593.16488424053,0,0.08136702315189392
2025-07-14 18:30:00+00:00,4593.16488424053,4593.16488424053,0,0.08136702315189392
2025-07-14 19:30:00+00:00,4593.16488424053,4593.16488424053,0,0.08136702315189392
2025-07-15 13:30:00+00:00,4593.16488424053,4593.16488424053,0,0.08136702315189392
2025-07-15 14:30:00+00:00,4593.16488424053,4593.16488424053,0,0.08136702315189392
2025-07-15 15:30:00+00:00,4593.16488424053,4593.16488424053,0,0.08136702315189392
2025-07-15 16:30:00+00:00,4593.16488424053,4593.16488424053,0,0.08136702315189392
2025-07-15 17:30:00+00:00,4593.16488424053,4593.16488424053,0,0.08136702315189392
2025-07-15 18:30:00+00:00,4593.16488424053,4593.16488424053,0,0.08136702315189392
2025-07-15 19:30:00+00:00,4593.16488424053,4593.16488424053,0,0.08136702315189392
2025-07-16 13:30:00+00:00,4593.16488424053,4593.16488424053,0,0.08136702315189392
2025-07-16 14:30:00+00:00,4593.16488424053,4593.16488424053,0,0.08136702315189392
2025-07-16 15:30:00+00:00,4593.16488424053,4593.16488424053,0,0.08136702315189392
2025-07-16 16:30:00+00:00,4593.16488424053,4593.16488424053,0,0.08136702315189392
2025-07-16 17:30:00+00:00,4593.16488424053,4593.16488424053,0,0.08136702315189392
2025-07-16 18:30:00+00:00,4593.16488424053,4593.16488424053,0,0.08136702315189392
2025-07-16 19:30:00+00:00,4593.16488424053,4593.16488424053,0,0.08136702315189392
2025-07-17 13:30:00+00:00,4593.16488424053,4593.16488424053,0,0.08136702315189392
2025-07-17 14:30:00+00:00,4593.16488424053,4593.16488424053,0,0.08136702315189392
2025-07-17 15:30:00+00:00,4593.16488424053,4593.16488424053,0,0.08136702315189392
2025-07-17 16:30:00+00:00,4593.16488424053,4593.16488424053,0,0.08136702315189392
2025-07-17 17:30:00+00:00,4593.16488424053,4593.16488424053,0,0.08136702315189392
2025-07-17 18:30:00+00:00,4593.16488424053,4593.16488424053,0,0.08136702315189392
2025-07-17 19:30:00+00:00,4593.16488424053,4593.16488424053,0,0.08136702315189392
2025-07-18 13:30:00+00:00,4593.16488424053,4593.16488424053,0,0.08136702315189392
2025-07-18 14:30:00+00:00,4593.16488424053,4593.16488424053,0,0.08136702315189392
2025-07-18 15:30:00+00:00,4593.16488424053,4593.16488424053,0,0.08136702315189392
2025-07-18 16:30:00+00:00,4593.16488424053,4593.16488424053,0,0.08136702315189392
2025-07-18 17:30:00+00:00,4593.16488424053,4593.16488424053,0,0.08136702315189392
2025-07-18 18:30:00+00:00,4593.16488424053,4593.16488424053,0,0.08136702315189392
2025-07-18 19:30:00+00:00,4593.16488424053,4593.16488424053,0,0.08136702315189392
2025-07-21 13:30:00+00:00,4593.16488424053,4593.16488424053,0,0.08136702315189392
2025-07-21 14:30:00+00:00,4593.16488424053,4593.16488424053,0,0.08136702315189392
2025-07-21 15:30:00+00:00,4593.16488424053,4593.16488424053,0,0.08136702315189392
2025-07-21 16:30:00+00:00,4593.16488424053,4593.16488424053,0,0.08136702315189392
2025-07-21 17:30:00+00:00,4593.16488424053,4593.16488424053,0,0.08136702315189392
2025-07-21 18:30:00+00:00,4593.16488424053,4593.16488424053,0,0.08136702315189392
2025-07-21 19:30:00+00:00,4593.16488424053,4593.16488424053,0,0.08136702315189392
2025-07-22 13:30:00+00:00,4593.16488424053,4593.16488424053,0,0.08136702315189392
2025-07-22 14:30:00+00:00,4593.16488424053,4593.16488424053,0,0.08136702315189392
2025-07-22 15:30:00+00:00,4593.16488424053,4593.16488424053,0,0.08136702315189392
2025-07-22 16:30:00+00:00,4593.16488424053,4593.16488424053,0,0.08136702315189392
2025-07-22 17:30:00+00:00,4593.16488424053,4593.16488424053,0,0.08136702315189392
2025-07-22 18:30:00+00:00,4593.16488424053,4593.16488424053,0,0.08136702315189392
2025-07-22 19:30:00+00:00,4593.16488424053,4593.16488424053,0,0.08136702315189392
2025-07-23 13:30:00+00:00,4593.16488424053,4593.16488424053,0,0.08136702315189392
2025-07-23 14:30:00+00:00,4593.16488424053,4593.16488424053,0,0.08136702315189392
2025-07-23 15:30:00+00:00,4593.16488424053,4593.16488424053,0,0.08136702315189392
2025-07-23 16:30:00+00:00,4593.16488424053,4593.16488424053,0,0.08136702315189392
2025-07-23 17:30:00+00:00,4593.16488424053,4593.16488424053,0,0.08136702315189392
2025-07-23 18:30:00+00:00,4593.16488424053,4593.16488424053,0,0.08136702315189392
2025-07-23 19:30:00+00:00,4593.16488424053,4593.16488424053,0,0.08136702315189392
2025-07-24 13:30:00+00:00,4593.16488424053,4593.16488424053,0,0.08136702315189392
2025-07-24 14:30:00+00:00,4593.16488424053,4593.16488424053,0,0.08136702315189392
2025-07-24 15:30:00+00:00,4593.16488424053,4593.16488424053,0,0.08136702315189392
2025-07-24 16:30:00+00:00,4593.16488424053,4593.16488424053,0,0.08136702315189392
2025-07-24 17:30:00+00:00,4593.16488424053,4593.16488424053,0,0.08136702315189392
2025-07-24 18:30:00+00:00,4593.16488424053,4593.16488424053,0,0.08136702315189392
2025-07-24 19:30:00+00:00,4593.16488424053,4593.16488424053,0,0.08136702315189392
2025-07-25 13:30:00+00:00,4593.16488424053,4593.16488424053,0,0.08136702315189392
2025-07-25 14:30:00+00:00,4593.16488424053,4593.16488424053,0,0.08136702315189392
2025-07-25 15:30:00+00:00,4593.16488424053,4593.16488424053,0,0.08136702315189392
2025-07-25 16:30:00+00:00,4593.16488424053,4593.16488424053,0,0.08136702315189392
2025-07-25 17:30:00+00:00,4593.16488424053,4593.16488424053,0,0.08136702315189392
2025-07-25 18:30:00+00:00,4593.16488424053,4593.16488424053,0,0.08136702315189392
2025-07-25 19:30:00+00:00,4593.16488424053,4593.16488424053,0,0.08136702315189392
2025-07-28 13:30:00+00:00,4593.16488424053,4593.16488424053,0,0.08136702315189392
2025-07-28 14:30:00+00:00,4593.16488424053,4593.16488424053,0,0.08136702315189392
2025-07-28 15:30:00+00:00,4593.16488424053,4593.16488424053,0,0.08136702315189392
2025-07-28 16:30:00+00:00,4593.16488424053,4593.16488424053,0,0.08136702315189392
2025-07-28 17:30:00+00:00,4593.16488424053,4593.16488424053,0,0.08136702315189392
2025-07-28 18:30:00+00:00,4593.16488424053,4593.16488424053,0,0.08136702315189392
2025-07-28 19:30:00+00:00,4593.16488424053,4593.16488424053,0,0.08136702315189392
2025-07-29 13:30:00+00:00,4593.16488424053,4593.16488424053,0,0.08136702315189392
2025-07-29 14:30:00+00:00,4593.16488424053,4593.16488424053,0,0.08136702315189392
2025-07-29 15:30:00+00:00,4593.16488424053,4593.16488424053,0,0.08136702315189392
2025-07-29 16:30:00+00:00,4593.16488424053,4593.16488424053,0,0.08136702315189392
2025-07-29 17:30:00+00:00,4593.16488424053,4593.16488424053,0,0.08136702315189392
2025-07-29 18:30:00+00:00,4593.16488424053,4593.16488424053,0,0.08136702315189392
2025-07-29 19:30:00+00:00,4593.16488424053,4593.16488424053,0,0.08136702315189392
2025-07-30 13:30:00+00:00,4593.16488424053,4593.16488424053,0,0.08136702315189392
2025-07-30 14:30:00+00:00,4593.16488424053,4593.16488424053,0,0.08136702315189392
2025-07-30 15:30:00+00:00,4593.16488424053,4593.16488424053,0,0.08136702315189392
2025-07-30 16:30:00+00:00,4593.16488424053,4593.16488424053,0,0.08136702315189392
2025-07-30 17:30:00+00:00,4593.16488424053,4593.16488424053,0,0.08136702315189392
2025-07-30 18:30:00+00:00,4593.16488424053,4593.16488424053,0,0.08136702315189392
2025-07-30 19:30:00+00:00,4593.16488424053,4593.16488424053,0,0.08136702315189392
2025-07-31 13:30:00+00:00,4593.16488424053,4593.16488424053,0,0.08136702315189392
2025-07-31 14:30:00+00:00,4593.16488424053,4593.16488424053,0,0.08136702315189392
2025-07-31 15:30:00+00:00,4593.16488424053,4593.16488424053,0,0.08136702315189392
2025-07-31 16:30:00+00:00,4593.16488424053,4593.16488424053,0,0.08136702315189392
2025-07-31 17:30:00+00:00,4593.16488424053,4593.16488424053,0,0.08136702315189392
2025-07-31 18:30:00+00:00,4593.16488424053,4593.16488424053,0,0.08136702315189392
2025-07-31 19:30:00+00:00,4593.16488424053,4593.16488424053,0,0.08136702315189392
2025-08-01 13:30:00+00:00,4593.16488424053,4593.16488424053,0,0.08136702315189392
2025-08-01 14:30:00+00:00,4593.16488424053,4593.16488424053,0,0.08136702315189392
2025-08-01 15:30:00+00:00,4593.16488424053,4593.16488424053,0,0.08136702315189392
2025-08-01 16:30:00+00:00,4593.16488424053,4593.16488424053,0,0.08136702315189392
2025-08-01 17:30:00+00:00,4593.16488424053,4593.16488424053,0,0.08136702315189392
2025-08-01 18:30:00+00:00,4593.16488424053,4593.16488424053,0,0.08136702315189392
2025-08-01 19:30:00+00:00,4593.16488424053,4593.16488424053,0,0.08136702315189392
2025-08-04 13:30:00+00:00,4593.16488424053,4593.16488424053,0,0.08136702315189392
2025-08-04 14:30:00+00:00,4593.16488424053,4593.16488424053,0,0.08136702315189392
2025-08-04 15:30:00+00:00,4593.16488424053,4593.16488424053,0,0.08136702315189392
2025-08-04 16:30:00+00:00,4593.16488424053,4593.16488424053,0,0.08136702315189392
2025-08-04 17:30:00+00:00,4593.16488424053,4593.16488424053,0,0.08136702315189392
2025-08-04 18:30:00+00:00,4593.16488424053,4593.16488424053,0,0.08136702315189392
2025-08-04 19:30:00+00:00,4593.16488424053,4593.16488424053,0,0.08136702315189392
2025-08-05 13:30:00+00:00,4593.16488424053,4593.16488424053,0,0.08136702315189392
2025-08-05 14:30:00+00:00,4593.16488424053,4593.16488424053,0,0.08136702315189392
2025-08-05 15:30:00+00:00,4593.16488424053,4593.16488424053,0,0.08136702315189392
2025-08-05 16:30:00+00:00,4593.16488424053,4593.16488424053,0,0.08136702315189392
2025-08-05 17:30:00+00:00,4593.16488424053,4593.16488424053,0,0.08136702315189392
2025-08-05 18:30:00+00:00,4593.16488424053,4593.16488424053,0,0.08136702315189392
2025-08-05 19:30:00+00:00,4593.16488424053,4593.16488424053,0,0.08136702315189392
2025-08-06 13:30:00+00:00,4593.16488424053,4593.16488424053,0,0.08136702315189392
2025-08-06 14:30:00+00:00,4593.16488424053,4593.16488424053,0,0.08136702315189392
2025-08-06 15:30:00+00:00,4593.16488424053,4593.16488424053,0,0.08136702315189392
2025-08-06 16:30:00+00:00,4593.16488424053,4593.16488424053,0,0.08136702315189392
2025-08-06 17:30:00+00:00,4593.16488424053,4593.16488424053,0,0.08136702315189392
2025-08-06 18:30:00+00:00,4593.16488424053,4593.16488424053,0,0.08136702315189392
2025-08-06 19:30:00+00:00,4593.16488424053,4593.16488424053,0,0.08136702315189392
2025-08-07 13:30:00+00:00,4593.16488424053,4593.16488424053,0,0.08136702315189392
2025-08-07 14:30:00+00:00,4593.16488424053,4593.16488424053,0,0.08136702315189392
2025-08-07 15:30:00+00:00,4593.16488424053,4593.16488424053,0,0.08136702315189392
2025-08-07 16:30:00+00:00,4593.16488424053,4593.16488424053,0,0.08136702315189392
2025-08-07 17:30:00+00:00,4593.16488424053,4593.16488424053,0,0.08136702315189392
2025-08-07 18:30:00+00:00,4593.16488424053,4593.16488424053,0,0.08136702315189392
2025-08-07 19:30:00+00:00,4593.16488424053,4593.16488424053,0,0.08136702315189392
2025-08-08 13:30:00+00:00,4593.16488424053,4593.16488424053,0,0.08136702315189392
2025-08-08 14:30:00+00:00,4593.16488424053,4593.16488424053,0,0.08136702315189392
2025-08-08 15:30:00+00:00,4593.16488424053,4593.16488424053,0,0.08136702315189392
2025-08-08 16:30:00+00:00,4593.16488424053,4593.16488424053,0,0.08136702315189392
2025-08-08 17:30:00+00:00,4593.16488424053,4593.16488424053,0,0.08136702315189392
2025-08-08 18:30:00+00:00,4593.16488424053,4593.16488424053,0,0.08136702315189392
2025-08-08 19:30:00+00:00,4593.16488424053,4593.16488424053,0,0.08136702315189392
2025-08-11 13:30:00+00:00,4593.16488424053,4593.16488424053,0,0.08136702315189392
2025-08-11 14:30:00+00:00,4593.16488424053,4593.16488424053,0,0.08136702315189392
2025-08-11 15:30:00+00:00,4593.16488424053,4593.16488424053,0,0.08136702315189392
2025-08-11 16:30:00+00:00,4593.16488424053,4593.16488424053,0,0.08136702315189392
2025-08-11 17:30:00+00:00,4593.16488424053,4593.16488424053,0,0.08136702315189392
2025-08-11 18:30:00+00:00,4593.16488424053,4593.16488424053,0,0.08136702315189392
2025-08-11 19:30:00+00:00,4593.16488424053,4593.16488424053,0,0.08136702315189392
2025-08-12 13:30:00+00:00,4593.16488424053,4593.16488424053,0,0.08136702315189392
2025-08-12 14:30:00+00:00,4593.16488424053,4593.16488424053,0,0.08136702315189392
2025-08-12 15:30:00+00:00,4593.16488424053,4593.16488424053,0,0.08136702315189392
2025-08-12 16:30:00+00:00,4593.16488424053,4593.16488424053,0,0.08136702315189392
2025-08-12 17:30:00+00:00,4593.16488424053,4593.16488424053,0,0.08136702315189392
2025-08-12 18:30:00+00:00,4593.16488424053,4593.16488424053,0,0.08136702315189392
2025-08-12 19:30:00+00:00,4593.16488424053,4593.16488424053,0,0.08136702315189392
2025-08-13 13:30:00+00:00,4593.16488424053,4593.16488424053,0,0.08136702315189392
2025-08-13 14:30:00+00:00,4593.16488424053,4593.16488424053,0,0.08136702315189392
2025-08-13 15:30:00+00:00,4593.16488424053,4593.16488424053,0,0.08136702315189392
2025-08-13 16:30:00+00:00,4593.16488424053,4593.16488424053,0,0.08136702315189392
2025-08-13 17:30:00+00:00,4593.16488424053,4593.16488424053,0,0.08136702315189392
2025-08-13 18:30:00+00:00,4593.16488424053,4593.16488424053,0,0.08136702315189392
2025-08-13 19:30:00+00:00,4593.16488424053,4593.16488424053,0,0.08136702315189392
2025-08-14 13:30:00+00:00,4593.16488424053,4593.16488424053,0,0.08136702315189392
2025-08-14 14:30:00+00:00,4593.16488424053,4593.16488424053,0,0.08136702315189392
2025-08-14 15:30:00+00:00,4593.16488424053,4593.16488424053,0,0.08136702315189392
2025-08-14 16:30:00+00:00,4593.16488424053,4593.16488424053,0,0.08136702315189392
2025-08-14 17:30:00+00:00,4593.16488424053,4593.16488424053,0,0.08136702315189392
2025-08-14 18:30:00+00:00,4593.16488424053,4593.16488424053,0,0.08136702315189392
2025-08-14 19:30:00+00:00,4593.16488424053,4593.16488424053,0,0.08136702315189392
2025-08-15 13:30:00+00:00,4593.16488424053,4593.16488424053,0,0.08136702315189392
2025-08-15 14:30:00+00:00,4593.16488424053,4593.16488424053,0,0.08136702315189392
2025-08-15 15:30:00+00:00,4593.16488424053,4593.16488424053,0,0.08136702315189392
2025-08-15 16:30:00+00:00,4593.16488424053,4593.16488424053,0,0.08136702315189392
2025-08-15 17:30:00+00:00,4593.16488424053,4593.16488424053,0,0.08136702315189392
2025-08-15 18:30:00+00:00,4593.16488424053,4593.16488424053,0,0.08136702315189392
2025-08-15 19:30:00+00:00,4593.16488424053,4593.16488424053,0,0.08136702315189392
2025-08-18 13:30:00+00:00,4593.16488424053,4593.16488424053,0,0.08136702315189392
2025-08-18 14:30:00+00:00,4593.16488424053,4593.16488424053,0,0.08136702315189392
2025-08-18 15:30:00+00:00,4593.16488424053,4593.16488424053,0,0.08136702315189392
2025-08-18 16:30:00+00:00,4593.16488424053,4593.16488424053,0,0.08136702315189392
2025-08-18 17:30:00+00:00,4593.16488424053,4593.16488424053,0,0.08136702315189392
2025-08-18 18:30:00+00:00,4593.16488424053,4593.16488424053,0,0.08136702315189392
2025-08-18 19:30:00+00:00,4593.16488424053,4593.16488424053,0,0.08136702315189392
2025-08-19 13:30:00+00:00,4593.16488424053,4593.16488424053,0,0.08136702315189392
2025-08-19 14:30:00+00:00,4593.16488424053,4593.16488424053,0,0.08136702315189392
2025-08-19 15:30:00+00:00,4593.16488424053,4593.16488424053,0,0.08136702315189392
2025-08-19 16:30:00+00:00,4593.16488424053,4593.16488424053,0,0.08136702315189392
2025-08-19 17:30:00+00:00,4593.16488424053,4593.16488424053,0,0.08136702315189392
2025-08-19 18:30:00+00:00,4593.16488424053,4593.16488424053,0,0.08136702315189392
2025-08-19 19:30:00+00:00,4593.16488424053,4593.16488424053,0,0.08136702315189392
2025-08-20 13:30:00+00:00,4593.16488424053,4593.16488424053,0,0.08136702315189392
2025-08-20 14:30:00+00:00,4593.16488424053,4593.16488424053,0,0.08136702315189392
2025-08-20 15:30:00+00:00,4593.16488424053,4593.16488424053,0,0.08136702315189392
2025-08-20 16:30:00+00:00,4593.16488424053,4593.16488424053,0,0.08136702315189392
2025-08-20 17:30:00+00:00,4593.16488424053,4593.16488424053,0,0.08136702315189392
2025-08-20 18:30:00+00:00,4593.16488424053,4593.16488424053,0,0.08136702315189392
2025-08-20 19:30:00+00:00,4593.16488424053,4593.16488424053,0,0.08136702315189392
2025-08-21 13:30:00+00:00,4593.16488424053,4593.16488424053,0,0.08136702315189392
2025-08-21 14:30:00+00:00,4593.16488424053,4593.16488424053,0,0.08136702315189392
2025-08-21 15:30:00+00:00,4593.16488424053,4593.16488424053,0,0.08136702315189392
2025-08-21 16:30:00+00:00,4593.16488424053,4593.16488424053,0,0.08136702315189392
2025-08-21 17:30:00+00:00,4593.16488424053,4593.16488424053,0,0.08136702315189392
2025-08-21 18:30:00+00:00,4593.16488424053,4593.16488424053,0,0.08136702315189392
2025-08-21 19:30:00+00:00,4593.16488424053,4593.16488424053,0,0.08136702315189392
2025-08-22 13:30:00+00:00,4593.16488424053,4593.16488424053,0,0.08136702315189392
2025-08-22 14:30:00+00:00,4593.16488424053,4593.16488424053,0,0.08136702315189392
2025-08-22 15:30:00+00:00,4593.16488424053,4593.16488424053,0,0.08136702315189392
2025-08-22 16:30:00+00:00,4593.16488424053,4593.16488424053,0,0.08136702315189392
2025-08-22 17:30:00+00:00,4593.16488424053,4593.16488424053,0,0.08136702315189392
2025-08-22 18:30:00+00:00,4593.16488424053,4593.16488424053,0,0.08136702315189392
2025-08-22 19:30:00+00:00,4593.16488424053,4593.16488424053,0,0.08136702315189392
2025-08-25 13:30:00+00:00,4593.16488424053,4593.16488424053,0,0.08136702315189392
2025-08-25 14:30:00+00:00,4593.16488424053,4593.16488424053,0,0.08136702315189392
2025-08-25 15:30:00+00:00,4593.16488424053,4593.16488424053,0,0.08136702315189392
2025-08-25 16:30:00+00:00,4593.16488424053,4593.16488424053,0,0.08136702315189392
2025-08-25 17:30:00+00:00,4593.16488424053,4593.16488424053,0,0.08136702315189392
2025-08-25 18:30:00+00:00,4593.16488424053,4593.16488424053,0,0.08136702315189392
2025-08-25 19:30:00+00:00,4593.16488424053,4593.16488424053,0,0.08136702315189392
2025-08-26 13:30:00+00:00,4593.16488424053,4593.16488424053,0,0.08136702315189392
2025-08-26 14:30:00+00:00,4593.16488424053,4593.16488424053,0,0.08136702315189392
2025-08-26 15:30:00+00:00,4593.16488424053,4593.16488424053,0,0.08136702315189392
2025-08-26 16:30:00+00:00,4593.16488424053,4593.16488424053,0,0.08136702315189392
2025-08-26 17:30:00+00:00,4593.16488424053,4593.16488424053,0,0.08136702315189392
2025-08-26 18:30:00+00:00,4593.16488424053,4593.16488424053,0,0.08136702315189392
2025-08-26 19:30:00+00:00,4593.16488424053,4593.16488424053,0,0.08136702315189392
2025-08-27 13:30:00+00:00,4593.16488424053,4593.16488424053,0,0.08136702315189392
2025-08-27 14:30:00+00:00,4593.16488424053,4593.16488424053,0,0.08136702315189392
2025-08-27 15:30:00+00:00,4593.16488424053,4593.16488424053,0,0.08136702315189392
2025-08-27 16:30:00+00:00,4593.16488424053,4593.16488424053,0,0.08136702315189392
2025-08-27 17:30:00+00:00,4593.16488424053,4593.16488424053,0,0.08136702315189392
2025-08-27 18:30:00+00:00,4593.16488424053,4593.16488424053,0,0.08136702315189392
2025-08-27 19:30:00+00:00,4593.16488424053,4593.16488424053,0,0.08136702315189392
2025-08-28 13:30:00+00:00,4593.16488424053,4593.16488424053,0,0.08136702315189392
2025-08-28 14:30:00+00:00,4593.16488424053,4593.16488424053,0,0.08136702315189392
2025-08-28 15:30:00+00:00,4593.16488424053,4593.16488424053,0,0.08136702315189392
2025-08-28 16:30:00+00:00,4593.16488424053,4593.16488424053,0,0.08136702315189392
2025-08-28 17:30:00+00:00,4593.16488424053,4593.16488424053,0,0.08136702315189392
2025-08-28 18:30:00+00:00,4593.16488424053,4593.16488424053,0,0.08136702315189392
2025-08-28 19:30:00+00:00,4593.16488424053,4593.16488424053,0,0.08136702315189392
2025-08-29 13:30:00+00:00,4593.16488424053,4593.16488424053,0,0.08136702315189392
2025-08-29 14:30:00+00:00,4593.16488424053,4593.16488424053,0,0.08136702315189392
2025-08-29 15:30:00+00:00,4593.16488424053,4593.16488424053,0,0.08136702315189392
2025-08-29 16:30:00+00:00,4593.16488424053,4593.16488424053,0,0.08136702315189392
2025-08-29 17:30:00+00:00,4593.16488424053,4593.16488424053,0,0.08136702315189392
2025-08-29 18:30:00+00:00,4593.16488424053,4593.16488424053,0,0.08136702315189392
2025-08-29 19:30:00+00:00,4593.16488424053,4593.16488424053,0,0.08136702315189392
2025-09-02 13:30:00+00:00,4593.16488424053,4593.16488424053,0,0.08136702315189392
2025-09-02 14:30:00+00:00,4593.16488424053,4593.16488424053,0,0.08136702315189392
2025-09-02 15:30:00+00:00,4593.16488424053,4593.16488424053,0,0.08136702315189392
2025-09-02 16:30:00+00:00,4593.16488424053,4593.16488424053,0,0.08136702315189392
2025-09-02 17:30:00+00:00,4593.16488424053,4593.16488424053,0,0.08136702315189392
2025-09-02 18:30:00+00:00,4593.16488424053,4593.16488424053,0,0.08136702315189392
2025-09-02 19:30:00+00:00,4593.16488424053,4593.16488424053,0,0.08136702315189392
2025-09-03 13:30:00+00:00,4593.16488424053,4593.16488424053,0,0.08136702315189392
2025-09-03 14:30:00+00:00,4593.16488424053,4593.16488424053,0,0.08136702315189392
2025-09-03 15:30:00+00:00,4593.16488424053,4593.16488424053,0,0.08136702315189392
2025-09-03 16:30:00+00:00,4593.16488424053,4593.16488424053,0,0.08136702315189392
2025-09-03 17:30:00+00:00,4593.16488424053,4593.16488424053,0,0.08136702315189392
2025-09-03 18:30:00+00:00,4593.16488424053,4593.16488424053,0,0.08136702315189392
2025-09-03 19:30:00+00:00,4593.16488424053,4593.16488424053,0,0.08136702315189392
2025-09-04 13:30:00+00:00,4593.16488424053,4593.16488424053,0,0.08136702315189392
2025-09-04 14:30:00+00:00,4593.16488424053,4593.16488424053,0,0.08136702315189392
2025-09-04 15:30:00+00:00,4593.16488424053,4593.16488424053,0,0.08136702315189392
2025-09-04 16:30:00+00:00,4593.16488424053,4593.16488424053,0,0.08136702315189392
2025-09-04 17:30:00+00:00,4593.16488424053,4593.16488424053,0,0.08136702315189392
2025-09-04 18:30:00+00:00,4593.16488424053,4593.16488424053,0,0.08136702315189392
2025-09-04 19:30:00+00:00,4593.16488424053,4593.16488424053,0,0.08136702315189392
2025-09-05 13:30:00+00:00,4593.16488424053,4593.16488424053,0,0.08136702315189392
2025-09-05 14:30:00+00:00,4593.16488424053,4593.16488424053,0,0.08136702315189392
2025-09-05 15:30:00+00:00,4593.16488424053,4593.16488424053,0,0.08136702315189392
2025-09-05 16:30:00+00:00,4593.16488424053,4593.16488424053,0,0.08136702315189392
2025-09-05 17:30:00+00:00,4593.16488424053,4593.16488424053,0,0.08136702315189392
2025-09-05 18:30:00+00:00,4593.16488424053,4593.16488424053,0,0.08136702315189392
2025-09-05 19:30:00+00:00,4593.16488424053,4593.16488424053,0,0.08136702315189392
2025-09-08 13:30:00+00:00,4593.16488424053,4593.16488424053,0,0.08136702315189392
2025-09-08 14:30:00+00:00,4593.16488424053,4593.16488424053,0,0.08136702315189392
2025-09-08 15:30:00+00:00,4593.16488424053,4593.16488424053,0,0.08136702315189392
2025-09-08 16:30:00+00:00,4593.16488424053,4593.16488424053,0,0.08136702315189392
2025-09-08 17:30:00+00:00,4593.16488424053,4593.16488424053,0,0.08136702315189392
2025-09-08 18:30:00+00:00,4593.16488424053,4593.16488424053,0,0.08136702315189392
2025-09-08 19:30:00+00:00,4593.16488424053,4593.16488424053,0,0.08136702315189392
2025-09-09 13:30:00+00:00,4593.16488424053,4593.16488424053,0,0.08136702315189392
2025-09-09 14:30:00+00:00,4593.16488424053,4593.16488424053,0,0.08136702315189392
2025-09-09 15:30:00+00:00,4593.16488424053,4593.16488424053,0,0.08136702315189392
2025-09-09 16:30:00+00:00,4593.16488424053,4593.16488424053,0,0.08136702315189392
2025-09-09 17:30:00+00:00,4593.16488424053,4593.16488424053,0,0.08136702315189392
2025-09-09 18:30:00+00:00,4593.16488424053,4593.16488424053,0,0.08136702315189392
2025-09-09 19:30:00+00:00,4593.16488424053,4593.16488424053,0,0.08136702315189392
2025-09-10 13:30:00+00:00,4593.16488424053,4593.16488424053,0,0.08136702315189392
2025-09-10 14:30:00+00:00,4593.16488424053,4593.16488424053,0,0.08136702315189392
2025-09-10 15:30:00+00:00,4593.16488424053,4593.16488424053,0,0.08136702315189392
2025-09-10 16:30:00+00:00,4593.16488424053,4593.16488424053,0,0.08136702315189392
2025-09-10 17:30:00+00:00,4593.16488424053,4593.16488424053,0,0.08136702315189392
2025-09-10 18:30:00+00:00,4593.16488424053,4593.16488424053,0,0.08136702315189392
2025-09-10 19:30:00+00:00,4593.16488424053,4593.16488424053,0,0.08136702315189392
2025-09-11 13:30:00+00:00,4593.16488424053,4593.16488424053,0,0.08136702315189392
2025-09-11 14:30:00+00:00,4593.16488424053,4593.16488424053,0,0.08136702315189392
2025-09-11 15:30:00+00:00,4593.16488424053,4593.16488424053,0,0.08136702315189392
2025-09-11 16:30:00+00:00,4593.16488424053,4593.16488424053,0,0.08136702315189392
2025-09-11 17:30:00+00:00,4593.16488424053,4593.16488424053,0,0.08136702315189392
2025-09-11 18:30:00+00:00,4593.16488424053,4593.16488424053,0,0.08136702315189392
2025-09-11 19:30:00+00:00,4593.16488424053,4593.16488424053,0,0.08136702315189392
2025-09-12 13:30:00+00:00,4593.16488424053,4593.16488424053,0,0.08136702315189392
2025-09-12 14:30:00+00:00,4593.16488424053,4593.16488424053,0,0.08136702315189392
2025-09-12 15:30:00+00:00,4593.16488424053,4593.16488424053,0,0.08136702315189392
2025-09-12 16:30:00+00:00,4593.16488424053,4593.16488424053,0,0.08136702315189392
2025-09-12 17:30:00+00:00,4593.16488424053,4593.16488424053,0,0.08136702315189392
2025-09-12 18:30:00+00:00,4593.16488424053,4593.16488424053,0,0.08136702315189392
2025-09-12 19:30:00+00:00,4593.16488424053,4593.16488424053,0,0.08136702315189392
2025-09-15 13:30:00+00:00,4593.16488424053,4593.16488424053,0,0.08136702315189392
2025-09-15 14:30:00+00:00,4593.16488424053,4593.16488424053,0,0.08136702315189392
2025-09-15 15:30:00+00:00,4593.16488424053,4593.16488424053,0,0.08136702315189392
2025-09-15 16:30:00+00:00,4593.16488424053,4593.16488424053,0,0.08136702315189392
2025-09-15 17:30:00+00:00,4593.16488424053,4593.16488424053,0,0.08136702315189392
2025-09-15 18:30:00+00:00,4593.16488424053,4593.16488424053,0,0.08136702315189392
2025-09-15 19:30:00+00:00,4593.16488424053,4593.16488424053,0,0.08136702315189392
2025-09-16 13:30:00+00:00,4593.16488424053,4593.16488424053,0,0.08136702315189392
2025-09-16 14:30:00+00:00,4593.16488424053,4593.16488424053,0,0.08136702315189392
2025-09-16 15:30:00+00:00,4593.16488424053,4593.16488424053,0,0.08136702315189392
2025-09-16 16:30:00+00:00,4593.16488424053,4593.16488424053,0,0.08136702315189392
2025-09-16 17:30:00+00:00,4593.16488424053,4593.16488424053,0,0.08136702315189392
2025-09-16 18:30:00+00:00,4593.16488424053,4593.16488424053,0,0.08136702315189392
2025-09-16 19:30:00+00:00,4593.16488424053,4593.16488424053,0,0.08136702315189392
2025-09-17 13:30:00+00:00,4593.16488424053,4593.16488424053,0,0.08136702315189392
2025-09-17 14:30:00+00:00,4593.16488424053,4593.16488424053,0,0.08136702315189392
2025-09-17 15:30:00+00:00,4593.16488424053,4593.16488424053,0,0.08136702315189392
2025-09-17 16:30:00+00:00,4593.16488424053,4593.16488424053,0,0.08136702315189392
2025-09-17 17:30:00+00:00,4593.16488424053,4593.16488424053,0,0.08136702315189392
2025-09-17 18:30:00+00:00,4593.16488424053,4593.16488424053,0,0.08136702315189392
2025-09-17 19:30:00+00:00,4593.16488424053,4593.16488424053,0,0.08136702315189392
2025-09-18 13:30:00+00:00,4593.16488424053,4593.16488424053,0,0.08136702315189392
2025-09-18 14:30:00+00:00,4593.16488424053,4593.16488424053,0,0.08136702315189392
2025-09-18 15:30:00+00:00,4593.16488424053,4593.16488424053,0,0.08136702315189392
2025-09-18 16:30:00+00:00,4593.16488424053,4593.16488424053,0,0.08136702315189392
2025-09-18 17:30:00+00:00,4593.16488424053,4593.16488424053,0,0.08136702315189392
2025-09-18 18:30:00+00:00,4593.16488424053,4593.16488424053,0,0.08136702315189392
2025-09-18 19:30:00+00:00,4593.16488424053,4593.16488424053,0,0.08136702315189392
2025-09-19 13:30:00+00:00,4593.16488424053,4593.16488424053,0,0.08136702315189392
2025-09-19 14:30:00+00:00,4593.16488424053,4593.16488424053,0,0.08136702315189392
2025-09-19 15:30:00+00:00,4593.16488424053,4593.16488424053,0,0.08136702315189392
2025-09-19 16:30:00+00:00,4593.16488424053,4593.16488424053,0,0.08136702315189392
2025-09-19 17:30:00+00:00,4593.16488424053,4593.16488424053,0,0.08136702315189392
2025-09-19 18:30:00+00:00,4593.16488424053,4593.16488424053,0,0.08136702315189392
2025-09-19 19:30:00+00:00,4593.16488424053,4593.16488424053,0,0.08136702315189392
2025-09-22 13:30:00+00:00,4593.16488424053,4593.16488424053,0,0.08136702315189392
2025-09-22 14:30:00+00:00,4593.16488424053,4593.16488424053,0,0.08136702315189392
2025-09-22 15:30:00+00:00,4593.16488424053,4593.16488424053,0,0.08136702315189392
2025-09-22 16:30:00+00:00,4593.16488424053,4593.16488424053,0,0.08136702315189392
2025-09-22 17:30:00+00:00,4593.16488424053,4593.16488424053,0,0.08136702315189392
2025-09-22 18:30:00+00:00,4593.16488424053,4593.16488424053,0,0.08136702315189392
2025-09-22 19:30:00+00:00,4593.16488424053,4593.16488424053,0,0.08136702315189392
2025-09-23 13:30:00+00:00,4593.16488424053,4593.16488424053,0,0.08136702315189392
2025-09-23 14:30:00+00:00,4593.16488424053,4593.16488424053,0,0.08136702315189392
2025-09-23 15:30:00+00:00,4593.16488424053,4593.16488424053,0,0.08136702315189392
2025-09-23 16:30:00+00:00,4593.16488424053,4593.16488424053,0,0.08136702315189392
2025-09-23 17:30:00+00:00,4593.16488424053,4593.16488424053,0,0.08136702315189392
2025-09-23 18:30:00+00:00,4593.16488424053,4593.16488424053,0,0.08136702315189392
2025-09-23 19:30:00+00:00,4593.16488424053,4593.16488424053,0,0.08136702315189392
2025-09-24 13:30:00+00:00,4593.16488424053,4593.16488424053,0,0.08136702315189392
2025-09-24 14:30:00+00:00,4593.16488424053,4593.16488424053,0,0.08136702315189392
2025-09-24 15:30:00+00:00,4593.16488424053,4593.16488424053,0,0.08136702315189392
2025-09-24 16:30:00+00:00,4593.16488424053,4593.16488424053,0,0.08136702315189392
2025-09-24 17:30:00+00:00,4593.16488424053,4593.16488424053,0,0.08136702315189392
2025-09-24 18:30:00+00:00,4593.16488424053,4593.16488424053,0,0.08136702315189392
2025-09-24 19:30:00+00:00,4593.16488424053,4593.16488424053,0,0.08136702315189392
2025-09-25 13:30:00+00:00,4593.16488424053,4593.16488424053,0,0.08136702315189392
2025-09-25 14:30:00+00:00,4593.16488424053,4593.16488424053,0,0.08136702315189392
2025-09-25 15:30:00+00:00,4593.16488424053,4593.16488424053,0,0.08136702315189392
2025-09-25 16:30:00+00:00,4593.16488424053,4593.16488424053,0,0.08136702315189392
2025-09-25 17:30:00+00:00,4593.16488424053,4593.16488424053,0,0.08136702315189392
2025-09-25 18:30:00+00:00,4593.16488424053,4593.16488424053,0,0.08136702315189392
2025-09-25 19:30:00+00:00,4593.16488424053,4593.16488424053,0,0.08136702315189392
2025-09-26 13:30:00+00:00,4593.16488424053,4593.16488424053,0,0.08136702315189392
2025-09-26 14:30:00+00:00,4593.16488424053,4593.16488424053,0,0.08136702315189392
2025-09-26 15:30:00+00:00,4593.16488424053,4593.16488424053,0,0.08136702315189392
2025-09-26 16:30:00+00:00,4593.16488424053,4593.16488424053,0,0.08136702315189392
2025-09-26 17:30:00+00:00,4593.16488424053,4593.16488424053,0,0.08136702315189392
2025-09-26 18:30:00+00:00,4593.16488424053,4593.16488424053,0,0.08136702315189392
2025-09-26 19:30:00+00:00,4593.16488424053,4593.16488424053,0,0.08136702315189392
2025-09-29 13:30:00+00:00,4593.16488424053,4593.16488424053,0,0.08136702315189392
2025-09-29 14:30:00+00:00,4593.16488424053,4593.16488424053,0,0.08136702315189392
2025-09-29 15:30:00+00:00,4593.16488424053,4593.16488424053,0,0.08136702315189392
2025-09-29 16:30:00+00:00,4593.16488424053,4593.16488424053,0,0.08136702315189392
2025-09-29 17:30:00+00:00,4593.16488424053,4593.16488424053,0,0.08136702315189392
2025-09-29 18:30:00+00:00,4593.16488424053,4593.16488424053,0,0.08136702315189392
2025-09-29 19:30:00+00:00,4593.16488424053,4593.16488424053,0,0.08136702315189392
2025-09-30 13:30:00+00:00,4593.16488424053,4593.16488424053,0,0.08136702315189392
2025-09-30 14:30:00+00:00,4593.16488424053,4593.16488424053,0,0.08136702315189392
2025-09-30 15:30:00+00:00,4593.16488424053,4593.16488424053,0,0.08136702315189392
2025-09-30 16:30:00+00:00,4593.16488424053,4593.16488424053,0,0.08136702315189392
2025-09-30 17:30:00+00:00,4593.16488424053,4593.16488424053,0,0.08136702315189392
2025-09-30 18:30:00+00:00,4593.16488424053,4593.16488424053,0,0.08136702315189392
2025-09-30 19:30:00+00:00,4593.16488424053,4593.16488424053,0,0.08136702315189392
2025-10-01 13:30:00+00:00,4593.16488424053,4593.16488424053,0,0.08136702315189392
2025-10-01 14:30:00+00:00,4593.16488424053,4593.16488424053,0,0.08136702315189392
2025-10-01 15:30:00+00:00,4593.16488424053,4593.16488424053,0,0.08136702315189392
2025-10-01 16:30:00+00:00,4593.16488424053,4593.16488424053,0,0.08136702315189392
2025-10-01 17:30:00+00:00,4593.16488424053,4593.16488424053,0,0.08136702315189392
2025-10-01 18:30:00+00:00,4593.16488424053,4593.16488424053,0,0.08136702315189392
2025-10-01 19:30:00+00:00,4593.16488424053,4593.16488424053,0,0.08136702315189392
2025-10-02 13:30:00+00:00,4593.16488424053,4593.16488424053,0,0.08136702315189392
2025-10-02 14:30:00+00:00,4593.16488424053,4593.16488424053,0,0.08136702315189392
2025-10-02 15:30:00+00:00,4593.16488424053,4593.16488424053,0,0.08136702315189392
2025-10-02 16:30:00+00:00,4593.16488424053,4593.16488424053,0,0.08136702315189392
2025-10-02 17:30:00+00:00,4593.16488424053,4593.16488424053,0,0.08136702315189392
2025-10-02 18:30:00+00:00,4593.16488424053,4593.16488424053,0,0.08136702315189392
2025-10-02 19:30:00+00:00,4593.16488424053,4593.16488424053,0,0.08136702315189392
2025-10-03 13:30:00+00:00,4593.16488424053,4593.16488424053,0,0.08136702315189392
2025-10-03 14:30:00+00:00,4593.16488424053,4593.16488424053,0,0.08136702315189392
2025-10-03 15:30:00+00:00,4593.16488424053,4593.16488424053,0,0.08136702315189392
2025-10-03 16:30:00+00:00,4593.16488424053,4593.16488424053,0,0.08136702315189392
2025-10-03 17:30:00+00:00,4593.16488424053,4593.16488424053,0,0.08136702315189392
2025-10-03 18:30:00+00:00,4593.16488424053,4593.16488424053,0,0.08136702315189392
2025-10-03 19:30:00+00:00,4593.16488424053,4593.16488424053,0,0.08136702315189392
2025-10-06 13:30:00+00:00,4593.16488424053,4593.16488424053,0,0.08136702315189392
2025-10-06 14:30:00+00:00,4593.16488424053,4593.16488424053,0,0.08136702315189392
2025-10-06 15:30:00+00:00,4593.16488424053,4593.16488424053,0,0.08136702315189392
2025-10-06 16:30:00+00:00,4593.16488424053,4593.16488424053,0,0.08136702315189392
2025-10-06 17:30:00+00:00,4593.16488424053,4593.16488424053,0,0.08136702315189392
2025-10-06 18:30:00+00:00,4593.16488424053,4593.16488424053,0,0.08136702315189392
2025-10-06 19:30:00+00:00,4593.16488424053,4593.16488424053,0,0.08136702315189392
2025-10-07 13:30:00+00:00,4593.16488424053,4593.16488424053,0,0.08136702315189392
2025-10-07 14:30:00+00:00,4593.16488424053,4593.16488424053,0,0.08136702315189392
2025-10-07 15:30:00+00:00,4593.16488424053,4593.16488424053,0,0.08136702315189392
2025-10-07 16:30:00+00:00,4593.16488424053,4593.16488424053,0,0.08136702315189392
2025-10-07 17:30:00+00:00,4593.16488424053,4593.16488424053,0,0.08136702315189392
2025-10-07 18:30:00+00:00,4593.16488424053,4593.16488424053,0,0.08136702315189392
2025-10-07 19:30:00+00:00,4593.16488424053,4593.16488424053,0,0.08136702315189392
2025-10-08 13:30:00+00:00,4593.16488424053,4593.16488424053,0,0.08136702315189392
2025-10-08 14:30:00+00:00,4593.16488424053,4593.16488424053,0,0.08136702315189392
2025-10-08 15:30:00+00:00,4593.16488424053,4593.16488424053,0,0.08136702315189392
2025-10-08 16:30:00+00:00,4593.16488424053,4593.16488424053,0,0.08136702315189392
2025-10-08 17:30:00+00:00,4593.16488424053,4593.16488424053,0,0.08136702315189392
2025-10-08 18:30:00+00:00,4593.16488424053,4593.16488424053,0,0.08136702315189392
2025-10-08 19:30:00+00:00,4593.16488424053,4593.16488424053,0,0.08136702315189392
2025-10-09 13:30:00+00:00,4593.16488424053,4593.16488424053,0,0.08136702315189392
2025-10-09 14:30:00+00:00,4593.16488424053,4593.16488424053,0,0.08136702315189392
2025-10-09 15:30:00+00:00,4593.16488424053,4593.16488424053,0,0.08136702315189392
2025-10-09 16:30:00+00:00,4593.16488424053,4593.16488424053,0,0.08136702315189392
2025-10-09 17:30:00+00:00,4593.16488424053,4593.16488424053,0,0.08136702315189392
2025-10-09 18:30:00+00:00,4593.16488424053,4593.16488424053,0,0.08136702315189392
2025-10-09 19:30:00+00:00,4593.16488424053,4593.16488424053,0,0.08136702315189392
2025-10-10 13:30:00+00:00,4593.16488424053,4593.16488424053,0,0.08136702315189392
2025-10-10 14:30:00+00:00,4593.16488424053,4593.16488424053,0,0.08136702315189392
2025-10-10 15:30:00+00:00,4593.16488424053,4593.16488424053,0,0.08136702315189392
2025-10-10 16:30:00+00:00,4593.16488424053,4593.16488424053,0,0.08136702315189392
2025-10-10 17:30:00+00:00,4593.16488424053,4593.16488424053,0,0.08136702315189392
2025-10-10 18:30:00+00:00,4593.16488424053,4593.16488424053,0,0.08136702315189392
2025-10-10 19:30:00+00:00,4593.16488424053,4593.16488424053,0,0.08136702315189392
2025-10-13 13:30:00+00:00,4593.16488424053,4593.16488424053,0,0.08136702315189392
2025-10-13 14:30:00+00:00,4593.16488424053,4593.16488424053,0,0.08136702315189392
2025-10-13 15:30:00+00:00,4593.16488424053,4593.16488424053,0,0.08136702315189392
2025-10-13 16:30:00+00:00,4593.16488424053,4593.16488424053,0,0.08136702315189392
2025-10-13 17:30:00+00:00,4593.16488424053,4593.16488424053,0,0.08136702315189392
2025-10-13 18:30:00+00:00,4593.16488424053,4593.16488424053,0,0.08136702315189392
2025-10-13 19:30:00+00:00,4593.16488424053,4593.16488424053,0,0.08136702315189392
2025-10-14 13:30:00+00:00,4593.16488424053,4593.16488424053,0,0.08136702315189392
2025-10-14 14:30:00+00:00,4593.16488424053,4593.16488424053,0,0.08136702315189392
2025-10-14 15:30:00+00:00,4593.16488424053,4593.16488424053,0,0.08136702315189392
2025-10-14 16:30:00+00:00,4593.16488424053,4593.16488424053,0,0.08136702315189392
2025-10-14 17:30:00+00:00,4593.16488424053,4593.16488424053,0,0.08136702315189392
2025-10-14 18:30:00+00:00,4593.16488424053,4593.16488424053,0,0.08136702315189392
2025-10-14 19:30:00+00:00,4593.16488424053,4593.16488424053,0,0.08136702315189392
2025-10-15 13:30:00+00:00,4593.16488424053,4593.16488424053,0,0.08136702315189392
2025-10-15 14:30:00+00:00,4593.16488424053,4593.16488424053,0,0.08136702315189392
2025-10-15 15:30:00+00:00,4593.16488424053,4593.16488424053,0,0.08136702315189392
2025-10-15 16:30:00+00:00,4593.16488424053,4593.16488424053,0,0.08136702315189392
2025-10-15 17:30:00+00:00,4593.16488424053,4593.16488424053,0,0.08136702315189392
2025-10-15 18:30:00+00:00,4593.16488424053,4593.16488424053,0,0.08136702315189392
2025-10-15 19:30:00+00:00,4593.16488424053,4593.16488424053,0,0.08136702315189392
2025-10-16 13:30:00+00:00,4593.16488424053,4593.16488424053,0,0.08136702315189392
2025-10-16 14:30:00+00:00,4593.16488424053,4593.16488424053,0,0.08136702315189392
2025-10-16 15:30:00+00:00,4593.16488424053,4593.16488424053,0,0.08136702315189392
2025-10-16 16:30:00+00:00,4593.16488424053,4593.16488424053,0,0.08136702315189392
2025-10-16 17:30:00+00:00,4593.16488424053,4593.16488424053,0,0.08136702315189392
2025-10-16 18:30:00+00:00,4593.16488424053,4593.16488424053,0,0.08136702315189392
2025-10-16 19:30:00+00:00,4593.16488424053,4593.16488424053,0,0.08136702315189392
2025-10-17 13:30:00+00:00,4593.16488424053,4593.16488424053,0,0.08136702315189392
2025-10-17 14:30:00+00:00,4593.16488424053,4593.16488424053,0,0.08136702315189392
2025-10-17 15:30:00+00:00,4593.16488424053,4593.16488424053,0,0.08136702315189392
2025-10-17 16:30:00+00:00,4593.16488424053,4593.16488424053,0,0.08136702315189392
2025-10-17 17:30:00+00:00,4593.16488424053,4593.16488424053,0,0.08136702315189392
2025-10-17 18:30:00+00:00,4593.16488424053,4593.16488424053,0,0.08136702315189392
2025-10-17 19:30:00+00:00,4593.16488424053,4593.16488424053,0,0.08136702315189392
2025-10-20 13:30:00+00:00,4593.16488424053,4593.16488424053,0,0.08136702315189392
2025-10-20 14:30:00+00:00,4593.16488424053,4593.16488424053,0,0.08136702315189392
2025-10-20 15:30:00+00:00,4593.16488424053,4593.16488424053,0,0.08136702315189392
2025-10-20 16:30:00+00:00,4593.16488424053,4593.16488424053,0,0.08136702315189392
2025-10-20 17:30:00+00:00,4593.16488424053,4593.16488424053,0,0.08136702315189392
2025-10-20 18:30:00+00:00,4593.16488424053,4593.16488424053,0,0.08136702315189392
2025-10-20 19:30:00+00:00,4593.16488424053,4593.16488424053,0,0.08136702315189392
2025-10-21 13:30:00+00:00,4593.16488424053,4593.16488424053,0,0.08136702315189392
2025-10-21 14:30:00+00:00,4593.16488424053,4593.16488424053,0,0.08136702315189392
2025-10-21 15:30:00+00:00,4593.16488424053,4593.16488424053,0,0.08136702315189392
2025-10-21 16:30:00+00:00,4593.16488424053,4593.16488424053,0,0.08136702315189392
2025-10-21 17:30:00+00:00,4593.16488424053,4593.16488424053,0,0.08136702315189392
2025-10-21 18:30:00+00:00,4593.16488424053,4593.16488424053,0,0.08136702315189392
2025-10-21 19:30:00+00:00,4593.16488424053,4593.16488424053,0,0.08136702315189392
2025-10-22 13:30:00+00:00,4593.16488424053,4593.16488424053,0,0.08136702315189392
2025-10-22 14:30:00+00:00,4593.16488424053,4593.16488424053,0,0.08136702315189392
2025-10-22 15:30:00+00:00,4593.16488424053,4593.16488424053,0,0.08136702315189392
2025-10-22 16:30:00+00:00,4593.16488424053,4593.16488424053,0,0.08136702315189392
2025-10-22 17:30:00+00:00,4593.16488424053,4593.16488424053,0,0.08136702315189392
2025-10-22 18:30:00+00:00,4593.16488424053,4593.16488424053,0,0.08136702315189392
2025-10-22 19:30:00+00:00,4593.16488424053,4593.16488424053,0,0.08136702315189392
2025-10-23 13:30:00+00:00,4593.16488424053,4593.16488424053,0,0.08136702315189392
2025-10-23 14:30:00+00:00,4593.16488424053,4593.16488424053,0,0.08136702315189392
2025-10-23 15:30:00+00:00,4593.16488424053,4593.16488424053,0,0.08136702315189392
2025-10-23 16:30:00+00:00,4593.16488424053,4593.16488424053,0,0.08136702315189392
2025-10-23 17:30:00+00:00,4593.16488424053,4593.16488424053,0,0.08136702315189392
2025-10-23 18:30:00+00:00,4593.16488424053,4593.16488424053,0,0.08136702315189392
2025-10-23 19:30:00+00:00,4593.16488424053,4593.16488424053,0,0.08136702315189392
2025-10-24 13:30:00+00:00,4593.16488424053,4593.16488424053,0,0.08136702315189392
2025-10-24 14:30:00+00:00,4593.16488424053,4593.16488424053,0,0.08136702315189392
2025-10-24 15:30:00+00:00,4593.16488424053,4593.16488424053,0,0.08136702315189392
2025-10-24 16:30:00+00:00,4593.16488424053,4593.16488424053,0,0.08136702315189392
2025-10-24 17:30:00+00:00,4593.16488424053,4593.16488424053,0,0.08136702315189392
2025-10-24 18:30:00+00:00,4593.16488424053,4593.16488424053,0,0.08136702315189392
2025-10-24 19:30:00+00:00,4593.16488424053,4593.16488424053,0,0.08136702315189392
2025-10-27 13:30:00+00:00,4593.16488424053,4593.16488424053,0,0.08136702315189392
2025-10-27 14:30:00+00:00,4593.16488424053,4593.16488424053,0,0.08136702315189392
2025-10-27 15:30:00+00:00,4593.16488424053,4593.16488424053,0,0.08136702315189392
2025-10-27 16:30:00+00:00,4593.16488424053,4593.16488424053,0,0.08136702315189392
2025-10-27 17:30:00+00:00,4593.16488424053,4593.16488424053,0,0.08136702315189392
2025-10-27 18:30:00+00:00,4593.16488424053,4593.16488424053,0,0.08136702315189392
2025-10-27 19:30:00+00:00,4593.16488424053,4593.16488424053,0,0.08136702315189392
2025-10-28 13:30:00+00:00,4593.16488424053,4593.16488424053,0,0.08136702315189392
2025-10-28 14:30:00+00:00,4593.16488424053,4593.16488424053,0,0.08136702315189392
2025-10-28 15:30:00+00:00,4593.16488424053,4593.16488424053,0,0.08136702315189392
2025-10-28 16:30:00+00:00,4593.16488424053,4593.16488424053,0,0.08136702315189392
2025-10-28 17:30:00+00:00,4593.16488424053,4593.16488424053,0,0.08136702315189392
2025-10-28 18:30:00+00:00,4593.16488424053,4593.16488424053,0,0.08136702315189392
2025-10-28 19:30:00+00:00,4593.16488424053,4593.16488424053,0,0.08136702315189392
2025-10-29 13:30:00+00:00,4593.16488424053,4593.16488424053,0,0.08136702315189392
2025-10-29 14:30:00+00:00,4593.16488424053,4593.16488424053,0,0.08136702315189392
2025-10-29 15:30:00+00:00,4593.16488424053,4593.16488424053,0,0.08136702315189392
2025-10-29 16:30:00+00:00,4593.16488424053,4593.16488424053,0,0.08136702315189392
2025-10-29 17:30:00+00:00,4593.16488424053,4593.16488424053,0,0.08136702315189392
2025-10-29 18:30:00+00:00,4593.16488424053,4593.16488424053,0,0.08136702315189392
2025-10-29 19:30:00+00:00,4593.16488424053,4593.16488424053,0,0.08136702315189392
2025-10-30 13:30:00+00:00,4593.16488424053,4593.16488424053,0,0.08136702315189392
2025-10-30 14:30:00+00:00,4593.16488424053,4593.16488424053,0,0.08136702315189392
2025-10-30 15:30:00+00:00,4593.16488424053,4593.16488424053,0,0.08136702315189392
2025-10-30 16:30:00+00:00,4593.16488424053,4593.16488424053,0,0.08136702315189392
2025-10-30 17:30:00+00:00,4593.16488424053,4593.16488424053,0,0.08136702315189392
2025-10-30 18:30:00+00:00,4593.16488424053,4593.16488424053,0,0.08136702315189392
2025-10-30 19:30:00+00:00,4593.16488424053,4593.16488424053,0,0.08136702315189392
2025-10-31 13:30:00+00:00,4593.16488424053,4593.16488424053,0,0.08136702315189392
2025-10-31 14:30:00+00:00,4593.16488424053,4593.16488424053,0,0.08136702315189392
2025-10-31 15:30:00+00:00,4593.16488424053,4593.16488424053,0,0.08136702315189392
2025-10-31 16:30:00+00:00,4593.16488424053,4593.16488424053,0,0.08136702315189392
2025-10-31 17:30:00+00:00,4593.16488424053,4593.16488424053,0,0.08136702315189392
2025-10-31 18:30:00+00:00,4593.16488424053,4593.16488424053,0,0.08136702315189392
2025-10-31 19:30:00+00:00,4593.16488424053,4593.16488424053,0,0.08136702315189392
2025-11-03 14:30:00+00:00,4593.16488424053,4593.16488424053,0,0.08136702315189392
2025-11-03 15:30:00+00:00,4593.16488424053,4593.16488424053,0,0.08136702315189392
2025-11-03 16:30:00+00:00,4593.16488424053,4593.16488424053,0,0.08136702315189392
2025-11-03 17:30:00+00:00,4593.16488424053,4593.16488424053,0,0.08136702315189392
2025-11-03 18:30:00+00:00,4593.16488424053,4593.16488424053,0,0.08136702315189392
2025-11-03 19:30:00+00:00,4593.16488424053,4593.16488424053,0,0.08136702315189392
2025-11-03 20:30:00+00:00,4593.16488424053,4593.16488424053,0,0.08136702315189392
2025-11-04 14:30:00+00:00,4593.16488424053,4593.16488424053,0,0.08136702315189392
2025-11-04 15:30:00+00:00,4593.16488424053,4593.16488424053,0,0.08136702315189392
2025-11-04 16:30:00+00:00,4593.16488424053,4593.16488424053,0,0.08136702315189392
2025-11-04 17:30:00+00:00,4593.16488424053,4593.16488424053,0,0.08136702315189392
2025-11-04 18:30:00+00:00,4593.16488424053,4593.16488424053,0,0.08136702315189392
2025-11-04 19:30:00+00:00,4593.16488424053,4593.16488424053,0,0.08136702315189392
2025-11-04 20:30:00+00:00,4593.16488424053,4593.16488424053,0,0.08136702315189392
2025-11-05 14:30:00+00:00,4593.16488424053,4593.16488424053,0,0.08136702315189392
2025-11-05 15:30:00+00:00,4593.16488424053,4593.16488424053,0,0.08136702315189392
2025-11-05 16:30:00+00:00,4593.16488424053,4593.16488424053,0,0.08136702315189392
2025-11-05 17:30:00+00:00,4593.16488424053,4593.16488424053,0,0.08136702315189392
2025-11-05 18:30:00+00:00,4593.16488424053,4593.16488424053,0,0.08136702315189392
2025-11-05 19:30:00+00:00,4593.16488424053,4593.16488424053,0,0.08136702315189392
2025-11-05 20:30:00+00:00,4593.16488424053,4593.16488424053,0,0.08136702315189392
2025-11-06 14:30:00+00:00,4593.16488424053,4593.16488424053,0,0.08136702315189392
2025-11-06 15:30:00+00:00,4593.16488424053,4593.16488424053,0,0.08136702315189392
2025-11-06 16:30:00+00:00,4593.16488424053,4593.16488424053,0,0.08136702315189392
2025-11-06 17:30:00+00:00,4593.16488424053,4593.16488424053,0,0.08136702315189392
2025-11-06 18:30:00+00:00,4593.16488424053,4593.16488424053,0,0.08136702315189392
2025-11-06 19:30:00+00:00,4593.16488424053,4593.16488424053,0,0.08136702315189392
2025-11-06 20:30:00+00:00,4593.16488424053,4593.16488424053,0,0.08136702315189392
2025-11-07 14:30:00+00:00,4593.16488424053,4593.16488424053,0,0.08136702315189392
2025-11-07 15:30:00+00:00,4593.16488424053,4593.16488424053,0,0.08136702315189392
2025-11-07 16:30:00+00:00,4593.16488424053,4593.16488424053,0,0.08136702315189392
2025-11-07 17:30:00+00:00,4593.16488424053,4593.16488424053,0,0.08136702315189392
2025-11-07 18:30:00+00:00,4593.16488424053,4593.16488424053,0,0.08136702315189392
2025-11-07 19:30:00+00:00,4593.16488424053,4593.16488424053,0,0.08136702315189392
2025-11-07 20:30:00+00:00,4593.16488424053,4593.16488424053,0,0.08136702315189392
2025-11-10 14:30:00+00:00,4593.16488424053,4593.16488424053,0,0.08136702315189392
2025-11-10 15:30:00+00:00,4593.16488424053,4593.16488424053,0,0.08136702315189392
2025-11-10 16:30:00+00:00,4593.16488424053,4593.16488424053,0,0.08136702315189392
2025-11-10 17:30:00+00:00,4593.16488424053,4593.16488424053,0,0.08136702315189392
2025-11-10 18:30:00+00:00,4593.16488424053,4593.16488424053,0,0.08136702315189392
2025-11-10 19:30:00+00:00,4593.16488424053,4593.16488424053,0,0.08136702315189392
2025-11-10 20:30:00+00:00,4593.16488424053,4593.16488424053,0,0.08136702315189392
2025-11-11 14:30:00+00:00,4593.16488424053,4593.16488424053,0,0.08136702315189392
2025-11-11 15:30:00+00:00,4593.16488424053,4593.16488424053,0,0.08136702315189392
2025-11-11 16:30:00+00:00,4593.16488424053,4593.16488424053,0,0.08136702315189392
2025-11-11 17:30:00+00:00,4593.16488424053,4593.16488424053,0,0.08136702315189392
2025-11-11 18:30:00+00:00,4593.16488424053,4593.16488424053,0,0.08136702315189392
2025-11-11 19:30:00+00:00,4593.16488424053,4593.16488424053,0,0.08136702315189392
2025-11-11 20:30:00+00:00,4593.16488424053,4593.16488424053,0,0.08136702315189392
2025-11-12 14:30:00+00:00,4593.16488424053,4593.16488424053,0,0.08136702315189392
2025-11-12 15:30:00+00:00,4593.16488424053,4593.16488424053,0,0.08136702315189392
2025-11-12 16:30:00+00:00,4593.16488424053,4593.16488424053,0,0.08136702315189392
2025-11-12 17:30:00+00:00,4593.16488424053,4593.16488424053,0,0.08136702315189392
2025-11-12 18:30:00+00:00,4593.16488424053,4593.16488424053,0,0.08136702315189392
2025-11-12 19:30:00+00:00,4593.16488424053,4593.16488424053,0,0.08136702315189392
2025-11-12 20:30:00+00:00,4593.16488424053,4593.16488424053,0,0.08136702315189392
2025-11-13 14:30:00+00:00,4593.16488424053,4593.16488424053,0,0.08136702315189392
2025-11-13 15:30:00+00:00,4593.16488424053,4593.16488424053,0,0.08136702315189392
2025-11-13 16:30:00+00:00,4593.16488424053,4593.16488424053,0,0.08136702315189392
2025-11-13 17:30:00+00:00,4593.16488424053,4593.16488424053,0,0.08136702315189392
2025-11-13 18:30:00+00:00,4593.16488424053,4593.16488424053,0,0.08136702315189392
2025-11-13 19:30:00+00:00,4593.16488424053,4593.16488424053,0,0.08136702315189392
2025-11-13 20:30:00+00:00,4593.16488424053,4593.16488424053,0,0.08136702315189392
2025-11-14 14:30:00+00:00,4593.16488424053,4593.16488424053,0,0.08136702315189392
2025-11-14 15:30:00+00:00,4593.16488424053,4593.16488424053,0,0.08136702315189392
2025-11-14 16:30:00+00:00,4593.16488424053,4593.16488424053,0,0.08136702315189392
2025-11-14 17:30:00+00:00,4593.16488424053,4593.16488424053,0,0.08136702315189392
2025-11-14 18:30:00+00:00,4593.16488424053,4593.16488424053,0,0.08136702315189392
2025-11-14 19:30:00+00:00,4593.16488424053,4593.16488424053,0,0.08136702315189392
2025-11-14 20:30:00+00:00,4593.16488424053,4593.16488424053,0,0.08136702315189392
2025-11-17 14:30:00+00:00,4593.16488424053,4593.16488424053,0,0.08136702315189392
2025-11-17 15:30:00+00:00,4593.16488424053,4593.16488424053,0,0.08136702315189392
2025-11-17 16:30:00+00:00,4593.16488424053,4593.16488424053,0,0.08136702315189392
2025-11-17 17:30:00+00:00,4593.16488424053,4593.16488424053,0,0.08136702315189392
2025-11-17 18:30:00+00:00,4593.16488424053,4593.16488424053,0,0.08136702315189392
2025-11-17 19:30:00+00:00,4593.16488424053,4593.16488424053,0,0.08136702315189392
2025-11-17 20:30:00+00:00,4593.16488424053,4593.16488424053,0,0.08136702315189392
2025-11-18 14:30:00+00:00,4593.16488424053,4593.16488424053,0,0.08136702315189392
2025-11-18 15:30:00+00:00,4593.16488424053,4593.16488424053,0,0.08136702315189392
2025-11-18 16:30:00+00:00,4593.16488424053,4593.16488424053,0,0.08136702315189392
2025-11-18 17:30:00+00:00,4593.16488424053,4593.16488424053,0,0.08136702315189392
2025-11-18 18:30:00+00:00,4593.16488424053,4593.16488424053,0,0.08136702315189392
2025-11-18 19:30:00+00:00,4593.16488424053,4593.16488424053,0,0.08136702315189392
2025-11-18 20:30:00+00:00,4593.16488424053,4593.16488424053,0,0.08136702315189392
2025-11-19 14:30:00+00:00,4593.16488424053,4593.16488424053,0,0.08136702315189392
2025-11-19 15:30:00+00:00,4593.16488424053,4593.16488424053,0,0.08136702315189392
2025-11-19 16:30:00+00:00,4593.16488424053,4593.16488424053,0,0.08136702315189392
2025-11-19 17:30:00+00:00,4593.16488424053,4593.16488424053,0,0.08136702315189392
2025-11-19 18:30:00+00:00,4593.16488424053,4593.16488424053,0,0.08136702315189392
2025-11-19 19:30:00+00:00,4593.16488424053,4593.16488424053,0,0.08136702315189392
2025-11-19 20:30:00+00:00,4593.16488424053,4593.16488424053,0,0.08136702315189392
2025-11-20 14:30:00+00:00,4593.16488424053,4593.16488424053,0,0.08136702315189392
2025-11-20 15:30:00+00:00,4593.16488424053,4593.16488424053,0,0.08136702315189392
2025-11-20 16:30:00+00:00,4593.16488424053,4593.16488424053,0,0.08136702315189392
2025-11-20 17:30:00+00:00,4593.16488424053,4593.16488424053,0,0.08136702315189392
2025-11-20 18:30:00+00:00,4593.16488424053,4593.16488424053,0,0.08136702315189392
2025-11-20 19:30:00+00:00,4593.16488424053,4593.16488424053,0,0.08136702315189392
2025-11-20 20:30:00+00:00,4593.16488424053,4593.16488424053,0,0.08136702315189392
2025-11-21 14:30:00+00:00,4593.16488424053,4593.16488424053,0,0.08136702315189392
2025-11-21 15:30:00+00:00,4593.16488424053,4593.16488424053,0,0.08136702315189392
2025-11-21 16:30:00+00:00,4593.16488424053,4593.16488424053,0,0.08136702315189392
2025-11-21 17:30:00+00:00,4593.16488424053,4593.16488424053,0,0.08136702315189392
2025-11-21 18:30:00+00:00,4593.16488424053,4593.16488424053,0,0.08136702315189392
2025-11-21 19:30:00+00:00,4593.16488424053,4593.16488424053,0,0.08136702315189392
2025-11-21 20:30:00+00:00,4593.16488424053,4593.16488424053,0,0.08136702315189392
2025-11-24 14:30:00+00:00,4593.16488424053,4593.16488424053,0,0.08136702315189392
2025-11-24 15:30:00+00:00,4593.16488424053,4593.16488424053,0,0.08136702315189392
2025-11-24 16:30:00+00:00,4593.16488424053,4593.16488424053,0,0.08136702315189392
2025-11-24 17:30:00+00:00,4593.16488424053,4593.16488424053,0,0.08136702315189392
2025-11-24 18:30:00+00:00,4593.16488424053,4593.16488424053,0,0.08136702315189392
2025-11-24 19:30:00+00:00,4593.16488424053,4593.16488424053,0,0.08136702315189392
2025-11-24 20:30:00+00:00,4593.16488424053,4593.16488424053,0,0.08136702315189392
2025-11-25 14:30:00+00:00,4593.16488424053,4593.16488424053,0,0.08136702315189392
2025-11-25 15:30:00+00:00,4593.16488424053,4593.16488424053,0,0.08136702315189392
2025-11-25 16:30:00+00:00,4593.16488424053,4593.16488424053,0,0.08136702315189392
2025-11-25 17:30:00+00:00,4593.16488424053,4593.16488424053,0,0.08136702315189392
2025-11-25 18:30:00+00:00,4593.16488424053,4593.16488424053,0,0.08136702315189392
2025-11-25 19:30:00+00:00,4593.16488424053,4593.16488424053,0,0.08136702315189392
2025-11-25 20:30:00+00:00,4593.16488424053,4593.16488424053,0,0.08136702315189392
2025-11-26 14:30:00+00:00,4593.16488424053,4593.16488424053,0,0.08136702315189392
2025-11-26 15:30:00+00:00,4593.16488424053,4593.16488424053,0,0.08136702315189392
2025-11-26 16:30:00+00:00,4593.16488424053,4593.16488424053,0,0.08136702315189392
2025-11-26 17:30:00+00:00,4593.16488424053,4593.16488424053,0,0.08136702315189392
2025-11-26 18:30:00+00:00,4593.16488424053,4593.16488424053,0,0.08136702315189392
2025-11-26 19:30:00+00:00,4593.16488424053,4593.16488424053,0,0.08136702315189392
2025-11-26 20:30:00+00:00,4593.16488424053,4593.16488424053,0,0.08136702315189392
2025-11-28 14:30:00+00:00,4593.16488424053,4593.16488424053,0,0.08136702315189392
2025-11-28 15:30:00+00:00,4593.16488424053,4593.16488424053,0,0.08136702315189392
2025-11-28 16:30:00+00:00,4593.16488424053,4593.16488424053,0,0.08136702315189392
2025-12-01 14:30:00+00:00,4593.16488424053,4593.16488424053,0,0.08136702315189392
2025-12-01 15:30:00+00:00,4593.16488424053,4593.16488424053,0,0.08136702315189392
2025-12-01 16:30:00+00:00,4593.16488424053,4593.16488424053,0,0.08136702315189392
2025-12-01 17:30:00+00:00,4593.16488424053,4593.16488424053,0,0.08136702315189392
2025-12-01 18:30:00+00:00,4593.16488424053,4593.16488424053,0,0.08136702315189392
2025-12-01 19:30:00+00:00,4593.16488424053,4593.16488424053,0,0.08136702315189392
2025-12-01 20:30:00+00:00,4593.16488424053,4593.16488424053,0,0.08136702315189392
2025-12-02 14:30:00+00:00,4593.16488424053,4593.16488424053,0,0.08136702315189392
2025-12-02 15:30:00+00:00,4593.16488424053,4593.16488424053,0,0.08136702315189392
2025-12-02 16:30:00+00:00,4593.16488424053,4593.16488424053,0,0.08136702315189392
2025-12-02 17:30:00+00:00,4593.16488424053,4593.16488424053,0,0.08136702315189392
2025-12-02 18:30:00+00:00,4593.16488424053,4593.16488424053,0,0.08136702315189392
2025-12-02 19:30:00+00:00,4593.16488424053,4593.16488424053,0,0.08136702315189392
2025-12-02 20:30:00+00:00,4593.16488424053,4593.16488424053,0,0.08136702315189392
2025-12-03 14:30:00+00:00,4593.16488424053,4593.16488424053,0,0.08136702315189392
2025-12-03 15:30:00+00:00,4593.16488424053,4593.16488424053,0,0.08136702315189392
2025-12-03 16:30:00+00:00,4593.16488424053,4593.16488424053,0,0.08136702315189392
2025-12-03 17:30:00+00:00,4593.16488424053,4593.16488424053,0,0.08136702315189392
2025-12-03 18:30:00+00:00,4593.16488424053,4593.16488424053,0,0.08136702315189392
2025-12-03 19:30:00+00:00,4593.16488424053,4593.16488424053,0,0.08136702315189392
2025-12-03 20:30:00+00:00,4593.16488424053,4593.16488424053,0,0.08136702315189392
2025-12-04 14:30:00+00:00,4593.16488424053,4593.16488424053,0,0.08136702315189392
2025-12-04 15:30:00+00:00,4593.16488424053,4593.16488424053,0,0.08136702315189392
2025-12-04 16:30:00+00:00,4593.16488424053,4593.16488424053,0,0.08136702315189392
2025-12-04 17:30:00+00:00,4593.16488424053,4593.16488424053,0,0.08136702315189392
2025-12-04 18:30:00+00:00,4593.16488424053,4593.16488424053,0,0.08136702315189392
2025-12-04 19:30:00+00:00,4593.16488424053,4593.16488424053,0,0.08136702315189392
2025-12-04 20:30:00+00:00,4593.16488424053,4593.16488424053,0,0.08136702315189392
2025-12-05 14:30:00+00:00,4593.16488424053,4593.16488424053,0,0.08136702315189392
2025-12-05 15:30:00+00:00,4593.16488424053,4593.16488424053,0,0.08136702315189392
2025-12-05 16:30:00+00:00,4593.16488424053,4593.16488424053,0,0.08136702315189392
2025-12-05 17:30:00+00:00,4593.16488424053,4593.16488424053,0,0.08136702315189392
2025-12-05 18:30:00+00:00,4593.16488424053,4593.16488424053,0,0.08136702315189392
2025-12-05 19:30:00+00:00,4593.16488424053,4593.16488424053,0,0.08136702315189392
2025-12-05 20:30:00+00:00,4593.16488424053,4593.16488424053,0,0.08136702315189392
2025-12-08 14:30:00+00:00,4593.16488424053,4593.16488424053,0,0.08136702315189392
2025-12-08 15:30:00+00:00,4593.16488424053,4593.16488424053,0,0.08136702315189392
2025-12-08 16:30:00+00:00,4593.16488424053,4593.16488424053,0,0.08136702315189392
2025-12-08 17:30:00+00:00,4593.16488424053,4593.16488424053,0,0.08136702315189392
2025-12-08 18:30:00+00:00,4593.16488424053,4593.16488424053,0,0.08136702315189392
2025-12-08 19:30:00+00:00,4593.16488424053,4593.16488424053,0,0.08136702315189392
2025-12-08 20:30:00+00:00,4593.16488424053,4593.16488424053,0,0.08136702315189392
2025-12-09 14:30:00+00:00,4593.16488424053,4593.16488424053,0,0.08136702315189392
2025-12-09 15:30:00+00:00,4593.16488424053,4593.16488424053,0,0.08136702315189392
2025-12-09 16:30:00+00:00,4593.16488424053,4593.16488424053,0,0.08136702315189392
2025-12-09 17:30:00+00:00,4593.16488424053,4593.16488424053,0,0.08136702315189392
2025-12-09 18:30:00+00:00,4593.16488424053,4593.16488424053,0,0.08136702315189392
2025-12-09 19:30:00+00:00,4593.16488424053,4593.16488424053,0,0.08136702315189392
2025-12-09 20:30:00+00:00,4593.16488424053,4593.16488424053,0,0.08136702315189392
2025-12-10 14:30:00+00:00,4593.16488424053,4593.16488424053,0,0.08136702315189392
2025-12-10 15:30:00+00:00,4593.16488424053,4593.16488424053,0,0.08136702315189392
2025-12-10 16:30:00+00:00,4593.16488424053,4593.16488424053,0,0.08136702315189392
2025-12-10 17:30:00+00:00,4593.16488424053,4593.16488424053,0,0.08136702315189392
2025-12-10 18:30:00+00:00,4593.16488424053,4593.16488424053,0,0.08136702315189392
2025-12-10 19:30:00+00:00,4593.16488424053,4593.16488424053,0,0.08136702315189392
2025-12-10 20:30:00+00:00,4593.16488424053,4593.16488424053,0,0.08136702315189392
2025-12-11 14:30:00+00:00,4593.16488424053,4593.16488424053,0,0.08136702315189392
2025-12-11 15:30:00+00:00,4593.16488424053,4593.16488424053,0,0.08136702315189392
2025-12-11 16:30:00+00:00,4593.16488424053,4593.16488424053,0,0.08136702315189392
2025-12-11 17:30:00+00:00,4593.16488424053,4593.16488424053,0,0.08136702315189392
2025-12-11 18:30:00+00:00,4593.16488424053,4593.16488424053,0,0.08136702315189392
2025-12-11 19:30:00+00:00,4593.16488424053,4593.16488424053,0,0.08136702315189392
2025-12-11 20:30:00+00:00,4593.16488424053,4593.16488424053,0,0.08136702315189392
2025-12-12 14:30:00+00:00,4593.16488424053,4593.16488424053,0,0.08136702315189392
2025-12-12 15:30:00+00:00,4593.16488424053,4593.16488424053,0,0.08136702315189392
2025-12-12 16:30:00+00:00,4593.16488424053,4593.16488424053,0,0.08136702315189392
2025-12-12 17:30:00+00:00,4593.16488424053,4593.16488424053,0,0.08136702315189392
2025-12-12 18:30:00+00:00,4593.16488424053,4593.16488424053,0,0.08136702315189392
2025-12-12 19:30:00+00:00,4593.16488424053,4593.16488424053,0,0.08136702315189392
2025-12-12 20:30:00+00:00,4593.16488424053,4593.16488424053,0,0.08136702315189392
2025-12-15 14:30:00+00:00,4593.16488424053,4593.16488424053,0,0.08136702315189392
2025-12-15 15:30:00+00:00,4593.16488424053,4593.16488424053,0,0.08136702315189392
2025-12-15 16:30:00+00:00,4593.16488424053,4593.16488424053,0,0.08136702315189392
2025-12-15 17:30:00+00:00,4593.16488424053,4593.16488424053,0,0.08136702315189392
2025-12-15 18:30:00+00:00,4593.16488424053,4593.16488424053,0,0.08136702315189392
2025-12-15 19:30:00+00:00,4593.16488424053,4593.16488424053,0,0.08136702315189392
2025-12-15 20:30:00+00:00,4593.16488424053,4593.16488424053,0,0.08136702315189392
2025-12-16 14:30:00+00:00,4593.16488424053,4593.16488424053,0,0.08136702315189392
2025-12-16 15:30:00+00:00,4593.16488424053,4593.16488424053,0,0.08136702315189392
2025-12-16 16:30:00+00:00,4593.16488424053,4593.16488424053,0,0.08136702315189392
2025-12-16 17:30:00+00:00,4593.16488424053,4593.16488424053,0,0.08136702315189392
2025-12-16 18:30:00+00:00,4593.16488424053,4593.16488424053,0,0.08136702315189392
2025-12-16 19:30:00+00:00,4593.16488424053,4593.16488424053,0,0.08136702315189392
2025-12-16 20:30:00+00:00,4593.16488424053,4593.16488424053,0,0.08136702315189392
2025-12-17 14:30:00+00:00,4593.16488424053,4593.16488424053,0,0.08136702315189392
2025-12-17 15:30:00+00:00,4593.16488424053,4593.16488424053,0,0.08136702315189392
2025-12-17 16:30:00+00:00,4593.16488424053,4593.16488424053,0,0.08136702315189392
2025-12-17 17:30:00+00:00,4593.16488424053,4593.16488424053,0,0.08136702315189392
2025-12-17 18:30:00+00:00,4593.16488424053,4593.16488424053,0,0.08136702315189392
2025-12-17 19:30:00+00:00,4593.16488424053,4593.16488424053,0,0.08136702315189392
2025-12-17 20:30:00+00:00,4593.16488424053,4593.16488424053,0,0.08136702315189392
2025-12-18 14:30:00+00:00,4593.16488424053,4593.16488424053,0,0.08136702315189392
2025-12-18 15:30:00+00:00,4593.16488424053,4593.16488424053,0,0.08136702315189392
2025-12-18 16:30:00+00:00,4593.16488424053,4593.16488424053,0,0.08136702315189392
2025-12-18 17:30:00+00:00,4593.16488424053,4593.16488424053,0,0.08136702315189392
2025-12-18 18:30:00+00:00,4593.16488424053,4593.16488424053,0,0.08136702315189392
2025-12-18 19:30:00+00:00,4593.16488424053,4593.16488424053,0,0.08136702315189392
2025-12-18 20:30:00+00:00,4593.16488424053,4593.16488424053,0,0.08136702315189392
2025-12-19 14:30:00+00:00,4593.16488424053,4593.16488424053,0,0.08136702315189392
2025-12-19 15:30:00+00:00,4593.16488424053,4593.16488424053,0,0.08136702315189392
2025-12-19 16:30:00+00:00,4593.16488424053,4593.16488424053,0,0.08136702315189392
2025-12-19 17:30:00+00:00,4593.16488424053,4593.16488424053,0,0.08136702315189392
2025-12-19 18:30:00+00:00,4593.16488424053,4593.16488424053,0,0.08136702315189392
2025-12-19 19:30:00+00:00,4593.16488424053,4593.16488424053,0,0.08136702315189392
2025-12-19 20:30:00+00:00,4593.16488424053,4593.16488424053,0,0.08136702315189392
2025-12-22 14:30:00+00:00,4593.16488424053,4593.16488424053,0,0.08136702315189392
2025-12-22 15:30:00+00:00,4593.16488424053,4593.16488424053,0,0.08136702315189392
2025-12-22 16:30:00+00:00,4593.16488424053,4593.16488424053,0,0.08136702315189392
2025-12-22 17:30:00+00:00,4593.16488424053,4593.16488424053,0,0.08136702315189392
2025-12-22 18:30:00+00:00,4593.16488424053,4593.16488424053,0,0.08136702315189392
2025-12-22 19:30:00+00:00,4593.16488424053,4593.16488424053,0,0.08136702315189392
2025-12-22 20:30:00+00:00,4593.16488424053,4593.16488424053,0,0.08136702315189392
2025-12-23 14:30:00+00:00,4593.16488424053,4593.16488424053,0,0.08136702315189392
2025-12-23 15:30:00+00:00,4593.16488424053,4593.16488424053,0,0.08136702315189392
2025-12-23 16:30:00+00:00,4593.16488424053,4593.16488424053,0,0.08136702315189392
2025-12-23 17:30:00+00:00,4593.16488424053,4593.16488424053,0,0.08136702315189392
2025-12-23 18:30:00+00:00,4593.16488424053,4593.16488424053,0,0.08136702315189392
2025-12-23 19:30:00+00:00,4593.16488424053,4593.16488424053,0,0.08136702315189392
2025-12-23 20:30:00+00:00,4593.16488424053,4593.16488424053,0,0.08136702315189392
2025-12-24 14:30:00+00:00,4593.16488424053,4593.16488424053,0,0.08136702315189392
2025-12-24 15:30:00+00:00,4593.16488424053,4593.16488424053,0,0.08136702315189392
2025-12-24 16:30:00+00:00,4593.16488424053,4593.16488424053,0,0.08136702315189392
2025-12-26 14:30:00+00:00,4593.16488424053,4593.16488424053,0,0.08136702315189392
2025-12-26 15:30:00+00:00,4593.16488424053,4593.16488424053,0,0.08136702315189392
2025-12-26 16:30:00+00:00,4593.16488424053,4593.16488424053,0,0.08136702315189392
2025-12-26 17:30:00+00:00,4593.16488424053,4593.16488424053,0,0.08136702315189392
2025-12-26 18:30:00+00:00,4593.16488424053,4593.16488424053,0,0.08136702315189392
2025-12-26 19:30:00+00:00,4593.16488424053,4593.16488424053,0,0.08136702315189392
2025-12-26 20:30:00+00:00,4593.16488424053,4593.16488424053,0,0.08136702315189392
2025-12-29 14:30:00+00:00,4593.16488424053,4593.16488424053,0,0.08136702315189392
2025-12-29 15:30:00+00:00,4593.16488424053,4593.16488424053,0,0.08136702315189392
2025-12-29 16:30:00+00:00,4593.16488424053,4593.16488424053,0,0.08136702315189392
2025-12-29 17:30:00+00:00,4593.16488424053,4593.16488424053,0,0.08136702315189392
2025-12-29 18:30:00+00:00,4593.16488424053,4593.16488424053,0,0.08136702315189392
2025-12-29 19:30:00+00:00,4593.16488424053,4593.16488424053,0,0.08136702315189392
2025-12-29 20:30:00+00:00,4593.16488424053,4593.16488424053,0,0.08136702315189392
2025-12-30 14:30:00+00:00,4593.16488424053,4593.16488424053,0,0.08136702315189392
2025-12-30 15:30:00+00:00,4593.16488424053,4593.16488424053,0,0.08136702315189392
2025-12-30 16:30:00+00:00,4593.16488424053,4593.16488424053,0,0.08136702315189392
2025-12-30 17:30:00+00:00,4593.16488424053,4593.16488424053,0,0.08136702315189392
2025-12-30 18:30:00+00:00,4593.16488424053,4593.16488424053,0,0.08136702315189392
2025-12-30 19:30:00+00:00,4593.16488424053,4593.16488424053,0,0.08136702315189392
2025-12-30 20:30:00+00:00,4593.16488424053,4593.16488424053,0,0.08136702315189392
2025-12-31 14:30:00+00:00,4593.16488424053,4593.16488424053,0,0.08136702315189392
2025-12-31 15:30:00+00:00,4593.16488424053,4593.16488424053,0,0.08136702315189392
2025-12-31 16:30:00+00:00,4593.16488424053,4593.16488424053,0,0.08136702315189392
2025-12-31 17:30:00+00:00,4593.16488424053,4593.16488424053,0,0.08136702315189392
2025-12-31 18:30:00+00:00,4593.16488424053,4593.16488424053,0,0.08136702315189392
2025-12-31 19:30:00+00:00,4593.16488424053,4593.16488424053,0,0.08136702315189392
2025-12-31 20:30:00+00:00,4593.16488424053,4593.16488424053,0,0.08136702315189392
2026-01-02 14:30:00+00:00,4593.16488424053,4593.16488424053,0,0.08136702315189392
2026-01-02 15:30:00+00:00,4593.16488424053,4593.16488424053,0,0.08136702315189392
2026-01-02 16:30:00+00:00,4593.16488424053,4593.16488424053,0,0.08136702315189392
2026-01-02 17:30:00+00:00,4593.16488424053,4593.16488424053,0,0.08136702315189392
2026-01-02 18:30:00+00:00,4593.16488424053,4593.16488424053,0,0.08136702315189392
2026-01-02 19:30:00+00:00,4593.16488424053,4593.16488424053,0,0.08136702315189392
2026-01-02 20:30:00+00:00,4593.16488424053,4593.16488424053,0,0.08136702315189392
2026-01-05 14:30:00+00:00,4593.16488424053,4593.16488424053,0,0.08136702315189392
2026-01-05 15:30:00+00:00,4593.16488424053,4593.16488424053,0,0.08136702315189392
2026-01-05 16:30:00+00:00,4593.16488424053,4593.16488424053,0,0.08136702315189392
2026-01-05 17:30:00+00:00,4593.16488424053,4593.16488424053,0,0.08136702315189392
2026-01-05 18:30:00+00:00,4593.16488424053,4593.16488424053,0,0.08136702315189392
2026-01-05 19:30:00+00:00,4593.16488424053,4593.16488424053,0,0.08136702315189392
2026-01-05 20:30:00+00:00,4593.16488424053,4593.16488424053,0,0.08136702315189392
2026-01-06 14:30:00+00:00,4593.16488424053,4593.16488424053,0,0.08136702315189392
2026-01-06 15:30:00+00:00,4593.16488424053,4593.16488424053,0,0.08136702315189392
2026-01-06 16:30:00+00:00,4593.16488424053,4593.16488424053,0,0.08136702315189392
2026-01-06 17:30:00+00:00,4593.16488424053,4593.16488424053,0,0.08136702315189392
2026-01-06 18:30:00+00:00,4593.16488424053,4593.16488424053,0,0.08136702315189392
2026-01-06 19:30:00+00:00,4593.16488424053,4593.16488424053,0,0.08136702315189392
2026-01-06 20:30:00+00:00,4593.16488424053,4593.16488424053,0,0.08136702315189392
2026-01-07 14:30:00+00:00,4593.16488424053,4593.16488424053,0,0.08136702315189392
2026-01-07 15:30:00+00:00,4593.16488424053,4593.16488424053,0,0.08136702315189392
2026-01-07 16:30:00+00:00,4593.16488424053,4593.16488424053,0,0.08136702315189392
2026-01-07 17:30:00+00:00,4593.16488424053,4593.16488424053,0,0.08136702315189392
2026-01-07 18:30:00+00:00,4593.16488424053,4593.16488424053,0,0.08136702315189392
2026-01-07 19:30:00+00:00,4593.16488424053,4593.16488424053,0,0.08136702315189392
2026-01-07 20:30:00+00:00,4593.16488424053,4593.16488424053,0,0.08136702315189392
2026-01-08 14:30:00+00:00,4593.16488424053,4593.16488424053,0,0.08136702315189392
2026-01-08 15:30:00+00:00,4593.16488424053,4593.16488424053,0,0.08136702315189392
2026-01-08 16:30:00+00:00,4593.16488424053,4593.16488424053,0,0.08136702315189392
2026-01-08 17:30:00+00:00,4593.16488424053,4593.16488424053,0,0.08136702315189392
2026-01-08 18:30:00+00:00,4593.16488424053,4593.16488424053,0,0.08136702315189392
2026-01-08 19:30:00+00:00,4593.16488424053,4593.16488424053,0,0.08136702315189392
2026-01-08 20:30:00+00:00,4593.16488424053,4593.16488424053,0,0.08136702315189392
2026-01-09 14:30:00+00:00,4593.16488424053,4593.16488424053,0,0.08136702315189392
2026-01-09 15:30:00+00:00,4593.16488424053,4593.16488424053,0,0.08136702315189392
2026-01-09 16:30:00+00:00,4593.16488424053,4593.16488424053,0,0.08136702315189392
2026-01-09 17:30:00+00:00,4593.16488424053,4593.16488424053,0,0.08136702315189392
2026-01-09 18:30:00+00:00,4593.16488424053,4593.16488424053,0,0.08136702315189392
2026-01-09 19:30:00+00:00,4593.16488424053,4593.16488424053,0,0.08136702315189392
2026-01-09 20:30:00+00:00,4593.16488424053,4593.16488424053,0,0.08136702315189392
2026-01-12 14:30:00+00:00,4593.16488424053,4593.16488424053,0,0.08136702315189392
2026-01-12 15:30:00+00:00,4593.16488424053,4593.16488424053,0,0.08136702315189392
2026-01-12 16:30:00+00:00,4593.16488424053,4593.16488424053,0,0.08136702315189392
2026-01-12 17:30:00+00:00,4593.16488424053,4593.16488424053,0,0.08136702315189392
2026-01-12 18:30:00+00:00,4593.16488424053,4593.16488424053,0,0.08136702315189392
2026-01-12 19:30:00+00:00,4593.16488424053,4593.16488424053,0,0.08136702315189392
2026-01-12 20:30:00+00:00,4593.16488424053,4593.16488424053,0,0.08136702315189392
2026-01-13 14:30:00+00:00,4593.16488424053,4593.16488424053,0,0.08136702315189392
2026-01-13 15:30:00+00:00,4593.16488424053,4593.16488424053,0,0.08136702315189392
2026-01-13 16:30:00+00:00,4593.16488424053,4593.16488424053,0,0.08136702315189392
2026-01-13 17:30:00+00:00,4593.16488424053,4593.16488424053,0,0.08136702315189392
2026-01-13 18:30:00+00:00,4593.16488424053,4593.16488424053,0,0.08136702315189392
2026-01-13 19:30:00+00:00,4593.16488424053,4593.16488424053,0,0.08136702315189392
2026-01-13 20:30:00+00:00,4593.16488424053,4593.16488424053,0,0.08136702315189392
2026-01-14 14:30:00+00:00,4593.16488424053,4593.16488424053,0,0.08136702315189392
2026-01-14 15:30:00+00:00,4593.16488424053,4593.16488424053,0,0.08136702315189392
2026-01-14 16:30:00+00:00,4593.16488424053,4593.16488424053,0,0.08136702315189392
2026-01-14 17:30:00+00:00,4593.16488424053,4593.16488424053,0,0.08136702315189392
2026-01-14 18:30:00+00:00,4593.16488424053,4593.16488424053,0,0.08136702315189392
2026-01-14 19:30:00+00:00,4593.16488424053,4593.16488424053,0,0.08136702315189392
2026-01-14 20:30:00+00:00,4593.16488424053,4593.16488424053,0,0.08136702315189392
2026-01-15 14:30:00+00:00,4593.16488424053,4593.16488424053,0,0.08136702315189392
2026-01-15 15:30:00+00:00,4593.16488424053,4593.16488424053,0,0.08136702315189392
2026-01-15 16:30:00+00:00,4593.16488424053,4593.16488424053,0,0.08136702315189392
2026-01-15 17:30:00+00:00,4593.16488424053,4593.16488424053,0,0.08136702315189392
2026-01-15 18:30:00+00:00,4593.16488424053,4593.16488424053,0,0.08136702315189392
2026-01-15 19:30:00+00:00,4593.16488424053,4593.16488424053,0,0.08136702315189392
2026-01-15 20:30:00+00:00,4593.16488424053,4593.16488424053,0,0.08136702315189392
2026-01-16 14:30:00+00:00,4593.16488424053,4593.16488424053,0,0.08136702315189392
2026-01-16 15:30:00+00:00,4593.16488424053,4593.16488424053,0,0.08136702315189392
2026-01-16 16:30:00+00:00,4593.16488424053,4593.16488424053,0,0.08136702315189392
2026-01-16 17:30:00+00:00,4593.16488424053,4593.16488424053,0,0.08136702315189392
2026-01-16 18:30:00+00:00,4593.16488424053,4593.16488424053,0,0.08136702315189392
2026-01-16 19:30:00+00:00,4593.16488424053,4593.16488424053,0,0.08136702315189392
2026-01-16 20:30:00+00:00,4593.16488424053,4593.16488424053,0,0.08136702315189392
2026-01-20 14:30:00+00:00,4593.16488424053,4593.16488424053,0,0.08136702315189392
2026-01-20 15:30:00+00:00,4593.16488424053,4593.16488424053,0,0.08136702315189392
2026-01-20 16:30:00+00:00,4593.16488424053,4593.16488424053,0,0.08136702315189392
2026-01-20 17:30:00+00:00,4593.16488424053,4593.16488424053,0,0.08136702315189392
2026-01-20 18:30:00+00:00,4593.16488424053,4593.16488424053,0,0.08136702315189392
2026-01-20 19:30:00+00:00,4593.16488424053,4593.16488424053,0,0.08136702315189392
2026-01-20 20:30:00+00:00,4593.16488424053,4593.16488424053,0,0.08136702315189392
2026-01-21 14:30:00+00:00,4593.16488424053,4593.16488424053,0,0.08136702315189392
2026-01-21 15:30:00+00:00,4593.16488424053,4593.16488424053,0,0.08136702315189392
2026-01-21 16:30:00+00:00,4593.16488424053,4593.16488424053,0,0.08136702315189392
2026-01-21 17:30:00+00:00,4593.16488424053,4593.16488424053,0,0.08136702315189392
2026-01-21 18:30:00+00:00,4593.16488424053,4593.16488424053,0,0.08136702315189392
2026-01-21 19:30:00+00:00,4593.16488424053,4593.16488424053,0,0.08136702315189392
2026-01-21 20:30:00+00:00,4593.16488424053,4593.16488424053,0,0.08136702315189392
2026-01-22 14:30:00+00:00,4593.16488424053,4593.16488424053,0,0.08136702315189392
2026-01-22 15:30:00+00:00,4593.16488424053,4593.16488424053,0,0.08136702315189392
2026-01-22 16:30:00+00:00,4593.16488424053,4593.16488424053,0,0.08136702315189392
2026-01-22 17:30:00+00:00,4593.16488424053,4593.16488424053,0,0.08136702315189392
2026-01-22 18:30:00+00:00,4593.16488424053,4593.16488424053,0,0.08136702315189392
2026-01-22 19:30:00+00:00,4593.16488424053,4593.16488424053,0,0.08136702315189392
2026-01-22 20:30:00+00:00,4593.16488424053,4593.16488424053,0,0.08136702315189392
2026-01-23 14:30:00+00:00,4593.16488424053,4593.16488424053,0,0.08136702315189392
2026-01-23 15:30:00+00:00,4593.16488424053,4593.16488424053,0,0.08136702315189392
2026-01-23 16:30:00+00:00,4593.16488424053,4593.16488424053,0,0.08136702315189392
2026-01-23 17:30:00+00:00,4593.16488424053,4593.16488424053,0,0.08136702315189392
2026-01-23 18:30:00+00:00,4593.16488424053,4593.16488424053,0,0.08136702315189392
2026-01-23 19:30:00+00:00,4593.16488424053,4593.16488424053,0,0.08136702315189392
2026-01-23 20:30:00+00:00,4593.16488424053,4593.16488424053,0,0.08136702315189392
2026-01-26 14:30:00+00:00,4593.16488424053,4593.16488424053,0,0.08136702315189392
2026-01-26 15:30:00+00:00,4593.16488424053,4593.16488424053,0,0.08136702315189392
2026-01-26 16:30:00+00:00,4593.16488424053,4593.16488424053,0,0.08136702315189392
2026-01-26 17:30:00+00:00,4593.16488424053,4593.16488424053,0,0.08136702315189392
2026-01-26 18:30:00+00:00,4593.16488424053,4593.16488424053,0,0.08136702315189392
2026-01-26 19:30:00+00:00,4593.16488424053,4593.16488424053,0,0.08136702315189392
2026-01-26 20:30:00+00:00,4593.16488424053,4593.16488424053,0,0.08136702315189392
2026-01-27 14:30:00+00:00,4593.16488424053,4593.16488424053,0,0.08136702315189392
2026-01-27 15:30:00+00:00,4593.16488424053,4593.16488424053,0,0.08136702315189392
2026-01-27 16:30:00+00:00,4593.16488424053,4593.16488424053,0,0.08136702315189392
2026-01-27 17:30:00+00:00,4593.16488424053,4593.16488424053,0,0.08136702315189392
2026-01-27 18:30:00+00:00,4593.16488424053,4593.16488424053,0,0.08136702315189392
2026-01-27 19:30:00+00:00,4593.16488424053,4593.16488424053,0,0.08136702315189392
2026-01-27 20:30:00+00:00,4593.16488424053,4593.16488424053,0,0.08136702315189392
2026-01-28 14:30:00+00:00,4593.16488424053,4593.16488424053,0,0.08136702315189392
2026-01-28 15:30:00+00:00,4593.16488424053,4593.16488424053,0,0.08136702315189392
2026-01-28 16:30:00+00:00,4593.16488424053,4593.16488424053,0,0.08136702315189392
2026-01-28 17:30:00+00:00,4593.16488424053,4593.16488424053,0,0.08136702315189392
2026-01-28 18:30:00+00:00,4593.16488424053,4593.16488424053,0,0.08136702315189392
2026-01-28 19:30:00+00:00,4593.16488424053,4593.16488424053,0,0.08136702315189392
2026-01-28 20:30:00+00:00,4593.16488424053,4593.16488424053,0,0.08136702315189392
2026-01-29 14:30:00+00:00,4593.16488424053,4593.16488424053,0,0.08136702315189392
2026-01-29 15:30:00+00:00,4593.16488424053,4593.16488424053,0,0.08136702315189392
2026-01-29 16:30:00+00:00,4593.16488424053,4593.16488424053,0,0.08136702315189392
2026-01-29 17:30:00+00:00,4593.16488424053,4593.16488424053,0,0.08136702315189392
2026-01-29 18:30:00+00:00,4593.16488424053,4593.16488424053,0,0.08136702315189392
2026-01-29 19:30:00+00:00,4593.16488424053,4593.16488424053,0,0.08136702315189392
2026-01-29 20:30:00+00:00,4593.16488424053,4593.16488424053,0,0.08136702315189392
2026-01-30 14:30:00+00:00,4593.16488424053,4593.16488424053,0,0.08136702315189392
2026-01-30 15:30:00+00:00,4593.16488424053,4593.16488424053,0,0.08136702315189392
2026-01-30 16:30:00+00:00,4593.16488424053,4593.16488424053,0,0.08136702315189392
2026-01-30 17:30:00+00:00,4593.16488424053,4593.16488424053,0,0.08136702315189392
2026-01-30 18:30:00+00:00,4593.16488424053,4593.16488424053,0,0.08136702315189392
2026-01-30 19:30:00+00:00,4593.16488424053,4593.16488424053,0,0.08136702315189392
2026-01-30 20:30:00+00:00,4593.16488424053,4593.16488424053,0,0.08136702315189392
2026-02-02 14:30:00+00:00,4593.16488424053,4593.16488424053,0,0.08136702315189392
2026-02-02 15:30:00+00:00,4593.16488424053,4593.16488424053,0,0.08136702315189392
2026-02-02 16:30:00+00:00,4593.16488424053,4593.16488424053,0,0.08136702315189392
2026-02-02 17:30:00+00:00,4593.16488424053,4593.16488424053,0,0.08136702315189392
2026-02-02 18:30:00+00:00,4593.16488424053,4593.16488424053,0,0.08136702315189392
2026-02-02 19:30:00+00:00,4593.16488424053,4593.16488424053,0,0.08136702315189392
2026-02-02 20:30:00+00:00,4593.16488424053,4593.16488424053,0,0.08136702315189392
2026-02-03 14:30:00+00:00,4593.16488424053,4593.16488424053,0,0.08136702315189392
2026-02-03 15:30:00+00:00,4593.16488424053,4593.16488424053,0,0.08136702315189392
2026-02-03 16:30:00+00:00,4593.16488424053,4593.16488424053,0,0.08136702315189392
2026-02-03 17:30:00+00:00,4593.16488424053,4593.16488424053,0,0.08136702315189392
2026-02-03 18:30:00+00:00,4593.16488424053,4593.16488424053,0,0.08136702315189392
2026-02-03 19:30:00+00:00,4593.16488424053,4593.16488424053,0,0.08136702315189392
2026-02-03 20:30:00+00:00,4593.16488424053,4593.16488424053,0,0.08136702315189392
2026-02-04 14:30:00+00:00,4593.16488424053,4593.16488424053,0,0.08136702315189392
2026-02-04 15:30:00+00:00,4593.16488424053,4593.16488424053,0,0.08136702315189392
2026-02-04 16:30:00+00:00,4593.16488424053,4593.16488424053,0,0.08136702315189392
2026-02-04 17:30:00+00:00,4593.16488424053,4593.16488424053,0,0.08136702315189392
2026-02-04 18:30:00+00:00,4593.16488424053,4593.16488424053,0,0.08136702315189392
2026-02-04 19:30:00+00:00,4593.16488424053,4593.16488424053,0,0.08136702315189392
2026-02-04 20:30:00+00:00,4593.16488424053,4593.16488424053,0,0.08136702315189392
2026-02-05 14:30:00+00:00,4593.16488424053,4593.16488424053,0,0.08136702315189392
2026-02-05 15:30:00+00:00,4593.16488424053,4593.16488424053,0,0.08136702315189392
2026-02-05 16:30:00+00:00,4593.16488424053,4593.16488424053,0,0.08136702315189392
2026-02-05 17:30:00+00:00,4593.16488424053,4593.16488424053,0,0.08136702315189392
2026-02-05 18:30:00+00:00,4593.16488424053,4593.16488424053,0,0.08136702315189392
2026-02-05 19:30:00+00:00,4593.16488424053,4593.16488424053,0,0.08136702315189392
2026-02-05 20:30:00+00:00,4593.16488424053,4593.16488424053,0,0.08136702315189392
2026-02-06 14:30:00+00:00,4593.16488424053,4593.16488424053,0,0.08136702315189392
2026-02-06 15:30:00+00:00,4593.16488424053,4593.16488424053,0,0.08136702315189392
2026-02-06 16:30:00+00:00,4593.16488424053,4593.16488424053,0,0.08136702315189392
2026-02-06 17:30:00+00:00,4593.16488424053,4593.16488424053,0,0.08136702315189392
2026-02-06 18:30:00+00:00,4593.16488424053,4593.16488424053,0,0.08136702315189392
2026-02-06 19:30:00+00:00,4593.16488424053,4593.16488424053,0,0.08136702315189392
2026-02-06 20:30:00+00:00,4593.16488424053,4593.16488424053,0,0.08136702315189392
2026-02-09 14:30:00+00:00,4593.16488424053,4593.16488424053,0,0.08136702315189392
2026-02-09 15:30:00+00:00,4593.16488424053,4593.16488424053,0,0.08136702315189392
2026-02-09 16:30:00+00:00,4593.16488424053,4593.16488424053,0,0.08136702315189392
2026-02-09 17:30:00+00:00,4593.16488424053,4593.16488424053,0,0.08136702315189392
2026-02-09 18:30:00+00:00,4593.16488424053,4593.16488424053,0,0.08136702315189392
2026-02-09 19:30:00+00:00,4593.16488424053,4593.16488424053,0,0.08136702315189392
2026-02-09 20:30:00+00:00,4593.16488424053,4593.16488424053,0,0.08136702315189392
2026-02-10 14:30:00+00:00,4593.16488424053,4593.16488424053,0,0.08136702315189392
2026-02-10 15:30:00+00:00,4593.16488424053,4593.16488424053,0,0.08136702315189392
2026-02-10 16:30:00+00:00,4593.16488424053,4593.16488424053,0,0.08136702315189392
2026-02-10 17:30:00+00:00,4593.16488424053,4593.16488424053,0,0.08136702315189392
2026-02-10 18:30:00+00:00,4593.16488424053,4593.16488424053,0,0.08136702315189392
2026-02-10 19:30:00+00:00,4593.16488424053,4593.16488424053,0,0.08136702315189392
2026-02-10 20:30:00+00:00,4593.16488424053,4593.16488424053,0,0.08136702315189392
2026-02-11 14:30:00+00:00,4593.16488424053,4593.16488424053,0,0.08136702315189392
2026-02-11 15:30:00+00:00,4593.16488424053,4593.16488424053,0,0.08136702315189392
2026-02-11 16:30:00+00:00,4593.16488424053,4593.16488424053,0,0.08136702315189392
2026-02-11 17:30:00+00:00,4593.16488424053,4593.16488424053,0,0.08136702315189392
2026-02-11 18:30:00+00:00,4593.16488424053,4593.16488424053,0,0.08136702315189392
2026-02-11 19:30:00+00:00,4593.16488424053,4593.16488424053,0,0.08136702315189392
2026-02-11 20:30:00+00:00,4593.16488424053,4593.16488424053,0,0.08136702315189392
2026-02-12 14:30:00+00:00,4593.16488424053,4593.16488424053,0,0.08136702315189392
2026-02-12 15:30:00+00:00,4593.16488424053,4593.16488424053,0,0.08136702315189392
2026-02-12 16:30:00+00:00,4593.16488424053,4593.16488424053,0,0.08136702315189392
2026-02-12 17:30:00+00:00,4593.16488424053,4593.16488424053,0,0.08136702315189392
2026-02-12 18:30:00+00:00,4593.16488424053,4593.16488424053,0,0.08136702315189392
2026-02-12 19:30:00+00:00,4593.16488424053,4593.16488424053,0,0.08136702315189392
2026-02-12 20:30:00+00:00,4593.16488424053,4593.16488424053,0,0.08136702315189392
2026-02-13 14:30:00+00:00,4593.16488424053,4593.16488424053,0,0.08136702315189392
2026-02-13 15:30:00+00:00,4593.16488424053,4593.16488424053,0,0.08136702315189392
2026-02-13 16:30:00+00:00,4593.16488424053,4593.16488424053,0,0.08136702315189392
2026-02-13 17:30:00+00:00,4593.16488424053,4593.16488424053,0,0.08136702315189392
2026-02-13 18:30:00+00:00,4593.16488424053,4593.16488424053,0,0.08136702315189392
2026-02-13 19:30:00+00:00,4593.16488424053,4593.16488424053,0,0.08136702315189392
2026-02-13 20:30:00+00:00,4593.16488424053,4593.16488424053,0,0.08136702315189392
2026-02-17 14:30:00+00:00,4593.16488424053,4593.16488424053,0,0.08136702315189392
2026-02-17 15:30:00+00:00,4593.16488424053,4593.16488424053,0,0.08136702315189392
2026-02-17 16:30:00+00:00,4593.16488424053,4593.16488424053,0,0.08136702315189392
2026-02-17 17:30:00+00:00,4593.16488424053,4593.16488424053,0,0.08136702315189392
2026-02-17 18:30:00+00:00,4593.16488424053,4593.16488424053,0,0.08136702315189392
2026-02-17 19:30:00+00:00,4593.16488424053,4593.16488424053,0,0.08136702315189392
2026-02-17 20:30:00+00:00,4593.16488424053,4593.16488424053,0,0.08136702315189392
2026-02-18 14:30:00+00:00,4593.16488424053,4593.16488424053,0,0.08136702315189392
2026-02-18 15:30:00+00:00,4593.16488424053,4593.16488424053,0,0.08136702315189392
2026-02-18 16:30:00+00:00,4593.16488424053,4593.16488424053,0,0.08136702315189392
2026-02-18 17:30:00+00:00,4593.16488424053,4593.16488424053,0,0.08136702315189392
2026-02-18 18:30:00+00:00,4593.16488424053,4593.16488424053,0,0.08136702315189392
2026-02-18 19:30:00+00:00,4593.16488424053,4593.16488424053,0,0.08136702315189392
2026-02-18 20:30:00+00:00,4593.16488424053,4593.16488424053,0,0.08136702315189392
2026-02-19 14:30:00+00:00,4593.16488424053,4593.16488424053,0,0.08136702315189392
2026-02-19 15:30:00+00:00,4593.16488424053,4593.16488424053,0,0.08136702315189392
2026-02-19 16:30:00+00:00,4593.16488424053,4593.16488424053,0,0.08136702315189392
2026-02-19 17:30:00+00:00,4593.16488424053,4593.16488424053,0,0.08136702315189392
2026-02-19 18:30:00+00:00,4593.16488424053,4593.16488424053,0,0.08136702315189392
2026-02-19 19:30:00+00:00,4593.16488424053,4593.16488424053,0,0.08136702315189392
2026-02-19 20:30:00+00:00,4593.16488424053,4593.16488424053,0,0.08136702315189392
2026-02-20 14:30:00+00:00,4593.16488424053,4593.16488424053,0,0.08136702315189392
2026-02-20 15:30:00+00:00,4593.16488424053,4593.16488424053,0,0.08136702315189392
2026-02-20 16:30:00+00:00,4593.16488424053,4593.16488424053,0,0.08136702315189392
2026-02-20 17:30:00+00:00,4593.16488424053,4593.16488424053,0,0.08136702315189392
2026-02-20 18:30:00+00:00,4593.16488424053,4593.16488424053,0,0.08136702315189392
2026-02-20 19:30:00+00:00,4593.16488424053,4593.16488424053,0,0.08136702315189392
2026-02-20 20:30:00+00:00,4593.16488424053,4593.16488424053,0,0.08136702315189392
2026-02-23 14:30:00+00:00,4593.16488424053,4593.16488424053,0,0.08136702315189392
2026-02-23 15:30:00+00:00,4593.16488424053,4593.16488424053,0,0.08136702315189392
2026-02-23 16:30:00+00:00,4593.16488424053,4593.16488424053,0,0.08136702315189392
2026-02-23 17:30:00+00:00,4593.16488424053,4593.16488424053,0,0.08136702315189392
2026-02-23 18:30:00+00:00,4593.16488424053,4593.16488424053,0,0.08136702315189392
2026-02-23 19:30:00+00:00,4593.16488424053,4593.16488424053,0,0.08136702315189392
2026-02-23 20:30:00+00:00,4593.16488424053,4593.16488424053,0,0.08136702315189392
2026-02-24 14:30:00+00:00,4593.16488424053,4593.16488424053,0,0.08136702315189392
2026-02-24 15:30:00+00:00,4593.16488424053,4593.16488424053,0,0.08136702315189392
2026-02-24 16:30:00+00:00,4593.16488424053,4593.16488424053,0,0.08136702315189392
2026-02-24 17:30:00+00:00,4593.16488424053,4593.16488424053,0,0.08136702315189392
2026-02-24 18:30:00+00:00,4593.16488424053,4593.16488424053,0,0.08136702315189392
2026-02-24 19:30:00+00:00,4593.16488424053,4593.16488424053,0,0.08136702315189392
2026-02-24 20:30:00+00:00,4593.16488424053,4593.16488424053,0,0.08136702315189392
2026-02-25 14:30:00+00:00,4593.16488424053,4593.16488424053,0,0.08136702315189392
2026-02-25 15:30:00+00:00,4593.16488424053,4593.16488424053,0,0.08136702315189392
2026-02-25 16:30:00+00:00,4593.16488424053,4593.16488424053,0,0.08136702315189392
2026-02-25 17:30:00+00:00,4593.16488424053,4593.16488424053,0,0.08136702315189392
2026-02-25 18:30:00+00:00,4593.16488424053,4593.16488424053,0,0.08136702315189392
2026-02-25 19:30:00+00:00,4593.16488424053,4593.16488424053,0,0.08136702315189392
2026-02-25 20:30:00+00:00,4593.16488424053,4593.16488424053,0,0.08136702315189392
2026-02-26 14:30:00+00:00,4593.16488424053,4593.16488424053,0,0.08136702315189392
2026-02-26 15:30:00+00:00,4593.16488424053,4593.16488424053,0,0.08136702315189392
2026-02-26 16:30:00+00:00,4593.16488424053,4593.16488424053,0,0.08136702315189392
2026-02-26 17:30:00+00:00,4593.16488424053,4593.16488424053,0,0.08136702315189392
2026-02-26 18:30:00+00:00,4593.16488424053,4593.16488424053,0,0.08136702315189392
2026-02-26 19:30:00+00:00,4593.16488424053,4593.16488424053,0,0.08136702315189392
2026-02-26 20:30:00+00:00,4593.16488424053,4593.16488424053,0,0.08136702315189392
2026-02-27 14:30:00+00:00,4593.16488424053,4593.16488424053,0,0.08136702315189392
2026-02-27 15:30:00+00:00,4593.16488424053,4593.16488424053,0,0.08136702315189392
2026-02-27 16:30:00+00:00,4593.16488424053,4593.16488424053,0,0.08136702315189392
2026-02-27 17:30:00+00:00,4593.16488424053,4593.16488424053,0,0.08136702315189392
2026-02-27 18:30:00+00:00,4593.16488424053,4593.16488424053,0,0.08136702315189392
2026-02-27 19:30:00+00:00,4593.16488424053,4593.16488424053,0,0.08136702315189392
2026-02-27 20:30:00+00:00,4593.16488424053,4593.16488424053,0,0.08136702315189392
2026-03-02 14:30:00+00:00,4593.16488424053,4593.16488424053,0,0.08136702315189392
2026-03-02 15:30:00+00:00,4593.16488424053,4593.16488424053,0,0.08136702315189392
2026-03-02 16:30:00+00:00,4593.16488424053,4593.16488424053,0,0.08136702315189392
2026-03-02 17:30:00+00:00,4593.16488424053,4593.16488424053,0,0.08136702315189392
2026-03-02 18:30:00+00:00,4593.16488424053,4593.16488424053,0,0.08136702315189392
2026-03-02 19:30:00+00:00,4593.16488424053,4593.16488424053,0,0.08136702315189392
2026-03-02 20:30:00+00:00,4593.16488424053,4593.16488424053,0,0.08136702315189392
2026-03-03 14:30:00+00:00,4593.16488424053,4593.16488424053,0,0.08136702315189392
2026-03-03 15:30:00+00:00,4593.16488424053,4593.16488424053,0,0.08136702315189392
2026-03-03 16:30:00+00:00,4593.16488424053,4593.16488424053,0,0.08136702315189392
2026-03-03 17:30:00+00:00,4593.16488424053,4593.16488424053,0,0.08136702315189392
2026-03-03 18:30:00+00:00,4593.16488424053,4593.16488424053,0,0.08136702315189392
2026-03-03 19:30:00+00:00,4593.16488424053,4593.16488424053,0,0.08136702315189392
2026-03-03 20:30:00+00:00,4593.16488424053,4593.16488424053,0,0.08136702315189392
2026-03-04 14:30:00+00:00,4593.16488424053,4593.16488424053,0,0.08136702315189392
2026-03-04 15:30:00+00:00,4593.16488424053,4593.16488424053,0,0.08136702315189392
2026-03-04 16:30:00+00:00,4593.16488424053,4593.16488424053,0,0.08136702315189392
2026-03-04 17:30:00+00:00,4593.16488424053,4593.16488424053,0,0.08136702315189392
2026-03-04 18:30:00+00:00,4593.16488424053,4593.16488424053,0,0.08136702315189392
2026-03-04 19:30:00+00:00,4593.16488424053,4593.16488424053,0,0.08136702315189392
2026-03-04 20:30:00+00:00,4593.16488424053,4593.16488424053,0,0.08136702315189392
2026-03-05 14:30:00+00:00,4593.16488424053,4593.16488424053,0,0.08136702315189392
2026-03-05 15:30:00+00:00,4593.16488424053,4593.16488424053,0,0.08136702315189392
2026-03-05 16:30:00+00:00,4593.16488424053,4593.16488424053,0,0.08136702315189392
2026-03-05 17:30:00+00:00,4593.16488424053,4593.16488424053,0,0.08136702315189392
2026-03-05 18:30:00+00:00,4593.16488424053,4593.16488424053,0,0.08136702315189392
2026-03-05 19:30:00+00:00,4593.16488424053,4593.16488424053,0,0.08136702315189392
2026-03-05 20:30:00+00:00,4593.16488424053,4593.16488424053,0,0.08136702315189392
2026-03-06 14:30:00+00:00,4593.16488424053,4593.16488424053,0,0.08136702315189392
2026-03-06 15:30:00+00:00,4593.16488424053,4593.16488424053,0,0.08136702315189392
2026-03-06 16:30:00+00:00,4593.16488424053,4593.16488424053,0,0.08136702315189392
2026-03-06 17:30:00+00:00,4593.16488424053,4593.16488424053,0,0.08136702315189392
2026-03-06 18:30:00+00:00,4593.16488424053,4593.16488424053,0,0.08136702315189392
2026-03-06 19:30:00+00:00,4593.16488424053,4593.16488424053,0,0.08136702315189392
2026-03-06 20:30:00+00:00,4593.16488424053,4593.16488424053,0,0.08136702315189392
2026-03-09 13:30:00+00:00,4593.16488424053,4593.16488424053,0,0.08136702315189392
2026-03-09 14:30:00+00:00,4593.16488424053,4593.16488424053,0,0.08136702315189392
2026-03-09 15:30:00+00:00,4593.16488424053,4593.16488424053,0,0.08136702315189392
2026-03-09 16:30:00+00:00,4593.16488424053,4593.16488424053,0,0.08136702315189392
2026-03-09 17:30:00+00:00,4593.16488424053,4593.16488424053,0,0.08136702315189392
2026-03-09 18:30:00+00:00,4593.16488424053,4593.16488424053,0,0.08136702315189392
2026-03-09 19:30:00+00:00,4593.16488424053,4593.16488424053,0,0.08136702315189392
2026-03-10 13:30:00+00:00,4593.16488424053,4593.16488424053,0,0.08136702315189392
2026-03-10 14:30:00+00:00,4593.16488424053,4593.16488424053,0,0.08136702315189392
2026-03-10 15:30:00+00:00,4593.16488424053,4593.16488424053,0,0.08136702315189392
2026-03-10 16:30:00+00:00,4593.16488424053,4593.16488424053,0,0.08136702315189392
2026-03-10 17:30:00+00:00,4593.16488424053,4593.16488424053,0,0.08136702315189392
2026-03-10 18:30:00+00:00,4593.16488424053,4593.16488424053,0,0.08136702315189392
2026-03-10 19:30:00+00:00,4593.16488424053,4593.16488424053,0,0.08136702315189392
2026-03-11 13:30:00+00:00,4593.16488424053,4593.16488424053,0,0.08136702315189392
2026-03-11 14:30:00+00:00,4593.16488424053,4593.16488424053,0,0.08136702315189392
2026-03-11 15:30:00+00:00,4593.16488424053,4593.16488424053,0,0.08136702315189392
2026-03-11 16:30:00+00:00,4593.16488424053,4593.16488424053,0,0.08136702315189392
2026-03-11 17:30:00+00:00,4593.16488424053,4593.16488424053,0,0.08136702315189392
2026-03-11 18:30:00+00:00,4593.16488424053,4593.16488424053,0,0.08136702315189392
2026-03-11 19:30:00+00:00,4593.16488424053,4593.16488424053,0,0.08136702315189392
2026-03-12 13:30:00+00:00,4593.16488424053,4593.16488424053,0,0.08136702315189392
2026-03-12 14:30:00+00:00,4593.16488424053,4593.16488424053,0,0.08136702315189392
2026-03-12 15:30:00+00:00,4593.16488424053,4593.16488424053,0,0.08136702315189392
2026-03-12 16:30:00+00:00,4593.16488424053,4593.16488424053,0,0.08136702315189392
2026-03-12 17:30:00+00:00,4593.16488424053,4593.16488424053,0,0.08136702315189392
2026-03-12 18:30:00+00:00,4593.16488424053,4593.16488424053,0,0.08136702315189392
2026-03-12 19:30:00+00:00,4593.16488424053,4593.16488424053,0,0.08136702315189392
2026-03-13 13:30:00+00:00,4593.16488424053,4593.16488424053,0,0.08136702315189392
2026-03-13 14:30:00+00:00,4593.16488424053,4593.16488424053,0,0.08136702315189392
2026-03-13 15:30:00+00:00,4593.16488424053,4593.16488424053,0,0.08136702315189392
2026-03-13 16:30:00+00:00,4593.16488424053,4593.16488424053,0,0.08136702315189392
2026-03-13 17:30:00+00:00,4593.16488424053,4593.16488424053,0,0.08136702315189392
2026-03-13 18:30:00+00:00,4593.16488424053,4593.16488424053,0,0.08136702315189392
2026-03-13 19:30:00+00:00,4593.16488424053,4593.16488424053,0,0.08136702315189392
2026-03-16 13:30:00+00:00,4593.16488424053,4593.16488424053,0,0.08136702315189392
2026-03-16 14:30:00+00:00,4593.16488424053,4593.16488424053,0,0.08136702315189392
2026-03-16 15:30:00+00:00,4593.16488424053,4593.16488424053,0,0.08136702315189392
2026-03-16 16:30:00+00:00,4593.16488424053,4593.16488424053,0,0.08136702315189392
2026-03-16 17:30:00+00:00,4593.16488424053,4593.16488424053,0,0.08136702315189392
2026-03-16 18:30:00+00:00,4593.16488424053,4593.16488424053,0,0.08136702315189392
2026-03-16 19:30:00+00:00,4593.16488424053,4593.16488424053,0,0.08136702315189392
2026-03-17 13:30:00+00:00,4593.16488424053,4593.16488424053,0,0.08136702315189392
2026-03-17 14:30:00+00:00,4593.16488424053,4593.16488424053,0,0.08136702315189392
2026-03-17 15:30:00+00:00,4593.16488424053,4593.16488424053,0,0.08136702315189392
2026-03-17 16:30:00+00:00,4593.16488424053,4593.16488424053,0,0.08136702315189392
2026-03-17 17:30:00+00:00,4593.16488424053,4593.16488424053,0,0.08136702315189392
2026-03-17 18:30:00+00:00,4593.16488424053,4593.16488424053,0,0.08136702315189392
2026-03-17 19:30:00+00:00,4593.16488424053,4593.16488424053,0,0.08136702315189392
2026-03-18 13:30:00+00:00,4593.16488424053,4593.16488424053,0,0.08136702315189392
2026-03-18 14:30:00+00:00,4593.16488424053,4593.16488424053,0,0.08136702315189392
2026-03-18 15:30:00+00:00,4593.16488424053,4593.16488424053,0,0.08136702315189392
2026-03-18 16:30:00+00:00,4593.16488424053,4593.16488424053,0,0.08136702315189392
2026-03-18 17:30:00+00:00,4593.16488424053,4593.16488424053,0,0.08136702315189392
2026-03-18 18:30:00+00:00,4593.16488424053,4593.16488424053,0,0.08136702315189392
2026-03-18 19:30:00+00:00,4593.16488424053,4593.16488424053,0,0.08136702315189392
2026-03-19 13:30:00+00:00,4593.16488424053,4593.16488424053,0,0.08136702315189392
2026-03-19 14:30:00+00:00,4593.16488424053,4593.16488424053,0,0.08136702315189392
2026-03-19 15:30:00+00:00,4593.16488424053,4593.16488424053,0,0.08136702315189392
2026-03-19 16:30:00+00:00,4593.16488424053,4593.16488424053,0,0.08136702315189392
2026-03-19 17:30:00+00:00,4593.16488424053,4593.16488424053,0,0.08136702315189392
2026-03-19 18:30:00+00:00,4593.16488424053,4593.16488424053,0,0.08136702315189392
2026-03-19 19:30:00+00:00,4593.16488424053,4593.16488424053,0,0.08136702315189392
2026-03-20 13:30:00+00:00,4593.16488424053,4593.16488424053,0,0.08136702315189392
2026-03-20 14:30:00+00:00,4593.16488424053,4593.16488424053,0,0.08136702315189392
2026-03-20 15:30:00+00:00,4593.16488424053,4593.16488424053,0,0.08136702315189392
2026-03-20 16:30:00+00:00,4593.16488424053,4593.16488424053,0,0.08136702315189392
2026-03-20 17:30:00+00:00,4593.16488424053,4593.16488424053,0,0.08136702315189392
2026-03-20 18:30:00+00:00,4593.16488424053,4593.16488424053,0,0.08136702315189392
2026-03-20 19:30:00+00:00,4593.16488424053,4593.16488424053,0,0.08136702315189392
2026-03-23 13:30:00+00:00,4593.16488424053,4593.16488424053,0,0.08136702315189392
2026-03-23 14:30:00+00:00,4593.16488424053,4593.16488424053,0,0.08136702315189392
2026-03-23 15:30:00+00:00,4593.16488424053,4593.16488424053,0,0.08136702315189392
2026-03-23 16:30:00+00:00,4593.16488424053,4593.16488424053,0,0.08136702315189392
2026-03-23 17:30:00+00:00,4593.16488424053,4593.16488424053,0,0.08136702315189392
2026-03-23 18:30:00+00:00,4593.16488424053,4593.16488424053,0,0.08136702315189392
2026-03-23 19:30:00+00:00,4593.16488424053,4593.16488424053,0,0.08136702315189392
2026-03-24 13:30:00+00:00,4593.16488424053,4593.16488424053,0,0.08136702315189392
2026-03-24 14:30:00+00:00,4593.16488424053,4593.16488424053,0,0.08136702315189392
2026-03-24 15:30:00+00:00,4593.16488424053,4593.16488424053,0,0.08136702315189392
2026-03-24 16:30:00+00:00,4593.16488424053,4593.16488424053,0,0.08136702315189392
2026-03-24 17:30:00+00:00,4593.16488424053,4593.16488424053,0,0.08136702315189392
2026-03-24 18:30:00+00:00,4593.16488424053,4593.16488424053,0,0.08136702315189392
2026-03-24 19:30:00+00:00,4593.16488424053,4593.16488424053,0,0.08136702315189392
2026-03-25 13:30:00+00:00,4593.16488424053,4593.16488424053,0,0.08136702315189392
2026-03-25 14:30:00+00:00,4593.16488424053,4593.16488424053,0,0.08136702315189392
2026-03-25 15:30:00+00:00,4593.16488424053,4593.16488424053,0,0.08136702315189392
2026-03-25 16:30:00+00:00,4593.16488424053,4593.16488424053,0,0.08136702315189392
2026-03-25 17:30:00+00:00,4593.16488424053,4593.16488424053,0,0.08136702315189392
2026-03-25 18:30:00+00:00,4593.16488424053,4593.16488424053,0,0.08136702315189392
2026-03-25 19:30:00+00:00,4593.16488424053,4593.16488424053,0,0.08136702315189392
2026-03-26 13:30:00+00:00,4593.16488424053,4593.16488424053,0,0.08136702315189392
2026-03-26 14:30:00+00:00,4593.16488424053,4593.16488424053,0,0.08136702315189392
2026-03-26 15:30:00+00:00,4593.16488424053,4593.16488424053,0,0.08136702315189392
2026-03-26 16:30:00+00:00,4593.16488424053,4593.16488424053,0,0.08136702315189392
2026-03-26 17:30:00+00:00,4593.16488424053,4593.16488424053,0,0.08136702315189392
2026-03-26 18:30:00+00:00,4593.16488424053,4593.16488424053,0,0.08136702315189392
2026-03-26 19:30:00+00:00,4593.16488424053,4593.16488424053,0,0.08136702315189392
2026-03-27 13:30:00+00:00,4593.16488424053,4593.16488424053,0,0.08136702315189392
2026-03-27 14:30:00+00:00,4593.16488424053,4593.16488424053,0,0.08136702315189392
2026-03-27 15:30:00+00:00,4593.16488424053,4593.16488424053,0,0.08136702315189392
2026-03-27 16:30:00+00:00,4593.16488424053,4593.16488424053,0,0.08136702315189392
2026-03-27 17:30:00+00:00,4593.16488424053,4593.16488424053,0,0.08136702315189392
2026-03-27 18:30:00+00:00,4593.16488424053,4593.16488424053,0,0.08136702315189392
2026-03-27 19:30:00+00:00,4593.16488424053,4593.16488424053,0,0.08136702315189392
2026-03-30 13:30:00+00:00,4593.16488424053,4593.16488424053,0,0.08136702315189392
2026-03-30 14:30:00+00:00,4593.16488424053,4593.16488424053,0,0.08136702315189392
2026-03-30 15:30:00+00:00,4593.16488424053,4593.16488424053,0,0.08136702315189392
2026-03-30 16:30:00+00:00,4593.16488424053,4593.16488424053,0,0.08136702315189392
2026-03-30 17:30:00+00:00,4593.16488424053,4593.16488424053,0,0.08136702315189392
2026-03-30 18:30:00+00:00,4593.16488424053,4593.16488424053,0,0.08136702315189392
2026-03-30 19:30:00+00:00,4593.16488424053,4593.16488424053,0,0.08136702315189392
2026-03-31 13:30:00+00:00,4593.16488424053,4593.16488424053,0,0.08136702315189392
2026-03-31 14:30:00+00:00,4593.16488424053,4593.16488424053,0,0.08136702315189392
2026-03-31 15:30:00+00:00,4593.16488424053,4593.16488424053,0,0.08136702315189392
2026-03-31 16:30:00+00:00,4593.16488424053,4593.16488424053,0,0.08136702315189392
2026-03-31 17:30:00+00:00,4593.16488424053,4593.16488424053,0,0.08136702315189392
2026-03-31 18:30:00+00:00,4593.16488424053,4593.16488424053,0,0.08136702315189392
2026-03-31 19:30:00+00:00,4593.16488424053,4593.16488424053,0,0.08136702315189392
2026-04-01 13:30:00+00:00,4593.16488424053,4593.16488424053,0,0.08136702315189392
2026-04-01 14:30:00+00:00,4593.16488424053,4593.16488424053,0,0.08136702315189392
2026-04-01 15:30:00+00:00,4593.16488424053,4593.16488424053,0,0.08136702315189392
2026-04-01 16:30:00+00:00,4593.16488424053,4593.16488424053,0,0.08136702315189392
2026-04-01 17:30:00+00:00,4593.16488424053,4593.16488424053,0,0.08136702315189392
2026-04-01 18:30:00+00:00,4593.16488424053,4593.16488424053,0,0.08136702315189392
2026-04-01 19:30:00+00:00,4593.16488424053,4593.16488424053,0,0.08136702315189392
2026-04-02 13:30:00+00:00,4593.16488424053,4593.16488424053,0,0.08136702315189392
2026-04-02 14:30:00+00:00,4593.16488424053,4593.16488424053,0,0.08136702315189392
2026-04-02 15:30:00+00:00,4593.16488424053,4593.16488424053,0,0.08136702315189392
2026-04-02 16:30:00+00:00,4593.16488424053,4593.16488424053,0,0.08136702315189392
2026-04-02 17:30:00+00:00,4593.16488424053,4593.16488424053,0,0.08136702315189392
2026-04-02 18:30:00+00:00,4593.16488424053,4593.16488424053,0,0.08136702315189392
2026-04-02 19:30:00+00:00,4593.16488424053,4593.16488424053,0,0.08136702315189392
2026-04-06 13:30:00+00:00,4593.16488424053,4593.16488424053,0,0.08136702315189392
2026-04-06 14:30:00+00:00,4593.16488424053,4593.16488424053,0,0.08136702315189392
2026-04-06 15:30:00+00:00,4593.16488424053,4593.16488424053,0,0.08136702315189392
2026-04-06 16:30:00+00:00,4593.16488424053,4593.16488424053,0,0.08136702315189392
2026-04-06 17:30:00+00:00,4593.16488424053,4593.16488424053,0,0.08136702315189392
2026-04-06 18:30:00+00:00,4593.16488424053,4593.16488424053,0,0.08136702315189392
2026-04-06 19:30:00+00:00,4593.16488424053,4593.16488424053,0,0.08136702315189392
2026-04-07 13:30:00+00:00,4593.16488424053,4593.16488424053,0,0.08136702315189392
2026-04-07 14:30:00+00:00,4593.16488424053,4593.16488424053,0,0.08136702315189392
2026-04-07 15:30:00+00:00,4593.16488424053,4593.16488424053,0,0.08136702315189392
2026-04-07 16:30:00+00:00,4593.16488424053,4593.16488424053,0,0.08136702315189392
2026-04-07 17:30:00+00:00,4593.16488424053,4593.16488424053,0,0.08136702315189392
2026-04-07 18:30:00+00:00,4593.16488424053,4593.16488424053,0,0.08136702315189392
2026-04-07 19:30:00+00:00,4593.16488424053,4593.16488424053,0,0.08136702315189392
2026-04-08 13:30:00+00:00,4593.16488424053,4593.16488424053,0,0.08136702315189392
2026-04-08 14:30:00+00:00,4593.16488424053,4593.16488424053,0,0.08136702315189392
2026-04-08 15:30:00+00:00,4593.16488424053,4593.16488424053,0,0.08136702315189392
2026-04-08 16:30:00+00:00,4593.16488424053,4593.16488424053,0,0.08136702315189392
2026-04-08 17:30:00+00:00,4593.16488424053,4593.16488424053,0,0.08136702315189392
2026-04-08 18:30:00+00:00,4593.16488424053,4593.16488424053,0,0.08136702315189392
2026-04-08 19:30:00+00:00,4593.16488424053,4593.16488424053,0,0.08136702315189392
2026-04-09 13:30:00+00:00,4593.16488424053,4593.16488424053,0,0.08136702315189392
2026-04-09 14:30:00+00:00,4593.16488424053,4593.16488424053,0,0.08136702315189392
2026-04-09 15:30:00+00:00,4593.16488424053,4593.16488424053,0,0.08136702315189392
2026-04-09 16:30:00+00:00,4593.16488424053,4593.16488424053,0,0.08136702315189392
2026-04-09 17:30:00+00:00,4593.16488424053,4593.16488424053,0,0.08136702315189392
2026-04-09 18:30:00+00:00,4593.16488424053,4593.16488424053,0,0.08136702315189392
2026-04-09 19:30:00+00:00,4593.16488424053,4593.16488424053,0,0.08136702315189392
2026-04-10 13:30:00+00:00,4593.16488424053,4593.16488424053,0,0.08136702315189392
2026-04-10 14:30:00+00:00,4593.16488424053,4593.16488424053,0,0.08136702315189392
2026-04-10 15:30:00+00:00,4593.16488424053,4593.16488424053,0,0.08136702315189392
2026-04-10 16:30:00+00:00,4593.16488424053,4593.16488424053,0,0.08136702315189392
2026-04-10 17:30:00+00:00,4593.16488424053,4593.16488424053,0,0.08136702315189392
2026-04-10 18:30:00+00:00,4593.16488424053,4593.16488424053,0,0.08136702315189392
2026-04-10 19:30:00+00:00,4593.16488424053,4593.16488424053,0,0.08136702315189392
2026-04-13 13:30:00+00:00,4593.16488424053,4593.16488424053,0,0.08136702315189392
2026-04-13 14:30:00+00:00,4593.16488424053,4593.16488424053,0,0.08136702315189392
2026-04-13 15:30:00+00:00,4593.16488424053,4593.16488424053,0,0.08136702315189392
2026-04-13 16:30:00+00:00,4593.16488424053,4593.16488424053,0,0.08136702315189392
2026-04-13 17:30:00+00:00,4593.16488424053,4593.16488424053,0,0.08136702315189392
2026-04-13 18:30:00+00:00,4593.16488424053,4593.16488424053,0,0.08136702315189392
2026-04-13 19:30:00+00:00,4593.16488424053,4593.16488424053,0,0.08136702315189392
2026-04-14 13:30:00+00:00,4593.16488424053,4593.16488424053,0,0.08136702315189392
2026-04-14 14:30:00+00:00,4593.16488424053,4593.16488424053,0,0.08136702315189392
2026-04-14 15:30:00+00:00,4593.16488424053,4593.16488424053,0,0.08136702315189392
2026-04-14 16:30:00+00:00,4593.16488424053,4593.16488424053,0,0.08136702315189392
2026-04-14 17:30:00+00:00,4593.16488424053,4593.16488424053,0,0.08136702315189392
2026-04-14 18:30:00+00:00,4593.16488424053,4593.16488424053,0,0.08136702315189392
2026-04-14 19:30:00+00:00,4593.16488424053,4593.16488424053,0,0.08136702315189392
2026-04-15 13:30:00+00:00,4593.16488424053,4593.16488424053,0,0.08136702315189392
2026-04-15 14:30:00+00:00,4593.16488424053,4593.16488424053,0,0.08136702315189392
2026-04-15 15:30:00+00:00,4593.16488424053,4593.16488424053,0,0.08136702315189392
2026-04-15 16:30:00+00:00,4593.16488424053,4593.16488424053,0,0.08136702315189392
2026-04-15 17:30:00+00:00,4593.16488424053,4593.16488424053,0,0.08136702315189392
2026-04-15 18:30:00+00:00,4593.16488424053,4593.16488424053,0,0.08136702315189392
2026-04-15 19:30:00+00:00,4593.16488424053,4593.16488424053,0,0.08136702315189392
2026-04-16 13:30:00+00:00,4593.16488424053,4593.16488424053,0,0.08136702315189392
2026-04-16 14:30:00+00:00,4593.16488424053,4593.16488424053,0,0.08136702315189392
2026-04-16 15:30:00+00:00,4593.16488424053,4593.16488424053,0,0.08136702315189392
2026-04-16 16:30:00+00:00,4593.16488424053,4593.16488424053,0,0.08136702315189392
2026-04-16 17:30:00+00:00,4593.16488424053,4593.16488424053,0,0.08136702315189392
2026-04-16 18:30:00+00:00,4593.16488424053,4593.16488424053,0,0.08136702315189392
2026-04-16 19:30:00+00:00,4593.16488424053,4593.16488424053,0,0.08136702315189392
2026-04-17 13:30:00+00:00,4593.16488424053,4593.16488424053,0,0.08136702315189392
2026-04-17 14:30:00+00:00,4593.16488424053,4593.16488424053,0,0.08136702315189392
2026-04-17 15:30:00+00:00,4593.16488424053,4593.16488424053,0,0.08136702315189392
2026-04-17 16:30:00+00:00,4593.16488424053,4593.16488424053,0,0.08136702315189392
2026-04-17 17:30:00+00:00,4593.16488424053,4593.16488424053,0,0.08136702315189392
2026-04-17 18:30:00+00:00,4593.16488424053,4593.16488424053,0,0.08136702315189392
2026-04-17 19:30:00+00:00,4593.16488424053,4593.16488424053,0,0.08136702315189392
2026-04-20 13:30:00+00:00,4593.16488424053,4593.16488424053,0,0.08136702315189392
2026-04-20 14:30:00+00:00,4593.16488424053,4593.16488424053,0,0.08136702315189392
2026-04-20 15:30:00+00:00,4593.16488424053,4593.16488424053,0,0.08136702315189392
2026-04-20 16:30:00+00:00,4593.16488424053,4593.16488424053,0,0.08136702315189392
2026-04-20 17:30:00+00:00,4593.16488424053,4593.16488424053,0,0.08136702315189392
2026-04-20 18:30:00+00:00,4593.16488424053,4593.16488424053,0,0.08136702315189392
2026-04-20 19:30:00+00:00,4593.16488424053,4593.16488424053,0,0.08136702315189392
2026-04-21 13:30:00+00:00,4593.16488424053,4593.16488424053,0,0.08136702315189392
2026-04-21 14:30:00+00:00,4593.16488424053,4593.16488424053,0,0.08136702315189392
2026-04-21 15:30:00+00:00,4593.16488424053,4593.16488424053,0,0.08136702315189392
2026-04-21 16:30:00+00:00,4593.16488424053,4593.16488424053,0,0.08136702315189392
2026-04-21 17:30:00+00:00,4593.16488424053,4593.16488424053,0,0.08136702315189392
2026-04-21 18:30:00+00:00,4593.16488424053,4593.16488424053,0,0.08136702315189392
2026-04-21 19:30:00+00:00,4593.16488424053,4593.16488424053,0,0.08136702315189392
2026-04-22 13:30:00+00:00,4593.16488424053,4593.16488424053,0,0.08136702315189392
2026-04-22 14:30:00+00:00,4593.16488424053,4593.16488424053,0,0.08136702315189392
2026-04-22 15:30:00+00:00,4593.16488424053,4593.16488424053,0,0.08136702315189392
2026-04-22 16:30:00+00:00,4593.16488424053,4593.16488424053,0,0.08136702315189392
2026-04-22 17:30:00+00:00,4593.16488424053,4593.16488424053,0,0.08136702315189392
2026-04-22 18:30:00+00:00,4593.16488424053,4593.16488424053,0,0.08136702315189392
2026-04-22 19:30:00+00:00,4593.16488424053,4593.16488424053,0,0.08136702315189392
2026-04-23 13:30:00+00:00,4593.16488424053,4593.16488424053,0,0.08136702315189392
2026-04-23 14:30:00+00:00,4593.16488424053,4593.16488424053,0,0.08136702315189392
2026-04-23 15:30:00+00:00,4593.16488424053,4593.16488424053,0,0.08136702315189392
2026-04-23 16:30:00+00:00,4593.16488424053,4593.16488424053,0,0.08136702315189392
2026-04-23 17:30:00+00:00,4593.16488424053,4593.16488424053,0,0.08136702315189392
2026-04-23 18:30:00+00:00,4593.16488424053,4593.16488424053,0,0.08136702315189392
2026-04-23 19:30:00+00:00,4593.16488424053,4593.16488424053,0,0.08136702315189392
2026-04-24 13:30:00+00:00,4593.16488424053,4593.16488424053,0,0.08136702315189392
2026-04-24 14:30:00+00:00,4593.16488424053,4593.16488424053,0,0.08136702315189392
2026-04-24 15:30:00+00:00,4593.16488424053,4593.16488424053,0,0.08136702315189392
2026-04-24 16:30:00+00:00,4593.16488424053,4593.16488424053,0,0.08136702315189392
2026-04-24 17:30:00+00:00,4593.16488424053,4593.16488424053,0,0.08136702315189392
2026-04-24 18:30:00+00:00,4593.16488424053,4593.16488424053,0,0.08136702315189392
2026-04-24 19:30:00+00:00,4593.16488424053,4593.16488424053,0,0.08136702315189392
2026-04-27 13:30:00+00:00,4593.16488424053,4593.16488424053,0,0.08136702315189392
2026-04-27 14:30:00+00:00,4593.16488424053,4593.16488424053,0,0.08136702315189392
2026-04-27 15:30:00+00:00,4593.16488424053,4593.16488424053,0,0.08136702315189392
2026-04-27 16:30:00+00:00,4593.16488424053,4593.16488424053,0,0.08136702315189392
2026-04-27 17:30:00+00:00,4593.16488424053,4593.16488424053,0,0.08136702315189392
2026-04-27 18:30:00+00:00,4593.16488424053,4593.16488424053,0,0.08136702315189392
2026-04-27 19:30:00+00:00,4593.16488424053,4593.16488424053,0,0.08136702315189392
2026-04-28 13:30:00+00:00,4593.16488424053,4593.16488424053,0,0.08136702315189392
2026-04-28 14:30:00+00:00,4593.16488424053,4593.16488424053,0,0.08136702315189392
2026-04-28 15:30:00+00:00,4593.16488424053,4593.16488424053,0,0.08136702315189392
2026-04-28 16:30:00+00:00,4593.16488424053,4593.16488424053,0,0.08136702315189392
2026-04-28 17:30:00+00:00,4593.16488424053,4593.16488424053,0,0.08136702315189392
2026-04-28 18:30:00+00:00,4593.16488424053,4593.16488424053,0,0.08136702315189392
2026-04-28 19:30:00+00:00,4593.16488424053,4593.16488424053,0,0.08136702315189392
2026-04-29 13:30:00+00:00,4593.16488424053,4593.16488424053,0,0.08136702315189392
2026-04-29 14:30:00+00:00,4593.16488424053,4593.16488424053,0,0.08136702315189392
2026-04-29 15:30:00+00:00,4593.16488424053,4593.16488424053,0,0.08136702315189392
2026-04-29 16:30:00+00:00,4593.16488424053,4593.16488424053,0,0.08136702315189392
2026-04-29 17:30:00+00:00,4593.16488424053,4593.16488424053,0,0.08136702315189392
2026-04-29 18:30:00+00:00,4593.16488424053,4593.16488424053,0,0.08136702315189392
2026-04-29 19:30:00+00:00,4593.16488424053,4593.16488424053,0,0.08136702315189392
2026-04-30 13:30:00+00:00,4593.16488424053,4593.16488424053,0,0.08136702315189392
2026-04-30 14:30:00+00:00,4593.16488424053,4593.16488424053,0,0.08136702315189392
2026-04-30 15:30:00+00:00,4593.16488424053,4593.16488424053,0,0.08136702315189392
2026-04-30 16:30:00+00:00,4593.16488424053,4593.16488424053,0,0.08136702315189392
2026-04-30 17:30:00+00:00,4593.16488424053,4593.16488424053,0,0.08136702315189392
2026-04-30 18:30:00+00:00,4593.16488424053,4593.16488424053,0,0.08136702315189392
2026-04-30 19:30:00+00:00,4593.16488424053,4593.16488424053,0,0.08136702315189392
2026-05-01 13:30:00+00:00,4593.16488424053,4593.16488424053,0,0.08136702315189392
2026-05-01 14:30:00+00:00,4593.16488424053,4593.16488424053,0,0.08136702315189392
2026-05-01 15:30:00+00:00,4593.16488424053,4593.16488424053,0,0.08136702315189392
2026-05-01 16:30:00+00:00,4593.16488424053,4593.16488424053,0,0.08136702315189392
2026-05-01 17:30:00+00:00,4593.16488424053,4593.16488424053,0,0.08136702315189392
2026-05-01 18:30:00+00:00,4593.16488424053,4593.16488424053,0,0.08136702315189392
2026-05-01 19:30:00+00:00,4593.16488424053,4593.16488424053,0,0.08136702315189392
2026-05-04 13:30:00+00:00,4593.16488424053,4593.16488424053,0,0.08136702315189392
2026-05-04 14:30:00+00:00,4593.16488424053,4593.16488424053,0,0.08136702315189392
2026-05-04 15:30:00+00:00,4593.16488424053,4593.16488424053,0,0.08136702315189392
2026-05-04 16:30:00+00:00,4593.16488424053,4593.16488424053,0,0.08136702315189392
2026-05-04 17:30:00+00:00,4593.16488424053,4593.16488424053,0,0.08136702315189392
2026-05-04 18:30:00+00:00,4593.16488424053,4593.16488424053,0,0.08136702315189392
2026-05-04 19:30:00+00:00,4593.16488424053,4593.16488424053,0,0.08136702315189392
2026-05-05 13:30:00+00:00,4593.16488424053,4593.16488424053,0,0.08136702315189392
2026-05-05 14:30:00+00:00,4593.16488424053,4593.16488424053,0,0.08136702315189392
2026-05-05 15:30:00+00:00,4593.16488424053,4593.16488424053,0,0.08136702315189392
2026-05-05 16:30:00+00:00,4593.16488424053,4593.16488424053,0,0.08136702315189392
2026-05-05 17:30:00+00:00,4593.16488424053,4593.16488424053,0,0.08136702315189392
2026-05-05 18:30:00+00:00,4593.16488424053,4593.16488424053,0,0.08136702315189392
2026-05-05 19:30:00+00:00,4593.16488424053,4593.16488424053,0,0.08136702315189392
2026-05-06 13:30:00+00:00,4593.16488424053,4593.16488424053,0,0.08136702315189392
2026-05-06 14:30:00+00:00,4593.16488424053,4593.16488424053,0,0.08136702315189392
2026-05-06 15:30:00+00:00,4593.16488424053,4593.16488424053,0,0.08136702315189392
2026-05-06 16:30:00+00:00,4593.16488424053,4593.16488424053,0,0.08136702315189392
2026-05-06 17:30:00+00:00,4593.16488424053,4593.16488424053,0,0.08136702315189392
2026-05-06 18:30:00+00:00,4593.16488424053,4593.16488424053,0,0.08136702315189392
2026-05-06 19:30:00+00:00,4593.16488424053,4593.16488424053,0,0.08136702315189392
2026-05-07 13:30:00+00:00,4593.16488424053,4593.16488424053,0,0.08136702315189392
2026-05-07 14:30:00+00:00,4593.16488424053,4593.16488424053,0,0.08136702315189392
2026-05-07 15:30:00+00:00,4593.16488424053,4593.16488424053,0,0.08136702315189392
2026-05-07 16:30:00+00:00,4593.16488424053,4593.16488424053,0,0.08136702315189392
2026-05-07 17:30:00+00:00,4593.16488424053,4593.16488424053,0,0.08136702315189392
2026-05-07 18:30:00+00:00,4593.16488424053,4593.16488424053,0,0.08136702315189392
2026-05-07 19:30:00+00:00,4593.16488424053,4593.16488424053,0,0.08136702315189392
2026-05-08 13:30:00+00:00,4593.16488424053,4593.16488424053,0,0.08136702315189392
2026-05-08 14:30:00+00:00,4593.16488424053,4593.16488424053,0,0.08136702315189392
2026-05-08 15:30:00+00:00,4593.16488424053,4593.16488424053,0,0.08136702315189392
2026-05-08 16:30:00+00:00,4593.16488424053,4593.16488424053,0,0.08136702315189392
2026-05-08 17:30:00+00:00,4593.16488424053,4593.16488424053,0,0.08136702315189392
2026-05-08 18:30:00+00:00,4593.16488424053,4593.16488424053,0,0.08136702315189392
2026-05-08 19:30:00+00:00,4593.16488424053,4593.16488424053,0,0.08136702315189392
2026-05-11 13:30:00+00:00,4593.16488424053,4593.16488424053,0,0.08136702315189392
2026-05-11 14:30:00+00:00,4593.16488424053,4593.16488424053,0,0.08136702315189392
2026-05-11 15:30:00+00:00,4593.16488424053,4593.16488424053,0,0.08136702315189392
2026-05-11 16:30:00+00:00,4593.16488424053,4593.16488424053,0,0.08136702315189392
2026-05-11 17:30:00+00:00,4593.16488424053,4593.16488424053,0,0.08136702315189392
2026-05-11 18:30:00+00:00,4593.16488424053,4593.16488424053,0,0.08136702315189392
2026-05-11 19:30:00+00:00,4593.16488424053,4593.16488424053,0,0.08136702315189392
2026-05-12 13:30:00+00:00,4593.16488424053,4593.16488424053,0,0.08136702315189392
2026-05-12 14:30:00+00:00,4593.16488424053,4593.16488424053,0,0.08136702315189392
2026-05-12 15:30:00+00:00,4593.16488424053,4593.16488424053,0,0.08136702315189392
2026-05-12 16:30:00+00:00,4593.16488424053,4593.16488424053,0,0.08136702315189392
2026-05-12 17:30:00+00:00,4593.16488424053,4593.16488424053,0,0.08136702315189392
2026-05-12 18:30:00+00:00,4593.16488424053,4593.16488424053,0,0.08136702315189392
2026-05-12 19:30:00+00:00,4593.16488424053,4593.16488424053,0,0.08136702315189392
2026-05-13 13:30:00+00:00,4593.16488424053,4593.16488424053,0,0.08136702315189392
2026-05-13 14:30:00+00:00,4593.16488424053,4593.16488424053,0,0.08136702315189392
2026-05-13 15:30:00+00:00,4593.16488424053,4593.16488424053,0,0.08136702315189392
2026-05-13 16:30:00+00:00,4593.16488424053,4593.16488424053,0,0.08136702315189392
2026-05-13 17:30:00+00:00,4593.16488424053,4593.16488424053,0,0.08136702315189392
2026-05-13 18:30:00+00:00,4593.16488424053,4593.16488424053,0,0.08136702315189392
2026-05-13 19:30:00+00:00,4593.16488424053,4593.16488424053,0,0.08136702315189392
2026-05-14 13:30:00+00:00,4593.16488424053,4593.16488424053,0,0.08136702315189392
2026-05-14 14:30:00+00:00,4593.16488424053,4593.16488424053,0,0.08136702315189392
2026-05-14 15:30:00+00:00,4593.16488424053,4593.16488424053,0,0.08136702315189392
2026-05-14 16:30:00+00:00,4593.16488424053,4593.16488424053,0,0.08136702315189392
2026-05-14 17:30:00+00:00,4593.16488424053,4593.16488424053,0,0.08136702315189392
2026-05-14 18:30:00+00:00,4593.16488424053,4593.16488424053,0,0.08136702315189392
2026-05-14 19:30:00+00:00,4593.16488424053,4593.16488424053,0,0.08136702315189392
2026-05-15 13:30:00+00:00,4593.16488424053,4593.16488424053,0,0.08136702315189392
2026-05-15 14:30:00+00:00,4593.16488424053,4593.16488424053,0,0.08136702315189392
2026-05-15 15:30:00+00:00,4593.16488424053,4593.16488424053,0,0.08136702315189392
2026-05-15 16:30:00+00:00,4593.16488424053,4593.16488424053,0,0.08136702315189392
2026-05-15 17:30:00+00:00,4593.16488424053,4593.16488424053,0,0.08136702315189392
2026-05-15 18:30:00+00:00,4593.16488424053,4593.16488424053,0,0.08136702315189392
2026-05-15 19:30:00+00:00,4593.16488424053,4593.16488424053,0,0.08136702315189392
2026-05-18 13:30:00+00:00,4593.16488424053,4593.16488424053,0,0.08136702315189392
2026-05-18 14:30:00+00:00,4593.16488424053,4593.16488424053,0,0.08136702315189392
2026-05-18 15:30:00+00:00,4593.16488424053,4593.16488424053,0,0.08136702315189392
2026-05-18 16:30:00+00:00,4593.16488424053,4593.16488424053,0,0.08136702315189392
2026-05-18 17:30:00+00:00,4593.16488424053,4593.16488424053,0,0.08136702315189392
2026-05-18 18:30:00+00:00,4593.16488424053,4593.16488424053,0,0.08136702315189392
2026-05-18 19:30:00+00:00,4593.16488424053,4593.16488424053,0,0.08136702315189392
2026-05-19 13:30:00+00:00,4593.16488424053,4593.16488424053,0,0.08136702315189392
2026-05-19 14:30:00+00:00,4593.16488424053,4593.16488424053,0,0.08136702315189392
2026-05-19 15:30:00+00:00,4593.16488424053,4593.16488424053,0,0.08136702315189392
2026-05-19 16:30:00+00:00,4593.16488424053,4593.16488424053,0,0.08136702315189392
2026-05-19 17:30:00+00:00,4593.16488424053,4593.16488424053,0,0.08136702315189392
2026-05-19 18:30:00+00:00,4593.16488424053,4593.16488424053,0,0.08136702315189392
2026-05-19 19:30:00+00:00,4593.16488424053,4593.16488424053,0,0.08136702315189392
2026-05-20 13:30:00+00:00,4593.16488424053,4593.16488424053,0,0.08136702315189392
2026-05-20 14:30:00+00:00,4593.16488424053,4593.16488424053,0,0.08136702315189392
2026-05-20 15:30:00+00:00,4593.16488424053,4593.16488424053,0,0.08136702315189392
2026-05-20 16:30:00+00:00,4593.16488424053,4593.16488424053,0,0.08136702315189392
2026-05-20 17:30:00+00:00,4593.16488424053,4593.16488424053,0,0.08136702315189392
2026-05-20 18:30:00+00:00,4593.16488424053,4593.16488424053,0,0.08136702315189392
2026-05-20 19:30:00+00:00,4593.16488424053,4593.16488424053,0,0.08136702315189392
2026-05-21 13:30:00+00:00,4593.16488424053,4593.16488424053,0,0.08136702315189392
2026-05-21 14:30:00+00:00,4593.16488424053,4593.16488424053,0,0.08136702315189392
2026-05-21 15:30:00+00:00,4593.16488424053,4593.16488424053,0,0.08136702315189392
2026-05-21 16:30:00+00:00,4593.16488424053,4593.16488424053,0,0.08136702315189392
2026-05-21 17:30:00+00:00,4593.16488424053,4593.16488424053,0,0.08136702315189392
2026-05-21 18:30:00+00:00,4593.16488424053,4593.16488424053,0,0.08136702315189392
2026-05-21 19:30:00+00:00,4593.16488424053,4593.16488424053,0,0.08136702315189392
2026-05-22 13:30:00+00:00,4593.16488424053,4593.16488424053,0,0.08136702315189392
2026-05-22 14:30:00+00:00,4593.16488424053,4593.16488424053,0,0.08136702315189392
2026-05-22 15:30:00+00:00,4593.16488424053,4593.16488424053,0,0.08136702315189392
2026-05-22 16:30:00+00:00,4593.16488424053,4593.16488424053,0,0.08136702315189392
2026-05-22 17:30:00+00:00,4593.16488424053,4593.16488424053,0,0.08136702315189392
2026-05-22 18:30:00+00:00,4593.16488424053,4593.16488424053,0,0.08136702315189392
2026-05-22 19:30:00+00:00,4593.16488424053,4593.16488424053,0,0.08136702315189392
2026-05-26 13:30:00+00:00,4593.16488424053,4593.16488424053,0,0.08136702315189392
2026-05-26 14:30:00+00:00,4593.16488424053,4593.16488424053,0,0.08136702315189392
2026-05-26 15:30:00+00:00,4593.16488424053,4593.16488424053,0,0.08136702315189392
2026-05-26 16:30:00+00:00,4593.16488424053,4593.16488424053,0,0.08136702315189392
2026-05-26 17:30:00+00:00,4593.16488424053,4593.16488424053,0,0.08136702315189392
2026-05-26 18:30:00+00:00,4593.16488424053,4593.16488424053,0,0.08136702315189392
2026-05-26 19:30:00+00:00,4593.16488424053,4593.16488424053,0,0.08136702315189392
2026-05-27 13:30:00+00:00,4593.16488424053,4593.16488424053,0,0.08136702315189392
2026-05-27 14:30:00+00:00,4593.16488424053,4593.16488424053,0,0.08136702315189392
2026-05-27 15:30:00+00:00,4593.16488424053,4593.16488424053,0,0.08136702315189392
2026-05-27 16:30:00+00:00,4593.16488424053,4593.16488424053,0,0.08136702315189392
2026-05-27 17:30:00+00:00,4593.16488424053,4593.16488424053,0,0.08136702315189392
2026-05-27 18:30:00+00:00,4593.16488424053,4593.16488424053,0,0.08136702315189392
2026-05-27 19:30:00+00:00,4593.16488424053,4593.16488424053,0,0.08136702315189392
2026-05-28 13:30:00+00:00,4593.16488424053,4593.16488424053,0,0.08136702315189392
2026-05-28 14:30:00+00:00,4593.16488424053,4593.16488424053,0,0.08136702315189392
2026-05-28 15:30:00+00:00,4593.16488424053,4593.16488424053,0,0.08136702315189392
2026-05-28 16:30:00+00:00,4593.16488424053,4593.16488424053,0,0.08136702315189392
2026-05-28 17:30:00+00:00,4593.16488424053,4593.16488424053,0,0.08136702315189392
2026-05-28 18:30:00+00:00,4593.16488424053,4593.16488424053,0,0.08136702315189392
2026-05-28 19:30:00+00:00,4593.16488424053,4593.16488424053,0,0.08136702315189392
2026-05-29 13:30:00+00:00,4593.16488424053,4593.16488424053,0,0.08136702315189392
2026-05-29 14:30:00+00:00,4593.16488424053,4593.16488424053,0,0.08136702315189392
2026-05-29 15:30:00+00:00,4593.16488424053,4593.16488424053,0,0.08136702315189392
2026-05-29 16:30:00+00:00,4593.16488424053,4593.16488424053,0,0.08136702315189392
2026-05-29 17:30:00+00:00,4593.16488424053,4593.16488424053,0,0.08136702315189392
2026-05-29 18:30:00+00:00,4593.16488424053,4593.16488424053,0,0.08136702315189392
2026-05-29 19:30:00+00:00,4593.16488424053,4593.16488424053,0,0.08136702315189392
2026-06-01 13:30:00+00:00,4593.16488424053,4593.16488424053,0,0.08136702315189392
2026-06-01 14:30:00+00:00,4593.16488424053,4593.16488424053,0,0.08136702315189392
2026-06-01 15:30:00+00:00,4593.16488424053,4593.16488424053,0,0.08136702315189392
2026-06-01 16:30:00+00:00,4593.16488424053,4593.16488424053,0,0.08136702315189392
2026-06-01 17:30:00+00:00,4593.16488424053,4593.16488424053,0,0.08136702315189392
2026-06-01 18:30:00+00:00,4593.16488424053,4593.16488424053,0,0.08136702315189392
2026-06-01 19:30:00+00:00,4593.16488424053,4593.16488424053,0,0.08136702315189392
2026-06-02 13:30:00+00:00,4593.16488424053,4593.16488424053,0,0.08136702315189392
2026-06-02 14:30:00+00:00,4593.16488424053,4593.16488424053,0,0.08136702315189392
2026-06-02 15:30:00+00:00,4593.16488424053,4593.16488424053,0,0.08136702315189392
2026-06-02 16:30:00+00:00,4593.16488424053,4593.16488424053,0,0.08136702315189392
2026-06-02 17:30:00+00:00,4593.16488424053,4593.16488424053,0,0.08136702315189392
2026-06-02 18:30:00+00:00,4593.16488424053,4593.16488424053,0,0.08136702315189392
2026-06-02 19:30:00+00:00,4593.16488424053,4593.16488424053,0,0.08136702315189392
2026-06-03 13:30:00+00:00,4593.16488424053,4593.16488424053,0,0.08136702315189392
2026-06-03 14:30:00+00:00,4593.16488424053,4593.16488424053,0,0.08136702315189392
2026-06-03 15:30:00+00:00,4593.16488424053,4593.16488424053,0,0.08136702315189392
2026-06-03 16:30:00+00:00,4593.16488424053,4593.16488424053,0,0.08136702315189392
2026-06-03 17:30:00+00:00,4593.16488424053,4593.16488424053,0,0.08136702315189392
2026-06-03 18:30:00+00:00,4593.16488424053,4593.16488424053,0,0.08136702315189392
2026-06-03 19:30:00+00:00,4593.16488424053,4593.16488424053,0,0.08136702315189392
2026-06-04 13:30:00+00:00,4593.16488424053,4593.16488424053,0,0.08136702315189392
2026-06-04 14:30:00+00:00,4593.16488424053,4593.16488424053,0,0.08136702315189392
2026-06-04 15:30:00+00:00,4593.16488424053,4593.16488424053,0,0.08136702315189392
2026-06-04 16:30:00+00:00,4593.16488424053,4593.16488424053,0,0.08136702315189392
2026-06-04 17:30:00+00:00,4593.16488424053,4593.16488424053,0,0.08136702315189392
2026-06-04 18:30:00+00:00,4593.16488424053,4593.16488424053,0,0.08136702315189392
2026-06-04 19:30:00+00:00,4593.16488424053,4593.16488424053,0,0.08136702315189392
2026-06-05 13:30:00+00:00,4593.16488424053,4593.16488424053,0,0.08136702315189392
2026-06-05 14:30:00+00:00,4593.16488424053,4593.16488424053,0,0.08136702315189392
2026-06-05 15:30:00+00:00,4593.16488424053,4593.16488424053,0,0.08136702315189392
2026-06-05 16:30:00+00:00,4593.16488424053,4593.16488424053,0,0.08136702315189392
2026-06-05 17:30:00+00:00,4593.16488424053,4593.16488424053,0,0.08136702315189392
2026-06-05 18:30:00+00:00,4593.16488424053,4593.16488424053,0,0.08136702315189392
2026-06-05 19:30:00+00:00,4593.16488424053,4593.16488424053,0,0.08136702315189392
2026-06-08 13:30:00+00:00,4593.16488424053,4593.16488424053,0,0.08136702315189392
2026-06-08 14:30:00+00:00,4593.16488424053,4593.16488424053,0,0.08136702315189392
2026-06-08 15:30:00+00:00,4593.16488424053,4593.16488424053,0,0.08136702315189392
2026-06-08 16:30:00+00:00,4593.16488424053,4593.16488424053,0,0.08136702315189392
2026-06-08 17:30:00+00:00,4593.16488424053,4593.16488424053,0,0.08136702315189392
2026-06-08 18:30:00+00:00,4593.16488424053,4593.16488424053,0,0.08136702315189392
2026-06-08 19:30:00+00:00,4593.16488424053,4593.16488424053,0,0.08136702315189392
2026-06-09 13:30:00+00:00,4593.16488424053,4593.16488424053,0,0.08136702315189392
2026-06-09 14:30:00+00:00,4593.16488424053,4593.16488424053,0,0.08136702315189392
2026-06-09 15:30:00+00:00,4593.16488424053,4593.16488424053,0,0.08136702315189392
2026-06-09 16:30:00+00:00,4593.16488424053,4593.16488424053,0,0.08136702315189392
2026-06-09 17:30:00+00:00,4593.16488424053,4593.16488424053,0,0.08136702315189392
2026-06-09 18:30:00+00:00,4593.16488424053,4593.16488424053,0,0.08136702315189392
2026-06-09 19:30:00+00:00,4593.16488424053,4593.16488424053,0,0.08136702315189392
2026-06-10 13:30:00+00:00,4593.16488424053,4593.16488424053,0,0.08136702315189392
2026-06-10 14:30:00+00:00,4593.16488424053,4593.16488424053,0,0.08136702315189392
2026-06-10 15:30:00+00:00,4593.16488424053,4593.16488424053,0,0.08136702315189392
2026-06-10 16:30:00+00:00,4593.16488424053,4593.16488424053,0,0.08136702315189392
2026-06-10 17:30:00+00:00,4593.16488424053,4593.16488424053,0,0.08136702315189392
2026-06-10 18:30:00+00:00,4593.16488424053,4593.16488424053,0,0.08136702315189392
2026-06-10 19:30:00+00:00,4593.16488424053,4593.16488424053,0,0.08136702315189392
2026-06-11 13:30:00+00:00,4593.16488424053,4593.16488424053,0,0.08136702315189392
2026-06-11 14:30:00+00:00,4593.16488424053,4593.16488424053,0,0.08136702315189392
2026-06-11 15:30:00+00:00,4593.16488424053,4593.16488424053,0,0.08136702315189392
2026-06-11 16:30:00+00:00,4593.16488424053,4593.16488424053,0,0.08136702315189392
2026-06-11 17:30:00+00:00,4593.16488424053,4593.16488424053,0,0.08136702315189392
2026-06-11 18:30:00+00:00,4593.16488424053,4593.16488424053,0,0.08136702315189392
2026-06-11 19:30:00+00:00,4593.16488424053,4593.16488424053,0,0.08136702315189392
2026-06-12 13:30:00+00:00,4593.16488424053,4593.16488424053,0,0.08136702315189392
2026-06-12 14:30:00+00:00,4593.16488424053,4593.16488424053,0,0.08136702315189392
2026-06-12 15:30:00+00:00,4593.16488424053,4593.16488424053,0,0.08136702315189392
2026-06-12 16:30:00+00:00,4593.16488424053,4593.16488424053,0,0.08136702315189392
2026-06-12 17:30:00+00:00,4593.16488424053,4593.16488424053,0,0.08136702315189392
2026-06-12 18:30:00+00:00,4593.16488424053,4593.16488424053,0,0.08136702315189392
2026-06-12 19:30:00+00:00,4593.16488424053,4593.16488424053,0,0.08136702315189392
2026-06-15 13:30:00+00:00,4593.16488424053,4593.16488424053,0,0.08136702315189392
2026-06-15 14:30:00+00:00,4593.16488424053,4593.16488424053,0,0.08136702315189392
2026-06-15 15:30:00+00:00,4593.16488424053,4593.16488424053,0,0.08136702315189392
2026-06-15 16:30:00+00:00,4593.16488424053,4593.16488424053,0,0.08136702315189392
2026-06-15 17:30:00+00:00,4593.16488424053,4593.16488424053,0,0.08136702315189392
2026-06-15 18:30:00+00:00,4593.16488424053,4593.16488424053,0,0.08136702315189392
2026-06-15 19:30:00+00:00,4593.16488424053,4593.16488424053,0,0.08136702315189392
2026-06-16 13:30:00+00:00,4593.16488424053,4593.16488424053,0,0.08136702315189392
2026-06-16 14:30:00+00:00,4593.16488424053,4593.16488424053,0,0.08136702315189392
2026-06-16 15:30:00+00:00,4593.16488424053,4593.16488424053,0,0.08136702315189392
2026-06-16 16:30:00+00:00,4593.16488424053,4593.16488424053,0,0.08136702315189392
2026-06-16 17:30:00+00:00,4593.16488424053,4593.16488424053,0,0.08136702315189392
2026-06-16 18:30:00+00:00,4593.16488424053,4593.16488424053,0,0.08136702315189392
2026-06-16 19:30:00+00:00,4593.16488424053,4593.16488424053,0,0.08136702315189392
2026-06-17 13:30:00+00:00,4593.16488424053,4593.16488424053,0,0.08136702315189392
2026-06-17 14:30:00+00:00,4593.16488424053,4593.16488424053,0,0.08136702315189392
2026-06-17 15:30:00+00:00,4593.16488424053,4593.16488424053,0,0.08136702315189392
2026-06-17 16:30:00+00:00,4593.16488424053,4593.16488424053,0,0.08136702315189392
2026-06-17 17:30:00+00:00,4593.16488424053,4593.16488424053,0,0.08136702315189392
2026-06-17 18:30:00+00:00,4593.16488424053,4593.16488424053,0,0.08136702315189392
2026-06-17 19:30:00+00:00,4593.16488424053,4593.16488424053,0,0.08136702315189392
2026-06-18 13:30:00+00:00,4593.16488424053,4593.16488424053,0,0.08136702315189392
2026-06-18 14:30:00+00:00,4593.16488424053,4593.16488424053,0,0.08136702315189392
2026-06-18 15:30:00+00:00,4593.16488424053,4593.16488424053,0,0.08136702315189392
2026-06-18 16:30:00+00:00,4593.16488424053,4593.16488424053,0,0.08136702315189392
2026-06-18 17:30:00+00:00,4593.16488424053,4593.16488424053,0,0.08136702315189392
2026-06-18 18:30:00+00:00,4593.16488424053,4593.16488424053,0,0.08136702315189392
2026-06-18 19:30:00+00:00,4593.16488424053,4593.16488424053,0,0.08136702315189392
2026-06-22 13:30:00+00:00,4593.16488424053,4593.16488424053,0,0.08136702315189392
2026-06-22 14:30:00+00:00,4593.16488424053,4593.16488424053,0,0.08136702315189392
2026-06-22 15:30:00+00:00,4593.16488424053,4593.16488424053,0,0.08136702315189392
2026-06-22 16:30:00+00:00,4593.16488424053,4593.16488424053,0,0.08136702315189392
2026-06-22 17:30:00+00:00,4593.16488424053,4593.16488424053,0,0.08136702315189392
2026-06-22 18:30:00+00:00,4593.16488424053,4593.16488424053,0,0.08136702315189392
2026-06-22 19:30:00+00:00,4593.16488424053,4593.16488424053,0,0.08136702315189392
2026-06-23 13:30:00+00:00,4593.16488424053,4593.16488424053,0,0.08136702315189392
2026-06-23 14:30:00+00:00,4593.16488424053,4593.16488424053,0,0.08136702315189392
2026-06-23 15:30:00+00:00,4593.16488424053,4593.16488424053,0,0.08136702315189392
2026-06-23 16:30:00+00:00,4593.16488424053,4593.16488424053,0,0.08136702315189392
2026-06-23 17:30:00+00:00,4593.16488424053,4593.16488424053,0,0.08136702315189392
2026-06-23 18:30:00+00:00,4593.16488424053,4593.16488424053,0,0.08136702315189392
2026-06-23 19:30:00+00:00,4593.16488424053,4593.16488424053,0,0.08136702315189392
2026-06-24 13:30:00+00:00,4593.16488424053,4593.16488424053,0,0.08136702315189392
2026-06-24 14:30:00+00:00,4593.16488424053,4593.16488424053,0,0.08136702315189392
2026-06-24 15:30:00+00:00,4593.16488424053,4593.16488424053,0,0.08136702315189392
2026-06-24 16:30:00+00:00,4593.16488424053,4593.16488424053,0,0.08136702315189392
2026-06-24 17:30:00+00:00,4593.16488424053,4593.16488424053,0,0.08136702315189392
2026-06-24 18:30:00+00:00,4593.16488424053,4593.16488424053,0,0.08136702315189392
2026-06-24 19:30:00+00:00,4593.16488424053,4593.16488424053,0,0.08136702315189392
2026-06-25 13:30:00+00:00,4593.16488424053,4593.16488424053,0,0.08136702315189392
2026-06-25 14:30:00+00:00,4593.16488424053,4593.16488424053,0,0.08136702315189392
2026-06-25 15:30:00+00:00,4593.16488424053,4593.16488424053,0,0.08136702315189392
2026-06-25 16:30:00+00:00,4593.16488424053,4593.16488424053,0,0.08136702315189392
2026-06-25 17:30:00+00:00,4593.16488424053,4593.16488424053,0,0.08136702315189392
2026-06-25 18:30:00+00:00,4593.16488424053,4593.16488424053,0,0.08136702315189392
2026-06-25 19:30:00+00:00,4593.16488424053,4593.16488424053,0,0.08136702315189392
2026-06-26 13:30:00+00:00,4593.16488424053,4593.16488424053,0,0.08136702315189392
2026-06-26 14:30:00+00:00,4593.16488424053,4593.16488424053,0,0.08136702315189392
2026-06-26 15:30:00+00:00,4593.16488424053,4593.16488424053,0,0.08136702315189392
2026-06-26 16:30:00+00:00,4593.16488424053,4593.16488424053,0,0.08136702315189392
2026-06-26 17:30:00+00:00,4593.16488424053,4593.16488424053,0,0.08136702315189392
2026-06-26 18:30:00+00:00,4593.16488424053,4593.16488424053,0,0.08136702315189392
2026-06-26 19:30:00+00:00,4593.16488424053,4593.16488424053,0,0.08136702315189392
2026-06-29 13:30:00+00:00,4593.16488424053,4593.16488424053,0,0.08136702315189392
2026-06-29 14:30:00+00:00,4593.16488424053,4593.16488424053,0,0.08136702315189392
2026-06-29 15:30:00+00:00,4593.16488424053,4593.16488424053,0,0.08136702315189392
2026-06-29 16:30:00+00:00,4593.16488424053,4593.16488424053,0,0.08136702315189392
2026-06-29 17:30:00+00:00,4593.16488424053,4593.16488424053,0,0.08136702315189392
2026-06-29 18:30:00+00:00,4593.16488424053,4593.16488424053,0,0.08136702315189392
2026-06-29 19:30:00+00:00,4593.16488424053,4593.16488424053,0,0.08136702315189392
2026-06-30 13:30:00+00:00,4593.16488424053,4593.16488424053,0,0.08136702315189392
2026-06-30 14:30:00+00:00,4593.16488424053,4593.16488424053,0,0.08136702315189392
2026-06-30 15:30:00+00:00,4593.16488424053,4593.16488424053,0,0.08136702315189392
2026-06-30 16:30:00+00:00,4593.16488424053,4593.16488424053,0,0.08136702315189392
2026-06-30 17:30:00+00:00,4593.16488424053,4593.16488424053,0,0.08136702315189392
2026-06-30 18:30:00+00:00,4593.16488424053,4593.16488424053,0,0.08136702315189392
2026-06-30 19:30:00+00:00,4593.16488424053,4593.16488424053,0,0.08136702315189392
2026-07-01 13:30:00+00:00,4593.16488424053,4593.16488424053,0,0.08136702315189392
2026-07-01 14:30:00+00:00,4593.16488424053,4593.16488424053,0,0.08136702315189392
2026-07-01 15:30:00+00:00,4593.16488424053,4593.16488424053,0,0.08136702315189392
2026-07-01 16:30:00+00:00,4593.16488424053,4593.16488424053,0,0.08136702315189392
2026-07-01 17:30:00+00:00,4593.16488424053,4593.16488424053,0,0.08136702315189392
2026-07-01 18:30:00+00:00,4593.16488424053,4593.16488424053,0,0.08136702315189392
2026-07-01 19:30:00+00:00,4593.16488424053,4593.16488424053,0,0.08136702315189392
2026-07-02 13:30:00+00:00,4593.16488424053,4593.16488424053,0,0.08136702315189392
2026-07-02 14:30:00+00:00,4593.16488424053,4593.16488424053,0,0.08136702315189392
2026-07-02 15:30:00+00:00,4593.16488424053,4593.16488424053,0,0.08136702315189392
2026-07-02 16:30:00+00:00,4593.16488424053,4593.16488424053,0,0.08136702315189392
2026-07-02 17:30:00+00:00,4593.16488424053,4593.16488424053,0,0.08136702315189392
2026-07-02 18:30:00+00:00,4593.16488424053,4593.16488424053,0,0.08136702315189392
2026-07-02 19:30:00+00:00,4593.16488424053,4593.16488424053,0,0.08136702315189392
2026-07-06 13:30:00+00:00,4593.16488424053,4593.16488424053,0,0.08136702315189392
2026-07-06 14:30:00+00:00,4593.16488424053,4593.16488424053,0,0.08136702315189392
2026-07-06 15:30:00+00:00,4593.16488424053,4593.16488424053,0,0.08136702315189392
2026-07-06 16:30:00+00:00,4593.16488424053,4593.16488424053,0,0.08136702315189392
2026-07-06 17:30:00+00:00,4593.16488424053,4593.16488424053,0,0.08136702315189392
2026-07-06 18:30:00+00:00,4593.16488424053,4593.16488424053,0,0.08136702315189392
2026-07-06 19:30:00+00:00,4593.16488424053,4593.16488424053,0,0.08136702315189392
2026-07-07 13:30:00+00:00,4593.16488424053,4593.16488424053,0,0.08136702315189392
2026-07-07 14:30:00+00:00,4593.16488424053,4593.16488424053,0,0.08136702315189392
2026-07-07 15:30:00+00:00,4593.16488424053,4593.16488424053,0,0.08136702315189392
2026-07-07 16:30:00+00:00,4593.16488424053,4593.16488424053,0,0.08136702315189392
2026-07-07 17:30:00+00:00,4593.16488424053,4593.16488424053,0,0.08136702315189392
2026-07-07 18:30:00+00:00,4593.16488424053,4593.16488424053,0,0.08136702315189392
2026-07-07 19:30:00+00:00,4593.16488424053,4593.16488424053,0,0.08136702315189392
2026-07-08 13:30:00+00:00,4593.16488424053,4593.16488424053,0,0.08136702315189392
2026-07-08 14:30:00+00:00,4593.16488424053,4593.16488424053,0,0.08136702315189392
2026-07-08 15:30:00+00:00,4593.16488424053,4593.16488424053,0,0.08136702315189392
2026-07-08 16:30:00+00:00,4593.16488424053,4593.16488424053,0,0.08136702315189392
2026-07-08 17:30:00+00:00,4593.16488424053,4593.16488424053,0,0.08136702315189392
2026-07-08 18:30:00+00:00,4593.16488424053,4593.16488424053,0,0.08136702315189392
2026-07-08 19:30:00+00:00,4593.16488424053,4593.16488424053,0,0.08136702315189392
2026-07-09 13:30:00+00:00,4593.16488424053,4593.16488424053,0,0.08136702315189392
2026-07-09 14:30:00+00:00,4593.16488424053,4593.16488424053,0,0.08136702315189392
2026-07-09 15:30:00+00:00,4593.16488424053,4593.16488424053,0,0.08136702315189392
2026-07-09 16:30:00+00:00,4593.16488424053,4593.16488424053,0,0.08136702315189392
2026-07-09 17:30:00+00:00,4593.16488424053,4593.16488424053,0,0.08136702315189392
2026-07-09 18:30:00+00:00,4593.16488424053,4593.16488424053,0,0.08136702315189392
2026-07-09 19:30:00+00:00,4593.16488424053,4593.16488424053,0,0.08136702315189392
2026-07-10 13:30:00+00:00,4593.16488424053,4593.16488424053,0,0.08136702315189392
2026-07-10 14:30:00+00:00,4593.16488424053,4593.16488424053,0,0.08136702315189392
2026-07-10 15:30:00+00:00,4593.16488424053,4593.16488424053,0,0.08136702315189392
2026-07-10 16:30:00+00:00,4593.16488424053,4593.16488424053,0,0.08136702315189392
2026-07-10 17:30:00+00:00,4593.16488424053,4593.16488424053,0,0.08136702315189392
2026-07-10 18:30:00+00:00,4593.16488424053,4593.16488424053,0,0.08136702315189392
2026-07-10 19:30:00+00:00,4593.16488424053,4593.16488424053,0,0.08136702315189392
2026-07-13 13:30:00+00:00,4593.16488424053,4593.16488424053,0,0.08136702315189392
2026-07-13 14:30:00+00:00,4593.16488424053,4593.16488424053,0,0.08136702315189392
2026-07-13 15:30:00+00:00,4593.16488424053,4593.16488424053,0,0.08136702315189392
2026-07-13 16:30:00+00:00,4593.16488424053,4593.16488424053,0,0.08136702315189392
2026-07-13 17:30:00+00:00,4593.16488424053,4593.16488424053,0,0.08136702315189392
2026-07-13 18:30:00+00:00,4593.16488424053,4593.16488424053,0,0.08136702315189392
2026-07-13 19:30:00+00:00,4593.16488424053,4593.16488424053,0,0.08136702315189392
2026-07-14 13:30:00+00:00,4593.16488424053,4593.16488424053,0,0.08136702315189392
2026-07-14 14:30:00+00:00,4593.16488424053,4593.16488424053,0,0.08136702315189392
2026-07-14 15:30:00+00:00,4593.16488424053,4593.16488424053,0,0.08136702315189392
2026-07-14 16:30:00+00:00,4593.16488424053,4593.16488424053,0,0.08136702315189392
2026-07-14 17:30:00+00:00,4593.16488424053,4593.16488424053,0,0.08136702315189392
2026-07-14 18:30:00+00:00,4593.16488424053,4593.16488424053,0,0.08136702315189392
2026-07-14 19:30:00+00:00,4593.16488424053,4593.16488424053,0,0.08136702315189392
2026-07-15 13:30:00+00:00,4593.16488424053,4593.16488424053,0,0.08136702315189392
2026-07-15 14:30:00+00:00,4593.16488424053,4593.16488424053,0,0.08136702315189392
2026-07-15 15:30:00+00:00,4593.16488424053,4593.16488424053,0,0.08136702315189392
2026-07-15 16:30:00+00:00,4593.16488424053,4593.16488424053,0,0.08136702315189392
2026-07-15 17:30:00+00:00,4593.16488424053,4593.16488424053,0,0.08136702315189392
2026-07-15 18:30:00+00:00,4593.16488424053,4593.16488424053,0,0.08136702315189392
2026-07-15 19:30:00+00:00,4593.16488424053,4593.16488424053,0,0.08136702315189392
2026-07-16 13:30:00+00:00,4593.16488424053,4593.16488424053,0,0.08136702315189392
2026-07-16 14:30:00+00:00,4593.16488424053,4593.16488424053,0,0.08136702315189392
2026-07-16 15:30:00+00:00,4593.16488424053,4593.16488424053,0,0.08136702315189392
2026-07-16 16:30:00+00:00,4593.16488424053,4593.16488424053,0,0.08136702315189392
2026-07-16 17:30:00+00:00,4593.16488424053,4593.16488424053,0,0.08136702315189392
2026-07-16 18:30:00+00:00,4593.16488424053,4593.16488424053,0,0.08136702315189392
2026-07-16 19:30:00+00:00,4593.16488424053,4593.16488424053,0,0.08136702315189392
2026-07-17 13:30:00+00:00,4593.16488424053,4593.16488424053,0,0.08136702315189392
2026-07-17 14:30:00+00:00,4593.16488424053,4593.16488424053,0,0.08136702315189392
2026-07-17 15:30:00+00:00,4593.16488424053,4593.16488424053,0,0.08136702315189392
2026-07-17 16:30:00+00:00,4593.16488424053,4593.16488424053,0,0.08136702315189392
2026-07-17 17:30:00+00:00,4593.16488424053,4593.16488424053,0,0.08136702315189392
2026-07-17 18:30:00+00:00,4593.16488424053,4593.16488424053,0,0.08136702315189392
2026-07-17 19:30:00+00:00,4593.16488424053,4593.16488424053,0,0.08136702315189392
2026-07-20 13:30:00+00:00,4593.16488424053,4593.16488424053,0,0.08136702315189392
2026-07-20 14:30:00+00:00,4593.16488424053,4593.16488424053,0,0.08136702315189392
2026-07-20 15:30:00+00:00,4593.16488424053,4593.16488424053,0,0.08136702315189392
2026-07-20 16:30:00+00:00,4593.16488424053,4593.16488424053,0,0.08136702315189392
2026-07-20 17:30:00+00:00,4593.16488424053,4593.16488424053,0,0.08136702315189392
2026-07-20 18:30:00+00:00,4593.16488424053,4593.16488424053,0,0.08136702315189392
2026-07-20 19:30:00+00:00,4593.16488424053,4593.16488424053,0,0.08136702315189392
2026-07-21 13:30:00+00:00,4593.16488424053,4593.16488424053,0,0.08136702315189392
2026-07-21 14:30:00+00:00,4593.16488424053,4593.16488424053,0,0.08136702315189392
2026-07-21 15:30:00+00:00,4593.16488424053,4593.16488424053,0,0.08136702315189392
2026-07-21 16:30:00+00:00,4593.16488424053,4593.16488424053,0,0.08136702315189392
2026-07-21 17:30:00+00:00,4593.16488424053,4593.16488424053,0,0.08136702315189392
2026-07-21 18:30:00+00:00,4593.16488424053,4593.16488424053,0,0.08136702315189392
2026-07-21 19:30:00+00:00,4593.16488424053,4593.16488424053,0,0.08136702315189392
2026-07-22 13:30:00+00:00,4593.16488424053,4593.16488424053,0,0.08136702315189392
2026-07-22 14:30:00+00:00,4593.16488424053,4593.16488424053,0,0.08136702315189392
2026-07-22 15:30:00+00:00,4593.16488424053,4593.16488424053,0,0.08136702315189392
2026-07-22 16:30:00+00:00,4593.16488424053,4593.16488424053,0,0.08136702315189392
2026-07-22 17:30:00+00:00,4593.16488424053,4593.16488424053,0,0.08136702315189392
2026-07-22 18:30:00+00:00,4593.16488424053,4593.16488424053,0,0.08136702315189392
2026-07-22 19:30:00+00:00,4593.16488424053,4593.16488424053,0,0.08136702315189392
2026-07-23 13:30:00+00:00,4593.16488424053,4593.16488424053,0,0.08136702315189392
2026-07-23 14:30:00+00:00,4593.16488424053,4593.16488424053,0,0.08136702315189392
2026-07-23 15:30:00+00:00,4593.16488424053,4593.16488424053,0,0.08136702315189392
2026-07-23 16:30:00+00:00,4593.16488424053,4593.16488424053,0,0.08136702315189392
2026-07-23 17:30:00+00:00,4593.16488424053,4593.16488424053,0,0.08136702315189392
2026-07-23 18:30:00+00:00,4593.16488424053,4593.16488424053,0,0.08136702315189392
2026-07-23 19:30:00+00:00,4593.16488424053,4593.16488424053,0,0.08136702315189392
2026-07-24 13:30:00+00:00,4593.16488424053,4593.16488424053,0,0.08136702315189392
2026-07-24 14:30:00+00:00,4593.16488424053,4593.16488424053,0,0.08136702315189392
2026-07-24 15:30:00+00:00,4593.16488424053,4593.16488424053,0,0.08136702315189392
2026-07-24 16:30:00+00:00,4593.16488424053,4593.16488424053,0,0.08136702315189392
2026-07-24 17:30:00+00:00,4593.16488424053,4593.16488424053,0,0.08136702315189392
2026-07-24 18:30:00+00:00,4593.16488424053,4593.16488424053,0,0.08136702315189392
2026-07-24 19:30:00+00:00,4593.16488424053,4593.16488424053,0,0.08136702315189392
2026-07-27 13:30:00+00:00,4593.16488424053,4593.16488424053,0,0.08136702315189392
2026-07-27 14:30:00+00:00,4593.16488424053,4593.16488424053,0,0.08136702315189392
2026-07-27 15:30:00+00:00,4593.16488424053,4593.16488424053,0,0.08136702315189392
2026-07-27 16:30:00+00:00,4593.16488424053,4593.16488424053,0,0.08136702315189392
2026-07-27 17:30:00+00:00,4593.16488424053,4593.16488424053,0,0.08136702315189392
2026-07-27 18:30:00+00:00,4593.16488424053,4593.16488424053,0,0.08136702315189392
2026-07-27 19:30:00+00:00,4593.16488424053,4593.16488424053,0,0.08136702315189392
2026-07-28 13:30:00+00:00,4593.16488424053,4593.16488424053,0,0.08136702315189392
2026-07-28 14:30:00+00:00,4593.16488424053,4593.16488424053,0,0.08136702315189392
2026-07-28 15:30:00+00:00,4593.16488424053,4593.16488424053,0,0.08136702315189392
2026-07-28 16:30:00+00:00,4593.16488424053,4593.16488424053,0,0.08136702315189392
2026-07-28 17:30:00+00:00,4593.16488424053,4593.16488424053,0,0.08136702315189392
2026-07-28 18:30:00+00:00,4593.16488424053,4593.16488424053,0,0.08136702315189392
2026-07-28 19:30:00+00:00,4593.16488424053,4593.16488424053,0,0.08136702315189392
2026-07-29 13:30:00+00:00,4593.16488424053,4593.16488424053,0,0.08136702315189392
2026-07-29 14:30:00+00:00,4593.16488424053,4593.16488424053,0,0.08136702315189392
2026-07-29 15:30:00+00:00,4593.16488424053,4593.16488424053,0,0.08136702315189392
2026-07-29 16:30:00+00:00,4593.16488424053,4593.16488424053,0,0.08136702315189392
2026-07-29 17:30:00+00:00,4593.16488424053,4593.16488424053,0,0.08136702315189392
2026-07-29 18:30:00+00:00,4593.16488424053,4593.16488424053,0,0.08136702315189392
2026-07-29 19:30:00+00:00,4593.16488424053,4593.16488424053,0,0.08136702315189392
2026-07-30 13:30:00+00:00,4593.16488424053,4593.16488424053,0,0.08136702315189392
2026-07-30 14:30:00+00:00,4593.16488424053,4593.16488424053,0,0.08136702315189392
2026-07-30 15:30:00+00:00,4593.16488424053,4593.16488424053,0,0.08136702315189392
2026-07-30 16:30:00+00:00,4593.16488424053,4593.16488424053,0,0.08136702315189392
2026-07-30 17:30:00+00:00,4593.16488424053,4593.16488424053,0,0.08136702315189392
2026-07-30 18:30:00+00:00,4593.16488424053,4593.16488424053,0,0.08136702315189392
2026-07-30 19:30:00+00:00,4593.16488424053,4593.16488424053,0,0.08136702315189392
2026-07-31 13:30:00+00:00,4593.16488424053,4593.16488424053,0,0.08136702315189392
2026-07-31 14:30:00+00:00,4593.16488424053,4593.16488424053,0,0.08136702315189392
2026-07-31 15:30:00+00:00,4593.16488424053,4593.16488424053,0,0.08136702315189392
2026-07-31 16:30:00+00:00,4593.16488424053,4593.16488424053,0,0.08136702315189392
2026-07-31 17:30:00+00:00,4593.16488424053,4593.16488424053,0,0.08136702315189392
2026-07-31 18:30:00+00:00,4593.16488424053,4593.16488424053,0,0.08136702315189392
2026-07-31 19:30:00+00:00,4593.16488424053,4593.16488424053,0,0.08136702315189392
2026-08-03 13:30:00+00:00,4593.16488424053,4593.16488424053,0,0.08136702315189392
2026-08-03 14:30:00+00:00,4593.16488424053,4593.16488424053,0,0.08136702315189392
2026-08-03 15:30:00+00:00,4593.16488424053,4593.16488424053,0,0.08136702315189392
2026-08-03 16:30:00+00:00,4593.16488424053,4593.16488424053,0,0.08136702315189392
2026-08-03 17:30:00+00:00,4593.16488424053,4593.16488424053,0,0.08136702315189392
2026-08-03 18:30:00+00:00,4593.16488424053,4593.16488424053,0,0.08136702315189392
2026-08-03 19:30:00+00:00,4593.16488424053,4593.16488424053,0,0.08136702315189392
2026-08-04 13:30:00+00:00,4593.16488424053,4593.16488424053,0,0.08136702315189392
2026-08-04 14:30:00+00:00,4593.16488424053,4593.16488424053,0,0.08136702315189392
2026-08-04 15:30:00+00:00,4593.16488424053,4593.16488424053,0,0.08136702315189392
2026-08-04 16:30:00+00:00,4593.16488424053,4593.16488424053,0,0.08136702315189392
2026-08-04 17:30:00+00:00,4593.16488424053,4593.16488424053,0,0.08136702315189392
2026-08-04 18:30:00+00:00,4593.16488424053,4593.16488424053,0,0.08136702315189392
2026-08-04 19:30:00+00:00,4593.16488424053,4593.16488424053,0,0.08136702315189392
2026-08-05 13:30:00+00:00,4593.16488424053,4593.16488424053,0,0.08136702315189392
2026-08-05 14:30:00+00:00,4593.16488424053,4593.16488424053,0,0.08136702315189392
2026-08-05 15:30:00+00:00,4593.16488424053,4593.16488424053,0,0.08136702315189392
2026-08-05 16:30:00+00:00,4593.16488424053,4593.16488424053,0,0.08136702315189392
2026-08-05 17:30:00+00:00,4593.16488424053,4593.16488424053,0,0.08136702315189392
2026-08-05 18:30:00+00:00,4593.16488424053,4593.16488424053,0,0.08136702315189392
2026-08-05 19:30:00+00:00,4593.16488424053,4593.16488424053,0,0.08136702315189392
2026-08-06 13:30:00+00:00,4593.16488424053,4593.16488424053,0,0.08136702315189392
2026-08-06 14:30:00+00:00,4593.16488424053,4593.16488424053,0,0.08136702315189392
2026-08-06 15:30:00+00:00,4593.16488424053,4593.16488424053,0,0.08136702315189392
2026-08-06 16:30:00+00:00,4593.16488424053,4593.16488424053,0,0.08136702315189392
2026-08-06 17:30:00+00:00,4593.16488424053,4593.16488424053,0,0.08136702315189392
2026-08-06 18:30:00+00:00,4593.16488424053,4593.16488424053,0,0.08136702315189392
2026-08-06 19:30:00+00:00,4593.16488424053,4593.16488424053,0,0.08136702315189392
2026-08-07 13:30:00+00:00,4593.16488424053,4593.16488424053,0,0.08136702315189392
2026-08-07 14:30:00+00:00,4593.16488424053,4593.16488424053,0,0.08136702315189392
2026-08-07 15:30:00+00:00,4593.16488424053,4593.16488424053,0,0.08136702315189392
2026-08-07 16:30:00+00:00,4593.16488424053,4593.16488424053,0,0.08136702315189392
2026-08-07 17:30:00+00:00,4593.16488424053,4593.16488424053,0,0.08136702315189392
2026-08-07 18:30:00+00:00,4593.16488424053,4593.16488424053,0,0.08136702315189392
2026-08-07 19:30:00+00:00,4593.16488424053,4593.16488424053,0,0.08136702315189392
2026-08-10 13:30:00+00:00,4593.16488424053,4593.16488424053,0,0.08136702315189392
2026-08-10 14:30:00+00:00,4593.16488424053,4593.16488424053,0,0.08136702315189392
2026-08-10 14:30:00+00:00,4593.16488424053,4593.16488424053,0,0.08136702315189392
