strategy,ticker,symbol,market,name,setup_id,entry_time,planned_seed,reserved_risk,structural_stop,active_stop,first_entry,R,target1,target2,level,touches,shares,cash_out,cash_in,buy_notional,sell_notional,fees,partial_taken,added20,added60,entry_i,bars_held,last_mark,mfe_R,mae_R,exit_time,exit_price,exit_reason,status,pnl,fill_count,fill_detail,event_detail
KOSPI40_PIT_NORA_LEVEL_RR_A_RAW,005930.KS,005930,KOSPI,삼성전자,KRLEVEL_RR|005930|2T|240|241|243,2023-10-11 04:00:00+00:00,985540.9490571534,49999.0,65879.16141554584,65879.16141554584,69400.0,3520.8385844541626,72920.83858445416,76441.67716890833,68750.0,2,0.0,394413.4878126728,397526.3706805535,394216.3796228614,397725.2332972021,395.9708064600318,False,True,False,244,26,69300.0,0.08520697351040567,-0.7384604370901824,2023-10-17 05:00:00+00:00,69300.0,time,TIME,3112.8828678806894,2,"[{""time"": ""2023-10-11 04:00:00+00:00"", ""price"": 69400.0, ""fraction"": 0.2, ""shares"": 2.840175645697849, ""reason"": ""starter20""}, {""time"": ""2023-10-13 00:00:00+00:00"", ""price"": 67991.66456621833, ""fraction"": 0.2, ""shares"": 2.8990052099616332, ""reason"": ""adverse20""}]","[{""time"": ""2023-10-17 05:00:00+00:00"", ""price"": 69300.0, ""shares"": 5.739180855659482, ""reason"": ""time""}]"
KOSPI40_PIT_NORA_LEVEL_RR_A_RAW,000660.KS,000660,KOSPI,SK하이닉스,KRLEVEL_RR|000660|4T|240|241|243,2023-10-11 04:00:00+00:00,1000000.0,38797.965018346185,118612.33111673608,123400.0,123400.0,4787.668883263919,128187.66888326392,132975.33776652784,122800.0,4,0.0,400200.0,421380.6040826782,400000.0,421591.3997825695,410.79569989128476,True,True,False,244,26,129900.0,1.5456373822901395,-0.6474967412296531,2023-10-17 05:00:00+00:00,129900.0,time,TIME,21180.604082678212,2,"[{""time"": ""2023-10-11 04:00:00+00:00"", ""price"": 123400.0, ""fraction"": 0.2, ""shares"": 1.6207455429497568, ""reason"": ""starter20""}, {""time"": ""2023-10-11 04:00:00+00:00"", ""price"": 121484.93244669444, ""fraction"": 0.2, ""shares"": 1.6462946965687013, ""reason"": ""adverse20""}]","[{""time"": ""2023-10-17 02:00:00+00:00"", ""price"": 128187.66888326392, ""shares"": 1.633520119759229, ""reason"": ""target1_partial""}, {""time"": ""2023-10-17 05:00:00+00:00"", ""price"": 129900.0, ""shares"": 1.633520119759229, ""reason"": ""time""}]"
KOSPI40_PIT_NORA_LEVEL_RR_A_RAW,005380.KS,005380,KOSPI,현대차,KRLEVEL_RR|005380|2T|265|268|269,2023-10-18 00:00:00+00:00,1004858.6973901117,21696.033511365,186289.04908591326,186289.04908591326,190400.0,4110.950914086745,194510.95091408674,198621.9018281735,188800.0,2,0.0,201072.22534776136,196534.2165093615,200971.73947802235,196632.53277574937,198.80213612688587,False,False,False,270,13,187800.0,0.632457077288551,-0.2919032664408697,2023-10-20 00:00:00+00:00,186289.04908591326,stop,LOSS,-4538.008838399866,1,"[{""time"": ""2023-10-18 00:00:00+00:00"", ""price"": 190400.0, ""fraction"": 0.2, ""shares"": 1.055523841796336, ""reason"": ""starter20""}]","[{""time"": ""2023-10-20 00:00:00+00:00"", ""price"": 186289.04908591326, ""shares"": 1.055523841796336, ""reason"": ""stop""}]"
KOSPI40_PIT_NORA_LEVEL_RR_A_RAW,028260.KS,028260,KOSPI,삼성물산,KRLEVEL_RR|028260|4T|266|271|272,2023-10-18 03:00:00+00:00,1005359.0710186892,16333.92760422663,106638.84042692916,106638.84042692916,108400.0,1761.159573070836,110161.15957307084,111922.31914614167,107700.0,4,0.0,1005861.7505541986,997634.4433068753,1005359.0710186893,998133.5100619063,1001.7462905402979,False,True,True,273,10,106900.0,0.056780771901114885,-0.9084923504178382,2023-10-20 00:00:00+00:00,106638.84042692916,stop,LOSS,-8227.307247323333,3,"[{""time"": ""2023-10-18 03:00:00+00:00"", ""price"": 108400.0, ""fraction"": 0.2, ""shares"": 1.8549060350898325, ""reason"": ""starter20""}, {""time"": ""2023-10-18 05:00:00+00:00"", ""price"": 107695.53617077167, ""fraction"": 0.2, ""shares"": 1.8670394461373072, ""reason"": ""adverse20""}, {""time"": ""2023-10-19 00:00:00+00:00"", ""price"": 106991.07234154333, ""fraction"": 0.6, ""shares"": 5.637997913373491, ""reason"": ""support60""}]","[{""time"": ""2023-10-20 00:00:00+00:00"", ""price"": 106638.84042692916, ""shares"": 9.35994339460063, ""reason"": ""stop""}]"
KOSPI40_PIT_NORA_LEVEL_RR_A_RAW,000810.KS,000810,KOSPI,삼성화재,KRLEVEL_RR|000810|5T|266|268|270,2023-10-18 01:00:00+00:00,1005070.8154613592,33189.58167899958,255282.15700976868,255282.15700976868,264000.0,8717.842990231322,272717.84299023135,281435.68598046264,257000.0,5,0.0,1005573.3508690898,989810.8646930617,1005070.8154613592,990306.0177019127,997.6884165816359,False,True,True,271,20,257000.0,0.286768183689629,-0.8603045510688869,2023-10-23 02:00:00+00:00,255282.15700976868,stop,LOSS,-15762.48617602815,3,"[{""time"": ""2023-10-18 01:00:00+00:00"", ""price"": 264000.0, ""fraction"": 0.2, ""shares"": 0.7614172844404237, ""reason"": ""starter20""}, {""time"": ""2023-10-19 00:00:00+00:00"", ""price"": 260512.86280390748, ""fraction"": 0.2, ""shares"": 0.7716093590494941, ""reason"": ""adverse20""}, {""time"": ""2023-10-23 00:00:00+00:00"", ""price"": 257025.72560781494, ""fraction"": 0.6, ""shares"": 2.3462339726917976, ""reason"": ""support60""}]","[{""time"": ""2023-10-23 02:00:00+00:00"", ""price"": 255282.15700976868, ""shares"": 3.8792606161817154, ""reason"": ""stop""}]"
KOSPI40_PIT_NORA_LEVEL_RR_A_RAW,017670.KS,017670,KOSPI,SK텔레콤,KRLEVEL_RR|017670|2T|280|285|287,2023-10-23 00:00:00+00:00,1002037.0595579625,10515.680100257583,49475.28487095595,49475.28487095595,50000.0,524.7151290440524,50524.71512904405,51049.430258088105,49875.0,2,0.0,1002538.0780877414,996895.4601303282,1002037.0595579625,997394.1572089327,999.7156083834476,False,True,True,288,6,49550.0,0.0,-0.9528980056491234,2023-10-23 05:00:00+00:00,49475.28487095595,stop,LOSS,-5642.617957413197,3,"[{""time"": ""2023-10-23 00:00:00+00:00"", ""price"": 50000.0, ""fraction"": 0.2, ""shares"": 4.00814823823185, ""reason"": ""starter20""}, {""time"": ""2023-10-23 00:00:00+00:00"", ""price"": 49790.11394838238, ""fraction"": 0.2, ""shares"": 4.025044251141014, ""reason"": ""adverse20""}, {""time"": ""2023-10-23 00:00:00+00:00"", ""price"": 49580.22789676476, ""fraction"": 0.6, ""shares"": 12.126249943558827, ""reason"": ""support60""}]","[{""time"": ""2023-10-23 05:00:00+00:00"", ""price"": 49475.28487095595, ""shares"": 20.15944243293169, ""reason"": ""stop""}]"
KOSPI40_PIT_NORA_LEVEL_RR_A_RAW,000660.KS,000660,KOSPI,SK하이닉스,KRLEVEL_RR|000660|2T|294|297|298,2023-10-24 05:00:00+00:00,998024.6133462789,20359.22697850023,123135.77984252624,125700.0,125700.0,2564.2201574737555,128264.22015747376,130828.44031494751,124350.0,2,0.0,199704.7251305904,198683.14971471456,199604.9226692558,198782.54098520716,199.1937318272315,True,False,False,299,7,122100.0,1.2869409790659814,-0.03899821148684792,2023-10-26 00:00:00+00:00,122100.0,gap_stop,BE_STOP,-1021.57541587585,1,"[{""time"": ""2023-10-24 05:00:00+00:00"", ""price"": 125700.0, ""fraction"": 0.2, ""shares"": 1.587946878832584, ""reason"": ""starter20""}]","[{""time"": ""2023-10-25 00:00:00+00:00"", ""price"": 128264.22015747376, ""shares"": 0.793973439416292, ""reason"": ""target1_partial""}, {""time"": ""2023-10-26 00:00:00+00:00"", ""price"": 122100.0, ""shares"": 0.793973439416292, ""reason"": ""gap_stop""}]"
KOSPI40_PIT_NORA_LEVEL_RR_A_RAW,009150.KS,009150,KOSPI,삼성전기,KRLEVEL_RR|009150|5T|294|298|300,2023-10-25 01:00:00+00:00,998793.1815855617,28462.66349863389,138827.77094503387,138827.77094503387,142900.0,4072.2290549661266,146972.22905496613,151044.45810993225,141200.0,5,0.0,199858.51563527092,193969.0705655769,199758.63631711237,194066.10361738558,196.912369967249,False,False,False,301,6,139100.0,0.24556575440678843,-0.09822630176271538,2023-10-26 00:00:00+00:00,138827.77094503387,stop,LOSS,-5889.4450696940185,1,"[{""time"": ""2023-10-25 01:00:00+00:00"", ""price"": 142900.0, ""fraction"": 0.2, ""shares"": 1.3978910868937184, ""reason"": ""starter20""}]","[{""time"": ""2023-10-26 00:00:00+00:00"", ""price"": 138827.77094503387, ""shares"": 1.3978910868937184, ""reason"": ""stop""}]"
KOSPI40_PIT_NORA_LEVEL_RR_A_RAW,033780.KS,033780,KOSPI,KT&G,KRLEVEL_RR|033780|2T|312|316|317,2023-10-30 00:00:00+00:00,995335.7313276455,8738.307777827074,85344.106007661,86100.0,86100.0,755.8939923389989,86855.893992339,87611.787984678,86300.0,2,0.0,398333.3596773237,400154.7722654299,398134.2925310582,400354.9497403001,399.2446211356791,True,True,False,318,1,86000.0,1.0583494618399092,-0.6614684136499432,2023-10-30 01:00:00+00:00,86000.0,gap_stop,BE_STOP,1821.4125881061773,2,"[{""time"": ""2023-10-30 00:00:00+00:00"", ""price"": 86100.0, ""fraction"": 0.2, ""shares"": 2.3120458335136944, ""reason"": ""starter20""}, {""time"": ""2023-10-30 00:00:00+00:00"", ""price"": 85797.6424030644, ""fraction"": 0.2, ""shares"": 2.3201936637179568, ""reason"": ""adverse20""}]","[{""time"": ""2023-10-30 00:00:00+00:00"", ""price"": 86855.893992339, ""shares"": 2.316119748615826, ""reason"": ""target1_partial""}, {""time"": ""2023-10-30 01:00:00+00:00"", ""price"": 86000.0, ""shares"": 2.316119748615826, ""reason"": ""gap_stop""}]"
KOSPI40_PIT_NORA_LEVEL_RR_A_RAW,068270.KS,068270,KOSPI,셀트리온,KRLEVEL_RR|068270|8T|294|296|298,2023-10-24 05:00:00+00:00,639599.6504360449,49900.2326427006,120293.50176365745,120293.50176365745,130472.7109375,10179.209173842552,140651.92011134257,150831.1292851851,126678.890625,8,0.0,127983.89005225258,127941.43962620162,127919.93008720898,128005.44234737531,127.96268621729214,False,False,False,299,26,130559.9296875,0.1542229028492781,-0.18849312404646318,2023-10-31 00:00:00+00:00,130559.9296875,time,TIME,-42.450426050956594,1,"[{""time"": ""2023-10-24 05:00:00+00:00"", ""price"": 130472.7109375, ""fraction"": 0.2, ""shares"": 0.9804343695172099, ""reason"": ""starter20""}]","[{""time"": ""2023-10-31 00:00:00+00:00"", ""price"": 130559.9296875, ""shares"": 0.9804343695172099, ""reason"": ""time""}]"
KOSPI40_PIT_NORA_LEVEL_RR_A_RAW,032830.KS,032830,KOSPI,삼성생명,KRLEVEL_RR|032830|8T|303|305|307,2023-10-26 02:00:00+00:00,996509.9062196382,35382.214333261894,70408.05221282082,70408.05221282082,73000.0,2591.947787179175,75591.94778717918,78183.89557435835,72400.0,8,0.0,997008.161172748,1005214.7001381442,996509.9062196382,1005717.558917603,1001.1137325686207,False,True,True,308,26,72200.0,0.03858102408337103,-0.8487825298341627,2023-11-01 03:00:00+00:00,72200.0,time,TIME,8206.538965396234,3,"[{""time"": ""2023-10-26 02:00:00+00:00"", ""price"": 73000.0, ""fraction"": 0.2, ""shares"": 2.7301641266291456, ""reason"": ""starter20""}, {""time"": ""2023-10-27 01:00:00+00:00"", ""price"": 71963.22088512834, ""fraction"": 0.2, ""shares"": 2.7694977905736664, ""reason"": ""adverse20""}, {""time"": ""2023-10-30 00:00:00+00:00"", ""price"": 70926.44177025666, ""fraction"": 0.6, ""shares"": 8.429944161988365, ""reason"": ""support60""}]","[{""time"": ""2023-11-01 03:00:00+00:00"", ""price"": 72200.0, ""shares"": 13.929606079191178, ""reason"": ""time""}]"
KOSPI40_PIT_NORA_LEVEL_RR_A_RAW,005930.KS,005930,KOSPI,삼성전자,KRLEVEL_RR|005930|2T|320|323|325,2023-10-31 02:00:00+00:00,999297.2654737146,16509.11961717401,66581.54662611545,67700.0,67700.0,1118.4533738845494,68818.45337388455,69936.9067477691,67250.0,2,0.0,399918.7656425806,410781.34678056045,399718.90618948586,410986.84020066075,405.35287319507336,True,True,False,326,11,70000.0,2.0564111600037194,-0.7152734469578155,2023-11-02 00:00:00+00:00,69936.9067477691,target2,WIN,10862.581137979869,2,"[{""time"": ""2023-10-31 02:00:00+00:00"", ""price"": 67700.0, ""fraction"": 0.2, ""shares"": 2.952133723703736, ""reason"": ""starter20""}, {""time"": ""2023-10-31 02:00:00+00:00"", ""price"": 67252.61865044618, ""fraction"": 0.2, ""shares"": 2.9717720604090854, ""reason"": ""adverse20""}]","[{""time"": ""2023-11-02 00:00:00+00:00"", ""price"": 68818.45337388455, ""shares"": 2.9619528920564107, ""reason"": ""target1_partial""}, {""time"": ""2023-11-02 00:00:00+00:00"", ""price"": 69936.9067477691, ""shares"": 2.9619528920564107, ""reason"": ""target2""}]"
KOSPI40_PIT_NORA_LEVEL_RR_A_RAW,011200.KS,011200,KOSPI,HMM,KRLEVEL_RR|011200|2T|332|333|334,2023-11-01 05:00:00+00:00,998936.3201914825,27179.383777863924,14445.956377856086,14850.0,14850.0,404.04362214391404,15254.043622143914,15658.087244287828,14800.0,2,0.0,199887.15767031568,207837.1086320699,199787.26403829653,207941.0791716557,203.86417160497612,True,False,False,335,15,15490.0,2.326481470025993,-0.17324862010831862,2023-11-06 01:00:00+00:00,15658.087244287828,target2,WIN,7949.950961754221,1,"[{""time"": ""2023-11-01 05:00:00+00:00"", ""price"": 14850.0, ""fraction"": 0.2, ""shares"": 13.453687814026702, ""reason"": ""starter20""}]","[{""time"": ""2023-11-06 00:00:00+00:00"", ""price"": 15254.043622143914, ""shares"": 6.726843907013351, ""reason"": ""target1_partial""}, {""time"": ""2023-11-06 01:00:00+00:00"", ""price"": 15658.087244287828, ""shares"": 6.726843907013351, ""reason"": ""target2""}]"
KOSPI40_PIT_NORA_LEVEL_RR_A_RAW,003490.KS,003490,KOSPI,대한항공,KRLEVEL_RR|003490|2T|324|326|328,2023-10-31 05:00:00+00:00,998652.2139620908,45418.523991281465,19519.93765934117,19519.93765934117,20450.0,930.0623406588311,21380.06234065883,22310.124681317662,20150.0,2,0.0,399660.61602762877,412812.4369329243,399460.88558483636,413018.94640612736,406.23991599548185,False,True,False,329,26,20950.0,0.6451180461462144,-0.5483503392242822,2023-11-07 00:00:00+00:00,20950.0,time,TIME,13151.82090529555,2,"[{""time"": ""2023-10-31 05:00:00+00:00"", ""price"": 20450.0, ""fraction"": 0.2, ""shares"": 9.766769818700155, ""reason"": ""starter20""}, {""time"": ""2023-11-01 01:00:00+00:00"", ""price"": 20077.975063736467, ""fraction"": 0.2, ""shares"": 9.947738362976569, ""reason"": ""adverse20""}]","[{""time"": ""2023-11-07 00:00:00+00:00"", ""price"": 20950.0, ""shares"": 19.714508181676724, ""reason"": ""time""}]"
KOSPI40_PIT_NORA_LEVEL_RR_A_RAW,017670.KS,017670,KOSPI,SK텔레콤,KRLEVEL_RR|017670|2T|336|341|342,2023-11-03 01:00:00+00:00,1001089.1786173253,18546.121897839443,48779.260591353406,48779.260591353406,49700.0,920.7394086465938,50620.739408646594,51541.47881729319,49225.0,2,0.0,1001589.7232066339,992382.350103943,1001089.1786173253,992878.7894986924,996.9839840580088,False,True,True,343,21,48900.0,0.4344334523358405,-0.868866904671681,2023-11-08 03:00:00+00:00,48779.260591353406,stop,LOSS,-9207.373102690908,3,"[{""time"": ""2023-11-03 01:00:00+00:00"", ""price"": 49700.0, ""fraction"": 0.2, ""shares"": 4.028527881759861, ""reason"": ""starter20""}, {""time"": ""2023-11-06 00:00:00+00:00"", ""price"": 49331.704236541365, ""fraction"": 0.2, ""shares"": 4.058603667196199, ""reason"": ""adverse20""}, {""time"": ""2023-11-06 02:00:00+00:00"", ""price"": 48963.40847308272, ""fraction"": 0.6, ""shares"": 12.267395712465564, ""reason"": ""support60""}]","[{""time"": ""2023-11-08 03:00:00+00:00"", ""price"": 48779.260591353406, ""shares"": 20.354527261421623, ""reason"": ""stop""}]"
KOSPI40_PIT_NORA_LEVEL_RR_A_RAW,028260.KS,028260,KOSPI,삼성물산,KRLEVEL_RR|028260|3T|349|350|351,2023-11-06 04:00:00+00:00,1003855.0148996655,18541.56071483613,106299.66031387764,108300.0,108300.0,2000.3396861223591,110300.33968612236,112300.67937224472,107100.0,3,0.0,200871.38848142308,206230.30445878673,200771.0029799331,206333.47119438392,203.55223708715852,True,False,False,352,15,111600.0,2.199626408717292,-0.1499745278670881,2023-11-09 00:00:00+00:00,112300.67937224472,target2,WIN,5358.915977363649,1,"[{""time"": ""2023-11-06 04:00:00+00:00"", ""price"": 108300.0, ""fraction"": 0.2, ""shares"": 1.8538412094176648, ""reason"": ""starter20""}]","[{""time"": ""2023-11-08 00:00:00+00:00"", ""price"": 110300.33968612236, ""shares"": 0.9269206047088324, ""reason"": ""target1_partial""}, {""time"": ""2023-11-09 00:00:00+00:00"", ""price"": 112300.67937224472, ""shares"": 0.9269206047088324, ""reason"": ""target2""}]"
KOSPI40_PIT_NORA_LEVEL_RR_A_RAW,005930.KS,005930,KOSPI,삼성전자,KRLEVEL_RR|005930|2T|351|353|354,2023-11-07 01:00:00+00:00,1006221.8847269508,17495.33342195478,69274.20574431005,69274.20574431005,70500.0,1225.7942556899507,71725.79425568995,72951.5885113799,69750.0,2,0.0,1006724.9956693142,1015639.4582895122,1006221.8847269507,1016147.53205554,1011.1847083912454,False,True,True,355,26,70500.0,0.7342178312733453,-0.8157975903037169,2023-11-13 02:00:00+00:00,70500.0,time,TIME,8914.462620198028,3,"[{""time"": ""2023-11-07 01:00:00+00:00"", ""price"": 70500.0, ""fraction"": 0.2, ""shares"": 2.854530169438158, ""reason"": ""starter20""}, {""time"": ""2023-11-07 04:00:00+00:00"", ""price"": 70009.68229772402, ""fraction"": 0.2, ""shares"": 2.8745220709554986, ""reason"": ""adverse20""}, {""time"": ""2023-11-10 00:00:00+00:00"", ""price"": 69519.36459544805, ""fraction"": 0.6, ""shares"": 8.684387930606912, ""reason"": ""support60""}]","[{""time"": ""2023-11-13 02:00:00+00:00"", ""price"": 70500.0, ""shares"": 14.413440171000568, ""reason"": ""time""}]"
KOSPI40_PIT_NORA_LEVEL_RR_A_RAW,003550.KS,003550,KOSPI,LG,KRLEVEL_RR|003550|3T|351|352|354,2023-11-07 01:00:00+00:00,1006242.009567142,45643.84917867654,78280.4220087556,78280.4220087556,82000.0,3719.5779912443977,85719.5779912444,89439.1559824888,79800.0,3,0.0,402698.0522287703,403536.99511846906,402496.80382685683,403738.8645507444,403.11783418880066,False,True,False,355,26,81500.0,0.5108106361722902,-0.40327155487286065,2023-11-13 02:00:00+00:00,81500.0,time,TIME,838.9428896987811,2,"[{""time"": ""2023-11-07 01:00:00+00:00"", ""price"": 82000.0, ""fraction"": 0.2, ""shares"": 2.454248803822298, ""reason"": ""starter20""}, {""time"": ""2023-11-07 03:00:00+00:00"", ""price"": 80512.16880350224, ""fraction"": 0.2, ""shares"": 2.499602294959842, ""reason"": ""adverse20""}]","[{""time"": ""2023-11-13 02:00:00+00:00"", ""price"": 81500.0, ""shares"": 4.95385109878214, ""reason"": ""time""}]"
KOSPI40_PIT_NORA_LEVEL_RR_A_RAW,035720.KS,035720,KOSPI,카카오,KRLEVEL_RR|035720|5T|360|365|366,2023-11-09 01:00:00+00:00,1004337.7368709077,34185.600205819945,42695.52249843276,44200.0,44200.0,1504.4775015672421,45704.47750156724,47208.955003134484,43900.0,5,0.0,200967.98114786865,211017.66582220962,200867.54737418157,211123.22743592758,205.9953874050546,True,False,False,367,24,47200.0,2.592262094938141,-0.09970238826685159,2023-11-15 00:00:00+00:00,47208.955003134484,target2,WIN,10049.68467434097,1,"[{""time"": ""2023-11-09 01:00:00+00:00"", ""price"": 44200.0, ""fraction"": 0.2, ""shares"": 4.544514646474696, ""reason"": ""starter20""}]","[{""time"": ""2023-11-09 05:00:00+00:00"", ""price"": 45704.47750156724, ""shares"": 2.272257323237348, ""reason"": ""target1_partial""}, {""time"": ""2023-11-15 00:00:00+00:00"", ""price"": 47208.955003134484, ""shares"": 2.272257323237348, ""reason"": ""target2""}]"
KOSPI40_PIT_NORA_LEVEL_RR_A_RAW,000660.KS,000660,KOSPI,SK하이닉스,KRLEVEL_RR|000660|3T|378|381|382,2023-11-13 05:00:00+00:00,1007237.1696532067,23233.649791489664,129150.58066265321,129150.58066265321,132200.0,3049.419337346786,135249.4193373468,138298.83867469357,130800.0,3,0.0,1007740.7882380334,996437.5158982796,1007237.1696532068,996935.9838902247,1002.0865767717157,False,True,True,383,24,129700.0,0.6886556972604335,-0.9837938532291907,2023-11-17 05:00:00+00:00,129150.58066265321,stop,LOSS,-11303.272339753807,3,"[{""time"": ""2023-11-13 05:00:00+00:00"", ""price"": 132200.0, ""fraction"": 0.2, ""shares"": 1.5238081235298135, ""reason"": ""starter20""}, {""time"": ""2023-11-14 01:00:00+00:00"", ""price"": 130980.23226506129, ""fraction"": 0.2, ""shares"": 1.5379987533002493, ""reason"": ""adverse20""}, {""time"": ""2023-11-17 04:00:00+00:00"", ""price"": 129760.46453012257, ""fraction"": 0.6, ""shares"": 4.657368513439871, ""reason"": ""support60""}]","[{""time"": ""2023-11-17 05:00:00+00:00"", ""price"": 129150.58066265321, ""shares"": 7.719175390269934, ""reason"": ""stop""}]"
KOSPI40_PIT_NORA_LEVEL_RR_A_RAW,323410.KS,323410,KOSPI,카카오뱅크,KRLEVEL_RR|323410|4T|378|379|381,2023-11-13 04:00:00+00:00,1007343.783806463,34550.98416177948,22500.830993439544,23300.0,23300.0,799.1690065604562,24099.169006560456,24898.338013120912,23100.0,4,0.0,201569.49113967325,204821.3932498818,201468.7567612926,204923.85517747054,203.1963059693816,True,False,False,382,26,23650.0,1.438994743989742,-0.25025995547647684,2023-11-20 00:00:00+00:00,23300.0,stop,BE_STOP,3251.9021102085535,1,"[{""time"": ""2023-11-13 04:00:00+00:00"", ""price"": 23300.0, ""fraction"": 0.2, ""shares"": 8.646727757995391, ""reason"": ""starter20""}]","[{""time"": ""2023-11-15 00:00:00+00:00"", ""price"": 24099.169006560456, ""shares"": 4.323363878997696, ""reason"": ""target1_partial""}, {""time"": ""2023-11-20 00:00:00+00:00"", ""price"": 23300.0, ""shares"": 4.323363878997696, ""reason"": ""stop""}]"
KOSPI40_PIT_NORA_LEVEL_RR_A_RAW,017670.KS,017670,KOSPI,SK텔레콤,KRLEVEL_RR|017670|2T|407|408|409,2023-11-20 03:00:00+00:00,1007212.5756136882,20698.657458318503,51225.21220318315,51225.21220318315,52300.0,1074.7877968168468,53374.78779681685,54449.575593633694,51950.0,2,0.0,201543.23638029903,197204.1322392584,201442.51512273765,197302.78363107395,199.37264937690583,False,False,False,410,4,52000.0,0.09304162207290195,-0.3721664882916078,2023-11-21 00:00:00+00:00,51225.21220318315,stop,LOSS,-4339.104141040618,1,"[{""time"": ""2023-11-20 03:00:00+00:00"", ""price"": 52300.0, ""fraction"": 0.2, ""shares"": 3.851673329306647, ""reason"": ""starter20""}]","[{""time"": ""2023-11-21 00:00:00+00:00"", ""price"": 51225.21220318315, ""shares"": 3.851673329306647, ""reason"": ""stop""}]"
KOSPI40_PIT_NORA_LEVEL_RR_A_RAW,005930.KS,005930,KOSPI,삼성전자,KRLEVEL_RR|005930|4T|385|389|390,2023-11-15 01:00:00+00:00,1009895.9522497131,31019.270080782113,69497.71207138957,69497.71207138957,71700.0,2202.287928610429,73902.28792861043,76104.57585722086,70800.0,4,0.0,202080.1800451676,206101.59417803813,201979.19044994263,206204.69652630127,204.09194348812196,False,False,False,391,26,73200.0,0.7719244962999202,0.0,2023-11-21 03:00:00+00:00,73200.0,time,TIME,4021.41413287053,1,"[{""time"": ""2023-11-15 01:00:00+00:00"", ""price"": 71700.0, ""fraction"": 0.2, ""shares"": 2.817004050905755, ""reason"": ""starter20""}]","[{""time"": ""2023-11-21 03:00:00+00:00"", ""price"": 73200.0, ""shares"": 2.817004050905755, ""reason"": ""time""}]"
KOSPI40_PIT_NORA_LEVEL_RR_A_RAW,000810.KS,000810,KOSPI,삼성화재,KRLEVEL_RR|000810|3T|412|418|419,2023-11-22 01:00:00+00:00,1005757.8198699522,20351.686333985126,244451.32362879778,249500.0,249500.0,5048.676371202222,254548.67637120222,259597.35274240444,249500.0,3,0.0,201252.13975597743,207153.4413392489,201151.56397399044,207257.06987418598,204.20431692408823,True,False,False,420,7,255500.0,2.3768606101290835,-0.09903585875537847,2023-11-23 01:00:00+00:00,259597.35274240444,target2,WIN,5901.301583271474,1,"[{""time"": ""2023-11-22 01:00:00+00:00"", ""price"": 249500.0, ""fraction"": 0.2, ""shares"": 0.8062186932825268, ""reason"": ""starter20""}]","[{""time"": ""2023-11-23 00:00:00+00:00"", ""price"": 254548.67637120222, ""shares"": 0.4031093466412634, ""reason"": ""target1_partial""}, {""time"": ""2023-11-23 01:00:00+00:00"", ""price"": 259597.35274240444, ""shares"": 0.4031093466412634, ""reason"": ""target2""}]"
KOSPI40_PIT_NORA_LEVEL_RR_A_RAW,003670.KS,003670,KOSPI,포스코퓨처엠,KRLEVEL_RR|003670|2T|423|427|429,2023-11-23 05:00:00+00:00,1009680.216542135,20401.112485766967,298837.31679970055,305000.0,305000.0,6162.683200299449,311162.68320029945,317325.3664005989,302500.0,2,0.0,202037.0113300812,207952.34886563,201936.043308427,208056.37705415708,204.99621018129204,True,False,False,430,2,310500.0,2.758538683145997,-0.16226698136152923,2023-11-24 00:00:00+00:00,317325.3664005989,target2,WIN,5915.337535548781,1,"[{""time"": ""2023-11-23 05:00:00+00:00"", ""price"": 305000.0, ""fraction"": 0.2, ""shares"": 0.662085387896482, ""reason"": ""starter20""}]","[{""time"": ""2023-11-24 00:00:00+00:00"", ""price"": 311162.68320029945, ""shares"": 0.331042693948241, ""reason"": ""target1_partial""}, {""time"": ""2023-11-24 00:00:00+00:00"", ""price"": 317325.3664005989, ""shares"": 0.331042693948241, ""reason"": ""target2""}]"
KOSPI40_PIT_NORA_LEVEL_RR_A_RAW,034730.KS,034730,KOSPI,SK,KRLEVEL_RR|034730|3T|404|409|410,2023-11-20 04:00:00+00:00,1007248.7714431942,34140.688174233175,157571.72694662208,157571.72694662208,163100.0,5528.273053377925,168628.27305337792,174156.54610675585,161900.0,3,0.0,403100.95833156636,400244.88334884663,402899.5085772777,400445.10590179753,401.67230723953764,False,True,False,411,26,161000.0,0.2713324731822824,-0.48839845172810825,2023-11-24 05:00:00+00:00,161000.0,time,TIME,-2856.0749827197287,2,"[{""time"": ""2023-11-20 04:00:00+00:00"", ""price"": 163100.0, ""fraction"": 0.2, ""shares"": 1.235130314461305, ""reason"": ""starter20""}, {""time"": ""2023-11-24 00:00:00+00:00"", ""price"": 160888.69077864883, ""fraction"": 0.2, ""shares"": 1.2521063681585554, ""reason"": ""adverse20""}]","[{""time"": ""2023-11-24 05:00:00+00:00"", ""price"": 161000.0, ""shares"": 2.4872366826198604, ""reason"": ""time""}]"
KOSPI40_PIT_NORA_LEVEL_RR_A_RAW,034020.KS,034020,KOSPI,두산에너빌리티,KRLEVEL_RR|034020|2T|410|412|413,2023-11-21 01:00:00+00:00,1006567.7378719734,30181.93905372819,14259.220420646707,14259.220420646707,14700.0,440.77957935329323,15140.779579353293,15581.559158706586,14670.0,2,0.0,402828.4086963638,410652.26120138855,402627.0951487894,410857.69004641176,406.7423925976006,False,True,False,414,26,14910.0,0.9755442859464839,-0.5671769104340023,2023-11-27 02:00:00+00:00,14910.0,time,TIME,7823.852505024755,2,"[{""time"": ""2023-11-21 01:00:00+00:00"", ""price"": 14700.0, ""fraction"": 0.2, ""shares"": 13.694799154720728, ""reason"": ""starter20""}, {""time"": ""2023-11-22 00:00:00+00:00"", ""price"": 14523.688168258683, ""fraction"": 0.2, ""shares"": 13.861048601577846, ""reason"": ""adverse20""}]","[{""time"": ""2023-11-27 02:00:00+00:00"", ""price"": 14910.0, ""shares"": 27.555847756298576, ""reason"": ""time""}]"
KOSPI40_PIT_NORA_LEVEL_RR_A_RAW,009150.KS,009150,KOSPI,삼성전기,KRLEVEL_RR|009150|3T|421|422|423,2023-11-22 05:00:00+00:00,1007338.0285872233,13420.377847401505,136358.81445366252,138200.0,138200.0,1841.1855463374814,140041.18554633748,141882.37109267496,137200.0,3,0.0,403136.6790406068,411882.34654834314,402935.21143488935,412088.390743715,407.51180108930214,True,True,False,424,20,139300.0,4.616590661874546,-0.6517539757940535,2023-11-28 00:00:00+00:00,141882.37109267496,target2,WIN,8745.667507736362,2,"[{""time"": ""2023-11-22 05:00:00+00:00"", ""price"": 138200.0, ""fraction"": 0.2, ""shares"": 1.4577974364503956, ""reason"": ""starter20""}, {""time"": ""2023-11-22 05:00:00+00:00"", ""price"": 137463.525781465, ""fraction"": 0.2, ""shares"": 1.4656077281018622, ""reason"": ""adverse20""}]","[{""time"": ""2023-11-28 00:00:00+00:00"", ""price"": 140041.18554633748, ""shares"": 1.461702582276129, ""reason"": ""target1_partial""}, {""time"": ""2023-11-28 00:00:00+00:00"", ""price"": 141882.37109267496, ""shares"": 1.461702582276129, ""reason"": ""target2""}]"
KOSPI40_PIT_NORA_LEVEL_RR_A_RAW,003670.KS,003670,KOSPI,포스코퓨처엠,KRLEVEL_RR|003670|2T|443|447|449,2023-11-29 01:00:00+00:00,1011374.6228297513,23462.80998404576,298412.7266115589,305500.0,305500.0,7087.273388441128,312587.2733884411,319674.54677688226,302500.0,2,0.0,202376.06202823325,209209.11067738343,202274.9245659503,209313.76756116402,205.79434606355716,True,False,False,450,5,312500.0,3.2452536736499358,-0.07054899290543339,2023-11-29 05:00:00+00:00,319674.54677688226,target2,WIN,6833.04864915018,1,"[{""time"": ""2023-11-29 01:00:00+00:00"", ""price"": 305500.0, ""fraction"": 0.2, ""shares"": 0.6621110460423905, ""reason"": ""starter20""}]","[{""time"": ""2023-11-29 04:00:00+00:00"", ""price"": 312587.2733884411, ""shares"": 0.33105552302119523, ""reason"": ""target1_partial""}, {""time"": ""2023-11-29 05:00:00+00:00"", ""price"": 319674.54677688226, ""shares"": 0.33105552302119523, ""reason"": ""target2""}]"
KOSPI40_PIT_NORA_LEVEL_RR_A_RAW,017670.KS,017670,KOSPI,SK텔레콤,KRLEVEL_RR|017670|2T|438|441|442,2023-11-28 00:00:00+00:00,1011193.5431895426,13278.391193246887,51514.54069801397,51514.54069801397,52200.0,685.4593019860331,52885.45930198603,53570.918603972066,51950.0,2,0.0,1011699.1399611374,1004823.0578945329,1011193.5431895426,1005325.7207549104,1008.2596319722265,False,True,True,443,13,51700.0,0.5835503272638503,-0.8753254908957755,2023-11-30 00:00:00+00:00,51514.54069801397,stop,LOSS,-6876.082066604518,3,"[{""time"": ""2023-11-28 00:00:00+00:00"", ""price"": 52200.0, ""fraction"": 0.2, ""shares"": 3.8743047631783245, ""reason"": ""starter20""}, {""time"": ""2023-11-28 00:00:00+00:00"", ""price"": 51925.81627920559, ""fraction"": 0.2, ""shares"": 3.8947622421661925, ""reason"": ""adverse20""}, {""time"": ""2023-11-29 00:00:00+00:00"", ""price"": 51651.63255841118, ""fraction"": 0.6, ""shares"": 11.746310733307602, ""reason"": ""support60""}]","[{""time"": ""2023-11-30 00:00:00+00:00"", ""price"": 51514.54069801397, ""shares"": 19.51537773865212, ""reason"": ""stop""}]"
KOSPI40_PIT_NORA_LEVEL_RR_A_RAW,000810.KS,000810,KOSPI,삼성화재,KRLEVEL_RR|000810|7T|438|439|440,2023-11-27 04:00:00+00:00,797725.9338028735,50480.71080409497,246825.5172820218,246825.5172820218,263500.0,16674.482717978186,280174.4827179782,296848.9654359564,262000.0,7,0.0,319249.91870791,316328.6506551482,319090.3735211494,316486.8941021993,317.78863381167434,False,True,False,441,26,258000.0,0.5097609409397404,-0.5097609409397404,2023-12-01 05:00:00+00:00,258000.0,time,TIME,-2921.268052761792,2,"[{""time"": ""2023-11-27 04:00:00+00:00"", ""price"": 263500.0, ""fraction"": 0.2, ""shares"": 0.6054845797365264, ""reason"": ""starter20""}, {""time"": ""2023-11-30 01:00:00+00:00"", ""price"": 256830.20691280873, ""fraction"": 0.2, ""shares"": 0.621208808256494, ""reason"": ""adverse20""}]","[{""time"": ""2023-12-01 05:00:00+00:00"", ""price"": 258000.0, ""shares"": 1.2266933879930204, ""reason"": ""time""}]"
KOSPI40_PIT_NORA_LEVEL_RR_A_RAW,010130.KS,010130,KOSPI,고려아연,KRLEVEL_RR|010130|5T|446|447|448,2023-11-29 00:00:00+00:00,1011925.7618155035,10022.19437523667,48564.20484322546,49050.0,49050.0,485.7951567745404,49535.79515677454,50021.59031354908,48850.0,5,0.0,404972.6898785645,411394.7442528928,404770.3047262014,411600.54452515533,408.18542462567837,True,True,False,449,18,49800.0,3.3964933099688603,-0.5146201984801303,2023-12-01 05:00:00+00:00,50021.59031354908,target2,WIN,6422.054374328291,2,"[{""time"": ""2023-11-29 00:00:00+00:00"", ""price"": 49050.0, ""fraction"": 0.2, ""shares"": 4.126098926872594, ""reason"": ""starter20""}, {""time"": ""2023-11-29 00:00:00+00:00"", ""price"": 48855.68193729018, ""fraction"": 0.2, ""shares"": 4.142510028268089, ""reason"": ""adverse20""}]","[{""time"": ""2023-12-01 04:00:00+00:00"", ""price"": 49535.79515677454, ""shares"": 4.134304477570341, ""reason"": ""target1_partial""}, {""time"": ""2023-12-01 05:00:00+00:00"", ""price"": 50021.59031354908, ""shares"": 4.134304477570341, ""reason"": ""target2""}]"
KOSPI40_PIT_NORA_LEVEL_RR_A_RAW,012330.KS,012330,KOSPI,현대모비스,KRLEVEL_RR|012330|2T|462|465|467,2023-12-04 01:00:00+00:00,1012870.0070707806,10961.17890023133,226027.1956310107,226027.1956310107,228500.0,2472.8043689893093,230972.8043689893,233445.60873797862,227250.0,2,0.0,1013376.4420743161,1007525.8678156115,1012870.0070707807,1008029.88275699,1010.4499449138855,False,True,True,468,4,226500.0,0.2021995780460228,-0.8087983121840912,2023-12-04 04:00:00+00:00,226027.1956310107,stop,LOSS,-5850.574258704553,3,"[{""time"": ""2023-12-04 01:00:00+00:00"", ""price"": 228500.0, ""fraction"": 0.2, ""shares"": 0.8865382994054973, ""reason"": ""starter20""}, {""time"": ""2023-12-04 01:00:00+00:00"", ""price"": 227510.87825240428, ""fraction"": 0.2, ""shares"": 0.8903925955989552, ""reason"": ""adverse20""}, {""time"": ""2023-12-04 03:00:00+00:00"", ""price"": 226521.75650480855, ""fraction"": 0.6, ""shares"": 2.682841655563305, ""reason"": ""support60""}]","[{""time"": ""2023-12-04 04:00:00+00:00"", ""price"": 226027.1956310107, ""shares"": 4.459772550567758, ""reason"": ""stop""}]"
KOSPI40_PIT_NORA_LEVEL_RR_A_RAW,000270.KS,000270,KOSPI,기아,KRLEVEL_RR|000270|3T|449|455|456,2023-11-30 02:00:00+00:00,1010889.510563162,29939.304845925933,83549.99416820721,83549.99416820721,86100.0,2550.0058317927906,88650.00583179279,91200.01166358558,84900.0,3,0.0,1011394.9553184437,997087.1616788752,1010889.510563162,997585.9546562033,1004.2377326096827,False,True,True,457,17,84100.0,0.27450917612524145,-0.8235275283757244,2023-12-05 00:00:00+00:00,83549.99416820721,stop,LOSS,-14307.793639568496,3,"[{""time"": ""2023-11-30 02:00:00+00:00"", ""price"": 86100.0, ""fraction"": 0.2, ""shares"": 2.348175402005022, ""reason"": ""starter20""}, {""time"": ""2023-12-01 00:00:00+00:00"", ""price"": 85079.99766728288, ""fraction"": 0.2, ""shares"": 2.376327076350861, ""reason"": ""adverse20""}, {""time"": ""2023-12-04 04:00:00+00:00"", ""price"": 84059.99533456577, ""fraction"": 0.6, ""shares"": 7.215485843460288, ""reason"": ""support60""}]","[{""time"": ""2023-12-05 00:00:00+00:00"", ""price"": 83549.99416820721, ""shares"": 11.939988321816172, ""reason"": ""stop""}]"
KOSPI40_PIT_NORA_LEVEL_RR_A_RAW,010130.KS,010130,KOSPI,고려아연,KRLEVEL_RR|010130|8T|462|465|466,2023-12-04 00:00:00+00:00,999124.2525338699,50597.049392810164,48607.16039837692,51200.0,51200.0,2592.8396016230836,53792.83960162308,56385.67920324617,49375.0,8,0.0,199924.7629320274,204782.11316833197,199824.850506774,204884.55544605502,202.3547029764145,True,False,False,467,25,52600.0,1.1184648669299242,-0.11570326209619906,2023-12-08 00:00:00+00:00,51200.0,stop,BE_STOP,4857.35023630457,1,"[{""time"": ""2023-12-04 00:00:00+00:00"", ""price"": 51200.0, ""fraction"": 0.2, ""shares"": 3.90282911146043, ""reason"": ""starter20""}]","[{""time"": ""2023-12-06 00:00:00+00:00"", ""price"": 53792.83960162308, ""shares"": 1.951414555730215, ""reason"": ""target1_partial""}, {""time"": ""2023-12-08 00:00:00+00:00"", ""price"": 51200.0, ""shares"": 1.951414555730215, ""reason"": ""stop""}]"
KOSPI40_PIT_NORA_LEVEL_RR_A_RAW,035420.KS,035420,KOSPI,NAVER,KRLEVEL_RR|035420|2T|467|471|473,2023-12-05 01:00:00+00:00,1009075.9718080814,47620.632314925504,203424.4404947834,203424.4404947834,213500.0,10075.559505216603,223575.5595052166,233651.1190104332,210000.0,2,0.0,201916.10195879708,203603.88195660818,201815.19436161628,203705.73482402018,202.76046459281824,False,False,False,474,26,215500.0,0.6947504996001227,-0.34737524980006135,2023-12-11 02:00:00+00:00,215500.0,time,TIME,1687.7799978110997,1,"[{""time"": ""2023-12-05 01:00:00+00:00"", ""price"": 213500.0, ""fraction"": 0.2, ""shares"": 0.9452702312019498, ""reason"": ""starter20""}]","[{""time"": ""2023-12-11 02:00:00+00:00"", ""price"": 215500.0, ""shares"": 0.9452702312019498, ""reason"": ""time""}]"
KOSPI40_PIT_NORA_LEVEL_RR_A_RAW,006400.KS,006400,KOSPI,삼성SDI,KRLEVEL_RR|006400|2T|489|490|491,2023-12-08 01:00:00+00:00,1009833.8391373856,48328.42584037251,432272.5588298056,432272.5588298056,454000.0,21727.44117019442,475727.4411701944,497454.88234038884,443750.0,2,0.0,1010338.7560569544,987731.1565265977,1009833.8391373856,988225.2691611783,999.0295541492819,False,True,True,492,22,434000.0,0.1380742433727255,-0.9435073297136243,2023-12-13 04:00:00+00:00,432272.5588298056,stop,LOSS,-22607.599530356703,3,"[{""time"": ""2023-12-08 01:00:00+00:00"", ""price"": 454000.0, ""fraction"": 0.2, ""shares"": 0.44486072208695404, ""reason"": ""starter20""}, {""time"": ""2023-12-11 00:00:00+00:00"", ""price"": 445309.02353192226, ""fraction"": 0.2, ""shares"": 0.4535429491762792, ""reason"": ""adverse20""}, {""time"": ""2023-12-13 00:00:00+00:00"", ""price"": 436618.04706384445, ""fraction"": 0.6, ""shares"": 1.3877124584221174, ""reason"": ""support60""}]","[{""time"": ""2023-12-13 04:00:00+00:00"", ""price"": 432272.5588298056, ""shares"": 2.2861161296853507, ""reason"": ""stop""}]"
KOSPI40_PIT_NORA_LEVEL_RR_A_RAW,010130.KS,010130,KOSPI,고려아연,KRLEVEL_RR|010130|3T|506|507|508,2023-12-13 00:00:00+00:00,1008710.4687093185,13254.18071478056,48109.43828294722,48750.0,48750.0,640.5617170527767,49390.56171705278,50031.12343410555,48450.0,3,0.0,201842.96478873465,205615.48878231974,201742.09374186373,205718.3479562979,203.7302208490808,True,False,False,509,18,49550.0,2.2636382434333533,-0.39028245576437126,2023-12-15 05:00:00+00:00,50031.12343410555,target2,WIN,3772.523993585084,1,"[{""time"": ""2023-12-13 00:00:00+00:00"", ""price"": 48750.0, ""fraction"": 0.2, ""shares"": 4.138299358807461, ""reason"": ""starter20""}]","[{""time"": ""2023-12-15 01:00:00+00:00"", ""price"": 49390.56171705278, ""shares"": 2.0691496794037305, ""reason"": ""target1_partial""}, {""time"": ""2023-12-15 05:00:00+00:00"", ""price"": 50031.12343410555, ""shares"": 2.0691496794037305, ""reason"": ""target2""}]"
KOSPI40_PIT_NORA_LEVEL_RR_A_RAW,000270.KS,000270,KOSPI,기아,KRLEVEL_RR|000270|2T|498|500|502,2023-12-12 00:00:00+00:00,1009024.7618769134,37750.24627237315,83071.29206695998,86300.0,86300.0,3228.7079330400156,89528.70793304002,92757.41586608003,86150.0,2,0.0,201905.85485157036,209099.91328693158,201804.95237538268,209204.51554470393,205.50473396004332,True,False,False,503,26,89400.0,1.1459692473689422,-0.21680499274547557,2023-12-18 01:00:00+00:00,89400.0,time,TIME,7194.058435361221,1,"[{""time"": ""2023-12-12 00:00:00+00:00"", ""price"": 86300.0, ""fraction"": 0.2, ""shares"": 2.3384119626347935, ""reason"": ""starter20""}]","[{""time"": ""2023-12-18 00:00:00+00:00"", ""price"": 89528.70793304002, ""shares"": 1.1692059813173967, ""reason"": ""target1_partial""}, {""time"": ""2023-12-18 01:00:00+00:00"", ""price"": 89400.0, ""shares"": 1.1692059813173967, ""reason"": ""time""}]"
KOSPI40_PIT_NORA_LEVEL_RR_A_RAW,017670.KS,017670,KOSPI,SK텔레콤,KRLEVEL_RR|017670|3T|513|514|515,2023-12-14 01:00:00+00:00,1005607.6030410182,10167.922482972868,49692.416617474184,49692.416617474184,50200.0,507.583382525816,50707.583382525816,51215.16676505163,49800.0,3,0.0,402444.1627370155,398784.85891995975,402243.0412164073,398984.3510955075,400.6136961559574,False,True,False,516,18,49950.0,0.3940239316046322,-0.7880478632092645,2023-12-19 00:00:00+00:00,49692.416617474184,stop,LOSS,-3659.30381705577,2,"[{""time"": ""2023-12-14 01:00:00+00:00"", ""price"": 50200.0, ""fraction"": 0.2, ""shares"": 4.006404792992105, ""reason"": ""starter20""}, {""time"": ""2023-12-14 02:00:00+00:00"", ""price"": 49996.96664698968, ""fraction"": 0.2, ""shares"": 4.022674455997486, ""reason"": ""adverse20""}]","[{""time"": ""2023-12-19 00:00:00+00:00"", ""price"": 49692.416617474184, ""shares"": 8.029079248989591, ""reason"": ""stop""}]"
KOSPI40_PIT_NORA_LEVEL_RR_A_RAW,012330.KS,012330,KOSPI,현대모비스,KRLEVEL_RR|012330|3T|530|534|535,2023-12-19 03:00:00+00:00,1006098.5780217402,17651.233385473006,220070.090580865,224000.0,224000.0,3929.909419134987,227929.909419135,231859.81883826997,223000.0,3,0.0,201320.3254621502,206411.82807717996,201219.71560434805,206515.08561998996,203.86740061216904,True,False,False,536,10,227500.0,2.417358515629871,-0.25445879111893377,2023-12-21 00:00:00+00:00,231859.81883826997,target2,WIN,5091.502615029749,1,"[{""time"": ""2023-12-19 03:00:00+00:00"", ""price"": 224000.0, ""fraction"": 0.2, ""shares"": 0.8983023018051253, ""reason"": ""starter20""}]","[{""time"": ""2023-12-20 02:00:00+00:00"", ""price"": 227929.909419135, ""shares"": 0.44915115090256263, ""reason"": ""target1_partial""}, {""time"": ""2023-12-21 00:00:00+00:00"", ""price"": 231859.81883826997, ""shares"": 0.44915115090256263, ""reason"": ""target2""}]"
KOSPI40_PIT_NORA_LEVEL_RR_A_RAW,047050.KS,047050,KOSPI,포스코인터내셔널,KRLEVEL_RR|047050|5T|522|526|527,2023-12-18 01:00:00+00:00,521025.2669521284,50358.783442391046,54833.14795108777,54833.14795108777,60700.0,5866.852048912231,66566.85204891223,72433.70409782446,58200.0,5,0.0,104257.1559171209,101235.98189390608,104205.05339042569,101286.62520650933,102.7458392984675,False,False,False,528,26,59000.0,0.4261228984738968,-0.392033066595985,2023-12-22 02:00:00+00:00,59000.0,time,TIME,-3021.174023214815,1,"[{""time"": ""2023-12-18 01:00:00+00:00"", ""price"": 60700.0, ""fraction"": 0.2, ""shares"": 1.7167224611272767, ""reason"": ""starter20""}]","[{""time"": ""2023-12-22 02:00:00+00:00"", ""price"": 59000.0, ""shares"": 1.7167224611272767, ""reason"": ""time""}]"
KOSPI40_PIT_NORA_LEVEL_RR_A_RAW,006400.KS,006400,KOSPI,삼성SDI,KRLEVEL_RR|006400|2T|552|553|554,2023-12-22 04:00:00+00:00,1009453.9650948737,14176.788823665973,448609.97218514886,448609.97218514886,455000.0,6390.0278148511425,461390.02781485114,467780.0556297023,451750.0,2,0.0,403983.47683096846,399035.7851684017,403781.5860379495,399235.40286983666,401.50849445389304,False,True,False,555,3,454000.0,0.15649384149406795,-0.4694815244822038,2023-12-26 00:00:00+00:00,448609.97218514886,stop,LOSS,-4947.691662566736,2,"[{""time"": ""2023-12-22 04:00:00+00:00"", ""price"": 455000.0, ""fraction"": 0.2, ""shares"": 0.4437160286131313, ""reason"": ""starter20""}, {""time"": ""2023-12-22 05:00:00+00:00"", ""price"": 452443.9888740595, ""fraction"": 0.2, ""shares"": 0.4462227325008671, ""reason"": ""adverse20""}]","[{""time"": ""2023-12-26 00:00:00+00:00"", ""price"": 448609.97218514886, ""shares"": 0.8899387611139984, ""reason"": ""stop""}]"
KOSPI40_PIT_NORA_LEVEL_RR_A_RAW,003490.KS,003490,KOSPI,대한항공,KRLEVEL_RR|003490|2T|528|529|531,2023-12-18 05:00:00+00:00,1007591.6766117397,23322.493873385072,22907.20821834297,23450.0,23450.0,542.7917816570298,23992.79178165703,24535.58356331406,23350.0,2,0.0,403238.1889800182,411558.7400404411,403036.67064469587,411764.62235161685,407.40064649815633,True,True,False,532,26,23700.0,1.0132798958763987,-0.7369308333646535,2023-12-26 00:00:00+00:00,23700.0,time,TIME,8320.551060422906,2,"[{""time"": ""2023-12-18 05:00:00+00:00"", ""price"": 23450.0, ""fraction"": 0.2, ""shares"": 8.593532423127844, ""reason"": ""starter20""}, {""time"": ""2023-12-19 00:00:00+00:00"", ""price"": 23232.883287337187, ""fraction"": 0.2, ""shares"": 8.673840987794364, ""reason"": ""adverse20""}]","[{""time"": ""2023-12-21 05:00:00+00:00"", ""price"": 23992.79178165703, ""shares"": 8.633686705461104, ""reason"": ""target1_partial""}, {""time"": ""2023-12-26 00:00:00+00:00"", ""price"": 23700.0, ""shares"": 8.633686705461104, ""reason"": ""time""}]"
KOSPI40_PIT_NORA_LEVEL_RR_A_RAW,032830.KS,032830,KOSPI,삼성생명,KRLEVEL_RR|032830|2T|557|558|559,2023-12-26 03:00:00+00:00,1008564.9562588986,31803.821688065796,70794.88385356826,70794.88385356826,73100.0,2305.116146431741,75405.11614643174,77710.23229286348,71650.0,2,0.0,201813.8477474056,194441.25171421128,201712.99125177972,194538.52097469862,198.12575611323916,False,False,False,560,3,70500.0,0.1301452859390153,-0.30367233385770237,2023-12-27 00:00:00+00:00,70500.0,gap_stop,LOSS,-7372.596033194335,1,"[{""time"": ""2023-12-26 03:00:00+00:00"", ""price"": 73100.0, ""fraction"": 0.2, ""shares"": 2.7594116450311863, ""reason"": ""starter20""}]","[{""time"": ""2023-12-27 00:00:00+00:00"", ""price"": 70500.0, ""shares"": 2.7594116450311863, ""reason"": ""gap_stop""}]"
KOSPI40_PIT_NORA_LEVEL_RR_A_RAW,010950.KS,010950,KOSPI,S-Oil,KRLEVEL_RR|010950|4T|552|553|554,2023-12-22 04:00:00+00:00,1009433.7760155718,11233.41040399959,69221.01008806759,70000.0,70000.0,778.9899119324109,70778.98991193241,71557.97982386482,69650.0,4,0.0,201987.69858071592,201611.39669079997,201886.75520311436,201712.2528172086,201.79950401016146,True,False,False,555,8,69100.0,1.155342304456041,-0.12837136716178232,2023-12-27 00:00:00+00:00,69100.0,gap_stop,BE_STOP,-376.3018899159506,1,"[{""time"": ""2023-12-22 04:00:00+00:00"", ""price"": 70000.0, ""fraction"": 0.2, ""shares"": 2.8840965029016337, ""reason"": ""starter20""}]","[{""time"": ""2023-12-26 02:00:00+00:00"", ""price"": 70778.98991193241, ""shares"": 1.4420482514508168, ""reason"": ""target1_partial""}, {""time"": ""2023-12-27 00:00:00+00:00"", ""price"": 69100.0, ""shares"": 1.4420482514508168, ""reason"": ""gap_stop""}]"
KOSPI40_PIT_NORA_LEVEL_RR_A_RAW,018260.KS,018260,KOSPI,삼성에스디에스,KRLEVEL_RR|018260|3T|547|550|552,2023-12-22 02:00:00+00:00,1008862.4569791517,19511.455258973772,164848.9367789,168100.0,168100.0,3251.06322109999,171351.0632211,174602.12644219998,166800.0,3,0.0,201873.37764152826,203621.77510326687,201772.49139583035,203723.63692172774,202.74806415877904,True,False,False,553,11,168700.0,1.507199235068119,-0.03075916806261467,2023-12-27 00:00:00+00:00,168100.0,stop,BE_STOP,1748.397461738612,1,"[{""time"": ""2023-12-22 02:00:00+00:00"", ""price"": 168100.0, ""fraction"": 0.2, ""shares"": 1.2003122629139225, ""reason"": ""starter20""}]","[{""time"": ""2023-12-22 04:00:00+00:00"", ""price"": 171351.0632211, ""shares"": 0.6001561314569612, ""reason"": ""target1_partial""}, {""time"": ""2023-12-27 00:00:00+00:00"", ""price"": 168100.0, ""shares"": 0.6001561314569612, ""reason"": ""stop""}]"
KOSPI40_PIT_NORA_LEVEL_RR_A_RAW,207940.KS,207940,KOSPI,삼성바이오로직스,KRLEVEL_RR|207940|2T|558|560|562,2023-12-27 00:00:00+00:00,1006534.9951999739,22189.474908039767,706083.2152284762,722000.0,722000.0,15916.784771523788,737916.7847715238,753833.5695430476,720500.0,2,0.0,201407.6525395148,207859.85959165051,201306.9990399948,207963.8415124067,204.63542027620076,True,False,False,563,9,752000.0,2.387416839862319,-0.12565351788749046,2023-12-28 02:00:00+00:00,753833.5695430476,target2,WIN,6452.207052135724,1,"[{""time"": ""2023-12-27 00:00:00+00:00"", ""price"": 722000.0, ""fraction"": 0.2, ""shares"": 0.2788185582271396, ""reason"": ""starter20""}]","[{""time"": ""2023-12-28 01:00:00+00:00"", ""price"": 737916.7847715238, ""shares"": 0.1394092791135698, ""reason"": ""target1_partial""}, {""time"": ""2023-12-28 02:00:00+00:00"", ""price"": 753833.5695430476, ""shares"": 0.1394092791135698, ""reason"": ""target2""}]"
KOSPI40_PIT_NORA_LEVEL_RR_A_RAW,000660.KS,000660,KOSPI,SK하이닉스,KRLEVEL_RR|000660|4T|572|573|574,2024-01-02 01:00:00+00:00,1010613.9953198821,5345.345819016419,138961.09789259327,139700.0,139700.0,738.9021074067277,140438.90210740673,141177.80421481346,140800.0,4,0.0,202223.8604635084,203624.5396082765,202122.79906397642,203726.40280968134,202.92460093682888,True,False,False,575,1,139700.0,3.2480621938176757,0.0,2024-01-02 01:00:00+00:00,141177.80421481346,target2,WIN,1400.6791447681026,1,"[{""time"": ""2024-01-02 01:00:00+00:00"", ""price"": 139700.0, ""fraction"": 0.2, ""shares"": 1.446834638969051, ""reason"": ""starter20""}]","[{""time"": ""2024-01-02 01:00:00+00:00"", ""price"": 140438.90210740673, ""shares"": 0.7234173194845255, ""reason"": ""target1_partial""}, {""time"": ""2024-01-02 01:00:00+00:00"", ""price"": 141177.80421481346, ""shares"": 0.7234173194845255, ""reason"": ""target2""}]"
KOSPI40_PIT_NORA_LEVEL_RR_A_RAW,096770.KS,096770,KOSPI,SK이노베이션,KRLEVEL_RR|096770|2T|561|562|563,2023-12-27 01:00:00+00:00,1006468.3910809538,19311.089607423735,136333.00968096076,136333.00968096076,139000.0,2666.990319039236,141666.99031903924,144333.98063807847,137750.0,2,0.0,1006971.6252764942,997418.5057757596,1006468.3910809538,997917.4645080136,1002.1929277944837,False,True,True,564,18,136900.0,0.48744083948093053,-0.8623953313893387,2024-01-03 01:00:00+00:00,136333.00968096076,stop,LOSS,-9553.11950073461,3,"[{""time"": ""2023-12-27 01:00:00+00:00"", ""price"": 139000.0, ""fraction"": 0.2, ""shares"": 1.4481559583898618, ""reason"": ""starter20""}, {""time"": ""2023-12-27 02:00:00+00:00"", ""price"": 137933.2038723843, ""fraction"": 0.2, ""shares"": 1.4593562142037064, ""reason"": ""adverse20""}, {""time"": ""2024-01-03 00:00:00+00:00"", ""price"": 136866.4077447686, ""fraction"": 0.6, ""shares"": 4.412193207954303, ""reason"": ""support60""}]","[{""time"": ""2024-01-03 01:00:00+00:00"", ""price"": 136333.00968096076, ""shares"": 7.319705380547871, ""reason"": ""stop""}]"
KOSPI40_PIT_NORA_LEVEL_RR_A_RAW,009540.KS,009540,KOSPI,HD한국조선해양,KRLEVEL_RR|009540|2T|561|562|563,2023-12-27 01:00:00+00:00,1006488.5208513708,40561.399276722696,109405.8099801923,114000.0,114000.0,4594.1900198077055,118594.1900198077,123188.38003961541,113200.0,2,0.0,201398.3530223593,205251.16717589746,201297.70417027417,205353.84409794642,203.32577413411033,True,False,False,564,18,114800.0,1.610730067344871,-0.021766622531687447,2024-01-03 01:00:00+00:00,114000.0,stop,BE_STOP,3852.8141535381437,1,"[{""time"": ""2023-12-27 01:00:00+00:00"", ""price"": 114000.0, ""fraction"": 0.2, ""shares"": 1.7657693348269663, ""reason"": ""starter20""}]","[{""time"": ""2023-12-28 00:00:00+00:00"", ""price"": 118594.1900198077, ""shares"": 0.8828846674134831, ""reason"": ""target1_partial""}, {""time"": ""2024-01-03 01:00:00+00:00"", ""price"": 114000.0, ""shares"": 0.8828846674134831, ""reason"": ""stop""}]"
KOSPI40_PIT_NORA_LEVEL_RR_A_RAW,000810.KS,000810,KOSPI,삼성화재,KRLEVEL_RR|000810|2T|568|569|571,2023-12-28 03:00:00+00:00,1010238.743790258,17615.29145369306,252518.75244200788,252518.75244200788,257000.0,4481.247557992116,261481.24755799212,265962.49511598423,255250.0,2,0.0,404297.54526486126,397426.4166985493,404095.4975161032,397625.22931320587,400.86036341465456,False,True,False,572,14,252000.0,0.8926085756780316,-0.6694564317585238,2024-01-04 00:00:00+00:00,252000.0,gap_stop,LOSS,-6871.128566311963,2,"[{""time"": ""2023-12-28 03:00:00+00:00"", ""price"": 257000.0, ""fraction"": 0.2, ""shares"": 0.7861780107317183, ""reason"": ""starter20""}, {""time"": ""2024-01-03 04:00:00+00:00"", ""price"": 255207.50097680316, ""fraction"": 0.2, ""shares"": 0.7916998833683049, ""reason"": ""adverse20""}]","[{""time"": ""2024-01-04 00:00:00+00:00"", ""price"": 252000.0, ""shares"": 1.5778778941000233, ""reason"": ""gap_stop""}]"
KOSPI40_PIT_NORA_LEVEL_RR_A_RAW,028260.KS,028260,KOSPI,삼성물산,KRLEVEL_RR|028260|2T|581|582|583,2024-01-03 04:00:00+00:00,1007004.8916064308,13072.158695966904,127226.7198898884,127226.7198898884,128900.0,1673.2801101116056,130573.2801101116,132246.5602202232,128100.0,2,0.0,403003.35762089357,398411.3727585276,402801.9566425723,398610.67809757637,400.7063173700743,False,True,False,584,3,127300.0,0.11952571406986978,-0.41833999924454424,2024-01-04 00:00:00+00:00,127226.7198898884,stop,LOSS,-4591.984862365993,2,"[{""time"": ""2024-01-03 04:00:00+00:00"", ""price"": 128900.0, ""fraction"": 0.2, ""shares"": 1.562459102570102, ""reason"": ""starter20""}, {""time"": ""2024-01-03 04:00:00+00:00"", ""price"": 128230.68795595536, ""fraction"": 0.2, ""shares"": 1.570614503686226, ""reason"": ""adverse20""}]","[{""time"": ""2024-01-04 00:00:00+00:00"", ""price"": 127226.7198898884, ""shares"": 3.1330736062563282, ""reason"": ""stop""}]"
KOSPI40_PIT_NORA_LEVEL_RR_A_RAW,015760.KS,015760,KOSPI,한국전력,KRLEVEL_RR|015760|3T|580|581|582,2024-01-03 03:00:00+00:00,1006863.1992346948,36420.043445202755,18659.714160141062,18659.714160141062,19360.0,700.2858398589378,20060.285839858938,20760.571679717876,19060.0,3,0.0,1007366.6308343122,990148.6586029634,1006863.1992346949,990643.98059326,998.7535899139775,False,True,True,583,11,18760.0,0.12851894880257633,-0.9139125248183206,2024-01-05 01:00:00+00:00,18659.714160141062,stop,LOSS,-17217.972231348744,3,"[{""time"": ""2024-01-03 03:00:00+00:00"", ""price"": 19360.0, ""fraction"": 0.2, ""shares"": 10.401479330936931, ""reason"": ""starter20""}, {""time"": ""2024-01-04 00:00:00+00:00"", ""price"": 19079.885664056426, ""fraction"": 0.2, ""shares"": 10.554184830692884, ""reason"": ""adverse20""}, {""time"": ""2024-01-05 00:00:00+00:00"", ""price"": 18799.77132811285, ""fraction"": 0.6, ""shares"": 32.13432275303421, ""reason"": ""support60""}]","[{""time"": ""2024-01-05 01:00:00+00:00"", ""price"": 18659.714160141062, ""shares"": 53.089986914664024, ""reason"": ""stop""}]"
KOSPI40_PIT_NORA_LEVEL_RR_A_RAW,005490.KS,005490,KOSPI,POSCO홀딩스,KRLEVEL_RR|005490|2T|592|593|594,2024-01-05 03:00:00+00:00,1000546.2844929673,38404.082469314075,461095.2966599962,461095.2966599962,479500.0,18404.70334000379,497904.7033400038,516309.4066800076,469250.0,2,0.0,1001046.5576352138,973142.9069345207,1000546.2844929674,973629.7217954184,987.0880031441928,False,True,True,595,15,456500.0,0.3803375621265818,-0.9508439053164546,2024-01-10 00:00:00+00:00,456500.0,gap_stop,LOSS,-27903.650700693135,3,"[{""time"": ""2024-01-05 03:00:00+00:00"", ""price"": 479500.0, ""fraction"": 0.2, ""shares"": 0.4173290029167747, ""reason"": ""starter20""}, {""time"": ""2024-01-08 00:00:00+00:00"", ""price"": 472138.1186639985, ""fraction"": 0.2, ""shares"": 0.4238362652539883, ""reason"": ""adverse20""}, {""time"": ""2024-01-09 05:00:00+00:00"", ""price"": 464776.237327997, ""fraction"": 0.6, ""shares"": 1.2916490183471308, ""reason"": ""support60""}]","[{""time"": ""2024-01-10 00:00:00+00:00"", ""price"": 456500.0, ""shares"": 2.1328142865178936, ""reason"": ""gap_stop""}]"
KOSPI40_PIT_NORA_LEVEL_RR_A_RAW,033780.KS,033780,KOSPI,KT&G,KRLEVEL_RR|033780|2T|588|589|591,2024-01-05 00:00:00+00:00,884537.6415143239,50139.73740524091,85841.69368296687,85841.69368296687,91000.0,5158.30631703313,96158.30631703313,101316.61263406626,89900.0,2,0.0,353991.96413403243,355774.72868920764,353815.05660572957,355952.7050417285,354.88388082372904,False,True,False,592,26,90500.0,0.0,-0.5428138283983217,2024-01-11 01:00:00+00:00,90500.0,time,TIME,1782.7645551752066,2,"[{""time"": ""2024-01-05 00:00:00+00:00"", ""price"": 91000.0, ""fraction"": 0.2, ""shares"": 1.9440387725589536, ""reason"": ""starter20""}, {""time"": ""2024-01-05 04:00:00+00:00"", ""price"": 88936.67747318675, ""fraction"": 0.2, ""shares"": 1.9891402886756153, ""reason"": ""adverse20""}]","[{""time"": ""2024-01-11 01:00:00+00:00"", ""price"": 90500.0, ""shares"": 3.933179061234569, ""reason"": ""time""}]"
KOSPI40_PIT_NORA_LEVEL_RR_A_RAW,005380.KS,005380,KOSPI,현대차,KRLEVEL_RR|005380|5T|607|608|610,2024-01-10 01:00:00+00:00,996037.2685001907,7765.856418569136,185244.34624165212,186700.0,186700.0,1455.6537583478785,188155.65375834788,189611.30751669576,185900.0,5,0.0,398614.1148537763,400286.61077065684,398414.9074000763,400486.8541977557,399.450880798916,True,True,False,611,11,186600.0,1.5113484146785918,-0.4808835864886428,2024-01-12 00:00:00+00:00,186600.0,gap_stop,BE_STOP,1672.4959168805508,2,"[{""time"": ""2024-01-10 01:00:00+00:00"", ""price"": 186700.0, ""fraction"": 0.2, ""shares"": 1.0669922533478209, ""reason"": ""starter20""}, {""time"": ""2024-01-10 02:00:00+00:00"", ""price"": 186117.73849666084, ""fraction"": 0.2, ""shares"": 1.0703302936577006, ""reason"": ""adverse20""}]","[{""time"": ""2024-01-11 01:00:00+00:00"", ""price"": 188155.65375834788, ""shares"": 1.0686612735027607, ""reason"": ""target1_partial""}, {""time"": ""2024-01-12 00:00:00+00:00"", ""price"": 186600.0, ""shares"": 1.0686612735027607, ""reason"": ""gap_stop""}]"
KOSPI40_PIT_NORA_LEVEL_RR_A_RAW,005930.KS,005930,KOSPI,삼성전자,KRLEVEL_RR|005930|4T|619|620|621,2024-01-12 00:00:00+00:00,997599.136703325,5945.154911591161,72564.9592180078,73000.0,73000.0,435.04078199219657,73435.0407819922,73870.0815639844,72950.0,4,0.0,199619.58725433535,201202.72212723526,199519.827340665,201303.37381414234,200.41160057740368,True,False,False,622,1,73000.0,2.5284985811278053,0.0,2024-01-12 00:00:00+00:00,73870.0815639844,target2,WIN,1583.1348728999146,1,"[{""time"": ""2024-01-12 00:00:00+00:00"", ""price"": 73000.0, ""fraction"": 0.2, ""shares"": 2.733148319735137, ""reason"": ""starter20""}]","[{""time"": ""2024-01-12 00:00:00+00:00"", ""price"": 73435.0407819922, ""shares"": 1.3665741598675685, ""reason"": ""target1_partial""}, {""time"": ""2024-01-12 00:00:00+00:00"", ""price"": 73870.0815639844, ""shares"": 1.3665741598675685, ""reason"": ""target2""}]"
KOSPI40_PIT_NORA_LEVEL_RR_A_RAW,055550.KS,055550,KOSPI,신한지주,KRLEVEL_RR|055550|2T|616|619|621,2024-01-12 00:00:00+00:00,997579.1847205907,16867.045776267318,36571.023260621776,36571.023260621776,37200.0,628.976739378224,37828.976739378224,38457.95347875645,37350.0,2,0.0,998077.974312951,989621.0908722715,997579.1847205907,990116.1489467449,993.8476668336677,False,True,True,622,6,36600.0,0.07949419568270137,-0.9539303481924164,2024-01-12 05:00:00+00:00,36571.023260621776,stop,LOSS,-8456.883440679521,3,"[{""time"": ""2024-01-12 00:00:00+00:00"", ""price"": 37200.0, ""fraction"": 0.2, ""shares"": 5.363328950110703, ""reason"": ""starter20""}, {""time"": ""2024-01-12 00:00:00+00:00"", ""price"": 36948.40930424871, ""fraction"": 0.2, ""shares"": 5.399849159979284, ""reason"": ""adverse20""}, {""time"": ""2024-01-12 04:00:00+00:00"", ""price"": 36696.81860849742, ""fraction"": 0.6, ""shares"": 16.310610388818727, ""reason"": ""support60""}]","[{""time"": ""2024-01-12 05:00:00+00:00"", ""price"": 36571.023260621776, ""shares"": 27.073788498908712, ""reason"": ""stop""}]"
KOSPI40_PIT_NORA_LEVEL_RR_A_RAW,000660.KS,000660,KOSPI,SK하이닉스,KRLEVEL_RR|000660|3T|616|617|619,2024-01-11 04:00:00+00:00,997877.778312091,23029.00977438756,131786.77963766293,131786.77963766293,134900.0,3113.2203623370733,138013.22036233707,141126.44072467415,133300.0,3,0.0,399350.68688049883,391560.2022405214,399151.11132483644,391756.0802806617,395.4535958027491,False,True,False,620,15,132600.0,0.7709059175619475,-0.5139372783746317,2024-01-16 00:00:00+00:00,131786.77963766293,stop,LOSS,-7790.484639977454,2,"[{""time"": ""2024-01-11 04:00:00+00:00"", ""price"": 134900.0, ""fraction"": 0.2, ""shares"": 1.4794333258889416, ""reason"": ""starter20""}, {""time"": ""2024-01-12 04:00:00+00:00"", ""price"": 133654.71185506516, ""fraction"": 0.2, ""shares"": 1.4932175072049645, ""reason"": ""adverse20""}]","[{""time"": ""2024-01-16 00:00:00+00:00"", ""price"": 131786.77963766293, ""shares"": 2.972650833093906, ""reason"": ""stop""}]"
KOSPI40_PIT_NORA_LEVEL_RR_A_RAW,035720.KS,035720,KOSPI,카카오,KRLEVEL_RR|035720|2T|610|613|614,2024-01-10 05:00:00+00:00,996286.2259177264,41391.94571132671,57027.99877609939,57027.99877609939,59500.0,2472.00122390061,61972.00122390061,64444.00244780122,59200.0,2,0.0,398713.74761227414,392904.64426063997,398514.49036709056,393101.194858069,395.80784261257975,False,True,False,615,26,58200.0,0.9708733057231266,-0.6067958160769541,2024-01-17 00:00:00+00:00,58200.0,time,TIME,-5809.10335163417,2,"[{""time"": ""2024-01-10 05:00:00+00:00"", ""price"": 59500.0, ""fraction"": 0.2, ""shares"": 3.3488612635889963, ""reason"": ""starter20""}, {""time"": ""2024-01-17 00:00:00+00:00"", ""price"": 58511.19951043976, ""fraction"": 0.2, ""shares"": 3.4054547992644237, ""reason"": ""adverse20""}]","[{""time"": ""2024-01-17 00:00:00+00:00"", ""price"": 58200.0, ""shares"": 6.75431606285342, ""reason"": ""time""}]"
KOSPI40_PIT_NORA_LEVEL_RR_A_RAW,086790.KS,086790,KOSPI,하나금융지주,KRLEVEL_RR|086790|4T|623|628|629,2024-01-15 02:00:00+00:00,995783.3027569809,29853.189517259456,41322.868851170504,41322.868851170504,42600.0,1277.131148829496,43877.131148829496,45154.26229765899,41700.0,4,0.0,996281.1944083592,982025.1303753105,995783.3027569809,982516.3885695953,989.149845663288,False,True,True,630,11,42000.0,0.1174507411689681,-0.8221551881827767,2024-01-17 00:00:00+00:00,41322.868851170504,stop,LOSS,-14256.064033048693,3,"[{""time"": ""2024-01-15 02:00:00+00:00"", ""price"": 42600.0, ""fraction"": 0.2, ""shares"": 4.675038980079723, ""reason"": ""starter20""}, {""time"": ""2024-01-16 00:00:00+00:00"", ""price"": 42089.1475404682, ""fraction"": 0.2, ""shares"": 4.731781758228995, ""reason"": ""adverse20""}, {""time"": ""2024-01-16 05:00:00+00:00"", ""price"": 41578.295080936405, ""fraction"": 0.6, ""shares"": 14.369756636032143, ""reason"": ""support60""}]","[{""time"": ""2024-01-17 00:00:00+00:00"", ""price"": 41322.868851170504, ""shares"": 23.77657737434086, ""reason"": ""stop""}]"
KOSPI40_PIT_NORA_LEVEL_RR_A_RAW,055550.KS,055550,KOSPI,신한지주,KRLEVEL_RR|055550|2T|636|638|640,2024-01-17 01:00:00+00:00,989311.6287133498,18091.036071513165,36470.65693907713,36470.65693907713,37150.0,679.3430609228672,37829.34306092287,38508.686121845734,36825.0,2,0.0,395922.51381108264,389724.5637397947,395724.65148534,389919.5235015455,392.8220874934427,False,True,False,641,6,36550.0,0.0736005162576865,-0.6624046463191786,2024-01-18 00:00:00+00:00,36470.65693907713,stop,LOSS,-6197.9500712879235,2,"[{""time"": ""2024-01-17 01:00:00+00:00"", ""price"": 37150.0, ""fraction"": 0.2, ""shares"": 5.326038377999192, ""reason"": ""starter20""}, {""time"": ""2024-01-17 04:00:00+00:00"", ""price"": 36878.26277563085, ""fraction"": 0.2, ""shares"": 5.365283254975269, ""reason"": ""adverse20""}]","[{""time"": ""2024-01-18 00:00:00+00:00"", ""price"": 36470.65693907713, ""shares"": 10.69132163297446, ""reason"": ""stop""}]"
KOSPI40_PIT_NORA_LEVEL_RR_A_RAW,000270.KS,000270,KOSPI,기아,KRLEVEL_RR|000270|2T|644|645|647,2024-01-18 02:00:00+00:00,988072.038699092,11335.668537081643,87286.97717107534,87286.97717107534,88300.0,1013.0228289246588,89313.02282892466,90326.04565784932,87950.0,2,0.0,197713.21494368833,195249.60039538587,197614.40773981842,195347.27403240209,196.48084088611026,False,False,False,648,3,88000.0,0.1974289169892681,-0.3948578339785362,2024-01-18 04:00:00+00:00,87286.97717107534,stop,LOSS,-2463.6145483024593,1,"[{""time"": ""2024-01-18 02:00:00+00:00"", ""price"": 88300.0, ""fraction"": 0.2, ""shares"": 2.23798876262535, ""reason"": ""starter20""}]","[{""time"": ""2024-01-18 04:00:00+00:00"", ""price"": 87286.97717107534, ""shares"": 2.23798876262535, ""reason"": ""stop""}]"
KOSPI40_PIT_NORA_LEVEL_RR_A_RAW,018260.KS,018260,KOSPI,삼성에스디에스,KRLEVEL_RR|018260|4T|649|651|652,2024-01-19 01:00:00+00:00,987703.1390860938,27038.546247577564,163790.02053561847,163790.02053561847,168400.0,4609.979464381526,173009.97946438153,177619.95892876305,166650.0,4,0.0,395278.79626225476,386199.80210815114,395081.25563443755,386392.9986074549,390.73712712094624,False,True,False,653,7,165200.0,0.04338414119743415,-0.7809145415538148,2024-01-22 01:00:00+00:00,163790.02053561847,stop,LOSS,-9078.994154103624,2,"[{""time"": ""2024-01-19 01:00:00+00:00"", ""price"": 168400.0, ""fraction"": 0.2, ""shares"": 1.1730441081782588, ""reason"": ""starter20""}, {""time"": ""2024-01-19 01:00:00+00:00"", ""price"": 166556.00821424738, ""fraction"": 0.2, ""shares"": 1.1860312331880258, ""reason"": ""adverse20""}]","[{""time"": ""2024-01-22 01:00:00+00:00"", ""price"": 163790.02053561847, ""shares"": 2.3590753413662844, ""reason"": ""stop""}]"
KOSPI40_PIT_NORA_LEVEL_RR_A_RAW,000660.KS,000660,KOSPI,SK하이닉스,KRLEVEL_RR|000660|3T|647|649|651,2024-01-19 00:00:00+00:00,680817.0636273859,49378.96578947157,128640.2307596272,128640.2307596272,138700.0,10059.7692403728,148759.7692403728,158819.5384807456,133300.0,3,0.0,136231.49443183994,136389.69727221996,136163.4127254772,136457.92623533763,136.3106694804074,False,False,False,652,26,139000.0,0.6660192535143786,-0.12922761635353616,2024-01-25 01:00:00+00:00,139000.0,time,TIME,158.20284038002137,1,"[{""time"": ""2024-01-19 00:00:00+00:00"", ""price"": 138700.0, ""fraction"": 0.2, ""shares"": 0.9817116995348031, ""reason"": ""starter20""}]","[{""time"": ""2024-01-25 01:00:00+00:00"", ""price"": 139000.0, ""shares"": 0.9817116995348031, ""reason"": ""time""}]"
KOSPI40_PIT_NORA_LEVEL_RR_A_RAW,017670.KS,017670,KOSPI,SK텔레콤,KRLEVEL_RR|017670|2T|656|657|658,2024-01-22 01:00:00+00:00,987474.7696419662,12067.050998296632,48993.8825092893,48993.8825092893,49600.0,606.1174907106979,50206.1174907107,50812.234981421396,49225.0,2,0.0,987968.5070267871,995800.720123112,987474.7696419662,996298.8695578909,991.8868195999287,False,True,True,659,26,49700.0,0.6599380584298655,-0.9074148303410651,2024-01-26 02:00:00+00:00,49700.0,time,TIME,7832.21309632482,3,"[{""time"": ""2024-01-22 01:00:00+00:00"", ""price"": 49600.0, ""fraction"": 0.2, ""shares"": 3.9817531033950253, ""reason"": ""starter20""}, {""time"": ""2024-01-23 00:00:00+00:00"", ""price"": 49357.55300371572, ""fraction"": 0.2, ""shares"": 4.001311692123909, ""reason"": ""adverse20""}, {""time"": ""2024-01-23 04:00:00+00:00"", ""price"": 49115.106007431445, ""fraction"": 0.6, ""shares"": 12.063190125162976, ""reason"": ""support60""}]","[{""time"": ""2024-01-26 02:00:00+00:00"", ""price"": 49700.0, ""shares"": 20.04625492068191, ""reason"": ""time""}]"
KOSPI40_PIT_NORA_LEVEL_RR_A_RAW,010130.KS,010130,KOSPI,고려아연,KRLEVEL_RR|010130|2T|657|660|661,2024-01-22 04:00:00+00:00,986911.4995397024,22197.479308910068,45014.24965900989,45014.24965900989,46050.0,1035.750340990111,47085.75034099011,48121.50068198022,45850.0,2,0.0,987404.9552894724,1002307.908873656,986911.4995397024,1002809.3135304211,994.8604065350618,False,True,True,662,26,46200.0,0.3379192708403286,-0.8206610863265122,2024-01-26 05:00:00+00:00,46200.0,time,TIME,14902.95358418359,3,"[{""time"": ""2024-01-22 04:00:00+00:00"", ""price"": 46050.0, ""fraction"": 0.2, ""shares"": 4.286260584320098, ""reason"": ""starter20""}, {""time"": ""2024-01-23 00:00:00+00:00"", ""price"": 45635.69986360396, ""fraction"": 0.2, ""shares"": 4.3251730662152, ""reason"": ""adverse20""}, {""time"": ""2024-01-25 03:00:00+00:00"", ""price"": 45221.399727207914, ""fraction"": 0.6, ""shares"": 13.094395646659965, ""reason"": ""support60""}]","[{""time"": ""2024-01-26 05:00:00+00:00"", ""price"": 46200.0, ""shares"": 21.70582929719526, ""reason"": ""time""}]"
KOSPI40_PIT_NORA_LEVEL_RR_A_RAW,000270.KS,000270,KOSPI,기아,KRLEVEL_RR|000270|5T|676|677|678,2024-01-25 03:00:00+00:00,887009.5778304589,49248.54182132252,86608.63300928361,91700.0,91700.0,5091.366990716386,96791.36699071639,101882.73398143277,88100.0,5,0.0,177490.6165238748,192080.3898734323,177401.91556609177,192176.47811248852,184.78919683929016,True,False,False,679,16,101000.0,2.3372897733945512,-0.13748763372909126,2024-01-30 00:00:00+00:00,101882.73398143277,target2,WIN,14589.77334955748,1,"[{""time"": ""2024-01-25 03:00:00+00:00"", ""price"": 91700.0, ""fraction"": 0.2, ""shares"": 1.9345901370348066, ""reason"": ""starter20""}]","[{""time"": ""2024-01-29 00:00:00+00:00"", ""price"": 96791.36699071639, ""shares"": 0.9672950685174033, ""reason"": ""target1_partial""}, {""time"": ""2024-01-30 00:00:00+00:00"", ""price"": 101882.73398143277, ""shares"": 0.9672950685174033, ""reason"": ""target2""}]"
KOSPI40_PIT_NORA_LEVEL_RR_A_RAW,005930.KS,005930,KOSPI,삼성전자,KRLEVEL_RR|005930|2T|685|688|689,2024-01-29 02:00:00+00:00,992176.5309293574,17765.634768790347,73166.02388887879,73166.02388887879,74500.0,1333.9761111212138,75833.97611112121,77167.95222224243,74150.0,2,0.0,992672.619194822,983821.1336984579,992176.5309293574,984313.2903436297,988.2449106364935,False,True,True,690,14,73300.0,0.5997108893708718,-0.9745301952276667,2024-01-31 03:00:00+00:00,73166.02388887879,stop,LOSS,-8851.485496364185,3,"[{""time"": ""2024-01-29 02:00:00+00:00"", ""price"": 74500.0, ""fraction"": 0.2, ""shares"": 2.663561156857335, ""reason"": ""starter20""}, {""time"": ""2024-01-30 02:00:00+00:00"", ""price"": 73966.40955555151, ""fraction"": 0.2, ""shares"": 2.6827759705821497, ""reason"": ""adverse20""}, {""time"": ""2024-01-31 00:00:00+00:00"", ""price"": 73432.81911110303, ""fraction"": 0.6, ""shares"": 8.106810085241632, ""reason"": ""support60""}]","[{""time"": ""2024-01-31 03:00:00+00:00"", ""price"": 73166.02388887879, ""shares"": 13.453147212681117, ""reason"": ""stop""}]"
KOSPI40_PIT_NORA_LEVEL_RR_A_RAW,003490.KS,003490,KOSPI,대한항공,KRLEVEL_RR|003490|2T|682|683|684,2024-01-26 03:00:00+00:00,990973.0026086305,25903.693816954234,22106.629799099494,22700.0,22700.0,593.3702009005065,23293.370200900506,23886.740401801013,22525.0,2,0.0,991468.4891099348,1016188.0356275702,990973.0026086303,1016696.38381948,1003.8346932140552,True,True,True,685,22,22600.0,1.095437551487337,-0.926908697412362,2024-02-01 01:00:00+00:00,22600.0,gap_stop,BE_STOP,24719.546517635463,3,"[{""time"": ""2024-01-26 03:00:00+00:00"", ""price"": 22700.0, ""fraction"": 0.2, ""shares"": 8.731039670560621, ""reason"": ""starter20""}, {""time"": ""2024-01-29 00:00:00+00:00"", ""price"": 22462.651919639797, ""fraction"": 0.2, ""shares"": 8.823294828712472, ""reason"": ""adverse20""}, {""time"": ""2024-01-31 00:00:00+00:00"", ""price"": 22225.303839279593, ""fraction"": 0.6, ""shares"": 26.752561218728918, ""reason"": ""support60""}]","[{""time"": ""2024-02-01 00:00:00+00:00"", ""price"": 23293.370200900506, ""shares"": 22.153447859001005, ""reason"": ""target1_partial""}, {""time"": ""2024-02-01 01:00:00+00:00"", ""price"": 22600.0, ""shares"": 22.153447859001005, ""reason"": ""gap_stop""}]"
KOSPI40_PIT_NORA_LEVEL_RR_A_RAW,015760.KS,015760,KOSPI,한국전력,KRLEVEL_RR|015760|2T|698|703|704,2024-01-31 05:00:00+00:00,990717.4260062444,22421.253257291162,19097.783806818083,19540.0,19540.0,442.21619318191733,19982.216193181917,20424.432386363835,19495.0,2,0.0,198242.55694384951,204767.42624784703,198143.4852012489,204869.86117843626,201.50667318984256,True,False,False,705,4,20250.0,2.17088386811986,-0.04522674725249708,2024-02-01 02:00:00+00:00,20424.432386363835,target2,WIN,6524.869303997519,1,"[{""time"": ""2024-01-31 05:00:00+00:00"", ""price"": 19540.0, ""fraction"": 0.2, ""shares"": 10.140403541517344, ""reason"": ""starter20""}]","[{""time"": ""2024-02-01 00:00:00+00:00"", ""price"": 19982.216193181917, ""shares"": 5.070201770758672, ""reason"": ""target1_partial""}, {""time"": ""2024-02-01 02:00:00+00:00"", ""price"": 20424.432386363835, ""shares"": 5.070201770758672, ""reason"": ""target2""}]"
KOSPI40_PIT_NORA_LEVEL_RR_A_RAW,010130.KS,010130,KOSPI,고려아연,KRLEVEL_RR|010130|2T|692|693|694,2024-01-30 01:00:00+00:00,992635.2423287483,48857.08905559507,45114.53096078952,45114.53096078952,47450.0,2335.469039210482,49785.46903921048,52120.938078420964,47100.0,2,0.0,397252.6239799651,396194.4367006421,397054.09693149937,396392.6330171507,396.723364974325,False,True,False,695,26,46900.0,0.17127180591322338,-0.5780423449571289,2024-02-05 02:00:00+00:00,46900.0,time,TIME,-1058.1872793229995,2,"[{""time"": ""2024-01-30 01:00:00+00:00"", ""price"": 47450.0, ""fraction"": 0.2, ""shares"": 4.183920937107475, ""reason"": ""starter20""}, {""time"": ""2024-01-31 00:00:00+00:00"", ""price"": 46515.81238431581, ""fraction"": 0.2, ""shares"": 4.267947570720898, ""reason"": ""adverse20""}]","[{""time"": ""2024-02-05 02:00:00+00:00"", ""price"": 46900.0, ""shares"": 8.451868507828372, ""reason"": ""time""}]"
KOSPI40_PIT_NORA_LEVEL_RR_A_RAW,032830.KS,032830,KOSPI,삼성생명,KRLEVEL_RR|032830|2T|706|708|709,2024-02-01 04:00:00+00:00,455947.18510330975,49929.0478813065,65451.29361650842,65451.29361650842,73500.0,8048.7063834915825,81548.70638349158,89597.41276698317,71650.0,2,0.0,91235.03173917228,100444.23437379974,91189.43702066195,100494.48161460705,95.8419593176345,False,False,False,710,26,81000.0,0.9318267610535508,-0.03727307044214203,2024-02-07 05:00:00+00:00,81000.0,time,TIME,9209.202634627465,1,"[{""time"": ""2024-02-01 04:00:00+00:00"", ""price"": 73500.0, ""fraction"": 0.2, ""shares"": 1.240672612526013, ""reason"": ""starter20""}]","[{""time"": ""2024-02-07 05:00:00+00:00"", ""price"": 81000.0, ""shares"": 1.240672612526013, ""reason"": ""time""}]"
KOSPI40_PIT_NORA_LEVEL_RR_A_RAW,000810.KS,000810,KOSPI,삼성화재,KRLEVEL_RR|000810|2T|732|734|736,2024-02-08 01:00:00+00:00,698895.8202401293,49961.69173951736,290160.4349082603,312500.0,312500.0,22339.5650917397,334839.5650917397,357179.1301834794,298250.0,2,0.0,139849.05363004986,144702.9455553666,139779.16404802585,144775.33322197758,142.27724863500174,True,False,False,737,12,316500.0,1.230999792836989,-0.1119090720760899,2024-02-14 00:00:00+00:00,312500.0,stop,BE_STOP,4853.8919253167405,1,"[{""time"": ""2024-02-08 01:00:00+00:00"", ""price"": 312500.0, ""fraction"": 0.2, ""shares"": 0.44729332495368274, ""reason"": ""starter20""}]","[{""time"": ""2024-02-13 00:00:00+00:00"", ""price"": 334839.5650917397, ""shares"": 0.22364666247684137, ""reason"": ""target1_partial""}, {""time"": ""2024-02-14 00:00:00+00:00"", ""price"": 312500.0, ""shares"": 0.22364666247684137, ""reason"": ""stop""}]"
KOSPI40_PIT_NORA_LEVEL_RR_A_RAW,068270.KS,068270,KOSPI,셀트리온,KRLEVEL_RR|068270|3T|722|723|724,2024-02-06 01:00:00+00:00,939566.4149507885,49941.65440837321,151036.253236089,151036.253236089,159515.109375,8478.856138911011,167993.965513911,176472.82165282202,157945.25,3,0.0,376014.4792633056,381379.58814185875,375826.56598031544,381570.373328523,378.6984696544192,False,True,False,725,26,160212.8125,0.5554497031016826,-0.432017664291974,2024-02-14 02:00:00+00:00,160212.8125,time,TIME,5365.1088785531465,2,"[{""time"": ""2024-02-06 01:00:00+00:00"", ""price"": 159515.109375, ""fraction"": 0.2, ""shares"": 1.1780281111076267, ""reason"": ""starter20""}, {""time"": ""2024-02-07 05:00:00+00:00"", ""price"": 156123.5669194356, ""fraction"": 0.2, ""shares"": 1.2036189455441186, ""reason"": ""adverse20""}]","[{""time"": ""2024-02-14 02:00:00+00:00"", ""price"": 160212.8125, ""shares"": 2.3816470566517456, ""reason"": ""time""}]"
KOSPI40_PIT_NORA_LEVEL_RR_A_RAW,066570.KS,066570,KOSPI,LG전자,KRLEVEL_RR|066570|2T|745|746|748,2024-02-14 01:00:00+00:00,1001700.1535593407,24336.857367318855,97765.58576981301,97765.58576981301,100200.0,2434.414230186987,102634.41423018699,105068.82846037397,99400.0,2,0.0,1002201.0036361204,990409.9360282986,1001700.1535593409,990905.3887226599,996.3027711410004,False,True,True,749,13,97900.0,0.08215528709945062,-0.9858634451934075,2024-02-16 01:00:00+00:00,97765.58576981301,stop,LOSS,-11791.06760782178,3,"[{""time"": ""2024-02-14 01:00:00+00:00"", ""price"": 100200.0, ""fraction"": 0.2, ""shares"": 1.9994015041104607, ""reason"": ""starter20""}, {""time"": ""2024-02-14 01:00:00+00:00"", ""price"": 99226.2343079252, ""fraction"": 0.2, ""shares"": 2.0190228129605337, ""reason"": ""adverse20""}, {""time"": ""2024-02-15 02:00:00+00:00"", ""price"": 98252.4686158504, ""fraction"": 0.6, ""shares"": 6.117099148780532, ""reason"": ""support60""}]","[{""time"": ""2024-02-16 01:00:00+00:00"", ""price"": 97765.58576981301, ""shares"": 10.135523465851527, ""reason"": ""stop""}]"
KOSPI40_PIT_NORA_LEVEL_RR_A_RAW,017670.KS,017670,KOSPI,SK텔레콤,KRLEVEL_RR|017670|2T|742|748|750,2024-02-14 03:00:00+00:00,1001122.9299620697,34411.967703587274,50116.02215835387,51900.0,51900.0,1783.9778416461268,53683.97784164613,55467.95568329225,51500.0,2,0.0,200324.69828541015,206455.92203467767,200224.58599241395,206559.2016354954,203.39189381395468,True,False,False,751,26,53400.0,1.0089811420186077,-0.2802725394496133,2024-02-20 04:00:00+00:00,53400.0,time,TIME,6131.223749267519,1,"[{""time"": ""2024-02-14 03:00:00+00:00"", ""price"": 51900.0, ""fraction"": 0.2, ""shares"": 3.8578918302969933, ""reason"": ""starter20""}]","[{""time"": ""2024-02-20 03:00:00+00:00"", ""price"": 53683.97784164613, ""shares"": 1.9289459151484967, ""reason"": ""target1_partial""}, {""time"": ""2024-02-20 04:00:00+00:00"", ""price"": 53400.0, ""shares"": 1.9289459151484967, ""reason"": ""time""}]"
KOSPI40_PIT_NORA_LEVEL_RR_A_RAW,032830.KS,032830,KOSPI,삼성생명,KRLEVEL_RR|032830|2T|763|764|765,2024-02-19 00:00:00+00:00,998892.0749938801,36790.465512298775,77342.4488745136,80300.0,80300.0,2957.551125486396,83257.5511254864,86215.10225097279,79150.0,2,0.0,199878.30420627544,210710.14687513944,199778.41499877605,210815.55465246568,205.29698482562085,True,False,False,766,13,82500.0,2.265387719679106,-0.10143527103040774,2024-02-21 00:00:00+00:00,86215.10225097279,target2,WIN,10831.842668864003,1,"[{""time"": ""2024-02-19 00:00:00+00:00"", ""price"": 80300.0, ""fraction"": 0.2, ""shares"": 2.487900560383263, ""reason"": ""starter20""}]","[{""time"": ""2024-02-19 00:00:00+00:00"", ""price"": 83257.5511254864, ""shares"": 1.2439502801916316, ""reason"": ""target1_partial""}, {""time"": ""2024-02-21 00:00:00+00:00"", ""price"": 86215.10225097279, ""shares"": 1.2439502801916316, ""reason"": ""target2""}]"
KOSPI40_PIT_NORA_LEVEL_RR_A_RAW,034020.KS,034020,KOSPI,두산에너빌리티,KRLEVEL_RR|034020|2T|751|752|754,2024-02-15 01:00:00+00:00,1000713.9076707052,22687.625386052336,15138.819393298976,15490.0,15490.0,351.18060670102386,15841.180606701024,16192.361213402048,15340.0,2,0.0,400485.7058498162,410883.09147682495,400285.5630682821,411088.6357947223,405.68709943150225,True,True,False,755,26,15830.0,1.2244411900742533,-0.4556060242136757,2024-02-21 02:00:00+00:00,15830.0,time,TIME,10397.385627008742,2,"[{""time"": ""2024-02-15 01:00:00+00:00"", ""price"": 15490.0, ""fraction"": 0.2, ""shares"": 12.920773501235704, ""reason"": ""starter20""}, {""time"": ""2024-02-16 01:00:00+00:00"", ""price"": 15349.52775731959, ""fraction"": 0.2, ""shares"": 13.03901883487593, ""reason"": ""adverse20""}]","[{""time"": ""2024-02-21 01:00:00+00:00"", ""price"": 15841.180606701024, ""shares"": 12.979896168055816, ""reason"": ""target1_partial""}, {""time"": ""2024-02-21 02:00:00+00:00"", ""price"": 15830.0, ""shares"": 12.979896168055816, ""reason"": ""time""}]"
KOSPI40_PIT_NORA_LEVEL_RR_A_RAW,352820.KS,352820,KOSPI,하이브,KRLEVEL_RR|352820|2T|776|777|778,2024-02-21 01:00:00+00:00,1003513.4070343862,35907.23304133731,199111.11653211617,206500.0,206500.0,7388.883467883832,213888.88346788383,221277.76693576766,203500.0,2,0.0,200803.03274758067,211369.1138936188,200702.68140687724,211474.85131927842,206.08876636307787,True,False,False,779,6,212000.0,2.030076677375991,0.0,2024-02-22 00:00:00+00:00,221277.76693576766,target2,WIN,10566.081146038137,1,"[{""time"": ""2024-02-21 01:00:00+00:00"", ""price"": 206500.0, ""fraction"": 0.2, ""shares"": 0.9719258179509793, ""reason"": ""starter20""}]","[{""time"": ""2024-02-22 00:00:00+00:00"", ""price"": 213888.88346788383, ""shares"": 0.48596290897548966, ""reason"": ""target1_partial""}, {""time"": ""2024-02-22 00:00:00+00:00"", ""price"": 221277.76693576766, ""shares"": 0.48596290897548966, ""reason"": ""target2""}]"
KOSPI40_PIT_NORA_LEVEL_RR_A_RAW,066570.KS,066570,KOSPI,LG전자,KRLEVEL_RR|066570|3T|784|786|788,2024-02-22 05:00:00+00:00,1006236.9312715319,8627.142577022949,97358.0656853917,98200.0,98200.0,841.9343146082974,99041.9343146083,99883.8686292166,98000.0,3,0.0,402696.0198948671,404713.25846993004,402494.7725086128,404915.7163280941,403.70524441835346,True,True,False,789,7,98400.0,1.187741113111943,-0.4750964452447772,2024-02-23 05:00:00+00:00,98200.0,stop,BE_STOP,2017.2385750629473,2,"[{""time"": ""2024-02-22 05:00:00+00:00"", ""price"": 98200.0, ""fraction"": 0.2, ""shares"": 2.0493623854817353, ""reason"": ""starter20""}, {""time"": ""2024-02-22 05:00:00+00:00"", ""price"": 97863.22627415668, ""fraction"": 0.2, ""shares"": 2.056414793545908, ""reason"": ""adverse20""}]","[{""time"": ""2024-02-23 00:00:00+00:00"", ""price"": 99041.9343146083, ""shares"": 2.0528885895138216, ""reason"": ""target1_partial""}, {""time"": ""2024-02-23 05:00:00+00:00"", ""price"": 98200.0, ""shares"": 2.0528885895138216, ""reason"": ""stop""}]"
KOSPI40_PIT_NORA_LEVEL_RR_A_RAW,003490.KS,003490,KOSPI,대한항공,KRLEVEL_RR|003490|2T|772|774|776,2024-02-20 05:00:00+00:00,1001488.85080122,33575.48550724866,22760.472804501896,22760.472804501896,23550.0,789.5271954981035,24339.527195498104,25129.054390996207,23500.0,2,0.0,400795.8380906483,389601.72164559003,400595.54032048804,389796.6199555678,395.1960801380279,False,True,False,777,26,23100.0,0.2533161633195198,-0.6966194491286793,2024-02-27 00:00:00+00:00,22760.472804501896,stop,LOSS,-11194.116445058258,2,"[{""time"": ""2024-02-20 05:00:00+00:00"", ""price"": 23550.0, ""fraction"": 0.2, ""shares"": 8.505213170286371, ""reason"": ""starter20""}, {""time"": ""2024-02-23 02:00:00+00:00"", ""price"": 23234.18912180076, ""fraction"": 0.2, ""shares"": 8.620820339811369, ""reason"": ""adverse20""}]","[{""time"": ""2024-02-27 00:00:00+00:00"", ""price"": 22760.472804501896, ""shares"": 17.12603351009774, ""reason"": ""stop""}]"
KOSPI40_PIT_NORA_LEVEL_RR_A_RAW,006400.KS,006400,KOSPI,삼성SDI,KRLEVEL_RR|006400|3T|777|780|782,2024-02-21 05:00:00+00:00,1005446.2970397536,30152.153408233564,385094.436333087,385094.436333087,397000.0,11905.563666913018,408905.563666913,420811.12733382604,395000.0,3,0.0,1005949.0201882735,991550.4567987858,1005446.2970397536,992046.4800388053,998.7463885392795,False,True,True,783,22,388000.0,0.4199717157361979,-0.9239377746196354,2024-02-27 02:00:00+00:00,385094.436333087,stop,LOSS,-14398.563389487681,3,"[{""time"": ""2024-02-21 05:00:00+00:00"", ""price"": 397000.0, ""fraction"": 0.2, ""shares"": 0.5065220639998759, ""reason"": ""starter20""}, {""time"": ""2024-02-23 00:00:00+00:00"", ""price"": 392237.77453323477, ""fraction"": 0.2, ""shares"": 0.5126718344434014, ""reason"": ""adverse20""}, {""time"": ""2024-02-26 00:00:00+00:00"", ""price"": 387475.5490664696, ""fraction"": 0.6, ""shares"": 1.5569183131097761, ""reason"": ""support60""}]","[{""time"": ""2024-02-27 02:00:00+00:00"", ""price"": 385094.436333087, ""shares"": 2.5761122115530535, ""reason"": ""stop""}]"
KOSPI40_PIT_NORA_LEVEL_RR_A_RAW,033780.KS,033780,KOSPI,KT&G,KRLEVEL_RR|033780|2T|777|783|784,2024-02-22 01:00:00+00:00,1006919.8547627996,18061.860067206308,90447.93473947182,90447.93473947182,92100.0,1652.0652605281794,93752.06526052818,95404.13052105636,91250.0,2,0.0,402969.3258760724,403143.86825438315,402767.94190511986,403345.5410248956,403.05674146500775,False,True,False,785,26,91900.0,0.726363557585098,-0.5447726681888234,2024-02-28 02:00:00+00:00,91900.0,time,TIME,174.54237831075443,2,"[{""time"": ""2024-02-22 01:00:00+00:00"", ""price"": 92100.0, ""fraction"": 0.2, ""shares"": 2.1865794891700316, ""reason"": ""starter20""}, {""time"": ""2024-02-23 00:00:00+00:00"", ""price"": 91439.17389578873, ""fraction"": 0.2, ""shares"": 2.2023817842238267, ""reason"": ""adverse20""}]","[{""time"": ""2024-02-28 02:00:00+00:00"", ""price"": 91900.0, ""shares"": 4.388961273393859, ""reason"": ""time""}]"
KOSPI40_PIT_NORA_LEVEL_RR_A_RAW,086790.KS,086790,KOSPI,하나금융지주,KRLEVEL_RR|086790|2T|803|804|805,2024-02-27 04:00:00+00:00,902122.6320507933,50108.77705875317,52700.56577616047,55800.0,55800.0,3099.434223839533,58899.43422383953,61998.868447679066,54300.0,2,0.0,902573.6933668187,1008490.5621042771,902122.6320507933,1008995.0596340941,955.5588458424437,True,True,True,806,21,60700.0,2.3875325190263244,-0.9679185887944558,2024-03-05 00:00:00+00:00,61998.868447679066,target2,WIN,105916.86873745837,3,"[{""time"": ""2024-02-27 04:00:00+00:00"", ""price"": 55800.0, ""fraction"": 0.2, ""shares"": 3.233414451794958, ""reason"": ""starter20""}, {""time"": ""2024-02-28 00:00:00+00:00"", ""price"": 54560.22631046419, ""fraction"": 0.2, ""shares"": 3.306887427179802, ""reason"": ""adverse20""}, {""time"": ""2024-02-28 00:00:00+00:00"", ""price"": 53320.45262092837, ""fraction"": 0.6, ""shares"": 10.151331292675957, ""reason"": ""support60""}]","[{""time"": ""2024-03-04 00:00:00+00:00"", ""price"": 58899.43422383953, ""shares"": 8.345816585825359, ""reason"": ""target1_partial""}, {""time"": ""2024-03-05 00:00:00+00:00"", ""price"": 61998.868447679066, ""shares"": 8.345816585825359, ""reason"": ""target2""}]"
KOSPI40_PIT_NORA_LEVEL_RR_A_RAW,018260.KS,018260,KOSPI,삼성에스디에스,KRLEVEL_RR|018260|2T|822|825|826,2024-03-05 01:00:00+00:00,1021619.5569053064,20029.247099507418,156372.94072360094,156372.94072360094,159500.0,3127.059276399057,162627.05927639906,165754.1185527981,159000.0,2,0.0,204426.07333675184,200217.90293017926,204323.9113810613,200318.06196115984,202.32098667111057,False,False,False,827,6,157700.0,0.031978926896184166,-0.3197892689618416,2024-03-06 00:00:00+00:00,156372.94072360094,stop,LOSS,-4208.170406572579,1,"[{""time"": ""2024-03-05 01:00:00+00:00"", ""price"": 159500.0, ""fraction"": 0.2, ""shares"": 1.281027657561513, ""reason"": ""starter20""}]","[{""time"": ""2024-03-06 00:00:00+00:00"", ""price"": 156372.94072360094, ""shares"": 1.281027657561513, ""reason"": ""stop""}]"
KOSPI40_PIT_NORA_LEVEL_RR_A_RAW,329180.KS,329180,KOSPI,HD현대중공업,KRLEVEL_RR|329180|2T|809|811|812,2024-02-28 05:00:00+00:00,488354.5354359112,50319.41025192756,108442.62270948762,108442.62270948762,120900.0,12457.377290512377,133357.37729051238,145814.75458102475,117350.0,2,0.0,488598.71270362916,477007.39903868176,488354.5354359112,477246.0220497066,482.8002787428089,False,True,True,813,26,111200.0,0.008027371867123321,-0.8187919304465787,2024-03-07 00:00:00+00:00,111200.0,time,TIME,-11591.313664947404,3,"[{""time"": ""2024-02-28 05:00:00+00:00"", ""price"": 120900.0, ""fraction"": 0.2, ""shares"": 0.8078652364531204, ""reason"": ""starter20""}, {""time"": ""2024-03-04 00:00:00+00:00"", ""price"": 115917.04908379505, ""fraction"": 0.2, ""shares"": 0.8425931117050531, ""reason"": ""adverse20""}, {""time"": ""2024-03-06 01:00:00+00:00"", ""price"": 110934.0981675901, ""fraction"": 0.6, ""shares"": 2.6413224256701238, ""reason"": ""support60""}]","[{""time"": ""2024-03-07 00:00:00+00:00"", ""price"": 111200.0, ""shares"": 4.291780773828297, ""reason"": ""time""}]"
KOSPI40_PIT_NORA_LEVEL_RR_A_RAW,000810.KS,000810,KOSPI,삼성화재,KRLEVEL_RR|000810|5T|835|837|838,2024-03-07 01:00:00+00:00,1020639.3786337161,25893.641178457605,297262.1439807646,305000.0,305000.0,7737.856019235391,312737.8560192354,320475.7120384708,298000.0,5,0.0,204229.93966460662,211790.0200962404,204127.87572674325,211895.96808028052,208.0119219035119,True,False,False,839,6,309500.0,2.1969909956634006,-0.3230869111269707,2024-03-08 00:00:00+00:00,320475.7120384708,target2,WIN,7560.080431633774,1,"[{""time"": ""2024-03-07 01:00:00+00:00"", ""price"": 305000.0, ""fraction"": 0.2, ""shares"": 0.6692717236942402, ""reason"": ""starter20""}]","[{""time"": ""2024-03-08 00:00:00+00:00"", ""price"": 312737.8560192354, ""shares"": 0.3346358618471201, ""reason"": ""target1_partial""}, {""time"": ""2024-03-08 00:00:00+00:00"", ""price"": 320475.7120384708, ""shares"": 0.3346358618471201, ""reason"": ""target2""}]"
KOSPI40_PIT_NORA_LEVEL_RR_A_RAW,003550.KS,003550,KOSPI,LG,KRLEVEL_RR|003550|2T|832|835|836,2024-03-06 05:00:00+00:00,1020374.192167324,21760.07924251904,92778.33429341328,94800.0,94800.0,2021.6657065867184,96821.66570658672,98843.33141317344,93900.0,2,0.0,408353.7517053631,414069.0597609447,408149.6768669296,414276.19785987464,411.2129373634021,True,True,False,837,11,95500.0,1.731245669645962,-0.4451774579089616,2024-03-08 03:00:00+00:00,94800.0,stop,BE_STOP,5715.308055581583,2,"[{""time"": ""2024-03-06 05:00:00+00:00"", ""price"": 94800.0, ""fraction"": 0.2, ""shares"": 2.1526881691293758, ""reason"": ""starter20""}, {""time"": ""2024-03-07 00:00:00+00:00"", ""price"": 93991.33371736531, ""fraction"": 0.2, ""shares"": 2.1712090930332346, ""reason"": ""adverse20""}]","[{""time"": ""2024-03-07 05:00:00+00:00"", ""price"": 96821.66570658672, ""shares"": 2.161948631081305, ""reason"": ""target1_partial""}, {""time"": ""2024-03-08 03:00:00+00:00"", ""price"": 94800.0, ""shares"": 2.161948631081305, ""reason"": ""stop""}]"
KOSPI40_PIT_NORA_LEVEL_RR_A_RAW,005490.KS,005490,KOSPI,POSCO홀딩스,KRLEVEL_RR|005490|5T|838|842|844,2024-03-08 01:00:00+00:00,1024689.9679696026,34700.97220183883,437176.15531315724,437176.15531315724,452500.0,15323.844686842756,467823.84468684276,483147.6893736855,441500.0,5,0.0,1025202.3129535873,1008743.7793541586,1024689.9679696024,1009248.4035559365,1016.9691857627695,False,True,True,845,8,438500.0,0.0978866616475119,-0.9462377292592818,2024-03-11 02:00:00+00:00,437176.15531315724,stop,LOSS,-16458.533599428716,3,"[{""time"": ""2024-03-08 01:00:00+00:00"", ""price"": 452500.0, ""fraction"": 0.2, ""shares"": 0.4529016433014818, ""reason"": ""starter20""}, {""time"": ""2024-03-08 03:00:00+00:00"", ""price"": 446370.4621252629, ""fraction"": 0.2, ""shares"": 0.4591208670443111, ""reason"": ""adverse20""}, {""time"": ""2024-03-11 00:00:00+00:00"", ""price"": 440240.9242505258, ""fraction"": 0.6, ""shares"": 1.3965398192556315, ""reason"": ""support60""}]","[{""time"": ""2024-03-11 02:00:00+00:00"", ""price"": 437176.15531315724, ""shares"": 2.3085623296014246, ""reason"": ""stop""}]"
KOSPI40_PIT_NORA_LEVEL_RR_A_RAW,028260.KS,028260,KOSPI,삼성물산,KRLEVEL_RR|028260|2T|835|836|838,2024-03-07 01:00:00+00:00,1020618.9658461433,33479.772493826866,159587.43894994972,159587.43894994972,165000.0,5412.561050050281,170412.56105005028,175825.12210010056,162700.0,2,0.0,408451.7101316266,403536.74901656056,408247.58633845736,403738.6183257234,405.9931023320904,False,True,False,839,26,162100.0,0.8498749404327306,-0.7390216873328092,2024-03-13 02:00:00+00:00,162100.0,time,TIME,-4914.96111506602,2,"[{""time"": ""2024-03-07 01:00:00+00:00"", ""price"": 165000.0, ""fraction"": 0.2, ""shares"": 1.2371138979953253, ""reason"": ""starter20""}, {""time"": ""2024-03-07 02:00:00+00:00"", ""price"": 162834.9755799799, ""fraction"": 0.2, ""shares"": 1.2535623409048808, ""reason"": ""adverse20""}]","[{""time"": ""2024-03-13 02:00:00+00:00"", ""price"": 162100.0, ""shares"": 2.490676238900206, ""reason"": ""time""}]"
KOSPI40_PIT_NORA_LEVEL_RR_A_RAW,012330.KS,012330,KOSPI,현대모비스,KRLEVEL_RR|012330|2T|861|863|864,2024-03-13 03:00:00+00:00,1018784.0791808416,20934.336810872624,245842.36292369827,251000.0,251000.0,5157.637076301733,256157.63707630173,261315.27415260347,249750.0,2,0.0,203858.69424408642,209932.0983209904,203756.81583616833,210037.11687943013,206.89696635779922,True,False,False,865,4,252000.0,3.296083021837937,-0.0969436182893511,2024-03-14 00:00:00+00:00,261315.27415260347,target2,WIN,6073.404076903971,1,"[{""time"": ""2024-03-13 03:00:00+00:00"", ""price"": 251000.0, ""fraction"": 0.2, ""shares"": 0.811780142773579, ""reason"": ""starter20""}]","[{""time"": ""2024-03-14 00:00:00+00:00"", ""price"": 256157.63707630173, ""shares"": 0.4058900713867895, ""reason"": ""target1_partial""}, {""time"": ""2024-03-14 00:00:00+00:00"", ""price"": 261315.27415260347, ""shares"": 0.4058900713867895, ""reason"": ""target2""}]"
KOSPI40_PIT_NORA_LEVEL_RR_A_RAW,005490.KS,005490,KOSPI,POSCO홀딩스,KRLEVEL_RR|005490|5T|856|857|858,2024-03-12 03:00:00+00:00,1019375.8849117979,17319.177393146816,438422.46826546045,438422.46826546045,446000.0,7577.531734539545,453577.53173453955,461155.0634690791,441500.0,5,0.0,407954.2291417016,401992.89943634457,407750.3539647192,402193.99643456185,404.97217519964056,False,True,False,859,16,439500.0,0.8577991129185258,-0.46189183003305234,2024-03-15 00:00:00+00:00,438422.46826546045,stop,LOSS,-5961.329705357028,2,"[{""time"": ""2024-03-12 03:00:00+00:00"", ""price"": 446000.0, ""fraction"": 0.2, ""shares"": 0.4571192309021516, ""reason"": ""starter20""}, {""time"": ""2024-03-14 01:00:00+00:00"", ""price"": 442968.9873061842, ""fraction"": 0.2, ""shares"": 0.4602470665546598, ""reason"": ""adverse20""}]","[{""time"": ""2024-03-15 00:00:00+00:00"", ""price"": 438422.46826546045, ""shares"": 0.9173662974568114, ""reason"": ""stop""}]"
KOSPI40_PIT_NORA_LEVEL_RR_A_RAW,000810.KS,000810,KOSPI,삼성화재,KRLEVEL_RR|000810|2T|852|855|856,2024-03-12 01:00:00+00:00,858869.6070242703,51047.21837416338,296277.86376843223,296277.86376843223,315000.0,18722.13623156777,333722.13623156777,352444.27246313554,313000.0,2,0.0,859299.0418277825,868593.5713914027,858869.6070242703,869028.0854341198,863.9488462291952,False,True,True,857,26,308000.0,0.32047624938671687,-0.8813096858134715,2024-03-18 02:00:00+00:00,308000.0,time,TIME,9294.52956362022,3,"[{""time"": ""2024-03-12 01:00:00+00:00"", ""price"": 315000.0, ""fraction"": 0.2, ""shares"": 0.5453140362058859, ""reason"": ""starter20""}, {""time"": ""2024-03-12 02:00:00+00:00"", ""price"": 307511.1455073729, ""fraction"": 0.2, ""shares"": 0.5585941319994713, ""reason"": ""adverse20""}, {""time"": ""2024-03-14 00:00:00+00:00"", ""price"": 300022.2910147458, ""fraction"": 0.6, ""shares"": 1.7176115896976292, ""reason"": ""support60""}]","[{""time"": ""2024-03-18 02:00:00+00:00"", ""price"": 308000.0, ""shares"": 2.8215197579029865, ""reason"": ""time""}]"
KOSPI40_PIT_NORA_LEVEL_RR_A_RAW,005930.KS,005930,KOSPI,삼성전자,KRLEVEL_RR|005930|3T|864|867|869,2024-03-14 02:00:00+00:00,1022523.8826833908,29029.013412652574,71996.33285803301,71996.33285803301,74100.0,2103.6671419669874,76203.66714196699,78307.33428393397,73900.0,3,0.0,409214.057849893,399480.4164633749,409009.55307335634,399680.25659167074,404.3449048325135,False,True,False,870,17,72300.0,0.14260811228885367,-0.7605765988738862,2024-03-19 00:00:00+00:00,71996.33285803301,stop,LOSS,-9733.64138651808,2,"[{""time"": ""2024-03-14 02:00:00+00:00"", ""price"": 74100.0, ""fraction"": 0.2, ""shares"": 2.759848536257465, ""reason"": ""starter20""}, {""time"": ""2024-03-15 00:00:00+00:00"", ""price"": 73258.53314321321, ""fraction"": 0.2, ""shares"": 2.791548885327686, ""reason"": ""adverse20""}]","[{""time"": ""2024-03-19 00:00:00+00:00"", ""price"": 71996.33285803301, ""shares"": 5.5513974215851505, ""reason"": ""stop""}]"
KOSPI40_PIT_NORA_LEVEL_RR_A_RAW,068270.KS,068270,KOSPI,셀트리온,KRLEVEL_RR|068270|3T|880|881|882,2024-03-18 03:00:00+00:00,1019008.303636228,24994.45092413964,155687.5532650404,159602.3125,159602.3125,3914.759234959609,163517.0717349596,167431.83096991922,158991.8125,3,0.0,407807.1231152185,418577.9538553459,407603.32145449123,418787.34752911044,413.19533449180085,True,True,False,883,26,162829.25,1.314424704346624,-0.5569587410456665,2024-03-22 04:00:00+00:00,162829.25,time,TIME,10770.830740127421,2,"[{""time"": ""2024-03-18 03:00:00+00:00"", ""price"": 159602.3125, ""fraction"": 0.2, ""shares"": 1.2769342595035746, ""reason"": ""starter20""}, {""time"": ""2024-03-19 00:00:00+00:00"", ""price"": 158036.40880601614, ""fraction"": 0.2, ""shares"": 1.2895867621074877, ""reason"": ""adverse20""}]","[{""time"": ""2024-03-22 00:00:00+00:00"", ""price"": 163517.0717349596, ""shares"": 1.283260510805531, ""reason"": ""target1_partial""}, {""time"": ""2024-03-22 04:00:00+00:00"", ""price"": 162829.25, ""shares"": 1.283260510805531, ""reason"": ""time""}]"
KOSPI40_PIT_NORA_LEVEL_RR_A_RAW,373220.KS,373220,KOSPI,LG에너지솔루션,KRLEVEL_RR|373220|3T|880|881|883,2024-03-18 04:00:00+00:00,1019009.8573210497,17265.214832608806,400104.1467495266,407000.0,407000.0,6895.8532504733885,413895.8532504734,420791.7065009468,404500.0,3,0.0,407807.7448998841,415768.57289255736,407603.9429284199,415976.5611731439,411.7902520507819,True,True,False,884,26,414000.0,1.2326248386182652,-0.7250734344813324,2024-03-22 05:00:00+00:00,414000.0,time,TIME,7960.827992673265,2,"[{""time"": ""2024-03-18 04:00:00+00:00"", ""price"": 407000.0, ""fraction"": 0.2, ""shares"": 0.5007419446295085, ""reason"": ""starter20""}, {""time"": ""2024-03-19 00:00:00+00:00"", ""price"": 404241.6586998106, ""fraction"": 0.2, ""shares"": 0.5041587552349548, ""reason"": ""adverse20""}]","[{""time"": ""2024-03-21 03:00:00+00:00"", ""price"": 413895.8532504734, ""shares"": 0.5024503499322317, ""reason"": ""target1_partial""}, {""time"": ""2024-03-22 05:00:00+00:00"", ""price"": 414000.0, ""shares"": 0.5024503499322317, ""reason"": ""time""}]"
KOSPI40_PIT_NORA_LEVEL_RR_A_RAW,006400.KS,006400,KOSPI,삼성SDI,KRLEVEL_RR|006400|2T|883|884|886,2024-03-19 01:00:00+00:00,790705.9754147166,50887.32652005985,420103.7853286449,449000.0,449000.0,28896.21467135509,477896.2146713551,506792.4293427102,442250.0,2,0.0,158220.2656804848,169836.91046645519,158141.19508294333,169921.87140215625,164.0315332425498,True,False,False,887,26,487000.0,1.5746007052302353,-0.36336939351466974,2024-03-25 02:00:00+00:00,487000.0,time,TIME,11616.644785970391,1,"[{""time"": ""2024-03-19 01:00:00+00:00"", ""price"": 449000.0, ""fraction"": 0.2, ""shares"": 0.35220756143194504, ""reason"": ""starter20""}]","[{""time"": ""2024-03-25 00:00:00+00:00"", ""price"": 477896.2146713551, ""shares"": 0.17610378071597252, ""reason"": ""target1_partial""}, {""time"": ""2024-03-25 02:00:00+00:00"", ""price"": 487000.0, ""shares"": 0.17610378071597252, ""reason"": ""time""}]"
KOSPI40_PIT_NORA_LEVEL_RR_A_RAW,352820.KS,352820,KOSPI,하이브,KRLEVEL_RR|352820|3T|911|913|914,2024-03-25 05:00:00+00:00,862632.528090238,51192.429869361724,191423.40986552116,203500.0,203500.0,12076.590134478844,215576.59013447884,227653.1802689577,201000.0,3,0.0,172612.76887085664,187790.29246156669,172526.5056180476,187884.23457885612,180.20537009845188,True,False,False,915,8,212500.0,2.0287183490687606,-0.041402415287117564,2024-03-27 00:00:00+00:00,227653.1802689577,target2,WIN,15177.523590710043,1,"[{""time"": ""2024-03-25 05:00:00+00:00"", ""price"": 203500.0, ""fraction"": 0.2, ""shares"": 0.8477960964031823, ""reason"": ""starter20""}]","[{""time"": ""2024-03-27 00:00:00+00:00"", ""price"": 215576.59013447884, ""shares"": 0.42389804820159116, ""reason"": ""target1_partial""}, {""time"": ""2024-03-27 00:00:00+00:00"", ""price"": 227653.1802689577, ""shares"": 0.42389804820159116, ""reason"": ""target2""}]"
KOSPI40_PIT_NORA_LEVEL_RR_A_RAW,047050.KS,047050,KOSPI,포스코인터내셔널,KRLEVEL_RR|047050|3T|904|908|909,2024-03-25 00:00:00+00:00,1024071.4178508435,47346.32187641308,54841.578467635474,54841.578467635474,57500.0,2658.421532364526,60158.421532364526,62816.84306472905,56600.0,3,0.0,1024583.453559769,1002412.3151612426,1024071.4178508435,1002913.7720472662,1013.4925949490549,False,True,True,910,14,55100.0,0.07523261362621847,-0.9780239771408401,2024-03-27 01:00:00+00:00,54841.578467635474,stop,LOSS,-22171.138398526353,3,"[{""time"": ""2024-03-25 00:00:00+00:00"", ""price"": 57500.0, ""fraction"": 0.2, ""shares"": 3.5619875403507604, ""reason"": ""starter20""}, {""time"": ""2024-03-26 00:00:00+00:00"", ""price"": 56436.63138705419, ""fraction"": 0.2, ""shares"": 3.629101853466583, ""reason"": ""adverse20""}, {""time"": ""2024-03-27 00:00:00+00:00"", ""price"": 55373.26277410838, ""fraction"": 0.6, ""shares"": 11.09638153736914, ""reason"": ""support60""}]","[{""time"": ""2024-03-27 01:00:00+00:00"", ""price"": 54841.578467635474, ""shares"": 18.287470931186483, ""reason"": ""stop""}]"
KOSPI40_PIT_NORA_LEVEL_RR_A_RAW,018260.KS,018260,KOSPI,삼성에스디에스,KRLEVEL_RR|018260|2T|916|922|924,2024-03-27 03:00:00+00:00,1022664.5481731487,18971.882686006247,156442.90316355292,159400.0,159400.0,2957.0968364470755,162357.09683644708,165314.19367289415,158700.0,2,0.0,204635.17608944705,210119.36220321135,204532.90963462973,210224.47444043157,207.37869203753067,True,False,False,925,8,164700.0,2.0628340353334838,-0.3719864653880053,2024-03-28 04:00:00+00:00,165314.19367289415,target2,WIN,5484.186113764299,1,"[{""time"": ""2024-03-27 03:00:00+00:00"", ""price"": 159400.0, ""fraction"": 0.2, ""shares"": 1.2831424694769744, ""reason"": ""starter20""}]","[{""time"": ""2024-03-28 01:00:00+00:00"", ""price"": 162357.09683644708, ""shares"": 0.6415712347384872, ""reason"": ""target1_partial""}, {""time"": ""2024-03-28 04:00:00+00:00"", ""price"": 165314.19367289415, ""shares"": 0.6415712347384872, ""reason"": ""target2""}]"
KOSPI40_PIT_NORA_LEVEL_RR_A_RAW,009540.KS,009540,KOSPI,HD한국조선해양,KRLEVEL_RR|009540|4T|926|927|928,2024-03-28 01:00:00+00:00,1022546.2671990667,26034.564303026353,118698.90811415843,118698.90811415843,121800.0,3101.091885841568,124901.09188584157,128002.18377168314,119950.0,4,0.0,409223.0161330665,400454.97431116184,409018.5068796267,400655.3019621429,404.8369044208848,False,True,False,929,6,120300.0,0.09674011962357143,-0.741674250447381,2024-03-29 00:00:00+00:00,118698.90811415843,stop,LOSS,-8768.041821904655,2,"[{""time"": ""2024-03-28 01:00:00+00:00"", ""price"": 121800.0, ""fraction"": 0.2, ""shares"": 1.679057910014888, ""reason"": ""starter20""}, {""time"": ""2024-03-28 01:00:00+00:00"", ""price"": 120559.56324566338, ""fraction"": 0.2, ""shares"": 1.6963337286075455, ""reason"": ""adverse20""}]","[{""time"": ""2024-03-29 00:00:00+00:00"", ""price"": 118698.90811415843, ""shares"": 3.3753916386224336, ""reason"": ""stop""}]"
KOSPI40_PIT_NORA_LEVEL_RR_A_RAW,207940.KS,207940,KOSPI,삼성바이오로직스,KRLEVEL_RR|207940|4T|927|932|934,2024-03-29 01:00:00+00:00,1021297.4382139221,17864.369664876675,824324.3476503345,824324.3476503345,839000.0,14675.652349665528,853675.6523496655,868351.304699331,833000.0,4,0.0,204361.61738660582,200586.2704029542,204259.48764278443,200686.61370980908,202.47305067629674,False,False,False,935,6,838000.0,0.613260643245281,-0.3407003573584894,2024-04-01 00:00:00+00:00,824324.3476503345,stop,LOSS,-3775.3469836516306,1,"[{""time"": ""2024-03-29 01:00:00+00:00"", ""price"": 839000.0, ""fraction"": 0.2, ""shares"": 0.24345588515230562, ""reason"": ""starter20""}]","[{""time"": ""2024-04-01 00:00:00+00:00"", ""price"": 824324.3476503345, ""shares"": 0.24345588515230562, ""reason"": ""stop""}]"
KOSPI40_PIT_NORA_LEVEL_RR_A_RAW,006400.KS,006400,KOSPI,삼성SDI,KRLEVEL_RR|006400|2T|937|938|939,2024-04-01 00:00:00+00:00,1022102.4995336203,23341.75326116994,458289.447697776,458289.447697776,469000.0,10710.55230222398,479710.552302224,490421.10460444796,465000.0,2,0.0,204522.71015667744,199652.27317986285,204420.4999067241,199752.1492544901,202.08632458060708,False,False,False,940,1,469000.0,0.0,0.0,2024-04-01 00:00:00+00:00,458289.447697776,stop,LOSS,-4870.436976814584,1,"[{""time"": ""2024-04-01 00:00:00+00:00"", ""price"": 469000.0, ""fraction"": 0.2, ""shares"": 0.43586460534482746, ""reason"": ""starter20""}]","[{""time"": ""2024-04-01 00:00:00+00:00"", ""price"": 458289.447697776, ""shares"": 0.43586460534482746, ""reason"": ""stop""}]"
KOSPI40_PIT_NORA_LEVEL_RR_A_RAW,028260.KS,028260,KOSPI,삼성물산,KRLEVEL_RR|028260|2T|932|938|940,2024-04-01 01:00:00+00:00,1019859.6742369932,11703.008698206042,157373.16143404896,157373.16143404896,159200.0,1826.8385659510386,161026.83856595104,162853.67713190208,157950.0,2,0.0,408147.84162964474,403990.3348888614,407943.8696947973,404192.4311044136,406.06815039960543,False,True,False,941,3,158100.0,0.4926543684671265,-0.6021331170153769,2024-04-01 03:00:00+00:00,157373.16143404896,stop,LOSS,-4157.506740783341,2,"[{""time"": ""2024-04-01 01:00:00+00:00"", ""price"": 159200.0, ""fraction"": 0.2, ""shares"": 1.2812307465288861, ""reason"": ""starter20""}, {""time"": ""2024-04-01 02:00:00+00:00"", ""price"": 158469.26457361958, ""fraction"": 0.2, ""shares"": 1.2871387735420456, ""reason"": ""adverse20""}]","[{""time"": ""2024-04-01 03:00:00+00:00"", ""price"": 157373.16143404896, ""shares"": 2.5683695200709318, ""reason"": ""stop""}]"
KOSPI40_PIT_NORA_LEVEL_RR_A_RAW,010130.KS,010130,KOSPI,고려아연,KRLEVEL_RR|010130|2T|918|920|922,2024-03-27 01:00:00+00:00,835452.2861226182,51200.7250369552,43603.30998852816,43603.30998852816,46450.0,2846.6900114718374,49296.69001147184,52143.380022943675,45150.0,2,0.0,334348.0049062718,327288.94970283814,334180.9144490473,327452.67604085855,330.8167952449529,False,True,False,923,26,44950.0,0.01756425877018772,-0.6323133157267579,2024-04-02 02:00:00+00:00,44950.0,time,TIME,-7059.055203433672,2,"[{""time"": ""2024-03-27 01:00:00+00:00"", ""price"": 46450.0, ""fraction"": 0.2, ""shares"": 3.597211135081241, ""reason"": ""starter20""}, {""time"": ""2024-03-29 00:00:00+00:00"", ""price"": 45311.323995411265, ""fraction"": 0.2, ""shares"": 3.6876092440257344, ""reason"": ""adverse20""}]","[{""time"": ""2024-04-02 02:00:00+00:00"", ""price"": 44950.0, ""shares"": 7.284820379106975, ""reason"": ""time""}]"
KOSPI40_PIT_NORA_LEVEL_RR_A_RAW,042660.KS,042660,KOSPI,한화오션,KRLEVEL_RR|042660|2T|947|948|949,2024-04-02 04:00:00+00:00,856953.1023926648,50916.98968935564,26712.57684564037,26712.57684564037,28400.0,1687.4231543596288,30087.42315435963,31774.846308719258,27975.0,2,0.0,342952.6315775445,326175.88508874585,342781.24095706595,326339.0546160539,334.5601477865599,False,True,False,950,9,27600.0,0.029630978969809634,-0.651881537335812,2024-04-04 00:00:00+00:00,26712.57684564037,stop,LOSS,-16776.746488798643,2,"[{""time"": ""2024-04-02 04:00:00+00:00"", ""price"": 28400.0, ""fraction"": 0.2, ""shares"": 6.034881002765245, ""reason"": ""starter20""}, {""time"": ""2024-04-03 00:00:00+00:00"", ""price"": 27725.030738256148, ""fraction"": 0.2, ""shares"": 6.181800918331935, ""reason"": ""adverse20""}]","[{""time"": ""2024-04-04 00:00:00+00:00"", ""price"": 26712.57684564037, ""shares"": 12.21668192109718, ""reason"": ""stop""}]"
KOSPI40_PIT_NORA_LEVEL_RR_A_RAW,352820.KS,352820,KOSPI,하이브,KRLEVEL_RR|352820|2T|960|961|962,2024-04-04 05:00:00+00:00,1014072.0287331686,17331.207295262644,219188.7724763775,219188.7724763775,223000.0,3811.2275236225105,226811.2275236225,230622.45504724502,221250.0,2,0.0,405831.6258990141,399868.47531497927,405628.8114932675,400068.50956976414,402.84866053151586,False,True,False,963,2,220000.0,0.13119132796479127,-0.5247653118591651,2024-04-05 00:00:00+00:00,219188.7724763775,stop,LOSS,-5963.150584034855,2,"[{""time"": ""2024-04-04 05:00:00+00:00"", ""price"": 223000.0, ""fraction"": 0.2, ""shares"": 0.9094816401194338, ""reason"": ""starter20""}, {""time"": ""2024-04-04 05:00:00+00:00"", ""price"": 221475.508990551, ""fraction"": 0.2, ""shares"": 0.9157419105662225, ""reason"": ""adverse20""}]","[{""time"": ""2024-04-05 00:00:00+00:00"", ""price"": 219188.7724763775, ""shares"": 1.8252235506856562, ""reason"": ""stop""}]"
KOSPI40_PIT_NORA_LEVEL_RR_A_RAW,009540.KS,009540,KOSPI,HD한국조선해양,KRLEVEL_RR|009540|4T|948|950|952,2024-04-03 01:00:00+00:00,1018040.5194105374,46312.63188851505,115781.82843318493,115781.82843318493,121300.0,5518.171566815072,126818.17156681507,132336.34313363014,119850.0,4,0.0,1018549.5396702428,1033168.7451074013,1018040.5194105376,1033685.587901352,1025.8630536559447,False,True,True,953,26,120000.0,0.1268536129267216,-0.8336094563755991,2024-04-09 02:00:00+00:00,120000.0,time,TIME,14619.205437158467,3,"[{""time"": ""2024-04-03 01:00:00+00:00"", ""price"": 121300.0, ""fraction"": 0.2, ""shares"": 1.6785499083438375, ""reason"": ""starter20""}, {""time"": ""2024-04-04 00:00:00+00:00"", ""price"": 119092.73137327397, ""fraction"": 0.2, ""shares"": 1.7096602079260055, ""reason"": ""adverse20""}, {""time"": ""2024-04-08 00:00:00+00:00"", ""price"": 116885.46274654794, ""fraction"": 0.6, ""shares"": 5.225836449574756, ""reason"": ""support60""}]","[{""time"": ""2024-04-09 02:00:00+00:00"", ""price"": 120000.0, ""shares"": 8.6140465658446, ""reason"": ""time""}]"
KOSPI40_PIT_NORA_LEVEL_RR_A_RAW,207940.KS,207940,KOSPI,삼성바이오로직스,KRLEVEL_RR|207940|2T|969|971|972,2024-04-08 03:00:00+00:00,1013236.9009639226,18169.61521987882,802349.3535218477,802349.3535218477,817000.0,14650.646478152252,831650.6464781523,846301.2929563045,812000.0,2,0.0,1013743.5194144045,996741.6023348768,1013236.9009639226,997240.2224460999,1005.2385617050113,False,True,True,973,9,796000.0,0.2730254945380733,-0.8190764836142198,2024-04-11 00:00:00+00:00,796000.0,gap_stop,LOSS,-17001.917079527746,3,"[{""time"": ""2024-04-08 03:00:00+00:00"", ""price"": 817000.0, ""fraction"": 0.2, ""shares"": 0.24803840904869587, ""reason"": ""starter20""}, {""time"": ""2024-04-09 02:00:00+00:00"", ""price"": 811139.7414087391, ""fraction"": 0.2, ""shares"": 0.249830417433177, ""reason"": ""adverse20""}, {""time"": ""2024-04-09 05:00:00+00:00"", ""price"": 805279.4828174782, ""fraction"": 0.6, ""shares"": 0.7549455233247853, ""reason"": ""support60""}]","[{""time"": ""2024-04-11 00:00:00+00:00"", ""price"": 796000.0, ""shares"": 1.2528143498066582, ""reason"": ""gap_stop""}]"
KOSPI40_PIT_NORA_LEVEL_RR_A_RAW,017670.KS,017670,KOSPI,SK텔레콤,KRLEVEL_RR|017670|2T|958|960|961,2024-04-04 04:00:00+00:00,1014139.8820829561,25069.798520215634,50812.07461023962,50812.07461023962,52100.0,1287.9253897603776,53387.92538976038,54675.850779520755,51850.0,2,0.0,1014646.9520239974,1008197.6605962762,1014139.8820829561,1008702.0116020772,1011.4209468425166,False,True,True,962,26,51100.0,0.23293274780134268,-0.9317309912053707,2024-04-11 05:00:00+00:00,51100.0,time,TIME,-6449.291427721269,3,"[{""time"": ""2024-04-04 04:00:00+00:00"", ""price"": 52100.0, ""fraction"": 0.2, ""shares"": 3.8930513707599084, ""reason"": ""starter20""}, {""time"": ""2024-04-05 00:00:00+00:00"", ""price"": 51584.829844095846, ""fraction"": 0.2, ""shares"": 3.93193070578299, ""reason"": ""adverse20""}, {""time"": ""2024-04-11 00:00:00+00:00"", ""price"": 51069.6596881917, ""fraction"": 0.6, ""shares"": 11.91478331684413, ""reason"": ""support60""}]","[{""time"": ""2024-04-11 05:00:00+00:00"", ""price"": 51100.0, ""shares"": 19.739765393387028, ""reason"": ""time""}]"
KOSPI40_PIT_NORA_LEVEL_RR_A_RAW,009150.KS,009150,KOSPI,삼성전기,KRLEVEL_RR|009150|2T|979|980|981,2024-04-11 00:00:00+00:00,1011801.8334213591,20227.166087890535,150529.34662848536,153600.0,153600.0,3070.653371514636,156670.65337151464,159741.30674302927,156050.0,2,0.0,202461.54686761397,208324.30225238367,202360.36668427184,208428.516510639,205.3944415974554,True,False,False,982,7,158100.0,2.149379692682301,-0.3582299487803835,2024-04-12 00:00:00+00:00,159741.30674302927,target2,WIN,5862.755384769698,1,"[{""time"": ""2024-04-11 00:00:00+00:00"", ""price"": 153600.0, ""fraction"": 0.2, ""shares"": 1.3174503039340615, ""reason"": ""starter20""}]","[{""time"": ""2024-04-11 01:00:00+00:00"", ""price"": 156670.65337151464, ""shares"": 0.6587251519670307, ""reason"": ""target1_partial""}, {""time"": ""2024-04-12 00:00:00+00:00"", ""price"": 159741.30674302927, ""shares"": 0.6587251519670307, ""reason"": ""target2""}]"
KOSPI40_PIT_NORA_LEVEL_RR_A_RAW,012330.KS,012330,KOSPI,현대모비스,KRLEVEL_RR|012330|3T|984|985|987,2024-04-12 00:00:00+00:00,1013362.1170165727,26474.526214052585,239573.1429670659,239573.1429670659,246000.0,6426.857032934087,252426.8570329341,258853.71406586817,242000.0,3,0.0,1013868.7980750811,1000805.5080695023,1013362.1170165727,1001306.1611500774,1007.334139083325,False,True,True,988,6,239500.0,0.38899262690750436,-0.8557837791965096,2024-04-15 00:00:00+00:00,239500.0,gap_stop,LOSS,-13063.290005578776,3,"[{""time"": ""2024-04-12 00:00:00+00:00"", ""price"": 246000.0, ""fraction"": 0.2, ""shares"": 0.8238716398508722, ""reason"": ""starter20""}, {""time"": ""2024-04-12 00:00:00+00:00"", ""price"": 243429.25718682638, ""fraction"": 0.2, ""shares"": 0.8325721638618324, ""reason"": ""adverse20""}, {""time"": ""2024-04-12 00:00:00+00:00"", ""price"": 240858.51437365272, ""fraction"": 0.6, ""shares"": 2.5243752407552593, ""reason"": ""support60""}]","[{""time"": ""2024-04-15 00:00:00+00:00"", ""price"": 239500.0, ""shares"": 4.180819044467964, ""reason"": ""gap_stop""}]"
KOSPI40_PIT_NORA_LEVEL_RR_A_RAW,068270.KS,068270,KOSPI,셀트리온,KRLEVEL_RR|068270|3T|988|991|992,2024-04-12 05:00:00+00:00,1012294.1524258519,30038.39342792989,154358.58658935432,154358.58658935432,159079.03125,4720.444660645677,163799.47591064568,168519.92057129135,156985.890625,3,0.0,405120.11980082595,395064.4454627534,404917.6609703408,395262.07650100393,400.0898687356723,False,True,False,993,8,154631.09375,0.12933103635124366,-0.7205591039668605,2024-04-16 00:00:00+00:00,154358.58658935432,stop,LOSS,-10055.674338072538,2,"[{""time"": ""2024-04-12 05:00:00+00:00"", ""price"": 159079.03125, ""fraction"": 0.2, ""shares"": 1.2726933832467022, ""reason"": ""starter20""}, {""time"": ""2024-04-15 00:00:00+00:00"", ""price"": 157190.85338574174, ""fraction"": 0.2, ""shares"": 1.2879809869620236, ""reason"": ""adverse20""}]","[{""time"": ""2024-04-16 00:00:00+00:00"", ""price"": 154358.58658935432, ""shares"": 2.5606743702087256, ""reason"": ""stop""}]"
KOSPI40_PIT_NORA_LEVEL_RR_A_RAW,010130.KS,010130,KOSPI,고려아연,KRLEVEL_RR|010130|6T|981|982|983,2024-04-11 02:00:00+00:00,1013250.7778447124,38266.47611493799,44984.437320464094,46750.0,46750.0,1765.5626795359058,48515.562679535906,50281.12535907181,46625.0,6,0.0,202751.48064672697,209514.69637469825,202650.1555689425,209619.50612776214,206.1348308483523,True,False,False,984,26,48200.0,1.6991750192570774,-0.25487625288856164,2024-04-17 03:00:00+00:00,48200.0,time,TIME,6763.215727971285,1,"[{""time"": ""2024-04-11 02:00:00+00:00"", ""price"": 46750.0, ""fraction"": 0.2, ""shares"": 4.334762685966684, ""reason"": ""starter20""}]","[{""time"": ""2024-04-15 01:00:00+00:00"", ""price"": 48515.562679535906, ""shares"": 2.167381342983342, ""reason"": ""target1_partial""}, {""time"": ""2024-04-17 03:00:00+00:00"", ""price"": 48200.0, ""shares"": 2.167381342983342, ""reason"": ""time""}]"
KOSPI40_PIT_NORA_LEVEL_RR_A_RAW,352820.KS,352820,KOSPI,하이브,KRLEVEL_RR|352820|3T|1000|1001|1003,2024-04-16 04:00:00+00:00,806285.3525008587,50496.86309452096,207158.98613403467,221000.0,221000.0,13841.013865965331,234841.01386596533,248682.02773193066,219000.0,3,0.0,161337.69903542183,166223.60343121903,161257.07050017174,166306.75680962385,163.7819136548978,True,False,False,1004,25,237500.0,1.2643582449571857,-0.14449808513796408,2024-04-22 04:00:00+00:00,221000.0,stop,BE_STOP,4885.904395797203,1,"[{""time"": ""2024-04-16 04:00:00+00:00"", ""price"": 221000.0, ""fraction"": 0.2, ""shares"": 0.7296700022632205, ""reason"": ""starter20""}]","[{""time"": ""2024-04-22 00:00:00+00:00"", ""price"": 234841.01386596533, ""shares"": 0.36483500113161027, ""reason"": ""target1_partial""}, {""time"": ""2024-04-22 04:00:00+00:00"", ""price"": 221000.0, ""shares"": 0.36483500113161027, ""reason"": ""stop""}]"
KOSPI40_PIT_NORA_LEVEL_RR_A_RAW,009540.KS,009540,KOSPI,HD한국조선해양,KRLEVEL_RR|009540|2T|1013|1014|1015,2024-04-18 04:00:00+00:00,816864.7120277722,50561.204770468496,110414.76204828173,117700.0,117700.0,7285.237951718271,124985.23795171827,132270.47590343654,116900.0,2,0.0,163454.62887675726,176460.85385002114,163372.94240555447,176549.12841422827,169.96103540989137,True,False,False,1016,26,129400.0,1.674619289150679,-0.28825413993577265,2024-04-24 05:00:00+00:00,129400.0,time,TIME,13006.224973263888,1,"[{""time"": ""2024-04-18 04:00:00+00:00"", ""price"": 117700.0, ""fraction"": 0.2, ""shares"": 1.3880453900217031, ""reason"": ""starter20""}]","[{""time"": ""2024-04-23 00:00:00+00:00"", ""price"": 124985.23795171827, ""shares"": 0.6940226950108516, ""reason"": ""target1_partial""}, {""time"": ""2024-04-24 05:00:00+00:00"", ""price"": 129400.0, ""shares"": 0.6940226950108516, ""reason"": ""time""}]"
KOSPI40_PIT_NORA_LEVEL_RR_A_RAW,068270.KS,068270,KOSPI,셀트리온,KRLEVEL_RR|068270|3T|1026|1027|1029,2024-04-23 00:00:00+00:00,1011276.3114064711,46879.45550734275,148710.4770375909,148710.4770375909,155939.3125,7228.835462409101,163168.1479624091,170396.9834248182,154369.453125,3,0.0,202356.38991243485,207015.78380071674,202255.2622812942,207119.34347245298,204.68730287687362,False,False,False,1030,26,159689.53125,0.5308514102935642,-0.32574835355503295,2024-04-29 01:00:00+00:00,159689.53125,time,TIME,4659.393888281891,1,"[{""time"": ""2024-04-23 00:00:00+00:00"", ""price"": 155939.3125, ""fraction"": 0.2, ""shares"": 1.2970126585705848, ""reason"": ""starter20""}]","[{""time"": ""2024-04-29 01:00:00+00:00"", ""price"": 159689.53125, ""shares"": 1.2970126585705848, ""reason"": ""time""}]"
KOSPI40_PIT_NORA_LEVEL_RR_A_RAW,034020.KS,034020,KOSPI,두산에너빌리티,KRLEVEL_RR|034020|3T|1036|1040|1042,2024-04-25 01:00:00+00:00,1012964.6742471345,50139.89850812674,15379.119595691285,16180.0,16180.0,800.8804043087148,16980.880404308715,17781.76080861743,15710.0,3,0.0,405388.46263370325,425771.1307455867,405185.8696988538,425984.12280699017,415.584996252922,True,True,False,1043,26,16700.0,1.1362495512491313,-0.49945035219742034,2024-05-02 02:00:00+00:00,16700.0,time,TIME,20382.668111883453,2,"[{""time"": ""2024-04-25 01:00:00+00:00"", ""price"": 16180.0, ""fraction"": 0.2, ""shares"": 12.521194984513405, ""reason"": ""starter20""}, {""time"": ""2024-04-26 00:00:00+00:00"", ""price"": 15859.647838276514, ""fraction"": 0.2, ""shares"": 12.774113077118798, ""reason"": ""adverse20""}]","[{""time"": ""2024-04-30 00:00:00+00:00"", ""price"": 16980.880404308715, ""shares"": 12.647654030816103, ""reason"": ""target1_partial""}, {""time"": ""2024-05-02 02:00:00+00:00"", ""price"": 16700.0, ""shares"": 12.647654030816103, ""reason"": ""time""}]"
KOSPI40_PIT_NORA_LEVEL_RR_A_RAW,000810.KS,000810,KOSPI,삼성화재,KRLEVEL_RR|000810|2T|1048|1054|1055,2024-04-29 02:00:00+00:00,675564.0884730371,50882.169684921624,291274.81430077524,291274.81430077524,315000.0,23725.185699224763,338725.18569922476,362450.3713984495,307750.0,2,0.0,270360.74820690945,267754.8363586355,270225.63538921485,267888.78074901004,269.05720806911245,False,True,False,1056,26,307500.0,0.10537325320415465,-0.6322395192249279,2024-05-07 03:00:00+00:00,307500.0,time,TIME,-2605.911848273943,2,"[{""time"": ""2024-04-29 02:00:00+00:00"", ""price"": 315000.0, ""fraction"": 0.2, ""shares"": 0.4289295799828807, ""reason"": ""starter20""}, {""time"": ""2024-05-02 00:00:00+00:00"", ""price"": 305509.9257203101, ""fraction"": 0.2, ""shares"": 0.44225344684316825, ""reason"": ""adverse20""}]","[{""time"": ""2024-05-07 03:00:00+00:00"", ""price"": 307500.0, ""shares"": 0.871183026826049, ""reason"": ""time""}]"
KOSPI40_PIT_NORA_LEVEL_RR_A_RAW,011200.KS,011200,KOSPI,HMM,KRLEVEL_RR|011200|2T|1080|1082|1084,2024-05-08 01:00:00+00:00,753524.3130788864,50927.59001907226,15179.702171356881,16280.0,16280.0,1100.297828643119,17380.297828643117,18480.595657286238,15760.0,2,0.0,150780.21504708516,165900.14805168821,150704.86261577727,165983.13962149894,158.34400111863812,True,False,False,1085,13,18190.0,2.0176355366780023,-0.14541517381463082,2024-05-10 01:00:00+00:00,18480.595657286238,target2,WIN,15119.933004603052,1,"[{""time"": ""2024-05-08 01:00:00+00:00"", ""price"": 16280.0, ""fraction"": 0.2, ""shares"": 9.257055443229563, ""reason"": ""starter20""}]","[{""time"": ""2024-05-09 05:00:00+00:00"", ""price"": 17380.297828643117, ""shares"": 4.628527721614781, ""reason"": ""target1_partial""}, {""time"": ""2024-05-10 01:00:00+00:00"", ""price"": 18480.595657286238, ""shares"": 4.628527721614781, ""reason"": ""target2""}]"
KOSPI40_PIT_NORA_LEVEL_RR_A_RAW,000660.KS,000660,KOSPI,SK하이닉스,KRLEVEL_RR|000660|2T|1070|1071|1072,2024-05-03 01:00:00+00:00,1017932.1415919289,41021.15153016671,168523.58113632986,168523.58113632986,175600.0,7076.418863670144,182676.41886367014,189752.8377273403,173800.0,2,0.0,203688.221532545,207656.30188312873,203586.4283183858,207760.18197411578,205.6733051462508,False,False,False,1073,26,179200.0,0.7489664054808629,-0.2967602738697759,2024-05-10 02:00:00+00:00,179200.0,time,TIME,3968.0803505837393,1,"[{""time"": ""2024-05-03 01:00:00+00:00"", ""price"": 175600.0, ""fraction"": 0.2, ""shares"": 1.1593760154805568, ""reason"": ""starter20""}]","[{""time"": ""2024-05-10 02:00:00+00:00"", ""price"": 179200.0, ""shares"": 1.1593760154805568, ""reason"": ""time""}]"
KOSPI40_PIT_NORA_LEVEL_RR_A_RAW,035420.KS,035420,KOSPI,NAVER,KRLEVEL_RR|035420|4T|1095|1099|1100,2024-05-10 05:00:00+00:00,1021789.6374861004,14926.17582462537,185155.18019115235,185155.18019115235,187900.0,2744.8198088476493,190644.81980884765,193389.6396176953,187450.0,4,0.0,204460.10646096873,201272.00598612888,204357.9274972201,201372.69233229503,202.86530991475757,False,False,False,1101,2,186900.0,0.36432264033383943,0.0,2024-05-13 00:00:00+00:00,185155.18019115235,stop,LOSS,-3188.1004748398555,1,"[{""time"": ""2024-05-10 05:00:00+00:00"", ""price"": 187900.0, ""fraction"": 0.2, ""shares"": 1.0875887573029277, ""reason"": ""starter20""}]","[{""time"": ""2024-05-13 00:00:00+00:00"", ""price"": 185155.18019115235, ""shares"": 1.0875887573029277, ""reason"": ""stop""}]"
KOSPI40_PIT_NORA_LEVEL_RR_A_RAW,000660.KS,000660,KOSPI,SK하이닉스,KRLEVEL_RR|000660|3T|1097|1099|1100,2024-05-10 05:00:00+00:00,1021810.0736875741,24056.218323043482,175664.65941395803,179900.0,179900.0,4235.340586041973,184135.34058604197,188370.68117208395,179400.0,3,0.0,204464.1957448836,211473.09079431067,204362.01473751484,211578.8802344279,207.9704474859714,True,False,False,1101,14,191100.0,3.329130140435007,-0.2124976685384047,2024-05-16 00:00:00+00:00,188370.68117208395,target2,WIN,7008.895049427083,1,"[{""time"": ""2024-05-10 05:00:00+00:00"", ""price"": 179900.0, ""fraction"": 0.2, ""shares"": 1.1359756238883538, ""reason"": ""starter20""}]","[{""time"": ""2024-05-14 00:00:00+00:00"", ""price"": 184135.34058604197, ""shares"": 0.5679878119441769, ""reason"": ""target1_partial""}, {""time"": ""2024-05-16 00:00:00+00:00"", ""price"": 188370.68117208395, ""shares"": 0.5679878119441769, ""reason"": ""target2""}]"
KOSPI40_PIT_NORA_LEVEL_RR_A_RAW,055550.KS,055550,KOSPI,신한지주,KRLEVEL_RR|055550|2T|1096|1099|1100,2024-05-10 05:00:00+00:00,908916.6566921371,51088.46008466753,45207.632971584484,45207.632971584484,47900.0,2692.367028415516,50592.367028415516,53284.73405683103,47775.0,2,0.0,181874.22300409665,189278.76283237233,181783.33133842744,189373.44955715092,185.5783904477892,False,False,False,1101,26,49900.0,0.8542668869903567,-0.20428121210638964,2024-05-20 00:00:00+00:00,49900.0,time,TIME,7404.53982827568,1,"[{""time"": ""2024-05-10 05:00:00+00:00"", ""price"": 47900.0, ""fraction"": 0.2, ""shares"": 3.795059109361742, ""reason"": ""starter20""}]","[{""time"": ""2024-05-20 00:00:00+00:00"", ""price"": 49900.0, ""shares"": 3.795059109361742, ""reason"": ""time""}]"
KOSPI40_PIT_NORA_LEVEL_RR_A_RAW,005490.KS,005490,KOSPI,POSCO홀딩스,KRLEVEL_RR|005490|3T|1126|1127|1128,2024-05-20 03:00:00+00:00,1026381.0500175036,19236.655809946365,395937.51565836003,395937.51565836003,403500.0,7562.484341639967,411062.48434163997,418624.96868327993,398500.0,3,0.0,205378.84810850245,201328.16440209068,205276.21000350072,201428.87884151144,203.35254442250607,False,False,False,1129,4,399000.0,0.0,-0.39669503624379515,2024-05-21 00:00:00+00:00,395937.51565836003,stop,LOSS,-4050.6837064117717,1,"[{""time"": ""2024-05-20 03:00:00+00:00"", ""price"": 403500.0, ""fraction"": 0.2, ""shares"": 0.5087390582490724, ""reason"": ""starter20""}]","[{""time"": ""2024-05-21 00:00:00+00:00"", ""price"": 395937.51565836003, ""shares"": 0.5087390582490724, ""reason"": ""stop""}]"
KOSPI40_PIT_NORA_LEVEL_RR_A_RAW,005380.KS,005380,KOSPI,현대차,KRLEVEL_RR|005380|3T|1102|1106|1108,2024-05-14 01:00:00+00:00,1021706.2341459054,25407.723530629246,239394.92212310538,245500.0,245500.0,6105.077876894618,251605.07787689462,257710.15575378924,244000.0,3,0.0,408886.8349051914,421069.40137917723,408682.4936583622,421280.04139987717,414.9812675291197,True,True,False,1109,26,252000.0,1.5560817063372543,-0.4094951858782248,2024-05-21 02:00:00+00:00,252000.0,time,TIME,12182.566473985848,2,"[{""time"": ""2024-05-14 01:00:00+00:00"", ""price"": 245500.0, ""fraction"": 0.2, ""shares"": 0.8323472375934057, ""reason"": ""starter20""}, {""time"": ""2024-05-14 04:00:00+00:00"", ""price"": 243057.96884924214, ""fraction"": 0.2, ""shares"": 0.8407099252768162, ""reason"": ""adverse20""}]","[{""time"": ""2024-05-20 01:00:00+00:00"", ""price"": 251605.07787689462, ""shares"": 0.8365285814351109, ""reason"": ""target1_partial""}, {""time"": ""2024-05-21 02:00:00+00:00"", ""price"": 252000.0, ""shares"": 0.8365285814351109, ""reason"": ""time""}]"
KOSPI40_PIT_NORA_LEVEL_RR_A_RAW,003550.KS,003550,KOSPI,LG,KRLEVEL_RR|003550|3T|1120|1124|1126,2024-05-20 01:00:00+00:00,1025664.743182385,28355.9360175244,79635.75997881182,79635.75997881182,81900.0,2264.240021188176,84164.24002118818,86428.48004237635,80900.0,3,0.0,410471.0302215905,400953.370900563,410265.897272954,401153.9478745003,405.70992257372717,False,True,False,1127,11,80200.0,0.044164929099488444,-0.7508037946913035,2024-05-21 05:00:00+00:00,79635.75997881182,stop,LOSS,-9517.659321027459,2,"[{""time"": ""2024-05-20 01:00:00+00:00"", ""price"": 81900.0, ""fraction"": 0.2, ""shares"": 2.5046758075271915, ""reason"": ""starter20""}, {""time"": ""2024-05-20 04:00:00+00:00"", ""price"": 80994.30399152474, ""fraction"": 0.2, ""shares"": 2.532683639801907, ""reason"": ""adverse20""}]","[{""time"": ""2024-05-21 05:00:00+00:00"", ""price"": 79635.75997881182, ""shares"": 5.037359447329099, ""reason"": ""stop""}]"
KOSPI40_PIT_NORA_LEVEL_RR_A_RAW,207940.KS,207940,KOSPI,삼성바이오로직스,KRLEVEL_RR|207940|3T|1107|1112|1114,2024-05-16 01:00:00+00:00,1024338.5253203551,13294.95442815662,778759.5191584394,778759.5191584394,789000.0,10240.480841560639,799240.4808415606,809480.9616831213,781000.0,3,0.0,1024850.6945830152,1017954.4484279267,1024338.5253203551,1018463.6802680608,1021.4011027942079,False,True,True,1115,26,780000.0,0.39060665821141305,-0.9765166455285327,2024-05-22 02:00:00+00:00,778759.5191584394,stop,LOSS,-6896.246155088418,3,"[{""time"": ""2024-05-16 01:00:00+00:00"", ""price"": 789000.0, ""fraction"": 0.2, ""shares"": 0.25965488601276426, ""reason"": ""starter20""}, {""time"": ""2024-05-16 01:00:00+00:00"", ""price"": 784903.8076633757, ""fraction"": 0.2, ""shares"": 0.2610099518741707, ""reason"": ""adverse20""}, {""time"": ""2024-05-21 01:00:00+00:00"", ""price"": 780807.6153267515, ""fraction"": 0.6, ""shares"": 0.7871377060468533, ""reason"": ""support60""}]","[{""time"": ""2024-05-22 02:00:00+00:00"", ""price"": 778759.5191584394, ""shares"": 1.3078025439337884, ""reason"": ""stop""}]"
KOSPI40_PIT_NORA_LEVEL_RR_A_RAW,034020.KS,034020,KOSPI,두산에너빌리티,KRLEVEL_RR|034020|3T|1138|1139|1141,2024-05-22 04:00:00+00:00,1022398.736026438,33432.47167811179,17614.532412056236,17614.532412056236,18210.0,595.4675879437636,18805.467587943764,19400.935175887527,18100.0,3,0.0,409163.97415778047,398008.82836887456,408959.4944105752,398207.9323350421,403.5837133728087,False,True,False,1142,9,17950.0,0.31907698058948547,-0.4030446070604027,2024-05-24 00:00:00+00:00,17614.532412056236,stop,LOSS,-11155.14578890591,2,"[{""time"": ""2024-05-22 04:00:00+00:00"", ""price"": 18210.0, ""fraction"": 0.2, ""shares"": 11.22898117546884, ""reason"": ""starter20""}, {""time"": ""2024-05-23 00:00:00+00:00"", ""price"": 17971.812964822493, ""fraction"": 0.2, ""shares"": 11.377802985460084, ""reason"": ""adverse20""}]","[{""time"": ""2024-05-24 00:00:00+00:00"", ""price"": 17614.532412056236, ""shares"": 22.606784160928925, ""reason"": ""stop""}]"
KOSPI40_PIT_NORA_LEVEL_RR_A_RAW,051910.KS,051910,KOSPI,LG화학,KRLEVEL_RR|051910|3T|1147|1150|1151,2024-05-24 02:00:00+00:00,914630.2089126367,51024.57868401832,378629.36774566374,378629.36774566374,401000.0,22370.632254336262,423370.63225433626,445741.2645086725,390500.0,3,0.0,366035.00960683724,349209.7749576919,365852.0835650547,349384.46719128755,357.6182753781711,False,True,False,1152,17,386000.0,0.1117536586171098,-0.7152234151495027,2024-05-29 00:00:00+00:00,378629.36774566374,stop,LOSS,-16825.234649145335,2,"[{""time"": ""2024-05-24 02:00:00+00:00"", ""price"": 401000.0, ""fraction"": 0.2, ""shares"": 0.45617466778685123, ""reason"": ""starter20""}, {""time"": ""2024-05-27 00:00:00+00:00"", ""price"": 392051.7470982655, ""fraction"": 0.2, ""shares"": 0.4665864726695836, ""reason"": ""adverse20""}]","[{""time"": ""2024-05-29 00:00:00+00:00"", ""price"": 378629.36774566374, ""shares"": 0.9227611404564349, ""reason"": ""stop""}]"
KOSPI40_PIT_NORA_LEVEL_RR_A_RAW,000270.KS,000270,KOSPI,기아,KRLEVEL_RR|000270|2T|1143|1145|1146,2024-05-23 03:00:00+00:00,1022628.5676990539,49440.97705358686,113056.38177976792,118800.0,118800.0,5743.618220232078,124543.61822023208,130287.23644046416,118150.0,2,0.0,204627.9763965807,211688.07009730872,204525.7135398108,211793.96708084914,208.15984031032997,True,False,False,1147,26,121500.0,1.044637677843003,-0.0696425118562002,2024-05-29 04:00:00+00:00,121500.0,time,TIME,7060.09370072803,1,"[{""time"": ""2024-05-23 03:00:00+00:00"", ""price"": 118800.0, ""fraction"": 0.2, ""shares"": 1.7215969153182726, ""reason"": ""starter20""}]","[{""time"": ""2024-05-28 00:00:00+00:00"", ""price"": 124543.61822023208, ""shares"": 0.8607984576591363, ""reason"": ""target1_partial""}, {""time"": ""2024-05-29 04:00:00+00:00"", ""price"": 121500.0, ""shares"": 0.8607984576591363, ""reason"": ""time""}]"
KOSPI40_PIT_NORA_LEVEL_RR_A_RAW,352820.KS,352820,KOSPI,하이브,KRLEVEL_RR|352820|2T|1174|1176|1177,2024-05-30 04:00:00+00:00,1018214.6786789735,35200.1845924927,196464.90444051955,196464.90444051955,203500.0,7035.0955594804545,210535.09555948045,217570.1911189609,202750.0,2,0.0,203744.75720366262,196504.59736788756,203642.93573579472,196602.8988172962,200.12291727654545,False,False,False,1178,3,198600.0,0.42643343997754474,0.0,2024-05-31 00:00:00+00:00,196464.90444051955,stop,LOSS,-7240.159835775063,1,"[{""time"": ""2024-05-30 04:00:00+00:00"", ""price"": 203500.0, ""fraction"": 0.2, ""shares"": 1.0007023869080822, ""reason"": ""starter20""}]","[{""time"": ""2024-05-31 00:00:00+00:00"", ""price"": 196464.90444051955, ""shares"": 1.0007023869080822, ""reason"": ""stop""}]"
KOSPI40_PIT_NORA_LEVEL_RR_A_RAW,009150.KS,009150,KOSPI,삼성전기,KRLEVEL_RR|009150|2T|1175|1179|1180,2024-05-31 01:00:00+00:00,1017051.8484596368,19858.68439850771,156287.59791556708,156287.59791556708,159400.0,3112.4020844329207,162512.40208443292,165624.80416886584,156900.0,2,0.0,407024.14975354663,400246.978004832,406820.7393838547,400447.2016056348,403.63397049474474,False,True,False,1181,6,156600.0,0.9960152692047883,-0.7068495458872692,2024-06-03 00:00:00+00:00,156287.59791556708,stop,LOSS,-6777.171748714638,2,"[{""time"": ""2024-05-31 01:00:00+00:00"", ""price"": 159400.0, ""fraction"": 0.2, ""shares"": 1.27610018627307, ""reason"": ""starter20""}, {""time"": ""2024-05-31 05:00:00+00:00"", ""price"": 158155.03916622684, ""fraction"": 0.2, ""shares"": 1.2861453594161834, ""reason"": ""adverse20""}]","[{""time"": ""2024-06-03 00:00:00+00:00"", ""price"": 156287.59791556708, ""shares"": 2.5622455456892537, ""reason"": ""stop""}]"
KOSPI40_PIT_NORA_LEVEL_RR_A_RAW,017670.KS,017670,KOSPI,SK텔레콤,KRLEVEL_RR|017670|3T|1178|1179|1180,2024-05-31 01:00:00+00:00,1017031.5074226676,18878.96446161744,51132.87750549355,51132.87750549355,52100.0,967.1224945064532,53067.12249450645,54034.24498901291,51500.0,3,0.0,1017540.0231763789,1007521.0944866298,1017031.5074226676,1008025.1070401499,1012.5283072314087,False,True,True,1181,11,51100.0,0.10339951822859057,-0.9305956640573152,2024-06-04 00:00:00+00:00,51100.0,gap_stop,LOSS,-10018.928689749097,3,"[{""time"": ""2024-05-31 01:00:00+00:00"", ""price"": 52100.0, ""fraction"": 0.2, ""shares"": 3.904151659971853, ""reason"": ""starter20""}, {""time"": ""2024-05-31 02:00:00+00:00"", ""price"": 51713.15100219742, ""fraction"": 0.2, ""shares"": 3.933357328697497, ""reason"": ""adverse20""}, {""time"": ""2024-05-31 05:00:00+00:00"", ""price"": 51326.302004394835, ""fraction"": 0.6, ""shares"": 11.889009740100706, ""reason"": ""support60""}]","[{""time"": ""2024-06-04 00:00:00+00:00"", ""price"": 51100.0, ""shares"": 19.726518728770056, ""reason"": ""gap_stop""}]"
KOSPI40_PIT_NORA_LEVEL_RR_A_RAW,000270.KS,000270,KOSPI,기아,KRLEVEL_RR|000270|2T|1183|1184|1186,2024-06-03 01:00:00+00:00,1015791.2784538277,26422.24032655763,118826.59874305413,118826.59874305413,122000.0,3173.401256945872,125173.40125694587,128346.80251389174,119550.0,2,0.0,1016299.1740930546,1003562.7427545028,1015791.2784538277,1004064.7751420739,1009.9280267979509,False,True,True,1187,7,119100.0,0.0,-0.9453579163472206,2024-06-04 01:00:00+00:00,118826.59874305413,stop,LOSS,-12736.431338551803,3,"[{""time"": ""2024-06-03 01:00:00+00:00"", ""price"": 122000.0, ""fraction"": 0.2, ""shares"": 1.6652316040226687, ""reason"": ""starter20""}, {""time"": ""2024-06-03 01:00:00+00:00"", ""price"": 120730.63949722165, ""fraction"": 0.2, ""shares"": 1.682739829233165, ""reason"": ""adverse20""}, {""time"": ""2024-06-04 00:00:00+00:00"", ""price"": 119461.2789944433, ""fraction"": 0.6, ""shares"": 5.101860386917891, ""reason"": ""support60""}]","[{""time"": ""2024-06-04 01:00:00+00:00"", ""price"": 118826.59874305413, ""shares"": 8.449831820173724, ""reason"": ""stop""}]"
KOSPI40_PIT_NORA_LEVEL_RR_A_RAW,105560.KS,105560,KOSPI,KB금융,KRLEVEL_RR|105560|4T|1172|1178|1179,2024-05-31 00:00:00+00:00,1017213.62604623,50290.042947660746,75949.82244768369,75949.82244768369,79900.0,3950.1775523163087,83850.17755231631,87800.35510463262,78200.0,4,0.0,407088.89314370125,390475.551622577,406885.450418492,390670.8870661101,398.7781687423011,False,True,False,1180,19,77600.0,0.4050450843815338,-0.759459533215376,2024-06-05 00:00:00+00:00,75949.82244768369,stop,LOSS,-16613.34152112424,2,"[{""time"": ""2024-05-31 00:00:00+00:00"", ""price"": 79900.0, ""fraction"": 0.2, ""shares"": 2.546216836160776, ""reason"": ""starter20""}, {""time"": ""2024-06-04 00:00:00+00:00"", ""price"": 78319.92897907348, ""fraction"": 0.2, ""shares"": 2.597585670227107, ""reason"": ""adverse20""}]","[{""time"": ""2024-06-05 00:00:00+00:00"", ""price"": 75949.82244768369, ""shares"": 5.143802506387884, ""reason"": ""stop""}]"
KOSPI40_PIT_NORA_LEVEL_RR_A_RAW,003670.KS,003670,KOSPI,포스코퓨처엠,KRLEVEL_RR|003670|2T|1187|1192|1194,2024-06-04 03:00:00+00:00,972595.4490528691,50437.98981880881,248412.89824520907,262000.0,262000.0,13587.101754790929,275587.1017547909,289174.20350958186,259750.0,2,0.0,194616.34935547912,209545.6615128384,194519.08981057385,209650.4867562165,202.08478828339517,True,False,False,1195,22,275000.0,2.3183752185334763,-0.14719842657355406,2024-06-11 00:00:00+00:00,289174.20350958186,target2,WIN,14929.312157359265,1,"[{""time"": ""2024-06-04 03:00:00+00:00"", ""price"": 262000.0, ""fraction"": 0.2, ""shares"": 0.7424392740861597, ""reason"": ""starter20""}]","[{""time"": ""2024-06-05 00:00:00+00:00"", ""price"": 275587.1017547909, ""shares"": 0.37121963704307986, ""reason"": ""target1_partial""}, {""time"": ""2024-06-11 00:00:00+00:00"", ""price"": 289174.20350958186, ""shares"": 0.37121963704307986, ""reason"": ""target2""}]"
KOSPI40_PIT_NORA_LEVEL_RR_A_RAW,015760.KS,015760,KOSPI,한국전력,KRLEVEL_RR|015760|2T|1193|1197|1198,2024-06-05 01:00:00+00:00,854121.7964752418,50485.22262218674,19006.023331594333,19006.023331594333,20200.0,1193.9766684056667,21393.976668405667,22587.953336811333,19965.0,2,0.0,341819.5429493918,337057.6827471507,341648.71859009675,337226.29589509824,339.43750724259746,False,True,False,1199,26,19700.0,0.12563059561314296,-0.5360238746160766,2024-06-12 02:00:00+00:00,19700.0,time,TIME,-4761.860202241107,2,"[{""time"": ""2024-06-05 01:00:00+00:00"", ""price"": 20200.0, ""fraction"": 0.2, ""shares"": 8.45665145024992, ""reason"": ""starter20""}, {""time"": ""2024-06-10 00:00:00+00:00"", ""price"": 19722.409332637733, ""fraction"": 0.2, ""shares"": 8.661434635795677, ""reason"": ""adverse20""}]","[{""time"": ""2024-06-12 02:00:00+00:00"", ""price"": 19700.0, ""shares"": 17.118086086045597, ""reason"": ""time""}]"
KOSPI40_PIT_NORA_LEVEL_RR_A_RAW,003550.KS,003550,KOSPI,LG,KRLEVEL_RR|003550|2T|1222|1223|1224,2024-06-12 03:00:00+00:00,1009178.8554081286,41213.47831644214,79610.39400307163,79610.39400307163,83000.0,3389.605996928367,86389.60599692837,89779.21199385673,81600.0,2,0.0,1009683.4448358327,990300.3615814267,1009178.8554081286,990795.7594611573,999.987307434643,False,True,True,1225,16,79900.0,0.6785449406462701,-0.9440625261165497,2024-06-17 00:00:00+00:00,79610.39400307163,stop,LOSS,-19383.083254405996,3,"[{""time"": ""2024-06-12 03:00:00+00:00"", ""price"": 83000.0, ""fraction"": 0.2, ""shares"": 2.4317562780918762, ""reason"": ""starter20""}, {""time"": ""2024-06-13 05:00:00+00:00"", ""price"": 81644.15760122865, ""fraction"": 0.2, ""shares"": 2.4721397955680335, ""reason"": ""adverse20""}, {""time"": ""2024-06-14 00:00:00+00:00"", ""price"": 80288.3152024573, ""fraction"": 0.6, ""shares"": 7.541661718993762, ""reason"": ""support60""}]","[{""time"": ""2024-06-17 00:00:00+00:00"", ""price"": 79610.39400307163, ""shares"": 12.445557792653672, ""reason"": ""stop""}]"
KOSPI40_PIT_NORA_LEVEL_RR_A_RAW,003490.KS,003490,KOSPI,대한항공,KRLEVEL_RR|003490|4T|1224|1225|1227,2024-06-13 00:00:00+00:00,1009851.0016061288,15402.802184190226,21959.86815068644,21959.86815068644,22300.0,340.13184931355863,22640.13184931356,22980.263698627117,22200.0,4,0.0,1010355.9271069319,1002538.0708221024,1009851.0016061289,1003039.5906174111,1006.44529611177,False,True,True,1228,14,22050.0,0.8820109043168076,-0.8820109043168076,2024-06-17 01:00:00+00:00,21959.86815068644,stop,LOSS,-7817.856284829555,3,"[{""time"": ""2024-06-13 00:00:00+00:00"", ""price"": 22300.0, ""fraction"": 0.2, ""shares"": 9.056959655660348, ""reason"": ""starter20""}, {""time"": ""2024-06-17 00:00:00+00:00"", ""price"": 22163.947260274577, ""fraction"": 0.2, ""shares"": 9.112555536676714, ""reason"": ""adverse20""}, {""time"": ""2024-06-17 00:00:00+00:00"", ""price"": 22027.894520549155, ""fraction"": 0.6, ""shares"": 27.50651454220655, ""reason"": ""support60""}]","[{""time"": ""2024-06-17 01:00:00+00:00"", ""price"": 21959.86815068644, ""shares"": 45.67602973454361, ""reason"": ""stop""}]"
KOSPI40_PIT_NORA_LEVEL_RR_A_RAW,005380.KS,005380,KOSPI,현대차,KRLEVEL_RR|005380|2T|1218|1219|1220,2024-06-11 05:00:00+00:00,1009741.6297614919,42032.49524342494,260198.2747643222,271500.0,271500.0,11301.72523567779,282801.7252356778,294103.4504713556,270000.0,2,0.0,202049.30011527453,211996.11963112938,201948.3259522984,212102.17071648763,207.025248334393,True,False,False,1221,26,287500.0,1.5484361577606949,-0.39816929770989296,2024-06-18 00:00:00+00:00,287500.0,time,TIME,9946.819515854848,1,"[{""time"": ""2024-06-11 05:00:00+00:00"", ""price"": 271500.0, ""fraction"": 0.2, ""shares"": 0.7438244049808412, ""reason"": ""starter20""}]","[{""time"": ""2024-06-17 00:00:00+00:00"", ""price"": 282801.7252356778, ""shares"": 0.3719122024904206, ""reason"": ""target1_partial""}, {""time"": ""2024-06-18 00:00:00+00:00"", ""price"": 287500.0, ""shares"": 0.3719122024904206, ""reason"": ""time""}]"
KOSPI40_PIT_NORA_LEVEL_RR_A_RAW,329180.KS,329180,KOSPI,HD현대중공업,KRLEVEL_RR|329180|2T|1240|1244|1246,2024-06-18 01:00:00+00:00,1006120.138438538,49611.26143548454,128723.49632839105,135400.0,135400.0,6676.503671608953,142076.50367160895,148753.0073432179,133800.0,2,0.0,201324.63970155144,215999.3524152938,201224.0276877076,216107.40611835296,208.66571690303027,True,False,False,1247,18,143000.0,2.576198688115904,-0.35946958438826565,2024-06-21 00:00:00+00:00,148753.0073432179,target2,WIN,14674.712713742367,1,"[{""time"": ""2024-06-18 01:00:00+00:00"", ""price"": 135400.0, ""fraction"": 0.2, ""shares"": 1.486144960765935, ""reason"": ""starter20""}]","[{""time"": ""2024-06-21 00:00:00+00:00"", ""price"": 142076.50367160895, ""shares"": 0.7430724803829675, ""reason"": ""target1_partial""}, {""time"": ""2024-06-21 00:00:00+00:00"", ""price"": 148753.0073432179, ""shares"": 0.7430724803829675, ""reason"": ""target2""}]"
KOSPI40_PIT_NORA_LEVEL_RR_A_RAW,010130.KS,010130,KOSPI,고려아연,KRLEVEL_RR|010130|5T|1264|1268|1269,2024-06-24 00:00:00+00:00,1011626.9355343521,8884.314984673638,49213.96352895047,49213.96352895047,49650.0,436.0364710495269,50086.03647104953,50522.072942099054,49900.0,5,0.0,202426.54980042385,200448.24984788074,202325.38710687042,200548.5241099357,201.43695560840305,False,False,False,1270,1,49650.0,0.0,0.0,2024-06-24 00:00:00+00:00,49213.96352895047,stop,LOSS,-1978.2999525431078,1,"[{""time"": ""2024-06-24 00:00:00+00:00"", ""price"": 49650.0, ""fraction"": 0.2, ""shares"": 4.075032972948045, ""reason"": ""starter20""}]","[{""time"": ""2024-06-24 00:00:00+00:00"", ""price"": 49213.96352895047, ""shares"": 4.075032972948045, ""reason"": ""stop""}]"
KOSPI40_PIT_NORA_LEVEL_RR_A_RAW,003550.KS,003550,KOSPI,LG,KRLEVEL_RR|003550|3T|1262|1263|1265,2024-06-21 02:00:00+00:00,1010977.8216105681,13253.41790983877,80431.57541484828,81500.0,81500.0,1068.424585151719,82568.42458515172,83636.84917030344,80900.0,3,0.0,202296.6621042747,203419.14566004096,202195.56432211364,203520.9061130975,202.8582352176056,True,False,False,1266,6,82600.0,1.3103404952079014,-0.28078724897312174,2024-06-24 01:00:00+00:00,81500.0,stop,BE_STOP,1122.483555766259,1,"[{""time"": ""2024-06-21 02:00:00+00:00"", ""price"": 81500.0, ""fraction"": 0.2, ""shares"": 2.4809271695964865, ""reason"": ""starter20""}]","[{""time"": ""2024-06-24 00:00:00+00:00"", ""price"": 82568.42458515172, ""shares"": 1.2404635847982433, ""reason"": ""target1_partial""}, {""time"": ""2024-06-24 01:00:00+00:00"", ""price"": 81500.0, ""shares"": 1.2404635847982433, ""reason"": ""stop""}]"
KOSPI40_PIT_NORA_LEVEL_RR_A_RAW,009540.KS,009540,KOSPI,HD한국조선해양,KRLEVEL_RR|009540|3T|1248|1250|1252,2024-06-19 01:00:00+00:00,956309.9787784616,50313.91767155305,136044.83615358282,143600.0,143600.0,7555.163846417185,151155.16384641718,158710.32769283437,139300.0,3,0.0,191357.6267535702,201786.45762562397,191261.99575569233,201887.4013262871,196.57469854098974,True,False,False,1253,26,152000.0,1.786857343458141,-0.05294392128764862,2024-06-25 02:00:00+00:00,152000.0,time,TIME,10428.830872053775,1,"[{""time"": ""2024-06-19 01:00:00+00:00"", ""price"": 143600.0, ""fraction"": 0.2, ""shares"": 1.3319080484379688, ""reason"": ""starter20""}]","[{""time"": ""2024-06-21 00:00:00+00:00"", ""price"": 151155.16384641718, ""shares"": 0.6659540242189844, ""reason"": ""target1_partial""}, {""time"": ""2024-06-25 02:00:00+00:00"", ""price"": 152000.0, ""shares"": 0.6659540242189844, ""reason"": ""time""}]"
KOSPI40_PIT_NORA_LEVEL_RR_A_RAW,055550.KS,055550,KOSPI,신한지주,KRLEVEL_RR|055550|3T|1273|1275|1276,2024-06-25 01:00:00+00:00,1011676.6900342851,16719.989108958347,47108.35629978589,47108.35629978589,47900.0,791.6437002141101,48691.64370021411,49483.28740042822,47750.0,3,0.0,404873.0113517209,396918.4503344153,404670.67601371405,397117.0088388347,400.8938424262744,False,True,False,1277,5,46850.0,0.18947918105004888,-0.6947569971835126,2024-06-26 00:00:00+00:00,46850.0,gap_stop,LOSS,-7954.56101730559,2,"[{""time"": ""2024-06-25 01:00:00+00:00"", ""price"": 47900.0, ""fraction"": 0.2, ""shares"": 4.224119791374886, ""reason"": ""starter20""}, {""time"": ""2024-06-25 01:00:00+00:00"", ""price"": 47583.34251991435, ""fraction"": 0.2, ""shares"": 4.252230450649334, ""reason"": ""adverse20""}]","[{""time"": ""2024-06-26 00:00:00+00:00"", ""price"": 46850.0, ""shares"": 8.47635024202422, ""reason"": ""gap_stop""}]"
KOSPI40_PIT_NORA_LEVEL_RR_A_RAW,086790.KS,086790,KOSPI,하나금융지주,KRLEVEL_RR|086790|3T|1276|1277|1279,2024-06-25 04:00:00+00:00,1010832.2672060131,20053.285669817695,59495.80967124998,59495.80967124998,60700.0,1204.1903287500172,61904.19032875002,63108.380657500034,60300.0,3,0.0,202267.53666792324,198056.71840908547,202166.45344120264,198155.7963072391,200.1611248742209,False,False,False,1280,3,59900.0,0.08304335088274854,-0.24913005264824561,2024-06-26 00:00:00+00:00,59495.80967124998,stop,LOSS,-4210.818258837768,1,"[{""time"": ""2024-06-25 04:00:00+00:00"", ""price"": 60700.0, ""fraction"": 0.2, ""shares"": 3.3305840764613284, ""reason"": ""starter20""}]","[{""time"": ""2024-06-26 00:00:00+00:00"", ""price"": 59495.80967124998, ""shares"": 3.3305840764613284, ""reason"": ""stop""}]"
KOSPI40_PIT_NORA_LEVEL_RR_A_RAW,003550.KS,003550,KOSPI,LG,KRLEVEL_RR|003550|3T|1276|1279|1281,2024-06-26 00:00:00+00:00,1008805.4350532528,10737.85321580308,80236.76129653717,80236.76129653717,81100.0,863.2387034628337,81963.23870346283,82826.47740692567,80900.0,3,0.0,201861.9675541559,199513.70960930618,201761.08701065058,199613.51636748994,200.68730168907027,False,False,False,1282,7,80600.0,0.810899693435882,-0.23168562669596626,2024-06-27 00:00:00+00:00,80236.76129653717,stop,LOSS,-2348.257944849727,1,"[{""time"": ""2024-06-26 00:00:00+00:00"", ""price"": 81100.0, ""fraction"": 0.2, ""shares"": 2.4878062516726334, ""reason"": ""starter20""}]","[{""time"": ""2024-06-27 00:00:00+00:00"", ""price"": 80236.76129653717, ""shares"": 2.4878062516726334, ""reason"": ""stop""}]"
KOSPI40_PIT_NORA_LEVEL_RR_A_RAW,000810.KS,000810,KOSPI,삼성화재,KRLEVEL_RR|000810|4T|1282|1283|1284,2024-06-26 03:00:00+00:00,1008673.5119560037,39263.71121221637,350791.97884886654,365000.0,365000.0,14208.021151133464,379208.02115113346,393416.0423022669,357250.0,4,0.0,201835.56974239636,213407.05884698822,201734.70239120076,213513.81575486565,207.62425907303322,True,False,False,1285,10,381500.0,2.0059091760098045,-0.035191389052803584,2024-06-28 00:00:00+00:00,393416.0423022669,target2,WIN,11571.489104591863,1,"[{""time"": ""2024-06-26 03:00:00+00:00"", ""price"": 365000.0, ""fraction"": 0.2, ""shares"": 0.552697814770413, ""reason"": ""starter20""}]","[{""time"": ""2024-06-28 00:00:00+00:00"", ""price"": 379208.02115113346, ""shares"": 0.2763489073852065, ""reason"": ""target1_partial""}, {""time"": ""2024-06-28 00:00:00+00:00"", ""price"": 393416.0423022669, ""shares"": 0.2763489073852065, ""reason"": ""target2""}]"
KOSPI40_PIT_NORA_LEVEL_RR_A_RAW,017670.KS,017670,KOSPI,SK텔레콤,KRLEVEL_RR|017670|2T|1270|1271|1273,2024-06-24 04:00:00+00:00,1011326.1024701035,26311.249975515344,50647.13765877783,50647.13765877783,52000.0,1352.8623412221714,53352.86234122217,54705.72468244434,51800.0,2,0.0,1011831.7655213386,1008082.9234087094,1011326.1024701035,1008587.217017218,1009.9566597436608,False,True,True,1274,26,51100.0,0.2956694024305838,-0.8130908566841055,2024-06-28 05:00:00+00:00,51100.0,time,TIME,-3748.8421126292087,3,"[{""time"": ""2024-06-24 04:00:00+00:00"", ""price"": 52000.0, ""fraction"": 0.2, ""shares"": 3.889715778731168, ""reason"": ""starter20""}, {""time"": ""2024-06-27 00:00:00+00:00"", ""price"": 51458.85506351113, ""fraction"": 0.2, ""shares"": 3.930620303238045, ""reason"": ""adverse20""}, {""time"": ""2024-06-27 00:00:00+00:00"", ""price"": 50917.71012702226, ""fraction"": 0.6, ""shares"": 11.917182842046795, ""reason"": ""support60""}]","[{""time"": ""2024-06-28 05:00:00+00:00"", ""price"": 51100.0, ""shares"": 19.73751892401601, ""reason"": ""time""}]"
KOSPI40_PIT_NORA_LEVEL_RR_A_RAW,028260.KS,028260,KOSPI,삼성물산,KRLEVEL_RR|028260|3T|1287|1289|1291,2024-06-27 04:00:00+00:00,1008740.0718328104,34078.82684884768,131888.54458669835,136500.0,136500.0,4611.45541330165,141111.45541330165,145722.9108266033,135100.0,3,0.0,201848.88837374537,211865.6765900058,201748.0143665621,211971.6624212164,206.85983839388928,True,False,False,1292,23,141200.0,2.2986235472264385,-0.08674051121609201,2024-07-03 02:00:00+00:00,145722.9108266033,target2,WIN,10016.788216260436,1,"[{""time"": ""2024-06-27 04:00:00+00:00"", ""price"": 136500.0, ""fraction"": 0.2, ""shares"": 1.4780074312568652, ""reason"": ""starter20""}]","[{""time"": ""2024-06-28 00:00:00+00:00"", ""price"": 141111.45541330165, ""shares"": 0.7390037156284326, ""reason"": ""target1_partial""}, {""time"": ""2024-07-03 02:00:00+00:00"", ""price"": 145722.9108266033, ""shares"": 0.7390037156284326, ""reason"": ""target2""}]"
KOSPI40_PIT_NORA_LEVEL_RR_A_RAW,009150.KS,009150,KOSPI,삼성전기,KRLEVEL_RR|009150|3T|1290|1292|1294,2024-06-28 01:00:00+00:00,1012188.3323553592,33252.292430614005,149714.52854798184,154800.0,154800.0,5085.471452018159,159885.47145201816,164970.94290403632,154400.0,3,0.0,405077.7706086148,422742.72563243844,404875.3329421437,422954.2027338054,413.9147678379745,True,True,False,1295,26,161400.0,1.8090751441243464,-0.4522687860310866,2024-07-04 02:00:00+00:00,161400.0,time,TIME,17664.955023823655,2,"[{""time"": ""2024-06-28 01:00:00+00:00"", ""price"": 154800.0, ""fraction"": 0.2, ""shares"": 1.307736863508216, ""reason"": ""starter20""}, {""time"": ""2024-07-02 04:00:00+00:00"", ""price"": 152765.81141919273, ""fraction"": 0.2, ""shares"": 1.3251503369139217, ""reason"": ""adverse20""}]","[{""time"": ""2024-07-04 01:00:00+00:00"", ""price"": 159885.47145201816, ""shares"": 1.3164436002110689, ""reason"": ""target1_partial""}, {""time"": ""2024-07-04 02:00:00+00:00"", ""price"": 161400.0, ""shares"": 1.3164436002110689, ""reason"": ""time""}]"
KOSPI40_PIT_NORA_LEVEL_RR_A_RAW,033780.KS,033780,KOSPI,KT&G,KRLEVEL_RR|033780|5T|1294|1297|1299,2024-07-01 00:00:00+00:00,1011502.7231744508,27979.11205138112,84885.20029049461,84885.20029049461,87300.0,2414.799709505387,89714.79970950539,92129.59941901077,86900.0,5,0.0,404803.3898144152,408524.3095692709,404601.0892697803,408728.67390622396,406.6648815880021,False,True,False,1300,26,87700.0,0.45552432181851976,-0.41411301983501797,2024-07-05 01:00:00+00:00,87700.0,time,TIME,3720.919754855684,2,"[{""time"": ""2024-07-01 00:00:00+00:00"", ""price"": 87300.0, ""fraction"": 0.2, ""shares"": 2.317302916779956, ""reason"": ""starter20""}, {""time"": ""2024-07-01 00:00:00+00:00"", ""price"": 86334.08011619785, ""fraction"": 0.2, ""shares"": 2.3432292828349124, ""reason"": ""adverse20""}]","[{""time"": ""2024-07-05 01:00:00+00:00"", ""price"": 87700.0, ""shares"": 4.6605321996148685, ""reason"": ""time""}]"
KOSPI40_PIT_NORA_LEVEL_RR_A_RAW,352820.KS,352820,KOSPI,하이브,KRLEVEL_RR|352820|4T|1318|1320|1322,2024-07-04 05:00:00+00:00,1015690.0673397592,17057.1761413846,196641.26357244788,196641.26357244788,200000.0,3358.736427552125,203358.73642755212,206717.47285510425,198800.0,4,0.0,1016197.9123734292,1004865.5513555566,1015690.0673397592,1005368.2354732932,1010.5291514065262,False,True,True,1323,7,196100.0,0.2977310133051459,-0.8634199385849232,2024-07-08 00:00:00+00:00,196100.0,gap_stop,LOSS,-11332.36101787258,3,"[{""time"": ""2024-07-04 05:00:00+00:00"", ""price"": 200000.0, ""fraction"": 0.2, ""shares"": 1.0156900673397593, ""reason"": ""starter20""}, {""time"": ""2024-07-05 00:00:00+00:00"", ""price"": 198656.50542897914, ""fraction"": 0.2, ""shares"": 1.0225590802037685, ""reason"": ""adverse20""}, {""time"": ""2024-07-05 01:00:00+00:00"", ""price"": 197313.0108579583, ""fraction"": 0.6, ""shares"": 3.088564903824617, ""reason"": ""support60""}]","[{""time"": ""2024-07-08 00:00:00+00:00"", ""price"": 196100.0, ""shares"": 5.126814051368145, ""reason"": ""gap_stop""}]"
KOSPI40_PIT_NORA_LEVEL_RR_A_RAW,000270.KS,000270,KOSPI,기아,KRLEVEL_RR|000270|4T|1316|1317|1318,2024-07-04 01:00:00+00:00,1014356.6361956578,29472.657509315577,122144.81583461861,122144.81583461861,125800.0,3655.18416538139,129455.18416538139,133110.36833076278,122950.0,4,0.0,405945.52580550226,396071.68134498113,405742.6544782631,396269.8162531077,401.00623536568537,False,True,False,1319,18,125000.0,0.6566016625730208,-0.4650928443225564,2024-07-09 00:00:00+00:00,122144.81583461861,stop,LOSS,-9873.844460521126,2,"[{""time"": ""2024-07-04 01:00:00+00:00"", ""price"": 125800.0, ""fraction"": 0.2, ""shares"": 1.612649660088486, ""reason"": ""starter20""}, {""time"": ""2024-07-04 05:00:00+00:00"", ""price"": 124337.92633384744, ""fraction"": 0.2, ""shares"": 1.631612599798567, ""reason"": ""adverse20""}]","[{""time"": ""2024-07-09 00:00:00+00:00"", ""price"": 122144.81583461861, ""shares"": 3.244262259887053, ""reason"": ""stop""}]"
KOSPI40_PIT_NORA_LEVEL_RR_A_RAW,005490.KS,005490,KOSPI,POSCO홀딩스,KRLEVEL_RR|005490|2T|1314|1320|1322,2024-07-04 05:00:00+00:00,1015710.3815473901,26473.048207764634,363765.2530827374,363765.2530827374,373500.0,9734.746917262615,383234.7469172626,392969.49383452523,370750.0,2,0.0,406487.29469526553,409313.05512938445,406284.15261895605,409517.8140364027,407.90098332767934,False,True,False,1323,26,374500.0,0.8217984574220013,-0.46226163229987577,2024-07-11 00:00:00+00:00,374500.0,time,TIME,2825.7604341189144,2,"[{""time"": ""2024-07-04 05:00:00+00:00"", ""price"": 373500.0, ""fraction"": 0.2, ""shares"": 0.5438877545099813, ""reason"": ""starter20""}, {""time"": ""2024-07-10 00:00:00+00:00"", ""price"": 369606.10123309493, ""fraction"": 0.2, ""shares"": 0.5496177569356868, ""reason"": ""adverse20""}]","[{""time"": ""2024-07-11 00:00:00+00:00"", ""price"": 374500.0, ""shares"": 1.093505511445668, ""reason"": ""time""}]"
KOSPI40_PIT_NORA_LEVEL_RR_A_RAW,066570.KS,066570,KOSPI,LG전자,KRLEVEL_RR|066570|2T|1346|1347|1348,2024-07-11 01:00:00+00:00,1011620.5853052639,24109.540592317036,108061.73207392362,108061.73207392362,110700.0,2638.2679260763834,113338.26792607638,115976.53585215277,109900.0,2,0.0,202425.2791195833,197403.45783811808,202324.1170610528,197502.20894258938,199.9131630018211,False,False,False,1349,6,110300.0,0.11371096810707859,-0.3411329043212358,2024-07-12 00:00:00+00:00,108061.73207392362,stop,LOSS,-5021.821281465236,1,"[{""time"": ""2024-07-11 01:00:00+00:00"", ""price"": 110700.0, ""fraction"": 0.2, ""shares"": 1.8276794675795194, ""reason"": ""starter20""}]","[{""time"": ""2024-07-12 00:00:00+00:00"", ""price"": 108061.73207392362, ""shares"": 1.8276794675795194, ""reason"": ""stop""}]"
KOSPI40_PIT_NORA_LEVEL_RR_A_RAW,015760.KS,015760,KOSPI,한국전력,KRLEVEL_RR|015760|2T|1324|1329|1330,2024-07-08 01:00:00+00:00,1014140.9598843541,26165.13026161627,19191.734298738294,19700.0,19700.0,508.26570126170554,20208.265701261706,20716.53140252341,19365.0,2,0.0,202929.6060728593,205856.51761977177,202828.19197687085,205959.497368456,204.39384467266342,True,False,False,1331,26,19800.0,1.1804849284745669,-0.33447072973446057,2024-07-12 02:00:00+00:00,19800.0,time,TIME,2926.911546912481,1,"[{""time"": ""2024-07-08 01:00:00+00:00"", ""price"": 19700.0, ""fraction"": 0.2, ""shares"": 10.295847308470602, ""reason"": ""starter20""}]","[{""time"": ""2024-07-12 00:00:00+00:00"", ""price"": 20208.265701261706, ""shares"": 5.147923654235301, ""reason"": ""target1_partial""}, {""time"": ""2024-07-12 02:00:00+00:00"", ""price"": 19800.0, ""shares"": 5.147923654235301, ""reason"": ""time""}]"
KOSPI40_PIT_NORA_LEVEL_RR_A_RAW,373220.KS,373220,KOSPI,LG에너지솔루션,KRLEVEL_RR|373220|6T|1333|1334|1336,2024-07-09 01:00:00+00:00,1012080.0631274232,40588.87285862497,351321.78628205386,351321.78628205386,366000.0,14678.213717946142,380678.21371794614,395356.4274358923,359500.0,6,0.0,405034.4412635948,399568.8271551992,404832.0252509693,399768.71151095466,402.300368380962,False,True,False,1337,26,358500.0,0.613153628427978,-0.5790895379597572,2024-07-15 02:00:00+00:00,358500.0,time,TIME,-5465.614108395588,2,"[{""time"": ""2024-07-09 01:00:00+00:00"", ""price"": 366000.0, ""fraction"": 0.2, ""shares"": 0.5530492148237285, ""reason"": ""starter20""}, {""time"": ""2024-07-11 00:00:00+00:00"", ""price"": 360128.7145128215, ""fraction"": 0.2, ""shares"": 0.5620657405764241, ""reason"": ""adverse20""}]","[{""time"": ""2024-07-15 02:00:00+00:00"", ""price"": 358500.0, ""shares"": 1.1151149554001525, ""reason"": ""time""}]"
KOSPI40_PIT_NORA_LEVEL_RR_A_RAW,015760.KS,015760,KOSPI,한국전력,KRLEVEL_RR|015760|4T|1373|1375|1376,2024-07-17 05:00:00+00:00,1012489.7037630071,10500.756481269887,19446.205468470373,19650.0,19650.0,203.79453152962742,19853.794531529627,20057.589063059255,19600.0,4,0.0,405198.37944595545,411946.94202638173,404995.88150520285,412153.0185356495,408.5744500204262,True,True,False,1377,2,19568.48218738815,3.6801772568218585,-0.49069030090958116,2024-07-18 00:00:00+00:00,20057.589063059255,target2,WIN,6748.562580426282,2,"[{""time"": ""2024-07-17 05:00:00+00:00"", ""price"": 19650.0, ""fraction"": 0.2, ""shares"": 10.30523871514511, ""reason"": ""starter20""}, {""time"": ""2024-07-18 00:00:00+00:00"", ""price"": 19568.48218738815, ""fraction"": 0.2, ""shares"": 10.348167978153716, ""reason"": ""adverse20""}]","[{""time"": ""2024-07-18 00:00:00+00:00"", ""price"": 19853.794531529627, ""shares"": 10.326703346649413, ""reason"": ""target1_partial""}, {""time"": ""2024-07-18 00:00:00+00:00"", ""price"": 20057.589063059255, ""shares"": 10.326703346649413, ""reason"": ""target2""}]"
KOSPI40_PIT_NORA_LEVEL_RR_A_RAW,010130.KS,010130,KOSPI,고려아연,KRLEVEL_RR|010130|2T|1354|1355|1356,2024-07-12 03:00:00+00:00,1013114.6555703102,22809.41516750985,52588.73873824159,52588.73873824159,53800.0,1211.261261758409,55011.26126175841,56222.52252351682,53450.0,2,0.0,1013621.2128980954,1002501.9339616499,1013114.6555703103,1003003.4356794896,1008.0590456248999,False,True,True,1357,23,53100.0,0.908144291185463,-0.8255857192595119,2024-07-18 01:00:00+00:00,52588.73873824159,stop,LOSS,-11119.27893644548,3,"[{""time"": ""2024-07-12 03:00:00+00:00"", ""price"": 53800.0, ""fraction"": 0.2, ""shares"": 3.766225485391488, ""reason"": ""starter20""}, {""time"": ""2024-07-15 04:00:00+00:00"", ""price"": 53315.49549529664, ""fraction"": 0.2, ""shares"": 3.800451055208461, ""reason"": ""adverse20""}, {""time"": ""2024-07-18 00:00:00+00:00"", ""price"": 52830.99099059327, ""fraction"": 0.6, ""shares"": 11.505913138188514, ""reason"": ""support60""}]","[{""time"": ""2024-07-18 01:00:00+00:00"", ""price"": 52588.73873824159, ""shares"": 19.072589678788464, ""reason"": ""stop""}]"
KOSPI40_PIT_NORA_LEVEL_RR_A_RAW,086790.KS,086790,KOSPI,하나금융지주,KRLEVEL_RR|086790|2T|1346|1352|1354,2024-07-12 01:00:00+00:00,1013858.6185476575,30627.813973841658,60805.885869066464,60805.885869066464,62700.0,1894.1141309335362,64594.114130933536,66488.22826186707,61900.0,2,0.0,1014365.5478569313,1012802.7894308104,1013858.6185476575,1013309.4441528869,1013.5840313502722,False,True,True,1355,26,61600.0,0.263975645307904,-0.9503123231084544,2024-07-18 02:00:00+00:00,61600.0,time,TIME,-1562.7584261209704,3,"[{""time"": ""2024-07-12 01:00:00+00:00"", ""price"": 62700.0, ""fraction"": 0.2, ""shares"": 3.2339987832461166, ""reason"": ""starter20""}, {""time"": ""2024-07-12 01:00:00+00:00"", ""price"": 61942.354347626584, ""fraction"": 0.2, ""shares"": 3.2735553216391593, ""reason"": ""adverse20""}, {""time"": ""2024-07-17 00:00:00+00:00"", ""price"": 61184.70869525317, ""fraction"": 0.6, ""shares"": 9.942274533960292, ""reason"": ""support60""}]","[{""time"": ""2024-07-18 02:00:00+00:00"", ""price"": 61600.0, ""shares"": 16.449828638845567, ""reason"": ""time""}]"
KOSPI40_PIT_NORA_LEVEL_RR_A_RAW,010950.KS,010950,KOSPI,S-Oil,KRLEVEL_RR|010950|2T|1360|1361|1362,2024-07-15 03:00:00+00:00,1010398.6384504054,23650.132280253998,66506.0014067761,66506.0014067761,68100.0,1593.998593223907,69693.9985932239,71287.99718644781,67450.0,2,0.0,404361.5351078523,401694.41259783943,404159.4553801622,401895.3602779784,403.0274078290703,False,True,False,1363,26,67400.0,0.43914718806886166,-0.5646178132313936,2024-07-19 04:00:00+00:00,67400.0,time,TIME,-2667.1225100128795,2,"[{""time"": ""2024-07-15 03:00:00+00:00"", ""price"": 68100.0, ""fraction"": 0.2, ""shares"": 2.967396882380046, ""reason"": ""starter20""}, {""time"": ""2024-07-17 00:00:00+00:00"", ""price"": 67462.40056271043, ""fraction"": 0.2, ""shares"": 2.995442290883729, ""reason"": ""adverse20""}]","[{""time"": ""2024-07-19 04:00:00+00:00"", ""price"": 67400.0, ""shares"": 5.962839173263775, ""reason"": ""time""}]"
KOSPI40_PIT_NORA_LEVEL_RR_A_RAW,005490.KS,005490,KOSPI,POSCO홀딩스,KRLEVEL_RR|005490|3T|1385|1386|1388,2024-07-19 05:00:00+00:00,1009179.5590267053,21425.009081207423,361166.0835475203,361166.0835475203,369000.0,7833.916452479723,376833.9164524797,384667.83290495945,365000.0,3,0.0,1009684.1488062188,999186.2713224312,1009179.5590267053,999686.114379621,1004.4328367031632,False,True,True,1389,4,362000.0,0.2553001442039794,-0.8935505047139278,2024-07-22 02:00:00+00:00,361166.0835475203,stop,LOSS,-10497.877483787597,3,"[{""time"": ""2024-07-19 05:00:00+00:00"", ""price"": 369000.0, ""fraction"": 0.2, ""shares"": 0.5469807908003823, ""reason"": ""starter20""}, {""time"": ""2024-07-22 00:00:00+00:00"", ""price"": 365866.4334190081, ""fraction"": 0.2, ""shares"": 0.5516655625365575, ""reason"": ""adverse20""}, {""time"": ""2024-07-22 01:00:00+00:00"", ""price"": 362732.8668380162, ""fraction"": 0.6, ""shares"": 1.669293826871282, ""reason"": ""support60""}]","[{""time"": ""2024-07-22 02:00:00+00:00"", ""price"": 361166.0835475203, ""shares"": 2.767940180208222, ""reason"": ""stop""}]"
KOSPI40_PIT_NORA_LEVEL_RR_A_RAW,086790.KS,086790,KOSPI,하나금융지주,KRLEVEL_RR|086790|3T|1381|1385|1386,2024-07-19 03:00:00+00:00,1009640.1786470019,17183.027915026767,60748.22814344443,61800.0,61800.0,1051.7718565555697,62851.77185655557,63903.54371311114,61600.0,3,0.0,202028.99974726507,206979.40263185644,201928.03572940038,207082.9441039084,204.5054899166544,True,False,False,1387,9,63500.0,2.1867860274681927,-0.09507765336818229,2024-07-22 05:00:00+00:00,63903.54371311114,target2,WIN,4950.402884591371,1,"[{""time"": ""2024-07-19 03:00:00+00:00"", ""price"": 61800.0, ""fraction"": 0.2, ""shares"": 3.26744394384143, ""reason"": ""starter20""}]","[{""time"": ""2024-07-22 00:00:00+00:00"", ""price"": 62851.77185655557, ""shares"": 1.633721971920715, ""reason"": ""target1_partial""}, {""time"": ""2024-07-22 05:00:00+00:00"", ""price"": 63903.54371311114, ""shares"": 1.633721971920715, ""reason"": ""target2""}]"
KOSPI40_PIT_NORA_LEVEL_RR_A_RAW,035420.KS,035420,KOSPI,NAVER,KRLEVEL_RR|035420|3T|1392|1393|1394,2024-07-22 05:00:00+00:00,1008033.9226000749,12728.408067587676,170914.27252882882,173100.0,173100.0,2185.72747117118,175285.72747117118,177471.45494234236,172200.0,3,0.0,403415.17582455004,405535.40871543,403213.56904003,405738.2778543572,404.4759234471936,True,True,False,1395,2,172200.0,1.7843029615719934,-0.5032649378792802,2024-07-23 01:00:00+00:00,172200.0,gap_stop,BE_STOP,2120.232890879968,2,"[{""time"": ""2024-07-22 05:00:00+00:00"", ""price"": 173100.0, ""fraction"": 0.2, ""shares"": 1.1646839082612075, ""reason"": ""starter20""}, {""time"": ""2024-07-23 00:00:00+00:00"", ""price"": 172225.70901153152, ""fraction"": 0.2, ""shares"": 1.1705963394031738, ""reason"": ""adverse20""}]","[{""time"": ""2024-07-23 00:00:00+00:00"", ""price"": 175285.72747117118, ""shares"": 1.1676401238321907, ""reason"": ""target1_partial""}, {""time"": ""2024-07-23 01:00:00+00:00"", ""price"": 172200.0, ""shares"": 1.1676401238321907, ""reason"": ""gap_stop""}]"
KOSPI40_PIT_NORA_LEVEL_RR_A_RAW,034020.KS,034020,KOSPI,두산에너빌리티,KRLEVEL_RR|034020|6T|1404|1405|1407,2024-07-25 00:00:00+00:00,1008078.7145904346,11591.844839875735,19522.895774631488,19522.895774631488,19750.0,227.10422536851183,19977.104225368512,20204.208450737024,19725.0,6,0.0,201716.550789546,199197.72526313673,201615.74291808694,199297.3739501118,200.45655843409935,False,False,False,1408,1,19750.0,0.0,0.0,2024-07-25 00:00:00+00:00,19522.895774631488,stop,LOSS,-2518.8255264092586,1,"[{""time"": ""2024-07-25 00:00:00+00:00"", ""price"": 19750.0, ""fraction"": 0.2, ""shares"": 10.208392046485415, ""reason"": ""starter20""}]","[{""time"": ""2024-07-25 00:00:00+00:00"", ""price"": 19522.895774631488, ""shares"": 10.208392046485415, ""reason"": ""stop""}]"
KOSPI40_PIT_NORA_LEVEL_RR_A_RAW,003550.KS,003550,KOSPI,LG,KRLEVEL_RR|003550|3T|1405|1409|1411,2024-07-25 04:00:00+00:00,1006492.7225541389,10254.292600055996,80174.76035147402,81000.0,81000.0,825.2396485259815,81825.23964852598,82650.47929705196,80700.0,3,0.0,402798.3875661664,409381.1597678681,402597.08902165556,409585.9527442402,406.09152088294786,True,True,False,1412,4,82300.0,2.4235384273796594,-0.6058846068449149,2024-07-26 01:00:00+00:00,82650.47929705196,target2,WIN,6582.772201701708,2,"[{""time"": ""2024-07-25 04:00:00+00:00"", ""price"": 81000.0, ""fraction"": 0.2, ""shares"": 2.485167216183059, ""reason"": ""starter20""}, {""time"": ""2024-07-25 04:00:00+00:00"", ""price"": 80669.90414058961, ""fraction"": 0.2, ""shares"": 2.495336354435347, ""reason"": ""adverse20""}]","[{""time"": ""2024-07-26 00:00:00+00:00"", ""price"": 81825.23964852598, ""shares"": 2.490251785309203, ""reason"": ""target1_partial""}, {""time"": ""2024-07-26 01:00:00+00:00"", ""price"": 82650.47929705196, ""shares"": 2.490251785309203, ""reason"": ""target2""}]"
KOSPI40_PIT_NORA_LEVEL_RR_A_RAW,055550.KS,055550,KOSPI,신한지주,KRLEVEL_RR|055550|3T|1390|1391|1392,2024-07-22 03:00:00+00:00,962013.304443484,50380.471124640666,52024.896452089284,54900.0,54900.0,2875.103547910716,57775.103547910716,60650.20709582143,54000.0,3,0.0,192498.86221914116,200319.41006290738,192402.66088869682,200419.6198728438,196.4111403807703,True,False,False,1393,26,56600.0,1.2173474595526776,-0.3130322038849742,2024-07-26 04:00:00+00:00,56600.0,time,TIME,7820.547843766224,1,"[{""time"": ""2024-07-22 03:00:00+00:00"", ""price"": 54900.0, ""fraction"": 0.2, ""shares"": 3.5046022019799055, ""reason"": ""starter20""}]","[{""time"": ""2024-07-26 02:00:00+00:00"", ""price"": 57775.103547910716, ""shares"": 1.7523011009899527, ""reason"": ""target1_partial""}, {""time"": ""2024-07-26 04:00:00+00:00"", ""price"": 56600.0, ""shares"": 1.7523011009899527, ""reason"": ""time""}]"
KOSPI40_PIT_NORA_LEVEL_RR_A_RAW,028260.KS,028260,KOSPI,삼성물산,KRLEVEL_RR|028260|3T|1394|1395|1396,2024-07-23 01:00:00+00:00,1008789.6608941728,32360.82707514836,145575.33874426485,145575.33874426485,150400.0,4824.661255735147,155224.66125573515,160049.3225114703,148500.0,3,0.0,1009294.0557246199,1048005.7643994632,1008789.6608941728,1048530.0294141703,1028.6598451541715,False,True,True,1397,26,153500.0,0.9948885000566968,-0.9327079688031532,2024-07-29 02:00:00+00:00,153500.0,time,TIME,38711.70867484331,3,"[{""time"": ""2024-07-23 01:00:00+00:00"", ""price"": 150400.0, ""fraction"": 0.2, ""shares"": 1.3414756128911873, ""reason"": ""starter20""}, {""time"": ""2024-07-24 00:00:00+00:00"", ""price"": 148470.13549770595, ""fraction"": 0.2, ""shares"": 1.3589125617922804, ""reason"": ""adverse20""}, {""time"": ""2024-07-24 00:00:00+00:00"", ""price"": 146540.27099541188, ""fraction"": 0.6, ""shares"": 4.130426349187348, ""reason"": ""support60""}]","[{""time"": ""2024-07-29 02:00:00+00:00"", ""price"": 153500.0, ""shares"": 6.830814523870816, ""reason"": ""time""}]"
KOSPI40_PIT_NORA_LEVEL_RR_A_RAW,015760.KS,015760,KOSPI,한국전력,KRLEVEL_RR|015760|5T|1430|1434|1436,2024-07-31 05:00:00+00:00,1019990.3813899565,6468.050782534946,19545.266903282863,19670.0,19670.0,124.7330967171365,19794.733096717137,19919.466193434273,19610.0,5,0.0,204100.0753161303,205835.5222669954,203998.0762779913,205938.49151275176,204.96828389537154,True,False,False,1437,3,19740.0,3.44736089552184,-0.08017118361678698,2024-08-01 01:00:00+00:00,19919.466193434273,target2,WIN,1735.4469508650945,1,"[{""time"": ""2024-07-31 05:00:00+00:00"", ""price"": 19670.0, ""fraction"": 0.2, ""shares"": 10.371025738586237, ""reason"": ""starter20""}]","[{""time"": ""2024-08-01 01:00:00+00:00"", ""price"": 19794.733096717137, ""shares"": 5.1855128692931185, ""reason"": ""target1_partial""}, {""time"": ""2024-08-01 01:00:00+00:00"", ""price"": 19919.466193434273, ""shares"": 5.1855128692931185, ""reason"": ""target2""}]"
KOSPI40_PIT_NORA_LEVEL_RR_A_RAW,011200.KS,011200,KOSPI,HMM,KRLEVEL_RR|011200|2T|1414|1416|1418,2024-07-26 05:00:00+00:00,1012667.8500031778,31824.94491923878,16669.14417836176,17210.0,17210.0,540.8558216382407,17750.85582163824,18291.71164327648,17075.0,2,0.0,202634.83678563588,211975.01294966898,202533.57000063558,212081.0534764072,207.3073117385214,True,False,False,1419,25,18190.0,2.1817274637551374,-0.27733823691802595,2024-08-01 05:00:00+00:00,18291.71164327648,target2,WIN,9340.176164033095,1,"[{""time"": ""2024-07-26 05:00:00+00:00"", ""price"": 17210.0, ""fraction"": 0.2, ""shares"": 11.768365485219963, ""reason"": ""starter20""}]","[{""time"": ""2024-07-30 01:00:00+00:00"", ""price"": 17750.85582163824, ""shares"": 5.8841827426099815, ""reason"": ""target1_partial""}, {""time"": ""2024-08-01 05:00:00+00:00"", ""price"": 18291.71164327648, ""shares"": 5.8841827426099815, ""reason"": ""target2""}]"
KOSPI40_PIT_NORA_LEVEL_RR_A_RAW,096770.KS,096770,KOSPI,SK이노베이션,KRLEVEL_RR|096770|3T|1438|1440|1441,2024-08-01 04:00:00+00:00,1020503.3489336715,17144.096113789896,103924.27730284169,105700.0,105700.0,1775.722697158315,107475.72269715831,109251.44539431663,105100.0,3,0.0,204202.72012162767,205133.1786149369,204100.6697867343,205235.79651319352,204.6682331499639,True,False,False,1442,2,105100.0,1.1826170850666184,-0.05631509928888659,2024-08-02 00:00:00+00:00,105100.0,gap_stop,BE_STOP,930.458493309241,1,"[{""time"": ""2024-08-01 04:00:00+00:00"", ""price"": 105700.0, ""fraction"": 0.2, ""shares"": 1.9309429497325856, ""reason"": ""starter20""}]","[{""time"": ""2024-08-01 05:00:00+00:00"", ""price"": 107475.72269715831, ""shares"": 0.9654714748662928, ""reason"": ""target1_partial""}, {""time"": ""2024-08-02 00:00:00+00:00"", ""price"": 105100.0, ""shares"": 0.9654714748662928, ""reason"": ""gap_stop""}]"
KOSPI40_PIT_NORA_LEVEL_RR_A_RAW,034730.KS,034730,KOSPI,SK,KRLEVEL_RR|034730|2T|1437|1442|1443,2024-08-02 00:00:00+00:00,1020975.5964515407,20524.386123483313,145024.79750071117,145024.79750071117,148000.0,2975.2024992888328,150975.20249928883,153950.40499857767,148200.0,2,0.0,204297.2168499533,199990.19694457867,204195.11929030815,200090.24206561147,202.14268067795982,False,False,False,1444,1,148000.0,0.0,0.0,2024-08-02 00:00:00+00:00,145024.79750071117,stop,LOSS,-4307.019905374647,1,"[{""time"": ""2024-08-02 00:00:00+00:00"", ""price"": 148000.0, ""fraction"": 0.2, ""shares"": 1.3796967519615415, ""reason"": ""starter20""}]","[{""time"": ""2024-08-02 00:00:00+00:00"", ""price"": 145024.79750071117, ""shares"": 1.3796967519615415, ""reason"": ""stop""}]"
KOSPI40_PIT_NORA_LEVEL_RR_A_RAW,000810.KS,000810,KOSPI,삼성화재,KRLEVEL_RR|000810|2T|1429|1430|1432,2024-07-31 01:00:00+00:00,863294.7579265512,50973.93638135769,346741.6198128607,346741.6198128607,368500.0,21758.380187139323,390258.3801871393,412016.76037427865,359750.0,2,0.0,863726.4053055143,839994.7876737067,863294.7579265512,840414.9951712923,851.8548765489218,False,True,True,1433,18,350000.0,0.13787791068074098,-0.8042878123043224,2024-08-05 00:00:00+00:00,346741.6198128607,stop,LOSS,-23731.61763180769,3,"[{""time"": ""2024-07-31 01:00:00+00:00"", ""price"": 368500.0, ""fraction"": 0.2, ""shares"": 0.46854532316230735, ""reason"": ""starter20""}, {""time"": ""2024-08-01 00:00:00+00:00"", ""price"": 359796.6479251443, ""fraction"": 0.2, ""shares"": 0.47987926674967785, ""reason"": ""adverse20""}, {""time"": ""2024-08-02 04:00:00+00:00"", ""price"": 351093.29585028853, ""fraction"": 0.6, ""shares"": 1.4753253932162915, ""reason"": ""support60""}]","[{""time"": ""2024-08-05 00:00:00+00:00"", ""price"": 346741.6198128607, ""shares"": 2.4237499831282765, ""reason"": ""stop""}]"
KOSPI40_PIT_NORA_LEVEL_RR_A_RAW,373220.KS,373220,KOSPI,LG에너지솔루션,KRLEVEL_RR|373220|3T|1442|1446|1448,2024-08-02 05:00:00+00:00,1017379.2775858341,48924.520423663205,320794.0837345358,320794.0837345358,337000.0,16205.916265464213,353205.9162654642,369411.8325309284,333000.0,3,0.0,1017887.967224627,995004.6940368387,1017379.2775858341,995502.4452594684,1006.4408614226513,False,True,True,1449,7,324000.0,0.18511757995400613,-0.8638820397853619,2024-08-05 05:00:00+00:00,320794.0837345358,stop,LOSS,-22883.27318778832,3,"[{""time"": ""2024-08-02 05:00:00+00:00"", ""price"": 337000.0, ""fraction"": 0.2, ""shares"": 0.6037859214159254, ""reason"": ""starter20""}, {""time"": ""2024-08-05 00:00:00+00:00"", ""price"": 330517.6334938143, ""fraction"": 0.2, ""shares"": 0.6156278361498523, ""reason"": ""adverse20""}, {""time"": ""2024-08-05 04:00:00+00:00"", ""price"": 324035.26698762865, ""fraction"": 0.6, ""shares"": 1.883830646664784, ""reason"": ""support60""}]","[{""time"": ""2024-08-05 05:00:00+00:00"", ""price"": 320794.0837345358, ""shares"": 3.1032444042305616, ""reason"": ""stop""}]"
KOSPI40_PIT_NORA_LEVEL_RR_A_RAW,207940.KS,207940,KOSPI,삼성바이오로직스,KRLEVEL_RR|207940|3T|1456|1459|1461,2024-08-07 00:00:00+00:00,908137.6350465349,50532.71658337063,875417.6996250307,927000.0,927000.0,51582.30037496926,978582.3003749693,1030164.6007499385,927000.0,3,0.0,181718.34077281164,186587.45826831023,181627.527009307,186680.79866764406,184.15416283847554,True,False,False,1462,26,941000.0,1.1438031954974666,-0.03877298967788022,2024-08-13 01:00:00+00:00,927000.0,stop,BE_STOP,4869.117495498591,1,"[{""time"": ""2024-08-07 00:00:00+00:00"", ""price"": 927000.0, ""fraction"": 0.2, ""shares"": 0.1959304498482276, ""reason"": ""starter20""}]","[{""time"": ""2024-08-07 03:00:00+00:00"", ""price"": 978582.3003749693, ""shares"": 0.0979652249241138, ""reason"": ""target1_partial""}, {""time"": ""2024-08-13 01:00:00+00:00"", ""price"": 927000.0, ""shares"": 0.0979652249241138, ""reason"": ""stop""}]"
KOSPI40_PIT_NORA_LEVEL_RR_A_RAW,000810.KS,000810,KOSPI,삼성화재,KRLEVEL_RR|000810|4T|1459|1461|1462,2024-08-07 01:00:00+00:00,623970.0723692237,50604.30271217943,322074.26471870363,322074.26471870363,350500.0,28425.735281296365,378925.73528129637,407351.47056259273,338250.0,4,0.0,124856.41148108167,128646.16180935442,124794.01447384474,128710.51706788837,126.75226577086656,False,False,False,1463,26,361500.0,0.4925114464571741,-0.24625572322858705,2024-08-13 02:00:00+00:00,361500.0,time,TIME,3789.7503282727557,1,"[{""time"": ""2024-08-07 01:00:00+00:00"", ""price"": 350500.0, ""fraction"": 0.2, ""shares"": 0.3560456903676027, ""reason"": ""starter20""}]","[{""time"": ""2024-08-13 02:00:00+00:00"", ""price"": 361500.0, ""shares"": 0.3560456903676027, ""reason"": ""time""}]"
KOSPI40_PIT_NORA_LEVEL_RR_A_RAW,086790.KS,086790,KOSPI,하나금융지주,KRLEVEL_RR|086790|3T|1484|1485|1487,2024-08-13 02:00:00+00:00,1012505.7899909841,18190.021549453206,60002.3170754594,61100.0,61100.0,1097.682924540597,62197.6829245406,63295.365849081194,60300.0,3,0.0,405204.8171543919,417212.85150074796,405002.3159963937,417421.5622818889,411.21193913914135,True,True,False,1488,17,61400.0,2.095322746286317,-0.45550494484485154,2024-08-19 00:00:00+00:00,63295.365849081194,target2,WIN,12008.034346356057,2,"[{""time"": ""2024-08-13 02:00:00+00:00"", ""price"": 61100.0, ""fraction"": 0.2, ""shares"": 3.3142579050441383, ""reason"": ""starter20""}, {""time"": ""2024-08-13 04:00:00+00:00"", ""price"": 60660.92683018376, ""fraction"": 0.2, ""shares"": 3.338247016322144, ""reason"": ""adverse20""}]","[{""time"": ""2024-08-16 00:00:00+00:00"", ""price"": 62197.6829245406, ""shares"": 3.326252460683141, ""reason"": ""target1_partial""}, {""time"": ""2024-08-19 00:00:00+00:00"", ""price"": 63295.365849081194, ""shares"": 3.326252460683141, ""reason"": ""target2""}]"
KOSPI40_PIT_NORA_LEVEL_RR_A_RAW,105560.KS,105560,KOSPI,KB금융,KRLEVEL_RR|105560|2T|1486|1487|1489,2024-08-13 04:00:00+00:00,1012279.3239668669,36663.11033639754,81535.92562742025,84600.0,84600.0,3064.074372579751,87664.07437257975,90728.1487451595,82950.0,2,0.0,202557.09272577008,211640.07687412677,202455.8647933734,211745.9498490513,207.10090732121236,True,False,False,1490,26,89300.0,1.7623593109633144,-0.19581770121814604,2024-08-20 05:00:00+00:00,89300.0,time,TIME,9082.984148356685,1,"[{""time"": ""2024-08-13 04:00:00+00:00"", ""price"": 84600.0, ""fraction"": 0.2, ""shares"": 2.393095328526872, ""reason"": ""starter20""}]","[{""time"": ""2024-08-19 04:00:00+00:00"", ""price"": 87664.07437257975, ""shares"": 1.196547664263436, ""reason"": ""target1_partial""}, {""time"": ""2024-08-20 05:00:00+00:00"", ""price"": 89300.0, ""shares"": 1.196547664263436, ""reason"": ""time""}]"
KOSPI40_PIT_NORA_LEVEL_RR_A_RAW,017670.KS,017670,KOSPI,SK텔레콤,KRLEVEL_RR|017670|2T|1486|1488|1489,2024-08-13 04:00:00+00:00,1012299.5699582661,17059.2706087695,53778.19569424675,53778.19569424675,54700.0,921.8043057532486,55621.80430575325,56543.6086115065,54450.0,2,0.0,405122.2878972981,408317.8729964667,404919.8279833065,408522.13406349847,406.7209810234025,False,True,False,1490,26,55000.0,0.759380267190223,-0.433931581251556,2024-08-20 05:00:00+00:00,55000.0,time,TIME,3195.5850991685875,2,"[{""time"": ""2024-08-13 04:00:00+00:00"", ""price"": 54700.0, ""fraction"": 0.2, ""shares"": 3.701278135130772, ""reason"": ""starter20""}, {""time"": ""2024-08-14 00:00:00+00:00"", ""price"": 54331.2782776987, ""fraction"": 0.2, ""shares"": 3.726397029660109, ""reason"": ""adverse20""}]","[{""time"": ""2024-08-20 05:00:00+00:00"", ""price"": 55000.0, ""shares"": 7.427675164790881, ""reason"": ""time""}]"
KOSPI40_PIT_NORA_LEVEL_RR_A_RAW,042660.KS,042660,KOSPI,한화오션,KRLEVEL_RR|042660|5T|1497|1499|1500,2024-08-16 03:00:00+00:00,1013884.4502882147,29224.477128303766,30786.270704019695,31700.0,31700.0,913.7292959803053,32613.729295980305,33527.45859196061,31050.0,5,0.0,405756.55700534355,425343.18094889016,405553.7801152859,425555.9589283544,415.55486952182014,True,True,False,1501,16,32350.0,2.298273689196963,-0.766091229732321,2024-08-21 00:00:00+00:00,33527.45859196061,target2,WIN,19586.623943546612,2,"[{""time"": ""2024-08-16 03:00:00+00:00"", ""price"": 31700.0, ""fraction"": 0.2, ""shares"": 6.396747320430377, ""reason"": ""starter20""}, {""time"": ""2024-08-19 05:00:00+00:00"", ""price"": 31334.50828160788, ""fraction"": 0.2, ""shares"": 6.4713602088552635, ""reason"": ""adverse20""}]","[{""time"": ""2024-08-20 05:00:00+00:00"", ""price"": 32613.729295980305, ""shares"": 6.434053764642821, ""reason"": ""target1_partial""}, {""time"": ""2024-08-21 00:00:00+00:00"", ""price"": 33527.45859196061, ""shares"": 6.434053764642821, ""reason"": ""target2""}]"
KOSPI40_PIT_NORA_LEVEL_RR_A_RAW,034730.KS,034730,KOSPI,SK,KRLEVEL_RR|034730|2T|1505|1508|1510,2024-08-20 01:00:00+00:00,1016355.7652226603,16068.315573904036,136999.28485238884,139200.0,139200.0,2200.7151476111612,141400.71514761116,143601.43029522232,138400.0,2,0.0,406745.57724210864,417298.86605467426,406542.3060890641,417507.61986460653,412.02496297683535,True,True,False,1511,25,142700.0,2.0902296260346196,-0.6361568427061886,2024-08-26 01:00:00+00:00,143601.43029522232,target2,WIN,10553.288812565617,2,"[{""time"": ""2024-08-20 01:00:00+00:00"", ""price"": 139200.0, ""fraction"": 0.2, ""shares"": 1.4602812718716383, ""reason"": ""starter20""}, {""time"": ""2024-08-20 04:00:00+00:00"", ""price"": 138319.71394095552, ""fraction"": 0.2, ""shares"": 1.469574706692224, ""reason"": ""adverse20""}]","[{""time"": ""2024-08-22 04:00:00+00:00"", ""price"": 141400.71514761116, ""shares"": 1.4649279892819311, ""reason"": ""target1_partial""}, {""time"": ""2024-08-26 01:00:00+00:00"", ""price"": 143601.43029522232, ""shares"": 1.4649279892819311, ""reason"": ""target2""}]"
KOSPI40_PIT_NORA_LEVEL_RR_A_RAW,006400.KS,006400,KOSPI,삼성SDI,KRLEVEL_RR|006400|2T|1517|1518|1519,2024-08-21 04:00:00+00:00,607086.3678763692,51074.80099867955,304068.49827500194,304068.49827500194,332000.0,27931.50172499806,359931.50172499806,387863.0034499961,322500.0,2,0.0,121477.98221206147,123915.28769321332,121417.27357527384,123977.276331379,122.69727495332643,False,False,False,1520,26,339000.0,0.501226183176192,-0.19691028624778972,2024-08-27 05:00:00+00:00,339000.0,time,TIME,2437.3054811518523,1,"[{""time"": ""2024-08-21 04:00:00+00:00"", ""price"": 332000.0, ""fraction"": 0.2, ""shares"": 0.36571467944359587, ""reason"": ""starter20""}]","[{""time"": ""2024-08-27 05:00:00+00:00"", ""price"": 339000.0, ""shares"": 0.36571467944359587, ""reason"": ""time""}]"
KOSPI40_PIT_NORA_LEVEL_RR_A_RAW,010130.KS,010130,KOSPI,고려아연,KRLEVEL_RR|010130|2T|1516|1517|1519,2024-08-21 04:00:00+00:00,1021483.8782462337,26927.61712759015,52284.399548004396,52284.399548004396,53700.0,1415.600451995604,55115.600451995604,56531.20090399121,53350.0,2,0.0,408797.84807414276,417446.3156893725,408593.5512984935,417655.14326100296,413.12434727974824,False,True,False,1520,26,54600.0,0.9183382204825948,-0.4238484094535053,2024-08-27 05:00:00+00:00,54600.0,time,TIME,8648.467615229718,2,"[{""time"": ""2024-08-21 04:00:00+00:00"", ""price"": 53700.0, ""fraction"": 0.2, ""shares"": 3.804409229967351, ""reason"": ""starter20""}, {""time"": ""2024-08-22 01:00:00+00:00"", ""price"": 53133.75981920176, ""fraction"": 0.2, ""shares"": 3.844952368219516, ""reason"": ""adverse20""}]","[{""time"": ""2024-08-27 05:00:00+00:00"", ""price"": 54600.0, ""shares"": 7.649361598186867, ""reason"": ""time""}]"
KOSPI40_PIT_NORA_LEVEL_RR_A_RAW,003550.KS,003550,KOSPI,LG,KRLEVEL_RR|003550|4T|1534|1539|1541,2024-08-27 02:00:00+00:00,1025456.1807071398,19251.12511472211,79675.61369395864,79675.61369395864,81200.0,1524.3863060413569,82724.38630604136,84248.77261208271,80650.0,4,0.0,1025968.9087974934,1016424.5164619371,1025456.1807071399,1016932.9829534139,1021.1945818302768,False,True,True,1542,22,79700.0,0.13120033892155283,-0.9840025419116464,2024-08-30 05:00:00+00:00,79675.61369395864,stop,LOSS,-9544.392335556331,3,"[{""time"": ""2024-08-27 02:00:00+00:00"", ""price"": 81200.0, ""fraction"": 0.2, ""shares"": 2.5257541396727583, ""reason"": ""starter20""}, {""time"": ""2024-08-28 00:00:00+00:00"", ""price"": 80590.24547758346, ""fraction"": 0.2, ""shares"": 2.544864268945241, ""reason"": ""adverse20""}, {""time"": ""2024-08-29 00:00:00+00:00"", ""price"": 79980.49095516691, ""fraction"": 0.6, ""shares"": 7.692797344407097, ""reason"": ""support60""}]","[{""time"": ""2024-08-30 05:00:00+00:00"", ""price"": 79675.61369395864, ""shares"": 12.763415753025097, ""reason"": ""stop""}]"
KOSPI40_PIT_NORA_LEVEL_RR_A_RAW,028260.KS,028260,KOSPI,삼성물산,KRLEVEL_RR|028260|3T|1547|1548|1550,2024-08-28 05:00:00+00:00,1025101.4401720386,26357.747510591522,147117.4380230786,147117.4380230786,151000.0,3882.5619769213954,154882.5619769214,158765.1239538428,149500.0,3,0.0,1025613.9908921247,1012898.0328908972,1025101.4401720387,1013404.7352585265,1019.2530877152826,False,True,True,1551,14,148100.0,0.05151237795786231,-0.8757104252836593,2024-09-02 00:00:00+00:00,147117.4380230786,stop,LOSS,-12715.958001227467,3,"[{""time"": ""2024-08-28 05:00:00+00:00"", ""price"": 151000.0, ""fraction"": 0.2, ""shares"": 1.357750251883495, ""reason"": ""starter20""}, {""time"": ""2024-08-29 00:00:00+00:00"", ""price"": 149446.97520923143, ""fraction"": 0.2, ""shares"": 1.3718597365210743, ""reason"": ""adverse20""}, {""time"": ""2024-08-29 00:00:00+00:00"", ""price"": 147893.9504184629, ""fraction"": 0.6, ""shares"": 4.158796640179812, ""reason"": ""support60""}]","[{""time"": ""2024-09-02 00:00:00+00:00"", ""price"": 147117.4380230786, ""shares"": 6.888406628584381, ""reason"": ""stop""}]"
KOSPI40_PIT_NORA_LEVEL_RR_A_RAW,034020.KS,034020,KOSPI,두산에너빌리티,KRLEVEL_RR|034020|2T|1543|1544|1546,2024-08-28 01:00:00+00:00,560070.423917257,51257.47095822823,16988.581817595717,16988.581817595717,18700.0,1711.4181824042826,20411.418182404283,22122.836364808565,17665.0,2,0.0,224140.18365168624,215236.71763599716,224028.1695669028,215344.3898309126,219.6862796989077,False,True,False,1547,26,17640.0,0.08180350158680753,-0.6368986909258587,2024-09-03 02:00:00+00:00,17640.0,time,TIME,-8903.466015689075,2,"[{""time"": ""2024-08-28 01:00:00+00:00"", ""price"": 18700.0, ""fraction"": 0.2, ""shares"": 5.990058009810236, ""reason"": ""starter20""}, {""time"": ""2024-08-29 00:00:00+00:00"", ""price"": 18015.432727038286, ""fraction"": 0.2, ""shares"": 6.217673840014743, ""reason"": ""adverse20""}]","[{""time"": ""2024-09-03 02:00:00+00:00"", ""price"": 17640.0, ""shares"": 12.207731849824977, ""reason"": ""time""}]"
KOSPI40_PIT_NORA_LEVEL_RR_A_RAW,066570.KS,066570,KOSPI,LG전자,KRLEVEL_RR|066570|2T|1558|1564|1566,2024-09-02 03:00:00+00:00,1019838.8899550226,46030.389123322595,96823.31489505096,96823.31489505096,101400.0,4576.685104949036,105976.68510494904,110553.37020989807,99450.0,2,0.0,408139.52376000007,412697.24516754394,407935.55598200904,412903.69701605197,410.4196264990305,False,True,False,1567,26,101700.0,0.8958448977768716,-0.4588473866662025,2024-09-06 04:00:00+00:00,101700.0,time,TIME,4557.721407543868,2,"[{""time"": ""2024-09-02 03:00:00+00:00"", ""price"": 101400.0, ""fraction"": 0.2, ""shares"": 2.011516548234759, ""reason"": ""starter20""}, {""time"": ""2024-09-04 00:00:00+00:00"", ""price"": 99569.32595802039, ""fraction"": 0.2, ""shares"": 2.0485001382554278, ""reason"": ""adverse20""}]","[{""time"": ""2024-09-06 04:00:00+00:00"", ""price"": 101700.0, ""shares"": 4.0600166864901865, ""reason"": ""time""}]"
KOSPI40_PIT_NORA_LEVEL_RR_A_RAW,003550.KS,003550,KOSPI,LG,KRLEVEL_RR|003550|3T|1570|1576|1577,2024-09-04 02:00:00+00:00,664679.9562628681,51018.55175848088,78291.0430977278,78291.0430977278,84800.0,6508.956902272199,91308.9569022722,97817.9138045444,82500.0,3,0.0,133002.45924819994,131459.35142992786,132935.99125257364,131525.11398692132,132.23055261974747,False,False,False,1578,26,83900.0,0.2304516718303002,-0.38408611971716694,2024-09-10 03:00:00+00:00,83900.0,time,TIME,-1543.1078182720812,1,"[{""time"": ""2024-09-04 02:00:00+00:00"", ""price"": 84800.0, ""fraction"": 0.2, ""shares"": 1.5676414062803496, ""reason"": ""starter20""}]","[{""time"": ""2024-09-10 03:00:00+00:00"", ""price"": 83900.0, ""shares"": 1.5676414062803496, ""reason"": ""time""}]"
KOSPI40_PIT_NORA_LEVEL_RR_A_RAW,055550.KS,055550,KOSPI,신한지주,KRLEVEL_RR|055550|4T|1600|1602|1603,2024-09-10 04:00:00+00:00,1020325.9562972309,31834.512098850966,54640.30108094971,54640.30108094971,56400.0,1759.6989190502936,58159.69891905029,59919.39783810059,55750.0,4,0.0,204167.22385507592,197599.43969525618,204065.1912594462,197698.288839676,200.88174004956113,False,False,False,1604,3,57600.0,0.1704837098848191,-0.2841395164746985,2024-09-11 00:00:00+00:00,54640.30108094971,stop,LOSS,-6567.784159819741,1,"[{""time"": ""2024-09-10 04:00:00+00:00"", ""price"": 56400.0, ""fraction"": 0.2, ""shares"": 3.618177149990181, ""reason"": ""starter20""}]","[{""time"": ""2024-09-11 00:00:00+00:00"", ""price"": 54640.30108094971, ""shares"": 3.618177149990181, ""reason"": ""stop""}]"
KOSPI40_PIT_NORA_LEVEL_RR_A_RAW,047050.KS,047050,KOSPI,포스코인터내셔널,KRLEVEL_RR|047050|3T|1600|1603|1605,2024-09-11 00:00:00+00:00,1021640.3355164174,13583.475729516866,49631.22371401935,50300.0,50300.0,668.7762859806535,50968.77628598065,51637.55257196131,50300.0,3,0.0,408860.46227367024,412266.34402731946,408656.13420656696,412472.58031747816,410.5643572620226,True,True,False,1606,2,50300.0,1.0466878307049448,-0.6728707483103217,2024-09-11 02:00:00+00:00,50300.0,gap_stop,BE_STOP,3405.8817536492134,2,"[{""time"": ""2024-09-11 00:00:00+00:00"", ""price"": 50300.0, ""fraction"": 0.2, ""shares"": 4.062188212788936, ""reason"": ""starter20""}, {""time"": ""2024-09-11 00:00:00+00:00"", ""price"": 50032.48948560774, ""fraction"": 0.2, ""shares"": 4.083907660882239, ""reason"": ""adverse20""}]","[{""time"": ""2024-09-11 01:00:00+00:00"", ""price"": 50968.77628598065, ""shares"": 4.073047936835588, ""reason"": ""target1_partial""}, {""time"": ""2024-09-11 02:00:00+00:00"", ""price"": 50300.0, ""shares"": 4.073047936835588, ""reason"": ""gap_stop""}]"
KOSPI40_PIT_NORA_LEVEL_RR_A_RAW,068270.KS,068270,KOSPI,셀트리온,KRLEVEL_RR|068270|3T|1592|1595|1596,2024-09-09 03:00:00+00:00,1019777.816595824,41404.86637042363,160987.45921751097,160987.45921751097,167800.46875,6813.009532489028,174613.47828248903,181426.48781497806,166928.328125,3,0.0,408115.08220164874,417054.89903829375,407911.1266383296,417263.5308036956,412.5873287210126,False,True,False,1597,26,170242.46875,0.5760509516807021,-0.4736434735063534,2024-09-13 04:00:00+00:00,170242.46875,time,TIME,8939.816836645012,2,"[{""time"": ""2024-09-09 03:00:00+00:00"", ""price"": 167800.46875, ""fraction"": 0.2, ""shares"": 1.2154648007749669, ""reason"": ""starter20""}, {""time"": ""2024-09-11 04:00:00+00:00"", ""price"": 165075.2649370044, ""fraction"": 0.2, ""shares"": 1.2355307344016548, ""reason"": ""adverse20""}]","[{""time"": ""2024-09-13 04:00:00+00:00"", ""price"": 170242.46875, ""shares"": 2.450995535176622, ""reason"": ""time""}]"
KOSPI40_PIT_NORA_LEVEL_RR_A_RAW,035420.KS,035420,KOSPI,NAVER,KRLEVEL_RR|035420|3T|1600|1604|1606,2024-09-11 01:00:00+00:00,1019168.8292355463,44146.89920922967,152112.6651709584,152112.6651709584,159000.0,6887.334829041589,165887.3348290416,172774.66965808318,157900.0,3,0.0,407871.3654600656,414933.8112627215,407667.5316942185,415141.38195369835,411.40445682395847,False,True,False,1607,26,160500.0,0.929241885121272,-0.45010153810561615,2024-09-20 02:00:00+00:00,160500.0,time,TIME,7062.445802655886,2,"[{""time"": ""2024-09-11 01:00:00+00:00"", ""price"": 159000.0, ""fraction"": 0.2, ""shares"": 1.2819733701076055, ""reason"": ""starter20""}, {""time"": ""2024-09-11 05:00:00+00:00"", ""price"": 156245.06606838337, ""fraction"": 0.2, ""shares"": 1.304577296270577, ""reason"": ""adverse20""}]","[{""time"": ""2024-09-20 02:00:00+00:00"", ""price"": 160500.0, ""shares"": 2.5865506663781828, ""reason"": ""time""}]"
KOSPI40_PIT_NORA_LEVEL_RR_A_RAW,015760.KS,015760,KOSPI,한국전력,KRLEVEL_RR|015760|2T|1631|1633|1634,2024-09-20 05:00:00+00:00,1023828.097131961,19163.341524392257,21637.282589922528,21637.282589922528,22050.0,412.71741007747187,22462.717410077472,22875.434820154944,21875.0,2,0.0,204868.0022361054,192596.9233467614,204765.61942639222,192693.2699817523,198.72944470407225,False,False,False,1635,1,20750.0,0.0,-0.36344480832985276,2024-09-23 00:00:00+00:00,20750.0,gap_stop,LOSS,-12271.078889344004,1,"[{""time"": ""2024-09-20 05:00:00+00:00"", ""price"": 22050.0, ""fraction"": 0.2, ""shares"": 9.286422649723002, ""reason"": ""starter20""}]","[{""time"": ""2024-09-23 00:00:00+00:00"", ""price"": 20750.0, ""shares"": 9.286422649723002, ""reason"": ""gap_stop""}]"
KOSPI40_PIT_NORA_LEVEL_RR_A_RAW,000810.KS,000810,KOSPI,삼성화재,KRLEVEL_RR|000810|4T|1618|1621|1623,2024-09-19 00:00:00+00:00,1023192.5429402092,37999.73095280402,337001.56102070166,350000.0,350000.0,12998.438979298342,362998.43897929834,375996.8779585967,349750.0,4,0.0,204740.82784233586,208626.45699867167,204638.50858804185,208730.82240987662,206.68466549895922,True,False,False,1624,26,351000.0,1.9233078710309492,-0.2307969445237139,2024-09-25 01:00:00+00:00,351000.0,time,TIME,3885.62915633581,1,"[{""time"": ""2024-09-19 00:00:00+00:00"", ""price"": 350000.0, ""fraction"": 0.2, ""shares"": 0.584681453108691, ""reason"": ""starter20""}]","[{""time"": ""2024-09-19 00:00:00+00:00"", ""price"": 362998.43897929834, ""shares"": 0.2923407265543455, ""reason"": ""target1_partial""}, {""time"": ""2024-09-25 01:00:00+00:00"", ""price"": 351000.0, ""shares"": 0.2923407265543455, ""reason"": ""time""}]"
KOSPI40_PIT_NORA_LEVEL_RR_A_RAW,000660.KS,000660,KOSPI,SK하이닉스,KRLEVEL_RR|000660|2T|1633|1634|1636,2024-09-23 01:00:00+00:00,475696.3728469655,51073.07917860293,143892.78297348003,161200.0,161200.0,17307.217026519967,178507.21702651997,195814.43405303993,158200.0,2,0.0,95186.84420667781,107599.6905663445,95139.2745693931,107653.51732500701,101.39639594720006,True,False,False,1637,26,186300.0,1.623600140735635,-0.11555872887798115,2024-09-27 02:00:00+00:00,186300.0,time,TIME,12412.846359666699,1,"[{""time"": ""2024-09-23 01:00:00+00:00"", ""price"": 161200.0, ""fraction"": 0.2, ""shares"": 0.590194010976384, ""reason"": ""starter20""}]","[{""time"": ""2024-09-26 00:00:00+00:00"", ""price"": 178507.21702651997, ""shares"": 0.295097005488192, ""reason"": ""target1_partial""}, {""time"": ""2024-09-27 02:00:00+00:00"", ""price"": 186300.0, ""shares"": 0.295097005488192, ""reason"": ""time""}]"
KOSPI40_PIT_NORA_LEVEL_RR_A_RAW,012330.KS,012330,KOSPI,현대모비스,KRLEVEL_RR|012330|5T|1652|1653|1654,2024-09-26 01:00:00+00:00,1022806.9299699588,14091.714343444764,220913.8417814354,220913.8417814354,224000.0,3086.158218564611,227086.1582185646,230172.31643712922,222500.0,5,0.0,409327.33337397757,404401.7506023361,409122.77198798355,404604.0526286504,406.863412308317,False,True,False,1655,12,222500.0,0.8100686429365127,-0.6480549143492101,2024-09-30 00:00:00+00:00,220913.8417814354,stop,LOSS,-4925.582771641493,2,"[{""time"": ""2024-09-26 01:00:00+00:00"", ""price"": 224000.0, ""fraction"": 0.2, ""shares"": 0.9132204731874632, ""reason"": ""starter20""}, {""time"": ""2024-09-27 04:00:00+00:00"", ""price"": 222765.53671257416, ""fraction"": 0.2, ""shares"": 0.9182811175048566, ""reason"": ""adverse20""}]","[{""time"": ""2024-09-30 00:00:00+00:00"", ""price"": 220913.8417814354, ""shares"": 1.8315015906923198, ""reason"": ""stop""}]"
KOSPI40_PIT_NORA_LEVEL_RR_A_RAW,033780.KS,033780,KOSPI,KT&G,KRLEVEL_RR|033780|2T|1654|1660|1662,2024-09-27 03:00:00+00:00,1023472.8030445504,44665.32964868216,105103.85914135864,105103.85914135864,109900.0,4796.14085864136,114696.14085864136,119492.28171728272,107650.0,2,0.0,1023984.5394460725,1003029.1705658238,1023472.8030445504,1003530.9360338408,1013.5018695391956,False,True,True,1663,12,106100.0,0.2919013517873595,-0.9591044415870383,2024-10-02 02:00:00+00:00,105103.85914135864,stop,LOSS,-20955.368880248745,3,"[{""time"": ""2024-09-27 03:00:00+00:00"", ""price"": 109900.0, ""fraction"": 0.2, ""shares"": 1.8625528717826212, ""reason"": ""starter20""}, {""time"": ""2024-10-02 00:00:00+00:00"", ""price"": 107981.54365654345, ""fraction"": 0.2, ""shares"": 1.8956439561558909, ""reason"": ""adverse20""}, {""time"": ""2024-10-02 00:00:00+00:00"", ""price"": 106063.08731308691, ""fraction"": 0.6, ""shares"": 5.789796406868873, ""reason"": ""support60""}]","[{""time"": ""2024-10-02 02:00:00+00:00"", ""price"": 105103.85914135864, ""shares"": 9.547993234807386, ""reason"": ""stop""}]"
KOSPI40_PIT_NORA_LEVEL_RR_A_RAW,006400.KS,006400,KOSPI,삼성SDI,KRLEVEL_RR|006400|2T|1673|1674|1675,2024-10-02 04:00:00+00:00,1018857.3610593375,15247.051864957099,371850.76753723715,371850.76753723715,377500.0,5649.232462762855,383149.23246276285,388798.4649255257,373500.0,2,0.0,407746.7158959469,402451.54328273487,407542.944423735,402652.86971759365,405.09790707066435,False,True,False,1676,2,374000.0,0.2655227962183024,-0.6195531911760389,2024-10-02 05:00:00+00:00,371850.76753723715,stop,LOSS,-5295.172613212024,2,"[{""time"": ""2024-10-02 04:00:00+00:00"", ""price"": 377500.0, ""fraction"": 0.2, ""shares"": 0.5397919793691854, ""reason"": ""starter20""}, {""time"": ""2024-10-02 04:00:00+00:00"", ""price"": 375240.30701489485, ""fraction"": 0.2, ""shares"": 0.5430426007080816, ""reason"": ""adverse20""}]","[{""time"": ""2024-10-02 05:00:00+00:00"", ""price"": 371850.76753723715, ""shares"": 1.0828345800772672, ""reason"": ""stop""}]"
KOSPI40_PIT_NORA_LEVEL_RR_A_RAW,055550.KS,055550,KOSPI,신한지주,KRLEVEL_RR|055550|2T|1672|1673|1674,2024-10-02 03:00:00+00:00,1018126.0221694056,32208.848414019274,55099.944373435574,55099.944373435574,56900.0,1800.0556265644263,58700.055626564426,60500.11125312885,56250.0,2,0.0,407454.0340721961,396695.59437015164,407250.40886776225,396894.04139084707,402.0722251293047,False,True,False,1675,4,55500.0,0.11110767747867804,-0.4999845486540512,2024-10-04 00:00:00+00:00,55099.944373435574,stop,LOSS,-10758.439702044474,2,"[{""time"": ""2024-10-02 03:00:00+00:00"", ""price"": 56900.0, ""fraction"": 0.2, ""shares"": 3.578650341544484, ""reason"": ""starter20""}, {""time"": ""2024-10-02 05:00:00+00:00"", ""price"": 56179.97774937423, ""fraction"": 0.2, ""shares"": 3.624515576390545, ""reason"": ""adverse20""}]","[{""time"": ""2024-10-04 00:00:00+00:00"", ""price"": 55099.944373435574, ""shares"": 7.203165917935029, ""reason"": ""stop""}]"
KOSPI40_PIT_NORA_LEVEL_RR_A_RAW,035720.KS,035720,KOSPI,카카오,KRLEVEL_RR|035720|2T|1648|1653|1655,2024-09-26 02:00:00+00:00,1023057.6470276434,34787.79680123243,35113.96367555754,35113.96367555754,36350.0,1236.0363244424589,37586.03632444246,38822.07264888492,35800.0,2,0.0,409427.6703404629,415803.8675646586,409223.05881105736,416011.87350140925,412.61746615623326,False,True,False,1656,26,36700.0,0.9708452545205629,-0.6876820552853987,2024-10-04 03:00:00+00:00,36700.0,time,TIME,6376.197224195697,2,"[{""time"": ""2024-09-26 02:00:00+00:00"", ""price"": 36350.0, ""fraction"": 0.2, ""shares"": 5.62892790661702, ""reason"": ""starter20""}, {""time"": ""2024-10-02 00:00:00+00:00"", ""price"": 35855.58547022301, ""fraction"": 0.2, ""shares"": 5.706545485791953, ""reason"": ""adverse20""}]","[{""time"": ""2024-10-04 03:00:00+00:00"", ""price"": 36700.0, ""shares"": 11.335473392408971, ""reason"": ""time""}]"
KOSPI40_PIT_NORA_LEVEL_RR_A_RAW,010130.KS,010130,KOSPI,고려아연,KRLEVEL_RR|010130|5T|1675|1677|1678,2024-10-04 01:00:00+00:00,398123.8917979744,50825.11329906458,65861.55294084539,65861.55294084539,75500.0,9638.447059154612,85138.44705915461,94776.89411830922,72000.0,5,0.0,79664.59074877469,83168.92470285762,79624.77835959489,83210.52996784155,81.41765416371823,False,False,False,1679,26,78900.0,0.47725530593965476,-0.0622506920790854,2024-10-11 02:00:00+00:00,78900.0,time,TIME,3504.333954082933,1,"[{""time"": ""2024-10-04 01:00:00+00:00"", ""price"": 75500.0, ""fraction"": 0.2, ""shares"": 1.0546328259548992, ""reason"": ""starter20""}]","[{""time"": ""2024-10-11 02:00:00+00:00"", ""price"": 78900.0, ""shares"": 1.0546328259548992, ""reason"": ""time""}]"
KOSPI40_PIT_NORA_LEVEL_RR_A_RAW,017670.KS,017670,KOSPI,SK텔레콤,KRLEVEL_RR|017670|3T|1678|1681|1682,2024-10-04 05:00:00+00:00,1016049.360144776,36449.285892613865,54569.557717916396,54569.557717916396,56600.0,2030.4422820836044,58630.442282083604,60660.88456416721,56400.0,3,0.0,1016557.3848248483,1025514.1897565288,1016049.360144776,1026027.203358208,1021.0382817514919,False,True,True,1683,26,56000.0,0.14775106027251622,-0.9850070684834414,2024-10-14 00:00:00+00:00,56000.0,time,TIME,8956.804931680555,3,"[{""time"": ""2024-10-04 05:00:00+00:00"", ""price"": 56600.0, ""fraction"": 0.2, ""shares"": 3.5902804245398445, ""reason"": ""starter20""}, {""time"": ""2024-10-08 00:00:00+00:00"", ""price"": 55787.82308716656, ""fraction"": 0.2, ""shares"": 3.6425488714884384, ""reason"": ""adverse20""}, {""time"": ""2024-10-08 03:00:00+00:00"", ""price"": 54975.64617433312, ""fraction"": 0.6, ""shares"": 11.089085049654, ""reason"": ""support60""}]","[{""time"": ""2024-10-14 00:00:00+00:00"", ""price"": 56000.0, ""shares"": 18.321914345682284, ""reason"": ""time""}]"
KOSPI40_PIT_NORA_LEVEL_RR_A_RAW,000660.KS,000660,KOSPI,SK하이닉스,KRLEVEL_RR|000660|3T|1708|1709|1711,2024-10-14 04:00:00+00:00,1019435.9100481293,27849.84232886914,184517.60938798296,184517.60938798296,189700.0,5182.390612017043,194882.39061201704,200064.7812240341,188100.0,3,0.0,203989.12560063068,198218.0549370801,203887.18200962586,198317.21354385203,201.10219777673893,False,False,False,1712,9,184700.0,0.6753639897162753,-0.366626165845978,2024-10-16 00:00:00+00:00,184517.60938798296,stop,LOSS,-5771.070663550578,1,"[{""time"": ""2024-10-14 04:00:00+00:00"", ""price"": 189700.0, ""fraction"": 0.2, ""shares"": 1.0747874644682438, ""reason"": ""starter20""}]","[{""time"": ""2024-10-16 00:00:00+00:00"", ""price"": 184517.60938798296, ""shares"": 1.0747874644682438, ""reason"": ""stop""}]"
KOSPI40_PIT_NORA_LEVEL_RR_A_RAW,018260.KS,018260,KOSPI,삼성에스디에스,KRLEVEL_RR|018260|2T|1700|1703|1705,2024-10-11 04:00:00+00:00,1016862.9093190618,25581.247730068844,143106.9484270118,146800.0,146800.0,3693.051572988188,150493.0515729882,154186.10314597638,145900.0,2,0.0,406948.5363094886,424027.1062318279,406745.16372762475,424239.2258447502,415.4921947861875,True,True,False,1706,15,149500.0,2.4370090214358306,-0.6227911943669345,2024-10-16 00:00:00+00:00,154186.10314597638,target2,WIN,17078.569922339288,2,"[{""time"": ""2024-10-11 04:00:00+00:00"", ""price"": 146800.0, ""fraction"": 0.2, ""shares"": 1.3853718110613922, ""reason"": ""starter20""}, {""time"": ""2024-10-14 00:00:00+00:00"", ""price"": 145322.77937080472, ""fraction"": 0.2, ""shares"": 1.3994542544833122, ""reason"": ""adverse20""}]","[{""time"": ""2024-10-15 00:00:00+00:00"", ""price"": 150493.0515729882, ""shares"": 1.3924130327723523, ""reason"": ""target1_partial""}, {""time"": ""2024-10-16 00:00:00+00:00"", ""price"": 154186.10314597638, ""shares"": 1.3924130327723523, ""reason"": ""target2""}]"
KOSPI40_PIT_NORA_LEVEL_RR_A_RAW,068270.KS,068270,KOSPI,셀트리온,KRLEVEL_RR|068270|2T|1697|1702|1704,2024-10-11 03:00:00+00:00,1016516.8013681757,34412.16070963386,166248.74573489628,166248.74573489628,172073.96875,5825.223015103722,177899.19176510372,183724.41478020744,170111.6484375,2,0.0,1017025.0597688598,1000703.2144797178,1016516.8013681757,1001203.8163879117,1008.8603088780437,False,True,True,1705,26,166928.328125,0.7036774582486973,-0.9132831672205554,2024-10-17 04:00:00+00:00,166248.74573489628,stop,LOSS,-16321.845289141987,3,"[{""time"": ""2024-10-11 03:00:00+00:00"", ""price"": 172073.96875, ""fraction"": 0.2, ""shares"": 1.1814881806382183, ""reason"": ""starter20""}, {""time"": ""2024-10-17 00:00:00+00:00"", ""price"": 169743.87954395852, ""fraction"": 0.2, ""shares"": 1.1977065731020111, ""reason"": ""adverse20""}, {""time"": ""2024-10-17 03:00:00+00:00"", ""price"": 167413.79033791702, ""fraction"": 0.6, ""shares"": 3.6431292762073544, ""reason"": ""support60""}]","[{""time"": ""2024-10-17 04:00:00+00:00"", ""price"": 166248.74573489628, ""shares"": 6.022324029947583, ""reason"": ""stop""}]"
KOSPI40_PIT_NORA_LEVEL_RR_A_RAW,033780.KS,033780,KOSPI,KT&G,KRLEVEL_RR|033780|4T|1721|1723|1724,2024-10-16 05:00:00+00:00,1020627.5001587315,35174.7619934938,104374.45687000858,104374.45687000858,108100.0,3725.54312999142,111825.54312999142,115551.08625998284,107500.0,4,0.0,1021137.813908811,1058608.0330337607,1020627.5001587316,1059137.601834678,1039.882550996705,False,True,True,1725,26,110000.0,0.9394603358163406,-0.8857768880554069,2024-10-23 00:00:00+00:00,110000.0,time,TIME,37470.21912494977,3,"[{""time"": ""2024-10-16 05:00:00+00:00"", ""price"": 108100.0, ""fraction"": 0.2, ""shares"": 1.888302497981002, ""reason"": ""starter20""}, {""time"": ""2024-10-22 00:00:00+00:00"", ""price"": 106609.78274800343, ""fraction"": 0.2, ""shares"": 1.914697645658312, ""reason"": ""adverse20""}, {""time"": ""2024-10-22 00:00:00+00:00"", ""price"": 105119.56549600686, ""fraction"": 0.6, ""shares"": 5.825523509403214, ""reason"": ""support60""}]","[{""time"": ""2024-10-23 00:00:00+00:00"", ""price"": 110000.0, ""shares"": 9.628523653042528, ""reason"": ""time""}]"
KOSPI40_PIT_NORA_LEVEL_RR_A_RAW,011200.KS,011200,KOSPI,HMM,KRLEVEL_RR|011200|2T|1722|1723|1724,2024-10-16 05:00:00+00:00,1020647.9131169938,28402.31916197511,16818.58019284869,16818.58019284869,17300.0,481.4198071513092,17781.41980715131,18262.83961430262,17145.0,2,0.0,1021158.2370735523,1017799.9517810439,1020647.9131169938,1018309.106334211,1019.4785097256024,False,True,True,1725,26,16990.0,0.6439286364936947,-0.893191334491254,2024-10-23 00:00:00+00:00,16990.0,time,TIME,-3358.28529250843,3,"[{""time"": ""2024-10-16 05:00:00+00:00"", ""price"": 17300.0, ""fraction"": 0.2, ""shares"": 11.79939783950282, ""reason"": ""starter20""}, {""time"": ""2024-10-22 00:00:00+00:00"", ""price"": 17107.432077139478, ""fraction"": 0.2, ""shares"": 11.932216460246858, ""reason"": ""adverse20""}, {""time"": ""2024-10-23 00:00:00+00:00"", ""price"": 16914.864154278952, ""fraction"": 0.6, ""shares"": 36.20417771521271, ""reason"": ""support60""}]","[{""time"": ""2024-10-23 00:00:00+00:00"", ""price"": 16990.0, ""shares"": 59.93579201496239, ""reason"": ""time""}]"
KOSPI40_PIT_NORA_LEVEL_RR_A_RAW,035420.KS,035420,KOSPI,NAVER,KRLEVEL_RR|035420|3T|1751|1752|1754,2024-10-23 05:00:00+00:00,1027510.5266817153,17335.836929047295,170966.01347268224,170966.01347268224,173900.0,2933.9865273177566,176833.98652731776,179767.9730546355,172200.0,3,0.0,205604.85638901123,201933.92048155834,205502.10533634305,202034.9379505336,203.76852164343833,False,False,False,1755,2,172100.0,0.2385832359768667,-0.20449991655160005,2024-10-24 00:00:00+00:00,170966.01347268224,stop,LOSS,-3670.935907452891,1,"[{""time"": ""2024-10-23 05:00:00+00:00"", ""price"": 173900.0, ""fraction"": 0.2, ""shares"": 1.1817257351141062, ""reason"": ""starter20""}]","[{""time"": ""2024-10-24 00:00:00+00:00"", ""price"": 170966.01347268224, ""shares"": 1.1817257351141062, ""reason"": ""stop""}]"
KOSPI40_PIT_NORA_LEVEL_RR_A_RAW,009540.KS,009540,KOSPI,HD한국조선해양,KRLEVEL_RR|009540|4T|1723|1729|1730,2024-10-17 05:00:00+00:00,1018442.3289794747,34343.31498649945,190356.88152404284,190356.88152404284,197000.0,6643.118475957162,203643.11847595716,210286.23695191432,192800.0,4,0.0,1018951.5501439644,1027642.3159758432,1018442.3289794747,1028156.3941729297,1023.2993615762023,False,True,True,1731,26,195100.0,0.6021268496831478,-0.9784561307351151,2024-10-24 00:00:00+00:00,195100.0,time,TIME,8690.765831878874,3,"[{""time"": ""2024-10-17 05:00:00+00:00"", ""price"": 197000.0, ""fraction"": 0.2, ""shares"": 1.0339516030248475, ""reason"": ""starter20""}, {""time"": ""2024-10-18 00:00:00+00:00"", ""price"": 194342.75260961714, ""fraction"": 0.2, ""shares"": 1.0480888176213645, ""reason"": ""adverse20""}, {""time"": ""2024-10-21 00:00:00+00:00"", ""price"": 191685.50521923427, ""fraction"": 0.6, ""shares"": 3.187853962608169, ""reason"": ""support60""}]","[{""time"": ""2024-10-24 00:00:00+00:00"", ""price"": 195100.0, ""shares"": 5.269894383254381, ""reason"": ""time""}]"
KOSPI40_PIT_NORA_LEVEL_RR_A_RAW,055550.KS,055550,KOSPI,신한지주,KRLEVEL_RR|055550|2T|1749|1750|1751,2024-10-23 02:00:00+00:00,1027748.8851628434,40353.08764265127,55050.19758687692,57300.0,57300.0,2249.8024131230777,59549.80241312308,61799.604826246155,55850.0,2,0.0,1028262.7596054248,1071123.957137187,1027748.8851628434,1071659.7870307022,1049.7043360967727,True,True,True,1752,17,57400.0,1.1556570411846938,-0.800070259281711,2024-10-28 00:00:00+00:00,57300.0,stop,BE_STOP,42861.197531762184,3,"[{""time"": ""2024-10-23 02:00:00+00:00"", ""price"": 57300.0, ""fraction"": 0.2, ""shares"": 3.5872561436748462, ""reason"": ""starter20""}, {""time"": ""2024-10-23 04:00:00+00:00"", ""price"": 56400.07903475077, ""fraction"": 0.2, ""shares"": 3.6444944856534636, ""reason"": ""adverse20""}, {""time"": ""2024-10-24 04:00:00+00:00"", ""price"": 55500.15806950154, ""fraction"": 0.6, ""shares"": 11.110767113951109, ""reason"": ""support60""}]","[{""time"": ""2024-10-25 04:00:00+00:00"", ""price"": 59549.80241312308, ""shares"": 9.17125887163971, ""reason"": ""target1_partial""}, {""time"": ""2024-10-28 00:00:00+00:00"", ""price"": 57300.0, ""shares"": 9.17125887163971, ""reason"": ""stop""}]"
KOSPI40_PIT_NORA_LEVEL_RR_A_RAW,000660.KS,000660,KOSPI,SK하이닉스,KRLEVEL_RR|000660|4T|1751|1756|1757,2024-10-24 02:00:00+00:00,1024026.2631820808,47485.32972475419,189104.59044560223,189104.59044560223,198300.0,9195.409554397775,207495.40955439777,216690.81910879555,192050.0,4,0.0,1024538.2763136718,1002304.0928335378,1024026.2631820808,1002805.4955813285,1013.4158793817046,False,True,True,1758,18,191400.0,0.8373743392775166,-0.8591243221158936,2024-10-29 01:00:00+00:00,189104.59044560223,stop,LOSS,-22234.183480134,3,"[{""time"": ""2024-10-24 02:00:00+00:00"", ""price"": 198300.0, ""fraction"": 0.2, ""shares"": 1.0328051065880794, ""reason"": ""starter20""}, {""time"": ""2024-10-28 04:00:00+00:00"", ""price"": 194621.8361782409, ""fraction"": 0.2, ""shares"": 1.0523241207571847, ""reason"": ""adverse20""}, {""time"": ""2024-10-29 00:00:00+00:00"", ""price"": 190943.67235648178, ""fraction"": 0.6, ""shares"": 3.217785383126845, ""reason"": ""support60""}]","[{""time"": ""2024-10-29 01:00:00+00:00"", ""price"": 189104.59044560223, ""shares"": 5.30291461047211, ""reason"": ""stop""}]"
KOSPI40_PIT_NORA_LEVEL_RR_A_RAW,055550.KS,055550,KOSPI,신한지주,KRLEVEL_RR|055550|2T|1773|1776|1778,2024-10-29 05:00:00+00:00,1029869.4958569274,19733.529815100857,55319.30862497717,55319.30862497717,56400.0,1080.6913750228268,57480.69137502283,58561.382750045654,55850.0,2,0.0,206076.88612097118,201926.17961176112,205973.89917138548,202027.1932083653,204.0005461898754,False,False,False,1779,2,55500.0,0.4626667812440335,-0.18506671249761342,2024-10-30 00:00:00+00:00,55319.30862497717,stop,LOSS,-4150.706509210053,1,"[{""time"": ""2024-10-29 05:00:00+00:00"", ""price"": 56400.0, ""fraction"": 0.2, ""shares"": 3.6520194888543522, ""reason"": ""starter20""}]","[{""time"": ""2024-10-30 00:00:00+00:00"", ""price"": 55319.30862497717, ""shares"": 3.6520194888543522, ""reason"": ""stop""}]"
KOSPI40_PIT_NORA_LEVEL_RR_A_RAW,017670.KS,017670,KOSPI,SK텔레콤,KRLEVEL_RR|017670|2T|1775|1776|1777,2024-10-29 04:00:00+00:00,1030020.851886857,16182.392192744024,56498.20339057996,56498.20339057996,57400.0,901.7966094200383,58301.79660942004,59203.59321884008,57200.0,2,0.0,206107.1724625601,202666.30809285317,206004.1703773714,202767.6919388226,204.38593115809698,False,False,False,1778,3,56800.0,0.0,-0.33266924810566256,2024-10-30 00:00:00+00:00,56498.20339057996,stop,LOSS,-3440.86436970692,1,"[{""time"": ""2024-10-29 04:00:00+00:00"", ""price"": 57400.0, ""fraction"": 0.2, ""shares"": 3.588922828874066, ""reason"": ""starter20""}]","[{""time"": ""2024-10-30 00:00:00+00:00"", ""price"": 56498.20339057996, ""shares"": 3.588922828874066, ""reason"": ""stop""}]"
KOSPI40_PIT_NORA_LEVEL_RR_A_RAW,034020.KS,034020,KOSPI,두산에너빌리티,KRLEVEL_RR|034020|4T|1768|1769|1770,2024-10-28 03:00:00+00:00,634004.4303792042,51705.600375425194,19746.58889622153,19746.58889622153,21500.0,1753.4111037784714,23253.41110377847,25006.822207556943,21300.0,4,0.0,126864.28651887877,116401.53611775544,126800.88607584086,116459.76600075582,121.63032603829834,False,False,False,1771,16,20150.0,0.37070599051146536,-0.14257922711979437,2024-10-31 00:00:00+00:00,19746.58889622153,stop,LOSS,-10462.750401123325,1,"[{""time"": ""2024-10-28 03:00:00+00:00"", ""price"": 21500.0, ""fraction"": 0.2, ""shares"": 5.897715631434458, ""reason"": ""starter20""}]","[{""time"": ""2024-10-31 00:00:00+00:00"", ""price"": 19746.58889622153, ""shares"": 5.897715631434458, ""reason"": ""stop""}]"
KOSPI40_PIT_NORA_LEVEL_RR_A_RAW,033780.KS,033780,KOSPI,KT&G,KRLEVEL_RR|033780|4T|1792|1795|1796,2024-11-01 05:00:00+00:00,1026554.7831795097,15003.09528682001,108885.04280886127,108885.04280886127,110500.0,1614.957191138732,112114.95719113873,113729.91438227746,109550.0,4,0.0,205413.6121142199,202209.18240974867,205310.95663590194,202310.33757853793,203.81064710721995,False,False,False,1797,2,109400.0,0.12384229197987398,-0.30960572994968494,2024-11-04 00:00:00+00:00,108885.04280886127,stop,LOSS,-3204.4297044712293,1,"[{""time"": ""2024-11-01 05:00:00+00:00"", ""price"": 110500.0, ""fraction"": 0.2, ""shares"": 1.8580177071122348, ""reason"": ""starter20""}]","[{""time"": ""2024-11-04 00:00:00+00:00"", ""price"": 108885.04280886127, ""shares"": 1.8580177071122348, ""reason"": ""stop""}]"
KOSPI40_PIT_NORA_LEVEL_RR_A_RAW,373220.KS,373220,KOSPI,LG에너지솔루션,KRLEVEL_RR|373220|6T|1786|1790|1792,2024-11-01 01:00:00+00:00,1026856.3153769289,42742.78147613044,399163.23319219827,399163.23319219827,416500.0,17336.76680780173,433836.76680780173,451173.53361560346,411500.0,6,0.0,1027369.7435346174,1007282.0694735618,1026856.315376929,1007785.9624547892,1017.3211389158591,False,True,True,1793,21,405500.0,0.7210110246378157,-0.8075323475943537,2024-11-06 03:00:00+00:00,399163.23319219827,stop,LOSS,-20087.674061055528,3,"[{""time"": ""2024-11-01 01:00:00+00:00"", ""price"": 416500.0, ""fraction"": 0.2, ""shares"": 0.493088266687601, ""reason"": ""starter20""}, {""time"": ""2024-11-04 00:00:00+00:00"", ""price"": 409565.2932768793, ""fraction"": 0.2, ""shares"": 0.5014371736243487, ""reason"": ""adverse20""}, {""time"": ""2024-11-06 02:00:00+00:00"", ""price"": 402630.5865537586, ""fraction"": 0.6, ""shares"": 1.5302210259276834, ""reason"": ""support60""}]","[{""time"": ""2024-11-06 03:00:00+00:00"", ""price"": 399163.23319219827, ""shares"": 2.524746466239633, ""reason"": ""stop""}]"
KOSPI40_PIT_NORA_LEVEL_RR_A_RAW,086790.KS,086790,KOSPI,하나금융지주,KRLEVEL_RR|086790|2T|1800|1802|1804,2024-11-05 01:00:00+00:00,1026758.3762351124,13764.954212646193,59688.92336391868,60500.0,60500.0,811.0766360813213,61311.07663608132,62122.15327216264,60000.0,2,0.0,410908.702169292,419881.6742085953,410703.350494045,420091.7200686296,415.39753528133735,True,True,False,1805,9,62000.0,2.0959794973425323,-0.49317164643353706,2024-11-06 03:00:00+00:00,62122.15327216264,target2,WIN,8972.972039303277,2,"[{""time"": ""2024-11-05 01:00:00+00:00"", ""price"": 60500.0, ""fraction"": 0.2, ""shares"": 3.3942425660664877, ""reason"": ""starter20""}, {""time"": ""2024-11-05 01:00:00+00:00"", ""price"": 60175.56934556747, ""fraction"": 0.2, ""shares"": 3.412542290505951, ""reason"": ""adverse20""}]","[{""time"": ""2024-11-06 01:00:00+00:00"", ""price"": 61311.07663608132, ""shares"": 3.403392428286219, ""reason"": ""target1_partial""}, {""time"": ""2024-11-06 03:00:00+00:00"", ""price"": 62122.15327216264, ""shares"": 3.403392428286219, ""reason"": ""target2""}]"
KOSPI40_PIT_NORA_LEVEL_RR_A_RAW,032830.KS,032830,KOSPI,삼성생명,KRLEVEL_RR|032830|6T|1785|1788|1790,2024-10-31 05:00:00+00:00,1025950.8504689418,20593.636524589012,99658.60314985517,101700.0,101700.0,2041.3968501448253,103741.39685014483,105782.79370028965,101400.0,6,0.0,205292.76517883528,209364.16200306755,205190.1700937884,209468.8964512932,207.3295332725408,True,False,False,1791,26,103900.0,1.7634983613032424,-0.2939163935505404,2024-11-07 00:00:00+00:00,103900.0,time,TIME,4071.3968242322735,1,"[{""time"": ""2024-10-31 05:00:00+00:00"", ""price"": 101700.0, ""fraction"": 0.2, ""shares"": 2.0176024591326294, ""reason"": ""starter20""}]","[{""time"": ""2024-11-01 00:00:00+00:00"", ""price"": 103741.39685014483, ""shares"": 1.0088012295663147, ""reason"": ""target1_partial""}, {""time"": ""2024-11-07 00:00:00+00:00"", ""price"": 103900.0, ""shares"": 1.0088012295663147, ""reason"": ""time""}]"
KOSPI40_PIT_NORA_LEVEL_RR_A_RAW,009540.KS,009540,KOSPI,HD한국조선해양,KRLEVEL_RR|009540|2T|1812|1813|1814,2024-11-06 05:00:00+00:00,1025150.2960827005,38583.116594875246,178037.2389323525,185000.0,185000.0,6962.761067647487,191962.7610676475,198925.52213529497,178750.0,2,0.0,205132.57424614838,216496.69169790516,205030.0592165401,216604.99419500266,210.81752670577137,True,False,False,1815,4,197600.0,2.010696599234331,-0.2585181341872711,2024-11-07 02:00:00+00:00,198925.52213529497,target2,WIN,11364.117451756785,1,"[{""time"": ""2024-11-06 05:00:00+00:00"", ""price"": 185000.0, ""fraction"": 0.2, ""shares"": 1.1082705903596761, ""reason"": ""starter20""}]","[{""time"": ""2024-11-07 00:00:00+00:00"", ""price"": 191962.7610676475, ""shares"": 0.5541352951798381, ""reason"": ""target1_partial""}, {""time"": ""2024-11-07 02:00:00+00:00"", ""price"": 198925.52213529497, ""shares"": 0.5541352951798381, ""reason"": ""target2""}]"
KOSPI40_PIT_NORA_LEVEL_RR_A_RAW,017670.KS,017670,KOSPI,SK텔레콤,KRLEVEL_RR|017670|4T|1788|1793|1795,2024-11-01 04:00:00+00:00,1026775.2501768474,18177.212340176746,55892.68765781225,56900.0,56900.0,1007.3123421877535,57907.31234218775,58914.62468437551,56500.0,4,0.0,410915.45512077434,418873.24180741265,410710.100070739,419082.78319901216,414.8964416348756,True,True,False,1796,26,57800.0,1.092014814005893,-0.7941925920042857,2024-11-07 05:00:00+00:00,57800.0,time,TIME,7957.786686638312,2,"[{""time"": ""2024-11-01 04:00:00+00:00"", ""price"": 56900.0, ""fraction"": 0.2, ""shares"": 3.6090518459643146, ""reason"": ""starter20""}, {""time"": ""2024-11-04 00:00:00+00:00"", ""price"": 56497.075063124896, ""fraction"": 0.2, ""shares"": 3.6347908242315854, ""reason"": ""adverse20""}]","[{""time"": ""2024-11-07 04:00:00+00:00"", ""price"": 57907.31234218775, ""shares"": 3.62192133509795, ""reason"": ""target1_partial""}, {""time"": ""2024-11-07 05:00:00+00:00"", ""price"": 57800.0, ""shares"": 3.62192133509795, ""reason"": ""time""}]"
KOSPI40_PIT_NORA_LEVEL_RR_A_RAW,035420.KS,035420,KOSPI,NAVER,KRLEVEL_RR|035420|3T|1815|1817|1818,2024-11-07 03:00:00+00:00,1027440.1035153973,23610.518369284993,173323.35753258984,177400.0,177400.0,4076.642467410158,181476.64246741016,185553.28493482032,175700.0,3,0.0,411181.529426862,415905.5410623314,410976.04140615894,416113.59786126204,413.5448196337105,True,True,False,1819,4,176100.0,1.324619473787348,-0.4905998051064252,2024-11-08 01:00:00+00:00,176100.0,gap_stop,BE_STOP,4724.011635469389,2,"[{""time"": ""2024-11-07 03:00:00+00:00"", ""price"": 177400.0, ""fraction"": 0.2, ""shares"": 1.158331571043289, ""reason"": ""starter20""}, {""time"": ""2024-11-08 00:00:00+00:00"", ""price"": 175769.34301303595, ""fraction"": 0.2, ""shares"": 1.1690777082089874, ""reason"": ""adverse20""}]","[{""time"": ""2024-11-08 00:00:00+00:00"", ""price"": 181476.64246741016, ""shares"": 1.1637046396261383, ""reason"": ""target1_partial""}, {""time"": ""2024-11-08 01:00:00+00:00"", ""price"": 176100.0, ""shares"": 1.1637046396261383, ""reason"": ""gap_stop""}]"
KOSPI40_PIT_NORA_LEVEL_RR_A_RAW,010950.KS,010950,KOSPI,S-Oil,KRLEVEL_RR|010950|4T|1815|1819|1820,2024-11-07 05:00:00+00:00,1028278.6746431681,30034.648274032184,57956.242644940634,57956.242644940634,59700.0,1743.757355059366,61443.757355059366,63187.51471011873,59100.0,4,0.0,1028792.8139804897,1014427.1221396822,1028278.6746431682,1014934.5894343994,1021.6066320387838,False,True,True,1821,9,58100.0,0.1146948567240257,-0.9749062821542184,2024-11-11 01:00:00+00:00,57956.242644940634,stop,LOSS,-14365.691840807558,3,"[{""time"": ""2024-11-07 05:00:00+00:00"", ""price"": 59700.0, ""fraction"": 0.2, ""shares"": 3.444819680546627, ""reason"": ""starter20""}, {""time"": ""2024-11-08 00:00:00+00:00"", ""price"": 59002.49705797625, ""fraction"": 0.2, ""shares"": 3.4855429038292214, ""reason"": ""adverse20""}, {""time"": ""2024-11-11 00:00:00+00:00"", ""price"": 58304.994115952504, ""fraction"": 0.6, ""shares"": 10.581721414102603, ""reason"": ""support60""}]","[{""time"": ""2024-11-11 01:00:00+00:00"", ""price"": 57956.242644940634, ""shares"": 17.512083998478452, ""reason"": ""stop""}]"
KOSPI40_PIT_NORA_LEVEL_RR_A_RAW,034020.KS,034020,KOSPI,두산에너빌리티,KRLEVEL_RR|034020|5T|1825|1827|1828,2024-11-11 01:00:00+00:00,1026442.3399095385,20972.14261418451,21011.73625971635,21011.73625971635,21450.0,438.2637402836517,21888.26374028365,22326.527480567303,21300.0,5,0.0,410782.22443179734,403643.19027807005,410576.9359638154,403845.1128344873,407.21102439915137,False,True,False,1829,3,21100.0,0.0,-0.7986058800426293,2024-11-11 03:00:00+00:00,21011.73625971635,stop,LOSS,-7139.034153727291,2,"[{""time"": ""2024-11-11 01:00:00+00:00"", ""price"": 21450.0, ""fraction"": 0.2, ""shares"": 9.570557947874486, ""reason"": ""starter20""}, {""time"": ""2024-11-11 01:00:00+00:00"", ""price"": 21274.694503886538, ""fraction"": 0.2, ""shares"": 9.649420251106537, ""reason"": ""adverse20""}]","[{""time"": ""2024-11-11 03:00:00+00:00"", ""price"": 21011.73625971635, ""shares"": 19.219978198981025, ""reason"": ""stop""}]"
KOSPI40_PIT_NORA_LEVEL_RR_A_RAW,000810.KS,000810,KOSPI,삼성화재,KRLEVEL_RR|000810|2T|1826|1830|1832,2024-11-11 05:00:00+00:00,1024409.5414444099,21473.788562836842,341684.22256408987,341684.22256408987,349000.0,7315.777435910131,356315.77743591013,363631.55487182026,345000.0,2,0.0,409968.69848605286,402668.9798037083,409763.816577764,402870.4150112139,406.3171157944889,False,True,False,1833,8,342500.0,0.6151089258007437,-0.6834543620008263,2024-11-13 00:00:00+00:00,341684.22256408987,stop,LOSS,-7299.718682344537,2,"[{""time"": ""2024-11-11 05:00:00+00:00"", ""price"": 349000.0, ""fraction"": 0.2, ""shares"": 0.5870541784781719, ""reason"": ""starter20""}, {""time"": ""2024-11-12 00:00:00+00:00"", ""price"": 346073.68902563595, ""fraction"": 0.2, ""shares"": 0.5920181590970501, ""reason"": ""adverse20""}]","[{""time"": ""2024-11-13 00:00:00+00:00"", ""price"": 341684.22256408987, ""shares"": 1.1790723375752221, ""reason"": ""stop""}]"
KOSPI40_PIT_NORA_LEVEL_RR_A_RAW,012330.KS,012330,KOSPI,현대모비스,KRLEVEL_RR|012330|2T|1846|1847|1848,2024-11-14 04:00:00+00:00,1023066.8043644303,19474.024604362756,250146.08796519646,255000.0,255000.0,4853.912034803536,259853.91203480354,264707.8240696071,253000.0,2,0.0,1023578.3377666124,1034328.9615571045,1023066.8043644303,1034846.3847494791,1028.9565945569548,True,True,True,1849,3,250500.0,1.133106648938811,-0.9270872582226636,2024-11-15 01:00:00+00:00,250500.0,gap_stop,BE_STOP,10750.62379049207,3,"[{""time"": ""2024-11-14 04:00:00+00:00"", ""price"": 255000.0, ""fraction"": 0.2, ""shares"": 0.8024053367564159, ""reason"": ""starter20""}, {""time"": ""2024-11-15 00:00:00+00:00"", ""price"": 253058.4351860786, ""fraction"": 0.2, ""shares"": 0.8085617091658297, ""reason"": ""adverse20""}, {""time"": ""2024-11-15 00:00:00+00:00"", ""price"": 251116.87037215717, ""fraction"": 0.6, ""shares"": 2.4444398407360777, ""reason"": ""support60""}]","[{""time"": ""2024-11-15 00:00:00+00:00"", ""price"": 259853.91203480354, ""shares"": 2.0277034433291616, ""reason"": ""target1_partial""}, {""time"": ""2024-11-15 01:00:00+00:00"", ""price"": 250500.0, ""shares"": 2.0277034433291616, ""reason"": ""gap_stop""}]"
KOSPI40_PIT_NORA_LEVEL_RR_A_RAW,017670.KS,017670,KOSPI,SK텔레콤,KRLEVEL_RR|017670|4T|1829|1835|1836,2024-11-12 03:00:00+00:00,1023722.8164582951,14310.391871946387,56006.00552682937,56006.00552682937,56800.0,793.9944731706273,57593.99447317063,58387.988946341255,56500.0,4,0.0,1024234.6778665241,1016888.4682583077,1023722.8164582951,1017397.1668417285,1020.5599916500119,False,True,True,1837,20,56200.0,0.755672766340606,-0.8816182273973736,2024-11-15 05:00:00+00:00,56006.00552682937,stop,LOSS,-7346.209608216421,3,"[{""time"": ""2024-11-12 03:00:00+00:00"", ""price"": 56800.0, ""fraction"": 0.2, ""shares"": 3.604657804430617, ""reason"": ""starter20""}, {""time"": ""2024-11-13 00:00:00+00:00"", ""price"": 56482.40221073175, ""fraction"": 0.2, ""shares"": 3.6249266192286207, ""reason"": ""adverse20""}, {""time"": ""2024-11-15 04:00:00+00:00"", ""price"": 56164.8044214635, ""fraction"": 0.6, ""shares"": 10.936273992262782, ""reason"": ""support60""}]","[{""time"": ""2024-11-15 05:00:00+00:00"", ""price"": 56006.00552682937, ""shares"": 18.16585841592202, ""reason"": ""stop""}]"
KOSPI40_PIT_NORA_LEVEL_RR_A_RAW,032830.KS,032830,KOSPI,삼성생명,KRLEVEL_RR|032830|3T|1849|1850|1851,2024-11-15 01:00:00+00:00,1024888.0679100978,25203.9625676448,95882.61453326159,98300.0,98300.0,2417.385466738415,100717.38546673841,103134.77093347683,97200.0,3,0.0,410160.2047776212,426975.4748123309,409955.22716403916,427189.0693470044,418.5721482555218,True,True,False,1852,6,103000.0,4.426269681531864,-0.7032391082807634,2024-11-18 00:00:00+00:00,103134.77093347683,target2,WIN,16815.270034709712,2,"[{""time"": ""2024-11-15 01:00:00+00:00"", ""price"": 98300.0, ""fraction"": 0.2, ""shares"": 2.0852249601426203, ""reason"": ""starter20""}, {""time"": ""2024-11-15 01:00:00+00:00"", ""price"": 97333.04581330463, ""fraction"": 0.2, ""shares"": 2.1059406070081166, ""reason"": ""adverse20""}]","[{""time"": ""2024-11-18 00:00:00+00:00"", ""price"": 100717.38546673841, ""shares"": 2.0955827835753684, ""reason"": ""target1_partial""}, {""time"": ""2024-11-18 00:00:00+00:00"", ""price"": 103134.77093347683, ""shares"": 2.0955827835753684, ""reason"": ""target2""}]"
KOSPI40_PIT_NORA_LEVEL_RR_A_RAW,009540.KS,009540,KOSPI,HD한국조선해양,KRLEVEL_RR|009540|2T|1829|1831|1833,2024-11-12 00:00:00+00:00,491586.8572123934,51198.90576643231,174869.86655770254,174869.86655770254,195200.0,20330.13344229746,215530.13344229746,235860.26688459492,191550.0,2,0.0,196733.06025639985,199265.1586775574,196634.74288495738,199364.84109810644,197.9997919915319,False,True,False,1834,26,193700.0,0.06394448928187113,-0.5017183005192967,2024-11-18 02:00:00+00:00,193700.0,time,TIME,2532.0984211575415,2,"[{""time"": ""2024-11-12 00:00:00+00:00"", ""price"": 195200.0, ""fraction"": 0.2, ""shares"": 0.5036750586192555, ""reason"": ""starter20""}, {""time"": ""2024-11-13 01:00:00+00:00"", ""price"": 187067.94662308102, ""fraction"": 0.2, ""shares"": 0.5255703781288418, ""reason"": ""adverse20""}]","[{""time"": ""2024-11-18 02:00:00+00:00"", ""price"": 193700.0, ""shares"": 1.0292454367480972, ""reason"": ""time""}]"
KOSPI40_PIT_NORA_LEVEL_RR_A_RAW,017670.KS,017670,KOSPI,SK텔레콤,KRLEVEL_RR|017670|3T|1870|1873|1874,2024-11-21 00:00:00+00:00,1030675.7462903499,18413.93960391776,55294.15038780924,56300.0,56300.0,1005.8496121907592,57305.84961219076,58311.69922438152,56200.0,3,0.0,206238.21683269902,207872.55494685256,206135.14925806999,207976.54321846177,207.05584623826587,True,False,False,1875,6,57000.0,1.3918581694839787,0.0,2024-11-21 05:00:00+00:00,56300.0,stop,BE_STOP,1634.3381141535356,1,"[{""time"": ""2024-11-21 00:00:00+00:00"", ""price"": 56300.0, ""fraction"": 0.2, ""shares"": 3.6613703242996447, ""reason"": ""starter20""}]","[{""time"": ""2024-11-21 01:00:00+00:00"", ""price"": 57305.84961219076, ""shares"": 1.8306851621498224, ""reason"": ""target1_partial""}, {""time"": ""2024-11-21 05:00:00+00:00"", ""price"": 56300.0, ""shares"": 1.8306851621498224, ""reason"": ""stop""}]"
KOSPI40_PIT_NORA_LEVEL_RR_A_RAW,066570.KS,066570,KOSPI,LG전자,KRLEVEL_RR|066570|2T|1853|1855|1857,2024-11-18 01:00:00+00:00,1026572.9849178713,36788.93450001425,87256.78337423067,90500.0,90500.0,3243.2166257693316,93743.21662576933,96986.43325153866,89050.0,2,0.0,205417.25428206605,212290.29655606745,205314.59698357427,212396.49480346916,208.85554589352174,True,False,False,1858,26,93500.0,1.0175083507464442,-0.15416793193127942,2024-11-22 02:00:00+00:00,93500.0,time,TIME,6873.042274001404,1,"[{""time"": ""2024-11-18 01:00:00+00:00"", ""price"": 90500.0, ""fraction"": 0.2, ""shares"": 2.2686695799289973, ""reason"": ""starter20""}]","[{""time"": ""2024-11-22 01:00:00+00:00"", ""price"": 93743.21662576933, ""shares"": 1.1343347899644987, ""reason"": ""target1_partial""}, {""time"": ""2024-11-22 02:00:00+00:00"", ""price"": 93500.0, ""shares"": 1.1343347899644987, ""reason"": ""time""}]"
KOSPI40_PIT_NORA_LEVEL_RR_A_RAW,009540.KS,009540,KOSPI,HD한국조선해양,KRLEVEL_RR|009540|3T|1858|1860|1861,2024-11-18 05:00:00+00:00,1027434.0493842729,41976.64988403209,186937.20271164775,194900.0,194900.0,7962.797288352245,202862.79728835225,210825.5945767045,192000.0,3,0.0,205589.55328179302,217970.76493964318,205486.8098768546,218079.80484206422,211.78330735945943,True,False,False,1862,26,204000.0,2.084694536213048,-0.3767520246168159,2024-11-25 00:00:00+00:00,210825.5945767045,target2,WIN,12381.21165785016,1,"[{""time"": ""2024-11-18 05:00:00+00:00"", ""price"": 194900.0, ""fraction"": 0.2, ""shares"": 1.0543191886960215, ""reason"": ""starter20""}]","[{""time"": ""2024-11-19 04:00:00+00:00"", ""price"": 202862.79728835225, ""shares"": 0.5271595943480107, ""reason"": ""target1_partial""}, {""time"": ""2024-11-25 00:00:00+00:00"", ""price"": 210825.5945767045, ""shares"": 0.5271595943480107, ""reason"": ""target2""}]"
KOSPI40_PIT_NORA_LEVEL_RR_A_RAW,018260.KS,018260,KOSPI,삼성에스디에스,KRLEVEL_RR|018260|4T|1882|1885|1887,2024-11-25 01:00:00+00:00,1031636.6390744031,18499.460661672932,145640.66248501258,148300.0,148300.0,2659.337514987419,150959.33751498742,153618.67502997484,146850.0,4,0.0,206430.49147878808,208073.18524410742,206327.32781488064,208177.27388104793,207.25230084796428,True,False,False,1888,14,149500.0,1.8425641620834958,-0.3384301522194176,2024-11-27 02:00:00+00:00,148300.0,stop,BE_STOP,1642.6937653193309,1,"[{""time"": ""2024-11-25 01:00:00+00:00"", ""price"": 148300.0, ""fraction"": 0.2, ""shares"": 1.3912833972682443, ""reason"": ""starter20""}]","[{""time"": ""2024-11-26 04:00:00+00:00"", ""price"": 150959.33751498742, ""shares"": 0.6956416986341222, ""reason"": ""target1_partial""}, {""time"": ""2024-11-27 02:00:00+00:00"", ""price"": 148300.0, ""shares"": 0.6956416986341222, ""reason"": ""stop""}]"
KOSPI40_PIT_NORA_LEVEL_RR_A_RAW,028260.KS,028260,KOSPI,삼성물산,KRLEVEL_RR|028260|2T|1878|1880|1882,2024-11-22 02:00:00+00:00,1030603.4027310208,22258.940165749493,120832.65084979782,123500.0,123500.0,2667.349150202179,126167.34915020218,128834.69830040436,122500.0,2,0.0,412447.4817729546,419974.95287006,412241.36109240836,420185.04539275635,416.2132032425824,True,True,False,1883,26,124500.0,1.0122409358352453,-0.4873752654021552,2024-11-28 03:00:00+00:00,124500.0,time,TIME,7527.4710971054155,2,"[{""time"": ""2024-11-22 02:00:00+00:00"", ""price"": 123500.0, ""fraction"": 0.2, ""shares"": 1.6689933647465927, ""reason"": ""starter20""}, {""time"": ""2024-11-26 00:00:00+00:00"", ""price"": 122433.06033991913, ""fraction"": 0.2, ""shares"": 1.6835377631984163, ""reason"": ""adverse20""}]","[{""time"": ""2024-11-27 00:00:00+00:00"", ""price"": 126167.34915020218, ""shares"": 1.6762655639725046, ""reason"": ""target1_partial""}, {""time"": ""2024-11-28 03:00:00+00:00"", ""price"": 124500.0, ""shares"": 1.6762655639725046, ""reason"": ""time""}]"
KOSPI40_PIT_NORA_LEVEL_RR_A_RAW,003550.KS,003550,KOSPI,LG,KRLEVEL_RR|003550|6T|1877|1883|1885,2024-11-22 05:00:00+00:00,1030440.7154143517,24883.680144588096,75433.31475901241,75433.31475901241,77300.0,1866.6852409875864,79166.68524098759,81033.37048197517,76800.0,6,0.0,1030955.9357720588,1029250.030931512,1030440.7154143517,1029764.9133882062,1030.102814401279,False,True,True,1886,26,76200.0,0.6428507461521094,-0.8035634326901366,2024-11-29 00:00:00+00:00,76200.0,time,TIME,-1705.9048405467765,3,"[{""time"": ""2024-11-22 05:00:00+00:00"", ""price"": 77300.0, ""fraction"": 0.2, ""shares"": 2.666082057993148, ""reason"": ""starter20""}, {""time"": ""2024-11-25 00:00:00+00:00"", ""price"": 76553.32590360497, ""fraction"": 0.2, ""shares"": 2.6920860805234517, ""reason"": ""adverse20""}, {""time"": ""2024-11-26 00:00:00+00:00"", ""price"": 75806.65180720993, ""fraction"": 0.6, ""shares"": 8.155807102798441, ""reason"": ""support60""}]","[{""time"": ""2024-11-29 00:00:00+00:00"", ""price"": 76200.0, ""shares"": 13.513975241315041, ""reason"": ""time""}]"
KOSPI40_PIT_NORA_LEVEL_RR_A_RAW,034730.KS,034730,KOSPI,SK,KRLEVEL_RR|034730|2T|1879|1885|1887,2024-11-25 01:00:00+00:00,1031616.0063416215,28418.943795939216,137990.94071839328,137990.94071839328,141900.0,3909.059281606722,145809.05928160672,149718.11856321344,140900.0,2,0.0,412852.72573791695,403312.58618752303,412646.4025366486,403514.3433592026,408.08037294792564,False,True,False,1888,24,141900.0,0.7162848650504807,-0.6907032627272492,2024-11-29 00:00:00+00:00,137990.94071839328,stop,LOSS,-9540.139550393913,2,"[{""time"": ""2024-11-25 01:00:00+00:00"", ""price"": 141900.0, ""fraction"": 0.2, ""shares"": 1.4540042372679656, ""reason"": ""starter20""}, {""time"": ""2024-11-27 05:00:00+00:00"", ""price"": 140336.3762873573, ""fraction"": 0.2, ""shares"": 1.4702047090474266, ""reason"": ""adverse20""}]","[{""time"": ""2024-11-29 00:00:00+00:00"", ""price"": 137990.94071839328, ""shares"": 2.9242089463153924, ""reason"": ""stop""}]"
KOSPI40_PIT_NORA_LEVEL_RR_A_RAW,018260.KS,018260,KOSPI,삼성에스디에스,KRLEVEL_RR|018260|3T|1904|1906|1908,2024-11-28 04:00:00+00:00,1038125.5063339167,20218.365271276867,146980.57172695114,146980.57172695114,149900.0,2919.428273048863,152819.42827304886,155738.85654609773,149500.0,3,0.0,207728.91381741673,203479.6374984217,207625.10126678334,203581.42821252797,205.60326473965566,False,False,False,1909,3,149400.0,0.3082795382604478,-0.3082795382604478,2024-11-29 00:00:00+00:00,146980.57172695114,stop,LOSS,-4249.27631899502,1,"[{""time"": ""2024-11-28 04:00:00+00:00"", ""price"": 149900.0, ""fraction"": 0.2, ""shares"": 1.3850907356022906, ""reason"": ""starter20""}]","[{""time"": ""2024-11-29 00:00:00+00:00"", ""price"": 146980.57172695114, ""shares"": 1.3850907356022906, ""reason"": ""stop""}]"
KOSPI40_PIT_NORA_LEVEL_RR_A_RAW,015760.KS,015760,KOSPI,한국전력,KRLEVEL_RR|015760|2T|1917|1920|1922,2024-12-03 00:00:00+00:00,1033768.549414909,8827.030912367016,23894.217530501923,23894.217530501923,24100.0,205.78246949807726,24305.782469498077,24511.564938996155,24000.0,2,0.0,206857.0867379233,204885.80954865817,206753.7098829818,204988.30370050843,205.87100679174512,False,False,False,1923,1,24100.0,0.0,0.0,2024-12-03 00:00:00+00:00,23894.217530501923,stop,LOSS,-1971.2771892651217,1,"[{""time"": ""2024-12-03 00:00:00+00:00"", ""price"": 24100.0, ""fraction"": 0.2, ""shares"": 8.578992111327047, ""reason"": ""starter20""}]","[{""time"": ""2024-12-03 00:00:00+00:00"", ""price"": 23894.217530501923, ""shares"": 8.578992111327047, ""reason"": ""stop""}]"
KOSPI40_PIT_NORA_LEVEL_RR_A_RAW,000810.KS,000810,KOSPI,삼성화재,KRLEVEL_RR|000810|2T|1909|1910|1911,2024-11-29 01:00:00+00:00,1030412.6414752686,20507.50962993977,382728.1790923819,390500.0,390500.0,7771.820907618094,398271.8209076181,406043.6418152362,388250.0,2,0.0,206185.56955920128,212128.66379344364,206082.52829505375,212234.78118403567,209.15865473954472,True,False,False,1912,12,401500.0,2.9594094194135305,-0.32167493689277504,2024-12-03 00:00:00+00:00,406043.6418152362,target2,WIN,5943.094234242366,1,"[{""time"": ""2024-11-29 01:00:00+00:00"", ""price"": 390500.0, ""fraction"": 0.2, ""shares"": 0.5277401492831082, ""reason"": ""starter20""}]","[{""time"": ""2024-12-02 00:00:00+00:00"", ""price"": 398271.8209076181, ""shares"": 0.2638700746415541, ""reason"": ""target1_partial""}, {""time"": ""2024-12-03 00:00:00+00:00"", ""price"": 406043.6418152362, ""shares"": 0.2638700746415541, ""reason"": ""target2""}]"
KOSPI40_PIT_NORA_LEVEL_RR_A_RAW,028260.KS,028260,KOSPI,삼성물산,KRLEVEL_RR|028260|3T|1917|1920|1921,2024-12-02 05:00:00+00:00,1031265.5294576031,23891.251029943134,119075.95185976804,121900.0,121900.0,2824.0481402319565,124724.04814023196,127548.09628046391,120400.0,3,0.0,206356.23244446638,208537.90987901768,206253.10589152062,208642.23099451495,207.44766844301776,True,False,False,1922,8,123000.0,1.097714998493396,-0.0708203224834449,2024-12-04 00:00:00+00:00,121900.0,stop,BE_STOP,2181.6774345512968,1,"[{""time"": ""2024-12-02 05:00:00+00:00"", ""price"": 121900.0, ""fraction"": 0.2, ""shares"": 1.691986102473508, ""reason"": ""starter20""}]","[{""time"": ""2024-12-03 00:00:00+00:00"", ""price"": 124724.04814023196, ""shares"": 0.845993051236754, ""reason"": ""target1_partial""}, {""time"": ""2024-12-04 00:00:00+00:00"", ""price"": 121900.0, ""shares"": 0.845993051236754, ""reason"": ""stop""}]"
KOSPI40_PIT_NORA_LEVEL_RR_A_RAW,033780.KS,033780,KOSPI,KT&G,KRLEVEL_RR|033780|2T|1909|1910|1911,2024-11-29 01:00:00+00:00,1030392.0332224392,44483.6079413628,118646.72939339564,118646.72939339564,124000.0,5353.270606604361,129353.27060660436,134706.54121320872,120950.0,2,0.0,1030907.2292390505,1036872.7389591224,1030392.0332224392,1037391.4346764607,1033.89173394945,False,True,True,1912,26,121800.0,0.44832405764040884,-0.8032472699390658,2024-12-05 02:00:00+00:00,121800.0,time,TIME,5965.509720071917,3,"[{""time"": ""2024-11-29 01:00:00+00:00"", ""price"": 124000.0, ""fraction"": 0.2, ""shares"": 1.6619226342297408, ""reason"": ""starter20""}, {""time"": ""2024-12-02 00:00:00+00:00"", ""price"": 121858.69175735826, ""fraction"": 0.2, ""shares"": 1.6911260384677822, ""reason"": ""adverse20""}, {""time"": ""2024-12-02 02:00:00+00:00"", ""price"": 119717.38351471651, ""fraction"": 0.6, ""shares"": 5.164122383759461, ""reason"": ""support60""}]","[{""time"": ""2024-12-05 02:00:00+00:00"", ""price"": 121800.0, ""shares"": 8.517171056456984, ""reason"": ""time""}]"
KOSPI40_PIT_NORA_LEVEL_RR_A_RAW,003550.KS,003550,KOSPI,LG,KRLEVEL_RR|003550|2T|1920|1921|1923,2024-12-03 01:00:00+00:00,1034516.2798152808,25808.331561651194,74591.53572255156,74591.53572255156,76500.0,1908.4642774484382,78408.46427744844,80316.92855489688,75100.0,2,0.0,1035033.5379551884,1022554.7966257567,1034516.2798152808,1023066.329790652,1028.7913048029664,False,True,True,1924,15,74700.0,0.4715833618868015,-0.943166723773603,2024-12-05 03:00:00+00:00,74591.53572255156,stop,LOSS,-12478.741329431767,3,"[{""time"": ""2024-12-03 01:00:00+00:00"", ""price"": 76500.0, ""fraction"": 0.2, ""shares"": 2.70461772500727, ""reason"": ""starter20""}, {""time"": ""2024-12-04 00:00:00+00:00"", ""price"": 75736.61428902062, ""fraction"": 0.2, ""shares"": 2.731878866059246, ""reason"": ""adverse20""}, {""time"": ""2024-12-05 01:00:00+00:00"", ""price"": 74973.22857804125, ""fraction"": 0.6, ""shares"": 8.279085477065435, ""reason"": ""support60""}]","[{""time"": ""2024-12-05 03:00:00+00:00"", ""price"": 74591.53572255156, ""shares"": 13.715582068131951, ""reason"": ""stop""}]"
KOSPI40_PIT_NORA_LEVEL_RR_A_RAW,011200.KS,011200,KOSPI,HMM,KRLEVEL_RR|011200|2T|1943|1945|1946,2024-12-09 00:00:00+00:00,1026868.3377660696,7859.861627548466,17713.37242576107,17713.37242576107,17850.0,136.6275742389298,17986.62757423893,18123.25514847786,17955.0,2,0.0,205476.35438699054,203699.79438009037,205373.66755321392,203801.69522770421,204.58768139045907,False,False,False,1947,1,17850.0,0.0,0.0,2024-12-09 00:00:00+00:00,17713.37242576107,stop,LOSS,-1776.5600069001666,1,"[{""time"": ""2024-12-09 00:00:00+00:00"", ""price"": 17850.0, ""fraction"": 0.2, ""shares"": 11.505527594017586, ""reason"": ""starter20""}]","[{""time"": ""2024-12-09 00:00:00+00:00"", ""price"": 17713.37242576107, ""shares"": 11.505527594017586, ""reason"": ""stop""}]"
KOSPI40_PIT_NORA_LEVEL_RR_A_RAW,000660.KS,000660,KOSPI,SK하이닉스,KRLEVEL_RR|000660|2T|1935|1936|1937,2024-12-05 03:00:00+00:00,517538.99393961736,51537.02654110211,158023.54264339994,158023.54264339994,175500.0,17476.45735660006,192976.45735660006,210452.91471320012,172950.0,2,0.0,207119.10537463488,205788.459467831,207015.59757584694,205891.40517041623,206.4535013731316,False,True,False,1938,26,171000.0,0.0,-0.6008082636973693,2024-12-11 04:00:00+00:00,171000.0,time,TIME,-1330.6459068038675,2,"[{""time"": ""2024-12-05 03:00:00+00:00"", ""price"": 175500.0, ""fraction"": 0.2, ""shares"": 0.5897880272816152, ""reason"": ""starter20""}, {""time"": ""2024-12-06 00:00:00+00:00"", ""price"": 168509.41705735997, ""fraction"": 0.2, ""shares"": 0.6142552778085382, ""reason"": ""adverse20""}]","[{""time"": ""2024-12-11 04:00:00+00:00"", ""price"": 171000.0, ""shares"": 1.2040433050901533, ""reason"": ""time""}]"
KOSPI40_PIT_NORA_LEVEL_RR_A_RAW,207940.KS,207940,KOSPI,삼성바이오로직스,KRLEVEL_RR|207940|3T|1934|1940|1941,2024-12-06 01:00:00+00:00,1029348.6471593026,39669.22222430579,938386.7374793076,938386.7374793076,976000.0,37613.26252069243,1013613.2625206924,1051226.5250413849,963000.0,3,0.0,1029863.3214828823,1039839.6211755219,1029348.6471593026,1040359.8010760599,1034.8542241176813,False,True,True,1942,26,965000.0,0.10634546784659943,-0.9305228436577451,2024-12-12 02:00:00+00:00,965000.0,time,TIME,9976.299692639615,3,"[{""time"": ""2024-12-06 01:00:00+00:00"", ""price"": 976000.0, ""fraction"": 0.2, ""shares"": 0.21093209982772596, ""reason"": ""starter20""}, {""time"": ""2024-12-06 01:00:00+00:00"", ""price"": 960954.694991723, ""fraction"": 0.2, ""shares"": 0.21423458411182822, ""reason"": ""adverse20""}, {""time"": ""2024-12-09 00:00:00+00:00"", ""price"": 945909.3899834461, ""fraction"": 0.6, ""shares"": 0.6529263741703526, ""reason"": ""support60""}]","[{""time"": ""2024-12-12 02:00:00+00:00"", ""price"": 965000.0, ""shares"": 1.0780930581099066, ""reason"": ""time""}]"
KOSPI40_PIT_NORA_LEVEL_RR_A_RAW,003490.KS,003490,KOSPI,대한항공,KRLEVEL_RR|003490|3T|1960|1962|1964,2024-12-12 00:00:00+00:00,854443.7828268415,51483.11813344885,22929.817750794347,22929.817750794347,24400.0,1470.1822492056526,25870.182249205653,27340.364498411305,23950.0,3,0.0,170974.20094365097,170803.31218708563,170888.7565653683,170888.7565653683,170.8887565653683,False,False,False,1965,26,24400.0,0.30608450091350065,-0.2720751119231117,2024-12-18 01:00:00+00:00,24400.0,time,TIME,-170.8887565653422,1,"[{""time"": ""2024-12-12 00:00:00+00:00"", ""price"": 24400.0, ""fraction"": 0.2, ""shares"": 7.003637564154438, ""reason"": ""starter20""}]","[{""time"": ""2024-12-18 01:00:00+00:00"", ""price"": 24400.0, ""shares"": 7.003637564154438, ""reason"": ""time""}]"
KOSPI40_PIT_NORA_LEVEL_RR_A_RAW,005930.KS,005930,KOSPI,삼성전자,KRLEVEL_RR|005930|2T|1968|1969|1970,2024-12-13 00:00:00+00:00,1031417.2784268663,46807.00333965155,53267.72635965905,53267.72635965905,55800.0,2532.273640340951,58332.27364034095,60864.5472806819,54600.0,2,0.0,1031932.9870660797,1010001.4972728802,1031417.2784268663,1010506.7506482042,1020.9620145375352,False,True,True,1971,26,53600.0,0.3159216236568676,-0.9477648709706028,2024-12-19 01:00:00+00:00,53267.72635965905,stop,LOSS,-21931.48979319958,3,"[{""time"": ""2024-12-13 00:00:00+00:00"", ""price"": 55800.0, ""fraction"": 0.2, ""shares"": 3.6968361233937865, ""reason"": ""starter20""}, {""time"": ""2024-12-17 00:00:00+00:00"", ""price"": 54787.09054386362, ""fraction"": 0.2, ""shares"": 3.7651836160239007, ""reason"": ""adverse20""}, {""time"": ""2024-12-19 00:00:00+00:00"", ""price"": 53774.18108772724, ""fraction"": 0.6, ""shares"": 11.508317830940593, ""reason"": ""support60""}]","[{""time"": ""2024-12-19 01:00:00+00:00"", ""price"": 53267.72635965905, ""shares"": 18.970337570358282, ""reason"": ""stop""}]"
KOSPI40_PIT_NORA_LEVEL_RR_A_RAW,000270.KS,000270,KOSPI,기아,KRLEVEL_RR|000270|4T|1989|1990|1991,2024-12-18 03:00:00+00:00,1031207.9132220843,49874.25031599456,95924.81976971646,95924.81976971646,100800.0,4875.180230283542,105675.18023028354,110550.36046056708,98450.0,4,0.0,206344.70343573907,204911.44719920718,206241.58264441686,205013.95417629532,205.6277684103561,False,False,False,1992,26,100200.0,0.38972918133315765,-0.38972918133315765,2024-12-24 04:00:00+00:00,100200.0,time,TIME,-1433.2562365318881,1,"[{""time"": ""2024-12-18 03:00:00+00:00"", ""price"": 100800.0, ""fraction"": 0.2, ""shares"": 2.0460474468692147, ""reason"": ""starter20""}]","[{""time"": ""2024-12-24 04:00:00+00:00"", ""price"": 100200.0, ""shares"": 2.0460474468692147, ""reason"": ""time""}]"
KOSPI40_PIT_NORA_LEVEL_RR_A_RAW,105560.KS,105560,KOSPI,KB금융,KRLEVEL_RR|105560|2T|1989|1995|1996,2024-12-19 02:00:00+00:00,1026864.2034474979,37156.535473595395,83659.18812995902,83659.18812995902,86800.0,3140.811870040983,89940.81187004098,93081.62374008197,85400.0,2,0.0,410951.0542196887,407837.62887396634,410745.6813789992,408041.6496988158,409.3936655389075,False,True,False,1997,26,85600.0,0.35022791733961656,-0.5094224252212605,2024-12-26 03:00:00+00:00,85600.0,time,TIME,-3113.425345722353,2,"[{""time"": ""2024-12-19 02:00:00+00:00"", ""price"": 86800.0, ""fraction"": 0.2, ""shares"": 2.3660465517223455, ""reason"": ""starter20""}, {""time"": ""2024-12-20 00:00:00+00:00"", ""price"": 85543.6752519836, ""fraction"": 0.2, ""shares"": 2.4007951503666236, ""reason"": ""adverse20""}]","[{""time"": ""2024-12-26 03:00:00+00:00"", ""price"": 85600.0, ""shares"": 4.7668417020889695, ""reason"": ""time""}]"
KOSPI40_PIT_NORA_LEVEL_RR_A_RAW,011200.KS,011200,KOSPI,HMM,KRLEVEL_RR|011200|3T|2008|2009|2010,2024-12-23 04:00:00+00:00,1027971.8318241775,10285.120345099976,17839.70530428853,18020.0,18020.0,180.2946957114691,18200.29469571147,18380.58939142294,17930.0,3,0.0,205697.16354801794,206519.56696014584,205594.36636483553,206622.8783993455,206.10862238209054,True,False,False,2011,14,18060.0,1.9412662065228767,-0.22185899503118592,2024-12-26 05:00:00+00:00,18020.0,stop,BE_STOP,822.4034121278964,1,"[{""time"": ""2024-12-23 04:00:00+00:00"", ""price"": 18020.0, ""fraction"": 0.2, ""shares"": 11.409232317693425, ""reason"": ""starter20""}]","[{""time"": ""2024-12-24 00:00:00+00:00"", ""price"": 18200.29469571147, ""shares"": 5.704616158846712, ""reason"": ""target1_partial""}, {""time"": ""2024-12-26 05:00:00+00:00"", ""price"": 18020.0, ""shares"": 5.704616158846712, ""reason"": ""stop""}]"
KOSPI40_PIT_NORA_LEVEL_RR_A_RAW,096770.KS,096770,KOSPI,SK이노베이션,KRLEVEL_RR|096770|2T|2019|2021|2022,2024-12-26 04:00:00+00:00,1026575.7445508229,23645.494037165296,112253.46633768456,112253.46633768456,114900.0,2646.5336623154435,117546.53366231544,120193.06732463089,114750.0,2,0.0,410835.61296923936,400849.6511388626,410630.2978203292,401050.1762269761,405.84023702365266,False,True,False,2023,2,111700.0,0.03778527415839114,-0.6801349348510406,2024-12-27 00:00:00+00:00,111700.0,gap_stop,LOSS,-9985.961830376764,2,"[{""time"": ""2024-12-26 04:00:00+00:00"", ""price"": 114900.0, ""fraction"": 0.2, ""shares"": 1.7869029496097877, ""reason"": ""starter20""}, {""time"": ""2024-12-26 04:00:00+00:00"", ""price"": 113841.38653507382, ""fraction"": 0.2, ""shares"": 1.8035193979907147, ""reason"": ""adverse20""}]","[{""time"": ""2024-12-27 00:00:00+00:00"", ""price"": 111700.0, ""shares"": 3.5904223476005024, ""reason"": ""gap_stop""}]"
KOSPI40_PIT_NORA_LEVEL_RR_A_RAW,000660.KS,000660,KOSPI,SK하이닉스,KRLEVEL_RR|000660|3T|2019|2021|2022,2024-12-26 04:00:00+00:00,1026596.2764763524,16240.515868339628,167901.14742218962,170600.0,170600.0,2698.8525778103794,173298.85257781038,175997.70515562076,170400.0,3,0.0,205421.9149229181,210086.31435074445,205319.25529527047,210191.41005577234,207.7553326755214,True,False,False,2023,4,174800.0,2.000850303717257,-0.22231670041302856,2024-12-27 01:00:00+00:00,175997.70515562076,target2,WIN,4664.399427826342,1,"[{""time"": ""2024-12-26 04:00:00+00:00"", ""price"": 170600.0, ""fraction"": 0.2, ""shares"": 1.2035126336182325, ""reason"": ""starter20""}]","[{""time"": ""2024-12-27 00:00:00+00:00"", ""price"": 173298.85257781038, ""shares"": 0.6017563168091162, ""reason"": ""target1_partial""}, {""time"": ""2024-12-27 01:00:00+00:00"", ""price"": 175997.70515562076, ""shares"": 0.6017563168091162, ""reason"": ""target2""}]"
KOSPI40_PIT_NORA_LEVEL_RR_A_RAW,010130.KS,010130,KOSPI,고려아연,KRLEVEL_RR|010130|2T|2015|2017|2019,2024-12-26 01:00:00+00:00,246577.49834372193,51366.60078005486,97139.3468258528,97139.3468258528,122700.0,25560.6531741472,148260.65317414718,173821.3063482944,113100.0,2,0.0,246700.7870928938,222072.0921155995,246577.49834372193,222183.18370745322,234.3803410255876,False,True,True,2020,21,98200.0,0.12910468200936734,-0.9702412466158515,2025-01-02 04:00:00+00:00,97139.3468258528,stop,LOSS,-24628.694977294304,3,"[{""time"": ""2024-12-26 01:00:00+00:00"", ""price"": 122700.0, ""fraction"": 0.2, ""shares"": 0.4019193127037033, ""reason"": ""starter20""}, {""time"": ""2024-12-27 00:00:00+00:00"", ""price"": 112475.73873034112, ""fraction"": 0.2, ""shares"": 0.43845455229218416, ""reason"": ""adverse20""}, {""time"": ""2024-12-30 00:00:00+00:00"", ""price"": 102251.47746068225, ""fraction"": 0.6, ""shares"": 1.4468886189260353, ""reason"": ""support60""}]","[{""time"": ""2025-01-02 04:00:00+00:00"", ""price"": 97139.3468258528, ""shares"": 2.2872624839219227, ""reason"": ""stop""}]"
KOSPI40_PIT_NORA_LEVEL_RR_A_RAW,096770.KS,096770,KOSPI,SK이노베이션,KRLEVEL_RR|096770|3T|2042|2043|2044,2025-01-03 03:00:00+00:00,778081.6080847917,51027.95649925708,109887.58574684279,117600.0,117600.0,7712.414253157214,125312.41425315721,133024.82850631443,115500.0,3,0.0,155694.12977776682,169037.3083923199,155616.32161695833,169121.8693269834,162.36909547197087,True,False,False,2045,26,130300.0,1.6596618879438552,-0.14262719349517505,2025-01-09 04:00:00+00:00,130300.0,time,TIME,13343.178614553064,1,"[{""time"": ""2025-01-03 03:00:00+00:00"", ""price"": 117600.0, ""fraction"": 0.2, ""shares"": 1.32326804096053, ""reason"": ""starter20""}]","[{""time"": ""2025-01-09 00:00:00+00:00"", ""price"": 125312.41425315721, ""shares"": 0.661634020480265, ""reason"": ""target1_partial""}, {""time"": ""2025-01-09 04:00:00+00:00"", ""price"": 130300.0, ""shares"": 0.661634020480265, ""reason"": ""time""}]"
KOSPI40_PIT_NORA_LEVEL_RR_A_RAW,005930.KS,005930,KOSPI,삼성전자,KRLEVEL_RR|005930|4T|2043|2044|2045,2025-01-03 04:00:00+00:00,1020570.0337137992,48921.32913231686,52173.14564616859,54800.0,54800.0,2626.8543538314116,57426.85435383141,60053.70870766282,54400.0,4,0.0,204216.06374613123,212438.34009441937,204114.00674275984,212544.61240061966,208.32930957168975,True,False,False,2046,26,56700.0,1.1039820292168807,-0.19034172917532427,2025-01-09 05:00:00+00:00,56700.0,time,TIME,8222.276348288142,1,"[{""time"": ""2025-01-03 04:00:00+00:00"", ""price"": 54800.0, ""fraction"": 0.2, ""shares"": 3.7247081522401433, ""reason"": ""starter20""}]","[{""time"": ""2025-01-08 05:00:00+00:00"", ""price"": 57426.85435383141, ""shares"": 1.8623540761200716, ""reason"": ""target1_partial""}, {""time"": ""2025-01-09 05:00:00+00:00"", ""price"": 56700.0, ""shares"": 1.8623540761200716, ""reason"": ""time""}]"
KOSPI40_PIT_NORA_LEVEL_RR_A_RAW,000810.KS,000810,KOSPI,삼성화재,KRLEVEL_RR|000810|2T|2088|2089|2090,2025-01-15 01:00:00+00:00,1025955.4506654168,22341.228912941915,355584.4158441897,355584.4158441897,363500.0,7915.584155810298,371415.5841558103,379331.1683116206,359500.0,2,0.0,410587.37135629985,403007.82495619834,410382.18026616675,403209.42967103387,406.79580496860035,False,True,False,2091,5,360500.0,0.2526661280623155,-0.6316653201557886,2025-01-15 05:00:00+00:00,355584.4158441897,stop,LOSS,-7579.546400101506,2,"[{""time"": ""2025-01-15 01:00:00+00:00"", ""price"": 363500.0, ""fraction"": 0.2, ""shares"": 0.5644871805586887, ""reason"": ""starter20""}, {""time"": ""2025-01-15 02:00:00+00:00"", ""price"": 360333.76633767586, ""fraction"": 0.2, ""shares"": 0.5694472994262624, ""reason"": ""adverse20""}]","[{""time"": ""2025-01-15 05:00:00+00:00"", ""price"": 355584.4158441897, ""shares"": 1.1339344799849511, ""reason"": ""stop""}]"
KOSPI40_PIT_NORA_LEVEL_RR_A_RAW,207940.KS,207940,KOSPI,삼성바이오로직스,KRLEVEL_RR|207940|2T|2067|2071|2073,2025-01-10 02:00:00+00:00,1024872.2209777099,37859.91269344602,975578.660272523,1013000.0,1013000.0,37421.339727477054,1050421.3397274772,1087842.679454954,1006000.0,2,0.0,205076.93141763977,211285.21165451326,204974.444195542,211390.9071080673,208.18267565180463,True,False,False,2074,26,1039000.0,1.3094133015238143,-0.26722720439261516,2025-01-16 03:00:00+00:00,1039000.0,time,TIME,6208.280236873485,1,"[{""time"": ""2025-01-10 02:00:00+00:00"", ""price"": 1013000.0, ""fraction"": 0.2, ""shares"": 0.2023439725523613, ""reason"": ""starter20""}]","[{""time"": ""2025-01-14 00:00:00+00:00"", ""price"": 1050421.3397274772, ""shares"": 0.10117198627618065, ""reason"": ""target1_partial""}, {""time"": ""2025-01-16 03:00:00+00:00"", ""price"": 1039000.0, ""shares"": 0.10117198627618065, ""reason"": ""time""}]"
KOSPI40_PIT_NORA_LEVEL_RR_A_RAW,034730.KS,034730,KOSPI,SK,KRLEVEL_RR|034730|5T|2067|2072|2074,2025-01-10 03:00:00+00:00,1024851.7235332903,36673.76527079975,139232.72400923911,139232.72400923911,144400.0,5167.275990760885,149567.27599076089,154734.55198152177,142000.0,5,0.0,410145.6597580228,412139.1155854211,409940.68941331614,412345.28822953586,411.142988821426,False,True,False,2075,26,144200.0,0.5031664661707276,-0.5612241353442731,2025-01-16 04:00:00+00:00,144200.0,time,TIME,1993.4558273982839,2,"[{""time"": ""2025-01-10 03:00:00+00:00"", ""price"": 144400.0, ""fraction"": 0.2, ""shares"": 1.4194622209602359, ""reason"": ""starter20""}, {""time"": ""2025-01-13 02:00:00+00:00"", ""price"": 142333.08960369564, ""fraction"": 0.2, ""shares"": 1.4400751454027039, ""reason"": ""adverse20""}]","[{""time"": ""2025-01-16 04:00:00+00:00"", ""price"": 144200.0, ""shares"": 2.8595373663629395, ""reason"": ""time""}]"
KOSPI40_PIT_NORA_LEVEL_RR_A_RAW,010950.KS,010950,KOSPI,S-Oil,KRLEVEL_RR|010950|2T|2103|2104|2105,2025-01-17 04:00:00+00:00,1024584.4528105723,24171.97272750056,63271.239897848005,63271.239897848005,64800.0,1528.760102151995,66328.760102152,67857.52020430399,64400.0,2,0.0,205019.34900739553,199982.45476860605,204916.89056211448,200082.49601661437,202.49969328936442,False,False,False,2106,3,64700.0,0.2616499471937622,-0.06541248679844056,2025-01-20 00:00:00+00:00,63271.239897848005,stop,LOSS,-5036.894238789479,1,"[{""time"": ""2025-01-17 04:00:00+00:00"", ""price"": 64800.0, ""fraction"": 0.2, ""shares"": 3.1622976938597915, ""reason"": ""starter20""}]","[{""time"": ""2025-01-20 00:00:00+00:00"", ""price"": 63271.239897848005, ""shares"": 3.1622976938597915, ""reason"": ""stop""}]"
KOSPI40_PIT_NORA_LEVEL_RR_A_RAW,005490.KS,005490,KOSPI,POSCO홀딩스,KRLEVEL_RR|005490|2T|2088|2094|2096,2025-01-16 01:00:00+00:00,1024439.5413853966,24240.084243195462,256776.94641956224,263000.0,263000.0,6223.053580437758,269223.0535804378,275446.1071608755,259250.0,2,0.0,409980.7044624358,416396.42898321,409775.8165541587,416604.7313488844,413.1902739515216,True,True,False,2097,18,270000.0,1.5265817459556128,-0.6427712614549949,2025-01-21 00:00:00+00:00,263000.0,stop,BE_STOP,6415.724520774209,2,"[{""time"": ""2025-01-16 01:00:00+00:00"", ""price"": 263000.0, ""fraction"": 0.2, ""shares"": 0.7790414763387047, ""reason"": ""starter20""}, {""time"": ""2025-01-17 00:00:00+00:00"", ""price"": 260510.7785678249, ""fraction"": 0.2, ""shares"": 0.7864853400825259, ""reason"": ""adverse20""}]","[{""time"": ""2025-01-20 00:00:00+00:00"", ""price"": 269223.0535804378, ""shares"": 0.7827634082106153, ""reason"": ""target1_partial""}, {""time"": ""2025-01-21 00:00:00+00:00"", ""price"": 263000.0, ""shares"": 0.7827634082106153, ""reason"": ""stop""}]"
KOSPI40_PIT_NORA_LEVEL_RR_A_RAW,035420.KS,035420,KOSPI,NAVER,KRLEVEL_RR|035420|2T|2097|2103|2104,2025-01-17 03:00:00+00:00,1024564.4651536033,37118.71005806349,200464.4159009363,200464.4159009363,208000.0,7535.584099063708,215535.5840990637,223071.16819812742,205750.0,2,0.0,410030.6989544721,407673.00306907913,409825.78606144135,407876.94153984904,408.85136380064523,False,True,False,2105,26,205500.0,0.4644630003445749,-0.6635185719208213,2025-01-23 04:00:00+00:00,205500.0,time,TIME,-2357.6958853929536,2,"[{""time"": ""2025-01-17 03:00:00+00:00"", ""price"": 208000.0, ""fraction"": 0.2, ""shares"": 0.9851581395707725, ""reason"": ""starter20""}, {""time"": ""2025-01-20 01:00:00+00:00"", ""price"": 204985.76636037452, ""fraction"": 0.2, ""shares"": 0.9996444956596365, ""reason"": ""adverse20""}]","[{""time"": ""2025-01-23 04:00:00+00:00"", ""price"": 205500.0, ""shares"": 1.984802635230409, ""reason"": ""time""}]"
KOSPI40_PIT_NORA_LEVEL_RR_A_RAW,012330.KS,012330,KOSPI,현대모비스,KRLEVEL_RR|012330|4T|2114|2116|2117,2025-01-21 04:00:00+00:00,1024086.3888476156,23375.059067416223,244782.26723823877,250500.0,250500.0,5717.732761761232,256217.73276176123,261935.46552352246,246750.0,4,0.0,409839.37281681574,425398.6356709945,409634.55553904624,425611.4413916904,417.62299846536837,True,True,False,2118,15,259000.0,2.5359702182956814,-0.43723624453373816,2025-01-24 00:00:00+00:00,261935.46552352246,target2,WIN,15559.262854178785,2,"[{""time"": ""2025-01-21 04:00:00+00:00"", ""price"": 250500.0, ""fraction"": 0.2, ""shares"": 0.8176338433913098, ""reason"": ""starter20""}, {""time"": ""2025-01-22 00:00:00+00:00"", ""price"": 248212.9068952955, ""fraction"": 0.2, ""shares"": 0.82516771722883, ""reason"": ""adverse20""}]","[{""time"": ""2025-01-23 00:00:00+00:00"", ""price"": 256217.73276176123, ""shares"": 0.8214007803100699, ""reason"": ""target1_partial""}, {""time"": ""2025-01-24 00:00:00+00:00"", ""price"": 261935.46552352246, ""shares"": 0.8214007803100699, ""reason"": ""target2""}]"
KOSPI40_PIT_NORA_LEVEL_RR_A_RAW,003550.KS,003550,KOSPI,LG,KRLEVEL_RR|003550|2T|2101|2107|2108,2025-01-20 01:00:00+00:00,1025719.2573753417,31174.913013050027,71847.86225601526,71847.86225601526,74100.0,2252.137743984742,76352.13774398474,78604.27548796948,72750.0,2,0.0,1026232.1170040295,1028982.6510024905,1025719.2573753417,1029497.3997023418,1027.6083285388418,False,True,True,2109,26,73100.0,0.2664135449097402,-0.888045149699134,2025-01-24 02:00:00+00:00,73100.0,time,TIME,2750.533998461091,3,"[{""time"": ""2025-01-20 01:00:00+00:00"", ""price"": 74100.0, ""fraction"": 0.2, ""shares"": 2.7684730293531494, ""reason"": ""starter20""}, {""time"": ""2025-01-21 00:00:00+00:00"", ""price"": 73199.1449024061, ""fraction"": 0.2, ""shares"": 2.8025443705466726, ""reason"": ""adverse20""}, {""time"": ""2025-01-21 01:00:00+00:00"", ""price"": 72298.2898048122, ""fraction"": 0.6, ""shares"": 8.512394360734127, ""reason"": ""support60""}]","[{""time"": ""2025-01-24 02:00:00+00:00"", ""price"": 73100.0, ""shares"": 14.08341176063395, ""reason"": ""time""}]"
KOSPI40_PIT_NORA_LEVEL_RR_A_RAW,096770.KS,096770,KOSPI,SK이노베이션,KRLEVEL_RR|096770|2T|2128|2133|2134,2025-01-24 03:00:00+00:00,1028331.9952256521,46194.22451470061,122918.60184974855,122918.60184974855,128700.0,5781.398150251451,134481.39815025145,140262.7963005029,127500.0,2,0.0,411538.46448930603,396250.993632793,411332.7980902609,396449.218241914,403.89100816608743,False,True,False,2135,10,124800.0,0.1902653945312792,-0.4497182052557508,2025-02-03 00:00:00+00:00,122918.60184974855,stop,LOSS,-15287.470856513013,2,"[{""time"": ""2025-01-24 03:00:00+00:00"", ""price"": 128700.0, ""fraction"": 0.2, ""shares"": 1.598029518610182, ""reason"": ""starter20""}, {""time"": ""2025-01-31 00:00:00+00:00"", ""price"": 126387.44073989942, ""fraction"": 0.2, ""shares"": 1.6272692748671453, ""reason"": ""adverse20""}]","[{""time"": ""2025-02-03 00:00:00+00:00"", ""price"": 122918.60184974855, ""shares"": 3.2252987934773274, ""reason"": ""stop""}]"
KOSPI40_PIT_NORA_LEVEL_RR_A_RAW,012330.KS,012330,KOSPI,현대모비스,KRLEVEL_RR|012330|3T|2128|2130|2132,2025-01-24 01:00:00+00:00,765457.6756214012,51498.7068038212,247171.245076439,247171.245076439,265000.0,17828.754923561006,282828.754923561,300657.509847122,253000.0,3,0.0,765840.4044592119,753396.9836362802,765457.6756214012,753773.8705715659,759.6157730964835,False,True,True,2133,26,251000.0,0.19631208208346002,-0.95351582726252,2025-02-05 02:00:00+00:00,251000.0,time,TIME,-12443.420822931686,3,"[{""time"": ""2025-01-24 01:00:00+00:00"", ""price"": 265000.0, ""fraction"": 0.2, ""shares"": 0.5777039061293594, ""reason"": ""starter20""}, {""time"": ""2025-02-03 00:00:00+00:00"", ""price"": 257868.4980305756, ""fraction"": 0.2, ""shares"": 0.5936806406889146, ""reason"": ""adverse20""}, {""time"": ""2025-02-05 00:00:00+00:00"", ""price"": 250736.9960611512, ""fraction"": 0.6, ""shares"": 1.8316986028692397, ""reason"": ""support60""}]","[{""time"": ""2025-02-05 02:00:00+00:00"", ""price"": 251000.0, ""shares"": 3.0030831496875137, ""reason"": ""time""}]"
KOSPI40_PIT_NORA_LEVEL_RR_A_RAW,352820.KS,352820,KOSPI,하이브,KRLEVEL_RR|352820|2T|2142|2143|2144,2025-02-03 01:00:00+00:00,1024113.0074294469,30378.42243816243,218810.95864410495,225500.0,225500.0,6689.041355895053,232189.04135589505,238878.0827117901,224250.0,2,0.0,204925.01278663235,213829.1601532295,204822.6014858894,213936.12821733815,209.3793648516138,True,False,False,2145,18,237500.0,2.4667211820208808,-0.14949825345581094,2025-02-06 00:00:00+00:00,238878.0827117901,target2,WIN,8904.147366597143,1,"[{""time"": ""2025-02-03 01:00:00+00:00"", ""price"": 225500.0, ""fraction"": 0.2, ""shares"": 0.9083042194496205, ""reason"": ""starter20""}]","[{""time"": ""2025-02-04 02:00:00+00:00"", ""price"": 232189.04135589505, ""shares"": 0.45415210972481024, ""reason"": ""target1_partial""}, {""time"": ""2025-02-06 00:00:00+00:00"", ""price"": 238878.0827117901, ""shares"": 0.45415210972481024, ""reason"": ""target2""}]"
KOSPI40_PIT_NORA_LEVEL_RR_A_RAW,055550.KS,055550,KOSPI,신한지주,KRLEVEL_RR|055550|3T|2173|2175|2177,2025-02-10 04:00:00+00:00,1023185.9080498768,15914.506918873123,48877.750047859794,48877.750047859794,49650.0,772.249952140206,50422.249952140206,51194.49990428041,49250.0,3,0.0,409479.00040156074,403967.6801899711,409274.36321995076,404169.7650725074,406.72206414622906,False,True,False,2178,5,49100.0,0.2589835058528938,-0.712204641095458,2025-02-11 02:00:00+00:00,48877.750047859794,stop,LOSS,-5511.320211589627,2,"[{""time"": ""2025-02-10 04:00:00+00:00"", ""price"": 49650.0, ""fraction"": 0.2, ""shares"": 4.121594795769897, ""reason"": ""starter20""}, {""time"": ""2025-02-11 00:00:00+00:00"", ""price"": 49341.100019143916, ""fraction"": 0.2, ""shares"": 4.147398042009155, ""reason"": ""adverse20""}]","[{""time"": ""2025-02-11 02:00:00+00:00"", ""price"": 48877.750047859794, ""shares"": 8.268992837779052, ""reason"": ""stop""}]"
KOSPI40_PIT_NORA_LEVEL_RR_A_RAW,015760.KS,015760,KOSPI,한국전력,KRLEVEL_RR|015760|2T|2156|2159|2161,2025-02-06 00:00:00+00:00,1024583.1731621575,33582.048879064896,20505.14236922423,20505.14236922423,21200.0,694.8576307757685,21894.85763077577,22589.715261551537,20875.0,2,0.0,1025095.4647487387,1013808.5258486485,1024583.1731621576,1014315.6836904938,1019.4494284263258,False,True,True,2162,26,20600.0,0.14391437262962165,-0.9354434220925407,2025-02-12 01:00:00+00:00,20600.0,time,TIME,-11286.938900090172,3,"[{""time"": ""2025-02-06 00:00:00+00:00"", ""price"": 21200.0, ""fraction"": 0.2, ""shares"": 9.665878992095827, ""reason"": ""starter20""}, {""time"": ""2025-02-07 00:00:00+00:00"", ""price"": 20922.056947689693, ""fraction"": 0.2, ""shares"": 9.794287203441502, ""reason"": ""adverse20""}, {""time"": ""2025-02-11 00:00:00+00:00"", ""price"": 20644.113895379385, ""fraction"": 0.6, ""shares"": 29.778459226331304, ""reason"": ""support60""}]","[{""time"": ""2025-02-12 01:00:00+00:00"", ""price"": 20600.0, ""shares"": 49.23862542186863, ""reason"": ""time""}]"
KOSPI40_PIT_NORA_LEVEL_RR_A_RAW,000660.KS,000660,KOSPI,SK하이닉스,KRLEVEL_RR|000660|3T|2160|2161|2162,2025-02-06 01:00:00+00:00,833524.7127844684,51229.01729222186,190054.20704082065,190054.20704082065,202500.0,12445.79295917935,214945.79295917935,227391.5859183587,197900.0,3,0.0,333576.5900563443,330277.244630728,333409.8851137874,330442.4658636598,331.92617548872363,False,True,False,2163,26,198200.0,0.2812195262671944,-0.5222648344962181,2025-02-12 02:00:00+00:00,198200.0,time,TIME,-3299.3454256163095,2,"[{""time"": ""2025-02-06 01:00:00+00:00"", ""price"": 202500.0, ""fraction"": 0.2, ""shares"": 0.8232342842315737, ""reason"": ""starter20""}, {""time"": ""2025-02-10 05:00:00+00:00"", ""price"": 197521.68281632825, ""fraction"": 0.2, ""shares"": 0.8439830006506653, ""reason"": ""adverse20""}]","[{""time"": ""2025-02-12 02:00:00+00:00"", ""price"": 198200.0, ""shares"": 1.667217284882239, ""reason"": ""time""}]"
KOSPI40_PIT_NORA_LEVEL_RR_A_RAW,000810.KS,000810,KOSPI,삼성화재,KRLEVEL_RR|000810|3T|2186|2187|2189,2025-02-12 04:00:00+00:00,1020689.5295396824,28604.436167777963,364490.7675130612,364490.7675130612,375000.0,10509.232486938825,385509.2324869388,396018.46497387765,369500.0,3,0.0,204239.97486089048,198317.81016504375,204137.9059079365,198417.01867438093,201.2774622911587,False,False,False,2190,3,368000.0,0.0951544274277716,-0.3806177097110864,2025-02-13 00:00:00+00:00,364490.7675130612,stop,LOSS,-5922.164695846732,1,"[{""time"": ""2025-02-12 04:00:00+00:00"", ""price"": 375000.0, ""fraction"": 0.2, ""shares"": 0.5443677490878307, ""reason"": ""starter20""}]","[{""time"": ""2025-02-13 00:00:00+00:00"", ""price"": 364490.7675130612, ""shares"": 0.5443677490878307, ""reason"": ""stop""}]"
KOSPI40_PIT_NORA_LEVEL_RR_A_RAW,034730.KS,034730,KOSPI,SK,KRLEVEL_RR|034730|2T|2180|2182|2183,2025-02-11 04:00:00+00:00,1022097.3228250337,16695.37684697135,140565.80999856448,142900.0,142900.0,2334.1900014355197,145234.19000143552,147568.38000287104,141900.0,2,0.0,409043.3485945785,420023.3930868934,408838.9291300135,420233.50984181435,414.536219485914,True,True,False,2184,19,146900.0,2.184912109495592,-0.5997797947634959,2025-02-14 04:00:00+00:00,147568.38000287104,target2,WIN,10980.044492314919,2,"[{""time"": ""2025-02-11 04:00:00+00:00"", ""price"": 142900.0, ""fraction"": 0.2, ""shares"": 1.4305070998250997, ""reason"": ""starter20""}, {""time"": ""2025-02-12 05:00:00+00:00"", ""price"": 141966.3239994258, ""fraction"": 0.2, ""shares"": 1.439915177108013, ""reason"": ""adverse20""}]","[{""time"": ""2025-02-13 01:00:00+00:00"", ""price"": 145234.19000143552, ""shares"": 1.4352111384665562, ""reason"": ""target1_partial""}, {""time"": ""2025-02-14 04:00:00+00:00"", ""price"": 147568.38000287104, ""shares"": 1.4352111384665562, ""reason"": ""target2""}]"
KOSPI40_PIT_NORA_LEVEL_RR_A_RAW,042660.KS,042660,KOSPI,한화오션,KRLEVEL_RR|042660|2T|2182|2187|2188,2025-02-12 03:00:00+00:00,328832.69017419335,51028.58515089579,57616.6559126237,68200.0,68200.0,10583.344087376303,78783.3440873763,89366.6881747526,64650.0,2,0.0,65799.42130385608,75315.80194932292,65766.53803483867,75353.47868866725,70.56000836175296,True,False,False,2189,26,77500.0,1.1999987806451857,-0.05669285577851271,2025-02-18 04:00:00+00:00,77500.0,time,TIME,9516.380645466837,1,"[{""time"": ""2025-02-12 03:00:00+00:00"", ""price"": 68200.0, ""fraction"": 0.2, ""shares"": 0.9643187395137635, ""reason"": ""starter20""}]","[{""time"": ""2025-02-14 00:00:00+00:00"", ""price"": 78783.3440873763, ""shares"": 0.48215936975688173, ""reason"": ""target1_partial""}, {""time"": ""2025-02-18 04:00:00+00:00"", ""price"": 77500.0, ""shares"": 0.48215936975688173, ""reason"": ""time""}]"
KOSPI40_PIT_NORA_LEVEL_RR_A_RAW,017670.KS,017670,KOSPI,SK텔레콤,KRLEVEL_RR|017670|4T|2198|2202|2204,2025-02-17 01:00:00+00:00,1024022.6770175751,14386.197990332974,55509.05760679571,56300.0,56300.0,790.9423932042919,57090.94239320429,57881.884786408584,56100.0,4,0.0,409813.8753424336,419212.8681032031,409609.0708070301,419422.5793928995,414.51582509996484,True,True,False,2205,18,58000.0,3.0343549930065588,-0.6321572902096998,2025-02-20 00:00:00+00:00,57881.884786408584,target2,WIN,9398.992760769499,2,"[{""time"": ""2025-02-17 01:00:00+00:00"", ""price"": 56300.0, ""fraction"": 0.2, ""shares"": 3.637735975195649, ""reason"": ""starter20""}, {""time"": ""2025-02-18 00:00:00+00:00"", ""price"": 55983.62304271828, ""fraction"": 0.2, ""shares"": 3.6582936986275256, ""reason"": ""adverse20""}]","[{""time"": ""2025-02-19 02:00:00+00:00"", ""price"": 57090.94239320429, ""shares"": 3.648014836911587, ""reason"": ""target1_partial""}, {""time"": ""2025-02-20 00:00:00+00:00"", ""price"": 57881.884786408584, ""shares"": 3.648014836911587, ""reason"": ""target2""}]"
KOSPI40_PIT_NORA_LEVEL_RR_A_RAW,015760.KS,015760,KOSPI,한국전력,KRLEVEL_RR|015760|2T|2194|2196|2198,2025-02-14 01:00:00+00:00,1022791.9184726591,28567.200532997664,20462.06069352055,21050.0,21050.0,587.9393064794494,21637.93930647945,22225.8786129589,20550.0,2,0.0,204660.6628863791,209739.6159643981,204558.38369453183,209844.53823351488,207.20146096402334,True,False,False,2199,26,21550.0,1.0205135009475201,-0.3401711669825067,2025-02-20 02:00:00+00:00,21550.0,time,TIME,5078.953078018996,1,"[{""time"": ""2025-02-14 01:00:00+00:00"", ""price"": 21050.0, ""fraction"": 0.2, ""shares"": 9.717737942733104, ""reason"": ""starter20""}]","[{""time"": ""2025-02-20 00:00:00+00:00"", ""price"": 21637.93930647945, ""shares"": 4.858868971366552, ""reason"": ""target1_partial""}, {""time"": ""2025-02-20 02:00:00+00:00"", ""price"": 21550.0, ""shares"": 4.858868971366552, ""reason"": ""time""}]"
KOSPI40_PIT_NORA_LEVEL_RR_A_RAW,011200.KS,011200,KOSPI,HMM,KRLEVEL_RR|011200|6T|2219|2220|2222,2025-02-20 01:00:00+00:00,1026527.008727592,26354.066451405295,18034.792074764628,18510.0,18510.0,475.2079252353724,18985.207925235372,19460.415850470745,18360.0,6,0.0,205408.05444639118,207670.547266006,205305.4017455184,207774.43448324763,206.53991811438303,True,False,False,2223,6,18480.0,1.031127584324906,-0.1473039406178437,2025-02-21 01:00:00+00:00,18480.0,gap_stop,BE_STOP,2262.492819614825,1,"[{""time"": ""2025-02-20 01:00:00+00:00"", ""price"": 18510.0, ""fraction"": 0.2, ""shares"": 11.091593827418606, ""reason"": ""starter20""}]","[{""time"": ""2025-02-21 00:00:00+00:00"", ""price"": 18985.207925235372, ""shares"": 5.545796913709303, ""reason"": ""target1_partial""}, {""time"": ""2025-02-21 01:00:00+00:00"", ""price"": 18480.0, ""shares"": 5.545796913709303, ""reason"": ""gap_stop""}]"
KOSPI40_PIT_NORA_LEVEL_RR_A_RAW,018260.KS,018260,KOSPI,삼성에스디에스,KRLEVEL_RR|018260|2T|2212|2213|2214,2025-02-18 05:00:00+00:00,1023373.5630840904,40511.02573281559,125141.974775,125141.974775,130300.0,5158.025225000005,135458.025225,140616.05045,129050.0,2,0.0,409554.099946253,404206.3979404487,409349.42523363617,404408.6022415695,406.8790137376028,False,True,False,2215,26,127700.0,0.38774529257948676,-0.5428434096112815,2025-02-25 00:00:00+00:00,127700.0,time,TIME,-5347.7020058042835,2,"[{""time"": ""2025-02-18 05:00:00+00:00"", ""price"": 130300.0, ""fraction"": 0.2, ""shares"": 1.57079595254657, ""reason"": ""starter20""}, {""time"": ""2025-02-21 01:00:00+00:00"", ""price"": 128236.78990999999, ""fraction"": 0.2, ""shares"": 1.5960685912401915, ""reason"": ""adverse20""}]","[{""time"": ""2025-02-25 00:00:00+00:00"", ""price"": 127700.0, ""shares"": 3.1668645437867617, ""reason"": ""time""}]"
KOSPI40_PIT_NORA_LEVEL_RR_A_RAW,352820.KS,352820,KOSPI,하이브,KRLEVEL_RR|352820|2T|2236|2238|2240,2025-02-25 01:00:00+00:00,1025517.9313899361,22001.072008788036,242679.50223865488,248000.0,248000.0,5320.497761345119,253320.49776134512,258640.99552269024,245500.0,2,0.0,205206.13807112622,207200.0416321266,205103.58627798723,207303.69347886601,206.20363987842663,True,False,False,2241,5,248000.0,1.1277140352528012,-0.2819285088132003,2025-02-26 00:00:00+00:00,248000.0,gap_stop,BE_STOP,1993.903561000392,1,"[{""time"": ""2025-02-25 01:00:00+00:00"", ""price"": 248000.0, ""fraction"": 0.2, ""shares"": 0.8270305898305936, ""reason"": ""starter20""}]","[{""time"": ""2025-02-25 03:00:00+00:00"", ""price"": 253320.49776134512, ""shares"": 0.4135152949152968, ""reason"": ""target1_partial""}, {""time"": ""2025-02-26 00:00:00+00:00"", ""price"": 248000.0, ""shares"": 0.4135152949152968, ""reason"": ""gap_stop""}]"
KOSPI40_PIT_NORA_LEVEL_RR_A_RAW,051910.KS,051910,KOSPI,LG화학,KRLEVEL_RR|051910|3T|2222|2226|2228,2025-02-21 01:00:00+00:00,483201.0433979133,51325.6020395753,226126.34669681545,226126.34669681545,253000.0,26873.653303184547,279873.65330318455,306747.3066063691,247500.0,3,0.0,96688.52878392245,95446.53021269059,96640.20867958266,95494.27735136627,96.06724301547447,False,False,False,2229,26,250000.0,0.1860558348204744,-0.297689335712759,2025-02-27 02:00:00+00:00,250000.0,time,TIME,-1241.9985712318594,1,"[{""time"": ""2025-02-21 01:00:00+00:00"", ""price"": 253000.0, ""fraction"": 0.2, ""shares"": 0.3819771094054651, ""reason"": ""starter20""}]","[{""time"": ""2025-02-27 02:00:00+00:00"", ""price"": 250000.0, ""shares"": 0.3819771094054651, ""reason"": ""time""}]"
KOSPI40_PIT_NORA_LEVEL_RR_A_RAW,034730.KS,034730,KOSPI,SK,KRLEVEL_RR|034730|5T|2241|2243|2245,2025-02-26 00:00:00+00:00,1025649.3281255525,30454.206672700922,145157.9853724836,145157.9853724836,149600.0,4442.014627516386,154042.0146275164,158484.02925503277,149400.0,5,0.0,410464.86111584614,400270.22345343506,410259.731250221,400470.4586827764,405.36509496649876,False,True,False,2246,13,147700.0,0.495270768892101,-0.42773384586135993,2025-02-28 00:00:00+00:00,145157.9853724836,stop,LOSS,-10194.637662411085,2,"[{""time"": ""2025-02-26 00:00:00+00:00"", ""price"": 149600.0, ""fraction"": 0.2, ""shares"": 1.3711889413443217, ""reason"": ""starter20""}, {""time"": ""2025-02-27 02:00:00+00:00"", ""price"": 147823.19414899344, ""fraction"": 0.2, ""shares"": 1.3876703639508474, ""reason"": ""adverse20""}]","[{""time"": ""2025-02-28 00:00:00+00:00"", ""price"": 145157.9853724836, ""shares"": 2.758859305295169, ""reason"": ""stop""}]"
KOSPI40_PIT_NORA_LEVEL_RR_A_RAW,096770.KS,096770,KOSPI,SK이노베이션,KRLEVEL_RR|096770|3T|2243|2247|2249,2025-02-26 04:00:00+00:00,1025905.995150602,17760.475747653636,127651.17231936876,127651.17231936876,129900.0,2248.827680631235,132148.82768063125,134397.65536126247,129800.0,3,0.0,1026418.9481481772,1017537.5695073222,1025905.995150602,1018046.592803724,1021.976293977163,False,True,True,2250,14,128600.0,0.711481815072148,-0.8448846553981758,2025-02-28 05:00:00+00:00,127651.17231936876,stop,LOSS,-8881.37864085508,3,"[{""time"": ""2025-02-26 04:00:00+00:00"", ""price"": 129900.0, ""fraction"": 0.2, ""shares"": 1.5795319401856842, ""reason"": ""starter20""}, {""time"": ""2025-02-28 00:00:00+00:00"", ""price"": 129000.46892774751, ""fraction"": 0.2, ""shares"": 1.5905461486736248, ""reason"": ""adverse20""}, {""time"": ""2025-02-28 00:00:00+00:00"", ""price"": 128100.93785549501, ""fraction"": 0.6, ""shares"": 4.805145125359883, ""reason"": ""support60""}]","[{""time"": ""2025-02-28 05:00:00+00:00"", ""price"": 127651.17231936876, ""shares"": 7.9752232142191914, ""reason"": ""stop""}]"
KOSPI40_PIT_NORA_LEVEL_RR_A_RAW,329180.KS,329180,KOSPI,HD현대중공업,KRLEVEL_RR|329180|2T|2264|2266|2268,2025-03-04 05:00:00+00:00,865545.0258595988,51110.327627328465,293576.43826340564,293576.43826340564,312000.0,18423.56173659436,330423.56173659436,348847.1234731887,304250.0,2,0.0,865977.7983725285,854872.5803833009,865545.0258595988,855300.2304985502,860.4226281790745,False,True,True,2269,26,298000.0,0.5970615322525239,-0.8141748167079872,2025-03-11 00:00:00+00:00,298000.0,time,TIME,-11105.217989227618,3,"[{""time"": ""2025-03-04 05:00:00+00:00"", ""price"": 312000.0, ""fraction"": 0.2, ""shares"": 0.5548365550382044, ""reason"": ""starter20""}, {""time"": ""2025-03-05 00:00:00+00:00"", ""price"": 304630.57530536223, ""fraction"": 0.2, ""shares"": 0.5682588000183336, ""reason"": ""adverse20""}, {""time"": ""2025-03-11 00:00:00+00:00"", ""price"": 297261.1506107245, ""fraction"": 0.6, ""shares"": 1.747039646616449, ""reason"": ""support60""}]","[{""time"": ""2025-03-11 00:00:00+00:00"", ""price"": 298000.0, ""shares"": 2.8701350016729874, ""reason"": ""time""}]"
KOSPI40_PIT_NORA_LEVEL_RR_A_RAW,015760.KS,015760,KOSPI,한국전력,KRLEVEL_RR|015760|4T|2267|2269|2270,2025-03-05 01:00:00+00:00,1022897.1692967892,41691.515206354445,20959.43188171583,21850.0,21850.0,890.568118284169,22740.56811828417,23631.136236568338,21375.0,4,0.0,204681.72357628754,210047.94434228563,204579.43385935784,210153.02085271198,207.3662273560349,True,False,False,2271,26,22150.0,1.235166605918183,-0.11228787326528937,2025-03-11 02:00:00+00:00,22150.0,time,TIME,5366.220765998092,1,"[{""time"": ""2025-03-05 01:00:00+00:00"", ""price"": 21850.0, ""fraction"": 0.2, ""shares"": 9.362903151458024, ""reason"": ""starter20""}]","[{""time"": ""2025-03-10 01:00:00+00:00"", ""price"": 22740.56811828417, ""shares"": 4.681451575729012, ""reason"": ""target1_partial""}, {""time"": ""2025-03-11 02:00:00+00:00"", ""price"": 22150.0, ""shares"": 4.681451575729012, ""reason"": ""time""}]"
KOSPI40_PIT_NORA_LEVEL_RR_A_RAW,096770.KS,096770,KOSPI,SK이노베이션,KRLEVEL_RR|096770|4T|2295|2296|2297,2025-03-11 04:00:00+00:00,558902.8119200032,51052.93765509616,123486.2241531885,123486.2241531885,135900.0,12413.775846811506,148313.7758468115,160727.551693623,133450.0,4,0.0,559182.2633259632,545055.6322169019,558902.8119200032,545328.2963650844,552.1155541425437,False,True,True,2298,26,125700.0,0.34638937041097456,-0.8619456426505646,2025-03-17 05:00:00+00:00,125700.0,time,TIME,-14126.631109061302,3,"[{""time"": ""2025-03-11 04:00:00+00:00"", ""price"": 135900.0, ""fraction"": 0.2, ""shares"": 0.8225206945106742, ""reason"": ""starter20""}, {""time"": ""2025-03-14 01:00:00+00:00"", ""price"": 130934.4896612754, ""fraction"": 0.2, ""shares"": 0.8537136599621264, ""reason"": ""adverse20""}, {""time"": ""2025-03-17 05:00:00+00:00"", ""price"": 125968.97932255079, ""fraction"": 0.6, ""shares"": 2.662097358853248, ""reason"": ""support60""}]","[{""time"": ""2025-03-17 05:00:00+00:00"", ""price"": 125700.0, ""shares"": 4.338331713326049, ""reason"": ""time""}]"
KOSPI40_PIT_NORA_LEVEL_RR_A_RAW,035420.KS,035420,KOSPI,NAVER,KRLEVEL_RR|035420|3T|2298|2299|2300,2025-03-12 01:00:00+00:00,1020817.2692512217,50890.028632688496,204281.7681620398,204281.7681620398,215000.0,10718.231837960193,225718.2318379602,236436.4636759204,211500.0,3,0.0,408531.07115433895,402207.5317275724,408326.9077004887,402408.7360956202,405.36782189805444,False,True,False,2301,26,209750.0,0.41984536890334734,-0.6997422815055789,2025-03-18 02:00:00+00:00,209750.0,time,TIME,-6323.539426766569,2,"[{""time"": ""2025-03-12 01:00:00+00:00"", ""price"": 215000.0, ""fraction"": 0.2, ""shares"": 0.9495974597685783, ""reason"": ""starter20""}, {""time"": ""2025-03-14 00:00:00+00:00"", ""price"": 210712.70726481592, ""fraction"": 0.2, ""shares"": 0.9689185645252011, ""reason"": ""adverse20""}]","[{""time"": ""2025-03-18 02:00:00+00:00"", ""price"": 209750.0, ""shares"": 1.9185160242937793, ""reason"": ""time""}]"
KOSPI40_PIT_NORA_LEVEL_RR_A_RAW,009150.KS,009150,KOSPI,삼성전기,KRLEVEL_RR|009150|3T|2331|2332|2333,2025-03-19 04:00:00+00:00,1017427.0626894769,16275.633332112306,136284.43556382426,138500.0,138500.0,2215.564436175744,140715.56443617574,142931.1288723515,137800.0,3,0.0,407174.3104883286,411341.09554088983,406970.82507579075,411546.8689753775,409.25884702558415,True,True,False,2334,9,139200.0,1.0381101819678957,-0.4062170277265679,2025-03-21 00:00:00+00:00,138500.0,stop,BE_STOP,4166.785052561201,2,"[{""time"": ""2025-03-19 04:00:00+00:00"", ""price"": 138500.0, ""fraction"": 0.2, ""shares"": 1.4692087547862482, ""reason"": ""starter20""}, {""time"": ""2025-03-19 04:00:00+00:00"", ""price"": 137613.7742255297, ""fraction"": 0.2, ""shares"": 1.4786703851637069, ""reason"": ""adverse20""}]","[{""time"": ""2025-03-20 01:00:00+00:00"", ""price"": 140715.56443617574, ""shares"": 1.4739395699749775, ""reason"": ""target1_partial""}, {""time"": ""2025-03-21 00:00:00+00:00"", ""price"": 138500.0, ""shares"": 1.4739395699749775, ""reason"": ""stop""}]"
KOSPI40_PIT_NORA_LEVEL_RR_A_RAW,000810.KS,000810,KOSPI,삼성화재,KRLEVEL_RR|000810|2T|2321|2322|2323,2025-03-18 00:00:00+00:00,1017488.5888744403,45336.107387695585,375489.14985565207,375489.14985565207,393000.0,17510.850144347933,410510.85014434793,428021.70028869587,383250.0,2,0.0,203599.4666337755,203395.96891600062,203497.71777488806,203497.71777488806,203.49771777488806,False,False,False,2324,26,393000.0,0.7138431256597035,-0.28553725026388144,2025-03-24 01:00:00+00:00,393000.0,time,TIME,-203.49771777488058,1,"[{""time"": ""2025-03-18 00:00:00+00:00"", ""price"": 393000.0, ""fraction"": 0.2, ""shares"": 0.5178058976460256, ""reason"": ""starter20""}]","[{""time"": ""2025-03-24 01:00:00+00:00"", ""price"": 393000.0, ""shares"": 0.5178058976460256, ""reason"": ""time""}]"
KOSPI40_PIT_NORA_LEVEL_RR_A_RAW,032830.KS,032830,KOSPI,삼성생명,KRLEVEL_RR|032830|3T|2324|2325|2326,2025-03-18 03:00:00+00:00,1016948.3692229799,39809.80291477961,81384.30531093905,81384.30531093905,84700.0,3315.6946890609543,88015.69468906095,91331.38937812191,83500.0,3,0.0,203491.3686815183,204008.00726862176,203389.673844596,204110.06229977164,203.7498680721838,False,False,False,2327,26,85000.0,0.8143089919912601,-0.27143633066375333,2025-03-24 04:00:00+00:00,85000.0,time,TIME,516.6385871034581,1,"[{""time"": ""2025-03-18 03:00:00+00:00"", ""price"": 84700.0, ""fraction"": 0.2, ""shares"": 2.4012948505855487, ""reason"": ""starter20""}]","[{""time"": ""2025-03-24 04:00:00+00:00"", ""price"": 85000.0, ""shares"": 2.4012948505855487, ""reason"": ""time""}]"
KOSPI40_PIT_NORA_LEVEL_RR_A_RAW,207940.KS,207940,KOSPI,삼성바이오로직스,KRLEVEL_RR|207940|3T|2345|2349|2351,2025-03-24 04:00:00+00:00,1018126.6767324562,25589.761687842867,1057729.433315295,1057729.433315295,1085000.0,27270.566684704972,1112270.566684705,1139541.13336941,1079000.0,3,0.0,1018635.7400708224,1006269.5970383785,1018126.6767324562,1006772.9835301435,1012.4498301312999,False,True,True,2352,10,1060000.0,0.036669571687370256,-0.9167392921842564,2025-03-26 01:00:00+00:00,1057729.433315295,stop,LOSS,-12366.143032443943,3,"[{""time"": ""2025-03-24 04:00:00+00:00"", ""price"": 1085000.0, ""fraction"": 0.2, ""shares"": 0.18767312013501497, ""reason"": ""starter20""}, {""time"": ""2025-03-25 00:00:00+00:00"", ""price"": 1074091.773326118, ""fraction"": 0.2, ""shares"": 0.18957908477031607, ""reason"": ""adverse20""}, {""time"": ""2025-03-25 00:00:00+00:00"", ""price"": 1063183.546652236, ""fraction"": 0.6, ""shares"": 0.5745724790070413, ""reason"": ""support60""}]","[{""time"": ""2025-03-26 01:00:00+00:00"", ""price"": 1057729.433315295, ""shares"": 0.9518246839123724, ""reason"": ""stop""}]"
KOSPI40_PIT_NORA_LEVEL_RR_A_RAW,000270.KS,000270,KOSPI,기아,KRLEVEL_RR|000270|2T|2343|2348|2349,2025-03-24 02:00:00+00:00,1018029.1928764004,30278.284625968943,95279.32977651738,98200.0,98200.0,2920.6702234826225,101120.67022348262,104041.34044696525,95850.0,2,0.0,203707.64149456774,206530.35020435808,203605.8385752801,206633.66703787702,205.11975280657856,True,False,False,2350,18,99400.0,1.6434583957501558,-0.0684774331562565,2025-03-27 01:00:00+00:00,98200.0,stop,BE_STOP,2822.7087097903423,1,"[{""time"": ""2025-03-24 02:00:00+00:00"", ""price"": 98200.0, ""fraction"": 0.2, ""shares"": 2.0733792115608973, ""reason"": ""starter20""}]","[{""time"": ""2025-03-25 00:00:00+00:00"", ""price"": 101120.67022348262, ""shares"": 1.0366896057804487, ""reason"": ""target1_partial""}, {""time"": ""2025-03-27 01:00:00+00:00"", ""price"": 98200.0, ""shares"": 1.0366896057804487, ""reason"": ""stop""}]"
KOSPI40_PIT_NORA_LEVEL_RR_A_RAW,011200.KS,011200,KOSPI,HMM,KRLEVEL_RR|011200|2T|2344|2350|2352,2025-03-24 05:00:00+00:00,1017889.0464071997,33864.72836796244,19672.964300755088,19672.964300755088,20350.0,677.0356992449124,21027.035699244912,21704.071398489825,19755.0,2,0.0,407359.1963721613,396065.96413064207,407155.6185628799,396264.0961787314,401.7098573708057,False,True,False,2353,20,20150.0,0.9600675425608061,-0.546499985765382,2025-03-28 00:00:00+00:00,19672.964300755088,stop,LOSS,-11293.232241519261,2,"[{""time"": ""2025-03-24 05:00:00+00:00"", ""price"": 20350.0, ""fraction"": 0.2, ""shares"": 10.003823551913511, ""reason"": ""starter20""}, {""time"": ""2025-03-27 01:00:00+00:00"", ""price"": 20079.185720302034, ""fraction"": 0.2, ""shares"": 10.138748259876035, ""reason"": ""adverse20""}]","[{""time"": ""2025-03-28 00:00:00+00:00"", ""price"": 19672.964300755088, ""shares"": 20.142571811789544, ""reason"": ""stop""}]"
KOSPI40_PIT_NORA_LEVEL_RR_A_RAW,005930.KS,005930,KOSPI,삼성전자,KRLEVEL_RR|005930|3T|2386|2391|2393,2025-04-02 04:00:00+00:00,1017205.733474347,25700.33892607178,57655.5382628597,57655.5382628597,59150.0,1494.4617371403,60644.4617371403,62138.9234742806,59100.0,3,0.0,203542.86726821685,195604.62123946915,203441.1466948694,195702.472475707,199.5718095852882,False,False,False,2394,2,56900.0,0.0,-0.36802548123610207,2025-04-03 00:00:00+00:00,56900.0,gap_stop,LOSS,-7938.246028747701,1,"[{""time"": ""2025-04-02 04:00:00+00:00"", ""price"": 59150.0, ""fraction"": 0.2, ""shares"": 3.4394107640721794, ""reason"": ""starter20""}]","[{""time"": ""2025-04-03 00:00:00+00:00"", ""price"": 56900.0, ""shares"": 3.4394107640721794, ""reason"": ""gap_stop""}]"
KOSPI40_PIT_NORA_LEVEL_RR_A_RAW,033780.KS,033780,KOSPI,KT&G,KRLEVEL_RR|033780|3T|2366|2370|2372,2025-03-28 01:00:00+00:00,1013697.370866301,31143.714206991503,99544.7590563201,99544.7590563201,102700.0,3155.240943679906,105855.2409436799,109010.48188735981,102100.0,3,0.0,1014204.2195517342,997900.2704833868,1013697.370866301,998399.470218496,1006.0484205423986,False,True,True,2373,23,99400.0,0.3169330069714791,-0.8240258181258456,2025-04-03 00:00:00+00:00,99400.0,gap_stop,LOSS,-16303.949068347341,3,"[{""time"": ""2025-03-28 01:00:00+00:00"", ""price"": 102700.0, ""fraction"": 0.2, ""shares"": 1.9740941983764382, ""reason"": ""starter20""}, {""time"": ""2025-03-31 00:00:00+00:00"", ""price"": 101437.90362252804, ""fraction"": 0.2, ""shares"": 1.9986559947817613, ""reason"": ""adverse20""}, {""time"": ""2025-03-31 00:00:00+00:00"", ""price"": 100175.80724505607, ""fraction"": 0.6, ""shares"": 6.071510070609365, ""reason"": ""support60""}]","[{""time"": ""2025-04-03 00:00:00+00:00"", ""price"": 99400.0, ""shares"": 10.044260263767566, ""reason"": ""gap_stop""}]"
KOSPI40_PIT_NORA_LEVEL_RR_A_RAW,055550.KS,055550,KOSPI,신한지주,KRLEVEL_RR|055550|2T|2384|2385|2387,2025-04-01 04:00:00+00:00,1015759.4363368126,40369.763622064034,46428.40518010253,46428.40518010253,48350.0,1921.594819897473,50271.59481989747,52193.189639794946,47525.0,2,0.0,1016267.316054981,997260.5202118352,1015759.4363368126,997759.3999117911,1006.7594181243019,False,True,True,2388,19,46850.0,0.3382606953710881,-0.9107018721529295,2025-04-04 04:00:00+00:00,46428.40518010253,stop,LOSS,-19006.79584314581,3,"[{""time"": ""2025-04-01 04:00:00+00:00"", ""price"": 48350.0, ""fraction"": 0.2, ""shares"": 4.201693635312565, ""reason"": ""starter20""}, {""time"": ""2025-04-03 00:00:00+00:00"", ""price"": 47581.36207204101, ""fraction"": 0.2, ""shares"": 4.2695685541699815, ""reason"": ""adverse20""}, {""time"": ""2025-04-03 00:00:00+00:00"", ""price"": 46812.72414408202, ""fraction"": 0.6, ""shares"": 13.01901722117861, ""reason"": ""support60""}]","[{""time"": ""2025-04-04 04:00:00+00:00"", ""price"": 46428.40518010253, ""shares"": 21.490279410661156, ""reason"": ""stop""}]"
KOSPI40_PIT_NORA_LEVEL_RR_A_RAW,035720.KS,035720,KOSPI,카카오,KRLEVEL_RR|035720|3T|2396|2401|2403,2025-04-04 02:00:00+00:00,579934.3485567676,50412.44017392102,39079.48845448906,39079.48845448906,42800.0,3720.511545510941,46520.51154551094,50241.02309102188,42400.0,3,0.0,580224.3157310459,556804.2700374249,579934.3485567676,557082.8114431464,568.508579999957,False,True,True,2404,15,39600.0,0.5241214752720799,-0.8869748043065966,2025-04-08 04:00:00+00:00,39079.48845448906,stop,LOSS,-23420.04569362104,3,"[{""time"": ""2025-04-04 02:00:00+00:00"", ""price"": 42800.0, ""fraction"": 0.2, ""shares"": 2.709973591386764, ""reason"": ""starter20""}, {""time"": ""2025-04-04 03:00:00+00:00"", ""price"": 41311.79538179562, ""fraction"": 0.2, ""shares"": 2.807596925755109, ""reason"": ""adverse20""}, {""time"": ""2025-04-07 00:00:00+00:00"", ""price"": 39823.590763591244, ""fraction"": 0.6, ""shares"": 8.737549840738717, ""reason"": ""support60""}]","[{""time"": ""2025-04-08 04:00:00+00:00"", ""price"": 39079.48845448906, ""shares"": 14.25512035788059, ""reason"": ""stop""}]"
KOSPI40_PIT_NORA_LEVEL_RR_A_RAW,003670.KS,003670,KOSPI,포스코퓨처엠,KRLEVEL_RR|003670|4T|2424|2425|2426,2025-04-10 01:00:00+00:00,447616.3290210696,50018.178176976435,114851.57616249824,114851.57616249824,129300.0,14448.42383750176,143748.42383750176,158196.84767500352,121700.0,4,0.0,89568.02743711605,87471.63903521898,89523.26580421394,87515.39673358577,88.51933126889986,False,False,False,2427,26,126400.0,0.4152702099191357,-0.20071393479424893,2025-04-16 02:00:00+00:00,126400.0,time,TIME,-2096.388401897071,1,"[{""time"": ""2025-04-10 01:00:00+00:00"", ""price"": 129300.0, ""fraction"": 0.2, ""shares"": 0.6923686450441913, ""reason"": ""starter20""}]","[{""time"": ""2025-04-16 02:00:00+00:00"", ""price"": 126400.0, ""shares"": 0.6923686450441913, ""reason"": ""time""}]"
KOSPI40_PIT_NORA_LEVEL_RR_A_RAW,005930.KS,005930,KOSPI,삼성전자,KRLEVEL_RR|005930|2T|2426|2427|2428,2025-04-10 03:00:00+00:00,904380.4385383476,50044.04056915909,52995.697257155145,52995.697257155145,56100.0,3104.302742844855,59204.302742844855,62308.60548568971,55350.0,2,0.0,361933.0515030467,357841.71862883837,361752.17541533906,358020.72899333504,359.88645220433705,False,True,False,2429,26,54900.0,0.3221335297612039,-0.4187735886895651,2025-04-16 04:00:00+00:00,54900.0,time,TIME,-4091.3328742083395,2,"[{""time"": ""2025-04-10 03:00:00+00:00"", ""price"": 56100.0, ""fraction"": 0.2, ""shares"": 3.2241726864112215, ""reason"": ""starter20""}, {""time"": ""2025-04-11 01:00:00+00:00"", ""price"": 54858.27890286206, ""fraction"": 0.2, ""shares"": 3.2971520675657375, ""reason"": ""adverse20""}]","[{""time"": ""2025-04-16 04:00:00+00:00"", ""price"": 54900.0, ""shares"": 6.521324753976959, ""reason"": ""time""}]"
KOSPI40_PIT_NORA_LEVEL_RR_A_RAW,010130.KS,010130,KOSPI,고려아연,KRLEVEL_RR|010130|2T|2449|2455|2456,2025-04-17 01:00:00+00:00,999126.0192843076,25148.95482946657,675556.5290459511,675556.5290459511,693000.0,17443.470954048913,710443.4709540489,727886.9419080978,690000.0,2,0.0,999625.5822939498,987473.7820344609,999126.0192843077,987967.7659174197,993.5468926008637,False,True,True,2457,12,680000.0,0.057328039966030024,-0.9172486394564804,2025-04-21 00:00:00+00:00,675556.5290459511,stop,LOSS,-12151.800259488868,3,"[{""time"": ""2025-04-17 01:00:00+00:00"", ""price"": 693000.0, ""fraction"": 0.2, ""shares"": 0.2883480575135087, ""reason"": ""starter20""}, {""time"": ""2025-04-17 02:00:00+00:00"", ""price"": 686022.6116183804, ""fraction"": 0.2, ""shares"": 0.2912807835669708, ""reason"": ""adverse20""}, {""time"": ""2025-04-18 00:00:00+00:00"", ""price"": 679045.2232367608, ""fraction"": 0.6, ""shares"": 0.8828213365718164, ""reason"": ""support60""}]","[{""time"": ""2025-04-21 00:00:00+00:00"", ""price"": 675556.5290459511, ""shares"": 1.462450177652296, ""reason"": ""stop""}]"
KOSPI40_PIT_NORA_LEVEL_RR_A_RAW,006400.KS,006400,KOSPI,삼성SDI,KRLEVEL_RR|006400|2T|2456|2457|2458,2025-04-17 03:00:00+00:00,998796.9754652493,28518.05202285498,175734.87061168623,180900.0,180900.0,5165.12938831377,186065.12938831377,191230.25877662754,177700.0,2,0.0,999296.3739529819,1051244.7777986433,998796.9754652493,1051770.6631302084,1025.2838192977288,True,True,True,2459,26,188800.0,1.5488479374979829,-0.9099481632800649,2025-04-23 04:00:00+00:00,188800.0,time,TIME,51948.403845661436,3,"[{""time"": ""2025-04-17 03:00:00+00:00"", ""price"": 180900.0, ""fraction"": 0.2, ""shares"": 1.104253151426478, ""reason"": ""starter20""}, {""time"": ""2025-04-18 00:00:00+00:00"", ""price"": 178833.94824467448, ""fraction"": 0.2, ""shares"": 1.1170104840482853, ""reason"": ""adverse20""}, {""time"": ""2025-04-21 04:00:00+00:00"", ""price"": 176767.896489349, ""fraction"": 0.6, ""shares"": 3.3901980912877954, ""reason"": ""support60""}]","[{""time"": ""2025-04-23 02:00:00+00:00"", ""price"": 186065.12938831377, ""shares"": 2.805730863381279, ""reason"": ""target1_partial""}, {""time"": ""2025-04-23 04:00:00+00:00"", ""price"": 188800.0, ""shares"": 2.805730863381279, ""reason"": ""time""}]"
KOSPI40_PIT_NORA_LEVEL_RR_A_RAW,018260.KS,018260,KOSPI,삼성에스디에스,KRLEVEL_RR|018260|2T|2466|2467|2468,2025-04-21 01:00:00+00:00,996117.801083709,15144.717198816286,115122.68266000715,116900.0,116900.0,1777.3173399928492,118677.31733999285,120454.6346799857,116250.0,2,0.0,398646.34399370034,408576.3508732155,398447.1204334836,408780.7412438374,403.6139308386605,True,True,False,2469,20,117900.0,2.7006994710462413,-0.5063811508211702,2025-04-24 02:00:00+00:00,120454.6346799857,target2,WIN,9930.006879515131,2,"[{""time"": ""2025-04-21 01:00:00+00:00"", ""price"": 116900.0, ""fraction"": 0.2, ""shares"": 1.7042220719995023, ""reason"": ""starter20""}, {""time"": ""2025-04-21 02:00:00+00:00"", ""price"": 116189.07306400286, ""fraction"": 0.2, ""shares"": 1.7146497081270227, ""reason"": ""adverse20""}]","[{""time"": ""2025-04-22 00:00:00+00:00"", ""price"": 118677.31733999285, ""shares"": 1.7094358900632625, ""reason"": ""target1_partial""}, {""time"": ""2025-04-24 02:00:00+00:00"", ""price"": 120454.6346799857, ""shares"": 1.7094358900632625, ""reason"": ""target2""}]"
KOSPI40_PIT_NORA_LEVEL_RR_A_RAW,000270.KS,000270,KOSPI,기아,KRLEVEL_RR|000270|2T|2465|2466|2467,2025-04-21 00:00:00+00:00,997671.6552199878,37283.26272673218,84422.6270045595,84422.6270045595,87700.0,3277.372995440499,90977.3729954405,94254.745990881,86700.0,2,0.0,199634.09820951958,201367.51005061588,199534.33104399758,201468.24417270222,200.5012876083499,False,False,False,2468,26,88550.0,0.9458795212851081,-0.2746101835989024,2025-04-25 01:00:00+00:00,88550.0,time,TIME,1733.4118410962983,1,"[{""time"": ""2025-04-21 00:00:00+00:00"", ""price"": 87700.0, ""fraction"": 0.2, ""shares"": 2.2751919161231196, ""reason"": ""starter20""}]","[{""time"": ""2025-04-25 01:00:00+00:00"", ""price"": 88550.0, ""shares"": 2.2751919161231196, ""reason"": ""time""}]"
KOSPI40_PIT_NORA_LEVEL_RR_A_RAW,034730.KS,034730,KOSPI,SK,KRLEVEL_RR|034730|3T|2492|2493|2494,2025-04-25 03:00:00+00:00,1010145.5654997567,32018.739110873033,128881.10886073258,128881.10886073258,133100.0,4218.89113926742,137318.89113926742,141537.78227853484,131300.0,3,0.0,404260.2553130027,393566.00731454295,404058.2261999027,393762.8887589224,398.91055747941255,False,True,False,2495,10,130700.0,0.16592037502099424,-0.5451669464975525,2025-04-29 00:00:00+00:00,128881.10886073258,stop,LOSS,-10694.24799845973,2,"[{""time"": ""2025-04-25 03:00:00+00:00"", ""price"": 133100.0, ""fraction"": 0.2, ""shares"": 1.5178746288501228, ""reason"": ""starter20""}, {""time"": ""2025-04-28 00:00:00+00:00"", ""price"": 131412.44354429303, ""fraction"": 0.2, ""shares"": 1.5373666880477475, ""reason"": ""adverse20""}]","[{""time"": ""2025-04-29 00:00:00+00:00"", ""price"": 128881.10886073258, ""shares"": 3.0552413168978703, ""reason"": ""stop""}]"
KOSPI40_PIT_NORA_LEVEL_RR_A_RAW,009150.KS,009150,KOSPI,삼성전기,KRLEVEL_RR|009150|2T|2481|2482|2484,2025-04-23 05:00:00+00:00,1009860.080539676,27467.75442521246,119265.33338882808,119265.33338882808,122600.0,3334.666611171924,125934.66661117192,129269.33322234385,121500.0,2,0.0,404146.0042319784,394920.5359696653,403944.03221587045,395118.09501717385,399.53106361652215,False,True,False,2485,26,121700.0,0.23990404237707308,-0.6297481112398169,2025-04-30 00:00:00+00:00,119265.33338882808,stop,LOSS,-9225.468262313108,2,"[{""time"": ""2025-04-23 05:00:00+00:00"", ""price"": 122600.0, ""fraction"": 0.2, ""shares"": 1.647406330407302, ""reason"": ""starter20""}, {""time"": ""2025-04-24 00:00:00+00:00"", ""price"": 121266.13335553123, ""fraction"": 0.2, ""shares"": 1.665526973765943, ""reason"": ""adverse20""}]","[{""time"": ""2025-04-30 00:00:00+00:00"", ""price"": 119265.33338882808, ""shares"": 3.312933304173245, ""reason"": ""stop""}]"
KOSPI40_PIT_NORA_LEVEL_RR_A_RAW,005930.KS,005930,KOSPI,삼성전자,KRLEVEL_RR|005930|4T|2488|2489|2490,2025-04-24 05:00:00+00:00,1009831.3249712542,18021.016488908266,54706.00170185772,54706.00170185772,55700.0,993.99829814228,56693.99829814228,57687.99659628456,55300.0,4,0.0,1010336.2406337399,1006735.7110908872,1009831.3249712542,1007239.3307562653,1008.5353278637597,False,True,True,2491,26,55000.0,0.8048303518176535,-0.9054341457948601,2025-05-02 00:00:00+00:00,55000.0,time,TIME,-3600.529542852659,3,"[{""time"": ""2025-04-24 05:00:00+00:00"", ""price"": 55700.0, ""fraction"": 0.2, ""shares"": 3.6259652602199433, ""reason"": ""starter20""}, {""time"": ""2025-05-02 00:00:00+00:00"", ""price"": 55302.400680743085, ""fraction"": 0.2, ""shares"": 3.652034315113878, ""reason"": ""adverse20""}, {""time"": ""2025-05-02 00:00:00+00:00"", ""price"": 54904.80136148618, ""fraction"": 0.6, ""shares"": 11.03544280205282, ""reason"": ""support60""}]","[{""time"": ""2025-05-02 00:00:00+00:00"", ""price"": 55000.0, ""shares"": 18.313442377386643, ""reason"": ""time""}]"
KOSPI40_PIT_NORA_LEVEL_RR_A_RAW,003550.KS,003550,KOSPI,LG,KRLEVEL_RR|003550|3T|2492|2494|2495,2025-04-25 04:00:00+00:00,1010411.2340524165,20304.798261008145,64183.739608909535,65500.0,65500.0,1316.2603910904654,66816.26039109047,68132.52078218093,64900.0,3,0.0,404366.5758677771,413389.926077456,404164.4936209666,413596.72443967586,408.88060903032124,True,True,False,2496,26,66700.0,1.06361933358806,-0.6077824763360342,2025-05-02 05:00:00+00:00,66700.0,time,TIME,9023.350209678872,2,"[{""time"": ""2025-04-25 04:00:00+00:00"", ""price"": 65500.0, ""fraction"": 0.2, ""shares"": 3.0852251421447834, ""reason"": ""starter20""}, {""time"": ""2025-04-25 05:00:00+00:00"", ""price"": 64973.49584356381, ""fraction"": 0.2, ""shares"": 3.1102258572793313, ""reason"": ""adverse20""}]","[{""time"": ""2025-05-02 04:00:00+00:00"", ""price"": 66816.26039109047, ""shares"": 3.097725499712057, ""reason"": ""target1_partial""}, {""time"": ""2025-05-02 05:00:00+00:00"", ""price"": 66700.0, ""shares"": 3.097725499712057, ""reason"": ""time""}]"
KOSPI40_PIT_NORA_LEVEL_RR_A_RAW,028260.KS,028260,KOSPI,삼성물산,KRLEVEL_RR|028260|2T|2504|2509|2510,2025-04-30 01:00:00+00:00,1006072.7038458765,26274.023500229934,116281.8173935787,119400.0,119400.0,3118.1826064212946,122518.1826064213,125636.36521284259,117950.0,2,0.0,201315.1480395599,206435.01623137458,201214.5407691753,206538.2853740616,203.87641307161846,True,False,False,2511,26,122600.0,1.4110783604972492,0.0,2025-05-09 02:00:00+00:00,122600.0,time,TIME,5119.86819181469,1,"[{""time"": ""2025-04-30 01:00:00+00:00"", ""price"": 119400.0, ""fraction"": 0.2, ""shares"": 1.6852139092895755, ""reason"": ""starter20""}]","[{""time"": ""2025-05-02 02:00:00+00:00"", ""price"": 122518.1826064213, ""shares"": 0.8426069546447877, ""reason"": ""target1_partial""}, {""time"": ""2025-05-09 02:00:00+00:00"", ""price"": 122600.0, ""shares"": 0.8426069546447877, ""reason"": ""time""}]"
KOSPI40_PIT_NORA_LEVEL_RR_A_RAW,015760.KS,015760,KOSPI,한국전력,KRLEVEL_RR|015760|2T|2513|2514|2516,2025-05-02 01:00:00+00:00,1006477.7823824577,31620.09182568213,24989.452183264788,25800.0,25800.0,810.5478167352121,26610.547816735212,27421.095633470424,25375.0,2,0.0,201396.20425472982,209229.24454818407,201295.55647649156,209333.91150393605,205.3147339902138,True,False,False,2517,26,27050.0,1.665540233564055,-0.3701200519031233,2025-05-12 02:00:00+00:00,27050.0,time,TIME,7833.040293454251,1,"[{""time"": ""2025-05-02 01:00:00+00:00"", ""price"": 25800.0, ""fraction"": 0.2, ""shares"": 7.802153351801999, ""reason"": ""starter20""}]","[{""time"": ""2025-05-07 05:00:00+00:00"", ""price"": 26610.547816735212, ""shares"": 3.9010766759009994, ""reason"": ""target1_partial""}, {""time"": ""2025-05-12 02:00:00+00:00"", ""price"": 27050.0, ""shares"": 3.9010766759009994, ""reason"": ""time""}]"
KOSPI40_PIT_NORA_LEVEL_RR_A_RAW,034730.KS,034730,KOSPI,SK,KRLEVEL_RR|034730|3T|2518|2521|2522,2025-05-07 01:00:00+00:00,1008625.1205401069,33943.57046981818,129103.91823243571,133600.0,133600.0,4496.08176756429,138096.0817675643,142592.16353512858,131300.0,3,0.0,403651.7732401508,419668.6641407608,403450.0482160428,419878.603442482,411.6643258292624,True,True,False,2523,26,138100.0,1.4679448331242178,-0.4448317676133993,2025-05-13 02:00:00+00:00,138100.0,time,TIME,16016.890900609957,2,"[{""time"": ""2025-05-07 01:00:00+00:00"", ""price"": 133600.0, ""fraction"": 0.2, ""shares"": 1.5099178451199207, ""reason"": ""starter20""}, {""time"": ""2025-05-07 03:00:00+00:00"", ""price"": 131801.56729297427, ""fraction"": 0.2, ""shares"": 1.5305206777975426, ""reason"": ""adverse20""}]","[{""time"": ""2025-05-09 04:00:00+00:00"", ""price"": 138096.0817675643, ""shares"": 1.5202192614587315, ""reason"": ""target1_partial""}, {""time"": ""2025-05-13 02:00:00+00:00"", ""price"": 138100.0, ""shares"": 1.5202192614587315, ""reason"": ""time""}]"
KOSPI40_PIT_NORA_LEVEL_RR_A_RAW,010950.KS,010950,KOSPI,S-Oil,KRLEVEL_RR|010950|3T|2546|2551|2552,2025-05-14 01:00:00+00:00,1013157.6169467046,20936.934317391802,51708.88632383796,51708.88632383796,52800.0,1091.1136761620364,53891.11367616204,54982.22735232407,52200.0,3,0.0,1013664.1957551781,1003380.2500561256,1013157.6169467047,1003882.1911517014,1008.519904049203,False,True,True,2553,12,51900.0,0.4582473952290075,-0.916494790458015,2025-05-16 00:00:00+00:00,51708.88632383796,stop,LOSS,-10283.945699052536,3,"[{""time"": ""2025-05-14 01:00:00+00:00"", ""price"": 52800.0, ""fraction"": 0.2, ""shares"": 3.837718246010245, ""reason"": ""starter20""}, {""time"": ""2025-05-15 00:00:00+00:00"", ""price"": 52363.554529535184, ""fraction"": 0.2, ""shares"": 3.869705278984613, ""reason"": ""adverse20""}, {""time"": ""2025-05-15 05:00:00+00:00"", ""price"": 51927.10905907037, ""fraction"": 0.6, ""shares"": 11.706690034997024, ""reason"": ""support60""}]","[{""time"": ""2025-05-16 00:00:00+00:00"", ""price"": 51708.88632383796, ""shares"": 19.414113559991883, ""reason"": ""stop""}]"
KOSPI40_PIT_NORA_LEVEL_RR_A_RAW,003550.KS,003550,KOSPI,LG,KRLEVEL_RR|003550|3T|2536|2538|2540,2025-05-12 01:00:00+00:00,1012652.7802373916,34582.15467243901,66353.8907783973,66353.8907783973,68700.0,2346.1092216027027,71046.1092216027,73392.2184432054,67700.0,3,0.0,405263.64265100413,405881.8826016045,405061.1120949567,406084.92506413657,405.57301857954667,False,True,False,2541,26,68400.0,0.5967326615099424,-0.5114851384370934,2025-05-16 02:00:00+00:00,68400.0,time,TIME,618.2399506003712,2,"[{""time"": ""2025-05-12 01:00:00+00:00"", ""price"": 68700.0, ""fraction"": 0.2, ""shares"": 2.9480430283475743, ""reason"": ""starter20""}, {""time"": ""2025-05-13 00:00:00+00:00"", ""price"": 67761.55631135892, ""fraction"": 0.2, ""shares"": 2.9888710807772285, ""reason"": ""adverse20""}]","[{""time"": ""2025-05-16 02:00:00+00:00"", ""price"": 68400.0, ""shares"": 5.936914109124803, ""reason"": ""time""}]"
KOSPI40_PIT_NORA_LEVEL_RR_A_RAW,028260.KS,028260,KOSPI,삼성물산,KRLEVEL_RR|028260|4T|2541|2543|2544,2025-05-12 05:00:00+00:00,1012075.6543242878,25555.006241091553,121258.88820385243,121258.88820385243,124400.0,3141.1117961475684,127541.11179614757,130682.22359229514,124050.0,4,0.0,405032.67686058,396423.06024513434,404830.26172971516,396621.37093059963,400.7258163301574,False,True,False,2545,26,122400.0,0.4775379220312,-0.66855309084368,2025-05-19 00:00:00+00:00,121258.88820385243,stop,LOSS,-8609.616615445644,2,"[{""time"": ""2025-05-12 05:00:00+00:00"", ""price"": 124400.0, ""fraction"": 0.2, ""shares"": 1.6271312770486943, ""reason"": ""starter20""}, {""time"": ""2025-05-15 05:00:00+00:00"", ""price"": 123143.55528154098, ""fraction"": 0.2, ""shares"": 1.6437330431306727, ""reason"": ""adverse20""}]","[{""time"": ""2025-05-19 00:00:00+00:00"", ""price"": 121258.88820385243, ""shares"": 3.270864320179367, ""reason"": ""stop""}]"
KOSPI40_PIT_NORA_LEVEL_RR_A_RAW,009540.KS,009540,KOSPI,HD한국조선해양,KRLEVEL_RR|009540|2T|2562|2568|2570,2025-05-19 01:00:00+00:00,1008657.5400312713,30408.57130183236,279559.96365973586,279559.96365973586,288250.0,8690.036340264138,296940.03634026414,305630.0726805283,287750.0,2,0.0,403664.74752051476,393490.88847647235,403463.01601250854,393687.73234264366,398.5753741775761,False,True,False,2571,11,283000.0,0.2589172141403968,-0.7767516424211904,2025-05-20 05:00:00+00:00,279559.96365973586,stop,LOSS,-10173.859044042416,2,"[{""time"": ""2025-05-19 01:00:00+00:00"", ""price"": 288250.0, ""fraction"": 0.2, ""shares"": 0.6998491171075604, ""reason"": ""starter20""}, {""time"": ""2025-05-19 01:00:00+00:00"", ""price"": 284773.9854638943, ""fraction"": 0.2, ""shares"": 0.7083916309196411, ""reason"": ""adverse20""}]","[{""time"": ""2025-05-20 05:00:00+00:00"", ""price"": 279559.96365973586, ""shares"": 1.4082407480272014, ""reason"": ""stop""}]"
KOSPI40_PIT_NORA_LEVEL_RR_A_RAW,032830.KS,032830,KOSPI,삼성생명,KRLEVEL_RR|032830|3T|2566|2568|2570,2025-05-19 01:00:00+00:00,774859.2401953602,50431.868344023525,82833.45131155185,88600.0,88600.0,5766.548688448151,94366.54868844815,100133.0973768963,84400.0,3,0.0,155049.33396309157,163781.16275844304,154971.84803907204,163863.09430559582,159.41747117233393,True,False,False,2571,26,93000.0,1.5433841767136973,-0.22543813817166367,2025-05-23 02:00:00+00:00,93000.0,time,TIME,8731.828795351466,1,"[{""time"": ""2025-05-19 01:00:00+00:00"", ""price"": 88600.0, ""fraction"": 0.2, ""shares"": 1.749117923691558, ""reason"": ""starter20""}]","[{""time"": ""2025-05-22 00:00:00+00:00"", ""price"": 94366.54868844815, ""shares"": 0.874558961845779, ""reason"": ""target1_partial""}, {""time"": ""2025-05-23 02:00:00+00:00"", ""price"": 93000.0, ""shares"": 0.874558961845779, ""reason"": ""time""}]"
KOSPI40_PIT_NORA_LEVEL_RR_A_RAW,352820.KS,352820,KOSPI,하이브,KRLEVEL_RR|352820|5T|2576|2579|2581,2025-05-21 00:00:00+00:00,1006397.3768868158,43835.999538509306,267325.7215763875,279500.0,279500.0,12174.278423612472,291674.2784236125,303848.55684722494,277000.0,5,0.0,402760.23023010365,421664.0028648118,402558.9507547263,421874.9403349793,412.2169455448528,True,True,False,2582,26,289000.0,1.0267548979129457,-0.5339125469147318,2025-05-27 01:00:00+00:00,289000.0,time,TIME,18903.772634708148,2,"[{""time"": ""2025-05-21 00:00:00+00:00"", ""price"": 279500.0, ""fraction"": 0.2, ""shares"": 0.7201412356971848, ""reason"": ""starter20""}, {""time"": ""2025-05-22 00:00:00+00:00"", ""price"": 274630.28863055503, ""fraction"": 0.2, ""shares"": 0.73291069379508, ""reason"": ""adverse20""}]","[{""time"": ""2025-05-26 00:00:00+00:00"", ""price"": 291674.2784236125, ""shares"": 0.7265259647461324, ""reason"": ""target1_partial""}, {""time"": ""2025-05-27 01:00:00+00:00"", ""price"": 289000.0, ""shares"": 0.7265259647461324, ""reason"": ""time""}]"
KOSPI40_PIT_NORA_LEVEL_RR_A_RAW,086790.KS,086790,KOSPI,하나금융지주,KRLEVEL_RR|086790|2T|2594|2595|2596,2025-05-23 03:00:00+00:00,1010059.8271447741,38627.71937312255,66457.4086039755,69100.0,69100.0,2642.5913960244943,71742.5913960245,74385.18279204899,68175.0,2,0.0,202112.9714116693,210008.7159338654,202011.96542895483,210113.77282027554,206.0628691246152,True,False,False,2597,26,72000.0,1.0974076447697325,-0.1513665716923769,2025-05-29 04:00:00+00:00,72000.0,time,TIME,7895.744522196095,1,"[{""time"": ""2025-05-23 03:00:00+00:00"", ""price"": 69100.0, ""fraction"": 0.2, ""shares"": 2.9234727269023852, ""reason"": ""starter20""}]","[{""time"": ""2025-05-29 02:00:00+00:00"", ""price"": 71742.5913960245, ""shares"": 1.4617363634511926, ""reason"": ""target1_partial""}, {""time"": ""2025-05-29 04:00:00+00:00"", ""price"": 72000.0, ""shares"": 1.4617363634511926, ""reason"": ""time""}]"
KOSPI40_PIT_NORA_LEVEL_RR_A_RAW,329180.KS,329180,KOSPI,HD현대중공업,KRLEVEL_RR|329180|3T|2601|2607|2608,2025-05-27 03:00:00+00:00,681889.8479347759,50632.79562013869,383721.8708811823,383721.8708811823,414500.0,30778.129118817684,445278.1291188177,476056.25823763537,406500.0,3,0.0,272892.3171434973,283469.82406611124,272755.93917391036,283611.6298810518,278.18378452748107,False,True,False,2609,26,424500.0,0.35739664219143924,-0.6173214728761223,2025-06-02 04:00:00+00:00,424500.0,time,TIME,10577.506922613946,2,"[{""time"": ""2025-05-27 03:00:00+00:00"", ""price"": 414500.0, ""fraction"": 0.2, ""shares"": 0.3290180207164178, ""reason"": ""starter20""}, {""time"": ""2025-05-28 04:00:00+00:00"", ""price"": 402188.7483524729, ""fraction"": 0.2, ""shares"": 0.3390894701694522, ""reason"": ""adverse20""}]","[{""time"": ""2025-06-02 04:00:00+00:00"", ""price"": 424500.0, ""shares"": 0.66810749088587, ""reason"": ""time""}]"
KOSPI40_PIT_NORA_LEVEL_RR_A_RAW,329180.KS,329180,KOSPI,HD현대중공업,KRLEVEL_RR|329180|3T|2631|2632|2634,2025-06-02 05:00:00+00:00,798259.8599931981,50838.973612795475,397464.7632553946,424500.0,424500.0,27035.236744605412,451535.2367446054,478570.4734892108,417500.0,3,0.0,319463.5959692779,333420.7730635995,319303.9439972793,333587.56684702303,326.4457554221512,True,True,False,2635,8,424000.0,1.1836404579066708,-0.5363370824889602,2025-06-05 01:00:00+00:00,424000.0,gap_stop,BE_STOP,13957.177094321582,2,"[{""time"": ""2025-06-02 05:00:00+00:00"", ""price"": 424500.0, ""fraction"": 0.2, ""shares"": 0.376094162540965, ""reason"": ""starter20""}, {""time"": ""2025-06-04 00:00:00+00:00"", ""price"": 413685.90530215786, ""fraction"": 0.2, ""shares"": 0.3859255777206845, ""reason"": ""adverse20""}]","[{""time"": ""2025-06-05 00:00:00+00:00"", ""price"": 451535.2367446054, ""shares"": 0.38100987013082477, ""reason"": ""target1_partial""}, {""time"": ""2025-06-05 01:00:00+00:00"", ""price"": 424000.0, ""shares"": 0.38100987013082477, ""reason"": ""gap_stop""}]"
KOSPI40_PIT_NORA_LEVEL_RR_A_RAW,003490.KS,003490,KOSPI,대한항공,KRLEVEL_RR|003490|5T|2618|2620|2622,2025-05-29 05:00:00+00:00,1013868.577487767,23067.774389481892,22354.542663737633,22875.0,22875.0,520.4573362623669,23395.457336262367,23915.914672524734,22750.0,5,0.0,1014375.5117765109,1038172.7819829301,1013868.577487767,1038692.1280469537,1026.2803527673605,True,True,True,2623,22,22950.0,1.2008669230957527,-0.912658861552772,2025-06-05 02:00:00+00:00,22875.0,stop,BE_STOP,23797.270206419285,3,"[{""time"": ""2025-05-29 05:00:00+00:00"", ""price"": 22875.0, ""fraction"": 0.2, ""shares"": 8.86442472120452, ""reason"": ""starter20""}, {""time"": ""2025-05-30 01:00:00+00:00"", ""price"": 22666.81706549505, ""fraction"": 0.2, ""shares"": 8.945839855311187, ""reason"": ""adverse20""}, {""time"": ""2025-06-02 00:00:00+00:00"", ""price"": 22458.634130990107, ""fraction"": 0.6, ""shares"": 27.086293090872033, ""reason"": ""support60""}]","[{""time"": ""2025-06-05 00:00:00+00:00"", ""price"": 23395.457336262367, ""shares"": 22.44827883369387, ""reason"": ""target1_partial""}, {""time"": ""2025-06-05 02:00:00+00:00"", ""price"": 22875.0, ""shares"": 22.44827883369387, ""reason"": ""stop""}]"
KOSPI40_PIT_NORA_LEVEL_RR_A_RAW,012330.KS,012330,KOSPI,현대모비스,KRLEVEL_RR|012330|2T|2636|2640|2642,2025-06-05 01:00:00+00:00,1003152.5052839477,51259.72650196648,240309.2699831333,253250.0,253250.0,12940.730016866699,266190.7300168667,279131.4600337334,249000.0,2,0.0,200730.81630731793,215900.4147978758,200630.50105678954,216008.4190073795,208.31946003208452,True,False,False,2643,6,266500.0,2.183029857139396,-0.01931884829326899,2025-06-09 00:00:00+00:00,279131.4600337334,target2,WIN,15169.598490557866,1,"[{""time"": ""2025-06-05 01:00:00+00:00"", ""price"": 253250.0, ""fraction"": 0.2, ""shares"": 0.7922231038767603, ""reason"": ""starter20""}]","[{""time"": ""2025-06-09 00:00:00+00:00"", ""price"": 266190.7300168667, ""shares"": 0.39611155193838016, ""reason"": ""target1_partial""}, {""time"": ""2025-06-09 00:00:00+00:00"", ""price"": 279131.4600337334, ""shares"": 0.39611155193838016, ""reason"": ""target2""}]"
KOSPI40_PIT_NORA_LEVEL_RR_A_RAW,018260.KS,018260,KOSPI,삼성에스디에스,KRLEVEL_RR|018260|5T|2631|2632|2634,2025-06-02 05:00:00+00:00,1016799.8082520746,21550.53097279123,130376.89686575535,133200.0,133200.0,2823.1031342446513,136023.10313424465,138846.2062684893,131300.0,5,0.0,406923.2832624803,421233.58213405695,406719.9233008299,421444.3042862001,414.082113793515,True,True,False,2635,14,135500.0,2.2315869100140495,-0.4959082022253444,2025-06-09 00:00:00+00:00,138846.2062684893,target2,WIN,14310.29887157667,2,"[{""time"": ""2025-06-02 05:00:00+00:00"", ""price"": 133200.0, ""fraction"": 0.2, ""shares"": 1.526726438816929, ""reason"": ""starter20""}, {""time"": ""2025-06-05 00:00:00+00:00"", ""price"": 132070.75874630213, ""fraction"": 0.2, ""shares"": 1.5397803691054273, ""reason"": ""adverse20""}]","[{""time"": ""2025-06-09 00:00:00+00:00"", ""price"": 136023.10313424465, ""shares"": 1.533253403961178, ""reason"": ""target1_partial""}, {""time"": ""2025-06-09 00:00:00+00:00"", ""price"": 138846.2062684893, ""shares"": 1.533253403961178, ""reason"": ""target2""}]"
KOSPI40_PIT_NORA_LEVEL_RR_A_RAW,068270.KS,068270,KOSPI,셀트리온,KRLEVEL_RR|068270|2T|2657|2663|2665,2025-06-12 00:00:00+00:00,1031825.090391503,19045.982016111557,150316.06617844626,153142.859375,153142.859375,2826.7931965537427,155969.65257155374,158796.4457681075,153523.8203125,2,0.0,206468.20058733976,208165.48147177178,206365.0180783006,208269.61627991174,207.31731717910617,True,False,False,2666,7,154571.4375,1.5834915445732356,0.0,2025-06-13 00:00:00+00:00,153142.859375,stop,BE_STOP,1697.2808844320243,1,"[{""time"": ""2025-06-12 00:00:00+00:00"", ""price"": 153142.859375, ""fraction"": 0.2, ""shares"": 1.347532747661292, ""reason"": ""starter20""}]","[{""time"": ""2025-06-12 02:00:00+00:00"", ""price"": 155969.65257155374, ""shares"": 0.673766373830646, ""reason"": ""target1_partial""}, {""time"": ""2025-06-13 00:00:00+00:00"", ""price"": 153142.859375, ""shares"": 0.673766373830646, ""reason"": ""stop""}]"
KOSPI40_PIT_NORA_LEVEL_RR_A_RAW,066570.KS,066570,KOSPI,LG전자,KRLEVEL_RR|066570|4T|2642|2646|2648,2025-06-09 01:00:00+00:00,1029273.0660505551,28878.706582501385,70951.81118591609,73000.0,73000.0,2048.1888140839146,75048.18881408391,77096.37762816783,72050.0,4,0.0,205957.5405167161,208638.11262642697,205854.61321011104,208742.48386836116,207.2985485392361,True,False,False,2649,24,74200.0,1.7088268307750871,-0.19529449494572423,2025-06-13 00:00:00+00:00,73000.0,stop,BE_STOP,2680.5721097108617,1,"[{""time"": ""2025-06-09 01:00:00+00:00"", ""price"": 73000.0, ""fraction"": 0.2, ""shares"": 2.8199262083576855, ""reason"": ""starter20""}]","[{""time"": ""2025-06-12 00:00:00+00:00"", ""price"": 75048.18881408391, ""shares"": 1.4099631041788427, ""reason"": ""target1_partial""}, {""time"": ""2025-06-13 00:00:00+00:00"", ""price"": 73000.0, ""shares"": 1.4099631041788427, ""reason"": ""stop""}]"
KOSPI40_PIT_NORA_LEVEL_RR_A_RAW,000270.KS,000270,KOSPI,기아,KRLEVEL_RR|000270|2T|2643|2647|2648,2025-06-09 01:00:00+00:00,917083.9728199472,51464.57038650057,89857.60252495791,89857.60252495791,95200.0,5342.397475042089,100542.39747504209,105884.79495008418,92750.0,2,0.0,183508.50296127144,186598.74841968436,183416.79456398945,186692.09446691783,185.05444451545364,False,False,False,2649,26,96900.0,0.7112911418052178,-0.2059000673646683,2025-06-13 02:00:00+00:00,96900.0,time,TIME,3090.2454584129155,1,"[{""time"": ""2025-06-09 01:00:00+00:00"", ""price"": 95200.0, ""fraction"": 0.2, ""shares"": 1.9266470017225783, ""reason"": ""starter20""}]","[{""time"": ""2025-06-13 02:00:00+00:00"", ""price"": 96900.0, ""shares"": 1.9266470017225783, ""reason"": ""time""}]"
KOSPI40_PIT_NORA_LEVEL_RR_A_RAW,005380.KS,005380,KOSPI,현대차,KRLEVEL_RR|005380|4T|2673|2677|2679,2025-06-16 02:00:00+00:00,1030674.0163506877,29203.134685525314,195304.86266397408,201000.0,201000.0,5695.137336025917,206695.13733602592,212390.27467205183,198150.0,4,0.0,206237.87067177263,208950.58918032073,206134.80327013755,209055.11673869006,207.59496000441382,True,False,False,2680,11,202500.0,1.2291187353323108,-0.26338258614263804,2025-06-18 00:00:00+00:00,201000.0,stop,BE_STOP,2712.7185085481033,1,"[{""time"": ""2025-06-16 02:00:00+00:00"", ""price"": 201000.0, ""fraction"": 0.2, ""shares"": 1.0255462849260575, ""reason"": ""starter20""}]","[{""time"": ""2025-06-17 03:00:00+00:00"", ""price"": 206695.13733602592, ""shares"": 0.5127731424630287, ""reason"": ""target1_partial""}, {""time"": ""2025-06-18 00:00:00+00:00"", ""price"": 201000.0, ""shares"": 0.5127731424630287, ""reason"": ""stop""}]"
KOSPI40_PIT_NORA_LEVEL_RR_A_RAW,010130.KS,010130,KOSPI,고려아연,KRLEVEL_RR|010130|4T|2673|2675|2677,2025-06-16 00:00:00+00:00,903605.6984568771,51539.25137102613,750598.2897613448,796000.0,796000.0,45401.710238655214,841401.7102386552,886803.4204773104,774500.0,4,0.0,361623.0005224422,381870.6978338513,361442.27938275086,382061.72869820043,371.7520040404757,True,True,False,2678,26,822000.0,1.6298945482673928,-0.7048192641156293,2025-06-20 01:00:00+00:00,822000.0,time,TIME,20247.69731140911,2,"[{""time"": ""2025-06-16 00:00:00+00:00"", ""price"": 796000.0, ""fraction"": 0.2, ""shares"": 0.22703660765248168, ""reason"": ""starter20""}, {""time"": ""2025-06-16 00:00:00+00:00"", ""price"": 777839.3159045379, ""fraction"": 0.2, ""shares"": 0.23233736839493319, ""reason"": ""adverse20""}]","[{""time"": ""2025-06-17 00:00:00+00:00"", ""price"": 841401.7102386552, ""shares"": 0.22968698802370743, ""reason"": ""target1_partial""}, {""time"": ""2025-06-20 01:00:00+00:00"", ""price"": 822000.0, ""shares"": 0.22968698802370743, ""reason"": ""time""}]"
KOSPI40_PIT_NORA_LEVEL_RR_A_RAW,068270.KS,068270,KOSPI,셀트리온,KRLEVEL_RR|068270|2T|2680|2682|2683,2025-06-17 00:00:00+00:00,1033349.811431285,14851.499318004966,151317.33917275065,153523.8125,153523.8125,2206.4733272493468,155730.28582724935,157936.7591544987,153523.8203125,2,0.0,413546.5945348003,416276.93434550136,413339.924572514,416485.1769339683,414.91255075324113,True,True,False,2684,24,152761.90625,1.1654061113014351,-0.690609979817716,2025-06-23 00:00:00+00:00,152761.90625,gap_stop,BE_STOP,2730.339810701087,2,"[{""time"": ""2025-06-17 00:00:00+00:00"", ""price"": 153523.8125, ""fraction"": 0.2, ""shares"": 1.3461752865618617, ""reason"": ""starter20""}, {""time"": ""2025-06-19 00:00:00+00:00"", ""price"": 152641.22316910027, ""fraction"": 0.2, ""shares"": 1.3539590288614378, ""reason"": ""adverse20""}]","[{""time"": ""2025-06-20 00:00:00+00:00"", ""price"": 155730.28582724935, ""shares"": 1.3500671577116496, ""reason"": ""target1_partial""}, {""time"": ""2025-06-23 00:00:00+00:00"", ""price"": 152761.90625, ""shares"": 1.3500671577116496, ""reason"": ""gap_stop""}]"
KOSPI40_PIT_NORA_LEVEL_RR_A_RAW,373220.KS,373220,KOSPI,LG에너지솔루션,KRLEVEL_RR|373220|2T|2683|2688|2690,2025-06-18 01:00:00+00:00,1036263.0879111668,25893.781207691783,287141.1365466692,294500.0,294500.0,7358.863453330821,301858.8634533308,309217.72690666164,291250.0,2,0.0,414712.487782049,421591.648741092,414505.2351644668,421802.55001610005,418.1538925902834,True,True,False,2691,18,298500.0,1.5627413217994672,-0.7473980234693104,2025-06-23 00:00:00+00:00,294500.0,stop,BE_STOP,6879.160959043016,2,"[{""time"": ""2025-06-18 01:00:00+00:00"", ""price"": 294500.0, ""fraction"": 0.2, ""shares"": 0.703744032537295, ""reason"": ""starter20""}, {""time"": ""2025-06-18 03:00:00+00:00"", ""price"": 291556.45461866766, ""fraction"": 0.2, ""shares"": 0.7108490115689707, ""reason"": ""adverse20""}]","[{""time"": ""2025-06-20 02:00:00+00:00"", ""price"": 301858.8634533308, ""shares"": 0.7072965220531329, ""reason"": ""target1_partial""}, {""time"": ""2025-06-23 00:00:00+00:00"", ""price"": 294500.0, ""shares"": 0.7072965220531329, ""reason"": ""stop""}]"
KOSPI40_PIT_NORA_LEVEL_RR_A_RAW,010950.KS,010950,KOSPI,S-Oil,KRLEVEL_RR|010950|2T|2706|2707|2708,2025-06-23 01:00:00+00:00,1036174.6729863156,46164.912074317464,59810.96879590451,59810.96879590451,62600.0,2789.0312040954886,65389.03120409549,68178.06240819098,61600.0,2,0.0,207338.55206456175,193896.08919833737,207234.9345972631,193993.08574120796,200.61401016923554,False,False,False,2709,5,58600.0,0.21512846436387797,-0.17927372030323163,2025-06-24 00:00:00+00:00,58600.0,gap_stop,LOSS,-13442.462866224378,1,"[{""time"": ""2025-06-23 01:00:00+00:00"", ""price"": 62600.0, ""fraction"": 0.2, ""shares"": 3.310462214013788, ""reason"": ""starter20""}]","[{""time"": ""2025-06-24 00:00:00+00:00"", ""price"": 58600.0, ""shares"": 3.310462214013788, ""reason"": ""gap_stop""}]"
KOSPI40_PIT_NORA_LEVEL_RR_A_RAW,003670.KS,003670,KOSPI,포스코퓨처엠,KRLEVEL_RR|003670|5T|2699|2703|2704,2025-06-20 03:00:00+00:00,622615.5782736812,51951.89287346292,118511.03168159725,118511.03168159725,129300.0,10788.968318402753,140088.96831840277,150877.9366368055,127400.0,5,0.0,249170.75442512723,251848.34786418584,249046.2313094725,251974.3350317017,250.5102831705871,False,True,False,2705,26,128600.0,0.3244054386581196,-0.5839297895846153,2025-06-26 04:00:00+00:00,128600.0,time,TIME,2677.5934390586044,2,"[{""time"": ""2025-06-20 03:00:00+00:00"", ""price"": 129300.0, ""fraction"": 0.2, ""shares"": 0.9630558055277358, ""reason"": ""starter20""}, {""time"": ""2025-06-23 00:00:00+00:00"", ""price"": 124984.4126726389, ""fraction"": 0.2, ""shares"": 0.996309163614579, ""reason"": ""adverse20""}]","[{""time"": ""2025-06-26 04:00:00+00:00"", ""price"": 128600.0, ""shares"": 1.9593649691423147, ""reason"": ""time""}]"
KOSPI40_PIT_NORA_LEVEL_RR_A_RAW,352820.KS,352820,KOSPI,하이브,KRLEVEL_RR|352820|2T|2709|2712|2714,2025-06-24 01:00:00+00:00,1035602.2945797442,41284.70946937595,297161.6557846107,297161.6557846107,309500.0,12338.344215389283,321838.3442153893,334176.68843077857,301750.0,2,0.0,1036120.0957270341,1050345.0587392433,1035602.2945797442,1050870.4939862364,1043.2363942829902,False,True,True,2715,26,307000.0,0.5268129893711934,-0.972577826531434,2025-06-30 02:00:00+00:00,307000.0,time,TIME,14224.963012209162,3,"[{""time"": ""2025-06-24 01:00:00+00:00"", ""price"": 309500.0, ""fraction"": 0.2, ""shares"": 0.6692098834117896, ""reason"": ""starter20""}, {""time"": ""2025-06-26 01:00:00+00:00"", ""price"": 304564.6623138443, ""fraction"": 0.2, ""shares"": 0.6800541380684465, ""reason"": ""adverse20""}, {""time"": ""2025-06-27 00:00:00+00:00"", ""price"": 299629.32462768856, ""fraction"": 0.6, ""shares"": 2.0737669035563644, ""reason"": ""support60""}]","[{""time"": ""2025-06-30 02:00:00+00:00"", ""price"": 307000.0, ""shares"": 3.4230309250366004, ""reason"": ""time""}]"
KOSPI40_PIT_NORA_LEVEL_RR_A_RAW,034020.KS,034020,KOSPI,두산에너빌리티,KRLEVEL_RR|034020|2T|2738|2740|2741,2025-06-30 04:00:00+00:00,713631.6268917929,51944.034852981225,63328.55892764887,63328.55892764887,68300.0,4971.441072351132,73271.44107235112,78242.88214470226,66800.0,2,0.0,285595.3770820955,268509.31129200786,285452.65075671714,268643.63310856215,277.0481419326396,False,True,False,2742,8,65700.0,0.2011489194876592,-0.522987190667914,2025-07-01 05:00:00+00:00,63328.55892764887,stop,LOSS,-17086.065790087625,2,"[{""time"": ""2025-06-30 04:00:00+00:00"", ""price"": 68300.0, ""fraction"": 0.2, ""shares"": 2.0896972969012966, ""reason"": ""starter20""}, {""time"": ""2025-07-01 04:00:00+00:00"", ""price"": 66311.42357105955, ""fraction"": 0.2, ""shares"": 2.1523640677901077, ""reason"": ""adverse20""}]","[{""time"": ""2025-07-01 05:00:00+00:00"", ""price"": 63328.55892764887, ""shares"": 4.242061364691404, ""reason"": ""stop""}]"
KOSPI40_PIT_NORA_LEVEL_RR_A_RAW,028260.KS,028260,KOSPI,삼성물산,KRLEVEL_RR|028260|2T|2729|2730|2731,2025-06-27 00:00:00+00:00,1034831.3873094574,41408.302700022796,155421.64585521127,161900.0,161900.0,6478.3541447887255,168378.35414478873,174856.70828957745,158750.0,2,0.0,414139.5212012449,425435.2954255892,413932.554923783,425648.1194853318,419.79033720455743,True,True,False,2732,19,165000.0,1.8060142651218962,-0.5093886388805348,2025-07-02 00:00:00+00:00,161900.0,stop,BE_STOP,11295.774224344292,2,"[{""time"": ""2025-06-27 00:00:00+00:00"", ""price"": 161900.0, ""fraction"": 0.2, ""shares"": 1.2783587242859265, ""reason"": ""starter20""}, {""time"": ""2025-06-27 03:00:00+00:00"", ""price"": 159308.6583420845, ""fraction"": 0.2, ""shares"": 1.2991527241254615, ""reason"": ""adverse20""}]","[{""time"": ""2025-07-01 00:00:00+00:00"", ""price"": 168378.35414478873, ""shares"": 1.288755724205694, ""reason"": ""target1_partial""}, {""time"": ""2025-07-02 00:00:00+00:00"", ""price"": 161900.0, ""shares"": 1.288755724205694, ""reason"": ""stop""}]"
KOSPI40_PIT_NORA_LEVEL_RR_A_RAW,012330.KS,012330,KOSPI,현대모비스,KRLEVEL_RR|012330|4T|2744|2748|2750,2025-07-02 01:00:00+00:00,995906.4505523191,51840.61172414498,283435.94486517983,283435.94486517983,299000.0,15564.05513482017,314564.05513482017,330128.11026964034,290250.0,4,0.0,398561.7615110381,399032.1971551236,398362.58022092766,399231.8130616544,398.79719664129107,False,True,False,2751,26,296500.0,0.3855036459345802,-0.7067566842133971,2025-07-08 02:00:00+00:00,296500.0,time,TIME,470.4356440854608,2,"[{""time"": ""2025-07-02 01:00:00+00:00"", ""price"": 299000.0, ""fraction"": 0.2, ""shares"": 0.6661581609045613, ""reason"": ""starter20""}, {""time"": ""2025-07-07 00:00:00+00:00"", ""price"": 292774.3779460719, ""fraction"": 0.2, ""shares"": 0.6803235020352512, ""reason"": ""adverse20""}]","[{""time"": ""2025-07-08 02:00:00+00:00"", ""price"": 296500.0, ""shares"": 1.3464816629398124, ""reason"": ""time""}]"
KOSPI40_PIT_NORA_LEVEL_RR_A_RAW,003490.KS,003490,KOSPI,대한항공,KRLEVEL_RR|003490|7T|2748|2749|2750,2025-07-02 01:00:00+00:00,1036832.9711423226,32108.602162259092,22578.44652783718,23300.0,23300.0,721.553472162821,24021.55347216282,24743.106944325642,22950.0,7,0.0,207470.27752557877,212028.86140042887,207366.59422846453,212134.92886486131,209.75076154666294,True,False,False,2751,26,23650.0,1.1780138725577287,-0.13858986735973278,2025-07-08 02:00:00+00:00,23650.0,time,TIME,4558.583874850097,1,"[{""time"": ""2025-07-02 01:00:00+00:00"", ""price"": 23300.0, ""fraction"": 0.2, ""shares"": 8.899853829547833, ""reason"": ""starter20""}]","[{""time"": ""2025-07-03 01:00:00+00:00"", ""price"": 24021.55347216282, ""shares"": 4.449926914773917, ""reason"": ""target1_partial""}, {""time"": ""2025-07-08 02:00:00+00:00"", ""price"": 23650.0, ""shares"": 4.449926914773917, ""reason"": ""time""}]"
KOSPI40_PIT_NORA_LEVEL_RR_A_RAW,000270.KS,000270,KOSPI,기아,KRLEVEL_RR|000270|2T|2776|2777|2779,2025-07-09 00:00:00+00:00,1037696.4024448751,2357.9935543170895,98076.62949795021,98076.62949795021,98300.0,223.37050204978732,98523.37050204979,98746.74100409957,98350.0,2,0.0,207643.0501292195,206964.14793722256,207539.28048897503,207067.6817781116,207.30348113354333,False,False,False,2780,1,98300.0,0.0,0.0,2025-07-09 00:00:00+00:00,98076.62949795021,stop,LOSS,-678.9021919969528,1,"[{""time"": ""2025-07-09 00:00:00+00:00"", ""price"": 98300.0, ""fraction"": 0.2, ""shares"": 2.1112846438349444, ""reason"": ""starter20""}]","[{""time"": ""2025-07-09 00:00:00+00:00"", ""price"": 98076.62949795021, ""shares"": 2.1112846438349444, ""reason"": ""stop""}]"
KOSPI40_PIT_NORA_LEVEL_RR_A_RAW,005930.KS,005930,KOSPI,삼성전자,KRLEVEL_RR|005930|3T|2783|2785|2786,2025-07-10 01:00:00+00:00,1038890.0470081908,11829.148838144753,60058.28022273696,60750.0,60750.0,691.7197772630388,61441.71977726304,62133.43955452608,60600.0,3,0.0,207881.898406339,211221.09067605506,207778.00940163818,211326.75405308162,209.5523817273599,True,False,False,2787,6,61300.0,2.9636278553597735,-0.21685081868486147,2025-07-11 00:00:00+00:00,62133.43955452608,target2,WIN,3339.1922697160626,1,"[{""time"": ""2025-07-10 01:00:00+00:00"", ""price"": 60750.0, ""fraction"": 0.2, ""shares"": 3.4202141465290237, ""reason"": ""starter20""}]","[{""time"": ""2025-07-11 00:00:00+00:00"", ""price"": 61441.71977726304, ""shares"": 1.7101070732645118, ""reason"": ""target1_partial""}, {""time"": ""2025-07-11 00:00:00+00:00"", ""price"": 62133.43955452608, ""shares"": 1.7101070732645118, ""reason"": ""target2""}]"
KOSPI40_PIT_NORA_LEVEL_RR_A_RAW,323410.KS,323410,KOSPI,카카오뱅크,KRLEVEL_RR|323410|2T|2769|2774|2776,2025-07-08 03:00:00+00:00,1037818.0182706086,38556.98454696,29174.295289534795,30300.0,30300.0,1125.7047104652047,31425.704710465205,32551.40942093041,29550.0,2,0.0,415334.7709118976,441346.19296786364,415127.2073082435,441566.97645609174,428.3470918821676,True,True,False,2777,16,34000.0,3.997495931362272,-0.666249321893712,2025-07-11 00:00:00+00:00,32551.40942093041,target2,WIN,26011.422055966046,2,"[{""time"": ""2025-07-08 03:00:00+00:00"", ""price"": 30300.0, ""fraction"": 0.2, ""shares"": 6.850283948980916, ""reason"": ""starter20""}, {""time"": ""2025-07-09 00:00:00+00:00"", ""price"": 29849.718115813917, ""fraction"": 0.2, ""shares"": 6.95362022679061, ""reason"": ""adverse20""}]","[{""time"": ""2025-07-11 00:00:00+00:00"", ""price"": 31425.704710465205, ""shares"": 6.901952087885763, ""reason"": ""target1_partial""}, {""time"": ""2025-07-11 00:00:00+00:00"", ""price"": 32551.40942093041, ""shares"": 6.901952087885763, ""reason"": ""target2""}]"
KOSPI40_PIT_NORA_LEVEL_RR_A_RAW,032830.KS,032830,KOSPI,삼성생명,KRLEVEL_RR|032830|3T|2768|2774|2776,2025-07-08 03:00:00+00:00,1037838.7750461097,44848.54938281539,122755.71988234919,128300.0,128300.0,5544.280117650807,133844.2801176508,139388.56023530161,124400.0,3,0.0,207671.53888672657,220911.80866415455,207567.75500922196,221022.3198240666,214.29503741664428,True,False,False,2777,22,131500.0,3.33677224227962,-0.0721464268600999,2025-07-14 00:00:00+00:00,139388.56023530161,target2,WIN,13240.26977742798,1,"[{""time"": ""2025-07-08 03:00:00+00:00"", ""price"": 128300.0, ""fraction"": 0.2, ""shares"": 1.6178312939144346, ""reason"": ""starter20""}]","[{""time"": ""2025-07-09 00:00:00+00:00"", ""price"": 133844.2801176508, ""shares"": 0.8089156469572173, ""reason"": ""target1_partial""}, {""time"": ""2025-07-14 00:00:00+00:00"", ""price"": 139388.56023530161, ""shares"": 0.8089156469572173, ""reason"": ""target2""}]"
KOSPI40_PIT_NORA_LEVEL_RR_A_RAW,000270.KS,000270,KOSPI,기아,KRLEVEL_RR|000270|2T|2792|2796|2798,2025-07-14 01:00:00+00:00,1046686.222749826,20943.20892070608,99077.08389022193,101100.0,101100.0,2022.9161097780743,103122.91610977807,105145.83221955615,100600.0,2,0.0,209441.9131722402,211325.8496593148,209337.24454996522,211431.5654420358,210.3844049960005,True,False,False,2799,6,102100.0,1.0875389193679181,0.0,2025-07-15 00:00:00+00:00,101100.0,stop,BE_STOP,1883.9364870745922,1,"[{""time"": ""2025-07-14 01:00:00+00:00"", ""price"": 101100.0, ""fraction"": 0.2, ""shares"": 2.070595890701931, ""reason"": ""starter20""}]","[{""time"": ""2025-07-14 05:00:00+00:00"", ""price"": 103122.91610977807, ""shares"": 1.0352979453509654, ""reason"": ""target1_partial""}, {""time"": ""2025-07-15 00:00:00+00:00"", ""price"": 101100.0, ""shares"": 1.0352979453509654, ""reason"": ""stop""}]"
KOSPI40_PIT_NORA_LEVEL_RR_A_RAW,105560.KS,105560,KOSPI,KB금융,KRLEVEL_RR|105560|2T|2798|2800|2802,2025-07-14 05:00:00+00:00,1047687.4580332626,26131.372138652474,115934.40169731693,115934.40169731693,118900.0,2965.5983026830654,121865.59830268307,124831.19660536613,118100.0,2,0.0,1048211.3017622791,1035576.1634961092,1047687.4580332625,1036094.2106014099,1041.8908343173362,False,True,True,2803,8,117500.0,0.3372000850874746,-0.9778802467536765,2025-07-16 00:00:00+00:00,115934.40169731693,stop,LOSS,-12635.138266169932,3,"[{""time"": ""2025-07-14 05:00:00+00:00"", ""price"": 118900.0, ""fraction"": 0.2, ""shares"": 1.7623001817212156, ""reason"": ""starter20""}, {""time"": ""2025-07-15 00:00:00+00:00"", ""price"": 117713.76067892677, ""fraction"": 0.2, ""shares"": 1.780059445880605, ""reason"": ""adverse20""}, {""time"": ""2025-07-15 00:00:00+00:00"", ""price"": 116527.52135785355, ""fraction"": 0.6, ""shares"": 5.394540856056673, ""reason"": ""support60""}]","[{""time"": ""2025-07-16 00:00:00+00:00"", ""price"": 115934.40169731693, ""shares"": 8.936900483658494, ""reason"": ""stop""}]"
KOSPI40_PIT_NORA_LEVEL_RR_A_RAW,000660.KS,000660,KOSPI,SK하이닉스,KRLEVEL_RR|000660|2T|2809|2811|2813,2025-07-16 04:00:00+00:00,1043979.8965951875,14823.488736589756,291550.6405984019,291550.6405984019,295750.0,4199.359401598107,299949.3594015981,304148.7188031962,294500.0,2,0.0,208900.37730869703,200047.5513334866,208795.97931903752,200147.62514605964,204.47180223254858,False,False,False,2814,2,283500.0,0.41673022778998636,-0.1785986690528513,2025-07-17 00:00:00+00:00,283500.0,gap_stop,LOSS,-8852.825975210435,1,"[{""time"": ""2025-07-16 04:00:00+00:00"", ""price"": 295750.0, ""fraction"": 0.2, ""shares"": 0.7059880957532968, ""reason"": ""starter20""}]","[{""time"": ""2025-07-17 00:00:00+00:00"", ""price"": 283500.0, ""shares"": 0.7059880957532968, ""reason"": ""gap_stop""}]"
KOSPI40_PIT_NORA_LEVEL_RR_A_RAW,010950.KS,010950,KOSPI,S-Oil,KRLEVEL_RR|010950|3T|2800|2802|2804,2025-07-15 01:00:00+00:00,1048222.0517212618,13815.147860531366,62761.7774091978,62761.7774091978,63600.0,838.222590802201,64438.2225908022,65276.4451816044,63100.0,3,0.0,419498.465098849,414651.75771051826,419288.8206885047,414859.18730417034,417.0740039963375,False,True,False,2805,12,63400.0,0.0,-0.7158003215181593,2025-07-17 00:00:00+00:00,62761.7774091978,stop,LOSS,-4846.707388330717,2,"[{""time"": ""2025-07-15 01:00:00+00:00"", ""price"": 63600.0, ""fraction"": 0.2, ""shares"": 3.296295760129754, ""reason"": ""starter20""}, {""time"": ""2025-07-15 01:00:00+00:00"", ""price"": 63264.71096367912, ""fraction"": 0.2, ""shares"": 3.313765401767365, ""reason"": ""adverse20""}]","[{""time"": ""2025-07-17 00:00:00+00:00"", ""price"": 62761.7774091978, ""shares"": 6.610061161897119, ""reason"": ""stop""}]"
KOSPI40_PIT_NORA_LEVEL_RR_A_RAW,017670.KS,017670,KOSPI,SK텔레콤,KRLEVEL_RR|017670|2T|2787|2790|2792,2025-07-11 01:00:00+00:00,963451.5587002975,52255.090782113126,52678.977790549085,52678.977790549085,55700.0,3021.0222094509154,58721.022209450915,61742.04441890183,55200.0,2,0.0,192786.65689592954,193631.27699667166,192690.31174005952,193728.14106720526,193.20922640363239,False,False,False,2793,26,56000.0,0.39721654354143443,-0.09930413588535861,2025-07-17 02:00:00+00:00,56000.0,time,TIME,844.6201007421187,1,"[{""time"": ""2025-07-11 01:00:00+00:00"", ""price"": 55700.0, ""fraction"": 0.2, ""shares"": 3.459431090485808, ""reason"": ""starter20""}]","[{""time"": ""2025-07-17 02:00:00+00:00"", ""price"": 56000.0, ""shares"": 3.459431090485808, ""reason"": ""time""}]"
KOSPI40_PIT_NORA_LEVEL_RR_A_RAW,207940.KS,207940,KOSPI,삼성바이오로직스,KRLEVEL_RR|207940|8T|2816|2817|2818,2025-07-17 03:00:00+00:00,1041499.948419953,21296.228139869883,1034407.2798564992,1056000.0,1056000.0,21592.720143500832,1077592.7201435007,1099185.4402870017,1037500.0,8,0.0,208404.1396788326,210324.39769172858,208299.9896839906,210429.61249797756,209.3648010909841,True,False,False,2819,4,1080000.0,1.2967333348423769,-0.23155952407899585,2025-07-18 00:00:00+00:00,1056000.0,stop,BE_STOP,1920.258012895967,1,"[{""time"": ""2025-07-17 03:00:00+00:00"", ""price"": 1056000.0, ""fraction"": 0.2, ""shares"": 0.19725377810983957, ""reason"": ""starter20""}]","[{""time"": ""2025-07-17 05:00:00+00:00"", ""price"": 1077592.7201435007, ""shares"": 0.09862688905491979, ""reason"": ""target1_partial""}, {""time"": ""2025-07-18 00:00:00+00:00"", ""price"": 1056000.0, ""shares"": 0.09862688905491979, ""reason"": ""stop""}]"
KOSPI40_PIT_NORA_LEVEL_RR_A_RAW,006400.KS,006400,KOSPI,삼성SDI,KRLEVEL_RR|006400|4T|2817|2819|2820,2025-07-17 05:00:00+00:00,1042084.6056970144,12403.733714075228,175881.30005084508,178000.0,178000.0,2118.6999491549213,180118.69994915492,182237.39989830984,176900.0,4,0.0,208521.1295999726,212031.97223299864,208416.9211394029,212138.04125362547,210.27748119651417,True,False,False,2821,2,180700.0,2.9735215703917204,-0.23599377542791433,2025-07-18 00:00:00+00:00,182237.39989830984,target2,WIN,3510.842633026041,1,"[{""time"": ""2025-07-17 05:00:00+00:00"", ""price"": 178000.0, ""fraction"": 0.2, ""shares"": 1.1708815794348477, ""reason"": ""starter20""}]","[{""time"": ""2025-07-18 00:00:00+00:00"", ""price"": 180118.69994915492, ""shares"": 0.5854407897174239, ""reason"": ""target1_partial""}, {""time"": ""2025-07-18 00:00:00+00:00"", ""price"": 182237.39989830984, ""shares"": 0.5854407897174239, ""reason"": ""target2""}]"
KOSPI40_PIT_NORA_LEVEL_RR_A_RAW,000270.KS,000270,KOSPI,기아,KRLEVEL_RR|000270|5T|2817|2818|2820,2025-07-17 05:00:00+00:00,1042105.4478059706,13332.470397440246,99411.66610648771,99411.66610648771,100700.0,1288.3338935122883,101988.33389351229,103276.66778702458,99800.0,5,0.0,1042626.5005298735,1035696.2797185222,1042105.4478059706,1036214.3869119782,1039.1599173589743,False,True,True,2821,7,99900.0,0.5433374092888625,-0.8538159288824982,2025-07-18 05:00:00+00:00,99411.66610648771,stop,LOSS,-6930.220811351319,3,"[{""time"": ""2025-07-17 05:00:00+00:00"", ""price"": 100700.0, ""fraction"": 0.2, ""shares"": 2.0697228357616098, ""reason"": ""starter20""}, {""time"": ""2025-07-17 05:00:00+00:00"", ""price"": 100184.66644259509, ""fraction"": 0.2, ""shares"": 2.0803691519062704, ""reason"": ""adverse20""}, {""time"": ""2025-07-18 02:00:00+00:00"", ""price"": 99669.33288519018, ""fraction"": 0.6, ""shares"": 6.273376680506406, ""reason"": ""support60""}]","[{""time"": ""2025-07-18 05:00:00+00:00"", ""price"": 99411.66610648771, ""shares"": 10.423468668174285, ""reason"": ""stop""}]"
KOSPI40_PIT_NORA_LEVEL_RR_A_RAW,009540.KS,009540,KOSPI,HD한국조선해양,KRLEVEL_RR|009540|2T|2817|2818|2819,2025-07-17 04:00:00+00:00,1041794.7244659603,27680.697534179737,322205.26273685036,331000.0,331000.0,8794.73726314964,339794.73726314964,348589.4745262993,327750.0,2,0.0,416926.2487312773,424309.74763077573,416717.8897863841,424522.0086350933,420.61994921073875,True,True,False,2820,19,339500.0,1.5918610847717594,-0.568521815989914,2025-07-22 04:00:00+00:00,331000.0,stop,BE_STOP,7383.498899498431,2,"[{""time"": ""2025-07-17 04:00:00+00:00"", ""price"": 331000.0, ""fraction"": 0.2, ""shares"": 0.629483217199976, ""reason"": ""starter20""}, {""time"": ""2025-07-18 00:00:00+00:00"", ""price"": 327482.10509474017, ""fraction"": 0.2, ""shares"": 0.6362452837931833, ""reason"": ""adverse20""}]","[{""time"": ""2025-07-21 04:00:00+00:00"", ""price"": 339794.73726314964, ""shares"": 0.6328642504965797, ""reason"": ""target1_partial""}, {""time"": ""2025-07-22 04:00:00+00:00"", ""price"": 331000.0, ""shares"": 0.6328642504965797, ""reason"": ""stop""}]"
KOSPI40_PIT_NORA_LEVEL_RR_A_RAW,329180.KS,329180,KOSPI,HD현대중공업,KRLEVEL_RR|329180|2T|2817|2820|2822,2025-07-18 01:00:00+00:00,1043191.7250973674,48378.36331145789,387648.42726127635,406500.0,406500.0,18851.572738723655,425351.57273872365,444203.1454774473,399250.0,2,0.0,208742.66419198323,213369.44325994395,208638.3450194735,213476.18135061924,211.0572631850464,True,False,False,2823,18,420000.0,1.0874424263759306,-0.1856609020641833,2025-07-23 00:00:00+00:00,406500.0,stop,BE_STOP,4626.779067960713,1,"[{""time"": ""2025-07-18 01:00:00+00:00"", ""price"": 406500.0, ""fraction"": 0.2, ""shares"": 0.5132554613025178, ""reason"": ""starter20""}]","[{""time"": ""2025-07-21 04:00:00+00:00"", ""price"": 425351.57273872365, ""shares"": 0.2566277306512589, ""reason"": ""target1_partial""}, {""time"": ""2025-07-23 00:00:00+00:00"", ""price"": 406500.0, ""shares"": 0.2566277306512589, ""reason"": ""stop""}]"
KOSPI40_PIT_NORA_LEVEL_RR_A_RAW,034020.KS,034020,KOSPI,두산에너빌리티,KRLEVEL_RR|034020|2T|2841|2842|2844,2025-07-23 05:00:00+00:00,1044110.2793394928,20851.21428681012,62329.88777633715,63600.0,63600.0,1270.1122236628507,64870.11222366285,66140.2244473257,63100.0,2,0.0,208926.4668958325,214969.88144386467,208822.05586789857,215077.4201539416,211.9497380109201,True,False,False,2845,2,65500.0,2.7556620074928664,-0.2361996006422457,2025-07-24 00:00:00+00:00,66140.2244473257,target2,WIN,6043.41454803216,1,"[{""time"": ""2025-07-23 05:00:00+00:00"", ""price"": 63600.0, ""fraction"": 0.2, ""shares"": 3.283365658300292, ""reason"": ""starter20""}]","[{""time"": ""2025-07-24 00:00:00+00:00"", ""price"": 64870.11222366285, ""shares"": 1.641682829150146, ""reason"": ""target1_partial""}, {""time"": ""2025-07-24 00:00:00+00:00"", ""price"": 66140.2244473257, ""shares"": 1.641682829150146, ""reason"": ""target2""}]"
KOSPI40_PIT_NORA_LEVEL_RR_A_RAW,017670.KS,017670,KOSPI,SK텔레콤,KRLEVEL_RR|017670|2T|2819|2820|2822,2025-07-18 01:00:00+00:00,1043212.5893491544,14438.047946982448,55816.656775289644,55816.656775289644,56600.0,783.3432247103556,57383.343224710356,58166.68644942071,56000.0,2,0.0,1043734.195643829,1039716.407384272,1043212.5893491544,1040236.5256470955,1041.7245574981248,False,True,True,2823,26,56000.0,0.31914490623498853,-0.893605737457968,2025-07-24 02:00:00+00:00,56000.0,time,TIME,-4017.7882595569827,3,"[{""time"": ""2025-07-18 01:00:00+00:00"", ""price"": 56600.0, ""fraction"": 0.2, ""shares"": 3.686263566604786, ""reason"": ""starter20""}, {""time"": ""2025-07-18 01:00:00+00:00"", ""price"": 56286.66271011586, ""fraction"": 0.2, ""shares"": 3.706784304203091, ""reason"": ""adverse20""}, {""time"": ""2025-07-18 04:00:00+00:00"", ""price"": 55973.32542023172, ""fraction"": 0.6, ""shares"": 11.182604372890257, ""reason"": ""support60""}]","[{""time"": ""2025-07-24 02:00:00+00:00"", ""price"": 56000.0, ""shares"": 18.575652243698134, ""reason"": ""time""}]"
KOSPI40_PIT_NORA_LEVEL_RR_A_RAW,034730.KS,034730,KOSPI,SK,KRLEVEL_RR|034730|3T|2845|2850|2851,2025-07-25 00:00:00+00:00,1043116.4144310417,19295.18217447207,205133.99519106958,209000.0,209000.0,3866.004808930418,212866.00480893042,216732.00961786084,209500.0,3,0.0,208727.59452765147,210447.52470310373,208623.28288620836,210552.80110365554,209.58804199493196,True,False,False,2852,6,209000.0,1.2933248268212363,0.0,2025-07-28 00:00:00+00:00,209000.0,gap_stop,BE_STOP,1719.9301754522603,1,"[{""time"": ""2025-07-25 00:00:00+00:00"", ""price"": 209000.0, ""fraction"": 0.2, ""shares"": 0.9981975257713318, ""reason"": ""starter20""}]","[{""time"": ""2025-07-25 00:00:00+00:00"", ""price"": 212866.00480893042, ""shares"": 0.4990987628856659, ""reason"": ""target1_partial""}, {""time"": ""2025-07-28 00:00:00+00:00"", ""price"": 209000.0, ""shares"": 0.4990987628856659, ""reason"": ""gap_stop""}]"
KOSPI40_PIT_NORA_LEVEL_RR_A_RAW,011200.KS,011200,KOSPI,HMM,KRLEVEL_RR|011200|2T|2840|2845|2846,2025-07-24 01:00:00+00:00,1045713.9786898744,30473.474210806206,24077.2955360367,24077.2955360367,24800.0,722.7044639632986,25522.7044639633,26245.408927926597,24650.0,2,0.0,418494.73427168775,408286.7057518853,418285.5914759498,408490.95122749906,413.3882713517244,False,True,False,2847,12,24300.0,0.2075537200606215,-0.553476586828324,2025-07-28 00:00:00+00:00,24077.2955360367,stop,LOSS,-10208.028519802436,2,"[{""time"": ""2025-07-24 01:00:00+00:00"", ""price"": 24800.0, ""fraction"": 0.2, ""shares"": 8.433177247498987, ""reason"": ""starter20""}, {""time"": ""2025-07-24 04:00:00+00:00"", ""price"": 24510.91821441468, ""fraction"": 0.2, ""shares"": 8.53263814551752, ""reason"": ""adverse20""}]","[{""time"": ""2025-07-28 00:00:00+00:00"", ""price"": 24077.2955360367, ""shares"": 16.965815393016506, ""reason"": ""stop""}]"
KOSPI40_PIT_NORA_LEVEL_RR_A_RAW,010950.KS,010950,KOSPI,S-Oil,KRLEVEL_RR|010950|2T|2857|2859|2860,2025-07-28 03:00:00+00:00,1042324.5624985887,19651.17094232493,61125.44459398317,61125.44459398317,62300.0,1174.5554060168288,63474.55540601683,64649.11081203366,61600.0,2,0.0,417138.2899119352,410418.2199894209,416929.8249994355,410623.53175529855,413.77667837736703,False,True,False,2861,4,61900.0,0.08513859753889483,-0.510831585233369,2025-07-29 00:00:00+00:00,61125.44459398317,stop,LOSS,-6720.069922514318,2,"[{""time"": ""2025-07-28 03:00:00+00:00"", ""price"": 62300.0, ""fraction"": 0.2, ""shares"": 3.3461462680532543, ""reason"": ""starter20""}, {""time"": ""2025-07-28 03:00:00+00:00"", ""price"": 61830.17783759327, ""fraction"": 0.2, ""shares"": 3.3715722611583585, ""reason"": ""adverse20""}]","[{""time"": ""2025-07-29 00:00:00+00:00"", ""price"": 61125.44459398317, ""shares"": 6.717718529211613, ""reason"": ""stop""}]"
KOSPI40_PIT_NORA_LEVEL_RR_A_RAW,000270.KS,000270,KOSPI,기아,KRLEVEL_RR|000270|2T|2840|2841|2843,2025-07-23 04:00:00+00:00,820499.4188224862,52182.28360353799,98228.54914404832,98228.54914404832,104900.0,6671.4508559516835,111571.45085595168,118242.90171190337,103200.0,2,0.0,164181.9337063795,165268.68479552338,164099.88376449724,165351.36047576126,164.72562212012923,False,False,False,2844,26,105700.0,0.6145589750304973,-0.37473108233566904,2025-07-29 05:00:00+00:00,105700.0,time,TIME,1086.751089143887,1,"[{""time"": ""2025-07-23 04:00:00+00:00"", ""price"": 104900.0, ""fraction"": 0.2, ""shares"": 1.56434588908005, ""reason"": ""starter20""}]","[{""time"": ""2025-07-29 05:00:00+00:00"", ""price"": 105700.0, ""shares"": 1.56434588908005, ""reason"": ""time""}]"
KOSPI40_PIT_NORA_LEVEL_RR_A_RAW,009150.KS,009150,KOSPI,삼성전기,KRLEVEL_RR|009150|2T|2862|2867|2869,2025-07-30 00:00:00+00:00,1040816.2960818154,21999.095411782477,134691.63323051648,137600.0,137600.0,2908.3667694835167,140508.36676948352,143416.73353896703,136600.0,2,0.0,208267.34084597125,214655.60634597787,208163.25921636308,214762.9878398978,211.46312352813044,True,False,False,2870,1,137600.0,4.022876386418673,-0.03438355885827926,2025-07-30 00:00:00+00:00,143416.73353896703,target2,WIN,6388.265500006615,1,"[{""time"": ""2025-07-30 00:00:00+00:00"", ""price"": 137600.0, ""fraction"": 0.2, ""shares"": 1.512814383839848, ""reason"": ""starter20""}]","[{""time"": ""2025-07-30 00:00:00+00:00"", ""price"": 140508.36676948352, ""shares"": 0.756407191919924, ""reason"": ""target1_partial""}, {""time"": ""2025-07-30 00:00:00+00:00"", ""price"": 143416.73353896703, ""shares"": 0.756407191919924, ""reason"": ""target2""}]"
KOSPI40_PIT_NORA_LEVEL_RR_A_RAW,005380.KS,005380,KOSPI,현대차,KRLEVEL_RR|005380|3T|2858|2860|2862,2025-07-28 05:00:00+00:00,1042518.6901556995,25077.991201689485,213243.9397208785,218500.0,218500.0,5256.060279121506,223756.0602791215,229012.120558243,218000.0,3,0.0,1043039.9495007773,1068994.270723139,1042518.6901556996,1069529.0352407591,1056.0238626982296,True,True,True,2863,14,233000.0,1.8074374142428637,-0.8561545646413565,2025-07-31 00:00:00+00:00,218500.0,stop,BE_STOP,25954.321222361643,3,"[{""time"": ""2025-07-28 05:00:00+00:00"", ""price"": 218500.0, ""fraction"": 0.2, ""shares"": 0.9542505173049882, ""reason"": ""starter20""}, {""time"": ""2025-07-29 00:00:00+00:00"", ""price"": 216397.5758883514, ""fraction"": 0.2, ""shares"": 0.9635215975742527, ""reason"": ""adverse20""}, {""time"": ""2025-07-29 00:00:00+00:00"", ""price"": 214295.15177670278, ""fraction"": 0.6, ""shares"": 2.918923778290641, ""reason"": ""support60""}]","[{""time"": ""2025-07-30 04:00:00+00:00"", ""price"": 223756.0602791215, ""shares"": 2.418347946584941, ""reason"": ""target1_partial""}, {""time"": ""2025-07-31 00:00:00+00:00"", ""price"": 218500.0, ""shares"": 2.418347946584941, ""reason"": ""stop""}]"
KOSPI40_PIT_NORA_LEVEL_RR_A_RAW,012330.KS,012330,KOSPI,현대모비스,KRLEVEL_RR|012330|3T|2865|2868|2870,2025-07-30 01:00:00+00:00,1047196.6021522077,38183.240713330175,291470.1415263917,291470.1415263917,302500.0,11029.858473608328,313529.8584736083,324559.71694721666,296500.0,3,0.0,1047720.2004532838,1029675.3919587549,1047196.6021522076,1030190.487202356,1038.6935446772818,False,True,True,2871,9,292000.0,0.9066299466967305,-0.951961444031567,2025-07-31 03:00:00+00:00,291470.1415263917,stop,LOSS,-18044.80849452899,3,"[{""time"": ""2025-07-30 01:00:00+00:00"", ""price"": 302500.0, ""fraction"": 0.2, ""shares"": 0.6923613898526993, ""reason"": ""starter20""}, {""time"": ""2025-07-31 00:00:00+00:00"", ""price"": 298088.05661055667, ""fraction"": 0.2, ""shares"": 0.7026088962164221, ""reason"": ""adverse20""}, {""time"": ""2025-07-31 01:00:00+00:00"", ""price"": 293676.11322111334, ""fraction"": 0.6, ""shares"": 2.139492907338549, ""reason"": ""support60""}]","[{""time"": ""2025-07-31 03:00:00+00:00"", ""price"": 291470.1415263917, ""shares"": 3.5344631934076705, ""reason"": ""stop""}]"
KOSPI40_PIT_NORA_LEVEL_RR_A_RAW,032830.KS,032830,KOSPI,삼성생명,KRLEVEL_RR|032830|3T|2862|2865|2866,2025-07-29 03:00:00+00:00,1043050.4122268545,23314.376698965036,122694.81029735335,122694.81029735335,125500.0,2805.1897026466468,128305.18970264665,131110.3794052933,124400.0,3,0.0,208714.3874865936,203845.2335020251,208610.0824453709,203947.2071055779,206.2786447754744,False,False,False,2867,16,124100.0,0.7129642598192327,-0.24953749093673144,2025-08-01 00:00:00+00:00,122694.81029735335,stop,LOSS,-4869.153984568489,1,"[{""time"": ""2025-07-29 03:00:00+00:00"", ""price"": 125500.0, ""fraction"": 0.2, ""shares"": 1.6622317326324374, ""reason"": ""starter20""}]","[{""time"": ""2025-08-01 00:00:00+00:00"", ""price"": 122694.81029735335, ""shares"": 1.6622317326324374, ""reason"": ""stop""}]"
KOSPI40_PIT_NORA_LEVEL_RR_A_RAW,035720.KS,035720,KOSPI,카카오,KRLEVEL_RR|035720|2T|2875|2880|2881,2025-08-01 00:00:00+00:00,1043556.2915546955,38429.815332154256,55093.56314097407,55093.56314097407,57200.0,2106.436859025933,59306.43685902593,61412.873718051866,56600.0,2,0.0,1044078.0697004728,1024182.7374790702,1043556.2915546955,1024695.085021581,1034.1256882881382,False,True,True,2882,6,55000.0,0.1424205993711709,-0.9019971293507492,2025-08-04 00:00:00+00:00,55000.0,gap_stop,LOSS,-19895.332221402554,3,"[{""time"": ""2025-08-01 00:00:00+00:00"", ""price"": 57200.0, ""fraction"": 0.2, ""shares"": 3.648798222219215, ""reason"": ""starter20""}, {""time"": ""2025-08-01 00:00:00+00:00"", ""price"": 56357.42525638963, ""fraction"": 0.2, ""shares"": 3.703349777982912, ""reason"": ""adverse20""}, {""time"": ""2025-08-01 01:00:00+00:00"", ""price"": 55514.85051277925, ""fraction"": 0.6, ""shares"": 11.278671727462983, ""reason"": ""support60""}]","[{""time"": ""2025-08-04 00:00:00+00:00"", ""price"": 55000.0, ""shares"": 18.63081972766511, ""reason"": ""gap_stop""}]"
KOSPI40_PIT_NORA_LEVEL_RR_A_RAW,017670.KS,017670,KOSPI,SK텔레콤,KRLEVEL_RR|017670|2T|2884|2888|2890,2025-08-04 03:00:00+00:00,1039089.6802068827,38606.897762425106,54111.91492363171,54111.91492363171,56200.0,2088.08507636829,58288.08507636829,60376.17015273658,55800.0,2,0.0,415843.6900187945,416327.3175894702,415635.8720827531,416535.58538216125,416.0857287324572,False,True,False,2891,26,55900.0,0.4789076897859228,-0.4789076897859228,2025-08-08 04:00:00+00:00,55900.0,time,TIME,483.627570675686,2,"[{""time"": ""2025-08-04 03:00:00+00:00"", ""price"": 56200.0, ""fraction"": 0.2, ""shares"": 3.697828043440864, ""reason"": ""starter20""}, {""time"": ""2025-08-07 00:00:00+00:00"", ""price"": 55364.76596945268, ""fraction"": 0.2, ""shares"": 3.7536135555244536, ""reason"": ""adverse20""}]","[{""time"": ""2025-08-08 04:00:00+00:00"", ""price"": 55900.0, ""shares"": 7.451441598965317, ""reason"": ""time""}]"
KOSPI40_PIT_NORA_LEVEL_RR_A_RAW,000270.KS,000270,KOSPI,기아,KRLEVEL_RR|000270|4T|2888|2889|2891,2025-08-04 04:00:00+00:00,1039068.8984132784,24813.939985839497,100735.48719392031,100735.48719392031,103200.0,2464.512806079685,105664.51280607969,108129.02561215937,101450.0,4,0.0,1039588.4328624851,1037388.5096129732,1039068.8984132784,1037907.4633446456,1038.4881808789619,False,True,True,2892,26,101700.0,0.4057597093969683,-0.8115194187939366,2025-08-08 05:00:00+00:00,101700.0,time,TIME,-2199.923249511863,3,"[{""time"": ""2025-08-04 04:00:00+00:00"", ""price"": 103200.0, ""fraction"": 0.2, ""shares"": 2.0136994155296097, ""reason"": ""starter20""}, {""time"": ""2025-08-05 01:00:00+00:00"", ""price"": 102214.19487756812, ""fraction"": 0.2, ""shares"": 2.0331205458456574, ""reason"": ""adverse20""}, {""time"": ""2025-08-06 05:00:00+00:00"", ""price"": 101228.38975513625, ""fraction"": 0.6, ""shares"": 6.15875981585822, ""reason"": ""support60""}]","[{""time"": ""2025-08-08 05:00:00+00:00"", ""price"": 101700.0, ""shares"": 10.205579777233487, ""reason"": ""time""}]"
KOSPI40_PIT_NORA_LEVEL_RR_A_RAW,009540.KS,009540,KOSPI,HD한국조선해양,KRLEVEL_RR|009540|4T|2889|2893|2894,2025-08-05 01:00:00+00:00,1039444.9909964601,37074.32912548943,333176.9037093756,345500.0,345500.0,12323.09629062441,357823.0962906244,370146.1925812488,335125.0,4,0.0,207992.94269839168,218707.47991336844,207888.99819929202,218816.88835754723,213.35294327841962,True,False,False,2895,26,369500.0,1.9881367005660708,0.0,2025-08-11 02:00:00+00:00,369500.0,time,TIME,10714.537214976765,1,"[{""time"": ""2025-08-05 01:00:00+00:00"", ""price"": 345500.0, ""fraction"": 0.2, ""shares"": 0.6017047704755196, ""reason"": ""starter20""}]","[{""time"": ""2025-08-05 05:00:00+00:00"", ""price"": 357823.0962906244, ""shares"": 0.3008523852377598, ""reason"": ""target1_partial""}, {""time"": ""2025-08-11 02:00:00+00:00"", ""price"": 369500.0, ""shares"": 0.3008523852377598, ""reason"": ""time""}]"
KOSPI40_PIT_NORA_LEVEL_RR_A_RAW,055550.KS,055550,KOSPI,신한지주,KRLEVEL_RR|055550|2T|2909|2914|2916,2025-08-08 05:00:00+00:00,1040823.724324937,14335.686296336342,68148.25774055129,69100.0,69100.0,951.7422594487143,70051.74225944871,71003.48451889743,68700.0,2,0.0,416537.6544748398,425894.88129365863,416329.4897299748,426107.93526128936,421.2187124956321,True,True,False,2917,8,69200.0,2.206479726156534,-0.42028185260124457,2025-08-12 00:00:00+00:00,71003.48451889743,target2,WIN,9357.226818818832,2,"[{""time"": ""2025-08-08 05:00:00+00:00"", ""price"": 69100.0, ""fraction"": 0.2, ""shares"": 3.0125143974672564, ""reason"": ""starter20""}, {""time"": ""2025-08-11 00:00:00+00:00"", ""price"": 68719.30309622051, ""fraction"": 0.2, ""shares"": 3.0292033749748004, ""reason"": ""adverse20""}]","[{""time"": ""2025-08-12 00:00:00+00:00"", ""price"": 70051.74225944871, ""shares"": 3.0208588862210286, ""reason"": ""target1_partial""}, {""time"": ""2025-08-12 00:00:00+00:00"", ""price"": 71003.48451889743, ""shares"": 3.0208588862210286, ""reason"": ""target2""}]"
KOSPI40_PIT_NORA_LEVEL_RR_A_RAW,207940.KS,207940,KOSPI,삼성바이오로직스,KRLEVEL_RR|207940|2T|2930|2931|2932,2025-08-13 03:00:00+00:00,1043121.9629665994,10026.289877320909,1023071.0005052361,1033000.0,1033000.0,9928.999494763906,1042928.9994947639,1052857.9989895278,1025000.0,2,0.0,208728.70478961655,209522.20807026143,208624.39259331988,209627.02158105196,209.1257070871859,True,False,False,2933,5,1036000.0,1.7121563969224705,-0.10071508217191004,2025-08-14 01:00:00+00:00,1033000.0,stop,BE_STOP,793.5032806448871,1,"[{""time"": ""2025-08-13 03:00:00+00:00"", ""price"": 1033000.0, ""fraction"": 0.2, ""shares"": 0.20195972177475302, ""reason"": ""starter20""}]","[{""time"": ""2025-08-14 00:00:00+00:00"", ""price"": 1042928.9994947639, ""shares"": 0.10097986088737651, ""reason"": ""target1_partial""}, {""time"": ""2025-08-14 01:00:00+00:00"", ""price"": 1033000.0, ""shares"": 0.10097986088737651, ""reason"": ""stop""}]"
KOSPI40_PIT_NORA_LEVEL_RR_A_RAW,006400.KS,006400,KOSPI,삼성SDI,KRLEVEL_RR|006400|2T|2936|2939|2941,2025-08-18 00:00:00+00:00,1043197.9112286414,24497.082129858914,217275.10382715962,217275.10382715962,222500.0,5224.896172840381,227724.89617284038,232949.79234568076,223000.0,2,0.0,208743.90203685116,203638.29573684663,208639.5822457283,203740.1658197565,206.1898740327424,False,False,False,2942,1,222500.0,0.0,0.0,2025-08-18 00:00:00+00:00,217275.10382715962,stop,LOSS,-5105.606300004525,1,"[{""time"": ""2025-08-18 00:00:00+00:00"", ""price"": 222500.0, ""fraction"": 0.2, ""shares"": 0.9377059876212508, ""reason"": ""starter20""}]","[{""time"": ""2025-08-18 00:00:00+00:00"", ""price"": 217275.10382715962, ""shares"": 0.9377059876212508, ""reason"": ""stop""}]"
KOSPI40_PIT_NORA_LEVEL_RR_A_RAW,105560.KS,105560,KOSPI,KB금융,KRLEVEL_RR|105560|2T|2914|2916|2917,2025-08-11 00:00:00+00:00,733949.1609971195,52036.46809822217,105545.84163305387,105545.84163305387,113600.0,8054.158366946125,121654.15836694613,129708.31673389225,112800.0,2,0.0,734316.135577618,723961.0526117958,733949.1609971195,724323.2142189053,729.1361876080125,False,True,True,2918,26,107600.0,0.40972623701354566,-0.8194524740270913,2025-08-18 01:00:00+00:00,107600.0,time,TIME,-10355.082965822192,3,"[{""time"": ""2025-08-11 00:00:00+00:00"", ""price"": 113600.0, ""fraction"": 0.2, ""shares"": 1.292164015839999, ""reason"": ""starter20""}, {""time"": ""2025-08-18 00:00:00+00:00"", ""price"": 110378.33665322154, ""fraction"": 0.2, ""shares"": 1.3298790020780733, ""reason"": ""adverse20""}, {""time"": ""2025-08-18 00:00:00+00:00"", ""price"": 107156.6733064431, ""fraction"": 0.6, ""shares"": 4.109585367015992, ""reason"": ""support60""}]","[{""time"": ""2025-08-18 01:00:00+00:00"", ""price"": 107600.0, ""shares"": 6.731628384934064, ""reason"": ""time""}]"
KOSPI40_PIT_NORA_LEVEL_RR_A_RAW,005380.KS,005380,KOSPI,현대차,KRLEVEL_RR|005380|5T|2914|2919|2921,2025-08-11 04:00:00+00:00,1041288.5628696992,23950.410161460997,208100.84183549267,213000.0,213000.0,4899.158164507331,217899.15816450733,222798.31632901466,211500.0,5,0.0,208361.8414302268,212501.92095711862,208257.71257393985,212608.22506965348,210.43296882179666,True,False,False,2922,26,217000.0,1.2247002032855112,-0.3061750508213778,2025-08-18 05:00:00+00:00,217000.0,time,TIME,4140.0795268918155,1,"[{""time"": ""2025-08-11 04:00:00+00:00"", ""price"": 213000.0, ""fraction"": 0.2, ""shares"": 0.9777357397837552, ""reason"": ""starter20""}]","[{""time"": ""2025-08-14 00:00:00+00:00"", ""price"": 217899.15816450733, ""shares"": 0.4888678698918776, ""reason"": ""target1_partial""}, {""time"": ""2025-08-18 05:00:00+00:00"", ""price"": 217000.0, ""shares"": 0.4888678698918776, ""reason"": ""time""}]"
KOSPI40_PIT_NORA_LEVEL_RR_A_RAW,015760.KS,015760,KOSPI,한국전력,KRLEVEL_RR|015760|2T|2942|2943|2944,2025-08-18 03:00:00+00:00,1040617.0742320039,42996.36011086252,38586.94493650372,38586.94493650372,40250.0,1663.0550634962783,41913.05506349628,43576.11012699256,39600.0,2,0.0,416454.953107648,397645.71563318546,416246.8296928016,397844.63795216155,407.04573382248157,False,True,False,2945,3,38150.0,0.0,-0.5411727006247825,2025-08-19 00:00:00+00:00,38150.0,gap_stop,LOSS,-18809.23747446254,2,"[{""time"": ""2025-08-18 03:00:00+00:00"", ""price"": 40250.0, ""fraction"": 0.2, ""shares"": 5.170768070718032, ""reason"": ""starter20""}, {""time"": ""2025-08-18 04:00:00+00:00"", ""price"": 39584.777974601486, ""fraction"": 0.2, ""shares"": 5.257662806140725, ""reason"": ""adverse20""}]","[{""time"": ""2025-08-19 00:00:00+00:00"", ""price"": 38150.0, ""shares"": 10.428430876858757, ""reason"": ""gap_stop""}]"
KOSPI40_PIT_NORA_LEVEL_RR_A_RAW,066570.KS,066570,KOSPI,LG전자,KRLEVEL_RR|066570|3T|2940|2944|2945,2025-08-18 04:00:00+00:00,1040386.6102739726,12654.374421222674,76261.00511514548,76261.00511514548,77200.0,938.9948848545173,78138.99488485452,79077.98976970903,77000.0,3,0.0,208181.3607158219,205443.67394696473,208077.32205479452,205546.44717055,206.81188461267226,False,False,False,2946,3,76900.0,0.21299370553119348,-0.31949055829679024,2025-08-19 00:00:00+00:00,76261.00511514548,stop,LOSS,-2737.68676885718,1,"[{""time"": ""2025-08-18 04:00:00+00:00"", ""price"": 77200.0, ""fraction"": 0.2, ""shares"": 2.6953020991553696, ""reason"": ""starter20""}]","[{""time"": ""2025-08-19 00:00:00+00:00"", ""price"": 76261.00511514548, ""shares"": 2.6953020991553696, ""reason"": ""stop""}]"
KOSPI40_PIT_NORA_LEVEL_RR_A_RAW,032830.KS,032830,KOSPI,삼성생명,KRLEVEL_RR|032830|5T|2948|2950|2951,2025-08-19 04:00:00+00:00,1036365.2928362746,28623.169200983415,126020.60308841943,129600.0,129600.0,3579.3969115805667,133179.39691158058,136758.79382316113,129100.0,5,0.0,1036883.4754826927,1095794.8267619936,1036365.2928362746,1096342.998261124,1066.3541455486993,True,True,True,2952,13,135000.0,3.0452057341656613,-0.8101923512917815,2025-08-21 04:00:00+00:00,136758.79382316113,target2,WIN,58911.35127930087,3,"[{""time"": ""2025-08-19 04:00:00+00:00"", ""price"": 129600.0, ""fraction"": 0.2, ""shares"": 1.5993291556115348, ""reason"": ""starter20""}, {""time"": ""2025-08-20 00:00:00+00:00"", ""price"": 128168.24123536778, ""fraction"": 0.2, ""shares"": 1.6171951535686542, ""reason"": ""adverse20""}, {""time"": ""2025-08-20 00:00:00+00:00"", ""price"": 126736.48247073554, ""fraction"": 0.6, ""shares"": 4.906394461794754, ""reason"": ""support60""}]","[{""time"": ""2025-08-21 00:00:00+00:00"", ""price"": 133179.39691158058, ""shares"": 4.061459385487471, ""reason"": ""target1_partial""}, {""time"": ""2025-08-21 04:00:00+00:00"", ""price"": 136758.79382316113, ""shares"": 4.061459385487471, ""reason"": ""target2""}]"
KOSPI40_PIT_NORA_LEVEL_RR_A_RAW,017670.KS,017670,KOSPI,SK텔레콤,KRLEVEL_RR|017670|2T|2954|2958|2960,2025-08-21 01:00:00+00:00,1045235.712474482,12512.59960662387,55428.42245098018,55428.42245098018,56100.0,671.5775490198212,56771.57754901982,57443.15509803964,55800.0,2,0.0,1045758.3303307192,1039188.5711338074,1045235.712474482,1039708.4253464807,1042.4720689104815,False,True,True,2961,9,55650.0,0.14890313135981348,-0.8934187881588808,2025-08-22 03:00:00+00:00,55428.42245098018,stop,LOSS,-6569.759196911822,3,"[{""time"": ""2025-08-21 01:00:00+00:00"", ""price"": 56100.0, ""fraction"": 0.2, ""shares"": 3.7263305257557295, ""reason"": ""starter20""}, {""time"": ""2025-08-21 01:00:00+00:00"", ""price"": 55831.36898039207, ""fraction"": 0.2, ""shares"": 3.744259657475238, ""reason"": ""adverse20""}, {""time"": ""2025-08-22 00:00:00+00:00"", ""price"": 55562.73796078414, ""fraction"": 0.6, ""shares"": 11.287086463005512, ""reason"": ""support60""}]","[{""time"": ""2025-08-22 03:00:00+00:00"", ""price"": 55428.42245098018, ""shares"": 18.75767664623648, ""reason"": ""stop""}]"
KOSPI40_PIT_NORA_LEVEL_RR_A_RAW,000270.KS,000270,KOSPI,기아,KRLEVEL_RR|000270|2T|2945|2946|2948,2025-08-19 01:00:00+00:00,1036345.9677375526,16017.782528819753,101900.3020773535,103500.0,103500.0,1599.6979226465046,105099.6979226465,106699.39584529301,102725.0,2,0.0,207372.82814428429,208766.53631449235,207269.19354751054,208870.97180039252,208.07008267395153,True,False,False,2949,24,105000.0,1.4377714488713789,-0.3750708127490554,2025-08-25 00:00:00+00:00,103500.0,stop,BE_STOP,1393.7081702080613,1,"[{""time"": ""2025-08-19 01:00:00+00:00"", ""price"": 103500.0, ""fraction"": 0.2, ""shares"": 2.0026009038406816, ""reason"": ""starter20""}]","[{""time"": ""2025-08-20 00:00:00+00:00"", ""price"": 105099.6979226465, ""shares"": 1.0013004519203408, ""reason"": ""target1_partial""}, {""time"": ""2025-08-25 00:00:00+00:00"", ""price"": 103500.0, ""shares"": 1.0013004519203408, ""reason"": ""stop""}]"
KOSPI40_PIT_NORA_LEVEL_RR_A_RAW,005380.KS,005380,KOSPI,현대차,KRLEVEL_RR|005380|3T|2952|2953|2954,2025-08-20 01:00:00+00:00,1037140.5196383517,30124.715457342332,214580.84850604995,214580.84850604995,221000.0,6419.1514939500485,227419.15149395005,233838.3029879001,218000.0,3,0.0,415063.63595926843,413311.3342568268,414856.20785534073,413518.0933034785,414.1871505794096,False,True,False,2955,26,219000.0,0.5452434022313847,-0.5452434022313847,2025-08-26 02:00:00+00:00,219000.0,time,TIME,-1752.3017024416476,2,"[{""time"": ""2025-08-20 01:00:00+00:00"", ""price"": 221000.0, ""fraction"": 0.2, ""shares"": 0.9385887055550696, ""reason"": ""starter20""}, {""time"": ""2025-08-20 02:00:00+00:00"", ""price"": 218432.33940241998, ""fraction"": 0.2, ""shares"": 0.9496217661503116, ""reason"": ""adverse20""}]","[{""time"": ""2025-08-26 02:00:00+00:00"", ""price"": 219000.0, ""shares"": 1.8882104717053811, ""reason"": ""time""}]"
KOSPI40_PIT_NORA_LEVEL_RR_A_RAW,005380.KS,005380,KOSPI,현대차,KRLEVEL_RR|005380|3T|2982|2983|2985,2025-08-27 02:00:00+00:00,1045776.1378055661,13652.088591571746,217128.0091583958,220000.0,220000.0,2871.990841604187,222871.9908416042,225743.98168320837,219000.0,3,0.0,418519.6103497876,421934.86624525324,418310.45512222644,422145.9392148607,420.2281971685436,True,True,False,2986,13,221750.0,1.7409526268569806,-0.6963810507427922,2025-08-29 02:00:00+00:00,220000.0,stop,BE_STOP,3415.2558954656706,2,"[{""time"": ""2025-08-27 02:00:00+00:00"", ""price"": 220000.0, ""fraction"": 0.2, ""shares"": 0.9507055798232419, ""reason"": ""starter20""}, {""time"": ""2025-08-28 00:00:00+00:00"", ""price"": 218851.20366335832, ""fraction"": 0.2, ""shares"": 0.9556960348403674, ""reason"": ""adverse20""}]","[{""time"": ""2025-08-28 00:00:00+00:00"", ""price"": 222871.9908416042, ""shares"": 0.9532008073318046, ""reason"": ""target1_partial""}, {""time"": ""2025-08-29 02:00:00+00:00"", ""price"": 220000.0, ""shares"": 0.9532008073318046, ""reason"": ""stop""}]"
KOSPI40_PIT_NORA_LEVEL_RR_A_RAW,015760.KS,015760,KOSPI,한국전력,KRLEVEL_RR|015760|2T|2982|2983|2984,2025-08-27 01:00:00+00:00,1045753.6162819909,30441.630631782424,36359.839708502775,36359.839708502775,37450.0,1090.1602914972245,38540.160291497225,39630.32058299445,37100.0,2,0.0,1046276.493090132,1031713.0494107017,1045753.6162819909,1032229.1639926981,1038.9913901373448,False,True,True,2985,14,36400.0,0.0,-0.963161113268886,2025-08-29 02:00:00+00:00,36359.839708502775,stop,LOSS,-14563.44367943029,3,"[{""time"": ""2025-08-27 01:00:00+00:00"", ""price"": 37450.0, ""fraction"": 0.2, ""shares"": 5.5847990188624355, ""reason"": ""starter20""}, {""time"": ""2025-08-28 00:00:00+00:00"", ""price"": 37013.93588340111, ""fraction"": 0.2, ""shares"": 5.650593979393362, ""reason"": ""adverse20""}, {""time"": ""2025-08-29 00:00:00+00:00"", ""price"": 36577.87176680222, ""fraction"": 0.6, ""shares"": 17.1538730784951, ""reason"": ""support60""}]","[{""time"": ""2025-08-29 02:00:00+00:00"", ""price"": 36359.839708502775, ""shares"": 28.389266076750896, ""reason"": ""stop""}]"
KOSPI40_PIT_NORA_LEVEL_RR_A_RAW,034020.KS,034020,KOSPI,두산에너빌리티,KRLEVEL_RR|034020|8T|2973|2974|2975,2025-08-25 04:00:00+00:00,706451.240913999,52376.960172279825,61152.99080952392,61152.99080952392,66050.0,4897.0091904760775,70947.00919047608,75844.01838095215,65250.0,8,0.0,706804.466534456,689138.2781624539,706451.240913999,689483.0196722901,697.9671302931446,False,True,True,2976,26,61750.0,0.010210313694579589,-0.9087179188175833,2025-08-29 05:00:00+00:00,61750.0,time,TIME,-17666.1883720021,3,"[{""time"": ""2025-08-25 04:00:00+00:00"", ""price"": 66050.0, ""fraction"": 0.2, ""shares"": 2.139140774909914, ""reason"": ""starter20""}, {""time"": ""2025-08-26 00:00:00+00:00"", ""price"": 64091.19632380957, ""fraction"": 0.2, ""shares"": 2.204518815173234, ""reason"": ""adverse20""}, {""time"": ""2025-08-29 00:00:00+00:00"", ""price"": 62132.39264761914, ""fraction"": 0.6, ""shares"": 6.822057327686732, ""reason"": ""support60""}]","[{""time"": ""2025-08-29 05:00:00+00:00"", ""price"": 61750.0, ""shares"": 11.16571691776988, ""reason"": ""time""}]"
KOSPI40_PIT_NORA_LEVEL_RR_A_RAW,005380.KS,005380,KOSPI,현대차,KRLEVEL_RR|005380|3T|3000|3001|3002,2025-09-01 01:00:00+00:00,1040979.6922163907,16384.274322775014,217521.61838275267,217521.61838275267,221000.0,3478.3816172473307,224478.38161724733,227956.76323449466,219000.0,3,0.0,416600.07282499963,410930.88437105995,416391.87688655633,411136.4525973586,413.76416474195753,False,True,False,3003,6,221000.0,0.5749800395917254,-0.431235029693794,2025-09-02 00:00:00+00:00,217521.61838275267,stop,LOSS,-5669.188453939685,2,"[{""time"": ""2025-09-01 01:00:00+00:00"", ""price"": 221000.0, ""fraction"": 0.2, ""shares"": 0.9420630698790867, ""reason"": ""starter20""}, {""time"": ""2025-09-01 05:00:00+00:00"", ""price"": 219608.64735310106, ""fraction"": 0.2, ""shares"": 0.9480316050967119, ""reason"": ""adverse20""}]","[{""time"": ""2025-09-02 00:00:00+00:00"", ""price"": 217521.61838275267, ""shares"": 1.8900946749757987, ""reason"": ""stop""}]"
KOSPI40_PIT_NORA_LEVEL_RR_A_RAW,000810.KS,000810,KOSPI,삼성화재,KRLEVEL_RR|000810|2T|2997|3002|3004,2025-09-01 03:00:00+00:00,1040958.8726225464,44796.933699592715,434462.4289830232,434462.4289830232,454000.0,19537.571016976784,473537.5710169768,493075.14203395357,449000.0,2,0.0,416591.7408235431,423056.55721559835,416383.5490490186,423268.191311254,419.8258701801363,False,True,False,3005,26,457500.0,0.6909763751220376,-0.43505919915091257,2025-09-05 04:00:00+00:00,457500.0,time,TIME,6464.816392055247,2,"[{""time"": ""2025-09-01 03:00:00+00:00"", ""price"": 454000.0, ""fraction"": 0.2, ""shares"": 0.4585721905826196, ""reason"": ""starter20""}, {""time"": ""2025-09-04 00:00:00+00:00"", ""price"": 446184.9715932093, ""fraction"": 0.2, ""shares"": 0.4666041838682087, ""reason"": ""adverse20""}]","[{""time"": ""2025-09-05 04:00:00+00:00"", ""price"": 457500.0, ""shares"": 0.9251763744508283, ""reason"": ""time""}]"
KOSPI40_PIT_NORA_LEVEL_RR_A_RAW,042660.KS,042660,KOSPI,한화오션,KRLEVEL_RR|042660|2T|3003|3006|3008,2025-09-02 01:00:00+00:00,443180.06372999586,52009.59465503083,108212.22214952444,108212.22214952444,122600.0,14387.777850475555,136987.77785047557,151375.5557009511,114550.0,2,0.0,443401.6537618608,428380.55140632176,443180.06372999586,428594.8488307371,435.8874562803665,False,True,True,3009,26,110600.0,0.08340412344914935,-0.8965943270783556,2025-09-08 02:00:00+00:00,110600.0,time,TIME,-15021.102355539042,3,"[{""time"": ""2025-09-02 01:00:00+00:00"", ""price"": 122600.0, ""fraction"": 0.2, ""shares"": 0.7229691088580683, ""reason"": ""starter20""}, {""time"": ""2025-09-03 05:00:00+00:00"", ""price"": 116844.88885980978, ""fraction"": 0.2, ""shares"": 0.7585784334336134, ""reason"": ""adverse20""}, {""time"": ""2025-09-05 00:00:00+00:00"", ""price"": 111089.77771961955, ""fraction"": 0.6, ""shares"": 2.393631922724025, ""reason"": ""support60""}]","[{""time"": ""2025-09-08 02:00:00+00:00"", ""price"": 110600.0, ""shares"": 3.8751794650157065, ""reason"": ""time""}]"
KOSPI40_PIT_NORA_LEVEL_RR_A_RAW,005930.KS,005930,KOSPI,삼성전자,KRLEVEL_RR|005930|4T|3038|3039|3040,2025-09-09 03:00:00+00:00,1038066.2266426098,24935.453611878936,69196.90667540532,70900.0,70900.0,1703.0933245946799,72603.09332459468,74306.18664918936,70300.0,4,0.0,207717.05195118624,214986.3344713796,207613.24532852197,215093.88141208567,211.35356337030382,True,False,False,3041,16,74600.0,2.4073842230435383,0.0,2025-09-12 00:00:00+00:00,74306.18664918936,target2,WIN,7269.282520193374,1,"[{""time"": ""2025-09-09 03:00:00+00:00"", ""price"": 70900.0, ""fraction"": 0.2, ""shares"": 2.92825451803275, ""reason"": ""starter20""}]","[{""time"": ""2025-09-10 00:00:00+00:00"", ""price"": 72603.09332459468, ""shares"": 1.464127259016375, ""reason"": ""target1_partial""}, {""time"": ""2025-09-12 00:00:00+00:00"", ""price"": 74306.18664918936, ""shares"": 1.464127259016375, ""reason"": ""target2""}]"
KOSPI40_PIT_NORA_LEVEL_RR_A_RAW,047050.KS,047050,KOSPI,포스코인터내셔널,KRLEVEL_RR|047050|3T|3030|3034|3035,2025-09-08 04:00:00+00:00,1038134.5973329064,20077.340826374246,48101.38161268904,49050.0,49050.0,948.6183873109621,49998.61838731096,50947.236774621924,48450.0,3,0.0,415461.4658526292,425152.92515380296,415253.8389331626,425365.6079577819,420.30972344547223,True,True,False,3036,26,50100.0,1.7393717242580933,-0.737915276957979,2025-09-12 05:00:00+00:00,50100.0,time,TIME,9691.459301173745,2,"[{""time"": ""2025-09-08 04:00:00+00:00"", ""price"": 49050.0, ""fraction"": 0.2, ""shares"": 4.232964718992483, ""reason"": ""starter20""}, {""time"": ""2025-09-08 05:00:00+00:00"", ""price"": 48670.552645075615, ""fraction"": 0.2, ""shares"": 4.26596593181665, ""reason"": ""adverse20""}]","[{""time"": ""2025-09-12 00:00:00+00:00"", ""price"": 49998.61838731096, ""shares"": 4.249465325404566, ""reason"": ""target1_partial""}, {""time"": ""2025-09-12 05:00:00+00:00"", ""price"": 50100.0, ""shares"": 4.249465325404566, ""reason"": ""time""}]"
KOSPI40_PIT_NORA_LEVEL_RR_A_RAW,011200.KS,011200,KOSPI,HMM,KRLEVEL_RR|011200|2T|3033|3034|3036,2025-09-08 05:00:00+00:00,1037859.8567578202,47932.11916864492,21985.46769378992,23050.0,23050.0,1064.5323062100797,24114.53230621008,25179.06461242016,22800.0,2,0.0,207675.75733723983,214509.19791503606,207571.97135156405,214616.50616812013,211.09423875984209,True,False,False,3037,26,23550.0,1.50300746221247,-0.14090694958241906,2025-09-15 00:00:00+00:00,23550.0,time,TIME,6833.440577796224,1,"[{""time"": ""2025-09-08 05:00:00+00:00"", ""price"": 23050.0, ""fraction"": 0.2, ""shares"": 9.005291598766336, ""reason"": ""starter20""}]","[{""time"": ""2025-09-12 00:00:00+00:00"", ""price"": 24114.53230621008, ""shares"": 4.502645799383168, ""reason"": ""target1_partial""}, {""time"": ""2025-09-15 00:00:00+00:00"", ""price"": 23550.0, ""shares"": 4.502645799383168, ""reason"": ""time""}]"
KOSPI40_PIT_NORA_LEVEL_RR_A_RAW,066570.KS,066570,KOSPI,LG전자,KRLEVEL_RR|066570|2T|3064|3067|3069,2025-09-16 02:00:00+00:00,1043093.7784259726,23231.055945632885,75480.65553059941,77200.0,77200.0,1719.3444694005884,78919.34446940059,80638.68893880118,76950.0,2,0.0,208723.0650630371,215480.2784326499,208618.7556851945,215588.07246888435,212.10341407703945,True,False,False,3070,11,81300.0,3.606025500033448,-0.17448510484032811,2025-09-18 00:00:00+00:00,80638.68893880118,target2,WIN,6757.213369612815,1,"[{""time"": ""2025-09-16 02:00:00+00:00"", ""price"": 77200.0, ""fraction"": 0.2, ""shares"": 2.702315488150188, ""reason"": ""starter20""}]","[{""time"": ""2025-09-18 00:00:00+00:00"", ""price"": 78919.34446940059, ""shares"": 1.351157744075094, ""reason"": ""target1_partial""}, {""time"": ""2025-09-18 00:00:00+00:00"", ""price"": 80638.68893880118, ""shares"": 1.351157744075094, ""reason"": ""target2""}]"
KOSPI40_PIT_NORA_LEVEL_RR_A_RAW,005490.KS,005490,KOSPI,POSCO홀딩스,KRLEVEL_RR|005490|3T|3051|3054|3056,2025-09-12 01:00:00+00:00,1043393.3145779938,33556.488443727416,277285.89655041415,277285.89655041415,286500.0,9214.103449585848,295714.10344958585,304928.2068991717,281500.0,3,0.0,417566.00449411315,416935.7839203702,417357.32583119755,417144.3560984194,417.2508409648085,False,True,False,3057,26,284500.0,0.16279391784638814,-0.5426463928212938,2025-09-18 02:00:00+00:00,284500.0,time,TIME,-630.2205737429322,2,"[{""time"": ""2025-09-12 01:00:00+00:00"", ""price"": 286500.0, ""fraction"": 0.2, ""shares"": 0.7283722963895245, ""reason"": ""starter20""}, {""time"": ""2025-09-16 05:00:00+00:00"", ""price"": 282814.3586201657, ""fraction"": 0.2, ""shares"": 0.73786445615325, ""reason"": ""adverse20""}]","[{""time"": ""2025-09-18 02:00:00+00:00"", ""price"": 284500.0, ""shares"": 1.4662367525427746, ""reason"": ""time""}]"
KOSPI40_PIT_NORA_LEVEL_RR_A_RAW,096770.KS,096770,KOSPI,SK이노베이션,KRLEVEL_RR|096770|2T|3081|3084|3085,2025-09-19 00:00:00+00:00,1047168.8033664827,5688.773604080078,105523.60880361171,105523.60880361171,106100.0,576.3911963882856,106676.39119638829,107252.78239277657,105850.0,2,0.0,209538.4775536332,208191.85794950428,209433.76067329655,208296.0059524805,208.86488331288854,False,False,False,3086,1,106100.0,0.0,0.0,2025-09-19 00:00:00+00:00,105523.60880361171,stop,LOSS,-1346.6196041289077,1,"[{""time"": ""2025-09-19 00:00:00+00:00"", ""price"": 106100.0, ""fraction"": 0.2, ""shares"": 1.973927998805811, ""reason"": ""starter20""}]","[{""time"": ""2025-09-19 00:00:00+00:00"", ""price"": 105523.60880361171, ""shares"": 1.973927998805811, ""reason"": ""stop""}]"
KOSPI40_PIT_NORA_LEVEL_RR_A_RAW,051910.KS,051910,KOSPI,LG화학,KRLEVEL_RR|051910|2T|3056|3060|3062,2025-09-15 01:00:00+00:00,1042726.8914871695,36661.309141397855,284628.0739616415,295000.0,295000.0,10371.926038358477,305371.9260383585,315743.85207671695,290000.0,2,0.0,417299.3019731653,427236.3283258735,417090.75659486785,427450.0533525497,422.2704049737088,True,True,False,3063,25,297500.0,1.1087622450709318,-0.7713128661363003,2025-09-19 01:00:00+00:00,295000.0,stop,BE_STOP,9937.02635270817,2,"[{""time"": ""2025-09-15 01:00:00+00:00"", ""price"": 295000.0, ""fraction"": 0.2, ""shares"": 0.7069334857540133, ""reason"": ""starter20""}, {""time"": ""2025-09-16 05:00:00+00:00"", ""price"": 290851.2295846566, ""fraction"": 0.2, ""shares"": 0.7170173514316661, ""reason"": ""adverse20""}]","[{""time"": ""2025-09-18 01:00:00+00:00"", ""price"": 305371.9260383585, ""shares"": 0.7119754185928397, ""reason"": ""target1_partial""}, {""time"": ""2025-09-19 01:00:00+00:00"", ""price"": 295000.0, ""shares"": 0.7119754185928397, ""reason"": ""stop""}]"
KOSPI40_PIT_NORA_LEVEL_RR_A_RAW,035420.KS,035420,KOSPI,NAVER,KRLEVEL_RR|035420|2T|3080|3082|3084,2025-09-18 05:00:00+00:00,1046747.1390961162,33394.82317254094,228954.83900999636,228954.83900999636,236500.0,7545.160990003642,244045.16099000364,251590.32198000728,234500.0,2,0.0,1047270.5126656643,1031380.709754139,1046747.1390961162,1031896.6580831805,1039.3218985896483,False,True,True,3085,20,231000.0,0.463873468655877,-0.9940145756911649,2025-09-24 00:00:00+00:00,228954.83900999636,stop,LOSS,-15889.80291152536,3,"[{""time"": ""2025-09-18 05:00:00+00:00"", ""price"": 236500.0, ""fraction"": 0.2, ""shares"": 0.8851984262969271, ""reason"": ""starter20""}, {""time"": ""2025-09-22 00:00:00+00:00"", ""price"": 233481.93560399854, ""fraction"": 0.2, ""shares"": 0.8966407926919636, ""reason"": ""adverse20""}, {""time"": ""2025-09-22 02:00:00+00:00"", ""price"": 230463.8712079971, ""fraction"": 0.6, ""shares"": 2.725148545694812, ""reason"": ""support60""}]","[{""time"": ""2025-09-24 00:00:00+00:00"", ""price"": 228954.83900999636, ""shares"": 4.506987764683703, ""reason"": ""stop""}]"
KOSPI40_PIT_NORA_LEVEL_RR_A_RAW,017670.KS,017670,KOSPI,SK텔레콤,KRLEVEL_RR|017670|4T|3075|3078|3080,2025-09-18 01:00:00+00:00,1043984.896022109,23916.15394260027,54228.57687034372,54228.57687034372,55500.0,1271.4231296562793,56771.42312965628,58042.84625931256,55150.0,4,0.0,417802.755388048,417048.6141197594,417593.9584088436,417257.24274113,417.4256005749868,False,True,False,3081,26,55200.0,0.07865202202750105,-0.47191213216500627,2025-09-24 02:00:00+00:00,55200.0,time,TIME,-754.1412682886003,2,"[{""time"": ""2025-09-18 01:00:00+00:00"", ""price"": 55500.0, ""fraction"": 0.2, ""shares"": 3.7621077334130053, ""reason"": ""starter20""}, {""time"": ""2025-09-23 03:00:00+00:00"", ""price"": 54991.430748137485, ""fraction"": 0.2, ""shares"": 3.7969002872596396, ""reason"": ""adverse20""}]","[{""time"": ""2025-09-24 02:00:00+00:00"", ""price"": 55200.0, ""shares"": 7.559008020672644, ""reason"": ""time""}]"
KOSPI40_PIT_NORA_LEVEL_RR_A_RAW,000270.KS,000270,KOSPI,기아,KRLEVEL_RR|000270|4T|3102|3103|3104,2025-09-24 01:00:00+00:00,1042121.8685880797,21959.41101557813,101123.28034149924,101123.28034149924,103300.0,2176.7196585007623,105476.71965850076,107653.43931700152,102500.0,4,0.0,1042642.9295223737,1031875.9488086324,1042121.8685880797,1032392.144881073,1037.2570067345764,False,True,True,3105,12,101200.0,0.13782206579906023,-0.8728730833940482,2025-09-26 00:00:00+00:00,101123.28034149924,stop,LOSS,-10766.980713741272,3,"[{""time"": ""2025-09-24 01:00:00+00:00"", ""price"": 103300.0, ""fraction"": 0.2, ""shares"": 2.017660926598412, ""reason"": ""starter20""}, {""time"": ""2025-09-25 00:00:00+00:00"", ""price"": 102429.31213659969, ""fraction"": 0.2, ""shares"": 2.0348118069919408, ""reason"": ""adverse20""}, {""time"": ""2025-09-25 00:00:00+00:00"", ""price"": 101558.62427319938, ""fraction"": 0.6, ""shares"": 6.1567702952614045, ""reason"": ""support60""}]","[{""time"": ""2025-09-26 00:00:00+00:00"", ""price"": 101123.28034149924, ""shares"": 10.209243028851757, ""reason"": ""stop""}]"
KOSPI40_PIT_NORA_LEVEL_RR_A_RAW,055550.KS,055550,KOSPI,신한지주,KRLEVEL_RR|055550|6T|3087|3090|3092,2025-09-22 01:00:00+00:00,1044818.60288028,26326.169921179535,68041.25771169018,68041.25771169018,69800.0,1758.7422883098188,71558.74228830982,73317.48457661964,69350.0,6,0.0,418136.4048726881,417438.96191746223,417927.44115211203,417647.78581036744,417.78761348123976,False,True,False,3093,26,69400.0,0.6254469499662276,-0.6254469499662276,2025-09-26 02:00:00+00:00,69400.0,time,TIME,-697.4429552258807,2,"[{""time"": ""2025-09-22 01:00:00+00:00"", ""price"": 69800.0, ""fraction"": 0.2, ""shares"": 2.9937495784535244, ""reason"": ""starter20""}, {""time"": ""2025-09-24 00:00:00+00:00"", ""price"": 69096.50308467608, ""fraction"": 0.2, ""shares"": 3.0242300441742485, ""reason"": ""adverse20""}]","[{""time"": ""2025-09-26 02:00:00+00:00"", ""price"": 69400.0, ""shares"": 6.017979622627773, ""reason"": ""time""}]"
KOSPI40_PIT_NORA_LEVEL_RR_A_RAW,015760.KS,015760,KOSPI,한국전력,KRLEVEL_RR|015760|2T|3103|3106|3108,2025-09-24 05:00:00+00:00,1042067.4329507182,39045.45688962526,35565.51221499513,35565.51221499513,36950.0,1384.4877850048724,38334.48778500487,39718.975570009745,36800.0,2,0.0,1042588.4666671936,1024159.0152242698,1042067.4329507182,1024671.3508997196,1033.3693919252191,False,True,True,3109,26,36050.0,0.18057219623582318,-0.8667465419319513,2025-10-01 00:00:00+00:00,35565.51221499513,stop,LOSS,-18429.451442923746,3,"[{""time"": ""2025-09-24 05:00:00+00:00"", ""price"": 36950.0, ""fraction"": 0.2, ""shares"": 5.640419122872629, ""reason"": ""starter20""}, {""time"": ""2025-09-25 00:00:00+00:00"", ""price"": 36396.20488599805, ""fraction"": 0.2, ""shares"": 5.726242261877204, ""reason"": ""adverse20""}, {""time"": ""2025-09-29 00:00:00+00:00"", ""price"": 35842.4097719961, ""fraction"": 0.6, ""shares"": 17.44415243695292, ""reason"": ""support60""}]","[{""time"": ""2025-10-01 00:00:00+00:00"", ""price"": 35565.51221499513, ""shares"": 28.81081382170275, ""reason"": ""stop""}]"
KOSPI40_PIT_NORA_LEVEL_RR_A_RAW,000660.KS,000660,KOSPI,SK하이닉스,KRLEVEL_RR|000660|3T|3135|3136|3138,2025-10-01 05:00:00+00:00,666696.9517197952,51861.19371630171,331996.22753680235,360000.0,360000.0,28003.772463197645,388003.77246319765,416007.5449263953,356500.0,3,0.0,133406.06003913106,148823.29958462017,133339.39034395906,148897.74845884956,141.11856940140433,True,False,False,3139,8,426000.0,2.812121120591616,-0.03570947454719512,2025-10-10 00:00:00+00:00,416007.5449263953,target2,WIN,15417.239545489108,1,"[{""time"": ""2025-10-01 05:00:00+00:00"", ""price"": 360000.0, ""fraction"": 0.2, ""shares"": 0.3703871953998863, ""reason"": ""starter20""}]","[{""time"": ""2025-10-02 00:00:00+00:00"", ""price"": 388003.77246319765, ""shares"": 0.18519359769994315, ""reason"": ""target1_partial""}, {""time"": ""2025-10-10 00:00:00+00:00"", ""price"": 416007.5449263953, ""shares"": 0.18519359769994315, ""reason"": ""target2""}]"
KOSPI40_PIT_NORA_LEVEL_RR_A_RAW,032830.KS,032830,KOSPI,삼성생명,KRLEVEL_RR|032830|2T|3116|3119|3121,2025-09-29 00:00:00+00:00,1039443.7910856288,45206.04994537205,148258.95464321895,155000.0,155000.0,6741.045356781047,161741.04535678105,168482.0907135621,150550.0,2,0.0,415985.40519246866,431475.5335970351,415777.51643425156,431691.37928667845,423.734447860465,True,True,False,3122,26,157300.0,1.097752590042446,-0.4005313504208925,2025-10-10 01:00:00+00:00,157300.0,time,TIME,15490.128404566436,2,"[{""time"": ""2025-09-29 00:00:00+00:00"", ""price"": 155000.0, ""fraction"": 0.2, ""shares"": 1.3412177949491986, ""reason"": ""starter20""}, {""time"": ""2025-09-30 00:00:00+00:00"", ""price"": 152303.5818572876, ""fraction"": 0.2, ""shares"": 1.3649630276714237, ""reason"": ""adverse20""}]","[{""time"": ""2025-10-02 01:00:00+00:00"", ""price"": 161741.04535678105, ""shares"": 1.353090411310311, ""reason"": ""target1_partial""}, {""time"": ""2025-10-10 01:00:00+00:00"", ""price"": 157300.0, ""shares"": 1.353090411310311, ""reason"": ""time""}]"
KOSPI40_PIT_NORA_LEVEL_RR_A_RAW,010130.KS,010130,KOSPI,고려아연,KRLEVEL_RR|010130|3T|3140|3144|3146,2025-10-10 01:00:00+00:00,858479.54774989,52150.13628238658,914832.3321479489,974000.0,974000.0,59167.66785205109,1033167.6678520511,1092335.3357041022,931000.0,3,0.0,171781.757504753,187247.27995947667,171695.909549978,187340.950434694,179.518429992336,True,False,False,3147,6,1091000.0,2.4675638790609997,-0.2873190818084726,2025-10-13 00:00:00+00:00,1092335.3357041022,target2,WIN,15465.522454723658,1,"[{""time"": ""2025-10-10 01:00:00+00:00"", ""price"": 974000.0, ""fraction"": 0.2, ""shares"": 0.17627916791578851, ""reason"": ""starter20""}]","[{""time"": ""2025-10-13 00:00:00+00:00"", ""price"": 1033167.6678520511, ""shares"": 0.08813958395789426, ""reason"": ""target1_partial""}, {""time"": ""2025-10-13 00:00:00+00:00"", ""price"": 1092335.3357041022, ""shares"": 0.08813958395789426, ""reason"": ""target2""}]"
KOSPI40_PIT_NORA_LEVEL_RR_A_RAW,000810.KS,000810,KOSPI,삼성화재,KRLEVEL_RR|000810|7T|3153|3156|3157,2025-10-14 00:00:00+00:00,1044075.6651435891,9490.885886549804,439963.9387505037,439963.9387505037,444000.0,4036.061249496299,448036.0612494963,452072.1224989926,446000.0,7,0.0,208919.5405952322,206813.49737348215,208815.13302871783,206916.95585140787,207.86604444006286,False,False,False,3158,1,444000.0,0.0,0.0,2025-10-14 00:00:00+00:00,439963.9387505037,stop,LOSS,-2106.0432217500347,1,"[{""time"": ""2025-10-14 00:00:00+00:00"", ""price"": 444000.0, ""fraction"": 0.2, ""shares"": 0.4703043536682834, ""reason"": ""starter20""}]","[{""time"": ""2025-10-14 00:00:00+00:00"", ""price"": 439963.9387505037, ""shares"": 0.4703043536682834, ""reason"": ""stop""}]"
KOSPI40_PIT_NORA_LEVEL_RR_A_RAW,329180.KS,329180,KOSPI,HD현대중공업,KRLEVEL_RR|329180|8T|3154|3156|3158,2025-10-14 01:00:00+00:00,1048965.2641062958,18088.9376868122,507101.81035942363,507101.81035942363,516000.0,8898.18964057637,524898.1896405764,533796.3792811527,514000.0,8,0.0,419795.89869533957,413575.6773891382,419586.1056425183,413782.56867347495,416.68433715799665,False,True,False,3159,4,511000.0,0.4495296415980751,-0.6742944623971127,2025-10-14 04:00:00+00:00,507101.81035942363,stop,LOSS,-6220.221306201362,2,"[{""time"": ""2025-10-14 01:00:00+00:00"", ""price"": 516000.0, ""fraction"": 0.2, ""shares"": 0.40657568376213016, ""reason"": ""starter20""}, {""time"": ""2025-10-14 01:00:00+00:00"", ""price"": 512440.7241437695, ""fraction"": 0.2, ""shares"": 0.4093996494361365, ""reason"": ""adverse20""}]","[{""time"": ""2025-10-14 04:00:00+00:00"", ""price"": 507101.81035942363, ""shares"": 0.8159753331982667, ""reason"": ""stop""}]"
KOSPI40_PIT_NORA_LEVEL_RR_A_RAW,003670.KS,003670,KOSPI,포스코퓨처엠,KRLEVEL_RR|003670|5T|3149|3150|3152,2025-10-13 01:00:00+00:00,497634.3071565184,52290.19639721222,141397.74627282485,158000.0,158000.0,16602.25372717515,174602.25372717515,191204.5074543503,146600.0,5,0.0,99576.62486201934,115156.31339029211,99526.86143130368,115213.92035046735,107.37039089088552,True,False,False,3153,23,188100.0,2.0177983393402803,-0.16865180149709808,2025-10-16 05:00:00+00:00,191204.5074543503,target2,WIN,15579.688528272774,1,"[{""time"": ""2025-10-13 01:00:00+00:00"", ""price"": 158000.0, ""fraction"": 0.2, ""shares"": 0.629916844501922, ""reason"": ""starter20""}]","[{""time"": ""2025-10-16 00:00:00+00:00"", ""price"": 174602.25372717515, ""shares"": 0.314958422250961, ""reason"": ""target1_partial""}, {""time"": ""2025-10-16 05:00:00+00:00"", ""price"": 191204.5074543503, ""shares"": 0.314958422250961, ""reason"": ""target2""}]"
KOSPI40_PIT_NORA_LEVEL_RR_A_RAW,033780.KS,033780,KOSPI,KT&G,KRLEVEL_RR|033780|4T|3149|3151|3153,2025-10-13 02:00:00+00:00,1046020.7453221219,31178.403179034998,131946.29183855912,136000.0,136000.0,4053.7081614408817,140053.70816144088,144107.41632288176,135200.0,4,0.0,1046543.7556947831,1093265.4455836874,1046020.7453221219,1093812.3517595674,1069.9165485408446,True,True,True,3154,26,139600.0,1.1594322562997221,-0.8880757707827659,2025-10-17 03:00:00+00:00,139600.0,time,TIME,46721.68988890434,3,"[{""time"": ""2025-10-13 02:00:00+00:00"", ""price"": 136000.0, ""fraction"": 0.2, ""shares"": 1.538265801944297, ""reason"": ""starter20""}, {""time"": ""2025-10-13 03:00:00+00:00"", ""price"": 134378.51673542365, ""fraction"": 0.2, ""shares"": 1.5568273422478989, ""reason"": ""adverse20""}, {""time"": ""2025-10-14 00:00:00+00:00"", ""price"": 132757.0334708473, ""fraction"": 0.6, ""shares"": 4.727526902226941, ""reason"": ""support60""}]","[{""time"": ""2025-10-15 00:00:00+00:00"", ""price"": 140053.70816144088, ""shares"": 3.9113100232095688, ""reason"": ""target1_partial""}, {""time"": ""2025-10-17 03:00:00+00:00"", ""price"": 139600.0, ""shares"": 3.9113100232095688, ""reason"": ""time""}]"
KOSPI40_PIT_NORA_LEVEL_RR_A_RAW,042660.KS,042660,KOSPI,한화오션,KRLEVEL_RR|042660|2T|3170|3174|3175,2025-10-17 00:00:00+00:00,425206.7010236709,52774.007980152535,99150.3208934125,113200.0,113200.0,14049.6791065875,127249.6791065875,141299.358213175,108350.0,2,0.0,170167.7217496731,203292.31687913527,170082.68040946836,203394.01388607832,186.73834714777334,True,True,False,3176,26,136600.0,1.7295768690265967,-0.5480552218726252,2025-10-23 01:00:00+00:00,136600.0,time,TIME,33124.59512946216,2,"[{""time"": ""2025-10-17 00:00:00+00:00"", ""price"": 113200.0, ""fraction"": 0.2, ""shares"": 0.751248588381044, ""reason"": ""starter20""}, {""time"": ""2025-10-17 04:00:00+00:00"", ""price"": 107580.128357365, ""fraction"": 0.2, ""shares"": 0.7904930167236801, ""reason"": ""adverse20""}]","[{""time"": ""2025-10-22 04:00:00+00:00"", ""price"": 127249.6791065875, ""shares"": 0.7708708025523621, ""reason"": ""target1_partial""}, {""time"": ""2025-10-23 01:00:00+00:00"", ""price"": 136600.0, ""shares"": 0.7708708025523621, ""reason"": ""time""}]"
KOSPI40_PIT_NORA_LEVEL_RR_A_RAW,009540.KS,009540,KOSPI,HD한국조선해양,KRLEVEL_RR|009540|5T|3176|3181|3182,2025-10-20 01:00:00+00:00,1057408.7666475219,52579.431423348295,401966.4128068552,423000.0,423000.0,21033.587193144776,444033.5871931448,465067.17438628955,420500.0,5,0.0,211587.49420616915,223002.58941030237,211481.7533295044,223114.14648354414,217.29794990652428,True,False,False,3183,26,448500.0,1.9017203120272665,-0.11885751950170416,2025-10-24 02:00:00+00:00,448500.0,time,TIME,11415.09520413322,1,"[{""time"": ""2025-10-20 01:00:00+00:00"", ""price"": 423000.0, ""fraction"": 0.2, ""shares"": 0.49995686366313097, ""reason"": ""starter20""}]","[{""time"": ""2025-10-22 00:00:00+00:00"", ""price"": 444033.5871931448, ""shares"": 0.24997843183156548, ""reason"": ""target1_partial""}, {""time"": ""2025-10-24 02:00:00+00:00"", ""price"": 448500.0, ""shares"": 0.24997843183156548, ""reason"": ""time""}]"
KOSPI40_PIT_NORA_LEVEL_RR_A_RAW,086790.KS,086790,KOSPI,하나금융지주,KRLEVEL_RR|086790|2T|3201|3205|3206,2025-10-24 01:00:00+00:00,1064955.6196603782,14892.535474372868,86867.99337824926,88100.0,88100.0,1232.006621750741,89332.00662175074,90564.01324350148,88000.0,2,0.0,426195.2389880834,429952.1532429018,425982.2478641513,430167.23686133244,428.0747423627419,True,True,False,3207,7,89100.0,1.8668730828180036,-0.4870103694307836,2025-10-27 01:00:00+00:00,88100.0,stop,BE_STOP,3756.9142548184027,2,"[{""time"": ""2025-10-24 01:00:00+00:00"", ""price"": 88100.0, ""fraction"": 0.2, ""shares"": 2.4176064010451266, ""reason"": ""starter20""}, {""time"": ""2025-10-24 01:00:00+00:00"", ""price"": 87607.1973512997, ""fraction"": 0.2, ""shares"": 2.4312057727174374, ""reason"": ""adverse20""}]","[{""time"": ""2025-10-27 00:00:00+00:00"", ""price"": 89332.00662175074, ""shares"": 2.424406086881282, ""reason"": ""target1_partial""}, {""time"": ""2025-10-27 01:00:00+00:00"", ""price"": 88100.0, ""shares"": 2.424406086881282, ""reason"": ""stop""}]"
KOSPI40_PIT_NORA_LEVEL_RR_A_RAW,000810.KS,000810,KOSPI,삼성화재,KRLEVEL_RR|000810|2T|3200|3201|3202,2025-10-23 03:00:00+00:00,1065868.0701260406,36034.290415500465,445414.761688488,445414.761688488,461000.0,15585.238311511988,476585.238311512,492170.476623024,454250.0,2,0.0,426560.4016644415,414549.6000995314,426347.2280504163,414756.97858882585,420.5521033196211,False,True,False,3203,16,452500.0,0.09624491907140295,-0.7378777128807559,2025-10-28 00:00:00+00:00,445414.761688488,stop,LOSS,-12010.8015649101,2,"[{""time"": ""2025-10-23 03:00:00+00:00"", ""price"": 461000.0, ""fraction"": 0.2, ""shares"": 0.46241564864470314, ""reason"": ""starter20""}, {""time"": ""2025-10-24 01:00:00+00:00"", ""price"": 454765.9046753952, ""fraction"": 0.2, ""shares"": 0.468754609423431, ""reason"": ""adverse20""}]","[{""time"": ""2025-10-28 00:00:00+00:00"", ""price"": 445414.761688488, ""shares"": 0.9311702580681341, ""reason"": ""stop""}]"
KOSPI40_PIT_NORA_LEVEL_RR_A_RAW,018260.KS,018260,KOSPI,삼성에스디에스,KRLEVEL_RR|018260|2T|3209|3210|3212,2025-10-27 01:00:00+00:00,823034.2311317687,53281.511143562275,163016.18331165615,163016.18331165615,174300.0,11283.816688343853,185583.81668834385,196867.6333766877,166400.0,2,0.0,329378.2992989339,337057.287958641,329213.6924527075,337225.90090909554,333.21979668090154,False,True,False,3213,26,176200.0,0.8064647141423585,-0.7532912165065986,2025-10-31 02:00:00+00:00,176200.0,time,TIME,7678.988659707131,2,"[{""time"": ""2025-10-27 01:00:00+00:00"", ""price"": 174300.0, ""fraction"": 0.2, ""shares"": 0.9443881022739745, ""reason"": ""starter20""}, {""time"": ""2025-10-28 00:00:00+00:00"", ""price"": 169786.47332466245, ""fraction"": 0.2, ""shares"": 0.9694932876754893, ""reason"": ""adverse20""}]","[{""time"": ""2025-10-31 02:00:00+00:00"", ""price"": 176200.0, ""shares"": 1.9138813899494638, ""reason"": ""time""}]"
KOSPI40_PIT_NORA_LEVEL_RR_A_RAW,015760.KS,015760,KOSPI,한국전력,KRLEVEL_RR|015760|3T|3218|3222|3224,2025-10-29 01:00:00+00:00,755387.5166380133,53397.597754177805,42190.71882359238,42190.71882359238,45400.0,3209.2811764076177,48609.28117640762,51818.562352815235,43950.0,3,0.0,755765.2103963323,771831.0420624182,755387.5166380133,772217.150637737,763.8023336378751,False,True,True,3225,26,44550.0,0.4206549460122884,-0.9036291432856567,2025-11-04 02:00:00+00:00,44550.0,time,TIME,16065.831666085869,3,"[{""time"": ""2025-10-29 01:00:00+00:00"", ""price"": 45400.0, ""fraction"": 0.2, ""shares"": 3.3276983111806753, ""reason"": ""starter20""}, {""time"": ""2025-10-30 00:00:00+00:00"", ""price"": 44116.28752943695, ""fraction"": 0.2, ""shares"": 3.4245289390408242, ""reason"": ""adverse20""}, {""time"": ""2025-10-31 00:00:00+00:00"", ""price"": 42832.5750588739, ""fraction"": 0.6, ""shares"": 10.581491058145215, ""reason"": ""support60""}]","[{""time"": ""2025-11-04 02:00:00+00:00"", ""price"": 44550.0, ""shares"": 17.333718308366713, ""reason"": ""time""}]"
KOSPI40_PIT_NORA_LEVEL_RR_A_RAW,034730.KS,034730,KOSPI,SK,KRLEVEL_RR|034730|2T|3242|3244|3245,2025-11-03 04:00:00+00:00,1069548.9830224314,42251.26264648097,242525.2873056,242525.2873056,252500.0,9974.71269439999,262474.7126944,272449.4253888,249500.0,2,0.0,428033.5030055771,414010.67786025937,427819.5932089726,414217.7867536362,421.0186899813044,False,True,False,3246,9,247000.0,0.4511408135621182,-0.40101405649966065,2025-11-05 00:00:00+00:00,242525.2873056,stop,LOSS,-14022.825145317707,2,"[{""time"": ""2025-11-03 04:00:00+00:00"", ""price"": 252500.0, ""fraction"": 0.2, ""shares"": 0.8471675113048962, ""reason"": ""starter20""}, {""time"": ""2025-11-03 04:00:00+00:00"", ""price"": 248510.11492224, ""fraction"": 0.2, ""shares"": 0.8607689738158936, ""reason"": ""adverse20""}]","[{""time"": ""2025-11-05 00:00:00+00:00"", ""price"": 242525.2873056, ""shares"": 1.7079364851207899, ""reason"": ""stop""}]"
KOSPI40_PIT_NORA_LEVEL_RR_A_RAW,033780.KS,033780,KOSPI,KT&G,KRLEVEL_RR|033780|6T|3250|3253|3254,2025-11-05 01:00:00+00:00,1065609.5253933973,28578.40422461723,132449.9567878445,136100.0,136100.0,3650.0432121554913,139750.0432121555,143400.08642431098,135200.0,6,0.0,213228.46603121882,215871.7556283906,213121.90507867947,215979.74550114118,214.55082528991034,True,False,False,3255,16,137700.0,1.97257938646379,-0.35616016700040654,2025-11-07 04:00:00+00:00,136100.0,stop,BE_STOP,2643.289597171766,1,"[{""time"": ""2025-11-05 01:00:00+00:00"", ""price"": 136100.0, ""fraction"": 0.2, ""shares"": 1.5659214186530452, ""reason"": ""starter20""}]","[{""time"": ""2025-11-07 00:00:00+00:00"", ""price"": 139750.0432121555, ""shares"": 0.7829607093265226, ""reason"": ""target1_partial""}, {""time"": ""2025-11-07 04:00:00+00:00"", ""price"": 136100.0, ""shares"": 0.7829607093265226, ""reason"": ""stop""}]"
KOSPI40_PIT_NORA_LEVEL_RR_A_RAW,055550.KS,055550,KOSPI,신한지주,KRLEVEL_RR|055550|2T|3248|3251|3252,2025-11-04 05:00:00+00:00,1068565.9926953854,47441.68850449391,72243.54688858027,75600.0,75600.0,3356.4531114197307,78956.45311141973,82312.90622283946,74950.0,2,0.0,213820.05513834662,223151.45591876388,213713.19853907707,223263.08746249514,218.4881430007861,True,False,False,3253,26,79000.0,1.9067747373634227,-0.38731361852694524,2025-11-11 00:00:00+00:00,79000.0,time,TIME,9331.400780417258,1,"[{""time"": ""2025-11-04 05:00:00+00:00"", ""price"": 75600.0, ""fraction"": 0.2, ""shares"": 2.8268941605698026, ""reason"": ""starter20""}]","[{""time"": ""2025-11-06 00:00:00+00:00"", ""price"": 78956.45311141973, ""shares"": 1.4134470802849013, ""reason"": ""target1_partial""}, {""time"": ""2025-11-11 00:00:00+00:00"", ""price"": 79000.0, ""shares"": 1.4134470802849013, ""reason"": ""time""}]"
KOSPI40_PIT_NORA_LEVEL_RR_A_RAW,033780.KS,033780,KOSPI,KT&G,KRLEVEL_RR|033780|3T|3272|3276|3277,2025-11-11 00:00:00+00:00,1067649.1455851486,6994.620389352781,136797.86915336686,137700.0,137700.0,902.1308466331393,138602.13084663314,139504.26169326628,138000.0,3,0.0,427273.18806317647,428341.3644162456,427059.65823405946,428555.6422373643,427.8076502357119,True,True,False,3278,1,137400.0,1.6627299749234605,-0.7759406549642817,2025-11-11 01:00:00+00:00,137400.0,gap_stop,BE_STOP,1068.1763530691387,2,"[{""time"": ""2025-11-11 00:00:00+00:00"", ""price"": 137700.0, ""fraction"": 0.2, ""shares"": 1.5506886646116902, ""reason"": ""starter20""}, {""time"": ""2025-11-11 00:00:00+00:00"", ""price"": 137339.14766134674, ""fraction"": 0.2, ""shares"": 1.5547630282631089, ""reason"": ""adverse20""}]","[{""time"": ""2025-11-11 00:00:00+00:00"", ""price"": 138602.13084663314, ""shares"": 1.5527258464373994, ""reason"": ""target1_partial""}, {""time"": ""2025-11-11 01:00:00+00:00"", ""price"": 137400.0, ""shares"": 1.5527258464373994, ""reason"": ""gap_stop""}]"
KOSPI40_PIT_NORA_LEVEL_RR_A_RAW,000270.KS,000270,KOSPI,기아,KRLEVEL_RR|000270|2T|3272|3273|3274,2025-11-10 03:00:00+00:00,1068376.2283199718,42635.14054198777,109834.69805044873,114400.0,114400.0,4565.301949551271,118965.30194955127,123530.60389910254,112050.0,2,0.0,213782.08328682635,220163.36123039218,213675.24566399437,220273.49797938188,216.97437182168815,True,False,False,3275,26,116900.0,1.2047395902346836,-0.13142613711651094,2025-11-14 05:00:00+00:00,116900.0,time,TIME,6381.27794356583,1,"[{""time"": ""2025-11-10 03:00:00+00:00"", ""price"": 114400.0, ""fraction"": 0.2, ""shares"": 1.8677906089509997, ""reason"": ""starter20""}]","[{""time"": ""2025-11-12 00:00:00+00:00"", ""price"": 118965.30194955127, ""shares"": 0.9338953044754998, ""reason"": ""target1_partial""}, {""time"": ""2025-11-14 05:00:00+00:00"", ""price"": 116900.0, ""shares"": 0.9338953044754998, ""reason"": ""time""}]"
KOSPI40_PIT_NORA_LEVEL_RR_A_RAW,000660.KS,000660,KOSPI,SK하이닉스,KRLEVEL_RR|000660|2T|3273|3277|3278,2025-11-11 01:00:00+00:00,436229.7953301921,53441.799296529956,561594.6459505584,561594.6459505584,640000.0,78405.35404944164,718405.3540494416,796810.7080988833,606500.0,2,0.0,436447.9102278572,437423.91912850615,436229.7953301921,437642.74049875553,436.93626791447383,False,True,True,3279,26,597000.0,0.038262693107772076,-0.9565673276943019,2025-11-17 03:00:00+00:00,597000.0,time,TIME,976.0089006489725,3,"[{""time"": ""2025-11-11 01:00:00+00:00"", ""price"": 640000.0, ""fraction"": 0.2, ""shares"": 0.13632181104068505, ""reason"": ""starter20""}, {""time"": ""2025-11-11 05:00:00+00:00"", ""price"": 608637.8583802234, ""fraction"": 0.2, ""shares"": 0.14334625732652803, ""reason"": ""adverse20""}, {""time"": ""2025-11-14 00:00:00+00:00"", ""price"": 577275.7167604467, ""fraction"": 0.6, ""shares"": 0.45340184871612943, ""reason"": ""support60""}]","[{""time"": ""2025-11-17 03:00:00+00:00"", ""price"": 597000.0, ""shares"": 0.7330699170833426, ""reason"": ""time""}]"
KOSPI40_PIT_NORA_LEVEL_RR_A_RAW,042660.KS,042660,KOSPI,한화오션,KRLEVEL_RR|042660|3T|3301|3302|3303,2025-11-17 03:00:00+00:00,1059005.0324171039,53481.55386925381,125048.92618167792,125048.92618167792,131700.0,6651.073818322082,138351.0738183221,145002.14763664416,129900.0,3,0.0,423813.813973325,406152.421395889,423602.0129668416,406355.59919548675,414.9788060811642,False,True,False,3304,10,129200.0,0.3007033231972992,-0.6314769787143284,2025-11-19 00:00:00+00:00,125048.92618167792,stop,LOSS,-17661.392577435996,2,"[{""time"": ""2025-11-17 03:00:00+00:00"", ""price"": 131700.0, ""fraction"": 0.2, ""shares"": 1.6082080978239999, ""reason"": ""starter20""}, {""time"": ""2025-11-18 00:00:00+00:00"", ""price"": 129039.57047267117, ""fraction"": 0.2, ""shares"": 1.641364782195066, ""reason"": ""adverse20""}]","[{""time"": ""2025-11-19 00:00:00+00:00"", ""price"": 125048.92618167792, ""shares"": 3.249572880019066, ""reason"": ""stop""}]"
KOSPI40_PIT_NORA_LEVEL_RR_A_RAW,015760.KS,015760,KOSPI,한국전력,KRLEVEL_RR|015760|2T|3301|3305|3307,2025-11-18 01:00:00+00:00,622158.9134227026,53555.07383442498,46518.557896766506,46518.557896766506,50900.0,4381.442103233494,55281.442103233494,59662.88420646699,48700.0,2,0.0,622469.9928794139,597591.2765482415,622158.9134227026,597890.221659071,610.0245675408868,False,True,True,3308,9,47650.0,0.13694121384308636,-0.9928238003623762,2025-11-19 03:00:00+00:00,46518.557896766506,stop,LOSS,-24878.716331172385,3,"[{""time"": ""2025-11-18 01:00:00+00:00"", ""price"": 50900.0, ""fraction"": 0.2, ""shares"": 2.444632272780757, ""reason"": ""starter20""}, {""time"": ""2025-11-19 00:00:00+00:00"", ""price"": 49147.4231587066, ""fraction"": 0.2, ""shares"": 2.5318068514543692, ""reason"": ""adverse20""}, {""time"": ""2025-11-19 00:00:00+00:00"", ""price"": 47394.846317413205, ""fraction"": 0.6, ""shares"": 7.876285652528219, ""reason"": ""support60""}]","[{""time"": ""2025-11-19 03:00:00+00:00"", ""price"": 46518.557896766506, ""shares"": 12.852724776763345, ""reason"": ""stop""}]"
KOSPI40_PIT_NORA_LEVEL_RR_A_RAW,033780.KS,033780,KOSPI,KT&G,KRLEVEL_RR|033780|3T|3314|3315|3317,2025-11-19 05:00:00+00:00,1061372.5192961383,32767.38944256782,140814.2029782696,140814.2029782696,145300.0,4485.7970217303955,149785.7970217304,154271.5940434608,143300.0,3,0.0,1061903.2055557864,1046282.7256792419,1061372.5192961383,1046806.1287436137,1054.0893240198761,False,True,True,3318,24,141600.0,0.33438873688078186,-0.8471181334313139,2025-11-25 04:00:00+00:00,140814.2029782696,stop,LOSS,-15620.479876544443,3,"[{""time"": ""2025-11-19 05:00:00+00:00"", ""price"": 145300.0, ""fraction"": 0.2, ""shares"": 1.4609394622107892, ""reason"": ""starter20""}, {""time"": ""2025-11-20 00:00:00+00:00"", ""price"": 143505.68119130784, ""fraction"": 0.2, ""shares"": 1.4792062732084028, ""reason"": ""adverse20""}, {""time"": ""2025-11-25 03:00:00+00:00"", ""price"": 141711.36238261568, ""fraction"": 0.6, ""shares"": 4.493806995223728, ""reason"": ""support60""}]","[{""time"": ""2025-11-25 04:00:00+00:00"", ""price"": 140814.2029782696, ""shares"": 7.43395273064292, ""reason"": ""stop""}]"
KOSPI40_PIT_NORA_LEVEL_RR_A_RAW,009540.KS,009540,KOSPI,HD한국조선해양,KRLEVEL_RR|009540|2T|3319|3320|3321,2025-11-20 03:00:00+00:00,749220.2070569904,53043.062418645735,404203.0034230567,404203.0034230567,435000.0,30796.99657694332,465796.9965769433,496593.99315388664,424250.0,2,0.0,299837.92686420755,301457.97501750756,299688.08282279613,301608.7794072112,300.64843111500363,False,True,False,3322,26,431500.0,0.29223628926003775,-0.6494139761334172,2025-11-26 04:00:00+00:00,431500.0,time,TIME,1620.048153300013,2,"[{""time"": ""2025-11-20 03:00:00+00:00"", ""price"": 435000.0, ""fraction"": 0.2, ""shares"": 0.34446906071585764, ""reason"": ""starter20""}, {""time"": ""2025-11-21 00:00:00+00:00"", ""price"": 422681.20136922266, ""fraction"": 0.2, ""shares"": 0.35450841183851356, ""reason"": ""adverse20""}]","[{""time"": ""2025-11-26 04:00:00+00:00"", ""price"": 431500.0, ""shares"": 0.6989774725543711, ""reason"": ""time""}]"
KOSPI40_PIT_NORA_LEVEL_RR_A_RAW,034730.KS,034730,KOSPI,SK,KRLEVEL_RR|034730|3T|3342|3347|3349,2025-11-27 01:00:00+00:00,1060656.630909599,40184.87296225185,243895.6992309615,253500.0,253500.0,9604.300769038498,263104.3007690385,272708.601538077,249500.0,3,0.0,212237.39184501074,224074.69467656003,212131.32618191978,224186.78807059533,218.15905712625755,True,False,False,3350,6,268500.0,2.446820498974505,-0.20824004246591532,2025-11-28 00:00:00+00:00,272708.601538077,target2,WIN,11837.302831549285,1,"[{""time"": ""2025-11-27 01:00:00+00:00"", ""price"": 253500.0, ""fraction"": 0.2, ""shares"": 0.8368099652146737, ""reason"": ""starter20""}]","[{""time"": ""2025-11-28 00:00:00+00:00"", ""price"": 263104.3007690385, ""shares"": 0.41840498260733683, ""reason"": ""target1_partial""}, {""time"": ""2025-11-28 00:00:00+00:00"", ""price"": 272708.601538077, ""shares"": 0.41840498260733683, ""reason"": ""target2""}]"
KOSPI40_PIT_NORA_LEVEL_RR_A_RAW,005930.KS,005930,KOSPI,삼성전자,KRLEVEL_RR|005930|2T|3337|3342|3343,2025-11-26 01:00:00+00:00,1057624.0253678542,48267.95375217519,95531.62593255931,100100.0,100100.0,4568.374067440687,104668.37406744069,109236.74813488137,99200.0,2,0.0,211630.56747610762,216243.42464856396,211524.80507357084,216351.60044878835,213.93820276117958,True,False,False,3344,18,102000.0,1.1820398067851763,0.0,2025-12-01 00:00:00+00:00,100100.0,stop,BE_STOP,4612.857172456337,1,"[{""time"": ""2025-11-26 01:00:00+00:00"", ""price"": 100100.0, ""fraction"": 0.2, ""shares"": 2.1131349158198884, ""reason"": ""starter20""}]","[{""time"": ""2025-11-27 00:00:00+00:00"", ""price"": 104668.37406744069, ""shares"": 1.0565674579099442, ""reason"": ""target1_partial""}, {""time"": ""2025-12-01 00:00:00+00:00"", ""price"": 100100.0, ""shares"": 1.0565674579099442, ""reason"": ""stop""}]"
KOSPI40_PIT_NORA_LEVEL_RR_A_RAW,105560.KS,105560,KOSPI,KB금융,KRLEVEL_RR|105560|2T|3356|3357|3359,2025-11-28 05:00:00+00:00,1061981.5260494777,15201.485174446983,123309.28542665184,125100.0,125100.0,1790.7145733481593,126890.71457334816,128681.42914669632,124100.0,2,0.0,212502.50336250052,213554.95100760213,212396.30520989557,213661.7818985514,213.02904355422348,True,False,False,3360,2,124800.0,1.340247092261409,-0.27921814422112684,2025-12-01 01:00:00+00:00,124800.0,gap_stop,BE_STOP,1052.447645101609,1,"[{""time"": ""2025-11-28 05:00:00+00:00"", ""price"": 125100.0, ""fraction"": 0.2, ""shares"": 1.697812191925624, ""reason"": ""starter20""}]","[{""time"": ""2025-12-01 00:00:00+00:00"", ""price"": 126890.71457334816, ""shares"": 0.848906095962812, ""reason"": ""target1_partial""}, {""time"": ""2025-12-01 01:00:00+00:00"", ""price"": 124800.0, ""shares"": 0.848906095962812, ""reason"": ""gap_stop""}]"
KOSPI40_PIT_NORA_LEVEL_RR_A_RAW,055550.KS,055550,KOSPI,신한지주,KRLEVEL_RR|055550|2T|3359|3360|3361,2025-12-01 01:00:00+00:00,1061814.58486348,24161.30581958749,76909.20262811608,78700.0,78700.0,1790.7973718839203,80490.79737188392,82281.59474376784,78025.0,2,0.0,212469.09843118236,219501.50306421294,212362.916972696,219611.30871857225,215.98711284563413,True,False,False,3362,10,82000.0,2.0102776877614006,-0.16752314064678336,2025-12-02 04:00:00+00:00,82281.59474376784,target2,WIN,7032.404633030586,1,"[{""time"": ""2025-12-01 01:00:00+00:00"", ""price"": 78700.0, ""fraction"": 0.2, ""shares"": 2.6983852220164675, ""reason"": ""starter20""}]","[{""time"": ""2025-12-02 00:00:00+00:00"", ""price"": 80490.79737188392, ""shares"": 1.3491926110082337, ""reason"": ""target1_partial""}, {""time"": ""2025-12-02 04:00:00+00:00"", ""price"": 82281.59474376784, ""shares"": 1.3491926110082337, ""reason"": ""target2""}]"
KOSPI40_PIT_NORA_LEVEL_RR_A_RAW,017670.KS,017670,KOSPI,SK텔레콤,KRLEVEL_RR|017670|2T|3345|3347|3348,2025-11-27 00:00:00+00:00,1060241.7884036384,17240.081126205827,52826.81016103772,52826.81016103772,53700.0,873.1898389622802,54573.18983896228,55446.37967792456,53950.0,2,0.0,424308.7637191361,426064.14954828937,424096.7153614554,426277.2881923856,425.1870017769205,False,True,False,3349,26,53800.0,0.6871358016637648,-0.6871358016637648,2025-12-03 01:00:00+00:00,53800.0,time,TIME,1755.3858291532379,2,"[{""time"": ""2025-11-27 00:00:00+00:00"", ""price"": 53700.0, ""fraction"": 0.2, ""shares"": 3.9487589884679273, ""reason"": ""starter20""}, {""time"": ""2025-11-28 02:00:00+00:00"", ""price"": 53350.72406441509, ""fraction"": 0.2, ""shares"": 3.974610680535522, ""reason"": ""adverse20""}]","[{""time"": ""2025-12-03 01:00:00+00:00"", ""price"": 53800.0, ""shares"": 7.923369669003449, ""reason"": ""time""}]"
KOSPI40_PIT_NORA_LEVEL_RR_A_RAW,012330.KS,012330,KOSPI,현대모비스,KRLEVEL_RR|012330|3T|3368|3369|3371,2025-12-02 05:00:00+00:00,1063671.688673305,29783.168090084197,306179.8931490993,315000.0,315000.0,8820.106850900687,323820.1068509007,332640.2137018014,312500.0,3,0.0,212840.70490352836,221558.45351760546,212734.33773466104,221669.2881616863,217.20181294817368,True,False,False,3372,8,325000.0,3.0611874046903216,-0.28344327821206683,2025-12-04 00:00:00+00:00,332640.2137018014,target2,WIN,8717.748614077107,1,"[{""time"": ""2025-12-02 05:00:00+00:00"", ""price"": 315000.0, ""fraction"": 0.2, ""shares"": 0.6753471039195589, ""reason"": ""starter20""}]","[{""time"": ""2025-12-04 00:00:00+00:00"", ""price"": 323820.1068509007, ""shares"": 0.33767355195977944, ""reason"": ""target1_partial""}, {""time"": ""2025-12-04 00:00:00+00:00"", ""price"": 332640.2137018014, ""shares"": 0.33767355195977944, ""reason"": ""target2""}]"
KOSPI40_PIT_NORA_LEVEL_RR_A_RAW,011200.KS,011200,KOSPI,HMM,KRLEVEL_RR|011200|2T|3355|3359|3361,2025-12-01 01:00:00+00:00,910246.9480286468,53091.639490122034,18776.966942074585,18776.966942074585,19940.0,1163.033057925415,21103.033057925415,22266.06611585083,19080.0,2,0.0,182140.41430053223,186384.1325629726,182049.38960572938,186477.3712485969,184.26338042716316,False,False,False,3362,26,20425.0,0.4814996411184665,-0.163365949665194,2025-12-05 02:00:00+00:00,20425.0,time,TIME,4243.7182624403795,1,"[{""time"": ""2025-12-01 01:00:00+00:00"", ""price"": 19940.0, ""fraction"": 0.2, ""shares"": 9.129859057458845, ""reason"": ""starter20""}]","[{""time"": ""2025-12-05 02:00:00+00:00"", ""price"": 20425.0, ""shares"": 9.129859057458845, ""reason"": ""time""}]"
KOSPI40_PIT_NORA_LEVEL_RR_A_RAW,010950.KS,010950,KOSPI,S-Oil,KRLEVEL_RR|010950|3T|3382|3386|3388,2025-12-05 04:00:00+00:00,1066730.5742073134,18234.168578147794,79271.40850615404,79271.40850615404,80650.0,1378.591493845961,82028.59149384596,83407.18298769192,79900.0,3,0.0,426905.57579776685,420631.81069958396,426692.2296829254,420842.2318154917,423.7672307492086,False,True,False,3389,3,81100.0,0.1088067064606163,-0.6165713366101591,2025-12-08 00:00:00+00:00,79271.40850615404,stop,LOSS,-6273.765098182892,2,"[{""time"": ""2025-12-05 04:00:00+00:00"", ""price"": 80650.0, ""fraction"": 0.2, ""shares"": 2.6453331040478947, ""reason"": ""starter20""}, {""time"": ""2025-12-05 04:00:00+00:00"", ""price"": 80098.56340246162, ""fraction"": 0.2, ""shares"": 2.6635448349989517, ""reason"": ""adverse20""}]","[{""time"": ""2025-12-08 00:00:00+00:00"", ""price"": 79271.40850615404, ""shares"": 5.308877939046846, ""reason"": ""stop""}]"
KOSPI40_PIT_NORA_LEVEL_RR_A_RAW,011200.KS,011200,KOSPI,HMM,KRLEVEL_RR|011200|3T|3379|3385|3387,2025-12-05 03:00:00+00:00,1066699.6830022954,26227.044436295713,19922.80862303848,20425.0,20425.0,502.1913769615203,20927.19137696152,21429.38275392304,20100.0,3,0.0,426893.2131375187,433853.3006003801,426679.8732009182,434070.33576826425,430.37510448459125,True,True,False,3388,13,20550.0,1.0454181893294983,-0.4480363668554992,2025-12-09 03:00:00+00:00,20425.0,stop,BE_STOP,6960.08746286144,2,"[{""time"": ""2025-12-05 03:00:00+00:00"", ""price"": 20425.0, ""fraction"": 0.2, ""shares"": 10.445039735640592, ""reason"": ""starter20""}, {""time"": ""2025-12-08 01:00:00+00:00"", ""price"": 20224.123449215393, ""fraction"": 0.2, ""shares"": 10.548785322447968, ""reason"": ""adverse20""}]","[{""time"": ""2025-12-09 00:00:00+00:00"", ""price"": 20927.19137696152, ""shares"": 10.49691252904428, ""reason"": ""target1_partial""}, {""time"": ""2025-12-09 03:00:00+00:00"", ""price"": 20425.0, ""shares"": 10.49691252904428, ""reason"": ""stop""}]"
KOSPI40_PIT_NORA_LEVEL_RR_A_RAW,015760.KS,015760,KOSPI,한국전력,KRLEVEL_RR|015760|2T|3398|3400|3402,2025-12-10 00:00:00+00:00,1065862.8062396615,11425.829641850878,50255.434468293555,50255.434468293555,50800.0,544.5655317064447,51344.565531706445,51889.13106341289,50450.0,2,0.0,1066395.7376427813,1060287.2678456383,1065862.8062396615,1060817.6766839803,1063.3402414618208,False,True,True,3403,2,50350.0,0.7345305141633997,-0.9181631427042496,2025-12-10 01:00:00+00:00,50255.434468293555,stop,LOSS,-6108.469797143014,3,"[{""time"": ""2025-12-10 00:00:00+00:00"", ""price"": 50800.0, ""fraction"": 0.2, ""shares"": 4.19631026078607, ""reason"": ""starter20""}, {""time"": ""2025-12-10 00:00:00+00:00"", ""price"": 50582.17378731742, ""fraction"": 0.2, ""shares"": 4.21438117990456, ""reason"": ""adverse20""}, {""time"": ""2025-12-10 00:00:00+00:00"", ""price"": 50364.34757463484, ""fraction"": 0.6, ""shares"": 12.697825238301691, ""reason"": ""support60""}]","[{""time"": ""2025-12-10 01:00:00+00:00"", ""price"": 50255.434468293555, ""shares"": 21.108516678992324, ""reason"": ""stop""}]"
KOSPI40_PIT_NORA_LEVEL_RR_A_RAW,034020.KS,034020,KOSPI,두산에너빌리티,KRLEVEL_RR|034020|3T|3377|3378|3379,2025-12-04 01:00:00+00:00,827906.4044759141,53292.40064237207,73914.76376075084,73914.76376075084,79000.0,5085.236239249163,84085.23623924916,89170.47247849833,77800.0,3,0.0,331328.1430712608,326031.4179819964,331162.56179036567,326194.51523961616,328.6785385149909,False,True,False,3380,26,76800.0,0.33430108652159796,-0.7275964824293603,2025-12-10 02:00:00+00:00,76800.0,time,TIME,-5296.7250892644515,2,"[{""time"": ""2025-12-04 01:00:00+00:00"", ""price"": 79000.0, ""fraction"": 0.2, ""shares"": 2.0959655809516815, ""reason"": ""starter20""}, {""time"": ""2025-12-08 00:00:00+00:00"", ""price"": 76965.90550430033, ""fraction"": 0.2, ""shares"": 2.1513588362308202, ""reason"": ""adverse20""}]","[{""time"": ""2025-12-10 02:00:00+00:00"", ""price"": 76800.0, ""shares"": 4.247324417182502, ""reason"": ""time""}]"
KOSPI40_PIT_NORA_LEVEL_RR_A_RAW,009540.KS,009540,KOSPI,HD한국조선해양,KRLEVEL_RR|009540|3T|3412|3413|3415,2025-12-12 01:00:00+00:00,1064673.232198011,17045.044441924612,440827.6773764497,440827.6773764497,448000.0,7172.32262355031,455172.3226235503,462344.6452471006,444000.0,3,0.0,426082.227525644,420191.494900069,425869.2928792044,420401.695747943,423.1354943135737,False,True,False,3416,6,444000.0,0.27884969834360257,-0.4182745475154038,2025-12-15 00:00:00+00:00,440827.6773764497,stop,LOSS,-5890.7326255749795,2,"[{""time"": ""2025-12-12 01:00:00+00:00"", ""price"": 448000.0, ""fraction"": 0.2, ""shares"": 0.4753005500883977, ""reason"": ""starter20""}, {""time"": ""2025-12-12 03:00:00+00:00"", ""price"": 445131.0709505799, ""fraction"": 0.2, ""shares"": 0.47836392544982104, ""reason"": ""adverse20""}]","[{""time"": ""2025-12-15 00:00:00+00:00"", ""price"": 440827.6773764497, ""shares"": 0.9536644755382188, ""reason"": ""stop""}]"
KOSPI40_PIT_NORA_LEVEL_RR_A_RAW,018260.KS,018260,KOSPI,삼성에스디에스,KRLEVEL_RR|018260|3T|3397|3400|3401,2025-12-09 05:00:00+00:00,1065703.2378323458,29862.816709458228,171165.37858209744,171165.37858209744,176100.0,4934.621417902556,181034.62141790256,185969.2428358051,175300.0,3,0.0,1066236.089451262,1060731.1950706579,1065703.2378323458,1061261.8259836498,1063.4825319079978,False,True,True,3402,26,172600.0,0.36476962416401215,-0.8511291230493617,2025-12-16 00:00:00+00:00,172600.0,time,TIME,-5504.89438060415,3,"[{""time"": ""2025-12-09 05:00:00+00:00"", ""price"": 176100.0, ""fraction"": 0.2, ""shares"": 1.210338714176429, ""reason"": ""starter20""}, {""time"": ""2025-12-10 00:00:00+00:00"", ""price"": 174126.151432839, ""fraction"": 0.2, ""shares"": 1.2240587976739277, ""reason"": ""adverse20""}, {""time"": ""2025-12-15 00:00:00+00:00"", ""price"": 172152.30286567795, ""fraction"": 0.6, ""shares"": 3.7142805065948914, ""reason"": ""support60""}]","[{""time"": ""2025-12-16 00:00:00+00:00"", ""price"": 172600.0, ""shares"": 6.148678018445247, ""reason"": ""time""}]"
KOSPI40_PIT_NORA_LEVEL_RR_A_RAW,010950.KS,010950,KOSPI,S-Oil,KRLEVEL_RR|010950|2T|3403|3404|3405,2025-12-10 03:00:00+00:00,891371.1789171486,53209.20286016837,77763.33480303727,82700.0,82700.0,4936.665196962727,87636.66519696273,92573.33039392545,81100.0,2,0.0,356726.7458026429,374548.81981982896,356548.47156685946,374736.1879137859,365.6423297403227,True,True,False,3406,26,84100.0,1.4584744382563728,-0.4861581460854576,2025-12-16 04:00:00+00:00,84100.0,time,TIME,17822.074017186067,2,"[{""time"": ""2025-12-10 03:00:00+00:00"", ""price"": 82700.0, ""fraction"": 0.2, ""shares"": 2.1556739514320404, ""reason"": ""starter20""}, {""time"": ""2025-12-11 02:00:00+00:00"", ""price"": 80725.33392121491, ""fraction"": 0.2, ""shares"": 2.2084050585336583, ""reason"": ""adverse20""}]","[{""time"": ""2025-12-15 00:00:00+00:00"", ""price"": 87636.66519696273, ""shares"": 2.1820395049828494, ""reason"": ""target1_partial""}, {""time"": ""2025-12-16 04:00:00+00:00"", ""price"": 84100.0, ""shares"": 2.1820395049828494, ""reason"": ""time""}]"
KOSPI40_PIT_NORA_LEVEL_RR_A_RAW,018260.KS,018260,KOSPI,삼성에스디에스,KRLEVEL_RR|018260|2T|3428|3429|3430,2025-12-16 04:00:00+00:00,1065702.4183234312,11356.976350135941,171552.11107223376,171552.11107223376,173400.0,1847.8889277662383,175247.88892776624,177095.77785553248,172550.0,2,0.0,426494.1078130372,422429.580184564,426280.9673293725,422640.90063488146,424.46093398212696,False,True,False,3431,3,173400.0,0.9740845204240023,-0.7576212936631128,2025-12-17 00:00:00+00:00,171552.11107223376,stop,LOSS,-4064.527628473181,2,"[{""time"": ""2025-12-16 04:00:00+00:00"", ""price"": 173400.0, ""fraction"": 0.2, ""shares"": 1.2291838734987672, ""reason"": ""starter20""}, {""time"": ""2025-12-16 04:00:00+00:00"", ""price"": 172660.8444288935, ""fraction"": 0.2, ""shares"": 1.2344459704786361, ""reason"": ""adverse20""}]","[{""time"": ""2025-12-17 00:00:00+00:00"", ""price"": 171552.11107223376, ""shares"": 2.4636298439774036, ""reason"": ""stop""}]"
KOSPI40_PIT_NORA_LEVEL_RR_A_RAW,068270.KS,068270,KOSPI,셀트리온,KRLEVEL_RR|068270|3T|3419|3420|3421,2025-12-15 01:00:00+00:00,1068910.112310156,21696.098161787373,174946.90126231933,174946.90126231933,178571.4375,3624.5362376806734,182195.97373768067,185820.50997536135,176095.25,3,0.0,427777.8269465245,417427.7885832717,427564.04492406244,417636.60688671505,422.6003259053888,False,True,False,3422,17,173714.296875,0.3678617173526154,-0.7882775719820843,2025-12-18 00:00:00+00:00,173714.296875,gap_stop,LOSS,-10350.038363252825,2,"[{""time"": ""2025-12-15 01:00:00+00:00"", ""price"": 178571.4375, ""fraction"": 0.2, ""shares"": 1.1971792659284115, ""reason"": ""starter20""}, {""time"": ""2025-12-16 02:00:00+00:00"", ""price"": 177121.62300492774, ""fraction"": 0.2, ""shares"": 1.206978678464817, ""reason"": ""adverse20""}]","[{""time"": ""2025-12-18 00:00:00+00:00"", ""price"": 173714.296875, ""shares"": 2.4041579443932286, ""reason"": ""gap_stop""}]"
KOSPI40_PIT_NORA_LEVEL_RR_A_RAW,352820.KS,352820,KOSPI,하이브,KRLEVEL_RR|352820|4T|3430|3435|3436,2025-12-17 04:00:00+00:00,1063913.8004792372,13359.785229129086,294011.0917818893,297750.0,297750.0,3738.9082181106787,301488.9082181107,305227.81643622136,297000.0,4,0.0,425778.30295179074,434458.4647354102,425565.5201916949,434675.8026367285,430.1206614142117,True,True,False,3437,3,301500.0,3.8112730157363206,-0.6017799498531032,2025-12-18 00:00:00+00:00,305227.81643622136,target2,WIN,8680.161783619435,2,"[{""time"": ""2025-12-17 04:00:00+00:00"", ""price"": 297750.0, ""fraction"": 0.2, ""shares"": 0.7146356342429805, ""reason"": ""starter20""}, {""time"": ""2025-12-17 04:00:00+00:00"", ""price"": 296254.4367127557, ""fraction"": 0.2, ""shares"": 0.7182432859297859, ""reason"": ""adverse20""}]","[{""time"": ""2025-12-17 05:00:00+00:00"", ""price"": 301488.9082181107, ""shares"": 0.7164394600863833, ""reason"": ""target1_partial""}, {""time"": ""2025-12-18 00:00:00+00:00"", ""price"": 305227.81643622136, ""shares"": 0.7164394600863833, ""reason"": ""target2""}]"
KOSPI40_PIT_NORA_LEVEL_RR_A_RAW,005930.KS,005930,KOSPI,삼성전자,KRLEVEL_RR|005930|6T|3438|3442|3443,2025-12-18 05:00:00+00:00,1064417.4400052861,39038.55181535734,102738.50682577393,106650.0,106650.0,3911.493174226067,110561.49317422607,114472.98634845213,105550.0,6,0.0,212989.92974505777,224482.7560188916,212883.48800105724,224595.05354566444,218.73927077336083,True,False,False,3444,26,112400.0,2.1603003312595397,-0.11504557977121808,2025-12-26 00:00:00+00:00,114472.98634845213,target2,WIN,11492.826273833838,1,"[{""time"": ""2025-12-18 05:00:00+00:00"", ""price"": 106650.0, ""fraction"": 0.2, ""shares"": 1.9960945897895663, ""reason"": ""starter20""}]","[{""time"": ""2025-12-23 00:00:00+00:00"", ""price"": 110561.49317422607, ""shares"": 0.9980472948947832, ""reason"": ""target1_partial""}, {""time"": ""2025-12-26 00:00:00+00:00"", ""price"": 114472.98634845213, ""shares"": 0.9980472948947832, ""reason"": ""target2""}]"
KOSPI40_PIT_NORA_LEVEL_RR_A_RAW,000660.KS,000660,KOSPI,SK하이닉스,KRLEVEL_RR|000660|2T|3439|3443|3444,2025-12-19 00:00:00+00:00,657654.3848581602,53280.688467812884,522901.75685557985,522901.75685557985,569000.0,46098.24314442015,615098.2431444202,661196.4862888403,557500.0,2,0.0,131596.64241011784,139089.62591028828,131530.87697163204,139159.20551304478,135.34504124233843,False,False,False,3445,26,602000.0,0.780940824300319,-0.2494672077626019,2025-12-26 01:00:00+00:00,602000.0,time,TIME,7492.983500170434,1,"[{""time"": ""2025-12-19 00:00:00+00:00"", ""price"": 569000.0, ""fraction"": 0.2, ""shares"": 0.23116147095190165, ""reason"": ""starter20""}]","[{""time"": ""2025-12-26 01:00:00+00:00"", ""price"": 602000.0, ""shares"": 0.23116147095190165, ""reason"": ""time""}]"
KOSPI40_PIT_NORA_LEVEL_RR_A_RAW,018260.KS,018260,KOSPI,삼성에스디에스,KRLEVEL_RR|018260|4T|3469|3470|3471,2025-12-26 03:00:00+00:00,1068214.601960087,17197.531022660994,168247.01590908892,168247.01590908892,171000.0,2752.984090911079,173752.98409091108,176505.96818182216,170150.0,4,0.0,427499.48370442685,421558.37040011893,427285.8407840348,421769.25502763275,424.5275479058338,False,True,False,3472,4,168800.0,0.0,-0.5085390811454638,2025-12-29 00:00:00+00:00,168247.01590908892,stop,LOSS,-5941.113304307917,2,"[{""time"": ""2025-12-26 03:00:00+00:00"", ""price"": 171000.0, ""fraction"": 0.2, ""shares"": 1.24937380346209, ""reason"": ""starter20""}, {""time"": ""2025-12-26 04:00:00+00:00"", ""price"": 169898.80636363558, ""fraction"": 0.2, ""shares"": 1.2574715794927718, ""reason"": ""adverse20""}]","[{""time"": ""2025-12-29 00:00:00+00:00"", ""price"": 168247.01590908892, ""shares"": 2.506845382954862, ""reason"": ""stop""}]"
KOSPI40_PIT_NORA_LEVEL_RR_A_RAW,005490.KS,005490,KOSPI,POSCO홀딩스,KRLEVEL_RR|005490|4T|3475|3477|3479,2025-12-29 05:00:00+00:00,1067026.3792992253,38441.18806775019,302205.70335181925,302205.70335181925,313500.0,11294.296648180753,324794.29664818075,336088.5932963615,310500.0,4,0.0,1067559.892488875,1049382.9595245982,1067026.3792992253,1049907.9134813389,1058.4671463902823,False,True,True,3480,8,305500.0,0.04427013169346303,-0.8854026338692605,2026-01-02 01:00:00+00:00,302205.70335181925,stop,LOSS,-18176.932964276755,3,"[{""time"": ""2025-12-29 05:00:00+00:00"", ""price"": 313500.0, ""fraction"": 0.2, ""shares"": 0.6807185832849922, ""reason"": ""starter20""}, {""time"": ""2025-12-30 00:00:00+00:00"", ""price"": 308982.2813407277, ""fraction"": 0.2, ""shares"": 0.6906715651585023, ""reason"": ""adverse20""}, {""time"": ""2025-12-30 00:00:00+00:00"", ""price"": 304464.5626814554, ""fraction"": 0.6, ""shares"": 2.1027597495783374, ""reason"": ""support60""}]","[{""time"": ""2026-01-02 01:00:00+00:00"", ""price"": 302205.70335181925, ""shares"": 3.4741498980218317, ""reason"": ""stop""}]"
KOSPI40_PIT_NORA_LEVEL_RR_A_RAW,000810.KS,000810,KOSPI,삼성화재,KRLEVEL_RR|000810|3T|3476|3480|3481,2025-12-30 01:00:00+00:00,1064742.7146011775,7287.145799897221,491115.6203290868,494500.0,494500.0,3384.379670913215,497884.3796709132,501268.75934182643,493000.0,3,0.0,213055.01719169563,213570.41887147512,212948.54292023552,213677.2575002252,213.3129002102304,True,False,False,3482,6,495000.0,1.1819004925415684,-0.2954751231353921,2026-01-02 01:00:00+00:00,494500.0,stop,BE_STOP,515.4016797794902,1,"[{""time"": ""2025-12-30 01:00:00+00:00"", ""price"": 494500.0, ""fraction"": 0.2, ""shares"": 0.4306340605060374, ""reason"": ""starter20""}]","[{""time"": ""2025-12-30 03:00:00+00:00"", ""price"": 497884.3796709132, ""shares"": 0.2153170302530187, ""reason"": ""target1_partial""}, {""time"": ""2026-01-02 01:00:00+00:00"", ""price"": 494500.0, ""shares"": 0.2153170302530187, ""reason"": ""stop""}]"
KOSPI40_PIT_NORA_LEVEL_RR_A_RAW,086790.KS,086790,KOSPI,하나금융지주,KRLEVEL_RR|086790|7T|3476|3481|3483,2025-12-30 03:00:00+00:00,1065980.48341344,18028.36518553264,93000.08013928158,93000.08013928158,94600.0,1599.9198607184226,96199.91986071842,97799.83972143685,93500.0,7,0.0,426605.38946205867,420398.07722989237,426392.193365376,420608.3814206027,423.5002873929893,False,True,False,3484,4,93200.0,0.06250313059748902,-0.5625281753774012,2026-01-02 01:00:00+00:00,93000.08013928158,stop,LOSS,-6207.312232166296,2,"[{""time"": ""2025-12-30 03:00:00+00:00"", ""price"": 94600.0, ""fraction"": 0.2, ""shares"": 2.2536585273011416, ""reason"": ""starter20""}, {""time"": ""2025-12-30 05:00:00+00:00"", ""price"": 93960.03205571263, ""fraction"": 0.2, ""shares"": 2.2690083434228243, ""reason"": ""adverse20""}]","[{""time"": ""2026-01-02 01:00:00+00:00"", ""price"": 93000.08013928158, ""shares"": 4.522666870723966, ""reason"": ""stop""}]"
KOSPI40_PIT_NORA_LEVEL_RR_A_RAW,005380.KS,005380,KOSPI,현대차,KRLEVEL_RR|005380|2T|3477|3479|3481,2025-12-30 01:00:00+00:00,1064721.4197468858,30779.986472541983,284772.4481581119,293250.0,293250.0,8477.551841888111,301727.5518418881,310205.1036837762,292250.0,2,0.0,213050.75609135185,222067.19075119417,212944.28394937716,222178.27989113974,217.56128192025847,True,False,False,3482,17,318000.0,4.334977914073726,-0.08846893702191277,2026-01-06 00:00:00+00:00,310205.1036837762,target2,WIN,9016.434659842314,1,"[{""time"": ""2025-12-30 01:00:00+00:00"", ""price"": 293250.0, ""fraction"": 0.2, ""shares"": 0.726152715939905, ""reason"": ""starter20""}]","[{""time"": ""2026-01-02 01:00:00+00:00"", ""price"": 301727.5518418881, ""shares"": 0.3630763579699525, ""reason"": ""target1_partial""}, {""time"": ""2026-01-06 00:00:00+00:00"", ""price"": 310205.1036837762, ""shares"": 0.3630763579699525, ""reason"": ""target2""}]"
KOSPI40_PIT_NORA_LEVEL_RR_A_RAW,028260.KS,028260,KOSPI,삼성물산,KRLEVEL_RR|028260|4T|3490|3491|3492,2026-01-05 01:00:00+00:00,1063558.9958113765,42761.77240006979,236589.1469696274,246500.0,246500.0,9910.853030372586,256410.8530303726,266321.7060607452,241750.0,4,0.0,212818.15506185644,225427.56071685508,212711.7991622753,225540.33088229623,219.1260650222858,True,False,False,3493,12,260000.0,2.8251856741485124,-0.05044974418122344,2026-01-07 00:00:00+00:00,266321.7060607452,target2,WIN,12609.405654998642,1,"[{""time"": ""2026-01-05 01:00:00+00:00"", ""price"": 246500.0, ""fraction"": 0.2, ""shares"": 0.8629281913276888, ""reason"": ""starter20""}]","[{""time"": ""2026-01-06 02:00:00+00:00"", ""price"": 256410.8530303726, ""shares"": 0.4314640956638444, ""reason"": ""target1_partial""}, {""time"": ""2026-01-07 00:00:00+00:00"", ""price"": 266321.7060607452, ""shares"": 0.4314640956638444, ""reason"": ""target2""}]"
KOSPI40_PIT_NORA_LEVEL_RR_A_RAW,003550.KS,003550,KOSPI,LG,KRLEVEL_RR|003550|3T|3484|3490|3492,2026-01-05 01:00:00+00:00,1063580.2674167247,21823.505451964866,79631.81279532937,81300.0,81300.0,1668.1872046706267,82968.18720467063,84636.37440934125,80600.0,3,0.0,212822.41151008665,214790.95482652716,212716.05348334496,214898.40402854147,213.80722875594324,True,False,False,3493,18,81600.0,1.79835931578934,-0.11989062105262267,2026-01-08 00:00:00+00:00,81300.0,stop,BE_STOP,1968.5433164405113,1,"[{""time"": ""2026-01-05 01:00:00+00:00"", ""price"": 81300.0, ""fraction"": 0.2, ""shares"": 2.616433622181365, ""reason"": ""starter20""}]","[{""time"": ""2026-01-06 00:00:00+00:00"", ""price"": 82968.18720467063, ""shares"": 1.3082168110906824, ""reason"": ""target1_partial""}, {""time"": ""2026-01-08 00:00:00+00:00"", ""price"": 81300.0, ""shares"": 1.3082168110906824, ""reason"": ""stop""}]"
KOSPI40_PIT_NORA_LEVEL_RR_A_RAW,000270.KS,000270,KOSPI,기아,KRLEVEL_RR|000270|6T|3492|3497|3498,2026-01-06 01:00:00+00:00,1065210.5712804545,36040.06308115651,119224.9158390639,123400.0,123400.0,4175.084160936094,127575.0841609361,131750.1683218722,121900.0,6,0.0,426297.2706264379,450553.96878471685,426084.22851218184,450779.3584639488,438.4317934880653,True,True,False,3499,23,129700.0,2.4430645244078293,-0.5029838726722001,2026-01-09 05:00:00+00:00,131750.1683218722,target2,WIN,24256.698158278945,2,"[{""time"": ""2026-01-06 01:00:00+00:00"", ""price"": 123400.0, ""fraction"": 0.2, ""shares"": 1.7264352857057612, ""reason"": ""starter20""}, {""time"": ""2026-01-06 02:00:00+00:00"", ""price"": 121729.96633562556, ""fraction"": 0.2, ""shares"": 1.750120538674148, ""reason"": ""adverse20""}]","[{""time"": ""2026-01-07 01:00:00+00:00"", ""price"": 127575.0841609361, ""shares"": 1.7382779121899548, ""reason"": ""target1_partial""}, {""time"": ""2026-01-09 05:00:00+00:00"", ""price"": 131750.1683218722, ""shares"": 1.7382779121899548, ""reason"": ""target2""}]"
KOSPI40_PIT_NORA_LEVEL_RR_A_RAW,010130.KS,010130,KOSPI,고려아연,KRLEVEL_RR|010130|3T|3520|3521|3522,2026-01-12 01:00:00+00:00,1074152.978774975,53551.015057223114,1125922.7976864334,1185000.0,1185000.0,59077.20231356658,1244077.2023135666,1303154.4046271332,1148000.0,3,0.0,214938.01105287252,230780.45232202584,214830.595754995,230895.90027216193,222.86324801357847,True,False,False,3523,8,1294000.0,2.454415482141103,0.0,2026-01-13 03:00:00+00:00,1303154.4046271332,target2,WIN,15842.441269153322,1,"[{""time"": ""2026-01-12 01:00:00+00:00"", ""price"": 1185000.0, ""fraction"": 0.2, ""shares"": 0.18129164198733755, ""reason"": ""starter20""}]","[{""time"": ""2026-01-12 04:00:00+00:00"", ""price"": 1244077.2023135666, ""shares"": 0.09064582099366877, ""reason"": ""target1_partial""}, {""time"": ""2026-01-13 03:00:00+00:00"", ""price"": 1303154.4046271332, ""shares"": 0.09064582099366877, ""reason"": ""target2""}]"
KOSPI40_PIT_NORA_LEVEL_RR_A_RAW,042660.KS,042660,KOSPI,한화오션,KRLEVEL_RR|042660|3T|3504|3508|3510,2026-01-08 01:00:00+00:00,532742.8148965152,53495.80908969937,115236.73286101167,128100.0,128100.0,12863.267138988333,140963.26713898833,153826.53427797667,121100.0,3,0.0,106601.8372607927,118118.84922435766,106548.56297930305,118177.93819345439,112.36325058637873,True,False,False,3511,26,143200.0,1.686974216233735,-0.10106297147944034,2026-01-14 03:00:00+00:00,143200.0,time,TIME,11517.01196356496,1,"[{""time"": ""2026-01-08 01:00:00+00:00"", ""price"": 128100.0, ""fraction"": 0.2, ""shares"": 0.831760835123365, ""reason"": ""starter20""}]","[{""time"": ""2026-01-12 00:00:00+00:00"", ""price"": 140963.26713898833, ""shares"": 0.4158804175616825, ""reason"": ""target1_partial""}, {""time"": ""2026-01-14 03:00:00+00:00"", ""price"": 143200.0, ""shares"": 0.4158804175616825, ""reason"": ""time""}]"
KOSPI40_PIT_NORA_LEVEL_RR_A_RAW,003550.KS,003550,KOSPI,LG,KRLEVEL_RR|003550|3T|3533|3534|3536,2026-01-14 04:00:00+00:00,1077034.9312984503,33918.41690236476,80192.42912378896,82800.0,82800.0,2607.5708762110444,85407.57087621104,88015.14175242209,81200.0,3,0.0,215514.68975281992,225469.7200747343,215406.98625969008,225582.51133039952,220.4947487950448,True,False,False,3537,9,87700.0,2.9529398683837726,-0.1533994736822739,2026-01-16 00:00:00+00:00,88015.14175242209,target2,WIN,9955.030321914383,1,"[{""time"": ""2026-01-14 04:00:00+00:00"", ""price"": 82800.0, ""fraction"": 0.2, ""shares"": 2.601533650479349, ""reason"": ""starter20""}]","[{""time"": ""2026-01-16 00:00:00+00:00"", ""price"": 85407.57087621104, ""shares"": 1.3007668252396745, ""reason"": ""target1_partial""}, {""time"": ""2026-01-16 00:00:00+00:00"", ""price"": 88015.14175242209, ""shares"": 1.3007668252396745, ""reason"": ""target2""}]"
KOSPI40_PIT_NORA_LEVEL_RR_A_RAW,006400.KS,006400,KOSPI,삼성SDI,KRLEVEL_RR|006400|3T|3528|3529|3530,2026-01-13 04:00:00+00:00,596901.2660876653,53884.16414960423,262911.056444386,289000.0,289000.0,26088.94355561398,315088.943555614,341177.88711122796,282500.0,3,0.0,119439.94334414184,129970.42778698272,119380.25321753307,130035.44550973759,124.70784936363532,True,False,False,3531,26,314500.0,1.1882428253147579,-0.18206946516919678,2026-01-19 05:00:00+00:00,314500.0,time,TIME,10530.484442840883,1,"[{""time"": ""2026-01-13 04:00:00+00:00"", ""price"": 289000.0, ""fraction"": 0.2, ""shares"": 0.413080460960322, ""reason"": ""starter20""}]","[{""time"": ""2026-01-19 05:00:00+00:00"", ""price"": 315088.943555614, ""shares"": 0.206540230480161, ""reason"": ""target1_partial""}, {""time"": ""2026-01-19 05:00:00+00:00"", ""price"": 314500.0, ""shares"": 0.206540230480161, ""reason"": ""time""}]"
KOSPI40_PIT_NORA_LEVEL_RR_A_RAW,086790.KS,086790,KOSPI,하나금융지주,KRLEVEL_RR|086790|3T|3537|3543|3545,2026-01-16 01:00:00+00:00,1079191.1695472172,40214.655254714424,92711.5057551353,96300.0,96300.0,3588.4942448647053,99888.4942448647,103476.98848972941,95500.0,3,0.0,215946.15302639818,223894.1214270054,215838.23390944346,224006.12448925,219.92217919934671,True,False,False,3546,26,100000.0,1.449075752996241,-0.2786684140377387,2026-01-22 02:00:00+00:00,100000.0,time,TIME,7947.968400607206,1,"[{""time"": ""2026-01-16 01:00:00+00:00"", ""price"": 96300.0, ""fraction"": 0.2, ""shares"": 2.2413108401811366, ""reason"": ""starter20""}]","[{""time"": ""2026-01-20 01:00:00+00:00"", ""price"": 99888.4942448647, ""shares"": 1.1206554200905683, ""reason"": ""target1_partial""}, {""time"": ""2026-01-22 02:00:00+00:00"", ""price"": 100000.0, ""shares"": 1.1206554200905683, ""reason"": ""time""}]"
KOSPI40_PIT_NORA_LEVEL_RR_A_RAW,033780.KS,033780,KOSPI,KT&G,KRLEVEL_RR|033780|5T|3568|3572|3573,2026-01-22 05:00:00+00:00,1083270.5737116334,11158.061787550452,142912.6300287086,142912.6300287086,144400.0,1487.369971291395,145887.3699712914,147374.7399425828,143800.0,5,0.0,1083812.2089984892,1077805.1896529763,1083270.5737116334,1078344.3618338932,1080.8074677727634,False,True,True,3574,9,143700.0,0.672327678588105,-0.8740259821645365,2026-01-26 01:00:00+00:00,142912.6300287086,stop,LOSS,-6007.0193455128465,3,"[{""time"": ""2026-01-22 05:00:00+00:00"", ""price"": 144400.0, ""fraction"": 0.2, ""shares"": 1.5003747558332874, ""reason"": ""starter20""}, {""time"": ""2026-01-22 05:00:00+00:00"", ""price"": 143805.05201148344, ""fraction"": 0.2, ""shares"": 1.506582082561508, ""reason"": ""adverse20""}, {""time"": ""2026-01-23 00:00:00+00:00"", ""price"": 143210.10402296687, ""fraction"": 0.6, ""shares"": 4.538522953120293, ""reason"": ""support60""}]","[{""time"": ""2026-01-26 01:00:00+00:00"", ""price"": 142912.6300287086, ""shares"": 7.545479791515088, ""reason"": ""stop""}]"
KOSPI40_PIT_NORA_LEVEL_RR_A_RAW,000810.KS,000810,KOSPI,삼성화재,KRLEVEL_RR|000810|3T|3555|3556|3557,2026-01-20 01:00:00+00:00,1082266.7610659807,50938.35014030842,464555.15258646436,464555.15258646436,487500.0,22944.847413535637,510444.84741353564,533389.6948270713,478500.0,3,0.0,216561.57888930273,217232.69528288275,216453.35221319614,217341.36596586567,216.8973590895309,False,False,False,3558,26,489500.0,0.6755329299272755,-0.19612246352727356,2026-01-26 02:00:00+00:00,489500.0,time,TIME,671.1163935800141,1,"[{""time"": ""2026-01-20 01:00:00+00:00"", ""price"": 487500.0, ""fraction"": 0.2, ""shares"": 0.4440068763347613, ""reason"": ""starter20""}]","[{""time"": ""2026-01-26 02:00:00+00:00"", ""price"": 489500.0, ""shares"": 0.4440068763347613, ""reason"": ""time""}]"
KOSPI40_PIT_NORA_LEVEL_RR_A_RAW,009540.KS,009540,KOSPI,HD한국조선해양,KRLEVEL_RR|009540|6T|3575|3576|3578,2026-01-23 04:00:00+00:00,1083817.9499075704,37556.90166627407,418478.18118465535,418478.18118465535,433500.0,15021.818815344654,448521.81881534465,463543.6376306893,428250.0,6,0.0,433743.9435530097,421234.90158715646,433527.1799630282,421445.62439935614,427.48640218119215,False,True,False,3579,9,430000.0,0.16642458751042,-0.698983267543764,2026-01-27 00:00:00+00:00,418478.18118465535,stop,LOSS,-12509.041965853248,2,"[{""time"": ""2026-01-23 04:00:00+00:00"", ""price"": 433500.0, ""fraction"": 0.2, ""shares"": 0.5000313494383255, ""reason"": ""starter20""}, {""time"": ""2026-01-26 02:00:00+00:00"", ""price"": 427491.27247386216, ""fraction"": 0.2, ""shares"": 0.5070596850483481, ""reason"": ""adverse20""}]","[{""time"": ""2026-01-27 00:00:00+00:00"", ""price"": 418478.18118465535, ""shares"": 1.0070910344866735, ""reason"": ""stop""}]"
KOSPI40_PIT_NORA_LEVEL_RR_A_RAW,005490.KS,005490,KOSPI,POSCO홀딩스,KRLEVEL_RR|005490|2T|3591|3592|3593,2026-01-28 01:00:00+00:00,1079705.9293064598,30125.000430113316,351413.74654904305,361500.0,361500.0,10086.253450956952,371586.25345095695,381672.5069019139,359500.0,2,0.0,216049.15645422263,224866.19664733083,215941.18586129198,224978.685990326,220.45993592580896,True,False,False,3594,5,373000.0,2.1811865136021056,-0.19828968305473688,2026-01-28 05:00:00+00:00,381672.5069019139,target2,WIN,8817.040193108201,1,"[{""time"": ""2026-01-28 01:00:00+00:00"", ""price"": 361500.0, ""fraction"": 0.2, ""shares"": 0.5973476787310982, ""reason"": ""starter20""}]","[{""time"": ""2026-01-28 04:00:00+00:00"", ""price"": 371586.25345095695, ""shares"": 0.2986738393655491, ""reason"": ""target1_partial""}, {""time"": ""2026-01-28 05:00:00+00:00"", ""price"": 381672.5069019139, ""shares"": 0.2986738393655491, ""reason"": ""target2""}]"
KOSPI40_PIT_NORA_LEVEL_RR_A_RAW,033780.KS,033780,KOSPI,KT&G,KRLEVEL_RR|033780|2T|3587|3588|3589,2026-01-27 03:00:00+00:00,1079284.2811015774,20063.388415786558,141421.24860767546,144100.0,144100.0,2678.7513923245424,146778.75139232454,149457.50278464908,142200.0,2,0.0,1079823.9232421282,1120529.4059500804,1079284.2811015774,1121089.9509255432,1100.1871160135604,True,True,True,3590,18,146800.0,2.1651878620086986,-0.8212781545550235,2026-01-30 02:00:00+00:00,149457.50278464908,target2,WIN,40705.48270795215,3,"[{""time"": ""2026-01-27 03:00:00+00:00"", ""price"": 144100.0, ""fraction"": 0.2, ""shares"": 1.4979656920216204, ""reason"": ""starter20""}, {""time"": ""2026-01-28 00:00:00+00:00"", ""price"": 143028.49944307018, ""fraction"": 0.2, ""shares"": 1.5091877287451603, ""reason"": ""adverse20""}, {""time"": ""2026-01-28 01:00:00+00:00"", ""price"": 141956.99888614035, ""fraction"": 0.6, ""shares"": 4.56173752433541, ""reason"": ""support60""}]","[{""time"": ""2026-01-30 00:00:00+00:00"", ""price"": 146778.75139232454, ""shares"": 3.784445472551095, ""reason"": ""target1_partial""}, {""time"": ""2026-01-30 02:00:00+00:00"", ""price"": 149457.50278464908, ""shares"": 3.784445472551095, ""reason"": ""target2""}]"
KOSPI40_PIT_NORA_LEVEL_RR_A_RAW,000810.KS,000810,KOSPI,삼성화재,KRLEVEL_RR|000810|3T|3602|3603|3604,2026-01-30 00:00:00+00:00,1085940.4839368723,31494.90649115797,478701.8049056881,493000.0,493000.0,14298.1950943119,507298.1950943119,521596.3901886238,493000.0,3,0.0,217296.69083576815,220227.418642772,217188.09678737447,220337.58743649028,218.76284211193234,True,False,False,3605,7,502000.0,1.1889612561492415,0.0,2026-02-02 00:00:00+00:00,493000.0,stop,BE_STOP,2930.727807003859,1,"[{""time"": ""2026-01-30 00:00:00+00:00"", ""price"": 493000.0, ""fraction"": 0.2, ""shares"": 0.44054380687094213, ""reason"": ""starter20""}]","[{""time"": ""2026-01-30 01:00:00+00:00"", ""price"": 507298.1950943119, ""shares"": 0.22027190343547107, ""reason"": ""target1_partial""}, {""time"": ""2026-02-02 00:00:00+00:00"", ""price"": 493000.0, ""shares"": 0.22027190343547107, ""reason"": ""stop""}]"
KOSPI40_PIT_NORA_LEVEL_RR_A_RAW,003670.KS,003670,KOSPI,포스코퓨처엠,KRLEVEL_RR|003670|3T|3584|3585|3586,2026-01-27 00:00:00+00:00,653092.0893784612,54088.7636949143,208199.9723187116,208199.9723187116,227000.0,18800.027681288397,245800.0276812884,264600.0553625768,225000.0,3,0.0,261367.4541692602,258559.62136028704,261236.8357513845,258688.96584320866,259.9629007972966,False,True,False,3587,26,221000.0,0.9840411042805531,-0.5053184049008246,2026-02-02 01:00:00+00:00,221000.0,time,TIME,-2807.8328089731513,2,"[{""time"": ""2026-01-27 00:00:00+00:00"", ""price"": 227000.0, ""fraction"": 0.2, ""shares"": 0.5754115324920364, ""reason"": ""starter20""}, {""time"": ""2026-02-02 00:00:00+00:00"", ""price"": 219479.98892748464, ""fraction"": 0.2, ""shares"": 0.5951267744908083, ""reason"": ""adverse20""}]","[{""time"": ""2026-02-02 01:00:00+00:00"", ""price"": 221000.0, ""shares"": 1.1705383069828446, ""reason"": ""time""}]"
KOSPI40_PIT_NORA_LEVEL_RR_A_RAW,034020.KS,034020,KOSPI,두산에너빌리티,KRLEVEL_RR|034020|2T|3615|3617|3619,2026-02-03 03:00:00+00:00,1089707.280678771,49777.71085109805,86461.40178828545,90600.0,90600.0,4138.598211714547,94738.59821171455,98877.1964234291,87100.0,2,0.0,218050.4268638221,222807.7676072536,217941.4561357542,222919.22722086404,220.43034167830913,True,False,False,3620,13,91150.0,1.3772779352839357,-0.09665108317782006,2026-02-05 03:00:00+00:00,90600.0,stop,BE_STOP,4757.340743431501,1,"[{""time"": ""2026-02-03 03:00:00+00:00"", ""price"": 90600.0, ""fraction"": 0.2, ""shares"": 2.405534835935477, ""reason"": ""starter20""}]","[{""time"": ""2026-02-04 00:00:00+00:00"", ""price"": 94738.59821171455, ""shares"": 1.2027674179677386, ""reason"": ""target1_partial""}, {""time"": ""2026-02-05 03:00:00+00:00"", ""price"": 90600.0, ""shares"": 1.2027674179677386, ""reason"": ""stop""}]"
KOSPI40_PIT_NORA_LEVEL_RR_A_RAW,009150.KS,009150,KOSPI,삼성전기,KRLEVEL_RR|009150|4T|3615|3616|3617,2026-02-03 01:00:00+00:00,564654.7538903003,54467.07544148407,270609.9765257733,270609.9765257733,299500.0,28890.023474226706,328390.0234742267,357280.0469484534,285750.0,4,0.0,564937.0812672455,603200.8084751747,564654.7538903003,603502.5597550522,584.0786568226763,False,True,True,3618,26,302500.0,0.34614025180426644,-0.8826576421008794,2026-02-09 02:00:00+00:00,302500.0,time,TIME,38263.727207929245,3,"[{""time"": ""2026-02-03 01:00:00+00:00"", ""price"": 299500.0, ""fraction"": 0.2, ""shares"": 0.3770649441671455, ""reason"": ""starter20""}, {""time"": ""2026-02-05 03:00:00+00:00"", ""price"": 287943.9906103093, ""fraction"": 0.2, ""shares"": 0.392197630305457, ""reason"": ""adverse20""}, {""time"": ""2026-02-06 00:00:00+00:00"", ""price"": 276387.98122061865, ""fraction"": 0.6, ""shares"": 1.2257872098416198, ""reason"": ""support60""}]","[{""time"": ""2026-02-09 02:00:00+00:00"", ""price"": 302500.0, ""shares"": 1.9950497843142223, ""reason"": ""time""}]"
KOSPI40_PIT_NORA_LEVEL_RR_A_RAW,005930.KS,005930,KOSPI,삼성전자,KRLEVEL_RR|005930|3T|3637|3638|3640,2026-02-09 00:00:00+00:00,498984.7325252587,54770.625397816024,150093.76756411212,150093.76756411212,168600.0,18506.232435887883,187106.23243588788,205612.46487177577,156400.0,3,0.0,99846.84497830427,106846.48205541482,99796.94650505175,106899.93202142553,103.34843926323865,False,False,False,3641,26,180600.0,0.8537664300249537,-0.3566366100104237,2026-02-13 01:00:00+00:00,180600.0,time,TIME,6999.637077110543,1,"[{""time"": ""2026-02-09 00:00:00+00:00"", ""price"": 168600.0, ""fraction"": 0.2, ""shares"": 0.5919154596978158, ""reason"": ""starter20""}]","[{""time"": ""2026-02-13 01:00:00+00:00"", ""price"": 180600.0, ""shares"": 0.5919154596978158, ""reason"": ""time""}]"
KOSPI40_PIT_NORA_LEVEL_RR_A_RAW,011200.KS,011200,KOSPI,HMM,KRLEVEL_RR|011200|3T|3659|3665|3666,2026-02-13 02:00:00+00:00,1100974.1559162207,26765.94241113845,20782.17261023461,21300.0,21300.0,517.827389765389,21817.82738976539,22335.654779530778,21100.0,3,0.0,220304.92859883577,228110.50159963238,220194.83118324415,228224.61390658567,224.2097225449149,True,False,False,3667,5,22650.0,3.2829472399484616,0.0,2026-02-19 00:00:00+00:00,22335.654779530778,target2,WIN,7805.573000796605,1,"[{""time"": ""2026-02-13 02:00:00+00:00"", ""price"": 21300.0, ""fraction"": 0.2, ""shares"": 10.337785501560758, ""reason"": ""starter20""}]","[{""time"": ""2026-02-13 02:00:00+00:00"", ""price"": 21817.82738976539, ""shares"": 5.168892750780379, ""reason"": ""target1_partial""}, {""time"": ""2026-02-19 00:00:00+00:00"", ""price"": 22335.654779530778, ""shares"": 5.168892750780379, ""reason"": ""target2""}]"
KOSPI40_PIT_NORA_LEVEL_RR_A_RAW,003490.KS,003490,KOSPI,대한항공,KRLEVEL_RR|003490|2T|3642|3644|3646,2026-02-10 00:00:00+00:00,1097793.6830149756,44375.317887030156,23125.82317823117,24100.0,24100.0,974.1768217688295,25074.17682176883,26048.35364353766,24050.0,2,0.0,219668.51597129664,229575.37392022775,219558.73660299514,229690.2190297426,224.62447781636888,True,False,False,3647,26,25350.0,1.5910869211460383,0.0,2026-02-19 01:00:00+00:00,25350.0,time,TIME,9906.857948931109,1,"[{""time"": ""2026-02-10 00:00:00+00:00"", ""price"": 24100.0, ""fraction"": 0.2, ""shares"": 9.110321020871167, ""reason"": ""starter20""}]","[{""time"": ""2026-02-10 01:00:00+00:00"", ""price"": 25074.17682176883, ""shares"": 4.5551605104355835, ""reason"": ""target1_partial""}, {""time"": ""2026-02-19 01:00:00+00:00"", ""price"": 25350.0, ""shares"": 4.5551605104355835, ""reason"": ""time""}]"
KOSPI40_PIT_NORA_LEVEL_RR_A_RAW,033780.KS,033780,KOSPI,KT&G,KRLEVEL_RR|033780|4T|3666|3667|3669,2026-02-13 05:00:00+00:00,1101883.551978001,36491.29267493688,169107.8025600895,174900.0,174900.0,5792.197439910495,180692.1974399105,186484.394879821,173550.0,4,0.0,220486.898750798,223913.8267432623,220376.71039560018,224025.83966309385,222.20127502934702,True,False,False,3670,17,176100.0,1.0186116860151735,-0.27623367756343686,2026-02-23 03:00:00+00:00,174900.0,stop,BE_STOP,3426.927992464305,1,"[{""time"": ""2026-02-13 05:00:00+00:00"", ""price"": 174900.0, ""fraction"": 0.2, ""shares"": 1.2600154968301898, ""reason"": ""starter20""}]","[{""time"": ""2026-02-20 01:00:00+00:00"", ""price"": 180692.1974399105, ""shares"": 0.6300077484150949, ""reason"": ""target1_partial""}, {""time"": ""2026-02-23 03:00:00+00:00"", ""price"": 174900.0, ""shares"": 0.6300077484150949, ""reason"": ""stop""}]"
KOSPI40_PIT_NORA_LEVEL_RR_A_RAW,005930.KS,005930,KOSPI,삼성전자,KRLEVEL_RR|005930|2T|3683|3688|3689,2026-02-24 01:00:00+00:00,1106848.6921993839,41221.357048236845,186871.31060509806,194100.0,194100.0,7228.689394901943,201328.68939490194,208557.3787898039,190600.0,2,0.0,221480.42330909672,233619.27748157067,221369.7384398768,233736.14555434784,227.55294199711233,True,False,False,3690,12,206500.0,3.2371013224752647,-0.04150129900609314,2026-02-26 00:00:00+00:00,208557.3787898039,target2,WIN,12138.854172473948,1,"[{""time"": ""2026-02-24 01:00:00+00:00"", ""price"": 194100.0, ""fraction"": 0.2, ""shares"": 1.140493242863868, ""reason"": ""starter20""}]","[{""time"": ""2026-02-25 00:00:00+00:00"", ""price"": 201328.68939490194, ""shares"": 0.570246621431934, ""reason"": ""target1_partial""}, {""time"": ""2026-02-26 00:00:00+00:00"", ""price"": 208557.3787898039, ""shares"": 0.570246621431934, ""reason"": ""target2""}]"
KOSPI40_PIT_NORA_LEVEL_RR_A_RAW,006400.KS,006400,KOSPI,삼성SDI,KRLEVEL_RR|006400|3T|3672|3674|3676,2026-02-20 00:00:00+00:00,717560.8398272173,55147.084964204565,371104.8801367862,402000.0,402000.0,30895.119863213797,432895.1198632138,463790.2397264276,384000.0,3,0.0,287167.8480988524,319484.0689817568,287024.3359308869,319643.89092722046,303.3341134290537,True,True,False,3677,26,448500.0,1.7802164304106618,-0.4855135719301805,2026-02-26 01:00:00+00:00,448500.0,time,TIME,32316.220882904425,2,"[{""time"": ""2026-02-20 00:00:00+00:00"", ""price"": 402000.0, ""fraction"": 0.2, ""shares"": 0.3569954427001081, ""reason"": ""starter20""}, {""time"": ""2026-02-23 05:00:00+00:00"", ""price"": 389641.9520547145, ""fraction"": 0.2, ""shares"": 0.3683180602310788, ""reason"": ""adverse20""}]","[{""time"": ""2026-02-25 04:00:00+00:00"", ""price"": 432895.1198632138, ""shares"": 0.36265675146559345, ""reason"": ""target1_partial""}, {""time"": ""2026-02-26 01:00:00+00:00"", ""price"": 448500.0, ""shares"": 0.36265675146559345, ""reason"": ""time""}]"
KOSPI40_PIT_NORA_LEVEL_RR_A_RAW,207940.KS,207940,KOSPI,삼성바이오로직스,KRLEVEL_RR|207940|3T|3600|3601|3602,2026-02-26 03:00:00+00:00,1112902.4953717985,21201.799741276653,1712246.6452790773,1712246.6452790773,1745500.0,33253.35472092265,1778753.3547209227,1812006.7094418453,1729000.0,3,0.0,445383.5786477938,438137.7070651356,445160.99814871943,438356.88550788956,441.7589418283045,False,True,False,3603,12,1723000.0,0.9472728470364086,-0.7367677699172067,2026-03-03 02:00:00+00:00,1712246.6452790773,stop,LOSS,-7245.871582658205,2,"[{""time"": ""2026-02-26 03:00:00+00:00"", ""price"": 1745500.0, ""fraction"": 0.2, ""shares"": 0.12751675684580907, ""reason"": ""starter20""}, {""time"": ""2026-03-03 00:00:00+00:00"", ""price"": 1732198.658111631, ""fraction"": 0.2, ""shares"": 0.12849594244404247, ""reason"": ""adverse20""}]","[{""time"": ""2026-03-03 02:00:00+00:00"", ""price"": 1712246.6452790773, ""shares"": 0.25601269928985154, ""reason"": ""stop""}]"
KOSPI40_PIT_NORA_LEVEL_RR_A_RAW,003550.KS,003550,KOSPI,LG,KRLEVEL_RR|003550|2T|3696|3699|3701,2026-02-26 01:00:00+00:00,1112154.410713874,46158.13204676509,97287.41013153075,101500.0,101500.0,4212.589868469251,105712.58986846925,109925.1797369385,99900.0,2,0.0,222542.09758384622,226933.17199977758,222430.88214277482,227046.6953474513,224.73878874511308,True,False,False,3702,15,102700.0,1.4955170564205105,-0.09495346389971496,2026-03-03 03:00:00+00:00,101500.0,stop,BE_STOP,4391.074415931362,1,"[{""time"": ""2026-02-26 01:00:00+00:00"", ""price"": 101500.0, ""fraction"": 0.2, ""shares"": 2.191437262490392, ""reason"": ""starter20""}]","[{""time"": ""2026-02-27 00:00:00+00:00"", ""price"": 105712.58986846925, ""shares"": 1.095718631245196, ""reason"": ""target1_partial""}, {""time"": ""2026-03-03 03:00:00+00:00"", ""price"": 101500.0, ""shares"": 1.095718631245196, ""reason"": ""stop""}]"
KOSPI40_PIT_NORA_LEVEL_RR_A_RAW,011200.KS,011200,KOSPI,HMM,KRLEVEL_RR|011200|2T|3713|3715|3717,2026-03-03 05:00:00+00:00,565541.6187661671,55594.67886007723,22001.396397412165,22001.396397412165,24400.0,2398.6036025878348,26798.603602587835,29197.20720517567,23275.0,2,0.0,113164.87791511003,101938.39328722737,113108.32375323342,101989.38798121798,107.54885586722571,False,False,False,3718,2,23100.0,0.16676369516348724,-0.08338184758174362,2026-03-04 00:00:00+00:00,22001.396397412165,stop,LOSS,-11226.484627882659,1,"[{""time"": ""2026-03-03 05:00:00+00:00"", ""price"": 24400.0, ""fraction"": 0.2, ""shares"": 4.635587039066944, ""reason"": ""starter20""}]","[{""time"": ""2026-03-04 00:00:00+00:00"", ""price"": 22001.396397412165, ""shares"": 4.635587039066944, ""reason"": ""stop""}]"
KOSPI40_PIT_NORA_LEVEL_RR_A_RAW,047050.KS,047050,KOSPI,포스코인터내셔널,KRLEVEL_RR|047050|11T|3725|3726|3727,2026-03-05 03:00:00+00:00,507722.1596927048,55482.414013798385,58609.565679942905,65800.0,65800.0,7190.434320057095,72990.4343200571,80180.86864011419,64500.0,11,0.0,101595.20415451023,118130.06156460915,101544.43193854096,118189.1561426805,109.86679404061074,True,False,False,3728,10,80000.0,2.795380516018732,-0.1668883890160437,2026-03-09 00:00:00+00:00,80180.86864011419,target2,WIN,16534.85741009892,1,"[{""time"": ""2026-03-05 03:00:00+00:00"", ""price"": 65800.0, ""fraction"": 0.2, ""shares"": 1.5432284489139965, ""reason"": ""starter20""}]","[{""time"": ""2026-03-06 00:00:00+00:00"", ""price"": 72990.4343200571, ""shares"": 0.7716142244569982, ""reason"": ""target1_partial""}, {""time"": ""2026-03-09 00:00:00+00:00"", ""price"": 80180.86864011419, ""shares"": 0.7716142244569982, ""reason"": ""target2""}]"
KOSPI40_PIT_NORA_LEVEL_RR_A_RAW,000810.KS,000810,KOSPI,삼성화재,KRLEVEL_RR|000810|2T|3725|3728|3729,2026-03-05 05:00:00+00:00,685533.4932838053,55492.70889078109,456309.2139418395,456309.2139418395,496500.0,40190.78605816048,536690.7860581605,576881.572116321,484000.0,2,0.0,274350.50401217886,256104.78115032584,274213.3973135221,256232.8975991254,265.2231474563238,False,True,False,3730,8,460000.0,0.13684728614267203,-0.4478638455578357,2026-03-09 00:00:00+00:00,456309.2139418395,stop,LOSS,-18245.72286185302,2,"[{""time"": ""2026-03-05 05:00:00+00:00"", ""price"": 496500.0, ""fraction"": 0.2, ""shares"": 0.276146422269408, ""reason"": ""starter20""}, {""time"": ""2026-03-06 00:00:00+00:00"", ""price"": 480423.6855767358, ""fraction"": 0.2, ""shares"": 0.28538705058258756, ""reason"": ""adverse20""}]","[{""time"": ""2026-03-09 00:00:00+00:00"", ""price"": 456309.2139418395, ""shares"": 0.5615334728519956, ""reason"": ""stop""}]"
KOSPI40_PIT_NORA_LEVEL_RR_A_RAW,329180.KS,329180,KOSPI,HD현대중공업,KRLEVEL_RR|329180|3T|3739|3740|3742,2026-03-10 00:00:00+00:00,598492.0221435409,55465.30535928084,531692.3939869273,531692.3939869273,586000.0,54307.606013072655,640307.6060130727,694615.2120261453,564000.0,3,0.0,239516.50726184508,243466.66891719622,239396.80885741638,243588.4631487706,241.49263600309348,False,True,False,3743,26,585000.0,0.4603406748215365,-0.40509979384295214,2026-03-16 01:00:00+00:00,585000.0,time,TIME,3950.1616553511412,2,"[{""time"": ""2026-03-10 00:00:00+00:00"", ""price"": 586000.0, ""fraction"": 0.2, ""shares"": 0.20426348878619147, ""reason"": ""starter20""}, {""time"": ""2026-03-10 00:00:00+00:00"", ""price"": 564276.9575947709, ""fraction"": 0.2, ""shares"": 0.21212704651085226, ""reason"": ""adverse20""}]","[{""time"": ""2026-03-16 01:00:00+00:00"", ""price"": 585000.0, ""shares"": 0.41639053529704373, ""reason"": ""time""}]"
KOSPI40_PIT_NORA_LEVEL_RR_A_RAW,032830.KS,032830,KOSPI,삼성생명,KRLEVEL_RR|032830|2T|3741|3742|3743,2026-03-10 01:00:00+00:00,478015.18571628304,55468.549769973375,188725.6084539577,188725.6084539577,213500.0,24774.391546042287,238274.3915460423,263048.7830920846,193150.0,2,0.0,95650.83866182824,94436.32185858797,95603.03714325662,94483.56364040817,95.04330039183239,False,False,False,3744,26,211000.0,0.7467388236606513,-0.30273195553810184,2026-03-16 02:00:00+00:00,211000.0,time,TIME,-1214.5168032402726,1,"[{""time"": ""2026-03-10 01:00:00+00:00"", ""price"": 213500.0, ""fraction"": 0.2, ""shares"": 0.44778940113937526, ""reason"": ""starter20""}]","[{""time"": ""2026-03-16 02:00:00+00:00"", ""price"": 211000.0, ""shares"": 0.44778940113937526, ""reason"": ""time""}]"
KOSPI40_PIT_NORA_LEVEL_RR_A_RAW,003490.KS,003490,KOSPI,대한항공,KRLEVEL_RR|003490|4T|3761|3766|3768,2026-03-16 02:00:00+00:00,1110041.800272859,47994.19204592902,23536.38498654768,24600.0,24600.0,1063.6150134523195,25663.61501345232,26727.23002690464,24375.0,4,0.0,222119.36423459908,226694.37536953512,222008.3600545718,226807.7792591647,224.40806965686824,True,False,False,3769,17,24750.0,1.222246756164539,-0.18803796248685214,2026-03-19 00:00:00+00:00,24600.0,stop,BE_STOP,4575.011134936038,1,"[{""time"": ""2026-03-16 02:00:00+00:00"", ""price"": 24600.0, ""fraction"": 0.2, ""shares"": 9.024730083519179, ""reason"": ""starter20""}]","[{""time"": ""2026-03-18 00:00:00+00:00"", ""price"": 25663.61501345232, ""shares"": 4.5123650417595895, ""reason"": ""target1_partial""}, {""time"": ""2026-03-19 00:00:00+00:00"", ""price"": 24600.0, ""shares"": 4.5123650417595895, ""reason"": ""stop""}]"
KOSPI40_PIT_NORA_LEVEL_RR_A_RAW,000660.KS,000660,KOSPI,SK하이닉스,KRLEVEL_RR|000660|4T|3767|3769|3770,2026-03-16 04:00:00+00:00,804597.9572871651,55496.064131043444,878888.8670854438,944000.0,944000.0,65111.13291455619,1009111.1329145562,1074222.2658291124,930000.0,4,0.0,161000.05125316174,171923.3274442773,160919.59145743304,172009.33211033247,166.46446178388274,True,False,False,3771,26,1009000.0,1.704777586125904,0.0,2026-03-20 05:00:00+00:00,1009000.0,time,TIME,10923.276191115554,1,"[{""time"": ""2026-03-16 04:00:00+00:00"", ""price"": 944000.0, ""fraction"": 0.2, ""shares"": 0.17046566891677228, ""reason"": ""starter20""}]","[{""time"": ""2026-03-17 00:00:00+00:00"", ""price"": 1009111.1329145562, ""shares"": 0.08523283445838614, ""reason"": ""target1_partial""}, {""time"": ""2026-03-20 05:00:00+00:00"", ""price"": 1009000.0, ""shares"": 0.08523283445838614, ""reason"": ""time""}]"
KOSPI40_PIT_NORA_LEVEL_RR_A_RAW,055550.KS,055550,KOSPI,신한지주,KRLEVEL_RR|055550|4T|3779|3785|3786,2026-03-19 02:00:00+00:00,866763.0610966623,55654.0409791244,88525.82296947006,88525.82296947006,94600.0,6074.177030529943,100674.17703052994,106748.35406105989,92600.0,4,0.0,867196.4426272106,841316.7335889862,866763.0610966623,841737.6023901813,854.2503317434218,False,True,True,3787,18,89500.0,0.6914516944254372,-0.8725461858225756,2026-03-24 01:00:00+00:00,88525.82296947006,stop,LOSS,-25879.70903822442,3,"[{""time"": ""2026-03-19 02:00:00+00:00"", ""price"": 94600.0, ""fraction"": 0.2, ""shares"": 1.8324800446018232, ""reason"": ""starter20""}, {""time"": ""2026-03-23 00:00:00+00:00"", ""price"": 92170.32918778803, ""fraction"": 0.2, ""shares"": 1.8807854300503093, ""reason"": ""adverse20""}, {""time"": ""2026-03-23 03:00:00+00:00"", ""price"": 89740.65837557605, ""fraction"": 0.6, ""shares"": 5.795119470613746, ""reason"": ""support60""}]","[{""time"": ""2026-03-24 01:00:00+00:00"", ""price"": 88525.82296947006, ""shares"": 9.508384945265878, ""reason"": ""stop""}]"
KOSPI40_PIT_NORA_LEVEL_RR_A_RAW,009150.KS,009150,KOSPI,삼성전기,KRLEVEL_RR|009150|2T|3805|3806|3807,2026-03-24 05:00:00+00:00,1107886.4965290749,35079.16208557286,423163.2090657104,437000.0,437000.0,13836.790934289573,450836.7909342896,464673.58186857915,425750.0,2,0.0,443376.1759109358,466945.8336886048,443154.59861163,467179.423400305,455.16701100596754,True,True,False,3808,2,456000.0,2.13199723404758,-0.4697621024172634,2026-03-25 00:00:00+00:00,464673.58186857915,target2,WIN,23569.657777669025,2,"[{""time"": ""2026-03-24 05:00:00+00:00"", ""price"": 437000.0, ""fraction"": 0.2, ""shares"": 0.5070418748416818, ""reason"": ""starter20""}, {""time"": ""2026-03-24 05:00:00+00:00"", ""price"": 431465.28362628416, ""fraction"": 0.2, ""shares"": 0.5135460666581353, ""reason"": ""adverse20""}]","[{""time"": ""2026-03-25 00:00:00+00:00"", ""price"": 450836.7909342896, ""shares"": 0.5102939707499086, ""reason"": ""target1_partial""}, {""time"": ""2026-03-25 00:00:00+00:00"", ""price"": 464673.58186857915, ""shares"": 0.5102939707499086, ""reason"": ""target2""}]"
KOSPI40_PIT_NORA_LEVEL_RR_A_RAW,000810.KS,000810,KOSPI,삼성화재,KRLEVEL_RR|000810|2T|3807|3808|3809,2026-03-25 01:00:00+00:00,627563.2114239128,55731.04718868709,451952.4858972071,451952.4858972071,496000.0,44047.51410279289,540047.5141027928,584095.0282055858,479250.0,2,0.0,627876.9930296247,601982.6347786086,627563.2114239128,602283.776666942,614.9234940454274,False,True,True,3810,11,454000.0,0.022702756792728825,-0.964867163690975,2026-03-26 05:00:00+00:00,451952.4858972071,stop,LOSS,-25894.35825101612,3,"[{""time"": ""2026-03-25 01:00:00+00:00"", ""price"": 496000.0, ""fraction"": 0.2, ""shares"": 0.25304968202577127, ""reason"": ""starter20""}, {""time"": ""2026-03-26 00:00:00+00:00"", ""price"": 478380.99435888283, ""fraction"": 0.2, ""shares"": 0.26236962539239717, ""reason"": ""adverse20""}, {""time"": ""2026-03-26 01:00:00+00:00"", ""price"": 460761.98871776566, ""fraction"": 0.6, ""shares"": 0.8172070094197625, ""reason"": ""support60""}]","[{""time"": ""2026-03-26 05:00:00+00:00"", ""price"": 451952.4858972071, ""shares"": 1.3326263168379309, ""reason"": ""stop""}]"
KOSPI40_PIT_NORA_LEVEL_RR_A_RAW,000660.KS,000660,KOSPI,SK하이닉스,KRLEVEL_RR|000660|2T|3803|3804|3806,2026-03-24 04:00:00+00:00,893759.6426706567,55388.84759068023,921142.6444681269,921142.6444681269,982000.0,60857.355531873065,1042857.3555318731,1103714.7110637461,948500.0,2,0.0,894206.522491992,839077.6567724388,893759.6426706568,839497.4054751764,866.6285240729165,False,True,True,3807,14,890000.0,0.9859120475350914,-0.8380252404048277,2026-03-27 00:00:00+00:00,890000.0,gap_stop,LOSS,-55128.8657195532,3,"[{""time"": ""2026-03-24 04:00:00+00:00"", ""price"": 982000.0, ""fraction"": 0.2, ""shares"": 0.18202844046245556, ""reason"": ""starter20""}, {""time"": ""2026-03-26 00:00:00+00:00"", ""price"": 957657.0577872507, ""fraction"": 0.2, ""shares"": 0.18665547032792001, ""reason"": ""adverse20""}, {""time"": ""2026-03-26 02:00:00+00:00"", ""price"": 933314.1155745016, ""fraction"": 0.6, ""shares"": 0.5745716009794856, ""reason"": ""support60""}]","[{""time"": ""2026-03-27 00:00:00+00:00"", ""price"": 890000.0, ""shares"": 0.9432555117698611, ""reason"": ""gap_stop""}]"
KOSPI40_PIT_NORA_LEVEL_RR_A_RAW,003490.KS,003490,KOSPI,대한항공,KRLEVEL_RR|003490|2T|3822|3823|3824,2026-03-27 04:00:00+00:00,1096286.238575024,19175.834434770903,24759.210896978566,24759.210896978566,25200.0,440.78910302143413,25640.789103021434,26081.57820604287,24900.0,2,0.0,219366.87633886235,208277.20147749915,219257.24771500484,208381.39217358595,213.8193199442954,False,False,False,3825,2,23950.0,0.3402987936221871,-0.3402987936221871,2026-03-30 00:00:00+00:00,23950.0,gap_stop,LOSS,-11089.674861363193,1,"[{""time"": ""2026-03-27 04:00:00+00:00"", ""price"": 25200.0, ""fraction"": 0.2, ""shares"": 8.700684433135113, ""reason"": ""starter20""}]","[{""time"": ""2026-03-30 00:00:00+00:00"", ""price"": 23950.0, ""shares"": 8.700684433135113, ""reason"": ""gap_stop""}]"
KOSPI40_PIT_NORA_LEVEL_RR_A_RAW,096770.KS,096770,KOSPI,SK이노베이션,KRLEVEL_RR|096770|2T|3824|3825|3826,2026-03-30 00:00:00+00:00,1093331.5189041393,15809.612059583962,105846.99223808969,107400.0,107400.0,1553.0077619103104,108953.00776191031,110506.01552382062,110000.0,2,0.0,437551.27386543655,447894.03521593846,437332.60756165575,448118.09426307003,442.7253509123629,True,True,False,3827,1,106778.79689523588,3.9922530666386096,-0.5795206064475401,2026-03-30 00:00:00+00:00,110506.01552382062,target2,WIN,10342.76135050191,2,"[{""time"": ""2026-03-30 00:00:00+00:00"", ""price"": 107400.0, ""fraction"": 0.2, ""shares"": 2.0359991041045427, ""reason"": ""starter20""}, {""time"": ""2026-03-30 00:00:00+00:00"", ""price"": 106778.79689523588, ""fraction"": 0.2, ""shares"": 2.0478438616925834, ""reason"": ""adverse20""}]","[{""time"": ""2026-03-30 00:00:00+00:00"", ""price"": 108953.00776191031, ""shares"": 2.0419214828985632, ""reason"": ""target1_partial""}, {""time"": ""2026-03-30 00:00:00+00:00"", ""price"": 110506.01552382062, ""shares"": 2.0419214828985632, ""reason"": ""target2""}]"
KOSPI40_PIT_NORA_LEVEL_RR_A_RAW,323410.KS,323410,KOSPI,카카오뱅크,KRLEVEL_RR|323410|3T|3824|3825|3826,2026-03-30 00:00:00+00:00,1093309.652273761,4329.070167292038,23556.355432567954,23650.0,23650.0,93.64456743204573,23743.644567432046,23837.28913486409,24400.0,3,0.0,437542.52283995925,440050.1031288391,437323.86090950447,440270.23824796313,438.7970495787338,True,True,False,3827,1,23612.54217302718,3.737536619558647,-0.5339338027940924,2026-03-30 00:00:00+00:00,23837.28913486409,target2,WIN,2507.5802888798644,2,"[{""time"": ""2026-03-30 00:00:00+00:00"", ""price"": 23650.0, ""fraction"": 0.2, ""shares"": 9.245747587938784, ""reason"": ""starter20""}, {""time"": ""2026-03-30 00:00:00+00:00"", ""price"": 23612.54217302718, ""fraction"": 0.2, ""shares"": 9.260414607306947, ""reason"": ""adverse20""}]","[{""time"": ""2026-03-30 00:00:00+00:00"", ""price"": 23743.644567432046, ""shares"": 9.253081097622864, ""reason"": ""target1_partial""}, {""time"": ""2026-03-30 00:00:00+00:00"", ""price"": 23837.28913486409, ""shares"": 9.253081097622864, ""reason"": ""target2""}]"
KOSPI40_PIT_NORA_LEVEL_RR_A_RAW,373220.KS,373220,KOSPI,LG에너지솔루션,KRLEVEL_RR|373220|7T|3822|3823|3825,2026-03-27 05:00:00+00:00,547860.1765751659,54826.26666916232,353221.1646552416,353221.1646552416,392500.0,39278.83534475841,431778.8353447584,471057.6706895168,376000.0,7,0.0,109626.82133269071,113563.10946250167,109572.0353150332,113619.91942221277,111.59597736862298,False,False,False,3826,26,407000.0,0.7383110966875938,-0.3946145516778518,2026-04-03 00:00:00+00:00,407000.0,time,TIME,3936.288129810957,1,"[{""time"": ""2026-03-27 05:00:00+00:00"", ""price"": 392500.0, ""fraction"": 0.2, ""shares"": 0.27916442118479795, ""reason"": ""starter20""}]","[{""time"": ""2026-04-03 00:00:00+00:00"", ""price"": 407000.0, ""shares"": 0.27916442118479795, ""reason"": ""time""}]"
KOSPI40_PIT_NORA_LEVEL_RR_A_RAW,006400.KS,006400,KOSPI,삼성SDI,KRLEVEL_RR|006400|2T|3825|3827|3828,2026-03-30 02:00:00+00:00,634074.5663247358,54874.641221638434,372690.50359770743,408000.0,408000.0,35309.49640229257,443309.49640229257,478618.99280458514,403250.0,2,0.0,126878.32072157963,137051.54075731177,126814.91326494716,137120.10080771561,131.9675070363314,True,False,False,3829,26,439000.0,1.4726916353478139,-0.11328397194983185,2026-04-03 03:00:00+00:00,439000.0,time,TIME,10173.220035732142,1,"[{""time"": ""2026-03-30 02:00:00+00:00"", ""price"": 408000.0, ""fraction"": 0.2, ""shares"": 0.3108208658454587, ""reason"": ""starter20""}]","[{""time"": ""2026-04-02 00:00:00+00:00"", ""price"": 443309.49640229257, ""shares"": 0.15541043292272935, ""reason"": ""target1_partial""}, {""time"": ""2026-04-03 03:00:00+00:00"", ""price"": 439000.0, ""shares"": 0.15541043292272935, ""reason"": ""time""}]"
KOSPI40_PIT_NORA_LEVEL_RR_A_RAW,005490.KS,005490,KOSPI,POSCO홀딩스,KRLEVEL_RR|005490|4T|3843|3849|3851,2026-04-03 01:00:00+00:00,929980.2198150523,54982.67943006242,331659.3476010152,331659.3476010152,352500.0,20840.65239898482,373340.6523989848,394181.30479796964,342500.0,4,0.0,372178.08396998397,390720.82984826114,371992.08792602096,390916.2879922573,381.4541879591392,False,True,False,3852,26,366000.0,0.8397049989112841,-0.45583985655183995,2026-04-09 02:00:00+00:00,366000.0,time,TIME,18542.745878277172,2,"[{""time"": ""2026-04-03 01:00:00+00:00"", ""price"": 352500.0, ""fraction"": 0.2, ""shares"": 0.5276483516681149, ""reason"": ""starter20""}, {""time"": ""2026-04-07 04:00:00+00:00"", ""price"": 344163.7390404061, ""fraction"": 0.2, ""shares"": 0.5404289379282164, ""reason"": ""adverse20""}]","[{""time"": ""2026-04-09 02:00:00+00:00"", ""price"": 366000.0, ""shares"": 1.0680772895963313, ""reason"": ""time""}]"
KOSPI40_PIT_NORA_LEVEL_RR_A_RAW,010130.KS,010130,KOSPI,고려아연,KRLEVEL_RR|010130|2T|3855|3856|3857,2026-04-06 01:00:00+00:00,1099283.379453839,46895.294137796416,1442711.5648371114,1507000.0,1507000.0,64288.43516288861,1571288.4351628886,1635576.8703257772,1482000.0,2,0.0,439933.2084574264,465707.38799551345,439713.35178153566,465940.35817460075,452.82685497806824,True,True,False,3858,26,1595000.0,1.679928897419244,-0.7932997571146428,2026-04-10 02:00:00+00:00,1595000.0,time,TIME,25774.179538087046,2,"[{""time"": ""2026-04-06 01:00:00+00:00"", ""price"": 1507000.0, ""fraction"": 0.2, ""shares"": 0.14589029587973976, ""reason"": ""starter20""}, {""time"": ""2026-04-06 01:00:00+00:00"", ""price"": 1481284.6259348446, ""fraction"": 0.2, ""shares"": 0.14842297829967377, ""reason"": ""adverse20""}]","[{""time"": ""2026-04-08 00:00:00+00:00"", ""price"": 1571288.4351628886, ""shares"": 0.14715663708970678, ""reason"": ""target1_partial""}, {""time"": ""2026-04-10 02:00:00+00:00"", ""price"": 1595000.0, ""shares"": 0.14715663708970678, ""reason"": ""time""}]"
KOSPI40_PIT_NORA_LEVEL_RR_A_RAW,034730.KS,034730,KOSPI,SK,KRLEVEL_RR|034730|3T|3873|3876|3877,2026-04-09 03:00:00+00:00,505514.4890067719,55377.62421451699,305425.35967089783,305425.35967089783,343000.0,37574.64032910217,380574.64032910217,418149.28065820434,340500.0,3,0.0,101153.44925025506,108712.2909739225,101102.89780135438,108766.67431107804,104.93478605621621,False,False,False,3878,26,369000.0,0.9048656142069961,-0.14637531994524935,2026-04-15 04:00:00+00:00,369000.0,time,TIME,7558.841723667443,1,"[{""time"": ""2026-04-09 03:00:00+00:00"", ""price"": 343000.0, ""fraction"": 0.2, ""shares"": 0.2947606349893714, ""reason"": ""starter20""}]","[{""time"": ""2026-04-15 04:00:00+00:00"", ""price"": 369000.0, ""shares"": 0.2947606349893714, ""reason"": ""time""}]"
KOSPI40_PIT_NORA_LEVEL_RR_A_RAW,011200.KS,011200,KOSPI,HMM,KRLEVEL_RR|011200|2T|3881|3882|3883,2026-04-10 03:00:00+00:00,992489.4408963762,55452.52249723509,20440.36787436161,20440.36787436161,21650.0,1209.632125638389,22859.63212563839,24069.264251276778,20900.0,2,0.0,397194.27424672974,392063.97015515296,396995.7763585505,392260.1002052556,394.6279382819031,False,True,False,3884,26,21150.0,0.20667440513624036,-0.6613580964359691,2026-04-16 04:00:00+00:00,21150.0,time,TIME,-5130.304091576778,2,"[{""time"": ""2026-04-10 03:00:00+00:00"", ""price"": 21650.0, ""fraction"": 0.2, ""shares"": 9.168493680336038, ""reason"": ""starter20""}, {""time"": ""2026-04-13 02:00:00+00:00"", ""price"": 21166.147149744644, ""fraction"": 0.2, ""shares"": 9.37808316152002, ""reason"": ""adverse20""}]","[{""time"": ""2026-04-16 04:00:00+00:00"", ""price"": 21150.0, ""shares"": 18.54657684185606, ""reason"": ""time""}]"
KOSPI40_PIT_NORA_LEVEL_RR_A_RAW,373220.KS,373220,KOSPI,LG에너지솔루션,KRLEVEL_RR|373220|3T|3907|3909|3910,2026-04-17 00:00:00+00:00,1109208.7796827897,45416.006114859825,398487.55753978004,415500.0,415500.0,17012.442460219958,432512.44246021996,449524.8849204399,414500.0,3,0.0,221952.67681452623,235348.8244921304,221841.75593655795,235466.5577710159,228.65415685378696,True,False,False,3911,7,441500.0,3.2035376535401583,-0.205731775915423,2026-04-21 00:00:00+00:00,449524.8849204399,target2,WIN,13396.147677604167,1,"[{""time"": ""2026-04-17 00:00:00+00:00"", ""price"": 415500.0, ""fraction"": 0.2, ""shares"": 0.5339151767426185, ""reason"": ""starter20""}]","[{""time"": ""2026-04-21 00:00:00+00:00"", ""price"": 432512.44246021996, ""shares"": 0.26695758837130923, ""reason"": ""target1_partial""}, {""time"": ""2026-04-21 00:00:00+00:00"", ""price"": 449524.8849204399, ""shares"": 0.26695758837130923, ""reason"": ""target2""}]"
KOSPI40_PIT_NORA_LEVEL_RR_A_RAW,000270.KS,000270,KOSPI,기아,KRLEVEL_RR|000270|3T|3899|3903|3905,2026-04-16 01:00:00+00:00,708020.5709022479,55456.33954180375,145163.6727281756,145163.6727281756,157500.0,12336.327271824412,169836.3272718244,182172.65454364882,151800.0,3,0.0,141674.91623753982,143375.49174147294,141604.1141804496,143447.2153491475,142.52566476479856,False,False,False,3906,26,159550.0,0.5917482439585446,-0.12159210492298864,2026-04-23 02:00:00+00:00,159550.0,time,TIME,1700.575503933127,1,"[{""time"": ""2026-04-16 01:00:00+00:00"", ""price"": 157500.0, ""fraction"": 0.2, ""shares"": 0.8990737408282514, ""reason"": ""starter20""}]","[{""time"": ""2026-04-23 02:00:00+00:00"", ""price"": 159550.0, ""shares"": 0.8990737408282514, ""reason"": ""time""}]"
KOSPI40_PIT_NORA_LEVEL_RR_A_RAW,003490.KS,003490,KOSPI,대한항공,KRLEVEL_RR|003490|4T|3912|3915|3917,2026-04-21 01:00:00+00:00,1111564.3426716123,38090.3014745755,24433.037476723504,24433.037476723504,25300.0,866.9625232764956,26166.962523276496,27033.92504655299,24925.0,4,0.0,1112120.124842948,1103780.1142010514,1111564.3426716123,1104332.280341222,1107.9483115064172,False,True,True,3918,26,24650.0,0.5478898882558858,-0.9804345368789535,2026-04-27 02:00:00+00:00,24650.0,time,TIME,-8340.010641896632,3,"[{""time"": ""2026-04-21 01:00:00+00:00"", ""price"": 25300.0, ""fraction"": 0.2, ""shares"": 8.78706990254239, ""reason"": ""starter20""}, {""time"": ""2026-04-23 00:00:00+00:00"", ""price"": 24953.2149906894, ""fraction"": 0.2, ""shares"": 8.909187397987488, ""reason"": ""adverse20""}, {""time"": ""2026-04-23 03:00:00+00:00"", ""price"": 24606.429981378802, ""fraction"": 0.6, ""shares"": 27.10424088775498, ""reason"": ""support60""}]","[{""time"": ""2026-04-27 02:00:00+00:00"", ""price"": 24650.0, ""shares"": 44.80049818828486, ""reason"": ""time""}]"
KOSPI40_PIT_NORA_LEVEL_RR_A_RAW,066570.KS,066570,KOSPI,LG전자,KRLEVEL_RR|066570|2T|3939|3940|3941,2026-04-27 01:00:00+00:00,1108935.965323428,17857.9292958116,126135.51060898694,128200.0,128200.0,2064.489391013063,130264.48939101306,132328.97878202613,127000.0,2,0.0,221898.08666121794,227030.99956750235,221787.1930646856,227144.57185342908,224.46588245905735,True,False,False,3942,6,141600.0,10.075130485312524,-0.048438127333233286,2026-04-28 00:00:00+00:00,132328.97878202613,target2,WIN,5132.912906284415,1,"[{""time"": ""2026-04-27 01:00:00+00:00"", ""price"": 128200.0, ""fraction"": 0.2, ""shares"": 1.7300093062767987, ""reason"": ""starter20""}]","[{""time"": ""2026-04-27 04:00:00+00:00"", ""price"": 130264.48939101306, ""shares"": 0.8650046531383994, ""reason"": ""target1_partial""}, {""time"": ""2026-04-28 00:00:00+00:00"", ""price"": 132328.97878202613, ""shares"": 0.8650046531383994, ""reason"": ""target2""}]"
KOSPI40_PIT_NORA_LEVEL_RR_A_RAW,000810.KS,000810,KOSPI,삼성화재,KRLEVEL_RR|000810|2T|3940|3941|3943,2026-04-27 03:00:00+00:00,1108362.9001178697,27026.721392650194,449758.80944708025,461000.0,461000.0,11241.190552919754,472241.19055291975,483482.3811058395,454750.0,2,0.0,221783.41631358574,229665.70614314833,221672.58002357394,229780.596441369,225.7265882324715,True,False,False,3944,8,480500.0,2.135005174675765,-0.1334378234172353,2026-04-28 04:00:00+00:00,483482.3811058395,target2,WIN,7882.289829562593,1,"[{""time"": ""2026-04-27 03:00:00+00:00"", ""price"": 461000.0, ""fraction"": 0.2, ""shares"": 0.48085158356523633, ""reason"": ""starter20""}]","[{""time"": ""2026-04-28 01:00:00+00:00"", ""price"": 472241.19055291975, ""shares"": 0.24042579178261816, ""reason"": ""target1_partial""}, {""time"": ""2026-04-28 04:00:00+00:00"", ""price"": 483482.3811058395, ""shares"": 0.24042579178261816, ""reason"": ""target2""}]"
KOSPI40_PIT_NORA_LEVEL_RR_A_RAW,010950.KS,010950,KOSPI,S-Oil,KRLEVEL_RR|010950|4T|3929|3932|3933,2026-04-23 05:00:00+00:00,1109823.136927506,50446.29393017368,113209.11359562924,118600.0,118600.0,5390.886404370758,123990.88640437076,129381.77280874152,115700.0,4,0.0,444151.2193983879,478348.43169793,443929.2547710024,478587.7255607103,461.25849016585636,True,True,False,3934,21,127200.0,2.1146800627735813,-0.7976424798181052,2026-04-29 01:00:00+00:00,129381.77280874152,target2,WIN,34197.212299542094,2,"[{""time"": ""2026-04-23 05:00:00+00:00"", ""price"": 118600.0, ""fraction"": 0.2, ""shares"": 1.8715398599114772, ""reason"": ""starter20""}, {""time"": ""2026-04-27 00:00:00+00:00"", ""price"": 116443.6454382517, ""fraction"": 0.2, ""shares"": 1.9061978569127302, ""reason"": ""adverse20""}]","[{""time"": ""2026-04-29 00:00:00+00:00"", ""price"": 123990.88640437076, ""shares"": 1.8888688584121036, ""reason"": ""target1_partial""}, {""time"": ""2026-04-29 01:00:00+00:00"", ""price"": 129381.77280874152, ""shares"": 1.8888688584121036, ""reason"": ""target2""}]"
KOSPI40_PIT_NORA_LEVEL_RR_A_RAW,003550.KS,003550,KOSPI,LG,KRLEVEL_RR|003550|3T|3947|3950|3951,2026-04-28 05:00:00+00:00,1112937.005957225,37222.7005243236,95012.31036262115,98300.0,98300.0,3287.6896373788477,101587.68963737885,104875.3792747577,97600.0,3,0.0,222698.69489204077,233637.33424306774,222587.40119144504,233754.21134874213,228.1708062700936,True,False,False,3952,20,102500.0,2.129154747581599,-0.24333197115218277,2026-05-06 00:00:00+00:00,104875.3792747577,target2,WIN,10938.63935102697,1,"[{""time"": ""2026-04-28 05:00:00+00:00"", ""price"": 98300.0, ""fraction"": 0.2, ""shares"": 2.2643682725477623, ""reason"": ""starter20""}]","[{""time"": ""2026-04-30 00:00:00+00:00"", ""price"": 101587.68963737885, ""shares"": 1.1321841362738811, ""reason"": ""target1_partial""}, {""time"": ""2026-05-06 00:00:00+00:00"", ""price"": 104875.3792747577, ""shares"": 1.1321841362738811, ""reason"": ""target2""}]"
KOSPI40_PIT_NORA_LEVEL_RR_A_RAW,034730.KS,034730,KOSPI,SK,KRLEVEL_RR|034730|2T|3947|3953|3954,2026-04-29 02:00:00+00:00,721327.5047682129,55979.046647415686,395707.20185630774,429000.0,429000.0,33292.79814369226,462292.79814369226,495585.5962873845,411250.0,2,0.0,144337.63370411942,160978.68534039336,144265.5009536426,161059.2149478673,152.66235795075494,True,False,False,3955,17,519000.0,2.883506504489723,-0.25531047175169425,2026-05-06 00:00:00+00:00,495585.5962873845,target2,WIN,16641.051636273944,1,"[{""time"": ""2026-04-29 02:00:00+00:00"", ""price"": 429000.0, ""fraction"": 0.2, ""shares"": 0.3362832190061599, ""reason"": ""starter20""}]","[{""time"": ""2026-05-04 01:00:00+00:00"", ""price"": 462292.79814369226, ""shares"": 0.16814160950307994, ""reason"": ""target1_partial""}, {""time"": ""2026-05-06 00:00:00+00:00"", ""price"": 495585.5962873845, ""shares"": 0.16814160950307994, ""reason"": ""target2""}]"
KOSPI40_PIT_NORA_LEVEL_RR_A_RAW,323410.KS,323410,KOSPI,카카오뱅크,KRLEVEL_RR|323410|3T|3971|3972|3973,2026-05-06 03:00:00+00:00,1067097.6926227189,56280.7274435735,24155.08232307786,24155.08232307786,25500.0,1344.9176769221413,26844.91767692214,28189.835353844283,25150.0,3,0.0,427052.4965876121,408479.350919394,426839.07704908756,408683.6927657769,417.7613849074322,False,True,False,3974,4,25350.0,0.11153099001812262,-0.4461239600724905,2026-05-07 00:00:00+00:00,24155.08232307786,stop,LOSS,-18573.145668218087,2,"[{""time"": ""2026-05-06 03:00:00+00:00"", ""price"": 25500.0, ""fraction"": 0.2, ""shares"": 8.369393667629168, ""reason"": ""starter20""}, {""time"": ""2026-05-06 05:00:00+00:00"", ""price"": 24962.032929231143, ""fraction"": 0.2, ""shares"": 8.549765923697038, ""reason"": ""adverse20""}]","[{""time"": ""2026-05-07 00:00:00+00:00"", ""price"": 24155.08232307786, ""shares"": 16.919159591326206, ""reason"": ""stop""}]"
KOSPI40_PIT_NORA_LEVEL_RR_A_RAW,005380.KS,005380,KOSPI,현대차,KRLEVEL_RR|005380|2T|3971|3975|3977,2026-05-07 01:00:00+00:00,1120985.862568865,46607.89369855219,543425.50489752,567000.0,567000.0,23574.495102480054,590574.49510248,614148.9902049601,548000.0,2,0.0,224309.2711000299,238060.45085302703,224197.17251377302,238179.5406233387,231.18835656855586,True,False,False,3978,6,590000.0,2.0360987495740837,-0.1696748957978403,2026-05-08 00:00:00+00:00,614148.9902049601,target2,WIN,13751.179752997123,1,"[{""time"": ""2026-05-07 01:00:00+00:00"", ""price"": 567000.0, ""fraction"": 0.2, ""shares"": 0.395409475332933, ""reason"": ""starter20""}]","[{""time"": ""2026-05-08 00:00:00+00:00"", ""price"": 590574.49510248, ""shares"": 0.1977047376664665, ""reason"": ""target1_partial""}, {""time"": ""2026-05-08 00:00:00+00:00"", ""price"": 614148.9902049601, ""shares"": 0.1977047376664665, ""reason"": ""target2""}]"
KOSPI40_PIT_NORA_LEVEL_RR_A_RAW,105560.KS,105560,KOSPI,KB금융,KRLEVEL_RR|105560|2T|3980|3982|3984,2026-05-08 02:00:00+00:00,1124240.4059230294,33646.90256504646,157442.59382820927,157442.59382820927,162300.0,4857.406171790732,167157.40617179073,172014.81234358146,161050.0,2,0.0,1124802.526125991,1108733.1593316593,1124240.4059230294,1109287.803233276,1116.7641045781527,False,True,True,3985,11,159400.0,0.3911552653418616,-0.8440718883692804,2026-05-12 00:00:00+00:00,157442.59382820927,stop,LOSS,-16069.366794331698,3,"[{""time"": ""2026-05-08 02:00:00+00:00"", ""price"": 162300.0, ""fraction"": 0.2, ""shares"": 1.3853855895539489, ""reason"": ""starter20""}, {""time"": ""2026-05-11 00:00:00+00:00"", ""price"": 160357.0375312837, ""fraction"": 0.2, ""shares"": 1.4021715831507597, ""reason"": ""adverse20""}, {""time"": ""2026-05-11 05:00:00+00:00"", ""price"": 158414.07506256743, ""fraction"": 0.6, ""shares"": 4.258108020309425, ""reason"": ""support60""}]","[{""time"": ""2026-05-12 00:00:00+00:00"", ""price"": 157442.59382820927, ""shares"": 7.045665193014134, ""reason"": ""stop""}]"
KOSPI40_PIT_NORA_LEVEL_RR_A_RAW,003670.KS,003670,KOSPI,포스코퓨처엠,KRLEVEL_RR|003670|2T|3965|3970|3971,2026-05-06 01:00:00+00:00,444420.8993916518,56255.956494294645,246303.70454425778,246303.70454425778,282000.0,35696.29545574222,317696.2954557422,353392.59091148444,268000.0,2,0.0,177857.24393653907,172391.1081915972,177768.35975666074,172477.3468650297,175.12285331084524,False,True,False,3972,26,266500.0,0.49024695074303276,-0.7003527867757611,2026-05-12 02:00:00+00:00,266500.0,time,TIME,-5466.1357449418865,2,"[{""time"": ""2026-05-06 01:00:00+00:00"", ""price"": 282000.0, ""fraction"": 0.2, ""shares"": 0.31519212722812184, ""reason"": ""starter20""}, {""time"": ""2026-05-12 01:00:00+00:00"", ""price"": 267721.4818177031, ""fraction"": 0.2, ""shares"": 0.3320024201078245, ""reason"": ""adverse20""}]","[{""time"": ""2026-05-12 02:00:00+00:00"", ""price"": 266500.0, ""shares"": 0.6471945473359464, ""reason"": ""time""}]"
KOSPI40_PIT_NORA_LEVEL_RR_A_RAW,018260.KS,018260,KOSPI,삼성에스디에스,KRLEVEL_RR|018260|3T|3997|3999|4000,2026-05-13 00:00:00+00:00,1119847.6361949942,18706.405165421806,172175.05607138237,172175.05607138237,175100.0,2924.943928617635,178024.94392861763,180949.88785723527,177700.0,3,0.0,224081.51200261834,220118.13208281153,223969.52723899885,220228.24620591447,222.09888672245665,False,False,False,4001,1,175100.0,0.0,0.0,2026-05-13 00:00:00+00:00,172175.05607138237,stop,LOSS,-3963.3799198068155,1,"[{""time"": ""2026-05-13 00:00:00+00:00"", ""price"": 175100.0, ""fraction"": 0.2, ""shares"": 1.2790949585322606, ""reason"": ""starter20""}]","[{""time"": ""2026-05-13 00:00:00+00:00"", ""price"": 172175.05607138237, ""shares"": 1.2790949585322606, ""reason"": ""stop""}]"
KOSPI40_PIT_NORA_LEVEL_RR_A_RAW,000810.KS,000810,KOSPI,삼성화재,KRLEVEL_RR|000810|2T|3997|4002|4003,2026-05-13 03:00:00+00:00,863918.4489963349,55999.82900148051,469459.9909384937,502000.0,502000.0,32540.00906150631,534540.0090615063,567080.0181230126,501000.0,2,0.0,172870.0816441666,189488.84668046125,172783.68979926698,189583.63849971112,181.18366414948906,True,False,False,4004,13,551000.0,2.0897351279610312,-0.1690226941733187,2026-05-15 03:00:00+00:00,567080.0181230126,target2,WIN,16618.765036294644,1,"[{""time"": ""2026-05-13 03:00:00+00:00"", ""price"": 502000.0, ""fraction"": 0.2, ""shares"": 0.3441906171300139, ""reason"": ""starter20""}]","[{""time"": ""2026-05-15 00:00:00+00:00"", ""price"": 534540.0090615063, ""shares"": 0.17209530856500696, ""reason"": ""target1_partial""}, {""time"": ""2026-05-15 03:00:00+00:00"", ""price"": 567080.0181230126, ""shares"": 0.17209530856500696, ""reason"": ""target2""}]"
KOSPI40_PIT_NORA_LEVEL_RR_A_RAW,009150.KS,009150,KOSPI,삼성전기,KRLEVEL_RR|009150|2T|3995|4000|4001,2026-05-13 01:00:00+00:00,423219.32774073357,55952.748010551644,850436.6992333299,980000.0,980000.0,129563.30076667015,1109563.3007666701,1239126.6015333403,921000.0,2,0.0,84686.18748092078,90194.02077902728,84643.86554814671,90239.14034920189,87.4415029486743,True,False,False,4002,18,990000.0,1.180889951820052,-0.054027644854512176,2026-05-18 00:00:00+00:00,980000.0,stop,BE_STOP,5507.833298106503,1,"[{""time"": ""2026-05-13 01:00:00+00:00"", ""price"": 980000.0, ""fraction"": 0.2, ""shares"": 0.08637129137565991, ""reason"": ""starter20""}]","[{""time"": ""2026-05-15 00:00:00+00:00"", ""price"": 1109563.3007666701, ""shares"": 0.043185645687829954, ""reason"": ""target1_partial""}, {""time"": ""2026-05-18 00:00:00+00:00"", ""price"": 980000.0, ""shares"": 0.043185645687829954, ""reason"": ""stop""}]"
KOSPI40_PIT_NORA_LEVEL_RR_A_RAW,010950.KS,010950,KOSPI,S-Oil,KRLEVEL_RR|010950|2T|4012|4015|4016,2026-05-15 04:00:00+00:00,999578.8005394595,56201.000703885984,108156.65138437369,108156.65138437369,114600.0,6443.34861562631,121043.34861562631,127486.69723125262,112900.0,2,0.0,400031.4359758917,381501.1899491527,399831.5202157838,381692.03596713627,390.7617780914601,False,True,False,4017,3,113800.0,0.062079521668271395,-0.5587156950144425,2026-05-18 00:00:00+00:00,108156.65138437369,stop,LOSS,-18530.246026739012,2,"[{""time"": ""2026-05-15 04:00:00+00:00"", ""price"": 114600.0, ""fraction"": 0.2, ""shares"": 1.744465620487713, ""reason"": ""starter20""}, {""time"": ""2026-05-15 05:00:00+00:00"", ""price"": 112022.66055374948, ""fraction"": 0.2, ""shares"": 1.7846010719587446, ""reason"": ""adverse20""}]","[{""time"": ""2026-05-18 00:00:00+00:00"", ""price"": 108156.65138437369, ""shares"": 3.5290666924464578, ""reason"": ""stop""}]"
KOSPI40_PIT_NORA_LEVEL_RR_A_RAW,086790.KS,086790,KOSPI,하나금융지주,KRLEVEL_RR|086790|4T|4025|4027|4028,2026-05-19 04:00:00+00:00,1119267.3699166842,23471.137616727632,113273.76057299202,113273.76057299202,115700.0,2426.239427007982,118126.23942700798,120552.47885401596,115200.0,4,0.0,447930.80144065706,439952.27269465046,447706.9479666737,440172.3588740875,443.93965342038064,False,True,False,4029,3,118200.0,0.0824320954369447,-0.7006728112140299,2026-05-20 00:00:00+00:00,113273.76057299202,stop,LOSS,-7978.528746006603,2,"[{""time"": ""2026-05-19 04:00:00+00:00"", ""price"": 115700.0, ""fraction"": 0.2, ""shares"": 1.934775056035755, ""reason"": ""starter20""}, {""time"": ""2026-05-19 04:00:00+00:00"", ""price"": 114729.50422919681, ""fraction"": 0.2, ""shares"": 1.9511412995923132, ""reason"": ""adverse20""}]","[{""time"": ""2026-05-20 00:00:00+00:00"", ""price"": 113273.76057299202, ""shares"": 3.8859163556280683, ""reason"": ""stop""}]"
KOSPI40_PIT_NORA_LEVEL_RR_A_RAW,032830.KS,032830,KOSPI,삼성생명,KRLEVEL_RR|032830|2T|4019|4020|4022,2026-05-18 04:00:00+00:00,564594.5286894852,55988.71153362826,287365.9722656465,319000.0,319000.0,31634.027734353498,350634.0277343535,382268.055468707,308000.0,2,0.0,564876.8259538299,669997.1216691298,564594.5286894852,670332.2878130364,617.4634082512607,True,True,True,4023,26,364000.0,1.6121880030033515,-0.8060940015016758,2026-05-22 05:00:00+00:00,364000.0,time,TIME,105120.2957152999,3,"[{""time"": ""2026-05-18 04:00:00+00:00"", ""price"": 319000.0, ""fraction"": 0.2, ""shares"": 0.3539777609338465, ""reason"": ""starter20""}, {""time"": ""2026-05-20 00:00:00+00:00"", ""price"": 306346.3889062586, ""fraction"": 0.2, ""shares"": 0.3685987817289075, ""reason"": ""adverse20""}, {""time"": ""2026-05-20 00:00:00+00:00"", ""price"": 293692.7778125172, ""fraction"": 0.6, ""shares"": 1.1534390451710088, ""reason"": ""support60""}]","[{""time"": ""2026-05-21 00:00:00+00:00"", ""price"": 350634.0277343535, ""shares"": 0.9380077939168814, ""reason"": ""target1_partial""}, {""time"": ""2026-05-22 05:00:00+00:00"", ""price"": 364000.0, ""shares"": 0.9380077939168814, ""reason"": ""time""}]"
KOSPI40_PIT_NORA_LEVEL_RR_A_RAW,055550.KS,055550,KOSPI,신한지주,KRLEVEL_RR|055550|5T|4025|4030|4031,2026-05-20 01:00:00+00:00,1121516.1261782914,34728.18818098761,91573.77031279387,94500.0,94500.0,2926.229687206127,97426.22968720613,100352.45937441225,93900.0,5,0.0,448830.75369655224,460089.3518168556,448606.4504713166,460319.5115726419,454.46298102197926,True,True,False,4032,26,95300.0,1.6403360341077295,-0.5467786780359098,2026-05-27 02:00:00+00:00,95300.0,time,TIME,11258.598120303359,2,"[{""time"": ""2026-05-20 01:00:00+00:00"", ""price"": 94500.0, ""fraction"": 0.2, ""shares"": 2.373579103022839, ""reason"": ""starter20""}, {""time"": ""2026-05-20 01:00:00+00:00"", ""price"": 93329.50812511754, ""fraction"": 0.2, ""shares"": 2.4033473414962967, ""reason"": ""adverse20""}]","[{""time"": ""2026-05-22 00:00:00+00:00"", ""price"": 97426.22968720613, ""shares"": 2.388463222259568, ""reason"": ""target1_partial""}, {""time"": ""2026-05-27 02:00:00+00:00"", ""price"": 95300.0, ""shares"": 2.388463222259568, ""reason"": ""time""}]"
KOSPI40_PIT_NORA_LEVEL_RR_A_RAW,000810.KS,000810,KOSPI,삼성화재,KRLEVEL_RR|000810|5T|4043|4048|4050,2026-05-26 02:00:00+00:00,590742.6164163484,57109.68023558355,523025.53000662813,523025.53000662813,579000.0,55974.469993371866,634974.4699933719,690948.9399867437,566000.0,5,0.0,591037.9877245566,668063.5065280169,590742.6164163484,668397.7053807073,629.5701608985278,False,True,True,4051,26,619000.0,0.9468602383600223,-0.8218032257464344,2026-06-01 03:00:00+00:00,619000.0,time,TIME,77025.51880346029,3,"[{""time"": ""2026-05-26 02:00:00+00:00"", ""price"": 579000.0, ""fraction"": 0.2, ""shares"": 0.20405617147369548, ""reason"": ""starter20""}, {""time"": ""2026-05-28 00:00:00+00:00"", ""price"": 556610.2120026513, ""fraction"": 0.2, ""shares"": 0.21226438310964174, ""reason"": ""adverse20""}, {""time"": ""2026-05-28 00:00:00+00:00"", ""price"": 534220.4240053025, ""fraction"": 0.6, ""shares"": 0.663481877372571, ""reason"": ""support60""}]","[{""time"": ""2026-06-01 03:00:00+00:00"", ""price"": 619000.0, ""shares"": 1.0798024319559083, ""reason"": ""time""}]"
KOSPI40_PIT_NORA_LEVEL_RR_A_RAW,009150.KS,009150,KOSPI,삼성전기,KRLEVEL_RR|009150|2T|4063|4064|4066,2026-05-29 00:00:00+00:00,277235.33692535345,57263.21904782957,1543258.4244734389,1543258.4244734389,1945000.0,401741.5755265611,2346741.575526561,2748483.1510531222,1732000.0,2,0.0,277373.95459381613,287142.74150886765,277235.33692535345,287286.3847012183,282.2608608132859,False,True,True,4067,26,1773000.0,0.614823097849054,-0.8214235720250519,2026-06-05 01:00:00+00:00,1773000.0,time,TIME,9768.786915051518,3,"[{""time"": ""2026-05-29 00:00:00+00:00"", ""price"": 1945000.0, ""fraction"": 0.2, ""shares"": 0.028507489658134034, ""reason"": ""starter20""}, {""time"": ""2026-06-02 00:00:00+00:00"", ""price"": 1784303.3697893755, ""fraction"": 0.2, ""shares"": 0.031074910423789556, ""reason"": ""adverse20""}, {""time"": ""2026-06-05 00:00:00+00:00"", ""price"": 1623606.7395787511, ""fraction"": 0.6, ""shares"": 0.10245165784318541, ""reason"": ""support60""}]","[{""time"": ""2026-06-05 01:00:00+00:00"", ""price"": 1773000.0, ""shares"": 0.162034057925109, ""reason"": ""time""}]"
KOSPI40_PIT_NORA_LEVEL_RR_A_RAW,009150.KS,009150,KOSPI,삼성전기,KRLEVEL_RR|009150|2T|4087|4090|4092,2026-06-05 02:00:00+00:00,771017.2353244049,57945.777233816036,1639750.238089906,1639750.238089906,1773000.0,133249.76191009395,1906249.761910094,2039499.523820188,1732000.0,2,0.0,154280.54878841343,135262.6020028981,154203.44706488098,135330.2671364663,144.76685710067363,False,False,False,4093,4,1556000.0,0.5403386765417241,-0.2476552267482902,2026-06-08 00:00:00+00:00,1556000.0,gap_stop,LOSS,-19017.94678551535,1,"[{""time"": ""2026-06-05 02:00:00+00:00"", ""price"": 1773000.0, ""fraction"": 0.2, ""shares"": 0.08697317939361589, ""reason"": ""starter20""}]","[{""time"": ""2026-06-08 00:00:00+00:00"", ""price"": 1556000.0, ""shares"": 0.08697317939361589, ""reason"": ""gap_stop""}]"
KOSPI40_PIT_NORA_LEVEL_RR_A_RAW,017670.KS,017670,KOSPI,SK텔레콤,KRLEVEL_RR|017670|3T|4095|4096|4097,2026-06-08 01:00:00+00:00,1079736.2623327314,57824.757944057324,104014.35818194873,104014.35818194873,109900.0,5885.64181805127,115785.64181805127,121671.28363610254,105200.0,3,0.0,432110.4521855591,413032.0637873146,431894.50493309257,413238.683128879,422.5665940309858,False,True,False,4098,6,114000.0,0.9854490265125195,-0.5097150137133722,2026-06-09 00:00:00+00:00,104014.35818194873,stop,LOSS,-19078.38839824451,2,"[{""time"": ""2026-06-08 01:00:00+00:00"", ""price"": 109900.0, ""fraction"": 0.2, ""shares"": 1.9649431525618406, ""reason"": ""starter20""}, {""time"": ""2026-06-08 01:00:00+00:00"", ""price"": 107545.7432727795, ""fraction"": 0.2, ""shares"": 2.007957227268556, ""reason"": ""adverse20""}]","[{""time"": ""2026-06-09 00:00:00+00:00"", ""price"": 104014.35818194873, ""shares"": 3.9729003798303966, ""reason"": ""stop""}]"
KOSPI40_PIT_NORA_LEVEL_RR_A_RAW,010950.KS,010950,KOSPI,S-Oil,KRLEVEL_RR|010950|3T|4080|4081|4082,2026-06-02 04:00:00+00:00,822960.4257359697,57779.14567562135,103020.85395523894,103020.85395523894,110800.0,7779.146044761059,118579.14604476106,126358.29208952212,108700.0,3,0.0,823371.9059488378,859764.8775047688,822960.4257359697,860194.9749922649,841.5777003641173,False,True,True,4083,26,111200.0,0.7841477669786266,-0.8741319369597805,2026-06-09 05:00:00+00:00,111200.0,time,TIME,36392.97155593103,3,"[{""time"": ""2026-06-02 04:00:00+00:00"", ""price"": 110800.0, ""fraction"": 0.2, ""shares"": 1.4854881330974183, ""reason"": ""starter20""}, {""time"": ""2026-06-08 00:00:00+00:00"", ""price"": 107688.34158209557, ""fraction"": 0.2, ""shares"": 1.5284113649546562, ""reason"": ""adverse20""}, {""time"": ""2026-06-08 00:00:00+00:00"", ""price"": 104576.68316419116, ""fraction"": 0.6, ""shares"": 4.7216668238208115, ""reason"": ""support60""}]","[{""time"": ""2026-06-09 05:00:00+00:00"", ""price"": 111200.0, ""shares"": 7.735566321872886, ""reason"": ""time""}]"
KOSPI40_PIT_NORA_LEVEL_RR_A_RAW,009150.KS,009150,KOSPI,삼성전기,KRLEVEL_RR|009150|2T|4103|4104|4105,2026-06-09 03:00:00+00:00,350840.2315156256,57974.3389782373,1532194.1370011745,1532194.1370011745,1835500.0,303305.8629988255,2138805.8629988255,2442111.725997651,1732000.0,2,0.0,140406.26065255338,154684.8010468744,140336.09260625025,154762.18213794337,147.54913737209682,False,True,False,4106,26,1955000.0,0.5126837920723021,-0.47641677141123895,2026-06-15 04:00:00+00:00,1955000.0,time,TIME,14278.540394321026,2,"[{""time"": ""2026-06-09 03:00:00+00:00"", ""price"": 1835500.0, ""fraction"": 0.2, ""shares"": 0.03822830090064022, ""reason"": ""starter20""}, {""time"": ""2026-06-11 00:00:00+00:00"", ""price"": 1714177.6548004698, ""fraction"": 0.2, ""shares"": 0.040933940602144114, ""reason"": ""adverse20""}]","[{""time"": ""2026-06-15 04:00:00+00:00"", ""price"": 1955000.0, ""shares"": 0.07916224150278434, ""reason"": ""time""}]"
KOSPI40_PIT_NORA_LEVEL_RR_A_RAW,000660.KS,000660,KOSPI,SK하이닉스,KRLEVEL_RR|000660|2T|4118|4119|4121,2026-06-12 01:00:00+00:00,387852.89778204815,58052.14299439947,1940440.1171918968,2282000.0,2282000.0,341559.8828081032,2623559.882808103,2965119.7656162065,2079500.0,2,0.0,77609.36484618783,89466.66023811839,77570.57955640963,89511.41594609144,83.54099775125053,True,False,False,4122,26,2643000.0,1.0569156922999026,-0.3454738273999681,2026-06-18 02:00:00+00:00,2643000.0,time,TIME,11857.295391930558,1,"[{""time"": ""2026-06-12 01:00:00+00:00"", ""price"": 2282000.0, ""fraction"": 0.2, ""shares"": 0.03399236615092446, ""reason"": ""starter20""}]","[{""time"": ""2026-06-18 00:00:00+00:00"", ""price"": 2623559.882808103, ""shares"": 0.01699618307546223, ""reason"": ""target1_partial""}, {""time"": ""2026-06-18 02:00:00+00:00"", ""price"": 2643000.0, ""shares"": 0.01699618307546223, ""reason"": ""time""}]"
KOSPI40_PIT_NORA_LEVEL_RR_A_RAW,051910.KS,051910,KOSPI,LG화학,KRLEVEL_RR|051910|3T|4128|4131|4132,2026-06-16 00:00:00+00:00,338754.08592060115,58099.67459896595,301984.64661681827,301984.64661681827,364500.0,62515.35338318173,427015.35338318173,489530.70676636347,354000.0,3,0.0,135569.3851854246,125204.55032596433,135501.63436824045,125267.18391792329,130.38440914308188,False,True,False,4133,26,325000.0,0.12796856399362863,-0.6798329962161521,2026-06-22 01:00:00+00:00,325000.0,time,TIME,-10364.834859460258,2,"[{""time"": ""2026-06-16 00:00:00+00:00"", ""price"": 364500.0, ""fraction"": 0.2, ""shares"": 0.18587329817316936, ""reason"": ""starter20""}, {""time"": ""2026-06-19 00:00:00+00:00"", ""price"": 339493.8586467273, ""fraction"": 0.2, ""shares"": 0.1995641908050561, ""reason"": ""adverse20""}]","[{""time"": ""2026-06-22 01:00:00+00:00"", ""price"": 325000.0, ""shares"": 0.3854374889782255, ""reason"": ""time""}]"
KOSPI40_PIT_NORA_LEVEL_RR_A_RAW,034730.KS,034730,KOSPI,SK,KRLEVEL_RR|034730|5T|4143|4149|4151,2026-06-19 01:00:00+00:00,413969.71518977464,58162.902823304044,638608.2167075821,743000.0,743000.0,104391.78329241788,847391.7832924179,951783.5665848358,690000.0,5,0.0,165670.6800189478,193072.04614539113,165587.88607590986,193168.63046062144,179.37825826826565,True,True,False,4152,26,836000.0,1.072881375024223,-0.49812349554696067,2026-06-25 02:00:00+00:00,836000.0,time,TIME,27401.366126443318,2,"[{""time"": ""2026-06-19 01:00:00+00:00"", ""price"": 743000.0, ""fraction"": 0.2, ""shares"": 0.11143195563654769, ""reason"": ""starter20""}, {""time"": ""2026-06-19 05:00:00+00:00"", ""price"": 701243.2866830329, ""fraction"": 0.2, ""shares"": 0.11806735923217244, ""reason"": ""adverse20""}]","[{""time"": ""2026-06-25 00:00:00+00:00"", ""price"": 847391.7832924179, ""shares"": 0.11474965743436007, ""reason"": ""target1_partial""}, {""time"": ""2026-06-25 02:00:00+00:00"", ""price"": 836000.0, ""shares"": 0.11474965743436007, ""reason"": ""time""}]"
KOSPI40_PIT_NORA_LEVEL_RR_A_RAW,009150.KS,009150,KOSPI,삼성전기,KRLEVEL_RR|009150|3T|4175|4178|4179,2026-06-25 05:00:00+00:00,1049989.5647569431,58354.914453727215,1885068.9839602339,1996000.0,1996000.0,110931.01603976614,2106931.0160397664,2217862.0320795323,1975000.0,3,0.0,210102.91190786433,215725.487694563,209997.91295138863,215833.40439676138,212.91565867407502,True,False,False,4180,4,2046000.0,1.3792355417095714,-0.13521917075584033,2026-06-26 02:00:00+00:00,1996000.0,stop,BE_STOP,5622.575786698668,1,"[{""time"": ""2026-06-25 05:00:00+00:00"", ""price"": 1996000.0, ""fraction"": 0.2, ""shares"": 0.10520937522614661, ""reason"": ""starter20""}]","[{""time"": ""2026-06-26 00:00:00+00:00"", ""price"": 2106931.0160397664, ""shares"": 0.052604687613073305, ""reason"": ""target1_partial""}, {""time"": ""2026-06-26 02:00:00+00:00"", ""price"": 1996000.0, ""shares"": 0.052604687613073305, ""reason"": ""stop""}]"
KOSPI40_PIT_NORA_LEVEL_RR_A_RAW,005930.KS,005930,KOSPI,삼성전자,KRLEVEL_RR|005930|2T|4172|4173|4174,2026-06-25 00:00:00+00:00,433822.23625592183,58196.36252529606,311273.8129137719,311273.8129137719,359500.0,48226.18708622811,407726.1870862281,455952.3741724562,323500.0,2,0.0,434039.14737404976,415239.96929706074,433822.23625592183,415447.69314363255,424.6349646997772,False,True,True,4175,26,317750.0,0.062206866875791356,-0.9019995696989747,2026-07-01 01:00:00+00:00,317750.0,time,TIME,-18799.178076989017,3,"[{""time"": ""2026-06-25 00:00:00+00:00"", ""price"": 359500.0, ""fraction"": 0.2, ""shares"": 0.24134755841775904, ""reason"": ""starter20""}, {""time"": ""2026-06-26 01:00:00+00:00"", ""price"": 340209.52516550873, ""fraction"": 0.2, ""shares"": 0.25503238690619934, ""reason"": ""adverse20""}, {""time"": ""2026-06-29 00:00:00+00:00"", ""price"": 320919.0503310175, ""fraction"": 0.6, ""shares"": 0.8110872242862148, ""reason"": ""support60""}]","[{""time"": ""2026-07-01 01:00:00+00:00"", ""price"": 317750.0, ""shares"": 1.3074671696101732, ""reason"": ""time""}]"
KOSPI40_PIT_NORA_LEVEL_RR_A_RAW,207940.KS,207940,KOSPI,삼성바이오로직스,KRLEVEL_RR|207940|5T|4086|4087|4088,2026-06-29 03:00:00+00:00,682476.7279102925,58271.42084246263,1301501.0118766662,1301501.0118766662,1423000.0,121498.98812333378,1544498.9881233338,1665997.9762466676,1379000.0,5,0.0,273127.1865096991,275922.1143143279,272990.691164117,276060.14438652113,274.52541777531906,False,True,False,4089,26,1414000.0,0.30452928515290395,-0.5843670066447616,2026-07-03 04:00:00+00:00,1414000.0,time,TIME,2794.9278046287945,2,"[{""time"": ""2026-06-29 03:00:00+00:00"", ""price"": 1423000.0, ""fraction"": 0.2, ""shares"": 0.09592083315675229, ""reason"": ""starter20""}, {""time"": ""2026-07-01 00:00:00+00:00"", ""price"": 1374400.4047506666, ""fraction"": 0.2, ""shares"": 0.09931264943626124, ""reason"": ""adverse20""}]","[{""time"": ""2026-07-03 04:00:00+00:00"", ""price"": 1414000.0, ""shares"": 0.19523348259301354, ""reason"": ""time""}]"
KOSPI40_PIT_NORA_LEVEL_RR_A_RAW,047050.KS,047050,KOSPI,포스코인터내셔널,KRLEVEL_RR|047050|2T|4204|4205|4206,2026-07-02 02:00:00+00:00,736842.2035562529,58282.196854217735,48807.84539978142,48807.84539978142,53000.0,4192.154600218579,57192.15460021858,61384.30920043716,50950.0,2,0.0,737210.6246580309,710141.828421518,736842.2035562529,710497.076959998,723.6696402581255,False,True,True,4207,9,49700.0,0.07156224629319682,-0.9303092018115587,2026-07-03 04:00:00+00:00,48807.84539978142,stop,LOSS,-27068.79623651295,3,"[{""time"": ""2026-07-02 02:00:00+00:00"", ""price"": 53000.0, ""fraction"": 0.2, ""shares"": 2.780536617193407, ""reason"": ""starter20""}, {""time"": ""2026-07-03 00:00:00+00:00"", ""price"": 51323.13815991257, ""fraction"": 0.2, ""shares"": 2.8713840578508703, ""reason"": ""adverse20""}, {""time"": ""2026-07-03 00:00:00+00:00"", ""price"": 49646.276319825134, ""fraction"": 0.6, ""shares"": 8.905105375591015, ""reason"": ""support60""}]","[{""time"": ""2026-07-03 04:00:00+00:00"", ""price"": 48807.84539978142, ""shares"": 14.557026050635292, ""reason"": ""stop""}]"
KOSPI40_PIT_NORA_LEVEL_RR_A_RAW,034730.KS,034730,KOSPI,SK,KRLEVEL_RR|034730|3T|4213|4215|4216,2026-07-06 00:00:00+00:00,1160394.5583705697,43904.87609652823,662930.884618258,662930.884618258,689000.0,26069.115381742013,715069.115381742,741138.230763484,675000.0,3,0.0,1160974.755649755,1140260.5826251027,1160394.5583705697,1140830.9981241648,1150.6127782473673,False,True,True,4217,3,669500.0,0.8055509246281422,-0.9206296281464481,2026-07-06 02:00:00+00:00,662930.884618258,stop,LOSS,-20714.173024652293,3,"[{""time"": ""2026-07-06 00:00:00+00:00"", ""price"": 689000.0, ""fraction"": 0.2, ""shares"": 0.3368344146213555, ""reason"": ""starter20""}, {""time"": ""2026-07-06 01:00:00+00:00"", ""price"": 678572.3538473032, ""fraction"": 0.2, ""shares"": 0.3420105613768313, ""reason"": ""adverse20""}, {""time"": ""2026-07-06 01:00:00+00:00"", ""price"": 668144.7076946064, ""fraction"": 0.6, ""shares"": 1.0420448250269996, ""reason"": ""support60""}]","[{""time"": ""2026-07-06 02:00:00+00:00"", ""price"": 662930.884618258, ""shares"": 1.7208898010251863, ""reason"": ""stop""}]"
KOSPI40_PIT_NORA_LEVEL_RR_A_RAW,005930.KS,005930,KOSPI,삼성전자,KRLEVEL_RR|005930|3T|4213|4214|4215,2026-07-03 05:00:00+00:00,704109.0173009366,57980.843568741715,285619.68265234167,285619.68265234167,311250.0,25630.317347658332,336880.31734765833,362510.63469531666,302000.0,3,0.0,704461.0718095871,677246.9465324653,704109.0173009366,677585.7394021663,690.8473783515515,False,True,True,4216,13,285500.0,0.5364740441364938,-0.9851614265051978,2026-07-08 00:00:00+00:00,285500.0,gap_stop,LOSS,-27214.125277121784,3,"[{""time"": ""2026-07-03 05:00:00+00:00"", ""price"": 311250.0, ""fraction"": 0.2, ""shares"": 0.4524395291893569, ""reason"": ""starter20""}, {""time"": ""2026-07-07 00:00:00+00:00"", ""price"": 300997.8730609367, ""fraction"": 0.2, ""shares"": 0.4678498290640018, ""reason"": ""adverse20""}, {""time"": ""2026-07-07 02:00:00+00:00"", ""price"": 290745.7461218733, ""fraction"": 0.6, ""shares"": 1.4530407272183272, ""reason"": ""support60""}]","[{""time"": ""2026-07-08 00:00:00+00:00"", ""price"": 285500.0, ""shares"": 2.373330085471686, ""reason"": ""gap_stop""}]"
KOSPI40_PIT_NORA_LEVEL_RR_A_RAW,033780.KS,033780,KOSPI,KT&G,KRLEVEL_RR|033780|4T|4224|4226|4228,2026-07-08 00:00:00+00:00,801338.0849101081,57501.56058572399,169868.48187382994,169868.48187382994,183000.0,13131.518126170064,196131.51812617006,209263.03625234013,180500.0,4,0.0,801738.7539525633,785663.1114618959,801338.0849101081,786056.1395316616,793.697112220885,False,True,True,4229,26,172200.0,0.30461062929413474,-0.9062166221500508,2026-07-14 01:00:00+00:00,172200.0,time,TIME,-16075.642490667407,3,"[{""time"": ""2026-07-08 00:00:00+00:00"", ""price"": 183000.0, ""fraction"": 0.2, ""shares"": 0.87577932777061, ""reason"": ""starter20""}, {""time"": ""2026-07-09 02:00:00+00:00"", ""price"": 177747.39274953198, ""fraction"": 0.2, ""shares"": 0.9016594533561372, ""reason"": ""adverse20""}, {""time"": ""2026-07-14 00:00:00+00:00"", ""price"": 172494.78549906396, ""fraction"": 0.6, ""shares"": 2.7873471627272695, ""reason"": ""support60""}]","[{""time"": ""2026-07-14 01:00:00+00:00"", ""price"": 172200.0, ""shares"": 4.564785943854017, ""reason"": ""time""}]"
KOSPI40_PIT_NORA_LEVEL_RR_A_RAW,011200.KS,011200,KOSPI,HMM,KRLEVEL_RR|011200|4T|4228|4229|4230,2026-07-08 02:00:00+00:00,1115440.4904730357,57516.52327553896,18968.7208996484,18968.7208996484,20000.0,1031.2791003515995,21031.2791003516,22062.5582007032,19275.0,4,0.0,446399.2842873089,452902.22939807526,446176.1961892143,453128.79379497276,449.6524949920935,False,True,False,4231,26,20100.0,0.4848348035265452,-0.5818017642318543,2026-07-14 03:00:00+00:00,20100.0,time,TIME,6502.9451107663335,2,"[{""time"": ""2026-07-08 02:00:00+00:00"", ""price"": 20000.0, ""fraction"": 0.2, ""shares"": 11.154404904730358, ""reason"": ""starter20""}, {""time"": ""2026-07-08 04:00:00+00:00"", ""price"": 19587.48835985936, ""fraction"": 0.2, ""shares"": 11.389316179596646, ""reason"": ""adverse20""}]","[{""time"": ""2026-07-14 03:00:00+00:00"", ""price"": 20100.0, ""shares"": 22.543721084327004, ""reason"": ""time""}]"
KOSPI40_PIT_NORA_LEVEL_RR_A_RAW,003490.KS,003490,KOSPI,대한항공,KRLEVEL_RR|003490|2T|4253|4255|4257,2026-07-14 05:00:00+00:00,1148116.6722384996,36346.384552629395,25612.661866461127,26450.0,26450.0,837.3381335388731,27287.338133538873,28124.676267077746,25900.0,2,0.0,229738.1461149238,233141.34391651143,229623.33444769995,233257.97290296288,231.44065367533142,True,False,False,4258,7,26450.0,1.7913910043252117,-0.05971303347750705,2026-07-16 00:00:00+00:00,26450.0,gap_stop,BE_STOP,3403.1978015876375,1,"[{""time"": ""2026-07-14 05:00:00+00:00"", ""price"": 26450.0, ""fraction"": 0.2, ""shares"": 8.681411510310017, ""reason"": ""starter20""}]","[{""time"": ""2026-07-15 00:00:00+00:00"", ""price"": 27287.338133538873, ""shares"": 4.340705755155009, ""reason"": ""target1_partial""}, {""time"": ""2026-07-16 00:00:00+00:00"", ""price"": 26450.0, ""shares"": 4.340705755155009, ""reason"": ""gap_stop""}]"
KOSPI40_PIT_NORA_LEVEL_RR_A_RAW,000270.KS,000270,KOSPI,기아,KRLEVEL_RR|000270|3T|4260|4262|4264,2026-07-16 00:00:00+00:00,1148119.3529618199,43532.51332779109,137962.79314942195,143400.0,143400.0,5437.206850578048,148837.20685057805,154274.4137011561,144200.0,3,0.0,229738.6825276602,233540.0370480619,229623.870592364,233656.8654808023,231.64036803658314,True,False,False,4265,6,143000.0,1.3058175263729712,-0.18391796146098185,2026-07-20 00:00:00+00:00,143000.0,gap_stop,BE_STOP,3801.3545204017137,1,"[{""time"": ""2026-07-16 00:00:00+00:00"", ""price"": 143400.0, ""fraction"": 0.2, ""shares"": 1.6012822217040725, ""reason"": ""starter20""}]","[{""time"": ""2026-07-16 05:00:00+00:00"", ""price"": 148837.20685057805, ""shares"": 0.8006411108520363, ""reason"": ""target1_partial""}, {""time"": ""2026-07-20 00:00:00+00:00"", ""price"": 143000.0, ""shares"": 0.8006411108520363, ""reason"": ""gap_stop""}]"
KOSPI40_PIT_NORA_LEVEL_RR_A_RAW,047050.KS,047050,KOSPI,포스코인터내셔널,KRLEVEL_RR|047050|2T|4252|4255|4257,2026-07-14 05:00:00+00:00,925312.5985494256,57404.68549525274,48867.81217613248,48867.81217613248,52100.0,3232.18782386752,55332.18782386752,58564.37564773504,50350.0,2,0.0,925775.2548487002,969574.3201568547,925312.5985494256,970059.3498317705,947.685974190598,False,True,True,4258,26,52700.0,0.6806535139308701,-0.9281638826330049,2026-07-22 00:00:00+00:00,52700.0,time,TIME,43799.065308154444,3,"[{""time"": ""2026-07-14 05:00:00+00:00"", ""price"": 52100.0, ""fraction"": 0.2, ""shares"": 3.5520637180400216, ""reason"": ""starter20""}, {""time"": ""2026-07-15 00:00:00+00:00"", ""price"": 50807.12487045299, ""fraction"": 0.2, ""shares"": 3.642452120283403, ""reason"": ""adverse20""}, {""time"": ""2026-07-20 00:00:00+00:00"", ""price"": 49514.24974090599, ""fraction"": 0.6, ""shares"": 11.212682450704479, ""reason"": ""support60""}]","[{""time"": ""2026-07-22 00:00:00+00:00"", ""price"": 52700.0, ""shares"": 18.407198289027903, ""reason"": ""time""}]"
KOSPI40_PIT_NORA_LEVEL_RR_A_RAW,033780.KS,033780,KOSPI,KT&G,KRLEVEL_RR|033780|3T|4270|4273|4275,2026-07-20 05:00:00+00:00,1151051.5223839001,55890.1641656052,170879.38820379332,170879.38820379332,179600.0,8720.611796206678,188320.61179620668,197041.22359241336,177800.0,3,0.0,460650.81925803685,474322.32083659736,460420.60895356006,474559.6006369158,467.4901047952379,False,True,False,4276,26,183300.0,0.7109592933258303,-0.5274859273062612,2026-07-27 00:00:00+00:00,183300.0,time,TIME,13671.501578560506,2,"[{""time"": ""2026-07-20 05:00:00+00:00"", ""price"": 179600.0, ""fraction"": 0.2, ""shares"": 1.2817945683562362, ""reason"": ""starter20""}, {""time"": ""2026-07-21 00:00:00+00:00"", ""price"": 176111.75528151734, ""fraction"": 0.2, ""shares"": 1.3071830674152634, ""reason"": ""adverse20""}]","[{""time"": ""2026-07-27 00:00:00+00:00"", ""price"": 183300.0, ""shares"": 2.5889776357714993, ""reason"": ""time""}]"
KOSPI40_PIT_NORA_LEVEL_RR_A_RAW,034730.KS,034730,KOSPI,SK,KRLEVEL_RR|034730|3T|4281|4282|4283,2026-07-22 01:00:00+00:00,428294.37835228076,57920.330764955084,558638.2797315515,558638.2797315515,646000.0,87361.72026844847,733361.7202684485,820723.4405368969,597000.0,3,0.0,171403.41021658276,152309.57476944054,171317.7513409123,152385.7676532672,161.85175949708974,False,True,False,4284,24,581000.0,0.30905984814668663,-0.42352645857138543,2026-07-28 00:00:00+00:00,558638.2797315515,stop,LOSS,-19093.83544714222,2,"[{""time"": ""2026-07-22 01:00:00+00:00"", ""price"": 646000.0, ""fraction"": 0.2, ""shares"": 0.13259887874683615, ""reason"": ""starter20""}, {""time"": ""2026-07-27 02:00:00+00:00"", ""price"": 611055.3118926206, ""fraction"": 0.2, ""shares"": 0.14018186897867732, ""reason"": ""adverse20""}]","[{""time"": ""2026-07-28 00:00:00+00:00"", ""price"": 558638.2797315515, ""shares"": 0.2727807477255135, ""reason"": ""stop""}]"
KOSPI40_PIT_NORA_LEVEL_RR_A_RAW,068270.KS,068270,KOSPI,셀트리온,KRLEVEL_RR|068270|8T|4295|4299|4301,2026-07-27 01:00:00+00:00,868716.4063526073,58019.00678994696,169378.15027393287,169378.15027393287,181500.0,12121.849726067128,193621.84972606713,205743.69945213426,177450.0,8,0.0,347660.3058223134,358868.76529436896,347486.5625410429,359048.2894390885,353.2674259900657,False,True,False,4302,26,185000.0,0.8414557374082657,-0.45372613291622177,2026-07-31 02:00:00+00:00,185000.0,time,TIME,11208.459472055547,2,"[{""time"": ""2026-07-27 01:00:00+00:00"", ""price"": 181500.0, ""fraction"": 0.2, ""shares"": 0.9572632576888235, ""reason"": ""starter20""}, {""time"": ""2026-07-28 05:00:00+00:00"", ""price"": 176651.26010957314, ""fraction"": 0.2, ""shares"": 0.98353830684679, ""reason"": ""adverse20""}]","[{""time"": ""2026-07-31 02:00:00+00:00"", ""price"": 185000.0, ""shares"": 1.9408015645356134, ""reason"": ""time""}]"
KOSPI40_PIT_NORA_LEVEL_RR_A_RAW,010130.KS,010130,KOSPI,고려아연,KRLEVEL_RR|010130|3T|4325|4327|4328,2026-07-31 04:00:00+00:00,495508.26930584264,57972.57133965529,869758.7693146756,985000.0,985000.0,115241.23068532441,1100241.2306853244,1215482.4613706488,972000.0,3,0.0,99151.20468809913,116435.1785504336,99101.65386116854,116493.42526306513,107.79753956211684,True,False,False,4329,21,1161000.0,2.273491860872368,-0.19090389671447364,2026-08-06 00:00:00+00:00,1215482.4613706488,target2,WIN,17283.973862334475,1,"[{""time"": ""2026-07-31 04:00:00+00:00"", ""price"": 985000.0, ""fraction"": 0.2, ""shares"": 0.10061081610270918, ""reason"": ""starter20""}]","[{""time"": ""2026-08-05 02:00:00+00:00"", ""price"": 1100241.2306853244, ""shares"": 0.05030540805135459, ""reason"": ""target1_partial""}, {""time"": ""2026-08-06 00:00:00+00:00"", ""price"": 1215482.4613706488, ""shares"": 0.05030540805135459, ""reason"": ""target2""}]"
KOSPI40_PIT_NORA_LEVEL_RR_A_RAW,323410.KS,323410,KOSPI,카카오뱅크,KRLEVEL_RR|323410|2T|4319|4323|4325,2026-07-31 01:00:00+00:00,1159704.6058706206,49150.01061125529,20876.08349065667,20876.08349065667,21800.0,923.9165093433294,22723.91650934333,23647.83301868666,21525.0,2,0.0,464113.78326942236,459067.0175852666,463881.84234824823,459296.6659182257,461.589254133237,False,True,False,4326,26,21400.0,0.9199965488268358,-0.7035267726322861,2026-08-06 02:00:00+00:00,21400.0,time,TIME,-5046.765684155747,2,"[{""time"": ""2026-07-31 01:00:00+00:00"", ""price"": 21800.0, ""fraction"": 0.2, ""shares"": 10.63949179697817, ""reason"": ""starter20""}, {""time"": ""2026-08-03 00:00:00+00:00"", ""price"": 21430.43339626267, ""fraction"": 0.2, ""shares"": 10.822969227237985, ""reason"": ""adverse20""}]","[{""time"": ""2026-08-06 02:00:00+00:00"", ""price"": 21400.0, ""shares"": 21.462461024216154, ""reason"": ""time""}]"
KOSPI40_PIT_NORA_LEVEL_RR_A_RAW,033780.KS,033780,KOSPI,KT&G,KRLEVEL_RR|033780|3T|4344|4347|4349,2026-08-06 01:00:00+00:00,1161860.6798823297,36861.074126681735,173030.58191873302,178700.0,178700.0,5669.41808126698,184369.41808126698,190038.83616253396,175600.0,3,0.0,1162441.6102222707,1217708.388820418,1161860.6798823297,1218317.547594215,1190.0891137382725,True,True,True,4350,16,183700.0,1.8167649399562706,-0.9877556955102054,2026-08-10 04:00:00+00:00,183700.0,eod_final,TIME,55266.77859814721,3,"[{""time"": ""2026-08-06 01:00:00+00:00"", ""price"": 178700.0, ""fraction"": 0.2, ""shares"": 1.3003477111162056, ""reason"": ""starter20""}, {""time"": ""2026-08-07 00:00:00+00:00"", ""price"": 176432.2327674932, ""fraction"": 0.2, ""shares"": 1.3170616974659712, ""reason"": ""adverse20""}, {""time"": ""2026-08-07 00:00:00+00:00"", ""price"": 174164.4655349864, ""fraction"": 0.6, ""shares"": 4.002632832065046, ""reason"": ""support60""}]","[{""time"": ""2026-08-07 00:00:00+00:00"", ""price"": 184369.41808126698, ""shares"": 3.3100211203236114, ""reason"": ""target1_partial""}, {""time"": ""2026-08-10 04:00:00+00:00"", ""price"": 183700.0, ""shares"": 3.3100211203236114, ""reason"": ""eod_final""}]"
KOSPI40_PIT_NORA_LEVEL_RR_A_RAW,003490.KS,003490,KOSPI,대한항공,KRLEVEL_RR|003490|2T|4349|4351|4353,2026-08-06 05:00:00+00:00,948074.7482457664,58130.0506535632,25649.6008428685,25649.6008428685,27325.0,1675.3991571314982,29000.3991571315,30675.798314262996,27275.0,2,0.0,379419.5142479557,372919.62473808124,379229.89929830655,373106.17782699474,376.1680385626506,False,True,False,4354,12,26550.0,0.16413998946426347,-0.5521072372888862,2026-08-10 04:00:00+00:00,26550.0,eod_final,TIME,-6499.889509874454,2,"[{""time"": ""2026-08-06 05:00:00+00:00"", ""price"": 27325.0, ""fraction"": 0.2, ""shares"": 6.939247928605792, ""reason"": ""starter20""}, {""time"": ""2026-08-07 00:00:00+00:00"", ""price"": 26654.8403371474, ""fraction"": 0.2, ""shares"": 7.113715454708511, ""reason"": ""adverse20""}]","[{""time"": ""2026-08-10 04:00:00+00:00"", ""price"": 26550.0, ""shares"": 14.052963383314303, ""reason"": ""eod_final""}]"
