time,ticker,setup_id,reason
2023-10-11 04:00:00+00:00,006400.KS,KRLEVEL_RR|006400|2T|240|241|243,TOTAL_RISK_CAP
2023-10-11 04:00:00+00:00,009150.KS,KRLEVEL_RR|009150|2T|241|242|243,TOTAL_RISK_CAP
2023-10-11 04:00:00+00:00,066570.KS,KRLEVEL_RR|066570|5T|241|242|243,TOTAL_RISK_CAP
2023-10-11 04:00:00+00:00,101490.KQ,KRLEVEL_RR|101490|3T|240|242|243,TOTAL_RISK_CAP
2023-10-11 04:00:00+00:00,222800.KQ,KRLEVEL_RR|222800|2T|240|242|243,TOTAL_RISK_CAP
2023-10-11 05:00:00+00:00,010950.KS,KRLEVEL_RR|010950|2T|242|243|244,TOTAL_RISK_CAP
2023-10-11 05:00:00+00:00,035720.KS,KRLEVEL_RR|035720|2T|240|242|244,TOTAL_RISK_CAP
2023-10-12 04:00:00+00:00,105560.KS,KRLEVEL_RR|105560|3T|246|247|249,TOTAL_RISK_CAP
2023-10-12 05:00:00+00:00,005290.KQ,KRLEVEL_RR|005290|4T|246|249|250,TOTAL_RISK_CAP
2023-10-12 05:00:00+00:00,009520.KQ,KRLEVEL_RR|009520|2T|246|249|250,TOTAL_RISK_CAP
2023-10-12 05:00:00+00:00,348370.KQ,KRLEVEL_RR|348370|2T|247|249|250,TOTAL_RISK_CAP
2023-10-12 05:00:00+00:00,372170.KQ,KRLEVEL_RR|372170|3T|246|249|250,TOTAL_RISK_CAP
2023-10-12 05:00:00+00:00,403870.KQ,KRLEVEL_RR|403870|4T|246|249|250,TOTAL_RISK_CAP
2023-10-12 05:00:00+00:00,420770.KQ,KRLEVEL_RR|420770|2T|246|249|250,TOTAL_RISK_CAP
2023-10-13 00:00:00+00:00,032830.KS,KRLEVEL_RR|032830|2T|247|249|251,INVALID_STOP
2023-10-13 00:00:00+00:00,277810.KQ,KRLEVEL_RR|277810|2T|246|250|251,TOTAL_RISK_CAP
2023-10-13 03:00:00+00:00,028260.KS,KRLEVEL_RR|028260|5T|246|252|254,TOTAL_RISK_CAP
2023-10-13 03:00:00+00:00,068270.KS,KRLEVEL_RR|068270|2T|251|252|254,TOTAL_RISK_CAP
2023-10-13 04:00:00+00:00,068760.KQ,KRLEVEL_RR|068760|2T|247|253|255,TOTAL_RISK_CAP
2023-10-16 03:00:00+00:00,010950.KS,KRLEVEL_RR|010950|2T|257|259|260,TOTAL_RISK_CAP
2023-10-16 03:00:00+00:00,017670.KS,KRLEVEL_RR|017670|2T|258|259|260,TOTAL_RISK_CAP
2023-10-16 05:00:00+00:00,000660.KS,KRLEVEL_RR|000660|4T|259|260|262,SAME_TICKER_OPEN
2023-10-17 00:00:00+00:00,086790.KS,KRLEVEL_RR|086790|2T|258|262|263,TOTAL_RISK_CAP
2023-10-17 01:00:00+00:00,028300.KQ,KRLEVEL_RR|028300|3T|258|262|264,TOTAL_RISK_CAP
2023-10-17 03:00:00+00:00,033780.KS,KRLEVEL_RR|033780|6T|259|265|266,TOTAL_RISK_CAP
2023-10-17 04:00:00+00:00,032830.KS,KRLEVEL_RR|032830|7T|262|265|267,TOTAL_RISK_CAP
2023-10-17 05:00:00+00:00,066570.KS,KRLEVEL_RR|066570|2T|264|266|268,TOTAL_RISK_CAP
2023-10-17 05:00:00+00:00,101490.KQ,KRLEVEL_RR|101490|3T|266|267|268,TOTAL_RISK_CAP
2023-10-18 00:00:00+00:00,420770.KQ,KRLEVEL_RR|420770|2T|262|267|269,TOTAL_RISK_CAP
2023-10-18 01:00:00+00:00,000810.KS,KRLEVEL_RR|000810|5T|266|268|270,TOTAL_RISK_CAP
2023-10-18 01:00:00+00:00,348370.KQ,KRLEVEL_RR|348370|2T|264|269|270,TOTAL_RISK_CAP
2023-10-18 03:00:00+00:00,028260.KS,KRLEVEL_RR|028260|4T|266|271|272,TOTAL_RISK_CAP
2023-10-18 03:00:00+00:00,055550.KS,KRLEVEL_RR|055550|9T|270|271|272,TOTAL_RISK_CAP
2023-10-18 04:00:00+00:00,009150.KS,KRLEVEL_RR|009150|3T|270|271|273,TOTAL_RISK_CAP
2023-10-18 04:00:00+00:00,011200.KS,KRLEVEL_RR|011200|2T|270|272|273,TOTAL_RISK_CAP
2023-10-18 05:00:00+00:00,010130.KS,KRLEVEL_RR|010130|3T|271|272|274,TOTAL_RISK_CAP
2023-10-18 05:00:00+00:00,277810.KQ,KRLEVEL_RR|277810|3T|271|273|274,TOTAL_RISK_CAP
2023-10-24 03:00:00+00:00,068760.KQ,KRLEVEL_RR|068760|3T|291|294|296,TOTAL_RISK_CAP
2023-10-24 03:00:00+00:00,112040.KQ,KRLEVEL_RR|112040|2T|294|295|296,TOTAL_RISK_CAP
2023-10-24 05:00:00+00:00,000660.KS,KRLEVEL_RR|000660|2T|294|297|298,TOTAL_RISK_CAP
2023-10-24 05:00:00+00:00,068270.KS,KRLEVEL_RR|068270|8T|294|296|298,TOTAL_RISK_CAP
2023-10-24 05:00:00+00:00,095340.KQ,KRLEVEL_RR|095340|2T|294|296|298,TOTAL_RISK_CAP
2023-10-24 05:00:00+00:00,207940.KS,KRLEVEL_RR|207940|5T|294|296|298,TOTAL_RISK_CAP
2023-10-24 05:00:00+00:00,225570.KQ,KRLEVEL_RR|225570|2T|294|296|298,TOTAL_RISK_CAP
2023-10-25 00:00:00+00:00,101490.KQ,KRLEVEL_RR|101490|3T|294|298|299,TOTAL_RISK_CAP
2023-10-25 00:00:00+00:00,222800.KQ,KRLEVEL_RR|222800|4T|294|298|299,TOTAL_RISK_CAP
2023-10-25 00:00:00+00:00,328130.KQ,KRLEVEL_RR|328130|3T|297|298|299,TOTAL_RISK_CAP
2023-10-25 01:00:00+00:00,009150.KS,KRLEVEL_RR|009150|5T|294|298|300,TOTAL_RISK_CAP
2023-10-25 01:00:00+00:00,066570.KS,KRLEVEL_RR|066570|2T|293|299|300,TOTAL_RISK_CAP
2023-10-25 01:00:00+00:00,067160.KQ,KRLEVEL_RR|067160|2T|298|299|300,TOTAL_RISK_CAP
2023-10-26 02:00:00+00:00,032830.KS,KRLEVEL_RR|032830|8T|303|305|307,TOTAL_RISK_CAP
2023-10-27 01:00:00+00:00,140410.KQ,KRLEVEL_RR|140410|2T|307|311|312,TOTAL_RISK_CAP
2023-10-27 03:00:00+00:00,011200.KS,KRLEVEL_RR|011200|2T|312|313|314,TOTAL_RISK_CAP
2023-10-27 03:00:00+00:00,018260.KS,KRLEVEL_RR|018260|2T|312|313|314,TOTAL_RISK_CAP
2023-10-30 04:00:00+00:00,225570.KQ,KRLEVEL_RR|225570|3T|319|320|321,TOTAL_RISK_CAP
2023-10-30 04:00:00+00:00,277810.KQ,KRLEVEL_RR|277810|2T|318|319|321,TOTAL_RISK_CAP
2023-10-30 05:00:00+00:00,336570.KQ,KRLEVEL_RR|336570|2T|318|321|322,TOTAL_RISK_CAP
2023-10-31 00:00:00+00:00,112040.KQ,KRLEVEL_RR|112040|4T|319|321|323,TOTAL_RISK_CAP
2023-10-31 02:00:00+00:00,005930.KS,KRLEVEL_RR|005930|2T|320|323|325,TOTAL_RISK_CAP
2023-11-02 00:00:00+00:00,033780.KS,KRLEVEL_RR|033780|3T|332|334|335,TOTAL_RISK_CAP
2023-11-02 01:00:00+00:00,034730.KS,KRLEVEL_RR|034730|2T|330|335|336,TOTAL_RISK_CAP
2023-11-02 01:00:00+00:00,225570.KQ,KRLEVEL_RR|225570|5T|333|334|336,TOTAL_RISK_CAP
2023-11-02 01:00:00+00:00,336570.KQ,KRLEVEL_RR|336570|5T|333|334|336,TOTAL_RISK_CAP
2023-11-02 01:00:00+00:00,357780.KQ,KRLEVEL_RR|357780|5T|332|334|336,TOTAL_RISK_CAP
2023-11-02 05:00:00+00:00,000660.KS,KRLEVEL_RR|000660|5T|336|338|340,TOTAL_RISK_CAP
2023-11-02 05:00:00+00:00,095340.KQ,KRLEVEL_RR|095340|4T|337|338|340,TOTAL_RISK_CAP
2023-11-02 05:00:00+00:00,101490.KQ,KRLEVEL_RR|101490|2T|337|338|340,TOTAL_RISK_CAP
2023-11-02 05:00:00+00:00,403870.KQ,KRLEVEL_RR|403870|4T|336|338|340,TOTAL_RISK_CAP
2023-11-03 00:00:00+00:00,140410.KQ,KRLEVEL_RR|140410|3T|337|339|341,TOTAL_RISK_CAP
2023-11-03 01:00:00+00:00,096770.KS,KRLEVEL_RR|096770|3T|338|341|342,TOTAL_RISK_CAP
2023-11-03 01:00:00+00:00,253450.KQ,KRLEVEL_RR|253450|3T|339|340|342,TOTAL_RISK_CAP
2023-11-03 01:00:00+00:00,328130.KQ,KRLEVEL_RR|328130|2T|336|340|342,TOTAL_RISK_CAP
2023-11-03 02:00:00+00:00,068760.KQ,KRLEVEL_RR|068760|3T|340|341|343,TOTAL_RISK_CAP
2023-11-03 02:00:00+00:00,078600.KQ,KRLEVEL_RR|078600|2T|337|341|343,TOTAL_RISK_CAP
2023-11-03 03:00:00+00:00,096530.KQ,KRLEVEL_RR|096530|2T|339|342|344,TOTAL_RISK_CAP
2023-11-03 03:00:00+00:00,281740.KQ,KRLEVEL_RR|281740|2T|342|343|344,TOTAL_RISK_CAP
2023-11-03 04:00:00+00:00,009540.KS,KRLEVEL_RR|009540|2T|343|344|345,TOTAL_RISK_CAP
2023-11-03 05:00:00+00:00,277810.KQ,KRLEVEL_RR|277810|6T|340|345|346,TOTAL_RISK_CAP
2023-11-06 00:00:00+00:00,003670.KS,KRLEVEL_RR|003670|2T|342|346|347,TOTAL_RISK_CAP
2023-11-06 00:00:00+00:00,005490.KS,KRLEVEL_RR|005490|2T|343|346|347,TOTAL_RISK_CAP
2023-11-06 00:00:00+00:00,034020.KS,KRLEVEL_RR|034020|2T|339|345|347,TOTAL_RISK_CAP
2023-11-06 01:00:00+00:00,005290.KQ,KRLEVEL_RR|005290|2T|345|346|348,TOTAL_RISK_CAP
2023-11-06 01:00:00+00:00,066570.KS,KRLEVEL_RR|066570|2T|345|346|348,TOTAL_RISK_CAP
2023-11-06 01:00:00+00:00,121600.KQ,KRLEVEL_RR|121600|2T|343|346|348,TOTAL_RISK_CAP
2023-11-06 01:00:00+00:00,140860.KQ,KRLEVEL_RR|140860|2T|346|347|348,TOTAL_RISK_CAP
2023-11-06 01:00:00+00:00,383310.KQ,KRLEVEL_RR|383310|3T|341|346|348,TOTAL_RISK_CAP
2023-11-06 02:00:00+00:00,042660.KS,KRLEVEL_RR|042660|3T|345|348|349,TOTAL_RISK_CAP
2023-11-06 03:00:00+00:00,028300.KQ,KRLEVEL_RR|028300|5T|348|349|350,TOTAL_RISK_CAP
2023-11-06 03:00:00+00:00,064550.KQ,KRLEVEL_RR|064550|2T|348|349|350,TOTAL_RISK_CAP
2023-11-06 03:00:00+00:00,214370.KQ,KRLEVEL_RR|214370|2T|288|289|290,TOTAL_RISK_CAP
2023-11-06 03:00:00+00:00,348370.KQ,KRLEVEL_RR|348370|6T|348|349|350,TOTAL_RISK_CAP
2023-11-06 03:00:00+00:00,357780.KQ,KRLEVEL_RR|357780|4T|348|349|350,TOTAL_RISK_CAP
2023-11-06 04:00:00+00:00,003490.KS,KRLEVEL_RR|003490|3T|349|350|351,SAME_TICKER_OPEN
2023-11-06 04:00:00+00:00,207940.KS,KRLEVEL_RR|207940|4T|348|349|351,TOTAL_RISK_CAP
2023-11-06 05:00:00+00:00,225570.KQ,KRLEVEL_RR|225570|2T|348|351|352,TOTAL_RISK_CAP
2023-11-06 05:00:00+00:00,365340.KQ,KRLEVEL_RR|365340|2T|349|351|352,TOTAL_RISK_CAP
2023-11-07 00:00:00+00:00,047050.KS,KRLEVEL_RR|047050|2T|350|351|353,TOTAL_RISK_CAP
2023-11-07 00:00:00+00:00,323410.KS,KRLEVEL_RR|323410|3T|349|351|353,TOTAL_RISK_CAP
2023-11-07 01:00:00+00:00,010130.KS,KRLEVEL_RR|010130|3T|352|353|354,MAX_POSITIONS
2023-11-07 01:00:00+00:00,033780.KS,KRLEVEL_RR|033780|6T|348|352|354,MAX_POSITIONS
2023-11-08 00:00:00+00:00,095340.KQ,KRLEVEL_RR|095340|6T|354|357|359,MAX_POSITIONS
2023-11-08 01:00:00+00:00,018260.KS,KRLEVEL_RR|018260|4T|354|359|360,MAX_POSITIONS
2023-11-08 01:00:00+00:00,078600.KQ,KRLEVEL_RR|078600|2T|358|359|360,MAX_POSITIONS
2023-11-08 02:00:00+00:00,012330.KS,KRLEVEL_RR|012330|4T|354|359|361,MAX_POSITIONS
2023-11-08 02:00:00+00:00,101490.KQ,KRLEVEL_RR|101490|3T|354|359|361,MAX_POSITIONS
2023-11-08 03:00:00+00:00,015760.KS,KRLEVEL_RR|015760|2T|359|360|362,MAX_POSITIONS
2023-11-08 04:00:00+00:00,336570.KQ,KRLEVEL_RR|336570|2T|360|362|363,TOTAL_RISK_CAP
2023-11-08 05:00:00+00:00,034020.KS,KRLEVEL_RR|034020|2T|360|363|364,TOTAL_RISK_CAP
2023-11-09 01:00:00+00:00,005290.KQ,KRLEVEL_RR|005290|4T|360|364|366,TOTAL_RISK_CAP
2023-11-09 01:00:00+00:00,068760.KQ,KRLEVEL_RR|068760|4T|361|364|366,TOTAL_RISK_CAP
2023-11-09 01:00:00+00:00,328130.KQ,KRLEVEL_RR|328130|2T|364|365|366,TOTAL_RISK_CAP
2023-11-09 05:00:00+00:00,003550.KS,KRLEVEL_RR|003550|4T|368|369|370,SAME_TICKER_OPEN
2023-11-09 05:00:00+00:00,005930.KS,KRLEVEL_RR|005930|2T|368|369|370,SAME_TICKER_OPEN
2023-11-09 05:00:00+00:00,033780.KS,KRLEVEL_RR|033780|4T|366|368|370,TOTAL_RISK_CAP
2023-11-10 00:00:00+00:00,096530.KQ,KRLEVEL_RR|096530|2T|364|369|371,TOTAL_RISK_CAP
2023-11-10 00:00:00+00:00,403870.KQ,KRLEVEL_RR|403870|2T|367|369|371,TOTAL_RISK_CAP
2023-11-10 02:00:00+00:00,357780.KQ,KRLEVEL_RR|357780|2T|368|371|373,TOTAL_RISK_CAP
2023-11-10 03:00:00+00:00,122870.KQ,KRLEVEL_RR|122870|3T|371|373|374,TOTAL_RISK_CAP
2023-11-10 04:00:00+00:00,017670.KS,KRLEVEL_RR|017670|2T|373|374|375,TOTAL_RISK_CAP
2023-11-13 00:00:00+00:00,140860.KQ,KRLEVEL_RR|140860|5T|375|376|377,TOTAL_RISK_CAP
2023-11-13 01:00:00+00:00,011200.KS,KRLEVEL_RR|011200|2T|374|376|378,TOTAL_RISK_CAP
2023-11-13 01:00:00+00:00,067160.KQ,KRLEVEL_RR|067160|2T|375|376|378,TOTAL_RISK_CAP
2023-11-13 05:00:00+00:00,000810.KS,KRLEVEL_RR|000810|2T|378|380|382,TOTAL_RISK_CAP
2023-11-13 05:00:00+00:00,009150.KS,KRLEVEL_RR|009150|3T|375|381|382,TOTAL_RISK_CAP
2023-11-13 05:00:00+00:00,015760.KS,KRLEVEL_RR|015760|4T|379|380|382,TOTAL_RISK_CAP
2023-11-14 01:00:00+00:00,086790.KS,KRLEVEL_RR|086790|4T|378|382|384,TOTAL_RISK_CAP
2023-11-14 01:00:00+00:00,373220.KS,KRLEVEL_RR|373220|2T|379|382|384,TOTAL_RISK_CAP
2023-11-14 02:00:00+00:00,005290.KQ,KRLEVEL_RR|005290|3T|378|383|385,TOTAL_RISK_CAP
2023-11-14 03:00:00+00:00,328130.KQ,KRLEVEL_RR|328130|2T|384|385|386,TOTAL_RISK_CAP
2023-11-14 04:00:00+00:00,005490.KS,KRLEVEL_RR|005490|2T|384|386|387,TOTAL_RISK_CAP
2023-11-14 04:00:00+00:00,010950.KS,KRLEVEL_RR|010950|2T|384|385|387,TOTAL_RISK_CAP
2023-11-14 05:00:00+00:00,005380.KS,KRLEVEL_RR|005380|3T|385|387|388,TOTAL_RISK_CAP
2023-11-14 05:00:00+00:00,035420.KS,KRLEVEL_RR|035420|2T|384|387|388,TOTAL_RISK_CAP
2023-11-15 00:00:00+00:00,068270.KS,KRLEVEL_RR|068270|2T|385|387|389,TOTAL_RISK_CAP
2023-11-15 00:00:00+00:00,078600.KQ,KRLEVEL_RR|078600|2T|385|387|389,TOTAL_RISK_CAP
2023-11-15 01:00:00+00:00,009520.KQ,KRLEVEL_RR|009520|2T|385|388|390,TOTAL_RISK_CAP
2023-11-15 01:00:00+00:00,012330.KS,KRLEVEL_RR|012330|2T|385|388|390,TOTAL_RISK_CAP
2023-11-15 01:00:00+00:00,055550.KS,KRLEVEL_RR|055550|3T|384|388|390,TOTAL_RISK_CAP
2023-11-15 01:00:00+00:00,068760.KQ,KRLEVEL_RR|068760|2T|383|389|390,TOTAL_RISK_CAP
2023-11-15 01:00:00+00:00,105560.KS,KRLEVEL_RR|105560|2T|387|389|390,TOTAL_RISK_CAP
2023-11-15 01:00:00+00:00,225570.KQ,KRLEVEL_RR|225570|2T|384|388|390,TOTAL_RISK_CAP
2023-11-15 01:00:00+00:00,383310.KQ,KRLEVEL_RR|383310|3T|385|388|390,TOTAL_RISK_CAP
2023-11-15 03:00:00+00:00,101490.KQ,KRLEVEL_RR|101490|4T|390|391|392,TOTAL_RISK_CAP
2023-11-15 04:00:00+00:00,042660.KS,KRLEVEL_RR|042660|2T|391|392|393,TOTAL_RISK_CAP
2023-11-15 04:00:00+00:00,086520.KQ,KRLEVEL_RR|086520|3T|390|392|393,TOTAL_RISK_CAP
2023-11-15 04:00:00+00:00,095340.KQ,KRLEVEL_RR|095340|6T|390|392|393,TOTAL_RISK_CAP
2023-11-15 04:00:00+00:00,140410.KQ,KRLEVEL_RR|140410|2T|390|391|393,TOTAL_RISK_CAP
2023-11-15 05:00:00+00:00,066570.KS,KRLEVEL_RR|066570|5T|392|393|394,TOTAL_RISK_CAP
2023-11-15 05:00:00+00:00,253450.KQ,KRLEVEL_RR|253450|2T|392|393|394,TOTAL_RISK_CAP
2023-11-16 02:00:00+00:00,207940.KS,KRLEVEL_RR|207940|3T|394|395|396,TOTAL_RISK_CAP
2023-11-16 02:00:00+00:00,277810.KQ,KRLEVEL_RR|277810|2T|390|394|396,TOTAL_RISK_CAP
2023-11-16 03:00:00+00:00,034020.KS,KRLEVEL_RR|034020|2T|391|395|397,TOTAL_RISK_CAP
2023-11-16 05:00:00+00:00,009540.KS,KRLEVEL_RR|009540|2T|391|397|399,TOTAL_RISK_CAP
2023-11-16 05:00:00+00:00,015760.KS,KRLEVEL_RR|015760|3T|396|398|399,TOTAL_RISK_CAP
2023-11-17 00:00:00+00:00,009150.KS,KRLEVEL_RR|009150|3T|393|398|400,TOTAL_RISK_CAP
2023-11-17 00:00:00+00:00,140860.KQ,KRLEVEL_RR|140860|4T|394|398|400,TOTAL_RISK_CAP
2023-11-17 00:00:00+00:00,323410.KS,KRLEVEL_RR|323410|3T|392|398|400,SAME_TICKER_OPEN
2023-11-17 01:00:00+00:00,000270.KS,KRLEVEL_RR|000270|2T|399|400|401,TOTAL_RISK_CAP
2023-11-17 01:00:00+00:00,003550.KS,KRLEVEL_RR|003550|2T|399|400|401,TOTAL_RISK_CAP
2023-11-17 01:00:00+00:00,028300.KQ,KRLEVEL_RR|028300|5T|396|399|401,TOTAL_RISK_CAP
2023-11-17 01:00:00+00:00,035420.KS,KRLEVEL_RR|035420|2T|399|400|401,TOTAL_RISK_CAP
2023-11-17 01:00:00+00:00,086900.KQ,KRLEVEL_RR|086900|2T|397|399|401,TOTAL_RISK_CAP
2023-11-17 01:00:00+00:00,096530.KQ,KRLEVEL_RR|096530|3T|398|400|401,TOTAL_RISK_CAP
2023-11-20 01:00:00+00:00,383310.KQ,KRLEVEL_RR|383310|2T|405|406|407,TOTAL_RISK_CAP
2023-11-20 01:00:00+00:00,420770.KQ,KRLEVEL_RR|420770|2T|401|405|407,TOTAL_RISK_CAP
2023-11-20 02:00:00+00:00,222800.KQ,KRLEVEL_RR|222800|2T|401|406|408,TOTAL_RISK_CAP
2023-11-20 03:00:00+00:00,017670.KS,KRLEVEL_RR|017670|2T|407|408|409,TOTAL_RISK_CAP
2023-11-20 03:00:00+00:00,067160.KQ,KRLEVEL_RR|067160|2T|407|408|409,TOTAL_RISK_CAP
2023-11-20 04:00:00+00:00,034730.KS,KRLEVEL_RR|034730|3T|404|409|410,TOTAL_RISK_CAP
2023-11-20 04:00:00+00:00,042660.KS,KRLEVEL_RR|042660|3T|408|409|410,TOTAL_RISK_CAP
2023-11-20 04:00:00+00:00,066570.KS,KRLEVEL_RR|066570|7T|405|409|410,TOTAL_RISK_CAP
2023-11-20 04:00:00+00:00,329180.KS,KRLEVEL_RR|329180|2T|407|408|410,TOTAL_RISK_CAP
2023-11-20 05:00:00+00:00,006400.KS,KRLEVEL_RR|006400|2T|407|410|411,TOTAL_RISK_CAP
2023-11-20 05:00:00+00:00,010130.KS,KRLEVEL_RR|010130|4T|404|409|411,TOTAL_RISK_CAP
2023-11-20 05:00:00+00:00,101490.KQ,KRLEVEL_RR|101490|4T|407|409|411,TOTAL_RISK_CAP
2023-11-20 05:00:00+00:00,140410.KQ,KRLEVEL_RR|140410|3T|408|409|411,TOTAL_RISK_CAP
2023-11-20 05:00:00+00:00,373220.KS,KRLEVEL_RR|373220|4T|407|410|411,TOTAL_RISK_CAP
2023-11-21 01:00:00+00:00,034020.KS,KRLEVEL_RR|034020|2T|410|412|413,TOTAL_RISK_CAP
2023-11-21 01:00:00+00:00,095340.KQ,KRLEVEL_RR|095340|3T|408|411|413,TOTAL_RISK_CAP
2023-11-21 02:00:00+00:00,225570.KQ,KRLEVEL_RR|225570|2T|412|413|414,TOTAL_RISK_CAP
2023-11-21 02:00:00+00:00,253450.KQ,KRLEVEL_RR|253450|2T|409|413|414,TOTAL_RISK_CAP
2023-11-21 02:00:00+00:00,365340.KQ,KRLEVEL_RR|365340|2T|407|412|414,TOTAL_RISK_CAP
2023-11-21 02:00:00+00:00,393890.KQ,KRLEVEL_RR|393890|2T|407|413|414,TOTAL_RISK_CAP
2023-11-21 03:00:00+00:00,096770.KS,KRLEVEL_RR|096770|2T|412|414|415,TOTAL_RISK_CAP
2023-11-22 00:00:00+00:00,096530.KQ,KRLEVEL_RR|096530|2T|414|417|418,TOTAL_RISK_CAP
2023-11-22 00:00:00+00:00,336570.KQ,KRLEVEL_RR|336570|2T|414|417|418,TOTAL_RISK_CAP
2023-11-22 01:00:00+00:00,000810.KS,KRLEVEL_RR|000810|3T|412|418|419,TOTAL_RISK_CAP
2023-11-22 02:00:00+00:00,010950.KS,KRLEVEL_RR|010950|4T|414|419|420,TOTAL_RISK_CAP
2023-11-22 04:00:00+00:00,011200.KS,KRLEVEL_RR|011200|2T|416|421|422,TOTAL_RISK_CAP
2023-11-22 05:00:00+00:00,009150.KS,KRLEVEL_RR|009150|3T|421|422|423,TOTAL_RISK_CAP
2023-11-23 00:00:00+00:00,015760.KS,KRLEVEL_RR|015760|4T|422|423|424,TOTAL_RISK_CAP
2023-11-23 00:00:00+00:00,066570.KS,KRLEVEL_RR|066570|2T|421|422|424,TOTAL_RISK_CAP
2023-11-23 00:00:00+00:00,140860.KQ,KRLEVEL_RR|140860|3T|420|422|424,TOTAL_RISK_CAP
2023-11-23 01:00:00+00:00,051910.KS,KRLEVEL_RR|051910|3T|423|424|425,TOTAL_RISK_CAP
2023-11-23 01:00:00+00:00,105560.KS,KRLEVEL_RR|105560|3T|423|424|425,TOTAL_RISK_CAP
2023-11-23 01:00:00+00:00,281740.KQ,KRLEVEL_RR|281740|2T|423|424|425,TOTAL_RISK_CAP
2023-11-23 02:00:00+00:00,000270.KS,KRLEVEL_RR|000270|2T|424|425|426,TOTAL_RISK_CAP
2023-11-23 05:00:00+00:00,000250.KQ,KRLEVEL_RR|000250|4T|425|428|429,TOTAL_RISK_CAP
2023-11-23 05:00:00+00:00,003670.KS,KRLEVEL_RR|003670|2T|423|427|429,TOTAL_RISK_CAP
2023-11-23 05:00:00+00:00,383310.KQ,KRLEVEL_RR|383310|2T|425|427|429,TOTAL_RISK_CAP
2023-11-24 01:00:00+00:00,140410.KQ,KRLEVEL_RR|140410|3T|423|429|431,TOTAL_RISK_CAP
2023-11-24 01:00:00+00:00,214370.KQ,KRLEVEL_RR|214370|7T|368|369|371,TOTAL_RISK_CAP
2023-11-24 01:00:00+00:00,393890.KQ,KRLEVEL_RR|393890|2T|425|429|431,TOTAL_RISK_CAP
2023-11-24 01:00:00+00:00,420770.KQ,KRLEVEL_RR|420770|2T|428|429|431,TOTAL_RISK_CAP
2023-11-24 03:00:00+00:00,122870.KQ,KRLEVEL_RR|122870|5T|425|431|433,TOTAL_RISK_CAP
2023-11-24 05:00:00+00:00,078600.KQ,KRLEVEL_RR|078600|4T|433|434|435,TOTAL_RISK_CAP
2023-11-27 00:00:00+00:00,328130.KQ,KRLEVEL_RR|328130|2T|431|435|436,TOTAL_RISK_CAP
2023-11-27 04:00:00+00:00,000810.KS,KRLEVEL_RR|000810|7T|438|439|440,TOTAL_RISK_CAP
2023-11-27 04:00:00+00:00,336570.KQ,KRLEVEL_RR|336570|2T|433|439|440,TOTAL_RISK_CAP
2023-11-27 04:00:00+00:00,403870.KQ,KRLEVEL_RR|403870|2T|437|438|440,TOTAL_RISK_CAP
2023-11-27 05:00:00+00:00,222800.KQ,KRLEVEL_RR|222800|4T|439|440|441,TOTAL_RISK_CAP
2023-11-28 00:00:00+00:00,009150.KS,KRLEVEL_RR|009150|3T|437|440|442,TOTAL_RISK_CAP
2023-11-28 01:00:00+00:00,034730.KS,KRLEVEL_RR|034730|2T|436|442|443,TOTAL_RISK_CAP
2023-11-28 01:00:00+00:00,042660.KS,KRLEVEL_RR|042660|2T|438|441|443,TOTAL_RISK_CAP
2023-11-28 04:00:00+00:00,096530.KQ,KRLEVEL_RR|096530|2T|441|444|446,TOTAL_RISK_CAP
2023-11-29 00:00:00+00:00,000250.KQ,KRLEVEL_RR|000250|4T|446|447|448,TOTAL_RISK_CAP
2023-11-29 01:00:00+00:00,003670.KS,KRLEVEL_RR|003670|2T|443|447|449,MAX_POSITIONS
2023-11-29 02:00:00+00:00,005490.KS,KRLEVEL_RR|005490|2T|443|448|450,MAX_POSITIONS
2023-11-29 02:00:00+00:00,005930.KS,KRLEVEL_RR|005930|2T|445|448|450,MAX_POSITIONS
2023-11-29 02:00:00+00:00,086520.KQ,KRLEVEL_RR|086520|3T|443|448|450,MAX_POSITIONS
2023-11-29 02:00:00+00:00,352820.KS,KRLEVEL_RR|352820|2T|444|448|450,MAX_POSITIONS
2023-11-29 03:00:00+00:00,003550.KS,KRLEVEL_RR|003550|4T|443|449|451,MAX_POSITIONS
2023-11-29 03:00:00+00:00,095340.KQ,KRLEVEL_RR|095340|3T|447|449|451,MAX_POSITIONS
2023-11-29 03:00:00+00:00,121600.KQ,KRLEVEL_RR|121600|5T|449|450|451,MAX_POSITIONS
2023-11-29 04:00:00+00:00,328130.KQ,KRLEVEL_RR|328130|2T|449|451|452,MAX_POSITIONS
2023-11-29 05:00:00+00:00,096770.KS,KRLEVEL_RR|096770|3T|451|452|453,MAX_POSITIONS
2023-11-30 00:00:00+00:00,372170.KQ,KRLEVEL_RR|372170|2T|449|453|454,MAX_POSITIONS
2023-11-30 01:00:00+00:00,009150.KS,KRLEVEL_RR|009150|2T|453|454|455,TOTAL_RISK_CAP
2023-11-30 01:00:00+00:00,078600.KQ,KRLEVEL_RR|078600|3T|453|454|455,TOTAL_RISK_CAP
2023-11-30 01:00:00+00:00,112040.KQ,KRLEVEL_RR|112040|2T|449|453|455,TOTAL_RISK_CAP
2023-11-30 01:00:00+00:00,336570.KQ,KRLEVEL_RR|336570|2T|451|454|455,TOTAL_RISK_CAP
2023-11-30 01:00:00+00:00,383310.KQ,KRLEVEL_RR|383310|2T|453|454|455,TOTAL_RISK_CAP
2023-11-30 02:00:00+00:00,000270.KS,KRLEVEL_RR|000270|3T|449|455|456,TOTAL_RISK_CAP
2023-11-30 02:00:00+00:00,035420.KS,KRLEVEL_RR|035420|3T|450|455|456,TOTAL_RISK_CAP
2023-11-30 02:00:00+00:00,373220.KS,KRLEVEL_RR|373220|3T|453|454|456,TOTAL_RISK_CAP
2023-11-30 03:00:00+00:00,214370.KQ,KRLEVEL_RR|214370|5T|390|396|397,TOTAL_RISK_CAP
2023-11-30 03:00:00+00:00,393890.KQ,KRLEVEL_RR|393890|2T|453|455|457,TOTAL_RISK_CAP
2023-11-30 05:00:00+00:00,000660.KS,KRLEVEL_RR|000660|5T|456|457|459,TOTAL_RISK_CAP
2023-11-30 05:00:00+00:00,365340.KQ,KRLEVEL_RR|365340|3T|453|457|459,TOTAL_RISK_CAP
2023-12-01 00:00:00+00:00,006400.KS,KRLEVEL_RR|006400|3T|453|458|460,TOTAL_RISK_CAP
2023-12-01 00:00:00+00:00,140410.KQ,KRLEVEL_RR|140410|3T|456|458|460,TOTAL_RISK_CAP
2023-12-01 00:00:00+00:00,420770.KQ,KRLEVEL_RR|420770|2T|458|459|460,TOTAL_RISK_CAP
2023-12-01 01:00:00+00:00,042660.KS,KRLEVEL_RR|042660|3T|459|460|461,TOTAL_RISK_CAP
2023-12-01 01:00:00+00:00,348370.KQ,KRLEVEL_RR|348370|2T|457|459|461,TOTAL_RISK_CAP
2023-12-01 02:00:00+00:00,086790.KS,KRLEVEL_RR|086790|3T|455|460|462,TOTAL_RISK_CAP
2023-12-01 02:00:00+00:00,357780.KQ,KRLEVEL_RR|357780|2T|455|461|462,TOTAL_RISK_CAP
2023-12-01 05:00:00+00:00,034730.KS,KRLEVEL_RR|034730|6T|462|464|465,TOTAL_RISK_CAP
2023-12-01 05:00:00+00:00,055550.KS,KRLEVEL_RR|055550|2T|462|464|465,TOTAL_RISK_CAP
2023-12-04 00:00:00+00:00,000250.KQ,KRLEVEL_RR|000250|2T|460|465|466,TOTAL_RISK_CAP
2023-12-04 00:00:00+00:00,010130.KS,KRLEVEL_RR|010130|8T|462|465|466,TOTAL_RISK_CAP
2023-12-04 01:00:00+00:00,011200.KS,KRLEVEL_RR|011200|2T|462|465|467,TOTAL_RISK_CAP
2023-12-04 01:00:00+00:00,028260.KS,KRLEVEL_RR|028260|2T|461|465|467,TOTAL_RISK_CAP
2023-12-04 05:00:00+00:00,015760.KS,KRLEVEL_RR|015760|3T|465|469|471,TOTAL_RISK_CAP
2023-12-05 01:00:00+00:00,035420.KS,KRLEVEL_RR|035420|2T|467|471|473,TOTAL_RISK_CAP
2023-12-05 02:00:00+00:00,214370.KQ,KRLEVEL_RR|214370|5T|410|412|414,TOTAL_RISK_CAP
2023-12-05 03:00:00+00:00,352820.KS,KRLEVEL_RR|352820|2T|473|474|475,TOTAL_RISK_CAP
2023-12-05 04:00:00+00:00,393890.KQ,KRLEVEL_RR|393890|2T|471|474|476,TOTAL_RISK_CAP
2023-12-06 00:00:00+00:00,096530.KQ,KRLEVEL_RR|096530|2T|474|476|478,TOTAL_RISK_CAP
2023-12-06 01:00:00+00:00,003550.KS,KRLEVEL_RR|003550|2T|477|478|479,TOTAL_RISK_CAP
2023-12-06 02:00:00+00:00,039200.KQ,KRLEVEL_RR|039200|5T|476|479|480,TOTAL_RISK_CAP
2023-12-06 02:00:00+00:00,067160.KQ,KRLEVEL_RR|067160|2T|473|479|480,TOTAL_RISK_CAP
2023-12-06 03:00:00+00:00,047050.KS,KRLEVEL_RR|047050|2T|479|480|481,TOTAL_RISK_CAP
2023-12-06 03:00:00+00:00,101490.KQ,KRLEVEL_RR|101490|2T|475|480|481,TOTAL_RISK_CAP
2023-12-07 04:00:00+00:00,225570.KQ,KRLEVEL_RR|225570|2T|484|487|488,TOTAL_RISK_CAP
2023-12-07 04:00:00+00:00,281740.KQ,KRLEVEL_RR|281740|3T|486|487|488,TOTAL_RISK_CAP
2023-12-08 00:00:00+00:00,393890.KQ,KRLEVEL_RR|393890|2T|488|489|490,TOTAL_RISK_CAP
2023-12-08 01:00:00+00:00,006400.KS,KRLEVEL_RR|006400|2T|489|490|491,TOTAL_RISK_CAP
2023-12-08 01:00:00+00:00,078600.KQ,KRLEVEL_RR|078600|4T|487|490|491,TOTAL_RISK_CAP
2023-12-08 01:00:00+00:00,372170.KQ,KRLEVEL_RR|372170|2T|489|490|491,TOTAL_RISK_CAP
2023-12-08 03:00:00+00:00,112040.KQ,KRLEVEL_RR|112040|3T|491|492|493,TOTAL_RISK_CAP
2023-12-08 03:00:00+00:00,214370.KQ,KRLEVEL_RR|214370|5T|428|432|433,TOTAL_RISK_CAP
2023-12-08 04:00:00+00:00,035720.KS,KRLEVEL_RR|035720|3T|491|493|494,TOTAL_RISK_CAP
2023-12-08 05:00:00+00:00,000660.KS,KRLEVEL_RR|000660|2T|491|493|495,TOTAL_RISK_CAP
2023-12-08 05:00:00+00:00,005490.KS,KRLEVEL_RR|005490|4T|491|493|495,TOTAL_RISK_CAP
2023-12-08 05:00:00+00:00,055550.KS,KRLEVEL_RR|055550|2T|492|493|495,TOTAL_RISK_CAP
2023-12-08 05:00:00+00:00,095340.KQ,KRLEVEL_RR|095340|4T|491|493|495,TOTAL_RISK_CAP
2023-12-08 05:00:00+00:00,121600.KQ,KRLEVEL_RR|121600|6T|491|493|495,TOTAL_RISK_CAP
2023-12-08 05:00:00+00:00,222800.KQ,KRLEVEL_RR|222800|3T|491|493|495,TOTAL_RISK_CAP
2023-12-08 05:00:00+00:00,336570.KQ,KRLEVEL_RR|336570|3T|489|494|495,TOTAL_RISK_CAP
2023-12-08 05:00:00+00:00,348370.KQ,KRLEVEL_RR|348370|3T|491|494|495,TOTAL_RISK_CAP
2023-12-08 05:00:00+00:00,352820.KS,KRLEVEL_RR|352820|2T|493|494|495,TOTAL_RISK_CAP
2023-12-08 05:00:00+00:00,420770.KQ,KRLEVEL_RR|420770|2T|491|493|495,TOTAL_RISK_CAP
2023-12-11 00:00:00+00:00,005290.KQ,KRLEVEL_RR|005290|2T|491|494|496,TOTAL_RISK_CAP
2023-12-11 00:00:00+00:00,051910.KS,KRLEVEL_RR|051910|3T|491|494|496,TOTAL_RISK_CAP
2023-12-11 00:00:00+00:00,064550.KQ,KRLEVEL_RR|064550|2T|490|495|496,TOTAL_RISK_CAP
2023-12-11 01:00:00+00:00,003550.KS,KRLEVEL_RR|003550|3T|495|496|497,TOTAL_RISK_CAP
2023-12-11 01:00:00+00:00,018260.KS,KRLEVEL_RR|018260|2T|494|495|497,TOTAL_RISK_CAP
2023-12-11 01:00:00+00:00,028300.KQ,KRLEVEL_RR|028300|2T|495|496|497,TOTAL_RISK_CAP
2023-12-11 01:00:00+00:00,068270.KS,KRLEVEL_RR|068270|2T|494|495|497,TOTAL_RISK_CAP
2023-12-11 01:00:00+00:00,086520.KQ,KRLEVEL_RR|086520|2T|495|496|497,TOTAL_RISK_CAP
2023-12-11 01:00:00+00:00,086900.KQ,KRLEVEL_RR|086900|5T|495|496|497,TOTAL_RISK_CAP
2023-12-11 04:00:00+00:00,068760.KQ,KRLEVEL_RR|068760|2T|497|498|500,TOTAL_RISK_CAP
2023-12-12 00:00:00+00:00,000270.KS,KRLEVEL_RR|000270|2T|498|500|502,TOTAL_RISK_CAP
2023-12-12 00:00:00+00:00,032830.KS,KRLEVEL_RR|032830|2T|496|501|502,TOTAL_RISK_CAP
2023-12-12 00:00:00+00:00,277810.KQ,KRLEVEL_RR|277810|2T|498|500|502,TOTAL_RISK_CAP
2023-12-12 04:00:00+00:00,003490.KS,KRLEVEL_RR|003490|4T|503|505|506,TOTAL_RISK_CAP
2023-12-12 04:00:00+00:00,086790.KS,KRLEVEL_RR|086790|2T|504|505|506,TOTAL_RISK_CAP
2023-12-12 04:00:00+00:00,214370.KQ,KRLEVEL_RR|214370|6T|444|445|446,TOTAL_RISK_CAP
2023-12-12 04:00:00+00:00,372170.KQ,KRLEVEL_RR|372170|2T|504|505|506,TOTAL_RISK_CAP
2023-12-12 05:00:00+00:00,000250.KQ,KRLEVEL_RR|000250|4T|503|505|507,TOTAL_RISK_CAP
2023-12-12 05:00:00+00:00,011200.KS,KRLEVEL_RR|011200|2T|503|505|507,TOTAL_RISK_CAP
2023-12-12 05:00:00+00:00,140410.KQ,KRLEVEL_RR|140410|3T|503|506|507,TOTAL_RISK_CAP
2023-12-13 00:00:00+00:00,033780.KS,KRLEVEL_RR|033780|2T|503|506|508,TOTAL_RISK_CAP
2023-12-13 00:00:00+00:00,323410.KS,KRLEVEL_RR|323410|2T|502|507|508,TOTAL_RISK_CAP
2023-12-13 01:00:00+00:00,000660.KS,KRLEVEL_RR|000660|2T|507|508|509,TOTAL_RISK_CAP
2023-12-13 01:00:00+00:00,055550.KS,KRLEVEL_RR|055550|3T|506|507|509,TOTAL_RISK_CAP
2023-12-13 02:00:00+00:00,012330.KS,KRLEVEL_RR|012330|2T|503|508|510,TOTAL_RISK_CAP
2023-12-13 03:00:00+00:00,393890.KQ,KRLEVEL_RR|393890|2T|509|510|511,TOTAL_RISK_CAP
2023-12-13 04:00:00+00:00,225570.KQ,KRLEVEL_RR|225570|2T|510|511|512,TOTAL_RISK_CAP
2023-12-13 05:00:00+00:00,086900.KQ,KRLEVEL_RR|086900|3T|510|512|513,TOTAL_RISK_CAP
2023-12-14 01:00:00+00:00,034730.KS,KRLEVEL_RR|034730|2T|508|513|515,TOTAL_RISK_CAP
2023-12-14 01:00:00+00:00,140860.KQ,KRLEVEL_RR|140860|2T|513|514|515,TOTAL_RISK_CAP
2023-12-14 01:00:00+00:00,420770.KQ,KRLEVEL_RR|420770|2T|509|513|515,TOTAL_RISK_CAP
2023-12-14 05:00:00+00:00,005290.KQ,KRLEVEL_RR|005290|3T|515|517|519,MAX_POSITIONS
2023-12-14 05:00:00+00:00,032830.KS,KRLEVEL_RR|032830|2T|516|517|519,MAX_POSITIONS
2023-12-14 05:00:00+00:00,214370.KQ,KRLEVEL_RR|214370|3T|457|458|459,MAX_POSITIONS
2023-12-15 00:00:00+00:00,336570.KQ,KRLEVEL_RR|336570|2T|515|518|520,MAX_POSITIONS
2023-12-15 01:00:00+00:00,005490.KS,KRLEVEL_RR|005490|3T|516|519|521,MAX_POSITIONS
2023-12-15 01:00:00+00:00,066570.KS,KRLEVEL_RR|066570|2T|515|519|521,MAX_POSITIONS
2023-12-15 01:00:00+00:00,068760.KQ,KRLEVEL_RR|068760|3T|515|520|521,MAX_POSITIONS
2023-12-15 01:00:00+00:00,078600.KQ,KRLEVEL_RR|078600|3T|516|519|521,MAX_POSITIONS
2023-12-15 01:00:00+00:00,096770.KS,KRLEVEL_RR|096770|3T|519|520|521,MAX_POSITIONS
2023-12-15 01:00:00+00:00,121600.KQ,KRLEVEL_RR|121600|6T|519|520|521,MAX_POSITIONS
2023-12-15 01:00:00+00:00,365340.KQ,KRLEVEL_RR|365340|2T|515|519|521,MAX_POSITIONS
2023-12-15 01:00:00+00:00,383310.KQ,KRLEVEL_RR|383310|2T|519|520|521,MAX_POSITIONS
2023-12-15 02:00:00+00:00,000810.KS,KRLEVEL_RR|000810|2T|516|521|522,MAX_POSITIONS
2023-12-15 02:00:00+00:00,010130.KS,KRLEVEL_RR|010130|2T|519|521|522,SAME_TICKER_OPEN
2023-12-15 02:00:00+00:00,011200.KS,KRLEVEL_RR|011200|2T|518|520|522,MAX_POSITIONS
2023-12-15 05:00:00+00:00,086790.KS,KRLEVEL_RR|086790|2T|523|524|525,MAX_POSITIONS
2023-12-18 01:00:00+00:00,047050.KS,KRLEVEL_RR|047050|5T|522|526|527,MAX_POSITIONS
2023-12-18 01:00:00+00:00,086520.KQ,KRLEVEL_RR|086520|3T|521|525|527,MAX_POSITIONS
2023-12-18 01:00:00+00:00,140410.KQ,KRLEVEL_RR|140410|3T|523|525|527,MAX_POSITIONS
2023-12-18 01:00:00+00:00,348370.KQ,KRLEVEL_RR|348370|3T|521|526|527,MAX_POSITIONS
2023-12-18 02:00:00+00:00,372170.KQ,KRLEVEL_RR|372170|3T|521|526|528,MAX_POSITIONS
2023-12-18 04:00:00+00:00,067160.KQ,KRLEVEL_RR|067160|4T|527|528|530,MAX_POSITIONS
2023-12-18 05:00:00+00:00,003490.KS,KRLEVEL_RR|003490|2T|528|529|531,MAX_POSITIONS
2023-12-19 00:00:00+00:00,095340.KQ,KRLEVEL_RR|095340|6T|528|530|532,TOTAL_RISK_CAP
2023-12-19 01:00:00+00:00,051910.KS,KRLEVEL_RR|051910|2T|527|532|533,TOTAL_RISK_CAP
2023-12-19 01:00:00+00:00,064550.KQ,KRLEVEL_RR|064550|2T|528|531|533,TOTAL_RISK_CAP
2023-12-19 01:00:00+00:00,140860.KQ,KRLEVEL_RR|140860|5T|528|532|533,TOTAL_RISK_CAP
2023-12-19 02:00:00+00:00,039200.KQ,KRLEVEL_RR|039200|3T|527|533|534,TOTAL_RISK_CAP
2023-12-19 03:00:00+00:00,000250.KQ,KRLEVEL_RR|000250|4T|533|534|535,TOTAL_RISK_CAP
2023-12-19 05:00:00+00:00,066570.KS,KRLEVEL_RR|066570|3T|533|535|537,TOTAL_RISK_CAP
2023-12-19 05:00:00+00:00,096770.KS,KRLEVEL_RR|096770|2T|533|536|537,TOTAL_RISK_CAP
2023-12-20 01:00:00+00:00,005930.KS,KRLEVEL_RR|005930|2T|534|537|539,TOTAL_RISK_CAP
2023-12-20 01:00:00+00:00,006400.KS,KRLEVEL_RR|006400|2T|536|537|539,TOTAL_RISK_CAP
2023-12-20 01:00:00+00:00,122870.KQ,KRLEVEL_RR|122870|2T|533|538|539,TOTAL_RISK_CAP
2023-12-20 02:00:00+00:00,112040.KQ,KRLEVEL_RR|112040|2T|538|539|540,TOTAL_RISK_CAP
2023-12-20 02:00:00+00:00,140410.KQ,KRLEVEL_RR|140410|2T|538|539|540,TOTAL_RISK_CAP
2023-12-20 03:00:00+00:00,010950.KS,KRLEVEL_RR|010950|2T|539|540|541,TOTAL_RISK_CAP
2023-12-20 03:00:00+00:00,032830.KS,KRLEVEL_RR|032830|2T|538|539|541,TOTAL_RISK_CAP
2023-12-20 04:00:00+00:00,034020.KS,KRLEVEL_RR|034020|2T|539|540|542,TOTAL_RISK_CAP
2023-12-20 04:00:00+00:00,207940.KS,KRLEVEL_RR|207940|3T|540|541|542,TOTAL_RISK_CAP
2023-12-20 05:00:00+00:00,068270.KS,KRLEVEL_RR|068270|2T|541|542|543,TOTAL_RISK_CAP
2023-12-20 05:00:00+00:00,121600.KQ,KRLEVEL_RR|121600|4T|537|542|543,TOTAL_RISK_CAP
2023-12-20 05:00:00+00:00,373220.KS,KRLEVEL_RR|373220|3T|540|541|543,TOTAL_RISK_CAP
2023-12-21 00:00:00+00:00,010130.KS,KRLEVEL_RR|010130|2T|539|542|544,TOTAL_RISK_CAP
2023-12-21 01:00:00+00:00,372170.KQ,KRLEVEL_RR|372170|2T|539|544|545,TOTAL_RISK_CAP
2023-12-21 01:00:00+00:00,403870.KQ,KRLEVEL_RR|403870|2T|541|544|545,TOTAL_RISK_CAP
2023-12-21 05:00:00+00:00,003490.KS,KRLEVEL_RR|003490|2T|547|548|549,TOTAL_RISK_CAP
2023-12-21 05:00:00+00:00,323410.KS,KRLEVEL_RR|323410|2T|542|547|549,TOTAL_RISK_CAP
2023-12-22 01:00:00+00:00,222800.KQ,KRLEVEL_RR|222800|3T|543|549|551,TOTAL_RISK_CAP
2023-12-22 01:00:00+00:00,420770.KQ,KRLEVEL_RR|420770|2T|545|549|551,TOTAL_RISK_CAP
2023-12-22 02:00:00+00:00,357780.KQ,KRLEVEL_RR|357780|3T|548|550|552,TOTAL_RISK_CAP
2023-12-22 04:00:00+00:00,086900.KQ,KRLEVEL_RR|086900|3T|551|552|554,MAX_POSITIONS
2023-12-22 05:00:00+00:00,000810.KS,KRLEVEL_RR|000810|2T|552|553|555,MAX_POSITIONS
2023-12-22 05:00:00+00:00,009520.KQ,KRLEVEL_RR|009520|6T|549|554|555,MAX_POSITIONS
2023-12-26 00:00:00+00:00,064550.KQ,KRLEVEL_RR|064550|2T|553|554|556,MAX_POSITIONS
2023-12-26 01:00:00+00:00,140860.KQ,KRLEVEL_RR|140860|2T|551|556|557,TOTAL_RISK_CAP
2023-12-26 03:00:00+00:00,032830.KS,KRLEVEL_RR|032830|2T|557|558|559,TOTAL_RISK_CAP
2023-12-26 04:00:00+00:00,003550.KS,KRLEVEL_RR|003550|3T|557|558|560,TOTAL_RISK_CAP
2023-12-26 04:00:00+00:00,068760.KQ,KRLEVEL_RR|068760|2T|554|558|560,TOTAL_RISK_CAP
2023-12-26 05:00:00+00:00,017670.KS,KRLEVEL_RR|017670|2T|557|559|561,GROSS_CAP
2023-12-27 01:00:00+00:00,009540.KS,KRLEVEL_RR|009540|2T|561|562|563,TOTAL_RISK_CAP
2023-12-27 02:00:00+00:00,005290.KQ,KRLEVEL_RR|005290|2T|561|562|564,TOTAL_RISK_CAP
2023-12-27 02:00:00+00:00,383310.KQ,KRLEVEL_RR|383310|2T|562|563|564,TOTAL_RISK_CAP
2023-12-27 03:00:00+00:00,214370.KQ,KRLEVEL_RR|214370|8T|501|504|505,TOTAL_RISK_CAP
2023-12-27 04:00:00+00:00,277810.KQ,KRLEVEL_RR|277810|3T|564|565|566,TOTAL_RISK_CAP
2023-12-27 04:00:00+00:00,329180.KS,KRLEVEL_RR|329180|4T|564|565|566,TOTAL_RISK_CAP
2023-12-27 05:00:00+00:00,348370.KQ,KRLEVEL_RR|348370|2T|563|565|567,TOTAL_RISK_CAP
2023-12-28 01:00:00+00:00,066570.KS,KRLEVEL_RR|066570|2T|567|568|569,TOTAL_RISK_CAP
2023-12-28 01:00:00+00:00,068270.KS,KRLEVEL_RR|068270|2T|565|567|569,TOTAL_RISK_CAP
2023-12-28 02:00:00+00:00,420770.KQ,KRLEVEL_RR|420770|5T|564|569|570,TOTAL_RISK_CAP
2023-12-28 03:00:00+00:00,003490.KS,KRLEVEL_RR|003490|2T|564|569|571,TOTAL_RISK_CAP
2023-12-28 04:00:00+00:00,018260.KS,KRLEVEL_RR|018260|3T|566|571|572,TOTAL_RISK_CAP
2023-12-28 04:00:00+00:00,086520.KQ,KRLEVEL_RR|086520|2T|567|571|572,TOTAL_RISK_CAP
2023-12-28 04:00:00+00:00,122870.KQ,KRLEVEL_RR|122870|2T|568|570|572,TOTAL_RISK_CAP
2023-12-28 04:00:00+00:00,140410.KQ,KRLEVEL_RR|140410|3T|566|570|572,TOTAL_RISK_CAP
2023-12-28 05:00:00+00:00,000250.KQ,KRLEVEL_RR|000250|6T|570|571|573,SAME_TICKER_OPEN
2024-01-02 01:00:00+00:00,006400.KS,KRLEVEL_RR|006400|2T|570|572|574,MAX_POSITIONS
2024-01-02 01:00:00+00:00,009150.KS,KRLEVEL_RR|009150|3T|571|572|574,MAX_POSITIONS
2024-01-02 01:00:00+00:00,012330.KS,KRLEVEL_RR|012330|2T|571|572|574,MAX_POSITIONS
2024-01-02 01:00:00+00:00,017670.KS,KRLEVEL_RR|017670|2T|572|573|574,MAX_POSITIONS
2024-01-02 01:00:00+00:00,034020.KS,KRLEVEL_RR|034020|2T|571|573|574,MAX_POSITIONS
2024-01-02 01:00:00+00:00,034730.KS,KRLEVEL_RR|034730|2T|570|572|574,MAX_POSITIONS
2024-01-02 01:00:00+00:00,352820.KS,KRLEVEL_RR|352820|2T|571|572|574,MAX_POSITIONS
2024-01-02 01:00:00+00:00,357780.KQ,KRLEVEL_RR|357780|2T|567|572|574,MAX_POSITIONS
2024-01-02 01:00:00+00:00,373220.KS,KRLEVEL_RR|373220|2T|570|573|574,MAX_POSITIONS
2024-01-02 03:00:00+00:00,042660.KS,KRLEVEL_RR|042660|2T|569|574|576,TOTAL_RISK_CAP
2024-01-02 05:00:00+00:00,035420.KS,KRLEVEL_RR|035420|2T|576|577|578,TOTAL_RISK_CAP
2024-01-03 03:00:00+00:00,015760.KS,KRLEVEL_RR|015760|3T|580|581|582,TOTAL_RISK_CAP
2024-01-03 03:00:00+00:00,064550.KQ,KRLEVEL_RR|064550|3T|579|580|582,TOTAL_RISK_CAP
2024-01-03 03:00:00+00:00,096530.KQ,KRLEVEL_RR|096530|3T|576|581|582,TOTAL_RISK_CAP
2024-01-03 04:00:00+00:00,028260.KS,KRLEVEL_RR|028260|2T|581|582|583,TOTAL_RISK_CAP
2024-01-04 01:00:00+00:00,101490.KQ,KRLEVEL_RR|101490|2T|584|585|586,TOTAL_RISK_CAP
2024-01-04 05:00:00+00:00,005290.KQ,KRLEVEL_RR|005290|2T|585|589|590,TOTAL_RISK_CAP
2024-01-05 00:00:00+00:00,033780.KS,KRLEVEL_RR|033780|2T|588|589|591,TOTAL_RISK_CAP
2024-01-05 01:00:00+00:00,357780.KQ,KRLEVEL_RR|357780|2T|586|591|592,TOTAL_RISK_CAP
2024-01-05 03:00:00+00:00,365340.KQ,KRLEVEL_RR|365340|2T|590|592|594,TOTAL_RISK_CAP
2024-01-05 04:00:00+00:00,383310.KQ,KRLEVEL_RR|383310|2T|593|594|595,TOTAL_RISK_CAP
2024-01-05 04:00:00+00:00,420770.KQ,KRLEVEL_RR|420770|2T|592|594|595,TOTAL_RISK_CAP
2024-01-08 01:00:00+00:00,000250.KQ,KRLEVEL_RR|000250|2T|594|596|598,TOTAL_RISK_CAP
2024-01-08 02:00:00+00:00,329180.KS,KRLEVEL_RR|329180|2T|593|598|599,TOTAL_RISK_CAP
2024-01-08 03:00:00+00:00,336570.KQ,KRLEVEL_RR|336570|2T|593|598|600,TOTAL_RISK_CAP
2024-01-09 00:00:00+00:00,055550.KS,KRLEVEL_RR|055550|2T|597|601|603,TOTAL_RISK_CAP
2024-01-09 01:00:00+00:00,018260.KS,KRLEVEL_RR|018260|3T|599|602|604,TOTAL_RISK_CAP
2024-01-09 01:00:00+00:00,034020.KS,KRLEVEL_RR|034020|2T|598|602|604,TOTAL_RISK_CAP
2024-01-09 01:00:00+00:00,096530.KQ,KRLEVEL_RR|096530|4T|597|602|604,TOTAL_RISK_CAP
2024-01-09 03:00:00+00:00,003490.KS,KRLEVEL_RR|003490|2T|604|605|606,TOTAL_RISK_CAP
2024-01-09 03:00:00+00:00,015760.KS,KRLEVEL_RR|015760|5T|604|605|606,TOTAL_RISK_CAP
2024-01-09 03:00:00+00:00,039200.KQ,KRLEVEL_RR|039200|2T|604|605|606,TOTAL_RISK_CAP
2024-01-10 01:00:00+00:00,041510.KQ,KRLEVEL_RR|041510|4T|604|609|610,TOTAL_RISK_CAP
2024-01-10 01:00:00+00:00,323410.KS,KRLEVEL_RR|323410|3T|604|609|610,TOTAL_RISK_CAP
2024-01-10 05:00:00+00:00,035720.KS,KRLEVEL_RR|035720|2T|610|613|614,TOTAL_RISK_CAP
2024-01-11 00:00:00+00:00,357780.KQ,KRLEVEL_RR|357780|6T|611|613|615,TOTAL_RISK_CAP
2024-01-11 02:00:00+00:00,005290.KQ,KRLEVEL_RR|005290|2T|615|616|617,TOTAL_RISK_CAP
2024-01-11 04:00:00+00:00,000660.KS,KRLEVEL_RR|000660|3T|616|617|619,TOTAL_RISK_CAP
2024-01-12 02:00:00+00:00,000810.KS,KRLEVEL_RR|000810|2T|621|622|623,TOTAL_RISK_CAP
2024-01-15 01:00:00+00:00,095340.KQ,KRLEVEL_RR|095340|2T|621|626|628,TOTAL_RISK_CAP
2024-01-15 01:00:00+00:00,420770.KQ,KRLEVEL_RR|420770|2T|626|627|628,TOTAL_RISK_CAP
2024-01-15 02:00:00+00:00,086790.KS,KRLEVEL_RR|086790|4T|623|628|629,TOTAL_RISK_CAP
2024-01-15 04:00:00+00:00,000270.KS,KRLEVEL_RR|000270|4T|628|629|631,TOTAL_RISK_CAP
2024-01-16 00:00:00+00:00,323410.KS,KRLEVEL_RR|323410|2T|630|632|633,TOTAL_RISK_CAP
2024-01-17 05:00:00+00:00,393890.KQ,KRLEVEL_RR|393890|2T|641|643|644,TOTAL_RISK_CAP
2024-01-19 00:00:00+00:00,403870.KQ,KRLEVEL_RR|403870|2T|644|649|651,TOTAL_RISK_CAP
2024-01-19 03:00:00+00:00,009540.KS,KRLEVEL_RR|009540|2T|652|653|654,TOTAL_RISK_CAP
2024-01-19 03:00:00+00:00,357780.KQ,KRLEVEL_RR|357780|7T|652|653|654,TOTAL_RISK_CAP
2024-01-19 04:00:00+00:00,140860.KQ,KRLEVEL_RR|140860|2T|653|654|655,TOTAL_RISK_CAP
2024-01-19 05:00:00+00:00,225570.KQ,KRLEVEL_RR|225570|2T|654|655|656,TOTAL_RISK_CAP
2024-01-22 01:00:00+00:00,005930.KS,KRLEVEL_RR|005930|2T|652|657|658,TOTAL_RISK_CAP
2024-01-22 01:00:00+00:00,009150.KS,KRLEVEL_RR|009150|2T|655|656|658,TOTAL_RISK_CAP
2024-01-22 01:00:00+00:00,067160.KQ,KRLEVEL_RR|067160|3T|653|656|658,TOTAL_RISK_CAP
2024-01-22 01:00:00+00:00,207940.KS,KRLEVEL_RR|207940|2T|656|657|658,TOTAL_RISK_CAP
2024-01-22 04:00:00+00:00,068270.KS,KRLEVEL_RR|068270|3T|658|660|661,TOTAL_RISK_CAP
2024-01-22 05:00:00+00:00,005290.KQ,KRLEVEL_RR|005290|7T|655|660|662,TOTAL_RISK_CAP
2024-01-23 01:00:00+00:00,055550.KS,KRLEVEL_RR|055550|5T|659|663|664,TOTAL_RISK_CAP
2024-01-23 01:00:00+00:00,101490.KQ,KRLEVEL_RR|101490|3T|661|662|664,TOTAL_RISK_CAP
2024-01-23 01:00:00+00:00,222800.KQ,KRLEVEL_RR|222800|4T|658|662|664,TOTAL_RISK_CAP
2024-01-23 01:00:00+00:00,403870.KQ,KRLEVEL_RR|403870|5T|662|663|664,TOTAL_RISK_CAP
2024-01-23 01:00:00+00:00,420770.KQ,KRLEVEL_RR|420770|3T|659|662|664,TOTAL_RISK_CAP
2024-01-23 02:00:00+00:00,096530.KQ,KRLEVEL_RR|096530|2T|658|664|665,TOTAL_RISK_CAP
2024-01-23 03:00:00+00:00,086790.KS,KRLEVEL_RR|086790|2T|664|665|666,TOTAL_RISK_CAP
2024-01-23 04:00:00+00:00,005380.KS,KRLEVEL_RR|005380|2T|664|665|667,TOTAL_RISK_CAP
2024-01-24 00:00:00+00:00,009540.KS,KRLEVEL_RR|009540|6T|667|668|669,TOTAL_RISK_CAP
2024-01-24 01:00:00+00:00,253450.KQ,KRLEVEL_RR|253450|3T|665|668|670,TOTAL_RISK_CAP
2024-01-24 02:00:00+00:00,336570.KQ,KRLEVEL_RR|336570|2T|664|670|671,TOTAL_RISK_CAP
2024-01-24 04:00:00+00:00,041510.KQ,KRLEVEL_RR|041510|2T|670|672|673,TOTAL_RISK_CAP
2024-01-24 04:00:00+00:00,067160.KQ,KRLEVEL_RR|067160|2T|671|672|673,TOTAL_RISK_CAP
2024-01-24 05:00:00+00:00,140860.KQ,KRLEVEL_RR|140860|2T|669|672|674,TOTAL_RISK_CAP
2024-01-25 01:00:00+00:00,005290.KQ,KRLEVEL_RR|005290|7T|674|675|676,TOTAL_RISK_CAP
2024-01-25 01:00:00+00:00,010950.KS,KRLEVEL_RR|010950|2T|671|675|676,TOTAL_RISK_CAP
2024-01-25 01:00:00+00:00,012330.KS,KRLEVEL_RR|012330|2T|669|675|676,TOTAL_RISK_CAP
2024-01-25 01:00:00+00:00,095340.KQ,KRLEVEL_RR|095340|4T|674|675|676,TOTAL_RISK_CAP
2024-01-25 04:00:00+00:00,009520.KQ,KRLEVEL_RR|009520|4T|677|678|679,TOTAL_RISK_CAP
2024-01-25 04:00:00+00:00,011200.KS,KRLEVEL_RR|011200|4T|674|678|679,TOTAL_RISK_CAP
2024-01-25 04:00:00+00:00,028260.KS,KRLEVEL_RR|028260|3T|677|678|679,TOTAL_RISK_CAP
2024-01-25 04:00:00+00:00,086790.KS,KRLEVEL_RR|086790|4T|677|678|679,TOTAL_RISK_CAP
2024-01-25 04:00:00+00:00,105560.KS,KRLEVEL_RR|105560|3T|677|678|679,TOTAL_RISK_CAP
2024-01-25 05:00:00+00:00,033780.KS,KRLEVEL_RR|033780|3T|678|679|680,TOTAL_RISK_CAP
2024-01-25 05:00:00+00:00,101490.KQ,KRLEVEL_RR|101490|2T|676|678|680,TOTAL_RISK_CAP
2024-01-25 05:00:00+00:00,357780.KQ,KRLEVEL_RR|357780|4T|676|678|680,TOTAL_RISK_CAP
2024-01-26 00:00:00+00:00,015760.KS,KRLEVEL_RR|015760|5T|679|680|681,TOTAL_RISK_CAP
2024-01-26 00:00:00+00:00,028300.KQ,KRLEVEL_RR|028300|5T|676|679|681,TOTAL_RISK_CAP
2024-01-26 01:00:00+00:00,009540.KS,KRLEVEL_RR|009540|3T|680|681|682,TOTAL_RISK_CAP
2024-01-26 01:00:00+00:00,017670.KS,KRLEVEL_RR|017670|2T|676|681|682,SAME_TICKER_OPEN
2024-01-26 01:00:00+00:00,122870.KQ,KRLEVEL_RR|122870|4T|677|680|682,TOTAL_RISK_CAP
2024-01-26 01:00:00+00:00,323410.KS,KRLEVEL_RR|323410|2T|679|681|682,TOTAL_RISK_CAP
2024-01-26 02:00:00+00:00,225570.KQ,KRLEVEL_RR|225570|2T|677|682|683,TOTAL_RISK_CAP
2024-01-29 00:00:00+00:00,096530.KQ,KRLEVEL_RR|096530|4T|684|685|687,TOTAL_RISK_CAP
2024-01-29 01:00:00+00:00,006400.KS,KRLEVEL_RR|006400|3T|683|686|688,TOTAL_RISK_CAP
2024-01-29 01:00:00+00:00,068270.KS,KRLEVEL_RR|068270|2T|684|686|688,TOTAL_RISK_CAP
2024-01-29 01:00:00+00:00,068760.KQ,KRLEVEL_RR|068760|2T|684|687|688,TOTAL_RISK_CAP
2024-01-29 01:00:00+00:00,096770.KS,KRLEVEL_RR|096770|2T|682|686|688,TOTAL_RISK_CAP
2024-01-29 02:00:00+00:00,047050.KS,KRLEVEL_RR|047050|2T|682|687|689,TOTAL_RISK_CAP
2024-01-29 03:00:00+00:00,005490.KS,KRLEVEL_RR|005490|2T|682|688|690,TOTAL_RISK_CAP
2024-01-29 04:00:00+00:00,005380.KS,KRLEVEL_RR|005380|2T|688|689|691,TOTAL_RISK_CAP
2024-01-29 04:00:00+00:00,034730.KS,KRLEVEL_RR|034730|2T|689|690|691,TOTAL_RISK_CAP
2024-01-29 04:00:00+00:00,207940.KS,KRLEVEL_RR|207940|3T|688|689|691,TOTAL_RISK_CAP
2024-01-30 00:00:00+00:00,000270.KS,KRLEVEL_RR|000270|2T|691|692|693,SAME_TICKER_OPEN
2024-01-30 01:00:00+00:00,028260.KS,KRLEVEL_RR|028260|2T|692|693|694,TOTAL_RISK_CAP
2024-01-31 00:00:00+00:00,000810.KS,KRLEVEL_RR|000810|2T|694|698|699,TOTAL_RISK_CAP
2024-02-01 00:00:00+00:00,005380.KS,KRLEVEL_RR|005380|4T|703|704|705,TOTAL_RISK_CAP
2024-02-01 00:00:00+00:00,009540.KS,KRLEVEL_RR|009540|3T|703|704|705,TOTAL_RISK_CAP
2024-02-01 00:00:00+00:00,017670.KS,KRLEVEL_RR|017670|2T|700|703|705,TOTAL_RISK_CAP
2024-02-01 01:00:00+00:00,003550.KS,KRLEVEL_RR|003550|2T|704|705|706,TOTAL_RISK_CAP
2024-02-01 02:00:00+00:00,034730.KS,KRLEVEL_RR|034730|2T|705|706|707,TOTAL_RISK_CAP
2024-02-01 04:00:00+00:00,010130.KS,KRLEVEL_RR|010130|2T|705|708|709,SAME_TICKER_OPEN
2024-02-01 05:00:00+00:00,003490.KS,KRLEVEL_RR|003490|2T|706|708|710,TOTAL_RISK_CAP
2024-02-01 05:00:00+00:00,005490.KS,KRLEVEL_RR|005490|2T|708|709|710,TOTAL_RISK_CAP
2024-02-02 00:00:00+00:00,010950.KS,KRLEVEL_RR|010950|3T|703|709|711,TOTAL_RISK_CAP
2024-02-02 00:00:00+00:00,033780.KS,KRLEVEL_RR|033780|3T|707|710|711,TOTAL_RISK_CAP
2024-02-02 01:00:00+00:00,214370.KQ,KRLEVEL_RR|214370|2T|647|650|652,TOTAL_RISK_CAP
2024-02-02 03:00:00+00:00,012330.KS,KRLEVEL_RR|012330|2T|712|713|714,TOTAL_RISK_CAP
2024-02-02 03:00:00+00:00,034020.KS,KRLEVEL_RR|034020|4T|712|713|714,TOTAL_RISK_CAP
2024-02-02 03:00:00+00:00,066570.KS,KRLEVEL_RR|066570|2T|712|713|714,TOTAL_RISK_CAP
2024-02-05 00:00:00+00:00,005930.KS,KRLEVEL_RR|005930|2T|712|715|717,TOTAL_RISK_CAP
2024-02-05 00:00:00+00:00,006400.KS,KRLEVEL_RR|006400|2T|713|716|717,TOTAL_RISK_CAP
2024-02-05 01:00:00+00:00,067160.KQ,KRLEVEL_RR|067160|3T|716|717|718,TOTAL_RISK_CAP
2024-02-05 01:00:00+00:00,373220.KS,KRLEVEL_RR|373220|3T|712|716|718,TOTAL_RISK_CAP
2024-02-05 04:00:00+00:00,000810.KS,KRLEVEL_RR|000810|2T|717|720|721,TOTAL_RISK_CAP
2024-02-05 05:00:00+00:00,051910.KS,KRLEVEL_RR|051910|2T|718|720|722,TOTAL_RISK_CAP
2024-02-06 01:00:00+00:00,068270.KS,KRLEVEL_RR|068270|3T|722|723|724,TOTAL_RISK_CAP
2024-02-06 04:00:00+00:00,403870.KQ,KRLEVEL_RR|403870|3T|719|725|727,TOTAL_RISK_CAP
2024-02-06 05:00:00+00:00,005290.KQ,KRLEVEL_RR|005290|5T|726|727|728,TOTAL_RISK_CAP
2024-02-06 05:00:00+00:00,329180.KS,KRLEVEL_RR|329180|2T|721|726|728,TOTAL_RISK_CAP
2024-02-07 00:00:00+00:00,357780.KQ,KRLEVEL_RR|357780|2T|727|728|729,TOTAL_RISK_CAP
2024-02-07 01:00:00+00:00,017670.KS,KRLEVEL_RR|017670|7T|728|729|730,TOTAL_RISK_CAP
2024-02-07 01:00:00+00:00,281740.KQ,KRLEVEL_RR|281740|2T|725|728|730,TOTAL_RISK_CAP
2024-02-07 03:00:00+00:00,000660.KS,KRLEVEL_RR|000660|2T|727|730|732,TOTAL_RISK_CAP
2024-02-07 03:00:00+00:00,042660.KS,KRLEVEL_RR|042660|4T|730|731|732,TOTAL_RISK_CAP
2024-02-07 03:00:00+00:00,066570.KS,KRLEVEL_RR|066570|4T|725|730|732,TOTAL_RISK_CAP
2024-02-08 01:00:00+00:00,003670.KS,KRLEVEL_RR|003670|3T|730|734|736,TOTAL_RISK_CAP
2024-02-08 01:00:00+00:00,005490.KS,KRLEVEL_RR|005490|4T|730|734|736,TOTAL_RISK_CAP
2024-02-08 01:00:00+00:00,034020.KS,KRLEVEL_RR|034020|3T|734|735|736,TOTAL_RISK_CAP
2024-02-08 01:00:00+00:00,323410.KS,KRLEVEL_RR|323410|2T|730|734|736,TOTAL_RISK_CAP
2024-02-08 04:00:00+00:00,003550.KS,KRLEVEL_RR|003550|2T|731|737|739,TOTAL_RISK_CAP
2024-02-08 04:00:00+00:00,383310.KQ,KRLEVEL_RR|383310|5T|736|737|739,TOTAL_RISK_CAP
2024-02-08 05:00:00+00:00,055550.KS,KRLEVEL_RR|055550|2T|737|739|740,TOTAL_RISK_CAP
2024-02-13 00:00:00+00:00,067160.KQ,KRLEVEL_RR|067160|3T|736|740|741,TOTAL_RISK_CAP
2024-02-13 01:00:00+00:00,033780.KS,KRLEVEL_RR|033780|4T|736|740|742,TOTAL_RISK_CAP
2024-02-13 01:00:00+00:00,086520.KQ,KRLEVEL_RR|086520|2T|739|740|742,TOTAL_RISK_CAP
2024-02-13 01:00:00+00:00,373220.KS,KRLEVEL_RR|373220|3T|736|740|742,TOTAL_RISK_CAP
2024-02-13 01:00:00+00:00,403870.KQ,KRLEVEL_RR|403870|8T|738|740|742,TOTAL_RISK_CAP
2024-02-13 03:00:00+00:00,010950.KS,KRLEVEL_RR|010950|2T|742|743|744,SAME_TICKER_OPEN
2024-02-13 04:00:00+00:00,006400.KS,KRLEVEL_RR|006400|2T|743|744|745,TOTAL_RISK_CAP
2024-02-13 04:00:00+00:00,068270.KS,KRLEVEL_RR|068270|2T|742|743|745,TOTAL_RISK_CAP
2024-02-13 04:00:00+00:00,207940.KS,KRLEVEL_RR|207940|2T|742|744|745,TOTAL_RISK_CAP
2024-02-13 04:00:00+00:00,352820.KS,KRLEVEL_RR|352820|2T|742|744|745,TOTAL_RISK_CAP
2024-02-13 05:00:00+00:00,039200.KQ,KRLEVEL_RR|039200|2T|742|744|746,TOTAL_RISK_CAP
2024-02-13 05:00:00+00:00,140860.KQ,KRLEVEL_RR|140860|3T|743|744|746,TOTAL_RISK_CAP
2024-02-13 05:00:00+00:00,281740.KQ,KRLEVEL_RR|281740|9T|743|744|746,TOTAL_RISK_CAP
2024-02-14 00:00:00+00:00,028300.KQ,KRLEVEL_RR|028300|3T|741|745|747,TOTAL_RISK_CAP
2024-02-14 02:00:00+00:00,000270.KS,KRLEVEL_RR|000270|2T|742|748|749,TOTAL_RISK_CAP
2024-02-14 02:00:00+00:00,005290.KQ,KRLEVEL_RR|005290|5T|742|748|749,TOTAL_RISK_CAP
2024-02-14 02:00:00+00:00,041510.KQ,KRLEVEL_RR|041510|2T|747|748|749,TOTAL_RISK_CAP
2024-02-14 02:00:00+00:00,336570.KQ,KRLEVEL_RR|336570|2T|742|748|749,TOTAL_RISK_CAP
2024-02-14 02:00:00+00:00,420770.KQ,KRLEVEL_RR|420770|4T|742|748|749,TOTAL_RISK_CAP
2024-02-14 03:00:00+00:00,017670.KS,KRLEVEL_RR|017670|2T|742|748|750,TOTAL_RISK_CAP
2024-02-14 03:00:00+00:00,101490.KQ,KRLEVEL_RR|101490|2T|743|749|750,TOTAL_RISK_CAP
2024-02-14 03:00:00+00:00,214370.KQ,KRLEVEL_RR|214370|2T|686|689|690,TOTAL_RISK_CAP
2024-02-14 04:00:00+00:00,000250.KQ,KRLEVEL_RR|000250|4T|748|749|751,TOTAL_RISK_CAP
2024-02-14 04:00:00+00:00,122870.KQ,KRLEVEL_RR|122870|2T|749|750|751,TOTAL_RISK_CAP
2024-02-14 05:00:00+00:00,253450.KQ,KRLEVEL_RR|253450|2T|749|750|752,TOTAL_RISK_CAP
2024-02-14 05:00:00+00:00,277810.KQ,KRLEVEL_RR|277810|3T|747|750|752,TOTAL_RISK_CAP
2024-02-14 05:00:00+00:00,383310.KQ,KRLEVEL_RR|383310|3T|750|751|752,TOTAL_RISK_CAP
2024-02-15 01:00:00+00:00,003670.KS,KRLEVEL_RR|003670|3T|752|753|754,TOTAL_RISK_CAP
2024-02-15 01:00:00+00:00,034020.KS,KRLEVEL_RR|034020|2T|751|752|754,TOTAL_RISK_CAP
2024-02-15 01:00:00+00:00,121600.KQ,KRLEVEL_RR|121600|3T|752|753|754,TOTAL_RISK_CAP
2024-02-15 01:00:00+00:00,323410.KS,KRLEVEL_RR|323410|4T|751|752|754,TOTAL_RISK_CAP
2024-02-15 01:00:00+00:00,372170.KQ,KRLEVEL_RR|372170|3T|751|752|754,TOTAL_RISK_CAP
2024-02-15 03:00:00+00:00,035720.KS,KRLEVEL_RR|035720|2T|754|755|756,TOTAL_RISK_CAP
2024-02-15 04:00:00+00:00,009520.KQ,KRLEVEL_RR|009520|2T|754|755|757,TOTAL_RISK_CAP
2024-02-15 04:00:00+00:00,051910.KS,KRLEVEL_RR|051910|2T|754|756|757,TOTAL_RISK_CAP
2024-02-15 04:00:00+00:00,086520.KQ,KRLEVEL_RR|086520|3T|754|755|757,TOTAL_RISK_CAP
2024-02-16 00:00:00+00:00,373220.KS,KRLEVEL_RR|373220|4T|754|757|759,TOTAL_RISK_CAP
2024-02-16 01:00:00+00:00,003550.KS,KRLEVEL_RR|003550|2T|754|758|760,TOTAL_RISK_CAP
2024-02-16 01:00:00+00:00,028260.KS,KRLEVEL_RR|028260|2T|754|758|760,TOTAL_RISK_CAP
2024-02-16 01:00:00+00:00,393890.KQ,KRLEVEL_RR|393890|2T|752|758|760,TOTAL_RISK_CAP
2024-02-16 04:00:00+00:00,064550.KQ,KRLEVEL_RR|064550|2T|761|762|763,TOTAL_RISK_CAP
2024-02-19 00:00:00+00:00,032830.KS,KRLEVEL_RR|032830|2T|763|764|765,TOTAL_RISK_CAP
2024-02-19 00:00:00+00:00,034730.KS,KRLEVEL_RR|034730|2T|763|764|765,TOTAL_RISK_CAP
2024-02-19 00:00:00+00:00,096530.KQ,KRLEVEL_RR|096530|2T|761|763|765,TOTAL_RISK_CAP
2024-02-19 01:00:00+00:00,010130.KS,KRLEVEL_RR|010130|2T|760|764|766,TOTAL_RISK_CAP
2024-02-19 01:00:00+00:00,017670.KS,KRLEVEL_RR|017670|2T|763|764|766,TOTAL_RISK_CAP
2024-02-19 01:00:00+00:00,018260.KS,KRLEVEL_RR|018260|2T|760|764|766,TOTAL_RISK_CAP
2024-02-19 01:00:00+00:00,033780.KS,KRLEVEL_RR|033780|3T|762|764|766,TOTAL_RISK_CAP
2024-02-19 01:00:00+00:00,039200.KQ,KRLEVEL_RR|039200|2T|764|765|766,TOTAL_RISK_CAP
2024-02-19 01:00:00+00:00,096770.KS,KRLEVEL_RR|096770|3T|763|764|766,TOTAL_RISK_CAP
2024-02-19 01:00:00+00:00,105560.KS,KRLEVEL_RR|105560|5T|763|764|766,TOTAL_RISK_CAP
2024-02-19 01:00:00+00:00,253450.KQ,KRLEVEL_RR|253450|3T|764|765|766,TOTAL_RISK_CAP
2024-02-19 04:00:00+00:00,005380.KS,KRLEVEL_RR|005380|2T|766|767|769,TOTAL_RISK_CAP
2024-02-19 04:00:00+00:00,086790.KS,KRLEVEL_RR|086790|4T|766|768|769,TOTAL_RISK_CAP
2024-02-19 05:00:00+00:00,034020.KS,KRLEVEL_RR|034020|2T|766|768|770,TOTAL_RISK_CAP
2024-02-19 05:00:00+00:00,140410.KQ,KRLEVEL_RR|140410|4T|768|769|770,TOTAL_RISK_CAP
2024-02-20 02:00:00+00:00,373220.KS,KRLEVEL_RR|373220|2T|770|772|773,TOTAL_RISK_CAP
2024-02-21 01:00:00+00:00,352820.KS,KRLEVEL_RR|352820|2T|776|777|778,TOTAL_RISK_CAP
2024-02-21 01:00:00+00:00,357780.KQ,KRLEVEL_RR|357780|2T|771|777|778,TOTAL_RISK_CAP
2024-02-21 02:00:00+00:00,000660.KS,KRLEVEL_RR|000660|3T|776|777|779,TOTAL_RISK_CAP
2024-02-21 04:00:00+00:00,348370.KQ,KRLEVEL_RR|348370|2T|778|780|781,TOTAL_RISK_CAP
2024-02-21 05:00:00+00:00,000270.KS,KRLEVEL_RR|000270|2T|777|780|782,TOTAL_RISK_CAP
2024-02-21 05:00:00+00:00,006400.KS,KRLEVEL_RR|006400|3T|777|780|782,TOTAL_RISK_CAP
2024-02-21 05:00:00+00:00,009540.KS,KRLEVEL_RR|009540|2T|780|781|782,TOTAL_RISK_CAP
2024-02-21 05:00:00+00:00,012330.KS,KRLEVEL_RR|012330|4T|780|781|782,TOTAL_RISK_CAP
2024-02-21 05:00:00+00:00,034730.KS,KRLEVEL_RR|034730|4T|777|780|782,TOTAL_RISK_CAP
2024-02-21 05:00:00+00:00,383310.KQ,KRLEVEL_RR|383310|3T|778|781|782,TOTAL_RISK_CAP
2024-02-22 00:00:00+00:00,121600.KQ,KRLEVEL_RR|121600|3T|778|782|783,TOTAL_RISK_CAP
2024-02-22 02:00:00+00:00,328130.KQ,KRLEVEL_RR|328130|2T|780|784|785,TOTAL_RISK_CAP
2024-02-22 02:00:00+00:00,393890.KQ,KRLEVEL_RR|393890|4T|782|783|785,TOTAL_RISK_CAP
2024-02-22 04:00:00+00:00,018260.KS,KRLEVEL_RR|018260|2T|785|786|787,TOTAL_RISK_CAP
2024-02-22 05:00:00+00:00,066570.KS,KRLEVEL_RR|066570|3T|784|786|788,SAME_TICKER_OPEN
2024-02-23 02:00:00+00:00,086790.KS,KRLEVEL_RR|086790|4T|789|790|791,TOTAL_RISK_CAP
2024-02-23 04:00:00+00:00,005380.KS,KRLEVEL_RR|005380|2T|788|791|793,TOTAL_RISK_CAP
2024-02-23 05:00:00+00:00,140860.KQ,KRLEVEL_RR|140860|4T|792|793|794,TOTAL_RISK_CAP
2024-02-26 00:00:00+00:00,277810.KQ,KRLEVEL_RR|277810|7T|792|793|795,TOTAL_RISK_CAP
2024-02-26 01:00:00+00:00,011200.KS,KRLEVEL_RR|011200|5T|790|794|796,TOTAL_RISK_CAP
2024-02-26 01:00:00+00:00,039200.KQ,KRLEVEL_RR|039200|3T|790|794|796,TOTAL_RISK_CAP
2024-02-26 01:00:00+00:00,140410.KQ,KRLEVEL_RR|140410|2T|790|794|796,TOTAL_RISK_CAP
2024-02-26 04:00:00+00:00,000250.KQ,KRLEVEL_RR|000250|2T|796|798|799,TOTAL_RISK_CAP
2024-02-26 05:00:00+00:00,042660.KS,KRLEVEL_RR|042660|2T|797|798|800,TOTAL_RISK_CAP
2024-02-26 05:00:00+00:00,336570.KQ,KRLEVEL_RR|336570|3T|798|799|800,TOTAL_RISK_CAP
2024-02-27 00:00:00+00:00,012330.KS,KRLEVEL_RR|012330|3T|798|800|801,INVALID_STOP
2024-02-27 04:00:00+00:00,393890.KQ,KRLEVEL_RR|393890|4T|802|804|805,TOTAL_RISK_CAP
2024-02-28 00:00:00+00:00,068270.KS,KRLEVEL_RR|068270|4T|805|806|807,TOTAL_RISK_CAP
2024-02-28 00:00:00+00:00,068760.KQ,KRLEVEL_RR|068760|3T|802|805|807,TOTAL_RISK_CAP
2024-02-28 05:00:00+00:00,365340.KQ,KRLEVEL_RR|365340|2T|808|810|812,TOTAL_RISK_CAP
2024-02-28 05:00:00+00:00,383310.KQ,KRLEVEL_RR|383310|3T|808|811|812,TOTAL_RISK_CAP
2024-02-29 01:00:00+00:00,000250.KQ,KRLEVEL_RR|000250|3T|812|813|814,TOTAL_RISK_CAP
2024-02-29 01:00:00+00:00,009150.KS,KRLEVEL_RR|009150|2T|808|813|814,TOTAL_RISK_CAP
2024-02-29 01:00:00+00:00,033780.KS,KRLEVEL_RR|033780|3T|809|812|814,TOTAL_RISK_CAP
2024-02-29 03:00:00+00:00,000270.KS,KRLEVEL_RR|000270|2T|814|815|816,TOTAL_RISK_CAP
2024-02-29 03:00:00+00:00,005380.KS,KRLEVEL_RR|005380|4T|811|815|816,TOTAL_RISK_CAP
2024-02-29 04:00:00+00:00,010950.KS,KRLEVEL_RR|010950|3T|811|816|817,TOTAL_RISK_CAP
2024-02-29 05:00:00+00:00,003490.KS,KRLEVEL_RR|003490|2T|816|817|818,TOTAL_RISK_CAP
2024-03-04 00:00:00+00:00,055550.KS,KRLEVEL_RR|055550|2T|814|817|819,TOTAL_RISK_CAP
2024-03-04 01:00:00+00:00,028260.KS,KRLEVEL_RR|028260|2T|815|818|820,TOTAL_RISK_CAP
2024-03-04 01:00:00+00:00,032830.KS,KRLEVEL_RR|032830|2T|812|818|820,TOTAL_RISK_CAP
2024-03-04 01:00:00+00:00,101490.KQ,KRLEVEL_RR|101490|2T|818|819|820,TOTAL_RISK_CAP
2024-03-04 02:00:00+00:00,000810.KS,KRLEVEL_RR|000810|5T|818|820|821,TOTAL_RISK_CAP
2024-03-04 02:00:00+00:00,140410.KQ,KRLEVEL_RR|140410|2T|814|820|821,TOTAL_RISK_CAP
2024-03-04 05:00:00+00:00,005930.KS,KRLEVEL_RR|005930|4T|820|822|824,TOTAL_RISK_CAP
2024-03-04 05:00:00+00:00,012330.KS,KRLEVEL_RR|012330|2T|821|823|824,TOTAL_RISK_CAP
2024-03-05 00:00:00+00:00,034730.KS,KRLEVEL_RR|034730|2T|820|823|825,TOTAL_RISK_CAP
2024-03-05 00:00:00+00:00,086520.KQ,KRLEVEL_RR|086520|4T|823|824|825,TOTAL_RISK_CAP
2024-03-05 00:00:00+00:00,095340.KQ,KRLEVEL_RR|095340|4T|823|824|825,TOTAL_RISK_CAP
2024-03-05 00:00:00+00:00,222800.KQ,KRLEVEL_RR|222800|2T|820|823|825,TOTAL_RISK_CAP
2024-03-05 00:00:00+00:00,357780.KQ,KRLEVEL_RR|357780|2T|820|824|825,TOTAL_RISK_CAP
2024-03-05 03:00:00+00:00,393890.KQ,KRLEVEL_RR|393890|2T|820|826|828,TOTAL_RISK_CAP
2024-03-05 04:00:00+00:00,000250.KQ,KRLEVEL_RR|000250|2T|825|827|829,TOTAL_RISK_CAP
2024-03-05 04:00:00+00:00,064550.KQ,KRLEVEL_RR|064550|4T|826|827|829,TOTAL_RISK_CAP
2024-03-06 05:00:00+00:00,003550.KS,KRLEVEL_RR|003550|2T|832|835|836,TOTAL_RISK_CAP
2024-03-07 00:00:00+00:00,005290.KQ,KRLEVEL_RR|005290|3T|834|835|837,TOTAL_RISK_CAP
2024-03-07 00:00:00+00:00,277810.KQ,KRLEVEL_RR|277810|9T|833|835|837,TOTAL_RISK_CAP
2024-03-07 01:00:00+00:00,032830.KS,KRLEVEL_RR|032830|2T|836|837|838,TOTAL_RISK_CAP
2024-03-07 05:00:00+00:00,003670.KS,KRLEVEL_RR|003670|2T|839|841|842,TOTAL_RISK_CAP
2024-03-07 05:00:00+00:00,006400.KS,KRLEVEL_RR|006400|6T|839|840|842,TOTAL_RISK_CAP
2024-03-07 05:00:00+00:00,055550.KS,KRLEVEL_RR|055550|2T|836|841|842,TOTAL_RISK_CAP
2024-03-07 05:00:00+00:00,066570.KS,KRLEVEL_RR|066570|3T|835|841|842,TOTAL_RISK_CAP
2024-03-07 05:00:00+00:00,095340.KQ,KRLEVEL_RR|095340|4T|837|841|842,TOTAL_RISK_CAP
2024-03-07 05:00:00+00:00,112040.KQ,KRLEVEL_RR|112040|2T|838|841|842,TOTAL_RISK_CAP
2024-03-07 05:00:00+00:00,393890.KQ,KRLEVEL_RR|393890|6T|839|840|842,TOTAL_RISK_CAP
2024-03-08 00:00:00+00:00,078600.KQ,KRLEVEL_RR|078600|2T|839|842|843,TOTAL_RISK_CAP
2024-03-08 01:00:00+00:00,005490.KS,KRLEVEL_RR|005490|5T|838|842|844,TOTAL_RISK_CAP
2024-03-08 01:00:00+00:00,068760.KQ,KRLEVEL_RR|068760|4T|837|842|844,TOTAL_RISK_CAP
2024-03-08 01:00:00+00:00,096770.KS,KRLEVEL_RR|096770|2T|839|842|844,TOTAL_RISK_CAP
2024-03-08 01:00:00+00:00,207940.KS,KRLEVEL_RR|207940|2T|842|843|844,TOTAL_RISK_CAP
2024-03-08 01:00:00+00:00,373220.KS,KRLEVEL_RR|373220|2T|839|843|844,TOTAL_RISK_CAP
2024-03-08 04:00:00+00:00,122870.KQ,KRLEVEL_RR|122870|2T|844|845|847,TOTAL_RISK_CAP
2024-03-08 05:00:00+00:00,064550.KQ,KRLEVEL_RR|064550|2T|846|847|848,TOTAL_RISK_CAP
2024-03-08 05:00:00+00:00,214370.KQ,KRLEVEL_RR|214370|2T|784|786|788,TOTAL_RISK_CAP
2024-03-11 00:00:00+00:00,039200.KQ,KRLEVEL_RR|039200|2T|844|848|849,TOTAL_RISK_CAP
2024-03-11 01:00:00+00:00,067160.KQ,KRLEVEL_RR|067160|3T|848|849|850,TOTAL_RISK_CAP
2024-03-11 02:00:00+00:00,323410.KS,KRLEVEL_RR|323410|2T|843|849|851,TOTAL_RISK_CAP
2024-03-11 05:00:00+00:00,348370.KQ,KRLEVEL_RR|348370|2T|850|852|854,TOTAL_RISK_CAP
2024-03-12 01:00:00+00:00,000810.KS,KRLEVEL_RR|000810|2T|852|855|856,TOTAL_RISK_CAP
2024-03-12 01:00:00+00:00,018260.KS,KRLEVEL_RR|018260|4T|851|855|856,TOTAL_RISK_CAP
2024-03-12 01:00:00+00:00,352820.KS,KRLEVEL_RR|352820|3T|850|854|856,TOTAL_RISK_CAP
2024-03-12 01:00:00+00:00,365340.KQ,KRLEVEL_RR|365340|4T|853|854|856,TOTAL_RISK_CAP
2024-03-12 02:00:00+00:00,068270.KS,KRLEVEL_RR|068270|3T|849|855|857,TOTAL_RISK_CAP
2024-03-12 02:00:00+00:00,112040.KQ,KRLEVEL_RR|112040|2T|854|855|857,TOTAL_RISK_CAP
2024-03-12 03:00:00+00:00,005490.KS,KRLEVEL_RR|005490|5T|856|857|858,TOTAL_RISK_CAP
2024-03-12 04:00:00+00:00,373220.KS,KRLEVEL_RR|373220|2T|857|858|859,TOTAL_RISK_CAP
2024-03-12 05:00:00+00:00,121600.KQ,KRLEVEL_RR|121600|2T|857|858|860,TOTAL_RISK_CAP
2024-03-13 00:00:00+00:00,009540.KS,KRLEVEL_RR|009540|2T|857|860|861,TOTAL_RISK_CAP
2024-03-13 00:00:00+00:00,033780.KS,KRLEVEL_RR|033780|3T|857|859|861,TOTAL_RISK_CAP
2024-03-13 00:00:00+00:00,035720.KS,KRLEVEL_RR|035720|2T|857|859|861,TOTAL_RISK_CAP
2024-03-13 00:00:00+00:00,047050.KS,KRLEVEL_RR|047050|3T|858|860|861,TOTAL_RISK_CAP
2024-03-13 00:00:00+00:00,357780.KQ,KRLEVEL_RR|357780|2T|857|859|861,TOTAL_RISK_CAP
2024-03-13 01:00:00+00:00,086790.KS,KRLEVEL_RR|086790|4T|856|861|862,TOTAL_RISK_CAP
2024-03-13 01:00:00+00:00,336570.KQ,KRLEVEL_RR|336570|2T|857|860|862,TOTAL_RISK_CAP
2024-03-13 02:00:00+00:00,122870.KQ,KRLEVEL_RR|122870|3T|860|861|863,TOTAL_RISK_CAP
2024-03-13 03:00:00+00:00,086520.KQ,KRLEVEL_RR|086520|3T|858|863|864,TOTAL_RISK_CAP
2024-03-13 03:00:00+00:00,096770.KS,KRLEVEL_RR|096770|2T|860|863|864,TOTAL_RISK_CAP
2024-03-13 03:00:00+00:00,372170.KQ,KRLEVEL_RR|372170|2T|859|863|864,TOTAL_RISK_CAP
2024-03-13 04:00:00+00:00,000250.KQ,KRLEVEL_RR|000250|2T|862|863|865,TOTAL_RISK_CAP
2024-03-13 05:00:00+00:00,003550.KS,KRLEVEL_RR|003550|2T|862|864|866,TOTAL_RISK_CAP
2024-03-14 00:00:00+00:00,005380.KS,KRLEVEL_RR|005380|4T|865|866|867,TOTAL_RISK_CAP
2024-03-14 01:00:00+00:00,015760.KS,KRLEVEL_RR|015760|3T|864|866|868,TOTAL_RISK_CAP
2024-03-14 02:00:00+00:00,005930.KS,KRLEVEL_RR|005930|3T|864|867|869,TOTAL_RISK_CAP
2024-03-14 02:00:00+00:00,028260.KS,KRLEVEL_RR|028260|2T|861|867|869,TOTAL_RISK_CAP
2024-03-14 03:00:00+00:00,066570.KS,KRLEVEL_RR|066570|2T|868|869|870,TOTAL_RISK_CAP
2024-03-14 03:00:00+00:00,277810.KQ,KRLEVEL_RR|277810|4T|864|868|870,TOTAL_RISK_CAP
2024-03-14 05:00:00+00:00,207940.KS,KRLEVEL_RR|207940|3T|867|870|872,TOTAL_RISK_CAP
2024-03-15 01:00:00+00:00,005290.KQ,KRLEVEL_RR|005290|2T|870|872|874,TOTAL_RISK_CAP
2024-03-18 00:00:00+00:00,028300.KQ,KRLEVEL_RR|028300|3T|874|877|879,TOTAL_RISK_CAP
2024-03-18 01:00:00+00:00,009540.KS,KRLEVEL_RR|009540|2T|874|878|880,TOTAL_RISK_CAP
2024-03-18 02:00:00+00:00,112040.KQ,KRLEVEL_RR|112040|3T|875|880|881,TOTAL_RISK_CAP
2024-03-18 02:00:00+00:00,336570.KQ,KRLEVEL_RR|336570|4T|874|880|881,TOTAL_RISK_CAP
2024-03-18 03:00:00+00:00,068270.KS,KRLEVEL_RR|068270|3T|880|881|882,TOTAL_RISK_CAP
2024-03-18 03:00:00+00:00,329180.KS,KRLEVEL_RR|329180|3T|880|881|882,TOTAL_RISK_CAP
2024-03-18 04:00:00+00:00,122870.KQ,KRLEVEL_RR|122870|2T|880|882|883,TOTAL_RISK_CAP
2024-03-19 00:00:00+00:00,086520.KQ,KRLEVEL_RR|086520|3T|882|884|885,TOTAL_RISK_CAP
2024-03-19 00:00:00+00:00,214370.KQ,KRLEVEL_RR|214370|2T|820|823|825,TOTAL_RISK_CAP
2024-03-19 00:00:00+00:00,357780.KQ,KRLEVEL_RR|357780|2T|880|884|885,TOTAL_RISK_CAP
2024-03-19 01:00:00+00:00,006400.KS,KRLEVEL_RR|006400|2T|883|884|886,TOTAL_RISK_CAP
2024-03-19 01:00:00+00:00,393890.KQ,KRLEVEL_RR|393890|2T|883|884|886,TOTAL_RISK_CAP
2024-03-19 04:00:00+00:00,017670.KS,KRLEVEL_RR|017670|4T|882|887|889,TOTAL_RISK_CAP
2024-03-19 05:00:00+00:00,000250.KQ,KRLEVEL_RR|000250|3T|885|888|890,TOTAL_RISK_CAP
2024-03-19 05:00:00+00:00,096770.KS,KRLEVEL_RR|096770|4T|888|889|890,TOTAL_RISK_CAP
2024-03-20 00:00:00+00:00,009150.KS,KRLEVEL_RR|009150|2T|886|890|891,SAME_TICKER_OPEN
2024-03-20 01:00:00+00:00,207940.KS,KRLEVEL_RR|207940|3T|890|891|892,TOTAL_RISK_CAP
2024-03-20 02:00:00+00:00,365340.KQ,KRLEVEL_RR|365340|4T|887|891|893,TOTAL_RISK_CAP
2024-03-20 04:00:00+00:00,068760.KQ,KRLEVEL_RR|068760|2T|890|894|895,TOTAL_RISK_CAP
2024-03-20 05:00:00+00:00,112040.KQ,KRLEVEL_RR|112040|3T|892|895|896,TOTAL_RISK_CAP
2024-03-21 01:00:00+00:00,000810.KS,KRLEVEL_RR|000810|4T|892|896|898,TOTAL_RISK_CAP
2024-03-21 01:00:00+00:00,028260.KS,KRLEVEL_RR|028260|3T|895|896|898,TOTAL_RISK_CAP
2024-03-21 01:00:00+00:00,066570.KS,KRLEVEL_RR|066570|2T|894|896|898,TOTAL_RISK_CAP
2024-03-21 01:00:00+00:00,096530.KQ,KRLEVEL_RR|096530|4T|892|896|898,TOTAL_RISK_CAP
2024-03-21 02:00:00+00:00,041510.KQ,KRLEVEL_RR|041510|3T|892|898|899,TOTAL_RISK_CAP
2024-03-21 03:00:00+00:00,051910.KS,KRLEVEL_RR|051910|2T|898|899|900,TOTAL_RISK_CAP
2024-03-21 03:00:00+00:00,068270.KS,KRLEVEL_RR|068270|4T|895|899|900,TOTAL_RISK_CAP
2024-03-21 03:00:00+00:00,373220.KS,KRLEVEL_RR|373220|2T|898|899|900,SAME_TICKER_OPEN
2024-03-21 05:00:00+00:00,101490.KQ,KRLEVEL_RR|101490|2T|898|900|902,TOTAL_RISK_CAP
2024-03-21 05:00:00+00:00,122870.KQ,KRLEVEL_RR|122870|3T|898|900|902,TOTAL_RISK_CAP
2024-03-21 05:00:00+00:00,222800.KQ,KRLEVEL_RR|222800|3T|899|900|902,TOTAL_RISK_CAP
2024-03-22 00:00:00+00:00,420770.KQ,KRLEVEL_RR|420770|2T|901|902|903,TOTAL_RISK_CAP
2024-03-22 01:00:00+00:00,000660.KS,KRLEVEL_RR|000660|2T|901|902|904,TOTAL_RISK_CAP
2024-03-22 01:00:00+00:00,032830.KS,KRLEVEL_RR|032830|3T|902|903|904,TOTAL_RISK_CAP
2024-03-22 01:00:00+00:00,034730.KS,KRLEVEL_RR|034730|2T|898|903|904,TOTAL_RISK_CAP
2024-03-22 01:00:00+00:00,086520.KQ,KRLEVEL_RR|086520|4T|898|902|904,TOTAL_RISK_CAP
2024-03-22 01:00:00+00:00,140860.KQ,KRLEVEL_RR|140860|2T|896|902|904,TOTAL_RISK_CAP
2024-03-22 01:00:00+00:00,277810.KQ,KRLEVEL_RR|277810|2T|901|902|904,TOTAL_RISK_CAP
2024-03-22 02:00:00+00:00,140410.KQ,KRLEVEL_RR|140410|2T|898|904|905,TOTAL_RISK_CAP
2024-03-22 03:00:00+00:00,067160.KQ,KRLEVEL_RR|067160|3T|903|905|906,TOTAL_RISK_CAP
2024-03-22 04:00:00+00:00,000250.KQ,KRLEVEL_RR|000250|2T|905|906|907,TOTAL_RISK_CAP
2024-03-25 00:00:00+00:00,006400.KS,KRLEVEL_RR|006400|2T|904|907|909,TOTAL_RISK_CAP
2024-03-25 00:00:00+00:00,047050.KS,KRLEVEL_RR|047050|3T|904|908|909,TOTAL_RISK_CAP
2024-03-25 03:00:00+00:00,039200.KQ,KRLEVEL_RR|039200|2T|910|911|912,TOTAL_RISK_CAP
2024-03-25 05:00:00+00:00,352820.KS,KRLEVEL_RR|352820|3T|911|913|914,TOTAL_RISK_CAP
2024-03-26 01:00:00+00:00,028260.KS,KRLEVEL_RR|028260|2T|911|914|916,TOTAL_RISK_CAP
2024-03-26 01:00:00+00:00,214370.KQ,KRLEVEL_RR|214370|2T|852|854|856,TOTAL_RISK_CAP
2024-03-26 01:00:00+00:00,225570.KQ,KRLEVEL_RR|225570|8T|911|914|916,TOTAL_RISK_CAP
2024-03-26 01:00:00+00:00,420770.KQ,KRLEVEL_RR|420770|2T|914|915|916,MAX_POSITIONS
2024-03-26 02:00:00+00:00,064550.KQ,KRLEVEL_RR|064550|3T|910|915|917,MAX_POSITIONS
2024-03-26 05:00:00+00:00,122870.KQ,KRLEVEL_RR|122870|2T|916|918|920,TOTAL_RISK_CAP
2024-03-26 05:00:00+00:00,253450.KQ,KRLEVEL_RR|253450|3T|916|918|920,TOTAL_RISK_CAP
2024-03-27 00:00:00+00:00,095340.KQ,KRLEVEL_RR|095340|2T|916|920|921,TOTAL_RISK_CAP
2024-03-27 00:00:00+00:00,140410.KQ,KRLEVEL_RR|140410|2T|918|920|921,TOTAL_RISK_CAP
2024-03-27 01:00:00+00:00,222800.KQ,KRLEVEL_RR|222800|3T|915|920|922,TOTAL_RISK_CAP
2024-03-27 03:00:00+00:00,018260.KS,KRLEVEL_RR|018260|2T|916|922|924,TOTAL_RISK_CAP
2024-03-27 05:00:00+00:00,005380.KS,KRLEVEL_RR|005380|2T|923|924|926,TOTAL_RISK_CAP
2024-03-28 01:00:00+00:00,009540.KS,KRLEVEL_RR|009540|4T|926|927|928,TOTAL_RISK_CAP
2024-03-28 04:00:00+00:00,005930.KS,KRLEVEL_RR|005930|3T|929|930|931,TOTAL_RISK_CAP
2024-03-28 04:00:00+00:00,383310.KQ,KRLEVEL_RR|383310|2T|928|929|931,TOTAL_RISK_CAP
2024-03-28 05:00:00+00:00,348370.KQ,KRLEVEL_RR|348370|2T|928|930|932,TOTAL_RISK_CAP
2024-03-28 05:00:00+00:00,403870.KQ,KRLEVEL_RR|403870|5T|928|930|932,TOTAL_RISK_CAP
2024-03-29 01:00:00+00:00,207940.KS,KRLEVEL_RR|207940|4T|927|932|934,TOTAL_RISK_CAP
2024-03-29 01:00:00+00:00,357780.KQ,KRLEVEL_RR|357780|2T|926|932|934,TOTAL_RISK_CAP
2024-03-29 03:00:00+00:00,122870.KQ,KRLEVEL_RR|122870|2T|934|935|936,TOTAL_RISK_CAP
2024-03-29 03:00:00+00:00,140860.KQ,KRLEVEL_RR|140860|2T|934|935|936,TOTAL_RISK_CAP
2024-03-29 05:00:00+00:00,420770.KQ,KRLEVEL_RR|420770|6T|935|937|938,TOTAL_RISK_CAP
2024-04-01 00:00:00+00:00,006400.KS,KRLEVEL_RR|006400|2T|937|938|939,TOTAL_RISK_CAP
2024-04-01 00:00:00+00:00,253450.KQ,KRLEVEL_RR|253450|3T|935|937|939,TOTAL_RISK_CAP
2024-04-01 01:00:00+00:00,336570.KQ,KRLEVEL_RR|336570|2T|934|938|940,TOTAL_RISK_CAP
2024-04-01 04:00:00+00:00,214370.KQ,KRLEVEL_RR|214370|4T|880|881|883,TOTAL_RISK_CAP
2024-04-01 04:00:00+00:00,225570.KQ,KRLEVEL_RR|225570|2T|940|941|943,TOTAL_RISK_CAP
2024-04-01 05:00:00+00:00,067160.KQ,KRLEVEL_RR|067160|3T|940|943|944,TOTAL_RISK_CAP
2024-04-02 00:00:00+00:00,383310.KQ,KRLEVEL_RR|383310|2T|943|944|945,TOTAL_RISK_CAP
2024-04-02 02:00:00+00:00,348370.KQ,KRLEVEL_RR|348370|4T|945|946|947,TOTAL_RISK_CAP
2024-04-02 04:00:00+00:00,042660.KS,KRLEVEL_RR|042660|2T|947|948|949,TOTAL_RISK_CAP
2024-04-02 04:00:00+00:00,329180.KS,KRLEVEL_RR|329180|2T|945|947|949,TOTAL_RISK_CAP
2024-04-04 04:00:00+00:00,017670.KS,KRLEVEL_RR|017670|2T|958|960|961,TOTAL_RISK_CAP
2024-04-04 05:00:00+00:00,095340.KQ,KRLEVEL_RR|095340|2T|960|961|962,TOTAL_RISK_CAP
2024-04-04 05:00:00+00:00,352820.KS,KRLEVEL_RR|352820|2T|960|961|962,TOTAL_RISK_CAP
2024-04-05 01:00:00+00:00,105560.KS,KRLEVEL_RR|105560|2T|958|962|964,TOTAL_RISK_CAP
2024-04-05 03:00:00+00:00,041510.KQ,KRLEVEL_RR|041510|2T|962|964|966,TOTAL_RISK_CAP
2024-04-05 04:00:00+00:00,009540.KS,KRLEVEL_RR|009540|4T|963|966|967,SAME_TICKER_OPEN
2024-04-05 04:00:00+00:00,010130.KS,KRLEVEL_RR|010130|6T|962|966|967,TOTAL_RISK_CAP
2024-04-08 01:00:00+00:00,140410.KQ,KRLEVEL_RR|140410|2T|964|969|970,TOTAL_RISK_CAP
2024-04-08 03:00:00+00:00,000810.KS,KRLEVEL_RR|000810|4T|970|971|972,TOTAL_RISK_CAP
2024-04-08 03:00:00+00:00,207940.KS,KRLEVEL_RR|207940|2T|969|971|972,TOTAL_RISK_CAP
2024-04-09 01:00:00+00:00,122870.KQ,KRLEVEL_RR|122870|4T|970|975|976,TOTAL_RISK_CAP
2024-04-11 00:00:00+00:00,009150.KS,KRLEVEL_RR|009150|2T|979|980|981,TOTAL_RISK_CAP
2024-04-11 02:00:00+00:00,010130.KS,KRLEVEL_RR|010130|6T|981|982|983,TOTAL_RISK_CAP
2024-04-11 03:00:00+00:00,336570.KQ,KRLEVEL_RR|336570|2T|978|982|984,TOTAL_RISK_CAP
2024-04-12 00:00:00+00:00,012330.KS,KRLEVEL_RR|012330|3T|984|985|987,TOTAL_RISK_CAP
2024-04-12 01:00:00+00:00,214370.KQ,KRLEVEL_RR|214370|3T|923|926|928,TOTAL_RISK_CAP
2024-04-12 01:00:00+00:00,222800.KQ,KRLEVEL_RR|222800|3T|986|987|988,TOTAL_RISK_CAP
2024-04-12 03:00:00+00:00,009540.KS,KRLEVEL_RR|009540|3T|985|989|990,TOTAL_RISK_CAP
2024-04-12 05:00:00+00:00,068270.KS,KRLEVEL_RR|068270|3T|988|991|992,TOTAL_RISK_CAP
2024-04-15 00:00:00+00:00,281740.KQ,KRLEVEL_RR|281740|4T|988|992|993,TOTAL_RISK_CAP
2024-04-15 01:00:00+00:00,064550.KQ,KRLEVEL_RR|064550|5T|989|993|994,TOTAL_RISK_CAP
2024-04-15 02:00:00+00:00,042660.KS,KRLEVEL_RR|042660|3T|992|993|995,TOTAL_RISK_CAP
2024-04-15 04:00:00+00:00,095340.KQ,KRLEVEL_RR|095340|2T|995|996|997,TOTAL_RISK_CAP
2024-04-15 05:00:00+00:00,039200.KQ,KRLEVEL_RR|039200|2T|993|997|998,TOTAL_RISK_CAP
2024-04-16 04:00:00+00:00,078600.KQ,KRLEVEL_RR|078600|2T|995|1001|1003,TOTAL_RISK_CAP
2024-04-16 04:00:00+00:00,352820.KS,KRLEVEL_RR|352820|3T|1000|1001|1003,TOTAL_RISK_CAP
2024-04-17 03:00:00+00:00,064550.KQ,KRLEVEL_RR|064550|4T|1006|1007|1008,TOTAL_RISK_CAP
2024-04-18 04:00:00+00:00,009540.KS,KRLEVEL_RR|009540|2T|1013|1014|1015,TOTAL_RISK_CAP
2024-04-19 00:00:00+00:00,028300.KQ,KRLEVEL_RR|028300|2T|1013|1015|1017,TOTAL_RISK_CAP
2024-04-19 00:00:00+00:00,035720.KS,KRLEVEL_RR|035720|3T|1015|1016|1017,TOTAL_RISK_CAP
2024-04-19 00:00:00+00:00,222800.KQ,KRLEVEL_RR|222800|2T|1010|1016|1017,TOTAL_RISK_CAP
2024-04-19 01:00:00+00:00,078600.KQ,KRLEVEL_RR|078600|2T|1014|1016|1018,TOTAL_RISK_CAP
2024-04-19 05:00:00+00:00,122870.KQ,KRLEVEL_RR|122870|2T|1018|1021|1022,TOTAL_RISK_CAP
2024-04-19 05:00:00+00:00,329180.KS,KRLEVEL_RR|329180|4T|1015|1021|1022,TOTAL_RISK_CAP
2024-04-19 05:00:00+00:00,336570.KQ,KRLEVEL_RR|336570|3T|1017|1021|1022,TOTAL_RISK_CAP
2024-04-22 00:00:00+00:00,011200.KS,KRLEVEL_RR|011200|2T|1020|1021|1023,TOTAL_RISK_CAP
2024-04-22 01:00:00+00:00,005490.KS,KRLEVEL_RR|005490|2T|1021|1022|1024,TOTAL_RISK_CAP
2024-04-22 01:00:00+00:00,006400.KS,KRLEVEL_RR|006400|2T|1021|1022|1024,TOTAL_RISK_CAP
2024-04-22 01:00:00+00:00,277810.KQ,KRLEVEL_RR|277810|2T|1022|1023|1024,TOTAL_RISK_CAP
2024-04-22 01:00:00+00:00,352820.KS,KRLEVEL_RR|352820|4T|1022|1023|1024,TOTAL_RISK_CAP
2024-04-22 02:00:00+00:00,067160.KQ,KRLEVEL_RR|067160|2T|1018|1024|1025,TOTAL_RISK_CAP
2024-04-22 05:00:00+00:00,028260.KS,KRLEVEL_RR|028260|2T|1025|1026|1028,TOTAL_RISK_CAP
2024-04-22 05:00:00+00:00,121600.KQ,KRLEVEL_RR|121600|3T|1025|1027|1028,TOTAL_RISK_CAP
2024-04-23 00:00:00+00:00,068270.KS,KRLEVEL_RR|068270|3T|1026|1027|1029,TOTAL_RISK_CAP
2024-04-23 00:00:00+00:00,086790.KS,KRLEVEL_RR|086790|3T|1025|1027|1029,TOTAL_RISK_CAP
2024-04-23 01:00:00+00:00,000270.KS,KRLEVEL_RR|000270|6T|1025|1028|1030,TOTAL_RISK_CAP
2024-04-23 01:00:00+00:00,000810.KS,KRLEVEL_RR|000810|2T|1025|1028|1030,TOTAL_RISK_CAP
2024-04-23 01:00:00+00:00,010950.KS,KRLEVEL_RR|010950|4T|1025|1029|1030,TOTAL_RISK_CAP
2024-04-23 01:00:00+00:00,039200.KQ,KRLEVEL_RR|039200|3T|1025|1028|1030,SAME_TICKER_OPEN
2024-04-23 01:00:00+00:00,225570.KQ,KRLEVEL_RR|225570|2T|1024|1029|1030,TOTAL_RISK_CAP
2024-04-23 01:00:00+00:00,253450.KQ,KRLEVEL_RR|253450|2T|1024|1029|1030,TOTAL_RISK_CAP
2024-04-23 03:00:00+00:00,096770.KS,KRLEVEL_RR|096770|2T|1025|1031|1032,TOTAL_RISK_CAP
2024-04-24 01:00:00+00:00,003670.KS,KRLEVEL_RR|003670|2T|1032|1034|1036,TOTAL_RISK_CAP
2024-04-24 01:00:00+00:00,009540.KS,KRLEVEL_RR|009540|2T|1030|1034|1036,TOTAL_RISK_CAP
2024-04-24 01:00:00+00:00,122870.KQ,KRLEVEL_RR|122870|2T|1033|1034|1036,TOTAL_RISK_CAP
2024-04-24 01:00:00+00:00,140410.KQ,KRLEVEL_RR|140410|2T|1033|1034|1036,TOTAL_RISK_CAP
2024-04-24 02:00:00+00:00,012330.KS,KRLEVEL_RR|012330|3T|1030|1036|1037,TOTAL_RISK_CAP
2024-04-24 03:00:00+00:00,000250.KQ,KRLEVEL_RR|000250|2T|1036|1037|1038,TOTAL_RISK_CAP
2024-04-24 04:00:00+00:00,009520.KQ,KRLEVEL_RR|009520|2T|1032|1037|1039,TOTAL_RISK_CAP
2024-04-24 04:00:00+00:00,078600.KQ,KRLEVEL_RR|078600|2T|1036|1037|1039,TOTAL_RISK_CAP
2024-04-24 05:00:00+00:00,373220.KS,KRLEVEL_RR|373220|6T|1036|1038|1040,TOTAL_RISK_CAP
2024-04-25 01:00:00+00:00,034020.KS,KRLEVEL_RR|034020|3T|1036|1040|1042,TOTAL_RISK_CAP
2024-04-25 01:00:00+00:00,067160.KQ,KRLEVEL_RR|067160|2T|1037|1041|1042,TOTAL_RISK_CAP
2024-04-25 01:00:00+00:00,222800.KQ,KRLEVEL_RR|222800|2T|1036|1040|1042,TOTAL_RISK_CAP
2024-04-25 04:00:00+00:00,032830.KS,KRLEVEL_RR|032830|2T|1037|1043|1045,TOTAL_RISK_CAP
2024-04-25 05:00:00+00:00,028300.KQ,KRLEVEL_RR|028300|3T|1042|1044|1046,TOTAL_RISK_CAP
2024-04-26 00:00:00+00:00,068270.KS,KRLEVEL_RR|068270|3T|1043|1045|1047,TOTAL_RISK_CAP
2024-04-26 01:00:00+00:00,018260.KS,KRLEVEL_RR|018260|2T|1045|1046|1048,TOTAL_RISK_CAP
2024-04-26 04:00:00+00:00,105560.KS,KRLEVEL_RR|105560|4T|1048|1049|1051,TOTAL_RISK_CAP
2024-04-26 05:00:00+00:00,357780.KQ,KRLEVEL_RR|357780|3T|1049|1051|1052,TOTAL_RISK_CAP
2024-04-29 01:00:00+00:00,009540.KS,KRLEVEL_RR|009540|3T|1047|1053|1054,TOTAL_RISK_CAP
2024-04-29 01:00:00+00:00,011200.KS,KRLEVEL_RR|011200|2T|1051|1052|1054,TOTAL_RISK_CAP
2024-04-29 02:00:00+00:00,000810.KS,KRLEVEL_RR|000810|2T|1048|1054|1055,TOTAL_RISK_CAP
2024-04-29 02:00:00+00:00,047050.KS,KRLEVEL_RR|047050|2T|1048|1054|1055,TOTAL_RISK_CAP
2024-04-29 03:00:00+00:00,003490.KS,KRLEVEL_RR|003490|2T|1054|1055|1056,TOTAL_RISK_CAP
2024-04-29 03:00:00+00:00,051910.KS,KRLEVEL_RR|051910|2T|1054|1055|1056,TOTAL_RISK_CAP
2024-04-29 03:00:00+00:00,096770.KS,KRLEVEL_RR|096770|3T|1054|1055|1056,TOTAL_RISK_CAP
2024-04-29 03:00:00+00:00,323410.KS,KRLEVEL_RR|323410|2T|1048|1054|1056,TOTAL_RISK_CAP
2024-04-29 04:00:00+00:00,003670.KS,KRLEVEL_RR|003670|3T|1053|1055|1057,TOTAL_RISK_CAP
2024-04-29 04:00:00+00:00,005490.KS,KRLEVEL_RR|005490|2T|1055|1056|1057,TOTAL_RISK_CAP
2024-04-29 04:00:00+00:00,015760.KS,KRLEVEL_RR|015760|3T|1055|1056|1057,TOTAL_RISK_CAP
2024-04-29 04:00:00+00:00,086900.KQ,KRLEVEL_RR|086900|2T|1054|1055|1057,TOTAL_RISK_CAP
2024-04-29 04:00:00+00:00,277810.KQ,KRLEVEL_RR|277810|4T|1054|1056|1057,TOTAL_RISK_CAP
2024-04-29 05:00:00+00:00,068760.KQ,KRLEVEL_RR|068760|2T|1054|1057|1058,TOTAL_RISK_CAP
2024-04-29 05:00:00+00:00,348370.KQ,KRLEVEL_RR|348370|3T|1055|1056|1058,TOTAL_RISK_CAP
2024-04-29 05:00:00+00:00,365340.KQ,KRLEVEL_RR|365340|2T|1054|1056|1058,TOTAL_RISK_CAP
2024-04-29 05:00:00+00:00,383310.KQ,KRLEVEL_RR|383310|2T|1056|1057|1058,TOTAL_RISK_CAP
2024-04-30 00:00:00+00:00,078600.KQ,KRLEVEL_RR|078600|4T|1052|1058|1059,TOTAL_RISK_CAP
2024-04-30 00:00:00+00:00,121600.KQ,KRLEVEL_RR|121600|3T|1057|1058|1059,TOTAL_RISK_CAP
2024-04-30 01:00:00+00:00,009150.KS,KRLEVEL_RR|009150|7T|1054|1058|1060,TOTAL_RISK_CAP
2024-04-30 02:00:00+00:00,018260.KS,KRLEVEL_RR|018260|2T|1059|1060|1061,TOTAL_RISK_CAP
2024-04-30 02:00:00+00:00,068270.KS,KRLEVEL_RR|068270|4T|1059|1060|1061,TOTAL_RISK_CAP
2024-04-30 03:00:00+00:00,000250.KQ,KRLEVEL_RR|000250|2T|1059|1061|1062,TOTAL_RISK_CAP
2024-04-30 04:00:00+00:00,006400.KS,KRLEVEL_RR|006400|2T|1060|1062|1063,TOTAL_RISK_CAP
2024-04-30 05:00:00+00:00,035720.KS,KRLEVEL_RR|035720|2T|1059|1062|1064,SAME_TICKER_OPEN
2024-05-02 01:00:00+00:00,005930.KS,KRLEVEL_RR|005930|2T|1063|1064|1066,TOTAL_RISK_CAP
2024-05-02 02:00:00+00:00,214370.KQ,KRLEVEL_RR|214370|2T|1002|1005|1007,TOTAL_RISK_CAP
2024-05-03 01:00:00+00:00,000660.KS,KRLEVEL_RR|000660|2T|1070|1071|1072,TOTAL_RISK_CAP
2024-05-03 01:00:00+00:00,003670.KS,KRLEVEL_RR|003670|2T|1068|1070|1072,TOTAL_RISK_CAP
2024-05-03 01:00:00+00:00,140860.KQ,KRLEVEL_RR|140860|3T|1067|1071|1072,TOTAL_RISK_CAP
2024-05-03 01:00:00+00:00,323410.KS,KRLEVEL_RR|323410|2T|1069|1070|1072,TOTAL_RISK_CAP
2024-05-03 01:00:00+00:00,357780.KQ,KRLEVEL_RR|357780|5T|1066|1071|1072,TOTAL_RISK_CAP
2024-05-03 02:00:00+00:00,122870.KQ,KRLEVEL_RR|122870|4T|1066|1072|1073,TOTAL_RISK_CAP
2024-05-03 04:00:00+00:00,041510.KQ,KRLEVEL_RR|041510|2T|1073|1074|1075,TOTAL_RISK_CAP
2024-05-03 04:00:00+00:00,051910.KS,KRLEVEL_RR|051910|2T|1068|1074|1075,TOTAL_RISK_CAP
2024-05-03 04:00:00+00:00,140410.KQ,KRLEVEL_RR|140410|3T|1069|1074|1075,TOTAL_RISK_CAP
2024-05-03 04:00:00+00:00,222800.KQ,KRLEVEL_RR|222800|3T|1071|1073|1075,TOTAL_RISK_CAP
2024-05-03 05:00:00+00:00,033780.KS,KRLEVEL_RR|033780|2T|1070|1074|1076,TOTAL_RISK_CAP
2024-05-03 05:00:00+00:00,373220.KS,KRLEVEL_RR|373220|2T|1072|1075|1076,MAX_POSITIONS
2024-05-07 01:00:00+00:00,003490.KS,KRLEVEL_RR|003490|2T|1072|1076|1078,MAX_POSITIONS
2024-05-07 01:00:00+00:00,010130.KS,KRLEVEL_RR|010130|2T|1070|1076|1078,MAX_POSITIONS
2024-05-07 01:00:00+00:00,066570.KS,KRLEVEL_RR|066570|2T|1072|1076|1078,MAX_POSITIONS
2024-05-07 01:00:00+00:00,101490.KQ,KRLEVEL_RR|101490|3T|1073|1077|1078,MAX_POSITIONS
2024-05-07 01:00:00+00:00,112040.KQ,KRLEVEL_RR|112040|3T|1072|1077|1078,MAX_POSITIONS
2024-05-07 01:00:00+00:00,328130.KQ,KRLEVEL_RR|328130|5T|1075|1076|1078,MAX_POSITIONS
2024-05-07 01:00:00+00:00,383310.KQ,KRLEVEL_RR|383310|3T|1072|1077|1078,MAX_POSITIONS
2024-05-07 01:00:00+00:00,420770.KQ,KRLEVEL_RR|420770|2T|1074|1076|1078,MAX_POSITIONS
2024-05-08 01:00:00+00:00,011200.KS,KRLEVEL_RR|011200|2T|1080|1082|1084,TOTAL_RISK_CAP
2024-05-08 02:00:00+00:00,034020.KS,KRLEVEL_RR|034020|2T|1078|1083|1085,TOTAL_RISK_CAP
2024-05-08 03:00:00+00:00,095340.KQ,KRLEVEL_RR|095340|4T|1084|1085|1086,TOTAL_RISK_CAP
2024-05-08 04:00:00+00:00,086790.KS,KRLEVEL_RR|086790|5T|1085|1086|1087,TOTAL_RISK_CAP
2024-05-08 04:00:00+00:00,105560.KS,KRLEVEL_RR|105560|4T|1085|1086|1087,TOTAL_RISK_CAP
2024-05-08 04:00:00+00:00,225570.KQ,KRLEVEL_RR|225570|3T|1084|1086|1087,TOTAL_RISK_CAP
2024-05-08 05:00:00+00:00,086900.KQ,KRLEVEL_RR|086900|7T|1082|1086|1088,TOTAL_RISK_CAP
2024-05-09 00:00:00+00:00,034730.KS,KRLEVEL_RR|034730|3T|1082|1088|1089,TOTAL_RISK_CAP
2024-05-09 01:00:00+00:00,009520.KQ,KRLEVEL_RR|009520|3T|1087|1088|1090,TOTAL_RISK_CAP
2024-05-09 02:00:00+00:00,028300.KQ,KRLEVEL_RR|028300|4T|1089|1090|1091,TOTAL_RISK_CAP
2024-05-10 00:00:00+00:00,348370.KQ,KRLEVEL_RR|348370|2T|1090|1093|1095,TOTAL_RISK_CAP
2024-05-10 01:00:00+00:00,000810.KS,KRLEVEL_RR|000810|5T|1089|1095|1096,TOTAL_RISK_CAP
2024-05-10 01:00:00+00:00,096530.KQ,KRLEVEL_RR|096530|3T|1092|1094|1096,TOTAL_RISK_CAP
2024-05-10 01:00:00+00:00,140860.KQ,KRLEVEL_RR|140860|3T|1089|1094|1096,TOTAL_RISK_CAP
2024-05-10 04:00:00+00:00,112040.KQ,KRLEVEL_RR|112040|4T|1096|1097|1099,TOTAL_RISK_CAP
2024-05-10 05:00:00+00:00,000660.KS,KRLEVEL_RR|000660|3T|1097|1099|1100,TOTAL_RISK_CAP
2024-05-10 05:00:00+00:00,055550.KS,KRLEVEL_RR|055550|2T|1096|1099|1100,TOTAL_RISK_CAP
2024-05-10 05:00:00+00:00,064550.KQ,KRLEVEL_RR|064550|2T|1097|1099|1100,TOTAL_RISK_CAP
2024-05-10 05:00:00+00:00,068270.KS,KRLEVEL_RR|068270|2T|1096|1098|1100,TOTAL_RISK_CAP
2024-05-13 01:00:00+00:00,003550.KS,KRLEVEL_RR|003550|3T|1096|1100|1102,TOTAL_RISK_CAP
2024-05-13 01:00:00+00:00,078600.KQ,KRLEVEL_RR|078600|2T|1099|1100|1102,TOTAL_RISK_CAP
2024-05-13 01:00:00+00:00,277810.KQ,KRLEVEL_RR|277810|4T|1096|1101|1102,TOTAL_RISK_CAP
2024-05-14 03:00:00+00:00,039200.KQ,KRLEVEL_RR|039200|2T|1108|1109|1110,TOTAL_RISK_CAP
2024-05-16 00:00:00+00:00,222800.KQ,KRLEVEL_RR|222800|7T|1109|1111|1113,TOTAL_RISK_CAP
2024-05-16 01:00:00+00:00,000250.KQ,KRLEVEL_RR|000250|3T|1108|1112|1114,TOTAL_RISK_CAP
2024-05-16 01:00:00+00:00,000270.KS,KRLEVEL_RR|000270|3T|1108|1113|1114,TOTAL_RISK_CAP
2024-05-16 01:00:00+00:00,000660.KS,KRLEVEL_RR|000660|3T|1112|1113|1114,TOTAL_RISK_CAP
2024-05-16 01:00:00+00:00,018260.KS,KRLEVEL_RR|018260|2T|1109|1113|1114,MAX_POSITIONS
2024-05-16 01:00:00+00:00,140860.KQ,KRLEVEL_RR|140860|2T|1108|1112|1114,MAX_POSITIONS
2024-05-16 01:00:00+00:00,207940.KS,KRLEVEL_RR|207940|3T|1107|1112|1114,MAX_POSITIONS
2024-05-16 04:00:00+00:00,010130.KS,KRLEVEL_RR|010130|4T|1115|1116|1117,MAX_POSITIONS
2024-05-16 04:00:00+00:00,034020.KS,KRLEVEL_RR|034020|2T|1114|1115|1117,MAX_POSITIONS
2024-05-16 05:00:00+00:00,068270.KS,KRLEVEL_RR|068270|2T|1114|1116|1118,MAX_POSITIONS
2024-05-16 05:00:00+00:00,214370.KQ,KRLEVEL_RR|214370|6T|1054|1056|1058,MAX_POSITIONS
2024-05-17 01:00:00+00:00,041510.KQ,KRLEVEL_RR|041510|3T|1118|1119|1120,TOTAL_RISK_CAP
2024-05-17 01:00:00+00:00,064550.KQ,KRLEVEL_RR|064550|3T|1114|1119|1120,TOTAL_RISK_CAP
2024-05-17 01:00:00+00:00,096530.KQ,KRLEVEL_RR|096530|3T|1117|1118|1120,TOTAL_RISK_CAP
2024-05-17 01:00:00+00:00,122870.KQ,KRLEVEL_RR|122870|4T|1118|1119|1120,TOTAL_RISK_CAP
2024-05-17 05:00:00+00:00,403870.KQ,KRLEVEL_RR|403870|2T|1119|1122|1124,TOTAL_RISK_CAP
2024-05-20 00:00:00+00:00,140410.KQ,KRLEVEL_RR|140410|2T|1120|1123|1125,TOTAL_RISK_CAP
2024-05-20 02:00:00+00:00,005380.KS,KRLEVEL_RR|005380|4T|1120|1126|1127,SAME_TICKER_OPEN
2024-05-20 03:00:00+00:00,005490.KS,KRLEVEL_RR|005490|3T|1126|1127|1128,TOTAL_RISK_CAP
2024-05-20 04:00:00+00:00,032830.KS,KRLEVEL_RR|032830|4T|1126|1128|1129,TOTAL_RISK_CAP
2024-05-21 00:00:00+00:00,365340.KQ,KRLEVEL_RR|365340|4T|1127|1130|1131,TOTAL_RISK_CAP
2024-05-21 01:00:00+00:00,009150.KS,KRLEVEL_RR|009150|4T|1126|1130|1132,TOTAL_RISK_CAP
2024-05-21 01:00:00+00:00,222800.KQ,KRLEVEL_RR|222800|2T|1127|1131|1132,TOTAL_RISK_CAP
2024-05-21 01:00:00+00:00,357780.KQ,KRLEVEL_RR|357780|4T|1130|1131|1132,TOTAL_RISK_CAP
2024-05-22 01:00:00+00:00,140860.KQ,KRLEVEL_RR|140860|3T|1134|1137|1138,TOTAL_RISK_CAP
2024-05-22 01:00:00+00:00,225570.KQ,KRLEVEL_RR|225570|3T|1131|1137|1138,TOTAL_RISK_CAP
2024-05-22 04:00:00+00:00,034020.KS,KRLEVEL_RR|034020|3T|1138|1139|1141,TOTAL_RISK_CAP
2024-05-22 04:00:00+00:00,328130.KQ,KRLEVEL_RR|328130|2T|1136|1140|1141,TOTAL_RISK_CAP
2024-05-23 00:00:00+00:00,348370.KQ,KRLEVEL_RR|348370|3T|1138|1141|1143,TOTAL_RISK_CAP
2024-05-23 01:00:00+00:00,078600.KQ,KRLEVEL_RR|078600|2T|1139|1143|1144,TOTAL_RISK_CAP
2024-05-23 03:00:00+00:00,000270.KS,KRLEVEL_RR|000270|2T|1143|1145|1146,TOTAL_RISK_CAP
2024-05-23 04:00:00+00:00,365340.KQ,KRLEVEL_RR|365340|4T|1145|1146|1147,TOTAL_RISK_CAP
2024-05-23 05:00:00+00:00,041510.KQ,KRLEVEL_RR|041510|3T|1145|1146|1148,TOTAL_RISK_CAP
2024-05-24 00:00:00+00:00,140410.KQ,KRLEVEL_RR|140410|2T|1144|1148|1149,TOTAL_RISK_CAP
2024-05-24 02:00:00+00:00,051910.KS,KRLEVEL_RR|051910|3T|1147|1150|1151,TOTAL_RISK_CAP
2024-05-24 04:00:00+00:00,009540.KS,KRLEVEL_RR|009540|2T|1151|1152|1153,TOTAL_RISK_CAP
2024-05-27 01:00:00+00:00,122870.KQ,KRLEVEL_RR|122870|4T|1148|1154|1156,TOTAL_RISK_CAP
2024-05-27 01:00:00+00:00,253450.KQ,KRLEVEL_RR|253450|2T|1150|1154|1156,TOTAL_RISK_CAP
2024-05-27 02:00:00+00:00,009150.KS,KRLEVEL_RR|009150|3T|1153|1155|1157,TOTAL_RISK_CAP
2024-05-27 02:00:00+00:00,055550.KS,KRLEVEL_RR|055550|4T|1152|1155|1157,TOTAL_RISK_CAP
2024-05-27 04:00:00+00:00,010130.KS,KRLEVEL_RR|010130|2T|1155|1157|1159,TOTAL_RISK_CAP
2024-05-27 05:00:00+00:00,006400.KS,KRLEVEL_RR|006400|2T|1157|1159|1160,TOTAL_RISK_CAP
2024-05-28 00:00:00+00:00,064550.KQ,KRLEVEL_RR|064550|9T|1156|1160|1161,TOTAL_RISK_CAP
2024-05-28 00:00:00+00:00,112040.KQ,KRLEVEL_RR|112040|3T|1156|1160|1161,TOTAL_RISK_CAP
2024-05-28 02:00:00+00:00,086790.KS,KRLEVEL_RR|086790|3T|1156|1161|1163,TOTAL_RISK_CAP
2024-05-28 03:00:00+00:00,039200.KQ,KRLEVEL_RR|039200|3T|1161|1163|1164,TOTAL_RISK_CAP
2024-05-28 03:00:00+00:00,078600.KQ,KRLEVEL_RR|078600|2T|1161|1162|1164,TOTAL_RISK_CAP
2024-05-28 03:00:00+00:00,140410.KQ,KRLEVEL_RR|140410|5T|1161|1163|1164,TOTAL_RISK_CAP
2024-05-28 04:00:00+00:00,068270.KS,KRLEVEL_RR|068270|2T|1162|1164|1165,TOTAL_RISK_CAP
2024-05-28 04:00:00+00:00,068760.KQ,KRLEVEL_RR|068760|4T|1161|1164|1165,TOTAL_RISK_CAP
2024-05-28 04:00:00+00:00,403870.KQ,KRLEVEL_RR|403870|4T|1162|1164|1165,TOTAL_RISK_CAP
2024-05-28 05:00:00+00:00,010950.KS,KRLEVEL_RR|010950|2T|1163|1165|1166,TOTAL_RISK_CAP
2024-05-28 05:00:00+00:00,047050.KS,KRLEVEL_RR|047050|3T|1160|1165|1166,TOTAL_RISK_CAP
2024-05-29 00:00:00+00:00,003550.KS,KRLEVEL_RR|003550|3T|1162|1165|1167,TOTAL_RISK_CAP
2024-05-29 04:00:00+00:00,420770.KQ,KRLEVEL_RR|420770|2T|1163|1169|1171,TOTAL_RISK_CAP
2024-05-30 02:00:00+00:00,222800.KQ,KRLEVEL_RR|222800|2T|1169|1174|1175,TOTAL_RISK_CAP
2024-05-30 04:00:00+00:00,225570.KQ,KRLEVEL_RR|225570|2T|1173|1175|1177,TOTAL_RISK_CAP
2024-05-30 04:00:00+00:00,352820.KS,KRLEVEL_RR|352820|2T|1174|1176|1177,TOTAL_RISK_CAP
2024-05-31 00:00:00+00:00,064550.KQ,KRLEVEL_RR|064550|3T|1177|1178|1179,TOTAL_RISK_CAP
2024-05-31 00:00:00+00:00,105560.KS,KRLEVEL_RR|105560|4T|1172|1178|1179,TOTAL_RISK_CAP
2024-05-31 00:00:00+00:00,140410.KQ,KRLEVEL_RR|140410|7T|1177|1178|1179,TOTAL_RISK_CAP
2024-05-31 01:00:00+00:00,009150.KS,KRLEVEL_RR|009150|2T|1175|1179|1180,TOTAL_RISK_CAP
2024-05-31 01:00:00+00:00,017670.KS,KRLEVEL_RR|017670|3T|1178|1179|1180,TOTAL_RISK_CAP
2024-05-31 01:00:00+00:00,086790.KS,KRLEVEL_RR|086790|3T|1177|1178|1180,TOTAL_RISK_CAP
2024-05-31 01:00:00+00:00,365340.KQ,KRLEVEL_RR|365340|4T|1174|1179|1180,TOTAL_RISK_CAP
2024-05-31 02:00:00+00:00,121600.KQ,KRLEVEL_RR|121600|2T|1178|1179|1181,TOTAL_RISK_CAP
2024-05-31 05:00:00+00:00,034730.KS,KRLEVEL_RR|034730|2T|1180|1182|1184,TOTAL_RISK_CAP
2024-05-31 05:00:00+00:00,253450.KQ,KRLEVEL_RR|253450|2T|1180|1182|1184,TOTAL_RISK_CAP
2024-05-31 05:00:00+00:00,328130.KQ,KRLEVEL_RR|328130|2T|1181|1182|1184,TOTAL_RISK_CAP
2024-05-31 05:00:00+00:00,393890.KQ,KRLEVEL_RR|393890|4T|1180|1182|1184,SAME_TICKER_OPEN
2024-06-03 00:00:00+00:00,000250.KQ,KRLEVEL_RR|000250|3T|1180|1184|1185,TOTAL_RISK_CAP
2024-06-03 00:00:00+00:00,122870.KQ,KRLEVEL_RR|122870|4T|1179|1183|1185,TOTAL_RISK_CAP
2024-06-03 00:00:00+00:00,140860.KQ,KRLEVEL_RR|140860|3T|1180|1184|1185,TOTAL_RISK_CAP
2024-06-03 00:00:00+00:00,372170.KQ,KRLEVEL_RR|372170|2T|1180|1184|1185,TOTAL_RISK_CAP
2024-06-03 01:00:00+00:00,000270.KS,KRLEVEL_RR|000270|2T|1183|1184|1186,TOTAL_RISK_CAP
2024-06-03 01:00:00+00:00,003550.KS,KRLEVEL_RR|003550|3T|1183|1184|1186,TOTAL_RISK_CAP
2024-06-03 01:00:00+00:00,009540.KS,KRLEVEL_RR|009540|3T|1182|1185|1186,TOTAL_RISK_CAP
2024-06-03 02:00:00+00:00,281740.KQ,KRLEVEL_RR|281740|2T|1185|1186|1187,TOTAL_RISK_CAP
2024-06-03 05:00:00+00:00,086900.KQ,KRLEVEL_RR|086900|4T|1186|1189|1190,TOTAL_RISK_CAP
2024-06-04 01:00:00+00:00,068270.KS,KRLEVEL_RR|068270|4T|1186|1190|1192,TOTAL_RISK_CAP
2024-06-04 01:00:00+00:00,140410.KQ,KRLEVEL_RR|140410|7T|1190|1191|1192,TOTAL_RISK_CAP
2024-06-04 03:00:00+00:00,003670.KS,KRLEVEL_RR|003670|2T|1187|1192|1194,TOTAL_RISK_CAP
2024-06-04 03:00:00+00:00,018260.KS,KRLEVEL_RR|018260|6T|1189|1193|1194,TOTAL_RISK_CAP
2024-06-04 04:00:00+00:00,214370.KQ,KRLEVEL_RR|214370|3T|1133|1134|1135,TOTAL_RISK_CAP
2024-06-04 05:00:00+00:00,068760.KQ,KRLEVEL_RR|068760|2T|1193|1194|1196,TOTAL_RISK_CAP
2024-06-04 05:00:00+00:00,121600.KQ,KRLEVEL_RR|121600|6T|1192|1194|1196,TOTAL_RISK_CAP
2024-06-04 05:00:00+00:00,352820.KS,KRLEVEL_RR|352820|3T|1188|1194|1196,TOTAL_RISK_CAP
2024-06-05 01:00:00+00:00,015760.KS,KRLEVEL_RR|015760|2T|1193|1197|1198,TOTAL_RISK_CAP
2024-06-05 01:00:00+00:00,086520.KQ,KRLEVEL_RR|086520|2T|1126|1130|1132,TOTAL_RISK_CAP
2024-06-05 01:00:00+00:00,365340.KQ,KRLEVEL_RR|365340|3T|1192|1197|1198,TOTAL_RISK_CAP
2024-06-05 03:00:00+00:00,383310.KQ,KRLEVEL_RR|383310|2T|1198|1199|1200,TOTAL_RISK_CAP
2024-06-05 04:00:00+00:00,011200.KS,KRLEVEL_RR|011200|2T|1196|1199|1201,SAME_TICKER_OPEN
2024-06-07 00:00:00+00:00,000660.KS,KRLEVEL_RR|000660|4T|1196|1202|1203,TOTAL_RISK_CAP
2024-06-07 01:00:00+00:00,009540.KS,KRLEVEL_RR|009540|3T|1202|1203|1204,TOTAL_RISK_CAP
2024-06-07 01:00:00+00:00,047050.KS,KRLEVEL_RR|047050|2T|1199|1202|1204,TOTAL_RISK_CAP
2024-06-07 01:00:00+00:00,101490.KQ,KRLEVEL_RR|101490|2T|1198|1202|1204,TOTAL_RISK_CAP
2024-06-07 03:00:00+00:00,009520.KQ,KRLEVEL_RR|009520|8T|1201|1205|1206,TOTAL_RISK_CAP
2024-06-07 03:00:00+00:00,140410.KQ,KRLEVEL_RR|140410|2T|1204|1205|1206,TOTAL_RISK_CAP
2024-06-07 03:00:00+00:00,281740.KQ,KRLEVEL_RR|281740|2T|1204|1205|1206,TOTAL_RISK_CAP
2024-06-07 04:00:00+00:00,003550.KS,KRLEVEL_RR|003550|5T|1204|1206|1207,TOTAL_RISK_CAP
2024-06-07 04:00:00+00:00,034730.KS,KRLEVEL_RR|034730|2T|1205|1206|1207,TOTAL_RISK_CAP
2024-06-07 04:00:00+00:00,105560.KS,KRLEVEL_RR|105560|2T|1203|1206|1207,TOTAL_RISK_CAP
2024-06-07 05:00:00+00:00,005490.KS,KRLEVEL_RR|005490|4T|1201|1207|1208,TOTAL_RISK_CAP
2024-06-10 01:00:00+00:00,078600.KQ,KRLEVEL_RR|078600|3T|1204|1209|1210,TOTAL_RISK_CAP
2024-06-10 02:00:00+00:00,121600.KQ,KRLEVEL_RR|121600|6T|1207|1209|1211,TOTAL_RISK_CAP
2024-06-10 04:00:00+00:00,012330.KS,KRLEVEL_RR|012330|3T|1211|1212|1213,TOTAL_RISK_CAP
2024-06-10 04:00:00+00:00,383310.KQ,KRLEVEL_RR|383310|5T|1211|1212|1213,TOTAL_RISK_CAP
2024-06-10 05:00:00+00:00,225570.KQ,KRLEVEL_RR|225570|2T|1212|1213|1214,TOTAL_RISK_CAP
2024-06-11 01:00:00+00:00,365340.KQ,KRLEVEL_RR|365340|2T|1212|1214|1216,TOTAL_RISK_CAP
2024-06-11 01:00:00+00:00,372170.KQ,KRLEVEL_RR|372170|2T|1212|1214|1216,TOTAL_RISK_CAP
2024-06-11 04:00:00+00:00,000250.KQ,KRLEVEL_RR|000250|2T|1217|1218|1219,MAX_POSITIONS
2024-06-11 04:00:00+00:00,403870.KQ,KRLEVEL_RR|403870|3T|1216|1218|1219,MAX_POSITIONS
2024-06-11 05:00:00+00:00,005380.KS,KRLEVEL_RR|005380|2T|1218|1219|1220,MAX_POSITIONS
2024-06-11 05:00:00+00:00,277810.KQ,KRLEVEL_RR|277810|2T|1217|1218|1220,MAX_POSITIONS
2024-06-12 00:00:00+00:00,047050.KS,KRLEVEL_RR|047050|2T|1216|1219|1221,TOTAL_RISK_CAP
2024-06-12 03:00:00+00:00,003550.KS,KRLEVEL_RR|003550|2T|1222|1223|1224,TOTAL_RISK_CAP
2024-06-13 00:00:00+00:00,003490.KS,KRLEVEL_RR|003490|4T|1224|1225|1227,TOTAL_RISK_CAP
2024-06-13 01:00:00+00:00,000270.KS,KRLEVEL_RR|000270|2T|1223|1226|1228,SAME_TICKER_OPEN
2024-06-13 01:00:00+00:00,028260.KS,KRLEVEL_RR|028260|2T|1226|1227|1228,TOTAL_RISK_CAP
2024-06-13 01:00:00+00:00,042660.KS,KRLEVEL_RR|042660|2T|1226|1227|1228,TOTAL_RISK_CAP
2024-06-13 01:00:00+00:00,222800.KQ,KRLEVEL_RR|222800|5T|1222|1226|1228,TOTAL_RISK_CAP
2024-06-13 01:00:00+00:00,383310.KQ,KRLEVEL_RR|383310|4T|1225|1226|1228,TOTAL_RISK_CAP
2024-06-13 05:00:00+00:00,012330.KS,KRLEVEL_RR|012330|3T|1228|1230|1232,TOTAL_RISK_CAP
2024-06-13 05:00:00+00:00,055550.KS,KRLEVEL_RR|055550|4T|1227|1231|1232,TOTAL_RISK_CAP
2024-06-14 01:00:00+00:00,005930.KS,KRLEVEL_RR|005930|6T|1232|1233|1234,TOTAL_RISK_CAP
2024-06-14 03:00:00+00:00,096770.KS,KRLEVEL_RR|096770|2T|1232|1234|1236,TOTAL_RISK_CAP
2024-06-14 04:00:00+00:00,009540.KS,KRLEVEL_RR|009540|4T|1234|1235|1237,TOTAL_RISK_CAP
2024-06-18 00:00:00+00:00,214370.KQ,KRLEVEL_RR|214370|2T|1183|1184|1185,TOTAL_RISK_CAP
2024-06-18 01:00:00+00:00,329180.KS,KRLEVEL_RR|329180|2T|1240|1244|1246,TOTAL_RISK_CAP
2024-06-18 05:00:00+00:00,000250.KQ,KRLEVEL_RR|000250|2T|1246|1249|1250,TOTAL_RISK_CAP
2024-06-19 01:00:00+00:00,066570.KS,KRLEVEL_RR|066570|3T|1248|1251|1252,TOTAL_RISK_CAP
2024-06-19 01:00:00+00:00,096530.KQ,KRLEVEL_RR|096530|2T|1248|1251|1252,TOTAL_RISK_CAP
2024-06-19 01:00:00+00:00,357780.KQ,KRLEVEL_RR|357780|3T|1249|1250|1252,TOTAL_RISK_CAP
2024-06-19 03:00:00+00:00,011200.KS,KRLEVEL_RR|011200|3T|1247|1253|1254,TOTAL_RISK_CAP
2024-06-19 04:00:00+00:00,034020.KS,KRLEVEL_RR|034020|3T|1252|1253|1255,TOTAL_RISK_CAP
2024-06-19 05:00:00+00:00,068270.KS,KRLEVEL_RR|068270|4T|1252|1254|1256,TOTAL_RISK_CAP
2024-06-20 00:00:00+00:00,006400.KS,KRLEVEL_RR|006400|2T|1254|1255|1257,TOTAL_RISK_CAP
2024-06-20 00:00:00+00:00,015760.KS,KRLEVEL_RR|015760|3T|1252|1255|1257,TOTAL_RISK_CAP
2024-06-20 01:00:00+00:00,010950.KS,KRLEVEL_RR|010950|2T|1256|1257|1258,TOTAL_RISK_CAP
2024-06-20 01:00:00+00:00,068760.KQ,KRLEVEL_RR|068760|5T|1256|1257|1258,TOTAL_RISK_CAP
2024-06-20 01:00:00+00:00,336570.KQ,KRLEVEL_RR|336570|2T|1252|1256|1258,TOTAL_RISK_CAP
2024-06-20 03:00:00+00:00,214370.KQ,KRLEVEL_RR|214370|2T|1197|1198|1200,TOTAL_RISK_CAP
2024-06-20 04:00:00+00:00,086790.KS,KRLEVEL_RR|086790|3T|1258|1259|1261,TOTAL_RISK_CAP
2024-06-20 05:00:00+00:00,055550.KS,KRLEVEL_RR|055550|2T|1259|1260|1262,TOTAL_RISK_CAP
2024-06-20 05:00:00+00:00,105560.KS,KRLEVEL_RR|105560|3T|1259|1260|1262,TOTAL_RISK_CAP
2024-06-21 00:00:00+00:00,039200.KQ,KRLEVEL_RR|039200|2T|1258|1261|1263,TOTAL_RISK_CAP
2024-06-21 00:00:00+00:00,067160.KQ,KRLEVEL_RR|067160|3T|1258|1261|1263,TOTAL_RISK_CAP
2024-06-21 00:00:00+00:00,086900.KQ,KRLEVEL_RR|086900|2T|1261|1262|1263,TOTAL_RISK_CAP
2024-06-21 00:00:00+00:00,329180.KS,KRLEVEL_RR|329180|2T|1261|1262|1263,TOTAL_RISK_CAP
2024-06-21 02:00:00+00:00,003550.KS,KRLEVEL_RR|003550|3T|1262|1263|1265,TOTAL_RISK_CAP
2024-06-24 03:00:00+00:00,403870.KQ,KRLEVEL_RR|403870|5T|1270|1271|1272,TOTAL_RISK_CAP
2024-06-24 04:00:00+00:00,017670.KS,KRLEVEL_RR|017670|2T|1270|1271|1273,TOTAL_RISK_CAP
2024-06-24 04:00:00+00:00,064550.KQ,KRLEVEL_RR|064550|2T|1270|1271|1273,TOTAL_RISK_CAP
2024-06-25 01:00:00+00:00,055550.KS,KRLEVEL_RR|055550|3T|1273|1275|1276,TOTAL_RISK_CAP
2024-06-25 02:00:00+00:00,005930.KS,KRLEVEL_RR|005930|2T|1275|1276|1277,TOTAL_RISK_CAP
2024-06-26 00:00:00+00:00,086900.KQ,KRLEVEL_RR|086900|3T|1276|1280|1281,TOTAL_RISK_CAP
2024-06-26 04:00:00+00:00,000270.KS,KRLEVEL_RR|000270|2T|1282|1283|1285,TOTAL_RISK_CAP
2024-06-26 05:00:00+00:00,067160.KQ,KRLEVEL_RR|067160|3T|1282|1285|1286,TOTAL_RISK_CAP
2024-06-27 00:00:00+00:00,003490.KS,KRLEVEL_RR|003490|4T|1283|1286|1287,TOTAL_RISK_CAP
2024-06-27 00:00:00+00:00,010130.KS,KRLEVEL_RR|010130|3T|1285|1286|1287,TOTAL_RISK_CAP
2024-06-27 01:00:00+00:00,064550.KQ,KRLEVEL_RR|064550|2T|1286|1287|1288,TOTAL_RISK_CAP
2024-06-27 02:00:00+00:00,039200.KQ,KRLEVEL_RR|039200|4T|1284|1288|1289,TOTAL_RISK_CAP
2024-06-27 04:00:00+00:00,009540.KS,KRLEVEL_RR|009540|2T|1289|1290|1291,TOTAL_RISK_CAP
2024-06-27 04:00:00+00:00,028260.KS,KRLEVEL_RR|028260|3T|1287|1289|1291,TOTAL_RISK_CAP
2024-06-27 05:00:00+00:00,005290.KQ,KRLEVEL_RR|005290|2T|1286|1290|1292,TOTAL_RISK_CAP
2024-06-28 00:00:00+00:00,096770.KS,KRLEVEL_RR|096770|3T|1288|1292|1293,TOTAL_RISK_CAP
2024-06-28 01:00:00+00:00,032830.KS,KRLEVEL_RR|032830|3T|1290|1292|1294,TOTAL_RISK_CAP
2024-06-28 01:00:00+00:00,055550.KS,KRLEVEL_RR|055550|2T|1292|1293|1294,TOTAL_RISK_CAP
2024-06-28 03:00:00+00:00,281740.KQ,KRLEVEL_RR|281740|2T|1291|1294|1296,TOTAL_RISK_CAP
2024-06-28 03:00:00+00:00,352820.KS,KRLEVEL_RR|352820|4T|1294|1295|1296,TOTAL_RISK_CAP
2024-06-28 04:00:00+00:00,011200.KS,KRLEVEL_RR|011200|3T|1294|1295|1297,TOTAL_RISK_CAP
2024-07-01 00:00:00+00:00,033780.KS,KRLEVEL_RR|033780|5T|1294|1297|1299,TOTAL_RISK_CAP
2024-07-01 01:00:00+00:00,003670.KS,KRLEVEL_RR|003670|2T|1296|1298|1300,TOTAL_RISK_CAP
2024-07-01 01:00:00+00:00,112040.KQ,KRLEVEL_RR|112040|3T|1294|1299|1300,TOTAL_RISK_CAP
2024-07-01 01:00:00+00:00,225570.KQ,KRLEVEL_RR|225570|4T|1296|1299|1300,SAME_TICKER_OPEN
2024-07-01 03:00:00+00:00,015760.KS,KRLEVEL_RR|015760|2T|1294|1300|1302,TOTAL_RISK_CAP
2024-07-01 04:00:00+00:00,214370.KQ,KRLEVEL_RR|214370|3T|1241|1242|1243,TOTAL_RISK_CAP
2024-07-01 05:00:00+00:00,042660.KS,KRLEVEL_RR|042660|3T|1300|1303|1304,TOTAL_RISK_CAP
2024-07-01 05:00:00+00:00,096530.KQ,KRLEVEL_RR|096530|2T|1301|1302|1304,TOTAL_RISK_CAP
2024-07-02 00:00:00+00:00,009520.KQ,KRLEVEL_RR|009520|7T|1301|1303|1305,TOTAL_RISK_CAP
2024-07-02 00:00:00+00:00,051910.KS,KRLEVEL_RR|051910|2T|1301|1304|1305,TOTAL_RISK_CAP
2024-07-02 00:00:00+00:00,078600.KQ,KRLEVEL_RR|078600|2T|1301|1304|1305,TOTAL_RISK_CAP
2024-07-02 00:00:00+00:00,122870.KQ,KRLEVEL_RR|122870|3T|1302|1303|1305,TOTAL_RISK_CAP
2024-07-02 01:00:00+00:00,005930.KS,KRLEVEL_RR|005930|2T|1301|1304|1306,TOTAL_RISK_CAP
2024-07-02 01:00:00+00:00,010950.KS,KRLEVEL_RR|010950|2T|1303|1304|1306,TOTAL_RISK_CAP
2024-07-02 01:00:00+00:00,041510.KQ,KRLEVEL_RR|041510|2T|1304|1305|1306,TOTAL_RISK_CAP
2024-07-02 01:00:00+00:00,105560.KS,KRLEVEL_RR|105560|2T|1300|1304|1306,TOTAL_RISK_CAP
2024-07-02 02:00:00+00:00,207940.KS,KRLEVEL_RR|207940|5T|1302|1306|1307,TOTAL_RISK_CAP
2024-07-02 03:00:00+00:00,086790.KS,KRLEVEL_RR|086790|3T|1306|1307|1308,TOTAL_RISK_CAP
2024-07-03 00:00:00+00:00,000250.KQ,KRLEVEL_RR|000250|3T|1308|1309|1311,TOTAL_RISK_CAP
2024-07-03 01:00:00+00:00,028300.KQ,KRLEVEL_RR|028300|2T|1307|1310|1312,TOTAL_RISK_CAP
2024-07-03 01:00:00+00:00,096770.KS,KRLEVEL_RR|096770|2T|1309|1310|1312,TOTAL_RISK_CAP
2024-07-03 01:00:00+00:00,373220.KS,KRLEVEL_RR|373220|2T|1305|1310|1312,TOTAL_RISK_CAP
2024-07-03 04:00:00+00:00,011200.KS,KRLEVEL_RR|011200|2T|1312|1314|1315,TOTAL_RISK_CAP
2024-07-03 04:00:00+00:00,140860.KQ,KRLEVEL_RR|140860|3T|1312|1313|1315,TOTAL_RISK_CAP
2024-07-03 04:00:00+00:00,372170.KQ,KRLEVEL_RR|372170|4T|1312|1313|1315,TOTAL_RISK_CAP
2024-07-04 01:00:00+00:00,000270.KS,KRLEVEL_RR|000270|4T|1316|1317|1318,TOTAL_RISK_CAP
2024-07-04 01:00:00+00:00,010130.KS,KRLEVEL_RR|010130|3T|1310|1316|1318,TOTAL_RISK_CAP
2024-07-04 01:00:00+00:00,028260.KS,KRLEVEL_RR|028260|2T|1314|1317|1318,TOTAL_RISK_CAP
2024-07-04 01:00:00+00:00,039200.KQ,KRLEVEL_RR|039200|3T|1316|1317|1318,TOTAL_RISK_CAP
2024-07-04 02:00:00+00:00,009150.KS,KRLEVEL_RR|009150|2T|1316|1318|1319,SAME_TICKER_OPEN
2024-07-04 02:00:00+00:00,009540.KS,KRLEVEL_RR|009540|2T|1316|1317|1319,TOTAL_RISK_CAP
2024-07-04 05:00:00+00:00,018260.KS,KRLEVEL_RR|018260|2T|1318|1320|1322,TOTAL_RISK_CAP
2024-07-04 05:00:00+00:00,051910.KS,KRLEVEL_RR|051910|5T|1320|1321|1322,TOTAL_RISK_CAP
2024-07-05 00:00:00+00:00,003670.KS,KRLEVEL_RR|003670|6T|1316|1321|1323,TOTAL_RISK_CAP
2024-07-05 00:00:00+00:00,010950.KS,KRLEVEL_RR|010950|2T|1319|1321|1323,TOTAL_RISK_CAP
2024-07-05 00:00:00+00:00,086900.KQ,KRLEVEL_RR|086900|2T|1319|1322|1323,TOTAL_RISK_CAP
2024-07-05 00:00:00+00:00,329180.KS,KRLEVEL_RR|329180|2T|1319|1322|1323,TOTAL_RISK_CAP
2024-07-05 01:00:00+00:00,000810.KS,KRLEVEL_RR|000810|5T|1318|1322|1324,TOTAL_RISK_CAP
2024-07-05 01:00:00+00:00,003550.KS,KRLEVEL_RR|003550|6T|1322|1323|1324,TOTAL_RISK_CAP
2024-07-05 01:00:00+00:00,005290.KQ,KRLEVEL_RR|005290|3T|1322|1323|1324,TOTAL_RISK_CAP
2024-07-05 01:00:00+00:00,068270.KS,KRLEVEL_RR|068270|3T|1321|1322|1324,SAME_TICKER_OPEN
2024-07-05 01:00:00+00:00,357780.KQ,KRLEVEL_RR|357780|3T|1320|1322|1324,TOTAL_RISK_CAP
2024-07-05 02:00:00+00:00,225570.KQ,KRLEVEL_RR|225570|2T|1323|1324|1325,TOTAL_RISK_CAP
2024-07-05 03:00:00+00:00,064550.KQ,KRLEVEL_RR|064550|2T|1324|1325|1326,TOTAL_RISK_CAP
2024-07-05 03:00:00+00:00,096530.KQ,KRLEVEL_RR|096530|2T|1320|1324|1326,TOTAL_RISK_CAP
2024-07-08 01:00:00+00:00,015760.KS,KRLEVEL_RR|015760|2T|1324|1329|1330,TOTAL_RISK_CAP
2024-07-08 01:00:00+00:00,086520.KQ,KRLEVEL_RR|086520|4T|1258|1262|1264,TOTAL_RISK_CAP
2024-07-08 01:00:00+00:00,214370.KQ,KRLEVEL_RR|214370|3T|1264|1269|1270,TOTAL_RISK_CAP
2024-07-08 03:00:00+00:00,035420.KS,KRLEVEL_RR|035420|2T|1330|1331|1332,TOTAL_RISK_CAP
2024-07-08 04:00:00+00:00,034730.KS,KRLEVEL_RR|034730|3T|1325|1331|1333,TOTAL_RISK_CAP
2024-07-08 04:00:00+00:00,403870.KQ,KRLEVEL_RR|403870|3T|1330|1331|1333,TOTAL_RISK_CAP
2024-07-08 05:00:00+00:00,323410.KS,KRLEVEL_RR|323410|3T|1326|1332|1334,TOTAL_RISK_CAP
2024-07-09 01:00:00+00:00,373220.KS,KRLEVEL_RR|373220|6T|1333|1334|1336,TOTAL_RISK_CAP
2024-07-09 04:00:00+00:00,034020.KS,KRLEVEL_RR|034020|4T|1332|1338|1339,TOTAL_RISK_CAP
2024-07-09 05:00:00+00:00,329180.KS,KRLEVEL_RR|329180|2T|1336|1339|1340,TOTAL_RISK_CAP
2024-07-10 00:00:00+00:00,068760.KQ,KRLEVEL_RR|068760|4T|1335|1339|1341,TOTAL_RISK_CAP
2024-07-10 01:00:00+00:00,032830.KS,KRLEVEL_RR|032830|2T|1339|1340|1342,TOTAL_RISK_CAP
2024-07-10 01:00:00+00:00,207940.KS,KRLEVEL_RR|207940|4T|1336|1341|1342,TOTAL_RISK_CAP
2024-07-10 03:00:00+00:00,009540.KS,KRLEVEL_RR|009540|2T|1342|1343|1344,TOTAL_RISK_CAP
2024-07-10 04:00:00+00:00,000810.KS,KRLEVEL_RR|000810|2T|1343|1344|1345,TOTAL_RISK_CAP
2024-07-10 05:00:00+00:00,018260.KS,KRLEVEL_RR|018260|2T|1338|1344|1346,TOTAL_RISK_CAP
2024-07-11 01:00:00+00:00,066570.KS,KRLEVEL_RR|066570|2T|1346|1347|1348,TOTAL_RISK_CAP
2024-07-11 01:00:00+00:00,253450.KQ,KRLEVEL_RR|253450|2T|1344|1346|1348,TOTAL_RISK_CAP
2024-07-11 04:00:00+00:00,005490.KS,KRLEVEL_RR|005490|5T|1349|1350|1351,TOTAL_RISK_CAP
2024-07-11 05:00:00+00:00,064550.KQ,KRLEVEL_RR|064550|2T|1348|1351|1352,TOTAL_RISK_CAP
2024-07-12 01:00:00+00:00,086790.KS,KRLEVEL_RR|086790|2T|1346|1352|1354,GROSS_CAP
2024-07-12 01:00:00+00:00,214370.KQ,KRLEVEL_RR|214370|3T|1289|1292|1294,TOTAL_RISK_CAP
2024-07-12 02:00:00+00:00,420770.KQ,KRLEVEL_RR|420770|2T|1348|1354|1355,TOTAL_RISK_CAP
2024-07-12 03:00:00+00:00,003670.KS,KRLEVEL_RR|003670|6T|1349|1355|1356,TOTAL_RISK_CAP
2024-07-12 03:00:00+00:00,009520.KQ,KRLEVEL_RR|009520|7T|1351|1355|1356,TOTAL_RISK_CAP
2024-07-12 03:00:00+00:00,010130.KS,KRLEVEL_RR|010130|2T|1354|1355|1356,SAME_TICKER_OPEN
2024-07-12 03:00:00+00:00,277810.KQ,KRLEVEL_RR|277810|4T|1350|1355|1356,TOTAL_RISK_CAP
2024-07-12 04:00:00+00:00,096530.KQ,KRLEVEL_RR|096530|2T|1354|1355|1357,GROSS_CAP
2024-07-12 04:00:00+00:00,373220.KS,KRLEVEL_RR|373220|3T|1350|1355|1357,TOTAL_RISK_CAP
2024-07-12 05:00:00+00:00,105560.KS,KRLEVEL_RR|105560|2T|1354|1357|1358,TOTAL_RISK_CAP
2024-07-15 00:00:00+00:00,323410.KS,KRLEVEL_RR|323410|2T|1354|1357|1359,TOTAL_RISK_CAP
2024-07-15 01:00:00+00:00,003550.KS,KRLEVEL_RR|003550|2T|1354|1359|1360,GROSS_CAP
2024-07-15 01:00:00+00:00,033780.KS,KRLEVEL_RR|033780|5T|1354|1358|1360,GROSS_CAP
2024-07-15 01:00:00+00:00,068760.KQ,KRLEVEL_RR|068760|3T|1354|1358|1360,TOTAL_RISK_CAP
2024-07-15 01:00:00+00:00,112040.KQ,KRLEVEL_RR|112040|3T|1355|1358|1360,TOTAL_RISK_CAP
2024-07-15 01:00:00+00:00,140410.KQ,KRLEVEL_RR|140410|2T|1358|1359|1360,TOTAL_RISK_CAP
2024-07-15 03:00:00+00:00,010950.KS,KRLEVEL_RR|010950|2T|1360|1361|1362,GROSS_CAP
2024-07-15 04:00:00+00:00,034020.KS,KRLEVEL_RR|034020|4T|1358|1362|1363,TOTAL_RISK_CAP
2024-07-15 04:00:00+00:00,039200.KQ,KRLEVEL_RR|039200|3T|1361|1362|1363,TOTAL_RISK_CAP
2024-07-16 00:00:00+00:00,086520.KQ,KRLEVEL_RR|086520|2T|1294|1298|1299,GROSS_CAP
2024-07-16 00:00:00+00:00,222800.KQ,KRLEVEL_RR|222800|2T|1363|1364|1365,TOTAL_RISK_CAP
2024-07-16 02:00:00+00:00,028260.KS,KRLEVEL_RR|028260|2T|1365|1366|1367,TOTAL_RISK_CAP
2024-07-16 04:00:00+00:00,009150.KS,KRLEVEL_RR|009150|4T|1367|1368|1369,GROSS_CAP
2024-07-16 04:00:00+00:00,034730.KS,KRLEVEL_RR|034730|3T|1366|1368|1369,TOTAL_RISK_CAP
2024-07-16 05:00:00+00:00,042660.KS,KRLEVEL_RR|042660|3T|1367|1369|1370,TOTAL_RISK_CAP
2024-07-17 01:00:00+00:00,096530.KQ,KRLEVEL_RR|096530|3T|1370|1371|1372,TOTAL_RISK_CAP
2024-07-17 02:00:00+00:00,078600.KQ,KRLEVEL_RR|078600|2T|1370|1371|1373,TOTAL_RISK_CAP
2024-07-17 03:00:00+00:00,096770.KS,KRLEVEL_RR|096770|2T|1372|1373|1374,TOTAL_RISK_CAP
2024-07-17 04:00:00+00:00,055550.KS,KRLEVEL_RR|055550|3T|1373|1374|1375,TOTAL_RISK_CAP
2024-07-17 04:00:00+00:00,214370.KQ,KRLEVEL_RR|214370|2T|1312|1313|1315,TOTAL_RISK_CAP
2024-07-18 00:00:00+00:00,003550.KS,KRLEVEL_RR|003550|3T|1375|1376|1377,MAX_POSITIONS
2024-07-18 01:00:00+00:00,033780.KS,KRLEVEL_RR|033780|2T|1375|1376|1378,TOTAL_RISK_CAP
2024-07-18 04:00:00+00:00,010950.KS,KRLEVEL_RR|010950|2T|1374|1380|1381,TOTAL_RISK_CAP
2024-07-19 03:00:00+00:00,086790.KS,KRLEVEL_RR|086790|3T|1381|1385|1386,TOTAL_RISK_CAP
2024-07-19 05:00:00+00:00,005490.KS,KRLEVEL_RR|005490|3T|1385|1386|1388,TOTAL_RISK_CAP
2024-07-19 05:00:00+00:00,086900.KQ,KRLEVEL_RR|086900|4T|1386|1387|1388,TOTAL_RISK_CAP
2024-07-22 03:00:00+00:00,055550.KS,KRLEVEL_RR|055550|3T|1390|1391|1392,TOTAL_RISK_CAP
2024-07-22 03:00:00+00:00,068760.KQ,KRLEVEL_RR|068760|3T|1389|1390|1392,TOTAL_RISK_CAP
2024-07-22 03:00:00+00:00,207940.KS,KRLEVEL_RR|207940|3T|1386|1390|1392,TOTAL_RISK_CAP
2024-07-23 01:00:00+00:00,028260.KS,KRLEVEL_RR|028260|3T|1394|1395|1396,TOTAL_RISK_CAP
2024-07-23 01:00:00+00:00,105560.KS,KRLEVEL_RR|105560|3T|1394|1395|1396,TOTAL_RISK_CAP
2024-07-24 00:00:00+00:00,042660.KS,KRLEVEL_RR|042660|5T|1399|1400|1401,TOTAL_RISK_CAP
2024-07-24 00:00:00+00:00,328130.KQ,KRLEVEL_RR|328130|2T|1396|1400|1401,TOTAL_RISK_CAP
2024-07-24 01:00:00+00:00,000660.KS,KRLEVEL_RR|000660|2T|1394|1400|1402,TOTAL_RISK_CAP
2024-07-24 01:00:00+00:00,032830.KS,KRLEVEL_RR|032830|5T|1395|1400|1402,TOTAL_RISK_CAP
2024-07-24 02:00:00+00:00,068270.KS,KRLEVEL_RR|068270|5T|1398|1402|1403,TOTAL_RISK_CAP
2024-07-25 01:00:00+00:00,068760.KQ,KRLEVEL_RR|068760|7T|1403|1406|1408,TOTAL_RISK_CAP
2024-07-26 01:00:00+00:00,096530.KQ,KRLEVEL_RR|096530|8T|1409|1412|1414,TOTAL_RISK_CAP
2024-07-26 01:00:00+00:00,329180.KS,KRLEVEL_RR|329180|3T|1412|1413|1414,TOTAL_RISK_CAP
2024-07-26 04:00:00+00:00,122870.KQ,KRLEVEL_RR|122870|2T|1415|1416|1417,TOTAL_RISK_CAP
2024-07-26 05:00:00+00:00,011200.KS,KRLEVEL_RR|011200|2T|1414|1416|1418,TOTAL_RISK_CAP
2024-07-26 05:00:00+00:00,035420.KS,KRLEVEL_RR|035420|2T|1412|1416|1418,TOTAL_RISK_CAP
2024-07-29 00:00:00+00:00,105560.KS,KRLEVEL_RR|105560|3T|1414|1417|1419,TOTAL_RISK_CAP
2024-07-29 04:00:00+00:00,067160.KQ,KRLEVEL_RR|067160|2T|1420|1421|1423,TOTAL_RISK_CAP
2024-07-30 03:00:00+00:00,086520.KQ,KRLEVEL_RR|086520|2T|1360|1361|1362,TOTAL_RISK_CAP
2024-07-30 05:00:00+00:00,039200.KQ,KRLEVEL_RR|039200|2T|1427|1429|1430,TOTAL_RISK_CAP
2024-07-31 01:00:00+00:00,000810.KS,KRLEVEL_RR|000810|2T|1429|1430|1432,TOTAL_RISK_CAP
2024-07-31 01:00:00+00:00,032830.KS,KRLEVEL_RR|032830|3T|1429|1430|1432,TOTAL_RISK_CAP
2024-07-31 05:00:00+00:00,015760.KS,KRLEVEL_RR|015760|5T|1430|1434|1436,SAME_TICKER_OPEN
2024-08-01 00:00:00+00:00,005930.KS,KRLEVEL_RR|005930|4T|1435|1436|1437,TOTAL_RISK_CAP
2024-08-01 00:00:00+00:00,009150.KS,KRLEVEL_RR|009150|2T|1432|1436|1437,TOTAL_RISK_CAP
2024-08-01 00:00:00+00:00,010950.KS,KRLEVEL_RR|010950|3T|1433|1435|1437,TOTAL_RISK_CAP
2024-08-01 01:00:00+00:00,042660.KS,KRLEVEL_RR|042660|6T|1430|1436|1438,TOTAL_RISK_CAP
2024-08-01 03:00:00+00:00,005290.KQ,KRLEVEL_RR|005290|2T|1436|1439|1440,TOTAL_RISK_CAP
2024-08-01 03:00:00+00:00,214370.KQ,KRLEVEL_RR|214370|2T|1378|1379|1380,TOTAL_RISK_CAP
2024-08-01 03:00:00+00:00,420770.KQ,KRLEVEL_RR|420770|2T|1438|1439|1440,TOTAL_RISK_CAP
2024-08-01 04:00:00+00:00,000660.KS,KRLEVEL_RR|000660|2T|1438|1439|1441,TOTAL_RISK_CAP
2024-08-01 04:00:00+00:00,011200.KS,KRLEVEL_RR|011200|2T|1439|1440|1441,TOTAL_RISK_CAP
2024-08-01 04:00:00+00:00,047050.KS,KRLEVEL_RR|047050|2T|1439|1440|1441,TOTAL_RISK_CAP
2024-08-02 02:00:00+00:00,086520.KQ,KRLEVEL_RR|086520|4T|1376|1378|1379,TOTAL_RISK_CAP
2024-08-07 01:00:00+00:00,000810.KS,KRLEVEL_RR|000810|4T|1459|1461|1462,TOTAL_RISK_CAP
2024-08-07 01:00:00+00:00,017670.KS,KRLEVEL_RR|017670|4T|1458|1461|1462,TOTAL_RISK_CAP
2024-08-07 01:00:00+00:00,028260.KS,KRLEVEL_RR|028260|8T|1459|1461|1462,TOTAL_RISK_CAP
2024-08-07 01:00:00+00:00,028300.KQ,KRLEVEL_RR|028300|2T|1459|1460|1462,TOTAL_RISK_CAP
2024-08-07 01:00:00+00:00,032830.KS,KRLEVEL_RR|032830|2T|1456|1461|1462,TOTAL_RISK_CAP
2024-08-07 01:00:00+00:00,068270.KS,KRLEVEL_RR|068270|5T|1459|1461|1462,TOTAL_RISK_CAP
2024-08-07 02:00:00+00:00,011200.KS,KRLEVEL_RR|011200|4T|1459|1461|1463,TOTAL_RISK_CAP
2024-08-07 02:00:00+00:00,055550.KS,KRLEVEL_RR|055550|4T|1459|1461|1463,TOTAL_RISK_CAP
2024-08-07 02:00:00+00:00,105560.KS,KRLEVEL_RR|105560|2T|1459|1461|1463,TOTAL_RISK_CAP
2024-08-07 02:00:00+00:00,140860.KQ,KRLEVEL_RR|140860|3T|1456|1462|1463,TOTAL_RISK_CAP
2024-08-07 04:00:00+00:00,096530.KQ,KRLEVEL_RR|096530|2T|1462|1463|1465,TOTAL_RISK_CAP
2024-08-07 05:00:00+00:00,336570.KQ,KRLEVEL_RR|336570|3T|1462|1464|1466,TOTAL_RISK_CAP
2024-08-08 01:00:00+00:00,009540.KS,KRLEVEL_RR|009540|2T|1463|1467|1468,TOTAL_RISK_CAP
2024-08-08 01:00:00+00:00,010130.KS,KRLEVEL_RR|010130|6T|1466|1467|1468,TOTAL_RISK_CAP
2024-08-08 01:00:00+00:00,042660.KS,KRLEVEL_RR|042660|10T|1466|1467|1468,TOTAL_RISK_CAP
2024-08-08 01:00:00+00:00,329180.KS,KRLEVEL_RR|329180|2T|1465|1466|1468,TOTAL_RISK_CAP
2024-08-08 02:00:00+00:00,041510.KQ,KRLEVEL_RR|041510|3T|1463|1468|1469,TOTAL_RISK_CAP
2024-08-08 02:00:00+00:00,095340.KQ,KRLEVEL_RR|095340|2T|1465|1468|1469,TOTAL_RISK_CAP
2024-08-08 02:00:00+00:00,122870.KQ,KRLEVEL_RR|122870|2T|1462|1467|1469,TOTAL_RISK_CAP
2024-08-08 02:00:00+00:00,323410.KS,KRLEVEL_RR|323410|3T|1463|1467|1469,TOTAL_RISK_CAP
2024-08-08 04:00:00+00:00,086790.KS,KRLEVEL_RR|086790|2T|1463|1469|1471,TOTAL_RISK_CAP
2024-08-09 01:00:00+00:00,033780.KS,KRLEVEL_RR|033780|6T|1468|1472|1474,TOTAL_RISK_CAP
2024-08-09 01:00:00+00:00,086900.KQ,KRLEVEL_RR|086900|7T|1472|1473|1474,TOTAL_RISK_CAP
2024-08-12 00:00:00+00:00,028300.KQ,KRLEVEL_RR|028300|3T|1475|1478|1479,TOTAL_RISK_CAP
2024-08-12 01:00:00+00:00,005290.KQ,KRLEVEL_RR|005290|2T|1474|1478|1480,TOTAL_RISK_CAP
2024-08-12 01:00:00+00:00,005380.KS,KRLEVEL_RR|005380|3T|1474|1478|1480,TOTAL_RISK_CAP
2024-08-12 01:00:00+00:00,034020.KS,KRLEVEL_RR|034020|2T|1474|1479|1480,TOTAL_RISK_CAP
2024-08-12 01:00:00+00:00,067160.KQ,KRLEVEL_RR|067160|2T|1474|1478|1480,TOTAL_RISK_CAP
2024-08-12 01:00:00+00:00,068270.KS,KRLEVEL_RR|068270|5T|1474|1478|1480,TOTAL_RISK_CAP
2024-08-12 01:00:00+00:00,078600.KQ,KRLEVEL_RR|078600|2T|1476|1479|1480,TOTAL_RISK_CAP
2024-08-12 01:00:00+00:00,101490.KQ,KRLEVEL_RR|101490|2T|1474|1478|1480,TOTAL_RISK_CAP
2024-08-12 01:00:00+00:00,403870.KQ,KRLEVEL_RR|403870|2T|1474|1479|1480,TOTAL_RISK_CAP
2024-08-12 03:00:00+00:00,028260.KS,KRLEVEL_RR|028260|6T|1474|1480|1482,TOTAL_RISK_CAP
2024-08-12 04:00:00+00:00,357780.KQ,KRLEVEL_RR|357780|2T|1480|1482|1483,TOTAL_RISK_CAP
2024-08-12 05:00:00+00:00,010130.KS,KRLEVEL_RR|010130|4T|1479|1482|1484,TOTAL_RISK_CAP
2024-08-12 05:00:00+00:00,323410.KS,KRLEVEL_RR|323410|6T|1480|1483|1484,TOTAL_RISK_CAP
2024-08-13 01:00:00+00:00,011200.KS,KRLEVEL_RR|011200|3T|1482|1484|1486,TOTAL_RISK_CAP
2024-08-13 01:00:00+00:00,032830.KS,KRLEVEL_RR|032830|3T|1484|1485|1486,TOTAL_RISK_CAP
2024-08-13 02:00:00+00:00,281740.KQ,KRLEVEL_RR|281740|4T|1480|1486|1487,TOTAL_RISK_CAP
2024-08-14 01:00:00+00:00,005930.KS,KRLEVEL_RR|005930|3T|1486|1490|1492,TOTAL_RISK_CAP
2024-08-14 01:00:00+00:00,055550.KS,KRLEVEL_RR|055550|2T|1487|1491|1492,TOTAL_RISK_CAP
2024-08-14 01:00:00+00:00,373220.KS,KRLEVEL_RR|373220|2T|1490|1491|1492,TOTAL_RISK_CAP
2024-08-16 00:00:00+00:00,006400.KS,KRLEVEL_RR|006400|2T|1493|1495|1497,TOTAL_RISK_CAP
2024-08-16 00:00:00+00:00,348370.KQ,KRLEVEL_RR|348370|2T|1493|1496|1497,TOTAL_RISK_CAP
2024-08-16 00:00:00+00:00,372170.KQ,KRLEVEL_RR|372170|2T|1493|1496|1497,TOTAL_RISK_CAP
2024-08-16 01:00:00+00:00,028300.KQ,KRLEVEL_RR|028300|3T|1492|1496|1498,TOTAL_RISK_CAP
2024-08-16 03:00:00+00:00,000250.KQ,KRLEVEL_RR|000250|2T|1498|1499|1500,TOTAL_RISK_CAP
2024-08-16 03:00:00+00:00,034020.KS,KRLEVEL_RR|034020|3T|1498|1499|1500,TOTAL_RISK_CAP
2024-08-16 04:00:00+00:00,000270.KS,KRLEVEL_RR|000270|2T|1499|1500|1501,MAX_POSITIONS
2024-08-16 04:00:00+00:00,101490.KQ,KRLEVEL_RR|101490|2T|1498|1500|1501,MAX_POSITIONS
2024-08-16 05:00:00+00:00,011200.KS,KRLEVEL_RR|011200|4T|1498|1501|1502,MAX_POSITIONS
2024-08-19 01:00:00+00:00,005380.KS,KRLEVEL_RR|005380|2T|1500|1502|1504,TOTAL_RISK_CAP
2024-08-19 01:00:00+00:00,010130.KS,KRLEVEL_RR|010130|5T|1498|1502|1504,TOTAL_RISK_CAP
2024-08-19 01:00:00+00:00,086790.KS,KRLEVEL_RR|086790|4T|1498|1502|1504,TOTAL_RISK_CAP
2024-08-19 01:00:00+00:00,207940.KS,KRLEVEL_RR|207940|3T|1497|1502|1504,TOTAL_RISK_CAP
2024-08-19 03:00:00+00:00,068270.KS,KRLEVEL_RR|068270|4T|1498|1504|1506,TOTAL_RISK_CAP
2024-08-19 04:00:00+00:00,000660.KS,KRLEVEL_RR|000660|2T|1505|1506|1507,TOTAL_RISK_CAP
2024-08-19 04:00:00+00:00,064550.KQ,KRLEVEL_RR|064550|3T|1505|1506|1507,TOTAL_RISK_CAP
2024-08-20 01:00:00+00:00,017670.KS,KRLEVEL_RR|017670|3T|1505|1508|1510,SAME_TICKER_OPEN
2024-08-20 01:00:00+00:00,105560.KS,KRLEVEL_RR|105560|4T|1504|1509|1510,SAME_TICKER_OPEN
2024-08-20 01:00:00+00:00,281740.KQ,KRLEVEL_RR|281740|2T|1504|1508|1510,MAX_POSITIONS
2024-08-20 02:00:00+00:00,032830.KS,KRLEVEL_RR|032830|5T|1505|1510|1511,MAX_POSITIONS
2024-08-20 03:00:00+00:00,003490.KS,KRLEVEL_RR|003490|4T|1510|1511|1512,MAX_POSITIONS
2024-08-20 03:00:00+00:00,222800.KQ,KRLEVEL_RR|222800|4T|1510|1511|1512,MAX_POSITIONS
2024-08-20 04:00:00+00:00,420770.KQ,KRLEVEL_RR|420770|2T|1506|1511|1513,MAX_POSITIONS
2024-08-20 05:00:00+00:00,009520.KQ,KRLEVEL_RR|009520|2T|1510|1512|1514,MAX_POSITIONS
2024-08-20 05:00:00+00:00,015760.KS,KRLEVEL_RR|015760|2T|1512|1513|1514,MAX_POSITIONS
2024-08-21 00:00:00+00:00,042660.KS,KRLEVEL_RR|042660|4T|1513|1514|1515,SAME_TICKER_OPEN
2024-08-21 02:00:00+00:00,140860.KQ,KRLEVEL_RR|140860|4T|1511|1516|1517,TOTAL_RISK_CAP
2024-08-21 03:00:00+00:00,277810.KQ,KRLEVEL_RR|277810|4T|1515|1517|1518,TOTAL_RISK_CAP
2024-08-21 04:00:00+00:00,006400.KS,KRLEVEL_RR|006400|2T|1517|1518|1519,TOTAL_RISK_CAP
2024-08-21 05:00:00+00:00,018260.KS,KRLEVEL_RR|018260|2T|1516|1519|1520,TOTAL_RISK_CAP
2024-08-22 00:00:00+00:00,033780.KS,KRLEVEL_RR|033780|2T|1516|1519|1521,TOTAL_RISK_CAP
2024-08-22 00:00:00+00:00,207940.KS,KRLEVEL_RR|207940|3T|1518|1520|1521,TOTAL_RISK_CAP
2024-08-22 01:00:00+00:00,047050.KS,KRLEVEL_RR|047050|3T|1518|1520|1522,TOTAL_RISK_CAP
2024-08-22 01:00:00+00:00,096770.KS,KRLEVEL_RR|096770|3T|1517|1520|1522,TOTAL_RISK_CAP
2024-08-22 01:00:00+00:00,122870.KQ,KRLEVEL_RR|122870|3T|1514|1520|1522,TOTAL_RISK_CAP
2024-08-22 02:00:00+00:00,068270.KS,KRLEVEL_RR|068270|3T|1521|1522|1523,TOTAL_RISK_CAP
2024-08-22 04:00:00+00:00,086790.KS,KRLEVEL_RR|086790|2T|1517|1523|1525,TOTAL_RISK_CAP
2024-08-22 04:00:00+00:00,352820.KS,KRLEVEL_RR|352820|2T|1523|1524|1525,TOTAL_RISK_CAP
2024-08-22 05:00:00+00:00,011200.KS,KRLEVEL_RR|011200|3T|1518|1524|1526,TOTAL_RISK_CAP
2024-08-22 05:00:00+00:00,373220.KS,KRLEVEL_RR|373220|3T|1522|1525|1526,TOTAL_RISK_CAP
2024-08-23 00:00:00+00:00,035720.KS,KRLEVEL_RR|035720|2T|1522|1525|1527,TOTAL_RISK_CAP
2024-08-23 01:00:00+00:00,032830.KS,KRLEVEL_RR|032830|4T|1526|1527|1528,TOTAL_RISK_CAP
2024-08-23 01:00:00+00:00,035420.KS,KRLEVEL_RR|035420|3T|1523|1526|1528,TOTAL_RISK_CAP
2024-08-23 01:00:00+00:00,225570.KQ,KRLEVEL_RR|225570|3T|1522|1526|1528,TOTAL_RISK_CAP
2024-08-23 02:00:00+00:00,042660.KS,KRLEVEL_RR|042660|4T|1526|1527|1529,TOTAL_RISK_CAP
2024-08-23 04:00:00+00:00,000270.KS,KRLEVEL_RR|000270|2T|1528|1530|1531,TOTAL_RISK_CAP
2024-08-23 04:00:00+00:00,005380.KS,KRLEVEL_RR|005380|2T|1528|1529|1531,TOTAL_RISK_CAP
2024-08-23 05:00:00+00:00,028300.KQ,KRLEVEL_RR|028300|3T|1529|1530|1532,TOTAL_RISK_CAP
2024-08-26 00:00:00+00:00,034730.KS,KRLEVEL_RR|034730|2T|1526|1531|1533,SAME_TICKER_OPEN
2024-08-26 00:00:00+00:00,055550.KS,KRLEVEL_RR|055550|2T|1530|1531|1533,TOTAL_RISK_CAP
2024-08-26 00:00:00+00:00,140860.KQ,KRLEVEL_RR|140860|4T|1531|1532|1533,TOTAL_RISK_CAP
2024-08-26 01:00:00+00:00,003670.KS,KRLEVEL_RR|003670|4T|1532|1533|1534,TOTAL_RISK_CAP
2024-08-26 01:00:00+00:00,010130.KS,KRLEVEL_RR|010130|4T|1530|1532|1534,SAME_TICKER_OPEN
2024-08-26 01:00:00+00:00,066570.KS,KRLEVEL_RR|066570|2T|1532|1533|1534,TOTAL_RISK_CAP
2024-08-26 01:00:00+00:00,207940.KS,KRLEVEL_RR|207940|2T|1532|1533|1534,TOTAL_RISK_CAP
2024-08-26 01:00:00+00:00,323410.KS,KRLEVEL_RR|323410|5T|1526|1532|1534,TOTAL_RISK_CAP
2024-08-26 01:00:00+00:00,328130.KQ,KRLEVEL_RR|328130|5T|1527|1533|1534,TOTAL_RISK_CAP
2024-08-26 05:00:00+00:00,018260.KS,KRLEVEL_RR|018260|3T|1536|1537|1538,TOTAL_RISK_CAP
2024-08-26 05:00:00+00:00,105560.KS,KRLEVEL_RR|105560|4T|1534|1537|1538,TOTAL_RISK_CAP
2024-08-27 00:00:00+00:00,086790.KS,KRLEVEL_RR|086790|2T|1537|1538|1539,TOTAL_RISK_CAP
2024-08-27 01:00:00+00:00,051910.KS,KRLEVEL_RR|051910|4T|1534|1539|1540,TOTAL_RISK_CAP
2024-08-27 01:00:00+00:00,096770.KS,KRLEVEL_RR|096770|2T|1535|1539|1540,TOTAL_RISK_CAP
2024-08-27 05:00:00+00:00,000250.KQ,KRLEVEL_RR|000250|2T|1541|1542|1544,TOTAL_RISK_CAP
2024-08-27 05:00:00+00:00,006400.KS,KRLEVEL_RR|006400|3T|1540|1543|1544,TOTAL_RISK_CAP
2024-08-27 05:00:00+00:00,348370.KQ,KRLEVEL_RR|348370|2T|1542|1543|1544,TOTAL_RISK_CAP
2024-08-27 05:00:00+00:00,373220.KS,KRLEVEL_RR|373220|3T|1539|1542|1544,TOTAL_RISK_CAP
2024-08-28 01:00:00+00:00,034020.KS,KRLEVEL_RR|034020|2T|1543|1544|1546,TOTAL_RISK_CAP
2024-08-28 01:00:00+00:00,042660.KS,KRLEVEL_RR|042660|2T|1544|1545|1546,TOTAL_RISK_CAP
2024-08-28 01:00:00+00:00,352820.KS,KRLEVEL_RR|352820|4T|1544|1545|1546,TOTAL_RISK_CAP
2024-08-29 00:00:00+00:00,336570.KQ,KRLEVEL_RR|336570|3T|1546|1550|1551,TOTAL_RISK_CAP
2024-08-29 01:00:00+00:00,032830.KS,KRLEVEL_RR|032830|4T|1548|1550|1552,TOTAL_RISK_CAP
2024-08-29 01:00:00+00:00,039200.KQ,KRLEVEL_RR|039200|3T|1547|1551|1552,TOTAL_RISK_CAP
2024-08-29 01:00:00+00:00,281740.KQ,KRLEVEL_RR|281740|4T|1545|1550|1552,TOTAL_RISK_CAP
2024-08-29 04:00:00+00:00,005380.KS,KRLEVEL_RR|005380|2T|1551|1553|1555,TOTAL_RISK_CAP
2024-08-29 04:00:00+00:00,121600.KQ,KRLEVEL_RR|121600|2T|1552|1553|1555,TOTAL_RISK_CAP
2024-08-29 05:00:00+00:00,003550.KS,KRLEVEL_RR|003550|4T|1554|1555|1556,SAME_TICKER_OPEN
2024-08-30 00:00:00+00:00,028300.KQ,KRLEVEL_RR|028300|2T|1552|1556|1557,TOTAL_RISK_CAP
2024-08-30 01:00:00+00:00,011200.KS,KRLEVEL_RR|011200|2T|1556|1557|1558,TOTAL_RISK_CAP
2024-08-30 01:00:00+00:00,140860.KQ,KRLEVEL_RR|140860|4T|1554|1557|1558,TOTAL_RISK_CAP
2024-08-30 03:00:00+00:00,017670.KS,KRLEVEL_RR|017670|3T|1555|1558|1560,TOTAL_RISK_CAP
2024-08-30 04:00:00+00:00,018260.KS,KRLEVEL_RR|018260|3T|1554|1560|1561,TOTAL_RISK_CAP
2024-08-30 04:00:00+00:00,112040.KQ,KRLEVEL_RR|112040|2T|1559|1560|1561,TOTAL_RISK_CAP
2024-08-30 05:00:00+00:00,068270.KS,KRLEVEL_RR|068270|2T|1558|1560|1562,TOTAL_RISK_CAP
2024-09-02 00:00:00+00:00,000250.KQ,KRLEVEL_RR|000250|4T|1558|1561|1563,TOTAL_RISK_CAP
2024-09-02 00:00:00+00:00,034020.KS,KRLEVEL_RR|034020|3T|1558|1562|1563,TOTAL_RISK_CAP
2024-09-02 00:00:00+00:00,047050.KS,KRLEVEL_RR|047050|2T|1557|1561|1563,SAME_TICKER_OPEN
2024-09-02 00:00:00+00:00,096770.KS,KRLEVEL_RR|096770|4T|1560|1561|1563,TOTAL_RISK_CAP
2024-09-02 01:00:00+00:00,348370.KQ,KRLEVEL_RR|348370|2T|1558|1562|1564,TOTAL_RISK_CAP
2024-09-02 04:00:00+00:00,000810.KS,KRLEVEL_RR|000810|5T|1564|1566|1567,TOTAL_RISK_CAP
2024-09-02 04:00:00+00:00,035420.KS,KRLEVEL_RR|035420|2T|1565|1566|1567,TOTAL_RISK_CAP
2024-09-02 04:00:00+00:00,086790.KS,KRLEVEL_RR|086790|9T|1564|1566|1567,TOTAL_RISK_CAP
2024-09-02 04:00:00+00:00,336570.KQ,KRLEVEL_RR|336570|3T|1564|1566|1567,TOTAL_RISK_CAP
2024-09-02 04:00:00+00:00,372170.KQ,KRLEVEL_RR|372170|2T|1564|1566|1567,TOTAL_RISK_CAP
2024-09-03 00:00:00+00:00,365340.KQ,KRLEVEL_RR|365340|2T|1565|1567|1569,TOTAL_RISK_CAP
2024-09-03 01:00:00+00:00,010130.KS,KRLEVEL_RR|010130|5T|1568|1569|1570,TOTAL_RISK_CAP
2024-09-03 01:00:00+00:00,032830.KS,KRLEVEL_RR|032830|2T|1568|1569|1570,TOTAL_RISK_CAP
2024-09-03 01:00:00+00:00,086520.KQ,KRLEVEL_RR|086520|2T|1498|1503|1504,TOTAL_RISK_CAP
2024-09-03 01:00:00+00:00,393890.KQ,KRLEVEL_RR|393890|2T|1567|1568|1570,TOTAL_RISK_CAP
2024-09-04 00:00:00+00:00,214370.KQ,KRLEVEL_RR|214370|2T|1510|1513|1515,TOTAL_RISK_CAP
2024-09-04 02:00:00+00:00,003550.KS,KRLEVEL_RR|003550|3T|1570|1576|1577,TOTAL_RISK_CAP
2024-09-05 01:00:00+00:00,006400.KS,KRLEVEL_RR|006400|3T|1580|1581|1582,TOTAL_RISK_CAP
2024-09-05 01:00:00+00:00,017670.KS,KRLEVEL_RR|017670|2T|1575|1580|1582,TOTAL_RISK_CAP
2024-09-05 01:00:00+00:00,028260.KS,KRLEVEL_RR|028260|2T|1580|1581|1582,TOTAL_RISK_CAP
2024-09-05 01:00:00+00:00,042660.KS,KRLEVEL_RR|042660|2T|1579|1581|1582,TOTAL_RISK_CAP
2024-09-05 04:00:00+00:00,055550.KS,KRLEVEL_RR|055550|5T|1582|1584|1585,TOTAL_RISK_CAP
2024-09-06 02:00:00+00:00,096770.KS,KRLEVEL_RR|096770|4T|1582|1587|1589,TOTAL_RISK_CAP
2024-09-06 04:00:00+00:00,207940.KS,KRLEVEL_RR|207940|3T|1587|1589|1591,TOTAL_RISK_CAP
2024-09-09 03:00:00+00:00,068270.KS,KRLEVEL_RR|068270|3T|1592|1595|1596,TOTAL_RISK_CAP
2024-09-09 03:00:00+00:00,336570.KQ,KRLEVEL_RR|336570|2T|1591|1595|1596,TOTAL_RISK_CAP
2024-09-09 05:00:00+00:00,009540.KS,KRLEVEL_RR|009540|2T|1592|1597|1598,TOTAL_RISK_CAP
2024-09-09 05:00:00+00:00,329180.KS,KRLEVEL_RR|329180|3T|1592|1597|1598,TOTAL_RISK_CAP
2024-09-10 01:00:00+00:00,017670.KS,KRLEVEL_RR|017670|2T|1595|1599|1600,TOTAL_RISK_CAP
2024-09-10 01:00:00+00:00,018260.KS,KRLEVEL_RR|018260|3T|1598|1599|1600,TOTAL_RISK_CAP
2024-09-10 01:00:00+00:00,068760.KQ,KRLEVEL_RR|068760|2T|1596|1598|1600,TOTAL_RISK_CAP
2024-09-10 02:00:00+00:00,066570.KS,KRLEVEL_RR|066570|4T|1596|1599|1601,TOTAL_RISK_CAP
2024-09-10 03:00:00+00:00,032830.KS,KRLEVEL_RR|032830|3T|1600|1601|1602,TOTAL_RISK_CAP
2024-09-10 03:00:00+00:00,328130.KQ,KRLEVEL_RR|328130|3T|1600|1601|1602,TOTAL_RISK_CAP
2024-09-10 04:00:00+00:00,055550.KS,KRLEVEL_RR|055550|4T|1600|1602|1603,TOTAL_RISK_CAP
2024-09-10 05:00:00+00:00,096770.KS,KRLEVEL_RR|096770|2T|1600|1602|1604,TOTAL_RISK_CAP
2024-09-11 00:00:00+00:00,047050.KS,KRLEVEL_RR|047050|3T|1600|1603|1605,TOTAL_RISK_CAP
2024-09-11 01:00:00+00:00,035420.KS,KRLEVEL_RR|035420|3T|1600|1604|1606,TOTAL_RISK_CAP
2024-09-11 01:00:00+00:00,281740.KQ,KRLEVEL_RR|281740|4T|1600|1604|1606,TOTAL_RISK_CAP
2024-09-11 03:00:00+00:00,006400.KS,KRLEVEL_RR|006400|3T|1606|1607|1608,TOTAL_RISK_CAP
2024-09-11 03:00:00+00:00,034730.KS,KRLEVEL_RR|034730|2T|1606|1607|1608,TOTAL_RISK_CAP
2024-09-11 04:00:00+00:00,010130.KS,KRLEVEL_RR|010130|4T|1606|1607|1609,TOTAL_RISK_CAP
2024-09-11 04:00:00+00:00,352820.KS,KRLEVEL_RR|352820|3T|1606|1607|1609,TOTAL_RISK_CAP
2024-09-12 01:00:00+00:00,003670.KS,KRLEVEL_RR|003670|4T|1609|1610|1612,TOTAL_RISK_CAP
2024-09-12 01:00:00+00:00,005490.KS,KRLEVEL_RR|005490|2T|1608|1610|1612,TOTAL_RISK_CAP
2024-09-12 01:00:00+00:00,009520.KQ,KRLEVEL_RR|009520|2T|1606|1611|1612,TOTAL_RISK_CAP
2024-09-12 01:00:00+00:00,028300.KQ,KRLEVEL_RR|028300|4T|1610|1611|1612,SAME_TICKER_OPEN
2024-09-12 01:00:00+00:00,096530.KQ,KRLEVEL_RR|096530|3T|1606|1611|1612,TOTAL_RISK_CAP
2024-09-12 01:00:00+00:00,348370.KQ,KRLEVEL_RR|348370|6T|1606|1610|1612,TOTAL_RISK_CAP
2024-09-12 03:00:00+00:00,372170.KQ,KRLEVEL_RR|372170|2T|1612|1613|1614,TOTAL_RISK_CAP
2024-09-12 04:00:00+00:00,051910.KS,KRLEVEL_RR|051910|5T|1612|1613|1615,TOTAL_RISK_CAP
2024-09-12 04:00:00+00:00,095340.KQ,KRLEVEL_RR|095340|2T|1613|1614|1615,TOTAL_RISK_CAP
2024-09-13 00:00:00+00:00,277810.KQ,KRLEVEL_RR|277810|2T|1615|1616|1617,TOTAL_RISK_CAP
2024-09-13 00:00:00+00:00,336570.KQ,KRLEVEL_RR|336570|2T|1613|1615|1617,TOTAL_RISK_CAP
2024-09-13 01:00:00+00:00,005380.KS,KRLEVEL_RR|005380|3T|1612|1616|1618,TOTAL_RISK_CAP
2024-09-13 01:00:00+00:00,028260.KS,KRLEVEL_RR|028260|3T|1613|1616|1618,TOTAL_RISK_CAP
2024-09-13 03:00:00+00:00,033780.KS,KRLEVEL_RR|033780|2T|1618|1619|1620,TOTAL_RISK_CAP
2024-09-13 03:00:00+00:00,207940.KS,KRLEVEL_RR|207940|4T|1612|1618|1620,TOTAL_RISK_CAP
2024-09-13 03:00:00+00:00,329180.KS,KRLEVEL_RR|329180|2T|1618|1619|1620,TOTAL_RISK_CAP
2024-09-19 00:00:00+00:00,000810.KS,KRLEVEL_RR|000810|4T|1618|1621|1623,TOTAL_RISK_CAP
2024-09-19 00:00:00+00:00,034730.KS,KRLEVEL_RR|034730|2T|1621|1622|1623,TOTAL_RISK_CAP
2024-09-19 00:00:00+00:00,403870.KQ,KRLEVEL_RR|403870|3T|1618|1622|1623,TOTAL_RISK_CAP
2024-09-19 01:00:00+00:00,009540.KS,KRLEVEL_RR|009540|3T|1620|1622|1624,TOTAL_RISK_CAP
2024-09-19 01:00:00+00:00,011200.KS,KRLEVEL_RR|011200|3T|1622|1623|1624,TOTAL_RISK_CAP
2024-09-19 01:00:00+00:00,012330.KS,KRLEVEL_RR|012330|5T|1621|1622|1624,TOTAL_RISK_CAP
2024-09-19 01:00:00+00:00,034020.KS,KRLEVEL_RR|034020|4T|1622|1623|1624,TOTAL_RISK_CAP
2024-09-19 01:00:00+00:00,042660.KS,KRLEVEL_RR|042660|2T|1618|1622|1624,TOTAL_RISK_CAP
2024-09-19 01:00:00+00:00,068270.KS,KRLEVEL_RR|068270|4T|1620|1622|1624,TOTAL_RISK_CAP
2024-09-19 02:00:00+00:00,003550.KS,KRLEVEL_RR|003550|2T|1621|1623|1625,TOTAL_RISK_CAP
2024-09-19 03:00:00+00:00,000270.KS,KRLEVEL_RR|000270|2T|1624|1625|1626,TOTAL_RISK_CAP
2024-09-19 03:00:00+00:00,005490.KS,KRLEVEL_RR|005490|4T|1623|1625|1626,TOTAL_RISK_CAP
2024-09-19 03:00:00+00:00,086790.KS,KRLEVEL_RR|086790|4T|1624|1625|1626,TOTAL_RISK_CAP
2024-09-19 04:00:00+00:00,003490.KS,KRLEVEL_RR|003490|2T|1623|1626|1627,TOTAL_RISK_CAP
2024-09-19 04:00:00+00:00,086900.KQ,KRLEVEL_RR|086900|5T|1624|1625|1627,TOTAL_RISK_CAP
2024-09-19 05:00:00+00:00,095340.KQ,KRLEVEL_RR|095340|2T|1626|1627|1628,TOTAL_RISK_CAP
2024-09-20 01:00:00+00:00,006400.KS,KRLEVEL_RR|006400|5T|1626|1628|1630,TOTAL_RISK_CAP
2024-09-20 01:00:00+00:00,009520.KQ,KRLEVEL_RR|009520|2T|1627|1628|1630,TOTAL_RISK_CAP
2024-09-20 01:00:00+00:00,032830.KS,KRLEVEL_RR|032830|3T|1624|1629|1630,TOTAL_RISK_CAP
2024-09-20 01:00:00+00:00,047050.KS,KRLEVEL_RR|047050|2T|1626|1629|1630,TOTAL_RISK_CAP
2024-09-20 01:00:00+00:00,051910.KS,KRLEVEL_RR|051910|4T|1628|1629|1630,TOTAL_RISK_CAP
2024-09-20 01:00:00+00:00,281740.KQ,KRLEVEL_RR|281740|2T|1626|1629|1630,TOTAL_RISK_CAP
2024-09-20 02:00:00+00:00,140860.KQ,KRLEVEL_RR|140860|2T|1628|1629|1631,TOTAL_RISK_CAP
2024-09-23 01:00:00+00:00,000660.KS,KRLEVEL_RR|000660|2T|1633|1634|1636,TOTAL_RISK_CAP
2024-09-23 01:00:00+00:00,009150.KS,KRLEVEL_RR|009150|2T|1630|1634|1636,TOTAL_RISK_CAP
2024-09-23 01:00:00+00:00,028300.KQ,KRLEVEL_RR|028300|3T|1630|1635|1636,TOTAL_RISK_CAP
2024-09-23 01:00:00+00:00,086520.KQ,KRLEVEL_RR|086520|3T|1564|1568|1570,TOTAL_RISK_CAP
2024-09-23 01:00:00+00:00,328130.KQ,KRLEVEL_RR|328130|2T|1633|1634|1636,TOTAL_RISK_CAP
2024-09-23 01:00:00+00:00,372170.KQ,KRLEVEL_RR|372170|2T|1630|1634|1636,TOTAL_RISK_CAP
2024-09-23 01:00:00+00:00,383310.KQ,KRLEVEL_RR|383310|2T|1630|1634|1636,TOTAL_RISK_CAP
2024-09-23 03:00:00+00:00,105560.KS,KRLEVEL_RR|105560|4T|1636|1637|1638,TOTAL_RISK_CAP
2024-09-23 04:00:00+00:00,122870.KQ,KRLEVEL_RR|122870|3T|1632|1637|1639,TOTAL_RISK_CAP
2024-09-23 04:00:00+00:00,253450.KQ,KRLEVEL_RR|253450|4T|1634|1637|1639,TOTAL_RISK_CAP
2024-09-24 00:00:00+00:00,003670.KS,KRLEVEL_RR|003670|2T|1636|1640|1641,TOTAL_RISK_CAP
2024-09-24 00:00:00+00:00,067160.KQ,KRLEVEL_RR|067160|4T|1639|1640|1641,TOTAL_RISK_CAP
2024-09-24 01:00:00+00:00,041510.KQ,KRLEVEL_RR|041510|2T|1638|1641|1642,TOTAL_RISK_CAP
2024-09-24 01:00:00+00:00,095340.KQ,KRLEVEL_RR|095340|3T|1640|1641|1642,TOTAL_RISK_CAP
2024-09-24 01:00:00+00:00,121600.KQ,KRLEVEL_RR|121600|2T|1637|1640|1642,TOTAL_RISK_CAP
2024-09-24 02:00:00+00:00,064550.KQ,KRLEVEL_RR|064550|2T|1635|1641|1643,TOTAL_RISK_CAP
2024-09-24 03:00:00+00:00,011200.KS,KRLEVEL_RR|011200|2T|1642|1643|1644,TOTAL_RISK_CAP
2024-09-24 03:00:00+00:00,035420.KS,KRLEVEL_RR|035420|3T|1638|1643|1644,TOTAL_RISK_CAP
2024-09-24 03:00:00+00:00,420770.KQ,KRLEVEL_RR|420770|2T|1642|1643|1644,TOTAL_RISK_CAP
2024-09-24 04:00:00+00:00,039200.KQ,KRLEVEL_RR|039200|2T|1643|1644|1645,TOTAL_RISK_CAP
2024-09-24 05:00:00+00:00,000810.KS,KRLEVEL_RR|000810|5T|1644|1645|1646,TOTAL_RISK_CAP
2024-09-24 05:00:00+00:00,055550.KS,KRLEVEL_RR|055550|3T|1639|1645|1646,TOTAL_RISK_CAP
2024-09-24 05:00:00+00:00,329180.KS,KRLEVEL_RR|329180|4T|1642|1645|1646,TOTAL_RISK_CAP
2024-09-24 05:00:00+00:00,348370.KQ,KRLEVEL_RR|348370|4T|1642|1645|1646,TOTAL_RISK_CAP
2024-09-24 05:00:00+00:00,365340.KQ,KRLEVEL_RR|365340|4T|1642|1644|1646,TOTAL_RISK_CAP
2024-09-24 05:00:00+00:00,373220.KS,KRLEVEL_RR|373220|2T|1642|1644|1646,TOTAL_RISK_CAP
2024-09-25 00:00:00+00:00,005290.KQ,KRLEVEL_RR|005290|4T|1645|1646|1647,TOTAL_RISK_CAP
2024-09-25 01:00:00+00:00,042660.KS,KRLEVEL_RR|042660|2T|1646|1647|1648,TOTAL_RISK_CAP
2024-09-25 01:00:00+00:00,086900.KQ,KRLEVEL_RR|086900|2T|1646|1647|1648,TOTAL_RISK_CAP
2024-09-25 01:00:00+00:00,112040.KQ,KRLEVEL_RR|112040|2T|1646|1647|1648,TOTAL_RISK_CAP
2024-09-25 01:00:00+00:00,357780.KQ,KRLEVEL_RR|357780|2T|1642|1646|1648,TOTAL_RISK_CAP
2024-09-25 01:00:00+00:00,403870.KQ,KRLEVEL_RR|403870|4T|1642|1647|1648,TOTAL_RISK_CAP
2024-09-25 03:00:00+00:00,096530.KQ,KRLEVEL_RR|096530|2T|1648|1649|1650,TOTAL_RISK_CAP
2024-09-25 05:00:00+00:00,140860.KQ,KRLEVEL_RR|140860|4T|1647|1650|1652,TOTAL_RISK_CAP
2024-09-26 01:00:00+00:00,012330.KS,KRLEVEL_RR|012330|5T|1652|1653|1654,TOTAL_RISK_CAP
2024-09-26 02:00:00+00:00,034020.KS,KRLEVEL_RR|034020|2T|1648|1654|1655,TOTAL_RISK_CAP
2024-09-26 02:00:00+00:00,035720.KS,KRLEVEL_RR|035720|2T|1648|1653|1655,TOTAL_RISK_CAP
2024-09-26 02:00:00+00:00,101490.KQ,KRLEVEL_RR|101490|4T|1648|1653|1655,TOTAL_RISK_CAP
2024-09-26 03:00:00+00:00,005380.KS,KRLEVEL_RR|005380|2T|1648|1654|1656,TOTAL_RISK_CAP
2024-09-26 03:00:00+00:00,078600.KQ,KRLEVEL_RR|078600|2T|1654|1655|1656,TOTAL_RISK_CAP
2024-09-26 03:00:00+00:00,121600.KQ,KRLEVEL_RR|121600|4T|1654|1655|1656,TOTAL_RISK_CAP
2024-09-26 03:00:00+00:00,253450.KQ,KRLEVEL_RR|253450|2T|1654|1655|1656,TOTAL_RISK_CAP
2024-09-26 05:00:00+00:00,000270.KS,KRLEVEL_RR|000270|6T|1655|1656|1658,TOTAL_RISK_CAP
2024-09-26 05:00:00+00:00,006400.KS,KRLEVEL_RR|006400|2T|1656|1657|1658,TOTAL_RISK_CAP
2024-09-26 05:00:00+00:00,035420.KS,KRLEVEL_RR|035420|2T|1655|1656|1658,TOTAL_RISK_CAP
2024-09-26 05:00:00+00:00,047050.KS,KRLEVEL_RR|047050|2T|1654|1656|1658,TOTAL_RISK_CAP
2024-09-27 00:00:00+00:00,011200.KS,KRLEVEL_RR|011200|2T|1655|1658|1659,TOTAL_RISK_CAP
2024-09-27 00:00:00+00:00,018260.KS,KRLEVEL_RR|018260|2T|1655|1657|1659,TOTAL_RISK_CAP
2024-09-27 01:00:00+00:00,055550.KS,KRLEVEL_RR|055550|4T|1657|1658|1660,TOTAL_RISK_CAP
2024-09-27 01:00:00+00:00,122870.KQ,KRLEVEL_RR|122870|3T|1655|1658|1660,TOTAL_RISK_CAP
2024-09-27 03:00:00+00:00,033780.KS,KRLEVEL_RR|033780|2T|1654|1660|1662,TOTAL_RISK_CAP
2024-09-27 03:00:00+00:00,225570.KQ,KRLEVEL_RR|225570|2T|1659|1661|1662,TOTAL_RISK_CAP
2024-09-27 03:00:00+00:00,373220.KS,KRLEVEL_RR|373220|2T|1658|1661|1662,TOTAL_RISK_CAP
2024-09-27 04:00:00+00:00,015760.KS,KRLEVEL_RR|015760|3T|1660|1661|1663,TOTAL_RISK_CAP
2024-09-27 04:00:00+00:00,041510.KQ,KRLEVEL_RR|041510|4T|1660|1662|1663,TOTAL_RISK_CAP
2024-09-27 04:00:00+00:00,105560.KS,KRLEVEL_RR|105560|4T|1660|1662|1663,TOTAL_RISK_CAP
2024-09-27 04:00:00+00:00,112040.KQ,KRLEVEL_RR|112040|5T|1661|1662|1663,TOTAL_RISK_CAP
2024-09-27 04:00:00+00:00,365340.KQ,KRLEVEL_RR|365340|3T|1658|1662|1663,TOTAL_RISK_CAP
2024-09-30 01:00:00+00:00,140860.KQ,KRLEVEL_RR|140860|2T|1663|1665|1666,TOTAL_RISK_CAP
2024-09-30 04:00:00+00:00,277810.KQ,KRLEVEL_RR|277810|2T|1666|1668|1669,TOTAL_RISK_CAP
2024-10-02 01:00:00+00:00,403870.KQ,KRLEVEL_RR|403870|2T|1670|1671|1672,TOTAL_RISK_CAP
2024-10-02 03:00:00+00:00,055550.KS,KRLEVEL_RR|055550|2T|1672|1673|1674,TOTAL_RISK_CAP
2024-10-02 04:00:00+00:00,006400.KS,KRLEVEL_RR|006400|2T|1673|1674|1675,TOTAL_RISK_CAP
2024-10-02 04:00:00+00:00,086790.KS,KRLEVEL_RR|086790|2T|1669|1674|1675,TOTAL_RISK_CAP
2024-10-02 04:00:00+00:00,122870.KQ,KRLEVEL_RR|122870|3T|1673|1674|1675,TOTAL_RISK_CAP
2024-10-02 04:00:00+00:00,328130.KQ,KRLEVEL_RR|328130|5T|1669|1673|1675,TOTAL_RISK_CAP
2024-10-02 04:00:00+00:00,357780.KQ,KRLEVEL_RR|357780|3T|1673|1674|1675,TOTAL_RISK_CAP
2024-10-02 04:00:00+00:00,420770.KQ,KRLEVEL_RR|420770|5T|1673|1674|1675,TOTAL_RISK_CAP
2024-10-04 01:00:00+00:00,000250.KQ,KRLEVEL_RR|000250|2T|1675|1676|1678,TOTAL_RISK_CAP
2024-10-04 01:00:00+00:00,010130.KS,KRLEVEL_RR|010130|5T|1675|1677|1678,TOTAL_RISK_CAP
2024-10-04 01:00:00+00:00,028300.KQ,KRLEVEL_RR|028300|2T|1673|1677|1678,TOTAL_RISK_CAP
2024-10-04 01:00:00+00:00,035420.KS,KRLEVEL_RR|035420|4T|1675|1676|1678,TOTAL_RISK_CAP
2024-10-04 01:00:00+00:00,041510.KQ,KRLEVEL_RR|041510|4T|1675|1676|1678,TOTAL_RISK_CAP
2024-10-04 01:00:00+00:00,095340.KQ,KRLEVEL_RR|095340|2T|1670|1676|1678,TOTAL_RISK_CAP
2024-10-04 01:00:00+00:00,207940.KS,KRLEVEL_RR|207940|4T|1675|1676|1678,TOTAL_RISK_CAP
2024-10-04 01:00:00+00:00,214370.KQ,KRLEVEL_RR|214370|6T|1614|1616|1618,TOTAL_RISK_CAP
2024-10-04 01:00:00+00:00,253450.KQ,KRLEVEL_RR|253450|2T|1675|1677|1678,TOTAL_RISK_CAP
2024-10-04 01:00:00+00:00,329180.KS,KRLEVEL_RR|329180|2T|1673|1676|1678,TOTAL_RISK_CAP
2024-10-04 01:00:00+00:00,383310.KQ,KRLEVEL_RR|383310|3T|1675|1676|1678,SAME_TICKER_OPEN
2024-10-04 03:00:00+00:00,140860.KQ,KRLEVEL_RR|140860|6T|1678|1679|1680,TOTAL_RISK_CAP
2024-10-04 03:00:00+00:00,348370.KQ,KRLEVEL_RR|348370|4T|1675|1679|1680,TOTAL_RISK_CAP
2024-10-04 05:00:00+00:00,017670.KS,KRLEVEL_RR|017670|3T|1678|1681|1682,TOTAL_RISK_CAP
2024-10-04 05:00:00+00:00,039200.KQ,KRLEVEL_RR|039200|2T|1679|1680|1682,TOTAL_RISK_CAP
2024-10-07 00:00:00+00:00,009540.KS,KRLEVEL_RR|009540|2T|1675|1681|1683,TOTAL_RISK_CAP
2024-10-07 00:00:00+00:00,010950.KS,KRLEVEL_RR|010950|2T|1678|1681|1683,TOTAL_RISK_CAP
2024-10-07 01:00:00+00:00,000660.KS,KRLEVEL_RR|000660|2T|1679|1682|1684,TOTAL_RISK_CAP
2024-10-07 03:00:00+00:00,035720.KS,KRLEVEL_RR|035720|2T|1678|1684|1686,TOTAL_RISK_CAP
2024-10-07 03:00:00+00:00,047050.KS,KRLEVEL_RR|047050|3T|1684|1685|1686,TOTAL_RISK_CAP
2024-10-07 03:00:00+00:00,277810.KQ,KRLEVEL_RR|277810|4T|1684|1685|1686,TOTAL_RISK_CAP
2024-10-07 04:00:00+00:00,032830.KS,KRLEVEL_RR|032830|2T|1685|1686|1687,TOTAL_RISK_CAP
2024-10-07 04:00:00+00:00,042660.KS,KRLEVEL_RR|042660|2T|1685|1686|1687,TOTAL_RISK_CAP
2024-10-07 04:00:00+00:00,393890.KQ,KRLEVEL_RR|393890|2T|1684|1685|1687,TOTAL_RISK_CAP
2024-10-07 05:00:00+00:00,034020.KS,KRLEVEL_RR|034020|5T|1686|1687|1688,TOTAL_RISK_CAP
2024-10-07 05:00:00+00:00,105560.KS,KRLEVEL_RR|105560|5T|1686|1687|1688,TOTAL_RISK_CAP
2024-10-08 00:00:00+00:00,086520.KQ,KRLEVEL_RR|086520|2T|1618|1622|1623,TOTAL_RISK_CAP
2024-10-08 02:00:00+00:00,012330.KS,KRLEVEL_RR|012330|2T|1686|1689|1691,TOTAL_RISK_CAP
2024-10-08 03:00:00+00:00,121600.KQ,KRLEVEL_RR|121600|2T|1685|1691|1692,TOTAL_RISK_CAP
2024-10-08 03:00:00+00:00,352820.KS,KRLEVEL_RR|352820|2T|1690|1691|1692,SAME_TICKER_OPEN
2024-10-08 03:00:00+00:00,373220.KS,KRLEVEL_RR|373220|3T|1684|1690|1692,TOTAL_RISK_CAP
2024-10-08 05:00:00+00:00,003670.KS,KRLEVEL_RR|003670|3T|1692|1693|1694,TOTAL_RISK_CAP
2024-10-08 05:00:00+00:00,086790.KS,KRLEVEL_RR|086790|3T|1687|1692|1694,TOTAL_RISK_CAP
2024-10-08 05:00:00+00:00,348370.KQ,KRLEVEL_RR|348370|4T|1692|1693|1694,TOTAL_RISK_CAP
2024-10-10 01:00:00+00:00,005380.KS,KRLEVEL_RR|005380|2T|1689|1694|1696,TOTAL_RISK_CAP
2024-10-10 02:00:00+00:00,096770.KS,KRLEVEL_RR|096770|2T|1694|1696|1697,TOTAL_RISK_CAP
2024-10-10 03:00:00+00:00,055550.KS,KRLEVEL_RR|055550|2T|1696|1697|1698,TOTAL_RISK_CAP
2024-10-10 03:00:00+00:00,329180.KS,KRLEVEL_RR|329180|3T|1696|1697|1698,TOTAL_RISK_CAP
2024-10-10 04:00:00+00:00,086900.KQ,KRLEVEL_RR|086900|2T|1696|1698|1699,TOTAL_RISK_CAP
2024-10-11 00:00:00+00:00,000250.KQ,KRLEVEL_RR|000250|4T|1699|1700|1701,TOTAL_RISK_CAP
2024-10-11 00:00:00+00:00,039200.KQ,KRLEVEL_RR|039200|3T|1696|1700|1701,TOTAL_RISK_CAP
2024-10-11 01:00:00+00:00,006400.KS,KRLEVEL_RR|006400|4T|1694|1700|1702,TOTAL_RISK_CAP
2024-10-11 01:00:00+00:00,253450.KQ,KRLEVEL_RR|253450|2T|1700|1701|1702,TOTAL_RISK_CAP
2024-10-11 03:00:00+00:00,068270.KS,KRLEVEL_RR|068270|2T|1697|1702|1704,TOTAL_RISK_CAP
2024-10-11 04:00:00+00:00,032830.KS,KRLEVEL_RR|032830|4T|1702|1704|1705,TOTAL_RISK_CAP
2024-10-11 05:00:00+00:00,035420.KS,KRLEVEL_RR|035420|3T|1700|1704|1706,TOTAL_RISK_CAP
2024-10-14 03:00:00+00:00,086790.KS,KRLEVEL_RR|086790|4T|1708|1709|1710,TOTAL_RISK_CAP
2024-10-14 04:00:00+00:00,000660.KS,KRLEVEL_RR|000660|3T|1708|1709|1711,TOTAL_RISK_CAP
2024-10-14 04:00:00+00:00,000810.KS,KRLEVEL_RR|000810|2T|1709|1710|1711,TOTAL_RISK_CAP
2024-10-14 04:00:00+00:00,277810.KQ,KRLEVEL_RR|277810|9T|1708|1710|1711,TOTAL_RISK_CAP
2024-10-14 05:00:00+00:00,010950.KS,KRLEVEL_RR|010950|2T|1707|1710|1712,TOTAL_RISK_CAP
2024-10-15 00:00:00+00:00,034020.KS,KRLEVEL_RR|034020|3T|1710|1711|1713,TOTAL_RISK_CAP
2024-10-15 00:00:00+00:00,222800.KQ,KRLEVEL_RR|222800|2T|1708|1712|1713,TOTAL_RISK_CAP
2024-10-15 01:00:00+00:00,015760.KS,KRLEVEL_RR|015760|2T|1710|1712|1714,TOTAL_RISK_CAP
2024-10-15 01:00:00+00:00,039200.KQ,KRLEVEL_RR|039200|3T|1712|1713|1714,TOTAL_RISK_CAP
2024-10-15 01:00:00+00:00,042660.KS,KRLEVEL_RR|042660|2T|1710|1712|1714,TOTAL_RISK_CAP
2024-10-15 01:00:00+00:00,095340.KQ,KRLEVEL_RR|095340|7T|1710|1712|1714,TOTAL_RISK_CAP
2024-10-15 01:00:00+00:00,140410.KQ,KRLEVEL_RR|140410|3T|1710|1712|1714,TOTAL_RISK_CAP
2024-10-15 01:00:00+00:00,323410.KS,KRLEVEL_RR|323410|6T|1710|1712|1714,TOTAL_RISK_CAP
2024-10-15 02:00:00+00:00,003550.KS,KRLEVEL_RR|003550|2T|1711|1713|1715,TOTAL_RISK_CAP
2024-10-15 02:00:00+00:00,012330.KS,KRLEVEL_RR|012330|3T|1713|1714|1715,TOTAL_RISK_CAP
2024-10-15 04:00:00+00:00,140860.KQ,KRLEVEL_RR|140860|6T|1715|1716|1717,TOTAL_RISK_CAP
2024-10-15 05:00:00+00:00,035720.KS,KRLEVEL_RR|035720|2T|1716|1717|1718,TOTAL_RISK_CAP
2024-10-15 05:00:00+00:00,101490.KQ,KRLEVEL_RR|101490|5T|1714|1717|1718,TOTAL_RISK_CAP
2024-10-15 05:00:00+00:00,352820.KS,KRLEVEL_RR|352820|2T|1713|1716|1718,TOTAL_RISK_CAP
2024-10-17 03:00:00+00:00,041510.KQ,KRLEVEL_RR|041510|2T|1726|1727|1728,TOTAL_RISK_CAP
2024-10-17 05:00:00+00:00,009540.KS,KRLEVEL_RR|009540|4T|1723|1729|1730,TOTAL_RISK_CAP
2024-10-17 05:00:00+00:00,042660.KS,KRLEVEL_RR|042660|2T|1728|1729|1730,TOTAL_RISK_CAP
2024-10-18 00:00:00+00:00,403870.KQ,KRLEVEL_RR|403870|2T|1729|1730|1731,TOTAL_RISK_CAP
2024-10-18 03:00:00+00:00,323410.KS,KRLEVEL_RR|323410|2T|1727|1733|1734,TOTAL_RISK_CAP
2024-10-21 01:00:00+00:00,015760.KS,KRLEVEL_RR|015760|2T|1736|1737|1738,TOTAL_RISK_CAP
2024-10-21 01:00:00+00:00,017670.KS,KRLEVEL_RR|017670|3T|1735|1736|1738,TOTAL_RISK_CAP
2024-10-21 01:00:00+00:00,064550.KQ,KRLEVEL_RR|064550|2T|1732|1737|1738,TOTAL_RISK_CAP
2024-10-21 01:00:00+00:00,096770.KS,KRLEVEL_RR|096770|4T|1733|1736|1738,TOTAL_RISK_CAP
2024-10-21 04:00:00+00:00,011200.KS,KRLEVEL_RR|011200|2T|1738|1740|1741,SAME_TICKER_OPEN
2024-10-21 04:00:00+00:00,039200.KQ,KRLEVEL_RR|039200|4T|1737|1740|1741,TOTAL_RISK_CAP
2024-10-22 00:00:00+00:00,348370.KQ,KRLEVEL_RR|348370|2T|1740|1741|1743,TOTAL_RISK_CAP
2024-10-22 01:00:00+00:00,032830.KS,KRLEVEL_RR|032830|2T|1738|1742|1744,TOTAL_RISK_CAP
2024-10-22 05:00:00+00:00,033780.KS,KRLEVEL_RR|033780|4T|1745|1747|1748,SAME_TICKER_OPEN
2024-10-22 05:00:00+00:00,122870.KQ,KRLEVEL_RR|122870|5T|1744|1746|1748,TOTAL_RISK_CAP
2024-10-23 01:00:00+00:00,095340.KQ,KRLEVEL_RR|095340|3T|1745|1749|1750,TOTAL_RISK_CAP
2024-10-23 01:00:00+00:00,336570.KQ,KRLEVEL_RR|336570|3T|1748|1749|1750,TOTAL_RISK_CAP
2024-10-23 02:00:00+00:00,055550.KS,KRLEVEL_RR|055550|2T|1749|1750|1751,TOTAL_RISK_CAP
2024-10-23 02:00:00+00:00,086790.KS,KRLEVEL_RR|086790|2T|1749|1750|1751,TOTAL_RISK_CAP
2024-10-23 04:00:00+00:00,096770.KS,KRLEVEL_RR|096770|2T|1749|1751|1753,TOTAL_RISK_CAP
2024-10-23 04:00:00+00:00,329180.KS,KRLEVEL_RR|329180|2T|1750|1752|1753,TOTAL_RISK_CAP
2024-10-23 05:00:00+00:00,005380.KS,KRLEVEL_RR|005380|2T|1751|1753|1754,TOTAL_RISK_CAP
2024-10-23 05:00:00+00:00,035720.KS,KRLEVEL_RR|035720|2T|1752|1753|1754,TOTAL_RISK_CAP
2024-10-23 05:00:00+00:00,041510.KQ,KRLEVEL_RR|041510|4T|1751|1752|1754,TOTAL_RISK_CAP
2024-10-23 05:00:00+00:00,051910.KS,KRLEVEL_RR|051910|2T|1752|1753|1754,TOTAL_RISK_CAP
2024-10-23 05:00:00+00:00,253450.KQ,KRLEVEL_RR|253450|6T|1747|1752|1754,TOTAL_RISK_CAP
2024-10-23 05:00:00+00:00,403870.KQ,KRLEVEL_RR|403870|4T|1752|1753|1754,TOTAL_RISK_CAP
2024-10-24 02:00:00+00:00,000660.KS,KRLEVEL_RR|000660|4T|1751|1756|1757,TOTAL_RISK_CAP
2024-10-24 02:00:00+00:00,015760.KS,KRLEVEL_RR|015760|3T|1751|1756|1757,TOTAL_RISK_CAP
2024-10-24 03:00:00+00:00,121600.KQ,KRLEVEL_RR|121600|2T|1754|1757|1758,TOTAL_RISK_CAP
2024-10-24 04:00:00+00:00,372170.KQ,KRLEVEL_RR|372170|2T|1754|1757|1759,TOTAL_RISK_CAP
2024-10-25 01:00:00+00:00,032830.KS,KRLEVEL_RR|032830|2T|1756|1760|1762,TOTAL_RISK_CAP
2024-10-25 01:00:00+00:00,086520.KQ,KRLEVEL_RR|086520|3T|1688|1694|1696,TOTAL_RISK_CAP
2024-10-25 03:00:00+00:00,086790.KS,KRLEVEL_RR|086790|3T|1762|1763|1764,TOTAL_RISK_CAP
2024-10-25 03:00:00+00:00,095340.KQ,KRLEVEL_RR|095340|2T|1762|1763|1764,TOTAL_RISK_CAP
2024-10-25 03:00:00+00:00,112040.KQ,KRLEVEL_RR|112040|2T|1762|1763|1764,TOTAL_RISK_CAP
2024-10-25 03:00:00+00:00,140860.KQ,KRLEVEL_RR|140860|4T|1757|1763|1764,TOTAL_RISK_CAP
2024-10-25 03:00:00+00:00,336570.KQ,KRLEVEL_RR|336570|3T|1761|1763|1764,TOTAL_RISK_CAP
2024-10-25 04:00:00+00:00,009540.KS,KRLEVEL_RR|009540|9T|1762|1764|1765,SAME_TICKER_OPEN
2024-10-25 04:00:00+00:00,033780.KS,KRLEVEL_RR|033780|5T|1762|1763|1765,TOTAL_RISK_CAP
2024-10-25 05:00:00+00:00,034730.KS,KRLEVEL_RR|034730|2T|1763|1765|1766,TOTAL_RISK_CAP
2024-10-28 03:00:00+00:00,034020.KS,KRLEVEL_RR|034020|4T|1768|1769|1770,TOTAL_RISK_CAP
2024-10-28 04:00:00+00:00,051910.KS,KRLEVEL_RR|051910|3T|1768|1770|1771,TOTAL_RISK_CAP
2024-10-28 04:00:00+00:00,253450.KQ,KRLEVEL_RR|253450|2T|1767|1770|1771,TOTAL_RISK_CAP
2024-10-28 05:00:00+00:00,003670.KS,KRLEVEL_RR|003670|6T|1768|1771|1772,TOTAL_RISK_CAP
2024-10-28 05:00:00+00:00,006400.KS,KRLEVEL_RR|006400|2T|1768|1770|1772,TOTAL_RISK_CAP
2024-10-28 05:00:00+00:00,078600.KQ,KRLEVEL_RR|078600|2T|1768|1770|1772,TOTAL_RISK_CAP
2024-10-28 05:00:00+00:00,096770.KS,KRLEVEL_RR|096770|2T|1770|1771|1772,TOTAL_RISK_CAP
2024-10-28 05:00:00+00:00,214370.KQ,KRLEVEL_RR|214370|2T|1708|1711|1712,TOTAL_RISK_CAP
2024-10-28 05:00:00+00:00,348370.KQ,KRLEVEL_RR|348370|3T|1768|1771|1772,TOTAL_RISK_CAP
2024-10-28 05:00:00+00:00,373220.KS,KRLEVEL_RR|373220|7T|1768|1770|1772,TOTAL_RISK_CAP
2024-10-29 05:00:00+00:00,041510.KQ,KRLEVEL_RR|041510|3T|1772|1776|1778,TOTAL_RISK_CAP
2024-10-29 05:00:00+00:00,323410.KS,KRLEVEL_RR|323410|3T|1776|1777|1778,TOTAL_RISK_CAP
2024-10-29 05:00:00+00:00,352820.KS,KRLEVEL_RR|352820|3T|1772|1776|1778,TOTAL_RISK_CAP
2024-10-29 05:00:00+00:00,393890.KQ,KRLEVEL_RR|393890|2T|1771|1777|1778,TOTAL_RISK_CAP
2024-10-30 00:00:00+00:00,011200.KS,KRLEVEL_RR|011200|6T|1775|1777|1779,TOTAL_RISK_CAP
2024-10-30 02:00:00+00:00,047050.KS,KRLEVEL_RR|047050|2T|1778|1779|1781,TOTAL_RISK_CAP
2024-10-31 00:00:00+00:00,112040.KQ,KRLEVEL_RR|112040|2T|1779|1784|1785,TOTAL_RISK_CAP
2024-10-31 02:00:00+00:00,067160.KQ,KRLEVEL_RR|067160|3T|1780|1786|1787,TOTAL_RISK_CAP
2024-10-31 04:00:00+00:00,281740.KQ,KRLEVEL_RR|281740|2T|1782|1788|1789,TOTAL_RISK_CAP
2024-11-01 00:00:00+00:00,121600.KQ,KRLEVEL_RR|121600|2T|1789|1790|1791,TOTAL_RISK_CAP
2024-11-01 01:00:00+00:00,000250.KQ,KRLEVEL_RR|000250|2T|1790|1791|1792,TOTAL_RISK_CAP
2024-11-01 01:00:00+00:00,373220.KS,KRLEVEL_RR|373220|6T|1786|1790|1792,TOTAL_RISK_CAP
2024-11-01 03:00:00+00:00,122870.KQ,KRLEVEL_RR|122870|2T|1792|1793|1794,TOTAL_RISK_CAP
2024-11-01 04:00:00+00:00,140860.KQ,KRLEVEL_RR|140860|3T|1790|1793|1795,TOTAL_RISK_CAP
2024-11-01 05:00:00+00:00,033780.KS,KRLEVEL_RR|033780|4T|1792|1795|1796,TOTAL_RISK_CAP
2024-11-04 00:00:00+00:00,365340.KQ,KRLEVEL_RR|365340|4T|1792|1795|1797,TOTAL_RISK_CAP
2024-11-04 01:00:00+00:00,000270.KS,KRLEVEL_RR|000270|4T|1794|1796|1798,TOTAL_RISK_CAP
2024-11-04 01:00:00+00:00,010950.KS,KRLEVEL_RR|010950|2T|1794|1796|1798,TOTAL_RISK_CAP
2024-11-04 01:00:00+00:00,041510.KQ,KRLEVEL_RR|041510|2T|1794|1796|1798,TOTAL_RISK_CAP
2024-11-04 01:00:00+00:00,055550.KS,KRLEVEL_RR|055550|2T|1796|1797|1798,TOTAL_RISK_CAP
2024-11-04 01:00:00+00:00,323410.KS,KRLEVEL_RR|323410|3T|1795|1796|1798,TOTAL_RISK_CAP
2024-11-04 01:00:00+00:00,403870.KQ,KRLEVEL_RR|403870|4T|1792|1796|1798,TOTAL_RISK_CAP
2024-11-04 03:00:00+00:00,011200.KS,KRLEVEL_RR|011200|7T|1794|1799|1800,TOTAL_RISK_CAP
2024-11-04 03:00:00+00:00,078600.KQ,KRLEVEL_RR|078600|3T|1798|1799|1800,TOTAL_RISK_CAP
2024-11-05 00:00:00+00:00,035420.KS,KRLEVEL_RR|035420|5T|1798|1801|1803,TOTAL_RISK_CAP
2024-11-05 01:00:00+00:00,034730.KS,KRLEVEL_RR|034730|3T|1799|1803|1804,TOTAL_RISK_CAP
2024-11-05 01:00:00+00:00,086790.KS,KRLEVEL_RR|086790|2T|1800|1802|1804,TOTAL_RISK_CAP
2024-11-05 01:00:00+00:00,328130.KQ,KRLEVEL_RR|328130|3T|1802|1803|1804,TOTAL_RISK_CAP
2024-11-05 01:00:00+00:00,352820.KS,KRLEVEL_RR|352820|4T|1799|1802|1804,TOTAL_RISK_CAP
2024-11-05 01:00:00+00:00,383310.KQ,KRLEVEL_RR|383310|3T|1798|1803|1804,TOTAL_RISK_CAP
2024-11-05 04:00:00+00:00,101490.KQ,KRLEVEL_RR|101490|2T|1799|1805|1807,TOTAL_RISK_CAP
2024-11-05 04:00:00+00:00,281740.KQ,KRLEVEL_RR|281740|2T|1801|1806|1807,TOTAL_RISK_CAP
2024-11-06 01:00:00+00:00,033780.KS,KRLEVEL_RR|033780|2T|1807|1809|1810,TOTAL_RISK_CAP
2024-11-06 01:00:00+00:00,034020.KS,KRLEVEL_RR|034020|3T|1808|1809|1810,TOTAL_RISK_CAP
2024-11-06 02:00:00+00:00,096530.KQ,KRLEVEL_RR|096530|2T|1805|1809|1811,TOTAL_RISK_CAP
2024-11-06 02:00:00+00:00,121600.KQ,KRLEVEL_RR|121600|3T|1805|1809|1811,TOTAL_RISK_CAP
2024-11-06 03:00:00+00:00,000810.KS,KRLEVEL_RR|000810|2T|1807|1811|1812,TOTAL_RISK_CAP
2024-11-06 03:00:00+00:00,005290.KQ,KRLEVEL_RR|005290|2T|1810|1811|1812,TOTAL_RISK_CAP
2024-11-06 04:00:00+00:00,017670.KS,KRLEVEL_RR|017670|4T|1809|1811|1813,SAME_TICKER_OPEN
2024-11-06 05:00:00+00:00,009540.KS,KRLEVEL_RR|009540|2T|1812|1813|1814,TOTAL_RISK_CAP
2024-11-06 05:00:00+00:00,055550.KS,KRLEVEL_RR|055550|3T|1811|1812|1814,TOTAL_RISK_CAP
2024-11-06 05:00:00+00:00,403870.KQ,KRLEVEL_RR|403870|3T|1810|1813|1814,TOTAL_RISK_CAP
2024-11-07 00:00:00+00:00,140860.KQ,KRLEVEL_RR|140860|4T|1809|1814|1815,TOTAL_RISK_CAP
2024-11-07 03:00:00+00:00,277810.KQ,KRLEVEL_RR|277810|2T|1816|1817|1818,TOTAL_RISK_CAP
2024-11-07 04:00:00+00:00,225570.KQ,KRLEVEL_RR|225570|2T|1814|1818|1819,TOTAL_RISK_CAP
2024-11-07 05:00:00+00:00,010950.KS,KRLEVEL_RR|010950|4T|1815|1819|1820,TOTAL_RISK_CAP
2024-11-11 01:00:00+00:00,122870.KQ,KRLEVEL_RR|122870|2T|1823|1826|1828,TOTAL_RISK_CAP
2024-11-12 00:00:00+00:00,012330.KS,KRLEVEL_RR|012330|5T|1828|1831|1833,TOTAL_RISK_CAP
2024-11-12 00:00:00+00:00,214370.KQ,KRLEVEL_RR|214370|2T|1769|1772|1773,TOTAL_RISK_CAP
2024-11-12 01:00:00+00:00,035420.KS,KRLEVEL_RR|035420|2T|1829|1833|1834,TOTAL_RISK_CAP
2024-11-12 01:00:00+00:00,373220.KS,KRLEVEL_RR|373220|8T|1828|1832|1834,TOTAL_RISK_CAP
2024-11-13 00:00:00+00:00,253450.KQ,KRLEVEL_RR|253450|4T|1835|1837|1839,TOTAL_RISK_CAP
2024-11-13 02:00:00+00:00,067160.KQ,KRLEVEL_RR|067160|3T|1835|1840|1841,TOTAL_RISK_CAP
2024-11-13 04:00:00+00:00,033780.KS,KRLEVEL_RR|033780|2T|1839|1841|1843,TOTAL_RISK_CAP
2024-11-14 01:00:00+00:00,140410.KQ,KRLEVEL_RR|140410|4T|1841|1844|1845,TOTAL_RISK_CAP
2024-11-14 02:00:00+00:00,328130.KQ,KRLEVEL_RR|328130|4T|1839|1845|1846,TOTAL_RISK_CAP
2024-11-14 04:00:00+00:00,011200.KS,KRLEVEL_RR|011200|5T|1846|1847|1848,TOTAL_RISK_CAP
2024-11-14 04:00:00+00:00,403870.KQ,KRLEVEL_RR|403870|3T|1846|1847|1848,TOTAL_RISK_CAP
2024-11-14 05:00:00+00:00,055550.KS,KRLEVEL_RR|055550|2T|1842|1847|1849,TOTAL_RISK_CAP
2024-11-15 00:00:00+00:00,018260.KS,KRLEVEL_RR|018260|3T|1848|1849|1850,TOTAL_RISK_CAP
2024-11-15 00:00:00+00:00,034020.KS,KRLEVEL_RR|034020|2T|1846|1848|1850,TOTAL_RISK_CAP
2024-11-15 01:00:00+00:00,003490.KS,KRLEVEL_RR|003490|4T|1846|1849|1851,TOTAL_RISK_CAP
2024-11-15 04:00:00+00:00,122870.KQ,KRLEVEL_RR|122870|2T|1847|1853|1854,TOTAL_RISK_CAP
2024-11-15 05:00:00+00:00,329180.KS,KRLEVEL_RR|329180|2T|1850|1853|1855,TOTAL_RISK_CAP
2024-11-15 05:00:00+00:00,352820.KS,KRLEVEL_RR|352820|2T|1853|1854|1855,TOTAL_RISK_CAP
2024-11-18 00:00:00+00:00,041510.KQ,KRLEVEL_RR|041510|2T|1854|1855|1856,TOTAL_RISK_CAP
2024-11-18 02:00:00+00:00,035720.KS,KRLEVEL_RR|035720|2T|1855|1857|1858,TOTAL_RISK_CAP
2024-11-18 05:00:00+00:00,009540.KS,KRLEVEL_RR|009540|3T|1858|1860|1861,TOTAL_RISK_CAP
2024-11-19 01:00:00+00:00,086790.KS,KRLEVEL_RR|086790|2T|1858|1861|1863,TOTAL_RISK_CAP
2024-11-19 02:00:00+00:00,101490.KQ,KRLEVEL_RR|101490|2T|1857|1862|1864,TOTAL_RISK_CAP
2024-11-19 04:00:00+00:00,003490.KS,KRLEVEL_RR|003490|5T|1864|1865|1866,TOTAL_RISK_CAP
2024-11-19 05:00:00+00:00,034020.KS,KRLEVEL_RR|034020|3T|1864|1865|1867,TOTAL_RISK_CAP
2024-11-20 00:00:00+00:00,373220.KS,KRLEVEL_RR|373220|4T|1865|1866|1868,TOTAL_RISK_CAP
2024-11-20 01:00:00+00:00,005490.KS,KRLEVEL_RR|005490|2T|1861|1867|1869,TOTAL_RISK_CAP
2024-11-20 03:00:00+00:00,000270.KS,KRLEVEL_RR|000270|2T|1869|1870|1871,TOTAL_RISK_CAP
2024-11-21 00:00:00+00:00,017670.KS,KRLEVEL_RR|017670|3T|1870|1873|1874,TOTAL_RISK_CAP
2024-11-21 00:00:00+00:00,096770.KS,KRLEVEL_RR|096770|3T|1869|1872|1874,TOTAL_RISK_CAP
2024-11-21 01:00:00+00:00,051910.KS,KRLEVEL_RR|051910|2T|1870|1874|1875,TOTAL_RISK_CAP
2024-11-21 01:00:00+00:00,067160.KQ,KRLEVEL_RR|067160|3T|1871|1873|1875,SAME_TICKER_OPEN
2024-11-21 01:00:00+00:00,383310.KQ,KRLEVEL_RR|383310|2T|1869|1873|1875,TOTAL_RISK_CAP
2024-11-21 01:00:00+00:00,403870.KQ,KRLEVEL_RR|403870|3T|1872|1873|1875,TOTAL_RISK_CAP
2024-11-21 02:00:00+00:00,055550.KS,KRLEVEL_RR|055550|3T|1869|1875|1876,TOTAL_RISK_CAP
2024-11-21 04:00:00+00:00,028300.KQ,KRLEVEL_RR|028300|2T|1872|1876|1878,TOTAL_RISK_CAP
2024-11-21 05:00:00+00:00,140860.KQ,KRLEVEL_RR|140860|3T|1875|1877|1879,TOTAL_RISK_CAP
2024-11-22 01:00:00+00:00,003670.KS,KRLEVEL_RR|003670|2T|1877|1879|1881,TOTAL_RISK_CAP
2024-11-22 01:00:00+00:00,009150.KS,KRLEVEL_RR|009150|2T|1878|1879|1881,TOTAL_RISK_CAP
2024-11-22 01:00:00+00:00,078600.KQ,KRLEVEL_RR|078600|3T|1876|1879|1881,TOTAL_RISK_CAP
2024-11-22 01:00:00+00:00,086790.KS,KRLEVEL_RR|086790|5T|1878|1879|1881,TOTAL_RISK_CAP
2024-11-22 01:00:00+00:00,105560.KS,KRLEVEL_RR|105560|2T|1877|1879|1881,TOTAL_RISK_CAP
2024-11-22 01:00:00+00:00,140410.KQ,KRLEVEL_RR|140410|3T|1877|1880|1881,TOTAL_RISK_CAP
2024-11-22 02:00:00+00:00,009540.KS,KRLEVEL_RR|009540|6T|1879|1880|1882,TOTAL_RISK_CAP
2024-11-22 02:00:00+00:00,015760.KS,KRLEVEL_RR|015760|2T|1877|1880|1882,TOTAL_RISK_CAP
2024-11-22 02:00:00+00:00,028260.KS,KRLEVEL_RR|028260|2T|1878|1880|1882,TOTAL_RISK_CAP
2024-11-22 05:00:00+00:00,357780.KQ,KRLEVEL_RR|357780|2T|1881|1883|1885,TOTAL_RISK_CAP
2024-11-25 01:00:00+00:00,009520.KQ,KRLEVEL_RR|009520|2T|1881|1885|1887,TOTAL_RISK_CAP
2024-11-25 01:00:00+00:00,018260.KS,KRLEVEL_RR|018260|4T|1882|1885|1887,TOTAL_RISK_CAP
2024-11-25 01:00:00+00:00,034730.KS,KRLEVEL_RR|034730|2T|1879|1885|1887,TOTAL_RISK_CAP
2024-11-25 01:00:00+00:00,041510.KQ,KRLEVEL_RR|041510|3T|1883|1885|1887,TOTAL_RISK_CAP
2024-11-25 01:00:00+00:00,066570.KS,KRLEVEL_RR|066570|2T|1881|1885|1887,TOTAL_RISK_CAP
2024-11-25 01:00:00+00:00,121600.KQ,KRLEVEL_RR|121600|2T|1881|1885|1887,TOTAL_RISK_CAP
2024-11-25 01:00:00+00:00,329180.KS,KRLEVEL_RR|329180|2T|1883|1885|1887,TOTAL_RISK_CAP
2024-11-25 02:00:00+00:00,277810.KQ,KRLEVEL_RR|277810|10T|1881|1886|1888,TOTAL_RISK_CAP
2024-11-25 02:00:00+00:00,281740.KQ,KRLEVEL_RR|281740|2T|1881|1887|1888,TOTAL_RISK_CAP
2024-11-25 04:00:00+00:00,035720.KS,KRLEVEL_RR|035720|2T|1882|1888|1890,TOTAL_RISK_CAP
2024-11-25 04:00:00+00:00,086900.KQ,KRLEVEL_RR|086900|3T|1887|1889|1890,TOTAL_RISK_CAP
2024-11-25 04:00:00+00:00,323410.KS,KRLEVEL_RR|323410|3T|1887|1888|1890,TOTAL_RISK_CAP
2024-11-25 04:00:00+00:00,348370.KQ,KRLEVEL_RR|348370|2T|1881|1883|1884,TOTAL_RISK_CAP
2024-11-25 05:00:00+00:00,000270.KS,KRLEVEL_RR|000270|2T|1884|1890|1891,TOTAL_RISK_CAP
2024-11-25 05:00:00+00:00,055550.KS,KRLEVEL_RR|055550|2T|1888|1889|1891,TOTAL_RISK_CAP
2024-11-26 00:00:00+00:00,035420.KS,KRLEVEL_RR|035420|2T|1889|1891|1892,TOTAL_RISK_CAP
2024-11-26 00:00:00+00:00,086520.KQ,KRLEVEL_RR|086520|3T|1824|1825|1826,TOTAL_RISK_CAP
2024-11-26 00:00:00+00:00,393890.KQ,KRLEVEL_RR|393890|2T|1888|1891|1892,TOTAL_RISK_CAP
2024-11-26 01:00:00+00:00,005930.KS,KRLEVEL_RR|005930|2T|1889|1891|1893,TOTAL_RISK_CAP
2024-11-26 01:00:00+00:00,067160.KQ,KRLEVEL_RR|067160|7T|1888|1891|1893,TOTAL_RISK_CAP
2024-11-26 02:00:00+00:00,017670.KS,KRLEVEL_RR|017670|7T|1892|1893|1894,TOTAL_RISK_CAP
2024-11-26 02:00:00+00:00,112040.KQ,KRLEVEL_RR|112040|2T|1887|1892|1894,TOTAL_RISK_CAP
2024-11-26 04:00:00+00:00,009150.KS,KRLEVEL_RR|009150|3T|1894|1895|1896,TOTAL_RISK_CAP
2024-11-26 04:00:00+00:00,328130.KQ,KRLEVEL_RR|328130|2T|1893|1894|1896,TOTAL_RISK_CAP
2024-11-27 00:00:00+00:00,005380.KS,KRLEVEL_RR|005380|3T|1894|1896|1898,TOTAL_RISK_CAP
2024-11-27 01:00:00+00:00,096530.KQ,KRLEVEL_RR|096530|4T|1892|1898|1899,TOTAL_RISK_CAP
2024-11-27 02:00:00+00:00,086790.KS,KRLEVEL_RR|086790|2T|1898|1899|1900,TOTAL_RISK_CAP
2024-11-27 04:00:00+00:00,064550.KQ,KRLEVEL_RR|064550|3T|1897|1901|1902,TOTAL_RISK_CAP
2024-11-28 01:00:00+00:00,068270.KS,KRLEVEL_RR|068270|3T|1899|1903|1905,TOTAL_RISK_CAP
2024-11-28 03:00:00+00:00,032830.KS,KRLEVEL_RR|032830|3T|1900|1906|1907,TOTAL_RISK_CAP
2024-11-29 01:00:00+00:00,035720.KS,KRLEVEL_RR|035720|3T|1908|1909|1911,TOTAL_RISK_CAP
2024-11-29 05:00:00+00:00,112040.KQ,KRLEVEL_RR|112040|2T|1912|1914|1915,TOTAL_RISK_CAP
2024-12-02 01:00:00+00:00,010130.KS,KRLEVEL_RR|010130|4T|1912|1915|1917,TOTAL_RISK_CAP
2024-12-02 01:00:00+00:00,328130.KQ,KRLEVEL_RR|328130|2T|1915|1916|1917,TOTAL_RISK_CAP
2024-12-02 05:00:00+00:00,225570.KQ,KRLEVEL_RR|225570|3T|1918|1919|1921,TOTAL_RISK_CAP
2024-12-03 01:00:00+00:00,000270.KS,KRLEVEL_RR|000270|3T|1917|1921|1923,TOTAL_RISK_CAP
2024-12-03 01:00:00+00:00,068270.KS,KRLEVEL_RR|068270|2T|1921|1922|1923,TOTAL_RISK_CAP
2024-12-03 01:00:00+00:00,348370.KQ,KRLEVEL_RR|348370|5T|1911|1915|1917,TOTAL_RISK_CAP
2024-12-03 02:00:00+00:00,078600.KQ,KRLEVEL_RR|078600|3T|1918|1923|1924,TOTAL_RISK_CAP
2024-12-03 03:00:00+00:00,352820.KS,KRLEVEL_RR|352820|3T|1919|1924|1925,TOTAL_RISK_CAP
2024-12-03 04:00:00+00:00,009540.KS,KRLEVEL_RR|009540|5T|1923|1925|1926,TOTAL_RISK_CAP
2024-12-03 04:00:00+00:00,011200.KS,KRLEVEL_RR|011200|3T|1924|1925|1926,TOTAL_RISK_CAP
2024-12-03 05:00:00+00:00,033780.KS,KRLEVEL_RR|033780|5T|1923|1925|1927,SAME_TICKER_OPEN
2024-12-03 05:00:00+00:00,096530.KQ,KRLEVEL_RR|096530|3T|1923|1925|1927,TOTAL_RISK_CAP
2024-12-04 00:00:00+00:00,105560.KS,KRLEVEL_RR|105560|2T|1926|1927|1928,MAX_POSITIONS
2024-12-04 03:00:00+00:00,028300.KQ,KRLEVEL_RR|028300|3T|1924|1930|1931,TOTAL_RISK_CAP
2024-12-04 04:00:00+00:00,329180.KS,KRLEVEL_RR|329180|2T|1930|1931|1932,TOTAL_RISK_CAP
2024-12-06 01:00:00+00:00,009150.KS,KRLEVEL_RR|009150|3T|1936|1939|1941,TOTAL_RISK_CAP
2024-12-06 03:00:00+00:00,328130.KQ,KRLEVEL_RR|328130|2T|1935|1941|1943,TOTAL_RISK_CAP
2024-12-06 05:00:00+00:00,096770.KS,KRLEVEL_RR|096770|2T|1941|1944|1945,TOTAL_RISK_CAP
2024-12-06 05:00:00+00:00,323410.KS,KRLEVEL_RR|323410|3T|1941|1943|1945,TOTAL_RISK_CAP
2024-12-09 00:00:00+00:00,403870.KQ,KRLEVEL_RR|403870|3T|1943|1944|1946,TOTAL_RISK_CAP
2024-12-09 05:00:00+00:00,352820.KS,KRLEVEL_RR|352820|2T|1948|1950|1951,TOTAL_RISK_CAP
2024-12-10 01:00:00+00:00,028300.KQ,KRLEVEL_RR|028300|3T|1946|1951|1953,TOTAL_RISK_CAP
2024-12-10 02:00:00+00:00,329180.KS,KRLEVEL_RR|329180|2T|1948|1953|1954,TOTAL_RISK_CAP
2024-12-10 05:00:00+00:00,042660.KS,KRLEVEL_RR|042660|3T|1953|1955|1957,TOTAL_RISK_CAP
2024-12-11 00:00:00+00:00,009150.KS,KRLEVEL_RR|009150|2T|1955|1956|1958,TOTAL_RISK_CAP
2024-12-11 00:00:00+00:00,010950.KS,KRLEVEL_RR|010950|3T|1954|1956|1958,TOTAL_RISK_CAP
2024-12-11 00:00:00+00:00,086900.KQ,KRLEVEL_RR|086900|6T|1956|1957|1958,TOTAL_RISK_CAP
2024-12-11 00:00:00+00:00,096530.KQ,KRLEVEL_RR|096530|2T|1955|1956|1958,TOTAL_RISK_CAP
2024-12-11 01:00:00+00:00,000270.KS,KRLEVEL_RR|000270|3T|1954|1958|1959,TOTAL_RISK_CAP
2024-12-11 01:00:00+00:00,009540.KS,KRLEVEL_RR|009540|6T|1953|1957|1959,TOTAL_RISK_CAP
2024-12-11 01:00:00+00:00,035420.KS,KRLEVEL_RR|035420|2T|1957|1958|1959,TOTAL_RISK_CAP
2024-12-11 01:00:00+00:00,068270.KS,KRLEVEL_RR|068270|2T|1957|1958|1959,TOTAL_RISK_CAP
2024-12-11 01:00:00+00:00,122870.KQ,KRLEVEL_RR|122870|2T|1953|1958|1959,TOTAL_RISK_CAP
2024-12-11 02:00:00+00:00,012330.KS,KRLEVEL_RR|012330|5T|1954|1958|1960,TOTAL_RISK_CAP
2024-12-11 02:00:00+00:00,041510.KQ,KRLEVEL_RR|041510|3T|1953|1959|1960,TOTAL_RISK_CAP
2024-12-11 03:00:00+00:00,011200.KS,KRLEVEL_RR|011200|2T|1959|1960|1961,TOTAL_RISK_CAP
2024-12-11 03:00:00+00:00,214370.KQ,KRLEVEL_RR|214370|2T|1898|1899|1901,TOTAL_RISK_CAP
2024-12-12 00:00:00+00:00,005290.KQ,KRLEVEL_RR|005290|2T|1959|1962|1964,TOTAL_RISK_CAP
2024-12-12 00:00:00+00:00,005490.KS,KRLEVEL_RR|005490|2T|1960|1963|1964,TOTAL_RISK_CAP
2024-12-12 01:00:00+00:00,000660.KS,KRLEVEL_RR|000660|3T|1963|1964|1965,TOTAL_RISK_CAP
2024-12-12 01:00:00+00:00,000810.KS,KRLEVEL_RR|000810|2T|1959|1964|1965,TOTAL_RISK_CAP
2024-12-12 01:00:00+00:00,032830.KS,KRLEVEL_RR|032830|3T|1961|1963|1965,TOTAL_RISK_CAP
2024-12-12 01:00:00+00:00,067160.KQ,KRLEVEL_RR|067160|2T|1963|1964|1965,TOTAL_RISK_CAP
2024-12-12 01:00:00+00:00,336570.KQ,KRLEVEL_RR|336570|3T|1961|1963|1965,TOTAL_RISK_CAP
2024-12-12 02:00:00+00:00,140410.KQ,KRLEVEL_RR|140410|3T|1959|1964|1966,TOTAL_RISK_CAP
2024-12-13 00:00:00+00:00,005930.KS,KRLEVEL_RR|005930|2T|1968|1969|1970,TOTAL_RISK_CAP
2024-12-13 00:00:00+00:00,018260.KS,KRLEVEL_RR|018260|7T|1965|1968|1970,TOTAL_RISK_CAP
2024-12-13 00:00:00+00:00,348370.KQ,KRLEVEL_RR|348370|2T|1960|1962|1964,TOTAL_RISK_CAP
2024-12-13 00:00:00+00:00,352820.KS,KRLEVEL_RR|352820|3T|1966|1968|1970,TOTAL_RISK_CAP
2024-12-13 01:00:00+00:00,003550.KS,KRLEVEL_RR|003550|4T|1969|1970|1971,TOTAL_RISK_CAP
2024-12-13 02:00:00+00:00,207940.KS,KRLEVEL_RR|207940|4T|1965|1971|1972,TOTAL_RISK_CAP
2024-12-13 02:00:00+00:00,253450.KQ,KRLEVEL_RR|253450|2T|1965|1971|1972,TOTAL_RISK_CAP
2024-12-13 02:00:00+00:00,323410.KS,KRLEVEL_RR|323410|2T|1970|1971|1972,TOTAL_RISK_CAP
2024-12-13 02:00:00+00:00,329180.KS,KRLEVEL_RR|329180|2T|1969|1970|1972,TOTAL_RISK_CAP
2024-12-13 03:00:00+00:00,006400.KS,KRLEVEL_RR|006400|3T|1970|1972|1973,TOTAL_RISK_CAP
2024-12-13 03:00:00+00:00,035420.KS,KRLEVEL_RR|035420|2T|1970|1971|1973,TOTAL_RISK_CAP
2024-12-13 03:00:00+00:00,096770.KS,KRLEVEL_RR|096770|3T|1970|1972|1973,TOTAL_RISK_CAP
2024-12-13 04:00:00+00:00,034730.KS,KRLEVEL_RR|034730|5T|1972|1973|1974,TOTAL_RISK_CAP
2024-12-13 04:00:00+00:00,064550.KQ,KRLEVEL_RR|064550|3T|1972|1973|1974,TOTAL_RISK_CAP
2024-12-13 05:00:00+00:00,000270.KS,KRLEVEL_RR|000270|2T|1972|1973|1975,TOTAL_RISK_CAP
2024-12-13 05:00:00+00:00,039200.KQ,KRLEVEL_RR|039200|2T|1973|1974|1975,TOTAL_RISK_CAP
2024-12-13 05:00:00+00:00,122870.KQ,KRLEVEL_RR|122870|2T|1973|1974|1975,TOTAL_RISK_CAP
2024-12-13 05:00:00+00:00,373220.KS,KRLEVEL_RR|373220|3T|1970|1973|1975,TOTAL_RISK_CAP
2024-12-13 05:00:00+00:00,403870.KQ,KRLEVEL_RR|403870|4T|1970|1974|1975,TOTAL_RISK_CAP
2024-12-16 00:00:00+00:00,011200.KS,KRLEVEL_RR|011200|2T|1973|1975|1976,TOTAL_RISK_CAP
2024-12-16 01:00:00+00:00,068760.KQ,KRLEVEL_RR|068760|2T|1974|1975|1977,TOTAL_RISK_CAP
2024-12-16 01:00:00+00:00,225570.KQ,KRLEVEL_RR|225570|4T|1974|1975|1977,TOTAL_RISK_CAP
2024-12-16 02:00:00+00:00,003490.KS,KRLEVEL_RR|003490|8T|1975|1976|1978,SAME_TICKER_OPEN
2024-12-16 02:00:00+00:00,096530.KQ,KRLEVEL_RR|096530|6T|1974|1976|1978,TOTAL_RISK_CAP
2024-12-16 03:00:00+00:00,000250.KQ,KRLEVEL_RR|000250|2T|1973|1978|1979,TOTAL_RISK_CAP
2024-12-16 03:00:00+00:00,095340.KQ,KRLEVEL_RR|095340|3T|1977|1978|1979,TOTAL_RISK_CAP
2024-12-16 05:00:00+00:00,121600.KQ,KRLEVEL_RR|121600|4T|1974|1979|1981,TOTAL_RISK_CAP
2024-12-17 01:00:00+00:00,140410.KQ,KRLEVEL_RR|140410|7T|1980|1981|1983,TOTAL_RISK_CAP
2024-12-17 01:00:00+00:00,214370.KQ,KRLEVEL_RR|214370|4T|1920|1922|1923,TOTAL_RISK_CAP
2024-12-17 01:00:00+00:00,328130.KQ,KRLEVEL_RR|328130|3T|1977|1982|1983,TOTAL_RISK_CAP
2024-12-17 05:00:00+00:00,140860.KQ,KRLEVEL_RR|140860|8T|1984|1985|1987,TOTAL_RISK_CAP
2024-12-18 01:00:00+00:00,329180.KS,KRLEVEL_RR|329180|3T|1983|1987|1989,TOTAL_RISK_CAP
2024-12-18 03:00:00+00:00,011200.KS,KRLEVEL_RR|011200|2T|1988|1990|1991,TOTAL_RISK_CAP
2024-12-18 03:00:00+00:00,012330.KS,KRLEVEL_RR|012330|2T|1989|1990|1991,TOTAL_RISK_CAP
2024-12-18 04:00:00+00:00,028260.KS,KRLEVEL_RR|028260|2T|1990|1991|1992,TOTAL_RISK_CAP
2024-12-18 05:00:00+00:00,003490.KS,KRLEVEL_RR|003490|8T|1991|1992|1993,TOTAL_RISK_CAP
2024-12-18 05:00:00+00:00,005290.KQ,KRLEVEL_RR|005290|2T|1987|1991|1993,TOTAL_RISK_CAP
2024-12-18 05:00:00+00:00,041510.KQ,KRLEVEL_RR|041510|2T|1990|1991|1993,TOTAL_RISK_CAP
2024-12-18 05:00:00+00:00,096530.KQ,KRLEVEL_RR|096530|5T|1990|1991|1993,TOTAL_RISK_CAP
2024-12-18 05:00:00+00:00,225570.KQ,KRLEVEL_RR|225570|5T|1991|1992|1993,TOTAL_RISK_CAP
2024-12-18 05:00:00+00:00,403870.KQ,KRLEVEL_RR|403870|4T|1987|1992|1993,TOTAL_RISK_CAP
2024-12-19 00:00:00+00:00,323410.KS,KRLEVEL_RR|323410|2T|1990|1992|1994,INVALID_STOP
2024-12-19 03:00:00+00:00,034020.KS,KRLEVEL_RR|034020|3T|1991|1996|1997,TOTAL_RISK_CAP
2024-12-20 03:00:00+00:00,009150.KS,KRLEVEL_RR|009150|4T|1996|2001|2003,TOTAL_RISK_CAP
2024-12-20 04:00:00+00:00,214370.KQ,KRLEVEL_RR|214370|3T|1941|1942|1944,TOTAL_RISK_CAP
2024-12-23 02:00:00+00:00,095340.KQ,KRLEVEL_RR|095340|3T|2001|2007|2008,TOTAL_RISK_CAP
2024-12-23 02:00:00+00:00,352820.KS,KRLEVEL_RR|352820|2T|2005|2006|2008,TOTAL_RISK_CAP
2024-12-23 04:00:00+00:00,034730.KS,KRLEVEL_RR|034730|3T|2008|2009|2010,TOTAL_RISK_CAP
2024-12-23 05:00:00+00:00,041510.KQ,KRLEVEL_RR|041510|2T|2008|2009|2011,TOTAL_RISK_CAP
2024-12-23 05:00:00+00:00,047050.KS,KRLEVEL_RR|047050|4T|2009|2010|2011,TOTAL_RISK_CAP
2024-12-23 05:00:00+00:00,277810.KQ,KRLEVEL_RR|277810|4T|2007|2009|2011,TOTAL_RISK_CAP
2024-12-23 05:00:00+00:00,328130.KQ,KRLEVEL_RR|328130|2T|2009|2010|2011,TOTAL_RISK_CAP
2024-12-24 00:00:00+00:00,348370.KQ,KRLEVEL_RR|348370|2T|2003|2004|2006,TOTAL_RISK_CAP
2024-12-24 01:00:00+00:00,006400.KS,KRLEVEL_RR|006400|3T|2009|2011|2013,TOTAL_RISK_CAP
2024-12-24 03:00:00+00:00,096530.KQ,KRLEVEL_RR|096530|2T|2009|2014|2015,TOTAL_RISK_CAP
2024-12-24 04:00:00+00:00,068760.KQ,KRLEVEL_RR|068760|2T|2011|2014|2016,TOTAL_RISK_CAP
2024-12-27 05:00:00+00:00,028300.KQ,KRLEVEL_RR|028300|2T|2025|2027|2029,TOTAL_RISK_CAP
2024-12-27 05:00:00+00:00,095340.KQ,KRLEVEL_RR|095340|3T|2025|2027|2029,TOTAL_RISK_CAP
2024-12-30 01:00:00+00:00,039200.KQ,KRLEVEL_RR|039200|2T|2029|2030|2031,TOTAL_RISK_CAP
2024-12-30 03:00:00+00:00,277810.KQ,KRLEVEL_RR|277810|2T|2031|2032|2033,TOTAL_RISK_CAP
2024-12-30 04:00:00+00:00,140860.KQ,KRLEVEL_RR|140860|9T|2031|2033|2034,TOTAL_RISK_CAP
2025-01-02 02:00:00+00:00,101490.KQ,KRLEVEL_RR|101490|4T|2031|2036|2037,TOTAL_RISK_CAP
2025-01-02 02:00:00+00:00,328130.KQ,KRLEVEL_RR|328130|3T|2035|2036|2037,TOTAL_RISK_CAP
2025-01-02 02:00:00+00:00,336570.KQ,KRLEVEL_RR|336570|3T|2031|2036|2037,TOTAL_RISK_CAP
2025-01-02 03:00:00+00:00,348370.KQ,KRLEVEL_RR|348370|2T|2027|2030|2032,TOTAL_RISK_CAP
2025-01-03 01:00:00+00:00,420770.KQ,KRLEVEL_RR|420770|2T|2037|2040|2042,TOTAL_RISK_CAP
2025-01-03 02:00:00+00:00,214370.KQ,KRLEVEL_RR|214370|2T|1979|1981|1983,TOTAL_RISK_CAP
2025-01-03 03:00:00+00:00,096770.KS,KRLEVEL_RR|096770|3T|2042|2043|2044,TOTAL_RISK_CAP
2025-01-03 03:00:00+00:00,222800.KQ,KRLEVEL_RR|222800|4T|2042|2043|2044,TOTAL_RISK_CAP
2025-01-03 04:00:00+00:00,005290.KQ,KRLEVEL_RR|005290|2T|2043|2044|2045,TOTAL_RISK_CAP
2025-01-03 04:00:00+00:00,011200.KS,KRLEVEL_RR|011200|3T|2042|2043|2045,TOTAL_RISK_CAP
2025-01-03 04:00:00+00:00,028300.KQ,KRLEVEL_RR|028300|3T|2042|2044|2045,TOTAL_RISK_CAP
2025-01-03 04:00:00+00:00,357780.KQ,KRLEVEL_RR|357780|6T|2042|2043|2045,TOTAL_RISK_CAP
2025-01-06 01:00:00+00:00,003670.KS,KRLEVEL_RR|003670|2T|2043|2047|2048,TOTAL_RISK_CAP
2025-01-06 01:00:00+00:00,034020.KS,KRLEVEL_RR|034020|4T|2045|2046|2048,TOTAL_RISK_CAP
2025-01-06 01:00:00+00:00,095340.KQ,KRLEVEL_RR|095340|3T|2042|2046|2048,TOTAL_RISK_CAP
2025-01-06 01:00:00+00:00,352820.KS,KRLEVEL_RR|352820|5T|2044|2046|2048,TOTAL_RISK_CAP
2025-01-06 01:00:00+00:00,383310.KQ,KRLEVEL_RR|383310|2T|2042|2046|2048,TOTAL_RISK_CAP
2025-01-06 01:00:00+00:00,403870.KQ,KRLEVEL_RR|403870|3T|2042|2046|2048,TOTAL_RISK_CAP
2025-01-06 02:00:00+00:00,003550.KS,KRLEVEL_RR|003550|2T|2044|2047|2049,TOTAL_RISK_CAP
2025-01-06 02:00:00+00:00,005490.KS,KRLEVEL_RR|005490|2T|2042|2047|2049,TOTAL_RISK_CAP
2025-01-06 02:00:00+00:00,323410.KS,KRLEVEL_RR|323410|2T|2042|2047|2049,TOTAL_RISK_CAP
2025-01-06 03:00:00+00:00,225570.KQ,KRLEVEL_RR|225570|2T|2045|2048|2050,TOTAL_RISK_CAP
2025-01-06 04:00:00+00:00,028260.KS,KRLEVEL_RR|028260|2T|2049|2050|2051,TOTAL_RISK_CAP
2025-01-06 05:00:00+00:00,000250.KQ,KRLEVEL_RR|000250|3T|2050|2051|2052,TOTAL_RISK_CAP
2025-01-06 05:00:00+00:00,068760.KQ,KRLEVEL_RR|068760|2T|2049|2050|2052,TOTAL_RISK_CAP
2025-01-06 05:00:00+00:00,207940.KS,KRLEVEL_RR|207940|2T|2049|2050|2052,TOTAL_RISK_CAP
2025-01-07 00:00:00+00:00,009150.KS,KRLEVEL_RR|009150|5T|2048|2052|2053,TOTAL_RISK_CAP
2025-01-07 00:00:00+00:00,034730.KS,KRLEVEL_RR|034730|2T|2050|2051|2053,TOTAL_RISK_CAP
2025-01-07 01:00:00+00:00,051910.KS,KRLEVEL_RR|051910|2T|2049|2052|2054,TOTAL_RISK_CAP
2025-01-07 01:00:00+00:00,140860.KQ,KRLEVEL_RR|140860|2T|2052|2053|2054,TOTAL_RISK_CAP
2025-01-07 01:00:00+00:00,336570.KQ,KRLEVEL_RR|336570|2T|2048|2053|2054,TOTAL_RISK_CAP
2025-01-07 01:00:00+00:00,372170.KQ,KRLEVEL_RR|372170|4T|2051|2052|2054,TOTAL_RISK_CAP
2025-01-07 02:00:00+00:00,010950.KS,KRLEVEL_RR|010950|2T|2049|2054|2055,TOTAL_RISK_CAP
2025-01-07 04:00:00+00:00,012330.KS,KRLEVEL_RR|012330|5T|2054|2055|2057,TOTAL_RISK_CAP
2025-01-07 05:00:00+00:00,112040.KQ,KRLEVEL_RR|112040|2T|2053|2056|2058,TOTAL_RISK_CAP
2025-01-07 05:00:00+00:00,328130.KQ,KRLEVEL_RR|328130|2T|2054|2056|2058,TOTAL_RISK_CAP
2025-01-08 02:00:00+00:00,005380.KS,KRLEVEL_RR|005380|4T|2053|2059|2061,TOTAL_RISK_CAP
2025-01-08 02:00:00+00:00,028300.KQ,KRLEVEL_RR|028300|3T|2058|2060|2061,TOTAL_RISK_CAP
2025-01-08 02:00:00+00:00,047050.KS,KRLEVEL_RR|047050|5T|2054|2059|2061,TOTAL_RISK_CAP
2025-01-08 02:00:00+00:00,078600.KQ,KRLEVEL_RR|078600|2T|2054|2059|2061,TOTAL_RISK_CAP
2025-01-08 02:00:00+00:00,105560.KS,KRLEVEL_RR|105560|3T|2054|2059|2061,TOTAL_RISK_CAP
2025-01-08 03:00:00+00:00,096770.KS,KRLEVEL_RR|096770|3T|2055|2061|2062,TOTAL_RISK_CAP
2025-01-08 03:00:00+00:00,222800.KQ,KRLEVEL_RR|222800|3T|2060|2061|2062,TOTAL_RISK_CAP
2025-01-08 04:00:00+00:00,032830.KS,KRLEVEL_RR|032830|2T|2061|2062|2063,TOTAL_RISK_CAP
2025-01-08 04:00:00+00:00,055550.KS,KRLEVEL_RR|055550|2T|2061|2062|2063,TOTAL_RISK_CAP
2025-01-08 05:00:00+00:00,005290.KQ,KRLEVEL_RR|005290|2T|2061|2062|2064,TOTAL_RISK_CAP
2025-01-08 05:00:00+00:00,086520.KQ,KRLEVEL_RR|086520|3T|1996|1997|1998,TOTAL_RISK_CAP
2025-01-08 05:00:00+00:00,121600.KQ,KRLEVEL_RR|121600|2T|2061|2062|2064,TOTAL_RISK_CAP
2025-01-08 05:00:00+00:00,281740.KQ,KRLEVEL_RR|281740|7T|2061|2062|2064,TOTAL_RISK_CAP
2025-01-09 00:00:00+00:00,095340.KQ,KRLEVEL_RR|095340|3T|2061|2064|2065,TOTAL_RISK_CAP
2025-01-09 00:00:00+00:00,329180.KS,KRLEVEL_RR|329180|2T|2062|2063|2065,TOTAL_RISK_CAP
2025-01-09 01:00:00+00:00,028260.KS,KRLEVEL_RR|028260|3T|2063|2065|2066,TOTAL_RISK_CAP
2025-01-09 01:00:00+00:00,039200.KQ,KRLEVEL_RR|039200|3T|2064|2065|2066,TOTAL_RISK_CAP
2025-01-09 01:00:00+00:00,086790.KS,KRLEVEL_RR|086790|3T|2063|2065|2066,TOTAL_RISK_CAP
2025-01-09 02:00:00+00:00,068270.KS,KRLEVEL_RR|068270|3T|2060|2065|2067,TOTAL_RISK_CAP
2025-01-09 04:00:00+00:00,034020.KS,KRLEVEL_RR|034020|2T|2061|2067|2069,TOTAL_RISK_CAP
2025-01-10 00:00:00+00:00,000250.KQ,KRLEVEL_RR|000250|2T|2068|2070|2071,TOTAL_RISK_CAP
2025-01-10 00:00:00+00:00,009520.KQ,KRLEVEL_RR|009520|2T|2066|2069|2071,TOTAL_RISK_CAP
2025-01-10 00:00:00+00:00,348370.KQ,KRLEVEL_RR|348370|2T|2058|2063|2065,TOTAL_RISK_CAP
2025-01-10 02:00:00+00:00,207940.KS,KRLEVEL_RR|207940|2T|2067|2071|2073,TOTAL_RISK_CAP
2025-01-10 03:00:00+00:00,034730.KS,KRLEVEL_RR|034730|5T|2067|2072|2074,TOTAL_RISK_CAP
2025-01-10 04:00:00+00:00,012330.KS,KRLEVEL_RR|012330|3T|2068|2073|2075,TOTAL_RISK_CAP
2025-01-10 05:00:00+00:00,352820.KS,KRLEVEL_RR|352820|3T|2074|2075|2076,TOTAL_RISK_CAP
2025-01-13 01:00:00+00:00,105560.KS,KRLEVEL_RR|105560|3T|2075|2076|2078,TOTAL_RISK_CAP
2025-01-14 01:00:00+00:00,009540.KS,KRLEVEL_RR|009540|2T|2082|2083|2084,SAME_TICKER_OPEN
2025-01-14 01:00:00+00:00,329180.KS,KRLEVEL_RR|329180|2T|2079|2082|2084,TOTAL_RISK_CAP
2025-01-14 03:00:00+00:00,005380.KS,KRLEVEL_RR|005380|4T|2081|2084|2086,TOTAL_RISK_CAP
2025-01-14 03:00:00+00:00,041510.KQ,KRLEVEL_RR|041510|2T|2082|2084|2086,TOTAL_RISK_CAP
2025-01-14 04:00:00+00:00,000250.KQ,KRLEVEL_RR|000250|2T|2085|2086|2087,TOTAL_RISK_CAP
2025-01-14 04:00:00+00:00,121600.KQ,KRLEVEL_RR|121600|4T|2085|2086|2087,TOTAL_RISK_CAP
2025-01-14 05:00:00+00:00,372170.KQ,KRLEVEL_RR|372170|4T|2086|2087|2088,TOTAL_RISK_CAP
2025-01-15 00:00:00+00:00,078600.KQ,KRLEVEL_RR|078600|4T|2087|2088|2089,TOTAL_RISK_CAP
2025-01-15 00:00:00+00:00,122870.KQ,KRLEVEL_RR|122870|5T|2087|2088|2089,TOTAL_RISK_CAP
2025-01-15 01:00:00+00:00,005290.KQ,KRLEVEL_RR|005290|3T|2088|2089|2090,TOTAL_RISK_CAP
2025-01-15 01:00:00+00:00,055550.KS,KRLEVEL_RR|055550|3T|2087|2088|2090,TOTAL_RISK_CAP
2025-01-15 02:00:00+00:00,011200.KS,KRLEVEL_RR|011200|6T|2084|2090|2091,TOTAL_RISK_CAP
2025-01-15 03:00:00+00:00,095340.KQ,KRLEVEL_RR|095340|4T|2090|2091|2092,TOTAL_RISK_CAP
2025-01-15 05:00:00+00:00,035720.KS,KRLEVEL_RR|035720|2T|2090|2093|2094,MAX_POSITIONS
2025-01-15 05:00:00+00:00,281740.KQ,KRLEVEL_RR|281740|7T|2087|2092|2094,MAX_POSITIONS
2025-01-15 05:00:00+00:00,383310.KQ,KRLEVEL_RR|383310|3T|2088|2093|2094,MAX_POSITIONS
2025-01-16 01:00:00+00:00,000660.KS,KRLEVEL_RR|000660|2T|2090|2095|2096,TOTAL_RISK_CAP
2025-01-16 01:00:00+00:00,086520.KQ,KRLEVEL_RR|086520|2T|2022|2028|2030,TOTAL_RISK_CAP
2025-01-16 01:00:00+00:00,348370.KQ,KRLEVEL_RR|348370|2T|2086|2088|2090,TOTAL_RISK_CAP
2025-01-16 04:00:00+00:00,225570.KQ,KRLEVEL_RR|225570|3T|2094|2098|2099,TOTAL_RISK_CAP
2025-01-17 03:00:00+00:00,035420.KS,KRLEVEL_RR|035420|2T|2097|2103|2104,TOTAL_RISK_CAP
2025-01-17 04:00:00+00:00,010950.KS,KRLEVEL_RR|010950|2T|2103|2104|2105,TOTAL_RISK_CAP
2025-01-17 04:00:00+00:00,034020.KS,KRLEVEL_RR|034020|2T|2102|2103|2105,TOTAL_RISK_CAP
2025-01-17 04:00:00+00:00,352820.KS,KRLEVEL_RR|352820|2T|2099|2104|2105,TOTAL_RISK_CAP
2025-01-17 05:00:00+00:00,222800.KQ,KRLEVEL_RR|222800|2T|2101|2105|2106,TOTAL_RISK_CAP
2025-01-17 05:00:00+00:00,357780.KQ,KRLEVEL_RR|357780|3T|2104|2105|2106,TOTAL_RISK_CAP
2025-01-20 00:00:00+00:00,015760.KS,KRLEVEL_RR|015760|2T|2103|2105|2107,TOTAL_RISK_CAP
2025-01-20 00:00:00+00:00,096770.KS,KRLEVEL_RR|096770|3T|2103|2105|2107,TOTAL_RISK_CAP
2025-01-20 00:00:00+00:00,277810.KQ,KRLEVEL_RR|277810|2T|2105|2106|2107,TOTAL_RISK_CAP
2025-01-20 01:00:00+00:00,003550.KS,KRLEVEL_RR|003550|2T|2101|2107|2108,TOTAL_RISK_CAP
2025-01-20 03:00:00+00:00,003490.KS,KRLEVEL_RR|003490|2T|2107|2109|2110,TOTAL_RISK_CAP
2025-01-20 03:00:00+00:00,003670.KS,KRLEVEL_RR|003670|3T|2103|2109|2110,TOTAL_RISK_CAP
2025-01-20 03:00:00+00:00,041510.KQ,KRLEVEL_RR|041510|3T|2102|2108|2110,TOTAL_RISK_CAP
2025-01-20 03:00:00+00:00,051910.KS,KRLEVEL_RR|051910|2T|2108|2109|2110,TOTAL_RISK_CAP
2025-01-20 03:00:00+00:00,393890.KQ,KRLEVEL_RR|393890|2T|2108|2109|2110,TOTAL_RISK_CAP
2025-01-20 04:00:00+00:00,078600.KQ,KRLEVEL_RR|078600|2T|2108|2109|2111,TOTAL_RISK_CAP
2025-01-20 05:00:00+00:00,348370.KQ,KRLEVEL_RR|348370|2T|2102|2104|2106,TOTAL_RISK_CAP
2025-01-21 03:00:00+00:00,140860.KQ,KRLEVEL_RR|140860|2T|2110|2115|2116,TOTAL_RISK_CAP
2025-01-21 04:00:00+00:00,047050.KS,KRLEVEL_RR|047050|5T|2115|2116|2117,GROSS_CAP
2025-01-21 04:00:00+00:00,329180.KS,KRLEVEL_RR|329180|2T|2115|2116|2117,TOTAL_RISK_CAP
2025-01-22 00:00:00+00:00,225570.KQ,KRLEVEL_RR|225570|3T|2111|2117|2119,GROSS_CAP
2025-01-22 01:00:00+00:00,055550.KS,KRLEVEL_RR|055550|2T|2115|2119|2120,GROSS_CAP
2025-01-22 01:00:00+00:00,086790.KS,KRLEVEL_RR|086790|3T|2117|2119|2120,GROSS_CAP
2025-01-22 01:00:00+00:00,095340.KQ,KRLEVEL_RR|095340|3T|2117|2119|2120,TOTAL_RISK_CAP
2025-01-22 01:00:00+00:00,101490.KQ,KRLEVEL_RR|101490|3T|2117|2119|2120,GROSS_CAP
2025-01-22 01:00:00+00:00,328130.KQ,KRLEVEL_RR|328130|5T|2114|2118|2120,TOTAL_RISK_CAP
2025-01-22 05:00:00+00:00,028300.KQ,KRLEVEL_RR|028300|2T|2120|2122|2124,TOTAL_RISK_CAP
2025-01-22 05:00:00+00:00,086900.KQ,KRLEVEL_RR|086900|2T|2119|2122|2124,TOTAL_RISK_CAP
2025-01-23 01:00:00+00:00,041510.KQ,KRLEVEL_RR|041510|3T|2124|2125|2126,TOTAL_RISK_CAP
2025-01-23 01:00:00+00:00,122870.KQ,KRLEVEL_RR|122870|2T|2121|2124|2126,TOTAL_RISK_CAP
2025-01-23 01:00:00+00:00,207940.KS,KRLEVEL_RR|207940|2T|2120|2125|2126,TOTAL_RISK_CAP
2025-01-23 02:00:00+00:00,018260.KS,KRLEVEL_RR|018260|2T|2123|2126|2127,TOTAL_RISK_CAP
2025-01-23 03:00:00+00:00,000250.KQ,KRLEVEL_RR|000250|4T|2125|2127|2128,TOTAL_RISK_CAP
2025-01-23 03:00:00+00:00,000660.KS,KRLEVEL_RR|000660|2T|2121|2127|2128,MAX_POSITIONS
2025-01-23 04:00:00+00:00,003490.KS,KRLEVEL_RR|003490|4T|2124|2127|2129,MAX_POSITIONS
2025-01-23 04:00:00+00:00,009150.KS,KRLEVEL_RR|009150|5T|2124|2127|2129,MAX_POSITIONS
2025-01-24 00:00:00+00:00,096530.KQ,KRLEVEL_RR|096530|2T|2127|2129|2131,MAX_POSITIONS
2025-01-24 01:00:00+00:00,012330.KS,KRLEVEL_RR|012330|3T|2128|2130|2132,TOTAL_RISK_CAP
2025-01-24 01:00:00+00:00,140410.KQ,KRLEVEL_RR|140410|3T|2129|2130|2132,TOTAL_RISK_CAP
2025-01-24 03:00:00+00:00,096770.KS,KRLEVEL_RR|096770|2T|2128|2133|2134,TOTAL_RISK_CAP
2025-01-24 05:00:00+00:00,281740.KQ,KRLEVEL_RR|281740|5T|2134|2135|2136,TOTAL_RISK_CAP
2025-01-31 00:00:00+00:00,010130.KS,KRLEVEL_RR|010130|3T|2134|2136|2137,TOTAL_RISK_CAP
2025-01-31 00:00:00+00:00,011200.KS,KRLEVEL_RR|011200|2T|2135|2136|2137,TOTAL_RISK_CAP
2025-01-31 00:00:00+00:00,086790.KS,KRLEVEL_RR|086790|7T|2134|2136|2137,TOTAL_RISK_CAP
2025-01-31 04:00:00+00:00,028260.KS,KRLEVEL_RR|028260|5T|2138|2140|2141,TOTAL_RISK_CAP
2025-01-31 05:00:00+00:00,105560.KS,KRLEVEL_RR|105560|2T|2138|2140|2142,TOTAL_RISK_CAP
2025-02-03 01:00:00+00:00,352820.KS,KRLEVEL_RR|352820|2T|2142|2143|2144,TOTAL_RISK_CAP
2025-02-03 05:00:00+00:00,032830.KS,KRLEVEL_RR|032830|2T|2143|2146|2148,TOTAL_RISK_CAP
2025-02-03 05:00:00+00:00,035720.KS,KRLEVEL_RR|035720|3T|2145|2147|2148,TOTAL_RISK_CAP
2025-02-04 00:00:00+00:00,000810.KS,KRLEVEL_RR|000810|12T|2143|2147|2149,TOTAL_RISK_CAP
2025-02-04 01:00:00+00:00,009150.KS,KRLEVEL_RR|009150|3T|2147|2148|2150,TOTAL_RISK_CAP
2025-02-04 01:00:00+00:00,028300.KQ,KRLEVEL_RR|028300|2T|2148|2149|2150,TOTAL_RISK_CAP
2025-02-04 01:00:00+00:00,086790.KS,KRLEVEL_RR|086790|7T|2148|2149|2150,TOTAL_RISK_CAP
2025-02-04 03:00:00+00:00,328130.KQ,KRLEVEL_RR|328130|3T|2150|2151|2152,TOTAL_RISK_CAP
2025-02-04 04:00:00+00:00,112040.KQ,KRLEVEL_RR|112040|8T|2150|2151|2153,TOTAL_RISK_CAP
2025-02-05 00:00:00+00:00,055550.KS,KRLEVEL_RR|055550|2T|2150|2154|2155,TOTAL_RISK_CAP
2025-02-05 01:00:00+00:00,011200.KS,KRLEVEL_RR|011200|3T|2150|2154|2156,TOTAL_RISK_CAP
2025-02-05 01:00:00+00:00,018260.KS,KRLEVEL_RR|018260|4T|2150|2154|2156,TOTAL_RISK_CAP
2025-02-05 01:00:00+00:00,035420.KS,KRLEVEL_RR|035420|2T|2150|2155|2156,TOTAL_RISK_CAP
2025-02-05 01:00:00+00:00,067160.KQ,KRLEVEL_RR|067160|4T|2150|2154|2156,TOTAL_RISK_CAP
2025-02-05 01:00:00+00:00,323410.KS,KRLEVEL_RR|323410|3T|2150|2155|2156,TOTAL_RISK_CAP
2025-02-05 01:00:00+00:00,403870.KQ,KRLEVEL_RR|403870|2T|2150|2154|2156,TOTAL_RISK_CAP
2025-02-05 03:00:00+00:00,225570.KQ,KRLEVEL_RR|225570|4T|2156|2157|2158,TOTAL_RISK_CAP
2025-02-05 03:00:00+00:00,281740.KQ,KRLEVEL_RR|281740|2T|2156|2157|2158,TOTAL_RISK_CAP
2025-02-05 04:00:00+00:00,095340.KQ,KRLEVEL_RR|095340|2T|2156|2157|2159,TOTAL_RISK_CAP
2025-02-05 05:00:00+00:00,039200.KQ,KRLEVEL_RR|039200|2T|2154|2159|2160,TOTAL_RISK_CAP
2025-02-06 00:00:00+00:00,015760.KS,KRLEVEL_RR|015760|2T|2156|2159|2161,TOTAL_RISK_CAP
2025-02-06 01:00:00+00:00,034730.KS,KRLEVEL_RR|034730|2T|2159|2161|2162,TOTAL_RISK_CAP
2025-02-06 01:00:00+00:00,035720.KS,KRLEVEL_RR|035720|2T|2159|2160|2162,TOTAL_RISK_CAP
2025-02-06 01:00:00+00:00,042660.KS,KRLEVEL_RR|042660|2T|2155|2160|2162,TOTAL_RISK_CAP
2025-02-06 01:00:00+00:00,214370.KQ,KRLEVEL_RR|214370|3T|2100|2101|2102,TOTAL_RISK_CAP
2025-02-06 04:00:00+00:00,009540.KS,KRLEVEL_RR|009540|2T|2163|2164|2165,TOTAL_RISK_CAP
2025-02-06 04:00:00+00:00,365340.KQ,KRLEVEL_RR|365340|3T|2161|2164|2165,TOTAL_RISK_CAP
2025-02-06 05:00:00+00:00,101490.KQ,KRLEVEL_RR|101490|2T|2164|2165|2166,TOTAL_RISK_CAP
2025-02-07 00:00:00+00:00,009150.KS,KRLEVEL_RR|009150|2T|2163|2165|2167,TOTAL_RISK_CAP
2025-02-10 01:00:00+00:00,105560.KS,KRLEVEL_RR|105560|6T|2170|2172|2174,TOTAL_RISK_CAP
2025-02-10 01:00:00+00:00,281740.KQ,KRLEVEL_RR|281740|5T|2172|2173|2174,TOTAL_RISK_CAP
2025-02-10 01:00:00+00:00,329180.KS,KRLEVEL_RR|329180|2T|2169|2172|2174,TOTAL_RISK_CAP
2025-02-10 03:00:00+00:00,357780.KQ,KRLEVEL_RR|357780|2T|2168|2174|2176,TOTAL_RISK_CAP
2025-02-10 04:00:00+00:00,055550.KS,KRLEVEL_RR|055550|3T|2173|2175|2177,TOTAL_RISK_CAP
2025-02-11 00:00:00+00:00,018260.KS,KRLEVEL_RR|018260|2T|2175|2177|2179,TOTAL_RISK_CAP
2025-02-11 01:00:00+00:00,112040.KQ,KRLEVEL_RR|112040|3T|2175|2179|2180,TOTAL_RISK_CAP
2025-02-11 02:00:00+00:00,086900.KQ,KRLEVEL_RR|086900|3T|2173|2179|2181,TOTAL_RISK_CAP
2025-02-11 02:00:00+00:00,101490.KQ,KRLEVEL_RR|101490|4T|2178|2180|2181,TOTAL_RISK_CAP
2025-02-11 02:00:00+00:00,277810.KQ,KRLEVEL_RR|277810|2T|2176|2180|2181,TOTAL_RISK_CAP
2025-02-11 02:00:00+00:00,403870.KQ,KRLEVEL_RR|403870|2T|2179|2180|2181,TOTAL_RISK_CAP
2025-02-11 05:00:00+00:00,000660.KS,KRLEVEL_RR|000660|3T|2180|2182|2184,SAME_TICKER_OPEN
2025-02-11 05:00:00+00:00,047050.KS,KRLEVEL_RR|047050|3T|2179|2182|2184,TOTAL_RISK_CAP
2025-02-12 00:00:00+00:00,017670.KS,KRLEVEL_RR|017670|3T|2180|2183|2185,TOTAL_RISK_CAP
2025-02-12 00:00:00+00:00,225570.KQ,KRLEVEL_RR|225570|4T|2180|2183|2185,TOTAL_RISK_CAP
2025-02-12 00:00:00+00:00,253450.KQ,KRLEVEL_RR|253450|2T|2180|2184|2185,TOTAL_RISK_CAP
2025-02-12 02:00:00+00:00,028260.KS,KRLEVEL_RR|028260|4T|2184|2186|2187,TOTAL_RISK_CAP
2025-02-12 04:00:00+00:00,000810.KS,KRLEVEL_RR|000810|3T|2186|2187|2189,TOTAL_RISK_CAP
2025-02-12 05:00:00+00:00,009540.KS,KRLEVEL_RR|009540|2T|2187|2188|2190,TOTAL_RISK_CAP
2025-02-12 05:00:00+00:00,323410.KS,KRLEVEL_RR|323410|2T|2182|2188|2190,TOTAL_RISK_CAP
2025-02-13 03:00:00+00:00,095340.KQ,KRLEVEL_RR|095340|3T|2192|2193|2194,TOTAL_RISK_CAP
2025-02-13 03:00:00+00:00,373220.KS,KRLEVEL_RR|373220|2T|2192|2193|2194,TOTAL_RISK_CAP
2025-02-13 05:00:00+00:00,086520.KQ,KRLEVEL_RR|086520|2T|2126|2128|2130,TOTAL_RISK_CAP
2025-02-14 00:00:00+00:00,101490.KQ,KRLEVEL_RR|101490|2T|2192|2196|2197,TOTAL_RISK_CAP
2025-02-14 00:00:00+00:00,336570.KQ,KRLEVEL_RR|336570|2T|2191|2196|2197,TOTAL_RISK_CAP
2025-02-14 01:00:00+00:00,018260.KS,KRLEVEL_RR|018260|2T|2193|2196|2198,TOTAL_RISK_CAP
2025-02-14 01:00:00+00:00,034020.KS,KRLEVEL_RR|034020|3T|2193|2196|2198,TOTAL_RISK_CAP
2025-02-14 01:00:00+00:00,086900.KQ,KRLEVEL_RR|086900|3T|2192|2196|2198,TOTAL_RISK_CAP
2025-02-14 01:00:00+00:00,112040.KQ,KRLEVEL_RR|112040|2T|2192|2196|2198,TOTAL_RISK_CAP
2025-02-14 01:00:00+00:00,372170.KQ,KRLEVEL_RR|372170|5T|2196|2197|2198,TOTAL_RISK_CAP
2025-02-14 03:00:00+00:00,003670.KS,KRLEVEL_RR|003670|2T|2197|2199|2200,TOTAL_RISK_CAP
2025-02-14 03:00:00+00:00,383310.KQ,KRLEVEL_RR|383310|2T|2197|2199|2200,TOTAL_RISK_CAP
2025-02-14 04:00:00+00:00,012330.KS,KRLEVEL_RR|012330|3T|2199|2200|2201,TOTAL_RISK_CAP
2025-02-14 04:00:00+00:00,034730.KS,KRLEVEL_RR|034730|2T|2199|2200|2201,SAME_TICKER_OPEN
2025-02-14 04:00:00+00:00,035420.KS,KRLEVEL_RR|035420|2T|2197|2200|2201,TOTAL_RISK_CAP
2025-02-14 04:00:00+00:00,277810.KQ,KRLEVEL_RR|277810|3T|2198|2200|2201,TOTAL_RISK_CAP
2025-02-14 05:00:00+00:00,000810.KS,KRLEVEL_RR|000810|2T|2200|2201|2202,TOTAL_RISK_CAP
2025-02-17 01:00:00+00:00,028300.KQ,KRLEVEL_RR|028300|8T|2198|2203|2204,TOTAL_RISK_CAP
2025-02-17 01:00:00+00:00,032830.KS,KRLEVEL_RR|032830|4T|2198|2202|2204,TOTAL_RISK_CAP
2025-02-17 01:00:00+00:00,047050.KS,KRLEVEL_RR|047050|2T|2199|2202|2204,TOTAL_RISK_CAP
2025-02-17 01:00:00+00:00,225570.KQ,KRLEVEL_RR|225570|2T|2201|2202|2204,TOTAL_RISK_CAP
2025-02-17 01:00:00+00:00,281740.KQ,KRLEVEL_RR|281740|2T|2201|2203|2204,TOTAL_RISK_CAP
2025-02-17 01:00:00+00:00,403870.KQ,KRLEVEL_RR|403870|3T|2199|2202|2204,TOTAL_RISK_CAP
2025-02-17 01:00:00+00:00,420770.KQ,KRLEVEL_RR|420770|3T|2200|2202|2204,TOTAL_RISK_CAP
2025-02-17 02:00:00+00:00,006400.KS,KRLEVEL_RR|006400|2T|2200|2204|2205,TOTAL_RISK_CAP
2025-02-17 02:00:00+00:00,096770.KS,KRLEVEL_RR|096770|2T|2200|2204|2205,TOTAL_RISK_CAP
2025-02-17 02:00:00+00:00,365340.KQ,KRLEVEL_RR|365340|3T|2201|2203|2205,TOTAL_RISK_CAP
2025-02-17 02:00:00+00:00,393890.KQ,KRLEVEL_RR|393890|2T|2201|2204|2205,TOTAL_RISK_CAP
2025-02-17 04:00:00+00:00,068270.KS,KRLEVEL_RR|068270|4T|2203|2205|2207,TOTAL_RISK_CAP
2025-02-17 04:00:00+00:00,328130.KQ,KRLEVEL_RR|328130|3T|2204|2206|2207,TOTAL_RISK_CAP
2025-02-17 05:00:00+00:00,033780.KS,KRLEVEL_RR|033780|3T|2202|2207|2208,TOTAL_RISK_CAP
2025-02-17 05:00:00+00:00,121600.KQ,KRLEVEL_RR|121600|3T|2205|2207|2208,TOTAL_RISK_CAP
2025-02-18 00:00:00+00:00,010950.KS,KRLEVEL_RR|010950|3T|2205|2207|2209,TOTAL_RISK_CAP
2025-02-18 00:00:00+00:00,068760.KQ,KRLEVEL_RR|068760|2T|2204|2207|2209,TOTAL_RISK_CAP
2025-02-18 00:00:00+00:00,323410.KS,KRLEVEL_RR|323410|4T|2206|2207|2209,TOTAL_RISK_CAP
2025-02-18 01:00:00+00:00,010130.KS,KRLEVEL_RR|010130|2T|2205|2208|2210,TOTAL_RISK_CAP
2025-02-18 04:00:00+00:00,003490.KS,KRLEVEL_RR|003490|6T|2210|2211|2213,TOTAL_RISK_CAP
2025-02-18 05:00:00+00:00,357780.KQ,KRLEVEL_RR|357780|3T|2212|2213|2214,TOTAL_RISK_CAP
2025-02-19 01:00:00+00:00,009540.KS,KRLEVEL_RR|009540|2T|2213|2214|2216,TOTAL_RISK_CAP
2025-02-19 01:00:00+00:00,012330.KS,KRLEVEL_RR|012330|2T|2212|2215|2216,TOTAL_RISK_CAP
2025-02-19 01:00:00+00:00,035720.KS,KRLEVEL_RR|035720|3T|2212|2214|2216,TOTAL_RISK_CAP
2025-02-19 01:00:00+00:00,078600.KQ,KRLEVEL_RR|078600|2T|2208|2214|2216,TOTAL_RISK_CAP
2025-02-19 02:00:00+00:00,086520.KQ,KRLEVEL_RR|086520|4T|2147|2150|2151,TOTAL_RISK_CAP
2025-02-19 03:00:00+00:00,329180.KS,KRLEVEL_RR|329180|2T|2216|2217|2218,TOTAL_RISK_CAP
2025-02-19 03:00:00+00:00,365340.KQ,KRLEVEL_RR|365340|5T|2216|2217|2218,TOTAL_RISK_CAP
2025-02-19 05:00:00+00:00,047050.KS,KRLEVEL_RR|047050|6T|2217|2219|2220,TOTAL_RISK_CAP
2025-02-19 05:00:00+00:00,253450.KQ,KRLEVEL_RR|253450|2T|2212|2218|2220,TOTAL_RISK_CAP
2025-02-20 00:00:00+00:00,017670.KS,KRLEVEL_RR|017670|2T|2219|2220|2221,SAME_TICKER_OPEN
2025-02-20 00:00:00+00:00,096770.KS,KRLEVEL_RR|096770|3T|2216|2220|2221,TOTAL_RISK_CAP
2025-02-20 01:00:00+00:00,005490.KS,KRLEVEL_RR|005490|2T|2217|2220|2222,TOTAL_RISK_CAP
2025-02-20 01:00:00+00:00,015760.KS,KRLEVEL_RR|015760|2T|2216|2220|2222,SAME_TICKER_OPEN
2025-02-20 01:00:00+00:00,086900.KQ,KRLEVEL_RR|086900|4T|2216|2220|2222,TOTAL_RISK_CAP
2025-02-20 01:00:00+00:00,225570.KQ,KRLEVEL_RR|225570|5T|2217|2220|2222,TOTAL_RISK_CAP
2025-02-20 03:00:00+00:00,348370.KQ,KRLEVEL_RR|348370|3T|2215|2216|2218,TOTAL_RISK_CAP
2025-02-20 03:00:00+00:00,373220.KS,KRLEVEL_RR|373220|3T|2222|2223|2224,TOTAL_RISK_CAP
2025-02-20 03:00:00+00:00,393890.KQ,KRLEVEL_RR|393890|3T|2222|2223|2224,TOTAL_RISK_CAP
2025-02-21 01:00:00+00:00,096530.KQ,KRLEVEL_RR|096530|2T|2223|2227|2228,TOTAL_RISK_CAP
2025-02-21 01:00:00+00:00,383310.KQ,KRLEVEL_RR|383310|4T|2222|2226|2228,TOTAL_RISK_CAP
2025-02-21 03:00:00+00:00,003490.KS,KRLEVEL_RR|003490|2T|2226|2229|2230,TOTAL_RISK_CAP
2025-02-21 03:00:00+00:00,012330.KS,KRLEVEL_RR|012330|4T|2228|2229|2230,TOTAL_RISK_CAP
2025-02-21 03:00:00+00:00,035420.KS,KRLEVEL_RR|035420|3T|2228|2229|2230,TOTAL_RISK_CAP
2025-02-21 04:00:00+00:00,005290.KQ,KRLEVEL_RR|005290|2T|2229|2230|2231,TOTAL_RISK_CAP
2025-02-21 04:00:00+00:00,101490.KQ,KRLEVEL_RR|101490|2T|2229|2230|2231,TOTAL_RISK_CAP
2025-02-21 04:00:00+00:00,372170.KQ,KRLEVEL_RR|372170|3T|2228|2229|2231,TOTAL_RISK_CAP
2025-02-24 00:00:00+00:00,086520.KQ,KRLEVEL_RR|086520|2T|2162|2166|2167,TOTAL_RISK_CAP
2025-02-24 00:00:00+00:00,140410.KQ,KRLEVEL_RR|140410|3T|2229|2231|2233,TOTAL_RISK_CAP
2025-02-24 01:00:00+00:00,003670.KS,KRLEVEL_RR|003670|3T|2228|2232|2234,TOTAL_RISK_CAP
2025-02-24 04:00:00+00:00,086900.KQ,KRLEVEL_RR|086900|4T|2233|2236|2237,TOTAL_RISK_CAP
2025-02-24 05:00:00+00:00,225570.KQ,KRLEVEL_RR|225570|3T|2236|2237|2238,TOTAL_RISK_CAP
2025-02-24 05:00:00+00:00,365340.KQ,KRLEVEL_RR|365340|7T|2233|2236|2238,TOTAL_RISK_CAP
2025-02-25 00:00:00+00:00,005380.KS,KRLEVEL_RR|005380|2T|2237|2238|2239,TOTAL_RISK_CAP
2025-02-25 02:00:00+00:00,000250.KQ,KRLEVEL_RR|000250|9T|2235|2239|2241,TOTAL_RISK_CAP
2025-02-25 02:00:00+00:00,011200.KS,KRLEVEL_RR|011200|6T|2234|2240|2241,TOTAL_RISK_CAP
2025-02-26 00:00:00+00:00,329180.KS,KRLEVEL_RR|329180|2T|2242|2243|2245,TOTAL_RISK_CAP
2025-02-26 01:00:00+00:00,035420.KS,KRLEVEL_RR|035420|2T|2242|2244|2246,TOTAL_RISK_CAP
2025-02-26 02:00:00+00:00,039200.KQ,KRLEVEL_RR|039200|2T|2244|2246|2247,TOTAL_RISK_CAP
2025-02-26 04:00:00+00:00,051910.KS,KRLEVEL_RR|051910|4T|2241|2247|2249,SAME_TICKER_OPEN
2025-02-26 04:00:00+00:00,068270.KS,KRLEVEL_RR|068270|6T|2246|2247|2249,TOTAL_RISK_CAP
2025-02-26 04:00:00+00:00,068760.KQ,KRLEVEL_RR|068760|2T|2246|2247|2249,TOTAL_RISK_CAP
2025-02-27 00:00:00+00:00,012330.KS,KRLEVEL_RR|012330|2T|2249|2250|2251,TOTAL_RISK_CAP
2025-02-27 00:00:00+00:00,096530.KQ,KRLEVEL_RR|096530|2T|2247|2250|2251,TOTAL_RISK_CAP
2025-02-27 01:00:00+00:00,006400.KS,KRLEVEL_RR|006400|2T|2248|2250|2252,TOTAL_RISK_CAP
2025-02-27 05:00:00+00:00,140860.KQ,KRLEVEL_RR|140860|3T|2253|2254|2256,TOTAL_RISK_CAP
2025-02-28 00:00:00+00:00,328130.KQ,KRLEVEL_RR|328130|2T|2254|2256|2257,INVALID_STOP
2025-03-04 02:00:00+00:00,336570.KQ,KRLEVEL_RR|336570|2T|2258|2264|2265,TOTAL_RISK_CAP
2025-03-04 04:00:00+00:00,222800.KQ,KRLEVEL_RR|222800|2T|2261|2266|2267,TOTAL_RISK_CAP
2025-03-04 05:00:00+00:00,329180.KS,KRLEVEL_RR|329180|2T|2264|2266|2268,TOTAL_RISK_CAP
2025-03-05 01:00:00+00:00,015760.KS,KRLEVEL_RR|015760|4T|2267|2269|2270,TOTAL_RISK_CAP
2025-03-05 01:00:00+00:00,047050.KS,KRLEVEL_RR|047050|2T|2266|2268|2270,TOTAL_RISK_CAP
2025-03-05 01:00:00+00:00,253450.KQ,KRLEVEL_RR|253450|3T|2266|2269|2270,SAME_TICKER_OPEN
2025-03-05 02:00:00+00:00,009520.KQ,KRLEVEL_RR|009520|5T|2269|2270|2271,TOTAL_RISK_CAP
2025-03-05 02:00:00+00:00,009540.KS,KRLEVEL_RR|009540|2T|2269|2270|2271,TOTAL_RISK_CAP
2025-03-05 02:00:00+00:00,101490.KQ,KRLEVEL_RR|101490|2T|2264|2269|2271,TOTAL_RISK_CAP
2025-03-05 04:00:00+00:00,225570.KQ,KRLEVEL_RR|225570|2T|2270|2271|2273,TOTAL_RISK_CAP
2025-03-05 05:00:00+00:00,000270.KS,KRLEVEL_RR|000270|4T|2270|2273|2274,TOTAL_RISK_CAP
2025-03-06 00:00:00+00:00,372170.KQ,KRLEVEL_RR|372170|2T|2271|2274|2275,TOTAL_RISK_CAP
2025-03-06 01:00:00+00:00,000250.KQ,KRLEVEL_RR|000250|3T|2270|2275|2276,TOTAL_RISK_CAP
2025-03-06 01:00:00+00:00,012330.KS,KRLEVEL_RR|012330|2T|2273|2274|2276,TOTAL_RISK_CAP
2025-03-06 02:00:00+00:00,035720.KS,KRLEVEL_RR|035720|3T|2275|2276|2277,TOTAL_RISK_CAP
2025-03-06 02:00:00+00:00,214370.KQ,KRLEVEL_RR|214370|3T|2215|2216|2217,TOTAL_RISK_CAP
2025-03-06 03:00:00+00:00,000660.KS,KRLEVEL_RR|000660|2T|2274|2277|2278,TOTAL_RISK_CAP
2025-03-06 05:00:00+00:00,011200.KS,KRLEVEL_RR|011200|2T|2275|2278|2280,TOTAL_RISK_CAP
2025-03-10 03:00:00+00:00,003670.KS,KRLEVEL_RR|003670|2T|2286|2289|2290,TOTAL_RISK_CAP
2025-03-10 03:00:00+00:00,010950.KS,KRLEVEL_RR|010950|3T|2288|2289|2290,TOTAL_RISK_CAP
2025-03-10 05:00:00+00:00,000810.KS,KRLEVEL_RR|000810|3T|2289|2290|2292,TOTAL_RISK_CAP
2025-03-10 05:00:00+00:00,035720.KS,KRLEVEL_RR|035720|3T|2289|2291|2292,TOTAL_RISK_CAP
2025-03-10 05:00:00+00:00,086790.KS,KRLEVEL_RR|086790|4T|2290|2291|2292,GROSS_CAP
2025-03-11 04:00:00+00:00,357780.KQ,KRLEVEL_RR|357780|2T|2292|2296|2297,TOTAL_RISK_CAP
2025-03-11 05:00:00+00:00,041510.KQ,KRLEVEL_RR|041510|2T|2294|2296|2298,TOTAL_RISK_CAP
2025-03-11 05:00:00+00:00,336570.KQ,KRLEVEL_RR|336570|3T|2293|2297|2298,TOTAL_RISK_CAP
2025-03-12 01:00:00+00:00,000250.KQ,KRLEVEL_RR|000250|3T|2297|2298|2300,TOTAL_RISK_CAP
2025-03-12 01:00:00+00:00,005290.KQ,KRLEVEL_RR|005290|2T|2296|2298|2300,TOTAL_RISK_CAP
2025-03-12 01:00:00+00:00,009520.KQ,KRLEVEL_RR|009520|2T|2295|2298|2300,TOTAL_RISK_CAP
2025-03-12 01:00:00+00:00,035420.KS,KRLEVEL_RR|035420|3T|2298|2299|2300,TOTAL_RISK_CAP
2025-03-12 01:00:00+00:00,067160.KQ,KRLEVEL_RR|067160|2T|2298|2299|2300,TOTAL_RISK_CAP
2025-03-12 03:00:00+00:00,000270.KS,KRLEVEL_RR|000270|2T|2300|2301|2302,TOTAL_RISK_CAP
2025-03-12 03:00:00+00:00,005930.KS,KRLEVEL_RR|005930|2T|2300|2301|2302,TOTAL_RISK_CAP
2025-03-12 03:00:00+00:00,028260.KS,KRLEVEL_RR|028260|3T|2300|2301|2302,TOTAL_RISK_CAP
2025-03-12 03:00:00+00:00,028300.KQ,KRLEVEL_RR|028300|3T|2295|2301|2302,TOTAL_RISK_CAP
2025-03-12 04:00:00+00:00,101490.KQ,KRLEVEL_RR|101490|4T|2300|2302|2303,TOTAL_RISK_CAP
2025-03-12 04:00:00+00:00,373220.KS,KRLEVEL_RR|373220|3T|2301|2302|2303,TOTAL_RISK_CAP
2025-03-13 00:00:00+00:00,017670.KS,KRLEVEL_RR|017670|2T|2300|2303|2305,TOTAL_RISK_CAP
2025-03-13 00:00:00+00:00,032830.KS,KRLEVEL_RR|032830|2T|2300|2303|2305,TOTAL_RISK_CAP
2025-03-13 00:00:00+00:00,051910.KS,KRLEVEL_RR|051910|4T|2302|2304|2305,TOTAL_RISK_CAP
2025-03-13 00:00:00+00:00,068270.KS,KRLEVEL_RR|068270|3T|2300|2303|2305,TOTAL_RISK_CAP
2025-03-13 00:00:00+00:00,068760.KQ,KRLEVEL_RR|068760|2T|2300|2303|2305,TOTAL_RISK_CAP
2025-03-13 00:00:00+00:00,086790.KS,KRLEVEL_RR|086790|3T|2303|2304|2305,TOTAL_RISK_CAP
2025-03-13 00:00:00+00:00,207940.KS,KRLEVEL_RR|207940|2T|2303|2304|2305,TOTAL_RISK_CAP
2025-03-13 00:00:00+00:00,222800.KQ,KRLEVEL_RR|222800|2T|2300|2304|2305,TOTAL_RISK_CAP
2025-03-13 01:00:00+00:00,000660.KS,KRLEVEL_RR|000660|2T|2304|2305|2306,TOTAL_RISK_CAP
2025-03-13 01:00:00+00:00,009150.KS,KRLEVEL_RR|009150|3T|2298|2304|2306,TOTAL_RISK_CAP
2025-03-13 02:00:00+00:00,018260.KS,KRLEVEL_RR|018260|2T|2300|2306|2307,TOTAL_RISK_CAP
2025-03-14 00:00:00+00:00,281740.KQ,KRLEVEL_RR|281740|2T|2306|2310|2311,TOTAL_RISK_CAP
2025-03-14 01:00:00+00:00,329180.KS,KRLEVEL_RR|329180|2T|2306|2310|2312,TOTAL_RISK_CAP
2025-03-14 01:00:00+00:00,372170.KQ,KRLEVEL_RR|372170|3T|2310|2311|2312,TOTAL_RISK_CAP
2025-03-14 03:00:00+00:00,140860.KQ,KRLEVEL_RR|140860|2T|2312|2313|2314,TOTAL_RISK_CAP
2025-03-14 03:00:00+00:00,357780.KQ,KRLEVEL_RR|357780|2T|2312|2313|2314,TOTAL_RISK_CAP
2025-03-17 00:00:00+00:00,012330.KS,KRLEVEL_RR|012330|8T|2314|2315|2317,TOTAL_RISK_CAP
2025-03-17 00:00:00+00:00,028260.KS,KRLEVEL_RR|028260|3T|2313|2315|2317,TOTAL_RISK_CAP
2025-03-17 01:00:00+00:00,005930.KS,KRLEVEL_RR|005930|3T|2313|2316|2318,TOTAL_RISK_CAP
2025-03-17 01:00:00+00:00,066570.KS,KRLEVEL_RR|066570|3T|2316|2317|2318,TOTAL_RISK_CAP
2025-03-17 01:00:00+00:00,086900.KQ,KRLEVEL_RR|086900|3T|2312|2316|2318,TOTAL_RISK_CAP
2025-03-17 01:00:00+00:00,323410.KS,KRLEVEL_RR|323410|2T|2315|2316|2318,TOTAL_RISK_CAP
2025-03-17 03:00:00+00:00,000250.KQ,KRLEVEL_RR|000250|3T|2316|2319|2320,TOTAL_RISK_CAP
2025-03-17 04:00:00+00:00,018260.KS,KRLEVEL_RR|018260|3T|2318|2320|2321,TOTAL_RISK_CAP
2025-03-17 05:00:00+00:00,028300.KQ,KRLEVEL_RR|028300|2T|2319|2320|2322,TOTAL_RISK_CAP
2025-03-18 00:00:00+00:00,064550.KQ,KRLEVEL_RR|064550|2T|2319|2322|2323,TOTAL_RISK_CAP
2025-03-18 01:00:00+00:00,017670.KS,KRLEVEL_RR|017670|2T|2318|2323|2324,TOTAL_RISK_CAP
2025-03-18 01:00:00+00:00,035720.KS,KRLEVEL_RR|035720|3T|2319|2322|2324,TOTAL_RISK_CAP
2025-03-18 01:00:00+00:00,042660.KS,KRLEVEL_RR|042660|6T|2318|2322|2324,TOTAL_RISK_CAP
2025-03-18 01:00:00+00:00,068270.KS,KRLEVEL_RR|068270|5T|2319|2322|2324,TOTAL_RISK_CAP
2025-03-18 01:00:00+00:00,328130.KQ,KRLEVEL_RR|328130|2T|2316|2322|2324,TOTAL_RISK_CAP
2025-03-18 03:00:00+00:00,032830.KS,KRLEVEL_RR|032830|3T|2324|2325|2326,TOTAL_RISK_CAP
2025-03-18 03:00:00+00:00,383310.KQ,KRLEVEL_RR|383310|3T|2324|2325|2326,TOTAL_RISK_CAP
2025-03-18 04:00:00+00:00,041510.KQ,KRLEVEL_RR|041510|3T|2325|2326|2327,TOTAL_RISK_CAP
2025-03-19 00:00:00+00:00,095340.KQ,KRLEVEL_RR|095340|2T|2325|2327|2329,TOTAL_RISK_CAP
2025-03-19 01:00:00+00:00,000270.KS,KRLEVEL_RR|000270|3T|2327|2329|2330,TOTAL_RISK_CAP
2025-03-19 01:00:00+00:00,086520.KQ,KRLEVEL_RR|086520|4T|2257|2263|2264,TOTAL_RISK_CAP
2025-03-19 01:00:00+00:00,086790.KS,KRLEVEL_RR|086790|6T|2324|2328|2330,TOTAL_RISK_CAP
2025-03-19 01:00:00+00:00,096530.KQ,KRLEVEL_RR|096530|2T|2324|2329|2330,TOTAL_RISK_CAP
2025-03-19 01:00:00+00:00,122870.KQ,KRLEVEL_RR|122870|2T|2323|2328|2330,TOTAL_RISK_CAP
2025-03-19 03:00:00+00:00,034730.KS,KRLEVEL_RR|034730|2T|2324|2330|2332,TOTAL_RISK_CAP
2025-03-19 04:00:00+00:00,005490.KS,KRLEVEL_RR|005490|3T|2330|2331|2333,TOTAL_RISK_CAP
2025-03-19 04:00:00+00:00,009150.KS,KRLEVEL_RR|009150|3T|2331|2332|2333,TOTAL_RISK_CAP
2025-03-19 04:00:00+00:00,078600.KQ,KRLEVEL_RR|078600|2T|2330|2332|2333,TOTAL_RISK_CAP
2025-03-19 05:00:00+00:00,207940.KS,KRLEVEL_RR|207940|3T|2327|2333|2334,TOTAL_RISK_CAP
2025-03-20 00:00:00+00:00,005380.KS,KRLEVEL_RR|005380|2T|2330|2333|2335,TOTAL_RISK_CAP
2025-03-20 01:00:00+00:00,003670.KS,KRLEVEL_RR|003670|3T|2330|2334|2336,TOTAL_RISK_CAP
2025-03-20 01:00:00+00:00,028260.KS,KRLEVEL_RR|028260|3T|2330|2334|2336,TOTAL_RISK_CAP
2025-03-20 01:00:00+00:00,086900.KQ,KRLEVEL_RR|086900|3T|2333|2335|2336,TOTAL_RISK_CAP
2025-03-20 01:00:00+00:00,225570.KQ,KRLEVEL_RR|225570|3T|2331|2335|2336,TOTAL_RISK_CAP
2025-03-20 03:00:00+00:00,000810.KS,KRLEVEL_RR|000810|2T|2335|2337|2338,SAME_TICKER_OPEN
2025-03-20 03:00:00+00:00,005930.KS,KRLEVEL_RR|005930|3T|2336|2337|2338,TOTAL_RISK_CAP
2025-03-20 04:00:00+00:00,000660.KS,KRLEVEL_RR|000660|2T|2333|2337|2339,TOTAL_RISK_CAP
2025-03-20 04:00:00+00:00,051910.KS,KRLEVEL_RR|051910|4T|2336|2338|2339,TOTAL_RISK_CAP
2025-03-20 04:00:00+00:00,373220.KS,KRLEVEL_RR|373220|2T|2336|2338|2339,TOTAL_RISK_CAP
2025-03-20 05:00:00+00:00,357780.KQ,KRLEVEL_RR|357780|2T|2335|2338|2340,TOTAL_RISK_CAP
2025-03-20 05:00:00+00:00,383310.KQ,KRLEVEL_RR|383310|3T|2338|2339|2340,TOTAL_RISK_CAP
2025-03-21 01:00:00+00:00,105560.KS,KRLEVEL_RR|105560|2T|2336|2341|2342,TOTAL_RISK_CAP
2025-03-21 01:00:00+00:00,222800.KQ,KRLEVEL_RR|222800|3T|2335|2340|2342,TOTAL_RISK_CAP
2025-03-21 01:00:00+00:00,403870.KQ,KRLEVEL_RR|403870|2T|2336|2340|2342,TOTAL_RISK_CAP
2025-03-21 02:00:00+00:00,365340.KQ,KRLEVEL_RR|365340|5T|2340|2341|2343,TOTAL_RISK_CAP
2025-03-21 03:00:00+00:00,041510.KQ,KRLEVEL_RR|041510|4T|2341|2342|2344,TOTAL_RISK_CAP
2025-03-21 03:00:00+00:00,055550.KS,KRLEVEL_RR|055550|2T|2336|2342|2344,TOTAL_RISK_CAP
2025-03-21 03:00:00+00:00,096530.KQ,KRLEVEL_RR|096530|2T|2342|2343|2344,TOTAL_RISK_CAP
2025-03-21 04:00:00+00:00,047050.KS,KRLEVEL_RR|047050|2T|2338|2343|2345,TOTAL_RISK_CAP
2025-03-21 05:00:00+00:00,000250.KQ,KRLEVEL_RR|000250|10T|2343|2345|2346,TOTAL_RISK_CAP
2025-03-21 05:00:00+00:00,032830.KS,KRLEVEL_RR|032830|3T|2344|2345|2346,TOTAL_RISK_CAP
2025-03-24 00:00:00+00:00,140410.KQ,KRLEVEL_RR|140410|3T|2343|2346|2347,TOTAL_RISK_CAP
2025-03-24 01:00:00+00:00,253450.KQ,KRLEVEL_RR|253450|2T|2343|2346|2348,TOTAL_RISK_CAP
2025-03-24 04:00:00+00:00,140860.KQ,KRLEVEL_RR|140860|2T|2343|2349|2351,TOTAL_RISK_CAP
2025-03-24 04:00:00+00:00,207940.KS,KRLEVEL_RR|207940|3T|2345|2349|2351,TOTAL_RISK_CAP
2025-03-24 05:00:00+00:00,011200.KS,KRLEVEL_RR|011200|2T|2344|2350|2352,TOTAL_RISK_CAP
2025-03-25 01:00:00+00:00,005380.KS,KRLEVEL_RR|005380|2T|2350|2352|2354,TOTAL_RISK_CAP
2025-03-25 01:00:00+00:00,034020.KS,KRLEVEL_RR|034020|2T|2352|2353|2354,TOTAL_RISK_CAP
2025-03-25 01:00:00+00:00,078600.KQ,KRLEVEL_RR|078600|2T|2352|2353|2354,TOTAL_RISK_CAP
2025-03-25 02:00:00+00:00,122870.KQ,KRLEVEL_RR|122870|3T|2348|2354|2355,TOTAL_RISK_CAP
2025-03-26 04:00:00+00:00,253450.KQ,KRLEVEL_RR|253450|2T|2361|2362|2363,TOTAL_RISK_CAP
2025-03-31 05:00:00+00:00,122870.KQ,KRLEVEL_RR|122870|5T|2379|2381|2382,TOTAL_RISK_CAP
2025-04-01 04:00:00+00:00,055550.KS,KRLEVEL_RR|055550|2T|2384|2385|2387,TOTAL_RISK_CAP
2025-04-01 05:00:00+00:00,067160.KQ,KRLEVEL_RR|067160|4T|2385|2386|2388,TOTAL_RISK_CAP
2025-04-01 05:00:00+00:00,336570.KQ,KRLEVEL_RR|336570|2T|2386|2387|2388,TOTAL_RISK_CAP
2025-04-02 01:00:00+00:00,105560.KS,KRLEVEL_RR|105560|4T|2384|2389|2390,TOTAL_RISK_CAP
2025-04-02 02:00:00+00:00,033780.KS,KRLEVEL_RR|033780|3T|2385|2389|2391,SAME_TICKER_OPEN
2025-04-02 02:00:00+00:00,041510.KQ,KRLEVEL_RR|041510|2T|2385|2389|2391,TOTAL_RISK_CAP
2025-04-02 02:00:00+00:00,042660.KS,KRLEVEL_RR|042660|2T|2388|2389|2391,TOTAL_RISK_CAP
2025-04-02 03:00:00+00:00,101490.KQ,KRLEVEL_RR|101490|2T|2386|2391|2392,TOTAL_RISK_CAP
2025-04-02 04:00:00+00:00,005930.KS,KRLEVEL_RR|005930|3T|2386|2391|2393,TOTAL_RISK_CAP
2025-04-02 04:00:00+00:00,253450.KQ,KRLEVEL_RR|253450|2T|2391|2392|2393,TOTAL_RISK_CAP
2025-04-04 02:00:00+00:00,000250.KQ,KRLEVEL_RR|000250|2T|2401|2402|2403,TOTAL_RISK_CAP
2025-04-04 02:00:00+00:00,035720.KS,KRLEVEL_RR|035720|3T|2396|2401|2403,TOTAL_RISK_CAP
2025-04-04 05:00:00+00:00,253450.KQ,KRLEVEL_RR|253450|9T|2404|2405|2406,TOTAL_RISK_CAP
2025-04-10 03:00:00+00:00,005930.KS,KRLEVEL_RR|005930|2T|2426|2427|2428,TOTAL_RISK_CAP
2025-04-10 03:00:00+00:00,009540.KS,KRLEVEL_RR|009540|2T|2426|2427|2428,TOTAL_RISK_CAP
2025-04-10 03:00:00+00:00,033780.KS,KRLEVEL_RR|033780|4T|2421|2426|2428,TOTAL_RISK_CAP
2025-04-10 03:00:00+00:00,047050.KS,KRLEVEL_RR|047050|3T|2426|2427|2428,TOTAL_RISK_CAP
2025-04-10 03:00:00+00:00,373220.KS,KRLEVEL_RR|373220|7T|2426|2427|2428,TOTAL_RISK_CAP
2025-04-10 05:00:00+00:00,015760.KS,KRLEVEL_RR|015760|2T|2426|2429|2430,TOTAL_RISK_CAP
2025-04-10 05:00:00+00:00,042660.KS,KRLEVEL_RR|042660|2T|2426|2429|2430,TOTAL_RISK_CAP
2025-04-10 05:00:00+00:00,348370.KQ,KRLEVEL_RR|348370|2T|2422|2423|2424,TOTAL_RISK_CAP
2025-04-11 00:00:00+00:00,039200.KQ,KRLEVEL_RR|039200|4T|2427|2429|2431,TOTAL_RISK_CAP
2025-04-11 01:00:00+00:00,086900.KQ,KRLEVEL_RR|086900|2T|2426|2431|2432,TOTAL_RISK_CAP
2025-04-11 02:00:00+00:00,336570.KQ,KRLEVEL_RR|336570|4T|2431|2432|2433,TOTAL_RISK_CAP
2025-04-11 03:00:00+00:00,064550.KQ,KRLEVEL_RR|064550|2T|2427|2432|2434,TOTAL_RISK_CAP
2025-04-11 05:00:00+00:00,017670.KS,KRLEVEL_RR|017670|3T|2434|2435|2436,TOTAL_RISK_CAP
2025-04-11 05:00:00+00:00,122870.KQ,KRLEVEL_RR|122870|2T|2434|2435|2436,TOTAL_RISK_CAP
2025-04-11 05:00:00+00:00,214370.KQ,KRLEVEL_RR|214370|5T|2370|2374|2376,TOTAL_RISK_CAP
2025-04-14 01:00:00+00:00,078600.KQ,KRLEVEL_RR|078600|2T|2430|2436|2438,TOTAL_RISK_CAP
2025-04-14 01:00:00+00:00,086520.KQ,KRLEVEL_RR|086520|2T|2369|2371|2372,TOTAL_RISK_CAP
2025-04-14 01:00:00+00:00,277810.KQ,KRLEVEL_RR|277810|7T|2436|2437|2438,TOTAL_RISK_CAP
2025-04-14 04:00:00+00:00,225570.KQ,KRLEVEL_RR|225570|2T|2438|2440|2441,TOTAL_RISK_CAP
2025-04-14 05:00:00+00:00,041510.KQ,KRLEVEL_RR|041510|5T|2440|2441|2442,TOTAL_RISK_CAP
2025-04-14 05:00:00+00:00,420770.KQ,KRLEVEL_RR|420770|3T|2438|2440|2442,TOTAL_RISK_CAP
2025-04-15 01:00:00+00:00,006400.KS,KRLEVEL_RR|006400|2T|2438|2442|2444,TOTAL_RISK_CAP
2025-04-15 01:00:00+00:00,047050.KS,KRLEVEL_RR|047050|2T|2441|2442|2444,TOTAL_RISK_CAP
2025-04-15 01:00:00+00:00,055550.KS,KRLEVEL_RR|055550|6T|2439|2442|2444,TOTAL_RISK_CAP
2025-04-15 01:00:00+00:00,140860.KQ,KRLEVEL_RR|140860|4T|2442|2443|2444,TOTAL_RISK_CAP
2025-04-15 03:00:00+00:00,033780.KS,KRLEVEL_RR|033780|2T|2439|2444|2446,TOTAL_RISK_CAP
2025-04-15 03:00:00+00:00,086790.KS,KRLEVEL_RR|086790|2T|2444|2445|2446,TOTAL_RISK_CAP
2025-04-15 04:00:00+00:00,032830.KS,KRLEVEL_RR|032830|2T|2439|2445|2447,TOTAL_RISK_CAP
2025-04-15 05:00:00+00:00,005930.KS,KRLEVEL_RR|005930|2T|2444|2446|2448,TOTAL_RISK_CAP
2025-04-15 05:00:00+00:00,034020.KS,KRLEVEL_RR|034020|2T|2446|2447|2448,TOTAL_RISK_CAP
2025-04-15 05:00:00+00:00,034730.KS,KRLEVEL_RR|034730|2T|2446|2447|2448,TOTAL_RISK_CAP
2025-04-15 05:00:00+00:00,348370.KQ,KRLEVEL_RR|348370|2T|2435|2441|2442,TOTAL_RISK_CAP
2025-04-15 05:00:00+00:00,365340.KQ,KRLEVEL_RR|365340|4T|2445|2447|2448,TOTAL_RISK_CAP
2025-04-16 01:00:00+00:00,323410.KS,KRLEVEL_RR|323410|2T|2446|2448|2450,TOTAL_RISK_CAP
2025-04-16 01:00:00+00:00,373220.KS,KRLEVEL_RR|373220|7T|2444|2449|2450,TOTAL_RISK_CAP
2025-04-16 02:00:00+00:00,011200.KS,KRLEVEL_RR|011200|2T|2446|2449|2451,TOTAL_RISK_CAP
2025-04-16 02:00:00+00:00,066570.KS,KRLEVEL_RR|066570|2T|2444|2450|2451,TOTAL_RISK_CAP
2025-04-17 02:00:00+00:00,064550.KQ,KRLEVEL_RR|064550|3T|2453|2456|2457,TOTAL_RISK_CAP
2025-04-17 04:00:00+00:00,122870.KQ,KRLEVEL_RR|122870|3T|2454|2458|2459,TOTAL_RISK_CAP
2025-04-17 05:00:00+00:00,041510.KQ,KRLEVEL_RR|041510|5T|2456|2459|2460,TOTAL_RISK_CAP
2025-04-18 01:00:00+00:00,034020.KS,KRLEVEL_RR|034020|3T|2460|2461|2462,TOTAL_RISK_CAP
2025-04-18 01:00:00+00:00,105560.KS,KRLEVEL_RR|105560|2T|2459|2461|2462,TOTAL_RISK_CAP
2025-04-18 02:00:00+00:00,140410.KQ,KRLEVEL_RR|140410|5T|2461|2462|2463,TOTAL_RISK_CAP
2025-04-18 04:00:00+00:00,096530.KQ,KRLEVEL_RR|096530|5T|2462|2463|2465,TOTAL_RISK_CAP
2025-04-21 00:00:00+00:00,000270.KS,KRLEVEL_RR|000270|2T|2465|2466|2467,TOTAL_RISK_CAP
2025-04-21 00:00:00+00:00,066570.KS,KRLEVEL_RR|066570|2T|2463|2465|2467,TOTAL_RISK_CAP
2025-04-21 01:00:00+00:00,005290.KQ,KRLEVEL_RR|005290|2T|2466|2467|2468,TOTAL_RISK_CAP
2025-04-21 01:00:00+00:00,055550.KS,KRLEVEL_RR|055550|4T|2465|2466|2468,GROSS_CAP
2025-04-21 01:00:00+00:00,095340.KQ,KRLEVEL_RR|095340|2T|2466|2467|2468,TOTAL_RISK_CAP
2025-04-21 01:00:00+00:00,277810.KQ,KRLEVEL_RR|277810|2T|2466|2467|2468,TOTAL_RISK_CAP
2025-04-21 05:00:00+00:00,365340.KQ,KRLEVEL_RR|365340|3T|2469|2471|2472,TOTAL_RISK_CAP
2025-04-22 00:00:00+00:00,034730.KS,KRLEVEL_RR|034730|2T|2469|2472|2473,TOTAL_RISK_CAP
2025-04-22 01:00:00+00:00,101490.KQ,KRLEVEL_RR|101490|2T|2468|2472|2474,TOTAL_RISK_CAP
2025-04-22 02:00:00+00:00,028260.KS,KRLEVEL_RR|028260|2T|2467|2473|2475,GROSS_CAP
2025-04-22 02:00:00+00:00,033780.KS,KRLEVEL_RR|033780|2T|2473|2474|2475,TOTAL_RISK_CAP
2025-04-22 03:00:00+00:00,383310.KQ,KRLEVEL_RR|383310|2T|2474|2475|2476,TOTAL_RISK_CAP
2025-04-22 04:00:00+00:00,086790.KS,KRLEVEL_RR|086790|2T|2475|2476|2477,TOTAL_RISK_CAP
2025-04-22 04:00:00+00:00,122870.KQ,KRLEVEL_RR|122870|3T|2475|2476|2477,TOTAL_RISK_CAP
2025-04-22 05:00:00+00:00,010130.KS,KRLEVEL_RR|010130|3T|2474|2477|2478,TOTAL_RISK_CAP
2025-04-23 00:00:00+00:00,039200.KQ,KRLEVEL_RR|039200|2T|2474|2477|2479,TOTAL_RISK_CAP
2025-04-23 01:00:00+00:00,000810.KS,KRLEVEL_RR|000810|2T|2475|2478|2480,TOTAL_RISK_CAP
2025-04-23 01:00:00+00:00,140860.KQ,KRLEVEL_RR|140860|2T|2473|2478|2480,MAX_POSITIONS
2025-04-23 03:00:00+00:00,003670.KS,KRLEVEL_RR|003670|2T|2480|2481|2482,TOTAL_RISK_CAP
2025-04-23 03:00:00+00:00,009520.KQ,KRLEVEL_RR|009520|2T|2480|2481|2482,TOTAL_RISK_CAP
2025-04-23 03:00:00+00:00,009540.KS,KRLEVEL_RR|009540|2T|2480|2481|2482,TOTAL_RISK_CAP
2025-04-23 03:00:00+00:00,329180.KS,KRLEVEL_RR|329180|3T|2480|2481|2482,TOTAL_RISK_CAP
2025-04-23 03:00:00+00:00,373220.KS,KRLEVEL_RR|373220|2T|2480|2481|2482,TOTAL_RISK_CAP
2025-04-23 03:00:00+00:00,393890.KQ,KRLEVEL_RR|393890|2T|2480|2481|2482,TOTAL_RISK_CAP
2025-04-23 04:00:00+00:00,051910.KS,KRLEVEL_RR|051910|2T|2481|2482|2483,TOTAL_RISK_CAP
2025-04-23 04:00:00+00:00,323410.KS,KRLEVEL_RR|323410|2T|2480|2481|2483,TOTAL_RISK_CAP
2025-04-23 04:00:00+00:00,420770.KQ,KRLEVEL_RR|420770|2T|2481|2482|2483,TOTAL_RISK_CAP
2025-04-23 05:00:00+00:00,012330.KS,KRLEVEL_RR|012330|2T|2482|2483|2484,TOTAL_RISK_CAP
2025-04-24 00:00:00+00:00,000660.KS,KRLEVEL_RR|000660|2T|2483|2484|2485,TOTAL_RISK_CAP
2025-04-24 00:00:00+00:00,018260.KS,KRLEVEL_RR|018260|2T|2483|2484|2485,SAME_TICKER_OPEN
2025-04-24 00:00:00+00:00,035720.KS,KRLEVEL_RR|035720|3T|2483|2484|2485,TOTAL_RISK_CAP
2025-04-24 00:00:00+00:00,068760.KQ,KRLEVEL_RR|068760|5T|2482|2483|2485,TOTAL_RISK_CAP
2025-04-24 00:00:00+00:00,086520.KQ,KRLEVEL_RR|086520|3T|2417|2418|2419,TOTAL_RISK_CAP
2025-04-24 00:00:00+00:00,121600.KQ,KRLEVEL_RR|121600|2T|2483|2484|2485,TOTAL_RISK_CAP
2025-04-24 01:00:00+00:00,042660.KS,KRLEVEL_RR|042660|3T|2480|2484|2486,TOTAL_RISK_CAP
2025-04-24 01:00:00+00:00,348370.KQ,KRLEVEL_RR|348370|4T|2474|2479|2480,TOTAL_RISK_CAP
2025-04-24 01:00:00+00:00,403870.KQ,KRLEVEL_RR|403870|2T|2482|2485|2486,TOTAL_RISK_CAP
2025-04-24 02:00:00+00:00,005290.KQ,KRLEVEL_RR|005290|3T|2480|2486|2487,TOTAL_RISK_CAP
2025-04-24 03:00:00+00:00,096530.KQ,KRLEVEL_RR|096530|4T|2486|2487|2488,TOTAL_RISK_CAP
2025-04-24 05:00:00+00:00,005930.KS,KRLEVEL_RR|005930|4T|2488|2489|2490,TOTAL_RISK_CAP
2025-04-24 05:00:00+00:00,372170.KQ,KRLEVEL_RR|372170|3T|2482|2488|2490,TOTAL_RISK_CAP
2025-04-25 00:00:00+00:00,034020.KS,KRLEVEL_RR|034020|3T|2487|2489|2491,TOTAL_RISK_CAP
2025-04-25 01:00:00+00:00,006400.KS,KRLEVEL_RR|006400|3T|2490|2491|2492,TOTAL_RISK_CAP
2025-04-25 01:00:00+00:00,096770.KS,KRLEVEL_RR|096770|2T|2488|2490|2492,TOTAL_RISK_CAP
2025-04-25 01:00:00+00:00,140410.KQ,KRLEVEL_RR|140410|2T|2489|2490|2492,TOTAL_RISK_CAP
2025-04-25 01:00:00+00:00,328130.KQ,KRLEVEL_RR|328130|3T|2489|2491|2492,TOTAL_RISK_CAP
2025-04-25 03:00:00+00:00,034730.KS,KRLEVEL_RR|034730|3T|2492|2493|2494,TOTAL_RISK_CAP
2025-04-25 04:00:00+00:00,003550.KS,KRLEVEL_RR|003550|3T|2492|2494|2495,SAME_TICKER_OPEN
2025-04-25 04:00:00+00:00,028300.KQ,KRLEVEL_RR|028300|2T|2489|2493|2495,TOTAL_RISK_CAP
2025-04-25 04:00:00+00:00,352820.KS,KRLEVEL_RR|352820|5T|2493|2494|2495,TOTAL_RISK_CAP
2025-04-25 05:00:00+00:00,140860.KQ,KRLEVEL_RR|140860|2T|2493|2494|2496,TOTAL_RISK_CAP
2025-04-28 01:00:00+00:00,010950.KS,KRLEVEL_RR|010950|2T|2492|2497|2498,TOTAL_RISK_CAP
2025-04-28 01:00:00+00:00,383310.KQ,KRLEVEL_RR|383310|8T|2495|2496|2498,TOTAL_RISK_CAP
2025-04-28 02:00:00+00:00,067160.KQ,KRLEVEL_RR|067160|4T|2495|2498|2499,TOTAL_RISK_CAP
2025-04-28 02:00:00+00:00,393890.KQ,KRLEVEL_RR|393890|2T|2496|2498|2499,TOTAL_RISK_CAP
2025-04-28 04:00:00+00:00,086900.KQ,KRLEVEL_RR|086900|2T|2498|2499|2501,TOTAL_RISK_CAP
2025-04-28 05:00:00+00:00,015760.KS,KRLEVEL_RR|015760|2T|2498|2501|2502,TOTAL_RISK_CAP
2025-04-29 01:00:00+00:00,000270.KS,KRLEVEL_RR|000270|2T|2499|2502|2504,TOTAL_RISK_CAP
2025-04-29 01:00:00+00:00,000810.KS,KRLEVEL_RR|000810|3T|2499|2502|2504,TOTAL_RISK_CAP
2025-04-29 01:00:00+00:00,035420.KS,KRLEVEL_RR|035420|2T|2498|2502|2504,TOTAL_RISK_CAP
2025-04-29 02:00:00+00:00,051910.KS,KRLEVEL_RR|051910|3T|2501|2503|2505,TOTAL_RISK_CAP
2025-04-29 02:00:00+00:00,086790.KS,KRLEVEL_RR|086790|2T|2498|2504|2505,TOTAL_RISK_CAP
2025-04-29 02:00:00+00:00,323410.KS,KRLEVEL_RR|323410|2T|2498|2503|2505,TOTAL_RISK_CAP
2025-04-29 02:00:00+00:00,373220.KS,KRLEVEL_RR|373220|6T|2498|2503|2505,TOTAL_RISK_CAP
2025-04-29 03:00:00+00:00,121600.KQ,KRLEVEL_RR|121600|2T|2504|2505|2506,TOTAL_RISK_CAP
2025-04-29 05:00:00+00:00,140410.KQ,KRLEVEL_RR|140410|2T|2505|2507|2508,TOTAL_RISK_CAP
2025-04-29 05:00:00+00:00,253450.KQ,KRLEVEL_RR|253450|2T|2506|2507|2508,TOTAL_RISK_CAP
2025-04-30 00:00:00+00:00,207940.KS,KRLEVEL_RR|207940|3T|2505|2507|2509,GROSS_CAP
2025-04-30 01:00:00+00:00,032830.KS,KRLEVEL_RR|032830|3T|2505|2509|2510,TOTAL_RISK_CAP
2025-04-30 01:00:00+00:00,055550.KS,KRLEVEL_RR|055550|2T|2505|2509|2510,TOTAL_RISK_CAP
2025-04-30 05:00:00+00:00,010130.KS,KRLEVEL_RR|010130|2T|2511|2513|2514,TOTAL_RISK_CAP
2025-05-02 01:00:00+00:00,015760.KS,KRLEVEL_RR|015760|2T|2513|2514|2516,TOTAL_RISK_CAP
2025-05-02 01:00:00+00:00,028300.KQ,KRLEVEL_RR|028300|3T|2510|2514|2516,TOTAL_RISK_CAP
2025-05-02 01:00:00+00:00,067160.KQ,KRLEVEL_RR|067160|7T|2512|2514|2516,TOTAL_RISK_CAP
2025-05-02 01:00:00+00:00,122870.KQ,KRLEVEL_RR|122870|4T|2509|2515|2516,TOTAL_RISK_CAP
2025-05-02 03:00:00+00:00,009540.KS,KRLEVEL_RR|009540|2T|2516|2517|2518,TOTAL_RISK_CAP
2025-05-02 03:00:00+00:00,033780.KS,KRLEVEL_RR|033780|4T|2513|2517|2518,TOTAL_RISK_CAP
2025-05-02 03:00:00+00:00,112040.KQ,KRLEVEL_RR|112040|2T|2516|2517|2518,TOTAL_RISK_CAP
2025-05-02 04:00:00+00:00,068760.KQ,KRLEVEL_RR|068760|5T|2516|2517|2519,TOTAL_RISK_CAP
2025-05-02 04:00:00+00:00,336570.KQ,KRLEVEL_RR|336570|3T|2516|2517|2519,TOTAL_RISK_CAP
2025-05-07 00:00:00+00:00,005290.KQ,KRLEVEL_RR|005290|3T|2516|2520|2521,TOTAL_RISK_CAP
2025-05-07 01:00:00+00:00,000660.KS,KRLEVEL_RR|000660|3T|2519|2520|2522,TOTAL_RISK_CAP
2025-05-07 01:00:00+00:00,034730.KS,KRLEVEL_RR|034730|3T|2518|2521|2522,TOTAL_RISK_CAP
2025-05-07 01:00:00+00:00,225570.KQ,KRLEVEL_RR|225570|2T|2517|2520|2522,TOTAL_RISK_CAP
2025-05-07 01:00:00+00:00,329180.KS,KRLEVEL_RR|329180|3T|2520|2521|2522,TOTAL_RISK_CAP
2025-05-07 01:00:00+00:00,393890.KQ,KRLEVEL_RR|393890|6T|2519|2520|2522,TOTAL_RISK_CAP
2025-05-07 02:00:00+00:00,277810.KQ,KRLEVEL_RR|277810|4T|2521|2522|2523,TOTAL_RISK_CAP
2025-05-07 04:00:00+00:00,095340.KQ,KRLEVEL_RR|095340|2T|2522|2524|2525,TOTAL_RISK_CAP
2025-05-08 04:00:00+00:00,122870.KQ,KRLEVEL_RR|122870|2T|2528|2530|2531,TOTAL_RISK_CAP
2025-05-08 05:00:00+00:00,034020.KS,KRLEVEL_RR|034020|7T|2525|2530|2532,TOTAL_RISK_CAP
2025-05-08 05:00:00+00:00,064550.KQ,KRLEVEL_RR|064550|2T|2528|2531|2532,TOTAL_RISK_CAP
2025-05-08 05:00:00+00:00,140860.KQ,KRLEVEL_RR|140860|3T|2528|2530|2532,TOTAL_RISK_CAP
2025-05-09 01:00:00+00:00,010130.KS,KRLEVEL_RR|010130|2T|2528|2532|2534,TOTAL_RISK_CAP
2025-05-09 01:00:00+00:00,096530.KQ,KRLEVEL_RR|096530|2T|2528|2532|2534,TOTAL_RISK_CAP
2025-05-12 00:00:00+00:00,041510.KQ,KRLEVEL_RR|041510|2T|2536|2538|2539,TOTAL_RISK_CAP
2025-05-12 01:00:00+00:00,003550.KS,KRLEVEL_RR|003550|3T|2536|2538|2540,TOTAL_RISK_CAP
2025-05-12 01:00:00+00:00,005380.KS,KRLEVEL_RR|005380|4T|2534|2539|2540,TOTAL_RISK_CAP
2025-05-12 02:00:00+00:00,000270.KS,KRLEVEL_RR|000270|3T|2535|2540|2541,TOTAL_RISK_CAP
2025-05-12 02:00:00+00:00,372170.KQ,KRLEVEL_RR|372170|2T|2539|2540|2541,TOTAL_RISK_CAP
2025-05-12 03:00:00+00:00,281740.KQ,KRLEVEL_RR|281740|2T|2540|2541|2542,TOTAL_RISK_CAP
2025-05-12 05:00:00+00:00,005290.KQ,KRLEVEL_RR|005290|2T|2541|2542|2544,TOTAL_RISK_CAP
2025-05-12 05:00:00+00:00,005930.KS,KRLEVEL_RR|005930|3T|2541|2542|2544,TOTAL_RISK_CAP
2025-05-12 05:00:00+00:00,009150.KS,KRLEVEL_RR|009150|2T|2542|2543|2544,TOTAL_RISK_CAP
2025-05-12 05:00:00+00:00,028260.KS,KRLEVEL_RR|028260|4T|2541|2543|2544,TOTAL_RISK_CAP
2025-05-12 05:00:00+00:00,078600.KQ,KRLEVEL_RR|078600|5T|2541|2542|2544,TOTAL_RISK_CAP
2025-05-13 00:00:00+00:00,018260.KS,KRLEVEL_RR|018260|2T|2541|2543|2545,TOTAL_RISK_CAP
2025-05-13 00:00:00+00:00,365340.KQ,KRLEVEL_RR|365340|3T|2540|2544|2545,TOTAL_RISK_CAP
2025-05-13 01:00:00+00:00,066570.KS,KRLEVEL_RR|066570|2T|2544|2545|2546,TOTAL_RISK_CAP
2025-05-13 01:00:00+00:00,067160.KQ,KRLEVEL_RR|067160|4T|2544|2545|2546,TOTAL_RISK_CAP
2025-05-13 01:00:00+00:00,277810.KQ,KRLEVEL_RR|277810|4T|2540|2545|2546,TOTAL_RISK_CAP
2025-05-13 01:00:00+00:00,357780.KQ,KRLEVEL_RR|357780|4T|2541|2545|2546,TOTAL_RISK_CAP
2025-05-13 02:00:00+00:00,064550.KQ,KRLEVEL_RR|064550|2T|2544|2546|2547,TOTAL_RISK_CAP
2025-05-13 02:00:00+00:00,101490.KQ,KRLEVEL_RR|101490|8T|2544|2545|2547,TOTAL_RISK_CAP
2025-05-13 02:00:00+00:00,328130.KQ,KRLEVEL_RR|328130|2T|2541|2546|2547,TOTAL_RISK_CAP
2025-05-13 05:00:00+00:00,095340.KQ,KRLEVEL_RR|095340|3T|2546|2548|2550,TOTAL_RISK_CAP
2025-05-14 01:00:00+00:00,329180.KS,KRLEVEL_RR|329180|3T|2549|2550|2552,TOTAL_RISK_CAP
2025-05-14 01:00:00+00:00,403870.KQ,KRLEVEL_RR|403870|2T|2546|2550|2552,TOTAL_RISK_CAP
2025-05-14 02:00:00+00:00,000250.KQ,KRLEVEL_RR|000250|2T|2546|2552|2553,TOTAL_RISK_CAP
2025-05-14 03:00:00+00:00,003550.KS,KRLEVEL_RR|003550|3T|2552|2553|2554,TOTAL_RISK_CAP
2025-05-14 03:00:00+00:00,055550.KS,KRLEVEL_RR|055550|3T|2547|2553|2554,TOTAL_RISK_CAP
2025-05-14 03:00:00+00:00,086790.KS,KRLEVEL_RR|086790|2T|2552|2553|2554,TOTAL_RISK_CAP
2025-05-14 03:00:00+00:00,105560.KS,KRLEVEL_RR|105560|2T|2552|2553|2554,TOTAL_RISK_CAP
2025-05-14 04:00:00+00:00,003490.KS,KRLEVEL_RR|003490|3T|2552|2554|2555,TOTAL_RISK_CAP
2025-05-14 04:00:00+00:00,086900.KQ,KRLEVEL_RR|086900|2T|2553|2554|2555,TOTAL_RISK_CAP
2025-05-14 05:00:00+00:00,033780.KS,KRLEVEL_RR|033780|2T|2552|2554|2556,TOTAL_RISK_CAP
2025-05-15 01:00:00+00:00,336570.KQ,KRLEVEL_RR|336570|2T|2552|2556|2558,TOTAL_RISK_CAP
2025-05-15 03:00:00+00:00,225570.KQ,KRLEVEL_RR|225570|2T|2558|2559|2560,TOTAL_RISK_CAP
2025-05-15 04:00:00+00:00,101490.KQ,KRLEVEL_RR|101490|2T|2559|2560|2561,TOTAL_RISK_CAP
2025-05-16 01:00:00+00:00,042660.KS,KRLEVEL_RR|042660|4T|2561|2563|2564,TOTAL_RISK_CAP
2025-05-19 01:00:00+00:00,032830.KS,KRLEVEL_RR|032830|3T|2566|2568|2570,TOTAL_RISK_CAP
2025-05-20 01:00:00+00:00,105560.KS,KRLEVEL_RR|105560|2T|2570|2574|2576,TOTAL_RISK_CAP
2025-05-20 01:00:00+00:00,140860.KQ,KRLEVEL_RR|140860|2T|2572|2575|2576,TOTAL_RISK_CAP
2025-05-20 05:00:00+00:00,086900.KQ,KRLEVEL_RR|086900|5T|2575|2578|2580,TOTAL_RISK_CAP
2025-05-20 05:00:00+00:00,207940.KS,KRLEVEL_RR|207940|2T|2572|2578|2580,TOTAL_RISK_CAP
2025-05-21 00:00:00+00:00,352820.KS,KRLEVEL_RR|352820|5T|2576|2579|2581,TOTAL_RISK_CAP
2025-05-21 01:00:00+00:00,003550.KS,KRLEVEL_RR|003550|2T|2577|2581|2582,TOTAL_RISK_CAP
2025-05-21 03:00:00+00:00,041510.KQ,KRLEVEL_RR|041510|3T|2576|2582|2584,TOTAL_RISK_CAP
2025-05-21 03:00:00+00:00,222800.KQ,KRLEVEL_RR|222800|2T|2577|2583|2584,TOTAL_RISK_CAP
2025-05-21 05:00:00+00:00,095340.KQ,KRLEVEL_RR|095340|2T|2582|2585|2586,TOTAL_RISK_CAP
2025-05-21 05:00:00+00:00,420770.KQ,KRLEVEL_RR|420770|2T|2582|2584|2586,TOTAL_RISK_CAP
2025-05-22 01:00:00+00:00,000810.KS,KRLEVEL_RR|000810|2T|2585|2586|2588,TOTAL_RISK_CAP
2025-05-23 01:00:00+00:00,352820.KS,KRLEVEL_RR|352820|3T|2592|2593|2594,TOTAL_RISK_CAP
2025-05-23 02:00:00+00:00,253450.KQ,KRLEVEL_RR|253450|7T|2588|2594|2595,TOTAL_RISK_CAP
2025-05-23 03:00:00+00:00,086790.KS,KRLEVEL_RR|086790|2T|2594|2595|2596,TOTAL_RISK_CAP
2025-05-26 01:00:00+00:00,000250.KQ,KRLEVEL_RR|000250|2T|2594|2598|2600,TOTAL_RISK_CAP
2025-05-26 01:00:00+00:00,018260.KS,KRLEVEL_RR|018260|5T|2594|2598|2600,TOTAL_RISK_CAP
2025-05-26 01:00:00+00:00,277810.KQ,KRLEVEL_RR|277810|2T|2597|2598|2600,TOTAL_RISK_CAP
2025-05-26 03:00:00+00:00,009150.KS,KRLEVEL_RR|009150|3T|2600|2601|2602,TOTAL_RISK_CAP
2025-05-26 03:00:00+00:00,035720.KS,KRLEVEL_RR|035720|2T|2600|2601|2602,TOTAL_RISK_CAP
2025-05-26 03:00:00+00:00,140860.KQ,KRLEVEL_RR|140860|3T|2600|2601|2602,TOTAL_RISK_CAP
2025-05-26 03:00:00+00:00,214370.KQ,KRLEVEL_RR|214370|5T|2540|2541|2542,TOTAL_RISK_CAP
2025-05-26 03:00:00+00:00,222800.KQ,KRLEVEL_RR|222800|4T|2600|2601|2602,TOTAL_RISK_CAP
2025-05-26 05:00:00+00:00,003490.KS,KRLEVEL_RR|003490|3T|2597|2602|2604,TOTAL_RISK_CAP
2025-05-26 05:00:00+00:00,010950.KS,KRLEVEL_RR|010950|2T|2601|2602|2604,TOTAL_RISK_CAP
2025-05-26 05:00:00+00:00,034730.KS,KRLEVEL_RR|034730|8T|2602|2603|2604,TOTAL_RISK_CAP
2025-05-27 01:00:00+00:00,003550.KS,KRLEVEL_RR|003550|3T|2599|2604|2606,TOTAL_RISK_CAP
2025-05-27 01:00:00+00:00,086900.KQ,KRLEVEL_RR|086900|5T|2604|2605|2606,TOTAL_RISK_CAP
2025-05-27 04:00:00+00:00,112040.KQ,KRLEVEL_RR|112040|2T|2607|2608|2609,TOTAL_RISK_CAP
2025-05-27 04:00:00+00:00,323410.KS,KRLEVEL_RR|323410|4T|2606|2608|2609,TOTAL_RISK_CAP
2025-05-28 00:00:00+00:00,068270.KS,KRLEVEL_RR|068270|3T|2606|2610|2611,TOTAL_RISK_CAP
2025-05-28 01:00:00+00:00,000660.KS,KRLEVEL_RR|000660|4T|2604|2610|2612,TOTAL_RISK_CAP
2025-05-28 01:00:00+00:00,039200.KQ,KRLEVEL_RR|039200|2T|2609|2611|2612,TOTAL_RISK_CAP
2025-05-28 01:00:00+00:00,042660.KS,KRLEVEL_RR|042660|4T|2608|2611|2612,TOTAL_RISK_CAP
2025-05-28 01:00:00+00:00,067160.KQ,KRLEVEL_RR|067160|4T|2605|2610|2612,TOTAL_RISK_CAP
2025-05-28 01:00:00+00:00,068760.KQ,KRLEVEL_RR|068760|4T|2610|2611|2612,TOTAL_RISK_CAP
2025-05-28 01:00:00+00:00,095340.KQ,KRLEVEL_RR|095340|2T|2608|2610|2612,TOTAL_RISK_CAP
2025-05-28 01:00:00+00:00,225570.KQ,KRLEVEL_RR|225570|4T|2606|2611|2612,TOTAL_RISK_CAP
2025-05-28 04:00:00+00:00,012330.KS,KRLEVEL_RR|012330|2T|2612|2613|2615,TOTAL_RISK_CAP
2025-05-28 04:00:00+00:00,253450.KQ,KRLEVEL_RR|253450|3T|2612|2613|2615,TOTAL_RISK_CAP
2025-05-28 04:00:00+00:00,393890.KQ,KRLEVEL_RR|393890|2T|2612|2613|2615,TOTAL_RISK_CAP
2025-05-28 05:00:00+00:00,078600.KQ,KRLEVEL_RR|078600|2T|2613|2614|2616,TOTAL_RISK_CAP
2025-05-28 05:00:00+00:00,420770.KQ,KRLEVEL_RR|420770|6T|2612|2614|2616,TOTAL_RISK_CAP
2025-05-29 01:00:00+00:00,005290.KQ,KRLEVEL_RR|005290|2T|2612|2617|2618,TOTAL_RISK_CAP
2025-05-29 01:00:00+00:00,005930.KS,KRLEVEL_RR|005930|3T|2612|2617|2618,TOTAL_RISK_CAP
2025-05-29 01:00:00+00:00,028300.KQ,KRLEVEL_RR|028300|4T|2612|2616|2618,TOTAL_RISK_CAP
2025-05-29 01:00:00+00:00,066570.KS,KRLEVEL_RR|066570|6T|2613|2616|2618,TOTAL_RISK_CAP
2025-05-29 01:00:00+00:00,403870.KQ,KRLEVEL_RR|403870|2T|2612|2616|2618,TOTAL_RISK_CAP
2025-05-29 02:00:00+00:00,047050.KS,KRLEVEL_RR|047050|3T|2613|2618|2619,TOTAL_RISK_CAP
2025-05-29 02:00:00+00:00,121600.KQ,KRLEVEL_RR|121600|3T|2616|2618|2619,TOTAL_RISK_CAP
2025-05-29 02:00:00+00:00,373220.KS,KRLEVEL_RR|373220|2T|2616|2618|2619,TOTAL_RISK_CAP
2025-05-29 02:00:00+00:00,383310.KQ,KRLEVEL_RR|383310|2T|2616|2617|2619,TOTAL_RISK_CAP
2025-05-29 03:00:00+00:00,000270.KS,KRLEVEL_RR|000270|2T|2618|2619|2620,TOTAL_RISK_CAP
2025-05-29 03:00:00+00:00,005380.KS,KRLEVEL_RR|005380|3T|2618|2619|2620,TOTAL_RISK_CAP
2025-05-29 03:00:00+00:00,009150.KS,KRLEVEL_RR|009150|4T|2613|2619|2620,TOTAL_RISK_CAP
2025-05-29 03:00:00+00:00,055550.KS,KRLEVEL_RR|055550|2T|2614|2618|2620,TOTAL_RISK_CAP
2025-05-29 03:00:00+00:00,348370.KQ,KRLEVEL_RR|348370|3T|2611|2612|2614,TOTAL_RISK_CAP
2025-05-29 03:00:00+00:00,365340.KQ,KRLEVEL_RR|365340|6T|2616|2618|2620,TOTAL_RISK_CAP
2025-05-29 05:00:00+00:00,003490.KS,KRLEVEL_RR|003490|5T|2618|2620|2622,TOTAL_RISK_CAP
2025-05-30 00:00:00+00:00,006400.KS,KRLEVEL_RR|006400|5T|2616|2622|2623,TOTAL_RISK_CAP
2025-05-30 01:00:00+00:00,086900.KQ,KRLEVEL_RR|086900|2T|2618|2622|2624,TOTAL_RISK_CAP
2025-05-30 01:00:00+00:00,096770.KS,KRLEVEL_RR|096770|2T|2620|2622|2624,TOTAL_RISK_CAP
2025-05-30 03:00:00+00:00,096530.KQ,KRLEVEL_RR|096530|2T|2622|2624|2626,TOTAL_RISK_CAP
2025-05-30 04:00:00+00:00,003670.KS,KRLEVEL_RR|003670|2T|2624|2626|2627,TOTAL_RISK_CAP
2025-05-30 05:00:00+00:00,140410.KQ,KRLEVEL_RR|140410|3T|2624|2627|2628,TOTAL_RISK_CAP
2025-06-02 00:00:00+00:00,068760.KQ,KRLEVEL_RR|068760|2T|2624|2627|2629,TOTAL_RISK_CAP
2025-06-02 01:00:00+00:00,033780.KS,KRLEVEL_RR|033780|3T|2628|2629|2630,TOTAL_RISK_CAP
2025-06-02 01:00:00+00:00,225570.KQ,KRLEVEL_RR|225570|2T|2623|2628|2630,TOTAL_RISK_CAP
2025-06-02 01:00:00+00:00,336570.KQ,KRLEVEL_RR|336570|6T|2623|2628|2630,TOTAL_RISK_CAP
2025-06-02 02:00:00+00:00,253450.KQ,KRLEVEL_RR|253450|2T|2626|2630|2631,TOTAL_RISK_CAP
2025-06-02 05:00:00+00:00,329180.KS,KRLEVEL_RR|329180|3T|2631|2632|2634,TOTAL_RISK_CAP
2025-06-04 01:00:00+00:00,005490.KS,KRLEVEL_RR|005490|3T|2631|2635|2636,TOTAL_RISK_CAP
2025-06-04 01:00:00+00:00,035420.KS,KRLEVEL_RR|035420|3T|2630|2635|2636,TOTAL_RISK_CAP
2025-06-04 01:00:00+00:00,101490.KQ,KRLEVEL_RR|101490|2T|2634|2635|2636,TOTAL_RISK_CAP
2025-06-04 01:00:00+00:00,348370.KQ,KRLEVEL_RR|348370|3T|2628|2629|2630,TOTAL_RISK_CAP
2025-06-04 01:00:00+00:00,352820.KS,KRLEVEL_RR|352820|2T|2630|2634|2636,TOTAL_RISK_CAP
2025-06-04 01:00:00+00:00,357780.KQ,KRLEVEL_RR|357780|3T|2633|2634|2636,TOTAL_RISK_CAP
2025-06-04 01:00:00+00:00,365340.KQ,KRLEVEL_RR|365340|3T|2631|2634|2636,TOTAL_RISK_CAP
2025-06-04 01:00:00+00:00,373220.KS,KRLEVEL_RR|373220|2T|2631|2635|2636,TOTAL_RISK_CAP
2025-06-04 03:00:00+00:00,214370.KQ,KRLEVEL_RR|214370|3T|2576|2577|2578,TOTAL_RISK_CAP
2025-06-04 04:00:00+00:00,105560.KS,KRLEVEL_RR|105560|2T|2637|2638|2639,TOTAL_RISK_CAP
2025-06-04 05:00:00+00:00,034020.KS,KRLEVEL_RR|034020|2T|2638|2639|2640,TOTAL_RISK_CAP
2025-06-04 05:00:00+00:00,055550.KS,KRLEVEL_RR|055550|2T|2637|2638|2640,TOTAL_RISK_CAP
2025-06-05 01:00:00+00:00,003490.KS,KRLEVEL_RR|003490|6T|2636|2640|2642,TOTAL_RISK_CAP
2025-06-05 01:00:00+00:00,012330.KS,KRLEVEL_RR|012330|2T|2636|2640|2642,TOTAL_RISK_CAP
2025-06-05 01:00:00+00:00,047050.KS,KRLEVEL_RR|047050|4T|2636|2640|2642,TOTAL_RISK_CAP
2025-06-05 01:00:00+00:00,140410.KQ,KRLEVEL_RR|140410|3T|2640|2641|2642,TOTAL_RISK_CAP
2025-06-05 01:00:00+00:00,420770.KQ,KRLEVEL_RR|420770|3T|2636|2640|2642,TOTAL_RISK_CAP
2025-06-05 02:00:00+00:00,005290.KQ,KRLEVEL_RR|005290|2T|2636|2642|2643,TOTAL_RISK_CAP
2025-06-05 02:00:00+00:00,006400.KS,KRLEVEL_RR|006400|4T|2636|2642|2643,TOTAL_RISK_CAP
2025-06-05 02:00:00+00:00,041510.KQ,KRLEVEL_RR|041510|3T|2636|2642|2643,TOTAL_RISK_CAP
2025-06-05 02:00:00+00:00,086520.KQ,KRLEVEL_RR|086520|3T|2570|2576|2577,TOTAL_RISK_CAP
2025-06-05 02:00:00+00:00,095340.KQ,KRLEVEL_RR|095340|4T|2636|2642|2643,TOTAL_RISK_CAP
2025-06-05 02:00:00+00:00,096770.KS,KRLEVEL_RR|096770|2T|2636|2642|2643,TOTAL_RISK_CAP
2025-06-05 02:00:00+00:00,222800.KQ,KRLEVEL_RR|222800|2T|2636|2642|2643,TOTAL_RISK_CAP
2025-06-05 02:00:00+00:00,277810.KQ,KRLEVEL_RR|277810|3T|2636|2642|2643,TOTAL_RISK_CAP
2025-06-05 02:00:00+00:00,372170.KQ,KRLEVEL_RR|372170|2T|2636|2642|2643,TOTAL_RISK_CAP
2025-06-05 02:00:00+00:00,393890.KQ,KRLEVEL_RR|393890|2T|2639|2641|2643,TOTAL_RISK_CAP
2025-06-05 03:00:00+00:00,028260.KS,KRLEVEL_RR|028260|2T|2642|2643|2644,TOTAL_RISK_CAP
2025-06-05 03:00:00+00:00,112040.KQ,KRLEVEL_RR|112040|2T|2636|2642|2644,TOTAL_RISK_CAP
2025-06-09 00:00:00+00:00,323410.KS,KRLEVEL_RR|323410|3T|2643|2645|2647,TOTAL_RISK_CAP
2025-06-09 01:00:00+00:00,005380.KS,KRLEVEL_RR|005380|3T|2642|2647|2648,TOTAL_RISK_CAP
2025-06-09 01:00:00+00:00,035720.KS,KRLEVEL_RR|035720|2T|2643|2647|2648,TOTAL_RISK_CAP
2025-06-09 01:00:00+00:00,066570.KS,KRLEVEL_RR|066570|4T|2642|2646|2648,TOTAL_RISK_CAP
2025-06-09 03:00:00+00:00,068760.KQ,KRLEVEL_RR|068760|2T|2642|2648|2650,TOTAL_RISK_CAP
2025-06-10 01:00:00+00:00,005490.KS,KRLEVEL_RR|005490|4T|2648|2653|2654,TOTAL_RISK_CAP
2025-06-10 01:00:00+00:00,122870.KQ,KRLEVEL_RR|122870|3T|2648|2652|2654,TOTAL_RISK_CAP
2025-06-10 01:00:00+00:00,253450.KQ,KRLEVEL_RR|253450|2T|2648|2652|2654,TOTAL_RISK_CAP
2025-06-10 02:00:00+00:00,010950.KS,KRLEVEL_RR|010950|2T|2652|2653|2655,TOTAL_RISK_CAP
2025-06-10 04:00:00+00:00,064550.KQ,KRLEVEL_RR|064550|2T|2654|2655|2657,TOTAL_RISK_CAP
2025-06-10 05:00:00+00:00,214370.KQ,KRLEVEL_RR|214370|5T|2595|2597|2598,TOTAL_RISK_CAP
2025-06-11 00:00:00+00:00,067160.KQ,KRLEVEL_RR|067160|2T|2654|2657|2659,TOTAL_RISK_CAP
2025-06-11 00:00:00+00:00,329180.KS,KRLEVEL_RR|329180|3T|2656|2657|2659,TOTAL_RISK_CAP
2025-06-11 01:00:00+00:00,003670.KS,KRLEVEL_RR|003670|2T|2654|2658|2660,TOTAL_RISK_CAP
2025-06-11 01:00:00+00:00,005290.KQ,KRLEVEL_RR|005290|2T|2654|2658|2660,TOTAL_RISK_CAP
2025-06-11 01:00:00+00:00,009540.KS,KRLEVEL_RR|009540|2T|2655|2659|2660,TOTAL_RISK_CAP
2025-06-11 01:00:00+00:00,041510.KQ,KRLEVEL_RR|041510|2T|2654|2659|2660,TOTAL_RISK_CAP
2025-06-11 01:00:00+00:00,086900.KQ,KRLEVEL_RR|086900|2T|2656|2658|2660,TOTAL_RISK_CAP
2025-06-11 01:00:00+00:00,096530.KQ,KRLEVEL_RR|096530|2T|2654|2658|2660,TOTAL_RISK_CAP
2025-06-11 01:00:00+00:00,112040.KQ,KRLEVEL_RR|112040|2T|2655|2659|2660,TOTAL_RISK_CAP
2025-06-11 01:00:00+00:00,357780.KQ,KRLEVEL_RR|357780|2T|2654|2658|2660,TOTAL_RISK_CAP
2025-06-11 01:00:00+00:00,420770.KQ,KRLEVEL_RR|420770|4T|2654|2659|2660,TOTAL_RISK_CAP
2025-06-11 02:00:00+00:00,336570.KQ,KRLEVEL_RR|336570|2T|2658|2660|2661,TOTAL_RISK_CAP
2025-06-11 02:00:00+00:00,403870.KQ,KRLEVEL_RR|403870|5T|2654|2660|2661,TOTAL_RISK_CAP
2025-06-11 03:00:00+00:00,011200.KS,KRLEVEL_RR|011200|2T|2655|2661|2662,TOTAL_RISK_CAP
2025-06-11 03:00:00+00:00,277810.KQ,KRLEVEL_RR|277810|2T|2657|2661|2662,TOTAL_RISK_CAP
2025-06-11 03:00:00+00:00,281740.KQ,KRLEVEL_RR|281740|4T|2657|2660|2662,TOTAL_RISK_CAP
2025-06-11 04:00:00+00:00,035420.KS,KRLEVEL_RR|035420|3T|2660|2662|2663,TOTAL_RISK_CAP
2025-06-11 04:00:00+00:00,066570.KS,KRLEVEL_RR|066570|2T|2660|2661|2663,TOTAL_RISK_CAP
2025-06-11 04:00:00+00:00,373220.KS,KRLEVEL_RR|373220|2T|2655|2661|2663,TOTAL_RISK_CAP
2025-06-11 05:00:00+00:00,096770.KS,KRLEVEL_RR|096770|5T|2657|2663|2664,TOTAL_RISK_CAP
2025-06-11 05:00:00+00:00,140860.KQ,KRLEVEL_RR|140860|2T|2662|2663|2664,TOTAL_RISK_CAP
2025-06-12 00:00:00+00:00,068270.KS,KRLEVEL_RR|068270|2T|2657|2663|2665,TOTAL_RISK_CAP
2025-06-12 01:00:00+00:00,000270.KS,KRLEVEL_RR|000270|2T|2663|2664|2666,SAME_TICKER_OPEN
2025-06-12 01:00:00+00:00,006400.KS,KRLEVEL_RR|006400|2T|2664|2665|2666,TOTAL_RISK_CAP
2025-06-12 01:00:00+00:00,009520.KQ,KRLEVEL_RR|009520|3T|2663|2664|2666,TOTAL_RISK_CAP
2025-06-12 01:00:00+00:00,042660.KS,KRLEVEL_RR|042660|8T|2660|2664|2666,TOTAL_RISK_CAP
2025-06-12 01:00:00+00:00,078600.KQ,KRLEVEL_RR|078600|2T|2660|2665|2666,TOTAL_RISK_CAP
2025-06-12 01:00:00+00:00,086520.KQ,KRLEVEL_RR|086520|2T|2597|2598|2600,TOTAL_RISK_CAP
2025-06-12 01:00:00+00:00,365340.KQ,KRLEVEL_RR|365340|2T|2663|2664|2666,TOTAL_RISK_CAP
2025-06-12 02:00:00+00:00,003550.KS,KRLEVEL_RR|003550|3T|2660|2665|2667,TOTAL_RISK_CAP
2025-06-12 03:00:00+00:00,383310.KQ,KRLEVEL_RR|383310|3T|2666|2667|2668,TOTAL_RISK_CAP
2025-06-12 03:00:00+00:00,393890.KQ,KRLEVEL_RR|393890|4T|2666|2667|2668,TOTAL_RISK_CAP
2025-06-12 05:00:00+00:00,028300.KQ,KRLEVEL_RR|028300|2T|2663|2668|2670,TOTAL_RISK_CAP
2025-06-16 00:00:00+00:00,112040.KQ,KRLEVEL_RR|112040|2T|2675|2676|2677,TOTAL_RISK_CAP
2025-06-16 03:00:00+00:00,035420.KS,KRLEVEL_RR|035420|4T|2678|2679|2680,TOTAL_RISK_CAP
2025-06-16 04:00:00+00:00,032830.KS,KRLEVEL_RR|032830|3T|2675|2680|2681,TOTAL_RISK_CAP
2025-06-16 04:00:00+00:00,336570.KQ,KRLEVEL_RR|336570|2T|2673|2679|2681,TOTAL_RISK_CAP
2025-06-17 00:00:00+00:00,035720.KS,KRLEVEL_RR|035720|2T|2681|2682|2683,TOTAL_RISK_CAP
2025-06-17 00:00:00+00:00,055550.KS,KRLEVEL_RR|055550|2T|2681|2682|2683,TOTAL_RISK_CAP
2025-06-17 00:00:00+00:00,068760.KQ,KRLEVEL_RR|068760|2T|2679|2682|2683,TOTAL_RISK_CAP
2025-06-17 00:00:00+00:00,101490.KQ,KRLEVEL_RR|101490|2T|2680|2681|2683,TOTAL_RISK_CAP
2025-06-17 01:00:00+00:00,096530.KQ,KRLEVEL_RR|096530|3T|2681|2682|2684,TOTAL_RISK_CAP
2025-06-17 05:00:00+00:00,003670.KS,KRLEVEL_RR|003670|2T|2681|2686|2688,TOTAL_RISK_CAP
2025-06-18 01:00:00+00:00,140860.KQ,KRLEVEL_RR|140860|2T|2685|2688|2690,TOTAL_RISK_CAP
2025-06-18 02:00:00+00:00,005490.KS,KRLEVEL_RR|005490|4T|2683|2689|2691,TOTAL_RISK_CAP
2025-06-18 02:00:00+00:00,005930.KS,KRLEVEL_RR|005930|2T|2684|2689|2691,TOTAL_RISK_CAP
2025-06-18 02:00:00+00:00,009520.KQ,KRLEVEL_RR|009520|3T|2683|2689|2691,TOTAL_RISK_CAP
2025-06-18 03:00:00+00:00,033780.KS,KRLEVEL_RR|033780|4T|2690|2691|2692,TOTAL_RISK_CAP
2025-06-18 05:00:00+00:00,003550.KS,KRLEVEL_RR|003550|2T|2691|2692|2694,TOTAL_RISK_CAP
2025-06-19 00:00:00+00:00,352820.KS,KRLEVEL_RR|352820|2T|2690|2694|2695,TOTAL_RISK_CAP
2025-06-19 00:00:00+00:00,357780.KQ,KRLEVEL_RR|357780|5T|2691|2694|2695,TOTAL_RISK_CAP
2025-06-19 01:00:00+00:00,095340.KQ,KRLEVEL_RR|095340|3T|2691|2695|2696,TOTAL_RISK_CAP
2025-06-19 01:00:00+00:00,336570.KQ,KRLEVEL_RR|336570|3T|2694|2695|2696,TOTAL_RISK_CAP
2025-06-19 01:00:00+00:00,383310.KQ,KRLEVEL_RR|383310|2T|2691|2694|2696,TOTAL_RISK_CAP
2025-06-19 01:00:00+00:00,420770.KQ,KRLEVEL_RR|420770|8T|2691|2695|2696,TOTAL_RISK_CAP
2025-06-19 04:00:00+00:00,277810.KQ,KRLEVEL_RR|277810|3T|2696|2697|2699,TOTAL_RISK_CAP
2025-06-19 05:00:00+00:00,096530.KQ,KRLEVEL_RR|096530|3T|2697|2698|2700,TOTAL_RISK_CAP
2025-06-20 01:00:00+00:00,039200.KQ,KRLEVEL_RR|039200|3T|2699|2701|2702,TOTAL_RISK_CAP
2025-06-20 01:00:00+00:00,329180.KS,KRLEVEL_RR|329180|5T|2696|2701|2702,TOTAL_RISK_CAP
2025-06-20 03:00:00+00:00,003670.KS,KRLEVEL_RR|003670|5T|2699|2703|2704,TOTAL_RISK_CAP
2025-06-20 03:00:00+00:00,373220.KS,KRLEVEL_RR|373220|3T|2702|2703|2704,SAME_TICKER_OPEN
2025-06-20 03:00:00+00:00,393890.KQ,KRLEVEL_RR|393890|2T|2702|2703|2704,TOTAL_RISK_CAP
2025-06-20 04:00:00+00:00,032830.KS,KRLEVEL_RR|032830|3T|2700|2703|2705,TOTAL_RISK_CAP
2025-06-20 04:00:00+00:00,047050.KS,KRLEVEL_RR|047050|4T|2699|2703|2705,TOTAL_RISK_CAP
2025-06-20 04:00:00+00:00,055550.KS,KRLEVEL_RR|055550|3T|2702|2703|2705,TOTAL_RISK_CAP
2025-06-20 04:00:00+00:00,086790.KS,KRLEVEL_RR|086790|2T|2702|2703|2705,TOTAL_RISK_CAP
2025-06-23 00:00:00+00:00,086520.KQ,KRLEVEL_RR|086520|2T|2638|2640|2641,TOTAL_RISK_CAP
2025-06-23 01:00:00+00:00,010950.KS,KRLEVEL_RR|010950|2T|2706|2707|2708,TOTAL_RISK_CAP
2025-06-23 01:00:00+00:00,011200.KS,KRLEVEL_RR|011200|4T|2702|2706|2708,TOTAL_RISK_CAP
2025-06-23 01:00:00+00:00,086900.KQ,KRLEVEL_RR|086900|4T|2703|2706|2708,TOTAL_RISK_CAP
2025-06-23 01:00:00+00:00,096770.KS,KRLEVEL_RR|096770|2T|2703|2707|2708,TOTAL_RISK_CAP
2025-06-23 02:00:00+00:00,003550.KS,KRLEVEL_RR|003550|2T|2706|2708|2709,TOTAL_RISK_CAP
2025-06-23 02:00:00+00:00,010130.KS,KRLEVEL_RR|010130|2T|2705|2707|2709,TOTAL_RISK_CAP
2025-06-23 04:00:00+00:00,009540.KS,KRLEVEL_RR|009540|2T|2704|2710|2711,TOTAL_RISK_CAP
2025-06-23 04:00:00+00:00,328130.KQ,KRLEVEL_RR|328130|3T|2706|2709|2711,TOTAL_RISK_CAP
2025-06-24 01:00:00+00:00,066570.KS,KRLEVEL_RR|066570|3T|2712|2713|2714,TOTAL_RISK_CAP
2025-06-24 01:00:00+00:00,096530.KQ,KRLEVEL_RR|096530|2T|2711|2712|2714,TOTAL_RISK_CAP
2025-06-24 01:00:00+00:00,112040.KQ,KRLEVEL_RR|112040|3T|2709|2713|2714,TOTAL_RISK_CAP
2025-06-24 01:00:00+00:00,121600.KQ,KRLEVEL_RR|121600|2T|2709|2712|2714,TOTAL_RISK_CAP
2025-06-24 01:00:00+00:00,352820.KS,KRLEVEL_RR|352820|2T|2709|2712|2714,TOTAL_RISK_CAP
2025-06-24 01:00:00+00:00,420770.KQ,KRLEVEL_RR|420770|3T|2712|2713|2714,TOTAL_RISK_CAP
2025-06-24 03:00:00+00:00,015760.KS,KRLEVEL_RR|015760|2T|2714|2715|2716,TOTAL_RISK_CAP
2025-06-24 04:00:00+00:00,000810.KS,KRLEVEL_RR|000810|2T|2714|2716|2717,TOTAL_RISK_CAP
2025-06-24 04:00:00+00:00,005290.KQ,KRLEVEL_RR|005290|8T|2715|2716|2717,TOTAL_RISK_CAP
2025-06-24 04:00:00+00:00,034730.KS,KRLEVEL_RR|034730|3T|2713|2715|2717,TOTAL_RISK_CAP
2025-06-24 04:00:00+00:00,329180.KS,KRLEVEL_RR|329180|2T|2715|2716|2717,TOTAL_RISK_CAP
2025-06-24 04:00:00+00:00,357780.KQ,KRLEVEL_RR|357780|2T|2715|2716|2717,TOTAL_RISK_CAP
2025-06-24 04:00:00+00:00,365340.KQ,KRLEVEL_RR|365340|5T|2714|2716|2717,TOTAL_RISK_CAP
2025-06-24 05:00:00+00:00,009520.KQ,KRLEVEL_RR|009520|3T|2714|2716|2718,TOTAL_RISK_CAP
2025-06-24 05:00:00+00:00,336570.KQ,KRLEVEL_RR|336570|3T|2715|2716|2718,TOTAL_RISK_CAP
2025-06-25 00:00:00+00:00,003490.KS,KRLEVEL_RR|003490|8T|2714|2718|2719,TOTAL_RISK_CAP
2025-06-25 00:00:00+00:00,067160.KQ,KRLEVEL_RR|067160|3T|2714|2717|2719,TOTAL_RISK_CAP
2025-06-25 01:00:00+00:00,000270.KS,KRLEVEL_RR|000270|2T|2714|2718|2720,TOTAL_RISK_CAP
2025-06-25 01:00:00+00:00,005930.KS,KRLEVEL_RR|005930|3T|2715|2718|2720,TOTAL_RISK_CAP
2025-06-25 01:00:00+00:00,051910.KS,KRLEVEL_RR|051910|4T|2714|2718|2720,TOTAL_RISK_CAP
2025-06-25 01:00:00+00:00,095340.KQ,KRLEVEL_RR|095340|3T|2714|2718|2720,TOTAL_RISK_CAP
2025-06-25 01:00:00+00:00,281740.KQ,KRLEVEL_RR|281740|2T|2717|2718|2720,TOTAL_RISK_CAP
2025-06-25 01:00:00+00:00,393890.KQ,KRLEVEL_RR|393890|2T|2718|2719|2720,TOTAL_RISK_CAP
2025-06-25 02:00:00+00:00,033780.KS,KRLEVEL_RR|033780|3T|2718|2720|2721,TOTAL_RISK_CAP
2025-06-25 04:00:00+00:00,372170.KQ,KRLEVEL_RR|372170|2T|2720|2722|2723,TOTAL_RISK_CAP
2025-06-25 05:00:00+00:00,005490.KS,KRLEVEL_RR|005490|7T|2720|2722|2724,TOTAL_RISK_CAP
2025-06-25 05:00:00+00:00,383310.KQ,KRLEVEL_RR|383310|3T|2717|2722|2724,TOTAL_RISK_CAP
2025-06-26 00:00:00+00:00,101490.KQ,KRLEVEL_RR|101490|2T|2720|2723|2725,TOTAL_RISK_CAP
2025-06-27 02:00:00+00:00,039200.KQ,KRLEVEL_RR|039200|3T|2726|2732|2733,TOTAL_RISK_CAP
2025-06-27 02:00:00+00:00,122870.KQ,KRLEVEL_RR|122870|2T|2729|2732|2733,TOTAL_RISK_CAP
2025-06-30 01:00:00+00:00,329180.KS,KRLEVEL_RR|329180|5T|2732|2736|2738,TOTAL_RISK_CAP
2025-06-30 03:00:00+00:00,328130.KQ,KRLEVEL_RR|328130|4T|2738|2739|2740,TOTAL_RISK_CAP
2025-06-30 04:00:00+00:00,034020.KS,KRLEVEL_RR|034020|2T|2738|2740|2741,TOTAL_RISK_CAP
2025-06-30 04:00:00+00:00,336570.KQ,KRLEVEL_RR|336570|3T|2738|2739|2741,TOTAL_RISK_CAP
2025-06-30 05:00:00+00:00,041510.KQ,KRLEVEL_RR|041510|7T|2738|2740|2742,TOTAL_RISK_CAP
2025-06-30 05:00:00+00:00,078600.KQ,KRLEVEL_RR|078600|4T|2738|2741|2742,TOTAL_RISK_CAP
2025-06-30 05:00:00+00:00,086900.KQ,KRLEVEL_RR|086900|3T|2739|2740|2742,TOTAL_RISK_CAP
2025-07-01 01:00:00+00:00,011200.KS,KRLEVEL_RR|011200|2T|2738|2743|2744,TOTAL_RISK_CAP
2025-07-01 01:00:00+00:00,032830.KS,KRLEVEL_RR|032830|2T|2738|2742|2744,TOTAL_RISK_CAP
2025-07-01 01:00:00+00:00,034730.KS,KRLEVEL_RR|034730|2T|2738|2742|2744,TOTAL_RISK_CAP
2025-07-01 01:00:00+00:00,047050.KS,KRLEVEL_RR|047050|5T|2738|2743|2744,TOTAL_RISK_CAP
2025-07-01 01:00:00+00:00,051910.KS,KRLEVEL_RR|051910|4T|2738|2742|2744,TOTAL_RISK_CAP
2025-07-01 01:00:00+00:00,096530.KQ,KRLEVEL_RR|096530|3T|2742|2743|2744,TOTAL_RISK_CAP
2025-07-01 01:00:00+00:00,352820.KS,KRLEVEL_RR|352820|3T|2741|2742|2744,TOTAL_RISK_CAP
2025-07-01 03:00:00+00:00,000270.KS,KRLEVEL_RR|000270|2T|2744|2745|2746,TOTAL_RISK_CAP
2025-07-01 03:00:00+00:00,005380.KS,KRLEVEL_RR|005380|2T|2744|2745|2746,TOTAL_RISK_CAP
2025-07-01 03:00:00+00:00,005490.KS,KRLEVEL_RR|005490|2T|2744|2745|2746,TOTAL_RISK_CAP
2025-07-01 04:00:00+00:00,214370.KQ,KRLEVEL_RR|214370|3T|2684|2685|2687,TOTAL_RISK_CAP
2025-07-01 05:00:00+00:00,006400.KS,KRLEVEL_RR|006400|5T|2745|2747|2748,TOTAL_RISK_CAP
2025-07-01 05:00:00+00:00,068760.KQ,KRLEVEL_RR|068760|2T|2744|2746|2748,TOTAL_RISK_CAP
2025-07-01 05:00:00+00:00,357780.KQ,KRLEVEL_RR|357780|4T|2740|2746|2748,TOTAL_RISK_CAP
2025-07-02 01:00:00+00:00,012330.KS,KRLEVEL_RR|012330|4T|2744|2748|2750,TOTAL_RISK_CAP
2025-07-02 01:00:00+00:00,033780.KS,KRLEVEL_RR|033780|3T|2742|2748|2750,TOTAL_RISK_CAP
2025-07-02 03:00:00+00:00,207940.KS,KRLEVEL_RR|207940|2T|2750|2751|2752,TOTAL_RISK_CAP
2025-07-02 03:00:00+00:00,225570.KQ,KRLEVEL_RR|225570|2T|2750|2751|2752,TOTAL_RISK_CAP
2025-07-02 03:00:00+00:00,373220.KS,KRLEVEL_RR|373220|2T|2745|2751|2752,TOTAL_RISK_CAP
2025-07-02 05:00:00+00:00,009520.KQ,KRLEVEL_RR|009520|7T|2752|2753|2754,TOTAL_RISK_CAP
2025-07-02 05:00:00+00:00,336570.KQ,KRLEVEL_RR|336570|3T|2752|2753|2754,TOTAL_RISK_CAP
2025-07-03 01:00:00+00:00,005930.KS,KRLEVEL_RR|005930|2T|2752|2754|2756,TOTAL_RISK_CAP
2025-07-03 01:00:00+00:00,010130.KS,KRLEVEL_RR|010130|3T|2754|2755|2756,TOTAL_RISK_CAP
2025-07-03 01:00:00+00:00,222800.KQ,KRLEVEL_RR|222800|2T|2754|2755|2756,TOTAL_RISK_CAP
2025-07-03 01:00:00+00:00,323410.KS,KRLEVEL_RR|323410|2T|2754|2755|2756,TOTAL_RISK_CAP
2025-07-03 01:00:00+00:00,365340.KQ,KRLEVEL_RR|365340|3T|2754|2755|2756,TOTAL_RISK_CAP
2025-07-03 04:00:00+00:00,078600.KQ,KRLEVEL_RR|078600|4T|2757|2758|2759,TOTAL_RISK_CAP
2025-07-03 05:00:00+00:00,011200.KS,KRLEVEL_RR|011200|5T|2758|2759|2760,TOTAL_RISK_CAP
2025-07-03 05:00:00+00:00,121600.KQ,KRLEVEL_RR|121600|3T|2757|2758|2760,TOTAL_RISK_CAP
2025-07-03 05:00:00+00:00,281740.KQ,KRLEVEL_RR|281740|5T|2757|2758|2760,TOTAL_RISK_CAP
2025-07-03 05:00:00+00:00,348370.KQ,KRLEVEL_RR|348370|4T|2752|2753|2754,TOTAL_RISK_CAP
2025-07-03 05:00:00+00:00,372170.KQ,KRLEVEL_RR|372170|2T|2756|2758|2760,TOTAL_RISK_CAP
2025-07-04 00:00:00+00:00,000250.KQ,KRLEVEL_RR|000250|6T|2753|2759|2761,TOTAL_RISK_CAP
2025-07-04 00:00:00+00:00,140860.KQ,KRLEVEL_RR|140860|3T|2758|2759|2761,TOTAL_RISK_CAP
2025-07-04 00:00:00+00:00,420770.KQ,KRLEVEL_RR|420770|2T|2759|2760|2761,TOTAL_RISK_CAP
2025-07-04 01:00:00+00:00,047050.KS,KRLEVEL_RR|047050|3T|2756|2760|2762,TOTAL_RISK_CAP
2025-07-04 02:00:00+00:00,003670.KS,KRLEVEL_RR|003670|3T|2756|2762|2763,TOTAL_RISK_CAP
2025-07-04 04:00:00+00:00,039200.KQ,KRLEVEL_RR|039200|3T|2758|2764|2765,TOTAL_RISK_CAP
2025-07-04 05:00:00+00:00,033780.KS,KRLEVEL_RR|033780|3T|2762|2765|2766,TOTAL_RISK_CAP
2025-07-07 01:00:00+00:00,095340.KQ,KRLEVEL_RR|095340|2T|2762|2766|2768,TOTAL_RISK_CAP
2025-07-07 04:00:00+00:00,105560.KS,KRLEVEL_RR|105560|3T|2768|2769|2771,TOTAL_RISK_CAP
2025-07-07 04:00:00+00:00,336570.KQ,KRLEVEL_RR|336570|2T|2769|2770|2771,TOTAL_RISK_CAP
2025-07-08 03:00:00+00:00,323410.KS,KRLEVEL_RR|323410|2T|2769|2774|2776,TOTAL_RISK_CAP
2025-07-08 04:00:00+00:00,000250.KQ,KRLEVEL_RR|000250|8T|2773|2775|2777,TOTAL_RISK_CAP
2025-07-08 04:00:00+00:00,010130.KS,KRLEVEL_RR|010130|3T|2773|2775|2777,TOTAL_RISK_CAP
2025-07-08 05:00:00+00:00,000810.KS,KRLEVEL_RR|000810|2T|2774|2776|2778,TOTAL_RISK_CAP
2025-07-08 05:00:00+00:00,011200.KS,KRLEVEL_RR|011200|5T|2776|2777|2778,TOTAL_RISK_CAP
2025-07-08 05:00:00+00:00,028260.KS,KRLEVEL_RR|028260|4T|2774|2776|2778,TOTAL_RISK_CAP
2025-07-08 05:00:00+00:00,034730.KS,KRLEVEL_RR|034730|3T|2774|2776|2778,TOTAL_RISK_CAP
2025-07-09 01:00:00+00:00,039200.KQ,KRLEVEL_RR|039200|4T|2776|2778|2780,TOTAL_RISK_CAP
2025-07-09 01:00:00+00:00,041510.KQ,KRLEVEL_RR|041510|2T|2774|2779|2780,TOTAL_RISK_CAP
2025-07-09 01:00:00+00:00,086900.KQ,KRLEVEL_RR|086900|3T|2776|2779|2780,TOTAL_RISK_CAP
2025-07-09 01:00:00+00:00,140860.KQ,KRLEVEL_RR|140860|3T|2777|2778|2780,TOTAL_RISK_CAP
2025-07-09 04:00:00+00:00,010950.KS,KRLEVEL_RR|010950|3T|2780|2782|2783,SAME_TICKER_OPEN
2025-07-10 01:00:00+00:00,000660.KS,KRLEVEL_RR|000660|2T|2778|2784|2786,MAX_POSITIONS
2025-07-10 01:00:00+00:00,005380.KS,KRLEVEL_RR|005380|2T|2783|2784|2786,MAX_POSITIONS
2025-07-10 01:00:00+00:00,005930.KS,KRLEVEL_RR|005930|3T|2783|2785|2786,MAX_POSITIONS
2025-07-10 01:00:00+00:00,042660.KS,KRLEVEL_RR|042660|4T|2780|2784|2786,MAX_POSITIONS
2025-07-10 01:00:00+00:00,066570.KS,KRLEVEL_RR|066570|4T|2780|2784|2786,MAX_POSITIONS
2025-07-10 01:00:00+00:00,214370.KQ,KRLEVEL_RR|214370|3T|2724|2725|2726,MAX_POSITIONS
2025-07-10 01:00:00+00:00,222800.KQ,KRLEVEL_RR|222800|2T|2778|2784|2786,MAX_POSITIONS
2025-07-10 01:00:00+00:00,373220.KS,KRLEVEL_RR|373220|2T|2780|2785|2786,MAX_POSITIONS
2025-07-10 03:00:00+00:00,140410.KQ,KRLEVEL_RR|140410|2T|2780|2786|2788,MAX_POSITIONS
2025-07-10 04:00:00+00:00,047050.KS,KRLEVEL_RR|047050|2T|2786|2787|2789,MAX_POSITIONS
2025-07-10 05:00:00+00:00,096530.KQ,KRLEVEL_RR|096530|2T|2785|2788|2790,MAX_POSITIONS
2025-07-11 01:00:00+00:00,028300.KQ,KRLEVEL_RR|028300|2T|2787|2790|2792,TOTAL_RISK_CAP
2025-07-11 01:00:00+00:00,122870.KQ,KRLEVEL_RR|122870|4T|2790|2791|2792,TOTAL_RISK_CAP
2025-07-11 02:00:00+00:00,006400.KS,KRLEVEL_RR|006400|4T|2791|2792|2793,TOTAL_RISK_CAP
2025-07-11 02:00:00+00:00,365340.KQ,KRLEVEL_RR|365340|4T|2791|2792|2793,TOTAL_RISK_CAP
2025-07-11 03:00:00+00:00,348370.KQ,KRLEVEL_RR|348370|2T|2786|2787|2788,TOTAL_RISK_CAP
2025-07-11 04:00:00+00:00,041510.KQ,KRLEVEL_RR|041510|4T|2792|2793|2795,TOTAL_RISK_CAP
2025-07-11 04:00:00+00:00,420770.KQ,KRLEVEL_RR|420770|2T|2793|2794|2795,TOTAL_RISK_CAP
2025-07-11 05:00:00+00:00,005490.KS,KRLEVEL_RR|005490|3T|2793|2794|2796,TOTAL_RISK_CAP
2025-07-11 05:00:00+00:00,357780.KQ,KRLEVEL_RR|357780|3T|2793|2795|2796,TOTAL_RISK_CAP
2025-07-14 01:00:00+00:00,095340.KQ,KRLEVEL_RR|095340|2T|2793|2796|2798,TOTAL_RISK_CAP
2025-07-14 05:00:00+00:00,009520.KQ,KRLEVEL_RR|009520|3T|2799|2801|2802,TOTAL_RISK_CAP
2025-07-14 05:00:00+00:00,105560.KS,KRLEVEL_RR|105560|2T|2798|2800|2802,TOTAL_RISK_CAP
2025-07-15 00:00:00+00:00,011200.KS,KRLEVEL_RR|011200|2T|2796|2801|2803,TOTAL_RISK_CAP
2025-07-15 05:00:00+00:00,034020.KS,KRLEVEL_RR|034020|2T|2804|2806|2808,TOTAL_RISK_CAP
2025-07-16 00:00:00+00:00,121600.KQ,KRLEVEL_RR|121600|3T|2802|2807|2809,TOTAL_RISK_CAP
2025-07-16 00:00:00+00:00,277810.KQ,KRLEVEL_RR|277810|3T|2804|2807|2809,MAX_POSITIONS
2025-07-16 01:00:00+00:00,140410.KQ,KRLEVEL_RR|140410|2T|2804|2808|2810,TOTAL_RISK_CAP
2025-07-16 02:00:00+00:00,365340.KQ,KRLEVEL_RR|365340|6T|2805|2809|2811,TOTAL_RISK_CAP
2025-07-16 04:00:00+00:00,018260.KS,KRLEVEL_RR|018260|3T|2810|2812|2813,MAX_POSITIONS
2025-07-16 04:00:00+00:00,222800.KQ,KRLEVEL_RR|222800|2T|2810|2811|2813,MAX_POSITIONS
2025-07-16 05:00:00+00:00,042660.KS,KRLEVEL_RR|042660|4T|2810|2813|2814,MAX_POSITIONS
2025-07-17 04:00:00+00:00,000250.KQ,KRLEVEL_RR|000250|4T|2816|2817|2819,TOTAL_RISK_CAP
2025-07-17 05:00:00+00:00,000270.KS,KRLEVEL_RR|000270|5T|2817|2818|2820,TOTAL_RISK_CAP
2025-07-17 05:00:00+00:00,006400.KS,KRLEVEL_RR|006400|4T|2817|2819|2820,TOTAL_RISK_CAP
2025-07-17 05:00:00+00:00,028300.KQ,KRLEVEL_RR|028300|2T|2818|2819|2820,TOTAL_RISK_CAP
2025-07-17 05:00:00+00:00,068270.KS,KRLEVEL_RR|068270|5T|2818|2819|2820,TOTAL_RISK_CAP
2025-07-18 00:00:00+00:00,253450.KQ,KRLEVEL_RR|253450|2T|2819|2820|2821,TOTAL_RISK_CAP
2025-07-18 01:00:00+00:00,009520.KQ,KRLEVEL_RR|009520|3T|2820|2821|2822,TOTAL_RISK_CAP
2025-07-18 01:00:00+00:00,086520.KQ,KRLEVEL_RR|086520|4T|2751|2754|2756,TOTAL_RISK_CAP
2025-07-18 01:00:00+00:00,329180.KS,KRLEVEL_RR|329180|2T|2817|2820|2822,TOTAL_RISK_CAP
2025-07-18 02:00:00+00:00,328130.KQ,KRLEVEL_RR|328130|6T|2820|2822|2823,TOTAL_RISK_CAP
2025-07-18 04:00:00+00:00,009150.KS,KRLEVEL_RR|009150|2T|2819|2823|2825,TOTAL_RISK_CAP
2025-07-18 04:00:00+00:00,068760.KQ,KRLEVEL_RR|068760|2T|2822|2823|2825,TOTAL_RISK_CAP
2025-07-18 04:00:00+00:00,078600.KQ,KRLEVEL_RR|078600|3T|2822|2824|2825,TOTAL_RISK_CAP
2025-07-18 04:00:00+00:00,281740.KQ,KRLEVEL_RR|281740|4T|2822|2823|2825,TOTAL_RISK_CAP
2025-07-21 00:00:00+00:00,042660.KS,KRLEVEL_RR|042660|8T|2825|2826|2827,TOTAL_RISK_CAP
2025-07-21 00:00:00+00:00,112040.KQ,KRLEVEL_RR|112040|2T|2822|2826|2827,TOTAL_RISK_CAP
2025-07-21 01:00:00+00:00,005290.KQ,KRLEVEL_RR|005290|5T|2820|2826|2828,TOTAL_RISK_CAP
2025-07-21 01:00:00+00:00,034020.KS,KRLEVEL_RR|034020|4T|2826|2827|2828,TOTAL_RISK_CAP
2025-07-21 01:00:00+00:00,105560.KS,KRLEVEL_RR|105560|3T|2825|2826|2828,TOTAL_RISK_CAP
2025-07-21 01:00:00+00:00,348370.KQ,KRLEVEL_RR|348370|2T|2816|2820|2822,TOTAL_RISK_CAP
2025-07-21 01:00:00+00:00,383310.KQ,KRLEVEL_RR|383310|3T|2822|2826|2828,TOTAL_RISK_CAP
2025-07-21 01:00:00+00:00,393890.KQ,KRLEVEL_RR|393890|2T|2822|2827|2828,TOTAL_RISK_CAP
2025-07-21 02:00:00+00:00,277810.KQ,KRLEVEL_RR|277810|3T|2827|2828|2829,TOTAL_RISK_CAP
2025-07-21 03:00:00+00:00,096770.KS,KRLEVEL_RR|096770|3T|2828|2829|2830,TOTAL_RISK_CAP
2025-07-21 03:00:00+00:00,121600.KQ,KRLEVEL_RR|121600|2T|2828|2829|2830,TOTAL_RISK_CAP
2025-07-21 03:00:00+00:00,336570.KQ,KRLEVEL_RR|336570|2T|2828|2829|2830,TOTAL_RISK_CAP
2025-07-21 03:00:00+00:00,373220.KS,KRLEVEL_RR|373220|2T|2828|2829|2830,TOTAL_RISK_CAP
2025-07-21 05:00:00+00:00,005490.KS,KRLEVEL_RR|005490|2T|2829|2830|2832,TOTAL_RISK_CAP
2025-07-21 05:00:00+00:00,041510.KQ,KRLEVEL_RR|041510|5T|2830|2831|2832,TOTAL_RISK_CAP
2025-07-22 00:00:00+00:00,122870.KQ,KRLEVEL_RR|122870|3T|2831|2832|2833,TOTAL_RISK_CAP
2025-07-22 01:00:00+00:00,066570.KS,KRLEVEL_RR|066570|3T|2827|2832|2834,TOTAL_RISK_CAP
2025-07-22 01:00:00+00:00,140410.KQ,KRLEVEL_RR|140410|3T|2831|2833|2834,TOTAL_RISK_CAP
2025-07-22 02:00:00+00:00,028260.KS,KRLEVEL_RR|028260|4T|2829|2833|2835,TOTAL_RISK_CAP
2025-07-22 03:00:00+00:00,225570.KQ,KRLEVEL_RR|225570|2T|2829|2835|2836,TOTAL_RISK_CAP
2025-07-23 00:00:00+00:00,010130.KS,KRLEVEL_RR|010130|2T|2833|2838|2839,TOTAL_RISK_CAP
2025-07-23 04:00:00+00:00,000270.KS,KRLEVEL_RR|000270|2T|2840|2841|2843,TOTAL_RISK_CAP
2025-07-23 04:00:00+00:00,005380.KS,KRLEVEL_RR|005380|2T|2840|2841|2843,TOTAL_RISK_CAP
2025-07-23 04:00:00+00:00,047050.KS,KRLEVEL_RR|047050|3T|2840|2841|2843,TOTAL_RISK_CAP
2025-07-23 04:00:00+00:00,086520.KQ,KRLEVEL_RR|086520|2T|2775|2776|2777,TOTAL_RISK_CAP
2025-07-24 00:00:00+00:00,207940.KS,KRLEVEL_RR|207940|2T|2840|2843|2845,TOTAL_RISK_CAP
2025-07-24 01:00:00+00:00,032830.KS,KRLEVEL_RR|032830|4T|2844|2845|2846,TOTAL_RISK_CAP
2025-07-24 01:00:00+00:00,068270.KS,KRLEVEL_RR|068270|2T|2839|2844|2846,TOTAL_RISK_CAP
2025-07-24 01:00:00+00:00,121600.KQ,KRLEVEL_RR|121600|4T|2841|2844|2846,TOTAL_RISK_CAP
2025-07-24 01:00:00+00:00,329180.KS,KRLEVEL_RR|329180|2T|2843|2845|2846,TOTAL_RISK_CAP
2025-07-24 02:00:00+00:00,328130.KQ,KRLEVEL_RR|328130|2T|2841|2845|2847,TOTAL_RISK_CAP
2025-07-24 02:00:00+00:00,383310.KQ,KRLEVEL_RR|383310|4T|2841|2845|2847,TOTAL_RISK_CAP
2025-07-24 03:00:00+00:00,042660.KS,KRLEVEL_RR|042660|3T|2846|2847|2848,TOTAL_RISK_CAP
2025-07-24 03:00:00+00:00,393890.KQ,KRLEVEL_RR|393890|4T|2846|2847|2848,TOTAL_RISK_CAP
2025-07-25 00:00:00+00:00,096770.KS,KRLEVEL_RR|096770|3T|2846|2850|2851,TOTAL_RISK_CAP
2025-07-25 00:00:00+00:00,348370.KQ,KRLEVEL_RR|348370|3T|2841|2843|2845,TOTAL_RISK_CAP
2025-07-25 01:00:00+00:00,009540.KS,KRLEVEL_RR|009540|3T|2846|2850|2852,TOTAL_RISK_CAP
2025-07-25 01:00:00+00:00,012330.KS,KRLEVEL_RR|012330|3T|2850|2851|2852,TOTAL_RISK_CAP
2025-07-25 01:00:00+00:00,066570.KS,KRLEVEL_RR|066570|2T|2850|2851|2852,TOTAL_RISK_CAP
2025-07-25 05:00:00+00:00,055550.KS,KRLEVEL_RR|055550|3T|2852|2854|2856,TOTAL_RISK_CAP
2025-07-28 05:00:00+00:00,101490.KQ,KRLEVEL_RR|101490|2T|2858|2860|2862,TOTAL_RISK_CAP
2025-07-28 05:00:00+00:00,357780.KQ,KRLEVEL_RR|357780|4T|2858|2860|2862,TOTAL_RISK_CAP
2025-07-29 00:00:00+00:00,121600.KQ,KRLEVEL_RR|121600|2T|2859|2862|2863,TOTAL_RISK_CAP
2025-07-29 02:00:00+00:00,329180.KS,KRLEVEL_RR|329180|2T|2858|2864|2865,TOTAL_RISK_CAP
2025-07-29 03:00:00+00:00,005290.KQ,KRLEVEL_RR|005290|2T|2863|2865|2866,TOTAL_RISK_CAP
2025-07-29 03:00:00+00:00,028260.KS,KRLEVEL_RR|028260|5T|2864|2865|2866,TOTAL_RISK_CAP
2025-07-29 03:00:00+00:00,033780.KS,KRLEVEL_RR|033780|3T|2860|2864|2866,TOTAL_RISK_CAP
2025-07-30 00:00:00+00:00,009150.KS,KRLEVEL_RR|009150|2T|2862|2867|2869,TOTAL_RISK_CAP
2025-07-30 00:00:00+00:00,207940.KS,KRLEVEL_RR|207940|3T|2864|2868|2869,TOTAL_RISK_CAP
2025-07-30 01:00:00+00:00,012330.KS,KRLEVEL_RR|012330|3T|2865|2868|2870,TOTAL_RISK_CAP
2025-07-30 01:00:00+00:00,068270.KS,KRLEVEL_RR|068270|2T|2866|2868|2870,TOTAL_RISK_CAP
2025-07-30 01:00:00+00:00,277810.KQ,KRLEVEL_RR|277810|3T|2864|2868|2870,TOTAL_RISK_CAP
2025-07-30 01:00:00+00:00,383310.KQ,KRLEVEL_RR|383310|2T|2863|2869|2870,TOTAL_RISK_CAP
2025-07-30 02:00:00+00:00,047050.KS,KRLEVEL_RR|047050|6T|2869|2870|2871,TOTAL_RISK_CAP
2025-07-30 02:00:00+00:00,348370.KQ,KRLEVEL_RR|348370|2T|2863|2864|2865,TOTAL_RISK_CAP
2025-07-30 03:00:00+00:00,066570.KS,KRLEVEL_RR|066570|2T|2866|2870|2872,TOTAL_RISK_CAP
2025-07-30 03:00:00+00:00,096770.KS,KRLEVEL_RR|096770|4T|2870|2871|2872,TOTAL_RISK_CAP
2025-07-30 03:00:00+00:00,140860.KQ,KRLEVEL_RR|140860|2T|2870|2871|2872,TOTAL_RISK_CAP
2025-07-30 04:00:00+00:00,105560.KS,KRLEVEL_RR|105560|4T|2870|2871|2873,TOTAL_RISK_CAP
2025-07-31 00:00:00+00:00,372170.KQ,KRLEVEL_RR|372170|2T|2871|2873|2875,TOTAL_RISK_CAP
2025-08-01 00:00:00+00:00,336570.KQ,KRLEVEL_RR|336570|2T|2878|2880|2881,TOTAL_RISK_CAP
2025-08-01 00:00:00+00:00,420770.KQ,KRLEVEL_RR|420770|5T|2877|2879|2881,TOTAL_RISK_CAP
2025-08-04 04:00:00+00:00,121600.KQ,KRLEVEL_RR|121600|4T|2888|2890|2891,TOTAL_RISK_CAP
2025-08-05 01:00:00+00:00,003550.KS,KRLEVEL_RR|003550|2T|2891|2892|2894,TOTAL_RISK_CAP
2025-08-05 01:00:00+00:00,015760.KS,KRLEVEL_RR|015760|2T|2889|2892|2894,TOTAL_RISK_CAP
2025-08-05 01:00:00+00:00,034020.KS,KRLEVEL_RR|034020|4T|2889|2893|2894,TOTAL_RISK_CAP
2025-08-05 01:00:00+00:00,041510.KQ,KRLEVEL_RR|041510|2T|2889|2892|2894,TOTAL_RISK_CAP
2025-08-05 01:00:00+00:00,105560.KS,KRLEVEL_RR|105560|5T|2888|2893|2894,TOTAL_RISK_CAP
2025-08-05 01:00:00+00:00,140410.KQ,KRLEVEL_RR|140410|2T|2891|2892|2894,TOTAL_RISK_CAP
2025-08-05 01:00:00+00:00,225570.KQ,KRLEVEL_RR|225570|2T|2888|2892|2894,TOTAL_RISK_CAP
2025-08-05 01:00:00+00:00,281740.KQ,KRLEVEL_RR|281740|3T|2891|2892|2894,TOTAL_RISK_CAP
2025-08-05 01:00:00+00:00,365340.KQ,KRLEVEL_RR|365340|2T|2888|2892|2894,TOTAL_RISK_CAP
2025-08-05 01:00:00+00:00,383310.KQ,KRLEVEL_RR|383310|4T|2889|2892|2894,TOTAL_RISK_CAP
2025-08-05 04:00:00+00:00,028300.KQ,KRLEVEL_RR|028300|2T|2892|2896|2897,TOTAL_RISK_CAP
2025-08-05 05:00:00+00:00,000810.KS,KRLEVEL_RR|000810|2T|2895|2897|2898,TOTAL_RISK_CAP
2025-08-05 05:00:00+00:00,078600.KQ,KRLEVEL_RR|078600|2T|2894|2897|2898,TOTAL_RISK_CAP
2025-08-05 05:00:00+00:00,348370.KQ,KRLEVEL_RR|348370|2T|2888|2891|2892,TOTAL_RISK_CAP
2025-08-05 05:00:00+00:00,373220.KS,KRLEVEL_RR|373220|2T|2894|2896|2898,TOTAL_RISK_CAP
2025-08-06 00:00:00+00:00,277810.KQ,KRLEVEL_RR|277810|4T|2894|2897|2899,TOTAL_RISK_CAP
2025-08-06 00:00:00+00:00,352820.KS,KRLEVEL_RR|352820|2T|2894|2897|2899,TOTAL_RISK_CAP
2025-08-06 01:00:00+00:00,003670.KS,KRLEVEL_RR|003670|2T|2898|2899|2900,TOTAL_RISK_CAP
2025-08-06 01:00:00+00:00,028260.KS,KRLEVEL_RR|028260|2T|2897|2898|2900,TOTAL_RISK_CAP
2025-08-06 01:00:00+00:00,064550.KQ,KRLEVEL_RR|064550|4T|2893|2899|2900,TOTAL_RISK_CAP
2025-08-06 01:00:00+00:00,066570.KS,KRLEVEL_RR|066570|2T|2894|2899|2900,TOTAL_RISK_CAP
2025-08-06 01:00:00+00:00,122870.KQ,KRLEVEL_RR|122870|2T|2894|2899|2900,TOTAL_RISK_CAP
2025-08-06 01:00:00+00:00,372170.KQ,KRLEVEL_RR|372170|2T|2898|2899|2900,TOTAL_RISK_CAP
2025-08-06 02:00:00+00:00,068270.KS,KRLEVEL_RR|068270|3T|2898|2899|2901,TOTAL_RISK_CAP
2025-08-06 02:00:00+00:00,222800.KQ,KRLEVEL_RR|222800|2T|2894|2900|2901,TOTAL_RISK_CAP
2025-08-06 03:00:00+00:00,010950.KS,KRLEVEL_RR|010950|2T|2900|2901|2902,TOTAL_RISK_CAP
2025-08-06 04:00:00+00:00,096530.KQ,KRLEVEL_RR|096530|2T|2900|2902|2903,TOTAL_RISK_CAP
2025-08-07 00:00:00+00:00,393890.KQ,KRLEVEL_RR|393890|4T|2903|2904|2905,TOTAL_RISK_CAP
2025-08-07 00:00:00+00:00,403870.KQ,KRLEVEL_RR|403870|2T|2902|2903|2905,TOTAL_RISK_CAP
2025-08-07 04:00:00+00:00,009540.KS,KRLEVEL_RR|009540|3T|2907|2908|2909,SAME_TICKER_OPEN
2025-08-07 04:00:00+00:00,112040.KQ,KRLEVEL_RR|112040|3T|2906|2907|2909,TOTAL_RISK_CAP
2025-08-07 05:00:00+00:00,101490.KQ,KRLEVEL_RR|101490|3T|2906|2909|2910,TOTAL_RISK_CAP
2025-08-08 00:00:00+00:00,003490.KS,KRLEVEL_RR|003490|3T|2904|2909|2911,TOTAL_RISK_CAP
2025-08-08 00:00:00+00:00,010130.KS,KRLEVEL_RR|010130|2T|2907|2910|2911,TOTAL_RISK_CAP
2025-08-08 00:00:00+00:00,035720.KS,KRLEVEL_RR|035720|4T|2909|2910|2911,TOTAL_RISK_CAP
2025-08-08 01:00:00+00:00,000660.KS,KRLEVEL_RR|000660|2T|2910|2911|2912,TOTAL_RISK_CAP
2025-08-08 01:00:00+00:00,005930.KS,KRLEVEL_RR|005930|2T|2906|2911|2912,TOTAL_RISK_CAP
2025-08-08 01:00:00+00:00,017670.KS,KRLEVEL_RR|017670|2T|2909|2910|2912,SAME_TICKER_OPEN
2025-08-08 01:00:00+00:00,033780.KS,KRLEVEL_RR|033780|4T|2909|2911|2912,TOTAL_RISK_CAP
2025-08-08 01:00:00+00:00,121600.KQ,KRLEVEL_RR|121600|3T|2905|2910|2912,TOTAL_RISK_CAP
2025-08-08 02:00:00+00:00,009150.KS,KRLEVEL_RR|009150|3T|2906|2912|2913,TOTAL_RISK_CAP
2025-08-08 03:00:00+00:00,012330.KS,KRLEVEL_RR|012330|3T|2906|2912|2914,TOTAL_RISK_CAP
2025-08-08 03:00:00+00:00,365340.KQ,KRLEVEL_RR|365340|5T|2907|2912|2914,TOTAL_RISK_CAP
2025-08-08 04:00:00+00:00,041510.KQ,KRLEVEL_RR|041510|10T|2913|2914|2915,TOTAL_RISK_CAP
2025-08-11 01:00:00+00:00,047050.KS,KRLEVEL_RR|047050|3T|2916|2917|2918,TOTAL_RISK_CAP
2025-08-11 01:00:00+00:00,066570.KS,KRLEVEL_RR|066570|3T|2914|2917|2918,TOTAL_RISK_CAP
2025-08-11 01:00:00+00:00,122870.KQ,KRLEVEL_RR|122870|2T|2915|2916|2918,TOTAL_RISK_CAP
2025-08-11 01:00:00+00:00,207940.KS,KRLEVEL_RR|207940|2T|2916|2917|2918,TOTAL_RISK_CAP
2025-08-11 03:00:00+00:00,336570.KQ,KRLEVEL_RR|336570|2T|2918|2919|2920,TOTAL_RISK_CAP
2025-08-11 04:00:00+00:00,277810.KQ,KRLEVEL_RR|277810|5T|2919|2920|2921,TOTAL_RISK_CAP
2025-08-11 05:00:00+00:00,078600.KQ,KRLEVEL_RR|078600|3T|2918|2920|2922,TOTAL_RISK_CAP
2025-08-11 05:00:00+00:00,086520.KQ,KRLEVEL_RR|086520|2T|2852|2854|2856,TOTAL_RISK_CAP
2025-08-12 01:00:00+00:00,005290.KQ,KRLEVEL_RR|005290|5T|2918|2922|2924,TOTAL_RISK_CAP
2025-08-12 01:00:00+00:00,006400.KS,KRLEVEL_RR|006400|2T|2918|2923|2924,TOTAL_RISK_CAP
2025-08-12 01:00:00+00:00,383310.KQ,KRLEVEL_RR|383310|2T|2918|2923|2924,TOTAL_RISK_CAP
2025-08-12 03:00:00+00:00,373220.KS,KRLEVEL_RR|373220|2T|2920|2924|2926,TOTAL_RISK_CAP
2025-08-13 01:00:00+00:00,357780.KQ,KRLEVEL_RR|357780|2T|2924|2928|2930,TOTAL_RISK_CAP
2025-08-13 02:00:00+00:00,039200.KQ,KRLEVEL_RR|039200|4T|2924|2929|2931,TOTAL_RISK_CAP
2025-08-13 03:00:00+00:00,000660.KS,KRLEVEL_RR|000660|3T|2930|2931|2932,TOTAL_RISK_CAP
2025-08-13 03:00:00+00:00,403870.KQ,KRLEVEL_RR|403870|3T|2930|2931|2932,TOTAL_RISK_CAP
2025-08-13 04:00:00+00:00,000270.KS,KRLEVEL_RR|000270|4T|2930|2932|2933,TOTAL_RISK_CAP
2025-08-13 05:00:00+00:00,067160.KQ,KRLEVEL_RR|067160|3T|2930|2932|2934,TOTAL_RISK_CAP
2025-08-14 00:00:00+00:00,009540.KS,KRLEVEL_RR|009540|5T|2930|2933|2935,TOTAL_RISK_CAP
2025-08-14 01:00:00+00:00,005380.KS,KRLEVEL_RR|005380|2T|2934|2935|2936,SAME_TICKER_OPEN
2025-08-14 01:00:00+00:00,010130.KS,KRLEVEL_RR|010130|3T|2933|2934|2936,TOTAL_RISK_CAP
2025-08-14 01:00:00+00:00,012330.KS,KRLEVEL_RR|012330|5T|2933|2934|2936,TOTAL_RISK_CAP
2025-08-14 01:00:00+00:00,041510.KQ,KRLEVEL_RR|041510|5T|2933|2935|2936,TOTAL_RISK_CAP
2025-08-14 01:00:00+00:00,101490.KQ,KRLEVEL_RR|101490|2T|2930|2934|2936,TOTAL_RISK_CAP
2025-08-14 05:00:00+00:00,009150.KS,KRLEVEL_RR|009150|2T|2934|2939|2940,TOTAL_RISK_CAP
2025-08-14 05:00:00+00:00,225570.KQ,KRLEVEL_RR|225570|5T|2937|2939|2940,TOTAL_RISK_CAP
2025-08-18 00:00:00+00:00,003670.KS,KRLEVEL_RR|003670|2T|2936|2940|2941,TOTAL_RISK_CAP
2025-08-18 00:00:00+00:00,006400.KS,KRLEVEL_RR|006400|2T|2936|2939|2941,TOTAL_RISK_CAP
2025-08-18 00:00:00+00:00,393890.KQ,KRLEVEL_RR|393890|2T|2936|2940|2941,TOTAL_RISK_CAP
2025-08-18 01:00:00+00:00,051910.KS,KRLEVEL_RR|051910|6T|2936|2940|2942,TOTAL_RISK_CAP
2025-08-20 03:00:00+00:00,253450.KQ,KRLEVEL_RR|253450|7T|2948|2954|2956,TOTAL_RISK_CAP
2025-08-21 00:00:00+00:00,012330.KS,KRLEVEL_RR|012330|4T|2952|2958|2959,TOTAL_RISK_CAP
2025-08-21 01:00:00+00:00,003670.KS,KRLEVEL_RR|003670|3T|2958|2959|2960,TOTAL_RISK_CAP
2025-08-21 01:00:00+00:00,005930.KS,KRLEVEL_RR|005930|2T|2954|2959|2960,TOTAL_RISK_CAP
2025-08-21 01:00:00+00:00,009540.KS,KRLEVEL_RR|009540|2T|2958|2959|2960,TOTAL_RISK_CAP
2025-08-21 01:00:00+00:00,068760.KQ,KRLEVEL_RR|068760|4T|2958|2959|2960,MAX_POSITIONS
2025-08-21 01:00:00+00:00,122870.KQ,KRLEVEL_RR|122870|2T|2958|2959|2960,MAX_POSITIONS
2025-08-21 02:00:00+00:00,015760.KS,KRLEVEL_RR|015760|2T|2959|2960|2961,MAX_POSITIONS
2025-08-21 02:00:00+00:00,101490.KQ,KRLEVEL_RR|101490|3T|2958|2959|2961,MAX_POSITIONS
2025-08-21 03:00:00+00:00,047050.KS,KRLEVEL_RR|047050|3T|2960|2961|2962,MAX_POSITIONS
2025-08-21 03:00:00+00:00,281740.KQ,KRLEVEL_RR|281740|2T|2957|2960|2962,MAX_POSITIONS
2025-08-21 04:00:00+00:00,000810.KS,KRLEVEL_RR|000810|2T|2960|2961|2963,MAX_POSITIONS
2025-08-21 05:00:00+00:00,032830.KS,KRLEVEL_RR|032830|2T|2962|2963|2964,TOTAL_RISK_CAP
2025-08-21 05:00:00+00:00,365340.KQ,KRLEVEL_RR|365340|3T|2960|2962|2964,TOTAL_RISK_CAP
2025-08-22 00:00:00+00:00,028260.KS,KRLEVEL_RR|028260|2T|2962|2964|2965,TOTAL_RISK_CAP
2025-08-22 00:00:00+00:00,042660.KS,KRLEVEL_RR|042660|3T|2961|2964|2965,TOTAL_RISK_CAP
2025-08-22 01:00:00+00:00,010130.KS,KRLEVEL_RR|010130|6T|2964|2965|2966,TOTAL_RISK_CAP
2025-08-25 01:00:00+00:00,225570.KQ,KRLEVEL_RR|225570|8T|2970|2971|2972,TOTAL_RISK_CAP
2025-08-25 03:00:00+00:00,222800.KQ,KRLEVEL_RR|222800|5T|2967|2972|2974,TOTAL_RISK_CAP
2025-08-25 04:00:00+00:00,034020.KS,KRLEVEL_RR|034020|8T|2973|2974|2975,TOTAL_RISK_CAP
2025-08-25 04:00:00+00:00,329180.KS,KRLEVEL_RR|329180|3T|2968|2974|2975,TOTAL_RISK_CAP
2025-08-25 05:00:00+00:00,068760.KQ,KRLEVEL_RR|068760|2T|2972|2974|2976,TOTAL_RISK_CAP
2025-08-25 05:00:00+00:00,140860.KQ,KRLEVEL_RR|140860|2T|2972|2975|2976,TOTAL_RISK_CAP
2025-08-26 00:00:00+00:00,047050.KS,KRLEVEL_RR|047050|2T|2974|2975|2977,TOTAL_RISK_CAP
2025-08-26 00:00:00+00:00,078600.KQ,KRLEVEL_RR|078600|8T|2972|2975|2977,TOTAL_RISK_CAP
2025-08-26 00:00:00+00:00,383310.KQ,KRLEVEL_RR|383310|2T|2972|2976|2977,TOTAL_RISK_CAP
2025-08-26 01:00:00+00:00,009150.KS,KRLEVEL_RR|009150|4T|2972|2977|2978,TOTAL_RISK_CAP
2025-08-26 01:00:00+00:00,033780.KS,KRLEVEL_RR|033780|4T|2975|2976|2978,TOTAL_RISK_CAP
2025-08-26 01:00:00+00:00,122870.KQ,KRLEVEL_RR|122870|2T|2973|2976|2978,TOTAL_RISK_CAP
2025-08-26 01:00:00+00:00,352820.KS,KRLEVEL_RR|352820|3T|2973|2976|2978,TOTAL_RISK_CAP
2025-08-26 02:00:00+00:00,039200.KQ,KRLEVEL_RR|039200|2T|2972|2978|2979,TOTAL_RISK_CAP
2025-08-26 03:00:00+00:00,403870.KQ,KRLEVEL_RR|403870|2T|2975|2979|2980,TOTAL_RISK_CAP
2025-08-27 00:00:00+00:00,101490.KQ,KRLEVEL_RR|101490|3T|2979|2981|2983,TOTAL_RISK_CAP
2025-08-27 01:00:00+00:00,015760.KS,KRLEVEL_RR|015760|2T|2982|2983|2984,TOTAL_RISK_CAP
2025-08-27 02:00:00+00:00,005380.KS,KRLEVEL_RR|005380|3T|2982|2983|2985,TOTAL_RISK_CAP
2025-08-27 02:00:00+00:00,420770.KQ,KRLEVEL_RR|420770|5T|2981|2983|2985,TOTAL_RISK_CAP
2025-08-27 04:00:00+00:00,214370.KQ,KRLEVEL_RR|214370|2T|2924|2925|2927,TOTAL_RISK_CAP
2025-08-27 05:00:00+00:00,042660.KS,KRLEVEL_RR|042660|2T|2984|2986|2988,TOTAL_RISK_CAP
2025-08-27 05:00:00+00:00,225570.KQ,KRLEVEL_RR|225570|2T|2983|2986|2988,TOTAL_RISK_CAP
2025-08-28 01:00:00+00:00,012330.KS,KRLEVEL_RR|012330|4T|2985|2988|2990,TOTAL_RISK_CAP
2025-08-28 01:00:00+00:00,068760.KQ,KRLEVEL_RR|068760|3T|2987|2988|2990,TOTAL_RISK_CAP
2025-08-28 02:00:00+00:00,034730.KS,KRLEVEL_RR|034730|2T|2984|2990|2991,TOTAL_RISK_CAP
2025-08-28 05:00:00+00:00,000660.KS,KRLEVEL_RR|000660|2T|2991|2992|2994,TOTAL_RISK_CAP
2025-08-28 05:00:00+00:00,003550.KS,KRLEVEL_RR|003550|3T|2992|2993|2994,TOTAL_RISK_CAP
2025-08-28 05:00:00+00:00,105560.KS,KRLEVEL_RR|105560|2T|2991|2992|2994,TOTAL_RISK_CAP
2025-09-01 01:00:00+00:00,041510.KQ,KRLEVEL_RR|041510|3T|2997|3000|3002,TOTAL_RISK_CAP
2025-09-01 01:00:00+00:00,122870.KQ,KRLEVEL_RR|122870|2T|2996|3001|3002,TOTAL_RISK_CAP
2025-09-01 03:00:00+00:00,000810.KS,KRLEVEL_RR|000810|2T|2997|3002|3004,TOTAL_RISK_CAP
2025-09-02 01:00:00+00:00,042660.KS,KRLEVEL_RR|042660|2T|3003|3006|3008,TOTAL_RISK_CAP
2025-09-02 03:00:00+00:00,009150.KS,KRLEVEL_RR|009150|3T|3002|3008|3010,TOTAL_RISK_CAP
2025-09-02 05:00:00+00:00,214370.KQ,KRLEVEL_RR|214370|4T|2950|2951|2952,TOTAL_RISK_CAP
2025-09-03 01:00:00+00:00,028260.KS,KRLEVEL_RR|028260|2T|3008|3012|3014,TOTAL_RISK_CAP
2025-09-03 02:00:00+00:00,277810.KQ,KRLEVEL_RR|277810|2T|3011|3013|3015,TOTAL_RISK_CAP
2025-09-04 00:00:00+00:00,003550.KS,KRLEVEL_RR|003550|3T|3016|3017|3019,TOTAL_RISK_CAP
2025-09-04 00:00:00+00:00,047050.KS,KRLEVEL_RR|047050|4T|3015|3017|3019,TOTAL_RISK_CAP
2025-09-04 00:00:00+00:00,064550.KQ,KRLEVEL_RR|064550|3T|3015|3018|3019,TOTAL_RISK_CAP
2025-09-04 01:00:00+00:00,140860.KQ,KRLEVEL_RR|140860|2T|3018|3019|3020,TOTAL_RISK_CAP
2025-09-04 01:00:00+00:00,403870.KQ,KRLEVEL_RR|403870|5T|3016|3019|3020,TOTAL_RISK_CAP
2025-09-05 00:00:00+00:00,348370.KQ,KRLEVEL_RR|348370|2T|3014|3017|3019,TOTAL_RISK_CAP
2025-09-05 01:00:00+00:00,009540.KS,KRLEVEL_RR|009540|2T|3022|3024|3026,TOTAL_RISK_CAP
2025-09-05 01:00:00+00:00,018260.KS,KRLEVEL_RR|018260|3T|3020|3025|3026,TOTAL_RISK_CAP
2025-09-05 01:00:00+00:00,035420.KS,KRLEVEL_RR|035420|3T|3020|3024|3026,TOTAL_RISK_CAP
2025-09-05 01:00:00+00:00,041510.KQ,KRLEVEL_RR|041510|3T|3021|3024|3026,TOTAL_RISK_CAP
2025-09-08 00:00:00+00:00,000250.KQ,KRLEVEL_RR|000250|2T|3024|3030|3031,TOTAL_RISK_CAP
2025-09-08 01:00:00+00:00,000660.KS,KRLEVEL_RR|000660|2T|3027|3030|3032,TOTAL_RISK_CAP
2025-09-08 01:00:00+00:00,357780.KQ,KRLEVEL_RR|357780|2T|3026|3030|3032,TOTAL_RISK_CAP
2025-09-08 01:00:00+00:00,420770.KQ,KRLEVEL_RR|420770|5T|3026|3031|3032,TOTAL_RISK_CAP
2025-09-08 03:00:00+00:00,403870.KQ,KRLEVEL_RR|403870|5T|3032|3033|3034,TOTAL_RISK_CAP
2025-09-08 04:00:00+00:00,047050.KS,KRLEVEL_RR|047050|3T|3030|3034|3035,TOTAL_RISK_CAP
2025-09-08 04:00:00+00:00,067160.KQ,KRLEVEL_RR|067160|2T|3032|3033|3035,TOTAL_RISK_CAP
2025-09-08 04:00:00+00:00,121600.KQ,KRLEVEL_RR|121600|2T|3033|3034|3035,TOTAL_RISK_CAP
2025-09-08 05:00:00+00:00,011200.KS,KRLEVEL_RR|011200|2T|3033|3034|3036,TOTAL_RISK_CAP
2025-09-09 00:00:00+00:00,207940.KS,KRLEVEL_RR|207940|2T|3031|3035|3037,TOTAL_RISK_CAP
2025-09-09 01:00:00+00:00,034730.KS,KRLEVEL_RR|034730|3T|3035|3036|3038,TOTAL_RISK_CAP
2025-09-09 01:00:00+00:00,096770.KS,KRLEVEL_RR|096770|2T|3033|3036|3038,TOTAL_RISK_CAP
2025-09-09 01:00:00+00:00,281740.KQ,KRLEVEL_RR|281740|2T|3035|3036|3038,TOTAL_RISK_CAP
2025-09-09 02:00:00+00:00,000810.KS,KRLEVEL_RR|000810|2T|3033|3038|3039,TOTAL_RISK_CAP
2025-09-09 03:00:00+00:00,005490.KS,KRLEVEL_RR|005490|3T|3038|3039|3040,TOTAL_RISK_CAP
2025-09-09 03:00:00+00:00,078600.KQ,KRLEVEL_RR|078600|2T|3038|3039|3040,TOTAL_RISK_CAP
2025-09-09 04:00:00+00:00,000270.KS,KRLEVEL_RR|000270|3T|3038|3039|3041,TOTAL_RISK_CAP
2025-09-09 04:00:00+00:00,005380.KS,KRLEVEL_RR|005380|3T|3038|3039|3041,TOTAL_RISK_CAP
2025-09-09 05:00:00+00:00,214370.KQ,KRLEVEL_RR|214370|3T|2978|2981|2982,TOTAL_RISK_CAP
2025-09-10 00:00:00+00:00,277810.KQ,KRLEVEL_RR|277810|2T|3035|3041|3043,TOTAL_RISK_CAP
2025-09-10 01:00:00+00:00,000250.KQ,KRLEVEL_RR|000250|3T|3042|3043|3044,TOTAL_RISK_CAP
2025-09-10 01:00:00+00:00,005290.KQ,KRLEVEL_RR|005290|4T|3041|3042|3044,TOTAL_RISK_CAP
2025-09-10 01:00:00+00:00,034020.KS,KRLEVEL_RR|034020|2T|3041|3043|3044,TOTAL_RISK_CAP
2025-09-10 01:00:00+00:00,086790.KS,KRLEVEL_RR|086790|4T|3040|3042|3044,TOTAL_RISK_CAP
2025-09-10 01:00:00+00:00,105560.KS,KRLEVEL_RR|105560|2T|3042|3043|3044,TOTAL_RISK_CAP
2025-09-10 04:00:00+00:00,225570.KQ,KRLEVEL_RR|225570|6T|3044|3045|3047,TOTAL_RISK_CAP
2025-09-10 05:00:00+00:00,015760.KS,KRLEVEL_RR|015760|4T|3044|3046|3048,TOTAL_RISK_CAP
2025-09-10 05:00:00+00:00,041510.KQ,KRLEVEL_RR|041510|2T|3046|3047|3048,TOTAL_RISK_CAP
2025-09-10 05:00:00+00:00,095340.KQ,KRLEVEL_RR|095340|2T|3044|3047|3048,TOTAL_RISK_CAP
2025-09-10 05:00:00+00:00,357780.KQ,KRLEVEL_RR|357780|2T|3045|3046|3048,TOTAL_RISK_CAP
2025-09-11 00:00:00+00:00,003490.KS,KRLEVEL_RR|003490|3T|3044|3047|3049,TOTAL_RISK_CAP
2025-09-11 02:00:00+00:00,039200.KQ,KRLEVEL_RR|039200|3T|3048|3050|3051,TOTAL_RISK_CAP
2025-09-11 03:00:00+00:00,018260.KS,KRLEVEL_RR|018260|2T|3045|3051|3052,TOTAL_RISK_CAP
2025-09-11 03:00:00+00:00,067160.KQ,KRLEVEL_RR|067160|2T|3049|3050|3052,TOTAL_RISK_CAP
2025-09-11 04:00:00+00:00,009540.KS,KRLEVEL_RR|009540|2T|3050|3052|3053,TOTAL_RISK_CAP
2025-09-11 04:00:00+00:00,047050.KS,KRLEVEL_RR|047050|4T|3046|3052|3053,TOTAL_RISK_CAP
2025-09-11 04:00:00+00:00,066570.KS,KRLEVEL_RR|066570|2T|3048|3052|3053,TOTAL_RISK_CAP
2025-09-11 05:00:00+00:00,010950.KS,KRLEVEL_RR|010950|3T|3050|3052|3054,TOTAL_RISK_CAP
2025-09-11 05:00:00+00:00,033780.KS,KRLEVEL_RR|033780|2T|3047|3053|3054,TOTAL_RISK_CAP
2025-09-12 00:00:00+00:00,042660.KS,KRLEVEL_RR|042660|2T|3049|3054|3055,TOTAL_RISK_CAP
2025-09-12 00:00:00+00:00,068270.KS,KRLEVEL_RR|068270|2T|3050|3053|3055,TOTAL_RISK_CAP
2025-09-12 01:00:00+00:00,055550.KS,KRLEVEL_RR|055550|2T|3052|3054|3056,TOTAL_RISK_CAP
2025-09-12 01:00:00+00:00,086900.KQ,KRLEVEL_RR|086900|4T|3052|3054|3056,SAME_TICKER_OPEN
2025-09-12 01:00:00+00:00,253450.KQ,KRLEVEL_RR|253450|2T|3050|3054|3056,TOTAL_RISK_CAP
2025-09-12 01:00:00+00:00,403870.KQ,KRLEVEL_RR|403870|2T|3051|3054|3056,TOTAL_RISK_CAP
2025-09-12 02:00:00+00:00,028300.KQ,KRLEVEL_RR|028300|4T|3050|3056|3057,TOTAL_RISK_CAP
2025-09-12 02:00:00+00:00,068760.KQ,KRLEVEL_RR|068760|5T|3050|3056|3057,TOTAL_RISK_CAP
2025-09-12 05:00:00+00:00,006400.KS,KRLEVEL_RR|006400|2T|3056|3059|3060,TOTAL_RISK_CAP
2025-09-12 05:00:00+00:00,035720.KS,KRLEVEL_RR|035720|2T|3058|3059|3060,TOTAL_RISK_CAP
2025-09-15 00:00:00+00:00,011200.KS,KRLEVEL_RR|011200|3T|3056|3060|3061,TOTAL_RISK_CAP
2025-09-15 01:00:00+00:00,051910.KS,KRLEVEL_RR|051910|2T|3056|3060|3062,TOTAL_RISK_CAP
2025-09-15 01:00:00+00:00,086790.KS,KRLEVEL_RR|086790|2T|3057|3060|3062,TOTAL_RISK_CAP
2025-09-15 01:00:00+00:00,140860.KQ,KRLEVEL_RR|140860|2T|3056|3061|3062,TOTAL_RISK_CAP
2025-09-15 01:00:00+00:00,281740.KQ,KRLEVEL_RR|281740|2T|3056|3060|3062,TOTAL_RISK_CAP
2025-09-15 02:00:00+00:00,101490.KQ,KRLEVEL_RR|101490|3T|3061|3062|3063,TOTAL_RISK_CAP
2025-09-15 02:00:00+00:00,105560.KS,KRLEVEL_RR|105560|2T|3057|3062|3063,TOTAL_RISK_CAP
2025-09-15 03:00:00+00:00,225570.KQ,KRLEVEL_RR|225570|3T|3061|3062|3064,TOTAL_RISK_CAP
2025-09-15 04:00:00+00:00,086520.KQ,KRLEVEL_RR|086520|2T|2996|2997|2999,TOTAL_RISK_CAP
2025-09-16 00:00:00+00:00,095340.KQ,KRLEVEL_RR|095340|2T|3062|3065|3067,TOTAL_RISK_CAP
2025-09-16 01:00:00+00:00,328130.KQ,KRLEVEL_RR|328130|2T|3064|3066|3068,TOTAL_RISK_CAP
2025-09-16 04:00:00+00:00,034020.KS,KRLEVEL_RR|034020|2T|3069|3070|3071,TOTAL_RISK_CAP
2025-09-16 04:00:00+00:00,064550.KQ,KRLEVEL_RR|064550|3T|3064|3070|3071,TOTAL_RISK_CAP
2025-09-17 00:00:00+00:00,420770.KQ,KRLEVEL_RR|420770|2T|3071|3072|3073,TOTAL_RISK_CAP
2025-09-17 01:00:00+00:00,041510.KQ,KRLEVEL_RR|041510|3T|3068|3072|3074,GROSS_CAP
2025-09-17 01:00:00+00:00,042660.KS,KRLEVEL_RR|042660|2T|3068|3072|3074,TOTAL_RISK_CAP
2025-09-17 01:00:00+00:00,372170.KQ,KRLEVEL_RR|372170|4T|3071|3072|3074,TOTAL_RISK_CAP
2025-09-17 03:00:00+00:00,357780.KQ,KRLEVEL_RR|357780|2T|3070|3074|3076,TOTAL_RISK_CAP
2025-09-17 05:00:00+00:00,003490.KS,KRLEVEL_RR|003490|5T|3075|3076|3078,GROSS_CAP
2025-09-17 05:00:00+00:00,003670.KS,KRLEVEL_RR|003670|2T|3074|3077|3078,GROSS_CAP
2025-09-18 01:00:00+00:00,017670.KS,KRLEVEL_RR|017670|4T|3075|3078|3080,GROSS_CAP
2025-09-18 01:00:00+00:00,033780.KS,KRLEVEL_RR|033780|7T|3074|3078|3080,GROSS_CAP
2025-09-18 01:00:00+00:00,101490.KQ,KRLEVEL_RR|101490|2T|3076|3078|3080,TOTAL_RISK_CAP
2025-09-18 01:00:00+00:00,225570.KQ,KRLEVEL_RR|225570|3T|3078|3079|3080,TOTAL_RISK_CAP
2025-09-18 02:00:00+00:00,051910.KS,KRLEVEL_RR|051910|5T|3078|3080|3081,MAX_POSITIONS
2025-09-18 03:00:00+00:00,005290.KQ,KRLEVEL_RR|005290|2T|3080|3081|3082,TOTAL_RISK_CAP
2025-09-18 05:00:00+00:00,028300.KQ,KRLEVEL_RR|028300|2T|3081|3083|3084,MAX_POSITIONS
2025-09-18 05:00:00+00:00,035420.KS,KRLEVEL_RR|035420|2T|3080|3082|3084,MAX_POSITIONS
2025-09-18 05:00:00+00:00,035720.KS,KRLEVEL_RR|035720|2T|3080|3083|3084,MAX_POSITIONS
2025-09-18 05:00:00+00:00,112040.KQ,KRLEVEL_RR|112040|3T|3081|3083|3084,MAX_POSITIONS
2025-09-18 05:00:00+00:00,140860.KQ,KRLEVEL_RR|140860|3T|3082|3083|3084,MAX_POSITIONS
2025-09-19 00:00:00+00:00,009520.KQ,KRLEVEL_RR|009520|3T|3081|3083|3085,MAX_POSITIONS
2025-09-19 00:00:00+00:00,078600.KQ,KRLEVEL_RR|078600|4T|3081|3083|3085,MAX_POSITIONS
2025-09-19 00:00:00+00:00,086520.KQ,KRLEVEL_RR|086520|2T|3016|3017|3019,MAX_POSITIONS
2025-09-19 00:00:00+00:00,096770.KS,KRLEVEL_RR|096770|2T|3081|3084|3085,MAX_POSITIONS
2025-09-19 00:00:00+00:00,277810.KQ,KRLEVEL_RR|277810|2T|3080|3083|3085,MAX_POSITIONS
2025-09-19 01:00:00+00:00,000250.KQ,KRLEVEL_RR|000250|2T|3078|3084|3086,TOTAL_RISK_CAP
2025-09-19 02:00:00+00:00,095340.KQ,KRLEVEL_RR|095340|2T|3084|3086|3087,TOTAL_RISK_CAP
2025-09-19 03:00:00+00:00,041510.KQ,KRLEVEL_RR|041510|3T|3085|3086|3088,TOTAL_RISK_CAP
2025-09-19 05:00:00+00:00,064550.KQ,KRLEVEL_RR|064550|4T|3084|3089|3090,TOTAL_RISK_CAP
2025-09-22 00:00:00+00:00,086900.KQ,KRLEVEL_RR|086900|2T|3083|3089|3091,TOTAL_RISK_CAP
2025-09-22 01:00:00+00:00,055550.KS,KRLEVEL_RR|055550|6T|3087|3090|3092,TOTAL_RISK_CAP
2025-09-22 01:00:00+00:00,068760.KQ,KRLEVEL_RR|068760|4T|3086|3090|3092,TOTAL_RISK_CAP
2025-09-22 04:00:00+00:00,012330.KS,KRLEVEL_RR|012330|2T|3092|3093|3095,TOTAL_RISK_CAP
2025-09-22 04:00:00+00:00,068270.KS,KRLEVEL_RR|068270|3T|3090|3094|3095,TOTAL_RISK_CAP
2025-09-22 04:00:00+00:00,122870.KQ,KRLEVEL_RR|122870|2T|3093|3094|3095,TOTAL_RISK_CAP
2025-09-22 04:00:00+00:00,140410.KQ,KRLEVEL_RR|140410|2T|3087|3093|3095,TOTAL_RISK_CAP
2025-09-22 04:00:00+00:00,225570.KQ,KRLEVEL_RR|225570|6T|3093|3094|3095,TOTAL_RISK_CAP
2025-09-23 00:00:00+00:00,039200.KQ,KRLEVEL_RR|039200|3T|3094|3095|3097,TOTAL_RISK_CAP
2025-09-23 01:00:00+00:00,006400.KS,KRLEVEL_RR|006400|2T|3092|3097|3098,SAME_TICKER_OPEN
2025-09-23 01:00:00+00:00,034020.KS,KRLEVEL_RR|034020|2T|3092|3096|3098,TOTAL_RISK_CAP
2025-09-23 03:00:00+00:00,281740.KQ,KRLEVEL_RR|281740|2T|3095|3098|3100,SAME_TICKER_OPEN
2025-09-23 05:00:00+00:00,253450.KQ,KRLEVEL_RR|253450|5T|3100|3101|3102,TOTAL_RISK_CAP
2025-09-24 01:00:00+00:00,000270.KS,KRLEVEL_RR|000270|4T|3102|3103|3104,TOTAL_RISK_CAP
2025-09-24 01:00:00+00:00,047050.KS,KRLEVEL_RR|047050|2T|3102|3103|3104,TOTAL_RISK_CAP
2025-09-24 05:00:00+00:00,015760.KS,KRLEVEL_RR|015760|2T|3103|3106|3108,TOTAL_RISK_CAP
2025-09-25 00:00:00+00:00,010950.KS,KRLEVEL_RR|010950|2T|3104|3108|3109,TOTAL_RISK_CAP
2025-09-25 01:00:00+00:00,042660.KS,KRLEVEL_RR|042660|2T|3108|3109|3110,TOTAL_RISK_CAP
2025-09-25 05:00:00+00:00,035420.KS,KRLEVEL_RR|035420|2T|3111|3113|3114,TOTAL_RISK_CAP
2025-09-26 00:00:00+00:00,017670.KS,KRLEVEL_RR|017670|2T|3108|3114|3115,TOTAL_RISK_CAP
2025-09-26 01:00:00+00:00,068270.KS,KRLEVEL_RR|068270|2T|3109|3114|3116,TOTAL_RISK_CAP
2025-09-29 00:00:00+00:00,032830.KS,KRLEVEL_RR|032830|2T|3116|3119|3121,TOTAL_RISK_CAP
2025-09-29 01:00:00+00:00,033780.KS,KRLEVEL_RR|033780|4T|3119|3120|3122,TOTAL_RISK_CAP
2025-09-29 04:00:00+00:00,055550.KS,KRLEVEL_RR|055550|3T|3122|3124|3125,TOTAL_RISK_CAP
2025-09-29 05:00:00+00:00,112040.KQ,KRLEVEL_RR|112040|2T|3123|3125|3126,TOTAL_RISK_CAP
2025-09-29 05:00:00+00:00,348370.KQ,KRLEVEL_RR|348370|5T|3116|3118|3120,TOTAL_RISK_CAP
2025-09-30 00:00:00+00:00,018260.KS,KRLEVEL_RR|018260|2T|3122|3126|3127,TOTAL_RISK_CAP
2025-09-30 00:00:00+00:00,122870.KQ,KRLEVEL_RR|122870|2T|3124|3126|3127,TOTAL_RISK_CAP
2025-09-30 04:00:00+00:00,214370.KQ,KRLEVEL_RR|214370|2T|3068|3069|3071,TOTAL_RISK_CAP
2025-09-30 05:00:00+00:00,329180.KS,KRLEVEL_RR|329180|4T|3129|3130|3132,TOTAL_RISK_CAP
2025-10-01 05:00:00+00:00,357780.KQ,KRLEVEL_RR|357780|2T|3134|3137|3138,TOTAL_RISK_CAP
2025-10-02 00:00:00+00:00,051910.KS,KRLEVEL_RR|051910|6T|3137|3138|3139,TOTAL_RISK_CAP
2025-10-02 00:00:00+00:00,095340.KQ,KRLEVEL_RR|095340|2T|3134|3138|3139,TOTAL_RISK_CAP
2025-10-02 00:00:00+00:00,365340.KQ,KRLEVEL_RR|365340|4T|3135|3138|3139,TOTAL_RISK_CAP
2025-10-02 01:00:00+00:00,005380.KS,KRLEVEL_RR|005380|2T|3133|3138|3140,TOTAL_RISK_CAP
2025-10-02 01:00:00+00:00,105560.KS,KRLEVEL_RR|105560|2T|3138|3139|3140,TOTAL_RISK_CAP
2025-10-02 01:00:00+00:00,140860.KQ,KRLEVEL_RR|140860|2T|3134|3139|3140,TOTAL_RISK_CAP
2025-10-02 02:00:00+00:00,009540.KS,KRLEVEL_RR|009540|5T|3134|3139|3141,TOTAL_RISK_CAP
2025-10-02 02:00:00+00:00,032830.KS,KRLEVEL_RR|032830|3T|3135|3140|3141,TOTAL_RISK_CAP
2025-10-02 02:00:00+00:00,047050.KS,KRLEVEL_RR|047050|3T|3134|3140|3141,TOTAL_RISK_CAP
2025-10-02 03:00:00+00:00,096530.KQ,KRLEVEL_RR|096530|2T|3140|3141|3142,TOTAL_RISK_CAP
2025-10-02 04:00:00+00:00,000270.KS,KRLEVEL_RR|000270|3T|3140|3141|3143,TOTAL_RISK_CAP
2025-10-02 04:00:00+00:00,009150.KS,KRLEVEL_RR|009150|2T|3140|3142|3143,TOTAL_RISK_CAP
2025-10-02 04:00:00+00:00,034020.KS,KRLEVEL_RR|034020|2T|3141|3142|3143,TOTAL_RISK_CAP
2025-10-02 04:00:00+00:00,372170.KQ,KRLEVEL_RR|372170|2T|3135|3141|3143,TOTAL_RISK_CAP
2025-10-02 05:00:00+00:00,207940.KS,KRLEVEL_RR|207940|2T|3141|3143|3144,TOTAL_RISK_CAP
2025-10-10 01:00:00+00:00,010950.KS,KRLEVEL_RR|010950|3T|3141|3145|3146,TOTAL_RISK_CAP
2025-10-10 01:00:00+00:00,066570.KS,KRLEVEL_RR|066570|5T|3141|3145|3146,TOTAL_RISK_CAP
2025-10-10 01:00:00+00:00,373220.KS,KRLEVEL_RR|373220|4T|3143|3145|3146,TOTAL_RISK_CAP
2025-10-10 01:00:00+00:00,403870.KQ,KRLEVEL_RR|403870|2T|3140|3145|3146,TOTAL_RISK_CAP
2025-10-10 03:00:00+00:00,140410.KQ,KRLEVEL_RR|140410|3T|3146|3147|3148,TOTAL_RISK_CAP
2025-10-10 04:00:00+00:00,028260.KS,KRLEVEL_RR|028260|3T|3146|3148|3149,TOTAL_RISK_CAP
2025-10-13 00:00:00+00:00,101490.KQ,KRLEVEL_RR|101490|3T|3147|3149|3151,TOTAL_RISK_CAP
2025-10-13 00:00:00+00:00,122870.KQ,KRLEVEL_RR|122870|3T|3145|3149|3151,TOTAL_RISK_CAP
2025-10-13 01:00:00+00:00,281740.KQ,KRLEVEL_RR|281740|3T|3146|3150|3152,TOTAL_RISK_CAP
2025-10-13 02:00:00+00:00,033780.KS,KRLEVEL_RR|033780|4T|3149|3151|3153,TOTAL_RISK_CAP
2025-10-13 02:00:00+00:00,214370.KQ,KRLEVEL_RR|214370|4T|3088|3091|3093,TOTAL_RISK_CAP
2025-10-13 02:00:00+00:00,277810.KQ,KRLEVEL_RR|277810|3T|3148|3152|3153,TOTAL_RISK_CAP
2025-10-13 03:00:00+00:00,009540.KS,KRLEVEL_RR|009540|5T|3152|3153|3154,TOTAL_RISK_CAP
2025-10-14 00:00:00+00:00,000810.KS,KRLEVEL_RR|000810|7T|3153|3156|3157,TOTAL_RISK_CAP
2025-10-14 00:00:00+00:00,393890.KQ,KRLEVEL_RR|393890|2T|3152|3155|3157,TOTAL_RISK_CAP
2025-10-14 01:00:00+00:00,086520.KQ,KRLEVEL_RR|086520|2T|3087|3090|3092,TOTAL_RISK_CAP
2025-10-14 01:00:00+00:00,096770.KS,KRLEVEL_RR|096770|3T|3153|3157|3158,TOTAL_RISK_CAP
2025-10-14 01:00:00+00:00,329180.KS,KRLEVEL_RR|329180|8T|3154|3156|3158,TOTAL_RISK_CAP
2025-10-14 01:00:00+00:00,365340.KQ,KRLEVEL_RR|365340|3T|3155|3157|3158,TOTAL_RISK_CAP
2025-10-14 02:00:00+00:00,006400.KS,KRLEVEL_RR|006400|5T|3152|3158|3159,TOTAL_RISK_CAP
2025-10-14 02:00:00+00:00,051910.KS,KRLEVEL_RR|051910|6T|3152|3158|3159,TOTAL_RISK_CAP
2025-10-14 02:00:00+00:00,372170.KQ,KRLEVEL_RR|372170|2T|3157|3158|3159,TOTAL_RISK_CAP
2025-10-14 05:00:00+00:00,015760.KS,KRLEVEL_RR|015760|7T|3158|3160|3162,TOTAL_RISK_CAP
2025-10-14 05:00:00+00:00,140410.KQ,KRLEVEL_RR|140410|2T|3160|3161|3162,TOTAL_RISK_CAP
2025-10-15 01:00:00+00:00,012330.KS,KRLEVEL_RR|012330|2T|3161|3162|3164,TOTAL_RISK_CAP
2025-10-15 01:00:00+00:00,047050.KS,KRLEVEL_RR|047050|4T|3158|3162|3164,TOTAL_RISK_CAP
2025-10-15 01:00:00+00:00,066570.KS,KRLEVEL_RR|066570|2T|3158|3162|3164,TOTAL_RISK_CAP
2025-10-15 02:00:00+00:00,383310.KQ,KRLEVEL_RR|383310|2T|3158|3163|3165,TOTAL_RISK_CAP
2025-10-15 03:00:00+00:00,281740.KQ,KRLEVEL_RR|281740|3T|3163|3165|3166,TOTAL_RISK_CAP
2025-10-15 04:00:00+00:00,005380.KS,KRLEVEL_RR|005380|5T|3164|3166|3167,TOTAL_RISK_CAP
2025-10-15 04:00:00+00:00,086790.KS,KRLEVEL_RR|086790|2T|3164|3165|3167,TOTAL_RISK_CAP
2025-10-15 05:00:00+00:00,373220.KS,KRLEVEL_RR|373220|3T|3166|3167|3168,TOTAL_RISK_CAP
2025-10-16 00:00:00+00:00,000270.KS,KRLEVEL_RR|000270|2T|3166|3167|3169,TOTAL_RISK_CAP
2025-10-16 00:00:00+00:00,005930.KS,KRLEVEL_RR|005930|2T|3167|3168|3169,TOTAL_RISK_CAP
2025-10-16 00:00:00+00:00,034730.KS,KRLEVEL_RR|034730|3T|3167|3168|3169,TOTAL_RISK_CAP
2025-10-16 00:00:00+00:00,112040.KQ,KRLEVEL_RR|112040|2T|3165|3168|3169,TOTAL_RISK_CAP
2025-10-16 00:00:00+00:00,403870.KQ,KRLEVEL_RR|403870|4T|3166|3167|3169,TOTAL_RISK_CAP
2025-10-16 01:00:00+00:00,003550.KS,KRLEVEL_RR|003550|3T|3164|3168|3170,TOTAL_RISK_CAP
2025-10-16 01:00:00+00:00,005490.KS,KRLEVEL_RR|005490|4T|3167|3169|3170,TOTAL_RISK_CAP
2025-10-16 01:00:00+00:00,018260.KS,KRLEVEL_RR|018260|2T|3167|3168|3170,SAME_TICKER_OPEN
2025-10-16 01:00:00+00:00,028260.KS,KRLEVEL_RR|028260|2T|3164|3168|3170,TOTAL_RISK_CAP
2025-10-16 01:00:00+00:00,028300.KQ,KRLEVEL_RR|028300|4T|3168|3169|3170,TOTAL_RISK_CAP
2025-10-16 01:00:00+00:00,032830.KS,KRLEVEL_RR|032830|4T|3167|3168|3170,TOTAL_RISK_CAP
2025-10-16 01:00:00+00:00,068270.KS,KRLEVEL_RR|068270|4T|3164|3168|3170,TOTAL_RISK_CAP
2025-10-16 01:00:00+00:00,068760.KQ,KRLEVEL_RR|068760|2T|3164|3169|3170,TOTAL_RISK_CAP
2025-10-16 01:00:00+00:00,078600.KQ,KRLEVEL_RR|078600|2T|3167|3169|3170,TOTAL_RISK_CAP
2025-10-16 02:00:00+00:00,086520.KQ,KRLEVEL_RR|086520|10T|3103|3104|3105,TOTAL_RISK_CAP
2025-10-16 02:00:00+00:00,393890.KQ,KRLEVEL_RR|393890|2T|3169|3170|3171,TOTAL_RISK_CAP
2025-10-16 03:00:00+00:00,095340.KQ,KRLEVEL_RR|095340|5T|3170|3171|3172,TOTAL_RISK_CAP
2025-10-16 04:00:00+00:00,000660.KS,KRLEVEL_RR|000660|2T|3171|3172|3173,TOTAL_RISK_CAP
2025-10-17 00:00:00+00:00,009520.KQ,KRLEVEL_RR|009520|2T|3170|3174|3175,INVALID_STOP
2025-10-17 00:00:00+00:00,348370.KQ,KRLEVEL_RR|348370|2T|3164|3168|3169,TOTAL_RISK_CAP
2025-10-17 01:00:00+00:00,033780.KS,KRLEVEL_RR|033780|4T|3174|3175|3176,TOTAL_RISK_CAP
2025-10-17 01:00:00+00:00,372170.KQ,KRLEVEL_RR|372170|2T|3170|3175|3176,TOTAL_RISK_CAP
2025-10-17 02:00:00+00:00,055550.KS,KRLEVEL_RR|055550|3T|3170|3176|3177,TOTAL_RISK_CAP
2025-10-20 01:00:00+00:00,066570.KS,KRLEVEL_RR|066570|2T|3176|3180|3182,TOTAL_RISK_CAP
2025-10-20 01:00:00+00:00,121600.KQ,KRLEVEL_RR|121600|2T|3177|3180|3182,TOTAL_RISK_CAP
2025-10-20 01:00:00+00:00,329180.KS,KRLEVEL_RR|329180|5T|3176|3180|3182,TOTAL_RISK_CAP
2025-10-20 04:00:00+00:00,018260.KS,KRLEVEL_RR|018260|2T|3182|3183|3185,TOTAL_RISK_CAP
2025-10-21 00:00:00+00:00,005380.KS,KRLEVEL_RR|005380|2T|3183|3186|3187,TOTAL_RISK_CAP
2025-10-21 00:00:00+00:00,105560.KS,KRLEVEL_RR|105560|5T|3184|3185|3187,TOTAL_RISK_CAP
2025-10-21 01:00:00+00:00,000250.KQ,KRLEVEL_RR|000250|2T|3180|3186|3188,TOTAL_RISK_CAP
2025-10-21 01:00:00+00:00,009150.KS,KRLEVEL_RR|009150|3T|3184|3186|3188,TOTAL_RISK_CAP
2025-10-21 01:00:00+00:00,032830.KS,KRLEVEL_RR|032830|4T|3184|3187|3188,TOTAL_RISK_CAP
2025-10-21 01:00:00+00:00,068270.KS,KRLEVEL_RR|068270|4T|3183|3186|3188,TOTAL_RISK_CAP
2025-10-21 01:00:00+00:00,323410.KS,KRLEVEL_RR|323410|2T|3184|3186|3188,TOTAL_RISK_CAP
2025-10-21 01:00:00+00:00,328130.KQ,KRLEVEL_RR|328130|3T|3183|3187|3188,TOTAL_RISK_CAP
2025-10-21 03:00:00+00:00,035720.KS,KRLEVEL_RR|035720|2T|3188|3189|3190,TOTAL_RISK_CAP
2025-10-21 03:00:00+00:00,352820.KS,KRLEVEL_RR|352820|6T|3188|3189|3190,TOTAL_RISK_CAP
2025-10-21 04:00:00+00:00,042660.KS,KRLEVEL_RR|042660|3T|3188|3189|3191,SAME_TICKER_OPEN
2025-10-22 00:00:00+00:00,207940.KS,KRLEVEL_RR|207940|2T|3188|3191|3193,TOTAL_RISK_CAP
2025-10-22 02:00:00+00:00,086900.KQ,KRLEVEL_RR|086900|3T|3188|3194|3195,TOTAL_RISK_CAP
2025-10-22 04:00:00+00:00,003550.KS,KRLEVEL_RR|003550|3T|3195|3196|3197,TOTAL_RISK_CAP
2025-10-22 05:00:00+00:00,012330.KS,KRLEVEL_RR|012330|3T|3196|3197|3198,TOTAL_RISK_CAP
2025-10-22 05:00:00+00:00,018260.KS,KRLEVEL_RR|018260|2T|3196|3197|3198,TOTAL_RISK_CAP
2025-10-22 05:00:00+00:00,028260.KS,KRLEVEL_RR|028260|2T|3195|3197|3198,TOTAL_RISK_CAP
2025-10-22 05:00:00+00:00,034730.KS,KRLEVEL_RR|034730|4T|3195|3196|3198,TOTAL_RISK_CAP
2025-10-23 00:00:00+00:00,068760.KQ,KRLEVEL_RR|068760|2T|3193|3197|3199,TOTAL_RISK_CAP
2025-10-23 01:00:00+00:00,009520.KQ,KRLEVEL_RR|009520|2T|3198|3199|3200,TOTAL_RISK_CAP
2025-10-23 03:00:00+00:00,064550.KQ,KRLEVEL_RR|064550|2T|3199|3200|3202,TOTAL_RISK_CAP
2025-10-23 03:00:00+00:00,112040.KQ,KRLEVEL_RR|112040|3T|3195|3201|3202,TOTAL_RISK_CAP
2025-10-24 00:00:00+00:00,032830.KS,KRLEVEL_RR|032830|6T|3201|3204|3205,TOTAL_RISK_CAP
2025-10-24 01:00:00+00:00,005490.KS,KRLEVEL_RR|005490|2T|3200|3204|3206,TOTAL_RISK_CAP
2025-10-24 01:00:00+00:00,101490.KQ,KRLEVEL_RR|101490|2T|3201|3205|3206,TOTAL_RISK_CAP
2025-10-24 03:00:00+00:00,078600.KQ,KRLEVEL_RR|078600|2T|3206|3207|3208,TOTAL_RISK_CAP
2025-10-24 04:00:00+00:00,095340.KQ,KRLEVEL_RR|095340|3T|3206|3207|3209,TOTAL_RISK_CAP
2025-10-27 01:00:00+00:00,000250.KQ,KRLEVEL_RR|000250|2T|3208|3211|3212,TOTAL_RISK_CAP
2025-10-27 01:00:00+00:00,018260.KS,KRLEVEL_RR|018260|2T|3209|3210|3212,TOTAL_RISK_CAP
2025-10-27 01:00:00+00:00,207940.KS,KRLEVEL_RR|207940|2T|3209|3210|3212,TOTAL_RISK_CAP
2025-10-27 01:00:00+00:00,403870.KQ,KRLEVEL_RR|403870|2T|3208|3210|3212,TOTAL_RISK_CAP
2025-10-27 02:00:00+00:00,352820.KS,KRLEVEL_RR|352820|4T|3209|3212|3213,TOTAL_RISK_CAP
2025-10-27 03:00:00+00:00,039200.KQ,KRLEVEL_RR|039200|2T|3212|3213|3214,TOTAL_RISK_CAP
2025-10-27 03:00:00+00:00,140410.KQ,KRLEVEL_RR|140410|2T|3212|3213|3214,TOTAL_RISK_CAP
2025-10-27 04:00:00+00:00,105560.KS,KRLEVEL_RR|105560|4T|3212|3214|3215,TOTAL_RISK_CAP
2025-10-27 05:00:00+00:00,003550.KS,KRLEVEL_RR|003550|2T|3212|3215|3216,TOTAL_RISK_CAP
2025-10-27 05:00:00+00:00,035720.KS,KRLEVEL_RR|035720|2T|3212|3215|3216,TOTAL_RISK_CAP
2025-10-28 00:00:00+00:00,009150.KS,KRLEVEL_RR|009150|2T|3212|3216|3217,TOTAL_RISK_CAP
2025-10-28 00:00:00+00:00,068270.KS,KRLEVEL_RR|068270|2T|3212|3215|3217,TOTAL_RISK_CAP
2025-10-28 01:00:00+00:00,096530.KQ,KRLEVEL_RR|096530|5T|3213|3216|3218,TOTAL_RISK_CAP
2025-10-28 01:00:00+00:00,112040.KQ,KRLEVEL_RR|112040|4T|3213|3216|3218,TOTAL_RISK_CAP
2025-10-28 01:00:00+00:00,122870.KQ,KRLEVEL_RR|122870|5T|3212|3216|3218,TOTAL_RISK_CAP
2025-10-28 01:00:00+00:00,336570.KQ,KRLEVEL_RR|336570|3T|3212|3216|3218,TOTAL_RISK_CAP
2025-10-28 02:00:00+00:00,214370.KQ,KRLEVEL_RR|214370|4T|3157|3158|3159,TOTAL_RISK_CAP
2025-10-29 00:00:00+00:00,034020.KS,KRLEVEL_RR|034020|2T|3221|3222|3223,TOTAL_RISK_CAP
2025-10-29 00:00:00+00:00,051910.KS,KRLEVEL_RR|051910|3T|3220|3222|3223,TOTAL_RISK_CAP
2025-10-29 00:00:00+00:00,064550.KQ,KRLEVEL_RR|064550|3T|3221|3222|3223,TOTAL_RISK_CAP
2025-10-29 00:00:00+00:00,121600.KQ,KRLEVEL_RR|121600|2T|3220|3221|3223,TOTAL_RISK_CAP
2025-10-29 01:00:00+00:00,015760.KS,KRLEVEL_RR|015760|3T|3218|3222|3224,TOTAL_RISK_CAP
2025-10-29 01:00:00+00:00,035420.KS,KRLEVEL_RR|035420|2T|3218|3222|3224,TOTAL_RISK_CAP
2025-10-29 01:00:00+00:00,140860.KQ,KRLEVEL_RR|140860|3T|3218|3222|3224,TOTAL_RISK_CAP
2025-10-29 02:00:00+00:00,357780.KQ,KRLEVEL_RR|357780|3T|3218|3224|3225,TOTAL_RISK_CAP
2025-10-29 05:00:00+00:00,000250.KQ,KRLEVEL_RR|000250|3T|3225|3226|3228,TOTAL_RISK_CAP
2025-10-30 00:00:00+00:00,005490.KS,KRLEVEL_RR|005490|2T|3224|3227|3229,TOTAL_RISK_CAP
2025-10-31 01:00:00+00:00,005290.KQ,KRLEVEL_RR|005290|5T|3233|3234|3236,TOTAL_RISK_CAP
2025-10-31 01:00:00+00:00,009150.KS,KRLEVEL_RR|009150|2T|3231|3234|3236,TOTAL_RISK_CAP
2025-10-31 01:00:00+00:00,064550.KQ,KRLEVEL_RR|064550|3T|3234|3235|3236,TOTAL_RISK_CAP
2025-10-31 02:00:00+00:00,000270.KS,KRLEVEL_RR|000270|2T|3230|3236|3237,TOTAL_RISK_CAP
2025-10-31 02:00:00+00:00,101490.KQ,KRLEVEL_RR|101490|4T|3233|3236|3237,TOTAL_RISK_CAP
2025-10-31 02:00:00+00:00,105560.KS,KRLEVEL_RR|105560|3T|3235|3236|3237,TOTAL_RISK_CAP
2025-10-31 03:00:00+00:00,012330.KS,KRLEVEL_RR|012330|5T|3236|3237|3238,TOTAL_RISK_CAP
2025-10-31 03:00:00+00:00,039200.KQ,KRLEVEL_RR|039200|2T|3235|3237|3238,TOTAL_RISK_CAP
2025-10-31 03:00:00+00:00,328130.KQ,KRLEVEL_RR|328130|3T|3236|3237|3238,TOTAL_RISK_CAP
2025-11-03 01:00:00+00:00,086900.KQ,KRLEVEL_RR|086900|4T|3238|3240|3242,SAME_TICKER_OPEN
2025-11-03 01:00:00+00:00,225570.KQ,KRLEVEL_RR|225570|4T|3239|3241|3242,TOTAL_RISK_CAP
2025-11-03 04:00:00+00:00,034730.KS,KRLEVEL_RR|034730|2T|3242|3244|3245,TOTAL_RISK_CAP
2025-11-04 01:00:00+00:00,348370.KQ,KRLEVEL_RR|348370|2T|3240|3241|3242,TOTAL_RISK_CAP
2025-11-04 05:00:00+00:00,039200.KQ,KRLEVEL_RR|039200|2T|3249|3250|3252,TOTAL_RISK_CAP
2025-11-04 05:00:00+00:00,055550.KS,KRLEVEL_RR|055550|2T|3248|3251|3252,TOTAL_RISK_CAP
2025-11-04 05:00:00+00:00,064550.KQ,KRLEVEL_RR|064550|6T|3248|3251|3252,TOTAL_RISK_CAP
2025-11-04 05:00:00+00:00,096530.KQ,KRLEVEL_RR|096530|4T|3248|3250|3252,TOTAL_RISK_CAP
2025-11-05 01:00:00+00:00,033780.KS,KRLEVEL_RR|033780|6T|3250|3253|3254,TOTAL_RISK_CAP
2025-11-06 00:00:00+00:00,214370.KQ,KRLEVEL_RR|214370|3T|3197|3198|3199,TOTAL_RISK_CAP
2025-11-06 03:00:00+00:00,003550.KS,KRLEVEL_RR|003550|2T|3260|3261|3262,TOTAL_RISK_CAP
2025-11-06 03:00:00+00:00,028260.KS,KRLEVEL_RR|028260|3T|3260|3261|3262,TOTAL_RISK_CAP
2025-11-06 03:00:00+00:00,032830.KS,KRLEVEL_RR|032830|3T|3260|3261|3262,TOTAL_RISK_CAP
2025-11-06 03:00:00+00:00,034730.KS,KRLEVEL_RR|034730|3T|3260|3261|3262,TOTAL_RISK_CAP
2025-11-06 03:00:00+00:00,086790.KS,KRLEVEL_RR|086790|5T|3260|3261|3262,TOTAL_RISK_CAP
2025-11-06 03:00:00+00:00,101490.KQ,KRLEVEL_RR|101490|2T|3257|3261|3262,TOTAL_RISK_CAP
2025-11-06 03:00:00+00:00,140410.KQ,KRLEVEL_RR|140410|3T|3257|3261|3262,TOTAL_RISK_CAP
2025-11-06 03:00:00+00:00,328130.KQ,KRLEVEL_RR|328130|2T|3260|3261|3262,TOTAL_RISK_CAP
2025-11-06 04:00:00+00:00,140860.KQ,KRLEVEL_RR|140860|3T|3257|3261|3263,TOTAL_RISK_CAP
2025-11-06 05:00:00+00:00,005490.KS,KRLEVEL_RR|005490|2T|3260|3263|3264,TOTAL_RISK_CAP
2025-11-07 01:00:00+00:00,035720.KS,KRLEVEL_RR|035720|6T|3264|3265|3266,TOTAL_RISK_CAP
2025-11-10 01:00:00+00:00,055550.KS,KRLEVEL_RR|055550|2T|3270|3271|3272,TOTAL_RISK_CAP
2025-11-10 01:00:00+00:00,214370.KQ,KRLEVEL_RR|214370|4T|3210|3211|3212,TOTAL_RISK_CAP
2025-11-10 03:00:00+00:00,000270.KS,KRLEVEL_RR|000270|2T|3272|3273|3274,TOTAL_RISK_CAP
2025-11-10 03:00:00+00:00,018260.KS,KRLEVEL_RR|018260|3T|3272|3273|3274,TOTAL_RISK_CAP
2025-11-10 04:00:00+00:00,095340.KQ,KRLEVEL_RR|095340|3T|3271|3273|3275,TOTAL_RISK_CAP
2025-11-10 05:00:00+00:00,009520.KQ,KRLEVEL_RR|009520|2T|3273|3274|3276,TOTAL_RISK_CAP
2025-11-10 05:00:00+00:00,009540.KS,KRLEVEL_RR|009540|8T|3272|3275|3276,TOTAL_RISK_CAP
2025-11-10 05:00:00+00:00,010950.KS,KRLEVEL_RR|010950|2T|3272|3274|3276,TOTAL_RISK_CAP
2025-11-10 05:00:00+00:00,105560.KS,KRLEVEL_RR|105560|2T|3272|3274|3276,TOTAL_RISK_CAP
2025-11-10 05:00:00+00:00,348370.KQ,KRLEVEL_RR|348370|2T|3267|3268|3270,TOTAL_RISK_CAP
2025-11-11 00:00:00+00:00,328130.KQ,KRLEVEL_RR|328130|2T|3275|3276|3277,TOTAL_RISK_CAP
2025-11-11 00:00:00+00:00,329180.KS,KRLEVEL_RR|329180|5T|3272|3275|3277,TOTAL_RISK_CAP
2025-11-11 01:00:00+00:00,003670.KS,KRLEVEL_RR|003670|2T|3276|3277|3278,TOTAL_RISK_CAP
2025-11-11 01:00:00+00:00,005490.KS,KRLEVEL_RR|005490|2T|3276|3277|3278,TOTAL_RISK_CAP
2025-11-11 01:00:00+00:00,009150.KS,KRLEVEL_RR|009150|3T|3276|3277|3278,TOTAL_RISK_CAP
2025-11-11 01:00:00+00:00,015760.KS,KRLEVEL_RR|015760|4T|3273|3276|3278,TOTAL_RISK_CAP
2025-11-11 01:00:00+00:00,078600.KQ,KRLEVEL_RR|078600|2T|3276|3277|3278,TOTAL_RISK_CAP
2025-11-11 01:00:00+00:00,086520.KQ,KRLEVEL_RR|086520|2T|3210|3211|3212,TOTAL_RISK_CAP
2025-11-11 01:00:00+00:00,101490.KQ,KRLEVEL_RR|101490|2T|3273|3276|3278,TOTAL_RISK_CAP
2025-11-11 01:00:00+00:00,225570.KQ,KRLEVEL_RR|225570|5T|3276|3277|3278,TOTAL_RISK_CAP
2025-11-11 02:00:00+00:00,066570.KS,KRLEVEL_RR|066570|3T|3277|3278|3279,TOTAL_RISK_CAP
2025-11-11 03:00:00+00:00,010130.KS,KRLEVEL_RR|010130|2T|3278|3279|3280,TOTAL_RISK_CAP
2025-11-11 04:00:00+00:00,357780.KQ,KRLEVEL_RR|357780|3T|3278|3279|3281,TOTAL_RISK_CAP
2025-11-12 01:00:00+00:00,112040.KQ,KRLEVEL_RR|112040|3T|3278|3282|3284,TOTAL_RISK_CAP
2025-11-12 01:00:00+00:00,336570.KQ,KRLEVEL_RR|336570|2T|3278|3282|3284,TOTAL_RISK_CAP
2025-11-12 02:00:00+00:00,032830.KS,KRLEVEL_RR|032830|5T|3278|3284|3285,TOTAL_RISK_CAP
2025-11-12 03:00:00+00:00,140410.KQ,KRLEVEL_RR|140410|3T|3279|3285|3286,TOTAL_RISK_CAP
2025-11-12 04:00:00+00:00,055550.KS,KRLEVEL_RR|055550|2T|3285|3286|3287,TOTAL_RISK_CAP
2025-11-12 05:00:00+00:00,068270.KS,KRLEVEL_RR|068270|2T|3286|3287|3288,TOTAL_RISK_CAP
2025-11-12 05:00:00+00:00,323410.KS,KRLEVEL_RR|323410|2T|3285|3287|3288,TOTAL_RISK_CAP
2025-11-13 01:00:00+00:00,047050.KS,KRLEVEL_RR|047050|4T|3285|3287|3289,TOTAL_RISK_CAP
2025-11-13 02:00:00+00:00,064550.KQ,KRLEVEL_RR|064550|4T|3285|3288|3290,TOTAL_RISK_CAP
2025-11-13 02:00:00+00:00,222800.KQ,KRLEVEL_RR|222800|4T|3284|3288|3290,TOTAL_RISK_CAP
2025-11-13 04:00:00+00:00,096770.KS,KRLEVEL_RR|096770|2T|3285|3291|3292,TOTAL_RISK_CAP
2025-11-13 05:00:00+00:00,003490.KS,KRLEVEL_RR|003490|2T|3285|3291|3293,TOTAL_RISK_CAP
2025-11-13 05:00:00+00:00,005490.KS,KRLEVEL_RR|005490|3T|3290|3292|3293,TOTAL_RISK_CAP
2025-11-13 05:00:00+00:00,009540.KS,KRLEVEL_RR|009540|4T|3290|3291|3293,TOTAL_RISK_CAP
2025-11-13 05:00:00+00:00,010130.KS,KRLEVEL_RR|010130|2T|3291|3292|3293,TOTAL_RISK_CAP
2025-11-13 05:00:00+00:00,329180.KS,KRLEVEL_RR|329180|2T|3290|3292|3293,TOTAL_RISK_CAP
2025-11-13 05:00:00+00:00,348370.KQ,KRLEVEL_RR|348370|2T|3284|3286|3287,TOTAL_RISK_CAP
2025-11-13 05:00:00+00:00,365340.KQ,KRLEVEL_RR|365340|4T|3290|3292|3293,TOTAL_RISK_CAP
2025-11-13 05:00:00+00:00,372170.KQ,KRLEVEL_RR|372170|2T|3290|3292|3293,TOTAL_RISK_CAP
2025-11-14 01:00:00+00:00,000250.KQ,KRLEVEL_RR|000250|3T|3292|3293|3295,TOTAL_RISK_CAP
2025-11-14 01:00:00+00:00,033780.KS,KRLEVEL_RR|033780|6T|3289|3293|3295,TOTAL_RISK_CAP
2025-11-14 01:00:00+00:00,051910.KS,KRLEVEL_RR|051910|3T|3292|3293|3295,TOTAL_RISK_CAP
2025-11-14 01:00:00+00:00,086900.KQ,KRLEVEL_RR|086900|2T|3291|3293|3295,TOTAL_RISK_CAP
2025-11-14 05:00:00+00:00,140860.KQ,KRLEVEL_RR|140860|3T|3296|3297|3299,TOTAL_RISK_CAP
2025-11-17 01:00:00+00:00,140410.KQ,KRLEVEL_RR|140410|3T|3297|3299|3301,TOTAL_RISK_CAP
2025-11-17 03:00:00+00:00,042660.KS,KRLEVEL_RR|042660|3T|3301|3302|3303,TOTAL_RISK_CAP
2025-11-18 00:00:00+00:00,222800.KQ,KRLEVEL_RR|222800|3T|3302|3304|3306,TOTAL_RISK_CAP
2025-11-18 01:00:00+00:00,015760.KS,KRLEVEL_RR|015760|2T|3301|3305|3307,TOTAL_RISK_CAP
2025-11-18 01:00:00+00:00,095340.KQ,KRLEVEL_RR|095340|13T|3305|3306|3307,TOTAL_RISK_CAP
2025-11-20 02:00:00+00:00,041510.KQ,KRLEVEL_RR|041510|4T|3315|3319|3320,TOTAL_RISK_CAP
2025-11-20 03:00:00+00:00,009540.KS,KRLEVEL_RR|009540|2T|3319|3320|3321,TOTAL_RISK_CAP
2025-11-20 03:00:00+00:00,140860.KQ,KRLEVEL_RR|140860|6T|3319|3320|3321,TOTAL_RISK_CAP
2025-11-20 04:00:00+00:00,015760.KS,KRLEVEL_RR|015760|2T|3320|3321|3322,TOTAL_RISK_CAP
2025-11-20 04:00:00+00:00,420770.KQ,KRLEVEL_RR|420770|2T|3320|3321|3322,TOTAL_RISK_CAP
2025-11-20 05:00:00+00:00,005490.KS,KRLEVEL_RR|005490|5T|3319|3321|3323,TOTAL_RISK_CAP
2025-11-20 05:00:00+00:00,034020.KS,KRLEVEL_RR|034020|2T|3320|3321|3323,TOTAL_RISK_CAP
2025-11-20 05:00:00+00:00,086900.KQ,KRLEVEL_RR|086900|3T|3321|3322|3323,TOTAL_RISK_CAP
2025-11-21 01:00:00+00:00,035420.KS,KRLEVEL_RR|035420|5T|3320|3324|3325,TOTAL_RISK_CAP
2025-11-21 02:00:00+00:00,214370.KQ,KRLEVEL_RR|214370|8T|3259|3265|3266,TOTAL_RISK_CAP
2025-11-24 03:00:00+00:00,009150.KS,KRLEVEL_RR|009150|3T|3331|3332|3333,TOTAL_RISK_CAP
2025-11-25 01:00:00+00:00,028260.KS,KRLEVEL_RR|028260|4T|3331|3335|3337,TOTAL_RISK_CAP
2025-11-25 03:00:00+00:00,015760.KS,KRLEVEL_RR|015760|2T|3337|3338|3339,TOTAL_RISK_CAP
2025-11-25 03:00:00+00:00,096530.KQ,KRLEVEL_RR|096530|3T|3337|3338|3339,TOTAL_RISK_CAP
2025-11-26 00:00:00+00:00,055550.KS,KRLEVEL_RR|055550|2T|3337|3341|3342,TOTAL_RISK_CAP
2025-11-26 01:00:00+00:00,009540.KS,KRLEVEL_RR|009540|2T|3339|3341|3343,TOTAL_RISK_CAP
2025-11-26 01:00:00+00:00,018260.KS,KRLEVEL_RR|018260|4T|3341|3342|3343,TOTAL_RISK_CAP
2025-11-26 01:00:00+00:00,028300.KQ,KRLEVEL_RR|028300|2T|3339|3342|3343,TOTAL_RISK_CAP
2025-11-26 01:00:00+00:00,035420.KS,KRLEVEL_RR|035420|3T|3341|3342|3343,TOTAL_RISK_CAP
2025-11-26 01:00:00+00:00,086790.KS,KRLEVEL_RR|086790|2T|3337|3342|3343,TOTAL_RISK_CAP
2025-11-26 02:00:00+00:00,078600.KQ,KRLEVEL_RR|078600|2T|3337|3343|3344,TOTAL_RISK_CAP
2025-11-26 03:00:00+00:00,000810.KS,KRLEVEL_RR|000810|3T|3343|3344|3345,TOTAL_RISK_CAP
2025-11-26 03:00:00+00:00,005490.KS,KRLEVEL_RR|005490|3T|3343|3344|3345,TOTAL_RISK_CAP
2025-11-26 03:00:00+00:00,009520.KQ,KRLEVEL_RR|009520|2T|3343|3344|3345,TOTAL_RISK_CAP
2025-11-26 04:00:00+00:00,012330.KS,KRLEVEL_RR|012330|2T|3343|3345|3346,TOTAL_RISK_CAP
2025-11-26 04:00:00+00:00,035720.KS,KRLEVEL_RR|035720|3T|3343|3344|3346,TOTAL_RISK_CAP
2025-11-26 04:00:00+00:00,365340.KQ,KRLEVEL_RR|365340|2T|3344|3345|3346,TOTAL_RISK_CAP
2025-11-26 05:00:00+00:00,281740.KQ,KRLEVEL_RR|281740|2T|3343|3346|3347,TOTAL_RISK_CAP
2025-11-27 00:00:00+00:00,017670.KS,KRLEVEL_RR|017670|2T|3345|3347|3348,TOTAL_RISK_CAP
2025-11-27 01:00:00+00:00,003670.KS,KRLEVEL_RR|003670|2T|3346|3347|3349,TOTAL_RISK_CAP
2025-11-27 01:00:00+00:00,034020.KS,KRLEVEL_RR|034020|2T|3345|3347|3349,TOTAL_RISK_CAP
2025-11-27 01:00:00+00:00,034730.KS,KRLEVEL_RR|034730|3T|3342|3347|3349,TOTAL_RISK_CAP
2025-11-27 01:00:00+00:00,047050.KS,KRLEVEL_RR|047050|6T|3347|3348|3349,TOTAL_RISK_CAP
2025-11-27 01:00:00+00:00,086900.KQ,KRLEVEL_RR|086900|3T|3343|3348|3349,TOTAL_RISK_CAP
2025-11-27 01:00:00+00:00,352820.KS,KRLEVEL_RR|352820|2T|3343|3347|3349,TOTAL_RISK_CAP
2025-11-27 01:00:00+00:00,393890.KQ,KRLEVEL_RR|393890|3T|3347|3348|3349,TOTAL_RISK_CAP
2025-11-27 03:00:00+00:00,041510.KQ,KRLEVEL_RR|041510|2T|3349|3350|3351,TOTAL_RISK_CAP
2025-11-27 05:00:00+00:00,033780.KS,KRLEVEL_RR|033780|2T|3349|3352|3353,TOTAL_RISK_CAP
2025-11-27 05:00:00+00:00,222800.KQ,KRLEVEL_RR|222800|5T|3348|3352|3353,TOTAL_RISK_CAP
2025-11-28 01:00:00+00:00,032830.KS,KRLEVEL_RR|032830|5T|3349|3354|3355,TOTAL_RISK_CAP
2025-11-28 01:00:00+00:00,101490.KQ,KRLEVEL_RR|101490|2T|3349|3353|3355,TOTAL_RISK_CAP
2025-11-28 01:00:00+00:00,140410.KQ,KRLEVEL_RR|140410|3T|3351|3353|3355,TOTAL_RISK_CAP
2025-11-28 01:00:00+00:00,372170.KQ,KRLEVEL_RR|372170|2T|3349|3354|3355,TOTAL_RISK_CAP
2025-11-28 04:00:00+00:00,028300.KQ,KRLEVEL_RR|028300|3T|3355|3357|3358,TOTAL_RISK_CAP
2025-11-28 04:00:00+00:00,064550.KQ,KRLEVEL_RR|064550|3T|3355|3356|3358,TOTAL_RISK_CAP
2025-11-28 04:00:00+00:00,068760.KQ,KRLEVEL_RR|068760|2T|3355|3357|3358,TOTAL_RISK_CAP
2025-11-28 04:00:00+00:00,336570.KQ,KRLEVEL_RR|336570|3T|3356|3357|3358,TOTAL_RISK_CAP
2025-11-28 04:00:00+00:00,348370.KQ,KRLEVEL_RR|348370|2T|3349|3351|3352,TOTAL_RISK_CAP
2025-11-28 04:00:00+00:00,420770.KQ,KRLEVEL_RR|420770|4T|3355|3357|3358,TOTAL_RISK_CAP
2025-11-28 05:00:00+00:00,105560.KS,KRLEVEL_RR|105560|2T|3356|3357|3359,TOTAL_RISK_CAP
2025-12-01 00:00:00+00:00,122870.KQ,KRLEVEL_RR|122870|3T|3355|3358|3360,TOTAL_RISK_CAP
2025-12-01 01:00:00+00:00,011200.KS,KRLEVEL_RR|011200|2T|3355|3359|3361,TOTAL_RISK_CAP
2025-12-01 01:00:00+00:00,096530.KQ,KRLEVEL_RR|096530|3T|3355|3359|3361,TOTAL_RISK_CAP
2025-12-01 01:00:00+00:00,121600.KQ,KRLEVEL_RR|121600|2T|3355|3359|3361,TOTAL_RISK_CAP
2025-12-01 01:00:00+00:00,140860.KQ,KRLEVEL_RR|140860|2T|3359|3360|3361,TOTAL_RISK_CAP
2025-12-01 02:00:00+00:00,067160.KQ,KRLEVEL_RR|067160|2T|3355|3361|3362,TOTAL_RISK_CAP
2025-12-01 03:00:00+00:00,357780.KQ,KRLEVEL_RR|357780|5T|3361|3362|3363,TOTAL_RISK_CAP
2025-12-01 05:00:00+00:00,000250.KQ,KRLEVEL_RR|000250|6T|3361|3364|3365,TOTAL_RISK_CAP
2025-12-02 01:00:00+00:00,000660.KS,KRLEVEL_RR|000660|2T|3364|3366|3367,TOTAL_RISK_CAP
2025-12-02 01:00:00+00:00,010950.KS,KRLEVEL_RR|010950|2T|3362|3366|3367,TOTAL_RISK_CAP
2025-12-02 01:00:00+00:00,018260.KS,KRLEVEL_RR|018260|3T|3362|3365|3367,TOTAL_RISK_CAP
2025-12-02 01:00:00+00:00,078600.KQ,KRLEVEL_RR|078600|3T|3362|3366|3367,TOTAL_RISK_CAP
2025-12-02 01:00:00+00:00,086790.KS,KRLEVEL_RR|086790|2T|3361|3365|3367,TOTAL_RISK_CAP
2025-12-02 01:00:00+00:00,086900.KQ,KRLEVEL_RR|086900|2T|3361|3366|3367,TOTAL_RISK_CAP
2025-12-02 01:00:00+00:00,112040.KQ,KRLEVEL_RR|112040|2T|3361|3366|3367,TOTAL_RISK_CAP
2025-12-02 01:00:00+00:00,225570.KQ,KRLEVEL_RR|225570|3T|3361|3365|3367,TOTAL_RISK_CAP
2025-12-02 01:00:00+00:00,393890.KQ,KRLEVEL_RR|393890|3T|3361|3365|3367,TOTAL_RISK_CAP
2025-12-02 02:00:00+00:00,005930.KS,KRLEVEL_RR|005930|4T|3362|3367|3368,TOTAL_RISK_CAP
2025-12-02 02:00:00+00:00,047050.KS,KRLEVEL_RR|047050|4T|3362|3367|3368,TOTAL_RISK_CAP
2025-12-02 02:00:00+00:00,086520.KQ,KRLEVEL_RR|086520|2T|3295|3301|3302,TOTAL_RISK_CAP
2025-12-02 03:00:00+00:00,033780.KS,KRLEVEL_RR|033780|3T|3367|3368|3369,TOTAL_RISK_CAP
2025-12-02 05:00:00+00:00,000270.KS,KRLEVEL_RR|000270|3T|3369|3370|3371,TOTAL_RISK_CAP
2025-12-02 05:00:00+00:00,012330.KS,KRLEVEL_RR|012330|3T|3368|3369|3371,TOTAL_RISK_CAP
2025-12-03 01:00:00+00:00,003490.KS,KRLEVEL_RR|003490|2T|3367|3371|3373,SAME_TICKER_OPEN
2025-12-03 01:00:00+00:00,009150.KS,KRLEVEL_RR|009150|2T|3368|3371|3373,TOTAL_RISK_CAP
2025-12-03 02:00:00+00:00,032830.KS,KRLEVEL_RR|032830|3T|3367|3372|3374,TOTAL_RISK_CAP
2025-12-03 02:00:00+00:00,066570.KS,KRLEVEL_RR|066570|2T|3371|3373|3374,TOTAL_RISK_CAP
2025-12-03 05:00:00+00:00,222800.KQ,KRLEVEL_RR|222800|3T|3374|3375|3377,TOTAL_RISK_CAP
2025-12-04 04:00:00+00:00,000250.KQ,KRLEVEL_RR|000250|2T|3376|3381|3382,TOTAL_RISK_CAP
2025-12-04 04:00:00+00:00,005380.KS,KRLEVEL_RR|005380|2T|3380|3381|3382,TOTAL_RISK_CAP
2025-12-04 04:00:00+00:00,018260.KS,KRLEVEL_RR|018260|4T|3379|3381|3382,TOTAL_RISK_CAP
2025-12-04 04:00:00+00:00,207940.KS,KRLEVEL_RR|207940|3T|3278|3280|3281,TOTAL_RISK_CAP
2025-12-05 01:00:00+00:00,000270.KS,KRLEVEL_RR|000270|3T|3382|3383|3385,TOTAL_RISK_CAP
2025-12-05 01:00:00+00:00,005930.KS,KRLEVEL_RR|005930|3T|3382|3383|3385,TOTAL_RISK_CAP
2025-12-05 03:00:00+00:00,011200.KS,KRLEVEL_RR|011200|3T|3379|3385|3387,TOTAL_RISK_CAP
2025-12-05 03:00:00+00:00,032830.KS,KRLEVEL_RR|032830|2T|3385|3386|3387,TOTAL_RISK_CAP
2025-12-05 04:00:00+00:00,010950.KS,KRLEVEL_RR|010950|3T|3382|3386|3388,TOTAL_RISK_CAP
2025-12-05 04:00:00+00:00,105560.KS,KRLEVEL_RR|105560|2T|3385|3386|3388,TOTAL_RISK_CAP
2025-12-08 00:00:00+00:00,009150.KS,KRLEVEL_RR|009150|3T|3388|3389|3390,TOTAL_RISK_CAP
2025-12-08 00:00:00+00:00,357780.KQ,KRLEVEL_RR|357780|2T|3387|3389|3390,TOTAL_RISK_CAP
2025-12-08 00:00:00+00:00,373220.KS,KRLEVEL_RR|373220|2T|3385|3388|3390,TOTAL_RISK_CAP
2025-12-08 01:00:00+00:00,035720.KS,KRLEVEL_RR|035720|4T|3389|3390|3391,SAME_TICKER_OPEN
2025-12-08 01:00:00+00:00,068760.KQ,KRLEVEL_RR|068760|2T|3388|3389|3391,TOTAL_RISK_CAP
2025-12-08 01:00:00+00:00,086520.KQ,KRLEVEL_RR|086520|3T|3319|3323|3325,TOTAL_RISK_CAP
2025-12-08 02:00:00+00:00,006400.KS,KRLEVEL_RR|006400|2T|3385|3391|3392,TOTAL_RISK_CAP
2025-12-08 02:00:00+00:00,078600.KQ,KRLEVEL_RR|078600|3T|3385|3391|3392,TOTAL_RISK_CAP
2025-12-08 03:00:00+00:00,329180.KS,KRLEVEL_RR|329180|3T|3390|3392|3393,TOTAL_RISK_CAP
2025-12-08 04:00:00+00:00,009540.KS,KRLEVEL_RR|009540|4T|3390|3392|3394,TOTAL_RISK_CAP
2025-12-08 04:00:00+00:00,042660.KS,KRLEVEL_RR|042660|2T|3391|3392|3394,TOTAL_RISK_CAP
2025-12-08 05:00:00+00:00,000660.KS,KRLEVEL_RR|000660|2T|3390|3393|3395,TOTAL_RISK_CAP
2025-12-08 05:00:00+00:00,003670.KS,KRLEVEL_RR|003670|2T|3392|3394|3395,TOTAL_RISK_CAP
2025-12-08 05:00:00+00:00,383310.KQ,KRLEVEL_RR|383310|2T|3392|3393|3395,TOTAL_RISK_CAP
2025-12-09 00:00:00+00:00,009520.KQ,KRLEVEL_RR|009520|4T|3392|3395|3396,TOTAL_RISK_CAP
2025-12-09 01:00:00+00:00,365340.KQ,KRLEVEL_RR|365340|2T|3393|3395|3397,TOTAL_RISK_CAP
2025-12-09 05:00:00+00:00,018260.KS,KRLEVEL_RR|018260|3T|3397|3400|3401,TOTAL_RISK_CAP
2025-12-10 00:00:00+00:00,015760.KS,KRLEVEL_RR|015760|2T|3398|3400|3402,TOTAL_RISK_CAP
2025-12-10 00:00:00+00:00,112040.KQ,KRLEVEL_RR|112040|6T|3399|3400|3402,TOTAL_RISK_CAP
2025-12-10 00:00:00+00:00,281740.KQ,KRLEVEL_RR|281740|2T|3397|3401|3402,TOTAL_RISK_CAP
2025-12-10 01:00:00+00:00,033780.KS,KRLEVEL_RR|033780|2T|3396|3401|3403,TOTAL_RISK_CAP
2025-12-10 01:00:00+00:00,039200.KQ,KRLEVEL_RR|039200|4T|3401|3402|3403,TOTAL_RISK_CAP
2025-12-10 01:00:00+00:00,352820.KS,KRLEVEL_RR|352820|3T|3398|3401|3403,TOTAL_RISK_CAP
2025-12-10 01:00:00+00:00,393890.KQ,KRLEVEL_RR|393890|5T|3396|3401|3403,TOTAL_RISK_CAP
2025-12-10 05:00:00+00:00,207940.KS,KRLEVEL_RR|207940|2T|3300|3305|3306,TOTAL_RISK_CAP
2025-12-11 04:00:00+00:00,067160.KQ,KRLEVEL_RR|067160|2T|3408|3411|3412,TOTAL_RISK_CAP
2025-12-12 01:00:00+00:00,009540.KS,KRLEVEL_RR|009540|3T|3412|3413|3415,TOTAL_RISK_CAP
2025-12-12 01:00:00+00:00,034020.KS,KRLEVEL_RR|034020|2T|3409|3414|3415,TOTAL_RISK_CAP
2025-12-12 01:00:00+00:00,328130.KQ,KRLEVEL_RR|328130|4T|3409|3414|3415,TOTAL_RISK_CAP
2025-12-12 02:00:00+00:00,105560.KS,KRLEVEL_RR|105560|3T|3409|3414|3416,TOTAL_RISK_CAP
2025-12-12 03:00:00+00:00,003550.KS,KRLEVEL_RR|003550|2T|3409|3415|3417,TOTAL_RISK_CAP
2025-12-12 03:00:00+00:00,277810.KQ,KRLEVEL_RR|277810|2T|3409|3415|3417,TOTAL_RISK_CAP
2025-12-12 05:00:00+00:00,011200.KS,KRLEVEL_RR|011200|2T|3417|3418|3419,TOTAL_RISK_CAP
2025-12-12 05:00:00+00:00,352820.KS,KRLEVEL_RR|352820|3T|3415|3417|3419,TOTAL_RISK_CAP
2025-12-15 00:00:00+00:00,003490.KS,KRLEVEL_RR|003490|4T|3415|3418|3420,TOTAL_RISK_CAP
2025-12-15 00:00:00+00:00,005490.KS,KRLEVEL_RR|005490|2T|3415|3418|3420,TOTAL_RISK_CAP
2025-12-15 00:00:00+00:00,009520.KQ,KRLEVEL_RR|009520|7T|3415|3419|3420,TOTAL_RISK_CAP
2025-12-15 00:00:00+00:00,253450.KQ,KRLEVEL_RR|253450|2T|3413|3419|3420,TOTAL_RISK_CAP
2025-12-15 00:00:00+00:00,329180.KS,KRLEVEL_RR|329180|2T|3416|3419|3420,TOTAL_RISK_CAP
2025-12-15 00:00:00+00:00,365340.KQ,KRLEVEL_RR|365340|3T|3415|3418|3420,TOTAL_RISK_CAP
2025-12-15 00:00:00+00:00,373220.KS,KRLEVEL_RR|373220|2T|3416|3419|3420,TOTAL_RISK_CAP
2025-12-15 01:00:00+00:00,015760.KS,KRLEVEL_RR|015760|2T|3415|3419|3421,TOTAL_RISK_CAP
2025-12-15 01:00:00+00:00,068270.KS,KRLEVEL_RR|068270|3T|3419|3420|3421,TOTAL_RISK_CAP
2025-12-15 01:00:00+00:00,068760.KQ,KRLEVEL_RR|068760|2T|3416|3419|3421,TOTAL_RISK_CAP
2025-12-15 02:00:00+00:00,207940.KS,KRLEVEL_RR|207940|3T|3319|3320|3321,TOTAL_RISK_CAP
2025-12-15 03:00:00+00:00,140410.KQ,KRLEVEL_RR|140410|7T|3421|3422|3423,TOTAL_RISK_CAP
2025-12-16 04:00:00+00:00,018260.KS,KRLEVEL_RR|018260|2T|3428|3429|3430,TOTAL_RISK_CAP
2025-12-16 05:00:00+00:00,122870.KQ,KRLEVEL_RR|122870|3T|3425|3430|3431,TOTAL_RISK_CAP
2025-12-17 04:00:00+00:00,352820.KS,KRLEVEL_RR|352820|4T|3430|3435|3436,TOTAL_RISK_CAP
2025-12-18 00:00:00+00:00,253450.KQ,KRLEVEL_RR|253450|3T|3431|3437|3438,TOTAL_RISK_CAP
2025-12-18 00:00:00+00:00,336570.KQ,KRLEVEL_RR|336570|2T|3431|3436|3438,TOTAL_RISK_CAP
2025-12-18 05:00:00+00:00,005930.KS,KRLEVEL_RR|005930|6T|3438|3442|3443,TOTAL_RISK_CAP
2025-12-19 00:00:00+00:00,000660.KS,KRLEVEL_RR|000660|2T|3439|3443|3444,TOTAL_RISK_CAP
2025-12-19 01:00:00+00:00,000250.KQ,KRLEVEL_RR|000250|4T|3443|3444|3445,TOTAL_RISK_CAP
2025-12-19 03:00:00+00:00,003490.KS,KRLEVEL_RR|003490|3T|3445|3446|3447,TOTAL_RISK_CAP
2025-12-19 04:00:00+00:00,005290.KQ,KRLEVEL_RR|005290|2T|3444|3447|3448,TOTAL_RISK_CAP
2025-12-19 04:00:00+00:00,032830.KS,KRLEVEL_RR|032830|6T|3445|3446|3448,TOTAL_RISK_CAP
2025-12-19 04:00:00+00:00,064550.KQ,KRLEVEL_RR|064550|7T|3446|3447|3448,TOTAL_RISK_CAP
2025-12-19 04:00:00+00:00,068760.KQ,KRLEVEL_RR|068760|2T|3443|3447|3448,TOTAL_RISK_CAP
2025-12-19 05:00:00+00:00,028300.KQ,KRLEVEL_RR|028300|2T|3443|3448|3449,TOTAL_RISK_CAP
2025-12-19 05:00:00+00:00,328130.KQ,KRLEVEL_RR|328130|4T|3446|3448|3449,TOTAL_RISK_CAP
2025-12-22 00:00:00+00:00,018260.KS,KRLEVEL_RR|018260|2T|3444|3449|3450,TOTAL_RISK_CAP
2025-12-22 01:00:00+00:00,034020.KS,KRLEVEL_RR|034020|2T|3448|3449|3451,TOTAL_RISK_CAP
2025-12-22 01:00:00+00:00,035420.KS,KRLEVEL_RR|035420|2T|3445|3449|3451,TOTAL_RISK_CAP
2025-12-22 01:00:00+00:00,067160.KQ,KRLEVEL_RR|067160|3T|3443|3449|3451,TOTAL_RISK_CAP
2025-12-22 01:00:00+00:00,096530.KQ,KRLEVEL_RR|096530|3T|3449|3450|3451,TOTAL_RISK_CAP
2025-12-22 01:00:00+00:00,105560.KS,KRLEVEL_RR|105560|4T|3445|3450|3451,TOTAL_RISK_CAP
2025-12-22 01:00:00+00:00,281740.KQ,KRLEVEL_RR|281740|4T|3449|3450|3451,TOTAL_RISK_CAP
2025-12-22 01:00:00+00:00,365340.KQ,KRLEVEL_RR|365340|2T|3449|3450|3451,TOTAL_RISK_CAP
2025-12-22 02:00:00+00:00,066570.KS,KRLEVEL_RR|066570|2T|3445|3450|3452,TOTAL_RISK_CAP
2025-12-22 02:00:00+00:00,086520.KQ,KRLEVEL_RR|086520|2T|3382|3385|3386,TOTAL_RISK_CAP
2025-12-22 02:00:00+00:00,357780.KQ,KRLEVEL_RR|357780|2T|3449|3450|3452,TOTAL_RISK_CAP
2025-12-22 03:00:00+00:00,086790.KS,KRLEVEL_RR|086790|4T|3451|3452|3453,TOTAL_RISK_CAP
2025-12-22 03:00:00+00:00,277810.KQ,KRLEVEL_RR|277810|2T|3451|3452|3453,TOTAL_RISK_CAP
2025-12-22 04:00:00+00:00,009520.KQ,KRLEVEL_RR|009520|2T|3452|3453|3454,TOTAL_RISK_CAP
2025-12-22 04:00:00+00:00,086900.KQ,KRLEVEL_RR|086900|6T|3452|3453|3454,TOTAL_RISK_CAP
2025-12-22 05:00:00+00:00,000810.KS,KRLEVEL_RR|000810|3T|3452|3454|3455,TOTAL_RISK_CAP
2025-12-23 00:00:00+00:00,034730.KS,KRLEVEL_RR|034730|3T|3451|3454|3456,TOTAL_RISK_CAP
2025-12-23 01:00:00+00:00,005930.KS,KRLEVEL_RR|005930|2T|3455|3456|3457,TOTAL_RISK_CAP
2025-12-23 01:00:00+00:00,101490.KQ,KRLEVEL_RR|101490|3T|3452|3456|3457,TOTAL_RISK_CAP
2025-12-23 01:00:00+00:00,122870.KQ,KRLEVEL_RR|122870|3T|3451|3455|3457,TOTAL_RISK_CAP
2025-12-23 05:00:00+00:00,042660.KS,KRLEVEL_RR|042660|2T|3459|3460|3461,TOTAL_RISK_CAP
2025-12-23 05:00:00+00:00,329180.KS,KRLEVEL_RR|329180|2T|3459|3460|3461,TOTAL_RISK_CAP
2025-12-24 00:00:00+00:00,403870.KQ,KRLEVEL_RR|403870|4T|3457|3461|3462,TOTAL_RISK_CAP
2025-12-24 01:00:00+00:00,012330.KS,KRLEVEL_RR|012330|2T|3458|3461|3463,TOTAL_RISK_CAP
2025-12-24 01:00:00+00:00,140860.KQ,KRLEVEL_RR|140860|2T|3457|3461|3463,TOTAL_RISK_CAP
2025-12-24 01:00:00+00:00,323410.KS,KRLEVEL_RR|323410|4T|3456|3461|3463,TOTAL_RISK_CAP
2025-12-24 05:00:00+00:00,003490.KS,KRLEVEL_RR|003490|2T|3465|3466|3467,TOTAL_RISK_CAP
2025-12-26 00:00:00+00:00,365340.KQ,KRLEVEL_RR|365340|7T|3462|3466|3468,TOTAL_RISK_CAP
2025-12-26 04:00:00+00:00,140410.KQ,KRLEVEL_RR|140410|4T|3470|3471|3472,TOTAL_RISK_CAP
2025-12-29 03:00:00+00:00,403870.KQ,KRLEVEL_RR|403870|6T|3474|3475|3477,TOTAL_RISK_CAP
2025-12-29 04:00:00+00:00,039200.KQ,KRLEVEL_RR|039200|2T|3476|3477|3478,TOTAL_RISK_CAP
2025-12-29 05:00:00+00:00,005490.KS,KRLEVEL_RR|005490|4T|3475|3477|3479,TOTAL_RISK_CAP
2025-12-29 05:00:00+00:00,112040.KQ,KRLEVEL_RR|112040|2T|3477|3478|3479,TOTAL_RISK_CAP
2025-12-29 05:00:00+00:00,214370.KQ,KRLEVEL_RR|214370|4T|3415|3417|3419,TOTAL_RISK_CAP
2025-12-30 01:00:00+00:00,086900.KQ,KRLEVEL_RR|086900|2T|3479|3480|3481,TOTAL_RISK_CAP
2025-12-30 03:00:00+00:00,035420.KS,KRLEVEL_RR|035420|3T|3475|3481|3483,TOTAL_RISK_CAP
2025-12-30 03:00:00+00:00,086790.KS,KRLEVEL_RR|086790|7T|3476|3481|3483,TOTAL_RISK_CAP
2025-12-30 03:00:00+00:00,105560.KS,KRLEVEL_RR|105560|3T|3479|3481|3483,TOTAL_RISK_CAP
2025-12-30 03:00:00+00:00,336570.KQ,KRLEVEL_RR|336570|3T|3481|3482|3483,TOTAL_RISK_CAP
2025-12-30 04:00:00+00:00,012330.KS,KRLEVEL_RR|012330|2T|3481|3483|3484,TOTAL_RISK_CAP
2025-12-30 04:00:00+00:00,352820.KS,KRLEVEL_RR|352820|2T|3482|3483|3484,TOTAL_RISK_CAP
2025-12-30 04:00:00+00:00,357780.KQ,KRLEVEL_RR|357780|2T|3479|3483|3484,TOTAL_RISK_CAP
2025-12-30 05:00:00+00:00,000250.KQ,KRLEVEL_RR|000250|2T|3479|3483|3485,TOTAL_RISK_CAP
2025-12-30 05:00:00+00:00,101490.KQ,KRLEVEL_RR|101490|3T|3481|3484|3485,TOTAL_RISK_CAP
2025-12-30 05:00:00+00:00,253450.KQ,KRLEVEL_RR|253450|3T|3482|3484|3485,TOTAL_RISK_CAP
2026-01-02 02:00:00+00:00,095340.KQ,KRLEVEL_RR|095340|5T|3481|3485|3487,TOTAL_RISK_CAP
2026-01-05 01:00:00+00:00,028260.KS,KRLEVEL_RR|028260|4T|3490|3491|3492,TOTAL_RISK_CAP
2026-01-05 01:00:00+00:00,034730.KS,KRLEVEL_RR|034730|3T|3484|3490|3492,TOTAL_RISK_CAP
2026-01-05 01:00:00+00:00,042660.KS,KRLEVEL_RR|042660|2T|3490|3491|3492,TOTAL_RISK_CAP
2026-01-05 01:00:00+00:00,222800.KQ,KRLEVEL_RR|222800|3T|3487|3491|3492,TOTAL_RISK_CAP
2026-01-05 01:00:00+00:00,323410.KS,KRLEVEL_RR|323410|4T|3488|3490|3492,TOTAL_RISK_CAP
2026-01-05 02:00:00+00:00,018260.KS,KRLEVEL_RR|018260|6T|3489|3491|3493,TOTAL_RISK_CAP
2026-01-05 03:00:00+00:00,068760.KQ,KRLEVEL_RR|068760|2T|3487|3492|3494,TOTAL_RISK_CAP
2026-01-05 03:00:00+00:00,140410.KQ,KRLEVEL_RR|140410|3T|3487|3492|3494,TOTAL_RISK_CAP
2026-01-05 03:00:00+00:00,281740.KQ,KRLEVEL_RR|281740|5T|3492|3493|3494,TOTAL_RISK_CAP
2026-01-05 04:00:00+00:00,032830.KS,KRLEVEL_RR|032830|2T|3491|3493|3495,TOTAL_RISK_CAP
2026-01-06 00:00:00+00:00,039200.KQ,KRLEVEL_RR|039200|2T|3492|3495|3497,TOTAL_RISK_CAP
2026-01-06 00:00:00+00:00,420770.KQ,KRLEVEL_RR|420770|3T|3493|3496|3497,TOTAL_RISK_CAP
2026-01-06 01:00:00+00:00,000270.KS,KRLEVEL_RR|000270|6T|3492|3497|3498,TOTAL_RISK_CAP
2026-01-06 01:00:00+00:00,010950.KS,KRLEVEL_RR|010950|3T|3494|3496|3498,TOTAL_RISK_CAP
2026-01-06 01:00:00+00:00,055550.KS,KRLEVEL_RR|055550|6T|3496|3497|3498,TOTAL_RISK_CAP
2026-01-06 01:00:00+00:00,140860.KQ,KRLEVEL_RR|140860|3T|3492|3496|3498,TOTAL_RISK_CAP
2026-01-06 01:00:00+00:00,328130.KQ,KRLEVEL_RR|328130|2T|3493|3496|3498,TOTAL_RISK_CAP
2026-01-06 01:00:00+00:00,348370.KQ,KRLEVEL_RR|348370|2T|3486|3490|3492,TOTAL_RISK_CAP
2026-01-06 04:00:00+00:00,095340.KQ,KRLEVEL_RR|095340|3T|3499|3500|3501,TOTAL_RISK_CAP
2026-01-06 05:00:00+00:00,086790.KS,KRLEVEL_RR|086790|2T|3496|3500|3502,TOTAL_RISK_CAP
2026-01-07 01:00:00+00:00,009150.KS,KRLEVEL_RR|009150|2T|3501|3502|3504,TOTAL_RISK_CAP
2026-01-07 01:00:00+00:00,086520.KQ,KRLEVEL_RR|086520|2T|3432|3436|3438,TOTAL_RISK_CAP
2026-01-07 02:00:00+00:00,012330.KS,KRLEVEL_RR|012330|5T|3498|3504|3505,TOTAL_RISK_CAP
2026-01-08 00:00:00+00:00,009520.KQ,KRLEVEL_RR|009520|2T|3504|3508|3509,TOTAL_RISK_CAP
2026-01-08 01:00:00+00:00,005290.KQ,KRLEVEL_RR|005290|2T|3504|3508|3510,SAME_TICKER_OPEN
2026-01-08 01:00:00+00:00,101490.KQ,KRLEVEL_RR|101490|2T|3506|3509|3510,TOTAL_RISK_CAP
2026-01-08 01:00:00+00:00,329180.KS,KRLEVEL_RR|329180|3T|3508|3509|3510,TOTAL_RISK_CAP
2026-01-08 01:00:00+00:00,357780.KQ,KRLEVEL_RR|357780|4T|3504|3508|3510,TOTAL_RISK_CAP
2026-01-08 01:00:00+00:00,365340.KQ,KRLEVEL_RR|365340|2T|3505|3509|3510,TOTAL_RISK_CAP
2026-01-08 03:00:00+00:00,214370.KQ,KRLEVEL_RR|214370|6T|3446|3451|3452,TOTAL_RISK_CAP
2026-01-08 03:00:00+00:00,352820.KS,KRLEVEL_RR|352820|2T|3508|3510|3512,TOTAL_RISK_CAP
2026-01-08 05:00:00+00:00,253450.KQ,KRLEVEL_RR|253450|2T|3508|3512|3514,TOTAL_RISK_CAP
2026-01-08 05:00:00+00:00,328130.KQ,KRLEVEL_RR|328130|3T|3510|3512|3514,TOTAL_RISK_CAP
2026-01-09 00:00:00+00:00,420770.KQ,KRLEVEL_RR|420770|4T|3510|3513|3515,TOTAL_RISK_CAP
2026-01-09 01:00:00+00:00,010950.KS,KRLEVEL_RR|010950|6T|3510|3514|3516,TOTAL_RISK_CAP
2026-01-09 02:00:00+00:00,034730.KS,KRLEVEL_RR|034730|2T|3514|3516|3517,TOTAL_RISK_CAP
2026-01-09 03:00:00+00:00,095340.KQ,KRLEVEL_RR|095340|5T|3513|3516|3518,TOTAL_RISK_CAP
2026-01-12 00:00:00+00:00,112040.KQ,KRLEVEL_RR|112040|3T|3519|3520|3521,TOTAL_RISK_CAP
2026-01-12 01:00:00+00:00,000250.KQ,KRLEVEL_RR|000250|3T|3520|3521|3522,TOTAL_RISK_CAP
2026-01-12 01:00:00+00:00,015760.KS,KRLEVEL_RR|015760|3T|3516|3520|3522,TOTAL_RISK_CAP
2026-01-12 01:00:00+00:00,281740.KQ,KRLEVEL_RR|281740|2T|3514|3520|3522,TOTAL_RISK_CAP
2026-01-12 02:00:00+00:00,042660.KS,KRLEVEL_RR|042660|2T|3521|3522|3523,SAME_TICKER_OPEN
2026-01-12 03:00:00+00:00,009540.KS,KRLEVEL_RR|009540|4T|3516|3522|3524,TOTAL_RISK_CAP
2026-01-12 03:00:00+00:00,018260.KS,KRLEVEL_RR|018260|4T|3522|3523|3524,TOTAL_RISK_CAP
2026-01-12 03:00:00+00:00,086520.KQ,KRLEVEL_RR|086520|2T|3456|3457|3458,TOTAL_RISK_CAP
2026-01-12 04:00:00+00:00,068270.KS,KRLEVEL_RR|068270|3T|3521|3524|3525,TOTAL_RISK_CAP
2026-01-12 04:00:00+00:00,365340.KQ,KRLEVEL_RR|365340|3T|3523|3524|3525,TOTAL_RISK_CAP
2026-01-13 01:00:00+00:00,033780.KS,KRLEVEL_RR|033780|3T|3523|3525|3527,TOTAL_RISK_CAP
2026-01-13 02:00:00+00:00,003670.KS,KRLEVEL_RR|003670|2T|3524|3526|3528,TOTAL_RISK_CAP
2026-01-13 02:00:00+00:00,005380.KS,KRLEVEL_RR|005380|2T|3521|3527|3528,TOTAL_RISK_CAP
2026-01-13 02:00:00+00:00,005490.KS,KRLEVEL_RR|005490|6T|3523|3526|3528,TOTAL_RISK_CAP
2026-01-13 02:00:00+00:00,009150.KS,KRLEVEL_RR|009150|5T|3522|3527|3528,TOTAL_RISK_CAP
2026-01-13 02:00:00+00:00,009520.KQ,KRLEVEL_RR|009520|3T|3523|3527|3528,TOTAL_RISK_CAP
2026-01-13 02:00:00+00:00,066570.KS,KRLEVEL_RR|066570|2T|3525|3526|3528,TOTAL_RISK_CAP
2026-01-13 02:00:00+00:00,105560.KS,KRLEVEL_RR|105560|6T|3523|3527|3528,TOTAL_RISK_CAP
2026-01-13 04:00:00+00:00,393890.KQ,KRLEVEL_RR|393890|4T|3528|3529|3530,TOTAL_RISK_CAP
2026-01-13 05:00:00+00:00,035720.KS,KRLEVEL_RR|035720|2T|3526|3530|3531,TOTAL_RISK_CAP
2026-01-13 05:00:00+00:00,225570.KQ,KRLEVEL_RR|225570|4T|3525|3530|3531,TOTAL_RISK_CAP
2026-01-13 05:00:00+00:00,348370.KQ,KRLEVEL_RR|348370|2T|3522|3523|3525,TOTAL_RISK_CAP
2026-01-14 00:00:00+00:00,121600.KQ,KRLEVEL_RR|121600|2T|3530|3531|3532,TOTAL_RISK_CAP
2026-01-14 02:00:00+00:00,017670.KS,KRLEVEL_RR|017670|4T|3528|3532|3534,TOTAL_RISK_CAP
2026-01-14 02:00:00+00:00,028260.KS,KRLEVEL_RR|028260|3T|3532|3533|3534,TOTAL_RISK_CAP
2026-01-14 02:00:00+00:00,032830.KS,KRLEVEL_RR|032830|4T|3528|3532|3534,TOTAL_RISK_CAP
2026-01-14 02:00:00+00:00,055550.KS,KRLEVEL_RR|055550|6T|3532|3533|3534,TOTAL_RISK_CAP
2026-01-14 03:00:00+00:00,140860.KQ,KRLEVEL_RR|140860|3T|3533|3534|3535,TOTAL_RISK_CAP
2026-01-14 03:00:00+00:00,336570.KQ,KRLEVEL_RR|336570|3T|3533|3534|3535,TOTAL_RISK_CAP
2026-01-14 04:00:00+00:00,005290.KQ,KRLEVEL_RR|005290|3T|3533|3535|3536,TOTAL_RISK_CAP
2026-01-14 04:00:00+00:00,034730.KS,KRLEVEL_RR|034730|2T|3534|3535|3536,TOTAL_RISK_CAP
2026-01-14 04:00:00+00:00,096770.KS,KRLEVEL_RR|096770|2T|3529|3535|3536,TOTAL_RISK_CAP
2026-01-14 04:00:00+00:00,222800.KQ,KRLEVEL_RR|222800|2T|3532|3535|3536,TOTAL_RISK_CAP
2026-01-14 04:00:00+00:00,253450.KQ,KRLEVEL_RR|253450|2T|3534|3535|3536,TOTAL_RISK_CAP
2026-01-14 05:00:00+00:00,003490.KS,KRLEVEL_RR|003490|4T|3535|3536|3537,TOTAL_RISK_CAP
2026-01-14 05:00:00+00:00,047050.KS,KRLEVEL_RR|047050|6T|3532|3536|3537,TOTAL_RISK_CAP
2026-01-15 01:00:00+00:00,010950.KS,KRLEVEL_RR|010950|2T|3537|3538|3539,TOTAL_RISK_CAP
2026-01-15 02:00:00+00:00,067160.KQ,KRLEVEL_RR|067160|2T|3535|3539|3540,TOTAL_RISK_CAP
2026-01-15 04:00:00+00:00,005930.KS,KRLEVEL_RR|005930|2T|3539|3541|3542,TOTAL_RISK_CAP
2026-01-15 04:00:00+00:00,010130.KS,KRLEVEL_RR|010130|2T|3539|3540|3542,TOTAL_RISK_CAP
2026-01-15 04:00:00+00:00,122870.KQ,KRLEVEL_RR|122870|3T|3540|3541|3542,TOTAL_RISK_CAP
2026-01-15 04:00:00+00:00,365340.KQ,KRLEVEL_RR|365340|3T|3537|3541|3542,TOTAL_RISK_CAP
2026-01-15 05:00:00+00:00,051910.KS,KRLEVEL_RR|051910|2T|3539|3541|3543,TOTAL_RISK_CAP
2026-01-15 05:00:00+00:00,066570.KS,KRLEVEL_RR|066570|2T|3539|3541|3543,TOTAL_RISK_CAP
2026-01-16 00:00:00+00:00,403870.KQ,KRLEVEL_RR|403870|2T|3539|3542|3544,TOTAL_RISK_CAP
2026-01-16 02:00:00+00:00,328130.KQ,KRLEVEL_RR|328130|2T|3543|3544|3546,TOTAL_RISK_CAP
2026-01-16 02:00:00+00:00,357780.KQ,KRLEVEL_RR|357780|3T|3544|3546|3547,TOTAL_RISK_CAP
2026-01-16 03:00:00+00:00,009540.KS,KRLEVEL_RR|009540|3T|3541|3546|3547,TOTAL_RISK_CAP
2026-01-16 03:00:00+00:00,015760.KS,KRLEVEL_RR|015760|3T|3545|3546|3547,TOTAL_RISK_CAP
2026-01-16 03:00:00+00:00,393890.KQ,KRLEVEL_RR|393890|2T|3544|3546|3547,TOTAL_RISK_CAP
2026-01-16 03:00:00+00:00,420770.KQ,KRLEVEL_RR|420770|2T|3544|3545|3547,TOTAL_RISK_CAP
2026-01-16 04:00:00+00:00,086900.KQ,KRLEVEL_RR|086900|2T|3546|3547|3548,TOTAL_RISK_CAP
2026-01-19 03:00:00+00:00,006400.KS,KRLEVEL_RR|006400|2T|3551|3552|3553,SAME_TICKER_OPEN
2026-01-19 04:00:00+00:00,000250.KQ,KRLEVEL_RR|000250|4T|3550|3553|3554,TOTAL_RISK_CAP
2026-01-19 04:00:00+00:00,010950.KS,KRLEVEL_RR|010950|2T|3551|3553|3554,TOTAL_RISK_CAP
2026-01-19 05:00:00+00:00,032830.KS,KRLEVEL_RR|032830|3T|3553|3554|3555,TOTAL_RISK_CAP
2026-01-19 05:00:00+00:00,033780.KS,KRLEVEL_RR|033780|5T|3551|3554|3555,TOTAL_RISK_CAP
2026-01-19 05:00:00+00:00,281740.KQ,KRLEVEL_RR|281740|3T|3553|3554|3555,TOTAL_RISK_CAP
2026-01-19 05:00:00+00:00,329180.KS,KRLEVEL_RR|329180|3T|3553|3554|3555,TOTAL_RISK_CAP
2026-01-20 01:00:00+00:00,035420.KS,KRLEVEL_RR|035420|3T|3555|3556|3557,TOTAL_RISK_CAP
2026-01-20 01:00:00+00:00,051910.KS,KRLEVEL_RR|051910|2T|3555|3556|3557,TOTAL_RISK_CAP
2026-01-20 01:00:00+00:00,078600.KQ,KRLEVEL_RR|078600|2T|3555|3556|3557,TOTAL_RISK_CAP
2026-01-20 01:00:00+00:00,086520.KQ,KRLEVEL_RR|086520|4T|3489|3490|3491,TOTAL_RISK_CAP
2026-01-20 01:00:00+00:00,373220.KS,KRLEVEL_RR|373220|2T|3555|3556|3557,TOTAL_RISK_CAP
2026-01-20 01:00:00+00:00,383310.KQ,KRLEVEL_RR|383310|2T|3555|3556|3557,TOTAL_RISK_CAP
2026-01-20 02:00:00+00:00,214370.KQ,KRLEVEL_RR|214370|5T|3491|3497|3498,TOTAL_RISK_CAP
2026-01-20 03:00:00+00:00,011200.KS,KRLEVEL_RR|011200|2T|3557|3558|3559,TOTAL_RISK_CAP
2026-01-20 03:00:00+00:00,055550.KS,KRLEVEL_RR|055550|8T|3552|3557|3559,TOTAL_RISK_CAP
2026-01-20 03:00:00+00:00,357780.KQ,KRLEVEL_RR|357780|2T|3558|3559|3560,TOTAL_RISK_CAP
2026-01-20 03:00:00+00:00,372170.KQ,KRLEVEL_RR|372170|3T|3557|3558|3559,TOTAL_RISK_CAP
2026-01-20 04:00:00+00:00,009150.KS,KRLEVEL_RR|009150|2T|3558|3559|3560,TOTAL_RISK_CAP
2026-01-21 00:00:00+00:00,005490.KS,KRLEVEL_RR|005490|2T|3560|3561|3562,TOTAL_RISK_CAP
2026-01-21 00:00:00+00:00,096530.KQ,KRLEVEL_RR|096530|3T|3558|3561|3562,TOTAL_RISK_CAP
2026-01-21 00:00:00+00:00,336570.KQ,KRLEVEL_RR|336570|4T|3558|3560|3562,TOTAL_RISK_CAP
2026-01-21 01:00:00+00:00,012330.KS,KRLEVEL_RR|012330|2T|3556|3561|3563,TOTAL_RISK_CAP
2026-01-21 02:00:00+00:00,140410.KQ,KRLEVEL_RR|140410|4T|3557|3563|3564,TOTAL_RISK_CAP
2026-01-22 00:00:00+00:00,003670.KS,KRLEVEL_RR|003670|3T|3564|3567|3568,TOTAL_RISK_CAP
2026-01-22 01:00:00+00:00,018260.KS,KRLEVEL_RR|018260|5T|3566|3567|3569,TOTAL_RISK_CAP
2026-01-22 01:00:00+00:00,281740.KQ,KRLEVEL_RR|281740|2T|3567|3568|3569,TOTAL_RISK_CAP
2026-01-22 01:00:00+00:00,393890.KQ,KRLEVEL_RR|393890|3T|3561|3567|3569,TOTAL_RISK_CAP
2026-01-22 02:00:00+00:00,112040.KQ,KRLEVEL_RR|112040|2T|3568|3569|3570,TOTAL_RISK_CAP
2026-01-22 03:00:00+00:00,222800.KQ,KRLEVEL_RR|222800|2T|3569|3570|3571,TOTAL_RISK_CAP
2026-01-22 05:00:00+00:00,005290.KQ,KRLEVEL_RR|005290|2T|3568|3571|3573,TOTAL_RISK_CAP
2026-01-22 05:00:00+00:00,033780.KS,KRLEVEL_RR|033780|5T|3568|3572|3573,TOTAL_RISK_CAP
2026-01-22 05:00:00+00:00,372170.KQ,KRLEVEL_RR|372170|2T|3570|3571|3573,TOTAL_RISK_CAP
2026-01-23 00:00:00+00:00,000250.KQ,KRLEVEL_RR|000250|2T|3572|3573|3574,TOTAL_RISK_CAP
2026-01-23 00:00:00+00:00,096770.KS,KRLEVEL_RR|096770|2T|3570|3573|3574,TOTAL_RISK_CAP
2026-01-23 00:00:00+00:00,121600.KQ,KRLEVEL_RR|121600|3T|3570|3572|3574,TOTAL_RISK_CAP
2026-01-23 00:00:00+00:00,140860.KQ,KRLEVEL_RR|140860|3T|3568|3572|3574,TOTAL_RISK_CAP
2026-01-23 00:00:00+00:00,383310.KQ,KRLEVEL_RR|383310|2T|3569|3572|3574,TOTAL_RISK_CAP
2026-01-23 01:00:00+00:00,028300.KQ,KRLEVEL_RR|028300|2T|3572|3573|3575,TOTAL_RISK_CAP
2026-01-23 01:00:00+00:00,032830.KS,KRLEVEL_RR|032830|3T|3570|3574|3575,TOTAL_RISK_CAP
2026-01-23 01:00:00+00:00,035420.KS,KRLEVEL_RR|035420|3T|3569|3573|3575,TOTAL_RISK_CAP
2026-01-23 01:00:00+00:00,035720.KS,KRLEVEL_RR|035720|3T|3571|3573|3575,TOTAL_RISK_CAP
2026-01-23 01:00:00+00:00,051910.KS,KRLEVEL_RR|051910|2T|3569|3573|3575,TOTAL_RISK_CAP
2026-01-23 01:00:00+00:00,068760.KQ,KRLEVEL_RR|068760|2T|3569|3574|3575,TOTAL_RISK_CAP
2026-01-23 01:00:00+00:00,214370.KQ,KRLEVEL_RR|214370|2T|3509|3514|3515,TOTAL_RISK_CAP
2026-01-23 02:00:00+00:00,328130.KQ,KRLEVEL_RR|328130|3T|3569|3574|3576,TOTAL_RISK_CAP
2026-01-23 03:00:00+00:00,086900.KQ,KRLEVEL_RR|086900|3T|3572|3575|3577,TOTAL_RISK_CAP
2026-01-23 04:00:00+00:00,009540.KS,KRLEVEL_RR|009540|6T|3575|3576|3578,TOTAL_RISK_CAP
2026-01-23 04:00:00+00:00,055550.KS,KRLEVEL_RR|055550|3T|3575|3577|3578,TOTAL_RISK_CAP
2026-01-23 04:00:00+00:00,064550.KQ,KRLEVEL_RR|064550|2T|3576|3577|3578,TOTAL_RISK_CAP
2026-01-23 04:00:00+00:00,348370.KQ,KRLEVEL_RR|348370|3T|3567|3571|3572,TOTAL_RISK_CAP
2026-01-26 00:00:00+00:00,078600.KQ,KRLEVEL_RR|078600|5T|3577|3578|3580,TOTAL_RISK_CAP
2026-01-26 00:00:00+00:00,096530.KQ,KRLEVEL_RR|096530|5T|3577|3578|3580,TOTAL_RISK_CAP
2026-01-26 01:00:00+00:00,012330.KS,KRLEVEL_RR|012330|2T|3575|3579|3581,TOTAL_RISK_CAP
2026-01-26 01:00:00+00:00,067160.KQ,KRLEVEL_RR|067160|3T|3577|3580|3581,TOTAL_RISK_CAP
2026-01-26 02:00:00+00:00,068270.KS,KRLEVEL_RR|068270|3T|3579|3580|3582,TOTAL_RISK_CAP
2026-01-26 02:00:00+00:00,277810.KQ,KRLEVEL_RR|277810|2T|3578|3581|3582,TOTAL_RISK_CAP
2026-01-26 04:00:00+00:00,095340.KQ,KRLEVEL_RR|095340|6T|3582|3583|3584,SAME_TICKER_OPEN
2026-01-26 04:00:00+00:00,101490.KQ,KRLEVEL_RR|101490|2T|3582|3583|3584,TOTAL_RISK_CAP
2026-01-26 04:00:00+00:00,112040.KQ,KRLEVEL_RR|112040|2T|3582|3583|3584,TOTAL_RISK_CAP
2026-01-26 04:00:00+00:00,225570.KQ,KRLEVEL_RR|225570|2T|3582|3583|3584,TOTAL_RISK_CAP
2026-01-26 04:00:00+00:00,393890.KQ,KRLEVEL_RR|393890|5T|3581|3583|3584,TOTAL_RISK_CAP
2026-01-26 04:00:00+00:00,403870.KQ,KRLEVEL_RR|403870|3T|3582|3583|3584,TOTAL_RISK_CAP
2026-01-27 00:00:00+00:00,003670.KS,KRLEVEL_RR|003670|3T|3584|3585|3586,TOTAL_RISK_CAP
2026-01-27 00:00:00+00:00,041510.KQ,KRLEVEL_RR|041510|2T|3582|3584|3586,TOTAL_RISK_CAP
2026-01-27 00:00:00+00:00,372170.KQ,KRLEVEL_RR|372170|2T|3584|3585|3586,TOTAL_RISK_CAP
2026-01-27 01:00:00+00:00,253450.KQ,KRLEVEL_RR|253450|3T|3582|3585|3587,TOTAL_RISK_CAP
2026-01-27 01:00:00+00:00,383310.KQ,KRLEVEL_RR|383310|2T|3585|3586|3587,TOTAL_RISK_CAP
2026-01-27 03:00:00+00:00,033780.KS,KRLEVEL_RR|033780|2T|3587|3588|3589,TOTAL_RISK_CAP
2026-01-27 04:00:00+00:00,009150.KS,KRLEVEL_RR|009150|5T|3585|3589|3590,TOTAL_RISK_CAP
2026-01-27 04:00:00+00:00,336570.KQ,KRLEVEL_RR|336570|2T|3585|3589|3590,TOTAL_RISK_CAP
2026-01-27 05:00:00+00:00,005930.KS,KRLEVEL_RR|005930|3T|3589|3590|3591,TOTAL_RISK_CAP
2026-01-28 01:00:00+00:00,005490.KS,KRLEVEL_RR|005490|2T|3591|3592|3593,TOTAL_RISK_CAP
2026-01-28 01:00:00+00:00,006400.KS,KRLEVEL_RR|006400|2T|3591|3592|3593,TOTAL_RISK_CAP
2026-01-28 01:00:00+00:00,064550.KQ,KRLEVEL_RR|064550|2T|3590|3592|3593,TOTAL_RISK_CAP
2026-01-28 01:00:00+00:00,078600.KQ,KRLEVEL_RR|078600|5T|3591|3592|3593,TOTAL_RISK_CAP
2026-01-28 01:00:00+00:00,222800.KQ,KRLEVEL_RR|222800|2T|3586|3591|3593,TOTAL_RISK_CAP
2026-01-28 02:00:00+00:00,122870.KQ,KRLEVEL_RR|122870|2T|3590|3593|3594,TOTAL_RISK_CAP
2026-01-28 03:00:00+00:00,009520.KQ,KRLEVEL_RR|009520|2T|3593|3594|3595,TOTAL_RISK_CAP
2026-01-28 03:00:00+00:00,348370.KQ,KRLEVEL_RR|348370|4T|3587|3588|3589,TOTAL_RISK_CAP
2026-01-28 04:00:00+00:00,067160.KQ,KRLEVEL_RR|067160|4T|3593|3594|3596,TOTAL_RISK_CAP
2026-01-29 00:00:00+00:00,373220.KS,KRLEVEL_RR|373220|2T|3593|3596|3598,TOTAL_RISK_CAP
2026-01-29 01:00:00+00:00,034730.KS,KRLEVEL_RR|034730|2T|3597|3598|3599,TOTAL_RISK_CAP
2026-01-29 04:00:00+00:00,012330.KS,KRLEVEL_RR|012330|2T|3599|3601|3602,TOTAL_RISK_CAP
2026-01-29 04:00:00+00:00,033780.KS,KRLEVEL_RR|033780|4T|3600|3601|3602,TOTAL_RISK_CAP
2026-01-29 04:00:00+00:00,096770.KS,KRLEVEL_RR|096770|2T|3600|3601|3602,TOTAL_RISK_CAP
2026-01-29 04:00:00+00:00,225570.KQ,KRLEVEL_RR|225570|3T|3600|3601|3602,TOTAL_RISK_CAP
2026-01-29 04:00:00+00:00,253450.KQ,KRLEVEL_RR|253450|2T|3599|3600|3602,TOTAL_RISK_CAP
2026-01-30 00:00:00+00:00,000810.KS,KRLEVEL_RR|000810|3T|3602|3603|3604,TOTAL_RISK_CAP
2026-01-30 00:00:00+00:00,005380.KS,KRLEVEL_RR|005380|2T|3599|3603|3604,TOTAL_RISK_CAP
2026-01-30 00:00:00+00:00,051910.KS,KRLEVEL_RR|051910|2T|3602|3603|3604,TOTAL_RISK_CAP
2026-01-30 00:00:00+00:00,329180.KS,KRLEVEL_RR|329180|2T|3596|3602|3604,TOTAL_RISK_CAP
2026-01-30 01:00:00+00:00,365340.KQ,KRLEVEL_RR|365340|2T|3598|3603|3605,TOTAL_RISK_CAP
2026-02-02 00:00:00+00:00,005930.KS,KRLEVEL_RR|005930|2T|3605|3609|3610,INVALID_STOP
2026-02-03 01:00:00+00:00,009520.KQ,KRLEVEL_RR|009520|2T|3615|3616|3617,TOTAL_RISK_CAP
2026-02-03 04:00:00+00:00,328130.KQ,KRLEVEL_RR|328130|5T|3615|3618|3620,TOTAL_RISK_CAP
2026-02-03 05:00:00+00:00,121600.KQ,KRLEVEL_RR|121600|2T|3615|3620|3621,TOTAL_RISK_CAP
2026-02-04 00:00:00+00:00,003490.KS,KRLEVEL_RR|003490|3T|3620|3621|3622,TOTAL_RISK_CAP
2026-02-04 00:00:00+00:00,005380.KS,KRLEVEL_RR|005380|2T|3620|3621|3622,TOTAL_RISK_CAP
2026-02-04 00:00:00+00:00,047050.KS,KRLEVEL_RR|047050|4T|3620|3621|3622,TOTAL_RISK_CAP
2026-02-04 00:00:00+00:00,055550.KS,KRLEVEL_RR|055550|2T|3617|3620|3622,TOTAL_RISK_CAP
2026-02-04 00:00:00+00:00,122870.KQ,KRLEVEL_RR|122870|4T|3619|3621|3622,TOTAL_RISK_CAP
2026-02-04 01:00:00+00:00,003550.KS,KRLEVEL_RR|003550|2T|3618|3622|3623,TOTAL_RISK_CAP
2026-02-04 01:00:00+00:00,011200.KS,KRLEVEL_RR|011200|3T|3620|3621|3623,TOTAL_RISK_CAP
2026-02-04 01:00:00+00:00,032830.KS,KRLEVEL_RR|032830|2T|3621|3622|3623,TOTAL_RISK_CAP
2026-02-04 01:00:00+00:00,066570.KS,KRLEVEL_RR|066570|2T|3618|3622|3623,TOTAL_RISK_CAP
2026-02-04 01:00:00+00:00,329180.KS,KRLEVEL_RR|329180|3T|3618|3621|3623,TOTAL_RISK_CAP
2026-02-04 02:00:00+00:00,005930.KS,KRLEVEL_RR|005930|3T|3621|3623|3624,TOTAL_RISK_CAP
2026-02-04 03:00:00+00:00,068270.KS,KRLEVEL_RR|068270|3T|3623|3624|3625,TOTAL_RISK_CAP
2026-02-04 05:00:00+00:00,000810.KS,KRLEVEL_RR|000810|4T|3624|3625|3627,TOTAL_RISK_CAP
2026-02-04 05:00:00+00:00,003670.KS,KRLEVEL_RR|003670|5T|3624|3626|3627,TOTAL_RISK_CAP
2026-02-04 05:00:00+00:00,078600.KQ,KRLEVEL_RR|078600|3T|3622|3626|3627,TOTAL_RISK_CAP
2026-02-04 05:00:00+00:00,323410.KS,KRLEVEL_RR|323410|4T|3624|3626|3627,TOTAL_RISK_CAP
2026-02-05 00:00:00+00:00,005490.KS,KRLEVEL_RR|005490|2T|3624|3626|3628,TOTAL_RISK_CAP
2026-02-05 00:00:00+00:00,006400.KS,KRLEVEL_RR|006400|2T|3624|3627|3628,TOTAL_RISK_CAP
2026-02-05 00:00:00+00:00,042660.KS,KRLEVEL_RR|042660|5T|3623|3626|3628,TOTAL_RISK_CAP
2026-02-05 00:00:00+00:00,373220.KS,KRLEVEL_RR|373220|3T|3623|3626|3628,TOTAL_RISK_CAP
2026-02-05 01:00:00+00:00,000270.KS,KRLEVEL_RR|000270|3T|3627|3628|3629,TOTAL_RISK_CAP
2026-02-05 01:00:00+00:00,034730.KS,KRLEVEL_RR|034730|2T|3624|3628|3629,TOTAL_RISK_CAP
2026-02-05 01:00:00+00:00,035720.KS,KRLEVEL_RR|035720|3T|3624|3627|3629,TOTAL_RISK_CAP
2026-02-05 01:00:00+00:00,064550.KQ,KRLEVEL_RR|064550|2T|3624|3627|3629,TOTAL_RISK_CAP
2026-02-05 02:00:00+00:00,086900.KQ,KRLEVEL_RR|086900|2T|3623|3628|3630,TOTAL_RISK_CAP
2026-02-06 01:00:00+00:00,105560.KS,KRLEVEL_RR|105560|4T|3633|3634|3635,TOTAL_RISK_CAP
2026-02-09 00:00:00+00:00,005930.KS,KRLEVEL_RR|005930|3T|3637|3638|3640,TOTAL_RISK_CAP
2026-02-09 00:00:00+00:00,068270.KS,KRLEVEL_RR|068270|2T|3636|3638|3640,TOTAL_RISK_CAP
2026-02-09 01:00:00+00:00,009150.KS,KRLEVEL_RR|009150|4T|3636|3640|3641,SAME_TICKER_OPEN
2026-02-09 03:00:00+00:00,372170.KQ,KRLEVEL_RR|372170|3T|3641|3642|3643,TOTAL_RISK_CAP
2026-02-09 04:00:00+00:00,122870.KQ,KRLEVEL_RR|122870|3T|3642|3643|3644,TOTAL_RISK_CAP
2026-02-10 00:00:00+00:00,003490.KS,KRLEVEL_RR|003490|2T|3642|3644|3646,TOTAL_RISK_CAP
2026-02-10 00:00:00+00:00,003550.KS,KRLEVEL_RR|003550|2T|3641|3645|3646,TOTAL_RISK_CAP
2026-02-10 00:00:00+00:00,005490.KS,KRLEVEL_RR|005490|2T|3640|3645|3646,TOTAL_RISK_CAP
2026-02-10 00:00:00+00:00,009520.KQ,KRLEVEL_RR|009520|2T|3643|3645|3646,TOTAL_RISK_CAP
2026-02-10 00:00:00+00:00,121600.KQ,KRLEVEL_RR|121600|3T|3642|3644|3646,TOTAL_RISK_CAP
2026-02-10 00:00:00+00:00,222800.KQ,KRLEVEL_RR|222800|4T|3641|3644|3646,TOTAL_RISK_CAP
2026-02-10 00:00:00+00:00,225570.KQ,KRLEVEL_RR|225570|7T|3640|3644|3646,TOTAL_RISK_CAP
2026-02-10 00:00:00+00:00,253450.KQ,KRLEVEL_RR|253450|4T|3641|3644|3646,TOTAL_RISK_CAP
2026-02-10 00:00:00+00:00,336570.KQ,KRLEVEL_RR|336570|4T|3643|3644|3646,TOTAL_RISK_CAP
2026-02-10 00:00:00+00:00,373220.KS,KRLEVEL_RR|373220|5T|3641|3644|3646,TOTAL_RISK_CAP
2026-02-10 01:00:00+00:00,011200.KS,KRLEVEL_RR|011200|4T|3641|3645|3647,TOTAL_RISK_CAP
2026-02-10 01:00:00+00:00,028260.KS,KRLEVEL_RR|028260|6T|3642|3646|3647,TOTAL_RISK_CAP
2026-02-10 01:00:00+00:00,051910.KS,KRLEVEL_RR|051910|2T|3641|3645|3647,TOTAL_RISK_CAP
2026-02-10 01:00:00+00:00,066570.KS,KRLEVEL_RR|066570|2T|3642|3646|3647,TOTAL_RISK_CAP
2026-02-10 01:00:00+00:00,096770.KS,KRLEVEL_RR|096770|3T|3641|3646|3647,TOTAL_RISK_CAP
2026-02-10 01:00:00+00:00,352820.KS,KRLEVEL_RR|352820|3T|3645|3646|3647,TOTAL_RISK_CAP
2026-02-10 02:00:00+00:00,035420.KS,KRLEVEL_RR|035420|2T|3641|3647|3648,TOTAL_RISK_CAP
2026-02-10 02:00:00+00:00,207940.KS,KRLEVEL_RR|207940|3T|3540|3545|3547,TOTAL_RISK_CAP
2026-02-10 05:00:00+00:00,032830.KS,KRLEVEL_RR|032830|2T|3647|3649|3651,TOTAL_RISK_CAP
2026-02-10 05:00:00+00:00,041510.KQ,KRLEVEL_RR|041510|5T|3645|3650|3651,TOTAL_RISK_CAP
2026-02-11 00:00:00+00:00,000270.KS,KRLEVEL_RR|000270|2T|3647|3650|3652,TOTAL_RISK_CAP
2026-02-11 00:00:00+00:00,006400.KS,KRLEVEL_RR|006400|2T|3646|3650|3652,TOTAL_RISK_CAP
2026-02-11 00:00:00+00:00,034730.KS,KRLEVEL_RR|034730|2T|3645|3651|3652,TOTAL_RISK_CAP
2026-02-11 01:00:00+00:00,010950.KS,KRLEVEL_RR|010950|2T|3648|3651|3653,TOTAL_RISK_CAP
2026-02-11 01:00:00+00:00,017670.KS,KRLEVEL_RR|017670|3T|3647|3652|3653,TOTAL_RISK_CAP
2026-02-11 01:00:00+00:00,067160.KQ,KRLEVEL_RR|067160|5T|3648|3651|3653,TOTAL_RISK_CAP
2026-02-11 01:00:00+00:00,096530.KQ,KRLEVEL_RR|096530|3T|3647|3651|3653,TOTAL_RISK_CAP
2026-02-11 01:00:00+00:00,112040.KQ,KRLEVEL_RR|112040|2T|3646|3651|3653,TOTAL_RISK_CAP
2026-02-11 01:00:00+00:00,329180.KS,KRLEVEL_RR|329180|3T|3651|3652|3653,TOTAL_RISK_CAP
2026-02-11 03:00:00+00:00,047050.KS,KRLEVEL_RR|047050|3T|3652|3653|3655,TOTAL_RISK_CAP
2026-02-11 04:00:00+00:00,035720.KS,KRLEVEL_RR|035720|4T|3648|3654|3656,TOTAL_RISK_CAP
2026-02-11 05:00:00+00:00,034020.KS,KRLEVEL_RR|034020|2T|3655|3656|3657,TOTAL_RISK_CAP
2026-02-12 00:00:00+00:00,005380.KS,KRLEVEL_RR|005380|2T|3655|3656|3658,TOTAL_RISK_CAP
2026-02-12 01:00:00+00:00,005930.KS,KRLEVEL_RR|005930|2T|3656|3658|3659,TOTAL_RISK_CAP
2026-02-12 01:00:00+00:00,095340.KQ,KRLEVEL_RR|095340|2T|3654|3657|3659,SAME_TICKER_OPEN
2026-02-13 00:00:00+00:00,018260.KS,KRLEVEL_RR|018260|7T|3661|3662|3664,TOTAL_RISK_CAP
2026-02-13 00:00:00+00:00,096770.KS,KRLEVEL_RR|096770|2T|3659|3663|3664,TOTAL_RISK_CAP
2026-02-13 02:00:00+00:00,011200.KS,KRLEVEL_RR|011200|3T|3659|3665|3666,TOTAL_RISK_CAP
2026-02-13 04:00:00+00:00,041510.KQ,KRLEVEL_RR|041510|2T|3663|3667|3668,TOTAL_RISK_CAP
2026-02-19 01:00:00+00:00,003490.KS,KRLEVEL_RR|003490|2T|3666|3670|3671,TOTAL_RISK_CAP
2026-02-19 01:00:00+00:00,003670.KS,KRLEVEL_RR|003670|3T|3664|3669|3671,TOTAL_RISK_CAP
2026-02-19 01:00:00+00:00,068760.KQ,KRLEVEL_RR|068760|2T|3666|3670|3671,TOTAL_RISK_CAP
2026-02-19 01:00:00+00:00,214370.KQ,KRLEVEL_RR|214370|3T|3606|3609|3611,TOTAL_RISK_CAP
2026-02-19 01:00:00+00:00,329180.KS,KRLEVEL_RR|329180|2T|3666|3669|3671,TOTAL_RISK_CAP
2026-02-19 02:00:00+00:00,064550.KQ,KRLEVEL_RR|064550|2T|3669|3671|3672,TOTAL_RISK_CAP
2026-02-19 02:00:00+00:00,365340.KQ,KRLEVEL_RR|365340|2T|3668|3670|3672,TOTAL_RISK_CAP
2026-02-19 02:00:00+00:00,420770.KQ,KRLEVEL_RR|420770|2T|3669|3671|3672,TOTAL_RISK_CAP
2026-02-19 03:00:00+00:00,336570.KQ,KRLEVEL_RR|336570|5T|3671|3672|3673,TOTAL_RISK_CAP
2026-02-20 00:00:00+00:00,006400.KS,KRLEVEL_RR|006400|3T|3672|3674|3676,TOTAL_RISK_CAP
2026-02-20 00:00:00+00:00,009520.KQ,KRLEVEL_RR|009520|3T|3673|3674|3676,TOTAL_RISK_CAP
2026-02-20 00:00:00+00:00,028300.KQ,KRLEVEL_RR|028300|2T|3673|3674|3676,TOTAL_RISK_CAP
2026-02-20 00:00:00+00:00,067160.KQ,KRLEVEL_RR|067160|3T|3673|3675|3676,TOTAL_RISK_CAP
2026-02-20 00:00:00+00:00,086900.KQ,KRLEVEL_RR|086900|6T|3674|3675|3676,TOTAL_RISK_CAP
2026-02-20 00:00:00+00:00,121600.KQ,KRLEVEL_RR|121600|2T|3674|3675|3676,TOTAL_RISK_CAP
2026-02-20 00:00:00+00:00,222800.KQ,KRLEVEL_RR|222800|3T|3669|3675|3676,TOTAL_RISK_CAP
2026-02-20 00:00:00+00:00,348370.KQ,KRLEVEL_RR|348370|2T|3666|3669|3670,TOTAL_RISK_CAP
2026-02-20 01:00:00+00:00,028260.KS,KRLEVEL_RR|028260|3T|3671|3675|3677,TOTAL_RISK_CAP
2026-02-20 01:00:00+00:00,101490.KQ,KRLEVEL_RR|101490|4T|3673|3676|3677,TOTAL_RISK_CAP
2026-02-20 01:00:00+00:00,207940.KS,KRLEVEL_RR|207940|2T|3570|3575|3576,TOTAL_RISK_CAP
2026-02-20 01:00:00+00:00,277810.KQ,KRLEVEL_RR|277810|2T|3672|3676|3677,TOTAL_RISK_CAP
2026-02-20 02:00:00+00:00,005290.KQ,KRLEVEL_RR|005290|2T|3674|3676|3678,TOTAL_RISK_CAP
2026-02-20 02:00:00+00:00,393890.KQ,KRLEVEL_RR|393890|4T|3672|3677|3678,TOTAL_RISK_CAP
2026-02-20 04:00:00+00:00,010130.KS,KRLEVEL_RR|010130|2T|3673|3679|3680,TOTAL_RISK_CAP
2026-02-20 04:00:00+00:00,042660.KS,KRLEVEL_RR|042660|4T|3677|3679|3680,TOTAL_RISK_CAP
2026-02-20 04:00:00+00:00,253450.KQ,KRLEVEL_RR|253450|2T|3676|3679|3680,TOTAL_RISK_CAP
2026-02-20 05:00:00+00:00,005380.KS,KRLEVEL_RR|005380|4T|3674|3679|3681,TOTAL_RISK_CAP
2026-02-23 01:00:00+00:00,009540.KS,KRLEVEL_RR|009540|2T|3681|3682|3683,TOTAL_RISK_CAP
2026-02-23 01:00:00+00:00,018260.KS,KRLEVEL_RR|018260|7T|3677|3681|3683,TOTAL_RISK_CAP
2026-02-23 01:00:00+00:00,035420.KS,KRLEVEL_RR|035420|2T|3677|3682|3683,TOTAL_RISK_CAP
2026-02-23 01:00:00+00:00,328130.KQ,KRLEVEL_RR|328130|5T|3679|3681|3683,TOTAL_RISK_CAP
2026-02-23 03:00:00+00:00,420770.KQ,KRLEVEL_RR|420770|2T|3683|3684|3685,TOTAL_RISK_CAP
2026-02-24 01:00:00+00:00,005930.KS,KRLEVEL_RR|005930|2T|3683|3688|3689,TOTAL_RISK_CAP
2026-02-24 01:00:00+00:00,068760.KQ,KRLEVEL_RR|068760|3T|3684|3687|3689,TOTAL_RISK_CAP
2026-02-24 01:00:00+00:00,222800.KQ,KRLEVEL_RR|222800|3T|3687|3688|3689,TOTAL_RISK_CAP
2026-02-25 00:00:00+00:00,000270.KS,KRLEVEL_RR|000270|2T|3690|3692|3694,TOTAL_RISK_CAP
2026-02-25 00:00:00+00:00,042660.KS,KRLEVEL_RR|042660|6T|3691|3692|3694,TOTAL_RISK_CAP
2026-02-25 00:00:00+00:00,095340.KQ,KRLEVEL_RR|095340|2T|3691|3692|3694,TOTAL_RISK_CAP
2026-02-25 00:00:00+00:00,393890.KQ,KRLEVEL_RR|393890|3T|3691|3692|3694,TOTAL_RISK_CAP
2026-02-25 01:00:00+00:00,010130.KS,KRLEVEL_RR|010130|2T|3692|3693|3695,TOTAL_RISK_CAP
2026-02-25 01:00:00+00:00,051910.KS,KRLEVEL_RR|051910|2T|3692|3694|3695,TOTAL_RISK_CAP
2026-02-25 02:00:00+00:00,003670.KS,KRLEVEL_RR|003670|3T|3690|3694|3696,TOTAL_RISK_CAP
2026-02-25 03:00:00+00:00,005490.KS,KRLEVEL_RR|005490|3T|3690|3695|3697,TOTAL_RISK_CAP
2026-02-25 03:00:00+00:00,277810.KQ,KRLEVEL_RR|277810|2T|3694|3695|3697,TOTAL_RISK_CAP
2026-02-25 05:00:00+00:00,009520.KQ,KRLEVEL_RR|009520|3T|3695|3698|3699,TOTAL_RISK_CAP
2026-02-25 05:00:00+00:00,348370.KQ,KRLEVEL_RR|348370|2T|3691|3692|3693,TOTAL_RISK_CAP
2026-02-26 01:00:00+00:00,028260.KS,KRLEVEL_RR|028260|2T|3699|3700|3701,TOTAL_RISK_CAP
2026-02-26 02:00:00+00:00,086520.KQ,KRLEVEL_RR|086520|2T|3633|3634|3636,TOTAL_RISK_CAP
2026-02-26 03:00:00+00:00,207940.KS,KRLEVEL_RR|207940|3T|3600|3601|3602,TOTAL_RISK_CAP
2026-02-26 03:00:00+00:00,222800.KQ,KRLEVEL_RR|222800|3T|3701|3702|3703,TOTAL_RISK_CAP
2026-02-26 03:00:00+00:00,383310.KQ,KRLEVEL_RR|383310|2T|3699|3702|3703,TOTAL_RISK_CAP
2026-02-26 05:00:00+00:00,005290.KQ,KRLEVEL_RR|005290|2T|3703|3704|3705,TOTAL_RISK_CAP
2026-02-26 05:00:00+00:00,357780.KQ,KRLEVEL_RR|357780|3T|3698|3699|3700,TOTAL_RISK_CAP
2026-02-27 01:00:00+00:00,035720.KS,KRLEVEL_RR|035720|2T|3702|3705|3707,TOTAL_RISK_CAP
2026-02-27 02:00:00+00:00,067160.KQ,KRLEVEL_RR|067160|4T|3705|3707|3708,TOTAL_RISK_CAP
2026-02-27 03:00:00+00:00,078600.KQ,KRLEVEL_RR|078600|2T|3707|3708|3709,TOTAL_RISK_CAP
2026-02-27 03:00:00+00:00,101490.KQ,KRLEVEL_RR|101490|6T|3705|3707|3709,TOTAL_RISK_CAP
2026-02-27 04:00:00+00:00,041510.KQ,KRLEVEL_RR|041510|4T|3708|3709|3710,TOTAL_RISK_CAP
2026-02-27 05:00:00+00:00,000270.KS,KRLEVEL_RR|000270|2T|3705|3709|3711,TOTAL_RISK_CAP
2026-02-27 05:00:00+00:00,214370.KQ,KRLEVEL_RR|214370|2T|3646|3649|3651,TOTAL_RISK_CAP
2026-03-03 01:00:00+00:00,140860.KQ,KRLEVEL_RR|140860|3T|3709|3711|3713,TOTAL_RISK_CAP
2026-03-03 01:00:00+00:00,403870.KQ,KRLEVEL_RR|403870|2T|3709|3712|3713,TOTAL_RISK_CAP
2026-03-03 02:00:00+00:00,039200.KQ,KRLEVEL_RR|039200|3T|3709|3713|3714,TOTAL_RISK_CAP
2026-03-03 02:00:00+00:00,064550.KQ,KRLEVEL_RR|064550|2T|3709|3713|3714,TOTAL_RISK_CAP
2026-03-03 02:00:00+00:00,420770.KQ,KRLEVEL_RR|420770|2T|3709|3713|3714,TOTAL_RISK_CAP
2026-03-03 05:00:00+00:00,011200.KS,KRLEVEL_RR|011200|2T|3713|3715|3717,TOTAL_RISK_CAP
2026-03-05 03:00:00+00:00,095340.KQ,KRLEVEL_RR|095340|2T|3722|3725|3727,TOTAL_RISK_CAP
2026-03-05 03:00:00+00:00,222800.KQ,KRLEVEL_RR|222800|2T|3725|3726|3727,TOTAL_RISK_CAP
2026-03-05 05:00:00+00:00,003490.KS,KRLEVEL_RR|003490|5T|3725|3727|3729,TOTAL_RISK_CAP
2026-03-05 05:00:00+00:00,009520.KQ,KRLEVEL_RR|009520|2T|3725|3727|3729,TOTAL_RISK_CAP
2026-03-05 05:00:00+00:00,009540.KS,KRLEVEL_RR|009540|2T|3725|3728|3729,TOTAL_RISK_CAP
2026-03-05 05:00:00+00:00,068270.KS,KRLEVEL_RR|068270|2T|3725|3727|3729,TOTAL_RISK_CAP
2026-03-05 05:00:00+00:00,068760.KQ,KRLEVEL_RR|068760|6T|3727|3728|3729,TOTAL_RISK_CAP
2026-03-05 05:00:00+00:00,086520.KQ,KRLEVEL_RR|086520|2T|3659|3661|3663,TOTAL_RISK_CAP
2026-03-05 05:00:00+00:00,086900.KQ,KRLEVEL_RR|086900|3T|3727|3728|3729,TOTAL_RISK_CAP
2026-03-05 05:00:00+00:00,096770.KS,KRLEVEL_RR|096770|2T|3725|3727|3729,TOTAL_RISK_CAP
2026-03-05 05:00:00+00:00,214370.KQ,KRLEVEL_RR|214370|6T|3667|3668|3669,TOTAL_RISK_CAP
2026-03-05 05:00:00+00:00,323410.KS,KRLEVEL_RR|323410|4T|3725|3727|3729,TOTAL_RISK_CAP
2026-03-05 05:00:00+00:00,352820.KS,KRLEVEL_RR|352820|4T|3725|3728|3729,TOTAL_RISK_CAP
2026-03-05 05:00:00+00:00,357780.KQ,KRLEVEL_RR|357780|2T|3722|3723|3724,TOTAL_RISK_CAP
2026-03-05 05:00:00+00:00,393890.KQ,KRLEVEL_RR|393890|2T|3727|3728|3729,TOTAL_RISK_CAP
2026-03-05 05:00:00+00:00,403870.KQ,KRLEVEL_RR|403870|2T|3727|3728|3729,TOTAL_RISK_CAP
2026-03-05 05:00:00+00:00,420770.KQ,KRLEVEL_RR|420770|2T|3725|3727|3729,TOTAL_RISK_CAP
2026-03-06 00:00:00+00:00,000660.KS,KRLEVEL_RR|000660|3T|3725|3728|3730,TOTAL_RISK_CAP
2026-03-06 00:00:00+00:00,373220.KS,KRLEVEL_RR|373220|3T|3725|3728|3730,TOTAL_RISK_CAP
2026-03-06 01:00:00+00:00,006400.KS,KRLEVEL_RR|006400|3T|3725|3729|3731,TOTAL_RISK_CAP
2026-03-06 01:00:00+00:00,034020.KS,KRLEVEL_RR|034020|6T|3725|3729|3731,TOTAL_RISK_CAP
2026-03-06 01:00:00+00:00,078600.KQ,KRLEVEL_RR|078600|2T|3728|3729|3731,TOTAL_RISK_CAP
2026-03-06 03:00:00+00:00,005290.KQ,KRLEVEL_RR|005290|2T|3729|3731|3733,TOTAL_RISK_CAP
2026-03-06 05:00:00+00:00,122870.KQ,KRLEVEL_RR|122870|5T|3731|3733|3735,TOTAL_RISK_CAP
2026-03-09 00:00:00+00:00,011200.KS,KRLEVEL_RR|011200|2T|3729|3735|3736,TOTAL_RISK_CAP
2026-03-10 03:00:00+00:00,140860.KQ,KRLEVEL_RR|140860|3T|3743|3744|3745,TOTAL_RISK_CAP
2026-03-10 05:00:00+00:00,214370.KQ,KRLEVEL_RR|214370|3T|3684|3686|3687,TOTAL_RISK_CAP
2026-03-10 05:00:00+00:00,420770.KQ,KRLEVEL_RR|420770|2T|3744|3745|3747,TOTAL_RISK_CAP
2026-03-11 00:00:00+00:00,000270.KS,KRLEVEL_RR|000270|3T|3743|3746|3748,TOTAL_RISK_CAP
2026-03-11 00:00:00+00:00,000660.KS,KRLEVEL_RR|000660|7T|3743|3746|3748,TOTAL_RISK_CAP
2026-03-11 00:00:00+00:00,010130.KS,KRLEVEL_RR|010130|3T|3743|3747|3748,TOTAL_RISK_CAP
2026-03-11 00:00:00+00:00,372170.KQ,KRLEVEL_RR|372170|2T|3744|3746|3748,TOTAL_RISK_CAP
2026-03-11 01:00:00+00:00,000250.KQ,KRLEVEL_RR|000250|2T|3744|3747|3749,TOTAL_RISK_CAP
2026-03-11 01:00:00+00:00,000810.KS,KRLEVEL_RR|000810|2T|3743|3748|3749,TOTAL_RISK_CAP
2026-03-11 01:00:00+00:00,003490.KS,KRLEVEL_RR|003490|6T|3744|3747|3749,TOTAL_RISK_CAP
2026-03-11 01:00:00+00:00,005380.KS,KRLEVEL_RR|005380|3T|3743|3748|3749,TOTAL_RISK_CAP
2026-03-11 01:00:00+00:00,006400.KS,KRLEVEL_RR|006400|5T|3743|3747|3749,TOTAL_RISK_CAP
2026-03-11 01:00:00+00:00,017670.KS,KRLEVEL_RR|017670|2T|3743|3748|3749,TOTAL_RISK_CAP
2026-03-11 01:00:00+00:00,028260.KS,KRLEVEL_RR|028260|4T|3743|3748|3749,TOTAL_RISK_CAP
2026-03-11 01:00:00+00:00,068760.KQ,KRLEVEL_RR|068760|5T|3743|3747|3749,TOTAL_RISK_CAP
2026-03-11 01:00:00+00:00,086520.KQ,KRLEVEL_RR|086520|3T|3677|3681|3683,TOTAL_RISK_CAP
2026-03-11 01:00:00+00:00,323410.KS,KRLEVEL_RR|323410|4T|3743|3747|3749,TOTAL_RISK_CAP
2026-03-11 02:00:00+00:00,064550.KQ,KRLEVEL_RR|064550|5T|3743|3749|3750,TOTAL_RISK_CAP
2026-03-11 02:00:00+00:00,222800.KQ,KRLEVEL_RR|222800|8T|3743|3748|3750,TOTAL_RISK_CAP
2026-03-11 03:00:00+00:00,055550.KS,KRLEVEL_RR|055550|2T|3749|3750|3751,TOTAL_RISK_CAP
2026-03-11 04:00:00+00:00,018260.KS,KRLEVEL_RR|018260|3T|3749|3751|3752,TOTAL_RISK_CAP
2026-03-11 04:00:00+00:00,042660.KS,KRLEVEL_RR|042660|2T|3749|3751|3752,TOTAL_RISK_CAP
2026-03-11 04:00:00+00:00,067160.KQ,KRLEVEL_RR|067160|7T|3749|3750|3752,TOTAL_RISK_CAP
2026-03-11 04:00:00+00:00,068270.KS,KRLEVEL_RR|068270|2T|3750|3751|3752,TOTAL_RISK_CAP
2026-03-11 05:00:00+00:00,003670.KS,KRLEVEL_RR|003670|3T|3750|3751|3753,TOTAL_RISK_CAP
2026-03-12 01:00:00+00:00,011200.KS,KRLEVEL_RR|011200|3T|3749|3753|3755,TOTAL_RISK_CAP
2026-03-12 05:00:00+00:00,010950.KS,KRLEVEL_RR|010950|3T|3754|3758|3759,TOTAL_RISK_CAP
2026-03-12 05:00:00+00:00,329180.KS,KRLEVEL_RR|329180|4T|3755|3757|3759,SAME_TICKER_OPEN
2026-03-12 05:00:00+00:00,393890.KQ,KRLEVEL_RR|393890|5T|3756|3758|3759,TOTAL_RISK_CAP
2026-03-13 00:00:00+00:00,352820.KS,KRLEVEL_RR|352820|2T|3755|3758|3760,TOTAL_RISK_CAP
2026-03-13 02:00:00+00:00,034020.KS,KRLEVEL_RR|034020|2T|3755|3761|3762,TOTAL_RISK_CAP
2026-03-13 04:00:00+00:00,095340.KQ,KRLEVEL_RR|095340|4T|3761|3762|3764,TOTAL_RISK_CAP
2026-03-16 01:00:00+00:00,039200.KQ,KRLEVEL_RR|039200|2T|3762|3765|3767,TOTAL_RISK_CAP
2026-03-16 04:00:00+00:00,105560.KS,KRLEVEL_RR|105560|2T|3763|3768|3770,TOTAL_RISK_CAP
2026-03-16 04:00:00+00:00,222800.KQ,KRLEVEL_RR|222800|8T|3767|3769|3770,TOTAL_RISK_CAP
2026-03-16 04:00:00+00:00,253450.KQ,KRLEVEL_RR|253450|2T|3768|3769|3770,TOTAL_RISK_CAP
2026-03-17 00:00:00+00:00,009150.KS,KRLEVEL_RR|009150|3T|3767|3770|3772,TOTAL_RISK_CAP
2026-03-17 00:00:00+00:00,365340.KQ,KRLEVEL_RR|365340|2T|3767|3770|3772,TOTAL_RISK_CAP
2026-03-17 01:00:00+00:00,006400.KS,KRLEVEL_RR|006400|5T|3770|3771|3773,TOTAL_RISK_CAP
2026-03-17 01:00:00+00:00,034730.KS,KRLEVEL_RR|034730|2T|3766|3771|3773,TOTAL_RISK_CAP
2026-03-17 01:00:00+00:00,042660.KS,KRLEVEL_RR|042660|3T|3770|3771|3773,TOTAL_RISK_CAP
2026-03-17 01:00:00+00:00,328130.KQ,KRLEVEL_RR|328130|2T|3767|3772|3773,TOTAL_RISK_CAP
2026-03-17 01:00:00+00:00,329180.KS,KRLEVEL_RR|329180|3T|3770|3772|3773,TOTAL_RISK_CAP
2026-03-17 01:00:00+00:00,357780.KQ,KRLEVEL_RR|357780|3T|3765|3766|3768,TOTAL_RISK_CAP
2026-03-17 01:00:00+00:00,403870.KQ,KRLEVEL_RR|403870|2T|3767|3772|3773,TOTAL_RISK_CAP
2026-03-17 03:00:00+00:00,096530.KQ,KRLEVEL_RR|096530|3T|3773|3774|3775,TOTAL_RISK_CAP
2026-03-17 04:00:00+00:00,003670.KS,KRLEVEL_RR|003670|2T|3773|3774|3776,TOTAL_RISK_CAP
2026-03-17 04:00:00+00:00,009540.KS,KRLEVEL_RR|009540|2T|3773|3774|3776,TOTAL_RISK_CAP
2026-03-17 04:00:00+00:00,277810.KQ,KRLEVEL_RR|277810|4T|3773|3775|3776,TOTAL_RISK_CAP
2026-03-17 05:00:00+00:00,078600.KQ,KRLEVEL_RR|078600|2T|3773|3775|3777,TOTAL_RISK_CAP
2026-03-17 05:00:00+00:00,323410.KS,KRLEVEL_RR|323410|2T|3773|3775|3777,TOTAL_RISK_CAP
2026-03-17 05:00:00+00:00,372170.KQ,KRLEVEL_RR|372170|2T|3773|3775|3777,TOTAL_RISK_CAP
2026-03-18 01:00:00+00:00,003550.KS,KRLEVEL_RR|003550|3T|3777|3778|3779,TOTAL_RISK_CAP
2026-03-18 01:00:00+00:00,005380.KS,KRLEVEL_RR|005380|4T|3773|3777|3779,TOTAL_RISK_CAP
2026-03-18 01:00:00+00:00,005490.KS,KRLEVEL_RR|005490|2T|3777|3778|3779,TOTAL_RISK_CAP
2026-03-18 01:00:00+00:00,005930.KS,KRLEVEL_RR|005930|3T|3773|3778|3779,TOTAL_RISK_CAP
2026-03-18 01:00:00+00:00,010950.KS,KRLEVEL_RR|010950|2T|3776|3777|3779,TOTAL_RISK_CAP
2026-03-18 01:00:00+00:00,018260.KS,KRLEVEL_RR|018260|2T|3776|3777|3779,TOTAL_RISK_CAP
2026-03-18 01:00:00+00:00,033780.KS,KRLEVEL_RR|033780|3T|3777|3778|3779,TOTAL_RISK_CAP
2026-03-18 01:00:00+00:00,035420.KS,KRLEVEL_RR|035420|2T|3776|3777|3779,TOTAL_RISK_CAP
2026-03-18 01:00:00+00:00,051910.KS,KRLEVEL_RR|051910|2T|3776|3777|3779,TOTAL_RISK_CAP
2026-03-18 02:00:00+00:00,207940.KS,KRLEVEL_RR|207940|2T|3676|3678|3679,TOTAL_RISK_CAP
2026-03-18 03:00:00+00:00,096770.KS,KRLEVEL_RR|096770|2T|3779|3780|3781,TOTAL_RISK_CAP
2026-03-18 05:00:00+00:00,086520.KQ,KRLEVEL_RR|086520|2T|3713|3715|3717,TOTAL_RISK_CAP
2026-03-19 00:00:00+00:00,010130.KS,KRLEVEL_RR|010130|4T|3780|3782|3784,TOTAL_RISK_CAP
2026-03-19 02:00:00+00:00,055550.KS,KRLEVEL_RR|055550|4T|3779|3785|3786,TOTAL_RISK_CAP
2026-03-19 03:00:00+00:00,000270.KS,KRLEVEL_RR|000270|3T|3779|3785|3787,TOTAL_RISK_CAP
2026-03-19 03:00:00+00:00,009150.KS,KRLEVEL_RR|009150|2T|3784|3786|3787,TOTAL_RISK_CAP
2026-03-19 03:00:00+00:00,039200.KQ,KRLEVEL_RR|039200|2T|3779|3785|3787,TOTAL_RISK_CAP
2026-03-19 04:00:00+00:00,140860.KQ,KRLEVEL_RR|140860|4T|3786|3787|3788,TOTAL_RISK_CAP
2026-03-20 00:00:00+00:00,328130.KQ,KRLEVEL_RR|328130|2T|3785|3788|3790,TOTAL_RISK_CAP
2026-03-20 01:00:00+00:00,034730.KS,KRLEVEL_RR|034730|2T|3787|3789|3791,TOTAL_RISK_CAP
2026-03-20 01:00:00+00:00,086790.KS,KRLEVEL_RR|086790|3T|3786|3789|3791,TOTAL_RISK_CAP
2026-03-20 04:00:00+00:00,365340.KQ,KRLEVEL_RR|365340|4T|3791|3792|3794,TOTAL_RISK_CAP
2026-03-20 05:00:00+00:00,028260.KS,KRLEVEL_RR|028260|2T|3792|3794|3795,TOTAL_RISK_CAP
2026-03-20 05:00:00+00:00,357780.KQ,KRLEVEL_RR|357780|5T|3787|3789|3790,TOTAL_RISK_CAP
2026-03-20 05:00:00+00:00,420770.KQ,KRLEVEL_RR|420770|4T|3787|3793|3795,TOTAL_RISK_CAP
2026-03-24 04:00:00+00:00,051910.KS,KRLEVEL_RR|051910|2T|3803|3804|3806,TOTAL_RISK_CAP
2026-03-24 04:00:00+00:00,373220.KS,KRLEVEL_RR|373220|4T|3803|3804|3806,TOTAL_RISK_CAP
2026-03-24 05:00:00+00:00,009150.KS,KRLEVEL_RR|009150|2T|3805|3806|3807,TOTAL_RISK_CAP
2026-03-25 00:00:00+00:00,034730.KS,KRLEVEL_RR|034730|3T|3805|3806|3808,TOTAL_RISK_CAP
2026-03-25 01:00:00+00:00,000810.KS,KRLEVEL_RR|000810|2T|3807|3808|3809,TOTAL_RISK_CAP
2026-03-25 01:00:00+00:00,005380.KS,KRLEVEL_RR|005380|2T|3803|3807|3809,TOTAL_RISK_CAP
2026-03-25 01:00:00+00:00,005930.KS,KRLEVEL_RR|005930|3T|3803|3807|3809,TOTAL_RISK_CAP
2026-03-25 01:00:00+00:00,006400.KS,KRLEVEL_RR|006400|4T|3806|3807|3809,TOTAL_RISK_CAP
2026-03-25 01:00:00+00:00,032830.KS,KRLEVEL_RR|032830|3T|3807|3808|3809,TOTAL_RISK_CAP
2026-03-25 01:00:00+00:00,033780.KS,KRLEVEL_RR|033780|3T|3806|3807|3809,TOTAL_RISK_CAP
2026-03-25 01:00:00+00:00,078600.KQ,KRLEVEL_RR|078600|2T|3807|3808|3809,TOTAL_RISK_CAP
2026-03-25 01:00:00+00:00,357780.KQ,KRLEVEL_RR|357780|3T|3801|3802|3804,TOTAL_RISK_CAP
2026-03-25 04:00:00+00:00,096530.KQ,KRLEVEL_RR|096530|4T|3809|3811|3812,TOTAL_RISK_CAP
2026-03-25 04:00:00+00:00,096770.KS,KRLEVEL_RR|096770|4T|3809|3811|3812,TOTAL_RISK_CAP
2026-03-25 04:00:00+00:00,365340.KQ,KRLEVEL_RR|365340|4T|3809|3811|3812,TOTAL_RISK_CAP
2026-03-25 05:00:00+00:00,017670.KS,KRLEVEL_RR|017670|5T|3809|3812|3813,TOTAL_RISK_CAP
2026-03-25 05:00:00+00:00,039200.KQ,KRLEVEL_RR|039200|4T|3809|3811|3813,TOTAL_RISK_CAP
2026-03-25 05:00:00+00:00,222800.KQ,KRLEVEL_RR|222800|3T|3810|3812|3813,TOTAL_RISK_CAP
2026-03-26 00:00:00+00:00,005490.KS,KRLEVEL_RR|005490|2T|3809|3812|3814,TOTAL_RISK_CAP
2026-03-26 00:00:00+00:00,047050.KS,KRLEVEL_RR|047050|2T|3812|3813|3814,TOTAL_RISK_CAP
2026-03-26 00:00:00+00:00,121600.KQ,KRLEVEL_RR|121600|3T|3809|3812|3814,TOTAL_RISK_CAP
2026-03-26 00:00:00+00:00,225570.KQ,KRLEVEL_RR|225570|2T|3810|3813|3814,TOTAL_RISK_CAP
2026-03-26 01:00:00+00:00,003670.KS,KRLEVEL_RR|003670|3T|3809|3813|3815,TOTAL_RISK_CAP
2026-03-26 01:00:00+00:00,055550.KS,KRLEVEL_RR|055550|4T|3809|3813|3815,TOTAL_RISK_CAP
2026-03-26 01:00:00+00:00,105560.KS,KRLEVEL_RR|105560|5T|3809|3813|3815,TOTAL_RISK_CAP
2026-03-26 01:00:00+00:00,281740.KQ,KRLEVEL_RR|281740|2T|3809|3813|3815,TOTAL_RISK_CAP
2026-03-27 05:00:00+00:00,373220.KS,KRLEVEL_RR|373220|7T|3822|3823|3825,TOTAL_RISK_CAP
2026-03-30 00:00:00+00:00,009150.KS,KRLEVEL_RR|009150|2T|3824|3825|3826,INVALID_STOP
2026-03-30 00:00:00+00:00,028300.KQ,KRLEVEL_RR|028300|3T|3823|3825|3826,TOTAL_RISK_CAP
2026-03-30 01:00:00+00:00,365340.KQ,KRLEVEL_RR|365340|3T|3825|3826|3827,TOTAL_RISK_CAP
2026-03-30 02:00:00+00:00,006400.KS,KRLEVEL_RR|006400|2T|3825|3827|3828,TOTAL_RISK_CAP
2026-03-30 04:00:00+00:00,005490.KS,KRLEVEL_RR|005490|2T|3825|3828|3830,TOTAL_RISK_CAP
2026-03-30 04:00:00+00:00,033780.KS,KRLEVEL_RR|033780|3T|3826|3829|3830,TOTAL_RISK_CAP
2026-03-30 04:00:00+00:00,047050.KS,KRLEVEL_RR|047050|2T|3826|3828|3830,TOTAL_RISK_CAP
2026-03-31 02:00:00+00:00,078600.KQ,KRLEVEL_RR|078600|3T|3828|3832|3834,TOTAL_RISK_CAP
2026-04-01 03:00:00+00:00,112040.KQ,KRLEVEL_RR|112040|2T|3835|3840|3841,TOTAL_RISK_CAP
2026-04-01 03:00:00+00:00,336570.KQ,KRLEVEL_RR|336570|4T|3834|3840|3841,TOTAL_RISK_CAP
2026-04-01 04:00:00+00:00,000270.KS,KRLEVEL_RR|000270|2T|3840|3841|3842,TOTAL_RISK_CAP
2026-04-01 04:00:00+00:00,006400.KS,KRLEVEL_RR|006400|5T|3839|3840|3842,TOTAL_RISK_CAP
2026-04-01 04:00:00+00:00,009540.KS,KRLEVEL_RR|009540|2T|3839|3840|3842,TOTAL_RISK_CAP
2026-04-01 04:00:00+00:00,034020.KS,KRLEVEL_RR|034020|6T|3839|3840|3842,TOTAL_RISK_CAP
2026-04-01 04:00:00+00:00,039200.KQ,KRLEVEL_RR|039200|5T|3839|3840|3842,TOTAL_RISK_CAP
2026-04-01 04:00:00+00:00,328130.KQ,KRLEVEL_RR|328130|2T|3839|3840|3842,TOTAL_RISK_CAP
2026-04-01 05:00:00+00:00,003490.KS,KRLEVEL_RR|003490|2T|3841|3842|3843,TOTAL_RISK_CAP
2026-04-01 05:00:00+00:00,005290.KQ,KRLEVEL_RR|005290|3T|3841|3842|3843,TOTAL_RISK_CAP
2026-04-01 05:00:00+00:00,005930.KS,KRLEVEL_RR|005930|2T|3841|3842|3843,TOTAL_RISK_CAP
2026-04-01 05:00:00+00:00,010950.KS,KRLEVEL_RR|010950|3T|3839|3842|3843,TOTAL_RISK_CAP
2026-04-01 05:00:00+00:00,017670.KS,KRLEVEL_RR|017670|3T|3839|3841|3843,TOTAL_RISK_CAP
2026-04-01 05:00:00+00:00,028300.KQ,KRLEVEL_RR|028300|3T|3839|3841|3843,TOTAL_RISK_CAP
2026-04-01 05:00:00+00:00,042660.KS,KRLEVEL_RR|042660|3T|3840|3841|3843,TOTAL_RISK_CAP
2026-04-01 05:00:00+00:00,051910.KS,KRLEVEL_RR|051910|2T|3840|3841|3843,TOTAL_RISK_CAP
2026-04-01 05:00:00+00:00,086790.KS,KRLEVEL_RR|086790|7T|3840|3841|3843,TOTAL_RISK_CAP
2026-04-01 05:00:00+00:00,281740.KQ,KRLEVEL_RR|281740|2T|3839|3841|3843,TOTAL_RISK_CAP
2026-04-01 05:00:00+00:00,323410.KS,KRLEVEL_RR|323410|4T|3839|3841|3843,TOTAL_RISK_CAP
2026-04-01 05:00:00+00:00,372170.KQ,KRLEVEL_RR|372170|2T|3839|3841|3843,TOTAL_RISK_CAP
2026-04-01 05:00:00+00:00,373220.KS,KRLEVEL_RR|373220|4T|3841|3842|3843,TOTAL_RISK_CAP
2026-04-02 00:00:00+00:00,033780.KS,KRLEVEL_RR|033780|8T|3842|3843|3844,TOTAL_RISK_CAP
2026-04-02 00:00:00+00:00,055550.KS,KRLEVEL_RR|055550|4T|3842|3843|3844,TOTAL_RISK_CAP
2026-04-02 01:00:00+00:00,009520.KQ,KRLEVEL_RR|009520|6T|3843|3844|3845,TOTAL_RISK_CAP
2026-04-02 01:00:00+00:00,011200.KS,KRLEVEL_RR|011200|4T|3843|3844|3845,TOTAL_RISK_CAP
2026-04-02 01:00:00+00:00,086520.KQ,KRLEVEL_RR|086520|2T|3777|3778|3779,TOTAL_RISK_CAP
2026-04-02 01:00:00+00:00,096770.KS,KRLEVEL_RR|096770|2T|3842|3843|3845,TOTAL_RISK_CAP
2026-04-02 01:00:00+00:00,207940.KS,KRLEVEL_RR|207940|2T|3742|3743|3744,TOTAL_RISK_CAP
2026-04-02 01:00:00+00:00,214370.KQ,KRLEVEL_RR|214370|2T|3782|3784|3785,TOTAL_RISK_CAP
2026-04-02 01:00:00+00:00,365340.KQ,KRLEVEL_RR|365340|2T|3839|3844|3845,TOTAL_RISK_CAP
2026-04-02 01:00:00+00:00,383310.KQ,KRLEVEL_RR|383310|4T|3843|3844|3845,TOTAL_RISK_CAP
2026-04-02 05:00:00+00:00,047050.KS,KRLEVEL_RR|047050|3T|3845|3847|3849,TOTAL_RISK_CAP
2026-04-03 01:00:00+00:00,005490.KS,KRLEVEL_RR|005490|4T|3843|3849|3851,TOTAL_RISK_CAP
2026-04-06 00:00:00+00:00,005930.KS,KRLEVEL_RR|005930|2T|3854|3855|3856,TOTAL_RISK_CAP
2026-04-06 01:00:00+00:00,010130.KS,KRLEVEL_RR|010130|2T|3855|3856|3857,TOTAL_RISK_CAP
2026-04-06 01:00:00+00:00,034020.KS,KRLEVEL_RR|034020|5T|3854|3855|3857,TOTAL_RISK_CAP
2026-04-06 01:00:00+00:00,078600.KQ,KRLEVEL_RR|078600|3T|3854|3856|3857,TOTAL_RISK_CAP
2026-04-06 01:00:00+00:00,121600.KQ,KRLEVEL_RR|121600|3T|3851|3856|3857,TOTAL_RISK_CAP
2026-04-06 02:00:00+00:00,010950.KS,KRLEVEL_RR|010950|2T|3856|3857|3858,TOTAL_RISK_CAP
2026-04-06 05:00:00+00:00,055550.KS,KRLEVEL_RR|055550|4T|3857|3860|3861,TOTAL_RISK_CAP
2026-04-07 01:00:00+00:00,086790.KS,KRLEVEL_RR|086790|3T|3861|3862|3863,TOTAL_RISK_CAP
2026-04-07 01:00:00+00:00,222800.KQ,KRLEVEL_RR|222800|3T|3859|3861|3863,TOTAL_RISK_CAP
2026-04-07 01:00:00+00:00,365340.KQ,KRLEVEL_RR|365340|2T|3858|3861|3863,TOTAL_RISK_CAP
2026-04-07 01:00:00+00:00,373220.KS,KRLEVEL_RR|373220|3T|3857|3861|3863,TOTAL_RISK_CAP
2026-04-07 01:00:00+00:00,383310.KQ,KRLEVEL_RR|383310|2T|3857|3861|3863,TOTAL_RISK_CAP
2026-04-07 01:00:00+00:00,420770.KQ,KRLEVEL_RR|420770|5T|3861|3862|3863,TOTAL_RISK_CAP
2026-04-08 00:00:00+00:00,017670.KS,KRLEVEL_RR|017670|2T|3865|3866|3868,TOTAL_RISK_CAP
2026-04-08 01:00:00+00:00,000660.KS,KRLEVEL_RR|000660|2T|3863|3868|3869,TOTAL_RISK_CAP
2026-04-08 01:00:00+00:00,051910.KS,KRLEVEL_RR|051910|4T|3863|3868|3869,TOTAL_RISK_CAP
2026-04-08 03:00:00+00:00,003670.KS,KRLEVEL_RR|003670|3T|3869|3870|3871,TOTAL_RISK_CAP
2026-04-08 03:00:00+00:00,005490.KS,KRLEVEL_RR|005490|4T|3869|3870|3871,TOTAL_RISK_CAP
2026-04-08 03:00:00+00:00,009520.KQ,KRLEVEL_RR|009520|3T|3869|3870|3871,TOTAL_RISK_CAP
2026-04-08 03:00:00+00:00,086520.KQ,KRLEVEL_RR|086520|3T|3803|3804|3805,TOTAL_RISK_CAP
2026-04-08 03:00:00+00:00,101490.KQ,KRLEVEL_RR|101490|2T|3869|3870|3871,TOTAL_RISK_CAP
2026-04-08 04:00:00+00:00,006400.KS,KRLEVEL_RR|006400|3T|3870|3871|3872,TOTAL_RISK_CAP
2026-04-08 04:00:00+00:00,012330.KS,KRLEVEL_RR|012330|2T|3869|3870|3872,TOTAL_RISK_CAP
2026-04-08 04:00:00+00:00,028260.KS,KRLEVEL_RR|028260|3T|3869|3870|3872,TOTAL_RISK_CAP
2026-04-08 04:00:00+00:00,032830.KS,KRLEVEL_RR|032830|4T|3869|3870|3872,TOTAL_RISK_CAP
2026-04-08 04:00:00+00:00,034020.KS,KRLEVEL_RR|034020|3T|3869|3870|3872,TOTAL_RISK_CAP
2026-04-08 04:00:00+00:00,095340.KQ,KRLEVEL_RR|095340|2T|3869|3870|3872,TOTAL_RISK_CAP
2026-04-08 04:00:00+00:00,372170.KQ,KRLEVEL_RR|372170|5T|3869|3870|3872,TOTAL_RISK_CAP
2026-04-08 05:00:00+00:00,000270.KS,KRLEVEL_RR|000270|2T|3870|3871|3873,TOTAL_RISK_CAP
2026-04-08 05:00:00+00:00,003550.KS,KRLEVEL_RR|003550|2T|3869|3871|3873,TOTAL_RISK_CAP
2026-04-08 05:00:00+00:00,066570.KS,KRLEVEL_RR|066570|2T|3870|3872|3873,TOTAL_RISK_CAP
2026-04-09 00:00:00+00:00,009540.KS,KRLEVEL_RR|009540|3T|3869|3873|3874,TOTAL_RISK_CAP
2026-04-09 00:00:00+00:00,033780.KS,KRLEVEL_RR|033780|5T|3869|3872|3874,TOTAL_RISK_CAP
2026-04-09 00:00:00+00:00,121600.KQ,KRLEVEL_RR|121600|4T|3870|3872|3874,TOTAL_RISK_CAP
2026-04-09 01:00:00+00:00,096530.KQ,KRLEVEL_RR|096530|2T|3869|3873|3875,TOTAL_RISK_CAP
2026-04-09 01:00:00+00:00,207940.KS,KRLEVEL_RR|207940|5T|3768|3773|3774,TOTAL_RISK_CAP
2026-04-09 01:00:00+00:00,336570.KQ,KRLEVEL_RR|336570|4T|3870|3873|3875,TOTAL_RISK_CAP
2026-04-09 03:00:00+00:00,005290.KQ,KRLEVEL_RR|005290|3T|3872|3876|3877,TOTAL_RISK_CAP
2026-04-09 03:00:00+00:00,034730.KS,KRLEVEL_RR|034730|3T|3873|3876|3877,TOTAL_RISK_CAP
2026-04-09 03:00:00+00:00,373220.KS,KRLEVEL_RR|373220|3T|3875|3876|3877,TOTAL_RISK_CAP
2026-04-09 04:00:00+00:00,225570.KQ,KRLEVEL_RR|225570|3T|3873|3876|3878,TOTAL_RISK_CAP
2026-04-10 00:00:00+00:00,420770.KQ,KRLEVEL_RR|420770|6T|3877|3878|3880,TOTAL_RISK_CAP
2026-04-10 01:00:00+00:00,010950.KS,KRLEVEL_RR|010950|3T|3878|3879|3881,TOTAL_RISK_CAP
2026-04-10 01:00:00+00:00,047050.KS,KRLEVEL_RR|047050|2T|3876|3880|3881,TOTAL_RISK_CAP
2026-04-10 01:00:00+00:00,096770.KS,KRLEVEL_RR|096770|3T|3876|3880|3881,TOTAL_RISK_CAP
2026-04-10 01:00:00+00:00,365340.KQ,KRLEVEL_RR|365340|2T|3877|3879|3881,TOTAL_RISK_CAP
2026-04-10 03:00:00+00:00,011200.KS,KRLEVEL_RR|011200|2T|3881|3882|3883,TOTAL_RISK_CAP
2026-04-10 03:00:00+00:00,039200.KQ,KRLEVEL_RR|039200|4T|3876|3881|3883,TOTAL_RISK_CAP
2026-04-10 03:00:00+00:00,357780.KQ,KRLEVEL_RR|357780|3T|3876|3877|3878,TOTAL_RISK_CAP
2026-04-10 04:00:00+00:00,112040.KQ,KRLEVEL_RR|112040|2T|3881|3883|3884,TOTAL_RISK_CAP
2026-04-13 00:00:00+00:00,281740.KQ,KRLEVEL_RR|281740|2T|3881|3884|3886,TOTAL_RISK_CAP
2026-04-13 01:00:00+00:00,010130.KS,KRLEVEL_RR|010130|3T|3882|3885|3887,TOTAL_RISK_CAP
2026-04-13 01:00:00+00:00,372170.KQ,KRLEVEL_RR|372170|3T|3885|3886|3887,TOTAL_RISK_CAP
2026-04-13 02:00:00+00:00,140860.KQ,KRLEVEL_RR|140860|2T|3882|3886|3888,TOTAL_RISK_CAP
2026-04-13 03:00:00+00:00,028300.KQ,KRLEVEL_RR|028300|3T|3886|3888|3889,SAME_TICKER_OPEN
2026-04-13 04:00:00+00:00,121600.KQ,KRLEVEL_RR|121600|4T|3886|3889|3890,TOTAL_RISK_CAP
2026-04-13 05:00:00+00:00,064550.KQ,KRLEVEL_RR|064550|2T|3885|3890|3891,TOTAL_RISK_CAP
2026-04-13 05:00:00+00:00,214370.KQ,KRLEVEL_RR|214370|2T|3829|3830|3831,TOTAL_RISK_CAP
2026-04-14 01:00:00+00:00,033780.KS,KRLEVEL_RR|033780|3T|3887|3892|3893,TOTAL_RISK_CAP
2026-04-14 01:00:00+00:00,041510.KQ,KRLEVEL_RR|041510|3T|3889|3891|3893,TOTAL_RISK_CAP
2026-04-14 01:00:00+00:00,253450.KQ,KRLEVEL_RR|253450|2T|3888|3891|3893,TOTAL_RISK_CAP
2026-04-14 01:00:00+00:00,328130.KQ,KRLEVEL_RR|328130|3T|3889|3891|3893,TOTAL_RISK_CAP
2026-04-14 03:00:00+00:00,009540.KS,KRLEVEL_RR|009540|3T|3893|3894|3895,TOTAL_RISK_CAP
2026-04-14 03:00:00+00:00,032830.KS,KRLEVEL_RR|032830|2T|3893|3894|3895,TOTAL_RISK_CAP
2026-04-14 05:00:00+00:00,009150.KS,KRLEVEL_RR|009150|2T|3893|3895|3897,TOTAL_RISK_CAP
2026-04-14 05:00:00+00:00,066570.KS,KRLEVEL_RR|066570|4T|3893|3895|3897,TOTAL_RISK_CAP
2026-04-14 05:00:00+00:00,277810.KQ,KRLEVEL_RR|277810|2T|3893|3896|3897,TOTAL_RISK_CAP
2026-04-14 05:00:00+00:00,365340.KQ,KRLEVEL_RR|365340|3T|3893|3896|3897,TOTAL_RISK_CAP
2026-04-15 00:00:00+00:00,000810.KS,KRLEVEL_RR|000810|2T|3893|3897|3898,SAME_TICKER_OPEN
2026-04-15 00:00:00+00:00,101490.KQ,KRLEVEL_RR|101490|2T|3893|3896|3898,TOTAL_RISK_CAP
2026-04-15 00:00:00+00:00,140410.KQ,KRLEVEL_RR|140410|2T|3894|3897|3898,TOTAL_RISK_CAP
2026-04-15 01:00:00+00:00,003550.KS,KRLEVEL_RR|003550|4T|3893|3898|3899,TOTAL_RISK_CAP
2026-04-15 01:00:00+00:00,005490.KS,KRLEVEL_RR|005490|2T|3893|3897|3899,TOTAL_RISK_CAP
2026-04-15 01:00:00+00:00,015760.KS,KRLEVEL_RR|015760|3T|3893|3898|3899,TOTAL_RISK_CAP
2026-04-15 01:00:00+00:00,051910.KS,KRLEVEL_RR|051910|3T|3893|3898|3899,TOTAL_RISK_CAP
2026-04-15 01:00:00+00:00,055550.KS,KRLEVEL_RR|055550|2T|3893|3898|3899,TOTAL_RISK_CAP
2026-04-15 01:00:00+00:00,067160.KQ,KRLEVEL_RR|067160|5T|3893|3897|3899,TOTAL_RISK_CAP
2026-04-15 01:00:00+00:00,068270.KS,KRLEVEL_RR|068270|2T|3893|3898|3899,TOTAL_RISK_CAP
2026-04-15 01:00:00+00:00,068760.KQ,KRLEVEL_RR|068760|3T|3893|3897|3899,TOTAL_RISK_CAP
2026-04-15 01:00:00+00:00,323410.KS,KRLEVEL_RR|323410|2T|3893|3897|3899,TOTAL_RISK_CAP
2026-04-15 02:00:00+00:00,348370.KQ,KRLEVEL_RR|348370|2T|3887|3892|3894,TOTAL_RISK_CAP
2026-04-15 04:00:00+00:00,006400.KS,KRLEVEL_RR|006400|4T|3899|3901|3902,TOTAL_RISK_CAP
2026-04-15 04:00:00+00:00,086900.KQ,KRLEVEL_RR|086900|3T|3899|3900|3902,TOTAL_RISK_CAP
2026-04-15 04:00:00+00:00,095340.KQ,KRLEVEL_RR|095340|2T|3899|3901|3902,TOTAL_RISK_CAP
2026-04-15 05:00:00+00:00,012330.KS,KRLEVEL_RR|012330|4T|3899|3901|3903,TOTAL_RISK_CAP
2026-04-15 05:00:00+00:00,357780.KQ,KRLEVEL_RR|357780|4T|3894|3897|3898,TOTAL_RISK_CAP
2026-04-15 05:00:00+00:00,372170.KQ,KRLEVEL_RR|372170|2T|3900|3901|3903,TOTAL_RISK_CAP
2026-04-16 01:00:00+00:00,000270.KS,KRLEVEL_RR|000270|3T|3899|3903|3905,TOTAL_RISK_CAP
2026-04-16 01:00:00+00:00,003670.KS,KRLEVEL_RR|003670|6T|3899|3903|3905,TOTAL_RISK_CAP
2026-04-16 01:00:00+00:00,005380.KS,KRLEVEL_RR|005380|3T|3899|3903|3905,TOTAL_RISK_CAP
2026-04-16 01:00:00+00:00,009520.KQ,KRLEVEL_RR|009520|3T|3899|3904|3905,TOTAL_RISK_CAP
2026-04-16 01:00:00+00:00,011200.KS,KRLEVEL_RR|011200|2T|3897|3903|3905,TOTAL_RISK_CAP
2026-04-16 01:00:00+00:00,018260.KS,KRLEVEL_RR|018260|2T|3899|3903|3905,TOTAL_RISK_CAP
2026-04-16 01:00:00+00:00,034020.KS,KRLEVEL_RR|034020|2T|3899|3903|3905,TOTAL_RISK_CAP
2026-04-16 01:00:00+00:00,042660.KS,KRLEVEL_RR|042660|2T|3899|3904|3905,TOTAL_RISK_CAP
2026-04-16 01:00:00+00:00,112040.KQ,KRLEVEL_RR|112040|4T|3899|3904|3905,TOTAL_RISK_CAP
2026-04-16 01:00:00+00:00,336570.KQ,KRLEVEL_RR|336570|2T|3899|3903|3905,TOTAL_RISK_CAP
2026-04-16 01:00:00+00:00,352820.KS,KRLEVEL_RR|352820|2T|3903|3904|3905,TOTAL_RISK_CAP
2026-04-16 02:00:00+00:00,005930.KS,KRLEVEL_RR|005930|2T|3900|3905|3906,TOTAL_RISK_CAP
2026-04-16 02:00:00+00:00,086520.KQ,KRLEVEL_RR|086520|2T|3834|3838|3840,TOTAL_RISK_CAP
2026-04-16 02:00:00+00:00,383310.KQ,KRLEVEL_RR|383310|2T|3899|3904|3906,TOTAL_RISK_CAP
2026-04-16 04:00:00+00:00,096770.KS,KRLEVEL_RR|096770|3T|3905|3906|3908,TOTAL_RISK_CAP
2026-04-16 04:00:00+00:00,403870.KQ,KRLEVEL_RR|403870|3T|3905|3906|3908,TOTAL_RISK_CAP
2026-04-17 00:00:00+00:00,373220.KS,KRLEVEL_RR|373220|3T|3907|3909|3910,TOTAL_RISK_CAP
2026-04-17 02:00:00+00:00,214370.KQ,KRLEVEL_RR|214370|2T|3848|3850|3852,TOTAL_RISK_CAP
2026-04-17 02:00:00+00:00,329180.KS,KRLEVEL_RR|329180|5T|3905|3910|3912,TOTAL_RISK_CAP
2026-04-17 03:00:00+00:00,047050.KS,KRLEVEL_RR|047050|4T|3911|3912|3913,TOTAL_RISK_CAP
2026-04-17 04:00:00+00:00,086790.KS,KRLEVEL_RR|086790|3T|3912|3913|3914,TOTAL_RISK_CAP
2026-04-17 04:00:00+00:00,096530.KQ,KRLEVEL_RR|096530|2T|3911|3913|3914,TOTAL_RISK_CAP
2026-04-17 05:00:00+00:00,009540.KS,KRLEVEL_RR|009540|4T|3912|3913|3915,TOTAL_RISK_CAP
2026-04-21 00:00:00+00:00,015760.KS,KRLEVEL_RR|015760|2T|3911|3914|3916,TOTAL_RISK_CAP
2026-04-21 01:00:00+00:00,003490.KS,KRLEVEL_RR|003490|4T|3912|3915|3917,TOTAL_RISK_CAP
2026-04-21 01:00:00+00:00,281740.KQ,KRLEVEL_RR|281740|3T|3911|3915|3917,TOTAL_RISK_CAP
2026-04-21 02:00:00+00:00,095340.KQ,KRLEVEL_RR|095340|2T|3915|3916|3918,TOTAL_RISK_CAP
2026-04-21 03:00:00+00:00,393890.KQ,KRLEVEL_RR|393890|2T|3917|3918|3919,TOTAL_RISK_CAP
2026-04-21 05:00:00+00:00,005930.KS,KRLEVEL_RR|005930|2T|3917|3919|3921,TOTAL_RISK_CAP
2026-04-22 01:00:00+00:00,003550.KS,KRLEVEL_RR|003550|2T|3916|3921|3923,TOTAL_RISK_CAP
2026-04-22 01:00:00+00:00,003670.KS,KRLEVEL_RR|003670|2T|3921|3922|3923,TOTAL_RISK_CAP
2026-04-22 01:00:00+00:00,357780.KQ,KRLEVEL_RR|357780|7T|3913|3916|3918,TOTAL_RISK_CAP
2026-04-22 03:00:00+00:00,042660.KS,KRLEVEL_RR|042660|6T|3923|3924|3925,TOTAL_RISK_CAP
2026-04-22 05:00:00+00:00,005290.KQ,KRLEVEL_RR|005290|2T|3923|3926|3927,SAME_TICKER_OPEN
2026-04-22 05:00:00+00:00,047050.KS,KRLEVEL_RR|047050|2T|3924|3926|3927,TOTAL_RISK_CAP
2026-04-22 05:00:00+00:00,403870.KQ,KRLEVEL_RR|403870|4T|3924|3926|3927,TOTAL_RISK_CAP
2026-04-23 00:00:00+00:00,009520.KQ,KRLEVEL_RR|009520|2T|3921|3926|3928,TOTAL_RISK_CAP
2026-04-23 00:00:00+00:00,034730.KS,KRLEVEL_RR|034730|2T|3926|3927|3928,TOTAL_RISK_CAP
2026-04-23 00:00:00+00:00,140860.KQ,KRLEVEL_RR|140860|4T|3923|3927|3928,TOTAL_RISK_CAP
2026-04-23 00:00:00+00:00,329180.KS,KRLEVEL_RR|329180|3T|3925|3926|3928,TOTAL_RISK_CAP
2026-04-23 01:00:00+00:00,068270.KS,KRLEVEL_RR|068270|3T|3925|3927|3929,TOTAL_RISK_CAP
2026-04-23 05:00:00+00:00,010950.KS,KRLEVEL_RR|010950|4T|3929|3932|3933,TOTAL_RISK_CAP
2026-04-24 01:00:00+00:00,033780.KS,KRLEVEL_RR|033780|3T|3929|3934|3935,TOTAL_RISK_CAP
2026-04-24 01:00:00+00:00,140410.KQ,KRLEVEL_RR|140410|4T|3930|3934|3935,TOTAL_RISK_CAP
2026-04-24 01:00:00+00:00,323410.KS,KRLEVEL_RR|323410|3T|3929|3934|3935,TOTAL_RISK_CAP
2026-04-24 02:00:00+00:00,055550.KS,KRLEVEL_RR|055550|2T|3933|3934|3936,TOTAL_RISK_CAP
2026-04-24 02:00:00+00:00,068760.KQ,KRLEVEL_RR|068760|2T|3929|3935|3936,TOTAL_RISK_CAP
2026-04-24 03:00:00+00:00,214370.KQ,KRLEVEL_RR|214370|2T|3870|3875|3877,TOTAL_RISK_CAP
2026-04-24 03:00:00+00:00,277810.KQ,KRLEVEL_RR|277810|3T|3929|3935|3937,TOTAL_RISK_CAP
2026-04-24 03:00:00+00:00,336570.KQ,KRLEVEL_RR|336570|2T|3935|3936|3937,TOTAL_RISK_CAP
2026-04-24 05:00:00+00:00,086790.KS,KRLEVEL_RR|086790|2T|3935|3938|3939,TOTAL_RISK_CAP
2026-04-24 05:00:00+00:00,105560.KS,KRLEVEL_RR|105560|4T|3935|3938|3939,TOTAL_RISK_CAP
2026-04-27 00:00:00+00:00,003490.KS,KRLEVEL_RR|003490|2T|3935|3938|3940,TOTAL_RISK_CAP
2026-04-27 01:00:00+00:00,005930.KS,KRLEVEL_RR|005930|2T|3939|3940|3941,TOTAL_RISK_CAP
2026-04-27 01:00:00+00:00,066570.KS,KRLEVEL_RR|066570|2T|3939|3940|3941,TOTAL_RISK_CAP
2026-04-27 01:00:00+00:00,086520.KQ,KRLEVEL_RR|086520|3T|3873|3874|3875,TOTAL_RISK_CAP
2026-04-27 01:00:00+00:00,086900.KQ,KRLEVEL_RR|086900|3T|3935|3940|3941,TOTAL_RISK_CAP
2026-04-27 01:00:00+00:00,096530.KQ,KRLEVEL_RR|096530|2T|3936|3939|3941,TOTAL_RISK_CAP
2026-04-27 01:00:00+00:00,101490.KQ,KRLEVEL_RR|101490|2T|3937|3940|3941,TOTAL_RISK_CAP
2026-04-27 01:00:00+00:00,253450.KQ,KRLEVEL_RR|253450|2T|3935|3939|3941,TOTAL_RISK_CAP
2026-04-27 01:00:00+00:00,328130.KQ,KRLEVEL_RR|328130|2T|3938|3939|3941,TOTAL_RISK_CAP
2026-04-27 01:00:00+00:00,403870.KQ,KRLEVEL_RR|403870|2T|3939|3940|3941,TOTAL_RISK_CAP
2026-04-27 03:00:00+00:00,000810.KS,KRLEVEL_RR|000810|2T|3940|3941|3943,TOTAL_RISK_CAP
2026-04-27 05:00:00+00:00,009520.KQ,KRLEVEL_RR|009520|2T|3940|3943|3945,TOTAL_RISK_CAP
2026-04-28 01:00:00+00:00,047050.KS,KRLEVEL_RR|047050|2T|3940|3945|3947,TOTAL_RISK_CAP
2026-04-28 01:00:00+00:00,281740.KQ,KRLEVEL_RR|281740|3T|3940|3945|3947,TOTAL_RISK_CAP
2026-04-28 01:00:00+00:00,372170.KQ,KRLEVEL_RR|372170|2T|3940|3946|3947,TOTAL_RISK_CAP
2026-04-28 03:00:00+00:00,009150.KS,KRLEVEL_RR|009150|2T|3947|3948|3949,TOTAL_RISK_CAP
2026-04-28 05:00:00+00:00,003550.KS,KRLEVEL_RR|003550|3T|3947|3950|3951,TOTAL_RISK_CAP
2026-04-28 05:00:00+00:00,035420.KS,KRLEVEL_RR|035420|2T|3947|3950|3951,TOTAL_RISK_CAP
2026-04-29 02:00:00+00:00,034730.KS,KRLEVEL_RR|034730|2T|3947|3953|3954,TOTAL_RISK_CAP
2026-04-29 04:00:00+00:00,086790.KS,KRLEVEL_RR|086790|3T|3954|3955|3956,TOTAL_RISK_CAP
2026-04-29 04:00:00+00:00,420770.KQ,KRLEVEL_RR|420770|2T|3949|3955|3956,TOTAL_RISK_CAP
2026-04-29 05:00:00+00:00,003490.KS,KRLEVEL_RR|003490|2T|3955|3956|3957,TOTAL_RISK_CAP
2026-04-30 01:00:00+00:00,403870.KQ,KRLEVEL_RR|403870|2T|3956|3958|3959,TOTAL_RISK_CAP
2026-04-30 03:00:00+00:00,365340.KQ,KRLEVEL_RR|365340|2T|3959|3960|3961,TOTAL_RISK_CAP
2026-04-30 04:00:00+00:00,095340.KQ,KRLEVEL_RR|095340|3T|3957|3960|3962,TOTAL_RISK_CAP
2026-05-04 03:00:00+00:00,140860.KQ,KRLEVEL_RR|140860|4T|3964|3965|3967,TOTAL_RISK_CAP
2026-05-04 04:00:00+00:00,028260.KS,KRLEVEL_RR|028260|4T|3965|3966|3968,TOTAL_RISK_CAP
2026-05-04 05:00:00+00:00,000810.KS,KRLEVEL_RR|000810|2T|3966|3967|3969,TOTAL_RISK_CAP
2026-05-04 05:00:00+00:00,140410.KQ,KRLEVEL_RR|140410|3T|3965|3968|3969,TOTAL_RISK_CAP
2026-05-06 00:00:00+00:00,005930.KS,KRLEVEL_RR|005930|2T|3968|3969|3970,TOTAL_RISK_CAP
2026-05-06 01:00:00+00:00,003670.KS,KRLEVEL_RR|003670|2T|3965|3970|3971,TOTAL_RISK_CAP
2026-05-06 01:00:00+00:00,010130.KS,KRLEVEL_RR|010130|3T|3965|3969|3971,TOTAL_RISK_CAP
2026-05-06 03:00:00+00:00,323410.KS,KRLEVEL_RR|323410|3T|3971|3972|3973,TOTAL_RISK_CAP
2026-05-06 05:00:00+00:00,012330.KS,KRLEVEL_RR|012330|2T|3968|3974|3975,TOTAL_RISK_CAP
2026-05-06 05:00:00+00:00,281740.KQ,KRLEVEL_RR|281740|2T|3972|3974|3975,TOTAL_RISK_CAP
2026-05-06 05:00:00+00:00,373220.KS,KRLEVEL_RR|373220|3T|3972|3973|3975,TOTAL_RISK_CAP
2026-05-07 00:00:00+00:00,403870.KQ,KRLEVEL_RR|403870|2T|3971|3975|3976,TOTAL_RISK_CAP
2026-05-07 02:00:00+00:00,003550.KS,KRLEVEL_RR|003550|2T|3971|3976|3978,TOTAL_RISK_CAP
2026-05-07 02:00:00+00:00,018260.KS,KRLEVEL_RR|018260|3T|3971|3977|3978,TOTAL_RISK_CAP
2026-05-07 03:00:00+00:00,003490.KS,KRLEVEL_RR|003490|2T|3977|3978|3979,TOTAL_RISK_CAP
2026-05-07 04:00:00+00:00,086790.KS,KRLEVEL_RR|086790|3T|3978|3979|3980,TOTAL_RISK_CAP
2026-05-08 04:00:00+00:00,000810.KS,KRLEVEL_RR|000810|2T|3982|3984|3986,TOTAL_RISK_CAP
2026-05-08 04:00:00+00:00,277810.KQ,KRLEVEL_RR|277810|2T|3983|3985|3986,TOTAL_RISK_CAP
2026-05-08 05:00:00+00:00,055550.KS,KRLEVEL_RR|055550|2T|3980|3985|3987,TOTAL_RISK_CAP
2026-05-08 05:00:00+00:00,068270.KS,KRLEVEL_RR|068270|2T|3984|3985|3987,TOTAL_RISK_CAP
2026-05-08 05:00:00+00:00,095340.KQ,KRLEVEL_RR|095340|3T|3982|3985|3987,TOTAL_RISK_CAP
2026-05-11 00:00:00+00:00,051910.KS,KRLEVEL_RR|051910|2T|3984|3986|3988,TOTAL_RISK_CAP
2026-05-11 01:00:00+00:00,336570.KQ,KRLEVEL_RR|336570|2T|3985|3988|3989,TOTAL_RISK_CAP
2026-05-11 03:00:00+00:00,420770.KQ,KRLEVEL_RR|420770|2T|3989|3990|3991,TOTAL_RISK_CAP
2026-05-11 05:00:00+00:00,009540.KS,KRLEVEL_RR|009540|2T|3989|3992|3993,TOTAL_RISK_CAP
2026-05-12 01:00:00+00:00,017670.KS,KRLEVEL_RR|017670|2T|3990|3993|3995,TOTAL_RISK_CAP
2026-05-12 04:00:00+00:00,214370.KQ,KRLEVEL_RR|214370|3T|3934|3937|3938,TOTAL_RISK_CAP
2026-05-13 01:00:00+00:00,009150.KS,KRLEVEL_RR|009150|2T|3995|4000|4001,TOTAL_RISK_CAP
2026-05-13 01:00:00+00:00,010950.KS,KRLEVEL_RR|010950|2T|3999|4000|4001,TOTAL_RISK_CAP
2026-05-13 01:00:00+00:00,329180.KS,KRLEVEL_RR|329180|3T|3995|4000|4001,TOTAL_RISK_CAP
2026-05-13 03:00:00+00:00,000810.KS,KRLEVEL_RR|000810|2T|3997|4002|4003,TOTAL_RISK_CAP
2026-05-13 04:00:00+00:00,086900.KQ,KRLEVEL_RR|086900|2T|4002|4003|4004,TOTAL_RISK_CAP
2026-05-13 04:00:00+00:00,101490.KQ,KRLEVEL_RR|101490|2T|4000|4002|4004,TOTAL_RISK_CAP
2026-05-13 04:00:00+00:00,281740.KQ,KRLEVEL_RR|281740|2T|4002|4003|4004,TOTAL_RISK_CAP
2026-05-13 05:00:00+00:00,357780.KQ,KRLEVEL_RR|357780|9T|3997|3998|4000,TOTAL_RISK_CAP
2026-05-14 00:00:00+00:00,000270.KS,KRLEVEL_RR|000270|2T|4003|4004|4006,TOTAL_RISK_CAP
2026-05-14 00:00:00+00:00,003490.KS,KRLEVEL_RR|003490|3T|4002|4005|4006,TOTAL_RISK_CAP
2026-05-14 05:00:00+00:00,041510.KQ,KRLEVEL_RR|041510|4T|4008|4009|4011,TOTAL_RISK_CAP
2026-05-14 05:00:00+00:00,328130.KQ,KRLEVEL_RR|328130|2T|4004|4010|4011,TOTAL_RISK_CAP
2026-05-15 00:00:00+00:00,005490.KS,KRLEVEL_RR|005490|2T|4004|4010|4012,TOTAL_RISK_CAP
2026-05-15 01:00:00+00:00,078600.KQ,KRLEVEL_RR|078600|2T|4011|4012|4013,TOTAL_RISK_CAP
2026-05-15 04:00:00+00:00,010950.KS,KRLEVEL_RR|010950|2T|4012|4015|4016,TOTAL_RISK_CAP
2026-05-15 04:00:00+00:00,122870.KQ,KRLEVEL_RR|122870|2T|4011|4015|4016,TOTAL_RISK_CAP
2026-05-18 04:00:00+00:00,032830.KS,KRLEVEL_RR|032830|2T|4019|4020|4022,TOTAL_RISK_CAP
2026-05-18 05:00:00+00:00,225570.KQ,KRLEVEL_RR|225570|3T|4016|4022|4023,TOTAL_RISK_CAP
2026-05-19 00:00:00+00:00,393890.KQ,KRLEVEL_RR|393890|3T|4020|4022|4024,TOTAL_RISK_CAP
2026-05-20 00:00:00+00:00,041510.KQ,KRLEVEL_RR|041510|4T|4025|4029|4030,TOTAL_RISK_CAP
2026-05-21 00:00:00+00:00,222800.KQ,KRLEVEL_RR|222800|2T|4032|4034|4036,TOTAL_RISK_CAP
2026-05-21 01:00:00+00:00,017670.KS,KRLEVEL_RR|017670|2T|4030|4036|4037,TOTAL_RISK_CAP
2026-05-21 04:00:00+00:00,005290.KQ,KRLEVEL_RR|005290|6T|4037|4038|4040,TOTAL_RISK_CAP
2026-05-21 04:00:00+00:00,068270.KS,KRLEVEL_RR|068270|2T|4038|4039|4040,TOTAL_RISK_CAP
2026-05-21 04:00:00+00:00,336570.KQ,KRLEVEL_RR|336570|3T|4037|4038|4040,TOTAL_RISK_CAP
2026-05-22 00:00:00+00:00,003550.KS,KRLEVEL_RR|003550|2T|4039|4040|4042,TOTAL_RISK_CAP
2026-05-22 00:00:00+00:00,140860.KQ,KRLEVEL_RR|140860|4T|4037|4040|4042,TOTAL_RISK_CAP
2026-05-22 01:00:00+00:00,009540.KS,KRLEVEL_RR|009540|2T|4039|4042|4043,TOTAL_RISK_CAP
2026-05-22 01:00:00+00:00,011200.KS,KRLEVEL_RR|011200|9T|4037|4041|4043,TOTAL_RISK_CAP
2026-05-22 01:00:00+00:00,018260.KS,KRLEVEL_RR|018260|6T|4041|4042|4043,TOTAL_RISK_CAP
2026-05-22 01:00:00+00:00,033780.KS,KRLEVEL_RR|033780|5T|4037|4041|4043,TOTAL_RISK_CAP
2026-05-22 01:00:00+00:00,035420.KS,KRLEVEL_RR|035420|4T|4037|4041|4043,TOTAL_RISK_CAP
2026-05-22 01:00:00+00:00,086790.KS,KRLEVEL_RR|086790|3T|4040|4041|4043,TOTAL_RISK_CAP
2026-05-22 01:00:00+00:00,105560.KS,KRLEVEL_RR|105560|3T|4040|4041|4043,TOTAL_RISK_CAP
2026-05-22 01:00:00+00:00,121600.KQ,KRLEVEL_RR|121600|8T|4037|4041|4043,TOTAL_RISK_CAP
2026-05-22 01:00:00+00:00,323410.KS,KRLEVEL_RR|323410|4T|4037|4041|4043,TOTAL_RISK_CAP
2026-05-22 01:00:00+00:00,365340.KQ,KRLEVEL_RR|365340|2T|4037|4042|4043,TOTAL_RISK_CAP
2026-05-22 01:00:00+00:00,383310.KQ,KRLEVEL_RR|383310|2T|4039|4041|4043,TOTAL_RISK_CAP
2026-05-22 03:00:00+00:00,041510.KQ,KRLEVEL_RR|041510|5T|4043|4044|4045,TOTAL_RISK_CAP
2026-05-22 03:00:00+00:00,067160.KQ,KRLEVEL_RR|067160|2T|4043|4044|4045,TOTAL_RISK_CAP
2026-05-22 03:00:00+00:00,086900.KQ,KRLEVEL_RR|086900|2T|4037|4043|4045,TOTAL_RISK_CAP
2026-05-22 04:00:00+00:00,000270.KS,KRLEVEL_RR|000270|6T|4038|4044|4046,TOTAL_RISK_CAP
2026-05-22 04:00:00+00:00,009520.KQ,KRLEVEL_RR|009520|6T|4043|4044|4046,TOTAL_RISK_CAP
2026-05-22 04:00:00+00:00,015760.KS,KRLEVEL_RR|015760|3T|4043|4045|4046,TOTAL_RISK_CAP
2026-05-22 04:00:00+00:00,348370.KQ,KRLEVEL_RR|348370|2T|4037|4038|4040,TOTAL_RISK_CAP
2026-05-26 01:00:00+00:00,403870.KQ,KRLEVEL_RR|403870|4T|4046|4047|4049,TOTAL_RISK_CAP
2026-05-26 02:00:00+00:00,000810.KS,KRLEVEL_RR|000810|5T|4043|4048|4050,TOTAL_RISK_CAP
2026-05-26 02:00:00+00:00,042660.KS,KRLEVEL_RR|042660|2T|4044|4049|4050,TOTAL_RISK_CAP
2026-05-26 04:00:00+00:00,003490.KS,KRLEVEL_RR|003490|4T|4049|4051|4052,TOTAL_RISK_CAP
2026-05-27 01:00:00+00:00,086520.KQ,KRLEVEL_RR|086520|5T|3983|3987|3989,TOTAL_RISK_CAP
2026-05-27 02:00:00+00:00,214370.KQ,KRLEVEL_RR|214370|2T|3989|3995|3996,SAME_TICKER_OPEN
2026-05-28 03:00:00+00:00,420770.KQ,KRLEVEL_RR|420770|4T|4061|4062|4063,TOTAL_RISK_CAP
2026-05-29 00:00:00+00:00,033780.KS,KRLEVEL_RR|033780|2T|4062|4064|4066,TOTAL_RISK_CAP
2026-05-29 00:00:00+00:00,373220.KS,KRLEVEL_RR|373220|7T|4061|4064|4066,TOTAL_RISK_CAP
2026-05-29 01:00:00+00:00,006400.KS,KRLEVEL_RR|006400|4T|4061|4066|4067,TOTAL_RISK_CAP
2026-05-29 01:00:00+00:00,035420.KS,KRLEVEL_RR|035420|4T|4061|4066|4067,TOTAL_RISK_CAP
2026-05-29 02:00:00+00:00,003670.KS,KRLEVEL_RR|003670|2T|4066|4067|4068,TOTAL_RISK_CAP
2026-05-29 03:00:00+00:00,017670.KS,KRLEVEL_RR|017670|3T|4067|4068|4069,TOTAL_RISK_CAP
2026-05-29 03:00:00+00:00,032830.KS,KRLEVEL_RR|032830|2T|4067|4068|4069,TOTAL_RISK_CAP
2026-05-29 03:00:00+00:00,039200.KQ,KRLEVEL_RR|039200|2T|4066|4068|4069,TOTAL_RISK_CAP
2026-05-29 04:00:00+00:00,003490.KS,KRLEVEL_RR|003490|2T|4066|4068|4070,TOTAL_RISK_CAP
2026-05-29 04:00:00+00:00,051910.KS,KRLEVEL_RR|051910|2T|4068|4069|4070,TOTAL_RISK_CAP
2026-05-29 05:00:00+00:00,105560.KS,KRLEVEL_RR|105560|3T|4068|4069|4071,TOTAL_RISK_CAP
2026-06-01 01:00:00+00:00,028300.KQ,KRLEVEL_RR|028300|2T|4069|4072|4073,TOTAL_RISK_CAP
2026-06-01 01:00:00+00:00,035720.KS,KRLEVEL_RR|035720|2T|4067|4072|4073,TOTAL_RISK_CAP
2026-06-01 01:00:00+00:00,277810.KQ,KRLEVEL_RR|277810|2T|4069|4071|4073,TOTAL_RISK_CAP
2026-06-01 03:00:00+00:00,000270.KS,KRLEVEL_RR|000270|4T|4070|4074|4075,TOTAL_RISK_CAP
2026-06-01 03:00:00+00:00,005380.KS,KRLEVEL_RR|005380|2T|4071|4074|4075,TOTAL_RISK_CAP
2026-06-02 04:00:00+00:00,010950.KS,KRLEVEL_RR|010950|3T|4080|4081|4082,TOTAL_RISK_CAP
2026-06-02 05:00:00+00:00,033780.KS,KRLEVEL_RR|033780|3T|4081|4082|4083,TOTAL_RISK_CAP
2026-06-04 00:00:00+00:00,096530.KQ,KRLEVEL_RR|096530|3T|4079|4082|4084,TOTAL_RISK_CAP
2026-06-04 00:00:00+00:00,105560.KS,KRLEVEL_RR|105560|2T|4082|4083|4084,TOTAL_RISK_CAP
2026-06-04 02:00:00+00:00,336570.KQ,KRLEVEL_RR|336570|3T|4084|4085|4086,TOTAL_RISK_CAP
2026-06-04 03:00:00+00:00,055550.KS,KRLEVEL_RR|055550|2T|4085|4086|4087,TOTAL_RISK_CAP
2026-06-04 05:00:00+00:00,323410.KS,KRLEVEL_RR|323410|8T|4087|4088|4089,TOTAL_RISK_CAP
2026-06-05 01:00:00+00:00,039200.KQ,KRLEVEL_RR|039200|3T|4086|4090|4091,TOTAL_RISK_CAP
2026-06-05 01:00:00+00:00,086790.KS,KRLEVEL_RR|086790|2T|4087|4089|4091,TOTAL_RISK_CAP
2026-06-05 01:00:00+00:00,403870.KQ,KRLEVEL_RR|403870|2T|4085|4090|4091,TOTAL_RISK_CAP
2026-06-08 00:00:00+00:00,028260.KS,KRLEVEL_RR|028260|4T|4094|4095|4096,INVALID_STOP
2026-06-09 03:00:00+00:00,009150.KS,KRLEVEL_RR|009150|2T|4103|4104|4105,TOTAL_RISK_CAP
2026-06-09 03:00:00+00:00,323410.KS,KRLEVEL_RR|323410|8T|4101|4103|4105,TOTAL_RISK_CAP
2026-06-09 04:00:00+00:00,005930.KS,KRLEVEL_RR|005930|2T|4103|4104|4106,TOTAL_RISK_CAP
2026-06-09 04:00:00+00:00,086790.KS,KRLEVEL_RR|086790|2T|4103|4105|4106,TOTAL_RISK_CAP
2026-06-09 04:00:00+00:00,403870.KQ,KRLEVEL_RR|403870|4T|4103|4105|4106,TOTAL_RISK_CAP
2026-06-09 05:00:00+00:00,000270.KS,KRLEVEL_RR|000270|3T|4105|4106|4107,TOTAL_RISK_CAP
2026-06-09 05:00:00+00:00,003490.KS,KRLEVEL_RR|003490|2T|4105|4106|4107,TOTAL_RISK_CAP
2026-06-09 05:00:00+00:00,010950.KS,KRLEVEL_RR|010950|3T|4103|4105|4107,TOTAL_RISK_CAP
2026-06-09 05:00:00+00:00,277810.KQ,KRLEVEL_RR|277810|6T|4103|4106|4107,TOTAL_RISK_CAP
2026-06-10 01:00:00+00:00,033780.KS,KRLEVEL_RR|033780|3T|4104|4107|4109,TOTAL_RISK_CAP
2026-06-11 04:00:00+00:00,214370.KQ,KRLEVEL_RR|214370|2T|4055|4056|4058,TOTAL_RISK_CAP
2026-06-11 05:00:00+00:00,420770.KQ,KRLEVEL_RR|420770|6T|4115|4118|4119,TOTAL_RISK_CAP
2026-06-12 01:00:00+00:00,000660.KS,KRLEVEL_RR|000660|2T|4118|4119|4121,SAME_TICKER_OPEN
2026-06-12 01:00:00+00:00,000810.KS,KRLEVEL_RR|000810|2T|4118|4119|4121,TOTAL_RISK_CAP
2026-06-12 01:00:00+00:00,003490.KS,KRLEVEL_RR|003490|2T|4118|4119|4121,TOTAL_RISK_CAP
2026-06-12 01:00:00+00:00,005290.KQ,KRLEVEL_RR|005290|2T|4115|4119|4121,TOTAL_RISK_CAP
2026-06-12 01:00:00+00:00,006400.KS,KRLEVEL_RR|006400|3T|4119|4120|4121,TOTAL_RISK_CAP
2026-06-12 01:00:00+00:00,034730.KS,KRLEVEL_RR|034730|2T|4118|4119|4121,TOTAL_RISK_CAP
2026-06-12 01:00:00+00:00,095340.KQ,KRLEVEL_RR|095340|2T|4119|4120|4121,TOTAL_RISK_CAP
2026-06-12 01:00:00+00:00,352820.KS,KRLEVEL_RR|352820|2T|4119|4120|4121,TOTAL_RISK_CAP
2026-06-12 01:00:00+00:00,403870.KQ,KRLEVEL_RR|403870|3T|4118|4119|4121,TOTAL_RISK_CAP
2026-06-12 02:00:00+00:00,323410.KS,KRLEVEL_RR|323410|3T|4119|4121|4122,TOTAL_RISK_CAP
2026-06-12 03:00:00+00:00,122870.KQ,KRLEVEL_RR|122870|3T|4121|4122|4123,TOTAL_RISK_CAP
2026-06-12 04:00:00+00:00,000270.KS,KRLEVEL_RR|000270|2T|4121|4122|4124,TOTAL_RISK_CAP
2026-06-12 04:00:00+00:00,055550.KS,KRLEVEL_RR|055550|7T|4121|4122|4124,TOTAL_RISK_CAP
2026-06-12 04:00:00+00:00,086790.KS,KRLEVEL_RR|086790|5T|4121|4122|4124,TOTAL_RISK_CAP
2026-06-12 04:00:00+00:00,105560.KS,KRLEVEL_RR|105560|9T|4121|4122|4124,TOTAL_RISK_CAP
2026-06-12 04:00:00+00:00,140410.KQ,KRLEVEL_RR|140410|2T|4121|4122|4124,TOTAL_RISK_CAP
2026-06-12 04:00:00+00:00,357780.KQ,KRLEVEL_RR|357780|4T|4117|4118|4119,TOTAL_RISK_CAP
2026-06-15 01:00:00+00:00,005490.KS,KRLEVEL_RR|005490|6T|4121|4126|4127,TOTAL_RISK_CAP
2026-06-15 01:00:00+00:00,010950.KS,KRLEVEL_RR|010950|4T|4125|4126|4127,TOTAL_RISK_CAP
2026-06-15 01:00:00+00:00,012330.KS,KRLEVEL_RR|012330|2T|4121|4125|4127,TOTAL_RISK_CAP
2026-06-15 01:00:00+00:00,042660.KS,KRLEVEL_RR|042660|3T|4122|4125|4127,TOTAL_RISK_CAP
2026-06-15 01:00:00+00:00,064550.KQ,KRLEVEL_RR|064550|2T|4121|4126|4127,TOTAL_RISK_CAP
2026-06-15 01:00:00+00:00,068270.KS,KRLEVEL_RR|068270|3T|4122|4126|4127,TOTAL_RISK_CAP
2026-06-15 01:00:00+00:00,140860.KQ,KRLEVEL_RR|140860|6T|4121|4125|4127,TOTAL_RISK_CAP
2026-06-15 01:00:00+00:00,207940.KS,KRLEVEL_RR|207940|2T|4021|4024|4026,TOTAL_RISK_CAP
2026-06-15 01:00:00+00:00,348370.KQ,KRLEVEL_RR|348370|3T|4114|4119|4121,TOTAL_RISK_CAP
2026-06-15 01:00:00+00:00,383310.KQ,KRLEVEL_RR|383310|2T|4121|4125|4127,TOTAL_RISK_CAP
2026-06-15 02:00:00+00:00,033780.KS,KRLEVEL_RR|033780|6T|4122|4126|4128,TOTAL_RISK_CAP
2026-06-15 02:00:00+00:00,067160.KQ,KRLEVEL_RR|067160|3T|4124|4127|4128,TOTAL_RISK_CAP
2026-06-15 03:00:00+00:00,009520.KQ,KRLEVEL_RR|009520|2T|4127|4128|4129,TOTAL_RISK_CAP
2026-06-15 03:00:00+00:00,009540.KS,KRLEVEL_RR|009540|3T|4127|4128|4129,TOTAL_RISK_CAP
2026-06-15 03:00:00+00:00,086520.KQ,KRLEVEL_RR|086520|3T|4061|4062|4063,TOTAL_RISK_CAP
2026-06-15 04:00:00+00:00,017670.KS,KRLEVEL_RR|017670|3T|4127|4129|4130,TOTAL_RISK_CAP
2026-06-15 04:00:00+00:00,329180.KS,KRLEVEL_RR|329180|6T|4127|4129|4130,TOTAL_RISK_CAP
2026-06-16 00:00:00+00:00,373220.KS,KRLEVEL_RR|373220|4T|4127|4130|4132,TOTAL_RISK_CAP
2026-06-16 01:00:00+00:00,041510.KQ,KRLEVEL_RR|041510|4T|4131|4132|4133,TOTAL_RISK_CAP
2026-06-16 02:00:00+00:00,011200.KS,KRLEVEL_RR|011200|2T|4127|4133|4134,TOTAL_RISK_CAP
2026-06-16 04:00:00+00:00,000660.KS,KRLEVEL_RR|000660|3T|4133|4134|4136,TOTAL_RISK_CAP
2026-06-16 04:00:00+00:00,352820.KS,KRLEVEL_RR|352820|2T|4133|4135|4136,TOTAL_RISK_CAP
2026-06-17 02:00:00+00:00,009150.KS,KRLEVEL_RR|009150|3T|4133|4139|4140,TOTAL_RISK_CAP
2026-06-17 02:00:00+00:00,122870.KQ,KRLEVEL_RR|122870|2T|4138|4139|4140,TOTAL_RISK_CAP
2026-06-17 02:00:00+00:00,140410.KQ,KRLEVEL_RR|140410|2T|4137|4138|4140,TOTAL_RISK_CAP
2026-06-17 03:00:00+00:00,028300.KQ,KRLEVEL_RR|028300|2T|4138|4140|4141,TOTAL_RISK_CAP
2026-06-17 04:00:00+00:00,096530.KQ,KRLEVEL_RR|096530|4T|4139|4140|4142,TOTAL_RISK_CAP
2026-06-17 05:00:00+00:00,383310.KQ,KRLEVEL_RR|383310|6T|4139|4142|4143,TOTAL_RISK_CAP
2026-06-18 00:00:00+00:00,032830.KS,KRLEVEL_RR|032830|2T|4139|4143|4144,TOTAL_RISK_CAP
2026-06-18 01:00:00+00:00,207940.KS,KRLEVEL_RR|207940|3T|4041|4042|4044,TOTAL_RISK_CAP
2026-06-18 05:00:00+00:00,005290.KQ,KRLEVEL_RR|005290|6T|4147|4148|4149,TOTAL_RISK_CAP
2026-06-18 05:00:00+00:00,420770.KQ,KRLEVEL_RR|420770|4T|4146|4148|4149,TOTAL_RISK_CAP
2026-06-19 00:00:00+00:00,357780.KQ,KRLEVEL_RR|357780|3T|4138|4144|4145,TOTAL_RISK_CAP
2026-06-19 01:00:00+00:00,034730.KS,KRLEVEL_RR|034730|5T|4143|4149|4151,TOTAL_RISK_CAP
2026-06-22 01:00:00+00:00,028260.KS,KRLEVEL_RR|028260|2T|4151|4155|4157,TOTAL_RISK_CAP
2026-06-23 00:00:00+00:00,222800.KQ,KRLEVEL_RR|222800|4T|4157|4161|4162,TOTAL_RISK_CAP
2026-06-25 00:00:00+00:00,207940.KS,KRLEVEL_RR|207940|3T|4069|4072|4073,TOTAL_RISK_CAP
2026-06-25 01:00:00+00:00,003490.KS,KRLEVEL_RR|003490|5T|4170|4174|4175,TOTAL_RISK_CAP
2026-06-25 01:00:00+00:00,028300.KQ,KRLEVEL_RR|028300|2T|4169|4173|4175,TOTAL_RISK_CAP
2026-06-25 01:00:00+00:00,068270.KS,KRLEVEL_RR|068270|3T|4172|4173|4175,TOTAL_RISK_CAP
2026-06-25 03:00:00+00:00,096530.KQ,KRLEVEL_RR|096530|4T|4175|4176|4177,TOTAL_RISK_CAP
2026-06-25 05:00:00+00:00,009150.KS,KRLEVEL_RR|009150|3T|4175|4178|4179,TOTAL_RISK_CAP
2026-06-26 00:00:00+00:00,015760.KS,KRLEVEL_RR|015760|4T|4175|4179|4180,TOTAL_RISK_CAP
2026-06-29 01:00:00+00:00,067160.KQ,KRLEVEL_RR|067160|2T|4182|4185|4187,TOTAL_RISK_CAP
2026-06-29 01:00:00+00:00,403870.KQ,KRLEVEL_RR|403870|2T|4183|4185|4187,TOTAL_RISK_CAP
2026-06-29 01:00:00+00:00,420770.KQ,KRLEVEL_RR|420770|2T|4182|4186|4187,TOTAL_RISK_CAP
2026-06-29 02:00:00+00:00,383310.KQ,KRLEVEL_RR|383310|4T|4182|4187|4188,TOTAL_RISK_CAP
2026-06-29 03:00:00+00:00,207940.KS,KRLEVEL_RR|207940|5T|4086|4087|4088,TOTAL_RISK_CAP
2026-06-29 04:00:00+00:00,086900.KQ,KRLEVEL_RR|086900|4T|4188|4189|4190,TOTAL_RISK_CAP
2026-06-29 04:00:00+00:00,253450.KQ,KRLEVEL_RR|253450|2T|4188|4189|4190,TOTAL_RISK_CAP
2026-06-30 00:00:00+00:00,006400.KS,KRLEVEL_RR|006400|2T|4189|4190|4192,TOTAL_RISK_CAP
2026-06-30 00:00:00+00:00,009520.KQ,KRLEVEL_RR|009520|2T|4190|4191|4192,TOTAL_RISK_CAP
2026-06-30 00:00:00+00:00,028300.KQ,KRLEVEL_RR|028300|2T|4189|4190|4192,TOTAL_RISK_CAP
2026-06-30 00:00:00+00:00,035420.KS,KRLEVEL_RR|035420|2T|4189|4190|4192,TOTAL_RISK_CAP
2026-06-30 00:00:00+00:00,068270.KS,KRLEVEL_RR|068270|7T|4190|4191|4192,TOTAL_RISK_CAP
2026-06-30 00:00:00+00:00,122870.KQ,KRLEVEL_RR|122870|2T|4190|4191|4192,TOTAL_RISK_CAP
2026-06-30 00:00:00+00:00,348370.KQ,KRLEVEL_RR|348370|2T|4183|4185|4186,TOTAL_RISK_CAP
2026-06-30 01:00:00+00:00,112040.KQ,KRLEVEL_RR|112040|2T|4191|4192|4193,TOTAL_RISK_CAP
2026-06-30 02:00:00+00:00,005290.KQ,KRLEVEL_RR|005290|2T|4192|4193|4194,TOTAL_RISK_CAP
2026-06-30 03:00:00+00:00,005930.KS,KRLEVEL_RR|005930|2T|4192|4194|4195,SAME_TICKER_OPEN
2026-06-30 04:00:00+00:00,140860.KQ,KRLEVEL_RR|140860|3T|4194|4195|4196,TOTAL_RISK_CAP
2026-06-30 04:00:00+00:00,222800.KQ,KRLEVEL_RR|222800|2T|4194|4195|4196,TOTAL_RISK_CAP
2026-06-30 04:00:00+00:00,336570.KQ,KRLEVEL_RR|336570|3T|4193|4195|4196,TOTAL_RISK_CAP
2026-06-30 05:00:00+00:00,055550.KS,KRLEVEL_RR|055550|6T|4192|4195|4197,TOTAL_RISK_CAP
2026-06-30 05:00:00+00:00,105560.KS,KRLEVEL_RR|105560|2T|4193|4195|4197,TOTAL_RISK_CAP
2026-06-30 05:00:00+00:00,357780.KQ,KRLEVEL_RR|357780|2T|4188|4190|4192,TOTAL_RISK_CAP
2026-07-02 00:00:00+00:00,214370.KQ,KRLEVEL_RR|214370|2T|4141|4142|4144,TOTAL_RISK_CAP
2026-07-02 05:00:00+00:00,000270.KS,KRLEVEL_RR|000270|3T|4206|4208|4209,TOTAL_RISK_CAP
2026-07-02 05:00:00+00:00,010950.KS,KRLEVEL_RR|010950|5T|4206|4208|4209,TOTAL_RISK_CAP
2026-07-02 05:00:00+00:00,011200.KS,KRLEVEL_RR|011200|4T|4206|4208|4209,TOTAL_RISK_CAP
2026-07-02 05:00:00+00:00,018260.KS,KRLEVEL_RR|018260|3T|4206|4208|4209,TOTAL_RISK_CAP
2026-07-03 01:00:00+00:00,068270.KS,KRLEVEL_RR|068270|4T|4206|4209|4211,TOTAL_RISK_CAP
2026-07-03 02:00:00+00:00,033780.KS,KRLEVEL_RR|033780|2T|4206|4210|4212,TOTAL_RISK_CAP
2026-07-03 02:00:00+00:00,323410.KS,KRLEVEL_RR|323410|2T|4206|4211|4212,TOTAL_RISK_CAP
2026-07-03 04:00:00+00:00,003550.KS,KRLEVEL_RR|003550|3T|4209|4213|4214,TOTAL_RISK_CAP
2026-07-03 04:00:00+00:00,032830.KS,KRLEVEL_RR|032830|4T|4212|4213|4214,TOTAL_RISK_CAP
2026-07-03 04:00:00+00:00,055550.KS,KRLEVEL_RR|055550|2T|4211|4212|4214,TOTAL_RISK_CAP
2026-07-06 00:00:00+00:00,034730.KS,KRLEVEL_RR|034730|3T|4213|4215|4216,TOTAL_RISK_CAP
2026-07-06 01:00:00+00:00,000660.KS,KRLEVEL_RR|000660|6T|4215|4216|4217,TOTAL_RISK_CAP
2026-07-06 01:00:00+00:00,000810.KS,KRLEVEL_RR|000810|4T|4213|4215|4217,TOTAL_RISK_CAP
2026-07-06 01:00:00+00:00,028260.KS,KRLEVEL_RR|028260|2T|4214|4215|4217,TOTAL_RISK_CAP
2026-07-06 01:00:00+00:00,086790.KS,KRLEVEL_RR|086790|5T|4213|4216|4217,TOTAL_RISK_CAP
2026-07-06 01:00:00+00:00,096530.KQ,KRLEVEL_RR|096530|3T|4213|4215|4217,TOTAL_RISK_CAP
2026-07-06 05:00:00+00:00,140860.KQ,KRLEVEL_RR|140860|2T|4216|4219|4221,TOTAL_RISK_CAP
2026-07-07 01:00:00+00:00,010950.KS,KRLEVEL_RR|010950|8T|4221|4222|4223,TOTAL_RISK_CAP
2026-07-07 01:00:00+00:00,028300.KQ,KRLEVEL_RR|028300|2T|4217|4221|4223,TOTAL_RISK_CAP
2026-07-07 01:00:00+00:00,067160.KQ,KRLEVEL_RR|067160|3T|4217|4221|4223,TOTAL_RISK_CAP
2026-07-07 02:00:00+00:00,352820.KS,KRLEVEL_RR|352820|4T|4217|4223|4224,TOTAL_RISK_CAP
2026-07-08 00:00:00+00:00,096770.KS,KRLEVEL_RR|096770|4T|4223|4226|4228,TOTAL_RISK_CAP
2026-07-08 02:00:00+00:00,011200.KS,KRLEVEL_RR|011200|4T|4228|4229|4230,TOTAL_RISK_CAP
2026-07-09 02:00:00+00:00,222800.KQ,KRLEVEL_RR|222800|2T|4229|4235|4236,TOTAL_RISK_CAP
2026-07-09 02:00:00+00:00,420770.KQ,KRLEVEL_RR|420770|5T|4234|4235|4236,TOTAL_RISK_CAP
2026-07-10 00:00:00+00:00,000660.KS,KRLEVEL_RR|000660|2T|4235|4238|4240,TOTAL_RISK_CAP
2026-07-10 00:00:00+00:00,017670.KS,KRLEVEL_RR|017670|2T|4235|4238|4240,TOTAL_RISK_CAP
2026-07-10 00:00:00+00:00,034730.KS,KRLEVEL_RR|034730|2T|4238|4239|4240,TOTAL_RISK_CAP
2026-07-10 00:00:00+00:00,105560.KS,KRLEVEL_RR|105560|2T|4235|4239|4240,TOTAL_RISK_CAP
2026-07-10 01:00:00+00:00,112040.KQ,KRLEVEL_RR|112040|2T|4239|4240|4241,TOTAL_RISK_CAP
2026-07-10 03:00:00+00:00,018260.KS,KRLEVEL_RR|018260|7T|4241|4242|4243,TOTAL_RISK_CAP
2026-07-10 03:00:00+00:00,207940.KS,KRLEVEL_RR|207940|5T|4140|4141|4142,TOTAL_RISK_CAP
2026-07-10 03:00:00+00:00,225570.KQ,KRLEVEL_RR|225570|2T|4241|4242|4243,TOTAL_RISK_CAP
2026-07-10 03:00:00+00:00,352820.KS,KRLEVEL_RR|352820|7T|4241|4242|4243,TOTAL_RISK_CAP
2026-07-10 04:00:00+00:00,005930.KS,KRLEVEL_RR|005930|2T|4241|4242|4244,TOTAL_RISK_CAP
2026-07-10 04:00:00+00:00,009150.KS,KRLEVEL_RR|009150|2T|4241|4243|4244,TOTAL_RISK_CAP
2026-07-10 04:00:00+00:00,055550.KS,KRLEVEL_RR|055550|4T|4241|4243|4244,TOTAL_RISK_CAP
2026-07-13 00:00:00+00:00,086520.KQ,KRLEVEL_RR|086520|2T|4175|4178|4180,TOTAL_RISK_CAP
2026-07-13 01:00:00+00:00,000270.KS,KRLEVEL_RR|000270|2T|4243|4246|4247,TOTAL_RISK_CAP
2026-07-13 01:00:00+00:00,011200.KS,KRLEVEL_RR|011200|3T|4241|4246|4247,TOTAL_RISK_CAP
2026-07-13 01:00:00+00:00,051910.KS,KRLEVEL_RR|051910|2T|4241|4246|4247,TOTAL_RISK_CAP
2026-07-13 01:00:00+00:00,086790.KS,KRLEVEL_RR|086790|3T|4241|4246|4247,TOTAL_RISK_CAP
2026-07-13 01:00:00+00:00,096530.KQ,KRLEVEL_RR|096530|4T|4244|4245|4247,TOTAL_RISK_CAP
2026-07-13 01:00:00+00:00,096770.KS,KRLEVEL_RR|096770|2T|4241|4246|4247,TOTAL_RISK_CAP
2026-07-13 01:00:00+00:00,323410.KS,KRLEVEL_RR|323410|10T|4242|4245|4247,TOTAL_RISK_CAP
2026-07-13 01:00:00+00:00,357780.KQ,KRLEVEL_RR|357780|2T|4237|4241|4242,TOTAL_RISK_CAP
2026-07-13 01:00:00+00:00,383310.KQ,KRLEVEL_RR|383310|2T|4243|4245|4247,TOTAL_RISK_CAP
2026-07-14 05:00:00+00:00,047050.KS,KRLEVEL_RR|047050|2T|4252|4255|4257,TOTAL_RISK_CAP
2026-07-15 01:00:00+00:00,000810.KS,KRLEVEL_RR|000810|2T|4256|4257|4259,TOTAL_RISK_CAP
2026-07-15 01:00:00+00:00,033780.KS,KRLEVEL_RR|033780|2T|4256|4257|4259,TOTAL_RISK_CAP
2026-07-15 01:00:00+00:00,420770.KQ,KRLEVEL_RR|420770|5T|4257|4258|4259,TOTAL_RISK_CAP
2026-07-15 03:00:00+00:00,207940.KS,KRLEVEL_RR|207940|5T|4158|4159|4160,TOTAL_RISK_CAP
2026-07-15 04:00:00+00:00,000660.KS,KRLEVEL_RR|000660|2T|4259|4260|4262,TOTAL_RISK_CAP
2026-07-15 04:00:00+00:00,068270.KS,KRLEVEL_RR|068270|3T|4255|4260|4262,SAME_TICKER_OPEN
2026-07-15 04:00:00+00:00,095340.KQ,KRLEVEL_RR|095340|2T|4259|4261|4262,TOTAL_RISK_CAP
2026-07-15 04:00:00+00:00,112040.KQ,KRLEVEL_RR|112040|2T|4259|4261|4262,TOTAL_RISK_CAP
2026-07-16 00:00:00+00:00,011200.KS,KRLEVEL_RR|011200|6T|4259|4263|4264,TOTAL_RISK_CAP
2026-07-16 00:00:00+00:00,222800.KQ,KRLEVEL_RR|222800|3T|4262|4263|4264,TOTAL_RISK_CAP
2026-07-16 00:00:00+00:00,373220.KS,KRLEVEL_RR|373220|2T|4259|4262|4264,TOTAL_RISK_CAP
2026-07-16 01:00:00+00:00,096770.KS,KRLEVEL_RR|096770|2T|4263|4264|4265,TOTAL_RISK_CAP
2026-07-16 05:00:00+00:00,017670.KS,KRLEVEL_RR|017670|3T|4265|4268|4269,TOTAL_RISK_CAP
2026-07-16 05:00:00+00:00,348370.KQ,KRLEVEL_RR|348370|3T|4259|4261|4263,TOTAL_RISK_CAP
2026-07-21 03:00:00+00:00,011200.KS,KRLEVEL_RR|011200|3T|4275|4277|4279,TOTAL_RISK_CAP
2026-07-21 04:00:00+00:00,047050.KS,KRLEVEL_RR|047050|3T|4273|4279|4280,TOTAL_RISK_CAP
2026-07-22 01:00:00+00:00,034730.KS,KRLEVEL_RR|034730|3T|4281|4282|4283,TOTAL_RISK_CAP
2026-07-22 01:00:00+00:00,096770.KS,KRLEVEL_RR|096770|3T|4280|4281|4283,TOTAL_RISK_CAP
2026-07-22 01:00:00+00:00,105560.KS,KRLEVEL_RR|105560|2T|4281|4282|4283,TOTAL_RISK_CAP
2026-07-22 04:00:00+00:00,000270.KS,KRLEVEL_RR|000270|2T|4284|4285|4286,TOTAL_RISK_CAP
2026-07-22 04:00:00+00:00,000810.KS,KRLEVEL_RR|000810|5T|4283|4284|4286,TOTAL_RISK_CAP
2026-07-22 05:00:00+00:00,010950.KS,KRLEVEL_RR|010950|2T|4284|4286|4287,SAME_TICKER_OPEN
2026-07-23 01:00:00+00:00,035420.KS,KRLEVEL_RR|035420|2T|4283|4288|4289,TOTAL_RISK_CAP
2026-07-23 01:00:00+00:00,067160.KQ,KRLEVEL_RR|067160|2T|4283|4287|4289,TOTAL_RISK_CAP
2026-07-23 02:00:00+00:00,009540.KS,KRLEVEL_RR|009540|2T|4286|4289|4290,TOTAL_RISK_CAP
2026-07-23 02:00:00+00:00,018260.KS,KRLEVEL_RR|018260|7T|4283|4288|4290,TOTAL_RISK_CAP
2026-07-23 02:00:00+00:00,033780.KS,KRLEVEL_RR|033780|3T|4286|4288|4290,SAME_TICKER_OPEN
2026-07-23 02:00:00+00:00,035720.KS,KRLEVEL_RR|035720|5T|4283|4289|4290,TOTAL_RISK_CAP
2026-07-23 02:00:00+00:00,042660.KS,KRLEVEL_RR|042660|3T|4283|4289|4290,TOTAL_RISK_CAP
2026-07-23 04:00:00+00:00,017670.KS,KRLEVEL_RR|017670|2T|4284|4290|4292,TOTAL_RISK_CAP
2026-07-23 04:00:00+00:00,112040.KQ,KRLEVEL_RR|112040|2T|4289|4291|4292,TOTAL_RISK_CAP
2026-07-23 04:00:00+00:00,140860.KQ,KRLEVEL_RR|140860|4T|4289|4290|4292,TOTAL_RISK_CAP
2026-07-23 04:00:00+00:00,225570.KQ,KRLEVEL_RR|225570|3T|4290|4291|4292,TOTAL_RISK_CAP
2026-07-24 00:00:00+00:00,003490.KS,KRLEVEL_RR|003490|2T|4290|4292|4294,INVALID_STOP
2026-07-24 00:00:00+00:00,003670.KS,KRLEVEL_RR|003670|2T|4292|4293|4294,TOTAL_RISK_CAP
2026-07-24 00:00:00+00:00,121600.KQ,KRLEVEL_RR|121600|2T|4292|4293|4294,TOTAL_RISK_CAP
2026-07-24 00:00:00+00:00,329180.KS,KRLEVEL_RR|329180|2T|4292|4293|4294,TOTAL_RISK_CAP
2026-07-24 00:00:00+00:00,373220.KS,KRLEVEL_RR|373220|3T|4291|4292|4294,TOTAL_RISK_CAP
2026-07-24 05:00:00+00:00,010130.KS,KRLEVEL_RR|010130|3T|4295|4298|4299,TOTAL_RISK_CAP
2026-07-24 05:00:00+00:00,068760.KQ,KRLEVEL_RR|068760|2T|4295|4298|4299,TOTAL_RISK_CAP
2026-07-27 00:00:00+00:00,352820.KS,KRLEVEL_RR|352820|3T|4294|4299|4300,TOTAL_RISK_CAP
2026-07-27 01:00:00+00:00,064550.KQ,KRLEVEL_RR|064550|3T|4295|4299|4301,TOTAL_RISK_CAP
2026-07-27 01:00:00+00:00,068270.KS,KRLEVEL_RR|068270|8T|4295|4299|4301,TOTAL_RISK_CAP
2026-07-27 05:00:00+00:00,000810.KS,KRLEVEL_RR|000810|2T|4301|4303|4305,TOTAL_RISK_CAP
2026-07-27 05:00:00+00:00,035720.KS,KRLEVEL_RR|035720|7T|4301|4304|4305,TOTAL_RISK_CAP
2026-07-28 00:00:00+00:00,122870.KQ,KRLEVEL_RR|122870|2T|4301|4304|4306,TOTAL_RISK_CAP
2026-07-31 01:00:00+00:00,009540.KS,KRLEVEL_RR|009540|4T|4320|4323|4325,TOTAL_RISK_CAP
2026-07-31 02:00:00+00:00,011200.KS,KRLEVEL_RR|011200|6T|4319|4324|4326,TOTAL_RISK_CAP
2026-07-31 04:00:00+00:00,010130.KS,KRLEVEL_RR|010130|3T|4325|4327|4328,TOTAL_RISK_CAP
2026-07-31 04:00:00+00:00,112040.KQ,KRLEVEL_RR|112040|2T|4326|4327|4328,TOTAL_RISK_CAP
2026-07-31 05:00:00+00:00,225570.KQ,KRLEVEL_RR|225570|3T|4322|4327|4329,TOTAL_RISK_CAP
2026-08-03 00:00:00+00:00,003550.KS,KRLEVEL_RR|003550|4T|4326|4329|4330,TOTAL_RISK_CAP
2026-08-03 00:00:00+00:00,005490.KS,KRLEVEL_RR|005490|2T|4325|4329|4330,TOTAL_RISK_CAP
2026-08-03 00:00:00+00:00,012330.KS,KRLEVEL_RR|012330|3T|4325|4329|4330,TOTAL_RISK_CAP
2026-08-03 00:00:00+00:00,035420.KS,KRLEVEL_RR|035420|5T|4327|4328|4330,TOTAL_RISK_CAP
2026-08-03 00:00:00+00:00,042660.KS,KRLEVEL_RR|042660|4T|4325|4328|4330,TOTAL_RISK_CAP
2026-08-03 00:00:00+00:00,047050.KS,KRLEVEL_RR|047050|4T|4325|4328|4330,TOTAL_RISK_CAP
2026-08-03 00:00:00+00:00,068760.KQ,KRLEVEL_RR|068760|3T|4328|4329|4330,TOTAL_RISK_CAP
2026-08-03 00:00:00+00:00,086790.KS,KRLEVEL_RR|086790|4T|4326|4329|4330,TOTAL_RISK_CAP
2026-08-03 00:00:00+00:00,140410.KQ,KRLEVEL_RR|140410|4T|4327|4329|4330,TOTAL_RISK_CAP
2026-08-03 00:00:00+00:00,373220.KS,KRLEVEL_RR|373220|2T|4325|4328|4330,TOTAL_RISK_CAP
2026-08-03 01:00:00+00:00,009520.KQ,KRLEVEL_RR|009520|2T|4329|4330|4331,TOTAL_RISK_CAP
2026-08-03 02:00:00+00:00,035720.KS,KRLEVEL_RR|035720|12T|4325|4331|4332,TOTAL_RISK_CAP
2026-08-03 02:00:00+00:00,086520.KQ,KRLEVEL_RR|086520|2T|4259|4265|4266,TOTAL_RISK_CAP
2026-08-03 02:00:00+00:00,096530.KQ,KRLEVEL_RR|096530|2T|4330|4331|4332,TOTAL_RISK_CAP
2026-08-03 02:00:00+00:00,101490.KQ,KRLEVEL_RR|101490|4T|4330|4331|4332,TOTAL_RISK_CAP
2026-08-03 02:00:00+00:00,105560.KS,KRLEVEL_RR|105560|3T|4326|4330|4332,TOTAL_RISK_CAP
2026-08-03 02:00:00+00:00,253450.KQ,KRLEVEL_RR|253450|2T|4330|4331|4332,TOTAL_RISK_CAP
2026-08-03 02:00:00+00:00,277810.KQ,KRLEVEL_RR|277810|2T|4330|4331|4332,TOTAL_RISK_CAP
2026-08-04 01:00:00+00:00,028300.KQ,KRLEVEL_RR|028300|4T|4332|4335|4337,TOTAL_RISK_CAP
2026-08-04 01:00:00+00:00,034020.KS,KRLEVEL_RR|034020|2T|4330|4335|4337,TOTAL_RISK_CAP
2026-08-04 01:00:00+00:00,041510.KQ,KRLEVEL_RR|041510|3T|4332|4335|4337,TOTAL_RISK_CAP
2026-08-04 01:00:00+00:00,064550.KQ,KRLEVEL_RR|064550|6T|4332|4335|4337,TOTAL_RISK_CAP
2026-08-04 01:00:00+00:00,086900.KQ,KRLEVEL_RR|086900|4T|4331|4335|4337,TOTAL_RISK_CAP
2026-08-04 01:00:00+00:00,096770.KS,KRLEVEL_RR|096770|6T|4332|4336|4337,TOTAL_RISK_CAP
2026-08-04 01:00:00+00:00,328130.KQ,KRLEVEL_RR|328130|3T|4332|4335|4337,TOTAL_RISK_CAP
2026-08-04 01:00:00+00:00,348370.KQ,KRLEVEL_RR|348370|2T|4326|4329|4331,TOTAL_RISK_CAP
2026-08-04 01:00:00+00:00,352820.KS,KRLEVEL_RR|352820|2T|4331|4335|4337,TOTAL_RISK_CAP
2026-08-04 01:00:00+00:00,372170.KQ,KRLEVEL_RR|372170|2T|4331|4335|4337,TOTAL_RISK_CAP
2026-08-04 02:00:00+00:00,017670.KS,KRLEVEL_RR|017670|2T|4331|4337|4338,TOTAL_RISK_CAP
2026-08-04 02:00:00+00:00,039200.KQ,KRLEVEL_RR|039200|3T|4332|4337|4338,TOTAL_RISK_CAP
2026-08-04 03:00:00+00:00,078600.KQ,KRLEVEL_RR|078600|4T|4337|4338|4339,TOTAL_RISK_CAP
2026-08-04 04:00:00+00:00,006400.KS,KRLEVEL_RR|006400|3T|4338|4339|4340,TOTAL_RISK_CAP
2026-08-04 05:00:00+00:00,003670.KS,KRLEVEL_RR|003670|2T|4338|4339|4341,TOTAL_RISK_CAP
2026-08-04 05:00:00+00:00,066570.KS,KRLEVEL_RR|066570|4T|4338|4340|4341,TOTAL_RISK_CAP
2026-08-05 00:00:00+00:00,018260.KS,KRLEVEL_RR|018260|4T|4339|4340|4342,TOTAL_RISK_CAP
2026-08-05 00:00:00+00:00,121600.KQ,KRLEVEL_RR|121600|4T|4338|4340|4342,TOTAL_RISK_CAP
2026-08-05 00:00:00+00:00,207940.KS,KRLEVEL_RR|207940|3T|4238|4239|4241,TOTAL_RISK_CAP
2026-08-05 00:00:00+00:00,222800.KQ,KRLEVEL_RR|222800|2T|4338|4341|4342,TOTAL_RISK_CAP
2026-08-05 01:00:00+00:00,009540.KS,KRLEVEL_RR|009540|4T|4338|4341|4343,TOTAL_RISK_CAP
2026-08-05 01:00:00+00:00,011200.KS,KRLEVEL_RR|011200|2T|4337|4341|4343,TOTAL_RISK_CAP
2026-08-05 01:00:00+00:00,015760.KS,KRLEVEL_RR|015760|4T|4337|4341|4343,TOTAL_RISK_CAP
2026-08-05 01:00:00+00:00,042660.KS,KRLEVEL_RR|042660|3T|4341|4342|4343,TOTAL_RISK_CAP
2026-08-05 01:00:00+00:00,068270.KS,KRLEVEL_RR|068270|4T|4341|4342|4343,TOTAL_RISK_CAP
2026-08-05 01:00:00+00:00,383310.KQ,KRLEVEL_RR|383310|3T|4338|4341|4343,TOTAL_RISK_CAP
2026-08-05 01:00:00+00:00,403870.KQ,KRLEVEL_RR|403870|3T|4338|4342|4343,TOTAL_RISK_CAP
2026-08-05 03:00:00+00:00,010130.KS,KRLEVEL_RR|010130|3T|4343|4344|4345,TOTAL_RISK_CAP
2026-08-05 04:00:00+00:00,357780.KQ,KRLEVEL_RR|357780|2T|4338|4339|4341,TOTAL_RISK_CAP
2026-08-05 05:00:00+00:00,009150.KS,KRLEVEL_RR|009150|3T|4344|4345|4347,TOTAL_RISK_CAP
2026-08-05 05:00:00+00:00,277810.KQ,KRLEVEL_RR|277810|2T|4343|4345|4347,TOTAL_RISK_CAP
2026-08-06 00:00:00+00:00,000810.KS,KRLEVEL_RR|000810|9T|4344|4346|4348,TOTAL_RISK_CAP
2026-08-06 00:00:00+00:00,009520.KQ,KRLEVEL_RR|009520|3T|4343|4346|4348,TOTAL_RISK_CAP
2026-08-06 01:00:00+00:00,033780.KS,KRLEVEL_RR|033780|3T|4344|4347|4349,TOTAL_RISK_CAP
2026-08-06 01:00:00+00:00,047050.KS,KRLEVEL_RR|047050|2T|4343|4348|4349,TOTAL_RISK_CAP
2026-08-06 01:00:00+00:00,051910.KS,KRLEVEL_RR|051910|4T|4342|4347|4349,TOTAL_RISK_CAP
2026-08-06 01:00:00+00:00,055550.KS,KRLEVEL_RR|055550|4T|4343|4347|4349,TOTAL_RISK_CAP
2026-08-06 01:00:00+00:00,086790.KS,KRLEVEL_RR|086790|6T|4343|4347|4349,TOTAL_RISK_CAP
2026-08-06 01:00:00+00:00,096530.KQ,KRLEVEL_RR|096530|5T|4343|4347|4349,TOTAL_RISK_CAP
2026-08-06 01:00:00+00:00,373220.KS,KRLEVEL_RR|373220|4T|4343|4348|4349,TOTAL_RISK_CAP
2026-08-06 03:00:00+00:00,068760.KQ,KRLEVEL_RR|068760|7T|4349|4350|4351,TOTAL_RISK_CAP
2026-08-06 05:00:00+00:00,003490.KS,KRLEVEL_RR|003490|2T|4349|4351|4353,SAME_TICKER_OPEN
2026-08-06 05:00:00+00:00,003550.KS,KRLEVEL_RR|003550|3T|4351|4352|4353,TOTAL_RISK_CAP
2026-08-06 05:00:00+00:00,112040.KQ,KRLEVEL_RR|112040|2T|4351|4352|4353,TOTAL_RISK_CAP
2026-08-06 05:00:00+00:00,336570.KQ,KRLEVEL_RR|336570|3T|4348|4352|4353,TOTAL_RISK_CAP
2026-08-06 05:00:00+00:00,348370.KQ,KRLEVEL_RR|348370|2T|4345|4346|4347,TOTAL_RISK_CAP
2026-08-07 00:00:00+00:00,035720.KS,KRLEVEL_RR|035720|4T|4351|4353|4354,TOTAL_RISK_CAP
2026-08-07 00:00:00+00:00,096770.KS,KRLEVEL_RR|096770|2T|4348|4353|4354,TOTAL_RISK_CAP
2026-08-07 00:00:00+00:00,253450.KQ,KRLEVEL_RR|253450|2T|4352|4353|4354,TOTAL_RISK_CAP
2026-08-07 01:00:00+00:00,005490.KS,KRLEVEL_RR|005490|3T|4351|4353|4355,TOTAL_RISK_CAP
2026-08-07 01:00:00+00:00,041510.KQ,KRLEVEL_RR|041510|3T|4353|4354|4355,TOTAL_RISK_CAP
2026-08-07 01:00:00+00:00,078600.KQ,KRLEVEL_RR|078600|2T|4351|4353|4355,TOTAL_RISK_CAP
2026-08-07 01:00:00+00:00,122870.KQ,KRLEVEL_RR|122870|3T|4353|4354|4355,TOTAL_RISK_CAP
2026-08-07 01:00:00+00:00,323410.KS,KRLEVEL_RR|323410|2T|4348|4354|4355,TOTAL_RISK_CAP
2026-08-07 01:00:00+00:00,352820.KS,KRLEVEL_RR|352820|2T|4349|4353|4355,TOTAL_RISK_CAP
2026-08-07 05:00:00+00:00,207940.KS,KRLEVEL_RR|207940|2T|4254|4256|4258,TOTAL_RISK_CAP
2026-08-07 05:00:00+00:00,281740.KQ,KRLEVEL_RR|281740|2T|4353|4357|4359,TOTAL_RISK_CAP
2026-08-07 05:00:00+00:00,393890.KQ,KRLEVEL_RR|393890|2T|4355|4357|4359,TOTAL_RISK_CAP
2026-08-10 00:00:00+00:00,121600.KQ,KRLEVEL_RR|121600|4T|4354|4359|4360,TOTAL_RISK_CAP
2026-08-10 01:00:00+00:00,003670.KS,KRLEVEL_RR|003670|5T|4355|4360|4361,TOTAL_RISK_CAP
2026-08-10 01:00:00+00:00,006400.KS,KRLEVEL_RR|006400|3T|4355|4360|4361,TOTAL_RISK_CAP
2026-08-10 01:00:00+00:00,010130.KS,KRLEVEL_RR|010130|5T|4359|4360|4361,TOTAL_RISK_CAP
2026-08-10 01:00:00+00:00,086900.KQ,KRLEVEL_RR|086900|7T|4355|4360|4361,TOTAL_RISK_CAP
2026-08-10 01:00:00+00:00,101490.KQ,KRLEVEL_RR|101490|3T|4359|4360|4361,TOTAL_RISK_CAP
2026-08-10 03:00:00+00:00,086520.KQ,KRLEVEL_RR|086520|6T|4294|4295|4297,TOTAL_RISK_CAP
2026-08-10 03:00:00+00:00,140410.KQ,KRLEVEL_RR|140410|6T|4361|4362|4363,TOTAL_RISK_CAP
2026-08-10 03:00:00+00:00,140860.KQ,KRLEVEL_RR|140860|4T|4355|4361|4363,TOTAL_RISK_CAP
2026-08-10 04:00:00+00:00,066570.KS,KRLEVEL_RR|066570|2T|4361|4363|4364,TOTAL_RISK_CAP
2026-08-10 04:00:00+00:00,383310.KQ,KRLEVEL_RR|383310|3T|4362|4363|4364,TOTAL_RISK_CAP
