date,equity,state,strategy,cost_bps_side
2010-11-24,10000.0,OFF,TQQQ|SIG_BASE|BAND_3|OFF_BASE,10.0
2010-11-26,9914.240237555583,LEVER,TQQQ|SIG_BASE|BAND_3|OFF_BASE,10.0
2010-11-29,9776.2335944445,LEVER,TQQQ|SIG_BASE|BAND_3|OFF_BASE,10.0
2010-11-30,9404.583524240294,LEVER,TQQQ|SIG_BASE|BAND_3|OFF_BASE,10.0
2010-12-01,10002.590334075061,LEVER,TQQQ|SIG_BASE|BAND_3|OFF_BASE,10.0
2010-12-02,10306.329778165391,LEVER,TQQQ|SIG_BASE|BAND_3|OFF_BASE,10.0
2010-12-03,10392.491846563948,LEVER,TQQQ|SIG_BASE|BAND_3|OFF_BASE,10.0
2010-12-06,10374.238646120872,LEVER,TQQQ|SIG_BASE|BAND_3|OFF_BASE,10.0
2010-12-07,10383.743250397049,LEVER,TQQQ|SIG_BASE|BAND_3|OFF_BASE,10.0
2010-12-08,10527.584342137523,LEVER,TQQQ|SIG_BASE|BAND_3|OFF_BASE,10.0
2010-12-09,10538.517450108557,LEVER,TQQQ|SIG_BASE|BAND_3|OFF_BASE,10.0
2010-12-10,10759.767618684706,LEVER,TQQQ|SIG_BASE|BAND_3|OFF_BASE,10.0
2010-12-13,10633.456245208312,LEVER,TQQQ|SIG_BASE|BAND_3|OFF_BASE,10.0
2010-12-14,10677.979848369596,LEVER,TQQQ|SIG_BASE|BAND_3|OFF_BASE,10.0
2010-12-15,10569.192039602905,LEVER,TQQQ|SIG_BASE|BAND_3|OFF_BASE,10.0
2010-12-16,10789.712572445682,LEVER,TQQQ|SIG_BASE|BAND_3|OFF_BASE,10.0
2010-12-17,10822.573431902561,LEVER,TQQQ|SIG_BASE|BAND_3|OFF_BASE,10.0
2010-12-20,10851.76237755426,LEVER,TQQQ|SIG_BASE|BAND_3|OFF_BASE,10.0
2010-12-21,11030.64796147655,LEVER,TQQQ|SIG_BASE|BAND_3|OFF_BASE,10.0
2010-12-22,11042.342352032041,LEVER,TQQQ|SIG_BASE|BAND_3|OFF_BASE,10.0
2010-12-23,10958.363916358421,LEVER,TQQQ|SIG_BASE|BAND_3|OFF_BASE,10.0
2010-12-27,10962.767224055367,LEVER,TQQQ|SIG_BASE|BAND_3|OFF_BASE,10.0
2010-12-28,10915.30046374308,LEVER,TQQQ|SIG_BASE|BAND_3|OFF_BASE,10.0
2010-12-29,10980.291667844267,LEVER,TQQQ|SIG_BASE|BAND_3|OFF_BASE,10.0
2010-12-30,10897.774261795787,LEVER,TQQQ|SIG_BASE|BAND_3|OFF_BASE,10.0
2010-12-31,10797.733291037603,LEVER,TQQQ|SIG_BASE|BAND_3|OFF_BASE,10.0
2011-01-03,11285.492141559736,LEVER,TQQQ|SIG_BASE|BAND_3|OFF_BASE,10.0
2011-01-04,11267.966818691639,LEVER,TQQQ|SIG_BASE|BAND_3|OFF_BASE,10.0
2011-01-05,11547.623009105488,LEVER,TQQQ|SIG_BASE|BAND_3|OFF_BASE,10.0
2011-01-06,11652.037398867924,LEVER,TQQQ|SIG_BASE|BAND_3|OFF_BASE,10.0
2011-01-07,11625.009229882044,LEVER,TQQQ|SIG_BASE|BAND_3|OFF_BASE,10.0
2011-01-10,11755.723031976186,LEVER,TQQQ|SIG_BASE|BAND_3|OFF_BASE,10.0
2011-01-11,11809.753876651237,LEVER,TQQQ|SIG_BASE|BAND_3|OFF_BASE,10.0
2011-01-12,12049.25988290805,LEVER,TQQQ|SIG_BASE|BAND_3|OFF_BASE,10.0
2011-01-13,12087.222918023359,LEVER,TQQQ|SIG_BASE|BAND_3|OFF_BASE,10.0
2011-01-14,12349.354664648306,LEVER,TQQQ|SIG_BASE|BAND_3|OFF_BASE,10.0
2011-01-18,12447.909112484644,LEVER,TQQQ|SIG_BASE|BAND_3|OFF_BASE,10.0
2011-01-19,12031.006682464977,LEVER,TQQQ|SIG_BASE|BAND_3|OFF_BASE,10.0
2011-01-20,11760.824328555418,LEVER,TQQQ|SIG_BASE|BAND_3|OFF_BASE,10.0
2011-01-21,11492.134651122084,LEVER,TQQQ|SIG_BASE|BAND_3|OFF_BASE,10.0
2011-01-24,11966.738960542785,LEVER,TQQQ|SIG_BASE|BAND_3|OFF_BASE,10.0
2011-01-25,12008.351932483349,LEVER,TQQQ|SIG_BASE|BAND_3|OFF_BASE,10.0
2011-01-26,12194.553213481697,LEVER,TQQQ|SIG_BASE|BAND_3|OFF_BASE,10.0
2011-01-27,12429.658549279158,LEVER,TQQQ|SIG_BASE|BAND_3|OFF_BASE,10.0
2011-01-28,11492.134651122084,LEVER,TQQQ|SIG_BASE|BAND_3|OFF_BASE,10.0
2011-01-31,11662.272517956671,LEVER,TQQQ|SIG_BASE|BAND_3|OFF_BASE,10.0
2011-02-01,12309.902469373563,LEVER,TQQQ|SIG_BASE|BAND_3|OFF_BASE,10.0
2011-02-02,12254.415869548553,LEVER,TQQQ|SIG_BASE|BAND_3|OFF_BASE,10.0
2011-02-03,12301.886146177629,LEVER,TQQQ|SIG_BASE|BAND_3|OFF_BASE,10.0
2011-02-04,12523.866829566348,LEVER,TQQQ|SIG_BASE|BAND_3|OFF_BASE,10.0
2011-02-07,12705.667440105344,LEVER,TQQQ|SIG_BASE|BAND_3|OFF_BASE,10.0
2011-02-08,12976.574155273096,LEVER,TQQQ|SIG_BASE|BAND_3|OFF_BASE,10.0
2011-02-09,12897.702290653888,LEVER,TQQQ|SIG_BASE|BAND_3|OFF_BASE,10.0
2011-02-10,12960.508982950942,LEVER,TQQQ|SIG_BASE|BAND_3|OFF_BASE,10.0
2011-02-11,13226.284512846767,LEVER,TQQQ|SIG_BASE|BAND_3|OFF_BASE,10.0
2011-02-14,13309.532433707818,LEVER,TQQQ|SIG_BASE|BAND_3|OFF_BASE,10.0
2011-02-15,13275.214940021784,LEVER,TQQQ|SIG_BASE|BAND_3|OFF_BASE,10.0
2011-02-16,13520.549241353614,LEVER,TQQQ|SIG_BASE|BAND_3|OFF_BASE,10.0
2011-02-17,13508.859246194106,LEVER,TQQQ|SIG_BASE|BAND_3|OFF_BASE,10.0
2011-02-18,13432.200902992528,LEVER,TQQQ|SIG_BASE|BAND_3|OFF_BASE,10.0
2011-02-22,12249.312814810932,LEVER,TQQQ|SIG_BASE|BAND_3|OFF_BASE,10.0
2011-02-23,11947.028246791362,LEVER,TQQQ|SIG_BASE|BAND_3|OFF_BASE,10.0
2011-02-24,12117.140620329243,LEVER,TQQQ|SIG_BASE|BAND_3|OFF_BASE,10.0
2011-02-25,12636.301937920709,LEVER,TQQQ|SIG_BASE|BAND_3|OFF_BASE,10.0
2011-02-28,12728.294059552676,LEVER,TQQQ|SIG_BASE|BAND_3|OFF_BASE,10.0
2011-03-01,12116.410105516674,LEVER,TQQQ|SIG_BASE|BAND_3|OFF_BASE,10.0
2011-03-02,12287.274970847046,LEVER,TQQQ|SIG_BASE|BAND_3|OFF_BASE,10.0
2011-03-03,13020.372518096994,LEVER,TQQQ|SIG_BASE|BAND_3|OFF_BASE,10.0
2011-03-04,12827.608031815078,LEVER,TQQQ|SIG_BASE|BAND_3|OFF_BASE,10.0
2011-03-07,12316.494684270634,LEVER,TQQQ|SIG_BASE|BAND_3|OFF_BASE,10.0
2011-03-08,12444.994964947145,LEVER,TQQQ|SIG_BASE|BAND_3|OFF_BASE,10.0
2011-03-09,12193.825335906728,LEVER,TQQQ|SIG_BASE|BAND_3|OFF_BASE,10.0
2011-03-10,11635.969589308188,LEVER,TQQQ|SIG_BASE|BAND_3|OFF_BASE,10.0
2011-03-11,11830.194226136045,LEVER,TQQQ|SIG_BASE|BAND_3|OFF_BASE,10.0
2011-03-14,11714.844970244181,LEVER,TQQQ|SIG_BASE|BAND_3|OFF_BASE,10.0
2011-03-15,11235.83295773055,LEVER,TQQQ|SIG_BASE|BAND_3|OFF_BASE,10.0
2011-03-16,10410.745047007029,LEVER,TQQQ|SIG_BASE|BAND_3|OFF_BASE,10.0
2011-03-17,10682.383156066546,LEVER,TQQQ|SIG_BASE|BAND_3|OFF_BASE,10.0
2011-03-18,10623.949882773746,LEVER,TQQQ|SIG_BASE|BAND_3|OFF_BASE,10.0
2011-03-21,11216.85275879169,LEVER,TQQQ|SIG_BASE|BAND_3|OFF_BASE,10.0
2011-03-22,11186.176411138946,LEVER,TQQQ|SIG_BASE|BAND_3|OFF_BASE,10.0
2011-03-23,11355.585521319357,LEVER,TQQQ|SIG_BASE|BAND_3|OFF_BASE,10.0
2011-03-24,11973.302165826357,LEVER,TQQQ|SIG_BASE|BAND_3|OFF_BASE,10.0
2011-03-25,12060.92350569166,LEVER,TQQQ|SIG_BASE|BAND_3|OFF_BASE,10.0
2011-03-28,11856.494517546944,LEVER,TQQQ|SIG_BASE|BAND_3|OFF_BASE,10.0
2011-03-29,12196.741241602624,LEVER,TQQQ|SIG_BASE|BAND_3|OFF_BASE,10.0
2011-03-30,12376.354703099893,LEVER,TQQQ|SIG_BASE|BAND_3|OFF_BASE,10.0
2011-03-31,12428.928034466593,LEVER,TQQQ|SIG_BASE|BAND_3|OFF_BASE,10.0
2011-04-01,12447.909112484647,LEVER,TQQQ|SIG_BASE|BAND_3|OFF_BASE,10.0
2011-04-04,12335.47400413029,LEVER,TQQQ|SIG_BASE|BAND_3|OFF_BASE,10.0
2011-04-05,12195.282849215073,LEVER,TQQQ|SIG_BASE|BAND_3|OFF_BASE,10.0
2011-04-06,12287.274970847038,LEVER,TQQQ|SIG_BASE|BAND_3|OFF_BASE,10.0
2011-04-07,12284.360823309531,LEVER,TQQQ|SIG_BASE|BAND_3|OFF_BASE,10.0
2011-04-08,12100.37394280801,LEVER,TQQQ|SIG_BASE|BAND_3|OFF_BASE,10.0
2011-04-11,11990.826609615255,LEVER,TQQQ|SIG_BASE|BAND_3|OFF_BASE,10.0
2011-04-12,11754.266397747033,LEVER,TQQQ|SIG_BASE|BAND_3|OFF_BASE,10.0
2011-04-13,12034.649586656662,LEVER,TQQQ|SIG_BASE|BAND_3|OFF_BASE,10.0
2011-04-14,11968.926988663708,LEVER,TQQQ|SIG_BASE|BAND_3|OFF_BASE,10.0
2011-04-15,11891.540767887152,LEVER,TQQQ|SIG_BASE|BAND_3|OFF_BASE,10.0
2011-04-18,11662.272517956675,LEVER,TQQQ|SIG_BASE|BAND_3|OFF_BASE,10.0
2011-04-19,11872.560568948295,LEVER,TQQQ|SIG_BASE|BAND_3|OFF_BASE,10.0
2011-04-20,12662.601350252407,LEVER,TQQQ|SIG_BASE|BAND_3|OFF_BASE,10.0
2011-04-21,12983.863479973246,LEVER,TQQQ|SIG_BASE|BAND_3|OFF_BASE,10.0
2011-04-25,13080.234295084647,LEVER,TQQQ|SIG_BASE|BAND_3|OFF_BASE,10.0
2011-04-26,13305.12912601087,LEVER,TQQQ|SIG_BASE|BAND_3|OFF_BASE,10.0
2011-04-27,13581.14065407464,LEVER,TQQQ|SIG_BASE|BAND_3|OFF_BASE,10.0
2011-04-28,13560.70030458984,LEVER,TQQQ|SIG_BASE|BAND_3|OFF_BASE,10.0
2011-04-29,13494.97946475528,LEVER,TQQQ|SIG_BASE|BAND_3|OFF_BASE,10.0
2011-05-02,13421.965783903779,LEVER,TQQQ|SIG_BASE|BAND_3|OFF_BASE,10.0
2011-05-03,13220.427208158255,LEVER,TQQQ|SIG_BASE|BAND_3|OFF_BASE,10.0
2011-05-04,13143.040987381699,LEVER,TQQQ|SIG_BASE|BAND_3|OFF_BASE,10.0
2011-05-05,12945.901323937136,LEVER,TQQQ|SIG_BASE|BAND_3|OFF_BASE,10.0
2011-05-06,13058.335553212297,LEVER,TQQQ|SIG_BASE|BAND_3|OFF_BASE,10.0
2011-05-09,13199.985979594258,LEVER,TQQQ|SIG_BASE|BAND_3|OFF_BASE,10.0
2011-05-10,13538.805079034279,LEVER,TQQQ|SIG_BASE|BAND_3|OFF_BASE,10.0
2011-05-11,13246.72662048996,LEVER,TQQQ|SIG_BASE|BAND_3|OFF_BASE,10.0
2011-05-12,13480.370047583085,LEVER,TQQQ|SIG_BASE|BAND_3|OFF_BASE,10.0
2011-05-13,13002.847195228891,LEVER,TQQQ|SIG_BASE|BAND_3|OFF_BASE,10.0
2011-05-16,12326.699914666682,LEVER,TQQQ|SIG_BASE|BAND_3|OFF_BASE,10.0
2011-05-17,12427.469642079044,LEVER,TQQQ|SIG_BASE|BAND_3|OFF_BASE,10.0
2011-05-18,12729.755089177812,LEVER,TQQQ|SIG_BASE|BAND_3|OFF_BASE,10.0
2011-05-19,12839.297147895386,LEVER,TQQQ|SIG_BASE|BAND_3|OFF_BASE,10.0
2011-05-20,12555.998932369052,LEVER,TQQQ|SIG_BASE|BAND_3|OFF_BASE,10.0
2011-05-23,12011.266959100058,LEVER,TQQQ|SIG_BASE|BAND_3|OFF_BASE,10.0
2011-05-24,11784.939229082993,LEVER,TQQQ|SIG_BASE|BAND_3|OFF_BASE,10.0
2011-05-25,11916.355415455406,LEVER,TQQQ|SIG_BASE|BAND_3|OFF_BASE,10.0
2011-05-26,12139.793612152476,LEVER,TQQQ|SIG_BASE|BAND_3|OFF_BASE,10.0
2011-05-27,12320.867224195688,LEVER,TQQQ|SIG_BASE|BAND_3|OFF_BASE,10.0
2011-05-31,12913.76834205524,LEVER,TQQQ|SIG_BASE|BAND_3|OFF_BASE,10.0
2011-06-01,12088.67955225252,LEVER,TQQQ|SIG_BASE|BAND_3|OFF_BASE,10.0
2011-06-02,12158.777327408123,LEVER,TQQQ|SIG_BASE|BAND_3|OFF_BASE,10.0
2011-06-03,11606.755150359779,LEVER,TQQQ|SIG_BASE|BAND_3|OFF_BASE,10.0
2011-06-06,11326.36932421256,LEVER,TQQQ|SIG_BASE|BAND_3|OFF_BASE,10.0
2011-06-07,11260.673098595511,LEVER,TQQQ|SIG_BASE|BAND_3|OFF_BASE,10.0
2011-06-08,11018.25821927637,LEVER,TQQQ|SIG_BASE|BAND_3|OFF_BASE,10.0
2011-06-09,11066.453736242833,LEVER,TQQQ|SIG_BASE|BAND_3|OFF_BASE,10.0
2011-06-10,10558.255415315092,LEVER,TQQQ|SIG_BASE|BAND_3|OFF_BASE,10.0
2011-06-13,10565.547377252835,LEVER,TQQQ|SIG_BASE|BAND_3|OFF_BASE,10.0
2011-06-14,10958.363916358427,LEVER,TQQQ|SIG_BASE|BAND_3|OFF_BASE,10.0
2011-06-15,10359.630108027875,LEVER,TQQQ|SIG_BASE|BAND_3|OFF_BASE,10.0
2011-06-16,10215.066413187604,LEVER,TQQQ|SIG_BASE|BAND_3|OFF_BASE,10.0
2011-06-17,10139.138584798595,LEVER,TQQQ|SIG_BASE|BAND_3|OFF_BASE,10.0
2011-06-20,10273.469797787711,LEVER,TQQQ|SIG_BASE|BAND_3|OFF_BASE,10.0
2011-06-21,10958.363916358427,LEVER,TQQQ|SIG_BASE|BAND_3|OFF_BASE,10.0
2011-06-22,10711.571222639048,LEVER,TQQQ|SIG_BASE|BAND_3|OFF_BASE,10.0
2011-06-23,11008.022221108424,LEVER,TQQQ|SIG_BASE|BAND_3|OFF_BASE,10.0
2011-06-24,10428.269490795929,LEVER,TQQQ|SIG_BASE|BAND_3|OFF_BASE,10.0
2011-06-27,10935.005903019332,LEVER,TQQQ|SIG_BASE|BAND_3|OFF_BASE,10.0
2011-06-28,11425.680659237367,LEVER,TQQQ|SIG_BASE|BAND_3|OFF_BASE,10.0
2011-06-29,11568.792115244469,LEVER,TQQQ|SIG_BASE|BAND_3|OFF_BASE,10.0
2011-06-30,12008.351932483354,LEVER,TQQQ|SIG_BASE|BAND_3|OFF_BASE,10.0
2011-07-01,12564.74489129836,LEVER,TQQQ|SIG_BASE|BAND_3|OFF_BASE,10.0
2011-07-05,12745.816745183178,LEVER,TQQQ|SIG_BASE|BAND_3|OFF_BASE,10.0
2011-07-06,12881.635360173337,LEVER,TQQQ|SIG_BASE|BAND_3|OFF_BASE,10.0
2011-07-07,13402.986464044117,LEVER,TQQQ|SIG_BASE|BAND_3|OFF_BASE,10.0
2011-07-08,13292.007989918915,LEVER,TQQQ|SIG_BASE|BAND_3|OFF_BASE,10.0
2011-07-11,12579.354308470554,LEVER,TQQQ|SIG_BASE|BAND_3|OFF_BASE,10.0
2011-07-12,12272.668190912433,LEVER,TQQQ|SIG_BASE|BAND_3|OFF_BASE,10.0
2011-07-13,12436.247247859437,LEVER,TQQQ|SIG_BASE|BAND_3|OFF_BASE,10.0
2011-07-14,12008.351932483352,LEVER,TQQQ|SIG_BASE|BAND_3|OFF_BASE,10.0
2011-07-15,12485.899399055055,LEVER,TQQQ|SIG_BASE|BAND_3|OFF_BASE,10.0
2011-07-18,12279.98652522608,LEVER,TQQQ|SIG_BASE|BAND_3|OFF_BASE,10.0
2011-07-19,13145.956893077599,LEVER,TQQQ|SIG_BASE|BAND_3|OFF_BASE,10.0
2011-07-20,12961.966496259289,LEVER,TQQQ|SIG_BASE|BAND_3|OFF_BASE,10.0
2011-07-21,13224.827878617607,LEVER,TQQQ|SIG_BASE|BAND_3|OFF_BASE,10.0
2011-07-22,13635.170619670493,LEVER,TQQQ|SIG_BASE|BAND_3|OFF_BASE,10.0
2011-07-25,13554.869372277231,LEVER,TQQQ|SIG_BASE|BAND_3|OFF_BASE,10.0
2011-07-26,13629.339687357888,LEVER,TQQQ|SIG_BASE|BAND_3|OFF_BASE,10.0
2011-07-27,12595.418601713507,LEVER,TQQQ|SIG_BASE|BAND_3|OFF_BASE,10.0
2011-07-28,12662.601350252402,LEVER,TQQQ|SIG_BASE|BAND_3|OFF_BASE,10.0
2011-07-29,12539.933760046888,LEVER,TQQQ|SIG_BASE|BAND_3|OFF_BASE,10.0
2011-08-01,12370.522891708082,LEVER,TQQQ|SIG_BASE|BAND_3|OFF_BASE,10.0
2011-08-02,11431.516866025144,LEVER,TQQQ|SIG_BASE|BAND_3|OFF_BASE,10.0
2011-08-03,11727.965227256927,LEVER,TQQQ|SIG_BASE|BAND_3|OFF_BASE,10.0
2011-08-04,10111.55573266293,OFF,TQQQ|SIG_BASE|BAND_3|OFF_BASE,10.0
2011-08-05,10048.08895999926,OFF,TQQQ|SIG_BASE|BAND_3|OFF_BASE,10.0
2011-08-08,9443.297965256488,OFF,TQQQ|SIG_BASE|BAND_3|OFF_BASE,10.0
2011-08-09,9898.757189561975,OFF,TQQQ|SIG_BASE|BAND_3|OFF_BASE,10.0
2011-08-10,9493.70005249984,OFF,TQQQ|SIG_BASE|BAND_3|OFF_BASE,10.0
2011-08-11,9911.822685748422,OFF,TQQQ|SIG_BASE|BAND_3|OFF_BASE,10.0
2011-08-12,9999.558120984162,OFF,TQQQ|SIG_BASE|BAND_3|OFF_BASE,10.0
2011-08-15,10147.022697023842,OFF,TQQQ|SIG_BASE|BAND_3|OFF_BASE,10.0
2011-08-16,10061.157699250227,OFF,TQQQ|SIG_BASE|BAND_3|OFF_BASE,10.0
2011-08-17,10001.422883083374,OFF,TQQQ|SIG_BASE|BAND_3|OFF_BASE,10.0
2011-08-18,9510.499126715365,OFF,TQQQ|SIG_BASE|BAND_3|OFF_BASE,10.0
2011-08-19,9338.769941934266,OFF,TQQQ|SIG_BASE|BAND_3|OFF_BASE,10.0
2011-08-22,9372.368090365315,OFF,TQQQ|SIG_BASE|BAND_3|OFF_BASE,10.0
2011-08-23,9758.76139111271,OFF,TQQQ|SIG_BASE|BAND_3|OFF_BASE,10.0
2011-08-24,9835.291227664435,OFF,TQQQ|SIG_BASE|BAND_3|OFF_BASE,10.0
2011-08-25,9674.761966204438,OFF,TQQQ|SIG_BASE|BAND_3|OFF_BASE,10.0
2011-08-26,9917.424268941233,OFF,TQQQ|SIG_BASE|BAND_3|OFF_BASE,10.0
2011-08-29,10193.683098576816,OFF,TQQQ|SIG_BASE|BAND_3|OFF_BASE,10.0
2011-08-30,10260.886692334081,OFF,TQQQ|SIG_BASE|BAND_3|OFF_BASE,10.0
2011-08-31,10277.687388081864,OFF,TQQQ|SIG_BASE|BAND_3|OFF_BASE,10.0
2011-09-01,10184.353612717834,OFF,TQQQ|SIG_BASE|BAND_3|OFF_BASE,10.0
2011-09-02,9945.421644945598,OFF,TQQQ|SIG_BASE|BAND_3|OFF_BASE,10.0
2011-09-06,9947.291271641592,OFF,TQQQ|SIG_BASE|BAND_3|OFF_BASE,10.0
2011-09-07,10199.283871003496,OFF,TQQQ|SIG_BASE|BAND_3|OFF_BASE,10.0
2011-09-08,10152.62103715213,OFF,TQQQ|SIG_BASE|BAND_3|OFF_BASE,10.0
2011-09-09,9926.75780863086,OFF,TQQQ|SIG_BASE|BAND_3|OFF_BASE,10.0
2011-09-12,10053.68892165981,OFF,TQQQ|SIG_BASE|BAND_3|OFF_BASE,10.0
2011-09-13,10188.087190746914,OFF,TQQQ|SIG_BASE|BAND_3|OFF_BASE,10.0
2011-09-14,10333.68457238899,OFF,TQQQ|SIG_BASE|BAND_3|OFF_BASE,10.0
2011-09-15,10486.74911008922,OFF,TQQQ|SIG_BASE|BAND_3|OFF_BASE,10.0
2011-09-16,10582.87192094077,OFF,TQQQ|SIG_BASE|BAND_3|OFF_BASE,10.0
2011-09-19,10586.61036356663,OFF,TQQQ|SIG_BASE|BAND_3|OFF_BASE,10.0
2011-09-20,10539.858345440955,OFF,TQQQ|SIG_BASE|BAND_3|OFF_BASE,10.0
2011-09-21,10356.590337096373,OFF,TQQQ|SIG_BASE|BAND_3|OFF_BASE,10.0
2011-09-22,10019.970779841507,OFF,TQQQ|SIG_BASE|BAND_3|OFF_BASE,10.0
2011-09-23,10126.566256795466,OFF,TQQQ|SIG_BASE|BAND_3|OFF_BASE,10.0
2011-09-26,10244.384358522171,OFF,TQQQ|SIG_BASE|BAND_3|OFF_BASE,10.0
2011-09-27,10350.97983547613,OFF,TQQQ|SIG_BASE|BAND_3|OFF_BASE,10.0
2011-09-28,10197.630718864235,OFF,TQQQ|SIG_BASE|BAND_3|OFF_BASE,10.0
2011-09-29,10076.073363745541,OFF,TQQQ|SIG_BASE|BAND_3|OFF_BASE,10.0
2011-09-30,9816.132013244209,OFF,TQQQ|SIG_BASE|BAND_3|OFF_BASE,10.0
2011-10-03,9563.669169526853,OFF,TQQQ|SIG_BASE|BAND_3|OFF_BASE,10.0
2011-10-04,9760.030240106304,OFF,TQQQ|SIG_BASE|BAND_3|OFF_BASE,10.0
2011-10-05,10010.618592530884,OFF,TQQQ|SIG_BASE|BAND_3|OFF_BASE,10.0
2011-10-06,10178.931208839771,OFF,TQQQ|SIG_BASE|BAND_3|OFF_BASE,10.0
2011-10-07,10111.60600016299,OFF,TQQQ|SIG_BASE|BAND_3|OFF_BASE,10.0
2011-10-10,10461.315376588205,OFF,TQQQ|SIG_BASE|BAND_3|OFF_BASE,10.0
2011-10-11,10532.379838656976,OFF,TQQQ|SIG_BASE|BAND_3|OFF_BASE,10.0
2011-10-12,10584.738304572244,OFF,TQQQ|SIG_BASE|BAND_3|OFF_BASE,10.0
2011-10-13,10681.98970187688,OFF,TQQQ|SIG_BASE|BAND_3|OFF_BASE,10.0
2011-10-14,10858.454294341836,LEVER,TQQQ|SIG_BASE|BAND_3|OFF_BASE,10.0
2011-10-17,10355.815862449135,LEVER,TQQQ|SIG_BASE|BAND_3|OFF_BASE,10.0
2011-10-18,10731.423470092222,LEVER,TQQQ|SIG_BASE|BAND_3|OFF_BASE,10.0
2011-10-19,10112.69023415252,LEVER,TQQQ|SIG_BASE|BAND_3|OFF_BASE,10.0
2011-10-20,9984.29703222636,LEVER,TQQQ|SIG_BASE|BAND_3|OFF_BASE,10.0
2011-10-21,10339.42293178229,LEVER,TQQQ|SIG_BASE|BAND_3|OFF_BASE,10.0
2011-10-24,10985.455519559247,LEVER,TQQQ|SIG_BASE|BAND_3|OFF_BASE,10.0
2011-10-25,10362.632684003895,LEVER,TQQQ|SIG_BASE|BAND_3|OFF_BASE,10.0
2011-10-26,10321.670912220256,LEVER,TQQQ|SIG_BASE|BAND_3|OFF_BASE,10.0
2011-10-27,11153.475248038683,LEVER,TQQQ|SIG_BASE|BAND_3|OFF_BASE,10.0
2011-10-28,11190.34742020667,LEVER,TQQQ|SIG_BASE|BAND_3|OFF_BASE,10.0
2011-10-31,10635.811196327717,LEVER,TQQQ|SIG_BASE|BAND_3|OFF_BASE,10.0
2011-11-01,9812.214014382116,LEVER,TQQQ|SIG_BASE|BAND_3|OFF_BASE,10.0
2011-11-02,10053.950132556001,LEVER,TQQQ|SIG_BASE|BAND_3|OFF_BASE,10.0
2011-11-03,10665.864080354926,LEVER,TQQQ|SIG_BASE|BAND_3|OFF_BASE,10.0
2011-11-04,10500.597061870103,LEVER,TQQQ|SIG_BASE|BAND_3|OFF_BASE,10.0
2011-11-07,10734.151514226665,LEVER,TQQQ|SIG_BASE|BAND_3|OFF_BASE,10.0
2011-11-08,11092.005457917041,LEVER,TQQQ|SIG_BASE|BAND_3|OFF_BASE,10.0
2011-11-09,9944.697638119265,LEVER,TQQQ|SIG_BASE|BAND_3|OFF_BASE,10.0
2011-11-10,9903.71037828012,LEVER,TQQQ|SIG_BASE|BAND_3|OFF_BASE,10.0
2011-11-11,10459.609802030958,LEVER,TQQQ|SIG_BASE|BAND_3|OFF_BASE,10.0
2011-11-14,10282.046030057654,LEVER,TQQQ|SIG_BASE|BAND_3|OFF_BASE,10.0
2011-11-15,10612.60144410611,LEVER,TQQQ|SIG_BASE|BAND_3|OFF_BASE,10.0
2011-11-16,10089.48212632159,LEVER,TQQQ|SIG_BASE|BAND_3|OFF_BASE,10.0
2011-11-17,9395.616680313866,LEVER,TQQQ|SIG_BASE|BAND_3|OFF_BASE,10.0
2011-11-18,9170.275137197503,LEVER,TQQQ|SIG_BASE|BAND_3|OFF_BASE,10.0
2011-11-21,8620.306191982192,OFF,TQQQ|SIG_BASE|BAND_3|OFF_BASE,10.0
2011-11-22,8648.863923097586,OFF,TQQQ|SIG_BASE|BAND_3|OFF_BASE,10.0
2011-11-23,8453.741091485772,OFF,TQQQ|SIG_BASE|BAND_3|OFF_BASE,10.0
2011-11-25,8388.698542848992,OFF,TQQQ|SIG_BASE|BAND_3|OFF_BASE,10.0
2011-11-28,8680.588774887941,OFF,TQQQ|SIG_BASE|BAND_3|OFF_BASE,10.0
2011-11-29,8626.653500713835,OFF,TQQQ|SIG_BASE|BAND_3|OFF_BASE,10.0
2011-11-30,8945.513433110636,OFF,TQQQ|SIG_BASE|BAND_3|OFF_BASE,10.0
2011-12-01,9007.385422287793,OFF,TQQQ|SIG_BASE|BAND_3|OFF_BASE,10.0
2011-12-02,8981.998938388955,OFF,TQQQ|SIG_BASE|BAND_3|OFF_BASE,10.0
2011-12-05,9080.35849611523,OFF,TQQQ|SIG_BASE|BAND_3|OFF_BASE,10.0
2011-12-06,9054.972699973325,OFF,TQQQ|SIG_BASE|BAND_3|OFF_BASE,10.0
2011-12-07,9054.972699973325,OFF,TQQQ|SIG_BASE|BAND_3|OFF_BASE,10.0
2011-12-08,8902.681306857607,OFF,TQQQ|SIG_BASE|BAND_3|OFF_BASE,10.0
2011-12-09,9045.452080754329,OFF,TQQQ|SIG_BASE|BAND_3|OFF_BASE,10.0
2011-12-12,8943.924714596162,OFF,TQQQ|SIG_BASE|BAND_3|OFF_BASE,10.0
2011-12-13,8845.57340995308,OFF,TQQQ|SIG_BASE|BAND_3|OFF_BASE,10.0
2011-12-14,8707.558475245794,OFF,TQQQ|SIG_BASE|BAND_3|OFF_BASE,10.0
2011-12-15,8683.76552415996,OFF,TQQQ|SIG_BASE|BAND_3|OFF_BASE,10.0
2011-12-16,8728.47316356839,OFF,TQQQ|SIG_BASE|BAND_3|OFF_BASE,10.0
2011-12-19,8642.555128754175,OFF,TQQQ|SIG_BASE|BAND_3|OFF_BASE,10.0
2011-12-20,8898.71501262688,OFF,TQQQ|SIG_BASE|BAND_3|OFF_BASE,10.0
2011-12-21,8771.4290860693,OFF,TQQQ|SIG_BASE|BAND_3|OFF_BASE,10.0
2011-12-22,8846.210272872735,OFF,TQQQ|SIG_BASE|BAND_3|OFF_BASE,10.0
2011-12-23,8922.581553704511,OFF,TQQQ|SIG_BASE|BAND_3|OFF_BASE,10.0
2011-12-27,8955.86142391964,OFF,TQQQ|SIG_BASE|BAND_3|OFF_BASE,10.0
2011-12-28,8852.35263003844,OFF,TQQQ|SIG_BASE|BAND_3|OFF_BASE,10.0
2011-12-29,8916.051301628777,OFF,TQQQ|SIG_BASE|BAND_3|OFF_BASE,10.0
2011-12-30,8890.572658300962,OFF,TQQQ|SIG_BASE|BAND_3|OFF_BASE,10.0
2012-01-03,9060.962375099978,OFF,TQQQ|SIG_BASE|BAND_3|OFF_BASE,10.0
2012-01-04,9099.181027848634,OFF,TQQQ|SIG_BASE|BAND_3|OFF_BASE,10.0
2012-01-05,9155.676750931876,LEVER,TQQQ|SIG_BASE|BAND_3|OFF_BASE,10.0
2012-01-06,9250.281023583591,LEVER,TQQQ|SIG_BASE|BAND_3|OFF_BASE,10.0
2012-01-09,9172.873089631043,LEVER,TQQQ|SIG_BASE|BAND_3|OFF_BASE,10.0
2012-01-10,9360.882595660927,LEVER,TQQQ|SIG_BASE|BAND_3|OFF_BASE,10.0
2012-01-11,9426.002041364627,LEVER,TQQQ|SIG_BASE|BAND_3|OFF_BASE,10.0
2012-01-12,9537.829281595115,LEVER,TQQQ|SIG_BASE|BAND_3|OFF_BASE,10.0
2012-01-13,9428.452637979834,LEVER,TQQQ|SIG_BASE|BAND_3|OFF_BASE,10.0
2012-01-17,9681.600821682025,LEVER,TQQQ|SIG_BASE|BAND_3|OFF_BASE,10.0
2012-01-18,10066.209866489271,LEVER,TQQQ|SIG_BASE|BAND_3|OFF_BASE,10.0
2012-01-19,10267.714296952548,LEVER,TQQQ|SIG_BASE|BAND_3|OFF_BASE,10.0
2012-01-20,10222.250662856422,LEVER,TQQQ|SIG_BASE|BAND_3|OFF_BASE,10.0
2012-01-23,10221.023515321069,LEVER,TQQQ|SIG_BASE|BAND_3|OFF_BASE,10.0
2012-01-24,10164.49928020255,LEVER,TQQQ|SIG_BASE|BAND_3|OFF_BASE,10.0
2012-01-25,10552.808999584468,LEVER,TQQQ|SIG_BASE|BAND_3|OFF_BASE,10.0
2012-01-26,10440.978800589579,LEVER,TQQQ|SIG_BASE|BAND_3|OFF_BASE,10.0
2012-01-27,10544.196776103981,LEVER,TQQQ|SIG_BASE|BAND_3|OFF_BASE,10.0
2012-01-30,10561.396073567546,LEVER,TQQQ|SIG_BASE|BAND_3|OFF_BASE,10.0
2012-01-31,10598.270414607294,LEVER,TQQQ|SIG_BASE|BAND_3|OFF_BASE,10.0
2012-02-01,10858.758553097501,LEVER,TQQQ|SIG_BASE|BAND_3|OFF_BASE,10.0
2012-02-02,10970.59023147459,LEVER,TQQQ|SIG_BASE|BAND_3|OFF_BASE,10.0
2012-02-03,11406.815660950042,LEVER,TQQQ|SIG_BASE|BAND_3|OFF_BASE,10.0
2012-02-06,11395.749882089945,LEVER,TQQQ|SIG_BASE|BAND_3|OFF_BASE,10.0
2012-02-07,11444.893479409933,LEVER,TQQQ|SIG_BASE|BAND_3|OFF_BASE,10.0
2012-02-08,11635.357280510525,LEVER,TQQQ|SIG_BASE|BAND_3|OFF_BASE,10.0
2012-02-09,11893.414794045235,LEVER,TQQQ|SIG_BASE|BAND_3|OFF_BASE,10.0
2012-02-10,11639.04094218989,LEVER,TQQQ|SIG_BASE|BAND_3|OFF_BASE,10.0
2012-02-13,11952.394803616664,LEVER,TQQQ|SIG_BASE|BAND_3|OFF_BASE,10.0
2012-02-14,12056.841406048621,LEVER,TQQQ|SIG_BASE|BAND_3|OFF_BASE,10.0
2012-02-15,11787.719593036018,LEVER,TQQQ|SIG_BASE|BAND_3|OFF_BASE,10.0
2012-02-16,12280.476654540991,LEVER,TQQQ|SIG_BASE|BAND_3|OFF_BASE,10.0
2012-02-17,12176.029312417935,LEVER,TQQQ|SIG_BASE|BAND_3|OFF_BASE,10.0
2012-02-21,12279.249507005637,LEVER,TQQQ|SIG_BASE|BAND_3|OFF_BASE,10.0
2012-02-22,12117.047823464305,LEVER,TQQQ|SIG_BASE|BAND_3|OFF_BASE,10.0
2012-02-23,12346.818069942345,LEVER,TQQQ|SIG_BASE|BAND_3|OFF_BASE,10.0
2012-02-24,12467.25679396222,LEVER,TQQQ|SIG_BASE|BAND_3|OFF_BASE,10.0
2012-02-27,12527.469128906707,LEVER,TQQQ|SIG_BASE|BAND_3|OFF_BASE,10.0
2012-02-28,12902.23658362481,LEVER,TQQQ|SIG_BASE|BAND_3|OFF_BASE,10.0
2012-02-29,12732.675713326853,LEVER,TQQQ|SIG_BASE|BAND_3|OFF_BASE,10.0
2012-03-01,13042.329639870057,LEVER,TQQQ|SIG_BASE|BAND_3|OFF_BASE,10.0
2012-03-02,13003.0017434507,LEVER,TQQQ|SIG_BASE|BAND_3|OFF_BASE,10.0
2012-03-05,12597.492726605218,LEVER,TQQQ|SIG_BASE|BAND_3|OFF_BASE,10.0
2012-03-06,12236.236469524714,LEVER,TQQQ|SIG_BASE|BAND_3|OFF_BASE,10.0
2012-03-07,12513.952013740298,LEVER,TQQQ|SIG_BASE|BAND_3|OFF_BASE,10.0
2012-03-08,12910.846588031993,LEVER,TQQQ|SIG_BASE|BAND_3|OFF_BASE,10.0
2012-03-09,13066.890343163544,LEVER,TQQQ|SIG_BASE|BAND_3|OFF_BASE,10.0
2012-03-12,13087.794013657282,LEVER,TQQQ|SIG_BASE|BAND_3|OFF_BASE,10.0
2012-03-13,13825.063365268748,LEVER,TQQQ|SIG_BASE|BAND_3|OFF_BASE,10.0
2012-03-14,13979.879233173848,LEVER,TQQQ|SIG_BASE|BAND_3|OFF_BASE,10.0
2012-03-15,14086.779390985412,LEVER,TQQQ|SIG_BASE|BAND_3|OFF_BASE,10.0
2012-03-16,14056.061498973242,LEVER,TQQQ|SIG_BASE|BAND_3|OFF_BASE,10.0
2012-03-19,14362.030284454882,LEVER,TQQQ|SIG_BASE|BAND_3|OFF_BASE,10.0
2012-03-20,14440.669804089386,LEVER,TQQQ|SIG_BASE|BAND_3|OFF_BASE,10.0
2012-03-21,14435.76121394797,LEVER,TQQQ|SIG_BASE|BAND_3|OFF_BASE,10.0
2012-03-22,14348.514648670678,LEVER,TQQQ|SIG_BASE|BAND_3|OFF_BASE,10.0
2012-03-23,14328.861056136404,LEVER,TQQQ|SIG_BASE|BAND_3|OFF_BASE,10.0
2012-03-26,15077.194707225766,LEVER,TQQQ|SIG_BASE|BAND_3|OFF_BASE,10.0
2012-03-27,15134.927597602133,LEVER,TQQQ|SIG_BASE|BAND_3|OFF_BASE,10.0
2012-03-28,14957.986089505646,LEVER,TQQQ|SIG_BASE|BAND_3|OFF_BASE,10.0
2012-03-29,14804.399588209202,LEVER,TQQQ|SIG_BASE|BAND_3|OFF_BASE,10.0
2012-03-30,14701.1786539304,LEVER,TQQQ|SIG_BASE|BAND_3|OFF_BASE,10.0
2012-04-02,15149.67407937719,LEVER,TQQQ|SIG_BASE|BAND_3|OFF_BASE,10.0
2012-04-03,15150.922677954453,LEVER,TQQQ|SIG_BASE|BAND_3|OFF_BASE,10.0
2012-04-04,14532.842712094498,LEVER,TQQQ|SIG_BASE|BAND_3|OFF_BASE,10.0
2012-04-05,14798.25867269473,LEVER,TQQQ|SIG_BASE|BAND_3|OFF_BASE,10.0
2012-04-09,14457.89277166816,LEVER,TQQQ|SIG_BASE|BAND_3|OFF_BASE,10.0
2012-04-10,13759.924687596436,LEVER,TQQQ|SIG_BASE|BAND_3|OFF_BASE,10.0
2012-04-11,13959.002191559715,LEVER,TQQQ|SIG_BASE|BAND_3|OFF_BASE,10.0
2012-04-12,14427.146771394178,LEVER,TQQQ|SIG_BASE|BAND_3|OFF_BASE,10.0
2012-04-13,13774.669689989292,LEVER,TQQQ|SIG_BASE|BAND_3|OFF_BASE,10.0
2012-04-16,13340.92222569976,LEVER,TQQQ|SIG_BASE|BAND_3|OFF_BASE,10.0
2012-04-17,14127.330736484615,LEVER,TQQQ|SIG_BASE|BAND_3|OFF_BASE,10.0
2012-04-18,14024.115719734615,LEVER,TQQQ|SIG_BASE|BAND_3|OFF_BASE,10.0
2012-04-19,13570.688034031198,LEVER,TQQQ|SIG_BASE|BAND_3|OFF_BASE,10.0
2012-04-20,13424.457021035876,LEVER,TQQQ|SIG_BASE|BAND_3|OFF_BASE,10.0
2012-04-23,13086.566126430822,LEVER,TQQQ|SIG_BASE|BAND_3|OFF_BASE,10.0
2012-04-24,12855.542843228919,LEVER,TQQQ|SIG_BASE|BAND_3|OFF_BASE,10.0
2012-04-25,13876.664216423842,LEVER,TQQQ|SIG_BASE|BAND_3|OFF_BASE,10.0
2012-04-26,14124.879400178308,LEVER,TQQQ|SIG_BASE|BAND_3|OFF_BASE,10.0
2012-04-27,14366.937395214094,LEVER,TQQQ|SIG_BASE|BAND_3|OFF_BASE,10.0
2012-04-30,14068.353685677586,LEVER,TQQQ|SIG_BASE|BAND_3|OFF_BASE,10.0
2012-05-01,14148.235886360551,LEVER,TQQQ|SIG_BASE|BAND_3|OFF_BASE,10.0
2012-05-02,14241.617449623513,LEVER,TQQQ|SIG_BASE|BAND_3|OFF_BASE,10.0
2012-05-03,13799.25258401579,LEVER,TQQQ|SIG_BASE|BAND_3|OFF_BASE,10.0
2012-05-04,12786.727900788248,LEVER,TQQQ|SIG_BASE|BAND_3|OFF_BASE,10.0
2012-05-07,12805.150647331668,LEVER,TQQQ|SIG_BASE|BAND_3|OFF_BASE,10.0
2012-05-08,12663.856332739575,LEVER,TQQQ|SIG_BASE|BAND_3|OFF_BASE,10.0
2012-05-09,12593.80758554365,LEVER,TQQQ|SIG_BASE|BAND_3|OFF_BASE,10.0
2012-05-10,12464.778828776294,LEVER,TQQQ|SIG_BASE|BAND_3|OFF_BASE,10.0
2012-05-11,12452.514750333756,LEVER,TQQQ|SIG_BASE|BAND_3|OFF_BASE,10.0
2012-05-14,12108.43855874821,LEVER,TQQQ|SIG_BASE|BAND_3|OFF_BASE,10.0
2012-05-15,12002.7648087809,LEVER,TQQQ|SIG_BASE|BAND_3|OFF_BASE,10.0
2012-05-16,11742.255958939882,LEVER,TQQQ|SIG_BASE|BAND_3|OFF_BASE,10.0
2012-05-17,11019.73013033907,LEVER,TQQQ|SIG_BASE|BAND_3|OFF_BASE,10.0
2012-05-18,10577.36896318685,LEVER,TQQQ|SIG_BASE|BAND_3|OFF_BASE,10.0
2012-05-21,11467.023557747916,LEVER,TQQQ|SIG_BASE|BAND_3|OFF_BASE,10.0
2012-05-22,11425.242105948953,LEVER,TQQQ|SIG_BASE|BAND_3|OFF_BASE,10.0
2012-05-23,11489.128486588499,LEVER,TQQQ|SIG_BASE|BAND_3|OFF_BASE,10.0
2012-05-24,11282.694014941897,LEVER,TQQQ|SIG_BASE|BAND_3|OFF_BASE,10.0
2012-05-25,11218.808373993454,LEVER,TQQQ|SIG_BASE|BAND_3|OFF_BASE,10.0
2012-05-29,11636.584428045875,LEVER,TQQQ|SIG_BASE|BAND_3|OFF_BASE,10.0
2012-05-30,11353.966950908776,LEVER,TQQQ|SIG_BASE|BAND_3|OFF_BASE,10.0
2012-05-31,11191.769705514045,LEVER,TQQQ|SIG_BASE|BAND_3|OFF_BASE,10.0
2012-06-01,10311.950043822219,LEVER,TQQQ|SIG_BASE|BAND_3|OFF_BASE,10.0
2012-06-04,10533.132476626079,LEVER,TQQQ|SIG_BASE|BAND_3|OFF_BASE,10.0
2012-06-05,10678.132643630544,LEVER,TQQQ|SIG_BASE|BAND_3|OFF_BASE,10.0
2012-06-06,11408.042808485388,LEVER,TQQQ|SIG_BASE|BAND_3|OFF_BASE,10.0
2012-06-07,11280.241199253387,LEVER,TQQQ|SIG_BASE|BAND_3|OFF_BASE,10.0
2012-06-08,11612.025204134581,LEVER,TQQQ|SIG_BASE|BAND_3|OFF_BASE,10.0
2012-06-11,11056.605211069917,LEVER,TQQQ|SIG_BASE|BAND_3|OFF_BASE,10.0
2012-06-12,11405.589253105778,LEVER,TQQQ|SIG_BASE|BAND_3|OFF_BASE,10.0
2012-06-13,11181.928855116,LEVER,TQQQ|SIG_BASE|BAND_3|OFF_BASE,10.0
2012-06-14,11307.279128041695,LEVER,TQQQ|SIG_BASE|BAND_3|OFF_BASE,10.0
2012-06-15,11725.056661476316,LEVER,TQQQ|SIG_BASE|BAND_3|OFF_BASE,10.0
2012-06-18,12027.350661571796,LEVER,TQQQ|SIG_BASE|BAND_3|OFF_BASE,10.0
2012-06-19,12423.021786783636,LEVER,TQQQ|SIG_BASE|BAND_3|OFF_BASE,10.0
2012-06-20,12467.256793962208,LEVER,TQQQ|SIG_BASE|BAND_3|OFF_BASE,10.0
2012-06-21,11533.363493767069,LEVER,TQQQ|SIG_BASE|BAND_3|OFF_BASE,10.0
2012-06-22,11892.187646509872,LEVER,TQQQ|SIG_BASE|BAND_3|OFF_BASE,10.0
2012-06-25,11186.859635990426,LEVER,TQQQ|SIG_BASE|BAND_3|OFF_BASE,10.0
2012-06-26,11403.109808537662,LEVER,TQQQ|SIG_BASE|BAND_3|OFF_BASE,10.0
2012-06-27,11612.025204134583,LEVER,TQQQ|SIG_BASE|BAND_3|OFF_BASE,10.0
2012-06-28,11194.222521202551,LEVER,TQQQ|SIG_BASE|BAND_3|OFF_BASE,10.0
2012-06-29,12287.836580988705,LEVER,TQQQ|SIG_BASE|BAND_3|OFF_BASE,10.0
2012-07-02,12386.14448697949,LEVER,TQQQ|SIG_BASE|BAND_3|OFF_BASE,10.0
2012-07-03,12681.054150820939,LEVER,TQQQ|SIG_BASE|BAND_3|OFF_BASE,10.0
2012-07-05,12725.293596146112,LEVER,TQQQ|SIG_BASE|BAND_3|OFF_BASE,10.0
2012-07-06,12223.94872096696,LEVER,TQQQ|SIG_BASE|BAND_3|OFF_BASE,10.0
2012-07-09,12182.164310403596,LEVER,TQQQ|SIG_BASE|BAND_3|OFF_BASE,10.0
2012-07-10,11808.622523838645,LEVER,TQQQ|SIG_BASE|BAND_3|OFF_BASE,10.0
2012-07-11,11646.423799061715,LEVER,TQQQ|SIG_BASE|BAND_3|OFF_BASE,10.0
2012-07-12,11309.732683421304,LEVER,TQQQ|SIG_BASE|BAND_3|OFF_BASE,10.0
2012-07-13,11801.237447893513,LEVER,TQQQ|SIG_BASE|BAND_3|OFF_BASE,10.0
2012-07-16,11712.765214463068,LEVER,TQQQ|SIG_BASE|BAND_3|OFF_BASE,10.0
2012-07-17,11892.187646509872,LEVER,TQQQ|SIG_BASE|BAND_3|OFF_BASE,10.0
2012-07-18,12376.307335036949,LEVER,TQQQ|SIG_BASE|BAND_3|OFF_BASE,10.0
2012-07-19,12779.367974340523,LEVER,TQQQ|SIG_BASE|BAND_3|OFF_BASE,10.0
2012-07-20,12287.836580988704,LEVER,TQQQ|SIG_BASE|BAND_3|OFF_BASE,10.0
2012-07-23,11833.206157556242,LEVER,TQQQ|SIG_BASE|BAND_3|OFF_BASE,10.0
2012-07-24,11562.856457317184,LEVER,TQQQ|SIG_BASE|BAND_3|OFF_BASE,10.0
2012-07-25,11304.825572662085,LEVER,TQQQ|SIG_BASE|BAND_3|OFF_BASE,10.0
2012-07-26,11747.188219196507,LEVER,TQQQ|SIG_BASE|BAND_3|OFF_BASE,10.0
2012-07-27,12636.817664260165,LEVER,TQQQ|SIG_BASE|BAND_3|OFF_BASE,10.0
2012-07-30,12560.63687784297,LEVER,TQQQ|SIG_BASE|BAND_3|OFF_BASE,10.0
2012-07-31,12567.998283672894,LEVER,TQQQ|SIG_BASE|BAND_3|OFF_BASE,10.0
2012-08-01,12445.128195006419,LEVER,TQQQ|SIG_BASE|BAND_3|OFF_BASE,10.0
2012-08-02,12314.874509777012,LEVER,TQQQ|SIG_BASE|BAND_3|OFF_BASE,10.0
2012-08-03,13015.29245077284,LEVER,TQQQ|SIG_BASE|BAND_3|OFF_BASE,10.0
2012-08-06,13307.74855923468,LEVER,TQQQ|SIG_BASE|BAND_3|OFF_BASE,10.0
2012-08-07,13637.051640165559,LEVER,TQQQ|SIG_BASE|BAND_3|OFF_BASE,10.0
2012-08-08,13614.92599997417,LEVER,TQQQ|SIG_BASE|BAND_3|OFF_BASE,10.0
2012-08-09,13730.43024466412,LEVER,TQQQ|SIG_BASE|BAND_3|OFF_BASE,10.0
2012-08-10,13786.960397311443,LEVER,TQQQ|SIG_BASE|BAND_3|OFF_BASE,10.0
2012-08-13,13870.526259673772,LEVER,TQQQ|SIG_BASE|BAND_3|OFF_BASE,10.0
2012-08-14,13890.181331590245,LEVER,TQQQ|SIG_BASE|BAND_3|OFF_BASE,10.0
2012-08-15,13988.48775819883,LEVER,TQQQ|SIG_BASE|BAND_3|OFF_BASE,10.0
2012-08-16,14489.831153995781,LEVER,TQQQ|SIG_BASE|BAND_3|OFF_BASE,10.0
2012-08-17,14688.883508461653,LEVER,TQQQ|SIG_BASE|BAND_3|OFF_BASE,10.0
2012-08-20,14745.416619873375,LEVER,TQQQ|SIG_BASE|BAND_3|OFF_BASE,10.0
2012-08-21,14575.851311428818,LEVER,TQQQ|SIG_BASE|BAND_3|OFF_BASE,10.0
2012-08-22,14733.122953786824,LEVER,TQQQ|SIG_BASE|BAND_3|OFF_BASE,10.0
2012-08-23,14406.274167926655,LEVER,TQQQ|SIG_BASE|BAND_3|OFF_BASE,10.0
2012-08-24,14661.849278128846,LEVER,TQQQ|SIG_BASE|BAND_3|OFF_BASE,10.0
2012-08-27,14733.122953786826,LEVER,TQQQ|SIG_BASE|BAND_3|OFF_BASE,10.0
2012-08-28,14730.667179333916,LEVER,TQQQ|SIG_BASE|BAND_3|OFF_BASE,10.0
2012-08-29,14735.572810710932,LEVER,TQQQ|SIG_BASE|BAND_3|OFF_BASE,10.0
2012-08-30,14285.855415566488,LEVER,TQQQ|SIG_BASE|BAND_3|OFF_BASE,10.0
2012-08-31,14590.597793203877,LEVER,TQQQ|SIG_BASE|BAND_3|OFF_BASE,10.0
2012-09-04,14529.13833906433,LEVER,TQQQ|SIG_BASE|BAND_3|OFF_BASE,10.0
2012-09-05,14462.799882427376,LEVER,TQQQ|SIG_BASE|BAND_3|OFF_BASE,10.0
2012-09-06,15418.792933625395,LEVER,TQQQ|SIG_BASE|BAND_3|OFF_BASE,10.0
2012-09-07,15352.429327491032,LEVER,TQQQ|SIG_BASE|BAND_3|OFF_BASE,10.0
2012-09-10,14787.197331981237,LEVER,TQQQ|SIG_BASE|BAND_3|OFF_BASE,10.0
2012-09-11,14723.30577350399,LEVER,TQQQ|SIG_BASE|BAND_3|OFF_BASE,10.0
2012-09-12,14851.08149354748,LEVER,TQQQ|SIG_BASE|BAND_3|OFF_BASE,10.0
2012-09-13,15443.358075065486,LEVER,TQQQ|SIG_BASE|BAND_3|OFF_BASE,10.0
2012-09-14,15839.026241512925,LEVER,TQQQ|SIG_BASE|BAND_3|OFF_BASE,10.0
2012-09-17,15868.52068444524,LEVER,TQQQ|SIG_BASE|BAND_3|OFF_BASE,10.0
2012-09-18,15898.009209848753,LEVER,TQQQ|SIG_BASE|BAND_3|OFF_BASE,10.0
2012-09-19,16003.684439198265,LEVER,TQQQ|SIG_BASE|BAND_3|OFF_BASE,10.0
2012-09-20,15966.830069818225,LEVER,TQQQ|SIG_BASE|BAND_3|OFF_BASE,10.0
2012-09-21,15966.830069818225,LEVER,TQQQ|SIG_BASE|BAND_3|OFF_BASE,10.0
2012-09-24,15671.922625050078,LEVER,TQQQ|SIG_BASE|BAND_3|OFF_BASE,10.0
2012-09-25,15042.778359712227,LEVER,TQQQ|SIG_BASE|BAND_3|OFF_BASE,10.0
2012-09-26,14647.099837589383,LEVER,TQQQ|SIG_BASE|BAND_3|OFF_BASE,10.0
2012-09-27,15268.88861462611,LEVER,TQQQ|SIG_BASE|BAND_3|OFF_BASE,10.0
2012-09-28,14902.704535435583,LEVER,TQQQ|SIG_BASE|BAND_3|OFF_BASE,10.0
2012-10-01,14838.790786225329,LEVER,TQQQ|SIG_BASE|BAND_3|OFF_BASE,10.0
2012-10-02,14934.650314674207,LEVER,TQQQ|SIG_BASE|BAND_3|OFF_BASE,10.0
2012-10-03,15217.267052120205,LEVER,TQQQ|SIG_BASE|BAND_3|OFF_BASE,10.0
2012-10-04,15394.212998363295,LEVER,TQQQ|SIG_BASE|BAND_3|OFF_BASE,10.0
2012-10-05,15128.798517145264,LEVER,TQQQ|SIG_BASE|BAND_3|OFF_BASE,10.0
2012-10-08,14728.214363645406,LEVER,TQQQ|SIG_BASE|BAND_3|OFF_BASE,10.0
2012-10-09,13971.292898881864,LEVER,TQQQ|SIG_BASE|BAND_3|OFF_BASE,10.0
2012-10-10,13801.703920322097,LEVER,TQQQ|SIG_BASE|BAND_3|OFF_BASE,10.0
2012-10-11,13678.835311037823,LEVER,TQQQ|SIG_BASE|BAND_3|OFF_BASE,10.0
2012-10-12,13676.381015967116,LEVER,TQQQ|SIG_BASE|BAND_3|OFF_BASE,10.0
2012-10-15,13949.15838239727,LEVER,TQQQ|SIG_BASE|BAND_3|OFF_BASE,10.0
2012-10-16,14556.17404877933,LEVER,TQQQ|SIG_BASE|BAND_3|OFF_BASE,10.0
2012-10-17,14511.942000365161,LEVER,TQQQ|SIG_BASE|BAND_3|OFF_BASE,10.0
2012-10-18,14015.527906060435,LEVER,TQQQ|SIG_BASE|BAND_3|OFF_BASE,10.0
2012-10-19,13003.001743450692,LEVER,TQQQ|SIG_BASE|BAND_3|OFF_BASE,10.0
2012-10-22,13206.983399408786,LEVER,TQQQ|SIG_BASE|BAND_3|OFF_BASE,10.0
2012-10-23,12816.217905573962,LEVER,TQQQ|SIG_BASE|BAND_3|OFF_BASE,10.0
2012-10-24,12688.44070614827,LEVER,TQQQ|SIG_BASE|BAND_3|OFF_BASE,10.0
2012-10-25,12688.44070614827,LEVER,TQQQ|SIG_BASE|BAND_3|OFF_BASE,10.0
2012-10-26,12821.151645212787,LEVER,TQQQ|SIG_BASE|BAND_3|OFF_BASE,10.0
2012-10-31,12572.93202331172,LEVER,TQQQ|SIG_BASE|BAND_3|OFF_BASE,10.0
2012-11-01,13106.218239582893,LEVER,TQQQ|SIG_BASE|BAND_3|OFF_BASE,10.0
2012-11-02,12626.979772626524,LEVER,TQQQ|SIG_BASE|BAND_3|OFF_BASE,10.0
2012-11-05,12936.632219787527,LEVER,TQQQ|SIG_BASE|BAND_3|OFF_BASE,10.0
2012-11-06,13015.292450772838,LEVER,TQQQ|SIG_BASE|BAND_3|OFF_BASE,10.0
2012-11-07,12081.4021093421,LEVER,TQQQ|SIG_BASE|BAND_3|OFF_BASE,10.0
2012-11-08,11516.167894759003,LEVER,TQQQ|SIG_BASE|BAND_3|OFF_BASE,10.0
2012-11-09,11641.516688302496,LEVER,TQQQ|SIG_BASE|BAND_3|OFF_BASE,10.0
2012-11-12,11658.71450638386,LEVER,TQQQ|SIG_BASE|BAND_3|OFF_BASE,10.0
2012-11-13,11382.778074599564,OFF,TQQQ|SIG_BASE|BAND_3|OFF_BASE,10.0
2012-11-14,11249.033842210592,OFF,TQQQ|SIG_BASE|BAND_3|OFF_BASE,10.0
2012-11-15,11211.079366454473,OFF,TQQQ|SIG_BASE|BAND_3|OFF_BASE,10.0
2012-11-16,11259.879750167127,OFF,TQQQ|SIG_BASE|BAND_3|OFF_BASE,10.0
2012-11-19,11527.372091252417,OFF,TQQQ|SIG_BASE|BAND_3|OFF_BASE,10.0
2012-11-20,11530.986360222636,OFF,TQQQ|SIG_BASE|BAND_3|OFF_BASE,10.0
2012-11-21,11554.479883790531,OFF,TQQQ|SIG_BASE|BAND_3|OFF_BASE,10.0
2012-11-23,11729.79441142878,OFF,TQQQ|SIG_BASE|BAND_3|OFF_BASE,10.0
2012-11-26,11780.398828580666,OFF,TQQQ|SIG_BASE|BAND_3|OFF_BASE,10.0
2012-11-27,11740.63334203209,OFF,TQQQ|SIG_BASE|BAND_3|OFF_BASE,10.0
2012-11-28,11841.849153689087,OFF,TQQQ|SIG_BASE|BAND_3|OFF_BASE,10.0
2012-11-29,11912.341353314812,OFF,TQQQ|SIG_BASE|BAND_3|OFF_BASE,10.0
2012-11-30,11892.45899767126,OFF,TQQQ|SIG_BASE|BAND_3|OFF_BASE,10.0
2012-12-03,11868.959272011609,OFF,TQQQ|SIG_BASE|BAND_3|OFF_BASE,10.0
2012-12-04,11861.73150933264,OFF,TQQQ|SIG_BASE|BAND_3|OFF_BASE,10.0
2012-12-05,11729.794411428777,OFF,TQQQ|SIG_BASE|BAND_3|OFF_BASE,10.0
2012-12-06,11805.702587679545,OFF,TQQQ|SIG_BASE|BAND_3|OFF_BASE,10.0
2012-12-07,11735.218915929983,OFF,TQQQ|SIG_BASE|BAND_3|OFF_BASE,10.0
2012-12-10,11769.556021670007,OFF,TQQQ|SIG_BASE|BAND_3|OFF_BASE,10.0
2012-12-11,11923.182609702531,OFF,TQQQ|SIG_BASE|BAND_3|OFF_BASE,10.0
2012-12-12,11897.881951649528,OFF,TQQQ|SIG_BASE|BAND_3|OFF_BASE,10.0
2012-12-13,11803.897003717377,OFF,TQQQ|SIG_BASE|BAND_3|OFF_BASE,10.0
2012-12-14,11691.836834626783,OFF,TQQQ|SIG_BASE|BAND_3|OFF_BASE,10.0
2012-12-17,11847.275983974705,OFF,TQQQ|SIG_BASE|BAND_3|OFF_BASE,10.0
2012-12-18,12028.008038760936,OFF,TQQQ|SIG_BASE|BAND_3|OFF_BASE,10.0
2012-12-19,11975.593386078062,OFF,TQQQ|SIG_BASE|BAND_3|OFF_BASE,10.0
2012-12-20,11975.593386078062,OFF,TQQQ|SIG_BASE|BAND_3|OFF_BASE,10.0
2012-12-21,11849.64595828658,OFF,TQQQ|SIG_BASE|BAND_3|OFF_BASE,10.0
2012-12-24,11826.019865007422,OFF,TQQQ|SIG_BASE|BAND_3|OFF_BASE,10.0
2012-12-26,11722.427876946795,OFF,TQQQ|SIG_BASE|BAND_3|OFF_BASE,10.0
2012-12-27,11704.253422320271,OFF,TQQQ|SIG_BASE|BAND_3|OFF_BASE,10.0
2012-12-28,11591.573819315647,OFF,TQQQ|SIG_BASE|BAND_3|OFF_BASE,10.0
2012-12-31,11836.92159178975,OFF,TQQQ|SIG_BASE|BAND_3|OFF_BASE,10.0
2013-01-02,12188.70645958257,LEVER,TQQQ|SIG_BASE|BAND_3|OFF_BASE,10.0
2013-01-03,12012.138273685445,LEVER,TQQQ|SIG_BASE|BAND_3|OFF_BASE,10.0
2013-01-04,11893.698907545255,LEVER,TQQQ|SIG_BASE|BAND_3|OFF_BASE,10.0
2013-01-07,11906.619447821284,LEVER,TQQQ|SIG_BASE|BAND_3|OFF_BASE,10.0
2013-01-08,11837.693479478112,LEVER,TQQQ|SIG_BASE|BAND_3|OFF_BASE,10.0
2013-01-09,11958.301608925396,LEVER,TQQQ|SIG_BASE|BAND_3|OFF_BASE,10.0
2013-01-10,12169.337964321798,LEVER,TQQQ|SIG_BASE|BAND_3|OFF_BASE,10.0
2013-01-11,12214.552725462318,LEVER,TQQQ|SIG_BASE|BAND_3|OFF_BASE,10.0
2013-01-14,12057.350442162122,LEVER,TQQQ|SIG_BASE|BAND_3|OFF_BASE,10.0
2013-01-15,11878.60701129829,LEVER,TQQQ|SIG_BASE|BAND_3|OFF_BASE,10.0
2013-01-16,12012.138273685448,LEVER,TQQQ|SIG_BASE|BAND_3|OFF_BASE,10.0
2013-01-17,12197.33095586595,LEVER,TQQQ|SIG_BASE|BAND_3|OFF_BASE,10.0
2013-01-18,12128.42443250162,LEVER,TQQQ|SIG_BASE|BAND_3|OFF_BASE,10.0
2013-01-22,12177.958571609408,LEVER,TQQQ|SIG_BASE|BAND_3|OFF_BASE,10.0
2013-01-23,12376.070497734012,LEVER,TQQQ|SIG_BASE|BAND_3|OFF_BASE,10.0
2013-01-24,11882.930278261325,LEVER,TQQQ|SIG_BASE|BAND_3|OFF_BASE,10.0
2013-01-25,12059.499760490373,LEVER,TQQQ|SIG_BASE|BAND_3|OFF_BASE,10.0
2013-01-28,12145.644905766068,LEVER,TQQQ|SIG_BASE|BAND_3|OFF_BASE,10.0
2013-01-29,12145.644905766068,LEVER,TQQQ|SIG_BASE|BAND_3|OFF_BASE,10.0
2013-01-30,12078.890293393835,LEVER,TQQQ|SIG_BASE|BAND_3|OFF_BASE,10.0
2013-01-31,12001.3631627419,LEVER,TQQQ|SIG_BASE|BAND_3|OFF_BASE,10.0
2013-02-01,12395.4454746544,LEVER,TQQQ|SIG_BASE|BAND_3|OFF_BASE,10.0
2013-02-04,11764.488319457287,LEVER,TQQQ|SIG_BASE|BAND_3|OFF_BASE,10.0
2013-02-05,12281.326782813394,LEVER,TQQQ|SIG_BASE|BAND_3|OFF_BASE,10.0
2013-02-06,12167.1860533297,LEVER,TQQQ|SIG_BASE|BAND_3|OFF_BASE,10.0
2013-02-07,12197.330955865944,LEVER,TQQQ|SIG_BASE|BAND_3|OFF_BASE,10.0
2013-02-08,12567.73576520579,LEVER,TQQQ|SIG_BASE|BAND_3|OFF_BASE,10.0
2013-02-11,12563.412498242757,LEVER,TQQQ|SIG_BASE|BAND_3|OFF_BASE,10.0
2013-02-12,12416.984029554185,LEVER,TQQQ|SIG_BASE|BAND_3|OFF_BASE,10.0
2013-02-13,12561.264476246432,LEVER,TQQQ|SIG_BASE|BAND_3|OFF_BASE,10.0
2013-02-14,12535.423395694375,LEVER,TQQQ|SIG_BASE|BAND_3|OFF_BASE,10.0
2013-02-15,12427.753955170041,LEVER,TQQQ|SIG_BASE|BAND_3|OFF_BASE,10.0
2013-02-19,12699.095671622008,LEVER,TQQQ|SIG_BASE|BAND_3|OFF_BASE,10.0
2013-02-20,12119.802528882086,LEVER,TQQQ|SIG_BASE|BAND_3|OFF_BASE,10.0
2013-02-21,11725.724105965355,LEVER,TQQQ|SIG_BASE|BAND_3|OFF_BASE,10.0
2013-02-22,12070.270982438147,LEVER,TQQQ|SIG_BASE|BAND_3|OFF_BASE,10.0
2013-02-25,11620.187131454271,LEVER,TQQQ|SIG_BASE|BAND_3|OFF_BASE,10.0
2013-02-26,11760.168941490021,LEVER,TQQQ|SIG_BASE|BAND_3|OFF_BASE,10.0
2013-02-27,12117.655803217684,LEVER,TQQQ|SIG_BASE|BAND_3|OFF_BASE,10.0
2013-02-28,12072.422893430241,LEVER,TQQQ|SIG_BASE|BAND_3|OFF_BASE,10.0
2013-03-01,12197.330955865944,LEVER,TQQQ|SIG_BASE|BAND_3|OFF_BASE,10.0
2013-03-04,12354.529350170373,LEVER,TQQQ|SIG_BASE|BAND_3|OFF_BASE,10.0
2013-03-05,12897.207597746614,LEVER,TQQQ|SIG_BASE|BAND_3|OFF_BASE,10.0
2013-03-06,12815.384423102027,LEVER,TQQQ|SIG_BASE|BAND_3|OFF_BASE,10.0
2013-03-07,12927.371945261702,LEVER,TQQQ|SIG_BASE|BAND_3|OFF_BASE,10.0
2013-03-08,12942.440507534055,LEVER,TQQQ|SIG_BASE|BAND_3|OFF_BASE,10.0
2013-03-11,13075.95362127429,LEVER,TQQQ|SIG_BASE|BAND_3|OFF_BASE,10.0
2013-03-12,12916.602019645843,LEVER,TQQQ|SIG_BASE|BAND_3|OFF_BASE,10.0
2013-03-13,12875.687191493742,LEVER,TQQQ|SIG_BASE|BAND_3|OFF_BASE,10.0
2013-03-14,13007.044505246115,LEVER,TQQQ|SIG_BASE|BAND_3|OFF_BASE,10.0
2013-03-15,12884.287057470583,LEVER,TQQQ|SIG_BASE|BAND_3|OFF_BASE,10.0
2013-03-18,12795.991297534714,LEVER,TQQQ|SIG_BASE|BAND_3|OFF_BASE,10.0
2013-03-19,12744.307840098681,LEVER,TQQQ|SIG_BASE|BAND_3|OFF_BASE,10.0
2013-03-20,12987.65397234265,LEVER,TQQQ|SIG_BASE|BAND_3|OFF_BASE,10.0
2013-03-21,12572.03699452613,LEVER,TQQQ|SIG_BASE|BAND_3|OFF_BASE,10.0
2013-03-22,12918.750041642168,LEVER,TQQQ|SIG_BASE|BAND_3|OFF_BASE,10.0
2013-03-25,12787.390135225949,LEVER,TQQQ|SIG_BASE|BAND_3|OFF_BASE,10.0
2013-03-26,12983.35403935423,LEVER,TQQQ|SIG_BASE|BAND_3|OFF_BASE,10.0
2013-03-27,13052.257970054712,LEVER,TQQQ|SIG_BASE|BAND_3|OFF_BASE,10.0
2013-03-28,13127.635782378398,LEVER,TQQQ|SIG_BASE|BAND_3|OFF_BASE,10.0
2013-04-01,12873.51842818665,LEVER,TQQQ|SIG_BASE|BAND_3|OFF_BASE,10.0
2013-04-02,13164.25067754208,LEVER,TQQQ|SIG_BASE|BAND_3|OFF_BASE,10.0
2013-04-03,12815.384423102025,LEVER,TQQQ|SIG_BASE|BAND_3|OFF_BASE,10.0
2013-04-04,12821.834970750617,LEVER,TQQQ|SIG_BASE|BAND_3|OFF_BASE,10.0
2013-04-05,12507.431700482146,LEVER,TQQQ|SIG_BASE|BAND_3|OFF_BASE,10.0
2013-04-08,12699.095671622004,LEVER,TQQQ|SIG_BASE|BAND_3|OFF_BASE,10.0
2013-04-09,12948.891055182643,LEVER,TQQQ|SIG_BASE|BAND_3|OFF_BASE,10.0
2013-04-10,13706.927628786396,LEVER,TQQQ|SIG_BASE|BAND_3|OFF_BASE,10.0
2013-04-11,13683.23197756682,LEVER,TQQQ|SIG_BASE|BAND_3|OFF_BASE,10.0
2013-04-12,13668.162118962544,LEVER,TQQQ|SIG_BASE|BAND_3|OFF_BASE,10.0
2013-04-15,12836.922978001812,LEVER,TQQQ|SIG_BASE|BAND_3|OFF_BASE,10.0
2013-04-16,13373.131232950618,LEVER,TQQQ|SIG_BASE|BAND_3|OFF_BASE,10.0
2013-04-17,12591.427527429592,LEVER,TQQQ|SIG_BASE|BAND_3|OFF_BASE,10.0
2013-04-18,12046.580516546257,LEVER,TQQQ|SIG_BASE|BAND_3|OFF_BASE,10.0
2013-04-19,12546.193321310227,LEVER,TQQQ|SIG_BASE|BAND_3|OFF_BASE,10.0
2013-04-22,12931.671878250118,LEVER,TQQQ|SIG_BASE|BAND_3|OFF_BASE,10.0
2013-04-23,13312.824575563129,LEVER,TQQQ|SIG_BASE|BAND_3|OFF_BASE,10.0
2013-04-24,13280.534243694405,LEVER,TQQQ|SIG_BASE|BAND_3|OFF_BASE,10.0
2013-04-25,13495.888680726148,LEVER,TQQQ|SIG_BASE|BAND_3|OFF_BASE,10.0
2013-04-26,13381.751840238223,LEVER,TQQQ|SIG_BASE|BAND_3|OFF_BASE,10.0
2013-04-29,13737.067345994947,LEVER,TQQQ|SIG_BASE|BAND_3|OFF_BASE,10.0
2013-04-30,14038.56822463431,LEVER,TQQQ|SIG_BASE|BAND_3|OFF_BASE,10.0
2013-05-01,13859.827386434325,LEVER,TQQQ|SIG_BASE|BAND_3|OFF_BASE,10.0
2013-05-02,14361.590805858465,LEVER,TQQQ|SIG_BASE|BAND_3|OFF_BASE,10.0
2013-05-03,14863.339965631452,LEVER,TQQQ|SIG_BASE|BAND_3|OFF_BASE,10.0
2013-05-06,15054.99875144362,LEVER,TQQQ|SIG_BASE|BAND_3|OFF_BASE,10.0
2013-05-07,15018.386448943786,LEVER,TQQQ|SIG_BASE|BAND_3|OFF_BASE,10.0
2013-05-08,15253.134011542837,LEVER,TQQQ|SIG_BASE|BAND_3|OFF_BASE,10.0
2013-05-09,15199.275309140095,LEVER,TQQQ|SIG_BASE|BAND_3|OFF_BASE,10.0
2013-05-10,15457.695188984111,LEVER,TQQQ|SIG_BASE|BAND_3|OFF_BASE,10.0
2013-05-13,15518.003142703521,LEVER,TQQQ|SIG_BASE|BAND_3|OFF_BASE,10.0
2013-05-14,15746.276823679367,LEVER,TQQQ|SIG_BASE|BAND_3|OFF_BASE,10.0
2013-05-15,15862.566871491308,LEVER,TQQQ|SIG_BASE|BAND_3|OFF_BASE,10.0
2013-05-16,15804.410828763992,LEVER,TQQQ|SIG_BASE|BAND_3|OFF_BASE,10.0
2013-05-17,16250.190857763679,LEVER,TQQQ|SIG_BASE|BAND_3|OFF_BASE,10.0
2013-05-20,16176.96625276401,LEVER,TQQQ|SIG_BASE|BAND_3|OFF_BASE,10.0
2013-05-21,16237.269021155731,LEVER,TQQQ|SIG_BASE|BAND_3|OFF_BASE,10.0
2013-05-22,15841.027020259598,LEVER,TQQQ|SIG_BASE|BAND_3|OFF_BASE,10.0
2013-05-23,15668.750989359356,LEVER,TQQQ|SIG_BASE|BAND_3|OFF_BASE,10.0
2013-05-24,15660.132974735594,LEVER,TQQQ|SIG_BASE|BAND_3|OFF_BASE,10.0
2013-05-28,15983.152963295905,LEVER,TQQQ|SIG_BASE|BAND_3|OFF_BASE,10.0
2013-05-29,15741.956149380183,LEVER,TQQQ|SIG_BASE|BAND_3|OFF_BASE,10.0
2013-05-30,15998.225414564027,LEVER,TQQQ|SIG_BASE|BAND_3|OFF_BASE,10.0
2013-05-31,15541.692312263482,LEVER,TQQQ|SIG_BASE|BAND_3|OFF_BASE,10.0
2013-06-03,15632.139983191446,LEVER,TQQQ|SIG_BASE|BAND_3|OFF_BASE,10.0
2013-06-04,15397.415754567006,LEVER,TQQQ|SIG_BASE|BAND_3|OFF_BASE,10.0
2013-06-05,14807.350093547382,LEVER,TQQQ|SIG_BASE|BAND_3|OFF_BASE,10.0
2013-06-06,14988.246731735233,LEVER,TQQQ|SIG_BASE|BAND_3|OFF_BASE,10.0
2013-06-07,15614.918213595078,LEVER,TQQQ|SIG_BASE|BAND_3|OFF_BASE,10.0
2013-06-10,15621.370057575594,LEVER,TQQQ|SIG_BASE|BAND_3|OFF_BASE,10.0
2013-06-11,15169.136888263469,LEVER,TQQQ|SIG_BASE|BAND_3|OFF_BASE,10.0
2013-06-12,14643.6804102836,LEVER,TQQQ|SIG_BASE|BAND_3|OFF_BASE,10.0
2013-06-13,15169.13688826347,LEVER,TQQQ|SIG_BASE|BAND_3|OFF_BASE,10.0
2013-06-14,14902.09769746377,LEVER,TQQQ|SIG_BASE|BAND_3|OFF_BASE,10.0
2013-06-17,15315.569245947812,LEVER,TQQQ|SIG_BASE|BAND_3|OFF_BASE,10.0
2013-06-18,15677.354744331973,LEVER,TQQQ|SIG_BASE|BAND_3|OFF_BASE,10.0
2013-06-19,15184.206746867747,LEVER,TQQQ|SIG_BASE|BAND_3|OFF_BASE,10.0
2013-06-20,14064.413194182136,LEVER,TQQQ|SIG_BASE|BAND_3|OFF_BASE,10.0
2013-06-21,13866.276637750994,LEVER,TQQQ|SIG_BASE|BAND_3|OFF_BASE,10.0
2013-06-24,13437.7365269946,LEVER,TQQQ|SIG_BASE|BAND_3|OFF_BASE,10.0
2013-06-25,13724.148102050844,LEVER,TQQQ|SIG_BASE|BAND_3|OFF_BASE,10.0
2013-06-26,14098.851548047187,LEVER,TQQQ|SIG_BASE|BAND_3|OFF_BASE,10.0
2013-06-27,14256.055127679307,LEVER,TQQQ|SIG_BASE|BAND_3|OFF_BASE,10.0
2013-06-28,14294.81674850739,LEVER,TQQQ|SIG_BASE|BAND_3|OFF_BASE,10.0
2013-07-01,14600.617560135172,LEVER,TQQQ|SIG_BASE|BAND_3|OFF_BASE,10.0
2013-07-02,14607.088849094529,LEVER,TQQQ|SIG_BASE|BAND_3|OFF_BASE,10.0
2013-07-03,14805.202071551055,LEVER,TQQQ|SIG_BASE|BAND_3|OFF_BASE,10.0
2013-07-05,15132.525882095553,LEVER,TQQQ|SIG_BASE|BAND_3|OFF_BASE,10.0
2013-07-08,15182.058724871415,LEVER,TQQQ|SIG_BASE|BAND_3|OFF_BASE,10.0
2013-07-09,15459.86784128697,LEVER,TQQQ|SIG_BASE|BAND_3|OFF_BASE,10.0
2013-07-10,15720.437039459235,LEVER,TQQQ|SIG_BASE|BAND_3|OFF_BASE,10.0
2013-07-11,16700.27341241563,LEVER,TQQQ|SIG_BASE|BAND_3|OFF_BASE,10.0
2013-07-12,16874.696168980277,LEVER,TQQQ|SIG_BASE|BAND_3|OFF_BASE,10.0
2013-07-15,17006.054779064572,LEVER,TQQQ|SIG_BASE|BAND_3|OFF_BASE,10.0
2013-07-16,16939.30146302426,LEVER,TQQQ|SIG_BASE|BAND_3|OFF_BASE,10.0
2013-07-17,17059.8901474927,LEVER,TQQQ|SIG_BASE|BAND_3|OFF_BASE,10.0
2013-07-18,16935.001530035843,LEVER,TQQQ|SIG_BASE|BAND_3|OFF_BASE,10.0
2013-07-19,16420.313681339903,LEVER,TQQQ|SIG_BASE|BAND_3|OFF_BASE,10.0
2013-07-22,16538.751751148167,LEVER,TQQQ|SIG_BASE|BAND_3|OFF_BASE,10.0
2013-07-23,16170.519594111183,LEVER,TQQQ|SIG_BASE|BAND_3|OFF_BASE,10.0
2013-07-24,16323.398610448347,LEVER,TQQQ|SIG_BASE|BAND_3|OFF_BASE,10.0
2013-07-25,16618.42690379643,LEVER,TQQQ|SIG_BASE|BAND_3|OFF_BASE,10.0
2013-07-26,16894.09188721143,LEVER,TQQQ|SIG_BASE|BAND_3|OFF_BASE,10.0
2013-07-29,16816.56346022757,LEVER,TQQQ|SIG_BASE|BAND_3|OFF_BASE,10.0
2013-07-30,17066.35884378821,LEVER,TQQQ|SIG_BASE|BAND_3|OFF_BASE,10.0
2013-07-31,17174.026987980622,LEVER,TQQQ|SIG_BASE|BAND_3|OFF_BASE,10.0
2013-08-01,17697.334147632242,LEVER,TQQQ|SIG_BASE|BAND_3|OFF_BASE,10.0
2013-08-02,17992.365033644168,LEVER,TQQQ|SIG_BASE|BAND_3|OFF_BASE,10.0
2013-08-05,18031.125358140325,LEVER,TQQQ|SIG_BASE|BAND_3|OFF_BASE,10.0
2013-08-06,17710.255984240186,LEVER,TQQQ|SIG_BASE|BAND_3|OFF_BASE,10.0
2013-08-07,17609.0344987006,LEVER,TQQQ|SIG_BASE|BAND_3|OFF_BASE,10.0
2013-08-08,17843.765208984656,LEVER,TQQQ|SIG_BASE|BAND_3|OFF_BASE,10.0
2013-08-09,17652.09864518095,LEVER,TQQQ|SIG_BASE|BAND_3|OFF_BASE,10.0
2013-08-12,17761.936849012378,LEVER,TQQQ|SIG_BASE|BAND_3|OFF_BASE,10.0
2013-08-13,18056.967735024304,LEVER,TQQQ|SIG_BASE|BAND_3|OFF_BASE,10.0
2013-08-14,17856.685749260683,LEVER,TQQQ|SIG_BASE|BAND_3|OFF_BASE,10.0
2013-08-15,16960.841314255966,LEVER,TQQQ|SIG_BASE|BAND_3|OFF_BASE,10.0
2013-08-16,16900.537249532324,LEVER,TQQQ|SIG_BASE|BAND_3|OFF_BASE,10.0
2013-08-19,16833.782637160093,LEVER,TQQQ|SIG_BASE|BAND_3|OFF_BASE,10.0
2013-08-20,17064.206932796114,LEVER,TQQQ|SIG_BASE|BAND_3|OFF_BASE,10.0
2013-08-21,16894.091887211427,LEVER,TQQQ|SIG_BASE|BAND_3|OFF_BASE,10.0
2013-08-22,17376.46218106826,LEVER,TQQQ|SIG_BASE|BAND_3|OFF_BASE,10.0
2013-08-23,17742.548908772762,LEVER,TQQQ|SIG_BASE|BAND_3|OFF_BASE,10.0
2013-08-26,17757.617471045112,LEVER,TQQQ|SIG_BASE|BAND_3|OFF_BASE,10.0
2013-08-27,16639.970644023906,LEVER,TQQQ|SIG_BASE|BAND_3|OFF_BASE,10.0
2013-08-28,16855.32119205988,LEVER,TQQQ|SIG_BASE|BAND_3|OFF_BASE,10.0
2013-08-29,17204.187446499935,LEVER,TQQQ|SIG_BASE|BAND_3|OFF_BASE,10.0
2013-08-30,16883.31936893172,LEVER,TQQQ|SIG_BASE|BAND_3|OFF_BASE,10.0
2013-09-03,17161.10385504074,LEVER,TQQQ|SIG_BASE|BAND_3|OFF_BASE,10.0
2013-09-04,17721.024613524118,LEVER,TQQQ|SIG_BASE|BAND_3|OFF_BASE,10.0
2013-09-05,17798.550447844133,LEVER,TQQQ|SIG_BASE|BAND_3|OFF_BASE,10.0
2013-09-06,17863.154445556193,LEVER,TQQQ|SIG_BASE|BAND_3|OFF_BASE,10.0
2013-09-09,18491.95968976121,LEVER,TQQQ|SIG_BASE|BAND_3|OFF_BASE,10.0
2013-09-10,18771.92071716886,LEVER,TQQQ|SIG_BASE|BAND_3|OFF_BASE,10.0
2013-09-11,18677.170520588632,LEVER,TQQQ|SIG_BASE|BAND_3|OFF_BASE,10.0
2013-09-12,18593.175989973108,LEVER,TQQQ|SIG_BASE|BAND_3|OFF_BASE,10.0
2013-09-13,18653.48005469675,LEVER,TQQQ|SIG_BASE|BAND_3|OFF_BASE,10.0
2013-09-16,18496.279067728476,LEVER,TQQQ|SIG_BASE|BAND_3|OFF_BASE,10.0
2013-09-17,18866.664432089477,LEVER,TQQQ|SIG_BASE|BAND_3|OFF_BASE,10.0
2013-09-18,19560.09700798117,LEVER,TQQQ|SIG_BASE|BAND_3|OFF_BASE,10.0
2013-09-19,19680.679210789996,LEVER,TQQQ|SIG_BASE|BAND_3|OFF_BASE,10.0
2013-09-20,19465.34681140094,LEVER,TQQQ|SIG_BASE|BAND_3|OFF_BASE,10.0
2013-09-23,19355.50731123759,LEVER,TQQQ|SIG_BASE|BAND_3|OFF_BASE,10.0
2013-09-24,19359.80724422601,LEVER,TQQQ|SIG_BASE|BAND_3|OFF_BASE,10.0
2013-09-25,19176.767769369526,LEVER,TQQQ|SIG_BASE|BAND_3|OFF_BASE,10.0
2013-09-26,19616.079102073698,LEVER,TQQQ|SIG_BASE|BAND_3|OFF_BASE,10.0
2013-09-27,19523.480816485564,LEVER,TQQQ|SIG_BASE|BAND_3|OFF_BASE,10.0
2013-09-30,19400.741517356953,LEVER,TQQQ|SIG_BASE|BAND_3|OFF_BASE,10.0
2013-10-01,19982.1826820932,LEVER,TQQQ|SIG_BASE|BAND_3|OFF_BASE,10.0
2013-10-02,19945.570379593366,LEVER,TQQQ|SIG_BASE|BAND_3|OFF_BASE,10.0
2013-10-03,19252.14039636552,LEVER,TQQQ|SIG_BASE|BAND_3|OFF_BASE,10.0
2013-10-04,19747.433823162224,LEVER,TQQQ|SIG_BASE|BAND_3|OFF_BASE,10.0
2013-10-07,19258.612981656803,LEVER,TQQQ|SIG_BASE|BAND_3|OFF_BASE,10.0
2013-10-08,18168.935812205134,LEVER,TQQQ|SIG_BASE|BAND_3|OFF_BASE,10.0
2013-10-09,17968.671975088433,LEVER,TQQQ|SIG_BASE|BAND_3|OFF_BASE,10.0
2013-10-10,19110.01186066537,LEVER,TQQQ|SIG_BASE|BAND_3|OFF_BASE,10.0
2013-10-11,19540.701289750014,LEVER,TQQQ|SIG_BASE|BAND_3|OFF_BASE,10.0
2013-10-14,19945.570379593366,LEVER,TQQQ|SIG_BASE|BAND_3|OFF_BASE,10.0
2013-10-15,19732.36396455795,LEVER,TQQQ|SIG_BASE|BAND_3|OFF_BASE,10.0
2013-10-16,20406.39952588656,LEVER,TQQQ|SIG_BASE|BAND_3|OFF_BASE,10.0
2013-10-17,20735.894692402,LEVER,TQQQ|SIG_BASE|BAND_3|OFF_BASE,10.0
2013-10-18,21760.940641171223,LEVER,TQQQ|SIG_BASE|BAND_3|OFF_BASE,10.0
2013-10-21,21885.85777793039,LEVER,TQQQ|SIG_BASE|BAND_3|OFF_BASE,10.0
2013-10-22,21961.234293922156,LEVER,TQQQ|SIG_BASE|BAND_3|OFF_BASE,10.0
2013-10-23,21608.03829085945,LEVER,TQQQ|SIG_BASE|BAND_3|OFF_BASE,10.0
2013-10-24,21877.237170642784,LEVER,TQQQ|SIG_BASE|BAND_3|OFF_BASE,10.0
2013-10-25,22314.393999691016,LEVER,TQQQ|SIG_BASE|BAND_3|OFF_BASE,10.0
2013-10-28,22359.62302048269,LEVER,TQQQ|SIG_BASE|BAND_3|OFF_BASE,10.0
2013-10-29,22467.296350002794,LEVER,TQQQ|SIG_BASE|BAND_3|OFF_BASE,10.0
2013-10-30,22396.22365599522,LEVER,TQQQ|SIG_BASE|BAND_3|OFF_BASE,10.0
2013-10-31,22251.941912971055,LEVER,TQQQ|SIG_BASE|BAND_3|OFF_BASE,10.0
2013-11-01,22241.169394691355,LEVER,TQQQ|SIG_BASE|BAND_3|OFF_BASE,10.0
2013-11-04,22348.86087285838,LEVER,TQQQ|SIG_BASE|BAND_3|OFF_BASE,10.0
2013-11-05,22443.60718044284,LEVER,TQQQ|SIG_BASE|BAND_3|OFF_BASE,10.0
2013-11-06,22404.841670618986,LEVER,TQQQ|SIG_BASE|BAND_3|OFF_BASE,10.0
2013-11-07,21162.286781162074,LEVER,TQQQ|SIG_BASE|BAND_3|OFF_BASE,10.0
2013-11-08,21997.837522098536,LEVER,TQQQ|SIG_BASE|BAND_3|OFF_BASE,10.0
2013-11-11,21892.310918242838,LEVER,TQQQ|SIG_BASE|BAND_3|OFF_BASE,10.0
2013-11-12,21999.99202575448,LEVER,TQQQ|SIG_BASE|BAND_3|OFF_BASE,10.0
2013-11-13,22788.16961289871,LEVER,TQQQ|SIG_BASE|BAND_3|OFF_BASE,10.0
2013-11-14,22964.73779879583,LEVER,TQQQ|SIG_BASE|BAND_3|OFF_BASE,10.0
2013-11-15,23124.10884540312,LEVER,TQQQ|SIG_BASE|BAND_3|OFF_BASE,10.0
2013-11-18,22484.514230603403,LEVER,TQQQ|SIG_BASE|BAND_3|OFF_BASE,10.0
2013-11-19,22262.70924592307,LEVER,TQQQ|SIG_BASE|BAND_3|OFF_BASE,10.0
2013-11-20,22107.660169946892,LEVER,TQQQ|SIG_BASE|BAND_3|OFF_BASE,10.0
2013-11-21,22783.850234931444,LEVER,TQQQ|SIG_BASE|BAND_3|OFF_BASE,10.0
2013-11-22,23143.48382232351,LEVER,TQQQ|SIG_BASE|BAND_3|OFF_BASE,10.0
2013-11-25,23296.386172635288,LEVER,TQQQ|SIG_BASE|BAND_3|OFF_BASE,10.0
2013-11-26,23681.86084057941,LEVER,TQQQ|SIG_BASE|BAND_3|OFF_BASE,10.0
2013-11-27,24155.636453787094,LEVER,TQQQ|SIG_BASE|BAND_3|OFF_BASE,10.0
2013-11-29,24551.860306036306,LEVER,TQQQ|SIG_BASE|BAND_3|OFF_BASE,10.0
2013-12-02,24398.957955724527,LEVER,TQQQ|SIG_BASE|BAND_3|OFF_BASE,10.0
2013-12-03,24327.903410363873,LEVER,TQQQ|SIG_BASE|BAND_3|OFF_BASE,10.0
2013-12-04,24390.36068241153,LEVER,TQQQ|SIG_BASE|BAND_3|OFF_BASE,10.0
2013-12-05,24314.98935174746,LEVER,TQQQ|SIG_BASE|BAND_3|OFF_BASE,10.0
2013-12-06,24816.755363835444,LEVER,TQQQ|SIG_BASE|BAND_3|OFF_BASE,10.0
2013-12-09,25113.923901188315,LEVER,TQQQ|SIG_BASE|BAND_3|OFF_BASE,10.0
2013-12-10,25068.69747306049,LEVER,TQQQ|SIG_BASE|BAND_3|OFF_BASE,10.0
2013-12-11,24131.939506235594,LEVER,TQQQ|SIG_BASE|BAND_3|OFF_BASE,10.0
2013-12-12,23935.97819477116,LEVER,TQQQ|SIG_BASE|BAND_3|OFF_BASE,10.0
2013-12-13,23821.83876161939,LEVER,TQQQ|SIG_BASE|BAND_3|OFF_BASE,10.0
2013-12-16,24230.989635804242,LEVER,TQQQ|SIG_BASE|BAND_3|OFF_BASE,10.0
2013-12-17,24078.11061946708,LEVER,TQQQ|SIG_BASE|BAND_3|OFF_BASE,10.0
2013-12-18,24909.34457510012,LEVER,TQQQ|SIG_BASE|BAND_3|OFF_BASE,10.0
2013-12-19,24685.39286475538,LEVER,TQQQ|SIG_BASE|BAND_3|OFF_BASE,10.0
2013-12-20,25428.328467788702,LEVER,TQQQ|SIG_BASE|BAND_3|OFF_BASE,10.0
2013-12-23,26250.970335436443,LEVER,TQQQ|SIG_BASE|BAND_3|OFF_BASE,10.0
2013-12-24,26287.5839342682,LEVER,TQQQ|SIG_BASE|BAND_3|OFF_BASE,10.0
2013-12-26,26543.829865477433,LEVER,TQQQ|SIG_BASE|BAND_3|OFF_BASE,10.0
2013-12-27,26350.020465005095,LEVER,TQQQ|SIG_BASE|BAND_3|OFF_BASE,10.0
2013-12-30,26212.20741827644,LEVER,TQQQ|SIG_BASE|BAND_3|OFF_BASE,10.0
2013-12-31,26726.887488980843,LEVER,TQQQ|SIG_BASE|BAND_3|OFF_BASE,10.0
2014-01-02,26102.371807108862,LEVER,TQQQ|SIG_BASE|BAND_3|OFF_BASE,10.0
2014-01-03,25533.84470098903,LEVER,TQQQ|SIG_BASE|BAND_3|OFF_BASE,10.0
2014-01-06,25262.512058860524,LEVER,TQQQ|SIG_BASE|BAND_3|OFF_BASE,10.0
2014-01-07,25917.177828596443,LEVER,TQQQ|SIG_BASE|BAND_3|OFF_BASE,10.0
2014-01-08,26110.989821732626,LEVER,TQQQ|SIG_BASE|BAND_3|OFF_BASE,10.0
2014-01-09,25841.806497932368,LEVER,TQQQ|SIG_BASE|BAND_3|OFF_BASE,10.0
2014-01-10,26100.214710789078,LEVER,TQQQ|SIG_BASE|BAND_3|OFF_BASE,10.0
2014-01-13,24939.48688497252,LEVER,TQQQ|SIG_BASE|BAND_3|OFF_BASE,10.0
2014-01-14,26367.253901588774,LEVER,TQQQ|SIG_BASE|BAND_3|OFF_BASE,10.0
2014-01-15,26983.13342019007,LEVER,TQQQ|SIG_BASE|BAND_3|OFF_BASE,10.0
2014-01-16,27039.145329916828,LEVER,TQQQ|SIG_BASE|BAND_3|OFF_BASE,10.0
2014-01-17,26558.924354388244,LEVER,TQQQ|SIG_BASE|BAND_3|OFF_BASE,10.0
2014-01-21,27153.284763068597,LEVER,TQQQ|SIG_BASE|BAND_3|OFF_BASE,10.0
2014-01-22,27405.229464957487,LEVER,TQQQ|SIG_BASE|BAND_3|OFF_BASE,10.0
2014-01-23,27075.756336084738,LEVER,TQQQ|SIG_BASE|BAND_3|OFF_BASE,10.0
2014-01-24,25471.3952069329,LEVER,TQQQ|SIG_BASE|BAND_3|OFF_BASE,10.0
2014-01-27,24730.595958908594,LEVER,TQQQ|SIG_BASE|BAND_3|OFF_BASE,10.0
2014-01-28,24721.98572227637,LEVER,TQQQ|SIG_BASE|BAND_3|OFF_BASE,10.0
2014-01-29,23942.431335083595,LEVER,TQQQ|SIG_BASE|BAND_3|OFF_BASE,10.0
2014-01-30,25204.37675744397,LEVER,TQQQ|SIG_BASE|BAND_3|OFF_BASE,10.0
2014-01-31,25027.787830236077,LEVER,TQQQ|SIG_BASE|BAND_3|OFF_BASE,10.0
2014-02-03,23369.610777634956,LEVER,TQQQ|SIG_BASE|BAND_3|OFF_BASE,10.0
2014-02-04,23826.137398275885,LEVER,TQQQ|SIG_BASE|BAND_3|OFF_BASE,10.0
2014-02-05,23606.486917251492,LEVER,TQQQ|SIG_BASE|BAND_3|OFF_BASE,10.0
2014-02-06,24510.942885220356,LEVER,TQQQ|SIG_BASE|BAND_3|OFF_BASE,10.0
2014-02-07,25811.65900273227,LEVER,TQQQ|SIG_BASE|BAND_3|OFF_BASE,10.0
2014-02-10,26285.413874629186,LEVER,TQQQ|SIG_BASE|BAND_3|OFF_BASE,10.0
2014-02-11,27185.576391269242,LEVER,TQQQ|SIG_BASE|BAND_3|OFF_BASE,10.0
2014-02-12,27314.781794029517,LEVER,TQQQ|SIG_BASE|BAND_3|OFF_BASE,10.0
2014-02-13,28016.815532229968,LEVER,TQQQ|SIG_BASE|BAND_3|OFF_BASE,10.0
2014-02-14,28098.655559189556,LEVER,TQQQ|SIG_BASE|BAND_3|OFF_BASE,10.0
2014-02-18,28537.969484557576,LEVER,TQQQ|SIG_BASE|BAND_3|OFF_BASE,10.0
2014-02-19,27913.443432030213,LEVER,TQQQ|SIG_BASE|BAND_3|OFF_BASE,10.0
2014-02-20,28318.31122554164,LEVER,TQQQ|SIG_BASE|BAND_3|OFF_BASE,10.0
2014-02-21,28171.86460820615,LEVER,TQQQ|SIG_BASE|BAND_3|OFF_BASE,10.0
2014-02-24,28667.174887317855,LEVER,TQQQ|SIG_BASE|BAND_3|OFF_BASE,10.0
2014-02-25,28563.800194454252,LEVER,TQQQ|SIG_BASE|BAND_3|OFF_BASE,10.0
2014-02-26,28469.038330886717,LEVER,TQQQ|SIG_BASE|BAND_3|OFF_BASE,10.0
2014-02-27,29028.965571029712,LEVER,TQQQ|SIG_BASE|BAND_3|OFF_BASE,10.0
2014-02-28,28882.51117570268,LEVER,TQQQ|SIG_BASE|BAND_3|OFF_BASE,10.0
2014-03-03,28249.390442526164,LEVER,TQQQ|SIG_BASE|BAND_3|OFF_BASE,10.0
2014-03-04,29386.42391345507,LEVER,TQQQ|SIG_BASE|BAND_3|OFF_BASE,10.0
2014-03-05,29627.62202370272,LEVER,TQQQ|SIG_BASE|BAND_3|OFF_BASE,10.0
2014-03-06,29515.63709420689,LEVER,TQQQ|SIG_BASE|BAND_3|OFF_BASE,10.0
2014-03-07,29093.561790750242,LEVER,TQQQ|SIG_BASE|BAND_3|OFF_BASE,10.0
2014-03-10,29153.85678115042,LEVER,TQQQ|SIG_BASE|BAND_3|OFF_BASE,10.0
2014-03-11,28792.068690102416,LEVER,TQQQ|SIG_BASE|BAND_3|OFF_BASE,10.0
2014-03-12,29115.08608599888,LEVER,TQQQ|SIG_BASE|BAND_3|OFF_BASE,10.0
2014-03-13,27879.005078165173,LEVER,TQQQ|SIG_BASE|BAND_3|OFF_BASE,10.0
2014-03-14,27306.158594078075,LEVER,TQQQ|SIG_BASE|BAND_3|OFF_BASE,10.0
2014-03-17,28034.048968813662,LEVER,TQQQ|SIG_BASE|BAND_3|OFF_BASE,10.0
2014-03-18,29041.88740763767,LEVER,TQQQ|SIG_BASE|BAND_3|OFF_BASE,10.0
2014-03-19,28563.800194454263,LEVER,TQQQ|SIG_BASE|BAND_3|OFF_BASE,10.0
2014-03-20,28787.76486811823,LEVER,TQQQ|SIG_BASE|BAND_3|OFF_BASE,10.0
2014-03-21,27732.553275501992,LEVER,TQQQ|SIG_BASE|BAND_3|OFF_BASE,10.0
2014-03-24,27034.823359285725,LEVER,TQQQ|SIG_BASE|BAND_3|OFF_BASE,10.0
2014-03-25,27284.644669484827,LEVER,TQQQ|SIG_BASE|BAND_3|OFF_BASE,10.0
2014-03-26,26246.648364805347,LEVER,TQQQ|SIG_BASE|BAND_3|OFF_BASE,10.0
2014-03-27,25781.49076622143,LEVER,TQQQ|SIG_BASE|BAND_3|OFF_BASE,10.0
2014-03-28,25949.464271469402,LEVER,TQQQ|SIG_BASE|BAND_3|OFF_BASE,10.0
2014-03-31,26466.304031157433,LEVER,TQQQ|SIG_BASE|BAND_3|OFF_BASE,10.0
2014-04-01,27900.521595422284,LEVER,TQQQ|SIG_BASE|BAND_3|OFF_BASE,10.0
2014-04-02,28120.179854438218,LEVER,TQQQ|SIG_BASE|BAND_3|OFF_BASE,10.0
2014-04-03,27456.911626061614,LEVER,TQQQ|SIG_BASE|BAND_3|OFF_BASE,10.0
2014-04-04,25277.583213796734,LEVER,TQQQ|SIG_BASE|BAND_3|OFF_BASE,10.0
2014-04-07,24519.566085171824,LEVER,TQQQ|SIG_BASE|BAND_3|OFF_BASE,10.0
2014-04-08,25204.376757443984,LEVER,TQQQ|SIG_BASE|BAND_3|OFF_BASE,10.0
2014-04-09,26496.464489676757,LEVER,TQQQ|SIG_BASE|BAND_3|OFF_BASE,10.0
2014-04-10,24050.09947927602,LEVER,TQQQ|SIG_BASE|BAND_3|OFF_BASE,10.0
2014-04-11,23210.231953036142,LEVER,TQQQ|SIG_BASE|BAND_3|OFF_BASE,10.0
2014-04-14,23731.391090691435,LEVER,TQQQ|SIG_BASE|BAND_3|OFF_BASE,10.0
2014-04-15,23968.267230307967,LEVER,TQQQ|SIG_BASE|BAND_3|OFF_BASE,10.0
2014-04-16,24898.566871492734,LEVER,TQQQ|SIG_BASE|BAND_3|OFF_BASE,10.0
2014-04-17,24911.496486092226,LEVER,TQQQ|SIG_BASE|BAND_3|OFF_BASE,10.0
2014-04-21,25475.711992236334,LEVER,TQQQ|SIG_BASE|BAND_3|OFF_BASE,10.0
2014-04-22,26100.21471078909,LEVER,TQQQ|SIG_BASE|BAND_3|OFF_BASE,10.0
2014-04-23,25389.573328620256,LEVER,TQQQ|SIG_BASE|BAND_3|OFF_BASE,10.0
2014-04-24,26138.98281327679,LEVER,TQQQ|SIG_BASE|BAND_3|OFF_BASE,10.0
2014-04-25,24877.032205588723,LEVER,TQQQ|SIG_BASE|BAND_3|OFF_BASE,10.0
2014-04-28,25144.073989052267,LEVER,TQQQ|SIG_BASE|BAND_3|OFF_BASE,10.0
2014-04-29,25699.661109917233,LEVER,TQQQ|SIG_BASE|BAND_3|OFF_BASE,10.0
2014-04-30,25927.945161548465,LEVER,TQQQ|SIG_BASE|BAND_3|OFF_BASE,10.0
2014-05-01,26160.52525717235,LEVER,TQQQ|SIG_BASE|BAND_3|OFF_BASE,10.0
2014-05-02,26031.312076420534,LEVER,TQQQ|SIG_BASE|BAND_3|OFF_BASE,10.0
2014-05-05,26401.70003344538,LEVER,TQQQ|SIG_BASE|BAND_3|OFF_BASE,10.0
2014-05-06,25380.950128668806,LEVER,TQQQ|SIG_BASE|BAND_3|OFF_BASE,10.0
2014-05-07,25152.69200367603,LEVER,TQQQ|SIG_BASE|BAND_3|OFF_BASE,10.0
2014-05-08,25066.550747396104,LEVER,TQQQ|SIG_BASE|BAND_3|OFF_BASE,10.0
2014-05-09,25359.420648092477,LEVER,TQQQ|SIG_BASE|BAND_3|OFF_BASE,10.0
2014-05-12,26595.50943391772,LEVER,TQQQ|SIG_BASE|BAND_3|OFF_BASE,10.0
2014-05-13,26651.510972989097,LEVER,TQQQ|SIG_BASE|BAND_3|OFF_BASE,10.0
2014-05-14,26255.27156475681,LEVER,TQQQ|SIG_BASE|BAND_3|OFF_BASE,10.0
2014-05-15,25647.9945047962,LEVER,TQQQ|SIG_BASE|BAND_3|OFF_BASE,10.0
2014-05-16,26126.060976668843,LEVER,TQQQ|SIG_BASE|BAND_3|OFF_BASE,10.0
2014-05-19,26685.954512181845,LEVER,TQQQ|SIG_BASE|BAND_3|OFF_BASE,10.0
2014-05-20,26393.10535279624,LEVER,TQQQ|SIG_BASE|BAND_3|OFF_BASE,10.0
2014-05-21,27138.192866821664,LEVER,TQQQ|SIG_BASE|BAND_3|OFF_BASE,10.0
2014-05-22,27474.134691989922,LEVER,TQQQ|SIG_BASE|BAND_3|OFF_BASE,10.0
2014-05-23,28090.03495190199,LEVER,TQQQ|SIG_BASE|BAND_3|OFF_BASE,10.0
2014-05-27,29145.24913718208,LEVER,TQQQ|SIG_BASE|BAND_3|OFF_BASE,10.0
2014-05-28,28869.58415376708,LEVER,TQQQ|SIG_BASE|BAND_3|OFF_BASE,10.0
2014-05-29,29455.35765978982,LEVER,TQQQ|SIG_BASE|BAND_3|OFF_BASE,10.0
2014-05-30,29429.50880124623,LEVER,TQQQ|SIG_BASE|BAND_3|OFF_BASE,10.0
2014-06-02,29356.28419624656,LEVER,TQQQ|SIG_BASE|BAND_3|OFF_BASE,10.0
2014-06-03,29313.22782775775,LEVER,TQQQ|SIG_BASE|BAND_3|OFF_BASE,10.0
2014-06-04,29623.325979710105,LEVER,TQQQ|SIG_BASE|BAND_3|OFF_BASE,10.0
2014-06-05,30394.25716695143,LEVER,TQQQ|SIG_BASE|BAND_3|OFF_BASE,10.0
2014-06-06,30885.25325342356,LEVER,TQQQ|SIG_BASE|BAND_3|OFF_BASE,10.0
2014-06-09,30829.2750483268,LEVER,TQQQ|SIG_BASE|BAND_3|OFF_BASE,10.0
2014-06-10,31005.856197543155,LEVER,TQQQ|SIG_BASE|BAND_3|OFF_BASE,10.0
2014-06-11,30958.477858423234,LEVER,TQQQ|SIG_BASE|BAND_3|OFF_BASE,10.0
2014-06-12,30148.763012711137,LEVER,TQQQ|SIG_BASE|BAND_3|OFF_BASE,10.0
2014-06-13,30355.49684245527,LEVER,TQQQ|SIG_BASE|BAND_3|OFF_BASE,10.0
2014-06-16,30467.479179287253,LEVER,TQQQ|SIG_BASE|BAND_3|OFF_BASE,10.0
2014-06-17,30510.548511095298,LEVER,TQQQ|SIG_BASE|BAND_3|OFF_BASE,10.0
2014-06-18,31066.1434099518,LEVER,TQQQ|SIG_BASE|BAND_3|OFF_BASE,10.0
2014-06-19,30945.561207142975,LEVER,TQQQ|SIG_BASE|BAND_3|OFF_BASE,10.0
2014-06-20,31057.543543974956,LEVER,TQQQ|SIG_BASE|BAND_3|OFF_BASE,10.0
2014-06-23,31091.98449050385,LEVER,TQQQ|SIG_BASE|BAND_3|OFF_BASE,10.0
2014-06-24,31005.85619754315,LEVER,TQQQ|SIG_BASE|BAND_3|OFF_BASE,10.0
2014-06-25,31575.324440639044,LEVER,TQQQ|SIG_BASE|BAND_3|OFF_BASE,10.0
2014-06-26,31661.48125290205,LEVER,TQQQ|SIG_BASE|BAND_3|OFF_BASE,10.0
2014-06-27,31975.937672779357,LEVER,TQQQ|SIG_BASE|BAND_3|OFF_BASE,10.0
2014-06-30,32212.873443664346,LEVER,TQQQ|SIG_BASE|BAND_3|OFF_BASE,10.0
2014-07-01,33294.08686199108,LEVER,TQQQ|SIG_BASE|BAND_3|OFF_BASE,10.0
2014-07-02,33423.32078405366,LEVER,TQQQ|SIG_BASE|BAND_3|OFF_BASE,10.0
2014-07-03,34065.17101639931,LEVER,TQQQ|SIG_BASE|BAND_3|OFF_BASE,10.0
2014-07-07,33737.80053790558,LEVER,TQQQ|SIG_BASE|BAND_3|OFF_BASE,10.0
2014-07-08,32561.794144045154,LEVER,TQQQ|SIG_BASE|BAND_3|OFF_BASE,10.0
2014-07-09,33298.41401794988,LEVER,TQQQ|SIG_BASE|BAND_3|OFF_BASE,10.0
2014-07-10,32983.93944942565,LEVER,TQQQ|SIG_BASE|BAND_3|OFF_BASE,10.0
2014-07-11,33556.87667674735,LEVER,TQQQ|SIG_BASE|BAND_3|OFF_BASE,10.0
2014-07-14,34198.71135310992,LEVER,TQQQ|SIG_BASE|BAND_3|OFF_BASE,10.0
2014-07-15,33841.18300876072,LEVER,TQQQ|SIG_BASE|BAND_3|OFF_BASE,10.0
2014-07-16,34224.54724833428,LEVER,TQQQ|SIG_BASE|BAND_3|OFF_BASE,10.0
2014-07-17,32859.01972000263,LEVER,TQQQ|SIG_BASE|BAND_3|OFF_BASE,10.0
2014-07-18,34414.091716780116,LEVER,TQQQ|SIG_BASE|BAND_3|OFF_BASE,10.0
2014-07-21,34289.16420936557,LEVER,TQQQ|SIG_BASE|BAND_3|OFF_BASE,10.0
2014-07-22,34969.79032219045,LEVER,TQQQ|SIG_BASE|BAND_3|OFF_BASE,10.0
2014-07-23,35624.5597984802,LEVER,TQQQ|SIG_BASE|BAND_3|OFF_BASE,10.0
2014-07-24,35499.6348837295,LEVER,TQQQ|SIG_BASE|BAND_3|OFF_BASE,10.0
2014-07-25,35064.54959309414,LEVER,TQQQ|SIG_BASE|BAND_3|OFF_BASE,10.0
2014-07-28,35107.63966621295,LEVER,TQQQ|SIG_BASE|BAND_3|OFF_BASE,10.0
2014-07-29,34931.01444171121,LEVER,TQQQ|SIG_BASE|BAND_3|OFF_BASE,10.0
2014-07-30,35348.858517771354,LEVER,TQQQ|SIG_BASE|BAND_3|OFF_BASE,10.0
2014-07-31,33195.02895443087,LEVER,TQQQ|SIG_BASE|BAND_3|OFF_BASE,10.0
2014-08-01,32811.636195555,LEVER,TQQQ|SIG_BASE|BAND_3|OFF_BASE,10.0
2014-08-04,33483.633923100744,LEVER,TQQQ|SIG_BASE|BAND_3|OFF_BASE,10.0
2014-08-05,32699.62533942072,LEVER,TQQQ|SIG_BASE|BAND_3|OFF_BASE,10.0
2014-08-06,32643.634171004727,LEVER,TQQQ|SIG_BASE|BAND_3|OFF_BASE,10.0
2014-08-07,32329.180343791264,LEVER,TQQQ|SIG_BASE|BAND_3|OFF_BASE,10.0
2014-08-08,33018.4011372653,LEVER,TQQQ|SIG_BASE|BAND_3|OFF_BASE,10.0
2014-08-11,33617.16388915598,LEVER,TQQQ|SIG_BASE|BAND_3|OFF_BASE,10.0
2014-08-12,33539.62249885289,LEVER,TQQQ|SIG_BASE|BAND_3|OFF_BASE,10.0
2014-08-13,34629.49282176108,LEVER,TQQQ|SIG_BASE|BAND_3|OFF_BASE,10.0
2014-08-14,35163.62824196509,LEVER,TQQQ|SIG_BASE|BAND_3|OFF_BASE,10.0
2014-08-15,35641.785457072336,LEVER,TQQQ|SIG_BASE|BAND_3|OFF_BASE,10.0
2014-08-18,36503.33024572776,LEVER,TQQQ|SIG_BASE|BAND_3|OFF_BASE,10.0
2014-08-19,37132.24308548238,LEVER,TQQQ|SIG_BASE|BAND_3|OFF_BASE,10.0
2014-08-20,37132.24308548238,LEVER,TQQQ|SIG_BASE|BAND_3|OFF_BASE,10.0
2014-08-21,37343.324812496096,LEVER,TQQQ|SIG_BASE|BAND_3|OFF_BASE,10.0
2014-08-22,37489.78439315082,LEVER,TQQQ|SIG_BASE|BAND_3|OFF_BASE,10.0
2014-08-25,37907.625876547114,LEVER,TQQQ|SIG_BASE|BAND_3|OFF_BASE,10.0
2014-08-26,38036.84683529047,LEVER,TQQQ|SIG_BASE|BAND_3|OFF_BASE,10.0
2014-08-27,38041.17658391311,LEVER,TQQQ|SIG_BASE|BAND_3|OFF_BASE,10.0
2014-08-28,37886.09639597078,LEVER,TQQQ|SIG_BASE|BAND_3|OFF_BASE,10.0
2014-08-29,38329.77895991914,LEVER,TQQQ|SIG_BASE|BAND_3|OFF_BASE,10.0
2014-09-02,38648.55216509987,LEVER,TQQQ|SIG_BASE|BAND_3|OFF_BASE,10.0
2014-09-03,37985.16467418635,LEVER,TQQQ|SIG_BASE|BAND_3|OFF_BASE,10.0
2014-09-04,37864.55135941137,LEVER,TQQQ|SIG_BASE|BAND_3|OFF_BASE,10.0
2014-09-05,38450.39227469411,LEVER,TQQQ|SIG_BASE|BAND_3|OFF_BASE,10.0
2014-09-08,38644.23019446875,LEVER,TQQQ|SIG_BASE|BAND_3|OFF_BASE,10.0
2014-09-09,37705.1699421487,LEVER,TQQQ|SIG_BASE|BAND_3|OFF_BASE,10.0
2014-09-10,38579.615826101304,LEVER,TQQQ|SIG_BASE|BAND_3|OFF_BASE,10.0
2014-09-11,38549.47351622891,LEVER,TQQQ|SIG_BASE|BAND_3|OFF_BASE,10.0
2014-09-12,37942.08756438677,LEVER,TQQQ|SIG_BASE|BAND_3|OFF_BASE,10.0
2014-09-15,36800.561007012926,LEVER,TQQQ|SIG_BASE|BAND_3|OFF_BASE,10.0
2014-09-16,37795.633169059736,LEVER,TQQQ|SIG_BASE|BAND_3|OFF_BASE,10.0
2014-09-17,37980.855666874464,LEVER,TQQQ|SIG_BASE|BAND_3|OFF_BASE,10.0
2014-09-18,38799.31038241107,LEVER,TQQQ|SIG_BASE|BAND_3|OFF_BASE,10.0
2014-09-19,38713.17431145884,LEVER,TQQQ|SIG_BASE|BAND_3|OFF_BASE,10.0
2014-09-22,37662.07727636604,LEVER,TQQQ|SIG_BASE|BAND_3|OFF_BASE,10.0
2014-09-23,37334.70161254463,LEVER,TQQQ|SIG_BASE|BAND_3|OFF_BASE,10.0
2014-09-24,38545.17487957241,LEVER,TQQQ|SIG_BASE|BAND_3|OFF_BASE,10.0
2014-09-25,36098.395042956334,LEVER,TQQQ|SIG_BASE|BAND_3|OFF_BASE,10.0
2014-09-26,37252.86417824889,LEVER,TQQQ|SIG_BASE|BAND_3|OFF_BASE,10.0
2014-09-29,37127.936670834344,LEVER,TQQQ|SIG_BASE|BAND_3|OFF_BASE,10.0
2014-09-30,37265.79379284838,LEVER,TQQQ|SIG_BASE|BAND_3|OFF_BASE,10.0
2014-10-01,35482.40922513735,LEVER,TQQQ|SIG_BASE|BAND_3|OFF_BASE,10.0
2014-10-02,35465.1602325706,LEVER,TQQQ|SIG_BASE|BAND_3|OFF_BASE,10.0
2014-10-03,36533.480333591695,LEVER,TQQQ|SIG_BASE|BAND_3|OFF_BASE,10.0
2014-10-06,36283.64087474567,LEVER,TQQQ|SIG_BASE|BAND_3|OFF_BASE,10.0
2014-10-07,34750.098358544514,LEVER,TQQQ|SIG_BASE|BAND_3|OFF_BASE,10.0
2014-10-08,36757.46574856643,LEVER,TQQQ|SIG_BASE|BAND_3|OFF_BASE,10.0
2014-10-09,34926.71580505471,LEVER,TQQQ|SIG_BASE|BAND_3|OFF_BASE,10.0
2014-10-10,32311.936536552195,LEVER,TQQQ|SIG_BASE|BAND_3|OFF_BASE,10.0
2014-10-13,30799.9312789189,LEVER,TQQQ|SIG_BASE|BAND_3|OFF_BASE,10.0
2014-10-14,30855.94837397335,LEVER,TQQQ|SIG_BASE|BAND_3|OFF_BASE,10.0
2014-10-15,30196.877668363257,LEVER,TQQQ|SIG_BASE|BAND_3|OFF_BASE,10.0
2014-10-16,29727.328097224385,LEVER,TQQQ|SIG_BASE|BAND_3|OFF_BASE,10.0
2014-10-17,30890.39969115763,LEVER,TQQQ|SIG_BASE|BAND_3|OFF_BASE,10.0
2014-10-20,32221.47849496885,LEVER,TQQQ|SIG_BASE|BAND_3|OFF_BASE,10.0
2014-10-21,34741.46997326537,LEVER,TQQQ|SIG_BASE|BAND_3|OFF_BASE,10.0
2014-10-22,34203.02554574948,LEVER,TQQQ|SIG_BASE|BAND_3|OFF_BASE,10.0
2014-10-23,35766.710371823036,LEVER,TQQQ|SIG_BASE|BAND_3|OFF_BASE,10.0
2014-10-24,36589.471502007684,LEVER,TQQQ|SIG_BASE|BAND_3|OFF_BASE,10.0
2014-10-27,36727.323438694024,LEVER,TQQQ|SIG_BASE|BAND_3|OFF_BASE,10.0
2014-10-28,38368.549655070674,LEVER,TQQQ|SIG_BASE|BAND_3|OFF_BASE,10.0
2014-10-29,37907.6258765471,LEVER,TQQQ|SIG_BASE|BAND_3|OFF_BASE,10.0
2014-10-30,38144.56164743209,LEVER,TQQQ|SIG_BASE|BAND_3|OFF_BASE,10.0
2014-10-31,39716.843746818646,LEVER,TQQQ|SIG_BASE|BAND_3|OFF_BASE,10.0
2014-11-03,40126.08795690195,LEVER,TQQQ|SIG_BASE|BAND_3|OFF_BASE,10.0
2014-11-04,39699.62586621804,LEVER,TQQQ|SIG_BASE|BAND_3|OFF_BASE,10.0
2014-11-05,39695.3246368977,LEVER,TQQQ|SIG_BASE|BAND_3|OFF_BASE,10.0
2014-11-06,40035.62213732706,LEVER,TQQQ|SIG_BASE|BAND_3|OFF_BASE,10.0
2014-11-07,39936.54089579226,LEVER,TQQQ|SIG_BASE|BAND_3|OFF_BASE,10.0
2014-11-10,40345.77214255634,LEVER,TQQQ|SIG_BASE|BAND_3|OFF_BASE,10.0
2014-11-11,40729.177864751444,LEVER,TQQQ|SIG_BASE|BAND_3|OFF_BASE,10.0
2014-11-12,40953.16068706234,LEVER,TQQQ|SIG_BASE|BAND_3|OFF_BASE,10.0
2014-11-13,41478.701426617205,LEVER,TQQQ|SIG_BASE|BAND_3|OFF_BASE,10.0
2014-11-14,41862.083814837686,LEVER,TQQQ|SIG_BASE|BAND_3|OFF_BASE,10.0
2014-11-17,41470.078226665755,LEVER,TQQQ|SIG_BASE|BAND_3|OFF_BASE,10.0
2014-11-18,42400.551576328195,LEVER,TQQQ|SIG_BASE|BAND_3|OFF_BASE,10.0
2014-11-19,41862.083814837686,LEVER,TQQQ|SIG_BASE|BAND_3|OFF_BASE,10.0
2014-11-20,42417.75908627341,LEVER,TQQQ|SIG_BASE|BAND_3|OFF_BASE,10.0
2014-11-21,42723.618232837725,LEVER,TQQQ|SIG_BASE|BAND_3|OFF_BASE,10.0
2014-11-24,43688.54289968444,LEVER,TQQQ|SIG_BASE|BAND_3|OFF_BASE,10.0
2014-11-25,43830.714214338055,LEVER,TQQQ|SIG_BASE|BAND_3|OFF_BASE,10.0
2014-11-26,44726.686986203145,LEVER,TQQQ|SIG_BASE|BAND_3|OFF_BASE,10.0
2014-11-28,45394.375706437,LEVER,TQQQ|SIG_BASE|BAND_3|OFF_BASE,10.0
2014-12-01,43718.700765539914,LEVER,TQQQ|SIG_BASE|BAND_3|OFF_BASE,10.0
2014-12-02,44188.22181737648,LEVER,TQQQ|SIG_BASE|BAND_3|OFF_BASE,10.0
2014-12-03,44588.8350495168,LEVER,TQQQ|SIG_BASE|BAND_3|OFF_BASE,10.0
2014-12-04,44455.30767612541,LEVER,TQQQ|SIG_BASE|BAND_3|OFF_BASE,10.0
2014-12-05,44485.44480067011,LEVER,TQQQ|SIG_BASE|BAND_3|OFF_BASE,10.0
2014-12-08,43524.84728978219,LEVER,TQQQ|SIG_BASE|BAND_3|OFF_BASE,10.0
2014-12-09,43947.000373154224,LEVER,TQQQ|SIG_BASE|BAND_3|OFF_BASE,10.0
2014-12-10,41819.006705038104,LEVER,TQQQ|SIG_BASE|BAND_3|OFF_BASE,10.0
2014-12-11,42473.76840333632,LEVER,TQQQ|SIG_BASE|BAND_3|OFF_BASE,10.0
2014-12-12,41069.472772516965,LEVER,TQQQ|SIG_BASE|BAND_3|OFF_BASE,10.0
2014-12-15,39837.47002491286,LEVER,TQQQ|SIG_BASE|BAND_3|OFF_BASE,10.0
2014-12-16,37860.25013009103,LEVER,TQQQ|SIG_BASE|BAND_3|OFF_BASE,10.0
2014-12-17,39893.46119332885,LEVER,TQQQ|SIG_BASE|BAND_3|OFF_BASE,10.0
2014-12-18,42818.38009640525,LEVER,TQQQ|SIG_BASE|BAND_3|OFF_BASE,10.0
2014-12-19,43296.539904176345,LEVER,TQQQ|SIG_BASE|BAND_3|OFF_BASE,10.0
2014-12-22,43695.93717697293,LEVER,TQQQ|SIG_BASE|BAND_3|OFF_BASE,10.0
2014-12-23,43278.00754300587,LEVER,TQQQ|SIG_BASE|BAND_3|OFF_BASE,10.0
2014-12-24,43368.48891856383,LEVER,TQQQ|SIG_BASE|BAND_3|OFF_BASE,10.0
2014-12-26,44247.40196232292,LEVER,TQQQ|SIG_BASE|BAND_3|OFF_BASE,10.0
2014-12-29,44256.03553292976,LEVER,TQQQ|SIG_BASE|BAND_3|OFF_BASE,10.0
2014-12-30,43342.63487469255,LEVER,TQQQ|SIG_BASE|BAND_3|OFF_BASE,10.0
2014-12-31,41985.48424324699,LEVER,TQQQ|SIG_BASE|BAND_3|OFF_BASE,10.0
2015-01-02,41640.82069690113,LEVER,TQQQ|SIG_BASE|BAND_3|OFF_BASE,10.0
2015-01-05,39766.65400462602,LEVER,TQQQ|SIG_BASE|BAND_3|OFF_BASE,10.0
2015-01-06,38189.78289023223,LEVER,TQQQ|SIG_BASE|BAND_3|OFF_BASE,10.0
2015-01-07,39658.94178514823,LEVER,TQQQ|SIG_BASE|BAND_3|OFF_BASE,10.0
2015-01-08,41920.84394824108,LEVER,TQQQ|SIG_BASE|BAND_3|OFF_BASE,10.0
2015-01-09,41072.10691898439,LEVER,TQQQ|SIG_BASE|BAND_3|OFF_BASE,10.0
2015-01-12,39809.731114425595,LEVER,TQQQ|SIG_BASE|BAND_3|OFF_BASE,10.0
2015-01-13,39775.261648594395,LEVER,TQQQ|SIG_BASE|BAND_3|OFF_BASE,10.0
2015-01-14,39163.47594620577,LEVER,TQQQ|SIG_BASE|BAND_3|OFF_BASE,10.0
2015-01-15,37608.139497716,LEVER,TQQQ|SIG_BASE|BAND_3|OFF_BASE,10.0
2015-01-16,38948.05150725019,LEVER,TQQQ|SIG_BASE|BAND_3|OFF_BASE,10.0
2015-01-20,39809.731114425595,LEVER,TQQQ|SIG_BASE|BAND_3|OFF_BASE,10.0
2015-01-21,40421.5271874696,LEVER,TQQQ|SIG_BASE|BAND_3|OFF_BASE,10.0
2015-01-22,42670.51010661835,LEVER,TQQQ|SIG_BASE|BAND_3|OFF_BASE,10.0
2015-01-23,42954.87606990018,LEVER,TQQQ|SIG_BASE|BAND_3|OFF_BASE,10.0
2015-01-26,42860.098650349566,LEVER,TQQQ|SIG_BASE|BAND_3|OFF_BASE,10.0
2015-01-27,39542.61414371051,LEVER,TQQQ|SIG_BASE|BAND_3|OFF_BASE,10.0
2015-01-28,38861.894694987175,LEVER,TQQQ|SIG_BASE|BAND_3|OFF_BASE,10.0
2015-01-29,39986.39263622116,LEVER,TQQQ|SIG_BASE|BAND_3|OFF_BASE,10.0
2015-01-30,39068.69852665514,LEVER,TQQQ|SIG_BASE|BAND_3|OFF_BASE,10.0
2015-02-02,40094.08929971587,LEVER,TQQQ|SIG_BASE|BAND_3|OFF_BASE,10.0
2015-02-03,41188.439745749776,LEVER,TQQQ|SIG_BASE|BAND_3|OFF_BASE,10.0
2015-02-04,41080.70419229737,LEVER,TQQQ|SIG_BASE|BAND_3|OFF_BASE,10.0
2015-02-05,42170.74822368324,LEVER,TQQQ|SIG_BASE|BAND_3|OFF_BASE,10.0
2015-02-06,41403.846036058436,LEVER,TQQQ|SIG_BASE|BAND_3|OFF_BASE,10.0
2015-02-09,40947.163855586754,LEVER,TQQQ|SIG_BASE|BAND_3|OFF_BASE,10.0
2015-02-10,42907.497730780255,LEVER,TQQQ|SIG_BASE|BAND_3|OFF_BASE,10.0
2015-02-11,43390.02358446784,LEVER,TQQQ|SIG_BASE|BAND_3|OFF_BASE,10.0
2015-02-12,44906.57118915914,LEVER,TQQQ|SIG_BASE|BAND_3|OFF_BASE,10.0
2015-02-13,46039.700108336125,LEVER,TQQQ|SIG_BASE|BAND_3|OFF_BASE,10.0
2015-02-17,46164.66650570836,LEVER,TQQQ|SIG_BASE|BAND_3|OFF_BASE,10.0
2015-02-18,46362.84454476103,LEVER,TQQQ|SIG_BASE|BAND_3|OFF_BASE,10.0
2015-02-19,47060.80002273189,LEVER,TQQQ|SIG_BASE|BAND_3|OFF_BASE,10.0
2015-02-20,47965.56192503457,LEVER,TQQQ|SIG_BASE|BAND_3|OFF_BASE,10.0
2015-02-23,48155.13750544656,LEVER,TQQQ|SIG_BASE|BAND_3|OFF_BASE,10.0
2015-02-24,48254.21356165367,LEVER,TQQQ|SIG_BASE|BAND_3|OFF_BASE,10.0
2015-02-25,47866.459942189,LEVER,TQQQ|SIG_BASE|BAND_3|OFF_BASE,10.0
2015-02-26,48594.609583309175,LEVER,TQQQ|SIG_BASE|BAND_3|OFF_BASE,10.0
2015-02-27,47952.64008842661,LEVER,TQQQ|SIG_BASE|BAND_3|OFF_BASE,10.0
2015-03-02,49245.160795521646,LEVER,TQQQ|SIG_BASE|BAND_3|OFF_BASE,10.0
2015-03-03,48538.576932271644,LEVER,TQQQ|SIG_BASE|BAND_3|OFF_BASE,10.0
2015-03-04,48000.04435418499,LEVER,TQQQ|SIG_BASE|BAND_3|OFF_BASE,10.0
2015-03-05,48211.1494151733,LEVER,TQQQ|SIG_BASE|BAND_3|OFF_BASE,10.0
2015-03-06,46552.420125173005,LEVER,TQQQ|SIG_BASE|BAND_3|OFF_BASE,10.0
2015-03-09,47000.47392036554,LEVER,TQQQ|SIG_BASE|BAND_3|OFF_BASE,10.0
2015-03-10,44398.18610627256,LEVER,TQQQ|SIG_BASE|BAND_3|OFF_BASE,10.0
2015-03-11,43618.395786669804,LEVER,TQQQ|SIG_BASE|BAND_3|OFF_BASE,10.0
2015-03-12,44454.19801599931,LEVER,TQQQ|SIG_BASE|BAND_3|OFF_BASE,10.0
2015-03-13,43881.188194089926,LEVER,TQQQ|SIG_BASE|BAND_3|OFF_BASE,10.0
2015-03-16,45561.4780766327,LEVER,TQQQ|SIG_BASE|BAND_3|OFF_BASE,10.0
2015-03-17,45815.67321073983,LEVER,TQQQ|SIG_BASE|BAND_3|OFF_BASE,10.0
2015-03-18,47134.03240572307,LEVER,TQQQ|SIG_BASE|BAND_3|OFF_BASE,10.0
2015-03-19,47362.38386661429,LEVER,TQQQ|SIG_BASE|BAND_3|OFF_BASE,10.0
2015-03-20,48344.68715922006,LEVER,TQQQ|SIG_BASE|BAND_3|OFF_BASE,10.0
2015-03-23,47939.70788116326,LEVER,TQQQ|SIG_BASE|BAND_3|OFF_BASE,10.0
2015-03-24,47452.85746418072,LEVER,TQQQ|SIG_BASE|BAND_3|OFF_BASE,10.0
2015-03-25,44144.099864046955,LEVER,TQQQ|SIG_BASE|BAND_3|OFF_BASE,10.0
2015-03-26,43782.16917648743,LEVER,TQQQ|SIG_BASE|BAND_3|OFF_BASE,10.0
2015-03-27,44204.425966413284,LEVER,TQQQ|SIG_BASE|BAND_3|OFF_BASE,10.0
2015-03-30,45794.3926258927,LEVER,TQQQ|SIG_BASE|BAND_3|OFF_BASE,10.0
2015-03-31,44376.77070290544,LEVER,TQQQ|SIG_BASE|BAND_3|OFF_BASE,10.0
2015-04-01,43627.034542604335,LEVER,TQQQ|SIG_BASE|BAND_3|OFF_BASE,10.0
2015-04-02,43700.2980375617,LEVER,TQQQ|SIG_BASE|BAND_3|OFF_BASE,10.0
2015-04-06,44751.6439683837,LEVER,TQQQ|SIG_BASE|BAND_3|OFF_BASE,10.0
2015-04-07,44544.81680274111,LEVER,TQQQ|SIG_BASE|BAND_3|OFF_BASE,10.0
2015-04-08,45604.79630416995,LEVER,TQQQ|SIG_BASE|BAND_3|OFF_BASE,10.0
2015-04-09,46453.65000329971,LEVER,TQQQ|SIG_BASE|BAND_3|OFF_BASE,10.0
2015-04-10,47009.49639054926,LEVER,TQQQ|SIG_BASE|BAND_3|OFF_BASE,10.0
2015-04-13,46660.456427631536,LEVER,TQQQ|SIG_BASE|BAND_3|OFF_BASE,10.0
2015-04-14,46259.74985959277,LEVER,TQQQ|SIG_BASE|BAND_3|OFF_BASE,10.0
2015-04-15,47078.4093955732,LEVER,TQQQ|SIG_BASE|BAND_3|OFF_BASE,10.0
2015-04-16,46914.677488377114,LEVER,TQQQ|SIG_BASE|BAND_3|OFF_BASE,10.0
2015-04-17,44721.49128785592,LEVER,TQQQ|SIG_BASE|BAND_3|OFF_BASE,10.0
2015-04-20,46720.78771532556,LEVER,TQQQ|SIG_BASE|BAND_3|OFF_BASE,10.0
2015-04-21,47319.72417569392,LEVER,TQQQ|SIG_BASE|BAND_3|OFF_BASE,10.0
2015-04-22,48086.691179914866,LEVER,TQQQ|SIG_BASE|BAND_3|OFF_BASE,10.0
2015-04-23,48664.07741839613,LEVER,TQQQ|SIG_BASE|BAND_3|OFF_BASE,10.0
2015-04-24,50568.57568500439,LEVER,TQQQ|SIG_BASE|BAND_3|OFF_BASE,10.0
2015-04-27,50245.415692596405,LEVER,TQQQ|SIG_BASE|BAND_3|OFF_BASE,10.0
2015-04-28,49917.9674341873,LEVER,TQQQ|SIG_BASE|BAND_3|OFF_BASE,10.0
2015-04-29,48965.68718891703,LEVER,TQQQ|SIG_BASE|BAND_3|OFF_BASE,10.0
2015-04-30,46664.77580559881,LEVER,TQQQ|SIG_BASE|BAND_3|OFF_BASE,10.0
2015-05-01,48552.03804295954,LEVER,TQQQ|SIG_BASE|BAND_3|OFF_BASE,10.0
2015-05-04,48724.40352076246,LEVER,TQQQ|SIG_BASE|BAND_3|OFF_BASE,10.0
2015-05-05,46414.863752165096,LEVER,TQQQ|SIG_BASE|BAND_3|OFF_BASE,10.0
2015-05-06,45423.81799707097,LEVER,TQQQ|SIG_BASE|BAND_3|OFF_BASE,10.0
2015-05-07,46203.72239388294,LEVER,TQQQ|SIG_BASE|BAND_3|OFF_BASE,10.0
2015-05-08,47897.110414175186,LEVER,TQQQ|SIG_BASE|BAND_3|OFF_BASE,10.0
2015-05-11,47371.43744876418,LEVER,TQQQ|SIG_BASE|BAND_3|OFF_BASE,10.0
2015-05-12,46759.56878113249,LEVER,TQQQ|SIG_BASE|BAND_3|OFF_BASE,10.0
2015-05-13,47000.857634614746,LEVER,TQQQ|SIG_BASE|BAND_3|OFF_BASE,10.0
2015-05-14,49082.0355716655,LEVER,TQQQ|SIG_BASE|BAND_3|OFF_BASE,10.0
2015-05-15,49077.72137902593,LEVER,TQQQ|SIG_BASE|BAND_3|OFF_BASE,10.0
2015-05-18,49680.961661378475,LEVER,TQQQ|SIG_BASE|BAND_3|OFF_BASE,10.0
2015-05-19,49538.75923475871,LEVER,TQQQ|SIG_BASE|BAND_3|OFF_BASE,10.0
2015-05-20,49620.645929667524,LEVER,TQQQ|SIG_BASE|BAND_3|OFF_BASE,10.0
2015-05-21,50400.5503264795,LEVER,TQQQ|SIG_BASE|BAND_3|OFF_BASE,10.0
2015-05-22,50262.64653651624,LEVER,TQQQ|SIG_BASE|BAND_3|OFF_BASE,10.0
2015-05-26,48521.88017710407,LEVER,TQQQ|SIG_BASE|BAND_3|OFF_BASE,10.0
2015-05-27,50857.27398957272,LEVER,TQQQ|SIG_BASE|BAND_3|OFF_BASE,10.0
2015-05-28,50482.39553876678,LEVER,TQQQ|SIG_BASE|BAND_3|OFF_BASE,10.0
2015-05-29,49629.24838830822,LEVER,TQQQ|SIG_BASE|BAND_3|OFF_BASE,10.0
2015-06-01,50064.4477561528,LEVER,TQQQ|SIG_BASE|BAND_3|OFF_BASE,10.0
2015-06-02,49607.71890773188,LEVER,TQQQ|SIG_BASE|BAND_3|OFF_BASE,10.0
2015-06-03,50042.892348938,LEVER,TQQQ|SIG_BASE|BAND_3|OFF_BASE,10.0
2015-06-04,48952.76535230907,LEVER,TQQQ|SIG_BASE|BAND_3|OFF_BASE,10.0
2015-06-05,48582.2010941427,LEVER,TQQQ|SIG_BASE|BAND_3|OFF_BASE,10.0
2015-06-08,47095.64023949304,LEVER,TQQQ|SIG_BASE|BAND_3|OFF_BASE,10.0
2015-06-09,46862.97458596224,LEVER,TQQQ|SIG_BASE|BAND_3|OFF_BASE,10.0
2015-06-10,48720.0789574675,LEVER,TQQQ|SIG_BASE|BAND_3|OFF_BASE,10.0
2015-06-11,48987.2425961318,LEVER,TQQQ|SIG_BASE|BAND_3|OFF_BASE,10.0
2015-06-12,47741.96022430901,LEVER,TQQQ|SIG_BASE|BAND_3|OFF_BASE,10.0
2015-06-15,47082.728773540475,LEVER,TQQQ|SIG_BASE|BAND_3|OFF_BASE,10.0
2015-06-16,47802.31225331381,LEVER,TQQQ|SIG_BASE|BAND_3|OFF_BASE,10.0
2015-06-17,48203.03437733566,LEVER,TQQQ|SIG_BASE|BAND_3|OFF_BASE,10.0
2015-06-18,50241.11187061222,LEVER,TQQQ|SIG_BASE|BAND_3|OFF_BASE,10.0
2015-06-19,49474.1241250805,LEVER,TQQQ|SIG_BASE|BAND_3|OFF_BASE,10.0
2015-06-22,50667.688038505345,LEVER,TQQQ|SIG_BASE|BAND_3|OFF_BASE,10.0
2015-06-23,50792.628509239126,LEVER,TQQQ|SIG_BASE|BAND_3|OFF_BASE,10.0
2015-06-24,50012.72929775485,LEVER,TQQQ|SIG_BASE|BAND_3|OFF_BASE,10.0
2015-06-25,49685.28103934575,LEVER,TQQQ|SIG_BASE|BAND_3|OFF_BASE,10.0
2015-06-26,48763.17421591402,LEVER,TQQQ|SIG_BASE|BAND_3|OFF_BASE,10.0
2015-06-29,45316.11874091242,LEVER,TQQQ|SIG_BASE|BAND_3|OFF_BASE,10.0
2015-06-30,45833.17369169966,LEVER,TQQQ|SIG_BASE|BAND_3|OFF_BASE,10.0
2015-07-01,46772.48024708507,LEVER,TQQQ|SIG_BASE|BAND_3|OFF_BASE,10.0
2015-07-02,46949.15473219988,LEVER,TQQQ|SIG_BASE|BAND_3|OFF_BASE,10.0
2015-07-06,46552.73643016223,LEVER,TQQQ|SIG_BASE|BAND_3|OFF_BASE,10.0
2015-07-07,46789.721461660294,LEVER,TQQQ|SIG_BASE|BAND_3|OFF_BASE,10.0
2015-07-08,44445.71481989557,LEVER,TQQQ|SIG_BASE|BAND_3|OFF_BASE,10.0
2015-07-09,44316.439415211455,LEVER,TQQQ|SIG_BASE|BAND_3|OFF_BASE,10.0
2015-07-10,46376.0826863582,LEVER,TQQQ|SIG_BASE|BAND_3|OFF_BASE,10.0
2015-07-13,48745.93818666651,LEVER,TQQQ|SIG_BASE|BAND_3|OFF_BASE,10.0
2015-07-14,49724.067290480394,LEVER,TQQQ|SIG_BASE|BAND_3|OFF_BASE,10.0
2015-07-15,49961.036765995384,LEVER,TQQQ|SIG_BASE|BAND_3|OFF_BASE,10.0
2015-07-16,51912.93411303433,LEVER,TQQQ|SIG_BASE|BAND_3|OFF_BASE,10.0
2015-07-17,54287.1141766376,LEVER,TQQQ|SIG_BASE|BAND_3|OFF_BASE,10.0
2015-07-20,54894.66346630203,LEVER,TQQQ|SIG_BASE|BAND_3|OFF_BASE,10.0
2015-07-21,54743.85339571389,LEVER,TQQQ|SIG_BASE|BAND_3|OFF_BASE,10.0
2015-07-22,52947.075126574964,LEVER,TQQQ|SIG_BASE|BAND_3|OFF_BASE,10.0
2015-07-23,52313.66142238386,LEVER,TQQQ|SIG_BASE|BAND_3|OFF_BASE,10.0
2015-07-24,50827.11612371728,LEVER,TQQQ|SIG_BASE|BAND_3|OFF_BASE,10.0
2015-07-27,49521.533576166614,LEVER,TQQQ|SIG_BASE|BAND_3|OFF_BASE,10.0
2015-07-28,50827.11612371728,LEVER,TQQQ|SIG_BASE|BAND_3|OFF_BASE,10.0
2015-07-29,51395.884347574785,LEVER,TQQQ|SIG_BASE|BAND_3|OFF_BASE,10.0
2015-07-30,52111.143264053164,LEVER,TQQQ|SIG_BASE|BAND_3|OFF_BASE,10.0
2015-07-31,51951.725549496645,LEVER,TQQQ|SIG_BASE|BAND_3|OFF_BASE,10.0
2015-08-03,51473.441293860946,LEVER,TQQQ|SIG_BASE|BAND_3|OFF_BASE,10.0
2015-08-04,51141.652916173814,LEVER,TQQQ|SIG_BASE|BAND_3|OFF_BASE,10.0
2015-08-05,52339.525836910536,LEVER,TQQQ|SIG_BASE|BAND_3|OFF_BASE,10.0
2015-08-06,49827.47309531015,LEVER,TQQQ|SIG_BASE|BAND_3|OFF_BASE,10.0
2015-08-07,49629.248388308246,LEVER,TQQQ|SIG_BASE|BAND_3|OFF_BASE,10.0
2015-08-10,51305.39519402528,LEVER,TQQQ|SIG_BASE|BAND_3|OFF_BASE,10.0
2015-08-11,49349.19921032983,LEVER,TQQQ|SIG_BASE|BAND_3|OFF_BASE,10.0
2015-08-12,49784.36746620826,LEVER,TQQQ|SIG_BASE|BAND_3|OFF_BASE,10.0
2015-08-13,49560.30945664584,LEVER,TQQQ|SIG_BASE|BAND_3|OFF_BASE,10.0
2015-08-14,49827.47309531014,LEVER,TQQQ|SIG_BASE|BAND_3|OFF_BASE,10.0
2015-08-17,51051.158577296614,LEVER,TQQQ|SIG_BASE|BAND_3|OFF_BASE,10.0
2015-08-18,50236.797677972674,LEVER,TQQQ|SIG_BASE|BAND_3|OFF_BASE,10.0
2015-08-19,49293.15100330923,LEVER,TQQQ|SIG_BASE|BAND_3|OFF_BASE,10.0
2015-08-20,45234.23723133131,LEVER,TQQQ|SIG_BASE|BAND_3|OFF_BASE,10.0
2015-08-21,39527.66992041089,OFF,TQQQ|SIG_BASE|BAND_3|OFF_BASE,10.0
2015-08-24,38006.76771774246,OFF,TQQQ|SIG_BASE|BAND_3|OFF_BASE,10.0
2015-08-25,37863.950769889605,OFF,TQQQ|SIG_BASE|BAND_3|OFF_BASE,10.0
2015-08-26,39770.856367435175,OFF,TQQQ|SIG_BASE|BAND_3|OFF_BASE,10.0
2015-08-27,40778.34581193371,OFF,TQQQ|SIG_BASE|BAND_3|OFF_BASE,10.0
2015-08-28,40770.62925446346,OFF,TQQQ|SIG_BASE|BAND_3|OFF_BASE,10.0
2015-08-31,40264.945818953995,OFF,TQQQ|SIG_BASE|BAND_3|OFF_BASE,10.0
2015-09-01,39006.55017866339,OFF,TQQQ|SIG_BASE|BAND_3|OFF_BASE,10.0
2015-09-02,40106.68299097047,OFF,TQQQ|SIG_BASE|BAND_3|OFF_BASE,10.0
2015-09-03,39909.80546266026,OFF,TQQQ|SIG_BASE|BAND_3|OFF_BASE,10.0
2015-09-04,39435.013787412136,OFF,TQQQ|SIG_BASE|BAND_3|OFF_BASE,10.0
2015-09-08,40546.74377500742,OFF,TQQQ|SIG_BASE|BAND_3|OFF_BASE,10.0
2015-09-09,40091.24349343489,OFF,TQQQ|SIG_BASE|BAND_3|OFF_BASE,10.0
2015-09-10,40527.43961614163,OFF,TQQQ|SIG_BASE|BAND_3|OFF_BASE,10.0
2015-09-11,40751.31552170504,OFF,TQQQ|SIG_BASE|BAND_3|OFF_BASE,10.0
2015-09-14,40627.80592401553,OFF,TQQQ|SIG_BASE|BAND_3|OFF_BASE,10.0
2015-09-15,41106.44949540368,OFF,TQQQ|SIG_BASE|BAND_3|OFF_BASE,10.0
2015-09-16,41338.05791492506,OFF,TQQQ|SIG_BASE|BAND_3|OFF_BASE,10.0
2015-09-17,41353.50379505573,OFF,TQQQ|SIG_BASE|BAND_3|OFF_BASE,10.0
2015-09-18,40765.338083129456,OFF,TQQQ|SIG_BASE|BAND_3|OFF_BASE,10.0
2015-09-21,40893.0282806064,OFF,TQQQ|SIG_BASE|BAND_3|OFF_BASE,10.0
2015-09-22,40281.633113830714,OFF,TQQQ|SIG_BASE|BAND_3|OFF_BASE,10.0
2015-09-23,40312.60465653075,OFF,TQQQ|SIG_BASE|BAND_3|OFF_BASE,10.0
2015-09-24,40165.559239427246,OFF,TQQQ|SIG_BASE|BAND_3|OFF_BASE,10.0
2015-09-25,39825.05417368708,OFF,TQQQ|SIG_BASE|BAND_3|OFF_BASE,10.0
2015-09-28,38691.28189393012,OFF,TQQQ|SIG_BASE|BAND_3|OFF_BASE,10.0
2015-09-29,38490.0642009551,OFF,TQQQ|SIG_BASE|BAND_3|OFF_BASE,10.0
2015-09-30,39376.1854084186,OFF,TQQQ|SIG_BASE|BAND_3|OFF_BASE,10.0
2015-10-01,39554.18322043685,OFF,TQQQ|SIG_BASE|BAND_3|OFF_BASE,10.0
2015-10-02,40246.82882277594,OFF,TQQQ|SIG_BASE|BAND_3|OFF_BASE,10.0
2015-10-05,40823.37502033119,OFF,TQQQ|SIG_BASE|BAND_3|OFF_BASE,10.0
2015-10-06,40629.90898909943,OFF,TQQQ|SIG_BASE|BAND_3|OFF_BASE,10.0
2015-10-07,40873.69220876513,OFF,TQQQ|SIG_BASE|BAND_3|OFF_BASE,10.0
2015-10-08,41036.212227677235,OFF,TQQQ|SIG_BASE|BAND_3|OFF_BASE,10.0
2015-10-09,41221.95212754611,OFF,TQQQ|SIG_BASE|BAND_3|OFF_BASE,10.0
2015-10-12,41322.54820884343,OFF,TQQQ|SIG_BASE|BAND_3|OFF_BASE,10.0
2015-10-13,41055.55149081605,OFF,TQQQ|SIG_BASE|BAND_3|OFF_BASE,10.0
2015-10-14,40989.76927446614,OFF,TQQQ|SIG_BASE|BAND_3|OFF_BASE,10.0
2015-10-15,41663.072422368874,OFF,TQQQ|SIG_BASE|BAND_3|OFF_BASE,10.0
2015-10-16,41837.202381759365,OFF,TQQQ|SIG_BASE|BAND_3|OFF_BASE,10.0
2015-10-19,42077.09221841692,OFF,TQQQ|SIG_BASE|BAND_3|OFF_BASE,10.0
2015-10-20,41860.415880121036,OFF,TQQQ|SIG_BASE|BAND_3|OFF_BASE,10.0
2015-10-21,41605.01633738185,OFF,TQQQ|SIG_BASE|BAND_3|OFF_BASE,10.0
2015-10-22,42452.44944467507,OFF,TQQQ|SIG_BASE|BAND_3|OFF_BASE,10.0
2015-10-23,43553.11639721789,LEVER,TQQQ|SIG_BASE|BAND_3|OFF_BASE,10.0
2015-10-26,43682.44473210697,LEVER,TQQQ|SIG_BASE|BAND_3|OFF_BASE,10.0
2015-10-27,43966.943059064455,LEVER,TQQQ|SIG_BASE|BAND_3|OFF_BASE,10.0
2015-10-28,44986.68366311918,LEVER,TQQQ|SIG_BASE|BAND_3|OFF_BASE,10.0
2015-10-29,44820.41136238305,LEVER,TQQQ|SIG_BASE|BAND_3|OFF_BASE,10.0
2015-10-30,44207.08106019981,LEVER,TQQQ|SIG_BASE|BAND_3|OFF_BASE,10.0
2015-11-02,45714.52736527726,LEVER,TQQQ|SIG_BASE|BAND_3|OFF_BASE,10.0
2015-11-03,46150.50973561051,LEVER,TQQQ|SIG_BASE|BAND_3|OFF_BASE,10.0
2015-11-04,46168.97504914558,LEVER,TQQQ|SIG_BASE|BAND_3|OFF_BASE,10.0
2015-11-05,45762.56030101511,LEVER,TQQQ|SIG_BASE|BAND_3|OFF_BASE,10.0
2015-11-06,45914.031005613935,LEVER,TQQQ|SIG_BASE|BAND_3|OFF_BASE,10.0
2015-11-09,44436.1656615162,LEVER,TQQQ|SIG_BASE|BAND_3|OFF_BASE,10.0
2015-11-10,44122.12194365082,LEVER,TQQQ|SIG_BASE|BAND_3|OFF_BASE,10.0
2015-11-11,43926.29535948884,LEVER,TQQQ|SIG_BASE|BAND_3|OFF_BASE,10.0
2015-11-12,42651.619604420426,LEVER,TQQQ|SIG_BASE|BAND_3|OFF_BASE,10.0
2015-11-13,40142.93357889513,LEVER,TQQQ|SIG_BASE|BAND_3|OFF_BASE,10.0
2015-11-16,41816.62106089587,LEVER,TQQQ|SIG_BASE|BAND_3|OFF_BASE,10.0
2015-11-17,41960.70652933247,LEVER,TQQQ|SIG_BASE|BAND_3|OFF_BASE,10.0
2015-11-18,44365.968124773724,LEVER,TQQQ|SIG_BASE|BAND_3|OFF_BASE,10.0
2015-11-19,44432.47082030561,LEVER,TQQQ|SIG_BASE|BAND_3|OFF_BASE,10.0
2015-11-20,45315.49340705006,LEVER,TQQQ|SIG_BASE|BAND_3|OFF_BASE,10.0
2015-11-23,44949.72191223623,LEVER,TQQQ|SIG_BASE|BAND_3|OFF_BASE,10.0
2015-11-24,44809.33128501023,LEVER,TQQQ|SIG_BASE|BAND_3|OFF_BASE,10.0
2015-11-25,44909.078658919585,LEVER,TQQQ|SIG_BASE|BAND_3|OFF_BASE,10.0
2015-11-27,45071.64277966818,LEVER,TQQQ|SIG_BASE|BAND_3|OFF_BASE,10.0
2015-11-30,44787.166684005584,LEVER,TQQQ|SIG_BASE|BAND_3|OFF_BASE,10.0
2015-12-01,46117.256164715094,LEVER,TQQQ|SIG_BASE|BAND_3|OFF_BASE,10.0
2015-12-02,45278.553887461974,LEVER,TQQQ|SIG_BASE|BAND_3|OFF_BASE,10.0
2015-12-03,42969.36260975539,LEVER,TQQQ|SIG_BASE|BAND_3|OFF_BASE,10.0
2015-12-04,45921.43847307106,LEVER,TQQQ|SIG_BASE|BAND_3|OFF_BASE,10.0
2015-12-07,45359.82260905933,LEVER,TQQQ|SIG_BASE|BAND_3|OFF_BASE,10.0
2015-12-08,45363.5441278238,LEVER,TQQQ|SIG_BASE|BAND_3|OFF_BASE,10.0
2015-12-09,43250.16609550227,LEVER,TQQQ|SIG_BASE|BAND_3|OFF_BASE,10.0
2015-12-10,43863.474166390624,LEVER,TQQQ|SIG_BASE|BAND_3|OFF_BASE,10.0
2015-12-11,40855.99791621079,LEVER,TQQQ|SIG_BASE|BAND_3|OFF_BASE,10.0
2015-12-14,41772.2874126276,LEVER,TQQQ|SIG_BASE|BAND_3|OFF_BASE,10.0
2015-12-15,42481.674693768575,LEVER,TQQQ|SIG_BASE|BAND_3|OFF_BASE,10.0
2015-12-16,44358.57399609353,LEVER,TQQQ|SIG_BASE|BAND_3|OFF_BASE,10.0
2015-12-17,42511.215638417496,LEVER,TQQQ|SIG_BASE|BAND_3|OFF_BASE,10.0
2015-12-18,40176.1782572726,LEVER,TQQQ|SIG_BASE|BAND_3|OFF_BASE,10.0
2015-12-21,41369.55861318978,LEVER,TQQQ|SIG_BASE|BAND_3|OFF_BASE,10.0
2015-12-22,42152.83827228385,LEVER,TQQQ|SIG_BASE|BAND_3|OFF_BASE,10.0
2015-12-23,43117.16070443851,LEVER,TQQQ|SIG_BASE|BAND_3|OFF_BASE,10.0
2015-12-24,43028.48006912505,LEVER,TQQQ|SIG_BASE|BAND_3|OFF_BASE,10.0
2015-12-28,43017.395545493244,LEVER,TQQQ|SIG_BASE|BAND_3|OFF_BASE,10.0
2015-12-29,44979.280641921054,LEVER,TQQQ|SIG_BASE|BAND_3|OFF_BASE,10.0
2015-12-30,43830.2205954952,LEVER,TQQQ|SIG_BASE|BAND_3|OFF_BASE,10.0
2015-12-31,42204.57494175026,LEVER,TQQQ|SIG_BASE|BAND_3|OFF_BASE,10.0
2016-01-04,39625.655809410644,LEVER,TQQQ|SIG_BASE|BAND_3|OFF_BASE,10.0
2016-01-05,39270.97773074658,LEVER,TQQQ|SIG_BASE|BAND_3|OFF_BASE,10.0
2016-01-06,38217.98800205539,LEVER,TQQQ|SIG_BASE|BAND_3|OFF_BASE,10.0
2016-01-07,34513.22840594728,OFF,TQQQ|SIG_BASE|BAND_3|OFF_BASE,10.0
2016-01-08,34230.18821164843,OFF,TQQQ|SIG_BASE|BAND_3|OFF_BASE,10.0
2016-01-11,34335.50939485763,OFF,TQQQ|SIG_BASE|BAND_3|OFF_BASE,10.0
2016-01-12,34733.725860728264,OFF,TQQQ|SIG_BASE|BAND_3|OFF_BASE,10.0
2016-01-13,33535.77249197669,OFF,TQQQ|SIG_BASE|BAND_3|OFF_BASE,10.0
2016-01-14,34249.92815387933,OFF,TQQQ|SIG_BASE|BAND_3|OFF_BASE,10.0
2016-01-15,33186.92888230141,OFF,TQQQ|SIG_BASE|BAND_3|OFF_BASE,10.0
2016-01-19,33259.32400422678,OFF,TQQQ|SIG_BASE|BAND_3|OFF_BASE,10.0
2016-01-20,33157.29867429204,OFF,TQQQ|SIG_BASE|BAND_3|OFF_BASE,10.0
2016-01-21,33190.21932366574,OFF,TQQQ|SIG_BASE|BAND_3|OFF_BASE,10.0
2016-01-22,34151.2040891292,OFF,TQQQ|SIG_BASE|BAND_3|OFF_BASE,10.0
2016-01-25,33644.38141059517,OFF,TQQQ|SIG_BASE|BAND_3|OFF_BASE,10.0
2016-01-26,33947.15613521479,OFF,TQQQ|SIG_BASE|BAND_3|OFF_BASE,10.0
2016-01-27,33101.358465143385,OFF,TQQQ|SIG_BASE|BAND_3|OFF_BASE,10.0
2016-01-28,33568.693141350406,OFF,TQQQ|SIG_BASE|BAND_3|OFF_BASE,10.0
2016-01-29,34269.67621397545,OFF,TQQQ|SIG_BASE|BAND_3|OFF_BASE,10.0
2016-02-01,34361.83021981721,OFF,TQQQ|SIG_BASE|BAND_3|OFF_BASE,10.0
2016-02-02,33618.05246777041,OFF,TQQQ|SIG_BASE|BAND_3|OFF_BASE,10.0
2016-02-03,33456.79648732268,OFF,TQQQ|SIG_BASE|BAND_3|OFF_BASE,10.0
2016-02-04,33453.49251618301,OFF,TQQQ|SIG_BASE|BAND_3|OFF_BASE,10.0
2016-02-05,32291.76917985495,OFF,TQQQ|SIG_BASE|BAND_3|OFF_BASE,10.0
2016-02-08,31798.102854868095,OFF,TQQQ|SIG_BASE|BAND_3|OFF_BASE,10.0
2016-02-09,31699.362554387542,OFF,TQQQ|SIG_BASE|BAND_3|OFF_BASE,10.0
2016-02-10,31821.14947419374,OFF,TQQQ|SIG_BASE|BAND_3|OFF_BASE,10.0
2016-02-11,31775.069765317792,OFF,TQQQ|SIG_BASE|BAND_3|OFF_BASE,10.0
2016-02-12,32258.85123643632,OFF,TQQQ|SIG_BASE|BAND_3|OFF_BASE,10.0
2016-02-16,32986.1659578412,OFF,TQQQ|SIG_BASE|BAND_3|OFF_BASE,10.0
2016-02-17,33733.234151252334,OFF,TQQQ|SIG_BASE|BAND_3|OFF_BASE,10.0
2016-02-18,33348.179450839016,OFF,TQQQ|SIG_BASE|BAND_3|OFF_BASE,10.0
2016-02-19,33446.91433940943,OFF,TQQQ|SIG_BASE|BAND_3|OFF_BASE,10.0
2016-02-22,33989.94269677135,OFF,TQQQ|SIG_BASE|BAND_3|OFF_BASE,10.0
2016-02-23,33430.46213258779,OFF,TQQQ|SIG_BASE|BAND_3|OFF_BASE,10.0
2016-02-24,33749.70529975947,OFF,TQQQ|SIG_BASE|BAND_3|OFF_BASE,10.0
2016-02-25,34082.093996658055,OFF,TQQQ|SIG_BASE|BAND_3|OFF_BASE,10.0
2016-02-26,34039.31014105657,OFF,TQQQ|SIG_BASE|BAND_3|OFF_BASE,10.0
2016-02-29,33733.23415125235,OFF,TQQQ|SIG_BASE|BAND_3|OFF_BASE,10.0
2016-03-01,34815.99230674666,OFF,TQQQ|SIG_BASE|BAND_3|OFF_BASE,10.0
2016-03-02,34829.15677815904,OFF,TQQQ|SIG_BASE|BAND_3|OFF_BASE,10.0
2016-03-03,34763.3371270522,OFF,TQQQ|SIG_BASE|BAND_3|OFF_BASE,10.0
2016-03-04,34776.50159846458,OFF,TQQQ|SIG_BASE|BAND_3|OFF_BASE,10.0
2016-03-07,34562.568790681835,OFF,TQQQ|SIG_BASE|BAND_3|OFF_BASE,10.0
2016-03-08,34276.2598026592,OFF,TQQQ|SIG_BASE|BAND_3|OFF_BASE,10.0
2016-03-09,34496.75996339526,OFF,TQQQ|SIG_BASE|BAND_3|OFF_BASE,10.0
2016-03-10,34444.10207774572,OFF,TQQQ|SIG_BASE|BAND_3|OFF_BASE,10.0
2016-03-11,35046.36108562063,OFF,TQQQ|SIG_BASE|BAND_3|OFF_BASE,10.0
2016-03-14,35105.59714804375,OFF,TQQQ|SIG_BASE|BAND_3|OFF_BASE,10.0
2016-03-15,35092.43808854151,OFF,TQQQ|SIG_BASE|BAND_3|OFF_BASE,10.0
2016-03-16,35405.09225511932,OFF,TQQQ|SIG_BASE|BAND_3|OFF_BASE,10.0
2016-03-17,35385.34419502321,OFF,TQQQ|SIG_BASE|BAND_3|OFF_BASE,10.0
2016-03-18,35440.800038214446,OFF,TQQQ|SIG_BASE|BAND_3|OFF_BASE,10.0
2016-03-21,35579.43694023748,OFF,TQQQ|SIG_BASE|BAND_3|OFF_BASE,10.0
2016-03-22,35688.359749644,OFF,TQQQ|SIG_BASE|BAND_3|OFF_BASE,10.0
2016-03-23,35394.58503158503,OFF,TQQQ|SIG_BASE|BAND_3|OFF_BASE,10.0
2016-03-24,35404.48882713885,OFF,TQQQ|SIG_BASE|BAND_3|OFF_BASE,10.0
2016-03-28,35354.98608510017,OFF,TQQQ|SIG_BASE|BAND_3|OFF_BASE,10.0
2016-03-29,35922.71710629018,OFF,TQQQ|SIG_BASE|BAND_3|OFF_BASE,10.0
2016-03-30,36097.65710152361,OFF,TQQQ|SIG_BASE|BAND_3|OFF_BASE,10.0
2016-03-31,36044.842270480054,OFF,TQQQ|SIG_BASE|BAND_3|OFF_BASE,10.0
2016-04-01,36427.73491279296,OFF,TQQQ|SIG_BASE|BAND_3|OFF_BASE,10.0
2016-04-04,36289.11154054527,OFF,TQQQ|SIG_BASE|BAND_3|OFF_BASE,10.0
2016-04-05,35939.21531434801,OFF,TQQQ|SIG_BASE|BAND_3|OFF_BASE,10.0
2016-04-06,36457.000482532916,LEVER,TQQQ|SIG_BASE|BAND_3|OFF_BASE,10.0
2016-04-07,34883.22006165531,LEVER,TQQQ|SIG_BASE|BAND_3|OFF_BASE,10.0
2016-04-08,34801.11479107455,LEVER,TQQQ|SIG_BASE|BAND_3|OFF_BASE,10.0
2016-04-11,34428.19291559777,LEVER,TQQQ|SIG_BASE|BAND_3|OFF_BASE,10.0
2016-04-12,35232.19834064916,LEVER,TQQQ|SIG_BASE|BAND_3|OFF_BASE,10.0
2016-04-13,36607.54602554692,LEVER,TQQQ|SIG_BASE|BAND_3|OFF_BASE,10.0
2016-04-14,36631.49168063155,LEVER,TQQQ|SIG_BASE|BAND_3|OFF_BASE,10.0
2016-04-15,36350.96190847779,LEVER,TQQQ|SIG_BASE|BAND_3|OFF_BASE,10.0
2016-04-18,36888.07991490411,LEVER,TQQQ|SIG_BASE|BAND_3|OFF_BASE,10.0
2016-04-19,36251.7331888776,LEVER,TQQQ|SIG_BASE|BAND_3|OFF_BASE,10.0
2016-04-20,36340.68536874408,LEVER,TQQQ|SIG_BASE|BAND_3|OFF_BASE,10.0
2016-04-21,36350.96190847779,LEVER,TQQQ|SIG_BASE|BAND_3|OFF_BASE,10.0
2016-04-22,34705.31158471894,LEVER,TQQQ|SIG_BASE|BAND_3|OFF_BASE,10.0
2016-04-25,34677.952767999996,LEVER,TQQQ|SIG_BASE|BAND_3|OFF_BASE,10.0
2016-04-26,34202.384894085306,LEVER,TQQQ|SIG_BASE|BAND_3|OFF_BASE,10.0
2016-04-27,33381.28895764184,LEVER,TQQQ|SIG_BASE|BAND_3|OFF_BASE,10.0
2016-04-28,32197.531216641626,LEVER,TQQQ|SIG_BASE|BAND_3|OFF_BASE,10.0
2016-04-29,31684.340337884547,LEVER,TQQQ|SIG_BASE|BAND_3|OFF_BASE,10.0
2016-05-02,32522.557664745727,LEVER,TQQQ|SIG_BASE|BAND_3|OFF_BASE,10.0
2016-05-03,31656.962993750218,LEVER,TQQQ|SIG_BASE|BAND_3|OFF_BASE,10.0
2016-05-04,31030.874280042033,LEVER,TQQQ|SIG_BASE|BAND_3|OFF_BASE,10.0
2016-05-05,31013.77759284483,LEVER,TQQQ|SIG_BASE|BAND_3|OFF_BASE,10.0
2016-05-06,31461.95165381152,LEVER,TQQQ|SIG_BASE|BAND_3|OFF_BASE,10.0
2016-05-09,31739.076498737813,LEVER,TQQQ|SIG_BASE|BAND_3|OFF_BASE,10.0
2016-05-10,33069.956328109176,LEVER,TQQQ|SIG_BASE|BAND_3|OFF_BASE,10.0
2016-05-11,32166.73865227128,LEVER,TQQQ|SIG_BASE|BAND_3|OFF_BASE,10.0
2016-05-12,31715.130843653184,LEVER,TQQQ|SIG_BASE|BAND_3|OFF_BASE,10.0
2016-05-13,31331.9550730615,LEVER,TQQQ|SIG_BASE|BAND_3|OFF_BASE,10.0
2016-05-16,32539.650234739504,LEVER,TQQQ|SIG_BASE|BAND_3|OFF_BASE,10.0
2016-05-17,31290.90243777112,LEVER,TQQQ|SIG_BASE|BAND_3|OFF_BASE,10.0
2016-05-18,31646.702922830187,LEVER,TQQQ|SIG_BASE|BAND_3|OFF_BASE,10.0
2016-05-19,31147.20997984796,LEVER,TQQQ|SIG_BASE|BAND_3|OFF_BASE,10.0
2016-05-20,32187.269087119887,LEVER,TQQQ|SIG_BASE|BAND_3|OFF_BASE,10.0
2016-05-23,32029.895162235545,LEVER,TQQQ|SIG_BASE|BAND_3|OFF_BASE,10.0
2016-05-24,33990.28098415282,LEVER,TQQQ|SIG_BASE|BAND_3|OFF_BASE,10.0
2016-05-25,34722.426799331515,LEVER,TQQQ|SIG_BASE|BAND_3|OFF_BASE,10.0
2016-05-26,35013.22487681215,LEVER,TQQQ|SIG_BASE|BAND_3|OFF_BASE,10.0
2016-05-27,35540.11163274237,LEVER,TQQQ|SIG_BASE|BAND_3|OFF_BASE,10.0
2016-05-31,35752.22171847999,LEVER,TQQQ|SIG_BASE|BAND_3|OFF_BASE,10.0
2016-06-01,35765.91965425484,LEVER,TQQQ|SIG_BASE|BAND_3|OFF_BASE,10.0
2016-06-02,35967.75731746216,LEVER,TQQQ|SIG_BASE|BAND_3|OFF_BASE,10.0
2016-06-03,35475.100990757106,LEVER,TQQQ|SIG_BASE|BAND_3|OFF_BASE,10.0
2016-06-06,35854.847130900795,LEVER,TQQQ|SIG_BASE|BAND_3|OFF_BASE,10.0
2016-06-07,35601.68852707623,LEVER,TQQQ|SIG_BASE|BAND_3|OFF_BASE,10.0
2016-06-08,35759.06451056228,LEVER,TQQQ|SIG_BASE|BAND_3|OFF_BASE,10.0
2016-06-09,35601.68852707623,LEVER,TQQQ|SIG_BASE|BAND_3|OFF_BASE,10.0
2016-06-10,34404.25549491996,LEVER,TQQQ|SIG_BASE|BAND_3|OFF_BASE,10.0
2016-06-13,33521.56207812554,LEVER,TQQQ|SIG_BASE|BAND_3|OFF_BASE,10.0
2016-06-14,33538.68552714497,LEVER,TQQQ|SIG_BASE|BAND_3|OFF_BASE,10.0
2016-06-15,33237.59238251524,LEVER,TQQQ|SIG_BASE|BAND_3|OFF_BASE,10.0
2016-06-16,33477.09010539572,LEVER,TQQQ|SIG_BASE|BAND_3|OFF_BASE,10.0
2016-06-17,32330.96154504303,LEVER,TQQQ|SIG_BASE|BAND_3|OFF_BASE,10.0
2016-06-20,32912.58652042823,LEVER,TQQQ|SIG_BASE|BAND_3|OFF_BASE,10.0
2016-06-21,33241.02201296323,LEVER,TQQQ|SIG_BASE|BAND_3|OFF_BASE,10.0
2016-06-22,33025.48641398105,LEVER,TQQQ|SIG_BASE|BAND_3|OFF_BASE,10.0
2016-06-23,34417.93696188115,LEVER,TQQQ|SIG_BASE|BAND_3|OFF_BASE,10.0
2016-06-24,30202.93555151626,LEVER,TQQQ|SIG_BASE|BAND_3|OFF_BASE,10.0
2016-06-27,28387.508890443227,OFF,TQQQ|SIG_BASE|BAND_3|OFF_BASE,10.0
2016-06-28,29009.57194092044,OFF,TQQQ|SIG_BASE|BAND_3|OFF_BASE,10.0
2016-06-29,29523.337571432618,OFF,TQQQ|SIG_BASE|BAND_3|OFF_BASE,10.0
2016-06-30,29864.920839675662,OFF,TQQQ|SIG_BASE|BAND_3|OFF_BASE,10.0
2016-07-01,30014.881069078354,OFF,TQQQ|SIG_BASE|BAND_3|OFF_BASE,10.0
2016-07-05,29831.593316817416,OFF,TQQQ|SIG_BASE|BAND_3|OFF_BASE,10.0
2016-07-06,30075.984555087223,OFF,TQQQ|SIG_BASE|BAND_3|OFF_BASE,10.0
2016-07-07,30164.84356905761,OFF,TQQQ|SIG_BASE|BAND_3|OFF_BASE,10.0
2016-07-08,30631.40164215422,OFF,TQQQ|SIG_BASE|BAND_3|OFF_BASE,10.0
2016-07-11,30744.743665655482,LEVER,TQQQ|SIG_BASE|BAND_3|OFF_BASE,10.0
2016-07-12,31228.726650221695,LEVER,TQQQ|SIG_BASE|BAND_3|OFF_BASE,10.0
2016-07-13,31010.064162320064,LEVER,TQQQ|SIG_BASE|BAND_3|OFF_BASE,10.0
2016-07-14,31639.8314952169,LEVER,TQQQ|SIG_BASE|BAND_3|OFF_BASE,10.0
2016-07-15,31461.985116199263,LEVER,TQQQ|SIG_BASE|BAND_3|OFF_BASE,10.0
2016-07-18,32088.83676212949,LEVER,TQQQ|SIG_BASE|BAND_3|OFF_BASE,10.0
2016-07-19,31756.458973881396,LEVER,TQQQ|SIG_BASE|BAND_3|OFF_BASE,10.0
2016-07-20,32843.950565402054,LEVER,TQQQ|SIG_BASE|BAND_3|OFF_BASE,10.0
2016-07-21,32648.620590530474,LEVER,TQQQ|SIG_BASE|BAND_3|OFF_BASE,10.0
2016-07-22,33027.64586159579,LEVER,TQQQ|SIG_BASE|BAND_3|OFF_BASE,10.0
2016-07-25,33056.79571396476,LEVER,TQQQ|SIG_BASE|BAND_3|OFF_BASE,10.0
2016-07-26,33167.58831004746,LEVER,TQQQ|SIG_BASE|BAND_3|OFF_BASE,10.0
2016-07-27,33814.849764743965,LEVER,TQQQ|SIG_BASE|BAND_3|OFF_BASE,10.0
2016-07-28,34182.20877929426,LEVER,TQQQ|SIG_BASE|BAND_3|OFF_BASE,10.0
2016-07-29,34406.71667572342,LEVER,TQQQ|SIG_BASE|BAND_3|OFF_BASE,10.0
2016-08-01,34946.08718670954,LEVER,TQQQ|SIG_BASE|BAND_3|OFF_BASE,10.0
2016-08-02,34158.879774912784,LEVER,TQQQ|SIG_BASE|BAND_3|OFF_BASE,10.0
2016-08-03,34482.51751955819,LEVER,TQQQ|SIG_BASE|BAND_3|OFF_BASE,10.0
2016-08-04,34791.580338019114,LEVER,TQQQ|SIG_BASE|BAND_3|OFF_BASE,10.0
2016-08-05,35797.4502377175,LEVER,TQQQ|SIG_BASE|BAND_3|OFF_BASE,10.0
2016-08-08,35683.73844601961,LEVER,TQQQ|SIG_BASE|BAND_3|OFF_BASE,10.0
2016-08-09,35919.905581666644,LEVER,TQQQ|SIG_BASE|BAND_3|OFF_BASE,10.0
2016-08-10,35642.90830254131,LEVER,TQQQ|SIG_BASE|BAND_3|OFF_BASE,10.0
2016-08-11,36103.57280867178,LEVER,TQQQ|SIG_BASE|BAND_3|OFF_BASE,10.0
2016-08-12,36170.630100255294,LEVER,TQQQ|SIG_BASE|BAND_3|OFF_BASE,10.0
2016-08-15,36625.46674110111,LEVER,TQQQ|SIG_BASE|BAND_3|OFF_BASE,10.0
2016-08-16,36048.17475630614,LEVER,TQQQ|SIG_BASE|BAND_3|OFF_BASE,10.0
2016-08-17,36217.28810901824,LEVER,TQQQ|SIG_BASE|BAND_3|OFF_BASE,10.0
2016-08-18,36252.27284396902,LEVER,TQQQ|SIG_BASE|BAND_3|OFF_BASE,10.0
2016-08-19,36202.706165536605,LEVER,TQQQ|SIG_BASE|BAND_3|OFF_BASE,10.0
2016-08-22,36237.697917784535,LEVER,TQQQ|SIG_BASE|BAND_3|OFF_BASE,10.0
2016-08-23,36453.448227368135,LEVER,TQQQ|SIG_BASE|BAND_3|OFF_BASE,10.0
2016-08-24,35750.78521165741,LEVER,TQQQ|SIG_BASE|BAND_3|OFF_BASE,10.0
2016-08-25,35581.682384891035,LEVER,TQQQ|SIG_BASE|BAND_3|OFF_BASE,10.0
2016-08-26,35753.711424569745,LEVER,TQQQ|SIG_BASE|BAND_3|OFF_BASE,10.0
2016-08-29,35852.84127278599,LEVER,TQQQ|SIG_BASE|BAND_3|OFF_BASE,10.0
2016-08-30,35529.21405408631,LEVER,TQQQ|SIG_BASE|BAND_3|OFF_BASE,10.0
2016-08-31,35435.89803656041,LEVER,TQQQ|SIG_BASE|BAND_3|OFF_BASE,10.0
2016-09-01,35593.352150054634,LEVER,TQQQ|SIG_BASE|BAND_3|OFF_BASE,10.0
2016-09-02,36010.27784303734,LEVER,TQQQ|SIG_BASE|BAND_3|OFF_BASE,10.0
2016-09-06,36677.93507190583,LEVER,TQQQ|SIG_BASE|BAND_3|OFF_BASE,10.0
2016-09-07,36745.00639808364,LEVER,TQQQ|SIG_BASE|BAND_3|OFF_BASE,10.0
2016-09-08,36115.23555653823,LEVER,TQQQ|SIG_BASE|BAND_3|OFF_BASE,10.0
2016-09-09,33377.510754346404,LEVER,TQQQ|SIG_BASE|BAND_3|OFF_BASE,10.0
2016-09-12,35088.95935672213,LEVER,TQQQ|SIG_BASE|BAND_3|OFF_BASE,10.0
2016-09-13,34260.932327392795,LEVER,TQQQ|SIG_BASE|BAND_3|OFF_BASE,10.0
2016-09-14,34701.17649881125,LEVER,TQQQ|SIG_BASE|BAND_3|OFF_BASE,10.0
2016-09-15,36310.57254870696,LEVER,TQQQ|SIG_BASE|BAND_3|OFF_BASE,10.0
2016-09-16,36269.766965768686,LEVER,TQQQ|SIG_BASE|BAND_3|OFF_BASE,10.0
2016-09-19,35794.51349885943,LEVER,TQQQ|SIG_BASE|BAND_3|OFF_BASE,10.0
2016-09-20,35992.783721237654,LEVER,TQQQ|SIG_BASE|BAND_3|OFF_BASE,10.0
2016-09-21,37039.47674711719,LEVER,TQQQ|SIG_BASE|BAND_3|OFF_BASE,10.0
2016-09-22,37905.41121566106,LEVER,TQQQ|SIG_BASE|BAND_3|OFF_BASE,10.0
2016-09-23,37223.161517365195,LEVER,TQQQ|SIG_BASE|BAND_3|OFF_BASE,10.0
2016-09-26,36298.91330948907,LEVER,TQQQ|SIG_BASE|BAND_3|OFF_BASE,10.0
2016-09-27,37328.122739514656,LEVER,TQQQ|SIG_BASE|BAND_3|OFF_BASE,10.0
2016-09-28,37532.20679258322,LEVER,TQQQ|SIG_BASE|BAND_3|OFF_BASE,10.0
2016-09-29,36736.255828535206,LEVER,TQQQ|SIG_BASE|BAND_3|OFF_BASE,10.0
2016-09-30,37491.38366640207,LEVER,TQQQ|SIG_BASE|BAND_3|OFF_BASE,10.0
2016-10-03,37406.839270316035,LEVER,TQQQ|SIG_BASE|BAND_3|OFF_BASE,10.0
2016-10-04,37193.99412175333,LEVER,TQQQ|SIG_BASE|BAND_3|OFF_BASE,10.0
2016-10-05,37581.77697966421,LEVER,TQQQ|SIG_BASE|BAND_3|OFF_BASE,10.0
2016-10-06,37523.46324033196,LEVER,TQQQ|SIG_BASE|BAND_3|OFF_BASE,10.0
2016-10-07,37278.55255243367,LEVER,TQQQ|SIG_BASE|BAND_3|OFF_BASE,10.0
2016-10-10,37946.216798599315,LEVER,TQQQ|SIG_BASE|BAND_3|OFF_BASE,10.0
2016-10-11,36377.64387488475,LEVER,TQQQ|SIG_BASE|BAND_3|OFF_BASE,10.0
2016-10-12,36301.82197915852,LEVER,TQQQ|SIG_BASE|BAND_3|OFF_BASE,10.0
2016-10-13,35876.166768518866,LEVER,TQQQ|SIG_BASE|BAND_3|OFF_BASE,10.0
2016-10-14,35957.80600358402,LEVER,TQQQ|SIG_BASE|BAND_3|OFF_BASE,10.0
2016-10-17,35709.97962871911,LEVER,TQQQ|SIG_BASE|BAND_3|OFF_BASE,10.0
2016-10-18,36625.466741101096,LEVER,TQQQ|SIG_BASE|BAND_3|OFF_BASE,10.0
2016-10-19,36640.041667285586,LEVER,TQQQ|SIG_BASE|BAND_3|OFF_BASE,10.0
2016-10-20,36485.513766703705,LEVER,TQQQ|SIG_BASE|BAND_3|OFF_BASE,10.0
2016-10-21,36882.04368551442,LEVER,TQQQ|SIG_BASE|BAND_3|OFF_BASE,10.0
2016-10-24,38226.112221448406,LEVER,TQQQ|SIG_BASE|BAND_3|OFF_BASE,10.0
2016-10-25,37844.178280713626,LEVER,TQQQ|SIG_BASE|BAND_3|OFF_BASE,10.0
2016-10-26,37118.19327791858,LEVER,TQQQ|SIG_BASE|BAND_3|OFF_BASE,10.0
2016-10-27,36599.21854110444,LEVER,TQQQ|SIG_BASE|BAND_3|OFF_BASE,10.0
2016-10-28,35966.539029889565,LEVER,TQQQ|SIG_BASE|BAND_3|OFF_BASE,10.0
2016-10-31,35762.454976821,LEVER,TQQQ|SIG_BASE|BAND_3|OFF_BASE,10.0
2016-11-01,35027.73343907184,LEVER,TQQQ|SIG_BASE|BAND_3|OFF_BASE,10.0
2016-11-02,34115.14797906217,LEVER,TQQQ|SIG_BASE|BAND_3|OFF_BASE,10.0
2016-11-03,33132.6000664481,LEVER,TQQQ|SIG_BASE|BAND_3|OFF_BASE,10.0
2016-11-04,32756.4904823494,LEVER,TQQQ|SIG_BASE|BAND_3|OFF_BASE,10.0
2016-11-07,35103.52726560946,LEVER,TQQQ|SIG_BASE|BAND_3|OFF_BASE,10.0
2016-11-08,35791.60482918997,LEVER,TQQQ|SIG_BASE|BAND_3|OFF_BASE,10.0
2016-11-09,36293.08193555586,LEVER,TQQQ|SIG_BASE|BAND_3|OFF_BASE,10.0
2016-11-10,34567.07595023853,LEVER,TQQQ|SIG_BASE|BAND_3|OFF_BASE,10.0
2016-11-11,34537.91206327525,LEVER,TQQQ|SIG_BASE|BAND_3|OFF_BASE,10.0
2016-11-14,33371.6758717646,LEVER,TQQQ|SIG_BASE|BAND_3|OFF_BASE,10.0
2016-11-15,34916.930317043414,LEVER,TQQQ|SIG_BASE|BAND_3|OFF_BASE,10.0
2016-11-16,35485.47173228996,LEVER,TQQQ|SIG_BASE|BAND_3|OFF_BASE,10.0
2016-11-17,36307.66037038891,LEVER,TQQQ|SIG_BASE|BAND_3|OFF_BASE,10.0
2016-11-18,35899.4747210089,LEVER,TQQQ|SIG_BASE|BAND_3|OFF_BASE,10.0
2016-11-21,36978.25784676405,LEVER,TQQQ|SIG_BASE|BAND_3|OFF_BASE,10.0
2016-11-22,37310.63563501214,LEVER,TQQQ|SIG_BASE|BAND_3|OFF_BASE,10.0
2016-11-23,36861.61633350525,LEVER,TQQQ|SIG_BASE|BAND_3|OFF_BASE,10.0
2016-11-25,37217.330143431966,LEVER,TQQQ|SIG_BASE|BAND_3|OFF_BASE,10.0
2016-11-28,37010.30935150533,LEVER,TQQQ|SIG_BASE|BAND_3|OFF_BASE,10.0
2016-11-29,37366.01965278348,LEVER,TQQQ|SIG_BASE|BAND_3|OFF_BASE,10.0
2016-11-30,36156.055174070796,LEVER,TQQQ|SIG_BASE|BAND_3|OFF_BASE,10.0
2016-12-01,34170.55655737353,LEVER,TQQQ|SIG_BASE|BAND_3|OFF_BASE,10.0
2016-12-02,34307.572792912855,LEVER,TQQQ|SIG_BASE|BAND_3|OFF_BASE,10.0
2016-12-05,35100.61508729141,LEVER,TQQQ|SIG_BASE|BAND_3|OFF_BASE,10.0
2016-12-06,35354.27283608954,LEVER,TQQQ|SIG_BASE|BAND_3|OFF_BASE,10.0
2016-12-07,36666.275832687934,LEVER,TQQQ|SIG_BASE|BAND_3|OFF_BASE,10.0
2016-12-08,36890.79425506282,LEVER,TQQQ|SIG_BASE|BAND_3|OFF_BASE,10.0
2016-12-09,37753.78496745147,LEVER,TQQQ|SIG_BASE|BAND_3|OFF_BASE,10.0
2016-12-12,37228.97885670411,LEVER,TQQQ|SIG_BASE|BAND_3|OFF_BASE,10.0
2016-12-13,38683.86454926082,LEVER,TQQQ|SIG_BASE|BAND_3|OFF_BASE,10.0
2016-12-14,38401.03940485083,LEVER,TQQQ|SIG_BASE|BAND_3|OFF_BASE,10.0
2016-12-15,38634.29436217983,LEVER,TQQQ|SIG_BASE|BAND_3|OFF_BASE,10.0
2016-12-16,38164.88279514953,LEVER,TQQQ|SIG_BASE|BAND_3|OFF_BASE,10.0
2016-12-19,38631.385692510376,LEVER,TQQQ|SIG_BASE|BAND_3|OFF_BASE,10.0
2016-12-20,39097.87104662834,LEVER,TQQQ|SIG_BASE|BAND_3|OFF_BASE,10.0
2016-12-21,38960.83375919755,LEVER,TQQQ|SIG_BASE|BAND_3|OFF_BASE,10.0
2016-12-22,38622.63161431338,LEVER,TQQQ|SIG_BASE|BAND_3|OFF_BASE,10.0
2016-12-23,38742.17127129591,LEVER,TQQQ|SIG_BASE|BAND_3|OFF_BASE,10.0
2016-12-27,39307.7899822787,LEVER,TQQQ|SIG_BASE|BAND_3|OFF_BASE,10.0
2016-12-28,38398.13775247852,LEVER,TQQQ|SIG_BASE|BAND_3|OFF_BASE,10.0
2016-12-29,38211.54431256105,LEVER,TQQQ|SIG_BASE|BAND_3|OFF_BASE,10.0
2016-12-30,37094.871290834235,LEVER,TQQQ|SIG_BASE|BAND_3|OFF_BASE,10.0
2017-01-03,37992.87129871369,LEVER,TQQQ|SIG_BASE|BAND_3|OFF_BASE,10.0
2017-01-04,38640.14327935593,LEVER,TQQQ|SIG_BASE|BAND_3|OFF_BASE,10.0
2017-01-05,39325.28410407837,LEVER,TQQQ|SIG_BASE|BAND_3|OFF_BASE,10.0
2017-01-06,40322.41396017407,LEVER,TQQQ|SIG_BASE|BAND_3|OFF_BASE,10.0
2017-01-09,40730.603118202656,LEVER,TQQQ|SIG_BASE|BAND_3|OFF_BASE,10.0
2017-01-10,40963.84053228878,LEVER,TQQQ|SIG_BASE|BAND_3|OFF_BASE,10.0
2017-01-11,41278.71367279146,LEVER,TQQQ|SIG_BASE|BAND_3|OFF_BASE,10.0
2017-01-12,41068.798245789665,LEVER,TQQQ|SIG_BASE|BAND_3|OFF_BASE,10.0
2017-01-13,41541.11146519228,LEVER,TQQQ|SIG_BASE|BAND_3|OFF_BASE,10.0
2017-01-17,41150.44449815197,LEVER,TQQQ|SIG_BASE|BAND_3|OFF_BASE,10.0
2017-01-18,41430.336412352466,LEVER,TQQQ|SIG_BASE|BAND_3|OFF_BASE,10.0
2017-01-19,41319.54381626977,LEVER,TQQQ|SIG_BASE|BAND_3|OFF_BASE,10.0
2017-01-20,41587.779999900966,LEVER,TQQQ|SIG_BASE|BAND_3|OFF_BASE,10.0
2017-01-23,41681.06794823826,LEVER,TQQQ|SIG_BASE|BAND_3|OFF_BASE,10.0
2017-01-24,42549.92161239732,LEVER,TQQQ|SIG_BASE|BAND_3|OFF_BASE,10.0
2017-01-25,43791.95163044558,LEVER,TQQQ|SIG_BASE|BAND_3|OFF_BASE,10.0
2017-01-26,43972.713696429826,LEVER,TQQQ|SIG_BASE|BAND_3|OFF_BASE,10.0
2017-01-27,44182.63263208019,LEVER,TQQQ|SIG_BASE|BAND_3|OFF_BASE,10.0
2017-01-30,43179.68192799699,LEVER,TQQQ|SIG_BASE|BAND_3|OFF_BASE,10.0
2017-01-31,42940.60261403192,LEVER,TQQQ|SIG_BASE|BAND_3|OFF_BASE,10.0
2017-02-01,43756.96689549481,LEVER,TQQQ|SIG_BASE|BAND_3|OFF_BASE,10.0
2017-02-02,43646.17429941211,LEVER,TQQQ|SIG_BASE|BAND_3|OFF_BASE,10.0
2017-02-03,44025.18904453169,LEVER,TQQQ|SIG_BASE|BAND_3|OFF_BASE,10.0
2017-02-06,44188.47102331056,LEVER,TQQQ|SIG_BASE|BAND_3|OFF_BASE,10.0
2017-02-07,44643.29713821065,LEVER,TQQQ|SIG_BASE|BAND_3|OFF_BASE,10.0
2017-02-08,44894.042708690744,LEVER,TQQQ|SIG_BASE|BAND_3|OFF_BASE,10.0
2017-02-09,45360.52806280871,LEVER,TQQQ|SIG_BASE|BAND_3|OFF_BASE,10.0
2017-02-10,45809.529821072734,LEVER,TQQQ|SIG_BASE|BAND_3|OFF_BASE,10.0
2017-02-13,46614.22433737201,LEVER,TQQQ|SIG_BASE|BAND_3|OFF_BASE,10.0
2017-02-14,47051.55633047242,LEVER,TQQQ|SIG_BASE|BAND_3|OFF_BASE,10.0
2017-02-15,47862.0997639478,LEVER,TQQQ|SIG_BASE|BAND_3|OFF_BASE,10.0
2017-02-16,47821.273129118075,LEVER,TQQQ|SIG_BASE|BAND_3|OFF_BASE,10.0
2017-02-17,48421.880083700205,LEVER,TQQQ|SIG_BASE|BAND_3|OFF_BASE,10.0
2017-02-21,49191.59688234586,LEVER,TQQQ|SIG_BASE|BAND_3|OFF_BASE,10.0
2017-02-22,49197.43878222482,LEVER,TQQQ|SIG_BASE|BAND_3|OFF_BASE,10.0
2017-02-23,48666.790771598506,LEVER,TQQQ|SIG_BASE|BAND_3|OFF_BASE,10.0
2017-02-24,48929.1920726479,LEVER,TQQQ|SIG_BASE|BAND_3|OFF_BASE,10.0
2017-02-27,49074.969403681374,LEVER,TQQQ|SIG_BASE|BAND_3|OFF_BASE,10.0
2017-02-28,48690.11275868283,LEVER,TQQQ|SIG_BASE|BAND_3|OFF_BASE,10.0
2017-03-01,50264.53810822208,LEVER,TQQQ|SIG_BASE|BAND_3|OFF_BASE,10.0
2017-03-02,49471.49581384352,LEVER,TQQQ|SIG_BASE|BAND_3|OFF_BASE,10.0
2017-03-03,49728.055215013956,LEVER,TQQQ|SIG_BASE|BAND_3|OFF_BASE,10.0
2017-03-06,49384.01818754799,LEVER,TQQQ|SIG_BASE|BAND_3|OFF_BASE,10.0
2017-03-07,49139.114516946844,LEVER,TQQQ|SIG_BASE|BAND_3|OFF_BASE,10.0
2017-03-08,49389.85657877836,LEVER,TQQQ|SIG_BASE|BAND_3|OFF_BASE,10.0
2017-03-09,49541.46879239363,LEVER,TQQQ|SIG_BASE|BAND_3|OFF_BASE,10.0
2017-03-10,50083.76551629209,LEVER,TQQQ|SIG_BASE|BAND_3|OFF_BASE,10.0
2017-03-13,50375.31316106188,LEVER,TQQQ|SIG_BASE|BAND_3|OFF_BASE,10.0
2017-03-14,50002.129789875515,LEVER,TQQQ|SIG_BASE|BAND_3|OFF_BASE,10.0
2017-03-15,50876.8007933735,LEVER,TQQQ|SIG_BASE|BAND_3|OFF_BASE,10.0
2017-03-16,50847.63690641022,LEVER,TQQQ|SIG_BASE|BAND_3|OFF_BASE,10.0
2017-03-17,50725.18507110965,LEVER,TQQQ|SIG_BASE|BAND_3|OFF_BASE,10.0
2017-03-20,50876.80079337349,LEVER,TQQQ|SIG_BASE|BAND_3|OFF_BASE,10.0
2017-03-21,48608.480540914825,LEVER,TQQQ|SIG_BASE|BAND_3|OFF_BASE,10.0
2017-03-22,49564.794288126526,LEVER,TQQQ|SIG_BASE|BAND_3|OFF_BASE,10.0
2017-03-23,49168.26787796438,LEVER,TQQQ|SIG_BASE|BAND_3|OFF_BASE,10.0
2017-03-24,49436.50757024415,LEVER,TQQQ|SIG_BASE|BAND_3|OFF_BASE,10.0
2017-03-27,49698.905362644975,LEVER,TQQQ|SIG_BASE|BAND_3|OFF_BASE,10.0
2017-03-28,50631.89361412377,LEVER,TQQQ|SIG_BASE|BAND_3|OFF_BASE,10.0
2017-03-29,51302.466529958874,LEVER,TQQQ|SIG_BASE|BAND_3|OFF_BASE,10.0
2017-03-30,51559.05049166935,LEVER,TQQQ|SIG_BASE|BAND_3|OFF_BASE,10.0
2017-03-31,51436.59163907163,LEVER,TQQQ|SIG_BASE|BAND_3|OFF_BASE,10.0
2017-04-03,51325.80956893466,LEVER,TQQQ|SIG_BASE|BAND_3|OFF_BASE,10.0
2017-04-04,51559.05049166936,LEVER,TQQQ|SIG_BASE|BAND_3|OFF_BASE,10.0
2017-04-05,50970.088741710795,LEVER,TQQQ|SIG_BASE|BAND_3|OFF_BASE,10.0
2017-04-06,51010.91186789194,LEVER,TQQQ|SIG_BASE|BAND_3|OFF_BASE,10.0
2017-04-07,50952.598128559686,LEVER,TQQQ|SIG_BASE|BAND_3|OFF_BASE,10.0
2017-04-10,51010.91186789194,LEVER,TQQQ|SIG_BASE|BAND_3|OFF_BASE,10.0
2017-04-11,50369.49582172296,LEVER,TQQQ|SIG_BASE|BAND_3|OFF_BASE,10.0
2017-04-12,49704.74024522678,LEVER,TQQQ|SIG_BASE|BAND_3|OFF_BASE,10.0
2017-04-13,49115.78902121394,LEVER,TQQQ|SIG_BASE|BAND_3|OFF_BASE,10.0
2017-04-17,50282.028721373164,LEVER,TQQQ|SIG_BASE|BAND_3|OFF_BASE,10.0
2017-04-18,50136.24437304254,LEVER,TQQQ|SIG_BASE|BAND_3|OFF_BASE,10.0
2017-04-19,50311.185591039284,LEVER,TQQQ|SIG_BASE|BAND_3|OFF_BASE,10.0
2017-04-20,51529.88660470607,LEVER,TQQQ|SIG_BASE|BAND_3|OFF_BASE,10.0
2017-04-21,51506.5716349189,LEVER,TQQQ|SIG_BASE|BAND_3|OFF_BASE,10.0
2017-04-24,53378.36898586401,LEVER,TQQQ|SIG_BASE|BAND_3|OFF_BASE,10.0
2017-04-25,54562.0887732286,LEVER,TQQQ|SIG_BASE|BAND_3|OFF_BASE,10.0
2017-04-26,54323.005950614956,LEVER,TQQQ|SIG_BASE|BAND_3|OFF_BASE,10.0
2017-04-27,55273.48130659629,LEVER,TQQQ|SIG_BASE|BAND_3|OFF_BASE,10.0
2017-04-28,55588.35795574755,LEVER,TQQQ|SIG_BASE|BAND_3|OFF_BASE,10.0
2017-05-01,56987.84910458721,LEVER,TQQQ|SIG_BASE|BAND_3|OFF_BASE,10.0
2017-05-02,57326.05475811995,LEVER,TQQQ|SIG_BASE|BAND_3|OFF_BASE,10.0
2017-05-03,56760.425521191435,LEVER,TQQQ|SIG_BASE|BAND_3|OFF_BASE,10.0
2017-05-04,56818.73575187511,LEVER,TQQQ|SIG_BASE|BAND_3|OFF_BASE,10.0
2017-05-05,57436.85086285122,LEVER,TQQQ|SIG_BASE|BAND_3|OFF_BASE,10.0
2017-05-08,57780.87736437146,LEVER,TQQQ|SIG_BASE|BAND_3|OFF_BASE,10.0
2017-05-09,58416.469053904366,LEVER,TQQQ|SIG_BASE|BAND_3|OFF_BASE,10.0
2017-05-10,58509.760510890235,LEVER,TQQQ|SIG_BASE|BAND_3|OFF_BASE,10.0
2017-05-11,58369.82507973572,LEVER,TQQQ|SIG_BASE|BAND_3|OFF_BASE,10.0
2017-05-12,58748.850350801025,LEVER,TQQQ|SIG_BASE|BAND_3|OFF_BASE,10.0
2017-05-15,59296.97493998414,LEVER,TQQQ|SIG_BASE|BAND_3|OFF_BASE,10.0
2017-05-16,60043.36975154548,LEVER,TQQQ|SIG_BASE|BAND_3|OFF_BASE,10.0
2017-05-17,55500.89085539776,LEVER,TQQQ|SIG_BASE|BAND_3|OFF_BASE,10.0
2017-05-18,56906.21688681921,LEVER,TQQQ|SIG_BASE|BAND_3|OFF_BASE,10.0
2017-05-19,57594.29795904829,LEVER,TQQQ|SIG_BASE|BAND_3|OFF_BASE,10.0
2017-05-22,59087.05951298235,LEVER,TQQQ|SIG_BASE|BAND_3|OFF_BASE,10.0
2017-05-23,59232.85087861013,LEVER,TQQQ|SIG_BASE|BAND_3|OFF_BASE,10.0
2017-05-24,60049.19410818155,LEVER,TQQQ|SIG_BASE|BAND_3|OFF_BASE,10.0
2017-05-25,61629.44030570829,LEVER,TQQQ|SIG_BASE|BAND_3|OFF_BASE,10.0
2017-05-26,61891.85213270342,LEVER,TQQQ|SIG_BASE|BAND_3|OFF_BASE,10.0
2017-05-30,62020.13534193721,LEVER,TQQQ|SIG_BASE|BAND_3|OFF_BASE,10.0
2017-05-31,61944.32748080528,LEVER,TQQQ|SIG_BASE|BAND_3|OFF_BASE,10.0
2017-06-01,62684.883901136236,LEVER,TQQQ|SIG_BASE|BAND_3|OFF_BASE,10.0
2017-06-02,64824.91392706396,LEVER,TQQQ|SIG_BASE|BAND_3|OFF_BASE,10.0
2017-06-05,64772.44559625924,LEVER,TQQQ|SIG_BASE|BAND_3|OFF_BASE,10.0
2017-06-06,64037.7065152672,LEVER,TQQQ|SIG_BASE|BAND_3|OFF_BASE,10.0
2017-06-07,64737.44331806558,LEVER,TQQQ|SIG_BASE|BAND_3|OFF_BASE,10.0
2017-06-08,64912.391553359485,LEVER,TQQQ|SIG_BASE|BAND_3|OFF_BASE,10.0
2017-06-09,60218.29693494792,LEVER,TQQQ|SIG_BASE|BAND_3|OFF_BASE,10.0
2017-06-12,59127.87211321777,LEVER,TQQQ|SIG_BASE|BAND_3|OFF_BASE,10.0
2017-06-13,60509.865631609166,LEVER,TQQQ|SIG_BASE|BAND_3|OFF_BASE,10.0
2017-06-14,59699.32570678236,LEVER,TQQQ|SIG_BASE|BAND_3|OFF_BASE,10.0
2017-06-15,58894.624173185926,LEVER,TQQQ|SIG_BASE|BAND_3|OFF_BASE,10.0
2017-06-16,58189.05599645432,LEVER,TQQQ|SIG_BASE|BAND_3|OFF_BASE,10.0
2017-06-19,61005.51838133899,LEVER,TQQQ|SIG_BASE|BAND_3|OFF_BASE,10.0
2017-06-20,59623.51082835329,LEVER,TQQQ|SIG_BASE|BAND_3|OFF_BASE,10.0
2017-06-21,61355.37976544103,LEVER,TQQQ|SIG_BASE|BAND_3|OFF_BASE,10.0
2017-06-22,61285.41731283663,LEVER,TQQQ|SIG_BASE|BAND_3|OFF_BASE,10.0
2017-06-23,61973.47031587711,LEVER,TQQQ|SIG_BASE|BAND_3|OFF_BASE,10.0
2017-06-26,61151.281677778155,LEVER,TQQQ|SIG_BASE|BAND_3|OFF_BASE,10.0
2017-06-27,57786.72628154757,LEVER,TQQQ|SIG_BASE|BAND_3|OFF_BASE,10.0
2017-06-28,60212.45854371755,LEVER,TQQQ|SIG_BASE|BAND_3|OFF_BASE,10.0
2017-06-29,57145.27865754139,LEVER,TQQQ|SIG_BASE|BAND_3|OFF_BASE,10.0
2017-06-30,56947.03650435178,LEVER,TQQQ|SIG_BASE|BAND_3|OFF_BASE,10.0
2017-07-03,55395.93665054544,LEVER,TQQQ|SIG_BASE|BAND_3|OFF_BASE,10.0
2017-07-05,56976.186356720755,LEVER,TQQQ|SIG_BASE|BAND_3|OFF_BASE,10.0
2017-07-06,55471.74451167736,LEVER,TQQQ|SIG_BASE|BAND_3|OFF_BASE,10.0
2017-07-07,57133.62643562067,LEVER,TQQQ|SIG_BASE|BAND_3|OFF_BASE,10.0
2017-07-10,58329.01247950029,LEVER,TQQQ|SIG_BASE|BAND_3|OFF_BASE,10.0
2017-07-11,58807.17812472759,LEVER,TQQQ|SIG_BASE|BAND_3|OFF_BASE,10.0
2017-07-12,60900.53961594663,LEVER,TQQQ|SIG_BASE|BAND_3|OFF_BASE,10.0
2017-07-13,61302.897400042,LEVER,TQQQ|SIG_BASE|BAND_3|OFF_BASE,10.0
2017-07-14,62743.190623171344,LEVER,TQQQ|SIG_BASE|BAND_3|OFF_BASE,10.0
2017-07-17,62778.1788667707,LEVER,TQQQ|SIG_BASE|BAND_3|OFF_BASE,10.0
2017-07-18,64026.05078469792,LEVER,TQQQ|SIG_BASE|BAND_3|OFF_BASE,10.0
2017-07-19,65198.10782419607,LEVER,TQQQ|SIG_BASE|BAND_3|OFF_BASE,10.0
2017-07-20,65443.02552939151,LEVER,TQQQ|SIG_BASE|BAND_3|OFF_BASE,10.0
2017-07-21,65343.89217252669,LEVER,TQQQ|SIG_BASE|BAND_3|OFF_BASE,10.0
2017-07-24,66195.24469758892,LEVER,TQQQ|SIG_BASE|BAND_3|OFF_BASE,10.0
2017-07-25,65752.06729596098,LEVER,TQQQ|SIG_BASE|BAND_3|OFF_BASE,10.0
2017-07-26,66341.00097673094,LEVER,TQQQ|SIG_BASE|BAND_3|OFF_BASE,10.0
2017-07-27,65157.28820666349,LEVER,TQQQ|SIG_BASE|BAND_3|OFF_BASE,10.0
2017-07-28,64947.358745067395,LEVER,TQQQ|SIG_BASE|BAND_3|OFF_BASE,10.0
2017-07-31,64101.858645829845,LEVER,TQQQ|SIG_BASE|BAND_3|OFF_BASE,10.0
2017-08-01,64521.70353442774,LEVER,TQQQ|SIG_BASE|BAND_3|OFF_BASE,10.0
2017-08-02,64994.0237711275,LEVER,TQQQ|SIG_BASE|BAND_3|OFF_BASE,10.0
2017-08-03,64317.59141217056,LEVER,TQQQ|SIG_BASE|BAND_3|OFF_BASE,10.0
2017-08-04,64568.340491299234,LEVER,TQQQ|SIG_BASE|BAND_3|OFF_BASE,10.0
2017-08-07,65711.25469572555,LEVER,TQQQ|SIG_BASE|BAND_3|OFF_BASE,10.0
2017-08-08,65466.35804242156,LEVER,TQQQ|SIG_BASE|BAND_3|OFF_BASE,10.0
2017-08-09,65209.76355476536,LEVER,TQQQ|SIG_BASE|BAND_3|OFF_BASE,10.0
2017-08-10,60976.33344248426,LEVER,TQQQ|SIG_BASE|BAND_3|OFF_BASE,10.0
2017-08-11,62370.00374333642,LEVER,TQQQ|SIG_BASE|BAND_3|OFF_BASE,10.0
2017-08-14,64795.77109199216,LEVER,TQQQ|SIG_BASE|BAND_3|OFF_BASE,10.0
2017-08-15,64912.39155335951,LEVER,TQQQ|SIG_BASE|BAND_3|OFF_BASE,10.0
2017-08-16,65250.58317229795,LEVER,TQQQ|SIG_BASE|BAND_3|OFF_BASE,10.0
2017-08-17,61238.75228677655,LEVER,TQQQ|SIG_BASE|BAND_3|OFF_BASE,10.0
2017-08-18,61022.99846854438,LEVER,TQQQ|SIG_BASE|BAND_3|OFF_BASE,10.0
2017-08-21,60912.20938111025,LEVER,TQQQ|SIG_BASE|BAND_3|OFF_BASE,10.0
2017-08-22,63623.68598330542,LEVER,TQQQ|SIG_BASE|BAND_3|OFF_BASE,10.0
2017-08-23,62912.30046723489,LEVER,TQQQ|SIG_BASE|BAND_3|OFF_BASE,10.0
2017-08-24,62387.490847838955,LEVER,TQQQ|SIG_BASE|BAND_3|OFF_BASE,10.0
2017-08-25,61967.66701113252,LEVER,TQQQ|SIG_BASE|BAND_3|OFF_BASE,10.0
2017-08-28,62509.95671773384,LEVER,TQQQ|SIG_BASE|BAND_3|OFF_BASE,10.0
2017-08-29,63279.67702502807,LEVER,TQQQ|SIG_BASE|BAND_3|OFF_BASE,10.0
2017-08-30,65472.161347166206,LEVER,TQQQ|SIG_BASE|BAND_3|OFF_BASE,10.0
2017-08-31,67332.29945889344,LEVER,TQQQ|SIG_BASE|BAND_3|OFF_BASE,10.0
2017-09-01,67285.6975885077,LEVER,TQQQ|SIG_BASE|BAND_3|OFF_BASE,10.0
2017-09-05,65483.83812962696,LEVER,TQQQ|SIG_BASE|BAND_3|OFF_BASE,10.0
2017-09-06,66049.46736655547,LEVER,TQQQ|SIG_BASE|BAND_3|OFF_BASE,10.0
2017-09-07,66457.64248998977,LEVER,TQQQ|SIG_BASE|BAND_3|OFF_BASE,10.0
2017-09-08,64819.110622319386,LEVER,TQQQ|SIG_BASE|BAND_3|OFF_BASE,10.0
2017-09-11,66883.31875252088,LEVER,TQQQ|SIG_BASE|BAND_3|OFF_BASE,10.0
2017-09-12,67448.92693755795,LEVER,TQQQ|SIG_BASE|BAND_3|OFF_BASE,10.0
2017-09-13,67728.81885175845,LEVER,TQQQ|SIG_BASE|BAND_3|OFF_BASE,10.0
2017-09-14,66585.93271652074,LEVER,TQQQ|SIG_BASE|BAND_3|OFF_BASE,10.0
2017-09-15,67122.39806648597,LEVER,TQQQ|SIG_BASE|BAND_3|OFF_BASE,10.0
2017-09-18,66959.11959635567,LEVER,TQQQ|SIG_BASE|BAND_3|OFF_BASE,10.0
2017-09-19,67244.83586719223,LEVER,TQQQ|SIG_BASE|BAND_3|OFF_BASE,10.0
2017-09-20,66685.03800419695,LEVER,TQQQ|SIG_BASE|BAND_3|OFF_BASE,10.0
2017-09-21,65402.19889456183,LEVER,TQQQ|SIG_BASE|BAND_3|OFF_BASE,10.0
2017-09-22,65238.93445902583,LEVER,TQQQ|SIG_BASE|BAND_3|OFF_BASE,10.0
2017-09-25,63192.20641602971,LEVER,TQQQ|SIG_BASE|BAND_3|OFF_BASE,10.0
2017-09-26,63623.68598330544,LEVER,TQQQ|SIG_BASE|BAND_3|OFF_BASE,10.0
2017-09-27,65349.70951186565,LEVER,TQQQ|SIG_BASE|BAND_3|OFF_BASE,10.0
2017-09-28,65238.93445902583,LEVER,TQQQ|SIG_BASE|BAND_3|OFF_BASE,10.0
2017-09-29,66620.92797741723,LEVER,TQQQ|SIG_BASE|BAND_3|OFF_BASE,10.0
2017-10-02,66807.51089138897,LEVER,TQQQ|SIG_BASE|BAND_3|OFF_BASE,10.0
2017-10-03,67227.34876268971,LEVER,TQQQ|SIG_BASE|BAND_3|OFF_BASE,10.0
2017-10-04,67402.2969979836,LEVER,TQQQ|SIG_BASE|BAND_3|OFF_BASE,10.0
2017-10-05,69344.0603101817,LEVER,TQQQ|SIG_BASE|BAND_3|OFF_BASE,10.0
2017-10-06,69594.80237201322,LEVER,TQQQ|SIG_BASE|BAND_3|OFF_BASE,10.0
2017-10-09,69419.86817131363,LEVER,TQQQ|SIG_BASE|BAND_3|OFF_BASE,10.0
2017-10-10,69565.61743315849,LEVER,TQQQ|SIG_BASE|BAND_3|OFF_BASE,10.0
2017-10-11,70172.08733951104,LEVER,TQQQ|SIG_BASE|BAND_3|OFF_BASE,10.0
2017-10-12,69793.02698195996,LEVER,TQQQ|SIG_BASE|BAND_3|OFF_BASE,10.0
2017-10-13,70574.4310890121,LEVER,TQQQ|SIG_BASE|BAND_3|OFF_BASE,10.0
2017-10-16,71303.31774417945,LEVER,TQQQ|SIG_BASE|BAND_3|OFF_BASE,10.0
2017-10-17,71554.05980601098,LEVER,TQQQ|SIG_BASE|BAND_3|OFF_BASE,10.0
2017-10-18,71279.9852311494,LEVER,TQQQ|SIG_BASE|BAND_3|OFF_BASE,10.0
2017-10-19,70492.7848366498,LEVER,TQQQ|SIG_BASE|BAND_3|OFF_BASE,10.0
2017-10-20,71005.93872547643,LEVER,TQQQ|SIG_BASE|BAND_3|OFF_BASE,10.0
2017-10-23,69682.25894641728,LEVER,TQQQ|SIG_BASE|BAND_3|OFF_BASE,10.0
2017-10-24,70037.95872174969,LEVER,TQQQ|SIG_BASE|BAND_3|OFF_BASE,10.0
2017-10-25,69186.60619668745,LEVER,TQQQ|SIG_BASE|BAND_3|OFF_BASE,10.0
2017-10-26,68545.20418511277,LEVER,TQQQ|SIG_BASE|BAND_3|OFF_BASE,10.0
2017-10-27,74452.14739136645,LEVER,TQQQ|SIG_BASE|BAND_3|OFF_BASE,10.0
2017-10-30,74982.78136739848,LEVER,TQQQ|SIG_BASE|BAND_3|OFF_BASE,10.0
2017-10-31,75775.81313583131,LEVER,TQQQ|SIG_BASE|BAND_3|OFF_BASE,10.0
2017-11-01,75676.67977896649,LEVER,TQQQ|SIG_BASE|BAND_3|OFF_BASE,10.0
2017-11-02,75291.83716856224,LEVER,TQQQ|SIG_BASE|BAND_3|OFF_BASE,10.0
2017-11-03,77391.04055966024,LEVER,TQQQ|SIG_BASE|BAND_3|OFF_BASE,10.0
2017-11-06,78178.24095415985,LEVER,TQQQ|SIG_BASE|BAND_3|OFF_BASE,10.0
2017-11-07,78306.56626717655,LEVER,TQQQ|SIG_BASE|BAND_3|OFF_BASE,10.0
2017-11-08,79286.18094958112,LEVER,TQQQ|SIG_BASE|BAND_3|OFF_BASE,10.0
2017-11-09,78014.97651862385,LEVER,TQQQ|SIG_BASE|BAND_3|OFF_BASE,10.0
2017-11-10,77991.65804018811,LEVER,TQQQ|SIG_BASE|BAND_3|OFF_BASE,10.0
2017-11-13,78224.89194562564,LEVER,TQQQ|SIG_BASE|BAND_3|OFF_BASE,10.0
2017-11-14,77437.69155112603,LEVER,TQQQ|SIG_BASE|BAND_3|OFF_BASE,10.0
2017-11-15,76300.62275522723,LEVER,TQQQ|SIG_BASE|BAND_3|OFF_BASE,10.0
2017-11-16,79157.89072305016,LEVER,TQQQ|SIG_BASE|BAND_3|OFF_BASE,10.0
2017-11-17,78271.53591979427,LEVER,TQQQ|SIG_BASE|BAND_3|OFF_BASE,10.0
2017-11-20,78079.12163188931,LEVER,TQQQ|SIG_BASE|BAND_3|OFF_BASE,10.0
2017-11-21,80539.87722414441,LEVER,TQQQ|SIG_BASE|BAND_3|OFF_BASE,10.0
2017-11-22,80860.59577317463,LEVER,TQQQ|SIG_BASE|BAND_3|OFF_BASE,10.0
2017-11-24,81770.2339683805,LEVER,TQQQ|SIG_BASE|BAND_3|OFF_BASE,10.0
2017-11-27,81636.10535061918,LEVER,TQQQ|SIG_BASE|BAND_3|OFF_BASE,10.0
2017-11-28,82236.7438830385,LEVER,TQQQ|SIG_BASE|BAND_3|OFF_BASE,10.0
2017-11-29,78009.14514469063,LEVER,TQQQ|SIG_BASE|BAND_3|OFF_BASE,10.0
2017-11-30,79945.09111754977,LEVER,TQQQ|SIG_BASE|BAND_3|OFF_BASE,10.0
2017-12-01,78877.97775695822,LEVER,TQQQ|SIG_BASE|BAND_3|OFF_BASE,10.0
2017-12-04,76154.84542419377,LEVER,TQQQ|SIG_BASE|BAND_3|OFF_BASE,10.0
2017-12-05,76265.6345116279,LEVER,TQQQ|SIG_BASE|BAND_3|OFF_BASE,10.0
2017-12-06,77274.42711559004,LEVER,TQQQ|SIG_BASE|BAND_3|OFF_BASE,10.0
2017-12-07,78038.3230662482,LEVER,TQQQ|SIG_BASE|BAND_3|OFF_BASE,10.0
2017-12-08,79070.42713134894,LEVER,TQQQ|SIG_BASE|BAND_3|OFF_BASE,10.0
2017-12-11,80883.90021701608,LEVER,TQQQ|SIG_BASE|BAND_3|OFF_BASE,10.0
2017-12-12,80580.68982437984,LEVER,TQQQ|SIG_BASE|BAND_3|OFF_BASE,10.0
2017-12-13,80983.02655658375,LEVER,TQQQ|SIG_BASE|BAND_3|OFF_BASE,10.0
2017-12-14,80866.41311251356,LEVER,TQQQ|SIG_BASE|BAND_3|OFF_BASE,10.0
2017-12-15,83496.25749694071,LEVER,TQQQ|SIG_BASE|BAND_3|OFF_BASE,10.0
2017-12-18,85642.12591409883,LEVER,TQQQ|SIG_BASE|BAND_3|OFF_BASE,10.0
2017-12-19,84248.47666513814,LEVER,TQQQ|SIG_BASE|BAND_3|OFF_BASE,10.0
2017-12-20,83898.60826373893,LEVER,TQQQ|SIG_BASE|BAND_3|OFF_BASE,10.0
2017-12-21,83857.78864620636,LEVER,TQQQ|SIG_BASE|BAND_3|OFF_BASE,10.0
2017-12-22,83577.88971470871,LEVER,TQQQ|SIG_BASE|BAND_3|OFF_BASE,10.0
2017-12-26,82225.08113517205,LEVER,TQQQ|SIG_BASE|BAND_3|OFF_BASE,10.0
2017-12-27,82225.08113517205,LEVER,TQQQ|SIG_BASE|BAND_3|OFF_BASE,10.0
2017-12-28,82446.64527544599,LEVER,TQQQ|SIG_BASE|BAND_3|OFF_BASE,10.0
2017-12-29,80889.73860824645,LEVER,TQQQ|SIG_BASE|BAND_3|OFF_BASE,10.0
2018-01-02,85041.50843357095,LEVER,TQQQ|SIG_BASE|BAND_3|OFF_BASE,10.0
2018-01-03,87531.40686089787,LEVER,TQQQ|SIG_BASE|BAND_3|OFF_BASE,10.0
2018-01-04,88044.57478431881,LEVER,TQQQ|SIG_BASE|BAND_3|OFF_BASE,10.0
2018-01-05,90703.56902111495,LEVER,TQQQ|SIG_BASE|BAND_3|OFF_BASE,10.0
2018-01-08,91712.3475904828,LEVER,TQQQ|SIG_BASE|BAND_3|OFF_BASE,10.0
2018-01-09,91782.3240776815,LEVER,TQQQ|SIG_BASE|BAND_3|OFF_BASE,10.0
2018-01-10,91129.25230094322,LEVER,TQQQ|SIG_BASE|BAND_3|OFF_BASE,10.0
2018-01-11,92954.37409988251,LEVER,TQQQ|SIG_BASE|BAND_3|OFF_BASE,10.0
2018-01-12,94925.33638552962,LEVER,TQQQ|SIG_BASE|BAND_3|OFF_BASE,10.0
2018-01-16,94190.59028724043,LEVER,TQQQ|SIG_BASE|BAND_3|OFF_BASE,10.0
2018-01-17,97158.65435979464,LEVER,TQQQ|SIG_BASE|BAND_3|OFF_BASE,10.0
2018-01-18,97251.9493254291,LEVER,TQQQ|SIG_BASE|BAND_3|OFF_BASE,10.0
2018-01-19,98184.92003366504,LEVER,TQQQ|SIG_BASE|BAND_3|OFF_BASE,10.0
2018-01-22,101252.11746308407,LEVER,TQQQ|SIG_BASE|BAND_3|OFF_BASE,10.0
2018-01-23,103817.83778613723,LEVER,TQQQ|SIG_BASE|BAND_3|OFF_BASE,10.0
2018-01-24,101712.81003840316,LEVER,TQQQ|SIG_BASE|BAND_3|OFF_BASE,10.0
2018-01-25,101584.48472538644,LEVER,TQQQ|SIG_BASE|BAND_3|OFF_BASE,10.0
2018-01-26,106121.13926489808,LEVER,TQQQ|SIG_BASE|BAND_3|OFF_BASE,10.0
2018-01-29,104715.8342853681,LEVER,TQQQ|SIG_BASE|BAND_3|OFF_BASE,10.0
2018-01-30,102039.33189217797,LEVER,TQQQ|SIG_BASE|BAND_3|OFF_BASE,10.0
2018-01-31,103298.86655797165,LEVER,TQQQ|SIG_BASE|BAND_3|OFF_BASE,10.0
2018-02-01,100715.67316501027,LEVER,TQQQ|SIG_BASE|BAND_3|OFF_BASE,10.0
2018-02-02,94563.79821896684,LEVER,TQQQ|SIG_BASE|BAND_3|OFF_BASE,10.0
2018-02-05,83647.88023650175,LEVER,TQQQ|SIG_BASE|BAND_3|OFF_BASE,10.0
2018-02-06,90097.12718395106,LEVER,TQQQ|SIG_BASE|BAND_3|OFF_BASE,10.0
2018-02-07,86534.28402209937,LEVER,TQQQ|SIG_BASE|BAND_3|OFF_BASE,10.0
2018-02-08,75810.80137943069,LEVER,TQQQ|SIG_BASE|BAND_3|OFF_BASE,10.0
2018-02-09,79379.47591521562,LEVER,TQQQ|SIG_BASE|BAND_3|OFF_BASE,10.0
2018-02-12,83822.80040260707,LEVER,TQQQ|SIG_BASE|BAND_3|OFF_BASE,10.0
2018-02-13,84843.26277173283,LEVER,TQQQ|SIG_BASE|BAND_3|OFF_BASE,10.0
2018-02-14,89811.41091311451,LEVER,TQQQ|SIG_BASE|BAND_3|OFF_BASE,10.0
2018-02-15,94505.48447963463,LEVER,TQQQ|SIG_BASE|BAND_3|OFF_BASE,10.0
2018-02-16,93450.04088420668,LEVER,TQQQ|SIG_BASE|BAND_3|OFF_BASE,10.0
2018-02-20,93916.52974697322,LEVER,TQQQ|SIG_BASE|BAND_3|OFF_BASE,10.0
2018-02-21,93071.02263043851,LEVER,TQQQ|SIG_BASE|BAND_3|OFF_BASE,10.0
2018-02-22,93088.52376953534,LEVER,TQQQ|SIG_BASE|BAND_3|OFF_BASE,10.0
2018-02-23,98633.93582652337,LEVER,TQQQ|SIG_BASE|BAND_3|OFF_BASE,10.0
2018-02-26,102593.27732934861,LEVER,TQQQ|SIG_BASE|BAND_3|OFF_BASE,10.0
2018-02-27,98919.63806276563,LEVER,TQQQ|SIG_BASE|BAND_3|OFF_BASE,10.0
2018-02-28,96931.23779369605,LEVER,TQQQ|SIG_BASE|BAND_3|OFF_BASE,10.0
2018-03-01,92266.3140795449,LEVER,TQQQ|SIG_BASE|BAND_3|OFF_BASE,10.0
2018-03-02,94802.85648104046,LEVER,TQQQ|SIG_BASE|BAND_3|OFF_BASE,10.0
2018-03-05,97776.75894482505,LEVER,TQQQ|SIG_BASE|BAND_3|OFF_BASE,10.0
2018-03-06,99012.94706299437,LEVER,TQQQ|SIG_BASE|BAND_3|OFF_BASE,10.0
2018-03-07,99753.51751791962,LEVER,TQQQ|SIG_BASE|BAND_3|OFF_BASE,10.0
2018-03-08,101240.48278440621,LEVER,TQQQ|SIG_BASE|BAND_3|OFF_BASE,10.0
2018-03-09,107135.76324279346,LEVER,TQQQ|SIG_BASE|BAND_3|OFF_BASE,10.0
2018-03-12,108739.30686686448,LEVER,TQQQ|SIG_BASE|BAND_3|OFF_BASE,10.0
2018-03-13,104791.64916379715,LEVER,TQQQ|SIG_BASE|BAND_3|OFF_BASE,10.0
2018-03-14,104435.93535387043,LEVER,TQQQ|SIG_BASE|BAND_3|OFF_BASE,10.0
2018-03-15,103969.43947380673,LEVER,TQQQ|SIG_BASE|BAND_3|OFF_BASE,10.0
2018-03-16,103281.3654188748,LEVER,TQQQ|SIG_BASE|BAND_3|OFF_BASE,10.0
2018-03-19,96797.12321052901,LEVER,TQQQ|SIG_BASE|BAND_3|OFF_BASE,10.0
2018-03-20,97508.51574389669,LEVER,TQQQ|SIG_BASE|BAND_3|OFF_BASE,10.0
2018-03-21,96097.37939043346,LEVER,TQQQ|SIG_BASE|BAND_3|OFF_BASE,10.0
2018-03-22,89076.67183212242,LEVER,TQQQ|SIG_BASE|BAND_3|OFF_BASE,10.0
2018-03-23,81881.02305581464,LEVER,TQQQ|SIG_BASE|BAND_3|OFF_BASE,10.0
2018-03-26,91094.27809193819,LEVER,TQQQ|SIG_BASE|BAND_3|OFF_BASE,10.0
2018-03-27,82359.20273563624,LEVER,TQQQ|SIG_BASE|BAND_3|OFF_BASE,10.0
2018-03-28,79519.41485501867,LEVER,TQQQ|SIG_BASE|BAND_3|OFF_BASE,10.0
2018-03-29,83921.92674217469,LEVER,TQQQ|SIG_BASE|BAND_3|OFF_BASE,10.0
2018-04-02,76469.72558199361,LEVER,TQQQ|SIG_BASE|BAND_3|OFF_BASE,10.0
2018-04-03,79035.43187045245,LEVER,TQQQ|SIG_BASE|BAND_3|OFF_BASE,10.0
2018-04-04,82773.20221570658,LEVER,TQQQ|SIG_BASE|BAND_3|OFF_BASE,10.0
2018-04-05,84073.53544714137,LEVER,TQQQ|SIG_BASE|BAND_3|OFF_BASE,10.0
2018-04-06,77799.21568309452,LEVER,TQQQ|SIG_BASE|BAND_3|OFF_BASE,10.0
2018-04-09,79356.15743677982,LEVER,TQQQ|SIG_BASE|BAND_3|OFF_BASE,10.0
2018-04-10,84598.34506653731,LEVER,TQQQ|SIG_BASE|BAND_3|OFF_BASE,10.0
2018-04-11,83175.54596520764,LEVER,TQQQ|SIG_BASE|BAND_3|OFF_BASE,10.0
2018-04-12,86091.12065506566,LEVER,TQQQ|SIG_BASE|BAND_3|OFF_BASE,10.0
2018-04-13,84814.10590206663,LEVER,TQQQ|SIG_BASE|BAND_3|OFF_BASE,10.0
2018-04-16,86685.90676166031,LEVER,TQQQ|SIG_BASE|BAND_3|OFF_BASE,10.0
2018-04-17,92231.33285324267,LEVER,TQQQ|SIG_BASE|BAND_3|OFF_BASE,10.0
2018-04-18,92872.76293400595,LEVER,TQQQ|SIG_BASE|BAND_3|OFF_BASE,10.0
2018-04-19,90347.85521118823,LEVER,TQQQ|SIG_BASE|BAND_3|OFF_BASE,10.0
2018-04-20,86015.3057766366,LEVER,TQQQ|SIG_BASE|BAND_3|OFF_BASE,10.0
2018-04-23,85338.91552146256,LEVER,TQQQ|SIG_BASE|BAND_3|OFF_BASE,10.0
2018-04-24,79898.45416067827,LEVER,TQQQ|SIG_BASE|BAND_3|OFF_BASE,10.0
2018-04-25,80213.34133577526,LEVER,TQQQ|SIG_BASE|BAND_3|OFF_BASE,10.0
2018-04-26,85187.27874730725,LEVER,TQQQ|SIG_BASE|BAND_3|OFF_BASE,10.0
2018-04-27,85385.55247833404,LEVER,TQQQ|SIG_BASE|BAND_3|OFF_BASE,10.0
2018-04-30,83566.26205332798,LEVER,TQQQ|SIG_BASE|BAND_3|OFF_BASE,10.0
2018-05-01,86283.56301215921,LEVER,TQQQ|SIG_BASE|BAND_3|OFF_BASE,10.0
2018-05-02,84779.11765846725,LEVER,TQQQ|SIG_BASE|BAND_3|OFF_BASE,10.0
2018-05-03,84784.92798050902,LEVER,TQQQ|SIG_BASE|BAND_3|OFF_BASE,10.0
2018-05-04,89554.83747734966,LEVER,TQQQ|SIG_BASE|BAND_3|OFF_BASE,10.0
2018-05-07,91683.19773811378,LEVER,TQQQ|SIG_BASE|BAND_3|OFF_BASE,10.0
2018-05-08,91379.98734547755,LEVER,TQQQ|SIG_BASE|BAND_3|OFF_BASE,10.0
2018-05-09,94441.3183144776,LEVER,TQQQ|SIG_BASE|BAND_3|OFF_BASE,10.0
2018-05-10,97380.21850006853,LEVER,TQQQ|SIG_BASE|BAND_3|OFF_BASE,10.0
2018-05-11,97088.68488989305,LEVER,TQQQ|SIG_BASE|BAND_3|OFF_BASE,10.0
2018-05-14,97520.17849176309,LEVER,TQQQ|SIG_BASE|BAND_3|OFF_BASE,10.0
2018-05-15,94365.52448793998,LEVER,TQQQ|SIG_BASE|BAND_3|OFF_BASE,10.0
2018-05-16,96103.21076436665,LEVER,TQQQ|SIG_BASE|BAND_3|OFF_BASE,10.0
2018-05-17,95018.61029927258,LEVER,TQQQ|SIG_BASE|BAND_3|OFF_BASE,10.0
2018-05-18,93496.67784107808,LEVER,TQQQ|SIG_BASE|BAND_3|OFF_BASE,10.0
2018-05-21,95129.413421301,LEVER,TQQQ|SIG_BASE|BAND_3|OFF_BASE,10.0
2018-05-22,94633.74663697688,LEVER,TQQQ|SIG_BASE|BAND_3|OFF_BASE,10.0
2018-05-23,97012.87702876113,LEVER,TQQQ|SIG_BASE|BAND_3|OFF_BASE,10.0
2018-05-24,96931.23779369598,LEVER,TQQQ|SIG_BASE|BAND_3|OFF_BASE,10.0
2018-05-25,97176.15549889141,LEVER,TQQQ|SIG_BASE|BAND_3|OFF_BASE,10.0
2018-05-29,95934.11495489742,LEVER,TQQQ|SIG_BASE|BAND_3|OFF_BASE,10.0
2018-05-30,97980.82896329924,LEVER,TQQQ|SIG_BASE|BAND_3|OFF_BASE,10.0
2018-05-31,97770.9205535946,LEVER,TQQQ|SIG_BASE|BAND_3|OFF_BASE,10.0
2018-06-01,102319.2097717841,LEVER,TQQQ|SIG_BASE|BAND_3|OFF_BASE,10.0
2018-06-04,104943.25085146663,LEVER,TQQQ|SIG_BASE|BAND_3|OFF_BASE,10.0
2018-06-05,106027.8372819664,LEVER,TQQQ|SIG_BASE|BAND_3|OFF_BASE,10.0
2018-06-06,107777.17227166519,LEVER,TQQQ|SIG_BASE|BAND_3|OFF_BASE,10.0
2018-06-07,105275.61811376897,LEVER,TQQQ|SIG_BASE|BAND_3|OFF_BASE,10.0
2018-06-08,105205.64162657027,LEVER,TQQQ|SIG_BASE|BAND_3|OFF_BASE,10.0
2018-06-11,106027.83728196636,LEVER,TQQQ|SIG_BASE|BAND_3|OFF_BASE,10.0
2018-06-12,107707.20981906078,LEVER,TQQQ|SIG_BASE|BAND_3|OFF_BASE,10.0
2018-06-13,107584.75096646305,LEVER,TQQQ|SIG_BASE|BAND_3|OFF_BASE,10.0
2018-06-14,110856.03244895066,LEVER,TQQQ|SIG_BASE|BAND_3|OFF_BASE,10.0
2018-06-15,109753.9378620569,LEVER,TQQQ|SIG_BASE|BAND_3|OFF_BASE,10.0
2018-06-18,109509.03419145576,LEVER,TQQQ|SIG_BASE|BAND_3|OFF_BASE,10.0
2018-06-19,108529.38442256543,LEVER,TQQQ|SIG_BASE|BAND_3|OFF_BASE,10.0
2018-06-20,110803.56411814594,LEVER,TQQQ|SIG_BASE|BAND_3|OFF_BASE,10.0
2018-06-21,107934.6263851594,LEVER,TQQQ|SIG_BASE|BAND_3|OFF_BASE,10.0
2018-06-22,106850.04697195678,LEVER,TQQQ|SIG_BASE|BAND_3|OFF_BASE,10.0
2018-06-25,100027.57104088964,LEVER,TQQQ|SIG_BASE|BAND_3|OFF_BASE,10.0
2018-06-26,101129.67966237769,LEVER,TQQQ|SIG_BASE|BAND_3|OFF_BASE,10.0
2018-06-27,97071.17673349904,LEVER,TQQQ|SIG_BASE|BAND_3|OFF_BASE,10.0
2018-06-28,99450.30010798614,LEVER,TQQQ|SIG_BASE|BAND_3|OFF_BASE,10.0
2018-06-29,99905.1332401834,LEVER,TQQQ|SIG_BASE|BAND_3|OFF_BASE,10.0
2018-07-02,102144.2755710845,LEVER,TQQQ|SIG_BASE|BAND_3|OFF_BASE,10.0
2018-07-03,98628.10445259005,LEVER,TQQQ|SIG_BASE|BAND_3|OFF_BASE,10.0
2018-07-05,102249.24731917969,LEVER,TQQQ|SIG_BASE|BAND_3|OFF_BASE,10.0
2018-07-06,106850.0469719568,LEVER,TQQQ|SIG_BASE|BAND_3|OFF_BASE,10.0
2018-07-09,109823.91434925563,LEVER,TQQQ|SIG_BASE|BAND_3|OFF_BASE,10.0
2018-07-10,110086.3051243593,LEVER,TQQQ|SIG_BASE|BAND_3|OFF_BASE,10.0
2018-07-11,108476.90907446359,LEVER,TQQQ|SIG_BASE|BAND_3|OFF_BASE,10.0
2018-07-12,113829.92087814097,LEVER,TQQQ|SIG_BASE|BAND_3|OFF_BASE,10.0
2018-07-13,114162.28814044333,LEVER,TQQQ|SIG_BASE|BAND_3|OFF_BASE,10.0
2018-07-16,113392.57485044625,LEVER,TQQQ|SIG_BASE|BAND_3|OFF_BASE,10.0
2018-07-17,115491.79929343572,LEVER,TQQQ|SIG_BASE|BAND_3|OFF_BASE,10.0
2018-07-18,114757.08126433512,LEVER,TQQQ|SIG_BASE|BAND_3|OFF_BASE,10.0
2018-07-19,113060.20057084673,LEVER,TQQQ|SIG_BASE|BAND_3|OFF_BASE,10.0
2018-07-20,112902.76049194681,LEVER,TQQQ|SIG_BASE|BAND_3|OFF_BASE,10.0
2018-07-23,113882.38920894568,LEVER,TQQQ|SIG_BASE|BAND_3|OFF_BASE,10.0
2018-07-24,115334.33816264432,LEVER,TQQQ|SIG_BASE|BAND_3|OFF_BASE,10.0
2018-07-25,120145.08131161184,LEVER,TQQQ|SIG_BASE|BAND_3|OFF_BASE,10.0
2018-07-26,114897.0342387325,LEVER,TQQQ|SIG_BASE|BAND_3|OFF_BASE,10.0
2018-07-27,110103.79924615896,LEVER,TQQQ|SIG_BASE|BAND_3|OFF_BASE,10.0
2018-07-30,105363.07468817306,LEVER,TQQQ|SIG_BASE|BAND_3|OFF_BASE,10.0
2018-07-31,107462.29211386535,LEVER,TQQQ|SIG_BASE|BAND_3|OFF_BASE,10.0
2018-08-01,108931.75624125512,LEVER,TQQQ|SIG_BASE|BAND_3|OFF_BASE,10.0
2018-08-02,113270.11599784851,LEVER,TQQQ|SIG_BASE|BAND_3|OFF_BASE,10.0
2018-08-03,114284.76102763534,LEVER,TQQQ|SIG_BASE|BAND_3|OFF_BASE,10.0
2018-08-06,116383.9714360305,LEVER,TQQQ|SIG_BASE|BAND_3|OFF_BASE,10.0
2018-08-07,117521.03321463215,LEVER,TQQQ|SIG_BASE|BAND_3|OFF_BASE,10.0
2018-08-08,117835.89933783769,LEVER,TQQQ|SIG_BASE|BAND_3|OFF_BASE,10.0
2018-08-09,117730.94864163395,LEVER,TQQQ|SIG_BASE|BAND_3|OFF_BASE,10.0
2018-08-10,114984.5048477309,LEVER,TQQQ|SIG_BASE|BAND_3|OFF_BASE,10.0
2018-08-13,114652.10951623993,LEVER,TQQQ|SIG_BASE|BAND_3|OFF_BASE,10.0
2018-08-14,116768.8070291376,LEVER,TQQQ|SIG_BASE|BAND_3|OFF_BASE,10.0
2018-08-15,112517.89682965113,LEVER,TQQQ|SIG_BASE|BAND_3|OFF_BASE,10.0
2018-08-16,113550.02194664335,LEVER,TQQQ|SIG_BASE|BAND_3|OFF_BASE,10.0
2018-08-17,113532.53484214081,LEVER,TQQQ|SIG_BASE|BAND_3|OFF_BASE,10.0
2018-08-20,113305.09020685358,LEVER,TQQQ|SIG_BASE|BAND_3|OFF_BASE,10.0
2018-08-21,114477.16829824318,LEVER,TQQQ|SIG_BASE|BAND_3|OFF_BASE,10.0
2018-08-22,115806.67945123556,LEVER,TQQQ|SIG_BASE|BAND_3|OFF_BASE,10.0
2018-08-23,115229.4295702235,LEVER,TQQQ|SIG_BASE|BAND_3|OFF_BASE,10.0
2018-08-24,118430.65737524374,LEVER,TQQQ|SIG_BASE|BAND_3|OFF_BASE,10.0
2018-08-27,121999.35998021727,LEVER,TQQQ|SIG_BASE|BAND_3|OFF_BASE,10.0
2018-08-28,122541.65670411574,LEVER,TQQQ|SIG_BASE|BAND_3|OFF_BASE,10.0
2018-08-29,126827.54111260726,LEVER,TQQQ|SIG_BASE|BAND_3|OFF_BASE,10.0
2018-08-30,126110.30317071205,LEVER,TQQQ|SIG_BASE|BAND_3|OFF_BASE,10.0
2018-08-31,126477.68674580238,LEVER,TQQQ|SIG_BASE|BAND_3|OFF_BASE,10.0
2018-09-04,124973.23437481326,LEVER,TQQQ|SIG_BASE|BAND_3|OFF_BASE,10.0
2018-09-05,120005.10026802588,LEVER,TQQQ|SIG_BASE|BAND_3|OFF_BASE,10.0
2018-09-06,116733.8608893212,LEVER,TQQQ|SIG_BASE|BAND_3|OFF_BASE,10.0
2018-09-07,115579.26990243411,LEVER,TQQQ|SIG_BASE|BAND_3|OFF_BASE,10.0
2018-09-10,116593.8798457352,LEVER,TQQQ|SIG_BASE|BAND_3|OFF_BASE,10.0
2018-09-11,119182.91162992694,LEVER,TQQQ|SIG_BASE|BAND_3|OFF_BASE,10.0
2018-09-12,118150.8215994205,LEVER,TQQQ|SIG_BASE|BAND_3|OFF_BASE,10.0
2018-09-13,121649.49157881811,LEVER,TQQQ|SIG_BASE|BAND_3|OFF_BASE,10.0
2018-09-14,120722.38031370402,LEVER,TQQQ|SIG_BASE|BAND_3|OFF_BASE,10.0
2018-09-17,115631.74525053601,LEVER,TQQQ|SIG_BASE|BAND_3|OFF_BASE,10.0
2018-09-18,118378.22413092482,LEVER,TQQQ|SIG_BASE|BAND_3|OFF_BASE,10.0
2018-09-19,118115.83335582116,LEVER,TQQQ|SIG_BASE|BAND_3|OFF_BASE,10.0
2018-09-20,121824.41876222056,LEVER,TQQQ|SIG_BASE|BAND_3|OFF_BASE,10.0
2018-09-21,119882.66246731965,LEVER,TQQQ|SIG_BASE|BAND_3|OFF_BASE,10.0
2018-09-24,120914.79460160901,LEVER,TQQQ|SIG_BASE|BAND_3|OFF_BASE,10.0
2018-09-25,121404.57387362269,LEVER,TQQQ|SIG_BASE|BAND_3|OFF_BASE,10.0
2018-09-26,121282.13607291643,LEVER,TQQQ|SIG_BASE|BAND_3|OFF_BASE,10.0
2018-09-27,124640.88114710525,LEVER,TQQQ|SIG_BASE|BAND_3|OFF_BASE,10.0
2018-09-28,124448.45282460598,LEVER,TQQQ|SIG_BASE|BAND_3|OFF_BASE,10.0
2018-10-01,125165.6907665012,LEVER,TQQQ|SIG_BASE|BAND_3|OFF_BASE,10.0
2018-10-02,124448.45282460599,LEVER,TQQQ|SIG_BASE|BAND_3|OFF_BASE,10.0
2018-10-03,124815.79429591341,LEVER,TQQQ|SIG_BASE|BAND_3|OFF_BASE,10.0
2018-10-04,117695.98144992616,LEVER,TQQQ|SIG_BASE|BAND_3|OFF_BASE,10.0
2018-10-05,113270.11599784862,LEVER,TQQQ|SIG_BASE|BAND_3|OFF_BASE,10.0
2018-10-08,111240.89611124647,LEVER,TQQQ|SIG_BASE|BAND_3|OFF_BASE,10.0
2018-10-09,112098.05895835048,LEVER,TQQQ|SIG_BASE|BAND_3|OFF_BASE,10.0
2018-10-10,97560.99109199859,LEVER,TQQQ|SIG_BASE|BAND_3|OFF_BASE,10.0
2018-10-11,93607.47394580943,LEVER,TQQQ|SIG_BASE|BAND_3|OFF_BASE,10.0
2018-10-12,101514.52227278205,LEVER,TQQQ|SIG_BASE|BAND_3|OFF_BASE,10.0
2018-10-15,97683.45696189346,LEVER,TQQQ|SIG_BASE|BAND_3|OFF_BASE,10.0
2018-10-16,106097.80675186803,LEVER,TQQQ|SIG_BASE|BAND_3|OFF_BASE,10.0
2018-10-17,106447.68217056438,LEVER,TQQQ|SIG_BASE|BAND_3|OFF_BASE,10.0
2018-10-18,99065.42241109624,LEVER,TQQQ|SIG_BASE|BAND_3|OFF_BASE,10.0
2018-10-19,98663.09269618947,LEVER,TQQQ|SIG_BASE|BAND_3|OFF_BASE,10.0
2018-10-22,100150.03691078462,LEVER,TQQQ|SIG_BASE|BAND_3|OFF_BASE,10.0
2018-10-23,99047.93530659372,LEVER,TQQQ|SIG_BASE|BAND_3|OFF_BASE,10.0
2018-10-24,85406.81783596917,OFF,TQQQ|SIG_BASE|BAND_3|OFF_BASE,10.0
2018-10-25,88361.48846875202,OFF,TQQQ|SIG_BASE|BAND_3|OFF_BASE,10.0
2018-10-26,86088.68273628465,OFF,TQQQ|SIG_BASE|BAND_3|OFF_BASE,10.0
2018-10-29,84316.89202314989,OFF,TQQQ|SIG_BASE|BAND_3|OFF_BASE,10.0
2018-10-30,85706.40193499078,OFF,TQQQ|SIG_BASE|BAND_3|OFF_BASE,10.0
2018-10-31,87720.99261651488,OFF,TQQQ|SIG_BASE|BAND_3|OFF_BASE,10.0
2018-11-01,88878.05930984554,OFF,TQQQ|SIG_BASE|BAND_3|OFF_BASE,10.0
2018-11-02,87493.69879722514,OFF,TQQQ|SIG_BASE|BAND_3|OFF_BASE,10.0
2018-11-05,87276.73689148387,OFF,TQQQ|SIG_BASE|BAND_3|OFF_BASE,10.0
2018-11-06,87937.96280103303,OFF,TQQQ|SIG_BASE|BAND_3|OFF_BASE,10.0
2018-11-07,90696.31051884095,OFF,TQQQ|SIG_BASE|BAND_3|OFF_BASE,10.0
2018-11-08,90117.74819645654,OFF,TQQQ|SIG_BASE|BAND_3|OFF_BASE,10.0
2018-11-09,88599.11420159026,OFF,TQQQ|SIG_BASE|BAND_3|OFF_BASE,10.0
2018-11-12,85918.20616273467,OFF,TQQQ|SIG_BASE|BAND_3|OFF_BASE,10.0
2018-11-13,85990.52955757405,OFF,TQQQ|SIG_BASE|BAND_3|OFF_BASE,10.0
2018-11-14,85334.47788357601,OFF,TQQQ|SIG_BASE|BAND_3|OFF_BASE,10.0
2018-11-15,86827.34004600924,OFF,TQQQ|SIG_BASE|BAND_3|OFF_BASE,10.0
2018-11-16,86522.5817114365,OFF,TQQQ|SIG_BASE|BAND_3|OFF_BASE,10.0
2018-11-19,83712.53303200177,OFF,TQQQ|SIG_BASE|BAND_3|OFF_BASE,10.0
2018-11-20,82214.53802790181,OFF,TQQQ|SIG_BASE|BAND_3|OFF_BASE,10.0
2018-11-21,82839.56084614687,OFF,TQQQ|SIG_BASE|BAND_3|OFF_BASE,10.0
2018-11-23,82240.35125421925,OFF,TQQQ|SIG_BASE|BAND_3|OFF_BASE,10.0
2018-11-26,84141.2660503794,OFF,TQQQ|SIG_BASE|BAND_3|OFF_BASE,10.0
2018-11-27,84425.36055785517,OFF,TQQQ|SIG_BASE|BAND_3|OFF_BASE,10.0
2018-11-28,87142.43029413043,OFF,TQQQ|SIG_BASE|BAND_3|OFF_BASE,10.0
2018-11-29,86858.3192291009,OFF,TQQQ|SIG_BASE|BAND_3|OFF_BASE,10.0
2018-11-30,87488.5162828971,OFF,TQQQ|SIG_BASE|BAND_3|OFF_BASE,10.0
2018-12-03,89017.53186397314,OFF,TQQQ|SIG_BASE|BAND_3|OFF_BASE,10.0
2018-12-04,85603.09935705966,OFF,TQQQ|SIG_BASE|BAND_3|OFF_BASE,10.0
2018-12-06,86207.46662698463,OFF,TQQQ|SIG_BASE|BAND_3|OFF_BASE,10.0
2018-12-07,83361.27280768397,OFF,TQQQ|SIG_BASE|BAND_3|OFF_BASE,10.0
2018-12-10,84234.2698298695,OFF,TQQQ|SIG_BASE|BAND_3|OFF_BASE,10.0
2018-12-11,84513.17354424039,OFF,TQQQ|SIG_BASE|BAND_3|OFF_BASE,10.0
2018-12-12,85257.02164706988,OFF,TQQQ|SIG_BASE|BAND_3|OFF_BASE,10.0
2018-12-13,85282.84315216422,OFF,TQQQ|SIG_BASE|BAND_3|OFF_BASE,10.0
2018-12-14,83206.27754690297,OFF,TQQQ|SIG_BASE|BAND_3|OFF_BASE,10.0
2018-12-17,81320.86062106554,OFF,TQQQ|SIG_BASE|BAND_3|OFF_BASE,10.0
2018-12-18,81832.27378416169,OFF,TQQQ|SIG_BASE|BAND_3|OFF_BASE,10.0
2018-12-19,79822.88217451934,OFF,TQQQ|SIG_BASE|BAND_3|OFF_BASE,10.0
2018-12-20,78665.79892363492,OFF,TQQQ|SIG_BASE|BAND_3|OFF_BASE,10.0
2018-12-21,76227.66601683806,OFF,TQQQ|SIG_BASE|BAND_3|OFF_BASE,10.0
2018-12-24,74337.37289141725,OFF,TQQQ|SIG_BASE|BAND_3|OFF_BASE,10.0
2018-12-26,78978.94365918892,OFF,TQQQ|SIG_BASE|BAND_3|OFF_BASE,10.0
2018-12-27,79284.57954411113,OFF,TQQQ|SIG_BASE|BAND_3|OFF_BASE,10.0
2018-12-28,79243.15254459462,OFF,TQQQ|SIG_BASE|BAND_3|OFF_BASE,10.0
2018-12-31,79911.39057816265,OFF,TQQQ|SIG_BASE|BAND_3|OFF_BASE,10.0
2019-01-02,80232.54916973822,OFF,TQQQ|SIG_BASE|BAND_3|OFF_BASE,10.0
2019-01-03,77611.31455464664,OFF,TQQQ|SIG_BASE|BAND_3|OFF_BASE,10.0
2019-01-04,80931.93196193558,OFF,TQQQ|SIG_BASE|BAND_3|OFF_BASE,10.0
2019-01-07,81895.4408517698,OFF,TQQQ|SIG_BASE|BAND_3|OFF_BASE,10.0
2019-01-08,82636.2423647068,OFF,TQQQ|SIG_BASE|BAND_3|OFF_BASE,10.0
2019-01-09,83309.67947015663,OFF,TQQQ|SIG_BASE|BAND_3|OFF_BASE,10.0
2019-01-10,83547.9675051454,OFF,TQQQ|SIG_BASE|BAND_3|OFF_BASE,10.0
2019-01-11,83242.3316202232,OFF,TQQQ|SIG_BASE|BAND_3|OFF_BASE,10.0
2019-01-14,82506.7126216142,OFF,TQQQ|SIG_BASE|BAND_3|OFF_BASE,10.0
2019-01-15,84117.8039966964,OFF,TQQQ|SIG_BASE|BAND_3|OFF_BASE,10.0
2019-01-16,84102.25645371238,OFF,TQQQ|SIG_BASE|BAND_3|OFF_BASE,10.0
2019-01-17,84765.32853050619,OFF,TQQQ|SIG_BASE|BAND_3|OFF_BASE,10.0
2019-01-18,85604.54814301399,OFF,TQQQ|SIG_BASE|BAND_3|OFF_BASE,10.0
2019-01-22,83889.86443280987,OFF,TQQQ|SIG_BASE|BAND_3|OFF_BASE,10.0
2019-01-23,83998.62272470605,OFF,TQQQ|SIG_BASE|BAND_3|OFF_BASE,10.0
2019-01-24,84542.57975972454,OFF,TQQQ|SIG_BASE|BAND_3|OFF_BASE,10.0
2019-01-25,85552.7395572877,OFF,TQQQ|SIG_BASE|BAND_3|OFF_BASE,10.0
2019-01-28,84495.97024588002,OFF,TQQQ|SIG_BASE|BAND_3|OFF_BASE,10.0
2019-01-29,83698.18591166561,OFF,TQQQ|SIG_BASE|BAND_3|OFF_BASE,10.0
2019-01-30,85827.28035624187,OFF,TQQQ|SIG_BASE|BAND_3|OFF_BASE,10.0
2019-01-31,87112.00578908985,OFF,TQQQ|SIG_BASE|BAND_3|OFF_BASE,10.0
2019-02-01,86744.19628978535,OFF,TQQQ|SIG_BASE|BAND_3|OFF_BASE,10.0
2019-02-04,87821.71221605882,OFF,TQQQ|SIG_BASE|BAND_3|OFF_BASE,10.0
2019-02-05,88598.75821418433,OFF,TQQQ|SIG_BASE|BAND_3|OFF_BASE,10.0
2019-02-06,88334.54105000176,OFF,TQQQ|SIG_BASE|BAND_3|OFF_BASE,10.0
2019-02-07,87148.28338938588,OFF,TQQQ|SIG_BASE|BAND_3|OFF_BASE,10.0
2019-02-08,87319.23185321812,OFF,TQQQ|SIG_BASE|BAND_3|OFF_BASE,10.0
2019-02-11,87236.34473907757,OFF,TQQQ|SIG_BASE|BAND_3|OFF_BASE,10.0
2019-02-12,88526.23612869978,OFF,TQQQ|SIG_BASE|BAND_3|OFF_BASE,10.0
2019-02-13,88588.38490675144,OFF,TQQQ|SIG_BASE|BAND_3|OFF_BASE,10.0
2019-02-14,88697.1928713089,OFF,TQQQ|SIG_BASE|BAND_3|OFF_BASE,10.0
2019-02-15,89070.15176983387,OFF,TQQQ|SIG_BASE|BAND_3|OFF_BASE,10.0
2019-02-19,89246.31586310163,OFF,TQQQ|SIG_BASE|BAND_3|OFF_BASE,10.0
2019-02-20,89230.76004134072,OFF,TQQQ|SIG_BASE|BAND_3|OFF_BASE,10.0
2019-02-21,88904.38582032963,OFF,TQQQ|SIG_BASE|BAND_3|OFF_BASE,10.0
2019-02-22,89562.2836615723,OFF,TQQQ|SIG_BASE|BAND_3|OFF_BASE,10.0
2019-02-25,89888.65788258341,OFF,TQQQ|SIG_BASE|BAND_3|OFF_BASE,10.0
2019-02-26,89981.88518904934,OFF,TQQQ|SIG_BASE|BAND_3|OFF_BASE,10.0
2019-02-27,89924.90236777194,OFF,TQQQ|SIG_BASE|BAND_3|OFF_BASE,10.0
2019-02-28,89717.7011399743,OFF,TQQQ|SIG_BASE|BAND_3|OFF_BASE,10.0
2019-03-01,90339.33793847471,OFF,TQQQ|SIG_BASE|BAND_3|OFF_BASE,10.0
2019-03-04,90354.86064512806,OFF,TQQQ|SIG_BASE|BAND_3|OFF_BASE,10.0
2019-03-05,90422.22505261525,OFF,TQQQ|SIG_BASE|BAND_3|OFF_BASE,10.0
2019-03-06,89909.37138234166,OFF,TQQQ|SIG_BASE|BAND_3|OFF_BASE,10.0
2019-03-07,88805.98427831258,OFF,TQQQ|SIG_BASE|BAND_3|OFF_BASE,10.0
2019-03-08,88671.25546333821,OFF,TQQQ|SIG_BASE|BAND_3|OFF_BASE,10.0
2019-03-11,90515.48547418871,OFF,TQQQ|SIG_BASE|BAND_3|OFF_BASE,10.0
2019-03-12,91012.77504392451,OFF,TQQQ|SIG_BASE|BAND_3|OFF_BASE,10.0
2019-03-13,91696.56062047656,OFF,TQQQ|SIG_BASE|BAND_3|OFF_BASE,10.0
2019-03-14,91541.1762571821,OFF,TQQQ|SIG_BASE|BAND_3|OFF_BASE,10.0
2019-03-15,92205.96285211058,LEVER,TQQQ|SIG_BASE|BAND_3|OFF_BASE,10.0
2019-03-18,93039.33895603365,LEVER,TQQQ|SIG_BASE|BAND_3|OFF_BASE,10.0
2019-03-19,93972.73060862723,LEVER,TQQQ|SIG_BASE|BAND_3|OFF_BASE,10.0
2019-03-20,95056.51616056354,LEVER,TQQQ|SIG_BASE|BAND_3|OFF_BASE,10.0
2019-03-21,99458.36210896021,LEVER,TQQQ|SIG_BASE|BAND_3|OFF_BASE,10.0
2019-03-22,92955.63544324017,LEVER,TQQQ|SIG_BASE|BAND_3|OFF_BASE,10.0
2019-03-25,92372.0478215765,LEVER,TQQQ|SIG_BASE|BAND_3|OFF_BASE,10.0
2019-03-26,93639.23861357433,LEVER,TQQQ|SIG_BASE|BAND_3|OFF_BASE,10.0
2019-03-27,91805.14615065239,LEVER,TQQQ|SIG_BASE|BAND_3|OFF_BASE,10.0
2019-03-28,92388.72709526493,LEVER,TQQQ|SIG_BASE|BAND_3|OFF_BASE,10.0
2019-03-29,94472.92853889987,LEVER,TQQQ|SIG_BASE|BAND_3|OFF_BASE,10.0
2019-04-01,98191.15796286015,LEVER,TQQQ|SIG_BASE|BAND_3|OFF_BASE,10.0
2019-04-02,99274.96354594981,LEVER,TQQQ|SIG_BASE|BAND_3|OFF_BASE,10.0
2019-04-03,100992.32112420612,LEVER,TQQQ|SIG_BASE|BAND_3|OFF_BASE,10.0
2019-04-04,100842.27443152145,LEVER,TQQQ|SIG_BASE|BAND_3|OFF_BASE,10.0
2019-04-05,102359.55417307891,LEVER,TQQQ|SIG_BASE|BAND_3|OFF_BASE,10.0
2019-04-08,103159.91225923206,LEVER,TQQQ|SIG_BASE|BAND_3|OFF_BASE,10.0
2019-04-09,102026.08888623049,LEVER,TQQQ|SIG_BASE|BAND_3|OFF_BASE,10.0
2019-04-10,103676.79614024426,LEVER,TQQQ|SIG_BASE|BAND_3|OFF_BASE,10.0
2019-04-11,102893.13068188177,LEVER,TQQQ|SIG_BASE|BAND_3|OFF_BASE,10.0
2019-04-12,104160.3281509307,LEVER,TQQQ|SIG_BASE|BAND_3|OFF_BASE,10.0
2019-04-15,104243.70448821948,LEVER,TQQQ|SIG_BASE|BAND_3|OFF_BASE,10.0
2019-04-16,105260.77962245319,LEVER,TQQQ|SIG_BASE|BAND_3|OFF_BASE,10.0
2019-04-17,106311.2333352171,LEVER,TQQQ|SIG_BASE|BAND_3|OFF_BASE,10.0
2019-04-18,106644.71197616776,LEVER,TQQQ|SIG_BASE|BAND_3|OFF_BASE,10.0
2019-04-22,107545.08561099143,LEVER,TQQQ|SIG_BASE|BAND_3|OFF_BASE,10.0
2019-04-23,111630.11216097252,LEVER,TQQQ|SIG_BASE|BAND_3|OFF_BASE,10.0
2019-04-24,110546.33996313845,LEVER,TQQQ|SIG_BASE|BAND_3|OFF_BASE,10.0
2019-04-25,111780.19891596388,LEVER,TQQQ|SIG_BASE|BAND_3|OFF_BASE,10.0
2019-04-26,112180.34791231043,LEVER,TQQQ|SIG_BASE|BAND_3|OFF_BASE,10.0
2019-04-29,112780.57474535581,LEVER,TQQQ|SIG_BASE|BAND_3|OFF_BASE,10.0
2019-04-30,110196.18204849935,LEVER,TQQQ|SIG_BASE|BAND_3|OFF_BASE,10.0
2019-05-01,108929.00461060376,LEVER,TQQQ|SIG_BASE|BAND_3|OFF_BASE,10.0
2019-05-02,107595.09672385223,LEVER,TQQQ|SIG_BASE|BAND_3|OFF_BASE,10.0
2019-05-03,112663.89995415023,LEVER,TQQQ|SIG_BASE|BAND_3|OFF_BASE,10.0
2019-05-06,110646.38889706453,LEVER,TQQQ|SIG_BASE|BAND_3|OFF_BASE,10.0
2019-05-07,104210.35261789373,LEVER,TQQQ|SIG_BASE|BAND_3|OFF_BASE,10.0
2019-05-08,103293.29970938164,LEVER,TQQQ|SIG_BASE|BAND_3|OFF_BASE,10.0
2019-05-09,101659.28508315854,LEVER,TQQQ|SIG_BASE|BAND_3|OFF_BASE,10.0
2019-05-10,101942.72590304392,LEVER,TQQQ|SIG_BASE|BAND_3|OFF_BASE,10.0
2019-05-13,91404.97712315248,LEVER,TQQQ|SIG_BASE|BAND_3|OFF_BASE,10.0
2019-05-14,94272.85737925215,LEVER,TQQQ|SIG_BASE|BAND_3|OFF_BASE,10.0
2019-05-15,98191.15796286015,LEVER,TQQQ|SIG_BASE|BAND_3|OFF_BASE,10.0
2019-05-16,101259.10270155642,LEVER,TQQQ|SIG_BASE|BAND_3|OFF_BASE,10.0
2019-05-17,98107.7949796736,LEVER,TQQQ|SIG_BASE|BAND_3|OFF_BASE,10.0
2019-05-20,93189.06515026475,LEVER,TQQQ|SIG_BASE|BAND_3|OFF_BASE,10.0
2019-05-21,95990.23498866183,LEVER,TQQQ|SIG_BASE|BAND_3|OFF_BASE,10.0
2019-05-22,94739.72347035243,LEVER,TQQQ|SIG_BASE|BAND_3|OFF_BASE,10.0
2019-05-23,90271.18045835539,LEVER,TQQQ|SIG_BASE|BAND_3|OFF_BASE,10.0
2019-05-24,90137.77965410356,LEVER,TQQQ|SIG_BASE|BAND_3|OFF_BASE,10.0
2019-05-28,89170.71563273066,LEVER,TQQQ|SIG_BASE|BAND_3|OFF_BASE,10.0
2019-05-29,86936.43411115547,LEVER,TQQQ|SIG_BASE|BAND_3|OFF_BASE,10.0
2019-05-30,87970.19519612873,LEVER,TQQQ|SIG_BASE|BAND_3|OFF_BASE,10.0
2019-05-31,83735.08856820737,LEVER,TQQQ|SIG_BASE|BAND_3|OFF_BASE,10.0
2019-06-03,78382.85119507511,LEVER,TQQQ|SIG_BASE|BAND_3|OFF_BASE,10.0
2019-06-04,84735.52449105936,LEVER,TQQQ|SIG_BASE|BAND_3|OFF_BASE,10.0
2019-06-05,86602.96214725592,LEVER,TQQQ|SIG_BASE|BAND_3|OFF_BASE,10.0
2019-06-06,88603.79393065319,LEVER,TQQQ|SIG_BASE|BAND_3|OFF_BASE,10.0
2019-06-07,93655.92456431387,LEVER,TQQQ|SIG_BASE|BAND_3|OFF_BASE,10.0
2019-06-10,97074.0205405981,LEVER,TQQQ|SIG_BASE|BAND_3|OFF_BASE,10.0
2019-06-11,97440.84437482337,LEVER,TQQQ|SIG_BASE|BAND_3|OFF_BASE,10.0
2019-06-12,95790.15715196295,LEVER,TQQQ|SIG_BASE|BAND_3|OFF_BASE,10.0
2019-06-13,97357.4747145857,LEVER,TQQQ|SIG_BASE|BAND_3|OFF_BASE,10.0
2019-06-14,96090.27056848563,LEVER,TQQQ|SIG_BASE|BAND_3|OFF_BASE,10.0
2019-06-17,97841.02007937437,LEVER,TQQQ|SIG_BASE|BAND_3|OFF_BASE,10.0
2019-06-18,102076.12670729571,LEVER,TQQQ|SIG_BASE|BAND_3|OFF_BASE,10.0
2019-06-19,103276.6337897954,LEVER,TQQQ|SIG_BASE|BAND_3|OFF_BASE,10.0
2019-06-20,106111.1488214671,LEVER,TQQQ|SIG_BASE|BAND_3|OFF_BASE,10.0
2019-06-21,105627.61681078064,LEVER,TQQQ|SIG_BASE|BAND_3|OFF_BASE,10.0
2019-06-24,105594.24490930156,LEVER,TQQQ|SIG_BASE|BAND_3|OFF_BASE,10.0
2019-06-25,100191.99642330848,LEVER,TQQQ|SIG_BASE|BAND_3|OFF_BASE,10.0
2019-06-26,101459.20056940854,LEVER,TQQQ|SIG_BASE|BAND_3|OFF_BASE,10.0
2019-06-27,102559.64536387993,LEVER,TQQQ|SIG_BASE|BAND_3|OFF_BASE,10.0
2019-06-28,102993.17293875669,LEVER,TQQQ|SIG_BASE|BAND_3|OFF_BASE,10.0
2019-07-01,107094.90547063066,LEVER,TQQQ|SIG_BASE|BAND_3|OFF_BASE,10.0
2019-07-02,108395.44813295422,LEVER,TQQQ|SIG_BASE|BAND_3|OFF_BASE,10.0
2019-07-03,110796.42223564693,LEVER,TQQQ|SIG_BASE|BAND_3|OFF_BASE,10.0
2019-07-05,110079.47387203814,LEVER,TQQQ|SIG_BASE|BAND_3|OFF_BASE,10.0
2019-07-08,107761.83604432753,LEVER,TQQQ|SIG_BASE|BAND_3|OFF_BASE,10.0
2019-07-09,109379.19810506668,LEVER,TQQQ|SIG_BASE|BAND_3|OFF_BASE,10.0
2019-07-10,112613.90219539162,LEVER,TQQQ|SIG_BASE|BAND_3|OFF_BASE,10.0
2019-07-11,112313.72868540889,LEVER,TQQQ|SIG_BASE|BAND_3|OFF_BASE,10.0
2019-07-12,114197.87232349835,LEVER,TQQQ|SIG_BASE|BAND_3|OFF_BASE,10.0
2019-07-15,115164.96305307571,LEVER,TQQQ|SIG_BASE|BAND_3|OFF_BASE,10.0
2019-07-16,113530.91504159704,LEVER,TQQQ|SIG_BASE|BAND_3|OFF_BASE,10.0
2019-07-17,111846.86927135976,LEVER,TQQQ|SIG_BASE|BAND_3|OFF_BASE,10.0
2019-07-18,112330.4346673018,LEVER,TQQQ|SIG_BASE|BAND_3|OFF_BASE,10.0
2019-07-19,109612.62113504016,LEVER,TQQQ|SIG_BASE|BAND_3|OFF_BASE,10.0
2019-07-22,112197.05389420333,LEVER,TQQQ|SIG_BASE|BAND_3|OFF_BASE,10.0
2019-07-23,114364.58493576922,LEVER,TQQQ|SIG_BASE|BAND_3|OFF_BASE,10.0
2019-07-24,116798.97100224771,LEVER,TQQQ|SIG_BASE|BAND_3|OFF_BASE,10.0
2019-07-25,113464.23800915002,LEVER,TQQQ|SIG_BASE|BAND_3|OFF_BASE,10.0
2019-07-26,116832.28948731786,LEVER,TQQQ|SIG_BASE|BAND_3|OFF_BASE,10.0
2019-07-29,115748.53732063714,LEVER,TQQQ|SIG_BASE|BAND_3|OFF_BASE,10.0
2019-07-30,114197.87232349836,LEVER,TQQQ|SIG_BASE|BAND_3|OFF_BASE,10.0
2019-07-31,109379.19810506671,LEVER,TQQQ|SIG_BASE|BAND_3|OFF_BASE,10.0
2019-08-01,107845.192350463,LEVER,TQQQ|SIG_BASE|BAND_3|OFF_BASE,10.0
2019-08-02,102909.8166326213,LEVER,TQQQ|SIG_BASE|BAND_3|OFF_BASE,10.0
2019-08-05,92105.27959832844,LEVER,TQQQ|SIG_BASE|BAND_3|OFF_BASE,10.0
2019-08-06,95890.19273178684,LEVER,TQQQ|SIG_BASE|BAND_3|OFF_BASE,10.0
2019-08-07,97290.77765098537,LEVER,TQQQ|SIG_BASE|BAND_3|OFF_BASE,10.0
2019-08-08,103726.81393015618,LEVER,TQQQ|SIG_BASE|BAND_3|OFF_BASE,10.0
2019-08-09,100658.8625144088,LEVER,TQQQ|SIG_BASE|BAND_3|OFF_BASE,10.0
2019-08-12,97290.77765098537,LEVER,TQQQ|SIG_BASE|BAND_3|OFF_BASE,10.0
2019-08-13,103676.79614024425,LEVER,TQQQ|SIG_BASE|BAND_3|OFF_BASE,10.0
2019-08-14,94389.57890981555,LEVER,TQQQ|SIG_BASE|BAND_3|OFF_BASE,10.0
2019-08-15,93989.40320526453,LEVER,TQQQ|SIG_BASE|BAND_3|OFF_BASE,10.0
2019-08-16,98324.54541300974,LEVER,TQQQ|SIG_BASE|BAND_3|OFF_BASE,10.0
2019-08-19,102926.46252105413,LEVER,TQQQ|SIG_BASE|BAND_3|OFF_BASE,10.0
2019-08-20,100808.90920709346,LEVER,TQQQ|SIG_BASE|BAND_3|OFF_BASE,10.0
2019-08-21,103376.66269256819,LEVER,TQQQ|SIG_BASE|BAND_3|OFF_BASE,10.0
2019-08-22,102376.24680086956,LEVER,TQQQ|SIG_BASE|BAND_3|OFF_BASE,10.0
2019-08-23,93005.65323315209,LEVER,TQQQ|SIG_BASE|BAND_3|OFF_BASE,10.0
2019-08-26,96773.89376997319,LEVER,TQQQ|SIG_BASE|BAND_3|OFF_BASE,10.0
2019-08-27,96190.30614830954,LEVER,TQQQ|SIG_BASE|BAND_3|OFF_BASE,10.0
2019-08-28,97157.39020083578,LEVER,TQQQ|SIG_BASE|BAND_3|OFF_BASE,10.0
2019-08-29,101575.89539176752,LEVER,TQQQ|SIG_BASE|BAND_3|OFF_BASE,10.0
2019-08-30,100858.96038226096,LEVER,TQQQ|SIG_BASE|BAND_3|OFF_BASE,10.0
2019-09-03,97924.38973961206,LEVER,TQQQ|SIG_BASE|BAND_3|OFF_BASE,10.0
2019-09-04,102042.7681599189,LEVER,TQQQ|SIG_BASE|BAND_3|OFF_BASE,10.0
2019-09-05,107678.4663840899,LEVER,TQQQ|SIG_BASE|BAND_3|OFF_BASE,10.0
2019-09-06,107378.34629051608,LEVER,TQQQ|SIG_BASE|BAND_3|OFF_BASE,10.0
2019-09-09,106694.72976607968,LEVER,TQQQ|SIG_BASE|BAND_3|OFF_BASE,10.0
2019-09-10,105811.00869673998,LEVER,TQQQ|SIG_BASE|BAND_3|OFF_BASE,10.0
2019-09-11,108662.22971030459,LEVER,TQQQ|SIG_BASE|BAND_3|OFF_BASE,10.0
2019-09-12,110012.79683959119,LEVER,TQQQ|SIG_BASE|BAND_3|OFF_BASE,10.0
2019-09-13,108845.6349503661,LEVER,TQQQ|SIG_BASE|BAND_3|OFF_BASE,10.0
2019-09-16,107344.97438903702,LEVER,TQQQ|SIG_BASE|BAND_3|OFF_BASE,10.0
2019-09-17,108762.25861307734,LEVER,TQQQ|SIG_BASE|BAND_3|OFF_BASE,10.0
2019-09-18,108695.55487242587,LEVER,TQQQ|SIG_BASE|BAND_3|OFF_BASE,10.0
2019-09-19,109179.10023721454,LEVER,TQQQ|SIG_BASE|BAND_3|OFF_BASE,10.0
2019-09-20,105744.3249872419,LEVER,TQQQ|SIG_BASE|BAND_3|OFF_BASE,10.0
2019-09-23,105844.36056706576,LEVER,TQQQ|SIG_BASE|BAND_3|OFF_BASE,10.0
2019-09-24,101659.28508315857,LEVER,TQQQ|SIG_BASE|BAND_3|OFF_BASE,10.0
2019-09-25,104910.63506191634,LEVER,TQQQ|SIG_BASE|BAND_3|OFF_BASE,10.0
2019-09-26,103860.20138030578,LEVER,TQQQ|SIG_BASE|BAND_3|OFF_BASE,10.0
2019-09-27,100091.95416643357,LEVER,TQQQ|SIG_BASE|BAND_3|OFF_BASE,10.0
2019-09-30,102759.73655468103,LEVER,TQQQ|SIG_BASE|BAND_3|OFF_BASE,10.0
2019-10-01,100275.36608354619,LEVER,TQQQ|SIG_BASE|BAND_3|OFF_BASE,10.0
2019-10-02,95139.88582080118,LEVER,TQQQ|SIG_BASE|BAND_3|OFF_BASE,10.0
2019-10-03,98274.5276230978,LEVER,TQQQ|SIG_BASE|BAND_3|OFF_BASE,10.0
2019-10-04,102409.59199414417,LEVER,TQQQ|SIG_BASE|BAND_3|OFF_BASE,10.0
2019-10-07,101459.20056940858,LEVER,TQQQ|SIG_BASE|BAND_3|OFF_BASE,10.0
2019-10-08,96840.59751062465,LEVER,TQQQ|SIG_BASE|BAND_3|OFF_BASE,10.0
2019-10-09,99775.16147622243,LEVER,TQQQ|SIG_BASE|BAND_3|OFF_BASE,10.0
2019-10-10,101959.41853083458,LEVER,TQQQ|SIG_BASE|BAND_3|OFF_BASE,10.0
2019-10-11,105777.6768575676,LEVER,TQQQ|SIG_BASE|BAND_3|OFF_BASE,10.0
2019-10-14,105894.39171107988,LEVER,TQQQ|SIG_BASE|BAND_3|OFF_BASE,10.0
2019-10-15,109912.74790566509,LEVER,TQQQ|SIG_BASE|BAND_3|OFF_BASE,10.0
2019-10-16,109095.7439310791,LEVER,TQQQ|SIG_BASE|BAND_3|OFF_BASE,10.0
2019-10-17,109846.02413386026,LEVER,TQQQ|SIG_BASE|BAND_3|OFF_BASE,10.0
2019-10-18,106694.72976607968,LEVER,TQQQ|SIG_BASE|BAND_3|OFF_BASE,10.0
2019-10-21,109512.57887816518,LEVER,TQQQ|SIG_BASE|BAND_3|OFF_BASE,10.0
2019-10-22,106978.18394006729,LEVER,TQQQ|SIG_BASE|BAND_3|OFF_BASE,10.0
2019-10-23,107478.4085785444,LEVER,TQQQ|SIG_BASE|BAND_3|OFF_BASE,10.0
2019-10-24,110563.01255977574,LEVER,TQQQ|SIG_BASE|BAND_3|OFF_BASE,10.0
2019-10-25,113080.74825533856,LEVER,TQQQ|SIG_BASE|BAND_3|OFF_BASE,10.0
2019-10-28,116532.16939374406,LEVER,TQQQ|SIG_BASE|BAND_3|OFF_BASE,10.0
2019-10-29,113847.74111706374,LEVER,TQQQ|SIG_BASE|BAND_3|OFF_BASE,10.0
2019-10-30,115448.37716475665,LEVER,TQQQ|SIG_BASE|BAND_3|OFF_BASE,10.0
2019-10-31,115531.76017909653,LEVER,TQQQ|SIG_BASE|BAND_3|OFF_BASE,10.0
2019-11-01,118666.40865844427,LEVER,TQQQ|SIG_BASE|BAND_3|OFF_BASE,10.0
2019-11-04,120783.9419412516,LEVER,TQQQ|SIG_BASE|BAND_3|OFF_BASE,10.0
2019-11-05,120934.01534214074,LEVER,TQQQ|SIG_BASE|BAND_3|OFF_BASE,10.0
2019-11-06,120167.04918862003,LEVER,TQQQ|SIG_BASE|BAND_3|OFF_BASE,10.0
2019-11-07,121384.23554480815,LEVER,TQQQ|SIG_BASE|BAND_3|OFF_BASE,10.0
2019-11-08,122818.14562612795,LEVER,TQQQ|SIG_BASE|BAND_3|OFF_BASE,10.0
2019-11-11,122301.2350369113,LEVER,TQQQ|SIG_BASE|BAND_3|OFF_BASE,10.0
2019-11-12,123301.68431386552,LEVER,TQQQ|SIG_BASE|BAND_3|OFF_BASE,10.0
2019-11-13,123118.25236559953,LEVER,TQQQ|SIG_BASE|BAND_3|OFF_BASE,10.0
2019-11-14,123084.92052642714,LEVER,TQQQ|SIG_BASE|BAND_3|OFF_BASE,10.0
2019-11-15,125402.57838529111,LEVER,TQQQ|SIG_BASE|BAND_3|OFF_BASE,10.0
2019-11-18,126052.82968529954,LEVER,TQQQ|SIG_BASE|BAND_3|OFF_BASE,10.0
2019-11-19,126569.74027451618,LEVER,TQQQ|SIG_BASE|BAND_3|OFF_BASE,10.0
2019-11-20,124352.11799547607,LEVER,TQQQ|SIG_BASE|BAND_3|OFF_BASE,10.0
2019-11-21,123385.0673282054,LEVER,TQQQ|SIG_BASE|BAND_3|OFF_BASE,10.0
2019-11-22,123718.54596915605,LEVER,TQQQ|SIG_BASE|BAND_3|OFF_BASE,10.0
2019-11-25,128003.65035583597,LEVER,TQQQ|SIG_BASE|BAND_3|OFF_BASE,10.0
2019-11-26,128770.61650935667,LEVER,TQQQ|SIG_BASE|BAND_3|OFF_BASE,10.0
2019-11-27,131371.7552504127,LEVER,TQQQ|SIG_BASE|BAND_3|OFF_BASE,10.0
2019-11-29,129620.99238542173,LEVER,TQQQ|SIG_BASE|BAND_3|OFF_BASE,10.0
2019-12-02,125452.57614404963,LEVER,TQQQ|SIG_BASE|BAND_3|OFF_BASE,10.0
2019-12-03,122634.7537401686,LEVER,TQQQ|SIG_BASE|BAND_3|OFF_BASE,10.0
2019-12-04,124452.15357529988,LEVER,TQQQ|SIG_BASE|BAND_3|OFF_BASE,10.0
2019-12-05,125102.41822941056,LEVER,TQQQ|SIG_BASE|BAND_3|OFF_BASE,10.0
2019-12-06,128970.75443951556,LEVER,TQQQ|SIG_BASE|BAND_3|OFF_BASE,10.0
2019-12-09,127386.75760320439,LEVER,TQQQ|SIG_BASE|BAND_3|OFF_BASE,10.0
2019-12-10,127103.29007511454,LEVER,TQQQ|SIG_BASE|BAND_3|OFF_BASE,10.0
2019-12-11,129020.7388441719,LEVER,TQQQ|SIG_BASE|BAND_3|OFF_BASE,10.0
2019-12-12,131971.9954375603,LEVER,TQQQ|SIG_BASE|BAND_3|OFF_BASE,10.0
2019-12-13,133155.83660047382,LEVER,TQQQ|SIG_BASE|BAND_3|OFF_BASE,10.0
2019-12-16,136974.10828130908,LEVER,TQQQ|SIG_BASE|BAND_3|OFF_BASE,10.0
2019-12-17,137157.48681316612,LEVER,TQQQ|SIG_BASE|BAND_3|OFF_BASE,10.0
2019-12-18,137474.29953453058,LEVER,TQQQ|SIG_BASE|BAND_3|OFF_BASE,10.0
2019-12-19,140275.46937292765,LEVER,TQQQ|SIG_BASE|BAND_3|OFF_BASE,10.0
2019-12-20,141942.80916127205,LEVER,TQQQ|SIG_BASE|BAND_3|OFF_BASE,10.0
2019-12-23,142993.26955108708,LEVER,TQQQ|SIG_BASE|BAND_3|OFF_BASE,10.0
2019-12-24,143178.41082443882,LEVER,TQQQ|SIG_BASE|BAND_3|OFF_BASE,10.0
2019-12-26,146897.98233567347,LEVER,TQQQ|SIG_BASE|BAND_3|OFF_BASE,10.0
2019-12-27,146464.33457387664,LEVER,TQQQ|SIG_BASE|BAND_3|OFF_BASE,10.0
2019-12-30,143545.38155378867,LEVER,TQQQ|SIG_BASE|BAND_3|OFF_BASE,10.0
2019-12-31,144362.71938093047,LEVER,TQQQ|SIG_BASE|BAND_3|OFF_BASE,10.0
2020-01-02,151518.2746883898,LEVER,TQQQ|SIG_BASE|BAND_3|OFF_BASE,10.0
2020-01-03,147398.38725453068,LEVER,TQQQ|SIG_BASE|BAND_3|OFF_BASE,10.0
2020-01-06,150200.54529649296,LEVER,TQQQ|SIG_BASE|BAND_3|OFF_BASE,10.0
2020-01-07,150017.09999412473,LEVER,TQQQ|SIG_BASE|BAND_3|OFF_BASE,10.0
2020-01-08,153469.7764181401,LEVER,TQQQ|SIG_BASE|BAND_3|OFF_BASE,10.0
2020-01-09,157339.48810077502,LEVER,TQQQ|SIG_BASE|BAND_3|OFF_BASE,10.0
2020-01-10,156055.1306103573,LEVER,TQQQ|SIG_BASE|BAND_3|OFF_BASE,10.0
2020-01-13,161509.40000159718,LEVER,TQQQ|SIG_BASE|BAND_3|OFF_BASE,10.0
2020-01-14,159624.5753042939,LEVER,TQQQ|SIG_BASE|BAND_3|OFF_BASE,10.0
2020-01-15,159724.69100873117,LEVER,TQQQ|SIG_BASE|BAND_3|OFF_BASE,10.0
2020-01-16,164178.1639163588,LEVER,TQQQ|SIG_BASE|BAND_3|OFF_BASE,10.0
2020-01-17,166630.0438567619,LEVER,TQQQ|SIG_BASE|BAND_3|OFF_BASE,10.0
2020-01-21,166546.66084242202,LEVER,TQQQ|SIG_BASE|BAND_3|OFF_BASE,10.0
2020-01-22,167680.86480733723,LEVER,TQQQ|SIG_BASE|BAND_3|OFF_BASE,10.0
2020-01-23,169232.0906767698,LEVER,TQQQ|SIG_BASE|BAND_3|OFF_BASE,10.0
2020-01-24,164845.33486389587,LEVER,TQQQ|SIG_BASE|BAND_3|OFF_BASE,10.0
2020-01-27,154654.05826642734,LEVER,TQQQ|SIG_BASE|BAND_3|OFF_BASE,10.0
2020-01-28,161842.998829468,LEVER,TQQQ|SIG_BASE|BAND_3|OFF_BASE,10.0
2020-01-29,162426.80011676738,LEVER,TQQQ|SIG_BASE|BAND_3|OFF_BASE,10.0
2020-01-30,164261.56028480097,LEVER,TQQQ|SIG_BASE|BAND_3|OFF_BASE,10.0
2020-01-31,156188.61821627372,LEVER,TQQQ|SIG_BASE|BAND_3|OFF_BASE,10.0
2020-02-03,163360.82608921704,LEVER,TQQQ|SIG_BASE|BAND_3|OFF_BASE,10.0
2020-02-04,174519.54062292096,LEVER,TQQQ|SIG_BASE|BAND_3|OFF_BASE,10.0
2020-02-05,176537.78615562944,LEVER,TQQQ|SIG_BASE|BAND_3|OFF_BASE,10.0
2020-02-06,180841.13224595902,LEVER,TQQQ|SIG_BASE|BAND_3|OFF_BASE,10.0
2020-02-07,178505.9671590682,LEVER,TQQQ|SIG_BASE|BAND_3|OFF_BASE,10.0
2020-02-10,184944.32705202745,LEVER,TQQQ|SIG_BASE|BAND_3|OFF_BASE,10.0
2020-02-11,185077.78794973932,LEVER,TQQQ|SIG_BASE|BAND_3|OFF_BASE,10.0
2020-02-12,190498.68543950014,LEVER,TQQQ|SIG_BASE|BAND_3|OFF_BASE,10.0
2020-02-13,189764.77068900492,LEVER,TQQQ|SIG_BASE|BAND_3|OFF_BASE,10.0
2020-02-14,191049.1014712182,LEVER,TQQQ|SIG_BASE|BAND_3|OFF_BASE,10.0
2020-02-18,191382.71365319117,LEVER,TQQQ|SIG_BASE|BAND_3|OFF_BASE,10.0
2020-02-19,196920.36605877095,LEVER,TQQQ|SIG_BASE|BAND_3|OFF_BASE,10.0
2020-02-20,191315.99655843744,LEVER,TQQQ|SIG_BASE|BAND_3|OFF_BASE,10.0
2020-02-21,180374.12593678528,LEVER,TQQQ|SIG_BASE|BAND_3|OFF_BASE,10.0
2020-02-24,159591.2167569171,LEVER,TQQQ|SIG_BASE|BAND_3|OFF_BASE,10.0
2020-02-25,146681.1384236217,LEVER,TQQQ|SIG_BASE|BAND_3|OFF_BASE,10.0
2020-02-26,148699.38395633022,LEVER,TQQQ|SIG_BASE|BAND_3|OFF_BASE,10.0
2020-02-27,126465.4046737734,LEVER,TQQQ|SIG_BASE|BAND_3|OFF_BASE,10.0
2020-02-28,128433.59903131437,LEVER,TQQQ|SIG_BASE|BAND_3|OFF_BASE,10.0
2020-03-02,145963.95636322384,LEVER,TQQQ|SIG_BASE|BAND_3|OFF_BASE,10.0
2020-03-03,132219.86092909824,LEVER,TQQQ|SIG_BASE|BAND_3|OFF_BASE,10.0
2020-03-04,148265.7228404311,LEVER,TQQQ|SIG_BASE|BAND_3|OFF_BASE,10.0
2020-03-05,135255.5822191074,LEVER,TQQQ|SIG_BASE|BAND_3|OFF_BASE,10.0
2020-03-06,128166.69058999282,LEVER,TQQQ|SIG_BASE|BAND_3|OFF_BASE,10.0
2020-03-09,102129.7167195548,LEVER,TQQQ|SIG_BASE|BAND_3|OFF_BASE,10.0
2020-03-10,118025.47852179407,LEVER,TQQQ|SIG_BASE|BAND_3|OFF_BASE,10.0
2020-03-11,102846.93216520824,LEVER,TQQQ|SIG_BASE|BAND_3|OFF_BASE,10.0
2020-03-12,74508.96201540921,OFF,TQQQ|SIG_BASE|BAND_3|OFF_BASE,10.0
2020-03-13,80820.30139369985,OFF,TQQQ|SIG_BASE|BAND_3|OFF_BASE,10.0
2020-03-16,71139.01537498459,OFF,TQQQ|SIG_BASE|BAND_3|OFF_BASE,10.0
2020-03-17,76534.29614324152,OFF,TQQQ|SIG_BASE|BAND_3|OFF_BASE,10.0
2020-03-18,74206.41537510515,OFF,TQQQ|SIG_BASE|BAND_3|OFF_BASE,10.0
2020-03-19,74651.83329732803,OFF,TQQQ|SIG_BASE|BAND_3|OFF_BASE,10.0
2020-03-20,71727.28459806035,OFF,TQQQ|SIG_BASE|BAND_3|OFF_BASE,10.0
2020-03-23,71779.08218136568,OFF,TQQQ|SIG_BASE|BAND_3|OFF_BASE,10.0
2020-03-24,77337.4883720624,OFF,TQQQ|SIG_BASE|BAND_3|OFF_BASE,10.0
2020-03-25,76764.78439936398,OFF,TQQQ|SIG_BASE|BAND_3|OFF_BASE,10.0
2020-03-26,80807.24709727727,OFF,TQQQ|SIG_BASE|BAND_3|OFF_BASE,10.0
2020-03-27,78028.04733210657,OFF,TQQQ|SIG_BASE|BAND_3|OFF_BASE,10.0
2020-03-30,80866.19124183843,OFF,TQQQ|SIG_BASE|BAND_3|OFF_BASE,10.0
2020-03-31,80175.61896108363,OFF,TQQQ|SIG_BASE|BAND_3|OFF_BASE,10.0
2020-04-01,76768.98708356942,OFF,TQQQ|SIG_BASE|BAND_3|OFF_BASE,10.0
2020-04-02,78327.03068231569,OFF,TQQQ|SIG_BASE|BAND_3|OFF_BASE,10.0
2020-04-03,77215.36409695804,OFF,TQQQ|SIG_BASE|BAND_3|OFF_BASE,10.0
2020-04-06,82735.85954518673,OFF,TQQQ|SIG_BASE|BAND_3|OFF_BASE,10.0
2020-04-07,82702.16480763476,OFF,TQQQ|SIG_BASE|BAND_3|OFF_BASE,10.0
2020-04-08,84458.10754393425,OFF,TQQQ|SIG_BASE|BAND_3|OFF_BASE,10.0
2020-04-09,84580.2251586833,OFF,TQQQ|SIG_BASE|BAND_3|OFF_BASE,10.0
2020-04-13,85493.97262542178,OFF,TQQQ|SIG_BASE|BAND_3|OFF_BASE,10.0
2020-04-14,89033.80474912295,LEVER,TQQQ|SIG_BASE|BAND_3|OFF_BASE,10.0
2020-04-15,86080.41253096182,LEVER,TQQQ|SIG_BASE|BAND_3|OFF_BASE,10.0
2020-04-16,90691.60657110634,LEVER,TQQQ|SIG_BASE|BAND_3|OFF_BASE,10.0
2020-04-17,92962.40173740276,LEVER,TQQQ|SIG_BASE|BAND_3|OFF_BASE,10.0
2020-04-20,89953.25293979276,LEVER,TQQQ|SIG_BASE|BAND_3|OFF_BASE,10.0
2020-04-21,80006.44200789243,LEVER,TQQQ|SIG_BASE|BAND_3|OFF_BASE,10.0
2020-04-22,87083.44539984527,LEVER,TQQQ|SIG_BASE|BAND_3|OFF_BASE,10.0
2020-04-23,86512.28343205215,LEVER,TQQQ|SIG_BASE|BAND_3|OFF_BASE,10.0
2020-04-24,90691.60657110634,LEVER,TQQQ|SIG_BASE|BAND_3|OFF_BASE,10.0
2020-04-27,92460.87693780109,LEVER,TQQQ|SIG_BASE|BAND_3|OFF_BASE,10.0
2020-04-28,87459.58760535318,LEVER,TQQQ|SIG_BASE|BAND_3|OFF_BASE,10.0
2020-04-29,96556.62097541496,LEVER,TQQQ|SIG_BASE|BAND_3|OFF_BASE,10.0
2020-04-30,97197.44799526603,LEVER,TQQQ|SIG_BASE|BAND_3|OFF_BASE,10.0
2020-05-01,88476.55683071219,LEVER,TQQQ|SIG_BASE|BAND_3|OFF_BASE,10.0
2020-05-04,91597.14628916707,LEVER,TQQQ|SIG_BASE|BAND_3|OFF_BASE,10.0
2020-05-05,94522.69367824355,LEVER,TQQQ|SIG_BASE|BAND_3|OFF_BASE,10.0
2020-05-06,96389.4404654411,LEVER,TQQQ|SIG_BASE|BAND_3|OFF_BASE,10.0
2020-05-07,100150.85136697377,LEVER,TQQQ|SIG_BASE|BAND_3|OFF_BASE,10.0
2020-05-08,104190.86670900525,LEVER,TQQQ|SIG_BASE|BAND_3|OFF_BASE,10.0
2020-05-11,106782.0698084539,LEVER,TQQQ|SIG_BASE|BAND_3|OFF_BASE,10.0
2020-05-12,100429.45580747258,LEVER,TQQQ|SIG_BASE|BAND_3|OFF_BASE,10.0
2020-05-13,96626.2971810195,LEVER,TQQQ|SIG_BASE|BAND_3|OFF_BASE,10.0
2020-05-14,99830.45458736809,LEVER,TQQQ|SIG_BASE|BAND_3|OFF_BASE,10.0
2020-05-15,101543.97395138728,LEVER,TQQQ|SIG_BASE|BAND_3|OFF_BASE,10.0
2020-05-18,107422.8745212118,LEVER,TQQQ|SIG_BASE|BAND_3|OFF_BASE,10.0
2020-05-19,106600.95851877778,LEVER,TQQQ|SIG_BASE|BAND_3|OFF_BASE,10.0
2020-05-20,112842.09282150114,LEVER,TQQQ|SIG_BASE|BAND_3|OFF_BASE,10.0
2020-05-21,109373.26175435598,LEVER,TQQQ|SIG_BASE|BAND_3|OFF_BASE,10.0
2020-05-22,110362.35826676385,LEVER,TQQQ|SIG_BASE|BAND_3|OFF_BASE,10.0
2020-05-26,109902.6090759491,LEVER,TQQQ|SIG_BASE|BAND_3|OFF_BASE,10.0
2020-05-27,111448.99254418082,LEVER,TQQQ|SIG_BASE|BAND_3|OFF_BASE,10.0
2020-05-28,110738.48931872519,LEVER,TQQQ|SIG_BASE|BAND_3|OFF_BASE,10.0
2020-05-29,115307.89659653617,LEVER,TQQQ|SIG_BASE|BAND_3|OFF_BASE,10.0
2020-06-01,116728.88074035423,LEVER,TQQQ|SIG_BASE|BAND_3|OFF_BASE,10.0
2020-06-02,119055.37671836655,LEVER,TQQQ|SIG_BASE|BAND_3|OFF_BASE,10.0
2020-06-03,120671.39177801642,LEVER,TQQQ|SIG_BASE|BAND_3|OFF_BASE,10.0
2020-06-04,118219.50762913706,LEVER,TQQQ|SIG_BASE|BAND_3|OFF_BASE,10.0
2020-06-05,125226.85712257856,LEVER,TQQQ|SIG_BASE|BAND_3|OFF_BASE,10.0
2020-06-08,128013.10229140562,LEVER,TQQQ|SIG_BASE|BAND_3|OFF_BASE,10.0
2020-06-09,130868.99020519743,LEVER,TQQQ|SIG_BASE|BAND_3|OFF_BASE,10.0
2020-06-10,135591.6137526402,LEVER,TQQQ|SIG_BASE|BAND_3|OFF_BASE,10.0
2020-06-11,115628.33799032819,LEVER,TQQQ|SIG_BASE|BAND_3|OFF_BASE,10.0
2020-06-12,118135.94525801663,LEVER,TQQQ|SIG_BASE|BAND_3|OFF_BASE,10.0
2020-06-15,122301.32646382194,LEVER,TQQQ|SIG_BASE|BAND_3|OFF_BASE,10.0
2020-06-16,128765.37554887484,LEVER,TQQQ|SIG_BASE|BAND_3|OFF_BASE,10.0
2020-06-17,130019.16802917245,LEVER,TQQQ|SIG_BASE|BAND_3|OFF_BASE,10.0
2020-06-18,131022.20647482917,LEVER,TQQQ|SIG_BASE|BAND_3|OFF_BASE,10.0
2020-06-19,130841.11749224625,LEVER,TQQQ|SIG_BASE|BAND_3|OFF_BASE,10.0
2020-06-22,135494.10944827087,LEVER,TQQQ|SIG_BASE|BAND_3|OFF_BASE,10.0
2020-06-23,139032.6167210206,LEVER,TQQQ|SIG_BASE|BAND_3|OFF_BASE,10.0
2020-06-24,130841.11749224627,LEVER,TQQQ|SIG_BASE|BAND_3|OFF_BASE,10.0
2020-06-25,134309.97086648463,LEVER,TQQQ|SIG_BASE|BAND_3|OFF_BASE,10.0
2020-06-26,124655.706308332,LEVER,TQQQ|SIG_BASE|BAND_3|OFF_BASE,10.0
2020-06-29,128639.98737800779,LEVER,TQQQ|SIG_BASE|BAND_3|OFF_BASE,10.0
2020-06-30,136037.43216375264,LEVER,TQQQ|SIG_BASE|BAND_3|OFF_BASE,10.0
2020-07-01,140899.36350821814,LEVER,TQQQ|SIG_BASE|BAND_3|OFF_BASE,10.0
2020-07-02,143894.58152612587,LEVER,TQQQ|SIG_BASE|BAND_3|OFF_BASE,10.0
2020-07-06,154468.2775446284,LEVER,TQQQ|SIG_BASE|BAND_3|OFF_BASE,10.0
2020-07-07,151431.27834116045,LEVER,TQQQ|SIG_BASE|BAND_3|OFF_BASE,10.0
2020-07-08,157254.52271345546,LEVER,TQQQ|SIG_BASE|BAND_3|OFF_BASE,10.0
2020-07-09,161183.11412496198,LEVER,TQQQ|SIG_BASE|BAND_3|OFF_BASE,10.0
2020-07-10,164596.22207329806,LEVER,TQQQ|SIG_BASE|BAND_3|OFF_BASE,10.0
2020-07-13,154426.529819708,LEVER,TQQQ|SIG_BASE|BAND_3|OFF_BASE,10.0
2020-07-14,157700.30766392816,LEVER,TQQQ|SIG_BASE|BAND_3|OFF_BASE,10.0
2020-07-15,158480.45363434855,LEVER,TQQQ|SIG_BASE|BAND_3|OFF_BASE,10.0
2020-07-16,155081.27646571473,LEVER,TQQQ|SIG_BASE|BAND_3|OFF_BASE,10.0
2020-07-17,155805.67701023284,LEVER,TQQQ|SIG_BASE|BAND_3|OFF_BASE,10.0
2020-07-20,169068.10273964654,LEVER,TQQQ|SIG_BASE|BAND_3|OFF_BASE,10.0
2020-07-21,163662.84867969927,LEVER,TQQQ|SIG_BASE|BAND_3|OFF_BASE,10.0
2020-07-22,165557.46817984796,LEVER,TQQQ|SIG_BASE|BAND_3|OFF_BASE,10.0
2020-07-23,152587.57767063536,LEVER,TQQQ|SIG_BASE|BAND_3|OFF_BASE,10.0
2020-07-24,148073.90466518005,LEVER,TQQQ|SIG_BASE|BAND_3|OFF_BASE,10.0
2020-07-27,156028.58063901577,LEVER,TQQQ|SIG_BASE|BAND_3|OFF_BASE,10.0
2020-07-28,150163.57738825373,LEVER,TQQQ|SIG_BASE|BAND_3|OFF_BASE,10.0
2020-07-29,155276.3073815465,LEVER,TQQQ|SIG_BASE|BAND_3|OFF_BASE,10.0
2020-07-30,157797.82312184403,LEVER,TQQQ|SIG_BASE|BAND_3|OFF_BASE,10.0
2020-07-31,166309.7302837706,LEVER,TQQQ|SIG_BASE|BAND_3|OFF_BASE,10.0
2020-08-03,172509.0722473871,LEVER,TQQQ|SIG_BASE|BAND_3|OFF_BASE,10.0
2020-08-04,174752.0170078256,LEVER,TQQQ|SIG_BASE|BAND_3|OFF_BASE,10.0
2020-08-05,176145.13959223914,LEVER,TQQQ|SIG_BASE|BAND_3|OFF_BASE,10.0
2020-08-06,182887.79311779086,LEVER,TQQQ|SIG_BASE|BAND_3|OFF_BASE,10.0
2020-08-07,176911.34362941067,LEVER,TQQQ|SIG_BASE|BAND_3|OFF_BASE,10.0
2020-08-10,174529.10222549606,LEVER,TQQQ|SIG_BASE|BAND_3|OFF_BASE,10.0
2020-08-11,164624.07247915593,LEVER,TQQQ|SIG_BASE|BAND_3|OFF_BASE,10.0
2020-08-12,176939.2051888152,LEVER,TQQQ|SIG_BASE|BAND_3|OFF_BASE,10.0
2020-08-13,178179.05573586395,LEVER,TQQQ|SIG_BASE|BAND_3|OFF_BASE,10.0
2020-08-14,177663.59457978673,LEVER,TQQQ|SIG_BASE|BAND_3|OFF_BASE,10.0
2020-08-17,183528.66475182836,LEVER,TQQQ|SIG_BASE|BAND_3|OFF_BASE,10.0
2020-08-18,188919.99918561993,LEVER,TQQQ|SIG_BASE|BAND_3|OFF_BASE,10.0
2020-08-19,185228.23102905203,LEVER,TQQQ|SIG_BASE|BAND_3|OFF_BASE,10.0
2020-08-20,192848.52367584684,LEVER,TQQQ|SIG_BASE|BAND_3|OFF_BASE,10.0
2020-08-21,196874.64169881583,LEVER,TQQQ|SIG_BASE|BAND_3|OFF_BASE,10.0
2020-08-24,200524.61751627692,LEVER,TQQQ|SIG_BASE|BAND_3|OFF_BASE,10.0
2020-08-25,205205.4264175197,LEVER,TQQQ|SIG_BASE|BAND_3|OFF_BASE,10.0
2020-08-26,218342.49743670612,LEVER,TQQQ|SIG_BASE|BAND_3|OFF_BASE,10.0
2020-08-27,216364.2821047972,LEVER,TQQQ|SIG_BASE|BAND_3|OFF_BASE,10.0
2020-08-28,219707.7361546219,LEVER,TQQQ|SIG_BASE|BAND_3|OFF_BASE,10.0
2020-08-31,224792.59343496355,LEVER,TQQQ|SIG_BASE|BAND_3|OFF_BASE,10.0
2020-09-01,236466.89912477173,LEVER,TQQQ|SIG_BASE|BAND_3|OFF_BASE,10.0
2020-09-02,243139.88759826552,LEVER,TQQQ|SIG_BASE|BAND_3|OFF_BASE,10.0
2020-09-03,205804.5280195436,LEVER,TQQQ|SIG_BASE|BAND_3|OFF_BASE,10.0
2020-09-04,197320.44895638176,LEVER,TQQQ|SIG_BASE|BAND_3|OFF_BASE,10.0
2020-09-08,169430.30301190558,LEVER,TQQQ|SIG_BASE|BAND_3|OFF_BASE,10.0
2020-09-09,183988.3581749101,LEVER,TQQQ|SIG_BASE|BAND_3|OFF_BASE,10.0
2020-09-10,173344.9747972564,LEVER,TQQQ|SIG_BASE|BAND_3|OFF_BASE,10.0
2020-09-11,169555.7134898658,LEVER,TQQQ|SIG_BASE|BAND_3|OFF_BASE,10.0
2020-09-14,178290.5242805753,LEVER,TQQQ|SIG_BASE|BAND_3|OFF_BASE,10.0
2020-09-15,185869.0468953565,LEVER,TQQQ|SIG_BASE|BAND_3|OFF_BASE,10.0
2020-09-16,176939.2051888152,LEVER,TQQQ|SIG_BASE|BAND_3|OFF_BASE,10.0
2020-09-17,168789.49829914767,LEVER,TQQQ|SIG_BASE|BAND_3|OFF_BASE,10.0
2020-09-18,162269.7484023789,LEVER,TQQQ|SIG_BASE|BAND_3|OFF_BASE,10.0
2020-09-21,164192.20715483892,LEVER,TQQQ|SIG_BASE|BAND_3|OFF_BASE,10.0
2020-09-22,173163.87466112684,LEVER,TQQQ|SIG_BASE|BAND_3|OFF_BASE,10.0
2020-09-23,157129.13454258838,LEVER,TQQQ|SIG_BASE|BAND_3|OFF_BASE,10.0
2020-09-24,159427.76896119615,LEVER,TQQQ|SIG_BASE|BAND_3|OFF_BASE,10.0
2020-09-25,170600.54427462933,LEVER,TQQQ|SIG_BASE|BAND_3|OFF_BASE,10.0
2020-09-28,180714.52456295688,LEVER,TQQQ|SIG_BASE|BAND_3|OFF_BASE,10.0
2020-09-29,178819.9162163548,LEVER,TQQQ|SIG_BASE|BAND_3|OFF_BASE,10.0
2020-09-30,182358.3900284647,LEVER,TQQQ|SIG_BASE|BAND_3|OFF_BASE,10.0
2020-10-01,190898.1922104356,LEVER,TQQQ|SIG_BASE|BAND_3|OFF_BASE,10.0
2020-10-02,175156.02077273803,LEVER,TQQQ|SIG_BASE|BAND_3|OFF_BASE,10.0
2020-10-05,186203.41906885078,LEVER,TQQQ|SIG_BASE|BAND_3|OFF_BASE,10.0
2020-10-06,176200.840403955,LEVER,TQQQ|SIG_BASE|BAND_3|OFF_BASE,10.0
2020-10-07,185465.0654375372,LEVER,TQQQ|SIG_BASE|BAND_3|OFF_BASE,10.0
2020-10-08,188195.509412729,LEVER,TQQQ|SIG_BASE|BAND_3|OFF_BASE,10.0
2020-10-09,196568.14223827267,LEVER,TQQQ|SIG_BASE|BAND_3|OFF_BASE,10.0
2020-10-12,214901.47216123255,LEVER,TQQQ|SIG_BASE|BAND_3|OFF_BASE,10.0
2020-10-13,214929.40064191667,LEVER,TQQQ|SIG_BASE|BAND_3|OFF_BASE,10.0
2020-10-14,209621.5839650591,LEVER,TQQQ|SIG_BASE|BAND_3|OFF_BASE,10.0
2020-10-15,205289.01109573332,LEVER,TQQQ|SIG_BASE|BAND_3|OFF_BASE,10.0
2020-10-16,202140.6325759268,LEVER,TQQQ|SIG_BASE|BAND_3|OFF_BASE,10.0
2020-10-19,192096.23926483098,LEVER,TQQQ|SIG_BASE|BAND_3|OFF_BASE,10.0
2020-10-20,193336.13442606613,LEVER,TQQQ|SIG_BASE|BAND_3|OFF_BASE,10.0
2020-10-21,192834.60404969114,LEVER,TQQQ|SIG_BASE|BAND_3|OFF_BASE,10.0
2020-10-22,192932.17527534004,LEVER,TQQQ|SIG_BASE|BAND_3|OFF_BASE,10.0
2020-10-23,194060.5795847706,LEVER,TQQQ|SIG_BASE|BAND_3|OFF_BASE,10.0
2020-10-26,185214.30024934973,LEVER,TQQQ|SIG_BASE|BAND_3|OFF_BASE,10.0
2020-10-27,189588.6319971425,LEVER,TQQQ|SIG_BASE|BAND_3|OFF_BASE,10.0
2020-10-28,167340.63028883183,LEVER,TQQQ|SIG_BASE|BAND_3|OFF_BASE,10.0
2020-10-29,175852.548604305,LEVER,TQQQ|SIG_BASE|BAND_3|OFF_BASE,10.0
2020-10-30,163621.02287995256,LEVER,TQQQ|SIG_BASE|BAND_3|OFF_BASE,10.0
2020-11-02,163676.79061294804,LEVER,TQQQ|SIG_BASE|BAND_3|OFF_BASE,10.0
2020-11-03,171910.08218082917,LEVER,TQQQ|SIG_BASE|BAND_3|OFF_BASE,10.0
2020-11-04,195147.22501573412,LEVER,TQQQ|SIG_BASE|BAND_3|OFF_BASE,10.0
2020-11-05,210206.74363383403,LEVER,TQQQ|SIG_BASE|BAND_3|OFF_BASE,10.0
2020-11-06,210917.17993801006,LEVER,TQQQ|SIG_BASE|BAND_3|OFF_BASE,10.0
2020-11-09,198044.87180799298,LEVER,TQQQ|SIG_BASE|BAND_3|OFF_BASE,10.0
2020-11-10,187359.6626305927,LEVER,TQQQ|SIG_BASE|BAND_3|OFF_BASE,10.0
2020-11-11,199953.3997807508,LEVER,TQQQ|SIG_BASE|BAND_3|OFF_BASE,10.0
2020-11-12,197027.9137361806,LEVER,TQQQ|SIG_BASE|BAND_3|OFF_BASE,10.0
2020-11-13,202196.33338764266,LEVER,TQQQ|SIG_BASE|BAND_3|OFF_BASE,10.0
2020-11-16,206849.30303657407,LEVER,TQQQ|SIG_BASE|BAND_3|OFF_BASE,10.0
2020-11-17,204940.81967800268,LEVER,TQQQ|SIG_BASE|BAND_3|OFF_BASE,10.0
2020-11-18,200190.21188214276,LEVER,TQQQ|SIG_BASE|BAND_3|OFF_BASE,10.0
2020-11-19,205149.74791289694,LEVER,TQQQ|SIG_BASE|BAND_3|OFF_BASE,10.0
2020-11-20,200984.3443999984,LEVER,TQQQ|SIG_BASE|BAND_3|OFF_BASE,10.0
2020-11-23,201026.1032784654,LEVER,TQQQ|SIG_BASE|BAND_3|OFF_BASE,10.0
2020-11-24,209245.44175955106,LEVER,TQQQ|SIG_BASE|BAND_3|OFF_BASE,10.0
2020-11-25,213187.99741139964,LEVER,TQQQ|SIG_BASE|BAND_3|OFF_BASE,10.0
2020-11-27,219011.19716950823,LEVER,TQQQ|SIG_BASE|BAND_3|OFF_BASE,10.0
2020-11-30,220139.6460931252,LEVER,TQQQ|SIG_BASE|BAND_3|OFF_BASE,10.0
2020-12-01,228790.8275914347,LEVER,TQQQ|SIG_BASE|BAND_3|OFF_BASE,10.0
2020-12-02,229710.303665971,LEVER,TQQQ|SIG_BASE|BAND_3|OFF_BASE,10.0
2020-12-03,230643.69936666297,LEVER,TQQQ|SIG_BASE|BAND_3|OFF_BASE,10.0
2020-12-04,233471.65879977067,LEVER,TQQQ|SIG_BASE|BAND_3|OFF_BASE,10.0
2020-12-07,237428.08946358852,LEVER,TQQQ|SIG_BASE|BAND_3|OFF_BASE,10.0
2020-12-08,239601.42493970203,LEVER,TQQQ|SIG_BASE|BAND_3|OFF_BASE,10.0
2020-12-09,223552.74288791468,LEVER,TQQQ|SIG_BASE|BAND_3|OFF_BASE,10.0
2020-12-10,226297.20687118152,LEVER,TQQQ|SIG_BASE|BAND_3|OFF_BASE,10.0
2020-12-11,224709.0533709362,LEVER,TQQQ|SIG_BASE|BAND_3|OFF_BASE,10.0
2020-12-14,229501.33081689032,LEVER,TQQQ|SIG_BASE|BAND_3|OFF_BASE,10.0
2020-12-15,236634.06848119883,LEVER,TQQQ|SIG_BASE|BAND_3|OFF_BASE,10.0
2020-12-16,240604.46338535874,LEVER,TQQQ|SIG_BASE|BAND_3|OFF_BASE,10.0
2020-12-17,245536.0709354288,LEVER,TQQQ|SIG_BASE|BAND_3|OFF_BASE,10.0
2020-12-18,242861.2943113131,LEVER,TQQQ|SIG_BASE|BAND_3|OFF_BASE,10.0
2020-12-21,241955.7601700257,LEVER,TQQQ|SIG_BASE|BAND_3|OFF_BASE,10.0
2020-12-22,243864.28814278348,LEVER,TQQQ|SIG_BASE|BAND_3|OFF_BASE,10.0
2020-12-23,240186.51768719745,LEVER,TQQQ|SIG_BASE|BAND_3|OFF_BASE,10.0
2020-12-24,243307.03464759944,LEVER,TQQQ|SIG_BASE|BAND_3|OFF_BASE,10.0
2020-12-28,250607.03089670802,LEVER,TQQQ|SIG_BASE|BAND_3|OFF_BASE,10.0
2020-12-29,251345.37337447502,LEVER,TQQQ|SIG_BASE|BAND_3|OFF_BASE,10.0
2020-12-30,251303.5698818216,LEVER,TQQQ|SIG_BASE|BAND_3|OFF_BASE,10.0
2020-12-31,253267.84328048167,LEVER,TQQQ|SIG_BASE|BAND_3|OFF_BASE,10.0
2021-01-04,242192.6391926974,LEVER,TQQQ|SIG_BASE|BAND_3|OFF_BASE,10.0
2021-01-05,248266.5483712605,LEVER,TQQQ|SIG_BASE|BAND_3|OFF_BASE,10.0
2021-01-06,237999.35181330115,LEVER,TQQQ|SIG_BASE|BAND_3|OFF_BASE,10.0
2021-01-07,255190.35780067477,LEVER,TQQQ|SIG_BASE|BAND_3|OFF_BASE,10.0
2021-01-08,265081.4121531262,LEVER,TQQQ|SIG_BASE|BAND_3|OFF_BASE,10.0
2021-01-11,253365.36989194422,LEVER,TQQQ|SIG_BASE|BAND_3|OFF_BASE,10.0
2021-01-12,252264.82714191818,LEVER,TQQQ|SIG_BASE|BAND_3|OFF_BASE,10.0
2021-01-13,257168.55082549047,LEVER,TQQQ|SIG_BASE|BAND_3|OFF_BASE,10.0
2021-01-14,253253.8567330464,LEVER,TQQQ|SIG_BASE|BAND_3|OFF_BASE,10.0
2021-01-15,247096.3182620833,LEVER,TQQQ|SIG_BASE|BAND_3|OFF_BASE,10.0
2021-01-19,257809.38899888814,LEVER,TQQQ|SIG_BASE|BAND_3|OFF_BASE,10.0
2021-01-20,275780.5409566821,LEVER,TQQQ|SIG_BASE|BAND_3|OFF_BASE,10.0
2021-01-21,282634.640719852,LEVER,TQQQ|SIG_BASE|BAND_3|OFF_BASE,10.0
2021-01-22,280071.31033335446,LEVER,TQQQ|SIG_BASE|BAND_3|OFF_BASE,10.0
2021-01-25,287844.8638639675,LEVER,TQQQ|SIG_BASE|BAND_3|OFF_BASE,10.0
2021-01-26,288151.31871032424,LEVER,TQQQ|SIG_BASE|BAND_3|OFF_BASE,10.0
2021-01-27,264914.30971797847,LEVER,TQQQ|SIG_BASE|BAND_3|OFF_BASE,10.0
2021-01-28,268814.9726488008,LEVER,TQQQ|SIG_BASE|BAND_3|OFF_BASE,10.0
2021-01-29,252069.7739189931,LEVER,TQQQ|SIG_BASE|BAND_3|OFF_BASE,10.0
2021-02-01,270598.1793719712,LEVER,TQQQ|SIG_BASE|BAND_3|OFF_BASE,10.0
2021-02-02,283693.424591411,LEVER,TQQQ|SIG_BASE|BAND_3|OFF_BASE,10.0
2021-02-03,280433.5106056135,LEVER,TQQQ|SIG_BASE|BAND_3|OFF_BASE,10.0
2021-02-04,290352.5157458423,LEVER,TQQQ|SIG_BASE|BAND_3|OFF_BASE,10.0
2021-02-05,293389.44802803063,LEVER,TQQQ|SIG_BASE|BAND_3|OFF_BASE,10.0
2021-02-08,299129.0631079256,LEVER,TQQQ|SIG_BASE|BAND_3|OFF_BASE,10.0
2021-02-09,298989.7776179961,LEVER,TQQQ|SIG_BASE|BAND_3|OFF_BASE,10.0
2021-02-10,296872.25448906445,LEVER,TQQQ|SIG_BASE|BAND_3|OFF_BASE,10.0
2021-02-11,301664.50962792535,LEVER,TQQQ|SIG_BASE|BAND_3|OFF_BASE,10.0
2021-02-12,306791.2150151068,LEVER,TQQQ|SIG_BASE|BAND_3|OFF_BASE,10.0
2021-02-16,304227.9069357025,LEVER,TQQQ|SIG_BASE|BAND_3|OFF_BASE,10.0
2021-02-17,299992.8160636528,LEVER,TQQQ|SIG_BASE|BAND_3|OFF_BASE,10.0
2021-02-18,295952.8007216213,LEVER,TQQQ|SIG_BASE|BAND_3|OFF_BASE,10.0
2021-02-19,292052.0931766126,LEVER,TQQQ|SIG_BASE|BAND_3|OFF_BASE,10.0
2021-02-22,269427.92695570074,LEVER,TQQQ|SIG_BASE|BAND_3|OFF_BASE,10.0
2021-02-23,267031.81053981686,LEVER,TQQQ|SIG_BASE|BAND_3|OFF_BASE,10.0
2021-02-24,273467.96460482536,LEVER,TQQQ|SIG_BASE|BAND_3|OFF_BASE,10.0
2021-02-25,244909.15238818678,LEVER,TQQQ|SIG_BASE|BAND_3|OFF_BASE,10.0
2021-02-26,248586.98976505242,LEVER,TQQQ|SIG_BASE|BAND_3|OFF_BASE,10.0
2021-03-01,270263.773737837,LEVER,TQQQ|SIG_BASE|BAND_3|OFF_BASE,10.0
2021-03-02,257307.85862251307,LEVER,TQQQ|SIG_BASE|BAND_3|OFF_BASE,10.0
2021-03-03,234990.19186214445,LEVER,TQQQ|SIG_BASE|BAND_3|OFF_BASE,10.0
2021-03-04,223371.65390533177,LEVER,TQQQ|SIG_BASE|BAND_3|OFF_BASE,10.0
2021-03-05,233374.17680249456,LEVER,TQQQ|SIG_BASE|BAND_3|OFF_BASE,10.0
2021-03-08,213424.80951279166,LEVER,TQQQ|SIG_BASE|BAND_3|OFF_BASE,10.0
2021-03-09,238556.6053084851,LEVER,TQQQ|SIG_BASE|BAND_3|OFF_BASE,10.0
2021-03-10,236522.6222435807,LEVER,TQQQ|SIG_BASE|BAND_3|OFF_BASE,10.0
2021-03-11,252933.5045676271,LEVER,TQQQ|SIG_BASE|BAND_3|OFF_BASE,10.0
2021-03-12,246636.5690712685,LEVER,TQQQ|SIG_BASE|BAND_3|OFF_BASE,10.0
2021-03-15,254521.61345368603,LEVER,TQQQ|SIG_BASE|BAND_3|OFF_BASE,10.0
2021-03-16,258700.9588998334,LEVER,TQQQ|SIG_BASE|BAND_3|OFF_BASE,10.0
2021-03-17,261960.80596435128,LEVER,TQQQ|SIG_BASE|BAND_3|OFF_BASE,10.0
2021-03-18,237915.7448279942,LEVER,TQQQ|SIG_BASE|BAND_3|OFF_BASE,10.0
2021-03-19,240952.69941727575,LEVER,TQQQ|SIG_BASE|BAND_3|OFF_BASE,10.0
2021-03-22,253797.19060207473,LEVER,TQQQ|SIG_BASE|BAND_3|OFF_BASE,10.0
2021-03-23,250481.57580456138,LEVER,TQQQ|SIG_BASE|BAND_3|OFF_BASE,10.0
2021-03-24,237832.16014978063,LEVER,TQQQ|SIG_BASE|BAND_3|OFF_BASE,10.0
2021-03-25,236550.4391887989,LEVER,TQQQ|SIG_BASE|BAND_3|OFF_BASE,10.0
2021-03-26,246998.81395771398,LEVER,TQQQ|SIG_BASE|BAND_3|OFF_BASE,10.0
2021-03-29,246859.50616069126,LEVER,TQQQ|SIG_BASE|BAND_3|OFF_BASE,10.0
2021-03-30,243348.88275443928,LEVER,TQQQ|SIG_BASE|BAND_3|OFF_BASE,10.0
2021-03-31,254270.85941904518,LEVER,TQQQ|SIG_BASE|BAND_3|OFF_BASE,10.0
2021-04-01,267199.0022033373,LEVER,TQQQ|SIG_BASE|BAND_3|OFF_BASE,10.0
2021-04-05,283247.61733384506,LEVER,TQQQ|SIG_BASE|BAND_3|OFF_BASE,10.0
2021-04-06,282578.91760104283,LEVER,TQQQ|SIG_BASE|BAND_3|OFF_BASE,10.0
2021-04-07,284668.5791705699,LEVER,TQQQ|SIG_BASE|BAND_3|OFF_BASE,10.0
2021-04-08,293556.639691551,LEVER,TQQQ|SIG_BASE|BAND_3|OFF_BASE,10.0
2021-04-09,298878.3090732846,LEVER,TQQQ|SIG_BASE|BAND_3|OFF_BASE,10.0
2021-04-12,297708.10127120063,LEVER,TQQQ|SIG_BASE|BAND_3|OFF_BASE,10.0
2021-04-13,307905.67739128845,LEVER,TQQQ|SIG_BASE|BAND_3|OFF_BASE,10.0
2021-04-14,297095.1692713939,LEVER,TQQQ|SIG_BASE|BAND_3|OFF_BASE,10.0
2021-04-15,310218.2537431451,LEVER,TQQQ|SIG_BASE|BAND_3|OFF_BASE,10.0
2021-04-16,311527.79164934496,LEVER,TQQQ|SIG_BASE|BAND_3|OFF_BASE,10.0
2021-04-19,303029.81526712066,LEVER,TQQQ|SIG_BASE|BAND_3|OFF_BASE,10.0
2021-04-20,296398.60797918716,LEVER,TQQQ|SIG_BASE|BAND_3|OFF_BASE,10.0
2021-04-21,303893.5236086615,LEVER,TQQQ|SIG_BASE|BAND_3|OFF_BASE,10.0
2021-04-22,292832.14991866006,LEVER,TQQQ|SIG_BASE|BAND_3|OFF_BASE,10.0
2021-04-23,303865.6620492569,LEVER,TQQQ|SIG_BASE|BAND_3|OFF_BASE,10.0
2021-04-26,309883.9150302905,LEVER,TQQQ|SIG_BASE|BAND_3|OFF_BASE,10.0
2021-04-27,305816.0381288545,LEVER,TQQQ|SIG_BASE|BAND_3|OFF_BASE,10.0
2021-04-28,302667.59268776834,LEVER,TQQQ|SIG_BASE|BAND_3|OFF_BASE,10.0
2021-04-29,305704.5918912363,LEVER,TQQQ|SIG_BASE|BAND_3|OFF_BASE,10.0
2021-04-30,299964.97681134136,LEVER,TQQQ|SIG_BASE|BAND_3|OFF_BASE,10.0
2021-05-03,295061.23082067585,LEVER,TQQQ|SIG_BASE|BAND_3|OFF_BASE,10.0
2021-05-04,279514.0568381703,LEVER,TQQQ|SIG_BASE|BAND_3|OFF_BASE,10.0
2021-05-05,276254.1874665592,LEVER,TQQQ|SIG_BASE|BAND_3|OFF_BASE,10.0
2021-05-06,282300.2796999041,LEVER,TQQQ|SIG_BASE|BAND_3|OFF_BASE,10.0
2021-05-07,289210.1248889763,LEVER,TQQQ|SIG_BASE|BAND_3|OFF_BASE,10.0
2021-05-10,267477.57318319625,LEVER,TQQQ|SIG_BASE|BAND_3|OFF_BASE,10.0
2021-05-11,266140.1514104986,LEVER,TQQQ|SIG_BASE|BAND_3|OFF_BASE,10.0
2021-05-12,245884.35158153213,LEVER,TQQQ|SIG_BASE|BAND_3|OFF_BASE,10.0
2021-05-13,251066.69085914988,LEVER,TQQQ|SIG_BASE|BAND_3|OFF_BASE,10.0
2021-05-14,267393.9661978895,LEVER,TQQQ|SIG_BASE|BAND_3|OFF_BASE,10.0
2021-05-17,262880.23742470116,LEVER,TQQQ|SIG_BASE|BAND_3|OFF_BASE,10.0
2021-05-18,257363.58174132212,LEVER,TQQQ|SIG_BASE|BAND_3|OFF_BASE,10.0
2021-05-19,258310.87476107661,LEVER,TQQQ|SIG_BASE|BAND_3|OFF_BASE,10.0
2021-05-20,273245.02751540265,LEVER,TQQQ|SIG_BASE|BAND_3|OFF_BASE,10.0
2021-05-21,268731.3879705871,LEVER,TQQQ|SIG_BASE|BAND_3|OFF_BASE,10.0
2021-05-24,282188.8780764724,LEVER,TQQQ|SIG_BASE|BAND_3|OFF_BASE,10.0
2021-05-25,283554.09448729496,LEVER,TQQQ|SIG_BASE|BAND_3|OFF_BASE,10.0
2021-05-26,286423.92433433566,LEVER,TQQQ|SIG_BASE|BAND_3|OFF_BASE,10.0
2021-05-27,283080.40336323134,LEVER,TQQQ|SIG_BASE|BAND_3|OFF_BASE,10.0
2021-05-28,285838.8092797471,LEVER,TQQQ|SIG_BASE|BAND_3|OFF_BASE,10.0
2021-06-01,283052.6087251064,LEVER,TQQQ|SIG_BASE|BAND_3|OFF_BASE,10.0
2021-06-02,284529.27137354715,LEVER,TQQQ|SIG_BASE|BAND_3|OFF_BASE,10.0
2021-06-03,275585.48773375695,LEVER,TQQQ|SIG_BASE|BAND_3|OFF_BASE,10.0
2021-06-04,289711.65526535123,LEVER,TQQQ|SIG_BASE|BAND_3|OFF_BASE,10.0
2021-06-07,292274.9410376624,LEVER,TQQQ|SIG_BASE|BAND_3|OFF_BASE,10.0
2021-06-08,292609.3689788897,LEVER,TQQQ|SIG_BASE|BAND_3|OFF_BASE,10.0
2021-06-09,292943.7076917442,LEVER,TQQQ|SIG_BASE|BAND_3|OFF_BASE,10.0
2021-06-10,301915.30827675253,LEVER,TQQQ|SIG_BASE|BAND_3|OFF_BASE,10.0
2021-06-11,304311.491613916,LEVER,TQQQ|SIG_BASE|BAND_3|OFF_BASE,10.0
2021-06-14,312837.2849413585,LEVER,TQQQ|SIG_BASE|BAND_3|OFF_BASE,10.0
2021-06-15,307041.9913568408,LEVER,TQQQ|SIG_BASE|BAND_3|OFF_BASE,10.0
2021-06-16,303754.1711974524,LEVER,TQQQ|SIG_BASE|BAND_3|OFF_BASE,10.0
2021-06-17,315094.1604814993,LEVER,TQQQ|SIG_BASE|BAND_3|OFF_BASE,10.0
2021-06-18,307571.40559971356,LEVER,TQQQ|SIG_BASE|BAND_3|OFF_BASE,10.0
2021-06-21,313199.50752071076,LEVER,TQQQ|SIG_BASE|BAND_3|OFF_BASE,10.0
2021-06-22,321948.28255176236,LEVER,TQQQ|SIG_BASE|BAND_3|OFF_BASE,10.0
2021-06-23,322505.5137398532,LEVER,TQQQ|SIG_BASE|BAND_3|OFF_BASE,10.0
2021-06-24,328440.18204267323,LEVER,TQQQ|SIG_BASE|BAND_3|OFF_BASE,10.0
2021-06-25,327409.23742342554,LEVER,TQQQ|SIG_BASE|BAND_3|OFF_BASE,10.0
2021-06-28,338999.98074211326,LEVER,TQQQ|SIG_BASE|BAND_3|OFF_BASE,10.0
2021-06-29,342817.10360890836,LEVER,TQQQ|SIG_BASE|BAND_3|OFF_BASE,10.0
2021-06-30,341312.5570939699,LEVER,TQQQ|SIG_BASE|BAND_3|OFF_BASE,10.0
2021-07-01,341479.70414330397,LEVER,TQQQ|SIG_BASE|BAND_3|OFF_BASE,10.0
2021-07-02,353070.4251548985,LEVER,TQQQ|SIG_BASE|BAND_3|OFF_BASE,10.0
2021-07-06,357806.97948204353,LEVER,TQQQ|SIG_BASE|BAND_3|OFF_BASE,10.0
2021-07-07,360091.71658158884,LEVER,TQQQ|SIG_BASE|BAND_3|OFF_BASE,10.0
2021-07-08,353850.5265111325,LEVER,TQQQ|SIG_BASE|BAND_3|OFF_BASE,10.0
2021-07-09,359840.89562566835,LEVER,TQQQ|SIG_BASE|BAND_3|OFF_BASE,10.0
2021-07-12,364354.71362722944,LEVER,TQQQ|SIG_BASE|BAND_3|OFF_BASE,10.0
2021-07-13,364159.57117593166,LEVER,TQQQ|SIG_BASE|BAND_3|OFF_BASE,10.0
2021-07-14,366137.7865078406,LEVER,TQQQ|SIG_BASE|BAND_3|OFF_BASE,10.0
2021-07-15,358559.2862001526,LEVER,TQQQ|SIG_BASE|BAND_3|OFF_BASE,10.0
2021-07-16,349754.81035738514,LEVER,TQQQ|SIG_BASE|BAND_3|OFF_BASE,10.0
2021-07-19,341368.2579056858,LEVER,TQQQ|SIG_BASE|BAND_3|OFF_BASE,10.0
2021-07-20,352624.5955902394,LEVER,TQQQ|SIG_BASE|BAND_3|OFF_BASE,10.0
2021-07-21,360676.72010071145,LEVER,TQQQ|SIG_BASE|BAND_3|OFF_BASE,10.0
2021-07-22,368255.26502258587,LEVER,TQQQ|SIG_BASE|BAND_3|OFF_BASE,10.0
2021-07-23,380486.9134359509,LEVER,TQQQ|SIG_BASE|BAND_3|OFF_BASE,10.0
2021-07-26,382074.91078654386,LEVER,TQQQ|SIG_BASE|BAND_3|OFF_BASE,10.0
2021-07-27,369592.6644881904,LEVER,TQQQ|SIG_BASE|BAND_3|OFF_BASE,10.0
2021-07-28,373632.79136568785,LEVER,TQQQ|SIG_BASE|BAND_3|OFF_BASE,10.0
2021-07-29,375471.65428638767,LEVER,TQQQ|SIG_BASE|BAND_3|OFF_BASE,10.0
2021-07-30,369843.5077512041,LEVER,TQQQ|SIG_BASE|BAND_3|OFF_BASE,10.0
2021-08-02,369731.9945923063,LEVER,TQQQ|SIG_BASE|BAND_3|OFF_BASE,10.0
2021-08-03,376168.2155785945,LEVER,TQQQ|SIG_BASE|BAND_3|OFF_BASE,10.0
2021-08-04,378034.9623657921,LEVER,TQQQ|SIG_BASE|BAND_3|OFF_BASE,10.0
2021-08-05,385139.7715494164,LEVER,TQQQ|SIG_BASE|BAND_3|OFF_BASE,10.0
2021-08-06,380124.64624241233,LEVER,TQQQ|SIG_BASE|BAND_3|OFF_BASE,10.0
2021-08-09,382158.56238603714,LEVER,TQQQ|SIG_BASE|BAND_3|OFF_BASE,10.0
2021-08-10,376446.8311726399,LEVER,TQQQ|SIG_BASE|BAND_3|OFF_BASE,10.0
2021-08-11,374412.8704148287,LEVER,TQQQ|SIG_BASE|BAND_3|OFF_BASE,10.0
2021-08-12,378313.62257402384,LEVER,TQQQ|SIG_BASE|BAND_3|OFF_BASE,10.0
2021-08-13,382102.83926722803,LEVER,TQQQ|SIG_BASE|BAND_3|OFF_BASE,10.0
2021-08-16,382771.56130712345,LEVER,TQQQ|SIG_BASE|BAND_3|OFF_BASE,10.0
2021-08-17,372713.3152911516,LEVER,TQQQ|SIG_BASE|BAND_3|OFF_BASE,10.0
2021-08-18,361874.9456118525,LEVER,TQQQ|SIG_BASE|BAND_3|OFF_BASE,10.0
2021-08-19,367029.3787158793,LEVER,TQQQ|SIG_BASE|BAND_3|OFF_BASE,10.0
2021-08-20,378369.30107864656,LEVER,TQQQ|SIG_BASE|BAND_3|OFF_BASE,10.0
2021-08-23,395225.8791247928,LEVER,TQQQ|SIG_BASE|BAND_3|OFF_BASE,10.0
2021-08-24,399126.76512654714,LEVER,TQQQ|SIG_BASE|BAND_3|OFF_BASE,10.0
2021-08-25,399572.5500770198,LEVER,TQQQ|SIG_BASE|BAND_3|OFF_BASE,10.0
2021-08-26,392801.99037787714,LEVER,TQQQ|SIG_BASE|BAND_3|OFF_BASE,10.0
2021-08-27,404281.2651518535,LEVER,TQQQ|SIG_BASE|BAND_3|OFF_BASE,10.0
2021-08-30,417682.96521765017,LEVER,TQQQ|SIG_BASE|BAND_3|OFF_BASE,10.0
2021-08-31,416512.73510847293,LEVER,TQQQ|SIG_BASE|BAND_3|OFF_BASE,10.0
2021-09-01,418797.4722080182,LEVER,TQQQ|SIG_BASE|BAND_3|OFF_BASE,10.0
2021-09-02,418212.401767616,LEVER,TQQQ|SIG_BASE|BAND_3|OFF_BASE,10.0
2021-09-03,421973.77920850884,LEVER,TQQQ|SIG_BASE|BAND_3|OFF_BASE,10.0
2021-09-07,423701.2405057769,LEVER,TQQQ|SIG_BASE|BAND_3|OFF_BASE,10.0
2021-09-08,419354.70339610905,LEVER,TQQQ|SIG_BASE|BAND_3|OFF_BASE,10.0
2021-09-09,414868.88079651166,LEVER,TQQQ|SIG_BASE|BAND_3|OFF_BASE,10.0
2021-09-10,405534.9684037783,LEVER,TQQQ|SIG_BASE|BAND_3|OFF_BASE,10.0
2021-09-13,404615.5592505216,LEVER,TQQQ|SIG_BASE|BAND_3|OFF_BASE,10.0
2021-09-14,401132.7527894878,LEVER,TQQQ|SIG_BASE|BAND_3|OFF_BASE,10.0
2021-09-15,410020.88023174845,LEVER,TQQQ|SIG_BASE|BAND_3|OFF_BASE,10.0
2021-09-16,410828.7985332006,LEVER,TQQQ|SIG_BASE|BAND_3|OFF_BASE,10.0
2021-09-17,396312.5914770359,LEVER,TQQQ|SIG_BASE|BAND_3|OFF_BASE,10.0
2021-09-20,371933.2585491039,LEVER,TQQQ|SIG_BASE|BAND_3|OFF_BASE,10.0
2021-09-21,372406.83813770156,LEVER,TQQQ|SIG_BASE|BAND_3|OFF_BASE,10.0
2021-09-22,383300.9978570893,LEVER,TQQQ|SIG_BASE|BAND_3|OFF_BASE,10.0
2021-09-23,393944.29200637026,LEVER,TQQQ|SIG_BASE|BAND_3|OFF_BASE,10.0
2021-09-24,395058.8436109247,LEVER,TQQQ|SIG_BASE|BAND_3|OFF_BASE,10.0
2021-09-27,385529.92260945274,LEVER,TQQQ|SIG_BASE|BAND_3|OFF_BASE,10.0
2021-09-28,353376.8576941622,LEVER,TQQQ|SIG_BASE|BAND_3|OFF_BASE,10.0
2021-09-29,351036.4867041806,LEVER,TQQQ|SIG_BASE|BAND_3|OFF_BASE,10.0
2021-09-30,347080.01142617635,LEVER,TQQQ|SIG_BASE|BAND_3|OFF_BASE,10.0
2021-10-01,353404.74156065995,LEVER,TQQQ|SIG_BASE|BAND_3|OFF_BASE,10.0
2021-10-04,331672.1452406935,LEVER,TQQQ|SIG_BASE|BAND_3|OFF_BASE,10.0
2021-10-05,344433.1186685584,LEVER,TQQQ|SIG_BASE|BAND_3|OFF_BASE,10.0
2021-10-06,351231.51762001246,LEVER,TQQQ|SIG_BASE|BAND_3|OFF_BASE,10.0
2021-10-07,360732.51014080027,LEVER,TQQQ|SIG_BASE|BAND_3|OFF_BASE,10.0
2021-10-08,355187.92597673705,LEVER,TQQQ|SIG_BASE|BAND_3|OFF_BASE,10.0
2021-10-11,347302.94851559907,LEVER,TQQQ|SIG_BASE|BAND_3|OFF_BASE,10.0
2021-10-12,343764.41893575614,LEVER,TQQQ|SIG_BASE|BAND_3|OFF_BASE,10.0
2021-10-13,351816.56575332134,LEVER,TQQQ|SIG_BASE|BAND_3|OFF_BASE,10.0
2021-10-14,371236.54110724473,LEVER,TQQQ|SIG_BASE|BAND_3|OFF_BASE,10.0
2021-10-15,378118.6139652852,LEVER,TQQQ|SIG_BASE|BAND_3|OFF_BASE,10.0
2021-10-18,389458.46940677287,LEVER,TQQQ|SIG_BASE|BAND_3|OFF_BASE,10.0
2021-10-19,398012.1689078062,LEVER,TQQQ|SIG_BASE|BAND_3|OFF_BASE,10.0
2021-10-20,396758.421041695,LEVER,TQQQ|SIG_BASE|BAND_3|OFF_BASE,10.0
2021-10-21,403863.2748395057,LEVER,TQQQ|SIG_BASE|BAND_3|OFF_BASE,10.0
2021-10-22,393637.8371600134,LEVER,TQQQ|SIG_BASE|BAND_3|OFF_BASE,10.0
2021-10-25,405451.40603265783,LEVER,TQQQ|SIG_BASE|BAND_3|OFF_BASE,10.0
2021-10-26,409240.7119542348,LEVER,TQQQ|SIG_BASE|BAND_3|OFF_BASE,10.0
2021-10-27,412472.6974593482,LEVER,TQQQ|SIG_BASE|BAND_3|OFF_BASE,10.0
2021-10-28,426013.7276292607,LEVER,TQQQ|SIG_BASE|BAND_3|OFF_BASE,10.0
2021-10-29,432310.66312561935,LEVER,TQQQ|SIG_BASE|BAND_3|OFF_BASE,10.0
2021-11-01,436573.548635794,LEVER,TQQQ|SIG_BASE|BAND_3|OFF_BASE,10.0
2021-11-02,442396.681472623,LEVER,TQQQ|SIG_BASE|BAND_3|OFF_BASE,10.0
2021-11-03,456439.3535543765,LEVER,TQQQ|SIG_BASE|BAND_3|OFF_BASE,10.0
2021-11-04,473463.2347995093,LEVER,TQQQ|SIG_BASE|BAND_3|OFF_BASE,10.0
2021-11-05,475218.5353490887,LEVER,TQQQ|SIG_BASE|BAND_3|OFF_BASE,10.0
2021-11-08,473268.13696239796,LEVER,TQQQ|SIG_BASE|BAND_3|OFF_BASE,10.0
2021-11-09,463516.41271406243,LEVER,TQQQ|SIG_BASE|BAND_3|OFF_BASE,10.0
2021-11-10,443204.7782308209,LEVER,TQQQ|SIG_BASE|BAND_3|OFF_BASE,10.0
2021-11-11,446798.9863152865,LEVER,TQQQ|SIG_BASE|BAND_3|OFF_BASE,10.0
2021-11-12,460980.8546585967,LEVER,TQQQ|SIG_BASE|BAND_3|OFF_BASE,10.0
2021-11-15,460841.6137828536,LEVER,TQQQ|SIG_BASE|BAND_3|OFF_BASE,10.0
2021-11-16,470370.4455559527,LEVER,TQQQ|SIG_BASE|BAND_3|OFF_BASE,10.0
2021-11-17,470927.7659724164,LEVER,TQQQ|SIG_BASE|BAND_3|OFF_BASE,10.0
2021-11-18,485332.4375625901,LEVER,TQQQ|SIG_BASE|BAND_3|OFF_BASE,10.0
2021-11-19,493551.8429649554,LEVER,TQQQ|SIG_BASE|BAND_3|OFF_BASE,10.0
2021-11-22,476444.488577075,LEVER,TQQQ|SIG_BASE|BAND_3|OFF_BASE,10.0
2021-11-23,469952.4998577914,LEVER,TQQQ|SIG_BASE|BAND_3|OFF_BASE,10.0
2021-11-24,474299.0815816457,LEVER,TQQQ|SIG_BASE|BAND_3|OFF_BASE,10.0
2021-11-26,448136.4303950774,LEVER,TQQQ|SIG_BASE|BAND_3|OFF_BASE,10.0
2021-11-29,475970.81976010464,LEVER,TQQQ|SIG_BASE|BAND_3|OFF_BASE,10.0
2021-11-30,455519.89978693356,LEVER,TQQQ|SIG_BASE|BAND_3|OFF_BASE,10.0
2021-12-01,432143.4937691923,LEVER,TQQQ|SIG_BASE|BAND_3|OFF_BASE,10.0
2021-12-02,440279.29218625074,LEVER,TQQQ|SIG_BASE|BAND_3|OFF_BASE,10.0
2021-12-03,418156.5448062479,LEVER,TQQQ|SIG_BASE|BAND_3|OFF_BASE,10.0
2021-12-06,427936.242149454,LEVER,TQQQ|SIG_BASE|BAND_3|OFF_BASE,10.0
2021-12-07,466525.4165155668,LEVER,TQQQ|SIG_BASE|BAND_3|OFF_BASE,10.0
2021-12-08,473017.4498490369,LEVER,TQQQ|SIG_BASE|BAND_3|OFF_BASE,10.0
2021-12-09,452594.4137423635,LEVER,TQQQ|SIG_BASE|BAND_3|OFF_BASE,10.0
2021-12-10,466609.0235008737,LEVER,TQQQ|SIG_BASE|BAND_3|OFF_BASE,10.0
2021-12-13,446548.2099735526,LEVER,TQQQ|SIG_BASE|BAND_3|OFF_BASE,10.0
2021-12-14,433257.91153118777,LEVER,TQQQ|SIG_BASE|BAND_3|OFF_BASE,10.0
2021-12-15,461928.1922925377,LEVER,TQQQ|SIG_BASE|BAND_3|OFF_BASE,10.0
2021-12-16,426682.40505497006,LEVER,TQQQ|SIG_BASE|BAND_3|OFF_BASE,10.0
2021-12-17,420162.62169756147,LEVER,TQQQ|SIG_BASE|BAND_3|OFF_BASE,10.0
2021-12-20,407596.85764227394,LEVER,TQQQ|SIG_BASE|BAND_3|OFF_BASE,10.0
2021-12-21,434846.176566899,LEVER,TQQQ|SIG_BASE|BAND_3|OFF_BASE,10.0
2021-12-22,450365.35514744086,LEVER,TQQQ|SIG_BASE|BAND_3|OFF_BASE,10.0
2021-12-23,461064.46164390363,LEVER,TQQQ|SIG_BASE|BAND_3|OFF_BASE,10.0
2021-12-27,483103.5574244133,LEVER,TQQQ|SIG_BASE|BAND_3|OFF_BASE,10.0
2021-12-28,477419.5762349546,LEVER,TQQQ|SIG_BASE|BAND_3|OFF_BASE,10.0
2021-12-29,476667.2918239387,LEVER,TQQQ|SIG_BASE|BAND_3|OFF_BASE,10.0
2021-12-30,472209.3084766527,LEVER,TQQQ|SIG_BASE|BAND_3|OFF_BASE,10.0
2021-12-31,463432.716500383,LEVER,TQQQ|SIG_BASE|BAND_3|OFF_BASE,10.0
2022-01-03,476806.666542241,LEVER,TQQQ|SIG_BASE|BAND_3|OFF_BASE,10.0
2022-01-04,458278.26108926296,LEVER,TQQQ|SIG_BASE|BAND_3|OFF_BASE,10.0
2022-01-05,416122.71789099596,LEVER,TQQQ|SIG_BASE|BAND_3|OFF_BASE,10.0
2022-01-06,414980.2824199437,LEVER,TQQQ|SIG_BASE|BAND_3|OFF_BASE,10.0
2022-01-07,401411.36838353344,LEVER,TQQQ|SIG_BASE|BAND_3|OFF_BASE,10.0
2022-01-10,402888.14256744017,LEVER,TQQQ|SIG_BASE|BAND_3|OFF_BASE,10.0
2022-01-11,420608.4512622205,LEVER,TQQQ|SIG_BASE|BAND_3|OFF_BASE,10.0
2022-01-12,425400.7287081746,LEVER,TQQQ|SIG_BASE|BAND_3|OFF_BASE,10.0
2022-01-13,394529.4516751453,LEVER,TQQQ|SIG_BASE|BAND_3|OFF_BASE,10.0
2022-01-14,400491.95923027664,LEVER,TQQQ|SIG_BASE|BAND_3|OFF_BASE,10.0
2022-01-18,371626.66986018803,LEVER,TQQQ|SIG_BASE|BAND_3|OFF_BASE,10.0
2022-01-19,358698.59399717546,LEVER,TQQQ|SIG_BASE|BAND_3|OFF_BASE,10.0
2022-01-20,344823.180500222,LEVER,TQQQ|SIG_BASE|BAND_3|OFF_BASE,10.0
2022-01-21,315159.1625926378,OFF,TQQQ|SIG_BASE|BAND_3|OFF_BASE,10.0
2022-01-24,316601.9329644884,OFF,TQQQ|SIG_BASE|BAND_3|OFF_BASE,10.0
2022-01-25,309262.58858857723,OFF,TQQQ|SIG_BASE|BAND_3|OFF_BASE,10.0
2022-01-26,308778.7789533419,OFF,TQQQ|SIG_BASE|BAND_3|OFF_BASE,10.0
2022-01-27,305669.21270219213,OFF,TQQQ|SIG_BASE|BAND_3|OFF_BASE,10.0
2022-01-28,315257.69558342814,OFF,TQQQ|SIG_BASE|BAND_3|OFF_BASE,10.0
2022-01-31,325339.18076409015,OFF,TQQQ|SIG_BASE|BAND_3|OFF_BASE,10.0
2022-02-01,327552.6168733226,OFF,TQQQ|SIG_BASE|BAND_3|OFF_BASE,10.0
2022-02-02,330214.07588532934,OFF,TQQQ|SIG_BASE|BAND_3|OFF_BASE,10.0
2022-02-03,316825.95847193716,OFF,TQQQ|SIG_BASE|BAND_3|OFF_BASE,10.0
2022-02-04,320822.6870977968,OFF,TQQQ|SIG_BASE|BAND_3|OFF_BASE,10.0
2022-02-07,318241.85365428834,OFF,TQQQ|SIG_BASE|BAND_3|OFF_BASE,10.0
2022-02-08,321817.35023050435,OFF,TQQQ|SIG_BASE|BAND_3|OFF_BASE,10.0
2022-02-09,328636.9014538588,OFF,TQQQ|SIG_BASE|BAND_3|OFF_BASE,10.0
2022-02-10,321199.0521992803,OFF,TQQQ|SIG_BASE|BAND_3|OFF_BASE,10.0
2022-02-11,311010.0662606206,OFF,TQQQ|SIG_BASE|BAND_3|OFF_BASE,10.0
2022-02-14,311395.4272414344,OFF,TQQQ|SIG_BASE|BAND_3|OFF_BASE,10.0
2022-02-15,319137.9275719598,OFF,TQQQ|SIG_BASE|BAND_3|OFF_BASE,10.0
2022-02-16,319057.3020034615,OFF,TQQQ|SIG_BASE|BAND_3|OFF_BASE,10.0
2022-02-17,309567.26777664706,OFF,TQQQ|SIG_BASE|BAND_3|OFF_BASE,10.0
2022-02-18,306036.58192434534,OFF,TQQQ|SIG_BASE|BAND_3|OFF_BASE,10.0
2022-02-22,302962.8586299025,OFF,TQQQ|SIG_BASE|BAND_3|OFF_BASE,10.0
2022-02-23,295202.4508770851,OFF,TQQQ|SIG_BASE|BAND_3|OFF_BASE,10.0
2022-02-24,305122.54436013603,OFF,TQQQ|SIG_BASE|BAND_3|OFF_BASE,10.0
2022-02-25,309854.03954242484,OFF,TQQQ|SIG_BASE|BAND_3|OFF_BASE,10.0
2022-02-28,310777.0729859645,OFF,TQQQ|SIG_BASE|BAND_3|OFF_BASE,10.0
2022-03-01,306018.61827780755,OFF,TQQQ|SIG_BASE|BAND_3|OFF_BASE,10.0
2022-03-02,311153.4099753251,OFF,TQQQ|SIG_BASE|BAND_3|OFF_BASE,10.0
2022-03-03,306708.6865588141,OFF,TQQQ|SIG_BASE|BAND_3|OFF_BASE,10.0
2022-03-04,302263.87880593434,OFF,TQQQ|SIG_BASE|BAND_3|OFF_BASE,10.0
2022-03-07,291116.0445791511,OFF,TQQQ|SIG_BASE|BAND_3|OFF_BASE,10.0
2022-03-08,289762.8675430062,OFF,TQQQ|SIG_BASE|BAND_3|OFF_BASE,10.0
2022-03-09,300193.8145235293,OFF,TQQQ|SIG_BASE|BAND_3|OFF_BASE,10.0
2022-03-10,296860.2508770539,OFF,TQQQ|SIG_BASE|BAND_3|OFF_BASE,10.0
2022-03-11,290703.78029671486,OFF,TQQQ|SIG_BASE|BAND_3|OFF_BASE,10.0
2022-03-14,285120.9656964231,OFF,TQQQ|SIG_BASE|BAND_3|OFF_BASE,10.0
2022-03-15,294064.3315811814,OFF,TQQQ|SIG_BASE|BAND_3|OFF_BASE,10.0
2022-03-16,304970.12042973243,OFF,TQQQ|SIG_BASE|BAND_3|OFF_BASE,10.0
2022-03-17,308662.19797964516,OFF,TQQQ|SIG_BASE|BAND_3|OFF_BASE,10.0
2022-03-18,314979.9478091036,OFF,TQQQ|SIG_BASE|BAND_3|OFF_BASE,10.0
2022-03-21,314104.2551805399,OFF,TQQQ|SIG_BASE|BAND_3|OFF_BASE,10.0
2022-03-22,320277.1432406568,OFF,TQQQ|SIG_BASE|BAND_3|OFF_BASE,10.0
2022-03-23,315674.37346916075,OFF,TQQQ|SIG_BASE|BAND_3|OFF_BASE,10.0
2022-03-24,322690.70955286664,OFF,TQQQ|SIG_BASE|BAND_3|OFF_BASE,10.0
2022-03-25,322421.56408815173,OFF,TQQQ|SIG_BASE|BAND_3|OFF_BASE,10.0
2022-03-28,327410.25708291976,OFF,TQQQ|SIG_BASE|BAND_3|OFF_BASE,10.0
2022-03-29,333044.91043785267,OFF,TQQQ|SIG_BASE|BAND_3|OFF_BASE,10.0
2022-03-30,329366.2142584438,OFF,TQQQ|SIG_BASE|BAND_3|OFF_BASE,10.0
2022-03-31,325283.7436577168,OFF,TQQQ|SIG_BASE|BAND_3|OFF_BASE,10.0
2022-04-01,324664.7147112971,OFF,TQQQ|SIG_BASE|BAND_3|OFF_BASE,10.0
2022-04-04,331349.0747355902,OFF,TQQQ|SIG_BASE|BAND_3|OFF_BASE,10.0
2022-04-05,323991.7948252641,OFF,TQQQ|SIG_BASE|BAND_3|OFF_BASE,10.0
2022-04-06,316957.4107586517,OFF,TQQQ|SIG_BASE|BAND_3|OFF_BASE,10.0
2022-04-07,317711.1248859204,OFF,TQQQ|SIG_BASE|BAND_3|OFF_BASE,10.0
2022-04-08,313269.77492415824,OFF,TQQQ|SIG_BASE|BAND_3|OFF_BASE,10.0
2022-04-11,305858.6602984646,OFF,TQQQ|SIG_BASE|BAND_3|OFF_BASE,10.0
2022-04-12,304566.6552417661,OFF,TQQQ|SIG_BASE|BAND_3|OFF_BASE,10.0
2022-04-13,310757.5912847895,OFF,TQQQ|SIG_BASE|BAND_3|OFF_BASE,10.0
2022-04-14,303651.4369683947,OFF,TQQQ|SIG_BASE|BAND_3|OFF_BASE,10.0
2022-04-18,303884.7394764027,OFF,TQQQ|SIG_BASE|BAND_3|OFF_BASE,10.0
2022-04-19,310676.7970435538,OFF,TQQQ|SIG_BASE|BAND_3|OFF_BASE,10.0
2022-04-20,306145.74129759433,OFF,TQQQ|SIG_BASE|BAND_3|OFF_BASE,10.0
2022-04-21,299811.26475500606,OFF,TQQQ|SIG_BASE|BAND_3|OFF_BASE,10.0
2022-04-22,291960.4484149187,OFF,TQQQ|SIG_BASE|BAND_3|OFF_BASE,10.0
2022-04-25,295710.88673198706,OFF,TQQQ|SIG_BASE|BAND_3|OFF_BASE,10.0
2022-04-26,284549.3056771021,OFF,TQQQ|SIG_BASE|BAND_3|OFF_BASE,10.0
2022-04-27,284208.3056262361,OFF,TQQQ|SIG_BASE|BAND_3|OFF_BASE,10.0
2022-04-28,294302.2163652231,OFF,TQQQ|SIG_BASE|BAND_3|OFF_BASE,10.0
2022-04-29,281058.98883329536,OFF,TQQQ|SIG_BASE|BAND_3|OFF_BASE,10.0
2022-05-02,285751.6049496033,OFF,TQQQ|SIG_BASE|BAND_3|OFF_BASE,10.0
2022-05-03,286056.67770739377,OFF,TQQQ|SIG_BASE|BAND_3|OFF_BASE,10.0
2022-05-04,295728.85037852486,OFF,TQQQ|SIG_BASE|BAND_3|OFF_BASE,10.0
2022-05-05,280834.79465310933,OFF,TQQQ|SIG_BASE|BAND_3|OFF_BASE,10.0
2022-05-06,277470.1389986984,OFF,TQQQ|SIG_BASE|BAND_3|OFF_BASE,10.0
2022-05-09,266613.46202886646,OFF,TQQQ|SIG_BASE|BAND_3|OFF_BASE,10.0
2022-05-10,269852.5127181274,OFF,TQQQ|SIG_BASE|BAND_3|OFF_BASE,10.0
2022-05-11,261849.24433551353,OFF,TQQQ|SIG_BASE|BAND_3|OFF_BASE,10.0
2022-05-12,261230.10294060223,OFF,TQQQ|SIG_BASE|BAND_3|OFF_BASE,10.0
2022-05-13,270911.3277153095,OFF,TQQQ|SIG_BASE|BAND_3|OFF_BASE,10.0
2022-05-16,267771.034913822,OFF,TQQQ|SIG_BASE|BAND_3|OFF_BASE,10.0
2022-05-17,274706.632980538,OFF,TQQQ|SIG_BASE|BAND_3|OFF_BASE,10.0
2022-05-18,261221.1632855177,OFF,TQQQ|SIG_BASE|BAND_3|OFF_BASE,10.0
2022-05-19,259821.4887980841,OFF,TQQQ|SIG_BASE|BAND_3|OFF_BASE,10.0
2022-05-20,259013.9399554478,OFF,TQQQ|SIG_BASE|BAND_3|OFF_BASE,10.0
2022-05-23,263320.7171848525,OFF,TQQQ|SIG_BASE|BAND_3|OFF_BASE,10.0
2022-05-24,257721.93489874934,OFF,TQQQ|SIG_BASE|BAND_3|OFF_BASE,10.0
2022-05-25,261328.83271625286,OFF,TQQQ|SIG_BASE|BAND_3|OFF_BASE,10.0
2022-05-26,268569.53165288223,OFF,TQQQ|SIG_BASE|BAND_3|OFF_BASE,10.0
2022-05-27,277335.53815421805,OFF,TQQQ|SIG_BASE|BAND_3|OFF_BASE,10.0
2022-05-31,276599.7595613642,OFF,TQQQ|SIG_BASE|BAND_3|OFF_BASE,10.0
2022-06-01,274554.0684895199,OFF,TQQQ|SIG_BASE|BAND_3|OFF_BASE,10.0
2022-06-02,282072.90877019445,OFF,TQQQ|SIG_BASE|BAND_3|OFF_BASE,10.0
2022-06-03,274733.5362821603,OFF,TQQQ|SIG_BASE|BAND_3|OFF_BASE,10.0
2022-06-06,275648.67021916294,OFF,TQQQ|SIG_BASE|BAND_3|OFF_BASE,10.0
2022-06-07,278026.33735042,OFF,TQQQ|SIG_BASE|BAND_3|OFF_BASE,10.0
2022-06-08,276025.5413388587,OFF,TQQQ|SIG_BASE|BAND_3|OFF_BASE,10.0
2022-06-09,268632.33413545706,OFF,TQQQ|SIG_BASE|BAND_3|OFF_BASE,10.0
2022-06-10,259157.48045501258,OFF,TQQQ|SIG_BASE|BAND_3|OFF_BASE,10.0
2022-06-13,247107.6406526244,OFF,TQQQ|SIG_BASE|BAND_3|OFF_BASE,10.0
2022-06-14,247556.28202210268,OFF,TQQQ|SIG_BASE|BAND_3|OFF_BASE,10.0
2022-06-15,253738.137849427,OFF,TQQQ|SIG_BASE|BAND_3|OFF_BASE,10.0
2022-06-16,243500.79905936672,OFF,TQQQ|SIG_BASE|BAND_3|OFF_BASE,10.0
2022-06-17,246461.65218033662,OFF,TQQQ|SIG_BASE|BAND_3|OFF_BASE,10.0
2022-06-21,252679.8007583343,OFF,TQQQ|SIG_BASE|BAND_3|OFF_BASE,10.0
2022-06-22,252311.27893914198,OFF,TQQQ|SIG_BASE|BAND_3|OFF_BASE,10.0
2022-06-23,256068.82962330594,OFF,TQQQ|SIG_BASE|BAND_3|OFF_BASE,10.0
2022-06-24,264842.5950705642,OFF,TQQQ|SIG_BASE|BAND_3|OFF_BASE,10.0
2022-06-27,262900.97507772286,OFF,TQQQ|SIG_BASE|BAND_3|OFF_BASE,10.0
2022-06-28,254891.1846825945,OFF,TQQQ|SIG_BASE|BAND_3|OFF_BASE,10.0
2022-06-29,255124.93698456904,OFF,TQQQ|SIG_BASE|BAND_3|OFF_BASE,10.0
2022-06-30,251960.5802058729,OFF,TQQQ|SIG_BASE|BAND_3|OFF_BASE,10.0
2022-07-01,253623.63717282537,OFF,TQQQ|SIG_BASE|BAND_3|OFF_BASE,10.0
2022-07-05,257965.61078011006,OFF,TQQQ|SIG_BASE|BAND_3|OFF_BASE,10.0
2022-07-06,259619.6999798551,OFF,TQQQ|SIG_BASE|BAND_3|OFF_BASE,10.0
2022-07-07,265175.3582694184,OFF,TQQQ|SIG_BASE|BAND_3|OFF_BASE,10.0
2022-07-08,265507.9246834123,OFF,TQQQ|SIG_BASE|BAND_3|OFF_BASE,10.0
2022-07-11,259835.460523169,OFF,TQQQ|SIG_BASE|BAND_3|OFF_BASE,10.0
2022-07-12,257318.38537441439,OFF,TQQQ|SIG_BASE|BAND_3|OFF_BASE,10.0
2022-07-13,256787.99395152158,OFF,TQQQ|SIG_BASE|BAND_3|OFF_BASE,10.0
2022-07-14,257704.9551765132,OFF,TQQQ|SIG_BASE|BAND_3|OFF_BASE,10.0
2022-07-15,262379.5233099146,OFF,TQQQ|SIG_BASE|BAND_3|OFF_BASE,10.0
2022-07-18,260159.05916995538,OFF,TQQQ|SIG_BASE|BAND_3|OFF_BASE,10.0
2022-07-19,268159.82557363046,OFF,TQQQ|SIG_BASE|BAND_3|OFF_BASE,10.0
2022-07-20,272411.9528361032,OFF,TQQQ|SIG_BASE|BAND_3|OFF_BASE,10.0
2022-07-21,276322.461581006,OFF,TQQQ|SIG_BASE|BAND_3|OFF_BASE,10.0
2022-07-22,271477.0841888196,OFF,TQQQ|SIG_BASE|BAND_3|OFF_BASE,10.0
2022-07-25,269930.8330925471,OFF,TQQQ|SIG_BASE|BAND_3|OFF_BASE,10.0
2022-07-26,264626.94697574194,OFF,TQQQ|SIG_BASE|BAND_3|OFF_BASE,10.0
2022-07-27,275810.033804651,OFF,TQQQ|SIG_BASE|BAND_3|OFF_BASE,10.0
2022-07-28,278506.85786727513,OFF,TQQQ|SIG_BASE|BAND_3|OFF_BASE,10.0
2022-07-29,283585.9875614361,OFF,TQQQ|SIG_BASE|BAND_3|OFF_BASE,10.0
2022-08-01,283415.206414774,OFF,TQQQ|SIG_BASE|BAND_3|OFF_BASE,10.0
2022-08-02,282570.0997759335,OFF,TQQQ|SIG_BASE|BAND_3|OFF_BASE,10.0
2022-08-03,290265.2592914829,OFF,TQQQ|SIG_BASE|BAND_3|OFF_BASE,10.0
2022-08-04,291622.68125818676,OFF,TQQQ|SIG_BASE|BAND_3|OFF_BASE,10.0
2022-08-05,289240.51618726447,OFF,TQQQ|SIG_BASE|BAND_3|OFF_BASE,10.0
2022-08-08,288305.5350914892,OFF,TQQQ|SIG_BASE|BAND_3|OFF_BASE,10.0
2022-08-09,285042.27986440505,OFF,TQQQ|SIG_BASE|BAND_3|OFF_BASE,10.0
2022-08-10,292998.1230956742,OFF,TQQQ|SIG_BASE|BAND_3|OFF_BASE,10.0
2022-08-11,291335.09424084466,OFF,TQQQ|SIG_BASE|BAND_3|OFF_BASE,10.0
2022-08-12,297007.4740647193,OFF,TQQQ|SIG_BASE|BAND_3|OFF_BASE,10.0
2022-08-15,299407.715230671,OFF,TQQQ|SIG_BASE|BAND_3|OFF_BASE,10.0
2022-08-16,298706.5145489932,OFF,TQQQ|SIG_BASE|BAND_3|OFF_BASE,10.0
2022-08-17,295299.4939253609,OFF,TQQQ|SIG_BASE|BAND_3|OFF_BASE,10.0
2022-08-18,296009.60615000036,OFF,TQQQ|SIG_BASE|BAND_3|OFF_BASE,10.0
2022-08-19,290238.27165349195,OFF,TQQQ|SIG_BASE|BAND_3|OFF_BASE,10.0
2022-08-22,282597.14363817044,OFF,TQQQ|SIG_BASE|BAND_3|OFF_BASE,10.0
2022-08-23,282363.363224073,OFF,TQQQ|SIG_BASE|BAND_3|OFF_BASE,10.0
2022-08-24,283181.53844916826,OFF,TQQQ|SIG_BASE|BAND_3|OFF_BASE,10.0
2022-08-25,288188.67299656355,OFF,TQQQ|SIG_BASE|BAND_3|OFF_BASE,10.0
2022-08-26,276376.32440849656,OFF,TQQQ|SIG_BASE|BAND_3|OFF_BASE,10.0
2022-08-29,273652.54082000424,OFF,TQQQ|SIG_BASE|BAND_3|OFF_BASE,10.0
2022-08-30,270605.01802411105,OFF,TQQQ|SIG_BASE|BAND_3|OFF_BASE,10.0
2022-08-31,269031.86362621625,OFF,TQQQ|SIG_BASE|BAND_3|OFF_BASE,10.0
2022-09-01,269148.66949689627,OFF,TQQQ|SIG_BASE|BAND_3|OFF_BASE,10.0
2022-09-02,265346.1394160806,OFF,TQQQ|SIG_BASE|BAND_3|OFF_BASE,10.0
2022-09-06,263440.3061557003,OFF,TQQQ|SIG_BASE|BAND_3|OFF_BASE,10.0
2022-09-07,268762.15591904323,OFF,TQQQ|SIG_BASE|BAND_3|OFF_BASE,10.0
2022-09-08,270155.53329094563,OFF,TQQQ|SIG_BASE|BAND_3|OFF_BASE,10.0
2022-09-09,276061.7497531635,OFF,TQQQ|SIG_BASE|BAND_3|OFF_BASE,10.0
2022-09-12,279342.8842904167,OFF,TQQQ|SIG_BASE|BAND_3|OFF_BASE,10.0
2022-09-13,264024.7009666981,OFF,TQQQ|SIG_BASE|BAND_3|OFF_BASE,10.0
2022-09-14,266119.2227960325,OFF,TQQQ|SIG_BASE|BAND_3|OFF_BASE,10.0
2022-09-15,261687.34661969016,OFF,TQQQ|SIG_BASE|BAND_3|OFF_BASE,10.0
2022-09-16,260087.14835955846,OFF,TQQQ|SIG_BASE|BAND_3|OFF_BASE,10.0
2022-09-19,262112.5705907866,OFF,TQQQ|SIG_BASE|BAND_3|OFF_BASE,10.0
2022-09-20,260023.24950419008,OFF,TQQQ|SIG_BASE|BAND_3|OFF_BASE,10.0
2022-09-21,255367.2634840304,OFF,TQQQ|SIG_BASE|BAND_3|OFF_BASE,10.0
2022-09-22,252224.27191874385,OFF,TQQQ|SIG_BASE|BAND_3|OFF_BASE,10.0
2022-09-23,248117.65300443943,OFF,TQQQ|SIG_BASE|BAND_3|OFF_BASE,10.0
2022-09-26,247090.97016374042,OFF,TQQQ|SIG_BASE|BAND_3|OFF_BASE,10.0
2022-09-27,247190.00917274295,OFF,TQQQ|SIG_BASE|BAND_3|OFF_BASE,10.0
2022-09-28,252107.18492683474,OFF,TQQQ|SIG_BASE|BAND_3|OFF_BASE,10.0
2022-09-29,244839.58268858306,OFF,TQQQ|SIG_BASE|BAND_3|OFF_BASE,10.0
2022-09-30,240687.9281533811,OFF,TQQQ|SIG_BASE|BAND_3|OFF_BASE,10.0
2022-10-03,246334.47293630385,OFF,TQQQ|SIG_BASE|BAND_3|OFF_BASE,10.0
2022-10-04,254079.39090939926,OFF,TQQQ|SIG_BASE|BAND_3|OFF_BASE,10.0
2022-10-05,253944.34027095238,OFF,TQQQ|SIG_BASE|BAND_3|OFF_BASE,10.0
2022-10-06,251945.1185382739,OFF,TQQQ|SIG_BASE|BAND_3|OFF_BASE,10.0
2022-10-07,242344.9410139085,OFF,TQQQ|SIG_BASE|BAND_3|OFF_BASE,10.0
2022-10-10,239922.35071024546,OFF,TQQQ|SIG_BASE|BAND_3|OFF_BASE,10.0
2022-10-11,236626.28863572842,OFF,TQQQ|SIG_BASE|BAND_3|OFF_BASE,10.0
2022-10-12,236545.24138538656,OFF,TQQQ|SIG_BASE|BAND_3|OFF_BASE,10.0
2022-10-13,242092.80338355256,OFF,TQQQ|SIG_BASE|BAND_3|OFF_BASE,10.0
2022-10-14,234816.1349856633,OFF,TQQQ|SIG_BASE|BAND_3|OFF_BASE,10.0
2022-10-17,242570.0628941505,OFF,TQQQ|SIG_BASE|BAND_3|OFF_BASE,10.0
2022-10-18,244488.37793710167,OFF,TQQQ|SIG_BASE|BAND_3|OFF_BASE,10.0
2022-10-19,243596.71762272663,OFF,TQQQ|SIG_BASE|BAND_3|OFF_BASE,10.0
2022-10-20,242353.90878111598,OFF,TQQQ|SIG_BASE|BAND_3|OFF_BASE,10.0
2022-10-21,248036.63386622048,OFF,TQQQ|SIG_BASE|BAND_3|OFF_BASE,10.0
2022-10-24,250765.30896409866,OFF,TQQQ|SIG_BASE|BAND_3|OFF_BASE,10.0
2022-10-25,255952.6703314529,OFF,TQQQ|SIG_BASE|BAND_3|OFF_BASE,10.0
2022-10-26,250296.98910858526,OFF,TQQQ|SIG_BASE|BAND_3|OFF_BASE,10.0
2022-10-27,245740.12643379686,OFF,TQQQ|SIG_BASE|BAND_3|OFF_BASE,10.0
2022-10-28,253259.92252665028,OFF,TQQQ|SIG_BASE|BAND_3|OFF_BASE,10.0
2022-10-31,250315.06520361465,OFF,TQQQ|SIG_BASE|BAND_3|OFF_BASE,10.0
2022-11-01,247757.42426150476,OFF,TQQQ|SIG_BASE|BAND_3|OFF_BASE,10.0
2022-11-02,239264.94871605735,OFF,TQQQ|SIG_BASE|BAND_3|OFF_BASE,10.0
2022-11-03,234590.98499329845,OFF,TQQQ|SIG_BASE|BAND_3|OFF_BASE,10.0
2022-11-04,238364.3768587207,OFF,TQQQ|SIG_BASE|BAND_3|OFF_BASE,10.0
2022-11-07,240985.07329251178,OFF,TQQQ|SIG_BASE|BAND_3|OFF_BASE,10.0
2022-11-08,242741.2094984105,OFF,TQQQ|SIG_BASE|BAND_3|OFF_BASE,10.0
2022-11-09,237139.55977577076,OFF,TQQQ|SIG_BASE|BAND_3|OFF_BASE,10.0
2022-11-10,254637.78200670786,OFF,TQQQ|SIG_BASE|BAND_3|OFF_BASE,10.0
2022-11-11,259329.80776843475,OFF,TQQQ|SIG_BASE|BAND_3|OFF_BASE,10.0
2022-11-14,257060.3723103709,OFF,TQQQ|SIG_BASE|BAND_3|OFF_BASE,10.0
2022-11-15,260617.62411882004,OFF,TQQQ|SIG_BASE|BAND_3|OFF_BASE,10.0
2022-11-16,257060.3723103709,OFF,TQQQ|SIG_BASE|BAND_3|OFF_BASE,10.0
2022-11-17,256492.98533373204,OFF,TQQQ|SIG_BASE|BAND_3|OFF_BASE,10.0
2022-11-18,256502.00932518532,OFF,TQQQ|SIG_BASE|BAND_3|OFF_BASE,10.0
2022-11-21,253863.29302061064,OFF,TQQQ|SIG_BASE|BAND_3|OFF_BASE,10.0
2022-11-22,257519.66817443108,OFF,TQQQ|SIG_BASE|BAND_3|OFF_BASE,10.0
2022-11-23,260104.296754532,OFF,TQQQ|SIG_BASE|BAND_3|OFF_BASE,10.0
2022-11-25,258393.25239377667,OFF,TQQQ|SIG_BASE|BAND_3|OFF_BASE,10.0
2022-11-28,254601.77037726357,OFF,TQQQ|SIG_BASE|BAND_3|OFF_BASE,10.0
2022-11-29,252674.6000155966,OFF,TQQQ|SIG_BASE|BAND_3|OFF_BASE,10.0
2022-11-30,264192.92391017574,OFF,TQQQ|SIG_BASE|BAND_3|OFF_BASE,10.0
2022-12-01,264517.1972479119,OFF,TQQQ|SIG_BASE|BAND_3|OFF_BASE,10.0
2022-12-02,263463.3862086073,OFF,TQQQ|SIG_BASE|BAND_3|OFF_BASE,10.0
2022-12-05,259041.63039651158,OFF,TQQQ|SIG_BASE|BAND_3|OFF_BASE,10.0
2022-12-06,253674.15465769003,OFF,TQQQ|SIG_BASE|BAND_3|OFF_BASE,10.0
2022-12-07,252638.5602740294,OFF,TQQQ|SIG_BASE|BAND_3|OFF_BASE,10.0
2022-12-08,255628.42510583968,OFF,TQQQ|SIG_BASE|BAND_3|OFF_BASE,10.0
2022-12-09,253998.4279954262,OFF,TQQQ|SIG_BASE|BAND_3|OFF_BASE,10.0
2022-12-12,257186.4270694874,OFF,TQQQ|SIG_BASE|BAND_3|OFF_BASE,10.0
2022-12-13,259951.2262453015,OFF,TQQQ|SIG_BASE|BAND_3|OFF_BASE,10.0
2022-12-14,258023.99965938873,OFF,TQQQ|SIG_BASE|BAND_3|OFF_BASE,10.0
2022-12-15,249360.48995817304,OFF,TQQQ|SIG_BASE|BAND_3|OFF_BASE,10.0
2022-12-16,246982.96338753047,OFF,TQQQ|SIG_BASE|BAND_3|OFF_BASE,10.0
2022-12-19,243511.87523579234,OFF,TQQQ|SIG_BASE|BAND_3|OFF_BASE,10.0
2022-12-20,243322.37141527396,OFF,TQQQ|SIG_BASE|BAND_3|OFF_BASE,10.0
2022-12-21,246852.1014553968,OFF,TQQQ|SIG_BASE|BAND_3|OFF_BASE,10.0
2022-12-22,240812.74597908976,OFF,TQQQ|SIG_BASE|BAND_3|OFF_BASE,10.0
2022-12-23,241354.3822511455,OFF,TQQQ|SIG_BASE|BAND_3|OFF_BASE,10.0
2022-12-27,237942.07654840662,OFF,TQQQ|SIG_BASE|BAND_3|OFF_BASE,10.0
2022-12-28,234800.53275744978,OFF,TQQQ|SIG_BASE|BAND_3|OFF_BASE,10.0
2022-12-29,240523.89391621685,OFF,TQQQ|SIG_BASE|BAND_3|OFF_BASE,10.0
2022-12-30,240379.51005296476,OFF,TQQQ|SIG_BASE|BAND_3|OFF_BASE,10.0
2023-01-03,238754.4887883059,OFF,TQQQ|SIG_BASE|BAND_3|OFF_BASE,10.0
2023-01-04,239891.96150538273,OFF,TQQQ|SIG_BASE|BAND_3|OFF_BASE,10.0
2023-01-05,236136.51923043682,OFF,TQQQ|SIG_BASE|BAND_3|OFF_BASE,10.0
2023-01-06,242654.34303862677,OFF,TQQQ|SIG_BASE|BAND_3|OFF_BASE,10.0
2023-01-09,244225.07979395156,OFF,TQQQ|SIG_BASE|BAND_3|OFF_BASE,10.0
2023-01-10,246292.33286406583,OFF,TQQQ|SIG_BASE|BAND_3|OFF_BASE,10.0
2023-01-11,250553.17488463994,OFF,TQQQ|SIG_BASE|BAND_3|OFF_BASE,10.0
2023-01-12,251907.3077329637,OFF,TQQQ|SIG_BASE|BAND_3|OFF_BASE,10.0
2023-01-13,253640.53255869294,OFF,TQQQ|SIG_BASE|BAND_3|OFF_BASE,10.0
2023-01-17,254155.18119275765,OFF,TQQQ|SIG_BASE|BAND_3|OFF_BASE,10.0
2023-01-18,250851.13527533493,OFF,TQQQ|SIG_BASE|BAND_3|OFF_BASE,10.0
2023-01-19,248386.68602066286,OFF,TQQQ|SIG_BASE|BAND_3|OFF_BASE,10.0
2023-01-20,255184.2535639038,OFF,TQQQ|SIG_BASE|BAND_3|OFF_BASE,10.0
2023-01-23,260853.42860576694,OFF,TQQQ|SIG_BASE|BAND_3|OFF_BASE,10.0
2023-01-24,260320.76010091862,OFF,TQQQ|SIG_BASE|BAND_3|OFF_BASE,10.0
2023-01-25,259743.05597517276,OFF,TQQQ|SIG_BASE|BAND_3|OFF_BASE,10.0
2023-01-26,264807.34246843867,OFF,TQQQ|SIG_BASE|BAND_3|OFF_BASE,10.0
2023-01-27,267443.38812133716,OFF,TQQQ|SIG_BASE|BAND_3|OFF_BASE,10.0
2023-01-30,262036.02128011006,OFF,TQQQ|SIG_BASE|BAND_3|OFF_BASE,10.0
2023-01-31,265962.8350562991,OFF,TQQQ|SIG_BASE|BAND_3|OFF_BASE,10.0
2023-02-01,271106.814076704,LEVER,TQQQ|SIG_BASE|BAND_3|OFF_BASE,10.0
2023-02-02,299117.8383748996,LEVER,TQQQ|SIG_BASE|BAND_3|OFF_BASE,10.0
2023-02-03,283667.36111099814,LEVER,TQQQ|SIG_BASE|BAND_3|OFF_BASE,10.0
2023-02-06,276442.2810033798,LEVER,TQQQ|SIG_BASE|BAND_3|OFF_BASE,10.0
2023-02-07,293560.1082818848,LEVER,TQQQ|SIG_BASE|BAND_3|OFF_BASE,10.0
2023-02-08,277776.0813349791,LEVER,TQQQ|SIG_BASE|BAND_3|OFF_BASE,10.0
2023-02-09,270328.7380610217,LEVER,TQQQ|SIG_BASE|BAND_3|OFF_BASE,10.0
2023-02-10,264771.00796800695,LEVER,TQQQ|SIG_BASE|BAND_3|OFF_BASE,10.0
2023-02-13,277331.48860223155,LEVER,TQQQ|SIG_BASE|BAND_3|OFF_BASE,10.0
2023-02-14,283333.855694707,LEVER,TQQQ|SIG_BASE|BAND_3|OFF_BASE,10.0
2023-02-15,289669.66180340404,LEVER,TQQQ|SIG_BASE|BAND_3|OFF_BASE,10.0
2023-02-16,273107.60310752917,LEVER,TQQQ|SIG_BASE|BAND_3|OFF_BASE,10.0
2023-02-17,267216.4118649363,LEVER,TQQQ|SIG_BASE|BAND_3|OFF_BASE,10.0
2023-02-21,248431.23457182766,LEVER,TQQQ|SIG_BASE|BAND_3|OFF_BASE,10.0
2023-02-22,248653.56413823628,LEVER,TQQQ|SIG_BASE|BAND_3|OFF_BASE,10.0
2023-02-23,254878.2386637638,LEVER,TQQQ|SIG_BASE|BAND_3|OFF_BASE,10.0
2023-02-24,241984.23047989153,LEVER,TQQQ|SIG_BASE|BAND_3|OFF_BASE,10.0
2023-02-27,247208.58795675437,LEVER,TQQQ|SIG_BASE|BAND_3|OFF_BASE,10.0
2023-02-28,245985.76427482878,LEVER,TQQQ|SIG_BASE|BAND_3|OFF_BASE,10.0
2023-03-01,239983.48571577948,LEVER,TQQQ|SIG_BASE|BAND_3|OFF_BASE,10.0
2023-03-02,245763.5232418463,LEVER,TQQQ|SIG_BASE|BAND_3|OFF_BASE,10.0
2023-03-03,260769.36350628707,LEVER,TQQQ|SIG_BASE|BAND_3|OFF_BASE,10.0
2023-03-06,261880.98920497354,LEVER,TQQQ|SIG_BASE|BAND_3|OFF_BASE,10.0
2023-03-07,252099.3514838998,LEVER,TQQQ|SIG_BASE|BAND_3|OFF_BASE,10.0
2023-03-08,255545.16096291994,LEVER,TQQQ|SIG_BASE|BAND_3|OFF_BASE,10.0
2023-03-09,242095.40632977404,LEVER,TQQQ|SIG_BASE|BAND_3|OFF_BASE,10.0
2023-03-10,232091.46117564826,LEVER,TQQQ|SIG_BASE|BAND_3|OFF_BASE,10.0
2023-03-13,237093.40055267635,LEVER,TQQQ|SIG_BASE|BAND_3|OFF_BASE,10.0
2023-03-14,253210.84438244705,LEVER,TQQQ|SIG_BASE|BAND_3|OFF_BASE,10.0
2023-03-15,256879.02769458885,LEVER,TQQQ|SIG_BASE|BAND_3|OFF_BASE,10.0
2023-03-16,277220.37915241846,LEVER,TQQQ|SIG_BASE|BAND_3|OFF_BASE,10.0
2023-03-17,273107.60310752905,LEVER,TQQQ|SIG_BASE|BAND_3|OFF_BASE,10.0
2023-03-20,275997.5997372059,LEVER,TQQQ|SIG_BASE|BAND_3|OFF_BASE,10.0
2023-03-21,287668.8949059353,LEVER,TQQQ|SIG_BASE|BAND_3|OFF_BASE,10.0
2023-03-22,275929.5839325694,LEVER,TQQQ|SIG_BASE|BAND_3|OFF_BASE,10.0
2023-03-23,285768.2150467245,LEVER,TQQQ|SIG_BASE|BAND_3|OFF_BASE,10.0
2023-03-24,288675.1436941518,LEVER,TQQQ|SIG_BASE|BAND_3|OFF_BASE,10.0
2023-03-27,282749.5793488578,LEVER,TQQQ|SIG_BASE|BAND_3|OFF_BASE,10.0
2023-03-28,278053.83282615495,LEVER,TQQQ|SIG_BASE|BAND_3|OFF_BASE,10.0
2023-03-29,293259.0282329195,LEVER,TQQQ|SIG_BASE|BAND_3|OFF_BASE,10.0
2023-03-30,301197.04588793335,LEVER,TQQQ|SIG_BASE|BAND_3|OFF_BASE,10.0
2023-03-31,315955.036825879,LEVER,TQQQ|SIG_BASE|BAND_3|OFF_BASE,10.0
2023-04-03,313718.9480817149,LEVER,TQQQ|SIG_BASE|BAND_3|OFF_BASE,10.0
2023-04-04,310588.47253326955,LEVER,TQQQ|SIG_BASE|BAND_3|OFF_BASE,10.0
2023-04-05,300638.0458352489,LEVER,TQQQ|SIG_BASE|BAND_3|OFF_BASE,10.0
2023-04-06,306675.3836310519,LEVER,TQQQ|SIG_BASE|BAND_3|OFF_BASE,10.0
2023-04-10,306004.5437277888,LEVER,TQQQ|SIG_BASE|BAND_3|OFF_BASE,10.0
2023-04-11,300079.00151585136,LEVER,TQQQ|SIG_BASE|BAND_3|OFF_BASE,10.0
2023-04-12,292141.0502609071,LEVER,TQQQ|SIG_BASE|BAND_3|OFF_BASE,10.0
2023-04-13,308911.428108503,LEVER,TQQQ|SIG_BASE|BAND_3|OFF_BASE,10.0
2023-04-14,307122.56596651435,LEVER,TQQQ|SIG_BASE|BAND_3|OFF_BASE,10.0
2023-04-17,307457.97485146765,LEVER,TQQQ|SIG_BASE|BAND_3|OFF_BASE,10.0
2023-04-18,307681.5660191988,LEVER,TQQQ|SIG_BASE|BAND_3|OFF_BASE,10.0
2023-04-19,307010.81464936177,LEVER,TQQQ|SIG_BASE|BAND_3|OFF_BASE,10.0
2023-04-20,299855.4324814767,LEVER,TQQQ|SIG_BASE|BAND_3|OFF_BASE,10.0
2023-04-21,300414.45466751774,LEVER,TQQQ|SIG_BASE|BAND_3|OFF_BASE,10.0
2023-04-24,298625.54825881595,LEVER,TQQQ|SIG_BASE|BAND_3|OFF_BASE,10.0
2023-04-25,281743.3526939979,LEVER,TQQQ|SIG_BASE|BAND_3|OFF_BASE,10.0
2023-04-26,286439.0770833442,LEVER,TQQQ|SIG_BASE|BAND_3|OFF_BASE,10.0
2023-04-27,309582.2680117661,LEVER,TQQQ|SIG_BASE|BAND_3|OFF_BASE,10.0
2023-04-28,315843.2412420134,LEVER,TQQQ|SIG_BASE|BAND_3|OFF_BASE,10.0
2023-05-01,314948.76590430597,LEVER,TQQQ|SIG_BASE|BAND_3|OFF_BASE,10.0
2023-05-02,306563.5659138298,LEVER,TQQQ|SIG_BASE|BAND_3|OFF_BASE,10.0
2023-05-03,300526.2059846702,LEVER,TQQQ|SIG_BASE|BAND_3|OFF_BASE,10.0
2023-05-04,297172.1392684936,LEVER,TQQQ|SIG_BASE|BAND_3|OFF_BASE,10.0
2023-05-05,315396.0367731945,LEVER,TQQQ|SIG_BASE|BAND_3|OFF_BASE,10.0
2023-05-08,317967.4680022423,LEVER,TQQQ|SIG_BASE|BAND_3|OFF_BASE,10.0
2023-05-09,311818.3346225737,LEVER,TQQQ|SIG_BASE|BAND_3|OFF_BASE,10.0
2023-05-10,321880.57903781644,LEVER,TQQQ|SIG_BASE|BAND_3|OFF_BASE,10.0
2023-05-11,324563.8501174429,LEVER,TQQQ|SIG_BASE|BAND_3|OFF_BASE,10.0
2023-05-12,321209.7170011967,LEVER,TQQQ|SIG_BASE|BAND_3|OFF_BASE,10.0
2023-05-15,326129.0989583438,LEVER,TQQQ|SIG_BASE|BAND_3|OFF_BASE,10.0
2023-05-16,327358.93891429144,LEVER,TQQQ|SIG_BASE|BAND_3|OFF_BASE,10.0
2023-05-17,339098.18348758767,LEVER,TQQQ|SIG_BASE|BAND_3|OFF_BASE,10.0
2023-05-18,357322.058858932,LEVER,TQQQ|SIG_BASE|BAND_3|OFF_BASE,10.0
2023-05-19,354862.46748046286,LEVER,TQQQ|SIG_BASE|BAND_3|OFF_BASE,10.0
2023-05-22,358551.9209482362,LEVER,TQQQ|SIG_BASE|BAND_3|OFF_BASE,10.0
2023-05-23,344688.3610812849,LEVER,TQQQ|SIG_BASE|BAND_3|OFF_BASE,10.0
2023-05-24,339098.18348758767,LEVER,TQQQ|SIG_BASE|BAND_3|OFF_BASE,10.0
2023-05-25,363583.0542225358,LEVER,TQQQ|SIG_BASE|BAND_3|OFF_BASE,10.0
2023-05-26,391086.5827887073,LEVER,TQQQ|SIG_BASE|BAND_3|OFF_BASE,10.0
2023-05-30,396564.89839846926,LEVER,TQQQ|SIG_BASE|BAND_3|OFF_BASE,10.0
2023-05-31,388515.1294263029,LEVER,TQQQ|SIG_BASE|BAND_3|OFF_BASE,10.0
2023-06-01,402602.346861055,LEVER,TQQQ|SIG_BASE|BAND_3|OFF_BASE,10.0
2023-06-02,411658.2539546552,LEVER,TQQQ|SIG_BASE|BAND_3|OFF_BASE,10.0
2023-06-05,412552.79569243226,LEVER,TQQQ|SIG_BASE|BAND_3|OFF_BASE,10.0
2023-06-06,412105.5690902568,LEVER,TQQQ|SIG_BASE|BAND_3|OFF_BASE,10.0
2023-06-07,391086.58278870734,LEVER,TQQQ|SIG_BASE|BAND_3|OFF_BASE,10.0
2023-06-08,404502.9381868398,LEVER,TQQQ|SIG_BASE|BAND_3|OFF_BASE,10.0
2023-06-09,409422.20947720425,LEVER,TQQQ|SIG_BASE|BAND_3|OFF_BASE,10.0
2023-06-12,430329.4665949578,LEVER,TQQQ|SIG_BASE|BAND_3|OFF_BASE,10.0
2023-06-13,439944.41800795554,LEVER,TQQQ|SIG_BASE|BAND_3|OFF_BASE,10.0
2023-06-14,449335.9553200744,LEVER,TQQQ|SIG_BASE|BAND_3|OFF_BASE,10.0
2023-06-15,465100.08437945385,LEVER,TQQQ|SIG_BASE|BAND_3|OFF_BASE,10.0
2023-06-16,456155.9064696497,LEVER,TQQQ|SIG_BASE|BAND_3|OFF_BASE,10.0
2023-06-20,453919.81772548554,LEVER,TQQQ|SIG_BASE|BAND_3|OFF_BASE,10.0
2023-06-21,435728.0135877625,LEVER,TQQQ|SIG_BASE|BAND_3|OFF_BASE,10.0
2023-06-22,450196.27888864605,LEVER,TQQQ|SIG_BASE|BAND_3|OFF_BASE,10.0
2023-06-23,436849.68783031654,LEVER,TQQQ|SIG_BASE|BAND_3|OFF_BASE,10.0
2023-06-26,419577.56892339594,LEVER,TQQQ|SIG_BASE|BAND_3|OFF_BASE,10.0
2023-06-27,440326.39547506155,LEVER,TQQQ|SIG_BASE|BAND_3|OFF_BASE,10.0
2023-06-28,443018.21003031114,LEVER,TQQQ|SIG_BASE|BAND_3|OFF_BASE,10.0
2023-06-29,439989.9241889945,LEVER,TQQQ|SIG_BASE|BAND_3|OFF_BASE,10.0
2023-06-30,459841.685800238,LEVER,TQQQ|SIG_BASE|BAND_3|OFF_BASE,10.0
2023-07-03,462982.0549590552,LEVER,TQQQ|SIG_BASE|BAND_3|OFF_BASE,10.0
2023-07-05,462645.6722064143,LEVER,TQQQ|SIG_BASE|BAND_3|OFF_BASE,10.0
2023-07-06,451766.3749346286,LEVER,TQQQ|SIG_BASE|BAND_3|OFF_BASE,10.0
2023-07-07,447168.0373140426,LEVER,TQQQ|SIG_BASE|BAND_3|OFF_BASE,10.0
2023-07-10,447504.46433339664,LEVER,TQQQ|SIG_BASE|BAND_3|OFF_BASE,10.0
2023-07-11,453897.37450195773,LEVER,TQQQ|SIG_BASE|BAND_3|OFF_BASE,10.0
2023-07-12,470720.8945385976,LEVER,TQQQ|SIG_BASE|BAND_3|OFF_BASE,10.0
2023-07-13,494161.5799122259,LEVER,TQQQ|SIG_BASE|BAND_3|OFF_BASE,10.0
2023-07-14,493712.892508519,LEVER,TQQQ|SIG_BASE|BAND_3|OFF_BASE,10.0
2023-07-17,507396.0876530548,LEVER,TQQQ|SIG_BASE|BAND_3|OFF_BASE,10.0
2023-07-18,519508.92115132976,LEVER,TQQQ|SIG_BASE|BAND_3|OFF_BASE,10.0
2023-07-19,519508.92115132976,LEVER,TQQQ|SIG_BASE|BAND_3|OFF_BASE,10.0
2023-07-20,483058.07173872594,LEVER,TQQQ|SIG_BASE|BAND_3|OFF_BASE,10.0
2023-07-21,478796.0726040678,LEVER,TQQQ|SIG_BASE|BAND_3|OFF_BASE,10.0
2023-07-24,480702.81700296956,LEVER,TQQQ|SIG_BASE|BAND_3|OFF_BASE,10.0
2023-07-25,490348.2681812745,LEVER,TQQQ|SIG_BASE|BAND_3|OFF_BASE,10.0
2023-07-26,485301.2874236948,LEVER,TQQQ|SIG_BASE|BAND_3|OFF_BASE,10.0
2023-07-27,481151.3716065372,LEVER,TQQQ|SIG_BASE|BAND_3|OFF_BASE,10.0
2023-07-28,507171.7439512014,LEVER,TQQQ|SIG_BASE|BAND_3|OFF_BASE,10.0
2023-07-31,508181.2020761156,LEVER,TQQQ|SIG_BASE|BAND_3|OFF_BASE,10.0
2023-08-01,504255.6742275245,LEVER,TQQQ|SIG_BASE|BAND_3|OFF_BASE,10.0
2023-08-02,471281.7537932311,LEVER,TQQQ|SIG_BASE|BAND_3|OFF_BASE,10.0
2023-08-03,467916.95239913434,LEVER,TQQQ|SIG_BASE|BAND_3|OFF_BASE,10.0
2023-08-04,461411.78184622043,LEVER,TQQQ|SIG_BASE|BAND_3|OFF_BASE,10.0
2023-08-07,472851.89410592656,LEVER,TQQQ|SIG_BASE|BAND_3|OFF_BASE,10.0
2023-08-08,460738.8835407993,LEVER,TQQQ|SIG_BASE|BAND_3|OFF_BASE,10.0
2023-08-09,445373.46476606745,LEVER,TQQQ|SIG_BASE|BAND_3|OFF_BASE,10.0
2023-08-10,447392.3810158959,LEVER,TQQQ|SIG_BASE|BAND_3|OFF_BASE,10.0
2023-08-11,438419.828143012,LEVER,TQQQ|SIG_BASE|BAND_3|OFF_BASE,10.0
2023-08-14,453000.1324946831,LEVER,TQQQ|SIG_BASE|BAND_3|OFF_BASE,10.0
2023-08-15,439092.77071514615,LEVER,TQQQ|SIG_BASE|BAND_3|OFF_BASE,10.0
2023-08-16,424512.37783004896,LEVER,TQQQ|SIG_BASE|BAND_3|OFF_BASE,10.0
2023-08-17,410156.2843800921,LEVER,TQQQ|SIG_BASE|BAND_3|OFF_BASE,10.0
2023-08-18,408249.7170480426,LEVER,TQQQ|SIG_BASE|BAND_3|OFF_BASE,10.0
2023-08-21,427989.26254164625,LEVER,TQQQ|SIG_BASE|BAND_3|OFF_BASE,10.0
2023-08-22,426082.6066761706,LEVER,TQQQ|SIG_BASE|BAND_3|OFF_BASE,10.0
2023-08-23,446158.6234558413,LEVER,TQQQ|SIG_BASE|BAND_3|OFF_BASE,10.0
2023-08-24,416773.62678393273,LEVER,TQQQ|SIG_BASE|BAND_3|OFF_BASE,10.0
2023-08-25,426643.37739737803,LEVER,TQQQ|SIG_BASE|BAND_3|OFF_BASE,10.0
2023-08-28,436176.5681913301,LEVER,TQQQ|SIG_BASE|BAND_3|OFF_BASE,10.0
2023-08-29,463991.46881725633,LEVER,TQQQ|SIG_BASE|BAND_3|OFF_BASE,10.0
2023-08-30,471730.3083967987,LEVER,TQQQ|SIG_BASE|BAND_3|OFF_BASE,10.0
2023-08-31,475992.21899803064,LEVER,TQQQ|SIG_BASE|BAND_3|OFF_BASE,10.0
2023-09-01,474309.9511011215,LEVER,TQQQ|SIG_BASE|BAND_3|OFF_BASE,10.0
2023-09-05,475543.5758610369,LEVER,TQQQ|SIG_BASE|BAND_3|OFF_BASE,10.0
2023-09-06,462982.05495905515,LEVER,TQQQ|SIG_BASE|BAND_3|OFF_BASE,10.0
2023-09-07,452888.0049104695,LEVER,TQQQ|SIG_BASE|BAND_3|OFF_BASE,10.0
2023-09-08,454233.80152131163,LEVER,TQQQ|SIG_BASE|BAND_3|OFF_BASE,10.0
2023-09-11,469711.52494710946,LEVER,TQQQ|SIG_BASE|BAND_3|OFF_BASE,10.0
2023-09-12,454682.4446583054,LEVER,TQQQ|SIG_BASE|BAND_3|OFF_BASE,10.0
2023-09-13,459168.7432281039,LEVER,TQQQ|SIG_BASE|BAND_3|OFF_BASE,10.0
2023-09-14,469935.78011553676,LEVER,TQQQ|SIG_BASE|BAND_3|OFF_BASE,10.0
2023-09-15,445822.1521697744,LEVER,TQQQ|SIG_BASE|BAND_3|OFF_BASE,10.0
2023-09-18,446831.5660279755,LEVER,TQQQ|SIG_BASE|BAND_3|OFF_BASE,10.0
2023-09-19,444139.8400061521,LEVER,TQQQ|SIG_BASE|BAND_3|OFF_BASE,10.0
2023-09-20,424882.18195105996,LEVER,TQQQ|SIG_BASE|BAND_3|OFF_BASE,10.0
2023-09-21,400683.56191619765,LEVER,TQQQ|SIG_BASE|BAND_3|OFF_BASE,10.0
2023-09-22,401021.2284035177,LEVER,TQQQ|SIG_BASE|BAND_3|OFF_BASE,10.0
2023-09-25,406311.2334158676,LEVER,TQQQ|SIG_BASE|BAND_3|OFF_BASE,10.0
2023-09-26,388190.43308591354,LEVER,TQQQ|SIG_BASE|BAND_3|OFF_BASE,10.0
2023-09-27,390553.9656970145,LEVER,TQQQ|SIG_BASE|BAND_3|OFF_BASE,10.0
2023-09-28,400008.3617416968,LEVER,TQQQ|SIG_BASE|BAND_3|OFF_BASE,10.0
2023-09-29,400908.65815217333,LEVER,TQQQ|SIG_BASE|BAND_3|OFF_BASE,10.0
2023-10-02,410475.62444820005,LEVER,TQQQ|SIG_BASE|BAND_3|OFF_BASE,10.0
2023-10-03,388753.1515424961,LEVER,TQQQ|SIG_BASE|BAND_3|OFF_BASE,10.0
2023-10-04,404510.3749946362,LEVER,TQQQ|SIG_BASE|BAND_3|OFF_BASE,10.0
2023-10-05,400233.4579776725,LEVER,TQQQ|SIG_BASE|BAND_3|OFF_BASE,10.0
2023-10-06,420380.0801646945,LEVER,TQQQ|SIG_BASE|BAND_3|OFF_BASE,10.0
2023-10-09,426570.5143876602,LEVER,TQQQ|SIG_BASE|BAND_3|OFF_BASE,10.0
2023-10-10,433548.76330318407,LEVER,TQQQ|SIG_BASE|BAND_3|OFF_BASE,10.0
2023-10-11,442777.9303117515,LEVER,TQQQ|SIG_BASE|BAND_3|OFF_BASE,10.0
2023-10-12,437600.5840841721,LEVER,TQQQ|SIG_BASE|BAND_3|OFF_BASE,10.0
2023-10-13,421055.4574060476,LEVER,TQQQ|SIG_BASE|BAND_3|OFF_BASE,10.0
2023-10-16,435236.91867293196,LEVER,TQQQ|SIG_BASE|BAND_3|OFF_BASE,10.0
2023-10-17,431072.5719073126,LEVER,TQQQ|SIG_BASE|BAND_3|OFF_BASE,10.0
2023-10-18,412839.3341261533,LEVER,TQQQ|SIG_BASE|BAND_3|OFF_BASE,10.0
2023-10-19,401809.2201629283,LEVER,TQQQ|SIG_BASE|BAND_3|OFF_BASE,10.0
2023-10-20,383688.33129954804,LEVER,TQQQ|SIG_BASE|BAND_3|OFF_BASE,10.0
2023-10-23,387064.86337260914,LEVER,TQQQ|SIG_BASE|BAND_3|OFF_BASE,10.0
2023-10-24,397982.4070844898,LEVER,TQQQ|SIG_BASE|BAND_3|OFF_BASE,10.0
2023-10-25,368831.53705802374,LEVER,TQQQ|SIG_BASE|BAND_3|OFF_BASE,10.0
2023-10-26,347334.1603882955,LEVER,TQQQ|SIG_BASE|BAND_3|OFF_BASE,10.0
2023-10-27,352286.43251325574,LEVER,TQQQ|SIG_BASE|BAND_3|OFF_BASE,10.0
2023-10-30,363654.16869708773,LEVER,TQQQ|SIG_BASE|BAND_3|OFF_BASE,10.0
2023-10-31,368944.063042655,LEVER,TQQQ|SIG_BASE|BAND_3|OFF_BASE,10.0
2023-11-01,387965.2483165118,LEVER,TQQQ|SIG_BASE|BAND_3|OFF_BASE,10.0
2023-11-02,408562.32857576356,LEVER,TQQQ|SIG_BASE|BAND_3|OFF_BASE,10.0
2023-11-03,422968.84181191045,LEVER,TQQQ|SIG_BASE|BAND_3|OFF_BASE,10.0
2023-11-06,427808.5215521698,LEVER,TQQQ|SIG_BASE|BAND_3|OFF_BASE,10.0
2023-11-07,439851.5464439288,LEVER,TQQQ|SIG_BASE|BAND_3|OFF_BASE,10.0
2023-11-08,440639.40540320013,LEVER,TQQQ|SIG_BASE|BAND_3|OFF_BASE,10.0
2023-11-09,430172.1426966969,LEVER,TQQQ|SIG_BASE|BAND_3|OFF_BASE,10.0
2023-11-10,458872.8202512117,LEVER,TQQQ|SIG_BASE|BAND_3|OFF_BASE,10.0
2023-11-13,454708.38495216623,LEVER,TQQQ|SIG_BASE|BAND_3|OFF_BASE,10.0
2023-11-14,483296.4922553366,LEVER,TQQQ|SIG_BASE|BAND_3|OFF_BASE,10.0
2023-11-15,484647.11393790366,LEVER,TQQQ|SIG_BASE|BAND_3|OFF_BASE,10.0
2023-11-16,485435.01716388814,LEVER,TQQQ|SIG_BASE|BAND_3|OFF_BASE,10.0
2023-11-17,485772.63938449504,LEVER,TQQQ|SIG_BASE|BAND_3|OFF_BASE,10.0
2023-11-20,503105.5364884648,LEVER,TQQQ|SIG_BASE|BAND_3|OFF_BASE,10.0
2023-11-21,493988.89546452864,LEVER,TQQQ|SIG_BASE|BAND_3|OFF_BASE,10.0
2023-11-22,499729.0929488299,LEVER,TQQQ|SIG_BASE|BAND_3|OFF_BASE,10.0
2023-11-24,497252.9458196715,LEVER,TQQQ|SIG_BASE|BAND_3|OFF_BASE,10.0
2023-11-27,495789.7538857601,LEVER,TQQQ|SIG_BASE|BAND_3|OFF_BASE,10.0
2023-11-28,499729.09294882993,LEVER,TQQQ|SIG_BASE|BAND_3|OFF_BASE,10.0
2023-11-29,497928.2345275985,LEVER,TQQQ|SIG_BASE|BAND_3|OFF_BASE,10.0
2023-11-30,493763.75496183994,LEVER,TQQQ|SIG_BASE|BAND_3|OFF_BASE,10.0
2023-12-01,497928.23452759854,LEVER,TQQQ|SIG_BASE|BAND_3|OFF_BASE,10.0
2023-12-04,483746.6847272881,LEVER,TQQQ|SIG_BASE|BAND_3|OFF_BASE,10.0
2023-12-05,487235.78705169354,LEVER,TQQQ|SIG_BASE|BAND_3|OFF_BASE,10.0
2023-12-06,478569.2499662825,LEVER,TQQQ|SIG_BASE|BAND_3|OFF_BASE,10.0
2023-12-07,498603.5675022386,LEVER,TQQQ|SIG_BASE|BAND_3|OFF_BASE,10.0
2023-12-08,504568.72842237627,LEVER,TQQQ|SIG_BASE|BAND_3|OFF_BASE,10.0
2023-12-11,517399.6122734066,LEVER,TQQQ|SIG_BASE|BAND_3|OFF_BASE,10.0
2023-12-12,529892.8296371169,LEVER,TQQQ|SIG_BASE|BAND_3|OFF_BASE,10.0
2023-12-13,548576.3926903667,LEVER,TQQQ|SIG_BASE|BAND_3|OFF_BASE,10.0
2023-12-14,547676.0077464641,LEVER,TQQQ|SIG_BASE|BAND_3|OFF_BASE,10.0
2023-12-15,554203.9313898975,LEVER,TQQQ|SIG_BASE|BAND_3|OFF_BASE,10.0
2023-12-18,565796.7195429921,LEVER,TQQQ|SIG_BASE|BAND_3|OFF_BASE,10.0
2023-12-19,574238.2046591404,LEVER,TQQQ|SIG_BASE|BAND_3|OFF_BASE,10.0
2023-12-20,548723.7123114733,LEVER,TQQQ|SIG_BASE|BAND_3|OFF_BASE,10.0
2023-12-21,566924.1041915325,LEVER,TQQQ|SIG_BASE|BAND_3|OFF_BASE,10.0
2023-12-22,569184.9380283043,LEVER,TQQQ|SIG_BASE|BAND_3|OFF_BASE,10.0
2023-12-26,579585.2251979281,LEVER,TQQQ|SIG_BASE|BAND_3|OFF_BASE,10.0
2023-12-27,582637.5035977302,LEVER,TQQQ|SIG_BASE|BAND_3|OFF_BASE,10.0
2023-12-28,581167.8044569971,LEVER,TQQQ|SIG_BASE|BAND_3|OFF_BASE,10.0
2023-12-29,573141.5853761855,LEVER,TQQQ|SIG_BASE|BAND_3|OFF_BASE,10.0
2024-01-02,544088.8989193151,LEVER,TQQQ|SIG_BASE|BAND_3|OFF_BASE,10.0
2024-01-03,526679.86306886,LEVER,TQQQ|SIG_BASE|BAND_3|OFF_BASE,10.0
2024-01-04,517862.28795844427,LEVER,TQQQ|SIG_BASE|BAND_3|OFF_BASE,10.0
2024-01-05,519784.0387730778,LEVER,TQQQ|SIG_BASE|BAND_3|OFF_BASE,10.0
2024-01-08,551097.7361335724,LEVER,TQQQ|SIG_BASE|BAND_3|OFF_BASE,10.0
2024-01-09,554715.2119258892,LEVER,TQQQ|SIG_BASE|BAND_3|OFF_BASE,10.0
2024-01-10,565680.6522213148,LEVER,TQQQ|SIG_BASE|BAND_3|OFF_BASE,10.0
2024-01-11,568393.6705321263,LEVER,TQQQ|SIG_BASE|BAND_3|OFF_BASE,10.0
2024-01-12,569072.0136432553,LEVER,TQQQ|SIG_BASE|BAND_3|OFF_BASE,10.0
2024-01-16,568732.7978209778,LEVER,TQQQ|SIG_BASE|BAND_3|OFF_BASE,10.0
2024-01-17,558897.8851107209,LEVER,TQQQ|SIG_BASE|BAND_3|OFF_BASE,10.0
2024-01-18,582863.6179681066,LEVER,TQQQ|SIG_BASE|BAND_3|OFF_BASE,10.0
2024-01-19,616551.1620838481,LEVER,TQQQ|SIG_BASE|BAND_3|OFF_BASE,10.0
2024-01-22,619038.1102909963,LEVER,TQQQ|SIG_BASE|BAND_3|OFF_BASE,10.0
2024-01-23,626386.074794105,LEVER,TQQQ|SIG_BASE|BAND_3|OFF_BASE,10.0
2024-01-24,636673.3490452539,LEVER,TQQQ|SIG_BASE|BAND_3|OFF_BASE,10.0
2024-01-25,638481.9984079862,LEVER,TQQQ|SIG_BASE|BAND_3|OFF_BASE,10.0
2024-01-26,626725.2020829566,LEVER,TQQQ|SIG_BASE|BAND_3|OFF_BASE,10.0
2024-01-29,645151.7526001051,LEVER,TQQQ|SIG_BASE|BAND_3|OFF_BASE,10.0
2024-01-30,632264.517223333,LEVER,TQQQ|SIG_BASE|BAND_3|OFF_BASE,10.0
2024-01-31,595072.4659670367,LEVER,TQQQ|SIG_BASE|BAND_3|OFF_BASE,10.0
2024-02-01,616098.9776098086,LEVER,TQQQ|SIG_BASE|BAND_3|OFF_BASE,10.0
2024-02-02,647073.5476814517,LEVER,TQQQ|SIG_BASE|BAND_3|OFF_BASE,10.0
2024-02-05,643795.1991779864,LEVER,TQQQ|SIG_BASE|BAND_3|OFF_BASE,10.0
2024-02-06,640064.6662004814,LEVER,TQQQ|SIG_BASE|BAND_3|OFF_BASE,10.0
2024-02-07,659169.4270286198,LEVER,TQQQ|SIG_BASE|BAND_3|OFF_BASE,10.0
2024-02-08,661882.4453394312,LEVER,TQQQ|SIG_BASE|BAND_3|OFF_BASE,10.0
2024-02-09,681326.333456421,LEVER,TQQQ|SIG_BASE|BAND_3|OFF_BASE,10.0
2024-02-12,673300.0701088964,LEVER,TQQQ|SIG_BASE|BAND_3|OFF_BASE,10.0
2024-02-13,641421.1753558872,LEVER,TQQQ|SIG_BASE|BAND_3|OFF_BASE,10.0
2024-02-14,661769.4324209562,LEVER,TQQQ|SIG_BASE|BAND_3|OFF_BASE,10.0
2024-02-15,667308.7032946197,LEVER,TQQQ|SIG_BASE|BAND_3|OFF_BASE,10.0
2024-02-16,648995.2542293724,LEVER,TQQQ|SIG_BASE|BAND_3|OFF_BASE,10.0
2024-02-20,633960.1979343034,LEVER,TQQQ|SIG_BASE|BAND_3|OFF_BASE,10.0
2024-02-21,626046.9917719669,LEVER,TQQQ|SIG_BASE|BAND_3|OFF_BASE,10.0
2024-02-22,680195.8944046787,LEVER,TQQQ|SIG_BASE|BAND_3|OFF_BASE,10.0
2024-02-23,673978.2361531733,LEVER,TQQQ|SIG_BASE|BAND_3|OFF_BASE,10.0
2024-02-26,673073.9557385202,LEVER,TQQQ|SIG_BASE|BAND_3|OFF_BASE,10.0
2024-02-27,677256.673190065,LEVER,TQQQ|SIG_BASE|BAND_3|OFF_BASE,10.0
2024-02-28,666291.2771613525,LEVER,TQQQ|SIG_BASE|BAND_3|OFF_BASE,10.0
2024-02-29,682343.7153229758,LEVER,TQQQ|SIG_BASE|BAND_3|OFF_BASE,10.0
2024-03-01,713657.4126834703,LEVER,TQQQ|SIG_BASE|BAND_3|OFF_BASE,10.0
2024-03-04,705178.9205951929,LEVER,TQQQ|SIG_BASE|BAND_3|OFF_BASE,10.0
2024-03-05,667421.6719463819,LEVER,TQQQ|SIG_BASE|BAND_3|OFF_BASE,10.0
2024-03-06,679743.7099306394,LEVER,TQQQ|SIG_BASE|BAND_3|OFF_BASE,10.0
2024-03-07,710039.9811578667,LEVER,TQQQ|SIG_BASE|BAND_3|OFF_BASE,10.0
2024-03-08,678952.3539010353,LEVER,TQQQ|SIG_BASE|BAND_3|OFF_BASE,10.0
2024-03-11,671039.1477386988,LEVER,TQQQ|SIG_BASE|BAND_3|OFF_BASE,10.0
2024-03-12,699526.6810697676,LEVER,TQQQ|SIG_BASE|BAND_3|OFF_BASE,10.0
2024-03-13,683248.0400043419,LEVER,TQQQ|SIG_BASE|BAND_3|OFF_BASE,10.0
2024-03-14,677708.8576641046,LEVER,TQQQ|SIG_BASE|BAND_3|OFF_BASE,10.0
2024-03-15,652951.9015772538,LEVER,TQQQ|SIG_BASE|BAND_3|OFF_BASE,10.0
2024-03-18,671378.2307608371,LEVER,TQQQ|SIG_BASE|BAND_3|OFF_BASE,10.0
2024-03-19,676013.2212198474,LEVER,TQQQ|SIG_BASE|BAND_3|OFF_BASE,10.0
2024-03-20,700008.6127749921,LEVER,TQQQ|SIG_BASE|BAND_3|OFF_BASE,10.0
2024-03-21,709084.9710900319,LEVER,TQQQ|SIG_BASE|BAND_3|OFF_BASE,10.0
2024-03-22,710559.7609027685,LEVER,TQQQ|SIG_BASE|BAND_3|OFF_BASE,10.0
2024-03-25,703298.8247575611,LEVER,TQQQ|SIG_BASE|BAND_3|OFF_BASE,10.0
2024-03-26,696718.4450591364,LEVER,TQQQ|SIG_BASE|BAND_3|OFF_BASE,10.0
2024-03-27,702844.8696149987,LEVER,TQQQ|SIG_BASE|BAND_3|OFF_BASE,10.0
2024-03-28,698420.2345765107,LEVER,TQQQ|SIG_BASE|BAND_3|OFF_BASE,10.0
2024-04-01,702731.4582961058,LEVER,TQQQ|SIG_BASE|BAND_3|OFF_BASE,10.0
2024-04-02,683898.0966858173,LEVER,TQQQ|SIG_BASE|BAND_3|OFF_BASE,10.0
2024-04-03,688436.2758433373,LEVER,TQQQ|SIG_BASE|BAND_3|OFF_BASE,10.0
2024-04-04,655988.5980940544,LEVER,TQQQ|SIG_BASE|BAND_3|OFF_BASE,10.0
2024-04-05,679133.139157225,LEVER,TQQQ|SIG_BASE|BAND_3|OFF_BASE,10.0
2024-04-08,679586.9614996483,LEVER,TQQQ|SIG_BASE|BAND_3|OFF_BASE,10.0
2024-04-09,686621.0750070703,LEVER,TQQQ|SIG_BASE|BAND_3|OFF_BASE,10.0
2024-04-10,668581.9467627357,LEVER,TQQQ|SIG_BASE|BAND_3|OFF_BASE,10.0
2024-04-11,700008.6127749924,LEVER,TQQQ|SIG_BASE|BAND_3|OFF_BASE,10.0
2024-04-12,666199.4679984396,LEVER,TQQQ|SIG_BASE|BAND_3|OFF_BASE,10.0
2024-04-15,632730.6457119911,LEVER,TQQQ|SIG_BASE|BAND_3|OFF_BASE,10.0
2024-04-16,632844.0127641708,LEVER,TQQQ|SIG_BASE|BAND_3|OFF_BASE,10.0
2024-04-17,609359.1492108958,LEVER,TQQQ|SIG_BASE|BAND_3|OFF_BASE,10.0
2024-04-18,598467.722859728,LEVER,TQQQ|SIG_BASE|BAND_3|OFF_BASE,10.0
2024-04-19,561368.3661006063,LEVER,TQQQ|SIG_BASE|BAND_3|OFF_BASE,10.0
2024-04-22,577705.5720274274,LEVER,TQQQ|SIG_BASE|BAND_3|OFF_BASE,10.0
2024-04-23,603459.591559532,LEVER,TQQQ|SIG_BASE|BAND_3|OFF_BASE,10.0
2024-04-24,609359.1492108956,LEVER,TQQQ|SIG_BASE|BAND_3|OFF_BASE,10.0
2024-04-25,599602.101648934,LEVER,TQQQ|SIG_BASE|BAND_3|OFF_BASE,10.0
2024-04-26,627171.4105507317,LEVER,TQQQ|SIG_BASE|BAND_3|OFF_BASE,10.0
2024-04-29,634659.3021338638,LEVER,TQQQ|SIG_BASE|BAND_3|OFF_BASE,10.0
2024-04-30,598354.1344739828,LEVER,TQQQ|SIG_BASE|BAND_3|OFF_BASE,10.0
2024-05-01,585420.4190484842,LEVER,TQQQ|SIG_BASE|BAND_3|OFF_BASE,10.0
2024-05-02,607090.0374987791,LEVER,TQQQ|SIG_BASE|BAND_3|OFF_BASE,10.0
2024-05-03,643281.7938397673,LEVER,TQQQ|SIG_BASE|BAND_3|OFF_BASE,10.0
2024-05-06,664384.1786287462,LEVER,TQQQ|SIG_BASE|BAND_3|OFF_BASE,10.0
2024-05-07,664384.1786287462,LEVER,TQQQ|SIG_BASE|BAND_3|OFF_BASE,10.0
2024-05-08,663136.2114537952,LEVER,TQQQ|SIG_BASE|BAND_3|OFF_BASE,10.0
2024-05-09,666766.6573930423,LEVER,TQQQ|SIG_BASE|BAND_3|OFF_BASE,10.0
2024-05-10,671304.7922838492,LEVER,TQQQ|SIG_BASE|BAND_3|OFF_BASE,10.0
2024-05-13,675729.5158557632,LEVER,TQQQ|SIG_BASE|BAND_3|OFF_BASE,10.0
2024-05-14,688322.8645244444,LEVER,TQQQ|SIG_BASE|BAND_3|OFF_BASE,10.0
2024-05-15,720089.8530268054,LEVER,TQQQ|SIG_BASE|BAND_3|OFF_BASE,10.0
2024-05-16,715665.2179883175,LEVER,TQQQ|SIG_BASE|BAND_3|OFF_BASE,10.0
2024-05-17,714076.839789836,LEVER,TQQQ|SIG_BASE|BAND_3|OFF_BASE,10.0
2024-05-20,728825.8003183147,LEVER,TQQQ|SIG_BASE|BAND_3|OFF_BASE,10.0
2024-05-21,732569.7461098807,LEVER,TQQQ|SIG_BASE|BAND_3|OFF_BASE,10.0
2024-05-22,732115.8795007444,LEVER,TQQQ|SIG_BASE|BAND_3|OFF_BASE,10.0
2024-05-23,721224.4531495768,LEVER,TQQQ|SIG_BASE|BAND_3|OFF_BASE,10.0
2024-05-24,741419.1047202828,LEVER,TQQQ|SIG_BASE|BAND_3|OFF_BASE,10.0
2024-05-28,749474.4070315834,LEVER,TQQQ|SIG_BASE|BAND_3|OFF_BASE,10.0
2024-05-29,733817.7132848318,LEVER,TQQQ|SIG_BASE|BAND_3|OFF_BASE,10.0
2024-05-30,710219.3498792379,LEVER,TQQQ|SIG_BASE|BAND_3|OFF_BASE,10.0
2024-05-31,709425.2935801364,LEVER,TQQQ|SIG_BASE|BAND_3|OFF_BASE,10.0
2024-06-03,716345.9072352394,LEVER,TQQQ|SIG_BASE|BAND_3|OFF_BASE,10.0
2024-06-04,721678.2312252871,LEVER,TQQQ|SIG_BASE|BAND_3|OFF_BASE,10.0
2024-06-05,765244.4235638016,LEVER,TQQQ|SIG_BASE|BAND_3|OFF_BASE,10.0
2024-06-06,764336.8674123811,LEVER,TQQQ|SIG_BASE|BAND_3|OFF_BASE,10.0
2024-06-07,761500.5220389486,LEVER,TQQQ|SIG_BASE|BAND_3|OFF_BASE,10.0
2024-06-10,769555.6472833969,LEVER,TQQQ|SIG_BASE|BAND_3|OFF_BASE,10.0
2024-06-11,785439.2522013601,LEVER,TQQQ|SIG_BASE|BAND_3|OFF_BASE,10.0
2024-06-12,816411.9630710542,LEVER,TQQQ|SIG_BASE|BAND_3|OFF_BASE,10.0
2024-06-13,829459.1340821587,LEVER,TQQQ|SIG_BASE|BAND_3|OFF_BASE,10.0
2024-06-14,841485.0720226715,LEVER,TQQQ|SIG_BASE|BAND_3|OFF_BASE,10.0
2024-06-17,872004.2261502207,LEVER,TQQQ|SIG_BASE|BAND_3|OFF_BASE,10.0
2024-06-18,872458.048492644,LEVER,TQQQ|SIG_BASE|BAND_3|OFF_BASE,10.0
2024-06-20,851922.9858984074,LEVER,TQQQ|SIG_BASE|BAND_3|OFF_BASE,10.0
2024-06-21,844094.5947583186,LEVER,TQQQ|SIG_BASE|BAND_3|OFF_BASE,10.0
2024-06-24,815504.2298527815,LEVER,TQQQ|SIG_BASE|BAND_3|OFF_BASE,10.0
2024-06-25,842733.1277310489,LEVER,TQQQ|SIG_BASE|BAND_3|OFF_BASE,10.0
2024-06-26,848006.1785922919,LEVER,TQQQ|SIG_BASE|BAND_3|OFF_BASE,10.0
2024-06-27,854156.241572935,LEVER,TQQQ|SIG_BASE|BAND_3|OFF_BASE,10.0
2024-06-28,840717.4872179878,LEVER,TQQQ|SIG_BASE|BAND_3|OFF_BASE,10.0
2024-07-01,854497.7149975795,LEVER,TQQQ|SIG_BASE|BAND_3|OFF_BASE,10.0
2024-07-02,880691.922724481,LEVER,TQQQ|SIG_BASE|BAND_3|OFF_BASE,10.0
2024-07-03,902330.4659421988,LEVER,TQQQ|SIG_BASE|BAND_3|OFF_BASE,10.0
2024-07-05,929663.6561964657,LEVER,TQQQ|SIG_BASE|BAND_3|OFF_BASE,10.0
2024-07-08,935813.3650434043,LEVER,TQQQ|SIG_BASE|BAND_3|OFF_BASE,10.0
2024-07-09,937863.445059236,LEVER,TQQQ|SIG_BASE|BAND_3|OFF_BASE,10.0
2024-07-10,967246.4497290564,LEVER,TQQQ|SIG_BASE|BAND_3|OFF_BASE,10.0
2024-07-11,903697.067908185,LEVER,TQQQ|SIG_BASE|BAND_3|OFF_BASE,10.0
2024-07-12,918388.6587765213,LEVER,TQQQ|SIG_BASE|BAND_3|OFF_BASE,10.0
2024-07-15,925221.9342067316,LEVER,TQQQ|SIG_BASE|BAND_3|OFF_BASE,10.0
2024-07-16,925905.323723151,LEVER,TQQQ|SIG_BASE|BAND_3|OFF_BASE,10.0
2024-07-17,844475.7311578767,LEVER,TQQQ|SIG_BASE|BAND_3|OFF_BASE,10.0
2024-07-18,831834.2203053721,LEVER,TQQQ|SIG_BASE|BAND_3|OFF_BASE,10.0
2024-07-19,809284.4025323358,LEVER,TQQQ|SIG_BASE|BAND_3|OFF_BASE,10.0
2024-07-22,844589.7622107525,LEVER,TQQQ|SIG_BASE|BAND_3|OFF_BASE,10.0
2024-07-23,835478.6987926635,LEVER,TQQQ|SIG_BASE|BAND_3|OFF_BASE,10.0
2024-07-24,745393.5472868201,LEVER,TQQQ|SIG_BASE|BAND_3|OFF_BASE,10.0
2024-07-25,720566.1185927573,LEVER,TQQQ|SIG_BASE|BAND_3|OFF_BASE,10.0
2024-07-26,741179.7988694113,LEVER,TQQQ|SIG_BASE|BAND_3|OFF_BASE,10.0
2024-07-29,745507.4898062696,LEVER,TQQQ|SIG_BASE|BAND_3|OFF_BASE,10.0
2024-07-30,715099.5336619595,LEVER,TQQQ|SIG_BASE|BAND_3|OFF_BASE,10.0
2024-07-31,777623.6984080628,LEVER,TQQQ|SIG_BASE|BAND_3|OFF_BASE,10.0
2024-08-01,721591.070067247,LEVER,TQQQ|SIG_BASE|BAND_3|OFF_BASE,10.0
2024-08-02,668975.1237082494,LEVER,TQQQ|SIG_BASE|BAND_3|OFF_BASE,10.0
2024-08-05,610664.6631128418,LEVER,TQQQ|SIG_BASE|BAND_3|OFF_BASE,10.0
2024-08-06,625925.5681780085,LEVER,TQQQ|SIG_BASE|BAND_3|OFF_BASE,10.0
2024-08-07,605767.5251790137,LEVER,TQQQ|SIG_BASE|BAND_3|OFF_BASE,10.0
2024-08-08,661230.7065228597,LEVER,TQQQ|SIG_BASE|BAND_3|OFF_BASE,10.0
2024-08-09,670227.8274214991,LEVER,TQQQ|SIG_BASE|BAND_3|OFF_BASE,10.0
2024-08-12,674783.3591305435,LEVER,TQQQ|SIG_BASE|BAND_3|OFF_BASE,10.0
2024-08-13,723868.8580551256,LEVER,TQQQ|SIG_BASE|BAND_3|OFF_BASE,10.0
2024-08-14,725121.5617683753,LEVER,TQQQ|SIG_BASE|BAND_3|OFF_BASE,10.0
2024-08-15,779673.6898904683,LEVER,TQQQ|SIG_BASE|BAND_3|OFF_BASE,10.0
2024-08-16,781723.5928394478,LEVER,TQQQ|SIG_BASE|BAND_3|OFF_BASE,10.0
2024-08-19,812017.7835311606,LEVER,TQQQ|SIG_BASE|BAND_3|OFF_BASE,10.0
2024-08-20,807006.791611309,LEVER,TQQQ|SIG_BASE|BAND_3|OFF_BASE,10.0
2024-08-21,818053.9039923542,LEVER,TQQQ|SIG_BASE|BAND_3|OFF_BASE,10.0
2024-08-22,778762.5924020021,LEVER,TQQQ|SIG_BASE|BAND_3|OFF_BASE,10.0
2024-08-23,803248.2820711422,LEVER,TQQQ|SIG_BASE|BAND_3|OFF_BASE,10.0
2024-08-26,779673.6898904685,LEVER,TQQQ|SIG_BASE|BAND_3|OFF_BASE,10.0
2024-08-27,786279.1688152056,LEVER,TQQQ|SIG_BASE|BAND_3|OFF_BASE,10.0
2024-08-28,759629.5451442102,LEVER,TQQQ|SIG_BASE|BAND_3|OFF_BASE,10.0
2024-08-29,755643.3276319962,LEVER,TQQQ|SIG_BASE|BAND_3|OFF_BASE,10.0
2024-08-30,781381.9423479515,LEVER,TQQQ|SIG_BASE|BAND_3|OFF_BASE,10.0
2024-09-03,710088.3646752558,LEVER,TQQQ|SIG_BASE|BAND_3|OFF_BASE,10.0
2024-09-04,704052.3770142015,LEVER,TQQQ|SIG_BASE|BAND_3|OFF_BASE,10.0
2024-09-05,706330.2092687933,LEVER,TQQQ|SIG_BASE|BAND_3|OFF_BASE,10.0
2024-09-06,649044.7444145886,LEVER,TQQQ|SIG_BASE|BAND_3|OFF_BASE,10.0
2024-09-09,673188.9163923713,LEVER,TQQQ|SIG_BASE|BAND_3|OFF_BASE,10.0
2024-09-10,691297.0564423866,LEVER,TQQQ|SIG_BASE|BAND_3|OFF_BASE,10.0
2024-09-11,735371.4749136909,LEVER,TQQQ|SIG_BASE|BAND_3|OFF_BASE,10.0
2024-09-12,757124.1377177107,LEVER,TQQQ|SIG_BASE|BAND_3|OFF_BASE,10.0
2024-09-13,767032.0905045379,LEVER,TQQQ|SIG_BASE|BAND_3|OFF_BASE,10.0
2024-09-16,756782.3101593618,LEVER,TQQQ|SIG_BASE|BAND_3|OFF_BASE,10.0
2024-09-17,757237.903170308,LEVER,TQQQ|SIG_BASE|BAND_3|OFF_BASE,10.0
2024-09-18,747329.7733166284,LEVER,TQQQ|SIG_BASE|BAND_3|OFF_BASE,10.0
2024-09-19,803817.9061349642,LEVER,TQQQ|SIG_BASE|BAND_3|OFF_BASE,10.0
2024-09-20,798692.8831622369,LEVER,TQQQ|SIG_BASE|BAND_3|OFF_BASE,10.0
2024-09-23,804614.9725705546,LEVER,TQQQ|SIG_BASE|BAND_3|OFF_BASE,10.0
2024-09-24,816003.8239765224,LEVER,TQQQ|SIG_BASE|BAND_3|OFF_BASE,10.0
2024-09-25,818860.0893708378,LEVER,TQQQ|SIG_BASE|BAND_3|OFF_BASE,10.0
2024-09-26,836226.8062435952,LEVER,TQQQ|SIG_BASE|BAND_3|OFF_BASE,10.0
2024-09-27,821830.9170185858,LEVER,TQQQ|SIG_BASE|BAND_3|OFF_BASE,10.0
2024-09-30,828228.9621258633,LEVER,TQQQ|SIG_BASE|BAND_3|OFF_BASE,10.0
2024-10-01,793152.9925545905,LEVER,TQQQ|SIG_BASE|BAND_3|OFF_BASE,10.0
2024-10-02,796123.6431354862,LEVER,TQQQ|SIG_BASE|BAND_3|OFF_BASE,10.0
2024-10-03,794295.4278855757,LEVER,TQQQ|SIG_BASE|BAND_3|OFF_BASE,10.0
2024-10-04,822287.9265643504,LEVER,TQQQ|SIG_BASE|BAND_3|OFF_BASE,10.0
2024-10-07,795209.5355105309,LEVER,TQQQ|SIG_BASE|BAND_3|OFF_BASE,10.0
2024-10-08,829714.3759497374,LEVER,TQQQ|SIG_BASE|BAND_3|OFF_BASE,10.0
2024-10-09,849708.941977354,LEVER,TQQQ|SIG_BASE|BAND_3|OFF_BASE,10.0
2024-10-10,846738.2028630322,LEVER,TQQQ|SIG_BASE|BAND_3|OFF_BASE,10.0
2024-10-11,848909.2195389792,LEVER,TQQQ|SIG_BASE|BAND_3|OFF_BASE,10.0
2024-10-14,870617.4385630738,LEVER,TQQQ|SIG_BASE|BAND_3|OFF_BASE,10.0
2024-10-15,835884.0933509851,LEVER,TQQQ|SIG_BASE|BAND_3|OFF_BASE,10.0
2024-10-16,835427.0838052206,LEVER,TQQQ|SIG_BASE|BAND_3|OFF_BASE,10.0
2024-10-17,837940.5477734994,LEVER,TQQQ|SIG_BASE|BAND_3|OFF_BASE,10.0
2024-10-18,852793.7121445518,LEVER,TQQQ|SIG_BASE|BAND_3|OFF_BASE,10.0
2024-10-21,857478.1042553515,LEVER,TQQQ|SIG_BASE|BAND_3|OFF_BASE,10.0
2024-10-22,859991.7452904825,LEVER,TQQQ|SIG_BASE|BAND_3|OFF_BASE,10.0
2024-10-23,820231.2065415577,LEVER,TQQQ|SIG_BASE|BAND_3|OFF_BASE,10.0
2024-10-24,839768.7630234098,LEVER,TQQQ|SIG_BASE|BAND_3|OFF_BASE,10.0
2024-10-25,853936.236008963,LEVER,TQQQ|SIG_BASE|BAND_3|OFF_BASE,10.0
2024-10-28,854736.0469807639,LEVER,TQQQ|SIG_BASE|BAND_3|OFF_BASE,10.0
2024-10-29,878386.5123076447,LEVER,TQQQ|SIG_BASE|BAND_3|OFF_BASE,10.0
2024-10-30,858849.132892645,LEVER,TQQQ|SIG_BASE|BAND_3|OFF_BASE,10.0
2024-10-31,793495.7054472008,LEVER,TQQQ|SIG_BASE|BAND_3|OFF_BASE,10.0
2024-11-01,810405.4127741937,LEVER,TQQQ|SIG_BASE|BAND_3|OFF_BASE,10.0
2024-11-04,802864.4896688003,LEVER,TQQQ|SIG_BASE|BAND_3|OFF_BASE,10.0
2024-11-05,833370.4523158538,LEVER,TQQQ|SIG_BASE|BAND_3|OFF_BASE,10.0
2024-11-06,901009.0160235468,LEVER,TQQQ|SIG_BASE|BAND_3|OFF_BASE,10.0
2024-11-07,943168.8991544485,LEVER,TQQQ|SIG_BASE|BAND_3|OFF_BASE,10.0
2024-11-08,945453.8583498452,LEVER,TQQQ|SIG_BASE|BAND_3|OFF_BASE,10.0
2024-11-11,943740.028286515,LEVER,TQQQ|SIG_BASE|BAND_3|OFF_BASE,10.0
2024-11-12,938598.7151633769,LEVER,TQQQ|SIG_BASE|BAND_3|OFF_BASE,10.0
2024-11-13,934485.5407180698,LEVER,TQQQ|SIG_BASE|BAND_3|OFF_BASE,10.0
2024-11-14,914719.3909299092,LEVER,TQQQ|SIG_BASE|BAND_3|OFF_BASE,10.0
2024-11-15,848566.1525126641,LEVER,TQQQ|SIG_BASE|BAND_3|OFF_BASE,10.0
2024-11-18,865704.4531459654,LEVER,TQQQ|SIG_BASE|BAND_3|OFF_BASE,10.0
2024-11-19,883071.0814852967,LEVER,TQQQ|SIG_BASE|BAND_3|OFF_BASE,10.0
2024-11-20,882042.7657406135,LEVER,TQQQ|SIG_BASE|BAND_3|OFF_BASE,10.0
2024-11-21,890726.1241769921,LEVER,TQQQ|SIG_BASE|BAND_3|OFF_BASE,10.0
2024-11-22,894039.5761839243,LEVER,TQQQ|SIG_BASE|BAND_3|OFF_BASE,10.0
2024-11-25,898152.5735623791,LEVER,TQQQ|SIG_BASE|BAND_3|OFF_BASE,10.0
2024-11-26,912091.6303084762,LEVER,TQQQ|SIG_BASE|BAND_3|OFF_BASE,10.0
2024-11-27,890040.6983917714,LEVER,TQQQ|SIG_BASE|BAND_3|OFF_BASE,10.0
2024-11-29,912777.144627123,LEVER,TQQQ|SIG_BASE|BAND_3|OFF_BASE,10.0
2024-12-02,942369.1767160735,LEVER,TQQQ|SIG_BASE|BAND_3|OFF_BASE,10.0
2024-12-03,950709.7337264158,LEVER,TQQQ|SIG_BASE|BAND_3|OFF_BASE,10.0
2024-12-04,985442.9018716521,LEVER,TQQQ|SIG_BASE|BAND_3|OFF_BASE,10.0
2024-12-05,977330.67256734,LEVER,TQQQ|SIG_BASE|BAND_3|OFF_BASE,10.0
2024-12-06,1002466.7287849471,LEVER,TQQQ|SIG_BASE|BAND_3|OFF_BASE,10.0
2024-12-09,979044.7682309486,LEVER,TQQQ|SIG_BASE|BAND_3|OFF_BASE,10.0
2024-12-10,968418.9864249313,LEVER,TQQQ|SIG_BASE|BAND_3|OFF_BASE,10.0
2024-12-11,1020176.1585503148,LEVER,TQQQ|SIG_BASE|BAND_3|OFF_BASE,10.0
2024-12-12,999953.087749816,LEVER,TQQQ|SIG_BASE|BAND_3|OFF_BASE,10.0
2024-12-13,1021432.9790678805,LEVER,TQQQ|SIG_BASE|BAND_3|OFF_BASE,10.0
2024-12-16,1065877.909927605,LEVER,TQQQ|SIG_BASE|BAND_3|OFF_BASE,10.0
2024-12-17,1051596.0517554714,LEVER,TQQQ|SIG_BASE|BAND_3|OFF_BASE,10.0
2024-12-18,937913.112311304,LEVER,TQQQ|SIG_BASE|BAND_3|OFF_BASE,10.0
2024-12-19,924659.6584172798,LEVER,TQQQ|SIG_BASE|BAND_3|OFF_BASE,10.0
2024-12-20,948653.0137036232,LEVER,TQQQ|SIG_BASE|BAND_3|OFF_BASE,10.0
2024-12-23,975076.2574039638,LEVER,TQQQ|SIG_BASE|BAND_3|OFF_BASE,10.0
2024-12-24,1013822.2916226841,LEVER,TQQQ|SIG_BASE|BAND_3|OFF_BASE,10.0
2024-12-26,1011644.2808060717,LEVER,TQQQ|SIG_BASE|BAND_3|OFF_BASE,10.0
2024-12-27,970490.8456635951,LEVER,TQQQ|SIG_BASE|BAND_3|OFF_BASE,10.0
2024-12-30,931515.1557374527,LEVER,TQQQ|SIG_BASE|BAND_3|OFF_BASE,10.0
2024-12-31,907098.2565404279,LEVER,TQQQ|SIG_BASE|BAND_3|OFF_BASE,10.0
2025-01-02,901366.4254648974,LEVER,TQQQ|SIG_BASE|BAND_3|OFF_BASE,10.0
2025-01-03,944583.5747708322,LEVER,TQQQ|SIG_BASE|BAND_3|OFF_BASE,10.0
2025-01-06,976795.576539715,LEVER,TQQQ|SIG_BASE|BAND_3|OFF_BASE,10.0
2025-01-07,924178.6563130299,LEVER,TQQQ|SIG_BASE|BAND_3|OFF_BASE,10.0
2025-01-08,924866.4725007566,LEVER,TQQQ|SIG_BASE|BAND_3|OFF_BASE,10.0
2025-01-10,880732.3825002299,LEVER,TQQQ|SIG_BASE|BAND_3|OFF_BASE,10.0
2025-01-13,871561.6475529186,LEVER,TQQQ|SIG_BASE|BAND_3|OFF_BASE,10.0
2025-01-14,868466.518974862,LEVER,TQQQ|SIG_BASE|BAND_3|OFF_BASE,10.0
2025-01-15,927159.0455708017,LEVER,TQQQ|SIG_BASE|BAND_3|OFF_BASE,10.0
2025-01-16,908244.5873421637,LEVER,TQQQ|SIG_BASE|BAND_3|OFF_BASE,10.0
2025-01-17,953066.4049969908,LEVER,TQQQ|SIG_BASE|BAND_3|OFF_BASE,10.0
2025-01-21,968885.9117144245,LEVER,TQQQ|SIG_BASE|BAND_3|OFF_BASE,10.0
2025-01-22,1006485.8807316876,LEVER,TQQQ|SIG_BASE|BAND_3|OFF_BASE,10.0
2025-01-23,1012676.0493543749,LEVER,TQQQ|SIG_BASE|BAND_3|OFF_BASE,10.0
2025-01-24,994449.3187800372,LEVER,TQQQ|SIG_BASE|BAND_3|OFF_BASE,10.0
2025-01-27,907212.9073272868,LEVER,TQQQ|SIG_BASE|BAND_3|OFF_BASE,10.0
2025-01-28,947449.4017751714,LEVER,TQQQ|SIG_BASE|BAND_3|OFF_BASE,10.0
2025-01-29,941602.919912782,LEVER,TQQQ|SIG_BASE|BAND_3|OFF_BASE,10.0
2025-01-30,953410.1802907147,LEVER,TQQQ|SIG_BASE|BAND_3|OFF_BASE,10.0
2025-01-31,948251.7802163304,LEVER,TQQQ|SIG_BASE|BAND_3|OFF_BASE,10.0
2025-02-03,925325.0756481915,LEVER,TQQQ|SIG_BASE|BAND_3|OFF_BASE,10.0
2025-02-04,958912.7983259537,LEVER,TQQQ|SIG_BASE|BAND_3|OFF_BASE,10.0
2025-02-05,971407.8748916131,LEVER,TQQQ|SIG_BASE|BAND_3|OFF_BASE,10.0
2025-02-06,985966.4000204523,LEVER,TQQQ|SIG_BASE|BAND_3|OFF_BASE,10.0
2025-02-07,948366.4310031893,LEVER,TQQQ|SIG_BASE|BAND_3|OFF_BASE,10.0
2025-02-10,981724.8521072338,LEVER,TQQQ|SIG_BASE|BAND_3|OFF_BASE,10.0
2025-02-11,974732.3050433873,LEVER,TQQQ|SIG_BASE|BAND_3|OFF_BASE,10.0
2025-02-12,976681.0142862822,LEVER,TQQQ|SIG_BASE|BAND_3|OFF_BASE,10.0
2025-02-13,1017834.626495611,LEVER,TQQQ|SIG_BASE|BAND_3|OFF_BASE,10.0
2025-02-14,1029756.6261938288,LEVER,TQQQ|SIG_BASE|BAND_3|OFF_BASE,10.0
2025-02-18,1036176.0963902335,LEVER,TQQQ|SIG_BASE|BAND_3|OFF_BASE,10.0
2025-02-19,1036290.6586436662,LEVER,TQQQ|SIG_BASE|BAND_3|OFF_BASE,10.0
2025-02-20,1023680.9312911481,LEVER,TQQQ|SIG_BASE|BAND_3|OFF_BASE,10.0
2025-02-21,959600.5259802542,LEVER,TQQQ|SIG_BASE|BAND_3|OFF_BASE,10.0
2025-02-24,925095.6855410478,LEVER,TQQQ|SIG_BASE|BAND_3|OFF_BASE,10.0
2025-02-25,889788.4666606822,LEVER,TQQQ|SIG_BASE|BAND_3|OFF_BASE,10.0
2025-02-26,895520.2977362126,LEVER,TQQQ|SIG_BASE|BAND_3|OFF_BASE,10.0
2025-02-27,821237.4774631306,LEVER,TQQQ|SIG_BASE|BAND_3|OFF_BASE,10.0
2025-02-28,858837.2694135414,LEVER,TQQQ|SIG_BASE|BAND_3|OFF_BASE,10.0
2025-03-03,803354.6107159433,LEVER,TQQQ|SIG_BASE|BAND_3|OFF_BASE,10.0
2025-03-04,794527.6510623561,LEVER,TQQQ|SIG_BASE|BAND_3|OFF_BASE,10.0
2025-03-05,825478.8483094969,LEVER,TQQQ|SIG_BASE|BAND_3|OFF_BASE,10.0
2025-03-06,757042.4213653781,LEVER,TQQQ|SIG_BASE|BAND_3|OFF_BASE,10.0
2025-03-07,772747.2772959529,LEVER,TQQQ|SIG_BASE|BAND_3|OFF_BASE,10.0
2025-03-10,684254.2214186215,OFF,TQQQ|SIG_BASE|BAND_3|OFF_BASE,10.0
2025-03-11,682618.5650558688,OFF,TQQQ|SIG_BASE|BAND_3|OFF_BASE,10.0
2025-03-12,690319.0776760392,OFF,TQQQ|SIG_BASE|BAND_3|OFF_BASE,10.0
2025-03-13,677899.8377419121,OFF,TQQQ|SIG_BASE|BAND_3|OFF_BASE,10.0
2025-03-14,694285.0158991966,OFF,TQQQ|SIG_BASE|BAND_3|OFF_BASE,10.0
2025-03-17,698786.5753978838,OFF,TQQQ|SIG_BASE|BAND_3|OFF_BASE,10.0
2025-03-18,686874.1197015211,OFF,TQQQ|SIG_BASE|BAND_3|OFF_BASE,10.0
2025-03-19,696065.4359715952,OFF,TQQQ|SIG_BASE|BAND_3|OFF_BASE,10.0
2025-03-20,693706.0945654176,OFF,TQQQ|SIG_BASE|BAND_3|OFF_BASE,10.0
2025-03-21,695993.0318659715,OFF,TQQQ|SIG_BASE|BAND_3|OFF_BASE,10.0
2025-03-24,711266.1150020293,OFF,TQQQ|SIG_BASE|BAND_3|OFF_BASE,10.0
2025-03-25,715325.0615723002,OFF,TQQQ|SIG_BASE|BAND_3|OFF_BASE,10.0
2025-03-26,702162.5558900927,OFF,TQQQ|SIG_BASE|BAND_3|OFF_BASE,10.0
2025-03-27,698161.6394081643,OFF,TQQQ|SIG_BASE|BAND_3|OFF_BASE,10.0
2025-03-28,679780.5644240683,OFF,TQQQ|SIG_BASE|BAND_3|OFF_BASE,10.0
2025-03-31,679751.6383831,OFF,TQQQ|SIG_BASE|BAND_3|OFF_BASE,10.0
2025-04-01,685231.165076124,OFF,TQQQ|SIG_BASE|BAND_3|OFF_BASE,10.0
2025-04-02,690232.2995531342,OFF,TQQQ|SIG_BASE|BAND_3|OFF_BASE,10.0
2025-04-03,653281.6853026334,OFF,TQQQ|SIG_BASE|BAND_3|OFF_BASE,10.0
2025-04-04,612707.0831348216,OFF,TQQQ|SIG_BASE|BAND_3|OFF_BASE,10.0
2025-04-07,614185.6933459173,OFF,TQQQ|SIG_BASE|BAND_3|OFF_BASE,10.0
2025-04-08,603125.1763084728,OFF,TQQQ|SIG_BASE|BAND_3|OFF_BASE,10.0
2025-04-09,675518.6905510046,OFF,TQQQ|SIG_BASE|BAND_3|OFF_BASE,10.0
2025-04-10,646787.4775940436,OFF,TQQQ|SIG_BASE|BAND_3|OFF_BASE,10.0
2025-04-11,658703.1819073149,OFF,TQQQ|SIG_BASE|BAND_3|OFF_BASE,10.0
2025-04-14,663168.0720863746,OFF,TQQQ|SIG_BASE|BAND_3|OFF_BASE,10.0
2025-04-15,663907.2881887194,OFF,TQQQ|SIG_BASE|BAND_3|OFF_BASE,10.0
2025-04-16,643888.1537553902,OFF,TQQQ|SIG_BASE|BAND_3|OFF_BASE,10.0
2025-04-17,643772.1825819081,OFF,TQQQ|SIG_BASE|BAND_3|OFF_BASE,10.0
2025-04-21,627841.009763021,OFF,TQQQ|SIG_BASE|BAND_3|OFF_BASE,10.0
2025-04-22,644323.1124083501,OFF,TQQQ|SIG_BASE|BAND_3|OFF_BASE,10.0
2025-04-23,658935.1687558804,OFF,TQQQ|SIG_BASE|BAND_3|OFF_BASE,10.0
2025-04-24,677475.6484765124,OFF,TQQQ|SIG_BASE|BAND_3|OFF_BASE,10.0
2025-04-25,685028.148770128,OFF,TQQQ|SIG_BASE|BAND_3|OFF_BASE,10.0
2025-04-28,684810.669443648,OFF,TQQQ|SIG_BASE|BAND_3|OFF_BASE,10.0
2025-04-29,689333.5007078471,OFF,TQQQ|SIG_BASE|BAND_3|OFF_BASE,10.0
2025-04-30,689246.5445785363,OFF,TQQQ|SIG_BASE|BAND_3|OFF_BASE,10.0
2025-05-01,698248.5955374748,OFF,TQQQ|SIG_BASE|BAND_3|OFF_BASE,10.0
2025-05-02,708613.3300356284,OFF,TQQQ|SIG_BASE|BAND_3|OFF_BASE,10.0
2025-05-05,704409.4417493056,OFF,TQQQ|SIG_BASE|BAND_3|OFF_BASE,10.0
2025-05-06,697857.2484539746,OFF,TQQQ|SIG_BASE|BAND_3|OFF_BASE,10.0
2025-05-07,700596.9450480845,OFF,TQQQ|SIG_BASE|BAND_3|OFF_BASE,10.0
2025-05-08,707830.5913670268,OFF,TQQQ|SIG_BASE|BAND_3|OFF_BASE,10.0
2025-05-09,707366.662171497,OFF,TQQQ|SIG_BASE|BAND_3|OFF_BASE,10.0
2025-05-12,734712.5948330482,LEVER,TQQQ|SIG_BASE|BAND_3|OFF_BASE,10.0
2025-05-13,768386.3943616911,LEVER,TQQQ|SIG_BASE|BAND_3|OFF_BASE,10.0
2025-05-14,781944.9501213179,LEVER,TQQQ|SIG_BASE|BAND_3|OFF_BASE,10.0
2025-05-15,784389.929974459,LEVER,TQQQ|SIG_BASE|BAND_3|OFF_BASE,10.0
2025-05-16,794058.511662524,LEVER,TQQQ|SIG_BASE|BAND_3|OFF_BASE,10.0
2025-05-19,796170.1629707583,LEVER,TQQQ|SIG_BASE|BAND_3|OFF_BASE,10.0
2025-05-20,787835.0666194676,LEVER,TQQQ|SIG_BASE|BAND_3|OFF_BASE,10.0
2025-05-21,755050.2573153408,LEVER,TQQQ|SIG_BASE|BAND_3|OFF_BASE,10.0
2025-05-22,758940.0602297551,LEVER,TQQQ|SIG_BASE|BAND_3|OFF_BASE,10.0
2025-05-23,737046.4081188376,LEVER,TQQQ|SIG_BASE|BAND_3|OFF_BASE,10.0
2025-05-27,788390.7282990771,LEVER,TQQQ|SIG_BASE|BAND_3|OFF_BASE,10.0
2025-05-28,778277.4803416064,LEVER,TQQQ|SIG_BASE|BAND_3|OFF_BASE,10.0
2025-05-29,782056.0311100956,LEVER,TQQQ|SIG_BASE|BAND_3|OFF_BASE,10.0
2025-05-30,777944.066218126,LEVER,TQQQ|SIG_BASE|BAND_3|OFF_BASE,10.0
2025-06-02,795836.7488472777,LEVER,TQQQ|SIG_BASE|BAND_3|OFF_BASE,10.0
2025-06-03,814396.3453019642,LEVER,TQQQ|SIG_BASE|BAND_3|OFF_BASE,10.0
2025-06-04,820953.2900470748,LEVER,TQQQ|SIG_BASE|BAND_3|OFF_BASE,10.0
2025-06-05,801838.0319127787,LEVER,TQQQ|SIG_BASE|BAND_3|OFF_BASE,10.0
2025-06-06,824731.8408155638,LEVER,TQQQ|SIG_BASE|BAND_3|OFF_BASE,10.0
2025-06-09,828399.3105952754,LEVER,TQQQ|SIG_BASE|BAND_3|OFF_BASE,10.0
2025-06-10,844402.6750508957,LEVER,TQQQ|SIG_BASE|BAND_3|OFF_BASE,10.0
2025-06-11,835734.1645761245,LEVER,TQQQ|SIG_BASE|BAND_3|OFF_BASE,10.0
2025-06-12,841179.7859620161,LEVER,TQQQ|SIG_BASE|BAND_3|OFF_BASE,10.0
2025-06-13,809395.2190283308,LEVER,TQQQ|SIG_BASE|BAND_3|OFF_BASE,10.0
2025-06-16,842402.2758885866,LEVER,TQQQ|SIG_BASE|BAND_3|OFF_BASE,10.0
2025-06-17,817508.0678234925,LEVER,TQQQ|SIG_BASE|BAND_3|OFF_BASE,10.0
2025-06-18,816396.7444642733,LEVER,TQQQ|SIG_BASE|BAND_3|OFF_BASE,10.0
2025-06-20,805172.0875690099,LEVER,TQQQ|SIG_BASE|BAND_3|OFF_BASE,10.0
2025-06-23,830177.3766228817,LEVER,TQQQ|SIG_BASE|BAND_3|OFF_BASE,10.0
2025-06-24,867963.2266220681,LEVER,TQQQ|SIG_BASE|BAND_3|OFF_BASE,10.0
2025-06-25,874627.8292130048,LEVER,TQQQ|SIG_BASE|BAND_3|OFF_BASE,10.0
2025-06-26,898588.7173523604,LEVER,TQQQ|SIG_BASE|BAND_3|OFF_BASE,10.0
2025-06-27,907392.8698665865,LEVER,TQQQ|SIG_BASE|BAND_3|OFF_BASE,10.0
2025-06-30,925001.2604736126,LEVER,TQQQ|SIG_BASE|BAND_3|OFF_BASE,10.0
2025-07-01,901486.2367036957,LEVER,TQQQ|SIG_BASE|BAND_3|OFF_BASE,10.0
2025-07-02,919428.9827985138,LEVER,TQQQ|SIG_BASE|BAND_3|OFF_BASE,10.0
2025-07-03,945172.9005227552,LEVER,TQQQ|SIG_BASE|BAND_3|OFF_BASE,10.0
2025-07-07,924109.7884704564,LEVER,TQQQ|SIG_BASE|BAND_3|OFF_BASE,10.0
2025-07-08,925335.5303828309,LEVER,TQQQ|SIG_BASE|BAND_3|OFF_BASE,10.0
2025-07-09,944504.3607043186,LEVER,TQQQ|SIG_BASE|BAND_3|OFF_BASE,10.0
2025-07-10,940157.996098742,LEVER,TQQQ|SIG_BASE|BAND_3|OFF_BASE,10.0
2025-07-11,933025.4498663292,LEVER,TQQQ|SIG_BASE|BAND_3|OFF_BASE,10.0
2025-07-14,942944.0921470046,LEVER,TQQQ|SIG_BASE|BAND_3|OFF_BASE,10.0
2025-07-15,945395.9182860486,LEVER,TQQQ|SIG_BASE|BAND_3|OFF_BASE,10.0
2025-07-16,948070.5910312382,LEVER,TQQQ|SIG_BASE|BAND_3|OFF_BASE,10.0
2025-07-17,970137.0262826349,LEVER,TQQQ|SIG_BASE|BAND_3|OFF_BASE,10.0
2025-07-18,966793.5569832872,LEVER,TQQQ|SIG_BASE|BAND_3|OFF_BASE,10.0
2025-07-21,981504.4282389779,LEVER,TQQQ|SIG_BASE|BAND_3|OFF_BASE,10.0
2025-07-22,966236.2693107757,LEVER,TQQQ|SIG_BASE|BAND_3|OFF_BASE,10.0
2025-07-23,978941.1787968611,LEVER,TQQQ|SIG_BASE|BAND_3|OFF_BASE,10.0
2025-07-24,985404.928475116,LEVER,TQQQ|SIG_BASE|BAND_3|OFF_BASE,10.0
2025-07-25,990977.2917287885,LEVER,TQQQ|SIG_BASE|BAND_3|OFF_BASE,10.0
2025-07-28,1000673.0874033181,LEVER,TQQQ|SIG_BASE|BAND_3|OFF_BASE,10.0
2025-07-29,996103.790613022,LEVER,TQQQ|SIG_BASE|BAND_3|OFF_BASE,10.0
2025-07-30,999558.5976368687,LEVER,TQQQ|SIG_BASE|BAND_3|OFF_BASE,10.0
2025-07-31,983064.6112177182,LEVER,TQQQ|SIG_BASE|BAND_3|OFF_BASE,10.0
2025-08-01,924109.7884704564,LEVER,TQQQ|SIG_BASE|BAND_3|OFF_BASE,10.0
2025-08-04,974706.237494357,LEVER,TQQQ|SIG_BASE|BAND_3|OFF_BASE,10.0
2025-08-05,954423.0885635676,LEVER,TQQQ|SIG_BASE|BAND_3|OFF_BASE,10.0
2025-08-06,990085.7341470583,LEVER,TQQQ|SIG_BASE|BAND_3|OFF_BASE,10.0
2025-08-07,1000115.8853093802,LEVER,TQQQ|SIG_BASE|BAND_3|OFF_BASE,10.0
2025-08-08,1027085.8872602915,LEVER,TQQQ|SIG_BASE|BAND_3|OFF_BASE,10.0
2025-08-11,1018058.6314041985,LEVER,TQQQ|SIG_BASE|BAND_3|OFF_BASE,10.0
2025-08-12,1055615.9866113693,LEVER,TQQQ|SIG_BASE|BAND_3|OFF_BASE,10.0
2025-08-13,1057176.1695901097,LEVER,TQQQ|SIG_BASE|BAND_3|OFF_BASE,10.0
2025-08-14,1054278.6502387745,LEVER,TQQQ|SIG_BASE|BAND_3|OFF_BASE,10.0
2025-08-15,1039344.8467983643,LEVER,TQQQ|SIG_BASE|BAND_3|OFF_BASE,10.0
2025-08-18,1038007.5104257695,LEVER,TQQQ|SIG_BASE|BAND_3|OFF_BASE,10.0
2025-08-19,995658.0974007308,LEVER,TQQQ|SIG_BASE|BAND_3|OFF_BASE,10.0
2025-08-20,977492.4191211934,LEVER,TQQQ|SIG_BASE|BAND_3|OFF_BASE,10.0
2025-08-21,963895.9520533781,LEVER,TQQQ|SIG_BASE|BAND_3|OFF_BASE,10.0
2025-08-22,1007248.4315417932,LEVER,TQQQ|SIG_BASE|BAND_3|OFF_BASE,10.0
2025-08-25,998444.1934489933,LEVER,TQQQ|SIG_BASE|BAND_3|OFF_BASE,10.0
2025-08-26,1010034.6131686295,LEVER,TQQQ|SIG_BASE|BAND_3|OFF_BASE,10.0
2025-08-27,1014603.9099589256,LEVER,TQQQ|SIG_BASE|BAND_3|OFF_BASE,10.0
2025-08-28,1033103.8581476813,LEVER,TQQQ|SIG_BASE|BAND_3|OFF_BASE,10.0
2025-08-29,995881.0295854502,LEVER,TQQQ|SIG_BASE|BAND_3|OFF_BASE,10.0
2025-09-02,970471.2106132795,LEVER,TQQQ|SIG_BASE|BAND_3|OFF_BASE,10.0
2025-09-03,993094.7623800401,LEVER,TQQQ|SIG_BASE|BAND_3|OFF_BASE,10.0
2025-09-04,1019953.2554493047,LEVER,TQQQ|SIG_BASE|BAND_3|OFF_BASE,10.0
2025-09-05,1023296.6391700787,LEVER,TQQQ|SIG_BASE|BAND_3|OFF_BASE,10.0
2025-09-08,1037896.0015441228,LEVER,TQQQ|SIG_BASE|BAND_3|OFF_BASE,10.0
2025-09-09,1046365.9697277044,LEVER,TQQQ|SIG_BASE|BAND_3|OFF_BASE,10.0
2025-09-10,1047480.3739155799,LEVER,TQQQ|SIG_BASE|BAND_3|OFF_BASE,10.0
2025-09-11,1065088.8501011794,LEVER,TQQQ|SIG_BASE|BAND_3|OFF_BASE,10.0
2025-09-12,1078350.9616812025,LEVER,TQQQ|SIG_BASE|BAND_3|OFF_BASE,10.0
2025-09-15,1105878.0801474776,LEVER,TQQQ|SIG_BASE|BAND_3|OFF_BASE,10.0
2025-09-16,1102869.0519144956,LEVER,TQQQ|SIG_BASE|BAND_3|OFF_BASE,10.0
2025-09-17,1095847.9289851554,LEVER,TQQQ|SIG_BASE|BAND_3|OFF_BASE,10.0
2025-09-18,1125381.1803781835,LEVER,TQQQ|SIG_BASE|BAND_3|OFF_BASE,10.0
2025-09-19,1147670.3766571518,LEVER,TQQQ|SIG_BASE|BAND_3|OFF_BASE,10.0
2025-09-22,1167061.9680062113,LEVER,TQQQ|SIG_BASE|BAND_3|OFF_BASE,10.0
2025-09-23,1143546.8586577207,LEVER,TQQQ|SIG_BASE|BAND_3|OFF_BASE,10.0
2025-09-24,1131253.7532687061,LEVER,TQQQ|SIG_BASE|BAND_3|OFF_BASE,10.0
2025-09-25,1116082.5548646064,LEVER,TQQQ|SIG_BASE|BAND_3|OFF_BASE,10.0
2025-09-26,1129468.8409551966,LEVER,TQQQ|SIG_BASE|BAND_3|OFF_BASE,10.0
2025-09-29,1144528.444899076,LEVER,TQQQ|SIG_BASE|BAND_3|OFF_BASE,10.0
2025-09-30,1153452.5785737536,LEVER,TQQQ|SIG_BASE|BAND_3|OFF_BASE,10.0
2025-10-01,1169739.2081086144,LEVER,TQQQ|SIG_BASE|BAND_3|OFF_BASE,10.0
2025-10-02,1184017.9931452465,LEVER,TQQQ|SIG_BASE|BAND_3|OFF_BASE,10.0
2025-10-03,1167954.4669522527,LEVER,TQQQ|SIG_BASE|BAND_3|OFF_BASE,10.0
2025-10-06,1194057.8146864064,LEVER,TQQQ|SIG_BASE|BAND_3|OFF_BASE,10.0
2025-10-07,1174759.1616684813,LEVER,TQQQ|SIG_BASE|BAND_3|OFF_BASE,10.0
2025-10-08,1214583.407716739,LEVER,TQQQ|SIG_BASE|BAND_3|OFF_BASE,10.0
2025-10-09,1209786.643077313,LEVER,TQQQ|SIG_BASE|BAND_3|OFF_BASE,10.0
2025-10-10,1082839.9001907106,LEVER,TQQQ|SIG_BASE|BAND_3|OFF_BASE,10.0
2025-10-13,1151556.2429571718,LEVER,TQQQ|SIG_BASE|BAND_3|OFF_BASE,10.0
2025-10-14,1128130.2209039952,LEVER,TQQQ|SIG_BASE|BAND_3|OFF_BASE,10.0
2025-10-15,1151221.5451550845,LEVER,TQQQ|SIG_BASE|BAND_3|OFF_BASE,10.0
2025-10-16,1138393.0602084482,LEVER,TQQQ|SIG_BASE|BAND_3|OFF_BASE,10.0
2025-10-17,1160034.255526689,LEVER,TQQQ|SIG_BASE|BAND_3|OFF_BASE,10.0
2025-10-20,1203539.7495050381,LEVER,TQQQ|SIG_BASE|BAND_3|OFF_BASE,10.0
2025-10-21,1202201.1294538365,LEVER,TQQQ|SIG_BASE|BAND_3|OFF_BASE,10.0
2025-10-22,1166839.0358214916,LEVER,TQQQ|SIG_BASE|BAND_3|OFF_BASE,10.0
2025-10-23,1196065.7447632088,LEVER,TQQQ|SIG_BASE|BAND_3|OFF_BASE,10.0
2025-10-24,1233324.1740121357,LEVER,TQQQ|SIG_BASE|BAND_3|OFF_BASE,10.0
2025-10-27,1298805.5611108132,LEVER,TQQQ|SIG_BASE|BAND_3|OFF_BASE,10.0
2025-10-28,1328478.476736264,LEVER,TQQQ|SIG_BASE|BAND_3|OFF_BASE,10.0
2025-10-29,1345434.5018752995,LEVER,TQQQ|SIG_BASE|BAND_3|OFF_BASE,10.0
2025-10-30,1283857.3804700067,LEVER,TQQQ|SIG_BASE|BAND_3|OFF_BASE,10.0
2025-10-31,1302040.5167785971,LEVER,TQQQ|SIG_BASE|BAND_3|OFF_BASE,10.0
2025-11-03,1319888.8697065264,LEVER,TQQQ|SIG_BASE|BAND_3|OFF_BASE,10.0
2025-11-04,1239125.032057824,LEVER,TQQQ|SIG_BASE|BAND_3|OFF_BASE,10.0
2025-11-05,1263220.1929794538,LEVER,TQQQ|SIG_BASE|BAND_3|OFF_BASE,10.0
2025-11-06,1192384.4112545436,LEVER,TQQQ|SIG_BASE|BAND_3|OFF_BASE,10.0
2025-11-07,1180002.1329916413,LEVER,TQQQ|SIG_BASE|BAND_3|OFF_BASE,10.0
2025-11-10,1257307.9972092668,LEVER,TQQQ|SIG_BASE|BAND_3|OFF_BASE,10.0
2025-11-11,1246933.5634445932,LEVER,TQQQ|SIG_BASE|BAND_3|OFF_BASE,10.0
2025-11-12,1244367.9178024102,LEVER,TQQQ|SIG_BASE|BAND_3|OFF_BASE,10.0
2025-11-13,1167508.3458470923,LEVER,TQQQ|SIG_BASE|BAND_3|OFF_BASE,10.0
2025-11-14,1168400.5880574125,LEVER,TQQQ|SIG_BASE|BAND_3|OFF_BASE,10.0
2025-11-17,1138393.060208448,LEVER,TQQQ|SIG_BASE|BAND_3|OFF_BASE,10.0
2025-11-18,1097230.1941089886,LEVER,TQQQ|SIG_BASE|BAND_3|OFF_BASE,10.0
2025-11-19,1116082.5548646061,LEVER,TQQQ|SIG_BASE|BAND_3|OFF_BASE,10.0
2025-11-20,1036322.6394650182,LEVER,TQQQ|SIG_BASE|BAND_3|OFF_BASE,10.0
2025-11-21,1059302.2836773132,LEVER,TQQQ|SIG_BASE|BAND_3|OFF_BASE,10.0
2025-11-24,1139620.2569565768,LEVER,TQQQ|SIG_BASE|BAND_3|OFF_BASE,10.0
2025-11-25,1160368.8677502025,LEVER,TQQQ|SIG_BASE|BAND_3|OFF_BASE,10.0
2025-11-26,1190711.1789798283,LEVER,TQQQ|SIG_BASE|BAND_3|OFF_BASE,10.0
2025-11-28,1216814.4411354081,LEVER,TQQQ|SIG_BASE|BAND_3|OFF_BASE,10.0
2025-12-01,1205882.2062267803,LEVER,TQQQ|SIG_BASE|BAND_3|OFF_BASE,10.0
2025-12-02,1233770.4662744433,LEVER,TQQQ|SIG_BASE|BAND_3|OFF_BASE,10.0
2025-12-03,1242471.582185828,LEVER,TQQQ|SIG_BASE|BAND_3|OFF_BASE,10.0
2025-12-04,1238455.636453649,LEVER,TQQQ|SIG_BASE|BAND_3|OFF_BASE,10.0
2025-12-05,1252734.421490281,LEVER,TQQQ|SIG_BASE|BAND_3|OFF_BASE,10.0
2025-12-08,1244925.6333677904,LEVER,TQQQ|SIG_BASE|BAND_3|OFF_BASE,10.0
2025-12-09,1249610.803546996,LEVER,TQQQ|SIG_BASE|BAND_3|OFF_BASE,10.0
2025-12-10,1263889.588583628,LEVER,TQQQ|SIG_BASE|BAND_3|OFF_BASE,10.0
2025-12-11,1251841.9225442393,LEVER,TQQQ|SIG_BASE|BAND_3|OFF_BASE,10.0
2025-12-12,1178440.4095985724,LEVER,TQQQ|SIG_BASE|BAND_3|OFF_BASE,10.0
2025-12-15,1160592.0566706432,LEVER,TQQQ|SIG_BASE|BAND_3|OFF_BASE,10.0
2025-12-16,1167508.345847092,LEVER,TQQQ|SIG_BASE|BAND_3|OFF_BASE,10.0
2025-12-17,1102138.4676300613,LEVER,TQQQ|SIG_BASE|BAND_3|OFF_BASE,10.0
2025-12-18,1149213.6150782814,LEVER,TQQQ|SIG_BASE|BAND_3|OFF_BASE,10.0
2025-12-19,1194057.814686406,LEVER,TQQQ|SIG_BASE|BAND_3|OFF_BASE,10.0
2025-12-22,1210344.4442212665,LEVER,TQQQ|SIG_BASE|BAND_3|OFF_BASE,10.0
2025-12-23,1227300.298203154,LEVER,TQQQ|SIG_BASE|BAND_3|OFF_BASE,10.0
2025-12-24,1237043.0765146937,LEVER,TQQQ|SIG_BASE|BAND_3|OFF_BASE,10.0
2025-12-26,1235925.7626553094,LEVER,TQQQ|SIG_BASE|BAND_3|OFF_BASE,10.0
2025-12-29,1217602.534221427,LEVER,TQQQ|SIG_BASE|BAND_3|OFF_BASE,10.0
2025-12-30,1208887.7257382364,LEVER,TQQQ|SIG_BASE|BAND_3|OFF_BASE,10.0
2025-12-31,1178051.1126664076,LEVER,TQQQ|SIG_BASE|BAND_3|OFF_BASE,10.0
2026-01-02,1169783.2810741148,LEVER,TQQQ|SIG_BASE|BAND_3|OFF_BASE,10.0
2026-01-05,1197715.0150372626,LEVER,TQQQ|SIG_BASE|BAND_3|OFF_BASE,10.0
2026-01-06,1229222.0506561515,LEVER,TQQQ|SIG_BASE|BAND_3|OFF_BASE,10.0
2026-01-07,1232797.3523118924,LEVER,TQQQ|SIG_BASE|BAND_3|OFF_BASE,10.0
2026-01-08,1210898.822222269,LEVER,TQQQ|SIG_BASE|BAND_3|OFF_BASE,10.0
2026-01-09,1245981.0739183251,LEVER,TQQQ|SIG_BASE|BAND_3|OFF_BASE,10.0
2026-01-12,1248886.03860558,LEVER,TQQQ|SIG_BASE|BAND_3|OFF_BASE,10.0
2026-01-13,1242405.9434197317,LEVER,TQQQ|SIG_BASE|BAND_3|OFF_BASE,10.0
2026-01-14,1202854.607443286,LEVER,TQQQ|SIG_BASE|BAND_3|OFF_BASE,10.0
2026-01-15,1215144.5464250704,LEVER,TQQQ|SIG_BASE|BAND_3|OFF_BASE,10.0
2026-01-16,1209781.5083628849,LEVER,TQQQ|SIG_BASE|BAND_3|OFF_BASE,10.0
2026-01-20,1133583.6299401007,LEVER,TQQQ|SIG_BASE|BAND_3|OFF_BASE,10.0
2026-01-21,1178274.5583225698,LEVER,TQQQ|SIG_BASE|BAND_3|OFF_BASE,10.0
2026-01-22,1204418.7270364207,LEVER,TQQQ|SIG_BASE|BAND_3|OFF_BASE,10.0
2026-01-23,1215144.5464250704,LEVER,TQQQ|SIG_BASE|BAND_3|OFF_BASE,10.0
2026-01-26,1230786.3414064336,LEVER,TQQQ|SIG_BASE|BAND_3|OFF_BASE,10.0
2026-01-27,1263410.6908847068,LEVER,TQQQ|SIG_BASE|BAND_3|OFF_BASE,10.0
2026-01-28,1275030.2928980049,LEVER,TQQQ|SIG_BASE|BAND_3|OFF_BASE,10.0
2026-01-29,1252237.8946051593,LEVER,TQQQ|SIG_BASE|BAND_3|OFF_BASE,10.0
2026-01-30,1206653.2691766156,LEVER,TQQQ|SIG_BASE|BAND_3|OFF_BASE,10.0
2026-02-02,1231233.1471401844,LEVER,TQQQ|SIG_BASE|BAND_3|OFF_BASE,10.0
2026-02-03,1173581.9428074448,LEVER,TQQQ|SIG_BASE|BAND_3|OFF_BASE,10.0
2026-02-04,1111908.6310852135,LEVER,TQQQ|SIG_BASE|BAND_3|OFF_BASE,10.0
2026-02-05,1064536.2692502255,LEVER,TQQQ|SIG_BASE|BAND_3|OFF_BASE,10.0
2026-02-06,1130455.390753832,LEVER,TQQQ|SIG_BASE|BAND_3|OFF_BASE,10.0
2026-02-09,1156152.582576785,LEVER,TQQQ|SIG_BASE|BAND_3|OFF_BASE,10.0
2026-02-10,1140063.8107045237,LEVER,TQQQ|SIG_BASE|BAND_3|OFF_BASE,10.0
2026-02-11,1148555.1735315523,LEVER,TQQQ|SIG_BASE|BAND_3|OFF_BASE,10.0
2026-02-12,1078390.4134037185,LEVER,TQQQ|SIG_BASE|BAND_3|OFF_BASE,10.0
2026-02-13,1083083.028918844,LEVER,TQQQ|SIG_BASE|BAND_3|OFF_BASE,10.0
2026-02-17,1080401.5098877512,LEVER,TQQQ|SIG_BASE|BAND_3|OFF_BASE,10.0
2026-02-18,1103640.7994929212,LEVER,TQQQ|SIG_BASE|BAND_3|OFF_BASE,10.0
2026-02-19,1091127.4148549747,LEVER,TQQQ|SIG_BASE|BAND_3|OFF_BASE,10.0
2026-02-20,1118612.2575057982,LEVER,TQQQ|SIG_BASE|BAND_3|OFF_BASE,10.0
2026-02-23,1077943.5220913945,LEVER,TQQQ|SIG_BASE|BAND_3|OFF_BASE,10.0
2026-02-24,1112355.5223975382,LEVER,TQQQ|SIG_BASE|BAND_3|OFF_BASE,10.0
2026-02-25,1159057.461685466,LEVER,TQQQ|SIG_BASE|BAND_3|OFF_BASE,10.0
2026-02-26,1118388.7262710624,LEVER,TQQQ|SIG_BASE|BAND_3|OFF_BASE,10.0
2026-02-27,1106545.764180176,LEVER,TQQQ|SIG_BASE|BAND_3|OFF_BASE,10.0
2026-03-02,1110567.9571482413,LEVER,TQQQ|SIG_BASE|BAND_3|OFF_BASE,10.0
2026-03-03,1074815.1973265514,LEVER,TQQQ|SIG_BASE|BAND_3|OFF_BASE,10.0
2026-03-04,1123081.2562076142,LEVER,TQQQ|SIG_BASE|BAND_3|OFF_BASE,10.0
2026-03-05,1112802.4137098626,LEVER,TQQQ|SIG_BASE|BAND_3|OFF_BASE,10.0
2026-03-06,1062301.7271100313,LEVER,TQQQ|SIG_BASE|BAND_3|OFF_BASE,10.0
2026-03-09,1103640.7994929212,LEVER,TQQQ|SIG_BASE|BAND_3|OFF_BASE,10.0
2026-03-10,1103864.2451490832,LEVER,TQQQ|SIG_BASE|BAND_3|OFF_BASE,10.0
2026-03-11,1102746.931289699,LEVER,TQQQ|SIG_BASE|BAND_3|OFF_BASE,10.0
2026-03-12,1046436.5720510794,LEVER,TQQQ|SIG_BASE|BAND_3|OFF_BASE,10.0
2026-03-13,1026325.6072107527,LEVER,TQQQ|SIG_BASE|BAND_3|OFF_BASE,10.0
2026-03-16,1060514.0762821604,LEVER,TQQQ|SIG_BASE|BAND_3|OFF_BASE,10.0
2026-03-17,1076155.9568420977,LEVER,TQQQ|SIG_BASE|BAND_3|OFF_BASE,10.0
2026-03-18,1030124.2689440822,LEVER,TQQQ|SIG_BASE|BAND_3|OFF_BASE,10.0
2026-03-19,1020962.654727141,LEVER,TQQQ|SIG_BASE|BAND_3|OFF_BASE,10.0
2026-03-20,962641.1990044889,LEVER,TQQQ|SIG_BASE|BAND_3|OFF_BASE,10.0
2026-03-23,995935.7998726745,LEVER,TQQQ|SIG_BASE|BAND_3|OFF_BASE,10.0
2026-03-24,974707.6067515373,LEVER,TQQQ|SIG_BASE|BAND_3|OFF_BASE,10.0
2026-03-25,993553.6346926943,LEVER,TQQQ|SIG_BASE|BAND_3|OFF_BASE,10.0
2026-03-26,920979.6889771497,OFF,TQQQ|SIG_BASE|BAND_3|OFF_BASE,10.0
2026-03-27,902986.8252526143,OFF,TQQQ|SIG_BASE|BAND_3|OFF_BASE,10.0
2026-03-30,896084.9611513267,OFF,TQQQ|SIG_BASE|BAND_3|OFF_BASE,10.0
2026-03-31,926420.9360599295,OFF,TQQQ|SIG_BASE|BAND_3|OFF_BASE,10.0
2026-04-01,937865.1984576795,OFF,TQQQ|SIG_BASE|BAND_3|OFF_BASE,10.0
2026-04-02,938940.5805571853,OFF,TQQQ|SIG_BASE|BAND_3|OFF_BASE,10.0
2026-04-06,944590.5292457789,OFF,TQQQ|SIG_BASE|BAND_3|OFF_BASE,10.0
2026-04-07,944734.9923404048,OFF,TQQQ|SIG_BASE|BAND_3|OFF_BASE,10.0
2026-04-08,972823.8943202454,OFF,TQQQ|SIG_BASE|BAND_3|OFF_BASE,10.0
2026-04-09,979404.7620137188,OFF,TQQQ|SIG_BASE|BAND_3|OFF_BASE,10.0
2026-04-10,980817.2246673515,OFF,TQQQ|SIG_BASE|BAND_3|OFF_BASE,10.0
2026-04-13,988979.3965750423,LEVER,TQQQ|SIG_BASE|BAND_3|OFF_BASE,10.0
2026-04-14,1042664.6205205536,LEVER,TQQQ|SIG_BASE|BAND_3|OFF_BASE,10.0
2026-04-15,1086393.7000897843,LEVER,TQQQ|SIG_BASE|BAND_3|OFF_BASE,10.0
2026-04-16,1101620.810290213,LEVER,TQQQ|SIG_BASE|BAND_3|OFF_BASE,10.0
2026-04-17,1143788.0890338002,LEVER,TQQQ|SIG_BASE|BAND_3|OFF_BASE,10.0
2026-04-20,1133831.9446575197,LEVER,TQQQ|SIG_BASE|BAND_3|OFF_BASE,10.0
2026-04-21,1120557.0108475464,LEVER,TQQQ|SIG_BASE|BAND_3|OFF_BASE,10.0
2026-04-22,1175413.510770691,LEVER,TQQQ|SIG_BASE|BAND_3|OFF_BASE,10.0
2026-04-23,1156086.8600069468,LEVER,TQQQ|SIG_BASE|BAND_3|OFF_BASE,10.0
2026-04-24,1221290.0291543824,LEVER,TQQQ|SIG_BASE|BAND_3|OFF_BASE,10.0
2026-04-27,1222851.7553384267,LEVER,TQQQ|SIG_BASE|BAND_3|OFF_BASE,10.0
2026-04-28,1185760.1799949822,LEVER,TQQQ|SIG_BASE|BAND_3|OFF_BASE,10.0
2026-04-29,1207624.7197795976,LEVER,TQQQ|SIG_BASE|BAND_3|OFF_BASE,10.0
2026-04-30,1240421.492135721,LEVER,TQQQ|SIG_BASE|BAND_3|OFF_BASE,10.0
2026-05-01,1274780.1399590876,LEVER,TQQQ|SIG_BASE|BAND_3|OFF_BASE,10.0
2026-05-04,1267166.5475380737,LEVER,TQQQ|SIG_BASE|BAND_3|OFF_BASE,10.0
2026-05-05,1315580.7310178378,LEVER,TQQQ|SIG_BASE|BAND_3|OFF_BASE,10.0
2026-05-06,1397182.3609849345,LEVER,TQQQ|SIG_BASE|BAND_3|OFF_BASE,10.0
2026-05-07,1392692.220932009,LEVER,TQQQ|SIG_BASE|BAND_3|OFF_BASE,10.0
2026-05-08,1489130.5108931232,LEVER,TQQQ|SIG_BASE|BAND_3|OFF_BASE,10.0
2026-05-11,1502405.3700614972,LEVER,TQQQ|SIG_BASE|BAND_3|OFF_BASE,10.0
2026-05-12,1463361.5436859983,LEVER,TQQQ|SIG_BASE|BAND_3|OFF_BASE,10.0
2026-05-13,1507871.523668051,LEVER,TQQQ|SIG_BASE|BAND_3|OFF_BASE,10.0
2026-05-14,1541253.934012991,LEVER,TQQQ|SIG_BASE|BAND_3|OFF_BASE,10.0
2026-05-15,1470779.873683007,LEVER,TQQQ|SIG_BASE|BAND_3|OFF_BASE,10.0
2026-05-18,1450867.584930446,LEVER,TQQQ|SIG_BASE|BAND_3|OFF_BASE,10.0
2026-05-19,1423732.0793216827,LEVER,TQQQ|SIG_BASE|BAND_3|OFF_BASE,10.0
2026-05-20,1493620.50166285,LEVER,TQQQ|SIG_BASE|BAND_3|OFF_BASE,10.0
2026-05-21,1502210.107637492,LEVER,TQQQ|SIG_BASE|BAND_3|OFF_BASE,10.0
2026-05-22,1519584.5820107812,LEVER,TQQQ|SIG_BASE|BAND_3|OFF_BASE,10.0
2026-05-26,1599819.5242930404,LEVER,TQQQ|SIG_BASE|BAND_3|OFF_BASE,10.0
2026-05-27,1594353.5199696855,LEVER,TQQQ|SIG_BASE|BAND_3|OFF_BASE,10.0
2026-05-28,1633592.459485991,LEVER,TQQQ|SIG_BASE|BAND_3|OFF_BASE,10.0
2026-05-29,1650771.820718474,LEVER,TQQQ|SIG_BASE|BAND_3|OFF_BASE,10.0
2026-06-01,1679664.2402936872,LEVER,TQQQ|SIG_BASE|BAND_3|OFF_BASE,10.0
2026-06-02,1702700.1306975354,LEVER,TQQQ|SIG_BASE|BAND_3|OFF_BASE,10.0
2026-06-03,1689815.497810774,LEVER,TQQQ|SIG_BASE|BAND_3|OFF_BASE,10.0
2026-06-04,1663656.3043220362,LEVER,TQQQ|SIG_BASE|BAND_3|OFF_BASE,10.0
2026-06-05,1426074.7805601477,LEVER,TQQQ|SIG_BASE|BAND_3|OFF_BASE,10.0
2026-06-08,1488935.2484691178,LEVER,TQQQ|SIG_BASE|BAND_3|OFF_BASE,10.0
2026-06-09,1439154.3773045165,LEVER,TQQQ|SIG_BASE|BAND_3|OFF_BASE,10.0
2026-06-10,1352281.8561548714,LEVER,TQQQ|SIG_BASE|BAND_3|OFF_BASE,10.0
2026-06-11,1483859.6197105744,LEVER,TQQQ|SIG_BASE|BAND_3|OFF_BASE,10.0
2026-06-12,1513337.5279914057,LEVER,TQQQ|SIG_BASE|BAND_3|OFF_BASE,10.0
2026-06-15,1651357.3094240916,LEVER,TQQQ|SIG_BASE|BAND_3|OFF_BASE,10.0
2026-06-16,1560385.4716359286,LEVER,TQQQ|SIG_BASE|BAND_3|OFF_BASE,10.0
2026-06-17,1513728.0528394158,LEVER,TQQQ|SIG_BASE|BAND_3|OFF_BASE,10.0
2026-06-18,1617779.7859383451,LEVER,TQQQ|SIG_BASE|BAND_3|OFF_BASE,10.0
2026-06-22,1612118.519190985,LEVER,TQQQ|SIG_BASE|BAND_3|OFF_BASE,10.0
2026-06-23,1453210.286168911,LEVER,TQQQ|SIG_BASE|BAND_3|OFF_BASE,10.0
2026-06-24,1434249.9763749745,LEVER,TQQQ|SIG_BASE|BAND_3|OFF_BASE,10.0
2026-06-25,1466535.1552088766,LEVER,TQQQ|SIG_BASE|BAND_3|OFF_BASE,10.0
2026-06-26,1405486.6867667066,LEVER,TQQQ|SIG_BASE|BAND_3|OFF_BASE,10.0
2026-06-29,1510365.0009372844,LEVER,TQQQ|SIG_BASE|BAND_3|OFF_BASE,10.0
2026-06-30,1584914.64187718,LEVER,TQQQ|SIG_BASE|BAND_3|OFF_BASE,10.0
2026-07-01,1515647.9840589343,LEVER,TQQQ|SIG_BASE|BAND_3|OFF_BASE,10.0
2026-07-02,1435228.2291765844,LEVER,TQQQ|SIG_BASE|BAND_3|OFF_BASE,10.0
2026-07-06,1495298.4448171444,LEVER,TQQQ|SIG_BASE|BAND_3|OFF_BASE,10.0
2026-07-07,1413313.455595579,LEVER,TQQQ|SIG_BASE|BAND_3|OFF_BASE,10.0
2026-07-08,1422901.1690372687,LEVER,TQQQ|SIG_BASE|BAND_3|OFF_BASE,10.0
2026-07-09,1493733.0611947302,LEVER,TQQQ|SIG_BASE|BAND_3|OFF_BASE,10.0
2026-07-10,1507234.2336924558,LEVER,TQQQ|SIG_BASE|BAND_3|OFF_BASE,10.0
2026-07-13,1421335.7854148548,LEVER,TQQQ|SIG_BASE|BAND_3|OFF_BASE,10.0
2026-07-14,1467904.8285576894,LEVER,TQQQ|SIG_BASE|BAND_3|OFF_BASE,10.0
2026-07-15,1456556.1705031828,LEVER,TQQQ|SIG_BASE|BAND_3|OFF_BASE,10.0
2026-07-16,1384158.7454401082,LEVER,TQQQ|SIG_BASE|BAND_3|OFF_BASE,10.0
2026-07-17,1321349.1831019225,LEVER,TQQQ|SIG_BASE|BAND_3|OFF_BASE,10.0
2026-07-20,1323697.2585355442,LEVER,TQQQ|SIG_BASE|BAND_3|OFF_BASE,10.0
2026-07-21,1396485.9548626228,LEVER,TQQQ|SIG_BASE|BAND_3|OFF_BASE,10.0
2026-07-22,1375158.0135360246,LEVER,TQQQ|SIG_BASE|BAND_3|OFF_BASE,10.0
2026-07-23,1297282.0443608977,LEVER,TQQQ|SIG_BASE|BAND_3|OFF_BASE,10.0
2026-07-24,1252278.2355572786,LEVER,TQQQ|SIG_BASE|BAND_3|OFF_BASE,10.0
2026-07-27,1240538.1569555688,LEVER,TQQQ|SIG_BASE|BAND_3|OFF_BASE,10.0
2026-07-28,1204535.154697633,LEVER,TQQQ|SIG_BASE|BAND_3|OFF_BASE,10.0
2026-07-29,1129985.439116138,LEVER,TQQQ|SIG_BASE|BAND_3|OFF_BASE,10.0
2026-07-30,1238581.427427551,LEVER,TQQQ|SIG_BASE|BAND_3|OFF_BASE,10.0
2026-07-31,1264409.7347061913,LEVER,TQQQ|SIG_BASE|BAND_3|OFF_BASE,10.0
2026-08-03,1329762.9334684014,LEVER,TQQQ|SIG_BASE|BAND_3|OFF_BASE,10.0
2026-08-04,1463991.5187848532,LEVER,TQQQ|SIG_BASE|BAND_3|OFF_BASE,10.0
2026-08-05,1425249.0951876924,LEVER,TQQQ|SIG_BASE|BAND_3|OFF_BASE,10.0
2026-08-06,1409399.9965395443,LEVER,TQQQ|SIG_BASE|BAND_3|OFF_BASE,10.0
2026-08-07,1457143.1520407891,LEVER,TQQQ|SIG_BASE|BAND_3|OFF_BASE,10.0
2026-08-10,1444033.4000902667,LEVER,TQQQ|SIG_BASE|BAND_3|OFF_BASE,10.0
