date,realized_pnl_cum,active_mark_pnl,equity,drawdown_pct,universe,period
2023-08-08,0.0,0.0,1.0,-0.0,KOSPI40_PIT,P1_2023_08_08_2024_08_07
2023-08-09,0.0,0.0,1.0,-0.0,KOSPI40_PIT,P1_2023_08_08_2024_08_07
2023-08-10,0.0,0.0,1.0,-0.0,KOSPI40_PIT,P1_2023_08_08_2024_08_07
2023-08-11,0.0,0.0,1.0,-0.0,KOSPI40_PIT,P1_2023_08_08_2024_08_07
2023-08-14,0.0,0.0,1.0,-0.0,KOSPI40_PIT,P1_2023_08_08_2024_08_07
2023-08-16,0.0,0.0,1.0,-0.0,KOSPI40_PIT,P1_2023_08_08_2024_08_07
2023-08-17,0.0,0.0,1.0,-0.0,KOSPI40_PIT,P1_2023_08_08_2024_08_07
2023-08-18,0.0,0.0,1.0,-0.0,KOSPI40_PIT,P1_2023_08_08_2024_08_07
2023-08-21,0.0,0.0,1.0,-0.0,KOSPI40_PIT,P1_2023_08_08_2024_08_07
2023-08-22,0.0,0.0,1.0,-0.0,KOSPI40_PIT,P1_2023_08_08_2024_08_07
2023-08-23,0.0,0.0,1.0,-0.0,KOSPI40_PIT,P1_2023_08_08_2024_08_07
2023-08-24,0.0,0.0,1.0,-0.0,KOSPI40_PIT,P1_2023_08_08_2024_08_07
2023-08-25,0.0,0.0,1.0,-0.0,KOSPI40_PIT,P1_2023_08_08_2024_08_07
2023-08-28,0.0,0.0,1.0,-0.0,KOSPI40_PIT,P1_2023_08_08_2024_08_07
2023-08-29,0.0,-0.002647058823529408,0.9973529411764706,0.2647058823529447,KOSPI40_PIT,P1_2023_08_08_2024_08_07
2023-08-30,0.0,-0.0018627450980392148,0.9981372549019608,0.1862745098039187,KOSPI40_PIT,P1_2023_08_08_2024_08_07
2023-08-31,0.0,-0.002058823529411767,0.9979411764705882,0.20588235294117796,KOSPI40_PIT,P1_2023_08_08_2024_08_07
2023-09-01,0.0,-0.0009803921568627455,0.9990196078431373,0.09803921568627416,KOSPI40_PIT,P1_2023_08_08_2024_08_07
2023-09-04,0.0,-0.0006862745098039171,0.999313725490196,0.06862745098039635,KOSPI40_PIT,P1_2023_08_08_2024_08_07
2023-09-05,0.0,0.0,1.0,-0.0,KOSPI40_PIT,P1_2023_08_08_2024_08_07
2023-09-06,0.0,0.006176470588235301,1.0061764705882352,-0.0,KOSPI40_PIT,P1_2023_08_08_2024_08_07
2023-09-07,0.0,0.0072549019607843065,1.0072549019607844,-0.0,KOSPI40_PIT,P1_2023_08_08_2024_08_07
2023-09-08,0.0,0.003039215686274497,1.0030392156862744,0.41853221724743594,KOSPI40_PIT,P1_2023_08_08_2024_08_07
2023-09-11,0.0,0.000784313725490209,1.0007843137254901,0.6423982869379175,KOSPI40_PIT,P1_2023_08_08_2024_08_07
2023-09-12,0.0,-0.005980392156862749,0.9940196078431373,1.3139964960093509,KOSPI40_PIT,P1_2023_08_08_2024_08_07
2023-09-13,-0.006507383563120383,0.0,0.9934926164368796,1.366316063303763,KOSPI40_PIT,P1_2023_08_08_2024_08_07
2023-09-14,-0.006507383563120383,0.0,0.9934926164368796,1.366316063303763,KOSPI40_PIT,P1_2023_08_08_2024_08_07
2023-09-15,-0.006507383563120383,0.0,0.9934926164368796,1.366316063303763,KOSPI40_PIT,P1_2023_08_08_2024_08_07
2023-09-18,-0.006507383563120383,0.0,0.9934926164368796,1.366316063303763,KOSPI40_PIT,P1_2023_08_08_2024_08_07
2023-09-19,-0.006507383563120383,0.0,0.9934926164368796,1.366316063303763,KOSPI40_PIT,P1_2023_08_08_2024_08_07
2023-09-20,-0.006507383563120383,0.0,0.9934926164368796,1.366316063303763,KOSPI40_PIT,P1_2023_08_08_2024_08_07
2023-09-21,-0.006507383563120383,0.0,0.9934926164368796,1.366316063303763,KOSPI40_PIT,P1_2023_08_08_2024_08_07
2023-09-22,-0.006507383563120383,0.0,0.9934926164368796,1.366316063303763,KOSPI40_PIT,P1_2023_08_08_2024_08_07
2023-09-25,-0.006507383563120383,0.0,0.9934926164368796,1.366316063303763,KOSPI40_PIT,P1_2023_08_08_2024_08_07
2023-09-26,-0.006507383563120383,0.0,0.9934926164368796,1.366316063303763,KOSPI40_PIT,P1_2023_08_08_2024_08_07
2023-09-27,-0.006507383563120383,0.0,0.9934926164368796,1.366316063303763,KOSPI40_PIT,P1_2023_08_08_2024_08_07
2023-10-04,-0.006507383563120383,0.0,0.9934926164368796,1.366316063303763,KOSPI40_PIT,P1_2023_08_08_2024_08_07
2023-10-05,-0.006507383563120383,0.0,0.9934926164368796,1.366316063303763,KOSPI40_PIT,P1_2023_08_08_2024_08_07
2023-10-06,-0.006507383563120383,0.0,0.9934926164368796,1.366316063303763,KOSPI40_PIT,P1_2023_08_08_2024_08_07
2023-10-10,-0.006507383563120383,0.0,0.9934926164368796,1.366316063303763,KOSPI40_PIT,P1_2023_08_08_2024_08_07
2023-10-11,-0.006507383563120383,0.0,0.9934926164368796,1.366316063303763,KOSPI40_PIT,P1_2023_08_08_2024_08_07
2023-10-12,-0.006507383563120383,0.0,0.9934926164368796,1.366316063303763,KOSPI40_PIT,P1_2023_08_08_2024_08_07
2023-10-13,-0.006507383563120383,0.0,0.9934926164368796,1.366316063303763,KOSPI40_PIT,P1_2023_08_08_2024_08_07
2023-10-16,-0.006507383563120383,0.0,0.9934926164368796,1.366316063303763,KOSPI40_PIT,P1_2023_08_08_2024_08_07
2023-10-17,-0.006507383563120383,0.0,0.9934926164368796,1.366316063303763,KOSPI40_PIT,P1_2023_08_08_2024_08_07
2023-10-18,-0.006507383563120383,0.0,0.9934926164368796,1.366316063303763,KOSPI40_PIT,P1_2023_08_08_2024_08_07
2023-10-19,-0.006507383563120383,0.0,0.9934926164368796,1.366316063303763,KOSPI40_PIT,P1_2023_08_08_2024_08_07
2023-10-20,-0.006507383563120383,0.0,0.9934926164368796,1.366316063303763,KOSPI40_PIT,P1_2023_08_08_2024_08_07
2023-10-23,-0.006507383563120383,0.0,0.9934926164368796,1.366316063303763,KOSPI40_PIT,P1_2023_08_08_2024_08_07
2023-10-24,-0.006507383563120383,0.0,0.9934926164368796,1.366316063303763,KOSPI40_PIT,P1_2023_08_08_2024_08_07
2023-10-25,-0.006507383563120383,0.0,0.9934926164368796,1.366316063303763,KOSPI40_PIT,P1_2023_08_08_2024_08_07
2023-10-26,-0.006507383563120383,0.0,0.9934926164368796,1.366316063303763,KOSPI40_PIT,P1_2023_08_08_2024_08_07
2023-10-27,-0.006507383563120383,0.0,0.9934926164368796,1.366316063303763,KOSPI40_PIT,P1_2023_08_08_2024_08_07
2023-10-30,-0.006507383563120383,0.0,0.9934926164368796,1.366316063303763,KOSPI40_PIT,P1_2023_08_08_2024_08_07
2023-10-31,-0.006507383563120383,0.0,0.9934926164368796,1.366316063303763,KOSPI40_PIT,P1_2023_08_08_2024_08_07
2023-11-01,-0.006507383563120383,0.0,0.9934926164368796,1.366316063303763,KOSPI40_PIT,P1_2023_08_08_2024_08_07
2023-11-02,-0.006507383563120383,0.0,0.9934926164368796,1.366316063303763,KOSPI40_PIT,P1_2023_08_08_2024_08_07
2023-11-03,-0.006507383563120383,0.0,0.9934926164368796,1.366316063303763,KOSPI40_PIT,P1_2023_08_08_2024_08_07
2023-11-06,-0.006507383563120383,0.0,0.9934926164368796,1.366316063303763,KOSPI40_PIT,P1_2023_08_08_2024_08_07
2023-11-07,-0.006507383563120383,0.0,0.9934926164368796,1.366316063303763,KOSPI40_PIT,P1_2023_08_08_2024_08_07
2023-11-08,-0.006507383563120383,0.0,0.9934926164368796,1.366316063303763,KOSPI40_PIT,P1_2023_08_08_2024_08_07
2023-11-09,-0.006507383563120383,0.0,0.9934926164368796,1.366316063303763,KOSPI40_PIT,P1_2023_08_08_2024_08_07
2023-11-10,-0.006507383563120383,0.0,0.9934926164368796,1.366316063303763,KOSPI40_PIT,P1_2023_08_08_2024_08_07
2023-11-13,-0.006507383563120383,0.0,0.9934926164368796,1.366316063303763,KOSPI40_PIT,P1_2023_08_08_2024_08_07
2023-11-14,-0.006507383563120383,0.0,0.9934926164368796,1.366316063303763,KOSPI40_PIT,P1_2023_08_08_2024_08_07
2023-11-15,-0.006507383563120383,0.0,0.9934926164368796,1.366316063303763,KOSPI40_PIT,P1_2023_08_08_2024_08_07
2023-11-16,-0.006507383563120383,0.0,0.9934926164368796,1.366316063303763,KOSPI40_PIT,P1_2023_08_08_2024_08_07
2023-11-17,-0.006507383563120383,0.0,0.9934926164368796,1.366316063303763,KOSPI40_PIT,P1_2023_08_08_2024_08_07
2023-11-20,-0.006507383563120383,0.0,0.9934926164368796,1.366316063303763,KOSPI40_PIT,P1_2023_08_08_2024_08_07
2023-11-21,-0.006507383563120383,0.0,0.9934926164368796,1.366316063303763,KOSPI40_PIT,P1_2023_08_08_2024_08_07
2023-11-22,-0.006507383563120383,0.0,0.9934926164368796,1.366316063303763,KOSPI40_PIT,P1_2023_08_08_2024_08_07
2023-11-23,-0.006507383563120383,0.0,0.9934926164368796,1.366316063303763,KOSPI40_PIT,P1_2023_08_08_2024_08_07
2023-11-24,-0.006507383563120383,0.0,0.9934926164368796,1.366316063303763,KOSPI40_PIT,P1_2023_08_08_2024_08_07
2023-11-27,-0.006507383563120383,0.00308901065614827,0.9965816270930279,1.0596399031644554,KOSPI40_PIT,P1_2023_08_08_2024_08_07
2023-11-28,-0.006507383563120383,0.0030055238816577763,0.9964981403185373,1.0679284480330953,KOSPI40_PIT,P1_2023_08_08_2024_08_07
2023-11-29,-0.006507383563120383,0.006925607429325068,1.0004182238662047,0.6787435912469553,KOSPI40_PIT,P1_2023_08_08_2024_08_07
2023-11-30,-0.006507383563120383,0.008135111533496704,1.0016277279703762,0.5586643439961403,KOSPI40_PIT,P1_2023_08_08_2024_08_07
2023-12-01,-0.006507383563120383,0.0068136592544400885,1.0003062756913197,0.6898577764117175,KOSPI40_PIT,P1_2023_08_08_2024_08_07
2023-12-04,-0.006507383563120383,-0.0018851988320555567,0.9916074176048241,1.55347810425146,KOSPI40_PIT,P1_2023_08_08_2024_08_07
2023-12-05,-0.006507383563120383,0.0012227860910223797,0.9947154025279019,1.244918183914745,KOSPI40_PIT,P1_2023_08_08_2024_08_07
2023-12-06,-0.006507383563120383,0.003140662827234577,0.9966332792641142,1.0545118892937189,KOSPI40_PIT,P1_2023_08_08_2024_08_07
2023-12-07,-0.006507383563120383,-0.0001368255470816373,0.993355790889798,1.3799000673940132,KOSPI40_PIT,P1_2023_08_08_2024_08_07
2023-12-08,-0.010688122902426456,0.010338445574406205,0.9996503226719797,0.7549806185108809,KOSPI40_PIT,P1_2023_08_08_2024_08_07
2023-12-11,-0.010688122902426456,0.017613390340425077,1.0069252674379985,0.032726028152774145,KOSPI40_PIT,P1_2023_08_08_2024_08_07
2023-12-12,-0.010688122902426456,0.017272486011255573,1.0065843631088291,0.06657091969966,KOSPI40_PIT,P1_2023_08_08_2024_08_07
2023-12-13,-0.010688122902426456,0.01844130085412249,1.007753177951696,-0.0,KOSPI40_PIT,P1_2023_08_08_2024_08_07
2023-12-14,-0.010688122902426456,0.01663705889430014,1.0059489359918736,0.17903609726039882,KOSPI40_PIT,P1_2023_08_08_2024_08_07
2023-12-15,-0.010688122902426456,0.017673686344223737,1.0069855634417972,0.07617088456708387,KOSPI40_PIT,P1_2023_08_08_2024_08_07
2023-12-18,-0.010688122902426456,0.02062123329915201,1.0099331103967255,-0.0,KOSPI40_PIT,P1_2023_08_08_2024_08_07
2023-12-19,-0.010688122902426456,0.01925993505954312,1.0085718121571166,0.13479093076512738,KOSPI40_PIT,P1_2023_08_08_2024_08_07
2023-12-20,-0.010688122902426456,0.033065400852374006,1.0223772779499476,-0.0,KOSPI40_PIT,P1_2023_08_08_2024_08_07
2023-12-21,-0.010688122902426456,0.033617341194838946,1.0229292182924126,-0.0,KOSPI40_PIT,P1_2023_08_08_2024_08_07
2023-12-22,-0.010688122902426456,0.0372327823456912,1.0265446594432648,-0.0,KOSPI40_PIT,P1_2023_08_08_2024_08_07
2023-12-26,-0.010688122902426456,0.03669591600417593,1.0260077931017495,0.05229839116852597,KOSPI40_PIT,P1_2023_08_08_2024_08_07
2023-12-27,-0.010688122902426456,0.03216309814097829,1.021474975238552,0.4938590988786018,KOSPI40_PIT,P1_2023_08_08_2024_08_07
2023-12-28,-0.014473271225072942,0.04188485094646707,1.027411579721394,-0.0,KOSPI40_PIT,P1_2023_08_08_2024_08_07
2024-01-02,-0.014473271225072942,0.03823926179371545,1.0237659905686425,0.3548323986907187,KOSPI40_PIT,P1_2023_08_08_2024_08_07
2024-01-03,-0.014473271225072942,0.02790313529637847,1.0134298640713055,1.3608680227139347,KOSPI40_PIT,P1_2023_08_08_2024_08_07
2024-01-04,-0.008097318249516568,0.01973186724312137,1.0116345489936047,1.5356095881328913,KOSPI40_PIT,P1_2023_08_08_2024_08_07
2024-01-05,-0.008097318249516568,0.017938061130110337,1.0098407428805938,1.7102042830357211,KOSPI40_PIT,P1_2023_08_08_2024_08_07
2024-01-08,0.01013753838708664,0.0,1.0101375383870865,1.681316589695414,KOSPI40_PIT,P1_2023_08_08_2024_08_07
2024-01-09,0.01013753838708664,-0.0010820756528187084,1.0090554627342678,1.7866371519877133,KOSPI40_PIT,P1_2023_08_08_2024_08_07
2024-01-10,0.01013753838708664,-0.0001803459421364514,1.00995719244495,1.6988700167441473,KOSPI40_PIT,P1_2023_08_08_2024_08_07
2024-01-11,0.01013753838708664,0.001803459421364514,1.011940997808451,1.5057823192082598,KOSPI40_PIT,P1_2023_08_08_2024_08_07
2024-01-12,0.01013753838708664,-0.0014427675370916112,1.008694770849995,1.8217440060851353,KOSPI40_PIT,P1_2023_08_08_2024_08_07
2024-01-15,0.01013753838708664,-0.006312107974775809,1.0038254304123106,2.2956865364004653,KOSPI40_PIT,P1_2023_08_08_2024_08_07
2024-01-16,0.0037412509470657346,0.0,1.0037412509470658,2.303879890155325,KOSPI40_PIT,P1_2023_08_08_2024_08_07
2024-01-17,0.0037412509470657346,0.0,1.0037412509470658,2.303879890155325,KOSPI40_PIT,P1_2023_08_08_2024_08_07
2024-01-18,0.0037412509470657346,0.0,1.0037412509470658,2.303879890155325,KOSPI40_PIT,P1_2023_08_08_2024_08_07
2024-01-19,0.0037412509470657346,0.0,1.0037412509470658,2.303879890155325,KOSPI40_PIT,P1_2023_08_08_2024_08_07
2024-01-22,0.0037412509470657346,0.0,1.0037412509470658,2.303879890155325,KOSPI40_PIT,P1_2023_08_08_2024_08_07
2024-01-23,0.0037412509470657346,0.0,1.0037412509470658,2.303879890155325,KOSPI40_PIT,P1_2023_08_08_2024_08_07
2024-01-24,0.0037412509470657346,0.0,1.0037412509470658,2.303879890155325,KOSPI40_PIT,P1_2023_08_08_2024_08_07
2024-01-25,0.0037412509470657346,0.0,1.0037412509470658,2.303879890155325,KOSPI40_PIT,P1_2023_08_08_2024_08_07
2024-01-26,0.0037412509470657346,0.0,1.0037412509470658,2.303879890155325,KOSPI40_PIT,P1_2023_08_08_2024_08_07
2024-01-29,0.0037412509470657346,0.0,1.0037412509470658,2.303879890155325,KOSPI40_PIT,P1_2023_08_08_2024_08_07
2024-01-30,0.0037412509470657346,0.0,1.0037412509470658,2.303879890155325,KOSPI40_PIT,P1_2023_08_08_2024_08_07
2024-01-31,0.0037412509470657346,0.0,1.0037412509470658,2.303879890155325,KOSPI40_PIT,P1_2023_08_08_2024_08_07
2024-02-01,0.0037412509470657346,0.0,1.0037412509470658,2.303879890155325,KOSPI40_PIT,P1_2023_08_08_2024_08_07
2024-02-02,0.0037412509470657346,0.0,1.0037412509470658,2.303879890155325,KOSPI40_PIT,P1_2023_08_08_2024_08_07
2024-02-05,0.0037412509470657346,0.0,1.0037412509470658,2.303879890155325,KOSPI40_PIT,P1_2023_08_08_2024_08_07
2024-02-06,0.0037412509470657346,0.0,1.0037412509470658,2.303879890155325,KOSPI40_PIT,P1_2023_08_08_2024_08_07
2024-02-07,0.0037412509470657346,0.0,1.0037412509470658,2.303879890155325,KOSPI40_PIT,P1_2023_08_08_2024_08_07
2024-02-08,0.0037412509470657346,0.0,1.0037412509470658,2.303879890155325,KOSPI40_PIT,P1_2023_08_08_2024_08_07
2024-02-13,0.0037412509470657346,0.0,1.0037412509470658,2.303879890155325,KOSPI40_PIT,P1_2023_08_08_2024_08_07
2024-02-14,0.0037412509470657346,0.0,1.0037412509470658,2.303879890155325,KOSPI40_PIT,P1_2023_08_08_2024_08_07
2024-02-15,0.0037412509470657346,0.0,1.0037412509470658,2.303879890155325,KOSPI40_PIT,P1_2023_08_08_2024_08_07
2024-02-16,0.0037412509470657346,0.0,1.0037412509470658,2.303879890155325,KOSPI40_PIT,P1_2023_08_08_2024_08_07
2024-02-19,0.0037412509470657346,0.0,1.0037412509470658,2.303879890155325,KOSPI40_PIT,P1_2023_08_08_2024_08_07
2024-02-20,0.0037412509470657346,-0.0011547465718860033,1.0025865043751798,2.416273656653367,KOSPI40_PIT,P1_2023_08_08_2024_08_07
2024-02-21,0.0037412509470657346,-0.00168770652814108,1.0020535444189247,2.468147702729395,KOSPI40_PIT,P1_2023_08_08_2024_08_07
2024-02-22,0.0037412509470657346,-0.00346423971565801,1.0002770112314079,2.641061189649463,KOSPI40_PIT,P1_2023_08_08_2024_08_07
2024-02-23,0.0037412509470657346,-0.0012435732312618528,1.002497677715804,2.4249193309993755,KOSPI40_PIT,P1_2023_08_08_2024_08_07
2024-02-26,0.0037412509470657346,-0.007994399343826184,0.9957468516032396,3.0819905812956794,KOSPI40_PIT,P1_2023_08_08_2024_08_07
2024-02-27,0.0037412509470657346,-0.008438532640705421,0.9953027183063604,3.125218953025688,KOSPI40_PIT,P1_2023_08_08_2024_08_07
2024-02-28,-0.006377486120114335,-0.0001356354553394899,0.9934868784245462,3.3019582382016077,KOSPI40_PIT,P1_2023_08_08_2024_08_07
2024-02-29,-0.006377486120114335,-0.007121134790411941,0.9865013790894737,3.98187069713718,KOSPI40_PIT,P1_2023_08_08_2024_08_07
2024-03-04,-0.013146165452179191,0.0,0.9868538345478208,3.9475655106565366,KOSPI40_PIT,P1_2023_08_08_2024_08_07
2024-03-05,-0.013146165452179191,0.0,0.9868538345478208,3.9475655106565366,KOSPI40_PIT,P1_2023_08_08_2024_08_07
2024-03-06,-0.013146165452179191,0.0,0.9868538345478208,3.9475655106565366,KOSPI40_PIT,P1_2023_08_08_2024_08_07
2024-03-07,-0.013146165452179191,0.0,0.9868538345478208,3.9475655106565366,KOSPI40_PIT,P1_2023_08_08_2024_08_07
2024-03-08,-0.013146165452179191,0.0,0.9868538345478208,3.9475655106565366,KOSPI40_PIT,P1_2023_08_08_2024_08_07
2024-03-11,-0.013146165452179191,0.0,0.9868538345478208,3.9475655106565366,KOSPI40_PIT,P1_2023_08_08_2024_08_07
2024-03-12,-0.013146165452179191,0.0,0.9868538345478208,3.9475655106565366,KOSPI40_PIT,P1_2023_08_08_2024_08_07
2024-03-13,-0.013146165452179191,0.0,0.9868538345478208,3.9475655106565366,KOSPI40_PIT,P1_2023_08_08_2024_08_07
2024-03-14,-0.013146165452179191,0.0016447563909130353,0.9884985909387338,3.78747811984097,KOSPI40_PIT,P1_2023_08_08_2024_08_07
2024-03-15,-0.013146165452179191,-0.004486590335074486,0.9823672442127463,4.384254216879913,KOSPI40_PIT,P1_2023_08_08_2024_08_07
2024-03-18,-0.013146165452179191,-0.005790633097691105,0.9810632014501297,4.511179276744459,KOSPI40_PIT,P1_2023_08_08_2024_08_07
2024-03-19,-0.013146165452179191,-0.01584385909773395,0.9710099754500868,5.4896796361397655,KOSPI40_PIT,P1_2023_08_08_2024_08_07
2024-03-20,-0.013146165452179191,-0.015196445605359083,0.9716573889424618,5.4266656011460634,KOSPI40_PIT,P1_2023_08_08_2024_08_07
2024-03-21,-0.013146165452179191,-0.0021454004652012183,0.9847084340826197,4.156381578875557,KOSPI40_PIT,P1_2023_08_08_2024_08_07
2024-03-22,-0.013146165452179191,-0.004816640574378821,0.982037193973442,4.416378659101383,KOSPI40_PIT,P1_2023_08_08_2024_08_07
2024-03-25,-0.013146165452179191,-0.010906582563854633,0.9759472519839661,5.009124751288441,KOSPI40_PIT,P1_2023_08_08_2024_08_07
2024-03-26,-0.013146165452179191,-0.005727927069306665,0.9811259074785141,4.505075975047057,KOSPI40_PIT,P1_2023_08_08_2024_08_07
2024-03-27,-0.013146165452179191,-0.012271119160389896,0.9745827153874309,5.141937795590046,KOSPI40_PIT,P1_2023_08_08_2024_08_07
2024-03-28,-0.025603945284442743,-0.005502798053239623,0.9688932566623176,5.695704059997553,KOSPI40_PIT,P1_2023_08_08_2024_08_07
2024-03-29,-0.025603945284442743,-0.013125296376987377,0.9612707583385699,6.437616889694753,KOSPI40_PIT,P1_2023_08_08_2024_08_07
2024-04-01,-0.03780549316111355,0.0,0.9621945068388864,6.3477066221302225,KOSPI40_PIT,P1_2023_08_08_2024_08_07
2024-04-02,-0.03780549316111355,0.0,0.9621945068388864,6.3477066221302225,KOSPI40_PIT,P1_2023_08_08_2024_08_07
2024-04-03,-0.03780549316111355,0.0,0.9621945068388864,6.3477066221302225,KOSPI40_PIT,P1_2023_08_08_2024_08_07
2024-04-04,-0.03780549316111355,0.0,0.9621945068388864,6.3477066221302225,KOSPI40_PIT,P1_2023_08_08_2024_08_07
2024-04-05,-0.03780549316111355,0.0,0.9621945068388864,6.3477066221302225,KOSPI40_PIT,P1_2023_08_08_2024_08_07
2024-04-08,-0.03780549316111355,0.0,0.9621945068388864,6.3477066221302225,KOSPI40_PIT,P1_2023_08_08_2024_08_07
2024-04-09,-0.03780549316111355,0.0,0.9621945068388864,6.3477066221302225,KOSPI40_PIT,P1_2023_08_08_2024_08_07
2024-04-11,-0.03780549316111355,0.0,0.9621945068388864,6.3477066221302225,KOSPI40_PIT,P1_2023_08_08_2024_08_07
2024-04-12,-0.03780549316111355,0.0,0.9621945068388864,6.3477066221302225,KOSPI40_PIT,P1_2023_08_08_2024_08_07
2024-04-15,-0.03780549316111355,0.0,0.9621945068388864,6.3477066221302225,KOSPI40_PIT,P1_2023_08_08_2024_08_07
2024-04-16,-0.03780549316111355,0.0,0.9621945068388864,6.3477066221302225,KOSPI40_PIT,P1_2023_08_08_2024_08_07
2024-04-17,-0.03780549316111355,0.0,0.9621945068388864,6.3477066221302225,KOSPI40_PIT,P1_2023_08_08_2024_08_07
2024-04-18,-0.03780549316111355,0.0,0.9621945068388864,6.3477066221302225,KOSPI40_PIT,P1_2023_08_08_2024_08_07
2024-04-19,-0.03780549316111355,0.0,0.9621945068388864,6.3477066221302225,KOSPI40_PIT,P1_2023_08_08_2024_08_07
2024-04-22,-0.03780549316111355,0.0,0.9621945068388864,6.3477066221302225,KOSPI40_PIT,P1_2023_08_08_2024_08_07
2024-04-23,-0.03780549316111355,0.0,0.9621945068388864,6.3477066221302225,KOSPI40_PIT,P1_2023_08_08_2024_08_07
2024-04-24,-0.03780549316111355,0.0,0.9621945068388864,6.3477066221302225,KOSPI40_PIT,P1_2023_08_08_2024_08_07
2024-04-25,-0.03780549316111355,0.0,0.9621945068388864,6.3477066221302225,KOSPI40_PIT,P1_2023_08_08_2024_08_07
2024-04-26,-0.03780549316111355,0.0,0.9621945068388864,6.3477066221302225,KOSPI40_PIT,P1_2023_08_08_2024_08_07
2024-04-29,-0.03780549316111355,0.0,0.9621945068388864,6.3477066221302225,KOSPI40_PIT,P1_2023_08_08_2024_08_07
2024-04-30,-0.03780549316111355,0.0,0.9621945068388864,6.3477066221302225,KOSPI40_PIT,P1_2023_08_08_2024_08_07
2024-05-02,-0.03780549316111355,0.0,0.9621945068388864,6.3477066221302225,KOSPI40_PIT,P1_2023_08_08_2024_08_07
2024-05-03,-0.03780549316111355,0.0,0.9621945068388864,6.3477066221302225,KOSPI40_PIT,P1_2023_08_08_2024_08_07
2024-05-07,-0.03780549316111355,0.0,0.9621945068388864,6.3477066221302225,KOSPI40_PIT,P1_2023_08_08_2024_08_07
2024-05-08,-0.03780549316111355,0.0,0.9621945068388864,6.3477066221302225,KOSPI40_PIT,P1_2023_08_08_2024_08_07
2024-05-09,-0.03780549316111355,0.0,0.9621945068388864,6.3477066221302225,KOSPI40_PIT,P1_2023_08_08_2024_08_07
2024-05-10,-0.03780549316111355,0.0,0.9621945068388864,6.3477066221302225,KOSPI40_PIT,P1_2023_08_08_2024_08_07
2024-05-13,-0.03780549316111355,0.0,0.9621945068388864,6.3477066221302225,KOSPI40_PIT,P1_2023_08_08_2024_08_07
2024-05-14,-0.03780549316111355,-0.00258733898109911,0.9596071678577873,6.599537439707803,KOSPI40_PIT,P1_2023_08_08_2024_08_07
2024-05-16,-0.03780549316111355,-0.0024911818544787762,0.9597033249844076,6.5901782764943295,KOSPI40_PIT,P1_2023_08_08_2024_08_07
2024-05-17,-0.04934376502688052,-0.003789437151769757,0.9468667978213497,7.839582840003212,KOSPI40_PIT,P1_2023_08_08_2024_08_07
2024-05-20,-0.04934376502688052,-0.006150446456991731,0.9445057885161278,8.069384542828306,KOSPI40_PIT,P1_2023_08_08_2024_08_07
2024-05-21,-0.04934376502688052,-0.005716006971320122,0.9449402280017993,8.027099688905459,KOSPI40_PIT,P1_2023_08_08_2024_08_07
2024-05-22,-0.04934376502688052,-0.005174822777147928,0.9454814121959715,7.974425161495635,KOSPI40_PIT,P1_2023_08_08_2024_08_07
2024-05-23,-0.05842053271871944,0.0041432345658781065,0.9457227018471586,7.950939962773951,KOSPI40_PIT,P1_2023_08_08_2024_08_07
2024-05-24,-0.05842053271871944,0.0023440504331785116,0.943923517714459,8.126058110964129,KOSPI40_PIT,P1_2023_08_08_2024_08_07
2024-05-27,-0.05842053271871944,0.003531145249129915,0.9451106125304104,8.01051582592649,KOSPI40_PIT,P1_2023_08_08_2024_08_07
2024-05-28,-0.05842053271871944,0.003987318645515768,0.9455667859267962,7.966115567511112,KOSPI40_PIT,P1_2023_08_08_2024_08_07
2024-05-29,-0.05842053271871944,0.002999623855933302,0.9445790911372138,8.06224985381634,KOSPI40_PIT,P1_2023_08_08_2024_08_07
2024-05-30,-0.05842053271871944,-0.0019295906002180863,0.9396498766810624,8.542020040705623,KOSPI40_PIT,P1_2023_08_08_2024_08_07
2024-05-31,-0.05842053271871944,-0.006684914482844379,0.9348945527984361,9.004865114333827,KOSPI40_PIT,P1_2023_08_08_2024_08_07
2024-06-03,-0.06399373705224994,0.0,0.93600626294775,8.896660167917393,KOSPI40_PIT,P1_2023_08_08_2024_08_07
2024-06-04,-0.06399373705224994,0.0,0.93600626294775,8.896660167917393,KOSPI40_PIT,P1_2023_08_08_2024_08_07
2024-06-05,-0.06399373705224994,0.0,0.93600626294775,8.896660167917393,KOSPI40_PIT,P1_2023_08_08_2024_08_07
2024-06-07,-0.06399373705224994,0.0,0.93600626294775,8.896660167917393,KOSPI40_PIT,P1_2023_08_08_2024_08_07
2024-06-10,-0.06399373705224994,0.0,0.93600626294775,8.896660167917393,KOSPI40_PIT,P1_2023_08_08_2024_08_07
2024-06-11,-0.06399373705224994,0.0,0.93600626294775,8.896660167917393,KOSPI40_PIT,P1_2023_08_08_2024_08_07
2024-06-12,-0.06399373705224994,0.0,0.93600626294775,8.896660167917393,KOSPI40_PIT,P1_2023_08_08_2024_08_07
2024-06-13,-0.06399373705224994,0.0,0.93600626294775,8.896660167917393,KOSPI40_PIT,P1_2023_08_08_2024_08_07
2024-06-14,-0.06399373705224994,0.0,0.93600626294775,8.896660167917393,KOSPI40_PIT,P1_2023_08_08_2024_08_07
2024-06-17,-0.06399373705224994,-0.0016010633445158935,0.9344051996032341,9.052494828156476,KOSPI40_PIT,P1_2023_08_08_2024_08_07
2024-06-18,-0.06399373705224994,0.0003513051979139399,0.936357568145664,8.8624669385585,KOSPI40_PIT,P1_2023_08_08_2024_08_07
2024-06-19,-0.06399373705224994,0.010092957956160062,0.9460992209039101,7.914292618692665,KOSPI40_PIT,P1_2023_08_08_2024_08_07
2024-06-20,-0.06399373705224994,0.013961353123994168,0.9499676160717442,7.53777407012004,KOSPI40_PIT,P1_2023_08_08_2024_08_07
2024-06-21,-0.06399373705224994,0.01558462541780345,0.9515908883655535,7.379777768944463,KOSPI40_PIT,P1_2023_08_08_2024_08_07
2024-06-24,-0.06399373705224994,0.017554155421050932,0.9535604183688009,7.188079520441026,KOSPI40_PIT,P1_2023_08_08_2024_08_07
2024-06-25,-0.06399373705224994,0.01655172420976197,0.9525579871575119,7.285648131801315,KOSPI40_PIT,P1_2023_08_08_2024_08_07
2024-06-26,-0.06399373705224994,0.017132185384476115,0.9531384483322262,7.229150698234177,KOSPI40_PIT,P1_2023_08_08_2024_08_07
2024-06-27,-0.06399373705224994,0.0219797933166106,0.9579860562643606,6.757323435643947,KOSPI40_PIT,P1_2023_08_08_2024_08_07
2024-06-28,-0.06399373705224994,0.019337433099542292,0.9553436960472923,7.0145095788821665,KOSPI40_PIT,P1_2023_08_08_2024_08_07
2024-07-01,-0.06399373705224994,0.015967729793114775,0.9519739927408648,7.342489462790159,KOSPI40_PIT,P1_2023_08_08_2024_08_07
2024-07-02,-0.07346119170465018,0.015734031076686396,0.9422728393720362,8.286721897026428,KOSPI40_PIT,P1_2023_08_08_2024_08_07
2024-07-03,-0.07746970575796772,0.020390107667770007,0.9429204019098023,8.223693355150175,KOSPI40_PIT,P1_2023_08_08_2024_08_07
2024-07-04,-0.07746970575796772,0.024194964805457266,0.9467252590474895,7.853359088651157,KOSPI40_PIT,P1_2023_08_08_2024_08_07
2024-07-05,-0.07746970575796772,0.024733254174461095,0.9472635484164933,7.800966320297342,KOSPI40_PIT,P1_2023_08_08_2024_08_07
2024-07-08,-0.07746970575796772,0.02501618690748746,0.9475464811495197,7.773427918101882,KOSPI40_PIT,P1_2023_08_08_2024_08_07
2024-07-09,-0.07746970575796772,0.02314777579688851,0.9456780700389208,7.955284064896095,KOSPI40_PIT,P1_2023_08_08_2024_08_07
2024-07-10,-0.07746970575796772,0.023769292831427487,0.9462995870734597,7.894790583334643,KOSPI40_PIT,P1_2023_08_08_2024_08_07
2024-07-11,-0.07746970575796772,0.027698245154937934,0.9502285393969702,7.512377887093102,KOSPI40_PIT,P1_2023_08_08_2024_08_07
2024-07-12,-0.07746970575796772,0.024645707537931928,0.9471760017799642,7.809487407489368,KOSPI40_PIT,P1_2023_08_08_2024_08_07
2024-07-15,-0.07746970575796772,0.02793328915213046,0.9504635833941627,7.489500590220866,KOSPI40_PIT,P1_2023_08_08_2024_08_07
2024-07-16,-0.07746970575796772,0.03303235394273451,0.9555626481847668,6.9931985345260355,KOSPI40_PIT,P1_2023_08_08_2024_08_07
2024-07-17,-0.07746970575796772,0.03224956775093688,0.9547798619929692,7.069388661953823,KOSPI40_PIT,P1_2023_08_08_2024_08_07
2024-07-18,-0.07746970575796772,0.031615296559841556,0.9541455908018738,7.13112353078481,KOSPI40_PIT,P1_2023_08_08_2024_08_07
2024-07-19,-0.07746970575796772,0.026947408406427793,0.9494777026484601,7.585458312049342,KOSPI40_PIT,P1_2023_08_08_2024_08_07
2024-07-22,-0.08226199369326971,0.04154280302747768,0.959280809334208,6.6313025599401225,KOSPI40_PIT,P1_2023_08_08_2024_08_07
2024-07-23,-0.08226199369326971,0.04580073479568014,0.9635387411024104,6.216869644033429,KOSPI40_PIT,P1_2023_08_08_2024_08_07
2024-07-24,-0.08226199369326971,0.04054123760281683,0.9582792439095471,6.728786902576445,KOSPI40_PIT,P1_2023_08_08_2024_08_07
2024-07-25,-0.08226199369326971,0.03655612037156363,0.9542941266782939,7.116666240313119,KOSPI40_PIT,P1_2023_08_08_2024_08_07
2024-07-26,-0.08132900496288323,0.04618451955334293,0.9648555145904597,6.088705477496936,KOSPI40_PIT,P1_2023_08_08_2024_08_07
2024-07-29,-0.08132900496288323,0.04877085264833013,0.9674418476854469,5.836972564803022,KOSPI40_PIT,P1_2023_08_08_2024_08_07
2024-07-30,-0.08132900496288323,0.047539265460240974,0.9662102604973578,5.956845380371556,KOSPI40_PIT,P1_2023_08_08_2024_08_07
2024-07-31,-0.08132900496288323,0.051234027024508424,0.9699050220616252,5.597226933665967,KOSPI40_PIT,P1_2023_08_08_2024_08_07
2024-08-01,-0.08132900496288323,0.054928788588775854,0.9735997836258926,5.237608486960377,KOSPI40_PIT,P1_2023_08_08_2024_08_07
2024-08-02,-0.08132900496288323,0.04877085264833013,0.9674418476854469,5.836972564803022,KOSPI40_PIT,P1_2023_08_08_2024_08_07
2024-08-05,-0.08132900496288323,0.030173886108184028,0.9488448811453009,7.647052079887828,KOSPI40_PIT,P1_2023_08_08_2024_08_07
2024-08-06,-0.04477397697034513,0.0,0.9552260230296549,7.025962926300089,KOSPI40_PIT,P1_2023_08_08_2024_08_07
2024-08-07,-0.04477397697034513,0.0,0.9552260230296549,7.025962926300089,KOSPI40_PIT,P1_2023_08_08_2024_08_07
2024-08-08,0.0,0.0,1.0,-0.0,KOSPI40_PIT,P2_2024_08_08_2025_08_07
2024-08-09,0.0,0.0,1.0,-0.0,KOSPI40_PIT,P2_2024_08_08_2025_08_07
2024-08-12,0.0,0.0,1.0,-0.0,KOSPI40_PIT,P2_2024_08_08_2025_08_07
2024-08-13,0.0,0.0,1.0,-0.0,KOSPI40_PIT,P2_2024_08_08_2025_08_07
2024-08-14,0.0,0.0,1.0,-0.0,KOSPI40_PIT,P2_2024_08_08_2025_08_07
2024-08-16,0.0,0.0,1.0,-0.0,KOSPI40_PIT,P2_2024_08_08_2025_08_07
2024-08-19,0.0,0.0,1.0,-0.0,KOSPI40_PIT,P2_2024_08_08_2025_08_07
2024-08-20,0.0,0.0,1.0,-0.0,KOSPI40_PIT,P2_2024_08_08_2025_08_07
2024-08-21,0.0,0.0,1.0,-0.0,KOSPI40_PIT,P2_2024_08_08_2025_08_07
2024-08-22,0.0,-0.0033962264150943417,0.9966037735849057,0.33962264150942945,KOSPI40_PIT,P2_2024_08_08_2025_08_07
2024-08-23,0.0,0.0,1.0,-0.0,KOSPI40_PIT,P2_2024_08_08_2025_08_07
2024-08-26,0.0,-0.001698113207547164,0.9983018867924528,0.16981132075472027,KOSPI40_PIT,P2_2024_08_08_2025_08_07
2024-08-27,0.0,0.0001886792452830182,1.000188679245283,-0.0,KOSPI40_PIT,P2_2024_08_08_2025_08_07
2024-08-28,0.0,-0.0044474393530997336,0.9955525606469002,0.4635244024038587,KOSPI40_PIT,P2_2024_08_08_2025_08_07
2024-08-29,0.0,-0.001221922731356702,0.9987780772686433,0.1410335875531077,KOSPI40_PIT,P2_2024_08_08_2025_08_07
2024-08-30,0.0,0.0029020664869721566,1.002902066486972,-0.0,KOSPI40_PIT,P2_2024_08_08_2025_08_07
2024-09-02,0.0,0.00456873315363883,1.0045687331536388,-0.0,KOSPI40_PIT,P2_2024_08_08_2025_08_07
2024-09-03,0.0,0.003921832884097031,1.003921832884097,0.0643958196380412,KOSPI40_PIT,P2_2024_08_08_2025_08_07
2024-09-04,0.0,-0.003934844901488987,0.996065155098511,0.8464904166818443,KOSPI40_PIT,P2_2024_08_08_2025_08_07
2024-09-05,0.0,-0.005381597437536133,0.9946184025624639,0.9905076937779866,KOSPI40_PIT,P2_2024_08_08_2025_08_07
2024-09-06,-0.004083335690645224,-0.006601903442170184,0.9893147608671846,1.5184597910555597,KOSPI40_PIT,P2_2024_08_08_2025_08_07
2024-09-09,-0.020955723567840312,-0.005627705627705614,0.973416570804454,3.1010483724084215,KOSPI40_PIT,P2_2024_08_08_2025_08_07
2024-09-10,-0.024415422289907854,-0.0009090909090909026,0.9746754868010012,2.975729322053833,KOSPI40_PIT,P2_2024_08_08_2025_08_07
2024-09-11,-0.024415422289907854,0.0036363636363636103,0.9792209413464558,2.523251119672898,KOSPI40_PIT,P2_2024_08_08_2025_08_07
2024-09-12,-0.024415422289907854,0.006363636363636376,0.9819482140737285,2.2517641982443437,KOSPI40_PIT,P2_2024_08_08_2025_08_07
2024-09-13,-0.024415422289907854,0.006363636363636376,0.9819482140737285,2.2517641982443437,KOSPI40_PIT,P2_2024_08_08_2025_08_07
2024-09-19,-0.024415422289907854,0.006818181818181799,0.9824027595282739,2.2065163780062402,KOSPI40_PIT,P2_2024_08_08_2025_08_07
2024-09-20,-0.024415422289907854,0.002727272727272708,0.9783118504373648,2.613746760149094,KOSPI40_PIT,P2_2024_08_08_2025_08_07
2024-09-23,-0.024415422289907854,0.00454545454545457,0.9801300322555466,2.432755479196713,KOSPI40_PIT,P2_2024_08_08_2025_08_07
2024-09-24,-0.024415422289907854,0.00454545454545457,0.9801300322555466,2.432755479196713,KOSPI40_PIT,P2_2024_08_08_2025_08_07
2024-09-25,-0.024415422289907854,0.0009090909090909026,0.976493668619183,2.7947380411014744,KOSPI40_PIT,P2_2024_08_08_2025_08_07
2024-09-26,-0.024415422289907854,0.004999999999999993,0.9805845777100921,2.387507658958621,KOSPI40_PIT,P2_2024_08_08_2025_08_07
2024-09-27,-0.024415422289907854,-0.001363636363636354,0.9742209413464558,3.0209771422919363,KOSPI40_PIT,P2_2024_08_08_2025_08_07
2024-09-30,-0.0251280205362392,0.0,0.9748719794637608,2.9561694197520083,KOSPI40_PIT,P2_2024_08_08_2025_08_07
2024-10-02,-0.0251280205362392,0.0,0.9748719794637608,2.9561694197520083,KOSPI40_PIT,P2_2024_08_08_2025_08_07
2024-10-04,-0.0251280205362392,0.0,0.9748719794637608,2.9561694197520083,KOSPI40_PIT,P2_2024_08_08_2025_08_07
2024-10-07,-0.0251280205362392,0.0,0.9748719794637608,2.9561694197520083,KOSPI40_PIT,P2_2024_08_08_2025_08_07
2024-10-08,-0.0251280205362392,0.0,0.9748719794637608,2.9561694197520083,KOSPI40_PIT,P2_2024_08_08_2025_08_07
2024-10-10,-0.0251280205362392,0.0,0.9748719794637608,2.9561694197520083,KOSPI40_PIT,P2_2024_08_08_2025_08_07
2024-10-11,-0.0251280205362392,0.0,0.9748719794637608,2.9561694197520083,KOSPI40_PIT,P2_2024_08_08_2025_08_07
2024-10-14,-0.0251280205362392,0.0,0.9748719794637608,2.9561694197520083,KOSPI40_PIT,P2_2024_08_08_2025_08_07
2024-10-15,-0.0251280205362392,0.0,0.9748719794637608,2.9561694197520083,KOSPI40_PIT,P2_2024_08_08_2025_08_07
2024-10-16,-0.0251280205362392,0.0,0.9748719794637608,2.9561694197520083,KOSPI40_PIT,P2_2024_08_08_2025_08_07
2024-10-17,-0.0251280205362392,0.0,0.9748719794637608,2.9561694197520083,KOSPI40_PIT,P2_2024_08_08_2025_08_07
2024-10-18,-0.0251280205362392,0.0,0.9748719794637608,2.9561694197520083,KOSPI40_PIT,P2_2024_08_08_2025_08_07
2024-10-21,-0.0251280205362392,0.0,0.9748719794637608,2.9561694197520083,KOSPI40_PIT,P2_2024_08_08_2025_08_07
2024-10-22,-0.0251280205362392,0.0,0.9748719794637608,2.9561694197520083,KOSPI40_PIT,P2_2024_08_08_2025_08_07
2024-10-23,-0.0251280205362392,0.0,0.9748719794637608,2.9561694197520083,KOSPI40_PIT,P2_2024_08_08_2025_08_07
2024-10-24,-0.0251280205362392,0.0,0.9748719794637608,2.9561694197520083,KOSPI40_PIT,P2_2024_08_08_2025_08_07
2024-10-25,-0.0251280205362392,0.0,0.9748719794637608,2.9561694197520083,KOSPI40_PIT,P2_2024_08_08_2025_08_07
2024-10-28,-0.0251280205362392,-0.004215662613897342,0.9706563168498634,3.3758184168557914,KOSPI40_PIT,P2_2024_08_08_2025_08_07
2024-10-29,-0.0251280205362392,-0.005137838810687385,0.9697341406530734,3.467616634972237,KOSPI40_PIT,P2_2024_08_08_2025_08_07
2024-10-30,-0.0251280205362392,-0.0072456701176360555,0.9676263093461247,3.6774411335241286,KOSPI40_PIT,P2_2024_08_08_2025_08_07
2024-10-31,-0.03499788006116121,0.0,0.9650021199388388,3.9386666047816044,KOSPI40_PIT,P2_2024_08_08_2025_08_07
2024-11-01,-0.03499788006116121,0.0,0.9650021199388388,3.9386666047816044,KOSPI40_PIT,P2_2024_08_08_2025_08_07
2024-11-04,-0.03499788006116121,0.0,0.9650021199388388,3.9386666047816044,KOSPI40_PIT,P2_2024_08_08_2025_08_07
2024-11-05,-0.03499788006116121,0.0,0.9650021199388388,3.9386666047816044,KOSPI40_PIT,P2_2024_08_08_2025_08_07
2024-11-06,-0.03499788006116121,0.0,0.9650021199388388,3.9386666047816044,KOSPI40_PIT,P2_2024_08_08_2025_08_07
2024-11-07,-0.03499788006116121,0.0,0.9650021199388388,3.9386666047816044,KOSPI40_PIT,P2_2024_08_08_2025_08_07
2024-11-08,-0.03499788006116121,0.0,0.9650021199388388,3.9386666047816044,KOSPI40_PIT,P2_2024_08_08_2025_08_07
2024-11-11,-0.03499788006116121,0.002126275857492348,0.9671283957963311,3.727006039673497,KOSPI40_PIT,P2_2024_08_08_2025_08_07
2024-11-12,-0.03499788006116121,0.0028622944235474033,0.9678644143623861,3.6537389209822413,KOSPI40_PIT,P2_2024_08_08_2025_08_07
2024-11-13,-0.03499788006116121,0.0029440742642201775,0.9679461942030589,3.6455981300165363,KOSPI40_PIT,P2_2024_08_08_2025_08_07
2024-11-14,-0.03499788006116121,0.00114491776941897,0.9661470377082577,3.824695531261857,KOSPI40_PIT,P2_2024_08_08_2025_08_07
2024-11-15,-0.03499788006116121,-0.001063137928746174,0.9639389820100926,4.044496887335658,KOSPI40_PIT,P2_2024_08_08_2025_08_07
2024-11-18,-0.03499788006116121,-0.0022080556981651438,0.9627940642406736,4.1584679608554165,KOSPI40_PIT,P2_2024_08_08_2025_08_07
2024-11-19,-0.03499788006116121,-0.0028622944235474033,0.9621398255152914,4.223594288580978,KOSPI40_PIT,P2_2024_08_08_2025_08_07
2024-11-20,-0.03499788006116121,-0.003189413786238533,0.9618127061526003,4.256157452443765,KOSPI40_PIT,P2_2024_08_08_2025_08_07
2024-11-21,-0.03499788006116121,-0.0028622944235474033,0.9621398255152914,4.223594288580978,KOSPI40_PIT,P2_2024_08_08_2025_08_07
2024-11-22,-0.03499788006116121,-0.00016355968134557024,0.9648385602574933,3.954948186712992,KOSPI40_PIT,P2_2024_08_08_2025_08_07
2024-11-25,-0.03499788006116121,-0.0012266976100917442,0.963775422328747,4.060778469267056,KOSPI40_PIT,P2_2024_08_08_2025_08_07
2024-11-26,-0.03499788006116121,0.00040889920336391474,0.9654110191422027,3.897962649953124,KOSPI40_PIT,P2_2024_08_08_2025_08_07
2024-11-27,-0.03499788006116121,0.000848693013204211,0.965850812952043,3.8541832852042712,KOSPI40_PIT,P2_2024_08_08_2025_08_07
2024-11-28,-0.03499788006116121,0.0021257566204087126,0.9671278765592475,3.7270577272351835,KOSPI40_PIT,P2_2024_08_08_2025_08_07
2024-11-29,-0.03499788006116121,0.0035251005608096875,0.9685272204996485,3.587759748488828,KOSPI40_PIT,P2_2024_08_08_2025_08_07
2024-12-02,-0.03499788006116121,0.0021151122601941615,0.9671172321990329,3.72811732224978,KOSPI40_PIT,P2_2024_08_08_2025_08_07
2024-12-03,-0.03499788006116121,0.0028316594356128273,0.9678337793744516,3.656788487121765,KOSPI40_PIT,P2_2024_08_08_2025_08_07
2024-12-04,-0.03499788006116121,-0.007052797307037523,0.9579493226318012,4.640738755175611,KOSPI40_PIT,P2_2024_08_08_2025_08_07
2024-12-05,-0.042876399784333365,-0.0010903978756371204,0.9560332023400295,4.831479341512246,KOSPI40_PIT,P2_2024_08_08_2025_08_07
2024-12-06,-0.045984082773281816,-0.001063137928746174,0.9529527792979721,5.1381206832537,KOSPI40_PIT,P2_2024_08_08_2025_08_07
2024-12-09,-0.0464084715116857,0.0,0.9535915284883143,5.07453626446166,KOSPI40_PIT,P2_2024_08_08_2025_08_07
2024-12-10,-0.0464084715116857,0.0,0.9535915284883143,5.07453626446166,KOSPI40_PIT,P2_2024_08_08_2025_08_07
2024-12-11,-0.0464084715116857,0.0,0.9535915284883143,5.07453626446166,KOSPI40_PIT,P2_2024_08_08_2025_08_07
2024-12-12,-0.0464084715116857,0.0,0.9535915284883143,5.07453626446166,KOSPI40_PIT,P2_2024_08_08_2025_08_07
2024-12-13,-0.0464084715116857,0.0,0.9535915284883143,5.07453626446166,KOSPI40_PIT,P2_2024_08_08_2025_08_07
2024-12-16,-0.0464084715116857,0.0,0.9535915284883143,5.07453626446166,KOSPI40_PIT,P2_2024_08_08_2025_08_07
2024-12-17,-0.0464084715116857,0.0,0.9535915284883143,5.07453626446166,KOSPI40_PIT,P2_2024_08_08_2025_08_07
2024-12-18,-0.0464084715116857,0.0,0.9535915284883143,5.07453626446166,KOSPI40_PIT,P2_2024_08_08_2025_08_07
2024-12-19,-0.0464084715116857,0.0,0.9535915284883143,5.07453626446166,KOSPI40_PIT,P2_2024_08_08_2025_08_07
2024-12-20,-0.0464084715116857,0.0,0.9535915284883143,5.07453626446166,KOSPI40_PIT,P2_2024_08_08_2025_08_07
2024-12-23,-0.0464084715116857,0.0,0.9535915284883143,5.07453626446166,KOSPI40_PIT,P2_2024_08_08_2025_08_07
2024-12-24,-0.0464084715116857,0.0,0.9535915284883143,5.07453626446166,KOSPI40_PIT,P2_2024_08_08_2025_08_07
2024-12-26,-0.0464084715116857,0.0,0.9535915284883143,5.07453626446166,KOSPI40_PIT,P2_2024_08_08_2025_08_07
2024-12-27,-0.0464084715116857,0.0,0.9535915284883143,5.07453626446166,KOSPI40_PIT,P2_2024_08_08_2025_08_07
2024-12-30,-0.0464084715116857,0.0,0.9535915284883143,5.07453626446166,KOSPI40_PIT,P2_2024_08_08_2025_08_07
2025-01-02,-0.0464084715116857,0.0,0.9535915284883143,5.07453626446166,KOSPI40_PIT,P2_2024_08_08_2025_08_07
2025-01-03,-0.0464084715116857,0.0,0.9535915284883143,5.07453626446166,KOSPI40_PIT,P2_2024_08_08_2025_08_07
2025-01-06,-0.0464084715116857,0.0,0.9535915284883143,5.07453626446166,KOSPI40_PIT,P2_2024_08_08_2025_08_07
2025-01-07,-0.0464084715116857,0.0,0.9535915284883143,5.07453626446166,KOSPI40_PIT,P2_2024_08_08_2025_08_07
2025-01-08,-0.0464084715116857,0.0,0.9535915284883143,5.07453626446166,KOSPI40_PIT,P2_2024_08_08_2025_08_07
2025-01-09,-0.0464084715116857,0.0,0.9535915284883143,5.07453626446166,KOSPI40_PIT,P2_2024_08_08_2025_08_07
2025-01-10,-0.0464084715116857,0.0,0.9535915284883143,5.07453626446166,KOSPI40_PIT,P2_2024_08_08_2025_08_07
2025-01-13,-0.0464084715116857,0.0,0.9535915284883143,5.07453626446166,KOSPI40_PIT,P2_2024_08_08_2025_08_07
2025-01-14,-0.0464084715116857,0.0,0.9535915284883143,5.07453626446166,KOSPI40_PIT,P2_2024_08_08_2025_08_07
2025-01-15,-0.0464084715116857,0.0,0.9535915284883143,5.07453626446166,KOSPI40_PIT,P2_2024_08_08_2025_08_07
2025-01-16,-0.0464084715116857,-0.0011558685193797777,0.9524356599689345,5.1895974326259475,KOSPI40_PIT,P2_2024_08_08_2025_08_07
2025-01-17,-0.0464084715116857,-0.0011558685193797777,0.9524356599689345,5.1895974326259475,KOSPI40_PIT,P2_2024_08_08_2025_08_07
2025-01-20,-0.0464084715116857,-0.0008669013895348293,0.9527246270987795,5.160832140584882,KOSPI40_PIT,P2_2024_08_08_2025_08_07
2025-01-21,-0.0464084715116857,0.0017338027790696586,0.955325331267384,4.901944512215229,KOSPI40_PIT,P2_2024_08_08_2025_08_07
2025-01-22,-0.0464084715116857,-0.008102193756037074,0.9454893347322773,5.881070798997879,KOSPI40_PIT,P2_2024_08_08_2025_08_07
2025-01-23,-0.06572365743890837,0.0,0.9342763425610916,6.997270398002398,KOSPI40_PIT,P2_2024_08_08_2025_08_07
2025-01-24,-0.06572365743890837,0.0,0.9342763425610916,6.997270398002398,KOSPI40_PIT,P2_2024_08_08_2025_08_07
2025-01-31,-0.06572365743890837,0.0,0.9342763425610916,6.997270398002398,KOSPI40_PIT,P2_2024_08_08_2025_08_07
2025-02-03,-0.06572365743890837,-0.00032216425605555464,0.933954178305036,7.0293403047617,KOSPI40_PIT,P2_2024_08_08_2025_08_07
2025-02-04,-0.06572365743890837,0.0006443285121111093,0.9349206710732028,6.933130584483771,KOSPI40_PIT,P2_2024_08_08_2025_08_07
2025-02-05,-0.06572365743890837,0.007409777889277616,0.9416861204503693,6.259662542538269,KOSPI40_PIT,P2_2024_08_08_2025_08_07
2025-02-06,-0.06572365743890837,0.009342763425610913,0.9436191059867025,6.067243101982422,KOSPI40_PIT,P2_2024_08_08_2025_08_07
2025-02-07,-0.06572365743890837,0.0051546280968887805,0.9394309706579804,6.48415188985344,KOSPI40_PIT,P2_2024_08_08_2025_08_07
2025-02-10,-0.06572365743890837,0.0064432851211109685,0.9407196276822025,6.355872262816209,KOSPI40_PIT,P2_2024_08_08_2025_08_07
2025-02-11,-0.06572365743890837,0.007087613633222078,0.9413639561943137,6.291732449297582,KOSPI40_PIT,P2_2024_08_08_2025_08_07
2025-02-12,-0.06572365743890837,0.004832463840833242,0.9391088064019248,6.516221796612753,KOSPI40_PIT,P2_2024_08_08_2025_08_07
2025-02-13,-0.06572365743890837,0.0016108212802777575,0.9358871638413694,6.836920864205842,KOSPI40_PIT,P2_2024_08_08_2025_08_07
2025-02-14,-0.06572365743890837,0.0022551497923888357,0.9365314923534804,6.772781050687227,KOSPI40_PIT,P2_2024_08_08_2025_08_07
2025-02-17,-0.06572365743890837,0.0022551497923888357,0.9365314923534804,6.772781050687227,KOSPI40_PIT,P2_2024_08_08_2025_08_07
2025-02-18,-0.06572365743890837,0.0032216425605554842,0.9374979851216471,6.676571330409297,KOSPI40_PIT,P2_2024_08_08_2025_08_07
2025-02-19,-0.06572365743890837,0.002899478304499945,0.9371758208655916,6.7086412371685995,KOSPI40_PIT,P2_2024_08_08_2025_08_07
2025-02-20,-0.06572365743890837,0.002577314048444406,0.936853656609536,6.740711143927913,KOSPI40_PIT,P2_2024_08_08_2025_08_07
2025-02-21,-0.06572365743890837,0.00579895660899989,0.9400752991700915,6.4200120763348245,KOSPI40_PIT,P2_2024_08_08_2025_08_07
2025-02-24,-0.06572365743890837,0.006765449377166538,0.9410417919382581,6.323802356056896,KOSPI40_PIT,P2_2024_08_08_2025_08_07
2025-02-25,-0.06572365743890837,0.013768775850374063,0.9480451184114657,5.6266547899344594,KOSPI40_PIT,P2_2024_08_08_2025_08_07
2025-02-26,-0.06572365743890837,0.013529025706332725,0.9478053682674243,5.650520767057666,KOSPI40_PIT,P2_2024_08_08_2025_08_07
2025-02-27,-0.06572365743890837,0.005474919304943999,0.9397512618660356,6.452268436040399,KOSPI40_PIT,P2_2024_08_08_2025_08_07
2025-02-28,-0.06779478237139143,-0.0004345471360749316,0.9317706704925336,7.246698036536592,KOSPI40_PIT,P2_2024_08_08_2025_08_07
2025-03-04,-0.06779478237139143,0.005323202416917853,0.9375284200455264,6.673541679687068,KOSPI40_PIT,P2_2024_08_08_2025_08_07
2025-03-05,-0.06779478237139143,0.008035028796575186,0.9402402464251837,6.403592368091027,KOSPI40_PIT,P2_2024_08_08_2025_08_07
2025-03-06,-0.06779478237139143,0.007219083424774405,0.9394243010533829,6.484815817007183,KOSPI40_PIT,P2_2024_08_08_2025_08_07
2025-03-07,-0.06779478237139143,0.008781760500246424,0.9409869781288549,6.329258807924665,KOSPI40_PIT,P2_2024_08_08_2025_08_07
2025-03-10,-0.06779478237139143,0.011089415041899264,0.9432946326705078,6.099542864605533,KOSPI40_PIT,P2_2024_08_08_2025_08_07
2025-03-11,-0.06779478237139143,0.004975964584609992,0.9371811822132186,6.708107540722552,KOSPI40_PIT,P2_2024_08_08_2025_08_07
2025-03-12,-0.06779478237139143,-0.0014166795285178958,0.9307885381000907,7.344464606411771,KOSPI40_PIT,P2_2024_08_08_2025_08_07
2025-03-13,-0.07546476546951401,0.005051610456871027,0.9295868449873571,7.464087393093688,KOSPI40_PIT,P2_2024_08_08_2025_08_07
2025-03-14,-0.07546476546951401,0.005594794376964679,0.9301300289074507,7.410016038673928,KOSPI40_PIT,P2_2024_08_08_2025_08_07
2025-03-17,-0.07546476546951401,0.006409570257105158,0.9309448047875912,7.32890900704427,KOSPI40_PIT,P2_2024_08_08_2025_08_07
2025-03-18,-0.07546476546951401,0.006137978297058332,0.9306732128275443,7.355944684254167,KOSPI40_PIT,P2_2024_08_08_2025_08_07
2025-03-19,-0.07546476546951401,0.0017925069363090632,0.9263277414667951,7.788515519612293,KOSPI40_PIT,P2_2024_08_08_2025_08_07
2025-03-20,-0.07296687951453257,0.0,0.9270331204854674,7.718298420931758,KOSPI40_PIT,P2_2024_08_08_2025_08_07
2025-03-21,-0.07296687951453257,0.0,0.9270331204854674,7.718298420931758,KOSPI40_PIT,P2_2024_08_08_2025_08_07
2025-03-24,-0.07296687951453257,0.0,0.9270331204854674,7.718298420931758,KOSPI40_PIT,P2_2024_08_08_2025_08_07
2025-03-25,-0.07296687951453257,0.0,0.9270331204854674,7.718298420931758,KOSPI40_PIT,P2_2024_08_08_2025_08_07
2025-03-26,-0.07296687951453257,0.0,0.9270331204854674,7.718298420931758,KOSPI40_PIT,P2_2024_08_08_2025_08_07
2025-03-27,-0.07296687951453257,0.0,0.9270331204854674,7.718298420931758,KOSPI40_PIT,P2_2024_08_08_2025_08_07
2025-03-28,-0.07296687951453257,0.0,0.9270331204854674,7.718298420931758,KOSPI40_PIT,P2_2024_08_08_2025_08_07
2025-03-31,-0.07296687951453257,0.0,0.9270331204854674,7.718298420931758,KOSPI40_PIT,P2_2024_08_08_2025_08_07
2025-04-01,-0.07296687951453257,0.0,0.9270331204854674,7.718298420931758,KOSPI40_PIT,P2_2024_08_08_2025_08_07
2025-04-02,-0.07296687951453257,0.0,0.9270331204854674,7.718298420931758,KOSPI40_PIT,P2_2024_08_08_2025_08_07
2025-04-03,-0.07296687951453257,0.0,0.9270331204854674,7.718298420931758,KOSPI40_PIT,P2_2024_08_08_2025_08_07
2025-04-04,-0.07296687951453257,0.0,0.9270331204854674,7.718298420931758,KOSPI40_PIT,P2_2024_08_08_2025_08_07
2025-04-07,-0.07296687951453257,0.0,0.9270331204854674,7.718298420931758,KOSPI40_PIT,P2_2024_08_08_2025_08_07
2025-04-08,-0.07296687951453257,0.0,0.9270331204854674,7.718298420931758,KOSPI40_PIT,P2_2024_08_08_2025_08_07
2025-04-09,-0.07296687951453257,0.0,0.9270331204854674,7.718298420931758,KOSPI40_PIT,P2_2024_08_08_2025_08_07
2025-04-10,-0.07296687951453257,0.0,0.9270331204854674,7.718298420931758,KOSPI40_PIT,P2_2024_08_08_2025_08_07
2025-04-11,-0.07296687951453257,0.0,0.9270331204854674,7.718298420931758,KOSPI40_PIT,P2_2024_08_08_2025_08_07
2025-04-14,-0.07296687951453257,0.0,0.9270331204854674,7.718298420931758,KOSPI40_PIT,P2_2024_08_08_2025_08_07
2025-04-15,-0.07296687951453257,0.0,0.9270331204854674,7.718298420931758,KOSPI40_PIT,P2_2024_08_08_2025_08_07
2025-04-16,-0.07296687951453257,0.0,0.9270331204854674,7.718298420931758,KOSPI40_PIT,P2_2024_08_08_2025_08_07
2025-04-17,-0.07296687951453257,0.0,0.9270331204854674,7.718298420931758,KOSPI40_PIT,P2_2024_08_08_2025_08_07
2025-04-18,-0.07296687951453257,0.0,0.9270331204854674,7.718298420931758,KOSPI40_PIT,P2_2024_08_08_2025_08_07
2025-04-21,-0.07296687951453257,0.0,0.9270331204854674,7.718298420931758,KOSPI40_PIT,P2_2024_08_08_2025_08_07
2025-04-22,-0.07296687951453257,0.0,0.9270331204854674,7.718298420931758,KOSPI40_PIT,P2_2024_08_08_2025_08_07
2025-04-23,-0.07296687951453257,-0.001232471778680102,0.9258006487067872,7.840985076210282,KOSPI40_PIT,P2_2024_08_08_2025_08_07
2025-04-24,-0.07296687951453257,-0.0009109574016331167,0.9261221630838342,7.808979861789799,KOSPI40_PIT,P2_2024_08_08_2025_08_07
2025-04-25,-0.07296687951453257,-0.001232471778680102,0.9258006487067872,7.840985076210282,KOSPI40_PIT,P2_2024_08_08_2025_08_07
2025-04-28,-0.07296687951453257,-0.0009645431311409488,0.9260685773543265,7.814314064193207,KOSPI40_PIT,P2_2024_08_08_2025_08_07
2025-04-29,-0.07296687951453257,-0.00033143766028917475,0.9267016828251782,7.75129145061213,KOSPI40_PIT,P2_2024_08_08_2025_08_07
2025-04-30,-0.07296687951453257,0.003623321487831948,0.9306564419732993,7.357614142370017,KOSPI40_PIT,P2_2024_08_08_2025_08_07
2025-05-02,-0.07296687951453257,0.003973798943610206,0.9310069194290775,7.322725792353591,KOSPI40_PIT,P2_2024_08_08_2025_08_07
2025-05-07,-0.07296687951453257,0.004235192746087424,0.9312683132315548,7.296705292824745,KOSPI40_PIT,P2_2024_08_08_2025_08_07
2025-05-08,-0.07296687951453257,0.0047824064430668405,0.9318155269285342,7.242232793440695,KOSPI40_PIT,P2_2024_08_08_2025_08_07
2025-05-09,-0.07296687951453257,0.00871378536774419,0.9357469058532115,6.8508828743231165,KOSPI40_PIT,P2_2024_08_08_2025_08_07
2025-05-12,-0.07296687951453257,0.007106583130310732,0.9341397036157781,7.010872149759539,KOSPI40_PIT,P2_2024_08_08_2025_08_07
2025-05-13,-0.07296687951453257,0.0007744458818029214,0.9278075663672704,7.641206047235061,KOSPI40_PIT,P2_2024_08_08_2025_08_07
2025-05-14,-0.07296687951453257,0.005506539151890149,0.9325396596373575,7.170148854838498,KOSPI40_PIT,P2_2024_08_08_2025_08_07
2025-05-15,-0.07296687951453257,0.007186183557276105,0.9342193040427434,7.002948308977097,KOSPI40_PIT,P2_2024_08_08_2025_08_07
2025-05-16,-0.07296687951453257,0.01810501780709816,0.9451381382925655,5.916030720417009,KOSPI40_PIT,P2_2024_08_08_2025_08_07
2025-05-19,-0.07296687951453257,0.018712850809808074,0.9457459712952755,5.855523859845935,KOSPI40_PIT,P2_2024_08_08_2025_08_07
2025-05-20,-0.07296687951453257,0.02537404061017167,0.952407161095639,5.192434358796849,KOSPI40_PIT,P2_2024_08_08_2025_08_07
2025-05-21,-0.07296687951453257,0.026797497086284622,0.953830617571752,5.05073609275144,KOSPI40_PIT,P2_2024_08_08_2025_08_07
2025-05-22,-0.07296687951453257,0.030312143587336943,0.9573452640728043,4.700869887975312,KOSPI40_PIT,P2_2024_08_08_2025_08_07
2025-05-23,-0.07296687951453257,0.035138439839404435,0.9621715603248718,4.220435240470777,KOSPI40_PIT,P2_2024_08_08_2025_08_07
2025-05-26,-0.07296687951453257,0.04322065406804426,0.9702537745535116,3.4158895720756144,KOSPI40_PIT,P2_2024_08_08_2025_08_07
2025-05-27,-0.07296687951453257,0.03833859233792525,0.9653717128233926,3.9018754054981564,KOSPI40_PIT,P2_2024_08_08_2025_08_07
2025-05-28,-0.07296687951453257,0.03514609829643439,0.9621792187819018,4.219672877799385,KOSPI40_PIT,P2_2024_08_08_2025_08_07
2025-05-29,-0.07296687951453257,0.03231303026791602,0.9593461507533834,4.501691214128112,KOSPI40_PIT,P2_2024_08_08_2025_08_07
2025-05-30,-0.07296687951453257,0.031212422421390627,0.958245542906858,4.611251447310982,KOSPI40_PIT,P2_2024_08_08_2025_08_07
2025-06-02,-0.0691367143535063,0.025946273460483935,0.9568095591069776,4.754196748362949,KOSPI40_PIT,P2_2024_08_08_2025_08_07
2025-06-04,-0.0691367143535063,0.04125550610137087,0.9721187917478645,3.2302360540233277,KOSPI40_PIT,P2_2024_08_08_2025_08_07
2025-06-05,-0.0691367143535063,0.04086246744737729,0.971725753093871,3.2693611672208855,KOSPI40_PIT,P2_2024_08_08_2025_08_07
2025-06-09,-0.0691367143535063,0.051716263204611354,0.982579548851105,2.1889178487074057,KOSPI40_PIT,P2_2024_08_08_2025_08_07
2025-06-10,-0.0691367143535063,0.04786214583829178,0.9787254314847854,2.5725767501964425,KOSPI40_PIT,P2_2024_08_08_2025_08_07
2025-06-11,-0.05595520552228832,0.041110667836038846,0.9851554623137506,1.9324980162327199,KOSPI40_PIT,P2_2024_08_08_2025_08_07
2025-06-12,-0.05595520552228832,0.04057587957458863,0.9846206740523004,1.985733623095709,KOSPI40_PIT,P2_2024_08_08_2025_08_07
2025-06-13,-0.05595520552228832,0.044943937574112795,0.9889887320518245,1.5509143961612404,KOSPI40_PIT,P2_2024_08_08_2025_08_07
2025-06-16,-0.05595520552228832,0.054882104996455225,0.9989268994741669,0.5616174875123336,KOSPI40_PIT,P2_2024_08_08_2025_08_07
2025-06-17,-0.05595520552228832,0.05616291601080142,1.0002077104885132,0.4341188931328843,KOSPI40_PIT,P2_2024_08_08_2025_08_07
2025-06-18,-0.05595520552228832,0.05685191283854696,1.0008967073162587,0.36553256299870496,KOSPI40_PIT,P2_2024_08_08_2025_08_07
2025-06-19,-0.05595520552228832,0.057544746420908954,1.0015895408986206,0.29656430234152875,KOSPI40_PIT,P2_2024_08_08_2025_08_07
2025-06-20,-0.05595520552228832,0.06174858171606968,1.0057933761937814,-0.0,KOSPI40_PIT,P2_2024_08_08_2025_08_07
2025-06-23,-0.05595520552228832,0.061491665492616365,1.005536459970328,0.02554363843850771,KOSPI40_PIT,P2_2024_08_08_2025_08_07
2025-06-24,-0.05595520552228832,0.07273495504235872,1.0167797495200706,-0.0,KOSPI40_PIT,P2_2024_08_08_2025_08_07
2025-06-25,-0.05595520552228832,0.07237009062559921,1.016414885103311,0.03588431191039465,KOSPI40_PIT,P2_2024_08_08_2025_08_07
2025-06-26,-0.05595520552228832,0.07451775609834944,1.0185625505760612,-0.0,KOSPI40_PIT,P2_2024_08_08_2025_08_07
2025-06-27,-0.05595520552228832,0.07136537029889231,1.015410164776604,0.3094935895369577,KOSPI40_PIT,P2_2024_08_08_2025_08_07
2025-06-30,-0.05595520552228832,0.07833788763282423,1.022382682110536,-0.0,KOSPI40_PIT,P2_2024_08_08_2025_08_07
2025-07-01,-0.05595520552228832,0.07746675294399359,1.0215115474217054,0.08520632284501062,KOSPI40_PIT,P2_2024_08_08_2025_08_07
2025-07-02,-0.05595520552228832,0.07267933587758689,1.0167241303552985,0.5534670974234768,KOSPI40_PIT,P2_2024_08_08_2025_08_07
2025-07-03,-0.042365704666236265,0.05806432506319992,1.0156986203969636,0.653772978604672,KOSPI40_PIT,P2_2024_08_08_2025_08_07
2025-07-04,-0.042365704666236265,0.04994575948612606,1.0075800548198899,1.4478558322299162,KOSPI40_PIT,P2_2024_08_08_2025_08_07
2025-07-07,-0.042365704666236265,0.0562700510706538,1.0139043464044175,0.8292722338191783,KOSPI40_PIT,P2_2024_08_08_2025_08_07
2025-07-08,-0.042365704666236265,0.07072258931691475,1.0283568846506785,-0.0,KOSPI40_PIT,P2_2024_08_08_2025_08_07
2025-07-09,-0.042365704666236265,0.06786489793515293,1.0254991932689168,0.2778890698760139,KOSPI40_PIT,P2_2024_08_08_2025_08_07
2025-07-10,-0.042365704666236265,0.06993672995202678,1.0275710252857906,0.07641893360347263,KOSPI40_PIT,P2_2024_08_08_2025_08_07
2025-07-11,-0.042365704666236265,0.07042800491462056,1.0280623002483844,0.02864612535697919,KOSPI40_PIT,P2_2024_08_08_2025_08_07
2025-07-14,-0.042365704666236265,0.07683087958919982,1.0344651749229636,-0.0,KOSPI40_PIT,P2_2024_08_08_2025_08_07
2025-07-15,-0.042365704666236265,0.07774489105779586,1.0353791863915596,-0.0,KOSPI40_PIT,P2_2024_08_08_2025_08_07
2025-07-16,-0.042365704666236265,0.06828042855575278,1.0259147238895165,0.9141059262576023,KOSPI40_PIT,P2_2024_08_08_2025_08_07
2025-07-17,-0.046950099866008545,0.06322336741142537,1.016273267545417,1.8453064439830413,KOSPI40_PIT,P2_2024_08_08_2025_08_07
2025-07-18,-0.017253021875044523,0.0327302071490166,1.0154771852739721,1.922194436508684,KOSPI40_PIT,P2_2024_08_08_2025_08_07
2025-07-21,-0.017253021875044523,0.031487715274574876,1.0142346933995303,2.0421979956657954,KOSPI40_PIT,P2_2024_08_08_2025_08_07
2025-07-22,-0.017253021875044523,0.031009582444210284,1.0137565605691659,2.088377485909443,KOSPI40_PIT,P2_2024_08_08_2025_08_07
2025-07-23,-0.017253021875044523,0.03000147367932314,1.0127484518042786,2.1857436275256936,KOSPI40_PIT,P2_2024_08_08_2025_08_07
2025-07-24,-0.017253021875044523,0.028254927422437837,1.0110019055473933,2.354430257490925,KOSPI40_PIT,P2_2024_08_08_2025_08_07
2025-07-25,-0.009284896201812663,0.020085717610518458,1.0108008214087059,2.37385156142772,KOSPI40_PIT,P2_2024_08_08_2025_08_07
2025-07-28,-0.009284896201812663,0.016995607208900233,1.0077107110070875,2.67230361090226,KOSPI40_PIT,P2_2024_08_08_2025_08_07
2025-07-29,0.007457429752645522,0.0,1.0074574297526455,2.6967662674604487,KOSPI40_PIT,P2_2024_08_08_2025_08_07
2025-07-30,0.007457429752645522,0.0,1.0074574297526455,2.6967662674604487,KOSPI40_PIT,P2_2024_08_08_2025_08_07
2025-07-31,0.007457429752645522,0.0,1.0074574297526455,2.6967662674604487,KOSPI40_PIT,P2_2024_08_08_2025_08_07
2025-08-01,0.007457429752645522,0.0,1.0074574297526455,2.6967662674604487,KOSPI40_PIT,P2_2024_08_08_2025_08_07
2025-08-04,0.007457429752645522,0.0,1.0074574297526455,2.6967662674604487,KOSPI40_PIT,P2_2024_08_08_2025_08_07
2025-08-05,0.007457429752645522,0.0,1.0074574297526455,2.6967662674604487,KOSPI40_PIT,P2_2024_08_08_2025_08_07
2025-08-06,0.007457429752645522,0.0,1.0074574297526455,2.6967662674604487,KOSPI40_PIT,P2_2024_08_08_2025_08_07
2025-08-07,0.007457429752645522,0.0,1.0074574297526455,2.6967662674604487,KOSPI40_PIT,P2_2024_08_08_2025_08_07
2025-08-08,0.0,0.0,1.0,-0.0,KOSPI40_PIT,P3_2025_08_08_2026_08_17
2025-08-11,0.0,0.0,1.0,-0.0,KOSPI40_PIT,P3_2025_08_08_2026_08_17
2025-08-12,0.0,-0.004945054945054945,0.9950549450549451,0.49450549450549275,KOSPI40_PIT,P3_2025_08_08_2026_08_17
2025-08-13,0.0,-0.00384615384615385,0.9961538461538462,0.38461538461538325,KOSPI40_PIT,P3_2025_08_08_2026_08_17
2025-08-14,0.0,-0.004945054945054945,0.9950549450549451,0.49450549450549275,KOSPI40_PIT,P3_2025_08_08_2026_08_17
2025-08-18,0.0,-0.005384615384615381,0.9946153846153846,0.5384615384615432,KOSPI40_PIT,P3_2025_08_08_2026_08_17
2025-08-19,-0.010066889632107019,0.0,0.989933110367893,1.0066889632107001,KOSPI40_PIT,P3_2025_08_08_2026_08_17
2025-08-20,-0.010066889632107019,0.0,0.989933110367893,1.0066889632107001,KOSPI40_PIT,P3_2025_08_08_2026_08_17
2025-08-21,-0.010066889632107019,0.0,0.989933110367893,1.0066889632107001,KOSPI40_PIT,P3_2025_08_08_2026_08_17
2025-08-22,-0.010066889632107019,-0.0002582434200959752,0.989674866947797,1.032513305220295,KOSPI40_PIT,P3_2025_08_08_2026_08_17
2025-08-25,-0.010066889632107019,0.000430405700159952,0.990363516068053,0.9636483931947049,KOSPI40_PIT,P3_2025_08_08_2026_08_17
2025-08-26,-0.010066889632107019,-0.0003873651301439595,0.9895457452377491,1.0454254762250925,KOSPI40_PIT,P3_2025_08_08_2026_08_17
2025-08-27,-0.010066889632107019,-0.0005595274102079363,0.9893735829576851,1.0626417042314928,KOSPI40_PIT,P3_2025_08_08_2026_08_17
2025-08-28,-0.010066889632107019,0.001764663370655814,0.9916977737385488,0.8302226261451162,KOSPI40_PIT,P3_2025_08_08_2026_08_17
2025-08-29,-0.010066889632107019,0.0015014761013012509,0.9914345864691942,0.8565413530805754,KOSPI40_PIT,P3_2025_08_08_2026_08_17
2025-09-01,-0.010066889632107019,0.0023527229305064807,0.9922858332983995,0.7714166701600522,KOSPI40_PIT,P3_2025_08_08_2026_08_17
2025-09-02,-0.010066889632107019,0.0054829011623955,0.9954160115302885,0.4583988469711531,KOSPI40_PIT,P3_2025_08_08_2026_08_17
2025-09-03,-0.010066889632107019,0.004353010803081705,0.9942861211709747,0.5713878829025298,KOSPI40_PIT,P3_2025_08_08_2026_08_17
2025-09-04,-0.010066889632107019,0.0045687526929111275,0.9945018630608041,0.5498136939195875,KOSPI40_PIT,P3_2025_08_08_2026_08_17
2025-09-05,-0.010066889632107019,0.006450776726688863,0.9963838870945818,0.36161129054181895,KOSPI40_PIT,P3_2025_08_08_2026_08_17
2025-09-08,-0.010066889632107019,0.007597186801529111,0.9975302971694221,0.24697028305779023,KOSPI40_PIT,P3_2025_08_08_2026_08_17
2025-09-09,-0.010066889632107019,0.011247621693306158,1.0011807320611992,-0.0,KOSPI40_PIT,P3_2025_08_08_2026_08_17
2025-09-10,-0.010066889632107019,0.01616330482205744,1.0060964151899505,-0.0,KOSPI40_PIT,P3_2025_08_08_2026_08_17
2025-09-11,-0.010066889632107019,0.02044050316330456,1.0103736135311976,-0.0,KOSPI40_PIT,P3_2025_08_08_2026_08_17
2025-09-12,-0.010066889632107019,0.030654513247670725,1.0205876236155638,-0.0,KOSPI40_PIT,P3_2025_08_08_2026_08_17
2025-09-15,-0.010066889632107019,0.042503790578204304,1.0324369009460974,-0.0,KOSPI40_PIT,P3_2025_08_08_2026_08_17
2025-09-16,-0.014396323896146802,0.04218605533774291,1.0277897314415962,0.4501165640478977,KOSPI40_PIT,P3_2025_08_08_2026_08_17
2025-09-17,-0.014396323896146802,0.03538877402565511,1.0209924501295085,1.108489129563417,KOSPI40_PIT,P3_2025_08_08_2026_08_17
2025-09-18,-0.014396323896146802,0.03219827218547953,1.0178019482893328,1.4175154572016457,KOSPI40_PIT,P3_2025_08_08_2026_08_17
2025-09-22,-0.014396323896146802,0.03155562040875905,1.0171592965126124,1.4797615640708917,KOSPI40_PIT,P3_2025_08_08_2026_08_17
2025-09-23,-0.014396323896146802,0.02890710667515827,1.0145107827790114,1.7362918887012802,KOSPI40_PIT,P3_2025_08_08_2026_08_17
2025-09-24,-0.014396323896146802,0.01521484192253849,1.0008185180263918,3.062500273937463,KOSPI40_PIT,P3_2025_08_08_2026_08_17
2025-09-25,-0.013295991523126046,0.01102300394582243,0.9977270124226965,3.3619380023702905,KOSPI40_PIT,P3_2025_08_08_2026_08_17
2025-09-26,-0.012209578951248743,0.005093755520625974,0.9928841765693772,3.8310064605861283,KOSPI40_PIT,P3_2025_08_08_2026_08_17
2025-09-29,-0.008570397316267703,0.00306173223503664,0.9944913349187688,3.6753399643654983,KOSPI40_PIT,P3_2025_08_08_2026_08_17
2025-09-30,-0.008570397316267703,-0.0021971619808962978,0.989232440702836,4.184707094803564,KOSPI40_PIT,P3_2025_08_08_2026_08_17
2025-10-01,-0.00940124121749334,0.0,0.9905987587825067,4.052367958298597,KOSPI40_PIT,P3_2025_08_08_2026_08_17
2025-10-02,-0.00940124121749334,0.0,0.9905987587825067,4.052367958298597,KOSPI40_PIT,P3_2025_08_08_2026_08_17
2025-10-10,-0.00940124121749334,0.0,0.9905987587825067,4.052367958298597,KOSPI40_PIT,P3_2025_08_08_2026_08_17
2025-10-13,-0.00940124121749334,0.002057397422086744,0.9926561562045935,3.85309210713507,KOSPI40_PIT,P3_2025_08_08_2026_08_17
2025-10-14,-0.00940124121749334,0.0006857991406955771,0.9912845579232022,3.985942674577425,KOSPI40_PIT,P3_2025_08_08_2026_08_17
2025-10-15,-0.00940124121749334,0.0060959923617385,0.9966947511442452,3.4619209918881344,KOSPI40_PIT,P3_2025_08_08_2026_08_17
2025-10-16,-0.00940124121749334,0.006705591597912358,0.9973043503804191,3.4028762952470815,KOSPI40_PIT,P3_2025_08_08_2026_08_17
2025-10-17,-0.00940124121749334,0.004038594939651756,0.9946373537221584,3.6611968430516617,KOSPI40_PIT,P3_2025_08_08_2026_08_17
2025-10-20,-0.00940124121749334,0.004114794844173488,0.9947135536266802,3.6538162559715315,KOSPI40_PIT,P3_2025_08_08_2026_08_17
2025-10-21,-0.00940124121749334,0.0038861951306082914,0.994484953913115,3.675958017211922,KOSPI40_PIT,P3_2025_08_08_2026_08_17
2025-10-22,-0.00940124121749334,0.003124196085390982,0.9937229548678976,3.7497638880132356,KOSPI40_PIT,P3_2025_08_08_2026_08_17
2025-10-23,-0.00940124121749334,0.0010667986633042382,0.991665557445811,3.949039739176763,KOSPI40_PIT,P3_2025_08_08_2026_08_17
2025-10-24,-0.00940124121749334,0.0045719942713038815,0.9951707530538105,3.60953273349075,KOSPI40_PIT,P3_2025_08_08_2026_08_17
2025-10-27,-0.00940124121749334,0.005333993316521191,0.9959327520990279,3.5357268626894367,KOSPI40_PIT,P3_2025_08_08_2026_08_17
2025-10-28,-0.00940124121749334,0.006194770015748167,0.9967935287982549,3.452353564191657,KOSPI40_PIT,P3_2025_08_08_2026_08_17
2025-10-29,-0.00940124121749334,0.015649202613814812,1.0062479613963216,2.5366140561013495,KOSPI40_PIT,P3_2025_08_08_2026_08_17
2025-10-30,-0.00940124121749334,0.010414318977031036,1.0010130777595376,3.0436555645932284,KOSPI40_PIT,P3_2025_08_08_2026_08_17
2025-10-31,-0.00940124121749334,0.025342195697279565,1.0159409544797862,1.5977680041458053,KOSPI40_PIT,P3_2025_08_08_2026_08_17
2025-11-03,-0.00940124121749334,0.031649356421875656,1.0222481152043823,0.9868676460884296,KOSPI40_PIT,P3_2025_08_08_2026_08_17
2025-11-04,-0.00940124121749334,0.03126628173846848,1.0218650405209753,1.0239715778692537,KOSPI40_PIT,P3_2025_08_08_2026_08_17
2025-11-05,0.00040147305312289785,0.005981941524251735,1.0063834145773747,2.523494302155227,KOSPI40_PIT,P3_2025_08_08_2026_08_17
2025-11-06,0.00040147305312289785,-0.00040241518204940695,0.9999990578710736,3.141871725555201,KOSPI40_PIT,P3_2025_08_08_2026_08_17
2025-11-07,0.0011817890169183983,-0.006474501691388927,0.9947072873255294,3.654423198744028,KOSPI40_PIT,P3_2025_08_08_2026_08_17
2025-11-10,-0.003914300647709601,0.0,0.9960856993522904,3.52091266405683,KOSPI40_PIT,P3_2025_08_08_2026_08_17
2025-11-11,-0.003914300647709601,0.0,0.9960856993522904,3.52091266405683,KOSPI40_PIT,P3_2025_08_08_2026_08_17
2025-11-12,-0.003914300647709601,0.0,0.9960856993522904,3.52091266405683,KOSPI40_PIT,P3_2025_08_08_2026_08_17
2025-11-13,-0.003914300647709601,0.0,0.9960856993522904,3.52091266405683,KOSPI40_PIT,P3_2025_08_08_2026_08_17
2025-11-14,-0.003914300647709601,0.0,0.9960856993522904,3.52091266405683,KOSPI40_PIT,P3_2025_08_08_2026_08_17
2025-11-17,-0.003914300647709601,0.0,0.9960856993522904,3.52091266405683,KOSPI40_PIT,P3_2025_08_08_2026_08_17
2025-11-18,-0.003914300647709601,0.0,0.9960856993522904,3.52091266405683,KOSPI40_PIT,P3_2025_08_08_2026_08_17
2025-11-19,-0.003914300647709601,0.0,0.9960856993522904,3.52091266405683,KOSPI40_PIT,P3_2025_08_08_2026_08_17
2025-11-20,-0.003914300647709601,0.0,0.9960856993522904,3.52091266405683,KOSPI40_PIT,P3_2025_08_08_2026_08_17
2025-11-21,-0.003914300647709601,0.0,0.9960856993522904,3.52091266405683,KOSPI40_PIT,P3_2025_08_08_2026_08_17
2025-11-24,-0.003914300647709601,0.0,0.9960856993522904,3.52091266405683,KOSPI40_PIT,P3_2025_08_08_2026_08_17
2025-11-25,-0.003914300647709601,0.0,0.9960856993522904,3.52091266405683,KOSPI40_PIT,P3_2025_08_08_2026_08_17
2025-11-26,-0.003914300647709601,0.0,0.9960856993522904,3.52091266405683,KOSPI40_PIT,P3_2025_08_08_2026_08_17
2025-11-27,-0.003914300647709601,0.0,0.9960856993522904,3.52091266405683,KOSPI40_PIT,P3_2025_08_08_2026_08_17
2025-11-28,-0.003914300647709601,0.00204675143702525,0.9981324507893157,3.3226679640514623,KOSPI40_PIT,P3_2025_08_08_2026_08_17
2025-12-01,-0.003914300647709601,0.003229318933973174,0.9993150182862636,3.208126581826143,KOSPI40_PIT,P3_2025_08_08_2026_08_17
2025-12-02,-0.003914300647709601,0.0010006340358790146,0.9970863333881694,3.4239930329430956,KOSPI40_PIT,P3_2025_08_08_2026_08_17
2025-12-03,-0.003914300647709601,0.0006367671137411959,0.9967224664660316,3.459236535166277,KOSPI40_PIT,P3_2025_08_08_2026_08_17
2025-12-04,-0.003914300647709601,-0.00046532981388778324,0.9956203695384026,3.565983681323004,KOSPI40_PIT,P3_2025_08_08_2026_08_17
2025-12-05,-0.003914300647709601,0.004097001594455672,1.000182700946746,3.1240843842170296,KOSPI40_PIT,P3_2025_08_08_2026_08_17
2025-12-08,-0.003914300647709601,0.010293235432014181,1.0063789347843046,2.5239282069358437,KOSPI40_PIT,P3_2025_08_08_2026_08_17
2025-12-09,-0.003914300647709601,0.013550544129228728,1.0096362434815191,2.208431086072604,KOSPI40_PIT,P3_2025_08_08_2026_08_17
2025-12-10,-0.003914300647709601,0.011388334918832833,1.0074740342711233,2.4178588204372464,KOSPI40_PIT,P3_2025_08_08_2026_08_17
2025-12-11,-0.003914300647709601,0.016234062679995172,1.0123197620322857,1.9485102571766832,KOSPI40_PIT,P3_2025_08_08_2026_08_17
2025-12-12,-0.003914300647709601,0.016947801642650133,1.0130335009949405,1.8793787720466137,KOSPI40_PIT,P3_2025_08_08_2026_08_17
2025-12-15,-0.003914300647709601,0.02320351372709655,1.019289213079387,1.273461637671247,KOSPI40_PIT,P3_2025_08_08_2026_08_17
2025-12-16,-0.003914300647709601,0.016367014055391673,1.0124527134076822,1.9356328236720621,KOSPI40_PIT,P3_2025_08_08_2026_08_17
2025-12-17,-0.003914300647709601,0.012923013637357176,1.0090087129896477,2.2692125722144185,KOSPI40_PIT,P3_2025_08_08_2026_08_17
2025-12-18,-0.003914300647709601,0.007645228893360233,1.0037309282456506,2.7804094055667194,KOSPI40_PIT,P3_2025_08_08_2026_08_17
2025-12-19,0.010180644201715196,0.001440493165217153,1.0116211373669324,2.0161777983807028,KOSPI40_PIT,P3_2025_08_08_2026_08_17
2025-12-22,0.010180644201715196,-0.0027507289697497835,1.0074299152319655,2.422132112017328,KOSPI40_PIT,P3_2025_08_08_2026_08_17
2025-12-23,0.010180644201715196,-0.004096721696823269,1.0060839225048919,2.552502571058468,KOSPI40_PIT,P3_2025_08_08_2026_08_17
2025-12-24,0.010180644201715196,-0.004850171136076927,1.0053304730656383,2.6254803422484763,KOSPI40_PIT,P3_2025_08_08_2026_08_17
2025-12-26,0.009291890536933486,-0.004283168507214849,1.0050087220297186,2.6566445747187473,KOSPI40_PIT,P3_2025_08_08_2026_08_17
2025-12-29,0.009291890536933486,-0.005677688486308058,1.0036142020506253,2.7917152969890724,KOSPI40_PIT,P3_2025_08_08_2026_08_17
2025-12-30,0.0025758536446889484,0.0010624125163546697,1.0036382661610437,2.7893844900994336,KOSPI40_PIT,P3_2025_08_08_2026_08_17
2026-01-02,0.0025758536446889484,0.003364306301789777,1.0059401599464788,2.566427156501061,KOSPI40_PIT,P3_2025_08_08_2026_08_17
2026-01-05,0.0025758536446889484,0.007934540021184926,1.010510393665874,2.1237624556164736,KOSPI40_PIT,P3_2025_08_08_2026_08_17
2026-01-06,0.0025758536446889484,0.01203460821185496,1.014610461856544,1.7266371507273504,KOSPI40_PIT,P3_2025_08_08_2026_08_17
2026-01-07,0.0025758536446889484,0.012625991389956327,1.0152018450346452,1.6693568290380267,KOSPI40_PIT,P3_2025_08_08_2026_08_17
2026-01-08,0.0025758536446889484,0.014690639502741628,1.0172664931474305,1.469378688883094,KOSPI40_PIT,P3_2025_08_08_2026_08_17
2026-01-09,0.0025758536446889484,0.015425998299332673,1.0180018519440217,1.3981531451314644,KOSPI40_PIT,P3_2025_08_08_2026_08_17
2026-01-12,0.0025758536446889484,0.01369715167166203,1.016273005316351,1.565606151323573,KOSPI40_PIT,P3_2025_08_08_2026_08_17
2026-01-13,0.0025758536446889484,0.018019495214991386,1.0205953488596804,1.1469516515310252,KOSPI40_PIT,P3_2025_08_08_2026_08_17
2026-01-14,0.0025758536446889484,0.01306786344703412,1.015643717091723,1.626557888330571,KOSPI40_PIT,P3_2025_08_08_2026_08_17
2026-01-15,0.0025758536446889484,0.01547399056630698,1.018049844210996,1.3935046996012557,KOSPI40_PIT,P3_2025_08_08_2026_08_17
2026-01-16,0.0025758536446889484,0.01608167054573497,1.0186575241904239,1.334645898751441,KOSPI40_PIT,P3_2025_08_08_2026_08_17
2026-01-19,0.0025758536446889484,0.01713213621369685,1.0197079898583858,1.2328996644780044,KOSPI40_PIT,P3_2025_08_08_2026_08_17
2026-01-20,0.0025758536446889484,0.031918702658160034,1.034494556302849,-0.0,KOSPI40_PIT,P3_2025_08_08_2026_08_17
2026-01-21,0.0025758536446889484,0.030176934228725687,1.0327527878734146,0.168369028026516,KOSPI40_PIT,P3_2025_08_08_2026_08_17
2026-01-22,0.0025758536446889484,0.02691212598792454,1.0294879796326135,0.48396355879611885,KOSPI40_PIT,P3_2025_08_08_2026_08_17
2026-01-23,-0.0014930858830340035,0.030414861672866587,1.0289217757898326,0.5386959727398444,KOSPI40_PIT,P3_2025_08_08_2026_08_17
2026-01-26,-0.0014930858830340035,0.028245182818182148,1.0267520969351482,0.7484292034722007,KOSPI40_PIT,P3_2025_08_08_2026_08_17
2026-01-27,-0.0014930858830340035,0.03255020351418936,1.0310571176311554,0.3322819487787898,KOSPI40_PIT,P3_2025_08_08_2026_08_17
2026-01-28,-0.0014930858830340035,0.03815675415041208,1.036663668267378,-0.0,KOSPI40_PIT,P3_2025_08_08_2026_08_17
2026-01-29,-0.0014930858830340035,0.04039964428351049,1.0389065584004764,-0.0,KOSPI40_PIT,P3_2025_08_08_2026_08_17
2026-01-30,-0.0014930858830340035,0.038430692878844,1.03693760699581,0.18952151074085322,KOSPI40_PIT,P3_2025_08_08_2026_08_17
2026-02-02,-0.0014930858830340035,0.031216929358352852,1.0297238434753189,0.8838826601783589,KOSPI40_PIT,P3_2025_08_08_2026_08_17
2026-02-03,0.01347156343224089,0.022487731596173788,1.0359592950284147,0.28368897551281913,KOSPI40_PIT,P3_2025_08_08_2026_08_17
2026-02-04,0.01347156343224089,0.02217786127890367,1.0356494247111445,0.31351555758264427,KOSPI40_PIT,P3_2025_08_08_2026_08_17
2026-02-05,0.01347156343224089,0.019610364364379896,1.0330819277966208,0.5606500947326176,KOSPI40_PIT,P3_2025_08_08_2026_08_17
2026-02-06,0.01347156343224089,0.019477562799835566,1.0329491262320765,0.5734329156196871,KOSPI40_PIT,P3_2025_08_08_2026_08_17
2026-02-09,0.01347156343224089,0.021602387832544902,1.0350739512647857,0.3689077814265973,KOSPI40_PIT,P3_2025_08_08_2026_08_17
2026-02-10,0.01347156343224089,0.021115448762549012,1.03458701219479,0.41577812467916697,KOSPI40_PIT,P3_2025_08_08_2026_08_17
2026-02-11,0.01347156343224089,0.0204071737516459,1.0338787371838867,0.4839531694102228,KOSPI40_PIT,P3_2025_08_08_2026_08_17
2026-02-12,0.01347156343224089,0.019606963823881586,1.0330785272561225,0.5609774139193946,KOSPI40_PIT,P3_2025_08_08_2026_08_17
2026-02-13,0.01347156343224089,0.01791427897050065,1.0313858424027416,0.7239068746773492,KOSPI40_PIT,P3_2025_08_08_2026_08_17
2026-02-19,0.01347156343224089,0.01977695642811815,1.033248519860359,0.5446147677447222,KOSPI40_PIT,P3_2025_08_08_2026_08_17
2026-02-20,0.01347156343224089,0.023008406151865078,1.036479969584106,0.2335714214863005,KOSPI40_PIT,P3_2025_08_08_2026_08_17
2026-02-23,0.01347156343224089,0.02512069663759738,1.0385922600698383,0.030252800706354055,KOSPI40_PIT,P3_2025_08_08_2026_08_17
2026-02-24,0.01347156343224089,0.026079779000874263,1.039551342433115,-0.0,KOSPI40_PIT,P3_2025_08_08_2026_08_17
2026-02-25,0.01347156343224089,0.02797848961307826,1.0414500530453192,-0.0,KOSPI40_PIT,P3_2025_08_08_2026_08_17
2026-02-26,0.01347156343224089,0.04313529629135962,1.0566068597236005,-0.0,KOSPI40_PIT,P3_2025_08_08_2026_08_17
2026-02-27,0.01347156343224089,0.05291451883934983,1.0663860822715907,-0.0,KOSPI40_PIT,P3_2025_08_08_2026_08_17
2026-03-03,0.003246086126670579,0.011644969209593983,1.0148910553362644,4.828929014680384,KOSPI40_PIT,P3_2025_08_08_2026_08_17
2026-03-04,-0.027683832713399907,-0.004018372736392715,0.9682977945502074,9.19819653989088,KOSPI40_PIT,P3_2025_08_08_2026_08_17
2026-03-05,-0.011834890195285303,0.0,0.9881651098047147,7.335145663215281,KOSPI40_PIT,P3_2025_08_08_2026_08_17
2026-03-06,-0.011834890195285303,0.0,0.9881651098047147,7.335145663215281,KOSPI40_PIT,P3_2025_08_08_2026_08_17
2026-03-09,-0.011834890195285303,0.0,0.9881651098047147,7.335145663215281,KOSPI40_PIT,P3_2025_08_08_2026_08_17
2026-03-10,-0.011834890195285303,0.0,0.9881651098047147,7.335145663215281,KOSPI40_PIT,P3_2025_08_08_2026_08_17
2026-03-11,-0.011834890195285303,0.0,0.9881651098047147,7.335145663215281,KOSPI40_PIT,P3_2025_08_08_2026_08_17
2026-03-12,-0.011834890195285303,0.0,0.9881651098047147,7.335145663215281,KOSPI40_PIT,P3_2025_08_08_2026_08_17
2026-03-13,-0.011834890195285303,0.0,0.9881651098047147,7.335145663215281,KOSPI40_PIT,P3_2025_08_08_2026_08_17
2026-03-16,-0.011834890195285303,0.0,0.9881651098047147,7.335145663215281,KOSPI40_PIT,P3_2025_08_08_2026_08_17
2026-03-17,-0.011834890195285303,0.0,0.9881651098047147,7.335145663215281,KOSPI40_PIT,P3_2025_08_08_2026_08_17
2026-03-18,-0.011834890195285303,0.0,0.9881651098047147,7.335145663215281,KOSPI40_PIT,P3_2025_08_08_2026_08_17
2026-03-19,-0.011834890195285303,0.0,0.9881651098047147,7.335145663215281,KOSPI40_PIT,P3_2025_08_08_2026_08_17
2026-03-20,-0.011834890195285303,-0.002195922466232699,0.985969187338482,7.541067561741476,KOSPI40_PIT,P3_2025_08_08_2026_08_17
2026-03-23,-0.011834890195285303,-0.00572849339017226,0.9824366164145425,7.872333224587946,KOSPI40_PIT,P3_2025_08_08_2026_08_17
2026-03-24,-0.011834890195285303,-0.004821481936728319,0.9833436278679865,7.787278527370612,KOSPI40_PIT,P3_2025_08_08_2026_08_17
2026-03-25,-0.011834890195285303,-0.003150671364594744,0.9850144384401199,7.630598821970258,KOSPI40_PIT,P3_2025_08_08_2026_08_17
2026-03-26,-0.011834890195285303,-0.002911984140004234,0.9852531256647105,7.60821600691306,KOSPI40_PIT,P3_2025_08_08_2026_08_17
2026-03-27,-0.011834890195285303,-0.002911984140004234,0.9852531256647105,7.60821600691306,KOSPI40_PIT,P3_2025_08_08_2026_08_17
2026-03-30,-0.011834890195285303,-0.005585281055417953,0.9825798287492967,7.85890353555364,KOSPI40_PIT,P3_2025_08_08_2026_08_17
2026-03-31,-0.011834890195285303,-0.007637991186896345,0.9805271186178184,8.05139574504551,KOSPI40_PIT,P3_2025_08_08_2026_08_17
2026-04-01,-0.016888832733353946,0.0,0.983111167266646,7.809077442904577,KOSPI40_PIT,P3_2025_08_08_2026_08_17
2026-04-02,-0.016888832733353946,0.0,0.983111167266646,7.809077442904577,KOSPI40_PIT,P3_2025_08_08_2026_08_17
2026-04-03,-0.016888832733353946,0.0,0.983111167266646,7.809077442904577,KOSPI40_PIT,P3_2025_08_08_2026_08_17
2026-04-06,-0.016888832733353946,0.0,0.983111167266646,7.809077442904577,KOSPI40_PIT,P3_2025_08_08_2026_08_17
2026-04-07,-0.016888832733353946,0.0,0.983111167266646,7.809077442904577,KOSPI40_PIT,P3_2025_08_08_2026_08_17
2026-04-08,-0.016888832733353946,0.0,0.983111167266646,7.809077442904577,KOSPI40_PIT,P3_2025_08_08_2026_08_17
2026-04-09,-0.016888832733353946,0.0,0.983111167266646,7.809077442904577,KOSPI40_PIT,P3_2025_08_08_2026_08_17
2026-04-10,-0.016888832733353946,0.0,0.983111167266646,7.809077442904577,KOSPI40_PIT,P3_2025_08_08_2026_08_17
2026-04-13,-0.016888832733353946,0.0,0.983111167266646,7.809077442904577,KOSPI40_PIT,P3_2025_08_08_2026_08_17
2026-04-14,-0.016888832733353946,0.0,0.983111167266646,7.809077442904577,KOSPI40_PIT,P3_2025_08_08_2026_08_17
2026-04-15,-0.016888832733353946,0.0,0.983111167266646,7.809077442904577,KOSPI40_PIT,P3_2025_08_08_2026_08_17
2026-04-16,-0.016888832733353946,0.0,0.983111167266646,7.809077442904577,KOSPI40_PIT,P3_2025_08_08_2026_08_17
2026-04-17,-0.016888832733353946,0.0,0.983111167266646,7.809077442904577,KOSPI40_PIT,P3_2025_08_08_2026_08_17
2026-04-20,-0.016888832733353946,0.005496396454016105,0.9886075637206622,7.293654694484253,KOSPI40_PIT,P3_2025_08_08_2026_08_17
2026-04-21,-0.016888832733353946,0.041281155046161096,1.024392322312807,3.9379508657248707,KOSPI40_PIT,P3_2025_08_08_2026_08_17
2026-04-22,-0.016888832733353946,0.04315034485002296,1.026261512116669,3.7626682138845347,KOSPI40_PIT,P3_2025_08_08_2026_08_17
2026-04-23,-0.016888832733353946,0.029382508885599963,1.012493676152246,5.053742449877474,KOSPI40_PIT,P3_2025_08_08_2026_08_17
2026-04-24,-0.016888832733353946,0.029497825858043836,1.0126089931246898,5.042928639160992,KOSPI40_PIT,P3_2025_08_08_2026_08_17
2026-04-27,-0.016888832733353946,0.02600351962432851,1.0091146868909746,5.370606043415149,KOSPI40_PIT,P3_2025_08_08_2026_08_17
2026-04-28,-0.016888832733353946,0.05420344896470778,1.0373146162313538,2.7261670537100047,KOSPI40_PIT,P3_2025_08_08_2026_08_17
2026-04-29,-0.016888832733353946,0.06666899523334983,1.0497801624999958,1.5572146005714327,KOSPI40_PIT,P3_2025_08_08_2026_08_17
2026-04-30,-0.016888832733353946,0.050587964952271115,1.033699132218917,3.0652078638390146,KOSPI40_PIT,P3_2025_08_08_2026_08_17
2026-05-04,-0.020532902637075214,0.0768776178202846,1.0563447151832095,0.9416258572121805,KOSPI40_PIT,P3_2025_08_08_2026_08_17
2026-05-06,-0.020532902637075214,0.0828766786640452,1.06234377602697,0.3790659229169435,KOSPI40_PIT,P3_2025_08_08_2026_08_17
2026-05-07,-0.024350772625107642,0.08870345771753094,1.0643526850924232,0.19068114381575185,KOSPI40_PIT,P3_2025_08_08_2026_08_17
2026-05-08,-0.024350772625107642,0.09997888754356599,1.0756281149184583,-0.0,KOSPI40_PIT,P3_2025_08_08_2026_08_17
2026-05-11,-0.024350772625107642,0.09561622127320073,1.071265448648093,0.40559243569939785,KOSPI40_PIT,P3_2025_08_08_2026_08_17
2026-05-12,-0.026324062719337696,0.07127597650329463,1.044951913783957,2.8519337407638234,KOSPI40_PIT,P3_2025_08_08_2026_08_17
2026-05-13,-0.03239507800756701,0.08444670380891203,1.052051625801345,2.1918810776808906,KOSPI40_PIT,P3_2025_08_08_2026_08_17
2026-05-14,-0.017755909110960102,0.07310612077854933,1.0553502116675892,1.8852150636101905,KOSPI40_PIT,P3_2025_08_08_2026_08_17
2026-05-15,-0.017755909110960102,0.06632146197756067,1.0485655528666005,2.5159775647840332,KOSPI40_PIT,P3_2025_08_08_2026_08_17
2026-05-18,-0.0007604121274960088,0.04174453261537564,1.0409841204878796,3.220815256693532,KOSPI40_PIT,P3_2025_08_08_2026_08_17
2026-05-19,-0.0007604121274960088,0.03446997787821089,1.033709565750715,3.8971228611778375,KOSPI40_PIT,P3_2025_08_08_2026_08_17
2026-05-20,0.017492385670851977,0.016882113896914942,1.0343744995677668,3.8353046725465023,KOSPI40_PIT,P3_2025_08_08_2026_08_17
2026-05-21,0.017492385670851977,0.027760803042898324,1.0452531887137504,2.8239245314827577,KOSPI40_PIT,P3_2025_08_08_2026_08_17
2026-05-22,0.017492385670851977,0.02582681386139017,1.0433191995322422,3.0037254454496565,KOSPI40_PIT,P3_2025_08_08_2026_08_17
2026-05-26,0.017492385670851977,0.027277305747521283,1.0447696914183733,2.8688747599744935,KOSPI40_PIT,P3_2025_08_08_2026_08_17
2026-05-27,0.017492385670851977,0.029211294929029435,1.0467036805998815,2.6890738460075947,KOSPI40_PIT,P3_2025_08_08_2026_08_17
2026-05-28,0.017492385670851977,0.02905012916390376,1.0465425148347558,2.7040572555048437,KOSPI40_PIT,P3_2025_08_08_2026_08_17
2026-05-29,0.017492385670851977,0.035657925534056625,1.0531503112049085,2.0897374661180024,KOSPI40_PIT,P3_2025_08_08_2026_08_17
2026-06-01,0.017492385670851977,0.03509384535611675,1.0525862310269687,2.142179399358335,KOSPI40_PIT,P3_2025_08_08_2026_08_17
2026-06-02,0.017492385670851977,0.03493267959099107,1.052425065261843,2.157162808855584,KOSPI40_PIT,P3_2025_08_08_2026_08_17
2026-06-04,0.017492385670851977,0.03404626788279983,1.0515386535536517,2.2395715610904032,KOSPI40_PIT,P3_2025_08_08_2026_08_17
2026-06-05,0.017492385670851977,0.029936540872094998,1.047428926542947,2.621648503270013,KOSPI40_PIT,P3_2025_08_08_2026_08_17
2026-06-08,0.017492385670851977,0.02308699585425361,1.0405793815251057,3.2584434069027335,KOSPI40_PIT,P3_2025_08_08_2026_08_17
2026-06-09,0.04193326254903369,0.0,1.0419332625490336,3.132574530369081,KOSPI40_PIT,P3_2025_08_08_2026_08_17
2026-06-10,0.04193326254903369,0.0,1.0419332625490336,3.132574530369081,KOSPI40_PIT,P3_2025_08_08_2026_08_17
2026-06-11,0.04193326254903369,0.0,1.0419332625490336,3.132574530369081,KOSPI40_PIT,P3_2025_08_08_2026_08_17
2026-06-12,0.04193326254903369,0.0,1.0419332625490336,3.132574530369081,KOSPI40_PIT,P3_2025_08_08_2026_08_17
2026-06-15,0.04193326254903369,0.0,1.0419332625490336,3.132574530369081,KOSPI40_PIT,P3_2025_08_08_2026_08_17
2026-06-16,0.04193326254903369,0.0,1.0419332625490336,3.132574530369081,KOSPI40_PIT,P3_2025_08_08_2026_08_17
2026-06-17,0.04193326254903369,0.0,1.0419332625490336,3.132574530369081,KOSPI40_PIT,P3_2025_08_08_2026_08_17
2026-06-18,0.04193326254903369,0.0,1.0419332625490336,3.132574530369081,KOSPI40_PIT,P3_2025_08_08_2026_08_17
2026-06-19,0.04193326254903369,0.0,1.0419332625490336,3.132574530369081,KOSPI40_PIT,P3_2025_08_08_2026_08_17
2026-06-22,0.04193326254903369,-0.0025958198928557235,1.039337442656178,3.373905140535638,KOSPI40_PIT,P3_2025_08_08_2026_08_17
2026-06-23,0.04193326254903369,-0.004434525650295195,1.0374987368987385,3.5448476560702713,KOSPI40_PIT,P3_2025_08_08_2026_08_17
2026-06-24,0.04193326254903369,-0.0038576767852161447,1.0380755857638175,3.4912186315888216,KOSPI40_PIT,P3_2025_08_08_2026_08_17
2026-06-25,0.04193326254903369,-0.0028481912713278065,1.0390850712777058,3.397367838746279,KOSPI40_PIT,P3_2025_08_08_2026_08_17
2026-06-26,0.04193326254903369,-0.0038937298392835874,1.03803953270975,3.4945704456189164,KOSPI40_PIT,P3_2025_08_08_2026_08_17
2026-06-29,0.04193326254903369,-0.0056242764345207355,1.036308986114513,3.6554575190632765,KOSPI40_PIT,P3_2025_08_08_2026_08_17
2026-06-30,0.0362435284706214,0.0,1.0362435284706213,3.6615430464852383,KOSPI40_PIT,P3_2025_08_08_2026_08_17
2026-07-01,0.0362435284706214,0.0,1.0362435284706213,3.6615430464852383,KOSPI40_PIT,P3_2025_08_08_2026_08_17
2026-07-02,0.0362435284706214,0.0,1.0362435284706213,3.6615430464852383,KOSPI40_PIT,P3_2025_08_08_2026_08_17
2026-07-03,0.0362435284706214,0.0,1.0362435284706213,3.6615430464852383,KOSPI40_PIT,P3_2025_08_08_2026_08_17
2026-07-06,0.0362435284706214,0.0,1.0362435284706213,3.6615430464852383,KOSPI40_PIT,P3_2025_08_08_2026_08_17
2026-07-07,0.0362435284706214,0.0,1.0362435284706213,3.6615430464852383,KOSPI40_PIT,P3_2025_08_08_2026_08_17
2026-07-08,0.0362435284706214,0.0,1.0362435284706213,3.6615430464852383,KOSPI40_PIT,P3_2025_08_08_2026_08_17
2026-07-09,0.0362435284706214,0.0,1.0362435284706213,3.6615430464852383,KOSPI40_PIT,P3_2025_08_08_2026_08_17
2026-07-10,0.0362435284706214,0.0,1.0362435284706213,3.6615430464852383,KOSPI40_PIT,P3_2025_08_08_2026_08_17
2026-07-13,0.0362435284706214,0.0,1.0362435284706213,3.6615430464852383,KOSPI40_PIT,P3_2025_08_08_2026_08_17
2026-07-14,0.0362435284706214,0.0,1.0362435284706213,3.6615430464852383,KOSPI40_PIT,P3_2025_08_08_2026_08_17
2026-07-15,0.0362435284706214,0.0,1.0362435284706213,3.6615430464852383,KOSPI40_PIT,P3_2025_08_08_2026_08_17
2026-07-16,0.0362435284706214,0.0,1.0362435284706213,3.6615430464852383,KOSPI40_PIT,P3_2025_08_08_2026_08_17
2026-07-20,0.0362435284706214,0.0,1.0362435284706213,3.6615430464852383,KOSPI40_PIT,P3_2025_08_08_2026_08_17
2026-07-21,0.0362435284706214,0.0,1.0362435284706213,3.6615430464852383,KOSPI40_PIT,P3_2025_08_08_2026_08_17
2026-07-22,0.0362435284706214,0.0,1.0362435284706213,3.6615430464852383,KOSPI40_PIT,P3_2025_08_08_2026_08_17
2026-07-23,0.0362435284706214,0.0,1.0362435284706213,3.6615430464852383,KOSPI40_PIT,P3_2025_08_08_2026_08_17
2026-07-24,0.0362435284706214,0.0,1.0362435284706213,3.6615430464852383,KOSPI40_PIT,P3_2025_08_08_2026_08_17
2026-07-27,0.0362435284706214,0.0,1.0362435284706213,3.6615430464852383,KOSPI40_PIT,P3_2025_08_08_2026_08_17
2026-07-28,0.0362435284706214,0.0,1.0362435284706213,3.6615430464852383,KOSPI40_PIT,P3_2025_08_08_2026_08_17
2026-07-29,0.0362435284706214,0.0,1.0362435284706213,3.6615430464852383,KOSPI40_PIT,P3_2025_08_08_2026_08_17
2026-07-30,0.0362435284706214,0.0,1.0362435284706213,3.6615430464852383,KOSPI40_PIT,P3_2025_08_08_2026_08_17
2026-07-31,0.0362435284706214,0.0,1.0362435284706213,3.6615430464852383,KOSPI40_PIT,P3_2025_08_08_2026_08_17
2026-08-03,0.0362435284706214,0.0,1.0362435284706213,3.6615430464852383,KOSPI40_PIT,P3_2025_08_08_2026_08_17
2026-08-04,0.0362435284706214,0.0,1.0362435284706213,3.6615430464852383,KOSPI40_PIT,P3_2025_08_08_2026_08_17
2026-08-05,0.0362435284706214,0.0,1.0362435284706213,3.6615430464852383,KOSPI40_PIT,P3_2025_08_08_2026_08_17
2026-08-06,0.0362435284706214,0.0,1.0362435284706213,3.6615430464852383,KOSPI40_PIT,P3_2025_08_08_2026_08_17
2026-08-07,0.0362435284706214,0.0,1.0362435284706213,3.6615430464852383,KOSPI40_PIT,P3_2025_08_08_2026_08_17
2026-08-10,0.0362435284706214,0.0,1.0362435284706213,3.6615430464852383,KOSPI40_PIT,P3_2025_08_08_2026_08_17
2026-08-11,0.0362435284706214,0.0,1.0362435284706213,3.6615430464852383,KOSPI40_PIT,P3_2025_08_08_2026_08_17
2026-08-12,0.0362435284706214,0.0,1.0362435284706213,3.6615430464852383,KOSPI40_PIT,P3_2025_08_08_2026_08_17
2026-08-13,0.0362435284706214,-0.00045987138837453494,1.0357836570822467,3.7042967995711162,KOSPI40_PIT,P3_2025_08_08_2026_08_17
2026-08-14,0.037053685036964046,0.0,1.037053685036964,3.586223653555076,KOSPI40_PIT,P3_2025_08_08_2026_08_17
2023-08-08,0.0,0.0,1.0,-0.0,KOSPI40_PIT,FULL_2023_08_08_2026_08_17
2023-08-09,0.0,0.0,1.0,-0.0,KOSPI40_PIT,FULL_2023_08_08_2026_08_17
2023-08-10,0.0,0.0,1.0,-0.0,KOSPI40_PIT,FULL_2023_08_08_2026_08_17
2023-08-11,0.0,0.0,1.0,-0.0,KOSPI40_PIT,FULL_2023_08_08_2026_08_17
2023-08-14,0.0,0.0,1.0,-0.0,KOSPI40_PIT,FULL_2023_08_08_2026_08_17
2023-08-16,0.0,0.0,1.0,-0.0,KOSPI40_PIT,FULL_2023_08_08_2026_08_17
2023-08-17,0.0,0.0,1.0,-0.0,KOSPI40_PIT,FULL_2023_08_08_2026_08_17
2023-08-18,0.0,0.0,1.0,-0.0,KOSPI40_PIT,FULL_2023_08_08_2026_08_17
2023-08-21,0.0,0.0,1.0,-0.0,KOSPI40_PIT,FULL_2023_08_08_2026_08_17
2023-08-22,0.0,0.0,1.0,-0.0,KOSPI40_PIT,FULL_2023_08_08_2026_08_17
2023-08-23,0.0,0.0,1.0,-0.0,KOSPI40_PIT,FULL_2023_08_08_2026_08_17
2023-08-24,0.0,0.0,1.0,-0.0,KOSPI40_PIT,FULL_2023_08_08_2026_08_17
2023-08-25,0.0,0.0,1.0,-0.0,KOSPI40_PIT,FULL_2023_08_08_2026_08_17
2023-08-28,0.0,0.0,1.0,-0.0,KOSPI40_PIT,FULL_2023_08_08_2026_08_17
2023-08-29,0.0,-0.002647058823529408,0.9973529411764706,0.2647058823529447,KOSPI40_PIT,FULL_2023_08_08_2026_08_17
2023-08-30,0.0,-0.0018627450980392148,0.9981372549019608,0.1862745098039187,KOSPI40_PIT,FULL_2023_08_08_2026_08_17
2023-08-31,0.0,-0.002058823529411767,0.9979411764705882,0.20588235294117796,KOSPI40_PIT,FULL_2023_08_08_2026_08_17
2023-09-01,0.0,-0.0009803921568627455,0.9990196078431373,0.09803921568627416,KOSPI40_PIT,FULL_2023_08_08_2026_08_17
2023-09-04,0.0,-0.0006862745098039171,0.999313725490196,0.06862745098039635,KOSPI40_PIT,FULL_2023_08_08_2026_08_17
2023-09-05,0.0,0.0,1.0,-0.0,KOSPI40_PIT,FULL_2023_08_08_2026_08_17
2023-09-06,0.0,0.006176470588235301,1.0061764705882352,-0.0,KOSPI40_PIT,FULL_2023_08_08_2026_08_17
2023-09-07,0.0,0.0072549019607843065,1.0072549019607844,-0.0,KOSPI40_PIT,FULL_2023_08_08_2026_08_17
2023-09-08,0.0,0.003039215686274497,1.0030392156862744,0.41853221724743594,KOSPI40_PIT,FULL_2023_08_08_2026_08_17
2023-09-11,0.0,0.000784313725490209,1.0007843137254901,0.6423982869379175,KOSPI40_PIT,FULL_2023_08_08_2026_08_17
2023-09-12,0.0,-0.005980392156862749,0.9940196078431373,1.3139964960093509,KOSPI40_PIT,FULL_2023_08_08_2026_08_17
2023-09-13,-0.006507383563120383,0.0,0.9934926164368796,1.366316063303763,KOSPI40_PIT,FULL_2023_08_08_2026_08_17
2023-09-14,-0.006507383563120383,0.0,0.9934926164368796,1.366316063303763,KOSPI40_PIT,FULL_2023_08_08_2026_08_17
2023-09-15,-0.006507383563120383,0.0,0.9934926164368796,1.366316063303763,KOSPI40_PIT,FULL_2023_08_08_2026_08_17
2023-09-18,-0.006507383563120383,0.0,0.9934926164368796,1.366316063303763,KOSPI40_PIT,FULL_2023_08_08_2026_08_17
2023-09-19,-0.006507383563120383,0.0,0.9934926164368796,1.366316063303763,KOSPI40_PIT,FULL_2023_08_08_2026_08_17
2023-09-20,-0.006507383563120383,0.0,0.9934926164368796,1.366316063303763,KOSPI40_PIT,FULL_2023_08_08_2026_08_17
2023-09-21,-0.006507383563120383,0.0,0.9934926164368796,1.366316063303763,KOSPI40_PIT,FULL_2023_08_08_2026_08_17
2023-09-22,-0.006507383563120383,0.0,0.9934926164368796,1.366316063303763,KOSPI40_PIT,FULL_2023_08_08_2026_08_17
2023-09-25,-0.006507383563120383,0.0,0.9934926164368796,1.366316063303763,KOSPI40_PIT,FULL_2023_08_08_2026_08_17
2023-09-26,-0.006507383563120383,0.0,0.9934926164368796,1.366316063303763,KOSPI40_PIT,FULL_2023_08_08_2026_08_17
2023-09-27,-0.006507383563120383,0.0,0.9934926164368796,1.366316063303763,KOSPI40_PIT,FULL_2023_08_08_2026_08_17
2023-10-04,-0.006507383563120383,0.0,0.9934926164368796,1.366316063303763,KOSPI40_PIT,FULL_2023_08_08_2026_08_17
2023-10-05,-0.006507383563120383,0.0,0.9934926164368796,1.366316063303763,KOSPI40_PIT,FULL_2023_08_08_2026_08_17
2023-10-06,-0.006507383563120383,0.0,0.9934926164368796,1.366316063303763,KOSPI40_PIT,FULL_2023_08_08_2026_08_17
2023-10-10,-0.006507383563120383,0.0,0.9934926164368796,1.366316063303763,KOSPI40_PIT,FULL_2023_08_08_2026_08_17
2023-10-11,-0.006507383563120383,0.0,0.9934926164368796,1.366316063303763,KOSPI40_PIT,FULL_2023_08_08_2026_08_17
2023-10-12,-0.006507383563120383,0.0,0.9934926164368796,1.366316063303763,KOSPI40_PIT,FULL_2023_08_08_2026_08_17
2023-10-13,-0.006507383563120383,0.0,0.9934926164368796,1.366316063303763,KOSPI40_PIT,FULL_2023_08_08_2026_08_17
2023-10-16,-0.006507383563120383,0.0,0.9934926164368796,1.366316063303763,KOSPI40_PIT,FULL_2023_08_08_2026_08_17
2023-10-17,-0.006507383563120383,0.0,0.9934926164368796,1.366316063303763,KOSPI40_PIT,FULL_2023_08_08_2026_08_17
2023-10-18,-0.006507383563120383,0.0,0.9934926164368796,1.366316063303763,KOSPI40_PIT,FULL_2023_08_08_2026_08_17
2023-10-19,-0.006507383563120383,0.0,0.9934926164368796,1.366316063303763,KOSPI40_PIT,FULL_2023_08_08_2026_08_17
2023-10-20,-0.006507383563120383,0.0,0.9934926164368796,1.366316063303763,KOSPI40_PIT,FULL_2023_08_08_2026_08_17
2023-10-23,-0.006507383563120383,0.0,0.9934926164368796,1.366316063303763,KOSPI40_PIT,FULL_2023_08_08_2026_08_17
2023-10-24,-0.006507383563120383,0.0,0.9934926164368796,1.366316063303763,KOSPI40_PIT,FULL_2023_08_08_2026_08_17
2023-10-25,-0.006507383563120383,0.0,0.9934926164368796,1.366316063303763,KOSPI40_PIT,FULL_2023_08_08_2026_08_17
2023-10-26,-0.006507383563120383,0.0,0.9934926164368796,1.366316063303763,KOSPI40_PIT,FULL_2023_08_08_2026_08_17
2023-10-27,-0.006507383563120383,0.0,0.9934926164368796,1.366316063303763,KOSPI40_PIT,FULL_2023_08_08_2026_08_17
2023-10-30,-0.006507383563120383,0.0,0.9934926164368796,1.366316063303763,KOSPI40_PIT,FULL_2023_08_08_2026_08_17
2023-10-31,-0.006507383563120383,0.0,0.9934926164368796,1.366316063303763,KOSPI40_PIT,FULL_2023_08_08_2026_08_17
2023-11-01,-0.006507383563120383,0.0,0.9934926164368796,1.366316063303763,KOSPI40_PIT,FULL_2023_08_08_2026_08_17
2023-11-02,-0.006507383563120383,0.0,0.9934926164368796,1.366316063303763,KOSPI40_PIT,FULL_2023_08_08_2026_08_17
2023-11-03,-0.006507383563120383,0.0,0.9934926164368796,1.366316063303763,KOSPI40_PIT,FULL_2023_08_08_2026_08_17
2023-11-06,-0.006507383563120383,0.0,0.9934926164368796,1.366316063303763,KOSPI40_PIT,FULL_2023_08_08_2026_08_17
2023-11-07,-0.006507383563120383,0.0,0.9934926164368796,1.366316063303763,KOSPI40_PIT,FULL_2023_08_08_2026_08_17
2023-11-08,-0.006507383563120383,0.0,0.9934926164368796,1.366316063303763,KOSPI40_PIT,FULL_2023_08_08_2026_08_17
2023-11-09,-0.006507383563120383,0.0,0.9934926164368796,1.366316063303763,KOSPI40_PIT,FULL_2023_08_08_2026_08_17
2023-11-10,-0.006507383563120383,0.0,0.9934926164368796,1.366316063303763,KOSPI40_PIT,FULL_2023_08_08_2026_08_17
2023-11-13,-0.006507383563120383,0.0,0.9934926164368796,1.366316063303763,KOSPI40_PIT,FULL_2023_08_08_2026_08_17
2023-11-14,-0.006507383563120383,0.0,0.9934926164368796,1.366316063303763,KOSPI40_PIT,FULL_2023_08_08_2026_08_17
2023-11-15,-0.006507383563120383,0.0,0.9934926164368796,1.366316063303763,KOSPI40_PIT,FULL_2023_08_08_2026_08_17
2023-11-16,-0.006507383563120383,0.0,0.9934926164368796,1.366316063303763,KOSPI40_PIT,FULL_2023_08_08_2026_08_17
2023-11-17,-0.006507383563120383,0.0,0.9934926164368796,1.366316063303763,KOSPI40_PIT,FULL_2023_08_08_2026_08_17
2023-11-20,-0.006507383563120383,0.0,0.9934926164368796,1.366316063303763,KOSPI40_PIT,FULL_2023_08_08_2026_08_17
2023-11-21,-0.006507383563120383,0.0,0.9934926164368796,1.366316063303763,KOSPI40_PIT,FULL_2023_08_08_2026_08_17
2023-11-22,-0.006507383563120383,0.0,0.9934926164368796,1.366316063303763,KOSPI40_PIT,FULL_2023_08_08_2026_08_17
2023-11-23,-0.006507383563120383,0.0,0.9934926164368796,1.366316063303763,KOSPI40_PIT,FULL_2023_08_08_2026_08_17
2023-11-24,-0.006507383563120383,0.0,0.9934926164368796,1.366316063303763,KOSPI40_PIT,FULL_2023_08_08_2026_08_17
2023-11-27,-0.006507383563120383,0.00308901065614827,0.9965816270930279,1.0596399031644554,KOSPI40_PIT,FULL_2023_08_08_2026_08_17
2023-11-28,-0.006507383563120383,0.0030055238816577763,0.9964981403185373,1.0679284480330953,KOSPI40_PIT,FULL_2023_08_08_2026_08_17
2023-11-29,-0.006507383563120383,0.006925607429325068,1.0004182238662047,0.6787435912469553,KOSPI40_PIT,FULL_2023_08_08_2026_08_17
2023-11-30,-0.006507383563120383,0.008135111533496704,1.0016277279703762,0.5586643439961403,KOSPI40_PIT,FULL_2023_08_08_2026_08_17
2023-12-01,-0.006507383563120383,0.0068136592544400885,1.0003062756913197,0.6898577764117175,KOSPI40_PIT,FULL_2023_08_08_2026_08_17
2023-12-04,-0.006507383563120383,-0.0018851988320555567,0.9916074176048241,1.55347810425146,KOSPI40_PIT,FULL_2023_08_08_2026_08_17
2023-12-05,-0.006507383563120383,0.0012227860910223797,0.9947154025279019,1.244918183914745,KOSPI40_PIT,FULL_2023_08_08_2026_08_17
2023-12-06,-0.006507383563120383,0.003140662827234577,0.9966332792641142,1.0545118892937189,KOSPI40_PIT,FULL_2023_08_08_2026_08_17
2023-12-07,-0.006507383563120383,-0.0001368255470816373,0.993355790889798,1.3799000673940132,KOSPI40_PIT,FULL_2023_08_08_2026_08_17
2023-12-08,-0.010688122902426456,0.010338445574406205,0.9996503226719797,0.7549806185108809,KOSPI40_PIT,FULL_2023_08_08_2026_08_17
2023-12-11,-0.010688122902426456,0.017613390340425077,1.0069252674379985,0.032726028152774145,KOSPI40_PIT,FULL_2023_08_08_2026_08_17
2023-12-12,-0.010688122902426456,0.017272486011255573,1.0065843631088291,0.06657091969966,KOSPI40_PIT,FULL_2023_08_08_2026_08_17
2023-12-13,-0.010688122902426456,0.01844130085412249,1.007753177951696,-0.0,KOSPI40_PIT,FULL_2023_08_08_2026_08_17
2023-12-14,-0.010688122902426456,0.01663705889430014,1.0059489359918736,0.17903609726039882,KOSPI40_PIT,FULL_2023_08_08_2026_08_17
2023-12-15,-0.010688122902426456,0.017673686344223737,1.0069855634417972,0.07617088456708387,KOSPI40_PIT,FULL_2023_08_08_2026_08_17
2023-12-18,-0.010688122902426456,0.02062123329915201,1.0099331103967255,-0.0,KOSPI40_PIT,FULL_2023_08_08_2026_08_17
2023-12-19,-0.010688122902426456,0.01925993505954312,1.0085718121571166,0.13479093076512738,KOSPI40_PIT,FULL_2023_08_08_2026_08_17
2023-12-20,-0.010688122902426456,0.033065400852374006,1.0223772779499476,-0.0,KOSPI40_PIT,FULL_2023_08_08_2026_08_17
2023-12-21,-0.010688122902426456,0.033617341194838946,1.0229292182924126,-0.0,KOSPI40_PIT,FULL_2023_08_08_2026_08_17
2023-12-22,-0.010688122902426456,0.0372327823456912,1.0265446594432648,-0.0,KOSPI40_PIT,FULL_2023_08_08_2026_08_17
2023-12-26,-0.010688122902426456,0.03669591600417593,1.0260077931017495,0.05229839116852597,KOSPI40_PIT,FULL_2023_08_08_2026_08_17
2023-12-27,-0.010688122902426456,0.03216309814097829,1.021474975238552,0.4938590988786018,KOSPI40_PIT,FULL_2023_08_08_2026_08_17
2023-12-28,-0.014473271225072942,0.04188485094646707,1.027411579721394,-0.0,KOSPI40_PIT,FULL_2023_08_08_2026_08_17
2024-01-02,-0.014473271225072942,0.03823926179371545,1.0237659905686425,0.3548323986907187,KOSPI40_PIT,FULL_2023_08_08_2026_08_17
2024-01-03,-0.014473271225072942,0.02790313529637847,1.0134298640713055,1.3608680227139347,KOSPI40_PIT,FULL_2023_08_08_2026_08_17
2024-01-04,-0.008097318249516568,0.01973186724312137,1.0116345489936047,1.5356095881328913,KOSPI40_PIT,FULL_2023_08_08_2026_08_17
2024-01-05,-0.008097318249516568,0.017938061130110337,1.0098407428805938,1.7102042830357211,KOSPI40_PIT,FULL_2023_08_08_2026_08_17
2024-01-08,0.01013753838708664,0.0,1.0101375383870865,1.681316589695414,KOSPI40_PIT,FULL_2023_08_08_2026_08_17
2024-01-09,0.01013753838708664,-0.0010820756528187084,1.0090554627342678,1.7866371519877133,KOSPI40_PIT,FULL_2023_08_08_2026_08_17
2024-01-10,0.01013753838708664,-0.0001803459421364514,1.00995719244495,1.6988700167441473,KOSPI40_PIT,FULL_2023_08_08_2026_08_17
2024-01-11,0.01013753838708664,0.001803459421364514,1.011940997808451,1.5057823192082598,KOSPI40_PIT,FULL_2023_08_08_2026_08_17
2024-01-12,0.01013753838708664,-0.0014427675370916112,1.008694770849995,1.8217440060851353,KOSPI40_PIT,FULL_2023_08_08_2026_08_17
2024-01-15,0.01013753838708664,-0.006312107974775809,1.0038254304123106,2.2956865364004653,KOSPI40_PIT,FULL_2023_08_08_2026_08_17
2024-01-16,0.0037412509470657346,0.0,1.0037412509470658,2.303879890155325,KOSPI40_PIT,FULL_2023_08_08_2026_08_17
2024-01-17,0.0037412509470657346,0.0,1.0037412509470658,2.303879890155325,KOSPI40_PIT,FULL_2023_08_08_2026_08_17
2024-01-18,0.0037412509470657346,0.0,1.0037412509470658,2.303879890155325,KOSPI40_PIT,FULL_2023_08_08_2026_08_17
2024-01-19,0.0037412509470657346,0.0,1.0037412509470658,2.303879890155325,KOSPI40_PIT,FULL_2023_08_08_2026_08_17
2024-01-22,0.0037412509470657346,0.0,1.0037412509470658,2.303879890155325,KOSPI40_PIT,FULL_2023_08_08_2026_08_17
2024-01-23,0.0037412509470657346,0.0,1.0037412509470658,2.303879890155325,KOSPI40_PIT,FULL_2023_08_08_2026_08_17
2024-01-24,0.0037412509470657346,0.0,1.0037412509470658,2.303879890155325,KOSPI40_PIT,FULL_2023_08_08_2026_08_17
2024-01-25,0.0037412509470657346,0.0,1.0037412509470658,2.303879890155325,KOSPI40_PIT,FULL_2023_08_08_2026_08_17
2024-01-26,0.0037412509470657346,0.0,1.0037412509470658,2.303879890155325,KOSPI40_PIT,FULL_2023_08_08_2026_08_17
2024-01-29,0.0037412509470657346,0.0,1.0037412509470658,2.303879890155325,KOSPI40_PIT,FULL_2023_08_08_2026_08_17
2024-01-30,0.0037412509470657346,0.0,1.0037412509470658,2.303879890155325,KOSPI40_PIT,FULL_2023_08_08_2026_08_17
2024-01-31,0.0037412509470657346,0.0,1.0037412509470658,2.303879890155325,KOSPI40_PIT,FULL_2023_08_08_2026_08_17
2024-02-01,0.0037412509470657346,0.0,1.0037412509470658,2.303879890155325,KOSPI40_PIT,FULL_2023_08_08_2026_08_17
2024-02-02,0.0037412509470657346,0.0,1.0037412509470658,2.303879890155325,KOSPI40_PIT,FULL_2023_08_08_2026_08_17
2024-02-05,0.0037412509470657346,0.0,1.0037412509470658,2.303879890155325,KOSPI40_PIT,FULL_2023_08_08_2026_08_17
2024-02-06,0.0037412509470657346,0.0,1.0037412509470658,2.303879890155325,KOSPI40_PIT,FULL_2023_08_08_2026_08_17
2024-02-07,0.0037412509470657346,0.0,1.0037412509470658,2.303879890155325,KOSPI40_PIT,FULL_2023_08_08_2026_08_17
2024-02-08,0.0037412509470657346,0.0,1.0037412509470658,2.303879890155325,KOSPI40_PIT,FULL_2023_08_08_2026_08_17
2024-02-13,0.0037412509470657346,0.0,1.0037412509470658,2.303879890155325,KOSPI40_PIT,FULL_2023_08_08_2026_08_17
2024-02-14,0.0037412509470657346,0.0,1.0037412509470658,2.303879890155325,KOSPI40_PIT,FULL_2023_08_08_2026_08_17
2024-02-15,0.0037412509470657346,0.0,1.0037412509470658,2.303879890155325,KOSPI40_PIT,FULL_2023_08_08_2026_08_17
2024-02-16,0.0037412509470657346,0.0,1.0037412509470658,2.303879890155325,KOSPI40_PIT,FULL_2023_08_08_2026_08_17
2024-02-19,0.0037412509470657346,0.0,1.0037412509470658,2.303879890155325,KOSPI40_PIT,FULL_2023_08_08_2026_08_17
2024-02-20,0.0037412509470657346,-0.0011547465718860033,1.0025865043751798,2.416273656653367,KOSPI40_PIT,FULL_2023_08_08_2026_08_17
2024-02-21,0.0037412509470657346,-0.00168770652814108,1.0020535444189247,2.468147702729395,KOSPI40_PIT,FULL_2023_08_08_2026_08_17
2024-02-22,0.0037412509470657346,-0.00346423971565801,1.0002770112314079,2.641061189649463,KOSPI40_PIT,FULL_2023_08_08_2026_08_17
2024-02-23,0.0037412509470657346,-0.0012435732312618528,1.002497677715804,2.4249193309993755,KOSPI40_PIT,FULL_2023_08_08_2026_08_17
2024-02-26,0.0037412509470657346,-0.007994399343826184,0.9957468516032396,3.0819905812956794,KOSPI40_PIT,FULL_2023_08_08_2026_08_17
2024-02-27,0.0037412509470657346,-0.008438532640705421,0.9953027183063604,3.125218953025688,KOSPI40_PIT,FULL_2023_08_08_2026_08_17
2024-02-28,-0.006377486120114335,-0.0001356354553394899,0.9934868784245462,3.3019582382016077,KOSPI40_PIT,FULL_2023_08_08_2026_08_17
2024-02-29,-0.006377486120114335,-0.007121134790411941,0.9865013790894737,3.98187069713718,KOSPI40_PIT,FULL_2023_08_08_2026_08_17
2024-03-04,-0.013146165452179191,0.0,0.9868538345478208,3.9475655106565366,KOSPI40_PIT,FULL_2023_08_08_2026_08_17
2024-03-05,-0.013146165452179191,0.0,0.9868538345478208,3.9475655106565366,KOSPI40_PIT,FULL_2023_08_08_2026_08_17
2024-03-06,-0.013146165452179191,0.0,0.9868538345478208,3.9475655106565366,KOSPI40_PIT,FULL_2023_08_08_2026_08_17
2024-03-07,-0.013146165452179191,0.0,0.9868538345478208,3.9475655106565366,KOSPI40_PIT,FULL_2023_08_08_2026_08_17
2024-03-08,-0.013146165452179191,0.0,0.9868538345478208,3.9475655106565366,KOSPI40_PIT,FULL_2023_08_08_2026_08_17
2024-03-11,-0.013146165452179191,0.0,0.9868538345478208,3.9475655106565366,KOSPI40_PIT,FULL_2023_08_08_2026_08_17
2024-03-12,-0.013146165452179191,0.0,0.9868538345478208,3.9475655106565366,KOSPI40_PIT,FULL_2023_08_08_2026_08_17
2024-03-13,-0.013146165452179191,0.0,0.9868538345478208,3.9475655106565366,KOSPI40_PIT,FULL_2023_08_08_2026_08_17
2024-03-14,-0.013146165452179191,0.0016447563909130353,0.9884985909387338,3.78747811984097,KOSPI40_PIT,FULL_2023_08_08_2026_08_17
2024-03-15,-0.013146165452179191,-0.004486590335074486,0.9823672442127463,4.384254216879913,KOSPI40_PIT,FULL_2023_08_08_2026_08_17
2024-03-18,-0.013146165452179191,-0.005790633097691105,0.9810632014501297,4.511179276744459,KOSPI40_PIT,FULL_2023_08_08_2026_08_17
2024-03-19,-0.013146165452179191,-0.01584385909773395,0.9710099754500868,5.4896796361397655,KOSPI40_PIT,FULL_2023_08_08_2026_08_17
2024-03-20,-0.013146165452179191,-0.015196445605359083,0.9716573889424618,5.4266656011460634,KOSPI40_PIT,FULL_2023_08_08_2026_08_17
2024-03-21,-0.013146165452179191,-0.0021454004652012183,0.9847084340826197,4.156381578875557,KOSPI40_PIT,FULL_2023_08_08_2026_08_17
2024-03-22,-0.013146165452179191,-0.004816640574378821,0.982037193973442,4.416378659101383,KOSPI40_PIT,FULL_2023_08_08_2026_08_17
2024-03-25,-0.013146165452179191,-0.010906582563854633,0.9759472519839661,5.009124751288441,KOSPI40_PIT,FULL_2023_08_08_2026_08_17
2024-03-26,-0.013146165452179191,-0.005727927069306665,0.9811259074785141,4.505075975047057,KOSPI40_PIT,FULL_2023_08_08_2026_08_17
2024-03-27,-0.013146165452179191,-0.012271119160389896,0.9745827153874309,5.141937795590046,KOSPI40_PIT,FULL_2023_08_08_2026_08_17
2024-03-28,-0.025603945284442743,-0.005502798053239623,0.9688932566623176,5.695704059997553,KOSPI40_PIT,FULL_2023_08_08_2026_08_17
2024-03-29,-0.025603945284442743,-0.013125296376987377,0.9612707583385699,6.437616889694753,KOSPI40_PIT,FULL_2023_08_08_2026_08_17
2024-04-01,-0.03780549316111355,0.0,0.9621945068388864,6.3477066221302225,KOSPI40_PIT,FULL_2023_08_08_2026_08_17
2024-04-02,-0.03780549316111355,0.0,0.9621945068388864,6.3477066221302225,KOSPI40_PIT,FULL_2023_08_08_2026_08_17
2024-04-03,-0.03780549316111355,0.0,0.9621945068388864,6.3477066221302225,KOSPI40_PIT,FULL_2023_08_08_2026_08_17
2024-04-04,-0.03780549316111355,0.0,0.9621945068388864,6.3477066221302225,KOSPI40_PIT,FULL_2023_08_08_2026_08_17
2024-04-05,-0.03780549316111355,0.0,0.9621945068388864,6.3477066221302225,KOSPI40_PIT,FULL_2023_08_08_2026_08_17
2024-04-08,-0.03780549316111355,0.0,0.9621945068388864,6.3477066221302225,KOSPI40_PIT,FULL_2023_08_08_2026_08_17
2024-04-09,-0.03780549316111355,0.0,0.9621945068388864,6.3477066221302225,KOSPI40_PIT,FULL_2023_08_08_2026_08_17
2024-04-11,-0.03780549316111355,0.0,0.9621945068388864,6.3477066221302225,KOSPI40_PIT,FULL_2023_08_08_2026_08_17
2024-04-12,-0.03780549316111355,0.0,0.9621945068388864,6.3477066221302225,KOSPI40_PIT,FULL_2023_08_08_2026_08_17
2024-04-15,-0.03780549316111355,0.0,0.9621945068388864,6.3477066221302225,KOSPI40_PIT,FULL_2023_08_08_2026_08_17
2024-04-16,-0.03780549316111355,0.0,0.9621945068388864,6.3477066221302225,KOSPI40_PIT,FULL_2023_08_08_2026_08_17
2024-04-17,-0.03780549316111355,0.0,0.9621945068388864,6.3477066221302225,KOSPI40_PIT,FULL_2023_08_08_2026_08_17
2024-04-18,-0.03780549316111355,0.0,0.9621945068388864,6.3477066221302225,KOSPI40_PIT,FULL_2023_08_08_2026_08_17
2024-04-19,-0.03780549316111355,0.0,0.9621945068388864,6.3477066221302225,KOSPI40_PIT,FULL_2023_08_08_2026_08_17
2024-04-22,-0.03780549316111355,0.0,0.9621945068388864,6.3477066221302225,KOSPI40_PIT,FULL_2023_08_08_2026_08_17
2024-04-23,-0.03780549316111355,0.0,0.9621945068388864,6.3477066221302225,KOSPI40_PIT,FULL_2023_08_08_2026_08_17
2024-04-24,-0.03780549316111355,0.0,0.9621945068388864,6.3477066221302225,KOSPI40_PIT,FULL_2023_08_08_2026_08_17
2024-04-25,-0.03780549316111355,0.0,0.9621945068388864,6.3477066221302225,KOSPI40_PIT,FULL_2023_08_08_2026_08_17
2024-04-26,-0.03780549316111355,0.0,0.9621945068388864,6.3477066221302225,KOSPI40_PIT,FULL_2023_08_08_2026_08_17
2024-04-29,-0.03780549316111355,0.0,0.9621945068388864,6.3477066221302225,KOSPI40_PIT,FULL_2023_08_08_2026_08_17
2024-04-30,-0.03780549316111355,0.0,0.9621945068388864,6.3477066221302225,KOSPI40_PIT,FULL_2023_08_08_2026_08_17
2024-05-02,-0.03780549316111355,0.0,0.9621945068388864,6.3477066221302225,KOSPI40_PIT,FULL_2023_08_08_2026_08_17
2024-05-03,-0.03780549316111355,0.0,0.9621945068388864,6.3477066221302225,KOSPI40_PIT,FULL_2023_08_08_2026_08_17
2024-05-07,-0.03780549316111355,0.0,0.9621945068388864,6.3477066221302225,KOSPI40_PIT,FULL_2023_08_08_2026_08_17
2024-05-08,-0.03780549316111355,0.0,0.9621945068388864,6.3477066221302225,KOSPI40_PIT,FULL_2023_08_08_2026_08_17
2024-05-09,-0.03780549316111355,0.0,0.9621945068388864,6.3477066221302225,KOSPI40_PIT,FULL_2023_08_08_2026_08_17
2024-05-10,-0.03780549316111355,0.0,0.9621945068388864,6.3477066221302225,KOSPI40_PIT,FULL_2023_08_08_2026_08_17
2024-05-13,-0.03780549316111355,0.0,0.9621945068388864,6.3477066221302225,KOSPI40_PIT,FULL_2023_08_08_2026_08_17
2024-05-14,-0.03780549316111355,-0.00258733898109911,0.9596071678577873,6.599537439707803,KOSPI40_PIT,FULL_2023_08_08_2026_08_17
2024-05-16,-0.03780549316111355,-0.0024911818544787762,0.9597033249844076,6.5901782764943295,KOSPI40_PIT,FULL_2023_08_08_2026_08_17
2024-05-17,-0.04934376502688052,-0.003789437151769757,0.9468667978213497,7.839582840003212,KOSPI40_PIT,FULL_2023_08_08_2026_08_17
2024-05-20,-0.04934376502688052,-0.006150446456991731,0.9445057885161278,8.069384542828306,KOSPI40_PIT,FULL_2023_08_08_2026_08_17
2024-05-21,-0.04934376502688052,-0.005716006971320122,0.9449402280017993,8.027099688905459,KOSPI40_PIT,FULL_2023_08_08_2026_08_17
2024-05-22,-0.04934376502688052,-0.005174822777147928,0.9454814121959715,7.974425161495635,KOSPI40_PIT,FULL_2023_08_08_2026_08_17
2024-05-23,-0.05842053271871944,0.0041432345658781065,0.9457227018471586,7.950939962773951,KOSPI40_PIT,FULL_2023_08_08_2026_08_17
2024-05-24,-0.05842053271871944,0.0023440504331785116,0.943923517714459,8.126058110964129,KOSPI40_PIT,FULL_2023_08_08_2026_08_17
2024-05-27,-0.05842053271871944,0.003531145249129915,0.9451106125304104,8.01051582592649,KOSPI40_PIT,FULL_2023_08_08_2026_08_17
2024-05-28,-0.05842053271871944,0.003987318645515768,0.9455667859267962,7.966115567511112,KOSPI40_PIT,FULL_2023_08_08_2026_08_17
2024-05-29,-0.05842053271871944,0.002999623855933302,0.9445790911372138,8.06224985381634,KOSPI40_PIT,FULL_2023_08_08_2026_08_17
2024-05-30,-0.05842053271871944,-0.0019295906002180863,0.9396498766810624,8.542020040705623,KOSPI40_PIT,FULL_2023_08_08_2026_08_17
2024-05-31,-0.05842053271871944,-0.006684914482844379,0.9348945527984361,9.004865114333827,KOSPI40_PIT,FULL_2023_08_08_2026_08_17
2024-06-03,-0.06399373705224994,0.0,0.93600626294775,8.896660167917393,KOSPI40_PIT,FULL_2023_08_08_2026_08_17
2024-06-04,-0.06399373705224994,0.0,0.93600626294775,8.896660167917393,KOSPI40_PIT,FULL_2023_08_08_2026_08_17
2024-06-05,-0.06399373705224994,0.0,0.93600626294775,8.896660167917393,KOSPI40_PIT,FULL_2023_08_08_2026_08_17
2024-06-07,-0.06399373705224994,0.0,0.93600626294775,8.896660167917393,KOSPI40_PIT,FULL_2023_08_08_2026_08_17
2024-06-10,-0.06399373705224994,0.0,0.93600626294775,8.896660167917393,KOSPI40_PIT,FULL_2023_08_08_2026_08_17
2024-06-11,-0.06399373705224994,0.0,0.93600626294775,8.896660167917393,KOSPI40_PIT,FULL_2023_08_08_2026_08_17
2024-06-12,-0.06399373705224994,0.0,0.93600626294775,8.896660167917393,KOSPI40_PIT,FULL_2023_08_08_2026_08_17
2024-06-13,-0.06399373705224994,0.0,0.93600626294775,8.896660167917393,KOSPI40_PIT,FULL_2023_08_08_2026_08_17
2024-06-14,-0.06399373705224994,0.0,0.93600626294775,8.896660167917393,KOSPI40_PIT,FULL_2023_08_08_2026_08_17
2024-06-17,-0.06399373705224994,-0.0016010633445158935,0.9344051996032341,9.052494828156476,KOSPI40_PIT,FULL_2023_08_08_2026_08_17
2024-06-18,-0.06399373705224994,0.0003513051979139399,0.936357568145664,8.8624669385585,KOSPI40_PIT,FULL_2023_08_08_2026_08_17
2024-06-19,-0.06399373705224994,0.010092957956160062,0.9460992209039101,7.914292618692665,KOSPI40_PIT,FULL_2023_08_08_2026_08_17
2024-06-20,-0.06399373705224994,0.013961353123994168,0.9499676160717442,7.53777407012004,KOSPI40_PIT,FULL_2023_08_08_2026_08_17
2024-06-21,-0.06399373705224994,0.01558462541780345,0.9515908883655535,7.379777768944463,KOSPI40_PIT,FULL_2023_08_08_2026_08_17
2024-06-24,-0.06399373705224994,0.017554155421050932,0.9535604183688009,7.188079520441026,KOSPI40_PIT,FULL_2023_08_08_2026_08_17
2024-06-25,-0.06399373705224994,0.01655172420976197,0.9525579871575119,7.285648131801315,KOSPI40_PIT,FULL_2023_08_08_2026_08_17
2024-06-26,-0.06399373705224994,0.017132185384476115,0.9531384483322262,7.229150698234177,KOSPI40_PIT,FULL_2023_08_08_2026_08_17
2024-06-27,-0.06399373705224994,0.0219797933166106,0.9579860562643606,6.757323435643947,KOSPI40_PIT,FULL_2023_08_08_2026_08_17
2024-06-28,-0.06399373705224994,0.019337433099542292,0.9553436960472923,7.0145095788821665,KOSPI40_PIT,FULL_2023_08_08_2026_08_17
2024-07-01,-0.06399373705224994,0.015967729793114775,0.9519739927408648,7.342489462790159,KOSPI40_PIT,FULL_2023_08_08_2026_08_17
2024-07-02,-0.07346119170465018,0.015734031076686396,0.9422728393720362,8.286721897026428,KOSPI40_PIT,FULL_2023_08_08_2026_08_17
2024-07-03,-0.07746970575796772,0.020390107667770007,0.9429204019098023,8.223693355150175,KOSPI40_PIT,FULL_2023_08_08_2026_08_17
2024-07-04,-0.07746970575796772,0.024194964805457266,0.9467252590474895,7.853359088651157,KOSPI40_PIT,FULL_2023_08_08_2026_08_17
2024-07-05,-0.07746970575796772,0.024733254174461095,0.9472635484164933,7.800966320297342,KOSPI40_PIT,FULL_2023_08_08_2026_08_17
2024-07-08,-0.07746970575796772,0.02501618690748746,0.9475464811495197,7.773427918101882,KOSPI40_PIT,FULL_2023_08_08_2026_08_17
2024-07-09,-0.07746970575796772,0.02314777579688851,0.9456780700389208,7.955284064896095,KOSPI40_PIT,FULL_2023_08_08_2026_08_17
2024-07-10,-0.07746970575796772,0.023769292831427487,0.9462995870734597,7.894790583334643,KOSPI40_PIT,FULL_2023_08_08_2026_08_17
2024-07-11,-0.07746970575796772,0.027698245154937934,0.9502285393969702,7.512377887093102,KOSPI40_PIT,FULL_2023_08_08_2026_08_17
2024-07-12,-0.07746970575796772,0.024645707537931928,0.9471760017799642,7.809487407489368,KOSPI40_PIT,FULL_2023_08_08_2026_08_17
2024-07-15,-0.07746970575796772,0.02793328915213046,0.9504635833941627,7.489500590220866,KOSPI40_PIT,FULL_2023_08_08_2026_08_17
2024-07-16,-0.07746970575796772,0.03303235394273451,0.9555626481847668,6.9931985345260355,KOSPI40_PIT,FULL_2023_08_08_2026_08_17
2024-07-17,-0.07746970575796772,0.03224956775093688,0.9547798619929692,7.069388661953823,KOSPI40_PIT,FULL_2023_08_08_2026_08_17
2024-07-18,-0.07746970575796772,0.031615296559841556,0.9541455908018738,7.13112353078481,KOSPI40_PIT,FULL_2023_08_08_2026_08_17
2024-07-19,-0.07746970575796772,0.026947408406427793,0.9494777026484601,7.585458312049342,KOSPI40_PIT,FULL_2023_08_08_2026_08_17
2024-07-22,-0.08226199369326971,0.04154280302747768,0.959280809334208,6.6313025599401225,KOSPI40_PIT,FULL_2023_08_08_2026_08_17
2024-07-23,-0.08226199369326971,0.04580073479568014,0.9635387411024104,6.216869644033429,KOSPI40_PIT,FULL_2023_08_08_2026_08_17
2024-07-24,-0.08226199369326971,0.04054123760281683,0.9582792439095471,6.728786902576445,KOSPI40_PIT,FULL_2023_08_08_2026_08_17
2024-07-25,-0.08226199369326971,0.03655612037156363,0.9542941266782939,7.116666240313119,KOSPI40_PIT,FULL_2023_08_08_2026_08_17
2024-07-26,-0.08132900496288323,0.04618451955334293,0.9648555145904597,6.088705477496936,KOSPI40_PIT,FULL_2023_08_08_2026_08_17
2024-07-29,-0.08132900496288323,0.04877085264833013,0.9674418476854469,5.836972564803022,KOSPI40_PIT,FULL_2023_08_08_2026_08_17
2024-07-30,-0.08132900496288323,0.047539265460240974,0.9662102604973578,5.956845380371556,KOSPI40_PIT,FULL_2023_08_08_2026_08_17
2024-07-31,-0.08132900496288323,0.051234027024508424,0.9699050220616252,5.597226933665967,KOSPI40_PIT,FULL_2023_08_08_2026_08_17
2024-08-01,-0.08132900496288323,0.054928788588775854,0.9735997836258926,5.237608486960377,KOSPI40_PIT,FULL_2023_08_08_2026_08_17
2024-08-02,-0.08132900496288323,0.04877085264833013,0.9674418476854469,5.836972564803022,KOSPI40_PIT,FULL_2023_08_08_2026_08_17
2024-08-05,-0.08132900496288323,0.030173886108184028,0.9488448811453009,7.647052079887828,KOSPI40_PIT,FULL_2023_08_08_2026_08_17
2024-08-06,-0.04477397697034513,0.0,0.9552260230296549,7.025962926300089,KOSPI40_PIT,FULL_2023_08_08_2026_08_17
2024-08-07,-0.04477397697034513,0.0,0.9552260230296549,7.025962926300089,KOSPI40_PIT,FULL_2023_08_08_2026_08_17
2024-08-08,-0.04477397697034513,0.0,0.9552260230296549,7.025962926300089,KOSPI40_PIT,FULL_2023_08_08_2026_08_17
2024-08-09,-0.04477397697034513,0.0,0.9552260230296549,7.025962926300089,KOSPI40_PIT,FULL_2023_08_08_2026_08_17
2024-08-12,-0.04477397697034513,0.0,0.9552260230296549,7.025962926300089,KOSPI40_PIT,FULL_2023_08_08_2026_08_17
2024-08-13,-0.04477397697034513,0.0,0.9552260230296549,7.025962926300089,KOSPI40_PIT,FULL_2023_08_08_2026_08_17
2024-08-14,-0.04477397697034513,0.0,0.9552260230296549,7.025962926300089,KOSPI40_PIT,FULL_2023_08_08_2026_08_17
2024-08-16,-0.04477397697034513,0.0,0.9552260230296549,7.025962926300089,KOSPI40_PIT,FULL_2023_08_08_2026_08_17
2024-08-19,-0.04477397697034513,0.0,0.9552260230296549,7.025962926300089,KOSPI40_PIT,FULL_2023_08_08_2026_08_17
2024-08-20,-0.04477397697034513,0.0,0.9552260230296549,7.025962926300089,KOSPI40_PIT,FULL_2023_08_08_2026_08_17
2024-08-21,-0.04477397697034513,0.0,0.9552260230296549,7.025962926300089,KOSPI40_PIT,FULL_2023_08_08_2026_08_17
2024-08-22,-0.04477397697034513,-0.0032441638517988294,0.951981859177856,7.341723806927747,KOSPI40_PIT,FULL_2023_08_08_2026_08_17
2024-08-23,-0.04477397697034513,0.0,0.9552260230296549,7.025962926300089,KOSPI40_PIT,FULL_2023_08_08_2026_08_17
2024-08-26,-0.04477397697034513,-0.0016220819258994082,0.9536039411037555,7.183843366613917,KOSPI40_PIT,FULL_2023_08_08_2026_08_17
2024-08-27,-0.04477397697034513,0.00018023132509993424,0.9554062543547548,7.008420655154102,KOSPI40_PIT,FULL_2023_08_08_2026_08_17
2024-08-28,-0.04477397697034513,-0.004248309805927039,0.9509777132237278,7.439459317598218,KOSPI40_PIT,FULL_2023_08_08_2026_08_17
2024-08-29,-0.04477397697034513,-0.001167212391123396,0.9540588106385315,7.13957001562644,KOSPI40_PIT,FULL_2023_08_08_2026_08_17
2024-08-30,-0.04477397697034513,0.0027721294289180546,0.9579981524585729,6.756146089149995,KOSPI40_PIT,FULL_2023_08_08_2026_08_17
2024-09-02,-0.04477397697034513,0.004364172800634152,0.959590195830289,6.601189360693827,KOSPI40_PIT,FULL_2023_08_08_2026_08_17
2024-09-03,-0.04477397697034513,0.003746236828862928,0.9589722598585178,6.661334290337195,KOSPI40_PIT,FULL_2023_08_08_2026_08_17
2024-09-04,-0.04477397697034513,-0.003758666246487838,0.9514673567831671,7.391801342050375,KOSPI40_PIT,FULL_2023_08_08_2026_08_17
2024-09-05,-0.04477397697034513,-0.005140641917804221,0.9500853811118507,7.5263117659732925,KOSPI40_PIT,FULL_2023_08_08_2026_08_17
2024-09-06,-0.048674485482815215,-0.006306309969490013,0.9450192045476948,8.019412745575805,KOSPI40_PIT,FULL_2023_08_08_2026_08_17
2024-09-09,-0.06479142945376204,-0.00537573086553484,0.9298328396807031,9.497531657872859,KOSPI40_PIT,FULL_2023_08_08_2026_08_17
2024-09-10,-0.0680962237049234,-0.0008683872936633163,0.9310353890014132,9.380485155337205,KOSPI40_PIT,FULL_2023_08_08_2026_08_17
2024-09-11,-0.0680962237049234,0.003473549174653265,0.9353773254697298,8.957875895911293,KOSPI40_PIT,FULL_2023_08_08_2026_08_17
2024-09-12,-0.0680962237049234,0.006078711055643269,0.9379824873507199,8.70431034025575,KOSPI40_PIT,FULL_2023_08_08_2026_08_17
2024-09-13,-0.0680962237049234,0.006078711055643269,0.9379824873507199,8.70431034025575,KOSPI40_PIT,FULL_2023_08_08_2026_08_17
2024-09-19,-0.0680962237049234,0.006512904702474899,0.9384166809975515,8.662049414313156,KOSPI40_PIT,FULL_2023_08_08_2026_08_17
2024-09-20,-0.0680962237049234,0.002605161880989949,0.9345089381760665,9.042397747796482,KOSPI40_PIT,FULL_2023_08_08_2026_08_17
2024-09-23,-0.0680962237049234,0.004341936468316637,0.9362457127633932,8.873354044026115,KOSPI40_PIT,FULL_2023_08_08_2026_08_17
2024-09-24,-0.0680962237049234,0.004341936468316637,0.9362457127633932,8.873354044026115,KOSPI40_PIT,FULL_2023_08_08_2026_08_17
2024-09-25,-0.0680962237049234,0.0008683872936633163,0.9327721635887399,9.211441451566838,KOSPI40_PIT,FULL_2023_08_08_2026_08_17
2024-09-26,-0.0680962237049234,0.004776130115148267,0.9366799064102248,8.831093118083523,KOSPI40_PIT,FULL_2023_08_08_2026_08_17
2024-09-27,-0.0680962237049234,-0.0013025809404949744,0.9306011953545816,9.422746081279787,KOSPI40_PIT,FULL_2023_08_08_2026_08_17
2024-09-30,-0.06877691609378439,0.0,0.9312230839062157,9.36221643922508,KOSPI40_PIT,FULL_2023_08_08_2026_08_17
2024-10-02,-0.06877691609378439,0.0,0.9312230839062157,9.36221643922508,KOSPI40_PIT,FULL_2023_08_08_2026_08_17
2024-10-04,-0.06877691609378439,0.0,0.9312230839062157,9.36221643922508,KOSPI40_PIT,FULL_2023_08_08_2026_08_17
2024-10-07,-0.06877691609378439,0.0,0.9312230839062157,9.36221643922508,KOSPI40_PIT,FULL_2023_08_08_2026_08_17
2024-10-08,-0.06877691609378439,0.0,0.9312230839062157,9.36221643922508,KOSPI40_PIT,FULL_2023_08_08_2026_08_17
2024-10-10,-0.06877691609378439,0.0,0.9312230839062157,9.36221643922508,KOSPI40_PIT,FULL_2023_08_08_2026_08_17
2024-10-11,-0.06877691609378439,0.0,0.9312230839062157,9.36221643922508,KOSPI40_PIT,FULL_2023_08_08_2026_08_17
2024-10-14,-0.06877691609378439,0.0,0.9312230839062157,9.36221643922508,KOSPI40_PIT,FULL_2023_08_08_2026_08_17
2024-10-15,-0.06877691609378439,0.0,0.9312230839062157,9.36221643922508,KOSPI40_PIT,FULL_2023_08_08_2026_08_17
2024-10-16,-0.06877691609378439,0.0,0.9312230839062157,9.36221643922508,KOSPI40_PIT,FULL_2023_08_08_2026_08_17
2024-10-17,-0.06877691609378439,0.0,0.9312230839062157,9.36221643922508,KOSPI40_PIT,FULL_2023_08_08_2026_08_17
2024-10-18,-0.06877691609378439,0.0,0.9312230839062157,9.36221643922508,KOSPI40_PIT,FULL_2023_08_08_2026_08_17
2024-10-21,-0.06877691609378439,0.0,0.9312230839062157,9.36221643922508,KOSPI40_PIT,FULL_2023_08_08_2026_08_17
2024-10-22,-0.06877691609378439,0.0,0.9312230839062157,9.36221643922508,KOSPI40_PIT,FULL_2023_08_08_2026_08_17
2024-10-23,-0.06877691609378439,0.0,0.9312230839062157,9.36221643922508,KOSPI40_PIT,FULL_2023_08_08_2026_08_17
2024-10-24,-0.06877691609378439,0.0,0.9312230839062157,9.36221643922508,KOSPI40_PIT,FULL_2023_08_08_2026_08_17
2024-10-25,-0.06877691609378439,0.0,0.9312230839062157,9.36221643922508,KOSPI40_PIT,FULL_2023_08_08_2026_08_17
2024-10-28,-0.06877691609378439,-0.0040269106331079565,0.9271961732731077,9.754163611379784,KOSPI40_PIT,FULL_2023_08_08_2026_08_17
2024-10-29,-0.06877691609378439,-0.004907797334100321,0.9263152865721154,9.839902055288618,KOSPI40_PIT,FULL_2023_08_08_2026_08_17
2024-10-30,-0.06877691609378439,-0.0069212526506543,0.9243018312555613,10.035875641365976,KOSPI40_PIT,FULL_2023_08_08_2026_08_17
2024-10-31,-0.078204862755637,0.0,0.921795137244363,10.279857124607394,KOSPI40_PIT,FULL_2023_08_08_2026_08_17
2024-11-01,-0.078204862755637,0.0,0.921795137244363,10.279857124607394,KOSPI40_PIT,FULL_2023_08_08_2026_08_17
2024-11-04,-0.078204862755637,0.0,0.921795137244363,10.279857124607394,KOSPI40_PIT,FULL_2023_08_08_2026_08_17
2024-11-05,-0.078204862755637,0.0,0.921795137244363,10.279857124607394,KOSPI40_PIT,FULL_2023_08_08_2026_08_17
2024-11-06,-0.078204862755637,0.0,0.921795137244363,10.279857124607394,KOSPI40_PIT,FULL_2023_08_08_2026_08_17
2024-11-07,-0.078204862755637,0.0,0.921795137244363,10.279857124607394,KOSPI40_PIT,FULL_2023_08_08_2026_08_17
2024-11-08,-0.078204862755637,0.0,0.921795137244363,10.279857124607394,KOSPI40_PIT,FULL_2023_08_08_2026_08_17
2024-11-11,-0.078204862755637,0.0020310740312163844,0.9238262112755794,10.082168674203984,KOSPI40_PIT,FULL_2023_08_08_2026_08_17
2024-11-12,-0.078204862755637,0.0027341381189451438,0.9245292753633082,10.01373805675665,KOSPI40_PIT,FULL_2023_08_08_2026_08_17
2024-11-13,-0.078204862755637,0.002812256350914997,0.924607393595278,10.006134654818055,KOSPI40_PIT,FULL_2023_08_08_2026_08_17
2024-11-14,-0.078204862755637,0.001093655247578066,0.9228887924919411,10.17340949746709,KOSPI40_PIT,FULL_2023_08_08_2026_08_17
2024-11-15,-0.078204862755637,-0.0010155370156081922,0.9207796002287548,10.378701349809095,KOSPI40_PIT,FULL_2023_08_08_2026_08_17
2024-11-18,-0.078204862755637,-0.002109192263186258,0.9196859449811767,10.485148976949388,KOSPI40_PIT,FULL_2023_08_08_2026_08_17
2024-11-19,-0.078204862755637,-0.0027341381189451438,0.9190609991254178,10.54597619245814,KOSPI40_PIT,FULL_2023_08_08_2026_08_17
2024-11-20,-0.078204862755637,-0.003046611046824587,0.9187485261975384,10.576389800212505,KOSPI40_PIT,FULL_2023_08_08_2026_08_17
2024-11-21,-0.078204862755637,-0.0027341381189451438,0.9190609991254178,10.54597619245814,KOSPI40_PIT,FULL_2023_08_08_2026_08_17
2024-11-22,-0.078204862755637,-0.00015623646393972664,0.9216389007804233,10.295063928484572,KOSPI40_PIT,FULL_2023_08_08_2026_08_17
2024-11-25,-0.078204862755637,-0.0011717734795479188,0.9206233637648151,10.39390815368627,KOSPI40_PIT,FULL_2023_08_08_2026_08_17
2024-11-26,-0.078204862755637,0.0003905911598493063,0.9221857284042123,10.241840114914424,KOSPI40_PIT,FULL_2023_08_08_2026_08_17
2024-11-27,-0.078204862755637,0.0008106936517761128,0.9226058308961391,10.200950708933554,KOSPI40_PIT,FULL_2023_08_08_2026_08_17
2024-11-28,-0.078204862755637,0.0020305780424419743,0.923825715286805,10.08221694977185,KOSPI40_PIT,FULL_2023_08_08_2026_08_17
2024-11-29,-0.078204862755637,0.0033672677894818425,0.9251624050338448,9.952114294378156,KOSPI40_PIT,FULL_2023_08_08_2026_08_17
2024-12-02,-0.078204862755637,0.002020410272566533,0.9238155475169295,10.083206598913064,KOSPI40_PIT,FULL_2023_08_08_2026_08_17
2024-12-03,-0.078204862755637,0.002704874781254837,0.9245000120256178,10.016586315260634,KOSPI40_PIT,FULL_2023_08_08_2026_08_17
2024-12-04,-0.078204862755637,-0.006737015522835711,0.9150581217215273,10.935584162905187,KOSPI40_PIT,FULL_2023_08_08_2026_08_17
2024-12-05,-0.08573062981816343,-0.0010415764262648305,0.9132277937555717,11.113733601950049,KOSPI40_PIT,FULL_2023_08_08_2026_08_17
2024-12-06,-0.08869916948053357,-0.0010155370156081922,0.9102852935038582,11.40013296806498,KOSPI40_PIT,FULL_2023_08_08_2026_08_17
2024-12-09,-0.08910455664733768,0.0,0.9108954433526624,11.340745877161297,KOSPI40_PIT,FULL_2023_08_08_2026_08_17
2024-12-10,-0.08910455664733768,0.0,0.9108954433526624,11.340745877161297,KOSPI40_PIT,FULL_2023_08_08_2026_08_17
2024-12-11,-0.08910455664733768,0.0,0.9108954433526624,11.340745877161297,KOSPI40_PIT,FULL_2023_08_08_2026_08_17
2024-12-12,-0.08910455664733768,0.0,0.9108954433526624,11.340745877161297,KOSPI40_PIT,FULL_2023_08_08_2026_08_17
2024-12-13,-0.08910455664733768,0.0,0.9108954433526624,11.340745877161297,KOSPI40_PIT,FULL_2023_08_08_2026_08_17
2024-12-16,-0.08910455664733768,0.0,0.9108954433526624,11.340745877161297,KOSPI40_PIT,FULL_2023_08_08_2026_08_17
2024-12-17,-0.08910455664733768,0.0,0.9108954433526624,11.340745877161297,KOSPI40_PIT,FULL_2023_08_08_2026_08_17
2024-12-18,-0.08910455664733768,0.0,0.9108954433526624,11.340745877161297,KOSPI40_PIT,FULL_2023_08_08_2026_08_17
2024-12-19,-0.08910455664733768,0.0,0.9108954433526624,11.340745877161297,KOSPI40_PIT,FULL_2023_08_08_2026_08_17
2024-12-20,-0.08910455664733768,0.0,0.9108954433526624,11.340745877161297,KOSPI40_PIT,FULL_2023_08_08_2026_08_17
2024-12-23,-0.08910455664733768,0.0,0.9108954433526624,11.340745877161297,KOSPI40_PIT,FULL_2023_08_08_2026_08_17
2024-12-24,-0.08910455664733768,0.0,0.9108954433526624,11.340745877161297,KOSPI40_PIT,FULL_2023_08_08_2026_08_17
2024-12-26,-0.08910455664733768,0.0,0.9108954433526624,11.340745877161297,KOSPI40_PIT,FULL_2023_08_08_2026_08_17
2024-12-27,-0.08910455664733768,0.0,0.9108954433526624,11.340745877161297,KOSPI40_PIT,FULL_2023_08_08_2026_08_17
2024-12-30,-0.08910455664733768,0.0,0.9108954433526624,11.340745877161297,KOSPI40_PIT,FULL_2023_08_08_2026_08_17
2025-01-02,-0.08910455664733768,0.0,0.9108954433526624,11.340745877161297,KOSPI40_PIT,FULL_2023_08_08_2026_08_17
2025-01-03,-0.08910455664733768,0.0,0.9108954433526624,11.340745877161297,KOSPI40_PIT,FULL_2023_08_08_2026_08_17
2025-01-06,-0.08910455664733768,0.0,0.9108954433526624,11.340745877161297,KOSPI40_PIT,FULL_2023_08_08_2026_08_17
2025-01-07,-0.08910455664733768,0.0,0.9108954433526624,11.340745877161297,KOSPI40_PIT,FULL_2023_08_08_2026_08_17
2025-01-08,-0.08910455664733768,0.0,0.9108954433526624,11.340745877161297,KOSPI40_PIT,FULL_2023_08_08_2026_08_17
2025-01-09,-0.08910455664733768,0.0,0.9108954433526624,11.340745877161297,KOSPI40_PIT,FULL_2023_08_08_2026_08_17
2025-01-10,-0.08910455664733768,0.0,0.9108954433526624,11.340745877161297,KOSPI40_PIT,FULL_2023_08_08_2026_08_17
2025-01-13,-0.08910455664733768,0.0,0.9108954433526624,11.340745877161297,KOSPI40_PIT,FULL_2023_08_08_2026_08_17
2025-01-14,-0.08910455664733768,0.0,0.9108954433526624,11.340745877161297,KOSPI40_PIT,FULL_2023_08_08_2026_08_17
2025-01-15,-0.08910455664733768,0.0,0.9108954433526624,11.340745877161297,KOSPI40_PIT,FULL_2023_08_08_2026_08_17
2025-01-16,-0.08910455664733768,-0.0011041156889123203,0.90979132766375,11.44821163973443,KOSPI40_PIT,FULL_2023_08_08_2026_08_17
2025-01-17,-0.08910455664733768,-0.0011041156889123203,0.90979132766375,11.44821163973443,KOSPI40_PIT,FULL_2023_08_08_2026_08_17
2025-01-20,-0.08910455664733768,-0.0008280867666842364,0.9100673565859781,11.42134519909115,KOSPI40_PIT,FULL_2023_08_08_2026_08_17
2025-01-21,-0.08910455664733768,0.0016561735333684728,0.9125516168860308,11.17954723330159,KOSPI40_PIT,FULL_2023_08_08_2026_08_17
2025-01-22,-0.08910455664733768,-0.0077394263193949955,0.9031560170332674,12.094039539813384,KOSPI40_PIT,FULL_2023_08_08_2026_08_17
2025-01-23,-0.10755492488467695,0.0,0.892445075115323,13.136556689644308,KOSPI40_PIT,FULL_2023_08_08_2026_08_17
2025-01-24,-0.10755492488467695,0.0,0.892445075115323,13.136556689644308,KOSPI40_PIT,FULL_2023_08_08_2026_08_17
2025-01-31,-0.10755492488467695,0.0,0.892445075115323,13.136556689644308,KOSPI40_PIT,FULL_2023_08_08_2026_08_17
2025-02-03,-0.10755492488467695,-0.00030773968107425484,0.8921373354342488,13.166509601130638,KOSPI40_PIT,FULL_2023_08_08_2026_08_17
2025-02-04,-0.10755492488467695,0.0006154793621485097,0.8930605544774716,13.076650866671645,KOSPI40_PIT,FULL_2023_08_08_2026_08_17
2025-02-05,-0.10755492488467695,0.007078012664707728,0.8995230877800308,12.447639725458725,KOSPI40_PIT,FULL_2023_08_08_2026_08_17
2025-02-06,-0.10755492488467695,0.008924450751153227,0.9013695258664762,12.267922256540754,KOSPI40_PIT,FULL_2023_08_08_2026_08_17
2025-02-07,-0.10755492488467695,0.004923834897187988,0.897368910012511,12.65731010586304,KOSPI40_PIT,FULL_2023_08_08_2026_08_17
2025-02-10,-0.10755492488467695,0.006154793621484978,0.898599868736808,12.537498459917717,KOSPI40_PIT,FULL_2023_08_08_2026_08_17
2025-02-11,-0.10755492488467695,0.006770272983633488,0.8992153480989565,12.477592636945056,KOSPI40_PIT,FULL_2023_08_08_2026_08_17
2025-02-12,-0.10755492488467695,0.004616095216113748,0.8970611703314367,12.68726301734937,KOSPI40_PIT,FULL_2023_08_08_2026_08_17
2025-02-13,-0.10755492488467695,0.0015386984053712594,0.8939837735206942,12.986792132212665,KOSPI40_PIT,FULL_2023_08_08_2026_08_17
2025-02-14,-0.10755492488467695,0.0021541777675197393,0.8945992528828427,12.926886309240004,KOSPI40_PIT,FULL_2023_08_08_2026_08_17
2025-02-17,-0.10755492488467695,0.0021541777675197393,0.8945992528828427,12.926886309240004,KOSPI40_PIT,FULL_2023_08_08_2026_08_17
2025-02-18,-0.10755492488467695,0.003077396810742489,0.8955224719260655,12.837027574781013,KOSPI40_PIT,FULL_2023_08_08_2026_08_17
2025-02-19,-0.10755492488467695,0.002769657129668249,0.8952147322449913,12.866980486267343,KOSPI40_PIT,FULL_2023_08_08_2026_08_17
2025-02-20,-0.10755492488467695,0.002461917448594009,0.894906992563917,12.896933397753674,KOSPI40_PIT,FULL_2023_08_08_2026_08_17
2025-02-21,-0.10755492488467695,0.005539314259336498,0.8979843893746595,12.597404282890379,KOSPI40_PIT,FULL_2023_08_08_2026_08_17
2025-02-24,-0.10755492488467695,0.006462533302559248,0.8989076084178822,12.507545548431398,KOSPI40_PIT,FULL_2023_08_08_2026_08_17
2025-02-25,-0.10755492488467695,0.01315229299753957,0.9055973681128626,11.856418013272163,KOSPI40_PIT,FULL_2023_08_08_2026_08_17
2025-02-26,-0.10755492488467695,0.012923277420926176,0.9053683525362491,11.878708552052696,KOSPI40_PIT,FULL_2023_08_08_2026_08_17
2025-02-27,-0.10755492488467695,0.005229785394069938,0.8976748605093929,12.627531339210929,KOSPI40_PIT,FULL_2023_08_08_2026_08_17
2025-02-28,-0.1095333173171303,-0.00041509073261178315,0.8900515919502578,13.369519137440955,KOSPI40_PIT,FULL_2023_08_08_2026_08_17
2025-03-04,-0.1095333173171303,0.005084861474494287,0.8955515441573639,12.834197917039925,KOSPI40_PIT,FULL_2023_08_08_2026_08_17
2025-03-05,-0.1095333173171303,0.007675268602281269,0.898141951285151,12.58206847068022,KOSPI40_PIT,FULL_2023_08_08_2026_08_17
2025-03-06,-0.1095333173171303,0.006895856349766555,0.8973625390326362,12.657930205928148,KOSPI40_PIT,FULL_2023_08_08_2026_08_17
2025-03-07,-0.1095333173171303,0.008388566157849303,0.898855248840719,12.512641809578984,KOSPI40_PIT,FULL_2023_08_08_2026_08_17
2025-03-10,-0.1095333173171303,0.010592897828198666,0.9010595805110684,12.298089850670058,KOSPI40_PIT,FULL_2023_08_08_2026_08_17
2025-03-11,-0.1095333173171303,0.004753170860893412,0.8952198535437631,12.866482020134306,KOSPI40_PIT,FULL_2023_08_08_2026_08_17
2025-03-12,-0.1095333173171303,-0.0013532491519336757,0.889113433530936,13.460831950907226,KOSPI40_PIT,FULL_2023_08_08_2026_08_17
2025-03-13,-0.11685988476865461,0.0048254297666119285,0.8879655449979573,13.572558210921738,KOSPI40_PIT,FULL_2023_08_08_2026_08_17
2025-03-14,-0.11685988476865461,0.005344293182376646,0.888484408413722,13.522056208997114,KOSPI40_PIT,FULL_2023_08_08_2026_08_17
2025-03-17,-0.11685988476865461,0.006122588306023723,0.8892627035373691,13.446303206110166,KOSPI40_PIT,FULL_2023_08_08_2026_08_17
2025-03-18,-0.11685988476865461,0.005863156598141364,0.8890032718294868,13.471554207072478,KOSPI40_PIT,FULL_2023_08_08_2026_08_17
2025-03-19,-0.11685988476865461,0.0017122492720235774,0.884852364503369,13.87557022246948,KOSPI40_PIT,FULL_2023_08_08_2026_08_17
2025-03-20,-0.11447383910189605,0.0,0.885526160898104,13.809988287436425,KOSPI40_PIT,FULL_2023_08_08_2026_08_17
2025-03-21,-0.11447383910189605,0.0,0.885526160898104,13.809988287436425,KOSPI40_PIT,FULL_2023_08_08_2026_08_17
2025-03-24,-0.11447383910189605,0.0,0.885526160898104,13.809988287436425,KOSPI40_PIT,FULL_2023_08_08_2026_08_17
2025-03-25,-0.11447383910189605,0.0,0.885526160898104,13.809988287436425,KOSPI40_PIT,FULL_2023_08_08_2026_08_17
2025-03-26,-0.11447383910189605,0.0,0.885526160898104,13.809988287436425,KOSPI40_PIT,FULL_2023_08_08_2026_08_17
2025-03-27,-0.11447383910189605,0.0,0.885526160898104,13.809988287436425,KOSPI40_PIT,FULL_2023_08_08_2026_08_17
2025-03-28,-0.11447383910189605,0.0,0.885526160898104,13.809988287436425,KOSPI40_PIT,FULL_2023_08_08_2026_08_17
2025-03-31,-0.11447383910189605,0.0,0.885526160898104,13.809988287436425,KOSPI40_PIT,FULL_2023_08_08_2026_08_17
2025-04-01,-0.11447383910189605,0.0,0.885526160898104,13.809988287436425,KOSPI40_PIT,FULL_2023_08_08_2026_08_17
2025-04-02,-0.11447383910189605,0.0,0.885526160898104,13.809988287436425,KOSPI40_PIT,FULL_2023_08_08_2026_08_17
2025-04-03,-0.11447383910189605,0.0,0.885526160898104,13.809988287436425,KOSPI40_PIT,FULL_2023_08_08_2026_08_17
2025-04-04,-0.11447383910189605,0.0,0.885526160898104,13.809988287436425,KOSPI40_PIT,FULL_2023_08_08_2026_08_17
2025-04-07,-0.11447383910189605,0.0,0.885526160898104,13.809988287436425,KOSPI40_PIT,FULL_2023_08_08_2026_08_17
2025-04-08,-0.11447383910189605,0.0,0.885526160898104,13.809988287436425,KOSPI40_PIT,FULL_2023_08_08_2026_08_17
2025-04-09,-0.11447383910189605,0.0,0.885526160898104,13.809988287436425,KOSPI40_PIT,FULL_2023_08_08_2026_08_17
2025-04-10,-0.11447383910189605,0.0,0.885526160898104,13.809988287436425,KOSPI40_PIT,FULL_2023_08_08_2026_08_17
2025-04-11,-0.11447383910189605,0.0,0.885526160898104,13.809988287436425,KOSPI40_PIT,FULL_2023_08_08_2026_08_17
2025-04-14,-0.11447383910189605,0.0,0.885526160898104,13.809988287436425,KOSPI40_PIT,FULL_2023_08_08_2026_08_17
2025-04-15,-0.11447383910189605,0.0,0.885526160898104,13.809988287436425,KOSPI40_PIT,FULL_2023_08_08_2026_08_17
2025-04-16,-0.11447383910189605,0.0,0.885526160898104,13.809988287436425,KOSPI40_PIT,FULL_2023_08_08_2026_08_17
2025-04-17,-0.11447383910189605,0.0,0.885526160898104,13.809988287436425,KOSPI40_PIT,FULL_2023_08_08_2026_08_17
2025-04-18,-0.11447383910189605,0.0,0.885526160898104,13.809988287436425,KOSPI40_PIT,FULL_2023_08_08_2026_08_17
2025-04-21,-0.11447383910189605,0.0,0.885526160898104,13.809988287436425,KOSPI40_PIT,FULL_2023_08_08_2026_08_17
2025-04-22,-0.11447383910189605,0.0,0.885526160898104,13.809988287436425,KOSPI40_PIT,FULL_2023_08_08_2026_08_17
2025-04-23,-0.11447383910189605,-0.0011772891156448789,0.8843488717824591,13.924576164279712,KOSPI40_PIT,FULL_2023_08_08_2026_08_17
2025-04-24,-0.11447383910189605,-0.0008701702159114302,0.8846559906821926,13.894683674668418,KOSPI40_PIT,FULL_2023_08_08_2026_08_17
2025-04-25,-0.11447383910189605,-0.0011772891156448789,0.8843488717824591,13.924576164279712,KOSPI40_PIT,FULL_2023_08_08_2026_08_17
2025-04-28,-0.11447383910189605,-0.0009213566992003394,0.8846048041989036,13.899665756270307,KOSPI40_PIT,FULL_2023_08_08_2026_08_17
2025-04-29,-0.11447383910189605,-0.00031659787812028217,0.8852095630199837,13.840803384751776,KOSPI40_PIT,FULL_2023_08_08_2026_08_17
2025-04-30,-0.11447383910189605,0.003461090974979603,0.8889872518730836,13.473113461096808,KOSPI40_PIT,FULL_2023_08_08_2026_08_17
2025-05-02,-0.11447383910189605,0.0037958761612242203,0.8893220370593282,13.440528157129783,KOSPI40_PIT,FULL_2023_08_08_2026_08_17
2025-05-07,-0.11447383910189605,0.004045566323609133,0.8895717272217131,13.416225320047436,KOSPI40_PIT,FULL_2023_08_08_2026_08_17
2025-05-08,-0.11447383910189605,0.004568279087122135,0.8900944399852261,13.365348653497232,KOSPI40_PIT,FULL_2023_08_08_2026_08_17
2025-05-09,-0.11447383910189605,0.008323634542364282,0.8938497954404683,12.999832483603512,KOSPI40_PIT,FULL_2023_08_08_2026_08_17
2025-05-12,-0.11447383910189605,0.006788393140896356,0.8923145540390004,13.149260564011577,KOSPI40_PIT,FULL_2023_08_08_2026_08_17
2025-05-13,-0.11447383910189605,0.0007397708597262977,0.8862659317578303,13.737984927310109,KOSPI40_PIT,FULL_2023_08_08_2026_08_17
2025-05-14,-0.11447383910189605,0.005259989494717116,0.890786150392821,13.298023112180813,KOSPI40_PIT,FULL_2023_08_08_2026_08_17
2025-05-15,-0.11447383910189605,0.006864429540177951,0.892390590438282,13.141859790963828,KOSPI40_PIT,FULL_2023_08_08_2026_08_17
2025-05-16,-0.11447383910189605,0.017294384156755455,0.9028205450548594,12.126691690619285,KOSPI40_PIT,FULL_2023_08_08_2026_08_17
2025-05-19,-0.11447383910189605,0.017875002058600223,0.9034011629567043,12.070179002490711,KOSPI40_PIT,FULL_2023_08_08_2026_08_17
2025-05-20,-0.11447383910189605,0.024237943900247243,0.9097641047983512,11.450861295036763,KOSPI40_PIT,FULL_2023_08_08_2026_08_17
2025-05-21,-0.11447383910189605,0.025597666568880417,0.9111238274669844,11.318516799853839,KOSPI40_PIT,FULL_2023_08_08_2026_08_17
2025-05-22,-0.11447383910189605,0.02895494836843572,0.9144811092665397,10.991745925764052,KOSPI40_PIT,FULL_2023_08_08_2026_08_17
2025-05-23,-0.11447383910189605,0.033565152143261084,0.919091313041365,10.543025679095663,KOSPI40_PIT,FULL_2023_08_08_2026_08_17
2025-05-26,-0.11447383910189605,0.041285493498158396,0.9268116543962623,9.791589593764527,KOSPI40_PIT,FULL_2023_08_08_2026_08_17
2025-05-27,-0.11447383910189605,0.03662202108751153,0.9221481819856155,10.245494582056692,KOSPI40_PIT,FULL_2023_08_08_2026_08_17
2025-05-28,-0.11447383910189605,0.03357246770071235,0.9190986285988163,10.542313641427835,KOSPI40_PIT,FULL_2023_08_08_2026_08_17
2025-05-29,-0.11447383910189605,0.030866247394858284,0.9163924082929623,10.80571541334361,KOSPI40_PIT,FULL_2023_08_08_2026_08_17
2025-05-30,-0.11447383910189605,0.0298149181387066,0.9153410790368106,10.908043368070075,KOSPI40_PIT,FULL_2023_08_08_2026_08_17
2025-06-02,-0.11081516566758219,0.02478455561009795,0.9139693899425158,11.041552579117386,KOSPI40_PIT,FULL_2023_08_08_2026_08_17
2025-06-04,-0.11081516566758219,0.039408333021288156,0.928593167353706,9.618191415993671,KOSPI40_PIT,FULL_2023_08_08_2026_08_17
2025-06-05,-0.11081516566758219,0.039032892270936946,0.9282177266033548,9.654733806381465,KOSPI40_PIT,FULL_2023_08_08_2026_08_17
2025-06-09,-0.11081516566758219,0.049400720426895785,0.9385855547593136,8.645612597258022,KOSPI40_PIT,FULL_2023_08_08_2026_08_17
2025-06-10,-0.11081516566758219,0.0457191672227768,0.9349040015551946,9.00394544816061,KOSPI40_PIT,FULL_2023_08_08_2026_08_17
2025-06-11,-0.09822384540920756,0.039269979741112536,0.941046134331905,8.40611952348338,KOSPI40_PIT,FULL_2023_08_08_2026_08_17
2025-06-12,-0.09822384540920756,0.038759136076964504,0.9405352906677569,8.455840947130033,KOSPI40_PIT,FULL_2023_08_08_2026_08_17
2025-06-13,-0.09822384540920756,0.04293161874821283,0.9447077733390052,8.0497249607422,KOSPI40_PIT,FULL_2023_08_08_2026_08_17
2025-06-16,-0.09822384540920756,0.05242481489125988,0.9542009694820522,7.125733414372704,KOSPI40_PIT,FULL_2023_08_08_2026_08_17
2025-06-17,-0.09822384540920756,0.05364827890274637,0.9554244334935388,7.006651243640471,KOSPI40_PIT,FULL_2023_08_08_2026_08_17
2025-06-18,-0.09822384540920756,0.054306426602393806,0.9560825811931862,6.9425924270340005,KOSPI40_PIT,FULL_2023_08_08_2026_08_17
2025-06-19,-0.09822384540920756,0.05496823926989483,0.9567443938606872,6.878176891861576,KOSPI40_PIT,FULL_2023_08_08_2026_08_17
2025-06-20,-0.09822384540920756,0.058983852140362905,0.9607600067311554,6.48732935327756,KOSPI40_PIT,FULL_2023_08_08_2026_08_17
2025-06-23,-0.09822384540920756,0.05873843907798179,0.9605145936687742,6.511215891761745,KOSPI40_PIT,FULL_2023_08_08_2026_08_17
2025-06-24,-0.09822384540920756,0.06947832184035307,0.9712544764311455,5.465881872333666,KOSPI40_PIT,FULL_2023_08_08_2026_08_17
2025-06-25,-0.09822384540920756,0.06912979385458683,0.9709059484453793,5.499804790144336,KOSPI40_PIT,FULL_2023_08_08_2026_08_17
2025-06-26,-0.09822384540920756,0.07118129980292014,0.9729574543937125,5.300127660858955,KOSPI40_PIT,FULL_2023_08_08_2026_08_17
2025-06-27,-0.09822384540920756,0.06817005885264957,0.969946213443442,5.59321769504828,KOSPI40_PIT,FULL_2023_08_08_2026_08_17
2025-06-30,-0.09822384540920756,0.07483038885604668,0.9766065434468391,4.944954609946284,KOSPI40_PIT,FULL_2023_08_08_2026_08_17
2025-07-01,-0.09822384540920756,0.07399825833171182,0.9757744129225042,5.02594751880181,KOSPI40_PIT,FULL_2023_08_08_2026_08_17
2025-07-02,-0.09822384540920756,0.06942519296678383,0.9712013475575763,5.471053010621163,KOSPI40_PIT,FULL_2023_08_08_2026_08_17
2025-07-03,-0.08524280055152286,0.05546455431002158,0.9702217537584987,5.566398811506845,KOSPI40_PIT,FULL_2023_08_08_2026_08_17
2025-07-04,-0.08524280055152286,0.04770948920112786,0.9624666886496049,6.321214628454975,KOSPI40_PIT,FULL_2023_08_08_2026_08_17
2025-07-07,-0.08524280055152286,0.0537506170998962,0.9685078165483734,5.733219708210202,KOSPI40_PIT,FULL_2023_08_08_2026_08_17
2025-07-08,-0.08524280055152286,0.06755605773155601,0.9823132571800332,4.389508881493276,KOSPI40_PIT,FULL_2023_08_08_2026_08_17
2025-07-09,-0.08524280055152286,0.06482631655790957,0.9795835160063867,4.6551999859663855,KOSPI40_PIT,FULL_2023_08_08_2026_08_17
2025-07-10,-0.08524280055152286,0.0668053844157735,0.9815625838642505,4.4625733992190835,KOSPI40_PIT,FULL_2023_08_08_2026_08_17
2025-07-11,-0.08524280055152286,0.06727466304450598,0.9820318624929831,4.4168975826335055,KOSPI40_PIT,FULL_2023_08_08_2026_08_17
2025-07-14,-0.08524280055152286,0.07339085555586161,0.9881480550043387,3.8215964752609244,KOSPI40_PIT,FULL_2023_08_08_2026_08_17
2025-07-15,-0.08524280055152286,0.07426394309601211,0.9890211425444893,3.7366171390938785,KOSPI40_PIT,FULL_2023_08_08_2026_08_17
2025-07-16,-0.08524280055152286,0.06522324222007221,0.9799804416685494,4.616566426641477,KOSPI40_PIT,FULL_2023_08_08_2026_08_17
2025-07-17,-0.08962193414619758,0.06039260581495855,0.970770671668761,5.512971546222268,KOSPI40_PIT,FULL_2023_08_08_2026_08_17
2025-07-18,-0.061254512441287524,0.03126474560789191,0.9700102331666044,5.586986528841276,KOSPI40_PIT,FULL_2023_08_08_2026_08_17
2025-07-21,-0.061254512441287524,0.030077885036022274,0.9688233725947347,5.702506014439401,KOSPI40_PIT,FULL_2023_08_08_2026_08_17
2025-07-22,-0.061254512441287524,0.029621160113993197,0.9683666476727056,5.746959953935871,KOSPI40_PIT,FULL_2023_08_08_2026_08_17
2025-07-23,-0.061254512441287524,0.028658188387728708,0.9674036759464412,5.840687895616814,KOSPI40_PIT,FULL_2023_08_08_2026_08_17
2025-07-24,-0.061254512441287524,0.02698984195272683,0.9657353295114393,6.0030713520554,KOSPI40_PIT,FULL_2023_08_08_2026_08_17
2025-07-25,-0.053643151443445766,0.019186400152792247,0.9655432487093465,6.021766956220665,KOSPI40_PIT,FULL_2023_08_08_2026_08_17
2025-07-28,-0.053643151443445766,0.016234646283131902,0.9625914948396861,6.309066995262547,KOSPI40_PIT,FULL_2023_08_08_2026_08_17
2025-07-29,-0.037650446005702505,0.0,0.9623495539942974,6.332615576003109,KOSPI40_PIT,FULL_2023_08_08_2026_08_17
2025-07-30,-0.037650446005702505,0.0,0.9623495539942974,6.332615576003109,KOSPI40_PIT,FULL_2023_08_08_2026_08_17
2025-07-31,-0.037650446005702505,0.0,0.9623495539942974,6.332615576003109,KOSPI40_PIT,FULL_2023_08_08_2026_08_17
2025-08-01,-0.037650446005702505,0.0,0.9623495539942974,6.332615576003109,KOSPI40_PIT,FULL_2023_08_08_2026_08_17
2025-08-04,-0.037650446005702505,0.0,0.9623495539942974,6.332615576003109,KOSPI40_PIT,FULL_2023_08_08_2026_08_17
2025-08-05,-0.037650446005702505,0.0,0.9623495539942974,6.332615576003109,KOSPI40_PIT,FULL_2023_08_08_2026_08_17
2025-08-06,-0.037650446005702505,0.0,0.9623495539942974,6.332615576003109,KOSPI40_PIT,FULL_2023_08_08_2026_08_17
2025-08-07,-0.037650446005702505,0.0,0.9623495539942974,6.332615576003109,KOSPI40_PIT,FULL_2023_08_08_2026_08_17
2025-08-08,-0.037650446005702505,0.0,0.9623495539942974,6.332615576003109,KOSPI40_PIT,FULL_2023_08_08_2026_08_17
2025-08-11,-0.037650446005702505,0.0,0.9623495539942974,6.332615576003109,KOSPI40_PIT,FULL_2023_08_08_2026_08_17
2025-08-12,-0.037650446005702505,-0.004758871420850921,0.9575906825734465,6.795805938539368,KOSPI40_PIT,FULL_2023_08_08_2026_08_17
2025-08-13,-0.037650446005702505,-0.003701344438439609,0.9586482095558578,6.692874746864641,KOSPI40_PIT,FULL_2023_08_08_2026_08_17
2025-08-14,-0.037650446005702505,-0.004758871420850921,0.9575906825734465,6.795805938539368,KOSPI40_PIT,FULL_2023_08_08_2026_08_17
2025-08-18,-0.037650446005702505,-0.005181882213815444,0.957167671780482,6.836978415209249,KOSPI40_PIT,FULL_2023_08_08_2026_08_17
2025-08-19,-0.04733831275327051,0.0,0.9526616872467295,7.275554797127626,KOSPI40_PIT,FULL_2023_08_08_2026_08_17
2025-08-20,-0.04733831275327051,0.0,0.9526616872467295,7.275554797127626,KOSPI40_PIT,FULL_2023_08_08_2026_08_17
2025-08-21,-0.04733831275327051,0.0,0.9526616872467295,7.275554797127626,KOSPI40_PIT,FULL_2023_08_08_2026_08_17
2025-08-22,-0.04733831275327051,-0.0002485204401513237,0.9524131668065782,7.299743782832724,KOSPI40_PIT,FULL_2023_08_08_2026_08_17
2025-08-25,-0.04733831275327051,0.00041420073358553307,0.9530758879803151,7.235239820952454,KOSPI40_PIT,FULL_2023_08_08_2026_08_17
2025-08-26,-0.04733831275327051,-0.0003727806602269823,0.9522889065865026,7.311838275685267,KOSPI40_PIT,FULL_2023_08_08_2026_08_17
2025-08-27,-0.04733831275327051,-0.0005384609536611916,0.9521232262930683,7.327964266155329,KOSPI40_PIT,FULL_2023_08_08_2026_08_17
2025-08-28,-0.04733831275327051,0.0016982230077006958,0.9543599102544302,7.110263394809458,KOSPI40_PIT,FULL_2023_08_08_2026_08_17
2025-08-29,-0.04733831275327051,0.001444944856420355,0.9541066321031498,7.134915457943592,KOSPI40_PIT,FULL_2023_08_08_2026_08_17
2025-09-01,-0.04733831275327051,0.002264141862845068,0.9549258291095746,7.055181393952714,KOSPI40_PIT,FULL_2023_08_08_2026_08_17
2025-09-02,-0.04733831275327051,0.005276467488226123,0.9579381547349556,6.761985786190749,KOSPI40_PIT,FULL_2023_08_08_2026_08_17
2025-09-03,-0.04733831275327051,0.004189118004878037,0.9568508052516076,6.867819660833552,KOSPI40_PIT,FULL_2023_08_08_2026_08_17
2025-09-04,-0.04733831275327051,0.004396737116333267,0.9570584243630628,6.847611682302546,KOSPI40_PIT,FULL_2023_08_08_2026_08_17
2025-09-05,-0.04733831275327051,0.0062079021058458195,0.9588695893525754,6.671327413635475,KOSPI40_PIT,FULL_2023_08_08_2026_08_17
2025-09-08,-0.04733831275327051,0.007311149330062901,0.9599728365767924,6.563946180447877,KOSPI40_PIT,FULL_2023_08_08_2026_08_17
2025-09-09,-0.04733831275327051,0.010824143720049764,0.9634858309667793,6.222019492125019,KOSPI40_PIT,FULL_2023_08_08_2026_08_17
2025-09-10,-0.04733831275327051,0.015554749186580851,0.9682164364333103,5.761580310797731,KOSPI40_PIT,FULL_2023_08_08_2026_08_17
2025-09-11,-0.04733831275327051,0.019670909102625162,0.9723325963493546,5.360946329510452,KOSPI40_PIT,FULL_2023_08_08_2026_08_17
2025-09-12,-0.04733831275327051,0.029500357151808196,0.9821620443985377,4.404226720427539,KOSPI40_PIT,FULL_2023_08_08_2026_08_17
2025-09-15,-0.04733831275327051,0.04090350390600193,0.9935651911527315,3.294335905561896,KOSPI40_PIT,FULL_2023_08_08_2026_08_17
2025-09-16,-0.051504741886316825,0.04059773153905563,0.9890929896527388,3.729624118023489,KOSPI40_PIT,FULL_2023_08_08_2026_08_17
2025-09-17,-0.051504741886316825,0.034056370899994165,0.9825516290136773,4.366307679720871,KOSPI40_PIT,FULL_2023_08_08_2026_08_17
2025-09-18,-0.051504741886316825,0.03098599287708321,0.9794812509907664,4.665153642090059,KOSPI40_PIT,FULL_2023_08_08_2026_08_17
2025-09-22,-0.051504741886316825,0.030367537226382607,0.9788627953400658,4.725349153110903,KOSPI40_PIT,FULL_2023_08_08_2026_08_17
2025-09-23,-0.051504741886316825,0.027818741216104136,0.9763139993297874,4.973428507148325,KOSPI40_PIT,FULL_2023_08_08_2026_08_17
2025-09-24,-0.051504741886316825,0.01464199633824865,0.9631372544519319,6.255947133367101,KOSPI40_PIT,FULL_2023_08_08_2026_08_17
2025-09-25,-0.05044583751789482,0.010607982930939591,0.9601621454130448,6.545520377197378,KOSPI40_PIT,FULL_2023_08_08_2026_08_17
2025-09-26,-0.0494003288638949,0.004901973353430395,0.9555016444895355,6.999136144772544,KOSPI40_PIT,FULL_2023_08_08_2026_08_17
2025-09-29,-0.04589816404056666,0.0029464566508374734,0.9570482926102708,6.8485978258298275,KOSPI40_PIT,FULL_2023_08_08_2026_08_17
2025-09-30,-0.04589816404056666,-0.0021144378523687783,0.9519873981070646,7.341184691998748,KOSPI40_PIT,FULL_2023_08_08_2026_08_17
2025-10-01,-0.046697726298350034,0.0,0.95330227370165,7.213205251184773,KOSPI40_PIT,FULL_2023_08_08_2026_08_17
2025-10-02,-0.046697726298350034,0.0,0.95330227370165,7.213205251184773,KOSPI40_PIT,FULL_2023_08_08_2026_08_17
2025-10-10,-0.046697726298350034,0.0,0.95330227370165,7.213205251184773,KOSPI40_PIT,FULL_2023_08_08_2026_08_17
2025-10-13,-0.046697726298350034,0.0019799354915341952,0.9552822091931842,7.020494215937234,KOSPI40_PIT,FULL_2023_08_08_2026_08_17
2025-10-14,-0.046697726298350034,0.0006599784971780611,0.953962252198828,7.148968239435605,KOSPI40_PIT,FULL_2023_08_08_2026_08_17
2025-10-15,-0.046697726298350034,0.005866475530471689,0.9591687492321217,6.642209591192072,KOSPI40_PIT,FULL_2023_08_08_2026_08_17
2025-10-16,-0.046697726298350034,0.006453123083518865,0.9597553967851689,6.585110025192797,KOSPI40_PIT,FULL_2023_08_08_2026_08_17
2025-10-17,-0.046697726298350034,0.003886540038937494,0.9571888137405875,6.834920626439612,KOSPI40_PIT,FULL_2023_08_08_2026_08_17
2025-10-20,-0.046697726298350034,0.0039598709830683905,0.9572621446847184,6.827783180689706,KOSPI40_PIT,FULL_2023_08_08_2026_08_17
2025-10-21,-0.046697726298350034,0.0037398781506756996,0.9570421518523257,6.849195517939433,KOSPI40_PIT,FULL_2023_08_08_2026_08_17
2025-10-22,-0.046697726298350034,0.0030065687093667414,0.9563088424110168,6.920569975438506,KOSPI40_PIT,FULL_2023_08_08_2026_08_17
2025-10-23,-0.046697726298350034,0.0010266332178325462,0.9543289069194826,7.113281010686046,KOSPI40_PIT,FULL_2023_08_08_2026_08_17
2025-10-24,-0.046697726298350034,0.004399856647853773,0.9577021303495038,6.784958506190241,KOSPI40_PIT,FULL_2023_08_08_2026_08_17
2025-10-27,-0.046697726298350034,0.005133166089162731,0.9584354397908127,6.713584048691157,KOSPI40_PIT,FULL_2023_08_08_2026_08_17
2025-10-28,-0.046697726298350034,0.005961534161752495,0.9592638078634025,6.632957346701451,KOSPI40_PIT,FULL_2023_08_08_2026_08_17
2025-10-29,-0.046697726298350034,0.015060003155771079,0.968362276857421,5.747385374027569,KOSPI40_PIT,FULL_2023_08_08_2026_08_17
2025-10-30,-0.046697726298350034,0.010022215222700167,0.9633244889243502,6.2377232320490865,KOSPI40_PIT,FULL_2023_08_08_2026_08_17
2025-10-31,-0.046697726298350034,0.024388050726513195,0.9776903244281632,4.839468064659536,KOSPI40_PIT,FULL_2023_08_08_2026_08_17
2025-11-03,-0.046697726298350034,0.030457744036798587,0.9837600177384486,4.248692816444855,KOSPI40_PIT,FULL_2023_08_08_2026_08_17
2025-11-04,-0.046697726298350034,0.03008909228607519,0.9833913659877251,4.284574420078657,KOSPI40_PIT,FULL_2023_08_08_2026_08_17
2025-11-05,-0.03726408859208896,0.005756718757883625,0.9684926301657947,5.734697828846413,KOSPI40_PIT,FULL_2023_08_08_2026_08_17
2025-11-06,-0.03726408859208896,-0.00038726407096578057,0.9623486473369453,6.332703822755448,KOSPI40_PIT,FULL_2023_08_08_2026_08_17
2025-11-07,-0.03651315187235573,-0.006230733815043458,0.9572561143126008,6.8283701287285,KOSPI40_PIT,FULL_2023_08_08_2026_08_17
2025-11-10,-0.041417371488225434,0.0,0.9585826285117746,6.699257879523223,KOSPI40_PIT,FULL_2023_08_08_2026_08_17
2025-11-11,-0.041417371488225434,0.0,0.9585826285117746,6.699257879523223,KOSPI40_PIT,FULL_2023_08_08_2026_08_17
2025-11-12,-0.041417371488225434,0.0,0.9585826285117746,6.699257879523223,KOSPI40_PIT,FULL_2023_08_08_2026_08_17
2025-11-13,-0.041417371488225434,0.0,0.9585826285117746,6.699257879523223,KOSPI40_PIT,FULL_2023_08_08_2026_08_17
2025-11-14,-0.041417371488225434,0.0,0.9585826285117746,6.699257879523223,KOSPI40_PIT,FULL_2023_08_08_2026_08_17
2025-11-17,-0.041417371488225434,0.0,0.9585826285117746,6.699257879523223,KOSPI40_PIT,FULL_2023_08_08_2026_08_17
2025-11-18,-0.041417371488225434,0.0,0.9585826285117746,6.699257879523223,KOSPI40_PIT,FULL_2023_08_08_2026_08_17
2025-11-19,-0.041417371488225434,0.0,0.9585826285117746,6.699257879523223,KOSPI40_PIT,FULL_2023_08_08_2026_08_17
2025-11-20,-0.041417371488225434,0.0,0.9585826285117746,6.699257879523223,KOSPI40_PIT,FULL_2023_08_08_2026_08_17
2025-11-21,-0.041417371488225434,0.0,0.9585826285117746,6.699257879523223,KOSPI40_PIT,FULL_2023_08_08_2026_08_17
2025-11-24,-0.041417371488225434,0.0,0.9585826285117746,6.699257879523223,KOSPI40_PIT,FULL_2023_08_08_2026_08_17
2025-11-25,-0.041417371488225434,0.0,0.9585826285117746,6.699257879523223,KOSPI40_PIT,FULL_2023_08_08_2026_08_17
2025-11-26,-0.041417371488225434,0.0,0.9585826285117746,6.699257879523223,KOSPI40_PIT,FULL_2023_08_08_2026_08_17
2025-11-27,-0.041417371488225434,0.0,0.9585826285117746,6.699257879523223,KOSPI40_PIT,FULL_2023_08_08_2026_08_17
2025-11-28,-0.041417371488225434,0.0019696903325584366,0.960552318844333,6.507544025851009,KOSPI40_PIT,FULL_2023_08_08_2026_08_17
2025-12-01,-0.041417371488225434,0.0031077336358144242,0.961690362147589,6.396776021507067,KOSPI40_PIT,FULL_2023_08_08_2026_08_17
2025-12-02,-0.041417371488225434,0.0009629597181396836,0.9595455882299142,6.605531106616813,KOSPI40_PIT,FULL_2023_08_08_2026_08_17
2025-12-03,-0.041417371488225434,0.000612792547907076,0.9591954210596816,6.639613569491876,KOSPI40_PIT,FULL_2023_08_08_2026_08_17
2025-12-04,-0.041417371488225434,-0.00044780993885515754,0.9581348185729194,6.7428441060846005,KOSPI40_PIT,FULL_2023_08_08_2026_08_17
2025-12-05,-0.041417371488225434,0.00394274765713834,0.9625253761689129,6.3155024561896145,KOSPI40_PIT,FULL_2023_08_08_2026_08_17
2025-12-08,-0.041417371488225434,0.009905690527157146,0.9684883190389317,5.735117439346038,KOSPI40_PIT,FULL_2023_08_08_2026_08_17
2025-12-09,-0.041417371488225434,0.013040360099143312,0.9716229886109179,5.4300138534164155,KOSPI40_PIT,FULL_2023_08_08_2026_08_17
2025-12-10,-0.041417371488225434,0.01095955902987646,0.969542187541651,5.632542334731683,KOSPI40_PIT,FULL_2023_08_08_2026_08_17
2025-12-11,-0.041417371488225434,0.015622842979608823,0.9742054714913834,5.178655689712852,KOSPI40_PIT,FULL_2023_08_08_2026_08_17
2025-12-12,-0.041417371488225434,0.016309709351988177,0.9748923378637627,5.111801627919466,KOSPI40_PIT,FULL_2023_08_08_2026_08_17
2025-12-15,-0.041417371488225434,0.02232989108637192,0.9809125195981465,4.525845439259779,KOSPI40_PIT,FULL_2023_08_08_2026_08_17
2025-12-16,-0.041417371488225434,0.015750788676424574,0.9743334171881991,5.166202482123894,KOSPI40_PIT,FULL_2023_08_08_2026_08_17
2025-12-17,-0.041417371488225434,0.012436456410172903,0.9710190849219474,5.488792993236336,KOSPI40_PIT,FULL_2023_08_08_2026_08_17
2025-12-18,-0.041417371488225434,0.0073573826157095346,0.9659400111274841,5.983149285759404,KOSPI40_PIT,FULL_2023_08_08_2026_08_17
2025-12-19,-0.027853107598807263,0.001386257955078561,0.9735331503562713,5.244094034810576,KOSPI40_PIT,FULL_2023_08_08_2026_08_17
2025-12-22,-0.027853107598807263,-0.002647162797197897,0.9694997296039949,5.636674849732892,KOSPI40_PIT,FULL_2023_08_08_2026_08_17
2025-12-23,-0.027853107598807263,-0.003942478297776633,0.9682044141034162,5.762750467931577,KOSPI40_PIT,FULL_2023_08_08_2026_08_17
2025-12-24,-0.027853107598807263,-0.004667560029599645,0.9674793323715931,5.833324106202209,KOSPI40_PIT,FULL_2023_08_08_2026_08_17
2025-12-26,-0.028708399291720737,-0.00412190530260063,0.9671696954056787,5.863461684172511,KOSPI40_PIT,FULL_2023_08_08_2026_08_17
2025-12-29,-0.028708399291720737,-0.005463920982517117,0.9658276797257621,5.994082723141181,KOSPI40_PIT,FULL_2023_08_08_2026_08_17
2025-12-30,-0.03517157439958152,0.0010224122112718755,0.9658508378116903,5.991828700859814,KOSPI40_PIT,FULL_2023_08_08_2026_08_17
2026-01-02,-0.03517157439958152,0.003237638669027596,0.9680660642694461,5.776216330756256,KOSPI40_PIT,FULL_2023_08_08_2026_08_17
2026-01-05,-0.03517157439958152,0.007635801050537216,0.9724642266509557,5.348134492054157,KOSPI40_PIT,FULL_2023_08_08_2026_08_17
2026-01-06,-0.03517157439958152,0.01158149984517473,0.9764099254455932,4.964091828674066,KOSPI40_PIT,FULL_2023_08_08_2026_08_17
2026-01-07,-0.03517157439958152,0.01215061718286031,0.9769790427832787,4.90869851318897,KOSPI40_PIT,FULL_2023_08_08_2026_08_17
2026-01-08,-0.03517157439958152,0.014137530373354412,0.9789659559737729,4.715308324708422,KOSPI40_PIT,FULL_2023_08_08_2026_08_17
2026-01-09,-0.03517157439958152,0.01484520258327959,0.9796736281836981,4.646429189618562,KOSPI40_PIT,FULL_2023_08_08_2026_08_17
2026-01-12,-0.03517157439958152,0.0131814478022162,0.9780098734026347,4.808365731302711,KOSPI40_PIT,FULL_2023_08_08_2026_08_17
2026-01-13,-0.03517157439958152,0.017341053183349338,0.9821694787837678,4.403503117017104,KOSPI40_PIT,FULL_2023_08_08_2026_08_17
2026-01-14,-0.03517157439958152,0.012575852559911668,0.9774042781603302,4.867309513352436,KOSPI40_PIT,FULL_2023_08_08_2026_08_17
2026-01-15,-0.03517157439958152,0.014891387919997487,0.9797198135204159,4.641933879498506,KOSPI40_PIT,FULL_2023_08_08_2026_08_17
2026-01-16,-0.03517157439958152,0.015476188477171277,0.9803046140775897,4.5850140852586545,KOSPI40_PIT,FULL_2023_08_08_2026_08_17
2026-01-19,-0.03517157439958152,0.016487103644220714,0.9813155292446392,4.486619713713457,KOSPI40_PIT,FULL_2023_08_08_2026_08_17
2026-01-20,-0.03517157439958152,0.030716949267156908,0.9955453748675754,3.101600710248942,KOSPI40_PIT,FULL_2023_08_08_2026_08_17
2026-01-21,-0.03517157439958152,0.02904075919592941,0.9938691847963479,3.2647476033063505,KOSPI40_PIT,FULL_2023_08_08_2026_08_17
2026-01-22,-0.03517157439958152,0.02589887244151752,0.990727298041936,3.5705536518681025,KOSPI40_PIT,FULL_2023_08_08_2026_08_17
2026-01-23,-0.039087316539315464,0.029269728565681413,0.9901824120263659,3.62358848487222,KOSPI40_PIT,FULL_2023_08_08_2026_08_17
2026-01-26,-0.039087316539315464,0.027181739087564983,0.9880944225482494,3.826816628230567,KOSPI40_PIT,FULL_2023_08_08_2026_08_17
2026-01-27,-0.039087316539315464,0.03132467383430374,0.9922373572949882,3.4235765997443934,KOSPI40_PIT,FULL_2023_08_08_2026_08_17
2026-01-28,-0.039087316539315464,0.03672013533851913,0.9976328187992036,2.898425666008708,KOSPI40_PIT,FULL_2023_08_08_2026_08_17
2026-01-29,-0.039087316539315464,0.03887857965776459,0.9997912631184491,2.688340013690993,KOSPI40_PIT,FULL_2023_08_08_2026_08_17
2026-01-30,-0.039087316539315464,0.03698376015164734,0.9978964436123319,2.8727665418240567,KOSPI40_PIT,FULL_2023_08_08_2026_08_17
2026-02-02,-0.039087316539315464,0.030041598045082357,0.9909542815057668,3.5484609026417147,KOSPI40_PIT,FULL_2023_08_08_2026_08_17
2026-02-03,-0.0246860929450796,0.021641058471921312,0.9969549655268417,2.9644024649606693,KOSPI40_PIT,FULL_2023_08_08_2026_08_17
2026-02-04,-0.0246860929450796,0.021342854910300347,0.9966567619652207,2.9934272070900048,KOSPI40_PIT,FULL_2023_08_08_2026_08_17
2026-02-05,-0.0246860929450796,0.018872025399726655,0.994185932454647,3.233917927590124,KOSPI40_PIT,FULL_2023_08_08_2026_08_17
2026-02-06,-0.0246860929450796,0.018744223873317676,0.994058130928238,3.246357102788411,KOSPI40_PIT,FULL_2023_08_08_2026_08_17
2026-02-09,-0.0246860929450796,0.02078904829586142,0.9961029553507817,3.0473302996158913,KOSPI40_PIT,FULL_2023_08_08_2026_08_17
2026-02-10,-0.0246860929450796,0.02032044269902848,0.9956343497539488,3.0929406086762534,KOSPI40_PIT,FULL_2023_08_08_2026_08_17
2026-02-11,-0.0246860929450796,0.019638834558180565,0.994952741613101,3.1592828764004266,KOSPI40_PIT,FULL_2023_08_08_2026_08_17
2026-02-12,-0.0246860929450796,0.018868752891094766,0.9941826599460152,3.2342364473242236,KOSPI40_PIT,FULL_2023_08_08_2026_08_17
2026-02-13,-0.0246860929450796,0.01723979837739072,0.9925537054323111,3.392785810194532,KOSPI40_PIT,FULL_2023_08_08_2026_08_17
2026-02-19,-0.0246860929450796,0.019032345197964155,0.9943462522528845,3.2183136847139693,KOSPI40_PIT,FULL_2023_08_08_2026_08_17
2026-02-20,-0.0246860929450796,0.022142129398367003,0.9974560364532874,2.9156322411929447,KOSPI40_PIT,FULL_2023_08_08_2026_08_17
2026-02-23,-0.0246860929450796,0.024174891205217885,0.9994887982601383,2.717779516250707,KOSPI40_PIT,FULL_2023_08_08_2026_08_17
2026-02-24,-0.0246860929450796,0.02509786368976119,1.0004117707446816,2.6279447798353672,KOSPI40_PIT,FULL_2023_08_08_2026_08_17
2026-02-25,-0.0246860929450796,0.026925087000579943,1.0022389940555003,2.4500975230121402,KOSPI40_PIT,FULL_2023_08_08_2026_08_17
2026-02-26,-0.0246860929450796,0.0415112331474018,1.0168251402023223,1.0303990852373435,KOSPI40_PIT,FULL_2023_08_08_2026_08_17
2026-02-27,-0.0246860929450796,0.05092226360487116,1.0262361706597916,0.11440488746693456,KOSPI40_PIT,FULL_2023_08_08_2026_08_17
2026-03-03,-0.034526576469474,0.011206530925130093,0.9766799544556561,4.937809371342194,KOSPI40_PIT,FULL_2023_08_08_2026_08_17
2026-03-04,-0.06429197007029563,-0.0038670792106503676,0.931840950719054,9.302078240957357,KOSPI40_PIT,FULL_2023_08_08_2026_08_17
2026-03-05,-0.04903974730670679,0.0,0.9509602526932932,7.441158785540692,KOSPI40_PIT,FULL_2023_08_08_2026_08_17
2026-03-06,-0.04903974730670679,0.0,0.9509602526932932,7.441158785540692,KOSPI40_PIT,FULL_2023_08_08_2026_08_17
2026-03-09,-0.04903974730670679,0.0,0.9509602526932932,7.441158785540692,KOSPI40_PIT,FULL_2023_08_08_2026_08_17
2026-03-10,-0.04903974730670679,0.0,0.9509602526932932,7.441158785540692,KOSPI40_PIT,FULL_2023_08_08_2026_08_17
2026-03-11,-0.04903974730670679,0.0,0.9509602526932932,7.441158785540692,KOSPI40_PIT,FULL_2023_08_08_2026_08_17
2026-03-12,-0.04903974730670679,0.0,0.9509602526932932,7.441158785540692,KOSPI40_PIT,FULL_2023_08_08_2026_08_17
2026-03-13,-0.04903974730670679,0.0,0.9509602526932932,7.441158785540692,KOSPI40_PIT,FULL_2023_08_08_2026_08_17
2026-03-16,-0.04903974730670679,0.0,0.9509602526932932,7.441158785540692,KOSPI40_PIT,FULL_2023_08_08_2026_08_17
2026-03-17,-0.04903974730670679,0.0,0.9509602526932932,7.441158785540692,KOSPI40_PIT,FULL_2023_08_08_2026_08_17
2026-03-18,-0.04903974730670679,0.0,0.9509602526932932,7.441158785540692,KOSPI40_PIT,FULL_2023_08_08_2026_08_17
2026-03-19,-0.04903974730670679,0.0,0.9509602526932932,7.441158785540692,KOSPI40_PIT,FULL_2023_08_08_2026_08_17
2026-03-20,-0.04903974730670679,-0.0021132450059850954,0.9488470076873081,7.646845099350596,KOSPI40_PIT,FULL_2023_08_08_2026_08_17
2026-03-23,-0.04903974730670679,-0.005512813059091555,0.9454474396342016,7.977731778088282,KOSPI40_PIT,FULL_2023_08_08_2026_08_17
2026-03-24,-0.04903974730670679,-0.004639950991402058,0.9463203017018912,7.892774387601575,KOSPI40_PIT,FULL_2023_08_08_2026_08_17
2026-03-25,-0.04903974730670679,-0.003032047182500356,0.9479282055107928,7.736273931441861,KOSPI40_PIT,FULL_2023_08_08_2026_08_17
2026-03-26,-0.04903974730670679,-0.002802346638371542,0.9481579060549217,7.713916723419045,KOSPI40_PIT,FULL_2023_08_08_2026_08_17
2026-03-27,-0.04903974730670679,-0.002802346638371542,0.9481579060549217,7.713916723419045,KOSPI40_PIT,FULL_2023_08_08_2026_08_17
2026-03-30,-0.04903974730670679,-0.005374992732614265,0.945585259960679,7.9643174532745835,KOSPI40_PIT,FULL_2023_08_08_2026_08_17
2026-03-31,-0.04903974730670679,-0.0073504174121220706,0.9436098352811711,8.1565894422708,KOSPI40_PIT,FULL_2023_08_08_2026_08_17
2026-04-01,-0.05390340665412995,0.0,0.94609659334587,7.914548364110752,KOSPI40_PIT,FULL_2023_08_08_2026_08_17
2026-04-02,-0.05390340665412995,0.0,0.94609659334587,7.914548364110752,KOSPI40_PIT,FULL_2023_08_08_2026_08_17
2026-04-03,-0.05390340665412995,0.0,0.94609659334587,7.914548364110752,KOSPI40_PIT,FULL_2023_08_08_2026_08_17
2026-04-06,-0.05390340665412995,0.0,0.94609659334587,7.914548364110752,KOSPI40_PIT,FULL_2023_08_08_2026_08_17
2026-04-07,-0.05390340665412995,0.0,0.94609659334587,7.914548364110752,KOSPI40_PIT,FULL_2023_08_08_2026_08_17
2026-04-08,-0.05390340665412995,0.0,0.94609659334587,7.914548364110752,KOSPI40_PIT,FULL_2023_08_08_2026_08_17
2026-04-09,-0.05390340665412995,0.0,0.94609659334587,7.914548364110752,KOSPI40_PIT,FULL_2023_08_08_2026_08_17
2026-04-10,-0.05390340665412995,0.0,0.94609659334587,7.914548364110752,KOSPI40_PIT,FULL_2023_08_08_2026_08_17
2026-04-13,-0.05390340665412995,0.0,0.94609659334587,7.914548364110752,KOSPI40_PIT,FULL_2023_08_08_2026_08_17
2026-04-14,-0.05390340665412995,0.0,0.94609659334587,7.914548364110752,KOSPI40_PIT,FULL_2023_08_08_2026_08_17
2026-04-15,-0.05390340665412995,0.0,0.94609659334587,7.914548364110752,KOSPI40_PIT,FULL_2023_08_08_2026_08_17
2026-04-16,-0.05390340665412995,0.0,0.94609659334587,7.914548364110752,KOSPI40_PIT,FULL_2023_08_08_2026_08_17
2026-04-17,-0.05390340665412995,0.0,0.94609659334587,7.914548364110752,KOSPI40_PIT,FULL_2023_08_08_2026_08_17
2026-04-20,-0.05390340665412995,0.0052894546760982345,0.9513860480219682,7.399715284505737,KOSPI40_PIT,FULL_2023_08_08_2026_08_17
2026-04-21,-0.05390340665412995,0.03972690114704257,0.9858234944929126,4.047850544935361,KOSPI40_PIT,FULL_2023_08_08_2026_08_17
2026-04-22,-0.05390340665412995,0.041525715121119716,0.9876223084669897,3.872768425015616,KOSPI40_PIT,FULL_2023_08_08_2026_08_17
2026-04-23,-0.05390340665412995,0.0282762443212906,0.9743728376671607,5.162365608981756,KOSPI40_PIT,FULL_2023_08_08_2026_08_17
2026-04-24,-0.05390340665412995,0.028387219558289933,0.97448381290416,5.151564169793243,KOSPI40_PIT,FULL_2023_08_08_2026_08_17
2026-04-27,-0.05390340665412995,0.0250244755127545,0.9711210688586246,5.478866695081819,KOSPI40_PIT,FULL_2023_08_08_2026_08_17
2026-04-28,-0.05390340665412995,0.052162664936139184,0.9982592582820092,2.8374530728269787,KOSPI40_PIT,FULL_2023_08_08_2026_08_17
2026-04-29,-0.05390340665412995,0.06415887782806214,1.0102554711739322,1.6698379584269563,KOSPI40_PIT,FULL_2023_08_08_2026_08_17
2026-04-30,-0.05390340665412995,0.048683305509297246,0.9947798988551673,3.1761060036986977,KOSPI40_PIT,FULL_2023_08_08_2026_08_17
2026-05-04,-0.057410275700700154,0.07398314122149492,1.0165728655207948,1.0549534786768122,KOSPI40_PIT,FULL_2023_08_08_2026_08_17
2026-05-06,-0.057410275700700154,0.0797563347488726,1.0223460590481726,0.4930371404413325,KOSPI40_PIT,FULL_2023_08_08_2026_08_17
2026-05-07,-0.061084401180891375,0.08536373297221792,1.0242793317913266,0.3048678827346718,KOSPI40_PIT,FULL_2023_08_08_2026_08_17
2026-05-08,-0.061084401180891375,0.09621463783639672,1.0351302366555053,-0.0,KOSPI40_PIT,FULL_2023_08_08_2026_08_17
2026-05-11,-0.061084401180891375,0.09201622789688474,1.0309318267159933,0.40559243569939785,KOSPI40_PIT,FULL_2023_08_08_2026_08_17
2026-05-12,-0.06298339602297504,0.06859240419845361,1.0056090081754785,2.8519337407638234,KOSPI40_PIT,FULL_2023_08_08_2026_08_17
2026-05-13,-0.06882583487789508,0.08126724774679503,1.0124414128688999,2.1918810776808906,KOSPI40_PIT,FULL_2023_08_08_2026_08_17
2026-05-14,-0.05473783721939823,0.07035364272549019,1.015615805506092,1.8852150636101794,KOSPI40_PIT,FULL_2023_08_08_2026_08_17
2026-05-15,-0.05473783721939823,0.06382442935435526,1.009086592134957,2.515977564784022,KOSPI40_PIT,FULL_2023_08_08_2026_08_17
2026-05-18,-0.03838222827745014,0.04017283234410715,1.0017906040666569,3.220815256693532,KOSPI40_PIT,FULL_2023_08_08_2026_08_17
2026-05-19,-0.03838222827745014,0.033172167837289546,0.9947899395598394,3.8971228611778264,KOSPI40_PIT,FULL_2023_08_08_2026_08_17
2026-05-20,-0.02081665645706186,0.016246494779177025,0.9954298383221152,3.835304672546491,KOSPI40_PIT,FULL_2023_08_08_2026_08_17
2026-05-21,-0.02081665645706186,0.026715596426856735,1.0058989399697948,2.823924531482769,KOSPI40_PIT,FULL_2023_08_08_2026_08_17
2026-05-22,-0.02081665645706186,0.024854422800602564,1.0040377663435407,3.0037254454496565,KOSPI40_PIT,FULL_2023_08_08_2026_08_17
2026-05-26,-0.02081665645706186,0.026250303020293193,1.0054336465632314,2.8688747599744824,KOSPI40_PIT,FULL_2023_08_08_2026_08_17
2026-05-27,-0.02081665645706186,0.02811147664654736,1.0072948201894856,2.6890738460075947,KOSPI40_PIT,FULL_2023_08_08_2026_08_17
2026-05-28,-0.02081665645706186,0.027956378844359513,1.0071397223872975,2.7040572555048548,KOSPI40_PIT,FULL_2023_08_08_2026_08_17
2026-05-29,-0.02081665645706186,0.03431538873406126,1.0134987322769993,2.0897374661180024,KOSPI40_PIT,FULL_2023_08_08_2026_08_17
2026-06-01,-0.02081665645706186,0.0337725464264038,1.0129558899693418,2.142179399358335,KOSPI40_PIT,FULL_2023_08_08_2026_08_17
2026-06-02,-0.02081665645706186,0.03361744862421595,1.012800792167154,2.1571628088555728,KOSPI40_PIT,FULL_2023_08_08_2026_08_17
2026-06-04,-0.02081665645706186,0.03276441071218279,1.011947754255121,2.239571561090392,KOSPI40_PIT,FULL_2023_08_08_2026_08_17
2026-06-05,-0.02081665645706186,0.02880941675639268,1.0079927602993308,2.6216485032700243,KOSPI40_PIT,FULL_2023_08_08_2026_08_17
2026-06-08,-0.02081665645706186,0.022217760163409154,1.0014011037063473,3.2584434069027335,KOSPI40_PIT,FULL_2023_08_08_2026_08_17
2026-06-09,0.0027040105058858434,0.0,1.0027040105058858,3.132574530369081,KOSPI40_PIT,FULL_2023_08_08_2026_08_17
2026-06-10,0.0027040105058858434,0.0,1.0027040105058858,3.132574530369081,KOSPI40_PIT,FULL_2023_08_08_2026_08_17
2026-06-11,0.0027040105058858434,0.0,1.0027040105058858,3.132574530369081,KOSPI40_PIT,FULL_2023_08_08_2026_08_17
2026-06-12,0.0027040105058858434,0.0,1.0027040105058858,3.132574530369081,KOSPI40_PIT,FULL_2023_08_08_2026_08_17
2026-06-15,0.0027040105058858434,0.0,1.0027040105058858,3.132574530369081,KOSPI40_PIT,FULL_2023_08_08_2026_08_17
2026-06-16,0.0027040105058858434,0.0,1.0027040105058858,3.132574530369081,KOSPI40_PIT,FULL_2023_08_08_2026_08_17
2026-06-17,0.0027040105058858434,0.0,1.0027040105058858,3.132574530369081,KOSPI40_PIT,FULL_2023_08_08_2026_08_17
2026-06-18,0.0027040105058858434,0.0,1.0027040105058858,3.132574530369081,KOSPI40_PIT,FULL_2023_08_08_2026_08_17
2026-06-19,0.0027040105058858434,0.0,1.0027040105058858,3.132574530369081,KOSPI40_PIT,FULL_2023_08_08_2026_08_17
2026-06-22,0.0027040105058858434,-0.002498086116139231,1.0002059243897465,3.373905140535638,KOSPI40_PIT,FULL_2023_08_08_2026_08_17
2026-06-23,0.0027040105058858434,-0.0042675637817378535,0.9984364467241479,3.5448476560702824,KOSPI40_PIT,FULL_2023_08_08_2026_08_17
2026-06-24,0.0027040105058858434,-0.0037124335337069127,0.9989915769721789,3.4912186315888216,KOSPI40_PIT,FULL_2023_08_08_2026_08_17
2026-06-25,0.0027040105058858434,-0.0027409555996527656,0.9999630549062329,3.397367838746279,KOSPI40_PIT,FULL_2023_08_08_2026_08_17
2026-06-26,0.0027040105058858434,-0.0037471291742088484,0.9989568813316769,3.4945704456189053,KOSPI40_PIT,FULL_2023_08_08_2026_08_17
2026-06-29,0.0027040105058858434,-0.0054125199183016675,0.997291490587584,3.6554575190632876,KOSPI40_PIT,FULL_2023_08_08_2026_08_17
2026-06-30,-0.0027715025468203827,0.0,0.9972284974531797,3.661543046485216,KOSPI40_PIT,FULL_2023_08_08_2026_08_17
2026-07-01,-0.0027715025468203827,0.0,0.9972284974531797,3.661543046485216,KOSPI40_PIT,FULL_2023_08_08_2026_08_17
2026-07-02,-0.0027715025468203827,0.0,0.9972284974531797,3.661543046485216,KOSPI40_PIT,FULL_2023_08_08_2026_08_17
2026-07-03,-0.0027715025468203827,0.0,0.9972284974531797,3.661543046485216,KOSPI40_PIT,FULL_2023_08_08_2026_08_17
2026-07-06,-0.0027715025468203827,0.0,0.9972284974531797,3.661543046485216,KOSPI40_PIT,FULL_2023_08_08_2026_08_17
2026-07-07,-0.0027715025468203827,0.0,0.9972284974531797,3.661543046485216,KOSPI40_PIT,FULL_2023_08_08_2026_08_17
2026-07-08,-0.0027715025468203827,0.0,0.9972284974531797,3.661543046485216,KOSPI40_PIT,FULL_2023_08_08_2026_08_17
2026-07-09,-0.0027715025468203827,0.0,0.9972284974531797,3.661543046485216,KOSPI40_PIT,FULL_2023_08_08_2026_08_17
2026-07-10,-0.0027715025468203827,0.0,0.9972284974531797,3.661543046485216,KOSPI40_PIT,FULL_2023_08_08_2026_08_17
2026-07-13,-0.0027715025468203827,0.0,0.9972284974531797,3.661543046485216,KOSPI40_PIT,FULL_2023_08_08_2026_08_17
2026-07-14,-0.0027715025468203827,0.0,0.9972284974531797,3.661543046485216,KOSPI40_PIT,FULL_2023_08_08_2026_08_17
2026-07-15,-0.0027715025468203827,0.0,0.9972284974531797,3.661543046485216,KOSPI40_PIT,FULL_2023_08_08_2026_08_17
2026-07-16,-0.0027715025468203827,0.0,0.9972284974531797,3.661543046485216,KOSPI40_PIT,FULL_2023_08_08_2026_08_17
2026-07-20,-0.0027715025468203827,0.0,0.9972284974531797,3.661543046485216,KOSPI40_PIT,FULL_2023_08_08_2026_08_17
2026-07-21,-0.0027715025468203827,0.0,0.9972284974531797,3.661543046485216,KOSPI40_PIT,FULL_2023_08_08_2026_08_17
2026-07-22,-0.0027715025468203827,0.0,0.9972284974531797,3.661543046485216,KOSPI40_PIT,FULL_2023_08_08_2026_08_17
2026-07-23,-0.0027715025468203827,0.0,0.9972284974531797,3.661543046485216,KOSPI40_PIT,FULL_2023_08_08_2026_08_17
2026-07-24,-0.0027715025468203827,0.0,0.9972284974531797,3.661543046485216,KOSPI40_PIT,FULL_2023_08_08_2026_08_17
2026-07-27,-0.0027715025468203827,0.0,0.9972284974531797,3.661543046485216,KOSPI40_PIT,FULL_2023_08_08_2026_08_17
2026-07-28,-0.0027715025468203827,0.0,0.9972284974531797,3.661543046485216,KOSPI40_PIT,FULL_2023_08_08_2026_08_17
2026-07-29,-0.0027715025468203827,0.0,0.9972284974531797,3.661543046485216,KOSPI40_PIT,FULL_2023_08_08_2026_08_17
2026-07-30,-0.0027715025468203827,0.0,0.9972284974531797,3.661543046485216,KOSPI40_PIT,FULL_2023_08_08_2026_08_17
2026-07-31,-0.0027715025468203827,0.0,0.9972284974531797,3.661543046485216,KOSPI40_PIT,FULL_2023_08_08_2026_08_17
2026-08-03,-0.0027715025468203827,0.0,0.9972284974531797,3.661543046485216,KOSPI40_PIT,FULL_2023_08_08_2026_08_17
2026-08-04,-0.0027715025468203827,0.0,0.9972284974531797,3.661543046485216,KOSPI40_PIT,FULL_2023_08_08_2026_08_17
2026-08-05,-0.0027715025468203827,0.0,0.9972284974531797,3.661543046485216,KOSPI40_PIT,FULL_2023_08_08_2026_08_17
2026-08-06,-0.0027715025468203827,0.0,0.9972284974531797,3.661543046485216,KOSPI40_PIT,FULL_2023_08_08_2026_08_17
2026-08-07,-0.0027715025468203827,0.0,0.9972284974531797,3.661543046485216,KOSPI40_PIT,FULL_2023_08_08_2026_08_17
2026-08-10,-0.0027715025468203827,0.0,0.9972284974531797,3.661543046485216,KOSPI40_PIT,FULL_2023_08_08_2026_08_17
2026-08-11,-0.0027715025468203827,0.0,0.9972284974531797,3.661543046485216,KOSPI40_PIT,FULL_2023_08_08_2026_08_17
2026-08-12,-0.0027715025468203827,0.0,0.9972284974531797,3.661543046485216,KOSPI40_PIT,FULL_2023_08_08_2026_08_17
2026-08-13,-0.0027715025468203827,-0.00044255702549697204,0.9967859404276826,3.704296799571105,KOSPI40_PIT,FULL_2023_08_08_2026_08_17
2026-08-14,-0.0019918487365349867,0.0,0.998008151263465,3.586223653555076,KOSPI40_PIT,FULL_2023_08_08_2026_08_17
2023-08-08,0.0,0.0,1.0,-0.0,KOSDAQ40_PIT,P1_2023_08_08_2024_08_07
2023-08-09,0.0,0.0,1.0,-0.0,KOSDAQ40_PIT,P1_2023_08_08_2024_08_07
2023-08-10,0.0,-0.003385826771653547,0.9966141732283464,0.3385826771653555,KOSDAQ40_PIT,P1_2023_08_08_2024_08_07
2023-08-11,0.0,-0.0034645669291338598,0.9965354330708661,0.3464566929133883,KOSDAQ40_PIT,P1_2023_08_08_2024_08_07
2023-08-14,0.0,-0.005590551181102361,0.9944094488188976,0.559055118110241,KOSDAQ40_PIT,P1_2023_08_08_2024_08_07
2023-08-16,0.0,-0.005275590551181103,0.9947244094488189,0.5275590551181097,KOSDAQ40_PIT,P1_2023_08_08_2024_08_07
2023-08-17,0.0,-0.003779527559055119,0.9962204724409449,0.3779527559055085,KOSDAQ40_PIT,P1_2023_08_08_2024_08_07
2023-08-18,0.0,-0.008425196850393703,0.9915748031496063,0.8425196850393668,KOSDAQ40_PIT,P1_2023_08_08_2024_08_07
2023-08-21,-0.008487842692826798,0.0,0.9915121573071732,0.8487842692826764,KOSDAQ40_PIT,P1_2023_08_08_2024_08_07
2023-08-22,-0.008487842692826798,0.0,0.9915121573071732,0.8487842692826764,KOSDAQ40_PIT,P1_2023_08_08_2024_08_07
2023-08-23,-0.008487842692826798,0.0,0.9915121573071732,0.8487842692826764,KOSDAQ40_PIT,P1_2023_08_08_2024_08_07
2023-08-24,-0.008487842692826798,0.0,0.9915121573071732,0.8487842692826764,KOSDAQ40_PIT,P1_2023_08_08_2024_08_07
2023-08-25,-0.008487842692826798,0.0,0.9915121573071732,0.8487842692826764,KOSDAQ40_PIT,P1_2023_08_08_2024_08_07
2023-08-28,-0.008487842692826798,0.0,0.9915121573071732,0.8487842692826764,KOSDAQ40_PIT,P1_2023_08_08_2024_08_07
2023-08-29,-0.008487842692826798,0.0,0.9915121573071732,0.8487842692826764,KOSDAQ40_PIT,P1_2023_08_08_2024_08_07
2023-08-30,-0.008487842692826798,0.0,0.9915121573071732,0.8487842692826764,KOSDAQ40_PIT,P1_2023_08_08_2024_08_07
2023-08-31,-0.008487842692826798,-0.0007726068758237722,0.9907395504313494,0.9260449568650575,KOSDAQ40_PIT,P1_2023_08_08_2024_08_07
2023-09-01,-0.008487842692826798,-0.0025941586324672774,0.988917998674706,1.1082001325294022,KOSDAQ40_PIT,P1_2023_08_08_2024_08_07
2023-09-04,-0.008487842692826798,-0.005694841979246751,0.9858173153279265,1.418268467207351,KOSDAQ40_PIT,P1_2023_08_08_2024_08_07
2023-09-05,-0.008487842692826798,-0.006718147251355523,0.9847940100558177,1.5205989944182319,KOSDAQ40_PIT,P1_2023_08_08_2024_08_07
2023-09-06,-0.008487842692826798,-0.0013902365612168152,0.9901219207459564,0.9878079254043604,KOSDAQ40_PIT,P1_2023_08_08_2024_08_07
2023-09-07,-0.008487842692826798,-0.0046025946481596,0.9869095626590136,1.309043734098636,KOSDAQ40_PIT,P1_2023_08_08_2024_08_07
2023-09-08,-0.008487842692826798,0.002332634623615432,0.9938447919307887,0.6155208069211326,KOSDAQ40_PIT,P1_2023_08_08_2024_08_07
2023-09-11,-0.008487842692826798,0.007226951041997583,0.9987391083491708,0.126089165082921,KOSDAQ40_PIT,P1_2023_08_08_2024_08_07
2023-09-12,-0.01525900779729517,0.014808298453288953,0.9995492906559937,0.04507093440062615,KOSDAQ40_PIT,P1_2023_08_08_2024_08_07
2023-09-13,-0.01525900779729517,0.011074031886807388,0.9958150240895122,0.41849759104878315,KOSDAQ40_PIT,P1_2023_08_08_2024_08_07
2023-09-14,-0.01525900779729517,0.011975406575268455,0.9967163987779732,0.3283601222026755,KOSDAQ40_PIT,P1_2023_08_08_2024_08_07
2023-09-15,-0.01525900779729517,0.009400050322522547,0.9941410425252274,0.5858957474772608,KOSDAQ40_PIT,P1_2023_08_08_2024_08_07
2023-09-18,-0.01525900779729517,0.007468533132963131,0.992209525335668,0.7790474664332026,KOSDAQ40_PIT,P1_2023_08_08_2024_08_07
2023-09-19,-0.01525900779729517,0.0054082481307664056,0.9901492403334713,0.9850759666528708,KOSDAQ40_PIT,P1_2023_08_08_2024_08_07
2023-09-20,-0.01525900779729517,0.004506873442305338,0.9892478656450102,1.0752134354989784,KOSDAQ40_PIT,P1_2023_08_08_2024_08_07
2023-09-21,-0.01525900779729517,0.0018027493769221352,0.986543741579627,1.3456258420373013,KOSDAQ40_PIT,P1_2023_08_08_2024_08_07
2023-09-22,-0.014551524872690264,0.0,0.9854484751273097,1.4551524872690291,KOSDAQ40_PIT,P1_2023_08_08_2024_08_07
2023-09-25,-0.014551524872690264,0.0,0.9854484751273097,1.4551524872690291,KOSDAQ40_PIT,P1_2023_08_08_2024_08_07
2023-09-26,-0.014551524872690264,0.0,0.9854484751273097,1.4551524872690291,KOSDAQ40_PIT,P1_2023_08_08_2024_08_07
2023-09-27,-0.014551524872690264,0.0,0.9854484751273097,1.4551524872690291,KOSDAQ40_PIT,P1_2023_08_08_2024_08_07
2023-10-04,-0.014551524872690264,0.0,0.9854484751273097,1.4551524872690291,KOSDAQ40_PIT,P1_2023_08_08_2024_08_07
2023-10-05,-0.014551524872690264,0.0,0.9854484751273097,1.4551524872690291,KOSDAQ40_PIT,P1_2023_08_08_2024_08_07
2023-10-06,-0.014551524872690264,0.0,0.9854484751273097,1.4551524872690291,KOSDAQ40_PIT,P1_2023_08_08_2024_08_07
2023-10-10,-0.014551524872690264,0.0,0.9854484751273097,1.4551524872690291,KOSDAQ40_PIT,P1_2023_08_08_2024_08_07
2023-10-11,-0.014551524872690264,0.0,0.9854484751273097,1.4551524872690291,KOSDAQ40_PIT,P1_2023_08_08_2024_08_07
2023-10-12,-0.014551524872690264,0.0,0.9854484751273097,1.4551524872690291,KOSDAQ40_PIT,P1_2023_08_08_2024_08_07
2023-10-13,-0.014551524872690264,0.0,0.9854484751273097,1.4551524872690291,KOSDAQ40_PIT,P1_2023_08_08_2024_08_07
2023-10-16,-0.014551524872690264,-0.0017138234350040134,0.9837346516923057,1.6265348307694327,KOSDAQ40_PIT,P1_2023_08_08_2024_08_07
2023-10-17,-0.014551524872690264,0.0008569117175020067,0.9863053868448117,1.3694613155188273,KOSDAQ40_PIT,P1_2023_08_08_2024_08_07
2023-10-18,-0.014551524872690264,0.0003213418940632608,0.985769817021373,1.4230182978626993,KOSDAQ40_PIT,P1_2023_08_08_2024_08_07
2023-10-19,-0.014551524872690264,-0.003534760834695786,0.9819137142926139,1.808628570738613,KOSDAQ40_PIT,P1_2023_08_08_2024_08_07
2023-10-20,-0.014551524872690264,-0.0033205329053202846,0.9821279422219894,1.7872057778010597,KOSDAQ40_PIT,P1_2023_08_08_2024_08_07
2023-10-23,-0.014551524872690264,-0.0031063049759447827,0.9823421701513649,1.7657829848635065,KOSDAQ40_PIT,P1_2023_08_08_2024_08_07
2023-10-24,-0.014551524872690264,0.0007497977528142642,0.986198272880124,1.380172711987604,KOSDAQ40_PIT,P1_2023_08_08_2024_08_07
2023-10-25,-0.014551524872690264,0.005355698234387559,0.9908041733616972,0.9195826638302762,KOSDAQ40_PIT,P1_2023_08_08_2024_08_07
2023-10-26,-0.014551524872690264,-0.005034356340324298,0.9804141187869854,1.9585881213014633,KOSDAQ40_PIT,P1_2023_08_08_2024_08_07
2023-10-27,-0.01858550851332206,0.0,0.9814144914866779,1.858550851332208,KOSDAQ40_PIT,P1_2023_08_08_2024_08_07
2023-10-30,-0.01858550851332206,0.0,0.9814144914866779,1.858550851332208,KOSDAQ40_PIT,P1_2023_08_08_2024_08_07
2023-10-31,-0.01858550851332206,0.0,0.9814144914866779,1.858550851332208,KOSDAQ40_PIT,P1_2023_08_08_2024_08_07
2023-11-01,-0.01858550851332206,0.0,0.9814144914866779,1.858550851332208,KOSDAQ40_PIT,P1_2023_08_08_2024_08_07
2023-11-02,-0.01858550851332206,0.0,0.9814144914866779,1.858550851332208,KOSDAQ40_PIT,P1_2023_08_08_2024_08_07
2023-11-03,-0.01858550851332206,0.0,0.9814144914866779,1.858550851332208,KOSDAQ40_PIT,P1_2023_08_08_2024_08_07
2023-11-06,-0.01858550851332206,0.0,0.9814144914866779,1.858550851332208,KOSDAQ40_PIT,P1_2023_08_08_2024_08_07
2023-11-07,-0.01858550851332206,0.0,0.9814144914866779,1.858550851332208,KOSDAQ40_PIT,P1_2023_08_08_2024_08_07
2023-11-08,-0.01858550851332206,0.0,0.9814144914866779,1.858550851332208,KOSDAQ40_PIT,P1_2023_08_08_2024_08_07
2023-11-09,-0.01858550851332206,0.0,0.9814144914866779,1.858550851332208,KOSDAQ40_PIT,P1_2023_08_08_2024_08_07
2023-11-10,-0.01858550851332206,0.0,0.9814144914866779,1.858550851332208,KOSDAQ40_PIT,P1_2023_08_08_2024_08_07
2023-11-13,-0.01858550851332206,0.0,0.9814144914866779,1.858550851332208,KOSDAQ40_PIT,P1_2023_08_08_2024_08_07
2023-11-14,-0.01858550851332206,0.0,0.9814144914866779,1.858550851332208,KOSDAQ40_PIT,P1_2023_08_08_2024_08_07
2023-11-15,-0.01858550851332206,0.0,0.9814144914866779,1.858550851332208,KOSDAQ40_PIT,P1_2023_08_08_2024_08_07
2023-11-16,-0.01858550851332206,0.0,0.9814144914866779,1.858550851332208,KOSDAQ40_PIT,P1_2023_08_08_2024_08_07
2023-11-17,-0.01858550851332206,0.0,0.9814144914866779,1.858550851332208,KOSDAQ40_PIT,P1_2023_08_08_2024_08_07
2023-11-20,-0.01858550851332206,0.0,0.9814144914866779,1.858550851332208,KOSDAQ40_PIT,P1_2023_08_08_2024_08_07
2023-11-21,-0.01858550851332206,0.0,0.9814144914866779,1.858550851332208,KOSDAQ40_PIT,P1_2023_08_08_2024_08_07
2023-11-22,-0.01858550851332206,0.0,0.9814144914866779,1.858550851332208,KOSDAQ40_PIT,P1_2023_08_08_2024_08_07
2023-11-23,-0.01858550851332206,0.0,0.9814144914866779,1.858550851332208,KOSDAQ40_PIT,P1_2023_08_08_2024_08_07
2023-11-24,-0.01858550851332206,0.0,0.9814144914866779,1.858550851332208,KOSDAQ40_PIT,P1_2023_08_08_2024_08_07
2023-11-27,-0.01858550851332206,0.0,0.9814144914866779,1.858550851332208,KOSDAQ40_PIT,P1_2023_08_08_2024_08_07
2023-11-28,-0.01858550851332206,0.00022475141026412075,0.981639242896942,1.8360757103057956,KOSDAQ40_PIT,P1_2023_08_08_2024_08_07
2023-11-29,-0.01858550851332206,-0.0024844933159079772,0.97892999817077,2.1070001829230023,KOSDAQ40_PIT,P1_2023_08_08_2024_08_07
2023-11-30,-0.01858550851332206,0.004457058838245442,0.9858715503249234,1.4128449675076649,KOSDAQ40_PIT,P1_2023_08_08_2024_08_07
2023-12-01,-0.01858550851332206,0.004062892320613484,0.9854773838072914,1.452261619270856,KOSDAQ40_PIT,P1_2023_08_08_2024_08_07
2023-12-04,-0.01858550851332206,-0.0032710633984638585,0.9781434280882141,2.1856571911785916,KOSDAQ40_PIT,P1_2023_08_08_2024_08_07
2023-12-05,-0.02725747387775353,-0.004735947042558495,0.9680065790796879,3.19934209203121,KOSDAQ40_PIT,P1_2023_08_08_2024_08_07
2023-12-06,-0.032331509339363636,0.016381801990484866,0.9840502926511212,1.5949707348878794,KOSDAQ40_PIT,P1_2023_08_08_2024_08_07
2023-12-07,-0.032331509339363636,0.009460137498633007,0.9771286281592694,2.2871371840730625,KOSDAQ40_PIT,P1_2023_08_08_2024_08_07
2023-12-08,-0.032331509339363636,0.01615738740161686,0.9838258780622532,1.617412193774681,KOSDAQ40_PIT,P1_2023_08_08_2024_08_07
2023-12-11,-0.032331509339363636,0.007201916504729587,0.9748704071653659,2.512959283463412,KOSDAQ40_PIT,P1_2023_08_08_2024_08_07
2023-12-12,-0.032331509339363636,0.007345630737006531,0.9750141213976429,2.4985878602357126,KOSDAQ40_PIT,P1_2023_08_08_2024_08_07
2023-12-13,-0.032331509339363636,0.006126930343322885,0.9737954210039592,2.6204578996040784,KOSDAQ40_PIT,P1_2023_08_08_2024_08_07
2023-12-14,-0.032331509339363636,0.01956860953160052,0.9872371001922369,1.2762899807763128,KOSDAQ40_PIT,P1_2023_08_08_2024_08_07
2023-12-15,-0.032331509339363636,0.008827822656427365,0.9764963133170637,2.3503686682936342,KOSDAQ40_PIT,P1_2023_08_08_2024_08_07
2023-12-18,-0.032331509339363636,0.01098214714993471,0.978650637810571,2.1349362189428955,KOSDAQ40_PIT,P1_2023_08_08_2024_08_07
2023-12-19,-0.032331509339363636,0.008984778599539113,0.9766532692601755,2.3346730739824517,KOSDAQ40_PIT,P1_2023_08_08_2024_08_07
2023-12-20,-0.032331509339363636,0.00926503061241679,0.9769335212730531,2.3066478726946893,KOSDAQ40_PIT,P1_2023_08_08_2024_08_07
2023-12-21,-0.03801548559062697,0.016900451098077158,0.9788849655074502,2.111503449254981,KOSDAQ40_PIT,P1_2023_08_08_2024_08_07
2023-12-22,-0.03801548559062697,0.015744394182573514,0.9777289085919466,2.227109140805339,KOSDAQ40_PIT,P1_2023_08_08_2024_08_07
2023-12-26,-0.03801548559062697,0.018462741478142038,0.9804472558875151,1.9552744112484866,KOSDAQ40_PIT,P1_2023_08_08_2024_08_07
2023-12-27,-0.03801548559062697,0.015900053734414714,0.9778845681437878,2.211543185621223,KOSDAQ40_PIT,P1_2023_08_08_2024_08_07
2023-12-28,-0.03801548559062697,0.011767482461752264,0.9737519968711253,2.6248003128874653,KOSDAQ40_PIT,P1_2023_08_08_2024_08_07
2024-01-02,-0.0232499025714724,0.00877008694520011,0.9855201843737277,1.4479815626272319,KOSDAQ40_PIT,P1_2023_08_08_2024_08_07
2024-01-03,-0.0232499025714724,0.009925153427229022,0.9866752508557566,1.332474914424342,KOSDAQ40_PIT,P1_2023_08_08_2024_08_07
2024-01-04,-0.0232499025714724,0.006554301472218641,0.9833043989007463,1.669560109925372,KOSDAQ40_PIT,P1_2023_08_08_2024_08_07
2024-01-05,-0.0232499025714724,0.010328403061405195,0.9870785004899327,1.292149951006727,KOSDAQ40_PIT,P1_2023_08_08_2024_08_07
2024-01-08,-0.0232499025714724,0.009483332927483767,0.9862334303560114,1.376656964398859,KOSDAQ40_PIT,P1_2023_08_08_2024_08_07
2024-01-09,-0.0232499025714724,0.0048810631143316125,0.9816311605428591,1.836883945714085,KOSDAQ40_PIT,P1_2023_08_08_2024_08_07
2024-01-10,-0.021284089074962556,-0.0024658458498889313,0.9762500650751484,2.3749934924851557,KOSDAQ40_PIT,P1_2023_08_08_2024_08_07
2024-01-11,-0.021284089074962556,0.004951493504996732,0.9836674044300341,1.6332595569965913,KOSDAQ40_PIT,P1_2023_08_08_2024_08_07
2024-01-12,-0.021284089074962556,0.004781614860224157,0.9834975257852615,1.6502474214738494,KOSDAQ40_PIT,P1_2023_08_08_2024_08_07
2024-01-15,-0.021284089074962556,-0.0003053646804807523,0.9784105462445567,2.15894537554433,KOSDAQ40_PIT,P1_2023_08_08_2024_08_07
2024-01-16,-0.021284089074962556,-0.0030072688925843042,0.9757086420324531,2.429135796754689,KOSDAQ40_PIT,P1_2023_08_08_2024_08_07
2024-01-17,-0.021284089074962556,-0.007623695009271957,0.9710922159157654,2.8907784084234556,KOSDAQ40_PIT,P1_2023_08_08_2024_08_07
2024-01-18,-0.028652308817352173,0.0,0.9713476911826479,2.8652308817352146,KOSDAQ40_PIT,P1_2023_08_08_2024_08_07
2024-01-19,-0.028652308817352173,0.0,0.9713476911826479,2.8652308817352146,KOSDAQ40_PIT,P1_2023_08_08_2024_08_07
2024-01-22,-0.028652308817352173,0.0,0.9713476911826479,2.8652308817352146,KOSDAQ40_PIT,P1_2023_08_08_2024_08_07
2024-01-23,-0.028652308817352173,0.0,0.9713476911826479,2.8652308817352146,KOSDAQ40_PIT,P1_2023_08_08_2024_08_07
2024-01-24,-0.028652308817352173,0.0,0.9713476911826479,2.8652308817352146,KOSDAQ40_PIT,P1_2023_08_08_2024_08_07
2024-01-25,-0.028652308817352173,0.0,0.9713476911826479,2.8652308817352146,KOSDAQ40_PIT,P1_2023_08_08_2024_08_07
2024-01-26,-0.028652308817352173,-0.0006070923069891565,0.9707405988756587,2.9259401124341333,KOSDAQ40_PIT,P1_2023_08_08_2024_08_07
2024-01-29,-0.028652308817352173,-0.007805472518431986,0.9635422186642159,3.6457781335784145,KOSDAQ40_PIT,P1_2023_08_08_2024_08_07
2024-01-30,-0.03845359675323518,0.0,0.9615464032467648,3.845359675323523,KOSDAQ40_PIT,P1_2023_08_08_2024_08_07
2024-01-31,-0.03845359675323518,0.0,0.9615464032467648,3.845359675323523,KOSDAQ40_PIT,P1_2023_08_08_2024_08_07
2024-02-01,-0.03845359675323518,0.0,0.9615464032467648,3.845359675323523,KOSDAQ40_PIT,P1_2023_08_08_2024_08_07
2024-02-02,-0.03845359675323518,0.0,0.9615464032467648,3.845359675323523,KOSDAQ40_PIT,P1_2023_08_08_2024_08_07
2024-02-05,-0.03845359675323518,0.0,0.9615464032467648,3.845359675323523,KOSDAQ40_PIT,P1_2023_08_08_2024_08_07
2024-02-06,-0.03845359675323518,0.0,0.9615464032467648,3.845359675323523,KOSDAQ40_PIT,P1_2023_08_08_2024_08_07
2024-02-07,-0.03845359675323518,0.0,0.9615464032467648,3.845359675323523,KOSDAQ40_PIT,P1_2023_08_08_2024_08_07
2024-02-08,-0.03845359675323518,0.0,0.9615464032467648,3.845359675323523,KOSDAQ40_PIT,P1_2023_08_08_2024_08_07
2024-02-13,-0.03845359675323518,0.0,0.9615464032467648,3.845359675323523,KOSDAQ40_PIT,P1_2023_08_08_2024_08_07
2024-02-14,-0.03845359675323518,0.0,0.9615464032467648,3.845359675323523,KOSDAQ40_PIT,P1_2023_08_08_2024_08_07
2024-02-15,-0.03845359675323518,0.0,0.9615464032467648,3.845359675323523,KOSDAQ40_PIT,P1_2023_08_08_2024_08_07
2024-02-16,-0.03845359675323518,0.0,0.9615464032467648,3.845359675323523,KOSDAQ40_PIT,P1_2023_08_08_2024_08_07
2024-02-19,-0.03845359675323518,0.0,0.9615464032467648,3.845359675323523,KOSDAQ40_PIT,P1_2023_08_08_2024_08_07
2024-02-20,-0.03845359675323518,5.8990576886306245e-05,0.9616053938236511,3.8394606176348933,KOSDAQ40_PIT,P1_2023_08_08_2024_08_07
2024-02-21,-0.03845359675323518,0.0008258680764082667,0.962372271323173,3.7627728676826955,KOSDAQ40_PIT,P1_2023_08_08_2024_08_07
2024-02-22,-0.03845359675323518,-0.0007668774995219605,0.9607795257472428,3.922047425275721,KOSDAQ40_PIT,P1_2023_08_08_2024_08_07
2024-02-23,-0.03845359675323518,-0.0003539434613178271,0.961192459785447,3.8807540214553016,KOSDAQ40_PIT,P1_2023_08_08_2024_08_07
2024-02-26,-0.03845359675323518,-0.0008848586532945677,0.9606615445934702,3.9338455406529804,KOSDAQ40_PIT,P1_2023_08_08_2024_08_07
2024-02-27,-0.03845359675323518,-0.0021236607679069627,0.9594227424788578,4.057725752114216,KOSDAQ40_PIT,P1_2023_08_08_2024_08_07
2024-02-28,-0.03845359675323518,-0.0011798115377260937,0.9603665917090387,3.963340829096129,KOSDAQ40_PIT,P1_2023_08_08_2024_08_07
2024-02-29,-0.03845359675323518,0.0012977926914986958,0.9628441959382634,3.7155804061736575,KOSDAQ40_PIT,P1_2023_08_08_2024_08_07
2024-03-04,-0.03845359675323518,0.0016517361528165333,0.9631981393995813,3.680186060041868,KOSDAQ40_PIT,P1_2023_08_08_2024_08_07
2024-03-05,-0.03845359675323518,0.0002359623075452146,0.96178236555431,3.821763444569004,KOSDAQ40_PIT,P1_2023_08_08_2024_08_07
2024-03-06,-0.03845359675323518,0.0004719246150904396,0.9620183278618553,3.798167213814474,KOSDAQ40_PIT,P1_2023_08_08_2024_08_07
2024-03-07,-0.03845359675323518,0.0003539434613178271,0.9619003467080826,3.8099653291917446,KOSDAQ40_PIT,P1_2023_08_08_2024_08_07
2024-03-08,-0.03845359675323518,0.011031237877738957,0.9725776411245037,2.7422358875496267,KOSDAQ40_PIT,P1_2023_08_08_2024_08_07
2024-03-11,-0.03845359675323518,0.012564992876782878,0.9741113961235477,2.588860387645231,KOSDAQ40_PIT,P1_2023_08_08_2024_08_07
2024-03-12,-0.03845359675323518,0.012270039992351357,0.9738164432391161,2.618355676088391,KOSDAQ40_PIT,P1_2023_08_08_2024_08_07
2024-03-13,-0.03845359675323518,0.010441332108875915,0.9719877353556406,2.8012264644359353,KOSDAQ40_PIT,P1_2023_08_08_2024_08_07
2024-03-14,-0.03845359675323518,0.013685813837622665,0.9752322170843875,2.4767782915612546,KOSDAQ40_PIT,P1_2023_08_08_2024_08_07
2024-03-15,-0.03845359675323518,0.01362682326073636,0.9751732265075012,2.4826773492498844,KOSDAQ40_PIT,P1_2023_08_08_2024_08_07
2024-03-18,-0.03845359675323518,0.012800955184328092,0.9743473584310929,2.565264156890712,KOSDAQ40_PIT,P1_2023_08_08_2024_08_07
2024-03-19,-0.03845359675323518,0.013862785568281574,0.9754091888150463,2.4590811184953654,KOSDAQ40_PIT,P1_2023_08_08_2024_08_07
2024-03-20,-0.03845359675323518,0.014452691337144625,0.9759990945839094,2.4000905416090568,KOSDAQ40_PIT,P1_2023_08_08_2024_08_07
2024-03-21,-0.03845359675323518,0.01946689037248052,0.9810132936192453,1.8986706380754725,KOSDAQ40_PIT,P1_2023_08_08_2024_08_07
2024-03-22,-0.03845359675323518,0.016574256811337052,0.9781206600581018,2.187933994189817,KOSDAQ40_PIT,P1_2023_08_08_2024_08_07
2024-03-25,-0.03845359675323518,0.017903317732114284,0.9794497209788791,2.0550279021120943,KOSDAQ40_PIT,P1_2023_08_08_2024_08_07
2024-03-26,-0.03845359675323518,0.018230505904461822,0.9797769091512266,2.0223090848773384,KOSDAQ40_PIT,P1_2023_08_08_2024_08_07
2024-03-27,-0.03845359675323518,0.01576772990767839,0.9773141331544432,2.2685866845556846,KOSDAQ40_PIT,P1_2023_08_08_2024_08_07
2024-03-28,-0.03845359675323518,0.017951509487548725,0.9794979127343135,2.0502087265686475,KOSDAQ40_PIT,P1_2023_08_08_2024_08_07
2024-03-29,-0.03845359675323518,0.018358157644609234,0.979904560891374,2.009543910862599,KOSDAQ40_PIT,P1_2023_08_08_2024_08_07
2024-04-01,-0.03845359675323518,0.020066305551278783,0.9816127087980435,1.838729120195648,KOSDAQ40_PIT,P1_2023_08_08_2024_08_07
2024-04-02,-0.03845359675323518,0.017736983646467655,0.9792833868932325,2.0716613106767534,KOSDAQ40_PIT,P1_2023_08_08_2024_08_07
2024-04-03,-0.023030803757765124,-5.254351930310451e-05,0.9769166527229318,2.308334727706818,KOSDAQ40_PIT,P1_2023_08_08_2024_08_07
2024-04-04,-0.023030803757765124,0.0008406963088496281,0.9778098925510845,2.2190107448915475,KOSDAQ40_PIT,P1_2023_08_08_2024_08_07
2024-04-05,-0.023030803757765124,0.0013135879825775466,0.9782827842248124,2.1717215775187593,KOSDAQ40_PIT,P1_2023_08_08_2024_08_07
2024-04-08,-0.023030803757765124,-0.0009457833474558316,0.976023412894779,2.3976587105220992,KOSDAQ40_PIT,P1_2023_08_08_2024_08_07
2024-04-09,-0.023030803757765124,-0.0007356092702434246,0.9762335869719915,2.3766413028008526,KOSDAQ40_PIT,P1_2023_08_08_2024_08_07
2024-04-11,-0.023030803757765124,0.0007881527895465236,0.9777573490317814,2.2242650968218647,KOSDAQ40_PIT,P1_2023_08_08_2024_08_07
2024-04-12,-0.023030803757765124,-0.0002627175965155115,0.9767064786457194,2.3293521354280644,KOSDAQ40_PIT,P1_2023_08_08_2024_08_07
2024-04-15,-0.023030803757765124,0.0008932398281527326,0.9778624360703876,2.2137563929612414,KOSDAQ40_PIT,P1_2023_08_08_2024_08_07
2024-04-16,-0.023030803757765124,-0.0011559574246682441,0.9758132388175667,2.4186761182433347,KOSDAQ40_PIT,P1_2023_08_08_2024_08_07
2024-04-17,-0.023030803757765124,-0.0011034139053651395,0.9758657823368697,2.4134217663130286,KOSDAQ40_PIT,P1_2023_08_08_2024_08_07
2024-04-18,-0.023030803757765124,-0.0006830657509403256,0.9762861304912945,2.3713869508705465,KOSDAQ40_PIT,P1_2023_08_08_2024_08_07
2024-04-19,-0.023030803757765124,-0.0029949806002768082,0.9739742156419581,2.6025784358041926,KOSDAQ40_PIT,P1_2023_08_08_2024_08_07
2024-04-22,-0.026597277188682957,0.0,0.973402722811317,2.659727718868299,KOSDAQ40_PIT,P1_2023_08_08_2024_08_07
2024-04-23,-0.026597277188682957,0.0,0.973402722811317,2.659727718868299,KOSDAQ40_PIT,P1_2023_08_08_2024_08_07
2024-04-24,-0.026597277188682957,-0.00039462272546404595,0.9730081000858529,2.6991899914147077,KOSDAQ40_PIT,P1_2023_08_08_2024_08_07
2024-04-25,-0.026597277188682957,-0.0026308181697603152,0.9707719046415567,2.9228095358443285,KOSDAQ40_PIT,P1_2023_08_08_2024_08_07
2024-04-26,-0.026597277188682957,-0.0026308181697603152,0.9707719046415567,2.9228095358443285,KOSDAQ40_PIT,P1_2023_08_08_2024_08_07
2024-04-29,-0.026597277188682957,-0.0009207863594161072,0.972481936451901,2.7518063548099048,KOSDAQ40_PIT,P1_2023_08_08_2024_08_07
2024-04-30,-0.026597277188682957,-0.0014469499933681775,0.9719557728179489,2.804422718205113,KOSDAQ40_PIT,P1_2023_08_08_2024_08_07
2024-05-02,-0.026597277188682957,-0.0014469499933681775,0.9719557728179489,2.804422718205113,KOSDAQ40_PIT,P1_2023_08_08_2024_08_07
2024-05-03,-0.026597277188682957,-0.00013154090848801532,0.973271181902829,2.672881809717098,KOSDAQ40_PIT,P1_2023_08_08_2024_08_07
2024-05-07,-0.026597277188682957,-0.004735472705568569,0.9686672501057484,3.133274989425161,KOSDAQ40_PIT,P1_2023_08_08_2024_08_07
2024-05-08,-0.03127864786142512,0.0,0.9687213521385749,3.127864786142509,KOSDAQ40_PIT,P1_2023_08_08_2024_08_07
2024-05-09,-0.03127864786142512,0.0,0.9687213521385749,3.127864786142509,KOSDAQ40_PIT,P1_2023_08_08_2024_08_07
2024-05-10,-0.03127864786142512,0.0,0.9687213521385749,3.127864786142509,KOSDAQ40_PIT,P1_2023_08_08_2024_08_07
2024-05-13,-0.03127864786142512,0.0,0.9687213521385749,3.127864786142509,KOSDAQ40_PIT,P1_2023_08_08_2024_08_07
2024-05-14,-0.03127864786142512,0.0,0.9687213521385749,3.127864786142509,KOSDAQ40_PIT,P1_2023_08_08_2024_08_07
2024-05-16,-0.03127864786142512,-0.0014245902237331944,0.9672967619148417,3.2703238085158293,KOSDAQ40_PIT,P1_2023_08_08_2024_08_07
2024-05-17,-0.03127864786142512,-0.0004748634079110683,0.9682464887306639,3.175351126933612,KOSDAQ40_PIT,P1_2023_08_08_2024_08_07
2024-05-20,-0.03127864786142512,-0.002374317039555331,0.9663470350990195,3.3652964900980464,KOSDAQ40_PIT,P1_2023_08_08_2024_08_07
2024-05-21,-0.03127864786142512,-0.001804480950062049,0.9669168711885129,3.3083128811487117,KOSDAQ40_PIT,P1_2023_08_08_2024_08_07
2024-05-22,-0.03127864786142512,-0.0010446994974043504,0.9676766526411705,3.232334735882947,KOSDAQ40_PIT,P1_2023_08_08_2024_08_07
2024-05-23,-0.03127864786142512,0.00018994536316442733,0.9689112975017393,3.108870249826068,KOSDAQ40_PIT,P1_2023_08_08_2024_08_07
2024-05-24,-0.03127864786142512,-0.0022793443579731173,0.9664420077806017,3.355799221939826,KOSDAQ40_PIT,P1_2023_08_08_2024_08_07
2024-05-27,-0.03127864786142512,0.002184371676390904,0.9709057238149658,2.909427618503424,KOSDAQ40_PIT,P1_2023_08_08_2024_08_07
2024-05-28,-0.03127864786142512,0.0027542077658841858,0.9714755599044591,2.8524440095540893,KOSDAQ40_PIT,P1_2023_08_08_2024_08_07
2024-05-29,-0.03127864786142512,0.004748634079110662,0.9734699862176855,2.6530013782314454,KOSDAQ40_PIT,P1_2023_08_08_2024_08_07
2024-05-30,-0.03127864786142512,0.01913699533881595,0.9878583474773909,1.2141652522609125,KOSDAQ40_PIT,P1_2023_08_08_2024_08_07
2024-05-31,-0.03127864786142512,0.016857650980842836,0.9855790031194177,1.4420996880582293,KOSDAQ40_PIT,P1_2023_08_08_2024_08_07
2024-06-03,-0.03127864786142512,0.017474973411127217,0.9861963255497022,1.3803674450297843,KOSDAQ40_PIT,P1_2023_08_08_2024_08_07
2024-06-04,-0.03127864786142512,0.018709618271695996,0.987430970410271,1.2569029589729053,KOSDAQ40_PIT,P1_2023_08_08_2024_08_07
2024-06-05,-0.03127864786142512,0.01980180410989145,0.9885231562484663,1.1476843751533683,KOSDAQ40_PIT,P1_2023_08_08_2024_08_07
2024-06-07,-0.03127864786142512,0.02037164019938472,0.9890929923379597,1.0907007662040336,KOSDAQ40_PIT,P1_2023_08_08_2024_08_07
2024-06-10,-0.03127864786142512,0.019991749473055875,0.9887131016116308,1.128689838836916,KOSDAQ40_PIT,P1_2023_08_08_2024_08_07
2024-06-11,-0.03127864786142512,0.03551978291174773,1.0042411350503226,-0.0,KOSDAQ40_PIT,P1_2023_08_08_2024_08_07
2024-06-12,-0.03127864786142512,0.037514209224974206,1.0062355613635492,-0.0,KOSDAQ40_PIT,P1_2023_08_08_2024_08_07
2024-06-13,-0.03127864786142512,0.0324331707603258,1.0011545228989007,0.504955167531862,KOSDAQ40_PIT,P1_2023_08_08_2024_08_07
2024-06-14,-0.03127864786142512,0.03086612151421928,0.9995874736527942,0.6606890042472946,KOSDAQ40_PIT,P1_2023_08_08_2024_08_07
2024-06-17,-0.03127864786142512,0.02972644933523272,0.9984478014738076,0.7739499764039759,KOSDAQ40_PIT,P1_2023_08_08_2024_08_07
2024-06-18,-0.03127864786142512,0.0317683619892503,1.0004897141278253,0.5710240679565826,KOSDAQ40_PIT,P1_2023_08_08_2024_08_07
2024-06-19,-0.03127864786142512,0.029441531290486087,0.998162883429061,0.8022652194431434,KOSDAQ40_PIT,P1_2023_08_08_2024_08_07
2024-06-20,-0.03127864786142512,0.027265730319506257,0.9959870824580812,1.018496990066653,KOSDAQ40_PIT,P1_2023_08_08_2024_08_07
2024-06-21,-0.03127864786142512,0.023570134802524234,0.9922914869410991,1.385766410755196,KOSDAQ40_PIT,P1_2023_08_08_2024_08_07
2024-06-24,-0.03127864786142512,0.026368817580271306,0.9950901697188462,1.1076324543330407,KOSDAQ40_PIT,P1_2023_08_08_2024_08_07
2024-06-25,-0.03127864786142512,0.02835861107976207,0.997079963218337,0.9098861635147726,KOSDAQ40_PIT,P1_2023_08_08_2024_08_07
2024-06-26,-0.03127864786142512,0.03163516859434843,1.0003565207329232,0.5842608685643458,KOSDAQ40_PIT,P1_2023_08_08_2024_08_07
2024-06-27,-0.03127864786142512,0.031585134206002674,1.0003064863445776,0.5892333014882789,KOSDAQ40_PIT,P1_2023_08_08_2024_08_07
2024-06-28,-0.03127864786142512,0.02802389028735646,0.9967452424259313,0.9431508189551074,KOSDAQ40_PIT,P1_2023_08_08_2024_08_07
2024-07-01,-0.03127864786142512,0.03347902846116407,1.002200380599739,0.40101750710759276,KOSDAQ40_PIT,P1_2023_08_08_2024_08_07
2024-07-02,-0.03127864786142512,0.02930138867498062,0.9980227408135556,0.8161926357347582,KOSDAQ40_PIT,P1_2023_08_08_2024_08_07
2024-07-03,-0.03127864786142512,0.03237224925970111,1.001093601398276,0.5110095650272206,KOSDAQ40_PIT,P1_2023_08_08_2024_08_07
2024-07-04,-0.03127864786142512,0.030324313947827097,0.999045666086402,0.7145340070673134,KOSDAQ40_PIT,P1_2023_08_08_2024_08_07
2024-07-05,-0.005568152302662055,0.0013703863030253031,0.9958022340003633,1.0368672867263506,KOSDAQ40_PIT,P1_2023_08_08_2024_08_07
2024-07-08,-0.005568152302662055,-0.0008978393019820944,0.9935340083953559,1.2622842459454997,KOSDAQ40_PIT,P1_2023_08_08_2024_08_07
2024-07-09,-0.005568152302662055,0.0016539145036512204,0.9960857622009892,1.0086901668239556,KOSDAQ40_PIT,P1_2023_08_08_2024_08_07
2024-07-10,-0.005568152302662055,0.001417641003129626,0.9958494887004675,1.0321711000759626,KOSDAQ40_PIT,P1_2023_08_08_2024_08_07
2024-07-11,-0.005568152302662055,-0.0029297914064678877,0.9915020562908701,1.464220271912653,KOSDAQ40_PIT,P1_2023_08_08_2024_08_07
2024-07-12,-0.009292866477851346,0.0,0.9907071335221487,1.5432199414973868,KOSDAQ40_PIT,P1_2023_08_08_2024_08_07
2024-07-15,-0.009292866477851346,0.0,0.9907071335221487,1.5432199414973868,KOSDAQ40_PIT,P1_2023_08_08_2024_08_07
2024-07-16,-0.009292866477851346,0.0,0.9907071335221487,1.5432199414973868,KOSDAQ40_PIT,P1_2023_08_08_2024_08_07
2024-07-17,-0.009292866477851346,0.0,0.9907071335221487,1.5432199414973868,KOSDAQ40_PIT,P1_2023_08_08_2024_08_07
2024-07-18,-0.009292866477851346,0.0,0.9907071335221487,1.5432199414973868,KOSDAQ40_PIT,P1_2023_08_08_2024_08_07
2024-07-19,-0.009292866477851346,0.0,0.9907071335221487,1.5432199414973868,KOSDAQ40_PIT,P1_2023_08_08_2024_08_07
2024-07-22,-0.009292866477851346,0.0,0.9907071335221487,1.5432199414973868,KOSDAQ40_PIT,P1_2023_08_08_2024_08_07
2024-07-23,-0.009292866477851346,0.0,0.9907071335221487,1.5432199414973868,KOSDAQ40_PIT,P1_2023_08_08_2024_08_07
2024-07-24,-0.009292866477851346,0.0,0.9907071335221487,1.5432199414973868,KOSDAQ40_PIT,P1_2023_08_08_2024_08_07
2024-07-25,-0.009292866477851346,0.0,0.9907071335221487,1.5432199414973868,KOSDAQ40_PIT,P1_2023_08_08_2024_08_07
2024-07-26,-0.009292866477851346,0.0,0.9907071335221487,1.5432199414973868,KOSDAQ40_PIT,P1_2023_08_08_2024_08_07
2024-07-29,-0.009292866477851346,0.0,0.9907071335221487,1.5432199414973868,KOSDAQ40_PIT,P1_2023_08_08_2024_08_07
2024-07-30,-0.009292866477851346,0.0,0.9907071335221487,1.5432199414973868,KOSDAQ40_PIT,P1_2023_08_08_2024_08_07
2024-07-31,-0.009292866477851346,0.0,0.9907071335221487,1.5432199414973868,KOSDAQ40_PIT,P1_2023_08_08_2024_08_07
2024-08-01,-0.009292866477851346,0.0,0.9907071335221487,1.5432199414973868,KOSDAQ40_PIT,P1_2023_08_08_2024_08_07
2024-08-02,-0.009292866477851346,0.0004623299956436683,0.9911694635177923,1.4972734441367597,KOSDAQ40_PIT,P1_2023_08_08_2024_08_07
2024-08-05,-0.009292866477851346,-0.0023116499782183456,0.9883954835439304,1.772952428300556,KOSDAQ40_PIT,P1_2023_08_08_2024_08_07
2024-08-06,-0.009292866477851346,-0.002377697120453158,0.9883294364016956,1.7795162136377884,KOSDAQ40_PIT,P1_2023_08_08_2024_08_07
2024-08-07,-0.007746485361559068,0.0,0.9922535146384409,1.3895401098885096,KOSDAQ40_PIT,P1_2023_08_08_2024_08_07
2024-08-08,0.0,0.0,1.0,-0.0,KOSDAQ40_PIT,P2_2024_08_08_2025_08_07
2024-08-09,0.0,0.0,1.0,-0.0,KOSDAQ40_PIT,P2_2024_08_08_2025_08_07
2024-08-12,0.0,0.0,1.0,-0.0,KOSDAQ40_PIT,P2_2024_08_08_2025_08_07
2024-08-13,0.0,0.0,1.0,-0.0,KOSDAQ40_PIT,P2_2024_08_08_2025_08_07
2024-08-14,0.0,0.0,1.0,-0.0,KOSDAQ40_PIT,P2_2024_08_08_2025_08_07
2024-08-16,0.0,0.0,1.0,-0.0,KOSDAQ40_PIT,P2_2024_08_08_2025_08_07
2024-08-19,0.0,0.0,1.0,-0.0,KOSDAQ40_PIT,P2_2024_08_08_2025_08_07
2024-08-20,0.0,0.0,1.0,-0.0,KOSDAQ40_PIT,P2_2024_08_08_2025_08_07
2024-08-21,0.0,0.0,1.0,-0.0,KOSDAQ40_PIT,P2_2024_08_08_2025_08_07
2024-08-22,0.0,-0.0013207547169811268,0.9986792452830189,0.13207547169811207,KOSDAQ40_PIT,P2_2024_08_08_2025_08_07
2024-08-23,0.0,-0.0011320754716981085,0.9988679245283019,0.11320754716981352,KOSDAQ40_PIT,P2_2024_08_08_2025_08_07
2024-08-26,0.0,-0.006666666666666662,0.9933333333333333,0.666666666666671,KOSDAQ40_PIT,P2_2024_08_08_2025_08_07
2024-08-27,0.0,-0.006729559748427677,0.9932704402515723,0.6729559748427705,KOSDAQ40_PIT,P2_2024_08_08_2025_08_07
2024-08-28,0.0,-0.006163522012578623,0.9938364779874214,0.6163522012578637,KOSDAQ40_PIT,P2_2024_08_08_2025_08_07
2024-08-29,0.0,-0.004905660377358484,0.9950943396226415,0.49056603773585117,KOSDAQ40_PIT,P2_2024_08_08_2025_08_07
2024-08-30,0.0,-0.003710691823899374,0.9962893081761006,0.37106918238993813,KOSDAQ40_PIT,P2_2024_08_08_2025_08_07
2024-09-02,0.0,-0.006037735849056607,0.9939622641509434,0.6037735849056647,KOSDAQ40_PIT,P2_2024_08_08_2025_08_07
2024-09-03,0.0,-0.007610062893081766,0.9923899371069183,0.7610062893081748,KOSDAQ40_PIT,P2_2024_08_08_2025_08_07
2024-09-04,-0.007097237544749622,0.0,0.9929027624552503,0.7097237544749668,KOSDAQ40_PIT,P2_2024_08_08_2025_08_07
2024-09-05,-0.007097237544749622,0.0,0.9929027624552503,0.7097237544749668,KOSDAQ40_PIT,P2_2024_08_08_2025_08_07
2024-09-06,-0.007097237544749622,0.0,0.9929027624552503,0.7097237544749668,KOSDAQ40_PIT,P2_2024_08_08_2025_08_07
2024-09-09,-0.007097237544749622,0.0,0.9929027624552503,0.7097237544749668,KOSDAQ40_PIT,P2_2024_08_08_2025_08_07
2024-09-10,-0.007097237544749622,0.0,0.9929027624552503,0.7097237544749668,KOSDAQ40_PIT,P2_2024_08_08_2025_08_07
2024-09-11,-0.007097237544749622,0.0,0.9929027624552503,0.7097237544749668,KOSDAQ40_PIT,P2_2024_08_08_2025_08_07
2024-09-12,-0.007097237544749622,0.0,0.9929027624552503,0.7097237544749668,KOSDAQ40_PIT,P2_2024_08_08_2025_08_07
2024-09-13,-0.007097237544749622,0.0,0.9929027624552503,0.7097237544749668,KOSDAQ40_PIT,P2_2024_08_08_2025_08_07
2024-09-19,-0.007097237544749622,0.0,0.9929027624552503,0.7097237544749668,KOSDAQ40_PIT,P2_2024_08_08_2025_08_07
2024-09-20,-0.007097237544749622,0.0,0.9929027624552503,0.7097237544749668,KOSDAQ40_PIT,P2_2024_08_08_2025_08_07
2024-09-23,-0.007097237544749622,0.0,0.9929027624552503,0.7097237544749668,KOSDAQ40_PIT,P2_2024_08_08_2025_08_07
2024-09-24,-0.007097237544749622,0.0,0.9929027624552503,0.7097237544749668,KOSDAQ40_PIT,P2_2024_08_08_2025_08_07
2024-09-25,-0.007097237544749622,0.0,0.9929027624552503,0.7097237544749668,KOSDAQ40_PIT,P2_2024_08_08_2025_08_07
2024-09-26,-0.007097237544749622,0.0,0.9929027624552503,0.7097237544749668,KOSDAQ40_PIT,P2_2024_08_08_2025_08_07
2024-09-27,-0.007097237544749622,0.0,0.9929027624552503,0.7097237544749668,KOSDAQ40_PIT,P2_2024_08_08_2025_08_07
2024-09-30,-0.007097237544749622,0.0,0.9929027624552503,0.7097237544749668,KOSDAQ40_PIT,P2_2024_08_08_2025_08_07
2024-10-02,-0.007097237544749622,0.0,0.9929027624552503,0.7097237544749668,KOSDAQ40_PIT,P2_2024_08_08_2025_08_07
2024-10-04,-0.007097237544749622,0.0,0.9929027624552503,0.7097237544749668,KOSDAQ40_PIT,P2_2024_08_08_2025_08_07
2024-10-07,-0.007097237544749622,0.0,0.9929027624552503,0.7097237544749668,KOSDAQ40_PIT,P2_2024_08_08_2025_08_07
2024-10-08,-0.007097237544749622,0.0,0.9929027624552503,0.7097237544749668,KOSDAQ40_PIT,P2_2024_08_08_2025_08_07
2024-10-10,-0.007097237544749622,0.0,0.9929027624552503,0.7097237544749668,KOSDAQ40_PIT,P2_2024_08_08_2025_08_07
2024-10-11,-0.007097237544749622,0.0,0.9929027624552503,0.7097237544749668,KOSDAQ40_PIT,P2_2024_08_08_2025_08_07
2024-10-14,-0.007097237544749622,0.0,0.9929027624552503,0.7097237544749668,KOSDAQ40_PIT,P2_2024_08_08_2025_08_07
2024-10-15,-0.007097237544749622,0.0,0.9929027624552503,0.7097237544749668,KOSDAQ40_PIT,P2_2024_08_08_2025_08_07
2024-10-16,0.0024422218579461382,0.00032554188932959336,1.0027677637472756,-0.0,KOSDAQ40_PIT,P2_2024_08_08_2025_08_07
2024-10-17,0.0024422218579461382,-0.002061765299087403,1.0003804565588588,0.238071792365524,KOSDAQ40_PIT,P2_2024_08_08_2025_08_07
2024-10-18,0.0024422218579461382,-0.001898994354422611,1.0005432275035235,0.22183962470424534,KOSDAQ40_PIT,P2_2024_08_08_2025_08_07
2024-10-21,0.0024422218579461382,-0.002441564169971925,1.000000657687974,0.2759468502418816,KOSDAQ40_PIT,P2_2024_08_08_2025_08_07
2024-10-22,0.0024422218579461382,-0.004069273616619877,0.9983729482413262,0.43826852685474593,KOSDAQ40_PIT,P2_2024_08_08_2025_08_07
2024-10-23,-0.0022104024339225066,0.0,0.9977895975660775,0.49644258233780825,KOSDAQ40_PIT,P2_2024_08_08_2025_08_07
2024-10-24,-0.0022104024339225066,0.0,0.9977895975660775,0.49644258233780825,KOSDAQ40_PIT,P2_2024_08_08_2025_08_07
2024-10-25,-0.0022104024339225066,0.0,0.9977895975660775,0.49644258233780825,KOSDAQ40_PIT,P2_2024_08_08_2025_08_07
2024-10-28,-0.0022104024339225066,0.0,0.9977895975660775,0.49644258233780825,KOSDAQ40_PIT,P2_2024_08_08_2025_08_07
2024-10-29,-0.0022104024339225066,0.0,0.9977895975660775,0.49644258233780825,KOSDAQ40_PIT,P2_2024_08_08_2025_08_07
2024-10-30,-0.0022104024339225066,0.0,0.9977895975660775,0.49644258233780825,KOSDAQ40_PIT,P2_2024_08_08_2025_08_07
2024-10-31,-0.0022104024339225066,0.0,0.9977895975660775,0.49644258233780825,KOSDAQ40_PIT,P2_2024_08_08_2025_08_07
2024-11-01,-0.0022104024339225066,0.0,0.9977895975660775,0.49644258233780825,KOSDAQ40_PIT,P2_2024_08_08_2025_08_07
2024-11-04,-0.0022104024339225066,0.0,0.9977895975660775,0.49644258233780825,KOSDAQ40_PIT,P2_2024_08_08_2025_08_07
2024-11-05,-0.0022104024339225066,0.0,0.9977895975660775,0.49644258233780825,KOSDAQ40_PIT,P2_2024_08_08_2025_08_07
2024-11-06,-0.0022104024339225066,0.0,0.9977895975660775,0.49644258233780825,KOSDAQ40_PIT,P2_2024_08_08_2025_08_07
2024-11-07,-0.0022104024339225066,0.0,0.9977895975660775,0.49644258233780825,KOSDAQ40_PIT,P2_2024_08_08_2025_08_07
2024-11-08,-0.0022104024339225066,0.0,0.9977895975660775,0.49644258233780825,KOSDAQ40_PIT,P2_2024_08_08_2025_08_07
2024-11-11,-0.0022104024339225066,0.0,0.9977895975660775,0.49644258233780825,KOSDAQ40_PIT,P2_2024_08_08_2025_08_07
2024-11-12,-0.0022104024339225066,0.0,0.9977895975660775,0.49644258233780825,KOSDAQ40_PIT,P2_2024_08_08_2025_08_07
2024-11-13,-0.0022104024339225066,0.0,0.9977895975660775,0.49644258233780825,KOSDAQ40_PIT,P2_2024_08_08_2025_08_07
2024-11-14,-0.0022104024339225066,0.0,0.9977895975660775,0.49644258233780825,KOSDAQ40_PIT,P2_2024_08_08_2025_08_07
2024-11-15,-0.0022104024339225066,0.0,0.9977895975660775,0.49644258233780825,KOSDAQ40_PIT,P2_2024_08_08_2025_08_07
2024-11-18,-0.0022104024339225066,0.0,0.9977895975660775,0.49644258233780825,KOSDAQ40_PIT,P2_2024_08_08_2025_08_07
2024-11-19,-0.0022104024339225066,0.0,0.9977895975660775,0.49644258233780825,KOSDAQ40_PIT,P2_2024_08_08_2025_08_07
2024-11-20,-0.0022104024339225066,0.0,0.9977895975660775,0.49644258233780825,KOSDAQ40_PIT,P2_2024_08_08_2025_08_07
2024-11-21,-0.0022104024339225066,0.0,0.9977895975660775,0.49644258233780825,KOSDAQ40_PIT,P2_2024_08_08_2025_08_07
2024-11-22,-0.0022104024339225066,0.0,0.9977895975660775,0.49644258233780825,KOSDAQ40_PIT,P2_2024_08_08_2025_08_07
2024-11-25,-0.0022104024339225066,0.0,0.9977895975660775,0.49644258233780825,KOSDAQ40_PIT,P2_2024_08_08_2025_08_07
2024-11-26,-0.0022104024339225066,0.0,0.9977895975660775,0.49644258233780825,KOSDAQ40_PIT,P2_2024_08_08_2025_08_07
2024-11-27,-0.0022104024339225066,0.0,0.9977895975660775,0.49644258233780825,KOSDAQ40_PIT,P2_2024_08_08_2025_08_07
2024-11-28,-0.0022104024339225066,0.0,0.9977895975660775,0.49644258233780825,KOSDAQ40_PIT,P2_2024_08_08_2025_08_07
2024-11-29,-0.0022104024339225066,0.0,0.9977895975660775,0.49644258233780825,KOSDAQ40_PIT,P2_2024_08_08_2025_08_07
2024-12-02,-0.0022104024339225066,0.0,0.9977895975660775,0.49644258233780825,KOSDAQ40_PIT,P2_2024_08_08_2025_08_07
2024-12-03,-0.0022104024339225066,0.0,0.9977895975660775,0.49644258233780825,KOSDAQ40_PIT,P2_2024_08_08_2025_08_07
2024-12-04,-0.0022104024339225066,0.0,0.9977895975660775,0.49644258233780825,KOSDAQ40_PIT,P2_2024_08_08_2025_08_07
2024-12-05,-0.0022104024339225066,0.0,0.9977895975660775,0.49644258233780825,KOSDAQ40_PIT,P2_2024_08_08_2025_08_07
2024-12-06,-0.0022104024339225066,0.0,0.9977895975660775,0.49644258233780825,KOSDAQ40_PIT,P2_2024_08_08_2025_08_07
2024-12-09,-0.0022104024339225066,0.0,0.9977895975660775,0.49644258233780825,KOSDAQ40_PIT,P2_2024_08_08_2025_08_07
2024-12-10,-0.0022104024339225066,0.0,0.9977895975660775,0.49644258233780825,KOSDAQ40_PIT,P2_2024_08_08_2025_08_07
2024-12-11,-0.0022104024339225066,0.0,0.9977895975660775,0.49644258233780825,KOSDAQ40_PIT,P2_2024_08_08_2025_08_07
2024-12-12,-0.0022104024339225066,0.0,0.9977895975660775,0.49644258233780825,KOSDAQ40_PIT,P2_2024_08_08_2025_08_07
2024-12-13,-0.0022104024339225066,0.0,0.9977895975660775,0.49644258233780825,KOSDAQ40_PIT,P2_2024_08_08_2025_08_07
2024-12-16,-0.0022104024339225066,0.0,0.9977895975660775,0.49644258233780825,KOSDAQ40_PIT,P2_2024_08_08_2025_08_07
2024-12-17,-0.0022104024339225066,0.0,0.9977895975660775,0.49644258233780825,KOSDAQ40_PIT,P2_2024_08_08_2025_08_07
2024-12-18,-0.0022104024339225066,0.0,0.9977895975660775,0.49644258233780825,KOSDAQ40_PIT,P2_2024_08_08_2025_08_07
2024-12-19,-0.0022104024339225066,0.0,0.9977895975660775,0.49644258233780825,KOSDAQ40_PIT,P2_2024_08_08_2025_08_07
2024-12-20,-0.0022104024339225066,0.0,0.9977895975660775,0.49644258233780825,KOSDAQ40_PIT,P2_2024_08_08_2025_08_07
2024-12-23,-0.0022104024339225066,0.0,0.9977895975660775,0.49644258233780825,KOSDAQ40_PIT,P2_2024_08_08_2025_08_07
2024-12-24,-0.0022104024339225066,0.0,0.9977895975660775,0.49644258233780825,KOSDAQ40_PIT,P2_2024_08_08_2025_08_07
2024-12-26,-0.0022104024339225066,0.0,0.9977895975660775,0.49644258233780825,KOSDAQ40_PIT,P2_2024_08_08_2025_08_07
2024-12-27,-0.0022104024339225066,0.0,0.9977895975660775,0.49644258233780825,KOSDAQ40_PIT,P2_2024_08_08_2025_08_07
2024-12-30,-0.0022104024339225066,0.0,0.9977895975660775,0.49644258233780825,KOSDAQ40_PIT,P2_2024_08_08_2025_08_07
2025-01-02,-0.0022104024339225066,0.0,0.9977895975660775,0.49644258233780825,KOSDAQ40_PIT,P2_2024_08_08_2025_08_07
2025-01-03,-0.0022104024339225066,0.0,0.9977895975660775,0.49644258233780825,KOSDAQ40_PIT,P2_2024_08_08_2025_08_07
2025-01-06,-0.0022104024339225066,0.0,0.9977895975660775,0.49644258233780825,KOSDAQ40_PIT,P2_2024_08_08_2025_08_07
2025-01-07,-0.0022104024339225066,0.0,0.9977895975660775,0.49644258233780825,KOSDAQ40_PIT,P2_2024_08_08_2025_08_07
2025-01-08,-0.0022104024339225066,0.0,0.9977895975660775,0.49644258233780825,KOSDAQ40_PIT,P2_2024_08_08_2025_08_07
2025-01-09,-0.0022104024339225066,0.0,0.9977895975660775,0.49644258233780825,KOSDAQ40_PIT,P2_2024_08_08_2025_08_07
2025-01-10,-0.0022104024339225066,-0.0024944739939151907,0.9952951235721623,0.7452014758819625,KOSDAQ40_PIT,P2_2024_08_08_2025_08_07
2025-01-13,-0.0022104024339225066,-0.001854000941423455,0.9959355966246541,0.681330949161163,KOSDAQ40_PIT,P2_2024_08_08_2025_08_07
2025-01-14,-0.0022104024339225066,-0.0015843280772164041,0.9962052694888611,0.6544380958050433,KOSDAQ40_PIT,P2_2024_08_08_2025_08_07
2025-01-15,-0.0022104024339225066,-0.00380912920692455,0.993980468359153,0.8763041359930779,KOSDAQ40_PIT,P2_2024_08_08_2025_08_07
2025-01-16,-0.0022104024339225066,0.001112400564854073,0.9989019981309316,0.38550956224379096,KOSDAQ40_PIT,P2_2024_08_08_2025_08_07
2025-01-17,-0.0022104024339225066,0.00020225464815528028,0.9979918522142328,0.47627294232072126,KOSDAQ40_PIT,P2_2024_08_08_2025_08_07
2025-01-20,-0.0022104024339225066,0.0013483643210352354,0.9991379618871128,0.3619783155571876,KOSDAQ40_PIT,P2_2024_08_08_2025_08_07
2025-01-21,-0.0022104024339225066,-0.0015506189691905283,0.996238978596887,0.651076489135527,KOSDAQ40_PIT,P2_2024_08_08_2025_08_07
2025-01-22,-0.0022104024339225066,0.0008427277006470285,0.9986323252667246,0.41240241559991064,KOSDAQ40_PIT,P2_2024_08_08_2025_08_07
2025-01-23,-0.0022104024339225066,0.0016180371852422925,0.9994076347513199,0.33508546220105684,KOSDAQ40_PIT,P2_2024_08_08_2025_08_07
2025-01-24,-0.0022104024339225066,0.0012809461049834837,0.9990705436710611,0.3687015288962092,KOSDAQ40_PIT,P2_2024_08_08_2025_08_07
2025-01-31,-0.0022104024339225066,0.005326039068089203,1.0031156366341667,-0.0,KOSDAQ40_PIT,P2_2024_08_08_2025_08_07
2025-02-03,-0.0022104024339225066,0.002966401506277533,1.0007559990723551,0.23523086228912637,KOSDAQ40_PIT,P2_2024_08_08_2025_08_07
2025-02-04,-0.0022104024339225066,0.00546087550019272,1.0032504730662704,-0.0,KOSDAQ40_PIT,P2_2024_08_08_2025_08_07
2025-02-05,-0.0022104024339225066,0.02177608378471912,1.0195656813507967,-0.0,KOSDAQ40_PIT,P2_2024_08_08_2025_08_07
2025-02-06,-0.0022104024339225066,0.02528183101941075,1.0230714285854883,-0.0,KOSDAQ40_PIT,P2_2024_08_08_2025_08_07
2025-02-07,-0.0022104024339225066,0.026765031772549512,1.024554629338627,-0.0,KOSDAQ40_PIT,P2_2024_08_08_2025_08_07
2025-02-10,-0.0022104024339225066,0.017629863497535765,1.0154194610636134,0.8916233467131551,KOSDAQ40_PIT,P2_2024_08_08_2025_08_07
2025-02-11,-0.0022104024339225066,0.01904564603462277,1.0168352436007002,0.7534381785878841,KOSDAQ40_PIT,P2_2024_08_08_2025_08_07
2025-02-12,-0.0022104024339225066,0.014697171099284112,1.0124867686653616,1.1778640521155515,KOSDAQ40_PIT,P2_2024_08_08_2025_08_07
2025-02-13,-0.0022104024339225066,0.015573607907957022,1.0133632054740345,1.0923208527998995,KOSDAQ40_PIT,P2_2024_08_08_2025_08_07
2025-02-14,-0.0022104024339225066,0.016921972228992263,1.0147115697950697,0.9607159307758129,KOSDAQ40_PIT,P2_2024_08_08_2025_08_07
2025-02-17,-0.0006843282775224233,0.014157825370870023,1.0134734970933477,1.0815560174114336,KOSDAQ40_PIT,P2_2024_08_08_2025_08_07
2025-02-18,-0.0006843282775224233,0.01665229936478521,1.0159679710872629,0.8380869116668688,KOSDAQ40_PIT,P2_2024_08_08_2025_08_07
2025-02-19,-0.0006843282775224233,0.015641026124008785,1.0149566978464863,0.9367906031849449,KOSDAQ40_PIT,P2_2024_08_08_2025_08_07
2025-02-20,-0.0006843282775224233,0.01368589785850769,1.0130015695809853,1.1276177401198573,KOSDAQ40_PIT,P2_2024_08_08_2025_08_07
2025-02-21,-0.0006843282775224233,0.014899425747439403,1.014215097469917,1.0091733102981948,KOSDAQ40_PIT,P2_2024_08_08_2025_08_07
2025-02-24,-0.0006843282775224233,0.0129442974819383,1.0122599692044159,1.2000004472331183,KOSDAQ40_PIT,P2_2024_08_08_2025_08_07
2025-02-25,-0.0006843282775224233,0.012539788185627732,1.0118554599081053,1.2394819238403354,KOSDAQ40_PIT,P2_2024_08_08_2025_08_07
2025-02-26,-0.0006843282775224233,0.012472369969575969,1.0117880416920535,1.246062169941542,KOSDAQ40_PIT,P2_2024_08_08_2025_08_07
2025-02-27,-0.0006843282775224233,0.013281388562197113,1.0125970602846748,1.1670992167270855,KOSDAQ40_PIT,P2_2024_08_08_2025_08_07
2025-02-28,-0.0006843282775224233,0.006539566957020915,1.0058552386794986,1.8251238268475078,KOSDAQ40_PIT,P2_2024_08_08_2025_08_07
2025-03-04,0.005809080280702436,0.0,1.0058090802807025,1.8296290428188478,KOSDAQ40_PIT,P2_2024_08_08_2025_08_07
2025-03-05,0.005809080280702436,0.0,1.0058090802807025,1.8296290428188478,KOSDAQ40_PIT,P2_2024_08_08_2025_08_07
2025-03-06,0.005809080280702436,0.0,1.0058090802807025,1.8296290428188478,KOSDAQ40_PIT,P2_2024_08_08_2025_08_07
2025-03-07,0.005809080280702436,0.0,1.0058090802807025,1.8296290428188478,KOSDAQ40_PIT,P2_2024_08_08_2025_08_07
2025-03-10,0.005809080280702436,0.0,1.0058090802807025,1.8296290428188478,KOSDAQ40_PIT,P2_2024_08_08_2025_08_07
2025-03-11,0.005809080280702436,0.0,1.0058090802807025,1.8296290428188478,KOSDAQ40_PIT,P2_2024_08_08_2025_08_07
2025-03-12,0.005809080280702436,0.0,1.0058090802807025,1.8296290428188478,KOSDAQ40_PIT,P2_2024_08_08_2025_08_07
2025-03-13,0.005809080280702436,0.0,1.0058090802807025,1.8296290428188478,KOSDAQ40_PIT,P2_2024_08_08_2025_08_07
2025-03-14,0.005809080280702436,0.0,1.0058090802807025,1.8296290428188478,KOSDAQ40_PIT,P2_2024_08_08_2025_08_07
2025-03-17,0.005809080280702436,0.0,1.0058090802807025,1.8296290428188478,KOSDAQ40_PIT,P2_2024_08_08_2025_08_07
2025-03-18,0.005809080280702436,0.0,1.0058090802807025,1.8296290428188478,KOSDAQ40_PIT,P2_2024_08_08_2025_08_07
2025-03-19,0.005809080280702436,0.0,1.0058090802807025,1.8296290428188478,KOSDAQ40_PIT,P2_2024_08_08_2025_08_07
2025-03-20,0.005809080280702436,0.0,1.0058090802807025,1.8296290428188478,KOSDAQ40_PIT,P2_2024_08_08_2025_08_07
2025-03-21,0.005809080280702436,0.0,1.0058090802807025,1.8296290428188478,KOSDAQ40_PIT,P2_2024_08_08_2025_08_07
2025-03-24,0.005809080280702436,0.0,1.0058090802807025,1.8296290428188478,KOSDAQ40_PIT,P2_2024_08_08_2025_08_07
2025-03-25,0.005809080280702436,0.0,1.0058090802807025,1.8296290428188478,KOSDAQ40_PIT,P2_2024_08_08_2025_08_07
2025-03-26,0.005809080280702436,0.0,1.0058090802807025,1.8296290428188478,KOSDAQ40_PIT,P2_2024_08_08_2025_08_07
2025-03-27,0.005809080280702436,0.0,1.0058090802807025,1.8296290428188478,KOSDAQ40_PIT,P2_2024_08_08_2025_08_07
2025-03-28,0.005809080280702436,0.0,1.0058090802807025,1.8296290428188478,KOSDAQ40_PIT,P2_2024_08_08_2025_08_07
2025-03-31,0.005809080280702436,0.0,1.0058090802807025,1.8296290428188478,KOSDAQ40_PIT,P2_2024_08_08_2025_08_07
2025-04-01,0.005809080280702436,0.0,1.0058090802807025,1.8296290428188478,KOSDAQ40_PIT,P2_2024_08_08_2025_08_07
2025-04-02,0.005809080280702436,0.0,1.0058090802807025,1.8296290428188478,KOSDAQ40_PIT,P2_2024_08_08_2025_08_07
2025-04-03,0.005809080280702436,0.0,1.0058090802807025,1.8296290428188478,KOSDAQ40_PIT,P2_2024_08_08_2025_08_07
2025-04-04,0.005809080280702436,0.0,1.0058090802807025,1.8296290428188478,KOSDAQ40_PIT,P2_2024_08_08_2025_08_07
2025-04-07,0.005809080280702436,0.0,1.0058090802807025,1.8296290428188478,KOSDAQ40_PIT,P2_2024_08_08_2025_08_07
2025-04-08,0.005809080280702436,0.0,1.0058090802807025,1.8296290428188478,KOSDAQ40_PIT,P2_2024_08_08_2025_08_07
2025-04-09,0.005809080280702436,0.0,1.0058090802807025,1.8296290428188478,KOSDAQ40_PIT,P2_2024_08_08_2025_08_07
2025-04-10,0.005809080280702436,0.0,1.0058090802807025,1.8296290428188478,KOSDAQ40_PIT,P2_2024_08_08_2025_08_07
2025-04-11,0.005809080280702436,0.0,1.0058090802807025,1.8296290428188478,KOSDAQ40_PIT,P2_2024_08_08_2025_08_07
2025-04-14,0.005809080280702436,0.0,1.0058090802807025,1.8296290428188478,KOSDAQ40_PIT,P2_2024_08_08_2025_08_07
2025-04-15,0.005809080280702436,0.0,1.0058090802807025,1.8296290428188478,KOSDAQ40_PIT,P2_2024_08_08_2025_08_07
2025-04-16,0.005809080280702436,0.0,1.0058090802807025,1.8296290428188478,KOSDAQ40_PIT,P2_2024_08_08_2025_08_07
2025-04-17,0.005809080280702436,0.0,1.0058090802807025,1.8296290428188478,KOSDAQ40_PIT,P2_2024_08_08_2025_08_07
2025-04-18,0.005809080280702436,0.0,1.0058090802807025,1.8296290428188478,KOSDAQ40_PIT,P2_2024_08_08_2025_08_07
2025-04-21,0.005809080280702436,0.0,1.0058090802807025,1.8296290428188478,KOSDAQ40_PIT,P2_2024_08_08_2025_08_07
2025-04-22,0.005809080280702436,0.0,1.0058090802807025,1.8296290428188478,KOSDAQ40_PIT,P2_2024_08_08_2025_08_07
2025-04-23,0.005809080280702436,0.0,1.0058090802807025,1.8296290428188478,KOSDAQ40_PIT,P2_2024_08_08_2025_08_07
2025-04-24,0.005809080280702436,0.0,1.0058090802807025,1.8296290428188478,KOSDAQ40_PIT,P2_2024_08_08_2025_08_07
2025-04-25,0.005809080280702436,-0.0008980438216791959,1.0049110364590232,1.917281159744899,KOSDAQ40_PIT,P2_2024_08_08_2025_08_07
2025-04-28,0.005809080280702436,-0.001436870114686722,1.0043722101660157,1.9698724299005321,KOSDAQ40_PIT,P2_2024_08_08_2025_08_07
2025-04-29,0.005809080280702436,-0.001436870114686722,1.0043722101660157,1.9698724299005321,KOSDAQ40_PIT,P2_2024_08_08_2025_08_07
2025-04-30,0.005809080280702436,-0.002155305172030072,1.0036537751086725,2.0399941234413688,KOSDAQ40_PIT,P2_2024_08_08_2025_08_07
2025-05-02,0.005809080280702436,-0.0012572613503508763,1.0045518189303515,1.9523420065153285,KOSDAQ40_PIT,P2_2024_08_08_2025_08_07
2025-05-07,0.005809080280702436,-0.0036004331609391276,1.0022086471197633,2.1810435070005463,KOSDAQ40_PIT,P2_2024_08_08_2025_08_07
2025-05-08,0.005809080280702436,-0.004616151690286644,1.0011929285904158,2.2801810737307138,KOSDAQ40_PIT,P2_2024_08_08_2025_08_07
2025-05-09,0.005809080280702436,0.00027457431789272807,1.0060836545985952,1.8028296599426064,KOSDAQ40_PIT,P2_2024_08_08_2025_08_07
2025-05-12,0.005809080280702436,-0.0057957890229475405,1.0000132912577548,2.3953176705388657,KOSDAQ40_PIT,P2_2024_08_08_2025_08_07
2025-05-13,0.005809080280702436,0.004512928262507424,1.0103220085432099,1.3891519678755015,KOSDAQ40_PIT,P2_2024_08_08_2025_08_07
2025-05-14,0.005809080280702436,0.011126246833466365,1.0169353271141688,0.7436696888848737,KOSDAQ40_PIT,P2_2024_08_08_2025_08_07
2025-05-15,0.005809080280702436,0.0126196833865761,1.0184287636672786,0.597905225932438,KOSDAQ40_PIT,P2_2024_08_08_2025_08_07
2025-05-16,0.005809080280702436,0.010588659221592205,1.0163977395022947,0.7961400595688728,KOSDAQ40_PIT,P2_2024_08_08_2025_08_07
2025-05-19,0.005809080280702436,0.015161250625356015,1.0209703309060585,0.34983966007573475,KOSDAQ40_PIT,P2_2024_08_08_2025_08_07
2025-05-20,0.005809080280702436,0.015539254817883513,1.021348335098586,0.31294517131905675,KOSDAQ40_PIT,P2_2024_08_08_2025_08_07
2025-05-21,0.005809080280702436,0.018777993087884262,1.0245870733685867,-0.0,KOSDAQ40_PIT,P2_2024_08_08_2025_08_07
2025-05-22,0.005809080280702436,0.025451387693810727,1.0312604679745132,-0.0,KOSDAQ40_PIT,P2_2024_08_08_2025_08_07
2025-05-23,0.005809080280702436,0.02808379154903635,1.0338928718297389,-0.0,KOSDAQ40_PIT,P2_2024_08_08_2025_08_07
2025-05-26,0.005809080280702436,0.029682103104769757,1.0354911833854723,-0.0,KOSDAQ40_PIT,P2_2024_08_08_2025_08_07
2025-05-27,0.005809080280702436,0.028668242597122272,1.0344773228778248,0.0979110709888209,KOSDAQ40_PIT,P2_2024_08_08_2025_08_07
2025-05-28,0.005809080280702436,0.024632413017810405,1.0304414932985129,0.48766133096853626,KOSDAQ40_PIT,P2_2024_08_08_2025_08_07
2025-05-29,0.005809080280702436,0.033338896257276346,1.0391479765379787,-0.0,KOSDAQ40_PIT,P2_2024_08_08_2025_08_07
2025-05-30,0.005809080280702436,0.029808861474082633,1.035617941754785,0.33970472568828347,KOSDAQ40_PIT,P2_2024_08_08_2025_08_07
2025-06-02,0.005809080280702436,0.03375715758663774,1.0395662378673403,-0.0,KOSDAQ40_PIT,P2_2024_08_08_2025_08_07
2025-06-04,0.005809080280702436,0.03271666543462322,1.0385257457153256,0.10008906735459178,KOSDAQ40_PIT,P2_2024_08_08_2025_08_07
2025-06-05,0.005809080280702436,0.03672359245415691,1.0425326727348594,-0.0,KOSDAQ40_PIT,P2_2024_08_08_2025_08_07
2025-06-09,0.005809080280702436,0.038746565191774024,1.0445556454724765,-0.0,KOSDAQ40_PIT,P2_2024_08_08_2025_08_07
2025-06-10,0.005809080280702436,0.04434850061735221,1.0501575808980548,-0.0,KOSDAQ40_PIT,P2_2024_08_08_2025_08_07
2025-06-11,0.005809080280702436,0.04255530322997162,1.0483643835106742,0.1707550771425259,KOSDAQ40_PIT,P2_2024_08_08_2025_08_07
2025-06-12,0.005809080280702436,0.04089836076725962,1.0467074410479622,0.3285354419993003,KOSDAQ40_PIT,P2_2024_08_08_2025_08_07
2025-06-13,0.005809080280702436,0.03382734951752761,1.0396364297982301,1.0018640336650564,KOSDAQ40_PIT,P2_2024_08_08_2025_08_07
2025-06-16,0.005809080280702436,0.037640835833403045,1.0434499161141055,0.6387293589037446,KOSDAQ40_PIT,P2_2024_08_08_2025_08_07
2025-06-17,0.005809080280702436,0.039297365402403944,1.0451064456831065,0.48098831135692244,KOSDAQ40_PIT,P2_2024_08_08_2025_08_07
2025-06-18,0.005809080280702436,0.03801842713221943,1.043827507412922,0.6027736789482208,KOSDAQ40_PIT,P2_2024_08_08_2025_08_07
2025-06-19,0.005809080280702436,0.04134511176268807,1.0471541920433904,0.28599411262603125,KOSDAQ40_PIT,P2_2024_08_08_2025_08_07
2025-06-20,0.005809080280702436,0.0466254029873062,1.0524344832680086,-0.0,KOSDAQ40_PIT,P2_2024_08_08_2025_08_07
2025-06-23,0.005809080280702436,0.04221838196170026,1.0480274622424028,0.4187454036968741,KOSDAQ40_PIT,P2_2024_08_08_2025_08_07
2025-06-24,0.005809080280702436,0.04411253186144892,1.0499216121421515,0.2387674639901749,KOSDAQ40_PIT,P2_2024_08_08_2025_08_07
2025-06-25,0.005809080280702436,0.04532478779728805,1.0511338680779905,0.12358158257789187,KOSDAQ40_PIT,P2_2024_08_08_2025_08_07
2025-06-26,0.005809080280702436,0.04277682070598583,1.0485859009866882,0.365683787685267,KOSDAQ40_PIT,P2_2024_08_08_2025_08_07
2025-06-27,0.005809080280702436,0.04361644006754198,1.0494255203482445,0.2859050104877414,KOSDAQ40_PIT,P2_2024_08_08_2025_08_07
2025-06-30,0.005809080280702436,0.04833375071705226,1.0541428309977547,-0.0,KOSDAQ40_PIT,P2_2024_08_08_2025_08_07
2025-07-01,0.005809080280702436,0.04938146850901133,1.0551905487897137,-0.0,KOSDAQ40_PIT,P2_2024_08_08_2025_08_07
2025-07-02,0.027782296231815825,0.02487643320108048,1.0526587294328962,0.23993954075134383,KOSDAQ40_PIT,P2_2024_08_08_2025_08_07
2025-07-03,0.027782296231815825,0.015347259242214157,1.0431295554740299,1.1430156694937854,KOSDAQ40_PIT,P2_2024_08_08_2025_08_07
2025-07-04,0.04283720629853456,-0.0015691332766897916,1.0412680730218447,1.3194276411817696,KOSDAQ40_PIT,P2_2024_08_08_2025_08_07
2025-07-07,0.04283720629853456,-0.0008630233021793874,1.0419741829963551,1.2525098721285488,KOSDAQ40_PIT,P2_2024_08_08_2025_08_07
2025-07-08,0.04283720629853456,-0.00015691332766898315,1.0426802929708656,1.1855921030753391,KOSDAQ40_PIT,P2_2024_08_08_2025_08_07
2025-07-09,0.04283720629853456,-0.001490676612855304,1.0413465296856792,1.311992333509182,KOSDAQ40_PIT,P2_2024_08_08_2025_08_07
2025-07-10,0.04283720629853456,0.0004707399830069415,1.0433079462815413,1.126109641694717,KOSDAQ40_PIT,P2_2024_08_08_2025_08_07
2025-07-11,0.04283720629853456,0.0011768499575173538,1.0440140562560518,1.0591918726415073,KOSDAQ40_PIT,P2_2024_08_08_2025_08_07
2025-07-14,0.04283720629853456,0.0014122199490208085,1.0442494262475552,1.036885949623767,KOSDAQ40_PIT,P2_2024_08_08_2025_08_07
2025-07-15,0.04283720629853456,0.006119619779090208,1.0489568260776247,0.5907674892690173,KOSDAQ40_PIT,P2_2024_08_08_2025_08_07
2025-07-16,0.04283720629853456,0.005491966468414275,1.0483291727669488,0.6502499506496506,KOSDAQ40_PIT,P2_2024_08_08_2025_08_07
2025-07-17,0.04283720629853456,0.005805793123752241,1.0486429994222868,0.620508719959334,KOSDAQ40_PIT,P2_2024_08_08_2025_08_07
2025-07-18,0.04283720629853456,0.0036874632002210205,1.0465246694987556,0.8212620271189741,KOSDAQ40_PIT,P2_2024_08_08_2025_08_07
2025-07-21,0.04283720629853456,0.0038443765278899956,1.0466815828264244,0.8063914117738213,KOSDAQ40_PIT,P2_2024_08_08_2025_08_07
2025-07-22,0.04283720629853456,0.0027459832342071376,1.0455831895327417,0.910485719189924,KOSDAQ40_PIT,P2_2024_08_08_2025_08_07
2025-07-23,0.04283720629853456,0.002275243251200196,1.0451124495497346,0.9550975652254046,KOSDAQ40_PIT,P2_2024_08_08_2025_08_07
2025-07-24,0.04283720629853456,0.002583197800849121,1.0454204040993835,0.9259128317190113,KOSDAQ40_PIT,P2_2024_08_08_2025_08_07
2025-07-25,0.04283720629853456,0.0031445625170440144,1.0459817688155786,0.8727125147867776,KOSDAQ40_PIT,P2_2024_08_08_2025_08_07
2025-07-28,0.04283720629853456,0.00930823340646311,1.0521454397049976,0.2885838096454485,KOSDAQ40_PIT,P2_2024_08_08_2025_08_07
2025-07-29,0.04283720629853456,0.01101036773009033,1.0538475740286248,0.12727319844072493,KOSDAQ40_PIT,P2_2024_08_08_2025_08_07
2025-07-30,0.04283720629853456,0.006588261107542327,1.0494254674060768,0.5463545319136398,KOSDAQ40_PIT,P2_2024_08_08_2025_08_07
2025-07-31,0.04283720629853456,0.005260369928045044,1.0480975762265796,0.6721982651635483,KOSDAQ40_PIT,P2_2024_08_08_2025_08_07
2025-08-01,0.04283720629853456,0.0021616222165688342,1.0449988285151033,0.9658653867114508,KOSDAQ40_PIT,P2_2024_08_08_2025_08_07
2025-08-04,0.04283720629853456,0.002421998265411015,1.0452592045639455,0.9411896493158878,KOSDAQ40_PIT,P2_2024_08_08_2025_08_07
2025-08-05,0.04283720629853456,0.0029739634854390106,1.0458111697839736,0.8888801189982365,KOSDAQ40_PIT,P2_2024_08_08_2025_08_07
2025-08-06,0.04283720629853456,0.0021060729555182414,1.0449432792540527,0.9711297686862741,KOSDAQ40_PIT,P2_2024_08_08_2025_08_07
2025-08-07,0.04647710102472871,0.0,1.0464771010247287,0.8257700729957462,KOSDAQ40_PIT,P2_2024_08_08_2025_08_07
2025-08-08,0.0,0.0,1.0,-0.0,KOSDAQ40_PIT,P3_2025_08_08_2026_08_17
2025-08-11,0.0,0.0,1.0,-0.0,KOSDAQ40_PIT,P3_2025_08_08_2026_08_17
2025-08-12,0.0,0.0,1.0,-0.0,KOSDAQ40_PIT,P3_2025_08_08_2026_08_17
2025-08-13,0.0,0.0,1.0,-0.0,KOSDAQ40_PIT,P3_2025_08_08_2026_08_17
2025-08-14,0.0,0.0,1.0,-0.0,KOSDAQ40_PIT,P3_2025_08_08_2026_08_17
2025-08-18,0.0,0.0,1.0,-0.0,KOSDAQ40_PIT,P3_2025_08_08_2026_08_17
2025-08-19,0.0,0.0,1.0,-0.0,KOSDAQ40_PIT,P3_2025_08_08_2026_08_17
2025-08-20,0.0,0.0,1.0,-0.0,KOSDAQ40_PIT,P3_2025_08_08_2026_08_17
2025-08-21,0.0,0.0,1.0,-0.0,KOSDAQ40_PIT,P3_2025_08_08_2026_08_17
2025-08-22,0.0,0.0,1.0,-0.0,KOSDAQ40_PIT,P3_2025_08_08_2026_08_17
2025-08-25,0.0,0.0,1.0,-0.0,KOSDAQ40_PIT,P3_2025_08_08_2026_08_17
2025-08-26,0.0,0.0008695652173913123,1.0008695652173913,-0.0,KOSDAQ40_PIT,P3_2025_08_08_2026_08_17
2025-08-27,0.0,0.0008695652173913123,1.0008695652173913,-0.0,KOSDAQ40_PIT,P3_2025_08_08_2026_08_17
2025-08-28,0.0,-0.0017391304347826064,0.9982608695652174,0.26064291920069316,KOSDAQ40_PIT,P3_2025_08_08_2026_08_17
2025-08-29,0.0,-0.0030434782608695656,0.9969565217391304,0.39096437880105084,KOSDAQ40_PIT,P3_2025_08_08_2026_08_17
2025-09-01,0.0,-0.004637681159420293,0.9953623188405797,0.5502461627570288,KOSDAQ40_PIT,P3_2025_08_08_2026_08_17
2025-09-02,-0.004136192773178628,0.0,0.9958638072268213,0.5001408939318441,KOSDAQ40_PIT,P3_2025_08_08_2026_08_17
2025-09-03,-0.004136192773178628,0.0,0.9958638072268213,0.5001408939318441,KOSDAQ40_PIT,P3_2025_08_08_2026_08_17
2025-09-04,-0.004136192773178628,0.0,0.9958638072268213,0.5001408939318441,KOSDAQ40_PIT,P3_2025_08_08_2026_08_17
2025-09-05,-0.004136192773178628,0.0,0.9958638072268213,0.5001408939318441,KOSDAQ40_PIT,P3_2025_08_08_2026_08_17
2025-09-08,-0.004136192773178628,0.0,0.9958638072268213,0.5001408939318441,KOSDAQ40_PIT,P3_2025_08_08_2026_08_17
2025-09-09,-0.004136192773178628,0.0,0.9958638072268213,0.5001408939318441,KOSDAQ40_PIT,P3_2025_08_08_2026_08_17
2025-09-10,-0.004136192773178628,0.0,0.9958638072268213,0.5001408939318441,KOSDAQ40_PIT,P3_2025_08_08_2026_08_17
2025-09-11,-0.004136192773178628,0.0,0.9958638072268213,0.5001408939318441,KOSDAQ40_PIT,P3_2025_08_08_2026_08_17
2025-09-12,-0.004136192773178628,0.0,0.9958638072268213,0.5001408939318441,KOSDAQ40_PIT,P3_2025_08_08_2026_08_17
2025-09-15,-0.004136192773178628,0.0,0.9958638072268213,0.5001408939318441,KOSDAQ40_PIT,P3_2025_08_08_2026_08_17
2025-09-16,-0.004136192773178628,0.0,0.9958638072268213,0.5001408939318441,KOSDAQ40_PIT,P3_2025_08_08_2026_08_17
2025-09-17,-0.004136192773178628,0.0,0.9958638072268213,0.5001408939318441,KOSDAQ40_PIT,P3_2025_08_08_2026_08_17
2025-09-18,-0.004136192773178628,0.0,0.9958638072268213,0.5001408939318441,KOSDAQ40_PIT,P3_2025_08_08_2026_08_17
2025-09-22,-0.004136192773178628,0.0,0.9958638072268213,0.5001408939318441,KOSDAQ40_PIT,P3_2025_08_08_2026_08_17
2025-09-23,-0.004136192773178628,0.0,0.9958638072268213,0.5001408939318441,KOSDAQ40_PIT,P3_2025_08_08_2026_08_17
2025-09-24,-0.004136192773178628,0.0,0.9958638072268213,0.5001408939318441,KOSDAQ40_PIT,P3_2025_08_08_2026_08_17
2025-09-25,-0.004136192773178628,0.0,0.9958638072268213,0.5001408939318441,KOSDAQ40_PIT,P3_2025_08_08_2026_08_17
2025-09-26,-0.004136192773178628,0.0,0.9958638072268213,0.5001408939318441,KOSDAQ40_PIT,P3_2025_08_08_2026_08_17
2025-09-29,-0.004136192773178628,0.0,0.9958638072268213,0.5001408939318441,KOSDAQ40_PIT,P3_2025_08_08_2026_08_17
2025-09-30,-0.004136192773178628,0.0,0.9958638072268213,0.5001408939318441,KOSDAQ40_PIT,P3_2025_08_08_2026_08_17
2025-10-01,-0.004136192773178628,0.0,0.9958638072268213,0.5001408939318441,KOSDAQ40_PIT,P3_2025_08_08_2026_08_17
2025-10-02,-0.004136192773178628,0.0,0.9958638072268213,0.5001408939318441,KOSDAQ40_PIT,P3_2025_08_08_2026_08_17
2025-10-10,-0.004136192773178628,0.0,0.9958638072268213,0.5001408939318441,KOSDAQ40_PIT,P3_2025_08_08_2026_08_17
2025-10-13,-0.004136192773178628,0.0,0.9958638072268213,0.5001408939318441,KOSDAQ40_PIT,P3_2025_08_08_2026_08_17
2025-10-14,-0.004136192773178628,0.0,0.9958638072268213,0.5001408939318441,KOSDAQ40_PIT,P3_2025_08_08_2026_08_17
2025-10-15,-0.004136192773178628,0.0,0.9958638072268213,0.5001408939318441,KOSDAQ40_PIT,P3_2025_08_08_2026_08_17
2025-10-16,-0.004136192773178628,0.0,0.9958638072268213,0.5001408939318441,KOSDAQ40_PIT,P3_2025_08_08_2026_08_17
2025-10-17,-0.004136192773178628,0.0,0.9958638072268213,0.5001408939318441,KOSDAQ40_PIT,P3_2025_08_08_2026_08_17
2025-10-20,-0.004136192773178628,0.0,0.9958638072268213,0.5001408939318441,KOSDAQ40_PIT,P3_2025_08_08_2026_08_17
2025-10-21,-0.004136192773178628,0.0,0.9958638072268213,0.5001408939318441,KOSDAQ40_PIT,P3_2025_08_08_2026_08_17
2025-10-22,-0.004136192773178628,0.0,0.9958638072268213,0.5001408939318441,KOSDAQ40_PIT,P3_2025_08_08_2026_08_17
2025-10-23,-0.004136192773178628,0.0,0.9958638072268213,0.5001408939318441,KOSDAQ40_PIT,P3_2025_08_08_2026_08_17
2025-10-24,-0.004136192773178628,-0.0017071950981031204,0.9941566121287182,0.6707120809708145,KOSDAQ40_PIT,P3_2025_08_08_2026_08_17
2025-10-27,-0.004136192773178628,-0.0006639092048178829,0.9951998980220035,0.5664741333358814,KOSDAQ40_PIT,P3_2025_08_08_2026_08_17
2025-10-28,-0.004136192773178628,-0.0005690650327010381,0.9952947421941203,0.5569979562781713,KOSDAQ40_PIT,P3_2025_08_08_2026_08_17
2025-10-29,-0.004136192773178628,0.004931896950075684,1.0007957041768971,0.007379686930353291,KOSDAQ40_PIT,P3_2025_08_08_2026_08_17
2025-10-30,-0.004136192773178628,0.002465948475037842,0.9983297557018592,0.25376029043109316,KOSDAQ40_PIT,P3_2025_08_08_2026_08_17
2025-10-31,-0.004136192773178628,0.00388861105679044,0.9997524182836117,0.1116176345652975,KOSDAQ40_PIT,P3_2025_08_08_2026_08_17
2025-11-03,-0.004136192773178628,0.009066482378477562,1.004930289605299,-0.0,KOSDAQ40_PIT,P3_2025_08_08_2026_08_17
2025-11-04,-0.004136192773178628,0.00848146225140172,1.0043452694782231,0.058214995918337564,KOSDAQ40_PIT,P3_2025_08_08_2026_08_17
2025-11-05,-0.004136192773178628,0.008593591109091255,1.0044573983359126,0.04705712170065546,KOSDAQ40_PIT,P3_2025_08_08_2026_08_17
2025-11-06,-0.004136192773178628,0.001787413767043066,0.9976512209938644,0.7243356764869313,KOSDAQ40_PIT,P3_2025_08_08_2026_08_17
2025-11-07,-0.004136192773178628,-0.00027433898383329115,0.995589468242988,0.9294994348294283,KOSDAQ40_PIT,P3_2025_08_08_2026_08_17
2025-11-10,-0.004136192773178628,-0.008051561097414183,0.9878122461294071,1.7034060623862035,KOSDAQ40_PIT,P3_2025_08_08_2026_08_17
2025-11-11,-0.007508351006688168,-0.0034901768944865233,0.9890014720988254,1.5850669117287608,KOSDAQ40_PIT,P3_2025_08_08_2026_08_17
2025-11-12,-0.007508351006688168,-0.004002069505677881,0.988489579487634,1.636005033157295,KOSDAQ40_PIT,P3_2025_08_08_2026_08_17
2025-11-13,-0.007508351006688168,-0.003304034126780576,0.9891876148665313,1.566543958482014,KOSDAQ40_PIT,P3_2025_08_08_2026_08_17
2025-11-14,-0.007508351006688168,-0.005444675955398975,0.9870469730379129,1.7795579208195633,KOSDAQ40_PIT,P3_2025_08_08_2026_08_17
2025-11-17,-0.012058453286103013,0.0,0.987941546713897,1.6905394401112717,KOSDAQ40_PIT,P3_2025_08_08_2026_08_17
2025-11-18,-0.012058453286103013,0.0,0.987941546713897,1.6905394401112717,KOSDAQ40_PIT,P3_2025_08_08_2026_08_17
2025-11-19,-0.012058453286103013,0.0,0.987941546713897,1.6905394401112717,KOSDAQ40_PIT,P3_2025_08_08_2026_08_17
2025-11-20,-0.012058453286103013,0.0,0.987941546713897,1.6905394401112717,KOSDAQ40_PIT,P3_2025_08_08_2026_08_17
2025-11-21,-0.012058453286103013,0.0,0.987941546713897,1.6905394401112717,KOSDAQ40_PIT,P3_2025_08_08_2026_08_17
2025-11-24,-0.012058453286103013,0.0,0.987941546713897,1.6905394401112717,KOSDAQ40_PIT,P3_2025_08_08_2026_08_17
2025-11-25,-0.012058453286103013,0.0,0.987941546713897,1.6905394401112717,KOSDAQ40_PIT,P3_2025_08_08_2026_08_17
2025-11-26,-0.012058453286103013,0.0,0.987941546713897,1.6905394401112717,KOSDAQ40_PIT,P3_2025_08_08_2026_08_17
2025-11-27,-0.012058453286103013,0.0,0.987941546713897,1.6905394401112717,KOSDAQ40_PIT,P3_2025_08_08_2026_08_17
2025-11-28,-0.012058453286103013,0.0,0.987941546713897,1.6905394401112717,KOSDAQ40_PIT,P3_2025_08_08_2026_08_17
2025-12-01,-0.012058453286103013,0.0,0.987941546713897,1.6905394401112717,KOSDAQ40_PIT,P3_2025_08_08_2026_08_17
2025-12-02,-0.012058453286103013,-0.001291923561087403,0.9866496231528096,1.8190979654588157,KOSDAQ40_PIT,P3_2025_08_08_2026_08_17
2025-12-03,-0.012058453286103013,-0.0012159280574940252,0.986725618656403,1.8115356992619014,KOSDAQ40_PIT,P3_2025_08_08_2026_08_17
2025-12-04,-0.012058453286103013,-0.0029638246401416904,0.9849777220737553,1.9854678217909316,KOSDAQ40_PIT,P3_2025_08_08_2026_08_17
2025-12-05,-0.012058453286103013,-0.0032678066545151967,0.9846737400593818,2.015716886578589,KOSDAQ40_PIT,P3_2025_08_08_2026_08_17
2025-12-08,-0.012058453286103013,-0.0029638246401416904,0.9849777220737553,1.9854678217909316,KOSDAQ40_PIT,P3_2025_08_08_2026_08_17
2025-12-09,-0.012058453286103013,-0.002735838129361562,0.9852057085845355,1.9627810232001885,KOSDAQ40_PIT,P3_2025_08_08_2026_08_17
2025-12-10,-0.012058453286103013,-0.003951766186855587,0.9839897805270414,2.0837772823508183,KOSDAQ40_PIT,P3_2025_08_08_2026_08_17
2025-12-11,-0.01574710260694415,0.0,0.9842528973930559,2.057594683544106,KOSDAQ40_PIT,P3_2025_08_08_2026_08_17
2025-12-12,-0.01574710260694415,0.0,0.9842528973930559,2.057594683544106,KOSDAQ40_PIT,P3_2025_08_08_2026_08_17
2025-12-15,-0.01574710260694415,0.0,0.9842528973930559,2.057594683544106,KOSDAQ40_PIT,P3_2025_08_08_2026_08_17
2025-12-16,-0.01574710260694415,0.0,0.9842528973930559,2.057594683544106,KOSDAQ40_PIT,P3_2025_08_08_2026_08_17
2025-12-17,-0.01574710260694415,0.0,0.9842528973930559,2.057594683544106,KOSDAQ40_PIT,P3_2025_08_08_2026_08_17
2025-12-18,-0.01574710260694415,0.0,0.9842528973930559,2.057594683544106,KOSDAQ40_PIT,P3_2025_08_08_2026_08_17
2025-12-19,-0.01574710260694415,0.0,0.9842528973930559,2.057594683544106,KOSDAQ40_PIT,P3_2025_08_08_2026_08_17
2025-12-22,-0.01574710260694415,0.0,0.9842528973930559,2.057594683544106,KOSDAQ40_PIT,P3_2025_08_08_2026_08_17
2025-12-23,-0.01574710260694415,0.0,0.9842528973930559,2.057594683544106,KOSDAQ40_PIT,P3_2025_08_08_2026_08_17
2025-12-24,-0.01574710260694415,0.0,0.9842528973930559,2.057594683544106,KOSDAQ40_PIT,P3_2025_08_08_2026_08_17
2025-12-26,-0.01574710260694415,0.0,0.9842528973930559,2.057594683544106,KOSDAQ40_PIT,P3_2025_08_08_2026_08_17
2025-12-29,-0.01574710260694415,0.0,0.9842528973930559,2.057594683544106,KOSDAQ40_PIT,P3_2025_08_08_2026_08_17
2025-12-30,-0.01574710260694415,0.0,0.9842528973930559,2.057594683544106,KOSDAQ40_PIT,P3_2025_08_08_2026_08_17
2026-01-02,-0.01574710260694415,0.0,0.9842528973930559,2.057594683544106,KOSDAQ40_PIT,P3_2025_08_08_2026_08_17
2026-01-05,-0.01574710260694415,0.0,0.9842528973930559,2.057594683544106,KOSDAQ40_PIT,P3_2025_08_08_2026_08_17
2026-01-06,-0.01574710260694415,0.0,0.9842528973930559,2.057594683544106,KOSDAQ40_PIT,P3_2025_08_08_2026_08_17
2026-01-07,-0.01574710260694415,0.0,0.9842528973930559,2.057594683544106,KOSDAQ40_PIT,P3_2025_08_08_2026_08_17
2026-01-08,-0.01574710260694415,0.0,0.9842528973930559,2.057594683544106,KOSDAQ40_PIT,P3_2025_08_08_2026_08_17
2026-01-09,-0.01574710260694415,0.0,0.9842528973930559,2.057594683544106,KOSDAQ40_PIT,P3_2025_08_08_2026_08_17
2026-01-12,-0.01574710260694415,0.0,0.9842528973930559,2.057594683544106,KOSDAQ40_PIT,P3_2025_08_08_2026_08_17
2026-01-13,-0.01574710260694415,0.0,0.9842528973930559,2.057594683544106,KOSDAQ40_PIT,P3_2025_08_08_2026_08_17
2026-01-14,-0.01574710260694415,0.0,0.9842528973930559,2.057594683544106,KOSDAQ40_PIT,P3_2025_08_08_2026_08_17
2026-01-15,-0.01574710260694415,0.0,0.9842528973930559,2.057594683544106,KOSDAQ40_PIT,P3_2025_08_08_2026_08_17
2026-01-16,-0.01574710260694415,0.0,0.9842528973930559,2.057594683544106,KOSDAQ40_PIT,P3_2025_08_08_2026_08_17
2026-01-19,-0.01574710260694415,0.0,0.9842528973930559,2.057594683544106,KOSDAQ40_PIT,P3_2025_08_08_2026_08_17
2026-01-20,-0.01574710260694415,0.0,0.9842528973930559,2.057594683544106,KOSDAQ40_PIT,P3_2025_08_08_2026_08_17
2026-01-21,-0.01574710260694415,0.0,0.9842528973930559,2.057594683544106,KOSDAQ40_PIT,P3_2025_08_08_2026_08_17
2026-01-22,-0.01574710260694415,0.0,0.9842528973930559,2.057594683544106,KOSDAQ40_PIT,P3_2025_08_08_2026_08_17
2026-01-23,-0.01574710260694415,0.0,0.9842528973930559,2.057594683544106,KOSDAQ40_PIT,P3_2025_08_08_2026_08_17
2026-01-26,-0.01574710260694415,0.0,0.9842528973930559,2.057594683544106,KOSDAQ40_PIT,P3_2025_08_08_2026_08_17
2026-01-27,-0.01574710260694415,0.0,0.9842528973930559,2.057594683544106,KOSDAQ40_PIT,P3_2025_08_08_2026_08_17
2026-01-28,-0.01574710260694415,0.0,0.9842528973930559,2.057594683544106,KOSDAQ40_PIT,P3_2025_08_08_2026_08_17
2026-01-29,-0.01574710260694415,0.0,0.9842528973930559,2.057594683544106,KOSDAQ40_PIT,P3_2025_08_08_2026_08_17
2026-01-30,-0.01574710260694415,0.0,0.9842528973930559,2.057594683544106,KOSDAQ40_PIT,P3_2025_08_08_2026_08_17
2026-02-02,-0.01574710260694415,0.0,0.9842528973930559,2.057594683544106,KOSDAQ40_PIT,P3_2025_08_08_2026_08_17
2026-02-03,-0.01574710260694415,0.0,0.9842528973930559,2.057594683544106,KOSDAQ40_PIT,P3_2025_08_08_2026_08_17
2026-02-04,-0.01574710260694415,0.0,0.9842528973930559,2.057594683544106,KOSDAQ40_PIT,P3_2025_08_08_2026_08_17
2026-02-05,-0.01574710260694415,0.0,0.9842528973930559,2.057594683544106,KOSDAQ40_PIT,P3_2025_08_08_2026_08_17
2026-02-06,-0.01574710260694415,0.0,0.9842528973930559,2.057594683544106,KOSDAQ40_PIT,P3_2025_08_08_2026_08_17
2026-02-09,-0.01574710260694415,0.0,0.9842528973930559,2.057594683544106,KOSDAQ40_PIT,P3_2025_08_08_2026_08_17
2026-02-10,-0.01574710260694415,0.0,0.9842528973930559,2.057594683544106,KOSDAQ40_PIT,P3_2025_08_08_2026_08_17
2026-02-11,-0.01574710260694415,0.0,0.9842528973930559,2.057594683544106,KOSDAQ40_PIT,P3_2025_08_08_2026_08_17
2026-02-12,-0.01574710260694415,0.0,0.9842528973930559,2.057594683544106,KOSDAQ40_PIT,P3_2025_08_08_2026_08_17
2026-02-13,-0.01574710260694415,0.0,0.9842528973930559,2.057594683544106,KOSDAQ40_PIT,P3_2025_08_08_2026_08_17
2026-02-19,-0.01574710260694415,0.0,0.9842528973930559,2.057594683544106,KOSDAQ40_PIT,P3_2025_08_08_2026_08_17
2026-02-20,-0.01574710260694415,0.0012337859601884798,0.9854866833532444,1.9348213953916504,KOSDAQ40_PIT,P3_2025_08_08_2026_08_17
2026-02-23,-0.01574710260694415,-0.001673453513942298,0.9825794438791136,2.2241190217247797,KOSDAQ40_PIT,P3_2025_08_08_2026_08_17
2026-02-24,-0.01574710260694415,-0.004815334221423557,0.9794375631716323,2.536765654031514,KOSDAQ40_PIT,P3_2025_08_08_2026_08_17
2026-02-25,-0.01574710260694415,-0.006901455938284666,0.9773514414547713,2.7443543533113846,KOSDAQ40_PIT,P3_2025_08_08_2026_08_17
2026-02-26,-0.01574710260694415,0.00365183094637746,0.9879047283394333,1.6942032140908614,KOSDAQ40_PIT,P3_2025_08_08_2026_08_17
2026-02-27,-0.01574710260694415,0.006776256000444448,0.9910291533935003,1.3832935832055138,KOSDAQ40_PIT,P3_2025_08_08_2026_08_17
2026-03-03,-0.01574710260694415,-0.0006257497541726949,0.9836271476388831,2.1198626598052828,KOSDAQ40_PIT,P3_2025_08_08_2026_08_17
2026-03-04,-0.025626936577851617,-0.00935534670175855,0.9650177167203898,3.971675776693462,KOSDAQ40_PIT,P3_2025_08_08_2026_08_17
2026-03-05,-0.029637402323351228,0.007464983013994087,0.9778275806906429,2.6969740284473853,KOSDAQ40_PIT,P3_2025_08_08_2026_08_17
2026-03-06,-0.029637402323351228,0.005828822353392645,0.9761914200300414,2.8597873775448757,KOSDAQ40_PIT,P3_2025_08_08_2026_08_17
2026-03-09,-0.029637402323351228,0.005982212415324025,0.9763448100919728,2.844523626066986,KOSDAQ40_PIT,P3_2025_08_08_2026_08_17
2026-03-10,-0.029637402323351228,0.0069536828075561375,0.9773162804842049,2.747853200040351,KOSDAQ40_PIT,P3_2025_08_08_2026_08_17
2026-03-11,-0.029637402323351228,0.0063401225598305935,0.9767027202364794,2.80890820595191,KOSDAQ40_PIT,P3_2025_08_08_2026_08_17
2026-03-12,-0.029637402323351228,0.0070048128281999305,0.9773674105048488,2.7427652828810545,KOSDAQ40_PIT,P3_2025_08_08_2026_08_17
2026-03-13,-0.029637402323351228,0.006237862518543,0.9766004601951918,2.819084040270514,KOSDAQ40_PIT,P3_2025_08_08_2026_08_17
2026-03-16,-0.029637402323351228,0.0040904016515036085,0.9744529993281524,3.032776560960948,KOSDAQ40_PIT,P3_2025_08_08_2026_08_17
2026-03-17,-0.029637402323351228,0.004550571837297764,0.9749131695139466,2.98698530652729,KOSDAQ40_PIT,P3_2025_08_08_2026_08_17
2026-03-18,-0.029637402323351228,0.006851422766268543,0.9772140204429173,2.7580290343589553,KOSDAQ40_PIT,P3_2025_08_08_2026_08_17
2026-03-19,-0.029637402323351228,0.015038130546523972,0.9854007282231727,1.943374737942949,KOSDAQ40_PIT,P3_2025_08_08_2026_08_17
2026-03-20,-0.029637402323351228,0.022982664510461357,0.9933452621871102,1.152819010235917,KOSDAQ40_PIT,P3_2025_08_08_2026_08_17
2026-03-23,-0.029637402323351228,0.01589846065537054,0.9862610583320193,1.8577638137081465,KOSDAQ40_PIT,P3_2025_08_08_2026_08_17
2026-03-24,-0.029637402323351228,0.01166592060901829,0.9820285182856671,2.2789412914031026,KOSDAQ40_PIT,P3_2025_08_08_2026_08_17
2026-03-25,-0.029637402323351228,0.03133506988771938,1.001697667564368,0.32167624703605124,KOSDAQ40_PIT,P3_2025_08_08_2026_08_17
2026-03-26,-0.029637402323351228,0.02509967242795573,0.9954622701046045,0.9421568439750283,KOSDAQ40_PIT,P3_2025_08_08_2026_08_17
2026-03-27,-0.03586689188763913,0.02349204523497308,0.9876251533473339,1.7220235509830095,KOSDAQ40_PIT,P3_2025_08_08_2026_08_17
2026-03-30,-0.04211672290389696,0.026212438693887227,0.9840957157899902,2.0732357289670156,KOSDAQ40_PIT,P3_2025_08_08_2026_08_17
2026-03-31,-0.04211672290389696,0.01601916489092845,0.9739024419870315,3.0875621860750324,KOSDAQ40_PIT,P3_2025_08_08_2026_08_17
2026-04-01,-0.029482369596867584,0.0022861946018559805,0.9728038250049884,3.196884891680263,KOSDAQ40_PIT,P3_2025_08_08_2026_08_17
2026-04-02,-0.029482369596867584,-0.0025402162242844206,0.967977414178848,3.6771580883450894,KOSDAQ40_PIT,P3_2025_08_08_2026_08_17
2026-04-03,-0.029482369596867584,-0.000965282165228083,0.9695523482379044,3.520437361012352,KOSDAQ40_PIT,P3_2025_08_08_2026_08_17
2026-04-06,-0.029482369596867584,-0.0022861946018559805,0.9682314358012765,3.6518805516785102,KOSDAQ40_PIT,P3_2025_08_08_2026_08_17
2026-04-07,-0.029482369596867584,-0.004877215150626085,0.9656404152525063,3.909711425677531,KOSDAQ40_PIT,P3_2025_08_08_2026_08_17
2026-04-08,-0.030559898597953352,0.0,0.9694401014020466,3.5316069751655688,KOSDAQ40_PIT,P3_2025_08_08_2026_08_17
2026-04-09,-0.030559898597953352,0.0,0.9694401014020466,3.5316069751655688,KOSDAQ40_PIT,P3_2025_08_08_2026_08_17
2026-04-10,-0.030559898597953352,0.0,0.9694401014020466,3.5316069751655688,KOSDAQ40_PIT,P3_2025_08_08_2026_08_17
2026-04-13,-0.030559898597953352,0.0,0.9694401014020466,3.5316069751655688,KOSDAQ40_PIT,P3_2025_08_08_2026_08_17
2026-04-14,-0.030559898597953352,0.0,0.9694401014020466,3.5316069751655688,KOSDAQ40_PIT,P3_2025_08_08_2026_08_17
2026-04-15,-0.030559898597953352,0.0,0.9694401014020466,3.5316069751655688,KOSDAQ40_PIT,P3_2025_08_08_2026_08_17
2026-04-16,-0.030559898597953352,-0.0018066254604936153,0.967633475941553,3.7113831724979396,KOSDAQ40_PIT,P3_2025_08_08_2026_08_17
2026-04-17,-0.030559898597953352,0.001228813479525506,0.9706689148815721,3.4093284955301173,KOSDAQ40_PIT,P3_2025_08_08_2026_08_17
2026-04-20,-0.030559898597953352,0.005044753052713019,0.9744848544547596,3.0296066767474206,KOSDAQ40_PIT,P3_2025_08_08_2026_08_17
2026-04-21,-0.030559898597953352,0.02165621073851226,0.9910963121405589,1.376610657259969,KOSDAQ40_PIT,P3_2025_08_08_2026_08_17
2026-04-22,-0.030559898597953352,0.026508320978336348,0.995948422380383,0.8937801276189816,KOSDAQ40_PIT,P3_2025_08_08_2026_08_17
2026-04-23,-0.030559898597953352,0.006092933951784958,0.9755330353538316,2.9253028349870425,KOSDAQ40_PIT,P3_2025_08_08_2026_08_17
2026-04-24,-0.030559898597953352,0.019474899737047136,0.9889150011390937,1.593671584174805,KOSDAQ40_PIT,P3_2025_08_08_2026_08_17
2026-04-27,-0.030559898597953352,0.018976207196872454,0.988416308598919,1.643296174589981,KOSDAQ40_PIT,P3_2025_08_08_2026_08_17
2026-04-28,-0.030559898597953352,0.03248765230090194,1.0019277537029485,0.29878051576390785,KOSDAQ40_PIT,P3_2025_08_08_2026_08_17
2026-04-29,-0.030559898597953352,0.04286282720390603,1.0123029286059526,-0.0,KOSDAQ40_PIT,P3_2025_08_08_2026_08_17
2026-04-30,-0.030559898597953352,0.015012373068037089,0.9844524744700837,2.7511976256180515,KOSDAQ40_PIT,P3_2025_08_08_2026_08_17
2026-05-04,-0.035197853349611626,0.03761919216865644,1.0024213388190448,0.9761494813134375,KOSDAQ40_PIT,P3_2025_08_08_2026_08_17
2026-05-06,-0.035197853349611626,0.033204053363246035,0.9980062000136344,1.4122974643574704,KOSDAQ40_PIT,P3_2025_08_08_2026_08_17
2026-05-07,-0.035197853349611626,0.032264119134583026,0.9970662657849714,1.505148546983237,KOSDAQ40_PIT,P3_2025_08_08_2026_08_17
2026-05-08,-0.035197853349611626,0.023345907093675098,0.9881480537440634,2.3861310857959284,KOSDAQ40_PIT,P3_2025_08_08_2026_08_17
2026-05-11,-0.03972780924370082,0.03116042413622884,0.9914326148925281,2.0616668315051823,KOSDAQ40_PIT,P3_2025_08_08_2026_08_17
2026-05-12,-0.03907183912037952,0.033516619645323584,0.9944447805249441,1.7641110754861744,KOSDAQ40_PIT,P3_2025_08_08_2026_08_17
2026-05-13,-0.031160789693236927,0.031969546023096464,1.0008087563298596,1.135447893242958,KOSDAQ40_PIT,P3_2025_08_08_2026_08_17
2026-05-14,-0.031160789693236927,0.032833902499799755,1.0016731128065628,1.050062733101853,KOSDAQ40_PIT,P3_2025_08_08_2026_08_17
2026-05-15,-0.031160789693236927,0.028701510790298927,0.997540721097062,1.4582796405834486,KOSDAQ40_PIT,P3_2025_08_08_2026_08_17
2026-05-18,-0.031160789693236927,0.030544658646640955,0.999383868953404,1.2762049073926418,KOSDAQ40_PIT,P3_2025_08_08_2026_08_17
2026-05-19,-0.031160789693236927,0.031738311107943895,1.000577521414707,1.1582903555749535,KOSDAQ40_PIT,P3_2025_08_08_2026_08_17
2026-05-20,-0.031160789693236927,0.03395605588820342,1.0027952661949666,0.9392111928470892,KOSDAQ40_PIT,P3_2025_08_08_2026_08_17
2026-05-21,-0.031160789693236927,0.03779189928008136,1.0066311095868445,0.5602887099140141,KOSDAQ40_PIT,P3_2025_08_08_2026_08_17
2026-05-22,-0.031160789693236927,0.03968071193870765,1.0085199222454708,0.3737029947835313,KOSDAQ40_PIT,P3_2025_08_08_2026_08_17
2026-05-26,-0.031160789693236927,0.0453507885442506,1.0141899988510137,-0.0,KOSDAQ40_PIT,P3_2025_08_08_2026_08_17
2026-05-27,-0.031160789693236927,0.03687314528990001,1.0057123555966632,0.8359028647447642,KOSDAQ40_PIT,P3_2025_08_08_2026_08_17
2026-05-28,-0.031160789693236927,0.038038780302789496,1.0068779906095526,0.7209702570272758,KOSDAQ40_PIT,P3_2025_08_08_2026_08_17
2026-05-29,-0.031160789693236927,0.043158514171639656,1.0119977244784029,0.2161601253309997,KOSDAQ40_PIT,P3_2025_08_08_2026_08_17
2026-06-01,-0.031160789693236927,0.03950751316669722,1.0083467234734604,0.5761519423552963,KOSDAQ40_PIT,P3_2025_08_08_2026_08_17
2026-06-02,-0.031160789693236927,0.033963697010498006,1.002802907317261,1.122776949748383,KOSDAQ40_PIT,P3_2025_08_08_2026_08_17
2026-06-04,-0.031160789693236927,0.043770895544105085,1.0126101058508683,0.15577879903521108,KOSDAQ40_PIT,P3_2025_08_08_2026_08_17
2026-06-05,-0.031160789693236927,0.04344087183357262,1.0122800821403357,0.18831941873236335,KOSDAQ40_PIT,P3_2025_08_08_2026_08_17
2026-06-08,-0.031160789693236927,0.03290831247643028,1.0017475227831933,1.2268387661006908,KOSDAQ40_PIT,P3_2025_08_08_2026_08_17
2026-06-09,-0.00667208896494945,0.008526400891849322,1.0018543119268999,1.2163092653338148,KOSDAQ40_PIT,P3_2025_08_08_2026_08_17
2026-06-10,0.0016585751081585592,0.0,1.0016585751081586,1.2356090828199884,KOSDAQ40_PIT,P3_2025_08_08_2026_08_17
2026-06-11,0.0016585751081585592,0.0,1.0016585751081586,1.2356090828199884,KOSDAQ40_PIT,P3_2025_08_08_2026_08_17
2026-06-12,0.0016585751081585592,0.0,1.0016585751081586,1.2356090828199884,KOSDAQ40_PIT,P3_2025_08_08_2026_08_17
2026-06-15,0.0016585751081585592,0.0,1.0016585751081586,1.2356090828199884,KOSDAQ40_PIT,P3_2025_08_08_2026_08_17
2026-06-16,0.0016585751081585592,0.0,1.0016585751081586,1.2356090828199884,KOSDAQ40_PIT,P3_2025_08_08_2026_08_17
2026-06-17,0.0016585751081585592,0.0,1.0016585751081586,1.2356090828199884,KOSDAQ40_PIT,P3_2025_08_08_2026_08_17
2026-06-18,0.0016585751081585592,0.0,1.0016585751081586,1.2356090828199884,KOSDAQ40_PIT,P3_2025_08_08_2026_08_17
2026-06-19,0.0016585751081585592,0.0,1.0016585751081586,1.2356090828199884,KOSDAQ40_PIT,P3_2025_08_08_2026_08_17
2026-06-22,0.0016585751081585592,0.0,1.0016585751081586,1.2356090828199884,KOSDAQ40_PIT,P3_2025_08_08_2026_08_17
2026-06-23,0.0016585751081585592,-0.0007996434002964297,1.0008589317078622,1.3144546049807637,KOSDAQ40_PIT,P3_2025_08_08_2026_08_17
2026-06-24,0.0016585751081585592,-0.0014309408215830806,1.0002276342865755,1.3767010698445437,KOSDAQ40_PIT,P3_2025_08_08_2026_08_17
2026-06-25,0.0016585751081585592,0.0009679893793062013,1.0026265644874648,1.1401645033622176,KOSDAQ40_PIT,P3_2025_08_08_2026_08_17
2026-06-26,0.0016585751081585592,0.003156487106433276,1.004815062214592,0.9243767585011442,KOSDAQ40_PIT,P3_2025_08_08_2026_08_17
2026-06-29,0.0016585751081585592,0.00686009864464831,1.008518673752807,0.5591974979670344,KOSDAQ40_PIT,P3_2025_08_08_2026_08_17
2026-06-30,0.0016585751081585592,0.013888543268306406,1.015547118376465,-0.0,KOSDAQ40_PIT,P3_2025_08_08_2026_08_17
2026-07-01,0.0016585751081585592,0.012625948425733089,1.0142845235338918,0.1243265644426006,KOSDAQ40_PIT,P3_2025_08_08_2026_08_17
2026-07-02,0.0016585751081585592,0.00656549318138121,1.0082240682895398,0.7210940737671034,KOSDAQ40_PIT,P3_2025_08_08_2026_08_17
2026-07-03,0.0016585751081585592,0.003282746590690605,1.0049413216988492,1.0443431413178716,KOSDAQ40_PIT,P3_2025_08_08_2026_08_17
2026-07-06,0.0016585751081585592,-0.003240660095938162,0.9984179150122204,1.686697057604647,KOSDAQ40_PIT,P3_2025_08_08_2026_08_17
2026-07-07,-0.0022764806020983954,0.0,0.9977235193979016,1.7550735614372703,KOSDAQ40_PIT,P3_2025_08_08_2026_08_17
2026-07-08,-0.0022764806020983954,0.0,0.9977235193979016,1.7550735614372703,KOSDAQ40_PIT,P3_2025_08_08_2026_08_17
2026-07-09,-0.0022764806020983954,0.0,0.9977235193979016,1.7550735614372703,KOSDAQ40_PIT,P3_2025_08_08_2026_08_17
2026-07-10,-0.0022764806020983954,0.0,0.9977235193979016,1.7550735614372703,KOSDAQ40_PIT,P3_2025_08_08_2026_08_17
2026-07-13,-0.0022764806020983954,0.0,0.9977235193979016,1.7550735614372703,KOSDAQ40_PIT,P3_2025_08_08_2026_08_17
2026-07-14,-0.0022764806020983954,0.0,0.9977235193979016,1.7550735614372703,KOSDAQ40_PIT,P3_2025_08_08_2026_08_17
2026-07-15,-0.0022764806020983954,0.0,0.9977235193979016,1.7550735614372703,KOSDAQ40_PIT,P3_2025_08_08_2026_08_17
2026-07-16,-0.0022764806020983954,0.0,0.9977235193979016,1.7550735614372703,KOSDAQ40_PIT,P3_2025_08_08_2026_08_17
2026-07-20,-0.0022764806020983954,0.0,0.9977235193979016,1.7550735614372703,KOSDAQ40_PIT,P3_2025_08_08_2026_08_17
2026-07-21,-0.0022764806020983954,0.0,0.9977235193979016,1.7550735614372703,KOSDAQ40_PIT,P3_2025_08_08_2026_08_17
2026-07-22,-0.0022764806020983954,0.0,0.9977235193979016,1.7550735614372703,KOSDAQ40_PIT,P3_2025_08_08_2026_08_17
2026-07-23,-0.0022764806020983954,0.0,0.9977235193979016,1.7550735614372703,KOSDAQ40_PIT,P3_2025_08_08_2026_08_17
2026-07-24,-0.0022764806020983954,0.0,0.9977235193979016,1.7550735614372703,KOSDAQ40_PIT,P3_2025_08_08_2026_08_17
2026-07-27,-0.0022764806020983954,0.0,0.9977235193979016,1.7550735614372703,KOSDAQ40_PIT,P3_2025_08_08_2026_08_17
2026-07-28,-0.0022764806020983954,0.0,0.9977235193979016,1.7550735614372703,KOSDAQ40_PIT,P3_2025_08_08_2026_08_17
2026-07-29,-0.0022764806020983954,0.0,0.9977235193979016,1.7550735614372703,KOSDAQ40_PIT,P3_2025_08_08_2026_08_17
2026-07-30,-0.0022764806020983954,0.0,0.9977235193979016,1.7550735614372703,KOSDAQ40_PIT,P3_2025_08_08_2026_08_17
2026-07-31,-0.0022764806020983954,0.0,0.9977235193979016,1.7550735614372703,KOSDAQ40_PIT,P3_2025_08_08_2026_08_17
2026-08-03,-0.0022764806020983954,0.0,0.9977235193979016,1.7550735614372703,KOSDAQ40_PIT,P3_2025_08_08_2026_08_17
2026-08-04,-0.0022764806020983954,0.0,0.9977235193979016,1.7550735614372703,KOSDAQ40_PIT,P3_2025_08_08_2026_08_17
2026-08-05,-0.0022764806020983954,0.0,0.9977235193979016,1.7550735614372703,KOSDAQ40_PIT,P3_2025_08_08_2026_08_17
2026-08-06,-0.0022764806020983954,0.0,0.9977235193979016,1.7550735614372703,KOSDAQ40_PIT,P3_2025_08_08_2026_08_17
2026-08-07,-0.0022764806020983954,0.0,0.9977235193979016,1.7550735614372703,KOSDAQ40_PIT,P3_2025_08_08_2026_08_17
2026-08-10,-0.0022764806020983954,0.0,0.9977235193979016,1.7550735614372703,KOSDAQ40_PIT,P3_2025_08_08_2026_08_17
2026-08-11,-0.0022764806020983954,0.004077652644495772,1.0018011720423974,1.3535508186014122,KOSDAQ40_PIT,P3_2025_08_08_2026_08_17
2026-08-12,-0.0022764806020983954,0.003036549841645782,1.0007600692395473,1.4560672635807848,KOSDAQ40_PIT,P3_2025_08_08_2026_08_17
2026-08-13,-0.0022764806020983954,0.0029497912747416194,1.0006733106726433,1.4646103006623834,KOSDAQ40_PIT,P3_2025_08_08_2026_08_17
2026-08-14,0.001051345627584477,0.0,1.0010513456275845,1.4273855428839854,KOSDAQ40_PIT,P3_2025_08_08_2026_08_17
2023-08-08,0.0,0.0,1.0,-0.0,KOSDAQ40_PIT,FULL_2023_08_08_2026_08_17
2023-08-09,0.0,0.0,1.0,-0.0,KOSDAQ40_PIT,FULL_2023_08_08_2026_08_17
2023-08-10,0.0,-0.003385826771653547,0.9966141732283464,0.3385826771653555,KOSDAQ40_PIT,FULL_2023_08_08_2026_08_17
2023-08-11,0.0,-0.0034645669291338598,0.9965354330708661,0.3464566929133883,KOSDAQ40_PIT,FULL_2023_08_08_2026_08_17
2023-08-14,0.0,-0.005590551181102361,0.9944094488188976,0.559055118110241,KOSDAQ40_PIT,FULL_2023_08_08_2026_08_17
2023-08-16,0.0,-0.005275590551181103,0.9947244094488189,0.5275590551181097,KOSDAQ40_PIT,FULL_2023_08_08_2026_08_17
2023-08-17,0.0,-0.003779527559055119,0.9962204724409449,0.3779527559055085,KOSDAQ40_PIT,FULL_2023_08_08_2026_08_17
2023-08-18,0.0,-0.008425196850393703,0.9915748031496063,0.8425196850393668,KOSDAQ40_PIT,FULL_2023_08_08_2026_08_17
2023-08-21,-0.008487842692826798,0.0,0.9915121573071732,0.8487842692826764,KOSDAQ40_PIT,FULL_2023_08_08_2026_08_17
2023-08-22,-0.008487842692826798,0.0,0.9915121573071732,0.8487842692826764,KOSDAQ40_PIT,FULL_2023_08_08_2026_08_17
2023-08-23,-0.008487842692826798,0.0,0.9915121573071732,0.8487842692826764,KOSDAQ40_PIT,FULL_2023_08_08_2026_08_17
2023-08-24,-0.008487842692826798,0.0,0.9915121573071732,0.8487842692826764,KOSDAQ40_PIT,FULL_2023_08_08_2026_08_17
2023-08-25,-0.008487842692826798,0.0,0.9915121573071732,0.8487842692826764,KOSDAQ40_PIT,FULL_2023_08_08_2026_08_17
2023-08-28,-0.008487842692826798,0.0,0.9915121573071732,0.8487842692826764,KOSDAQ40_PIT,FULL_2023_08_08_2026_08_17
2023-08-29,-0.008487842692826798,0.0,0.9915121573071732,0.8487842692826764,KOSDAQ40_PIT,FULL_2023_08_08_2026_08_17
2023-08-30,-0.008487842692826798,0.0,0.9915121573071732,0.8487842692826764,KOSDAQ40_PIT,FULL_2023_08_08_2026_08_17
2023-08-31,-0.008487842692826798,-0.0007726068758237722,0.9907395504313494,0.9260449568650575,KOSDAQ40_PIT,FULL_2023_08_08_2026_08_17
2023-09-01,-0.008487842692826798,-0.0025941586324672774,0.988917998674706,1.1082001325294022,KOSDAQ40_PIT,FULL_2023_08_08_2026_08_17
2023-09-04,-0.008487842692826798,-0.005694841979246751,0.9858173153279265,1.418268467207351,KOSDAQ40_PIT,FULL_2023_08_08_2026_08_17
2023-09-05,-0.008487842692826798,-0.006718147251355523,0.9847940100558177,1.5205989944182319,KOSDAQ40_PIT,FULL_2023_08_08_2026_08_17
2023-09-06,-0.008487842692826798,-0.0013902365612168152,0.9901219207459564,0.9878079254043604,KOSDAQ40_PIT,FULL_2023_08_08_2026_08_17
2023-09-07,-0.008487842692826798,-0.0046025946481596,0.9869095626590136,1.309043734098636,KOSDAQ40_PIT,FULL_2023_08_08_2026_08_17
2023-09-08,-0.008487842692826798,0.002332634623615432,0.9938447919307887,0.6155208069211326,KOSDAQ40_PIT,FULL_2023_08_08_2026_08_17
2023-09-11,-0.008487842692826798,0.007226951041997583,0.9987391083491708,0.126089165082921,KOSDAQ40_PIT,FULL_2023_08_08_2026_08_17
2023-09-12,-0.01525900779729517,0.014808298453288953,0.9995492906559937,0.04507093440062615,KOSDAQ40_PIT,FULL_2023_08_08_2026_08_17
2023-09-13,-0.01525900779729517,0.011074031886807388,0.9958150240895122,0.41849759104878315,KOSDAQ40_PIT,FULL_2023_08_08_2026_08_17
2023-09-14,-0.01525900779729517,0.011975406575268455,0.9967163987779732,0.3283601222026755,KOSDAQ40_PIT,FULL_2023_08_08_2026_08_17
2023-09-15,-0.01525900779729517,0.009400050322522547,0.9941410425252274,0.5858957474772608,KOSDAQ40_PIT,FULL_2023_08_08_2026_08_17
2023-09-18,-0.01525900779729517,0.007468533132963131,0.992209525335668,0.7790474664332026,KOSDAQ40_PIT,FULL_2023_08_08_2026_08_17
2023-09-19,-0.01525900779729517,0.0054082481307664056,0.9901492403334713,0.9850759666528708,KOSDAQ40_PIT,FULL_2023_08_08_2026_08_17
2023-09-20,-0.01525900779729517,0.004506873442305338,0.9892478656450102,1.0752134354989784,KOSDAQ40_PIT,FULL_2023_08_08_2026_08_17
2023-09-21,-0.01525900779729517,0.0018027493769221352,0.986543741579627,1.3456258420373013,KOSDAQ40_PIT,FULL_2023_08_08_2026_08_17
2023-09-22,-0.014551524872690264,0.0,0.9854484751273097,1.4551524872690291,KOSDAQ40_PIT,FULL_2023_08_08_2026_08_17
2023-09-25,-0.014551524872690264,0.0,0.9854484751273097,1.4551524872690291,KOSDAQ40_PIT,FULL_2023_08_08_2026_08_17
2023-09-26,-0.014551524872690264,0.0,0.9854484751273097,1.4551524872690291,KOSDAQ40_PIT,FULL_2023_08_08_2026_08_17
2023-09-27,-0.014551524872690264,0.0,0.9854484751273097,1.4551524872690291,KOSDAQ40_PIT,FULL_2023_08_08_2026_08_17
2023-10-04,-0.014551524872690264,0.0,0.9854484751273097,1.4551524872690291,KOSDAQ40_PIT,FULL_2023_08_08_2026_08_17
2023-10-05,-0.014551524872690264,0.0,0.9854484751273097,1.4551524872690291,KOSDAQ40_PIT,FULL_2023_08_08_2026_08_17
2023-10-06,-0.014551524872690264,0.0,0.9854484751273097,1.4551524872690291,KOSDAQ40_PIT,FULL_2023_08_08_2026_08_17
2023-10-10,-0.014551524872690264,0.0,0.9854484751273097,1.4551524872690291,KOSDAQ40_PIT,FULL_2023_08_08_2026_08_17
2023-10-11,-0.014551524872690264,0.0,0.9854484751273097,1.4551524872690291,KOSDAQ40_PIT,FULL_2023_08_08_2026_08_17
2023-10-12,-0.014551524872690264,0.0,0.9854484751273097,1.4551524872690291,KOSDAQ40_PIT,FULL_2023_08_08_2026_08_17
2023-10-13,-0.014551524872690264,0.0,0.9854484751273097,1.4551524872690291,KOSDAQ40_PIT,FULL_2023_08_08_2026_08_17
2023-10-16,-0.014551524872690264,-0.0017138234350040134,0.9837346516923057,1.6265348307694327,KOSDAQ40_PIT,FULL_2023_08_08_2026_08_17
2023-10-17,-0.014551524872690264,0.0008569117175020067,0.9863053868448117,1.3694613155188273,KOSDAQ40_PIT,FULL_2023_08_08_2026_08_17
2023-10-18,-0.014551524872690264,0.0003213418940632608,0.985769817021373,1.4230182978626993,KOSDAQ40_PIT,FULL_2023_08_08_2026_08_17
2023-10-19,-0.014551524872690264,-0.003534760834695786,0.9819137142926139,1.808628570738613,KOSDAQ40_PIT,FULL_2023_08_08_2026_08_17
2023-10-20,-0.014551524872690264,-0.0033205329053202846,0.9821279422219894,1.7872057778010597,KOSDAQ40_PIT,FULL_2023_08_08_2026_08_17
2023-10-23,-0.014551524872690264,-0.0031063049759447827,0.9823421701513649,1.7657829848635065,KOSDAQ40_PIT,FULL_2023_08_08_2026_08_17
2023-10-24,-0.014551524872690264,0.0007497977528142642,0.986198272880124,1.380172711987604,KOSDAQ40_PIT,FULL_2023_08_08_2026_08_17
2023-10-25,-0.014551524872690264,0.005355698234387559,0.9908041733616972,0.9195826638302762,KOSDAQ40_PIT,FULL_2023_08_08_2026_08_17
2023-10-26,-0.014551524872690264,-0.005034356340324298,0.9804141187869854,1.9585881213014633,KOSDAQ40_PIT,FULL_2023_08_08_2026_08_17
2023-10-27,-0.01858550851332206,0.0,0.9814144914866779,1.858550851332208,KOSDAQ40_PIT,FULL_2023_08_08_2026_08_17
2023-10-30,-0.01858550851332206,0.0,0.9814144914866779,1.858550851332208,KOSDAQ40_PIT,FULL_2023_08_08_2026_08_17
2023-10-31,-0.01858550851332206,0.0,0.9814144914866779,1.858550851332208,KOSDAQ40_PIT,FULL_2023_08_08_2026_08_17
2023-11-01,-0.01858550851332206,0.0,0.9814144914866779,1.858550851332208,KOSDAQ40_PIT,FULL_2023_08_08_2026_08_17
2023-11-02,-0.01858550851332206,0.0,0.9814144914866779,1.858550851332208,KOSDAQ40_PIT,FULL_2023_08_08_2026_08_17
2023-11-03,-0.01858550851332206,0.0,0.9814144914866779,1.858550851332208,KOSDAQ40_PIT,FULL_2023_08_08_2026_08_17
2023-11-06,-0.01858550851332206,0.0,0.9814144914866779,1.858550851332208,KOSDAQ40_PIT,FULL_2023_08_08_2026_08_17
2023-11-07,-0.01858550851332206,0.0,0.9814144914866779,1.858550851332208,KOSDAQ40_PIT,FULL_2023_08_08_2026_08_17
2023-11-08,-0.01858550851332206,0.0,0.9814144914866779,1.858550851332208,KOSDAQ40_PIT,FULL_2023_08_08_2026_08_17
2023-11-09,-0.01858550851332206,0.0,0.9814144914866779,1.858550851332208,KOSDAQ40_PIT,FULL_2023_08_08_2026_08_17
2023-11-10,-0.01858550851332206,0.0,0.9814144914866779,1.858550851332208,KOSDAQ40_PIT,FULL_2023_08_08_2026_08_17
2023-11-13,-0.01858550851332206,0.0,0.9814144914866779,1.858550851332208,KOSDAQ40_PIT,FULL_2023_08_08_2026_08_17
2023-11-14,-0.01858550851332206,0.0,0.9814144914866779,1.858550851332208,KOSDAQ40_PIT,FULL_2023_08_08_2026_08_17
2023-11-15,-0.01858550851332206,0.0,0.9814144914866779,1.858550851332208,KOSDAQ40_PIT,FULL_2023_08_08_2026_08_17
2023-11-16,-0.01858550851332206,0.0,0.9814144914866779,1.858550851332208,KOSDAQ40_PIT,FULL_2023_08_08_2026_08_17
2023-11-17,-0.01858550851332206,0.0,0.9814144914866779,1.858550851332208,KOSDAQ40_PIT,FULL_2023_08_08_2026_08_17
2023-11-20,-0.01858550851332206,0.0,0.9814144914866779,1.858550851332208,KOSDAQ40_PIT,FULL_2023_08_08_2026_08_17
2023-11-21,-0.01858550851332206,0.0,0.9814144914866779,1.858550851332208,KOSDAQ40_PIT,FULL_2023_08_08_2026_08_17
2023-11-22,-0.01858550851332206,0.0,0.9814144914866779,1.858550851332208,KOSDAQ40_PIT,FULL_2023_08_08_2026_08_17
2023-11-23,-0.01858550851332206,0.0,0.9814144914866779,1.858550851332208,KOSDAQ40_PIT,FULL_2023_08_08_2026_08_17
2023-11-24,-0.01858550851332206,0.0,0.9814144914866779,1.858550851332208,KOSDAQ40_PIT,FULL_2023_08_08_2026_08_17
2023-11-27,-0.01858550851332206,0.0,0.9814144914866779,1.858550851332208,KOSDAQ40_PIT,FULL_2023_08_08_2026_08_17
2023-11-28,-0.01858550851332206,0.00022475141026412075,0.981639242896942,1.8360757103057956,KOSDAQ40_PIT,FULL_2023_08_08_2026_08_17
2023-11-29,-0.01858550851332206,-0.0024844933159079772,0.97892999817077,2.1070001829230023,KOSDAQ40_PIT,FULL_2023_08_08_2026_08_17
2023-11-30,-0.01858550851332206,0.004457058838245442,0.9858715503249234,1.4128449675076649,KOSDAQ40_PIT,FULL_2023_08_08_2026_08_17
2023-12-01,-0.01858550851332206,0.004062892320613484,0.9854773838072914,1.452261619270856,KOSDAQ40_PIT,FULL_2023_08_08_2026_08_17
2023-12-04,-0.01858550851332206,-0.0032710633984638585,0.9781434280882141,2.1856571911785916,KOSDAQ40_PIT,FULL_2023_08_08_2026_08_17
2023-12-05,-0.02725747387775353,-0.004735947042558495,0.9680065790796879,3.19934209203121,KOSDAQ40_PIT,FULL_2023_08_08_2026_08_17
2023-12-06,-0.032331509339363636,0.016381801990484866,0.9840502926511212,1.5949707348878794,KOSDAQ40_PIT,FULL_2023_08_08_2026_08_17
2023-12-07,-0.032331509339363636,0.009460137498633007,0.9771286281592694,2.2871371840730625,KOSDAQ40_PIT,FULL_2023_08_08_2026_08_17
2023-12-08,-0.032331509339363636,0.01615738740161686,0.9838258780622532,1.617412193774681,KOSDAQ40_PIT,FULL_2023_08_08_2026_08_17
2023-12-11,-0.032331509339363636,0.007201916504729587,0.9748704071653659,2.512959283463412,KOSDAQ40_PIT,FULL_2023_08_08_2026_08_17
2023-12-12,-0.032331509339363636,0.007345630737006531,0.9750141213976429,2.4985878602357126,KOSDAQ40_PIT,FULL_2023_08_08_2026_08_17
2023-12-13,-0.032331509339363636,0.006126930343322885,0.9737954210039592,2.6204578996040784,KOSDAQ40_PIT,FULL_2023_08_08_2026_08_17
2023-12-14,-0.032331509339363636,0.01956860953160052,0.9872371001922369,1.2762899807763128,KOSDAQ40_PIT,FULL_2023_08_08_2026_08_17
2023-12-15,-0.032331509339363636,0.008827822656427365,0.9764963133170637,2.3503686682936342,KOSDAQ40_PIT,FULL_2023_08_08_2026_08_17
2023-12-18,-0.032331509339363636,0.01098214714993471,0.978650637810571,2.1349362189428955,KOSDAQ40_PIT,FULL_2023_08_08_2026_08_17
2023-12-19,-0.032331509339363636,0.008984778599539113,0.9766532692601755,2.3346730739824517,KOSDAQ40_PIT,FULL_2023_08_08_2026_08_17
2023-12-20,-0.032331509339363636,0.00926503061241679,0.9769335212730531,2.3066478726946893,KOSDAQ40_PIT,FULL_2023_08_08_2026_08_17
2023-12-21,-0.03801548559062697,0.016900451098077158,0.9788849655074502,2.111503449254981,KOSDAQ40_PIT,FULL_2023_08_08_2026_08_17
2023-12-22,-0.03801548559062697,0.015744394182573514,0.9777289085919466,2.227109140805339,KOSDAQ40_PIT,FULL_2023_08_08_2026_08_17
2023-12-26,-0.03801548559062697,0.018462741478142038,0.9804472558875151,1.9552744112484866,KOSDAQ40_PIT,FULL_2023_08_08_2026_08_17
2023-12-27,-0.03801548559062697,0.015900053734414714,0.9778845681437878,2.211543185621223,KOSDAQ40_PIT,FULL_2023_08_08_2026_08_17
2023-12-28,-0.03801548559062697,0.011767482461752264,0.9737519968711253,2.6248003128874653,KOSDAQ40_PIT,FULL_2023_08_08_2026_08_17
2024-01-02,-0.0232499025714724,0.00877008694520011,0.9855201843737277,1.4479815626272319,KOSDAQ40_PIT,FULL_2023_08_08_2026_08_17
2024-01-03,-0.0232499025714724,0.009925153427229022,0.9866752508557566,1.332474914424342,KOSDAQ40_PIT,FULL_2023_08_08_2026_08_17
2024-01-04,-0.0232499025714724,0.006554301472218641,0.9833043989007463,1.669560109925372,KOSDAQ40_PIT,FULL_2023_08_08_2026_08_17
2024-01-05,-0.0232499025714724,0.010328403061405195,0.9870785004899327,1.292149951006727,KOSDAQ40_PIT,FULL_2023_08_08_2026_08_17
2024-01-08,-0.0232499025714724,0.009483332927483767,0.9862334303560114,1.376656964398859,KOSDAQ40_PIT,FULL_2023_08_08_2026_08_17
2024-01-09,-0.0232499025714724,0.0048810631143316125,0.9816311605428591,1.836883945714085,KOSDAQ40_PIT,FULL_2023_08_08_2026_08_17
2024-01-10,-0.021284089074962556,-0.0024658458498889313,0.9762500650751484,2.3749934924851557,KOSDAQ40_PIT,FULL_2023_08_08_2026_08_17
2024-01-11,-0.021284089074962556,0.004951493504996732,0.9836674044300341,1.6332595569965913,KOSDAQ40_PIT,FULL_2023_08_08_2026_08_17
2024-01-12,-0.021284089074962556,0.004781614860224157,0.9834975257852615,1.6502474214738494,KOSDAQ40_PIT,FULL_2023_08_08_2026_08_17
2024-01-15,-0.021284089074962556,-0.0003053646804807523,0.9784105462445567,2.15894537554433,KOSDAQ40_PIT,FULL_2023_08_08_2026_08_17
2024-01-16,-0.021284089074962556,-0.0030072688925843042,0.9757086420324531,2.429135796754689,KOSDAQ40_PIT,FULL_2023_08_08_2026_08_17
2024-01-17,-0.021284089074962556,-0.007623695009271957,0.9710922159157654,2.8907784084234556,KOSDAQ40_PIT,FULL_2023_08_08_2026_08_17
2024-01-18,-0.028652308817352173,0.0,0.9713476911826479,2.8652308817352146,KOSDAQ40_PIT,FULL_2023_08_08_2026_08_17
2024-01-19,-0.028652308817352173,0.0,0.9713476911826479,2.8652308817352146,KOSDAQ40_PIT,FULL_2023_08_08_2026_08_17
2024-01-22,-0.028652308817352173,0.0,0.9713476911826479,2.8652308817352146,KOSDAQ40_PIT,FULL_2023_08_08_2026_08_17
2024-01-23,-0.028652308817352173,0.0,0.9713476911826479,2.8652308817352146,KOSDAQ40_PIT,FULL_2023_08_08_2026_08_17
2024-01-24,-0.028652308817352173,0.0,0.9713476911826479,2.8652308817352146,KOSDAQ40_PIT,FULL_2023_08_08_2026_08_17
2024-01-25,-0.028652308817352173,0.0,0.9713476911826479,2.8652308817352146,KOSDAQ40_PIT,FULL_2023_08_08_2026_08_17
2024-01-26,-0.028652308817352173,-0.0006070923069891565,0.9707405988756587,2.9259401124341333,KOSDAQ40_PIT,FULL_2023_08_08_2026_08_17
2024-01-29,-0.028652308817352173,-0.007805472518431986,0.9635422186642159,3.6457781335784145,KOSDAQ40_PIT,FULL_2023_08_08_2026_08_17
2024-01-30,-0.03845359675323518,0.0,0.9615464032467648,3.845359675323523,KOSDAQ40_PIT,FULL_2023_08_08_2026_08_17
2024-01-31,-0.03845359675323518,0.0,0.9615464032467648,3.845359675323523,KOSDAQ40_PIT,FULL_2023_08_08_2026_08_17
2024-02-01,-0.03845359675323518,0.0,0.9615464032467648,3.845359675323523,KOSDAQ40_PIT,FULL_2023_08_08_2026_08_17
2024-02-02,-0.03845359675323518,0.0,0.9615464032467648,3.845359675323523,KOSDAQ40_PIT,FULL_2023_08_08_2026_08_17
2024-02-05,-0.03845359675323518,0.0,0.9615464032467648,3.845359675323523,KOSDAQ40_PIT,FULL_2023_08_08_2026_08_17
2024-02-06,-0.03845359675323518,0.0,0.9615464032467648,3.845359675323523,KOSDAQ40_PIT,FULL_2023_08_08_2026_08_17
2024-02-07,-0.03845359675323518,0.0,0.9615464032467648,3.845359675323523,KOSDAQ40_PIT,FULL_2023_08_08_2026_08_17
2024-02-08,-0.03845359675323518,0.0,0.9615464032467648,3.845359675323523,KOSDAQ40_PIT,FULL_2023_08_08_2026_08_17
2024-02-13,-0.03845359675323518,0.0,0.9615464032467648,3.845359675323523,KOSDAQ40_PIT,FULL_2023_08_08_2026_08_17
2024-02-14,-0.03845359675323518,0.0,0.9615464032467648,3.845359675323523,KOSDAQ40_PIT,FULL_2023_08_08_2026_08_17
2024-02-15,-0.03845359675323518,0.0,0.9615464032467648,3.845359675323523,KOSDAQ40_PIT,FULL_2023_08_08_2026_08_17
2024-02-16,-0.03845359675323518,0.0,0.9615464032467648,3.845359675323523,KOSDAQ40_PIT,FULL_2023_08_08_2026_08_17
2024-02-19,-0.03845359675323518,0.0,0.9615464032467648,3.845359675323523,KOSDAQ40_PIT,FULL_2023_08_08_2026_08_17
2024-02-20,-0.03845359675323518,5.8990576886306245e-05,0.9616053938236511,3.8394606176348933,KOSDAQ40_PIT,FULL_2023_08_08_2026_08_17
2024-02-21,-0.03845359675323518,0.0008258680764082667,0.962372271323173,3.7627728676826955,KOSDAQ40_PIT,FULL_2023_08_08_2026_08_17
2024-02-22,-0.03845359675323518,-0.0007668774995219605,0.9607795257472428,3.922047425275721,KOSDAQ40_PIT,FULL_2023_08_08_2026_08_17
2024-02-23,-0.03845359675323518,-0.0003539434613178271,0.961192459785447,3.8807540214553016,KOSDAQ40_PIT,FULL_2023_08_08_2026_08_17
2024-02-26,-0.03845359675323518,-0.0008848586532945677,0.9606615445934702,3.9338455406529804,KOSDAQ40_PIT,FULL_2023_08_08_2026_08_17
2024-02-27,-0.03845359675323518,-0.0021236607679069627,0.9594227424788578,4.057725752114216,KOSDAQ40_PIT,FULL_2023_08_08_2026_08_17
2024-02-28,-0.03845359675323518,-0.0011798115377260937,0.9603665917090387,3.963340829096129,KOSDAQ40_PIT,FULL_2023_08_08_2026_08_17
2024-02-29,-0.03845359675323518,0.0012977926914986958,0.9628441959382634,3.7155804061736575,KOSDAQ40_PIT,FULL_2023_08_08_2026_08_17
2024-03-04,-0.03845359675323518,0.0016517361528165333,0.9631981393995813,3.680186060041868,KOSDAQ40_PIT,FULL_2023_08_08_2026_08_17
2024-03-05,-0.03845359675323518,0.0002359623075452146,0.96178236555431,3.821763444569004,KOSDAQ40_PIT,FULL_2023_08_08_2026_08_17
2024-03-06,-0.03845359675323518,0.0004719246150904396,0.9620183278618553,3.798167213814474,KOSDAQ40_PIT,FULL_2023_08_08_2026_08_17
2024-03-07,-0.03845359675323518,0.0003539434613178271,0.9619003467080826,3.8099653291917446,KOSDAQ40_PIT,FULL_2023_08_08_2026_08_17
2024-03-08,-0.03845359675323518,0.011031237877738957,0.9725776411245037,2.7422358875496267,KOSDAQ40_PIT,FULL_2023_08_08_2026_08_17
2024-03-11,-0.03845359675323518,0.012564992876782878,0.9741113961235477,2.588860387645231,KOSDAQ40_PIT,FULL_2023_08_08_2026_08_17
2024-03-12,-0.03845359675323518,0.012270039992351357,0.9738164432391161,2.618355676088391,KOSDAQ40_PIT,FULL_2023_08_08_2026_08_17
2024-03-13,-0.03845359675323518,0.010441332108875915,0.9719877353556406,2.8012264644359353,KOSDAQ40_PIT,FULL_2023_08_08_2026_08_17
2024-03-14,-0.03845359675323518,0.013685813837622665,0.9752322170843875,2.4767782915612546,KOSDAQ40_PIT,FULL_2023_08_08_2026_08_17
2024-03-15,-0.03845359675323518,0.01362682326073636,0.9751732265075012,2.4826773492498844,KOSDAQ40_PIT,FULL_2023_08_08_2026_08_17
2024-03-18,-0.03845359675323518,0.012800955184328092,0.9743473584310929,2.565264156890712,KOSDAQ40_PIT,FULL_2023_08_08_2026_08_17
2024-03-19,-0.03845359675323518,0.013862785568281574,0.9754091888150463,2.4590811184953654,KOSDAQ40_PIT,FULL_2023_08_08_2026_08_17
2024-03-20,-0.03845359675323518,0.014452691337144625,0.9759990945839094,2.4000905416090568,KOSDAQ40_PIT,FULL_2023_08_08_2026_08_17
2024-03-21,-0.03845359675323518,0.01946689037248052,0.9810132936192453,1.8986706380754725,KOSDAQ40_PIT,FULL_2023_08_08_2026_08_17
2024-03-22,-0.03845359675323518,0.016574256811337052,0.9781206600581018,2.187933994189817,KOSDAQ40_PIT,FULL_2023_08_08_2026_08_17
2024-03-25,-0.03845359675323518,0.017903317732114284,0.9794497209788791,2.0550279021120943,KOSDAQ40_PIT,FULL_2023_08_08_2026_08_17
2024-03-26,-0.03845359675323518,0.018230505904461822,0.9797769091512266,2.0223090848773384,KOSDAQ40_PIT,FULL_2023_08_08_2026_08_17
2024-03-27,-0.03845359675323518,0.01576772990767839,0.9773141331544432,2.2685866845556846,KOSDAQ40_PIT,FULL_2023_08_08_2026_08_17
2024-03-28,-0.03845359675323518,0.017951509487548725,0.9794979127343135,2.0502087265686475,KOSDAQ40_PIT,FULL_2023_08_08_2026_08_17
2024-03-29,-0.03845359675323518,0.018358157644609234,0.979904560891374,2.009543910862599,KOSDAQ40_PIT,FULL_2023_08_08_2026_08_17
2024-04-01,-0.03845359675323518,0.020066305551278783,0.9816127087980435,1.838729120195648,KOSDAQ40_PIT,FULL_2023_08_08_2026_08_17
2024-04-02,-0.03845359675323518,0.017736983646467655,0.9792833868932325,2.0716613106767534,KOSDAQ40_PIT,FULL_2023_08_08_2026_08_17
2024-04-03,-0.023030803757765124,-5.254351930310451e-05,0.9769166527229318,2.308334727706818,KOSDAQ40_PIT,FULL_2023_08_08_2026_08_17
2024-04-04,-0.023030803757765124,0.0008406963088496281,0.9778098925510845,2.2190107448915475,KOSDAQ40_PIT,FULL_2023_08_08_2026_08_17
2024-04-05,-0.023030803757765124,0.0013135879825775466,0.9782827842248124,2.1717215775187593,KOSDAQ40_PIT,FULL_2023_08_08_2026_08_17
2024-04-08,-0.023030803757765124,-0.0009457833474558316,0.976023412894779,2.3976587105220992,KOSDAQ40_PIT,FULL_2023_08_08_2026_08_17
2024-04-09,-0.023030803757765124,-0.0007356092702434246,0.9762335869719915,2.3766413028008526,KOSDAQ40_PIT,FULL_2023_08_08_2026_08_17
2024-04-11,-0.023030803757765124,0.0007881527895465236,0.9777573490317814,2.2242650968218647,KOSDAQ40_PIT,FULL_2023_08_08_2026_08_17
2024-04-12,-0.023030803757765124,-0.0002627175965155115,0.9767064786457194,2.3293521354280644,KOSDAQ40_PIT,FULL_2023_08_08_2026_08_17
2024-04-15,-0.023030803757765124,0.0008932398281527326,0.9778624360703876,2.2137563929612414,KOSDAQ40_PIT,FULL_2023_08_08_2026_08_17
2024-04-16,-0.023030803757765124,-0.0011559574246682441,0.9758132388175667,2.4186761182433347,KOSDAQ40_PIT,FULL_2023_08_08_2026_08_17
2024-04-17,-0.023030803757765124,-0.0011034139053651395,0.9758657823368697,2.4134217663130286,KOSDAQ40_PIT,FULL_2023_08_08_2026_08_17
2024-04-18,-0.023030803757765124,-0.0006830657509403256,0.9762861304912945,2.3713869508705465,KOSDAQ40_PIT,FULL_2023_08_08_2026_08_17
2024-04-19,-0.023030803757765124,-0.0029949806002768082,0.9739742156419581,2.6025784358041926,KOSDAQ40_PIT,FULL_2023_08_08_2026_08_17
2024-04-22,-0.026597277188682957,0.0,0.973402722811317,2.659727718868299,KOSDAQ40_PIT,FULL_2023_08_08_2026_08_17
2024-04-23,-0.026597277188682957,0.0,0.973402722811317,2.659727718868299,KOSDAQ40_PIT,FULL_2023_08_08_2026_08_17
2024-04-24,-0.026597277188682957,-0.00039462272546404595,0.9730081000858529,2.6991899914147077,KOSDAQ40_PIT,FULL_2023_08_08_2026_08_17
2024-04-25,-0.026597277188682957,-0.0026308181697603152,0.9707719046415567,2.9228095358443285,KOSDAQ40_PIT,FULL_2023_08_08_2026_08_17
2024-04-26,-0.026597277188682957,-0.0026308181697603152,0.9707719046415567,2.9228095358443285,KOSDAQ40_PIT,FULL_2023_08_08_2026_08_17
2024-04-29,-0.026597277188682957,-0.0009207863594161072,0.972481936451901,2.7518063548099048,KOSDAQ40_PIT,FULL_2023_08_08_2026_08_17
2024-04-30,-0.026597277188682957,-0.0014469499933681775,0.9719557728179489,2.804422718205113,KOSDAQ40_PIT,FULL_2023_08_08_2026_08_17
2024-05-02,-0.026597277188682957,-0.0014469499933681775,0.9719557728179489,2.804422718205113,KOSDAQ40_PIT,FULL_2023_08_08_2026_08_17
2024-05-03,-0.026597277188682957,-0.00013154090848801532,0.973271181902829,2.672881809717098,KOSDAQ40_PIT,FULL_2023_08_08_2026_08_17
2024-05-07,-0.026597277188682957,-0.004735472705568569,0.9686672501057484,3.133274989425161,KOSDAQ40_PIT,FULL_2023_08_08_2026_08_17
2024-05-08,-0.03127864786142512,0.0,0.9687213521385749,3.127864786142509,KOSDAQ40_PIT,FULL_2023_08_08_2026_08_17
2024-05-09,-0.03127864786142512,0.0,0.9687213521385749,3.127864786142509,KOSDAQ40_PIT,FULL_2023_08_08_2026_08_17
2024-05-10,-0.03127864786142512,0.0,0.9687213521385749,3.127864786142509,KOSDAQ40_PIT,FULL_2023_08_08_2026_08_17
2024-05-13,-0.03127864786142512,0.0,0.9687213521385749,3.127864786142509,KOSDAQ40_PIT,FULL_2023_08_08_2026_08_17
2024-05-14,-0.03127864786142512,0.0,0.9687213521385749,3.127864786142509,KOSDAQ40_PIT,FULL_2023_08_08_2026_08_17
2024-05-16,-0.03127864786142512,-0.0014245902237331944,0.9672967619148417,3.2703238085158293,KOSDAQ40_PIT,FULL_2023_08_08_2026_08_17
2024-05-17,-0.03127864786142512,-0.0004748634079110683,0.9682464887306639,3.175351126933612,KOSDAQ40_PIT,FULL_2023_08_08_2026_08_17
2024-05-20,-0.03127864786142512,-0.002374317039555331,0.9663470350990195,3.3652964900980464,KOSDAQ40_PIT,FULL_2023_08_08_2026_08_17
2024-05-21,-0.03127864786142512,-0.001804480950062049,0.9669168711885129,3.3083128811487117,KOSDAQ40_PIT,FULL_2023_08_08_2026_08_17
2024-05-22,-0.03127864786142512,-0.0010446994974043504,0.9676766526411705,3.232334735882947,KOSDAQ40_PIT,FULL_2023_08_08_2026_08_17
2024-05-23,-0.03127864786142512,0.00018994536316442733,0.9689112975017393,3.108870249826068,KOSDAQ40_PIT,FULL_2023_08_08_2026_08_17
2024-05-24,-0.03127864786142512,-0.0022793443579731173,0.9664420077806017,3.355799221939826,KOSDAQ40_PIT,FULL_2023_08_08_2026_08_17
2024-05-27,-0.03127864786142512,0.002184371676390904,0.9709057238149658,2.909427618503424,KOSDAQ40_PIT,FULL_2023_08_08_2026_08_17
2024-05-28,-0.03127864786142512,0.0027542077658841858,0.9714755599044591,2.8524440095540893,KOSDAQ40_PIT,FULL_2023_08_08_2026_08_17
2024-05-29,-0.03127864786142512,0.004748634079110662,0.9734699862176855,2.6530013782314454,KOSDAQ40_PIT,FULL_2023_08_08_2026_08_17
2024-05-30,-0.03127864786142512,0.01913699533881595,0.9878583474773909,1.2141652522609125,KOSDAQ40_PIT,FULL_2023_08_08_2026_08_17
2024-05-31,-0.03127864786142512,0.016857650980842836,0.9855790031194177,1.4420996880582293,KOSDAQ40_PIT,FULL_2023_08_08_2026_08_17
2024-06-03,-0.03127864786142512,0.017474973411127217,0.9861963255497022,1.3803674450297843,KOSDAQ40_PIT,FULL_2023_08_08_2026_08_17
2024-06-04,-0.03127864786142512,0.018709618271695996,0.987430970410271,1.2569029589729053,KOSDAQ40_PIT,FULL_2023_08_08_2026_08_17
2024-06-05,-0.03127864786142512,0.01980180410989145,0.9885231562484663,1.1476843751533683,KOSDAQ40_PIT,FULL_2023_08_08_2026_08_17
2024-06-07,-0.03127864786142512,0.02037164019938472,0.9890929923379597,1.0907007662040336,KOSDAQ40_PIT,FULL_2023_08_08_2026_08_17
2024-06-10,-0.03127864786142512,0.019991749473055875,0.9887131016116308,1.128689838836916,KOSDAQ40_PIT,FULL_2023_08_08_2026_08_17
2024-06-11,-0.03127864786142512,0.03551978291174773,1.0042411350503226,-0.0,KOSDAQ40_PIT,FULL_2023_08_08_2026_08_17
2024-06-12,-0.03127864786142512,0.037514209224974206,1.0062355613635492,-0.0,KOSDAQ40_PIT,FULL_2023_08_08_2026_08_17
2024-06-13,-0.03127864786142512,0.0324331707603258,1.0011545228989007,0.504955167531862,KOSDAQ40_PIT,FULL_2023_08_08_2026_08_17
2024-06-14,-0.03127864786142512,0.03086612151421928,0.9995874736527942,0.6606890042472946,KOSDAQ40_PIT,FULL_2023_08_08_2026_08_17
2024-06-17,-0.03127864786142512,0.02972644933523272,0.9984478014738076,0.7739499764039759,KOSDAQ40_PIT,FULL_2023_08_08_2026_08_17
2024-06-18,-0.03127864786142512,0.0317683619892503,1.0004897141278253,0.5710240679565826,KOSDAQ40_PIT,FULL_2023_08_08_2026_08_17
2024-06-19,-0.03127864786142512,0.029441531290486087,0.998162883429061,0.8022652194431434,KOSDAQ40_PIT,FULL_2023_08_08_2026_08_17
2024-06-20,-0.03127864786142512,0.027265730319506257,0.9959870824580812,1.018496990066653,KOSDAQ40_PIT,FULL_2023_08_08_2026_08_17
2024-06-21,-0.03127864786142512,0.023570134802524234,0.9922914869410991,1.385766410755196,KOSDAQ40_PIT,FULL_2023_08_08_2026_08_17
2024-06-24,-0.03127864786142512,0.026368817580271306,0.9950901697188462,1.1076324543330407,KOSDAQ40_PIT,FULL_2023_08_08_2026_08_17
2024-06-25,-0.03127864786142512,0.02835861107976207,0.997079963218337,0.9098861635147726,KOSDAQ40_PIT,FULL_2023_08_08_2026_08_17
2024-06-26,-0.03127864786142512,0.03163516859434843,1.0003565207329232,0.5842608685643458,KOSDAQ40_PIT,FULL_2023_08_08_2026_08_17
2024-06-27,-0.03127864786142512,0.031585134206002674,1.0003064863445776,0.5892333014882789,KOSDAQ40_PIT,FULL_2023_08_08_2026_08_17
2024-06-28,-0.03127864786142512,0.02802389028735646,0.9967452424259313,0.9431508189551074,KOSDAQ40_PIT,FULL_2023_08_08_2026_08_17
2024-07-01,-0.03127864786142512,0.03347902846116407,1.002200380599739,0.40101750710759276,KOSDAQ40_PIT,FULL_2023_08_08_2026_08_17
2024-07-02,-0.03127864786142512,0.02930138867498062,0.9980227408135556,0.8161926357347582,KOSDAQ40_PIT,FULL_2023_08_08_2026_08_17
2024-07-03,-0.03127864786142512,0.03237224925970111,1.001093601398276,0.5110095650272206,KOSDAQ40_PIT,FULL_2023_08_08_2026_08_17
2024-07-04,-0.03127864786142512,0.030324313947827097,0.999045666086402,0.7145340070673134,KOSDAQ40_PIT,FULL_2023_08_08_2026_08_17
2024-07-05,-0.005568152302662055,0.0013703863030253031,0.9958022340003633,1.0368672867263506,KOSDAQ40_PIT,FULL_2023_08_08_2026_08_17
2024-07-08,-0.005568152302662055,-0.0008978393019820944,0.9935340083953559,1.2622842459454997,KOSDAQ40_PIT,FULL_2023_08_08_2026_08_17
2024-07-09,-0.005568152302662055,0.0016539145036512204,0.9960857622009892,1.0086901668239556,KOSDAQ40_PIT,FULL_2023_08_08_2026_08_17
2024-07-10,-0.005568152302662055,0.001417641003129626,0.9958494887004675,1.0321711000759626,KOSDAQ40_PIT,FULL_2023_08_08_2026_08_17
2024-07-11,-0.005568152302662055,-0.0029297914064678877,0.9915020562908701,1.464220271912653,KOSDAQ40_PIT,FULL_2023_08_08_2026_08_17
2024-07-12,-0.009292866477851346,0.0,0.9907071335221487,1.5432199414973868,KOSDAQ40_PIT,FULL_2023_08_08_2026_08_17
2024-07-15,-0.009292866477851346,0.0,0.9907071335221487,1.5432199414973868,KOSDAQ40_PIT,FULL_2023_08_08_2026_08_17
2024-07-16,-0.009292866477851346,0.0,0.9907071335221487,1.5432199414973868,KOSDAQ40_PIT,FULL_2023_08_08_2026_08_17
2024-07-17,-0.009292866477851346,0.0,0.9907071335221487,1.5432199414973868,KOSDAQ40_PIT,FULL_2023_08_08_2026_08_17
2024-07-18,-0.009292866477851346,0.0,0.9907071335221487,1.5432199414973868,KOSDAQ40_PIT,FULL_2023_08_08_2026_08_17
2024-07-19,-0.009292866477851346,0.0,0.9907071335221487,1.5432199414973868,KOSDAQ40_PIT,FULL_2023_08_08_2026_08_17
2024-07-22,-0.009292866477851346,0.0,0.9907071335221487,1.5432199414973868,KOSDAQ40_PIT,FULL_2023_08_08_2026_08_17
2024-07-23,-0.009292866477851346,0.0,0.9907071335221487,1.5432199414973868,KOSDAQ40_PIT,FULL_2023_08_08_2026_08_17
2024-07-24,-0.009292866477851346,0.0,0.9907071335221487,1.5432199414973868,KOSDAQ40_PIT,FULL_2023_08_08_2026_08_17
2024-07-25,-0.009292866477851346,0.0,0.9907071335221487,1.5432199414973868,KOSDAQ40_PIT,FULL_2023_08_08_2026_08_17
2024-07-26,-0.009292866477851346,0.0,0.9907071335221487,1.5432199414973868,KOSDAQ40_PIT,FULL_2023_08_08_2026_08_17
2024-07-29,-0.009292866477851346,0.0,0.9907071335221487,1.5432199414973868,KOSDAQ40_PIT,FULL_2023_08_08_2026_08_17
2024-07-30,-0.009292866477851346,0.0,0.9907071335221487,1.5432199414973868,KOSDAQ40_PIT,FULL_2023_08_08_2026_08_17
2024-07-31,-0.009292866477851346,0.0,0.9907071335221487,1.5432199414973868,KOSDAQ40_PIT,FULL_2023_08_08_2026_08_17
2024-08-01,-0.009292866477851346,0.0,0.9907071335221487,1.5432199414973868,KOSDAQ40_PIT,FULL_2023_08_08_2026_08_17
2024-08-02,-0.009292866477851346,0.0004623299956436683,0.9911694635177923,1.4972734441367597,KOSDAQ40_PIT,FULL_2023_08_08_2026_08_17
2024-08-05,-0.009292866477851346,-0.0023116499782183456,0.9883954835439304,1.772952428300556,KOSDAQ40_PIT,FULL_2023_08_08_2026_08_17
2024-08-06,-0.009292866477851346,-0.002377697120453158,0.9883294364016956,1.7795162136377884,KOSDAQ40_PIT,FULL_2023_08_08_2026_08_17
2024-08-07,-0.009292866477851346,0.0015851314136354389,0.9922922649357842,1.3856890934037858,KOSDAQ40_PIT,FULL_2023_08_08_2026_08_17
2024-08-08,-0.009292866477851346,0.001056754275756962,0.9917638877979056,1.4381993761016565,KOSDAQ40_PIT,FULL_2023_08_08_2026_08_17
2024-08-09,-0.009292866477851346,0.0009246599912873366,0.991631793513436,1.4513269467761214,KOSDAQ40_PIT,FULL_2023_08_08_2026_08_17
2024-08-12,-0.009292866477851346,-0.0019814142670442985,0.9887257192551043,1.7401335016144048,KOSDAQ40_PIT,FULL_2023_08_08_2026_08_17
2024-08-13,-0.009292866477851346,-0.004425158529732261,0.9862819749924164,1.982993559092039,KOSDAQ40_PIT,FULL_2023_08_08_2026_08_17
2024-08-14,-0.009292866477851346,-0.006670761365715798,0.9840363721564329,2.2061622605579756,KOSDAQ40_PIT,FULL_2023_08_08_2026_08_17
2024-08-16,-0.016192069758313325,0.0,0.9838079302416867,2.228864888403548,KOSDAQ40_PIT,FULL_2023_08_08_2026_08_17
2024-08-19,-0.016192069758313325,0.0,0.9838079302416867,2.228864888403548,KOSDAQ40_PIT,FULL_2023_08_08_2026_08_17
2024-08-20,-0.016192069758313325,0.0,0.9838079302416867,2.228864888403548,KOSDAQ40_PIT,FULL_2023_08_08_2026_08_17
2024-08-21,-0.016192069758313325,0.0,0.9838079302416867,2.228864888403548,KOSDAQ40_PIT,FULL_2023_08_08_2026_08_17
2024-08-22,-0.016192069758313325,-0.0012993689644701465,0.9825085612772165,2.3579965762867916,KOSDAQ40_PIT,FULL_2023_08_08_2026_08_17
2024-08-23,-0.016192069758313325,-0.001113744826688697,0.982694185414998,2.3395491923034695,KOSDAQ40_PIT,FULL_2023_08_08_2026_08_17
2024-08-26,-0.016192069758313325,-0.0065587195349445715,0.9772492107067421,2.8806724558141927,KOSDAQ40_PIT,FULL_2023_08_08_2026_08_17
2024-08-27,-0.016192069758313325,-0.006620594247538397,0.9771873359941483,2.8868215838086297,KOSDAQ40_PIT,FULL_2023_08_08_2026_08_17
2024-08-28,-0.016192069758313325,-0.006063721834194048,0.9777442084074927,2.8314794318586745,KOSDAQ40_PIT,FULL_2023_08_08_2026_08_17
2024-08-29,-0.016192069758313325,-0.004826227582317701,0.978981702659369,2.7084968719698677,KOSDAQ40_PIT,FULL_2023_08_08_2026_08_17
2024-08-30,-0.016192069758313325,-0.0036506080430351914,0.9801573221986515,2.591663440075509,KOSDAQ40_PIT,FULL_2023_08_08_2026_08_17
2024-09-02,-0.016192069758313325,-0.005939972409006411,0.9778679578326802,2.8191811758698004,KOSDAQ40_PIT,FULL_2023_08_08_2026_08_17
2024-09-03,-0.016192069758313325,-0.007486840223851833,0.9763210900178348,2.9729093757307923,KOSDAQ40_PIT,FULL_2023_08_08_2026_08_17
2024-09-04,-0.02317438833764704,0.0,0.9768256116623529,2.922769859310359,KOSDAQ40_PIT,FULL_2023_08_08_2026_08_17
2024-09-05,-0.02317438833764704,0.0,0.9768256116623529,2.922769859310359,KOSDAQ40_PIT,FULL_2023_08_08_2026_08_17
2024-09-06,-0.02317438833764704,0.0,0.9768256116623529,2.922769859310359,KOSDAQ40_PIT,FULL_2023_08_08_2026_08_17
2024-09-09,-0.02317438833764704,0.0,0.9768256116623529,2.922769859310359,KOSDAQ40_PIT,FULL_2023_08_08_2026_08_17
2024-09-10,-0.02317438833764704,0.0,0.9768256116623529,2.922769859310359,KOSDAQ40_PIT,FULL_2023_08_08_2026_08_17
2024-09-11,-0.02317438833764704,0.0,0.9768256116623529,2.922769859310359,KOSDAQ40_PIT,FULL_2023_08_08_2026_08_17
2024-09-12,-0.02317438833764704,0.0,0.9768256116623529,2.922769859310359,KOSDAQ40_PIT,FULL_2023_08_08_2026_08_17
2024-09-13,-0.02317438833764704,0.0,0.9768256116623529,2.922769859310359,KOSDAQ40_PIT,FULL_2023_08_08_2026_08_17
2024-09-19,-0.02317438833764704,0.0,0.9768256116623529,2.922769859310359,KOSDAQ40_PIT,FULL_2023_08_08_2026_08_17
2024-09-20,-0.02317438833764704,0.0,0.9768256116623529,2.922769859310359,KOSDAQ40_PIT,FULL_2023_08_08_2026_08_17
2024-09-23,-0.02317438833764704,0.0,0.9768256116623529,2.922769859310359,KOSDAQ40_PIT,FULL_2023_08_08_2026_08_17
2024-09-24,-0.02317438833764704,0.0,0.9768256116623529,2.922769859310359,KOSDAQ40_PIT,FULL_2023_08_08_2026_08_17
2024-09-25,-0.02317438833764704,0.0,0.9768256116623529,2.922769859310359,KOSDAQ40_PIT,FULL_2023_08_08_2026_08_17
2024-09-26,-0.02317438833764704,0.0,0.9768256116623529,2.922769859310359,KOSDAQ40_PIT,FULL_2023_08_08_2026_08_17
2024-09-27,-0.02317438833764704,0.0,0.9768256116623529,2.922769859310359,KOSDAQ40_PIT,FULL_2023_08_08_2026_08_17
2024-09-30,-0.02317438833764704,0.0,0.9768256116623529,2.922769859310359,KOSDAQ40_PIT,FULL_2023_08_08_2026_08_17
2024-10-02,-0.02317438833764704,0.0,0.9768256116623529,2.922769859310359,KOSDAQ40_PIT,FULL_2023_08_08_2026_08_17
2024-10-04,-0.02317438833764704,0.0,0.9768256116623529,2.922769859310359,KOSDAQ40_PIT,FULL_2023_08_08_2026_08_17
2024-10-07,-0.02317438833764704,0.0,0.9768256116623529,2.922769859310359,KOSDAQ40_PIT,FULL_2023_08_08_2026_08_17
2024-10-08,-0.02317438833764704,0.0,0.9768256116623529,2.922769859310359,KOSDAQ40_PIT,FULL_2023_08_08_2026_08_17
2024-10-10,-0.02317438833764704,0.0,0.9768256116623529,2.922769859310359,KOSDAQ40_PIT,FULL_2023_08_08_2026_08_17
2024-10-11,-0.02317438833764704,0.0,0.9768256116623529,2.922769859310359,KOSDAQ40_PIT,FULL_2023_08_08_2026_08_17
2024-10-14,-0.02317438833764704,0.0,0.9768256116623529,2.922769859310359,KOSDAQ40_PIT,FULL_2023_08_08_2026_08_17
2024-10-15,-0.02317438833764704,0.0,0.9768256116623529,2.922769859310359,KOSDAQ40_PIT,FULL_2023_08_08_2026_08_17
2024-10-16,-0.01378939252705633,0.00032027069234831534,0.986530878165292,1.9582574851116807,KOSDAQ40_PIT,FULL_2023_08_08_2026_08_17
2024-10-17,-0.01378939252705633,-0.002028381051539309,0.9841822264214043,2.1916672187832886,KOSDAQ40_PIT,FULL_2023_08_08_2026_08_17
2024-10-18,-0.01378939252705633,-0.0018682457053651564,0.9843423617675785,2.175752918760221,KOSDAQ40_PIT,FULL_2023_08_08_2026_08_17
2024-10-21,-0.01378939252705633,-0.0024020301926123405,0.9838085772803313,2.228800585503765,KOSDAQ40_PIT,FULL_2023_08_08_2026_08_17
2024-10-22,-0.01378939252705633,-0.004003383654353902,0.9822072238185897,2.387943585734409,KOSDAQ40_PIT,FULL_2023_08_08_2026_08_17
2024-10-23,-0.018366681201831814,0.0,0.9816333187981682,2.444978443421586,KOSDAQ40_PIT,FULL_2023_08_08_2026_08_17
2024-10-24,-0.018366681201831814,0.0,0.9816333187981682,2.444978443421586,KOSDAQ40_PIT,FULL_2023_08_08_2026_08_17
2024-10-25,-0.018366681201831814,0.0,0.9816333187981682,2.444978443421586,KOSDAQ40_PIT,FULL_2023_08_08_2026_08_17
2024-10-28,-0.018366681201831814,0.0,0.9816333187981682,2.444978443421586,KOSDAQ40_PIT,FULL_2023_08_08_2026_08_17
2024-10-29,-0.018366681201831814,0.0,0.9816333187981682,2.444978443421586,KOSDAQ40_PIT,FULL_2023_08_08_2026_08_17
2024-10-30,-0.018366681201831814,0.0,0.9816333187981682,2.444978443421586,KOSDAQ40_PIT,FULL_2023_08_08_2026_08_17
2024-10-31,-0.018366681201831814,0.0,0.9816333187981682,2.444978443421586,KOSDAQ40_PIT,FULL_2023_08_08_2026_08_17
2024-11-01,-0.018366681201831814,0.0,0.9816333187981682,2.444978443421586,KOSDAQ40_PIT,FULL_2023_08_08_2026_08_17
2024-11-04,-0.018366681201831814,0.0,0.9816333187981682,2.444978443421586,KOSDAQ40_PIT,FULL_2023_08_08_2026_08_17
2024-11-05,-0.018366681201831814,0.0,0.9816333187981682,2.444978443421586,KOSDAQ40_PIT,FULL_2023_08_08_2026_08_17
2024-11-06,-0.018366681201831814,0.0,0.9816333187981682,2.444978443421586,KOSDAQ40_PIT,FULL_2023_08_08_2026_08_17
2024-11-07,-0.018366681201831814,0.0,0.9816333187981682,2.444978443421586,KOSDAQ40_PIT,FULL_2023_08_08_2026_08_17
2024-11-08,-0.018366681201831814,0.0,0.9816333187981682,2.444978443421586,KOSDAQ40_PIT,FULL_2023_08_08_2026_08_17
2024-11-11,-0.018366681201831814,0.0,0.9816333187981682,2.444978443421586,KOSDAQ40_PIT,FULL_2023_08_08_2026_08_17
2024-11-12,-0.018366681201831814,0.0,0.9816333187981682,2.444978443421586,KOSDAQ40_PIT,FULL_2023_08_08_2026_08_17
2024-11-13,-0.018366681201831814,0.0,0.9816333187981682,2.444978443421586,KOSDAQ40_PIT,FULL_2023_08_08_2026_08_17
2024-11-14,-0.018366681201831814,0.0,0.9816333187981682,2.444978443421586,KOSDAQ40_PIT,FULL_2023_08_08_2026_08_17
2024-11-15,-0.018366681201831814,0.0,0.9816333187981682,2.444978443421586,KOSDAQ40_PIT,FULL_2023_08_08_2026_08_17
2024-11-18,-0.018366681201831814,0.0,0.9816333187981682,2.444978443421586,KOSDAQ40_PIT,FULL_2023_08_08_2026_08_17
2024-11-19,-0.018366681201831814,0.0,0.9816333187981682,2.444978443421586,KOSDAQ40_PIT,FULL_2023_08_08_2026_08_17
2024-11-20,-0.018366681201831814,0.0,0.9816333187981682,2.444978443421586,KOSDAQ40_PIT,FULL_2023_08_08_2026_08_17
2024-11-21,-0.018366681201831814,0.0,0.9816333187981682,2.444978443421586,KOSDAQ40_PIT,FULL_2023_08_08_2026_08_17
2024-11-22,-0.018366681201831814,0.0,0.9816333187981682,2.444978443421586,KOSDAQ40_PIT,FULL_2023_08_08_2026_08_17
2024-11-25,-0.018366681201831814,0.0,0.9816333187981682,2.444978443421586,KOSDAQ40_PIT,FULL_2023_08_08_2026_08_17
2024-11-26,-0.018366681201831814,0.0,0.9816333187981682,2.444978443421586,KOSDAQ40_PIT,FULL_2023_08_08_2026_08_17
2024-11-27,-0.018366681201831814,0.0,0.9816333187981682,2.444978443421586,KOSDAQ40_PIT,FULL_2023_08_08_2026_08_17
2024-11-28,-0.018366681201831814,0.0,0.9816333187981682,2.444978443421586,KOSDAQ40_PIT,FULL_2023_08_08_2026_08_17
2024-11-29,-0.018366681201831814,0.0,0.9816333187981682,2.444978443421586,KOSDAQ40_PIT,FULL_2023_08_08_2026_08_17
2024-12-02,-0.018366681201831814,0.0,0.9816333187981682,2.444978443421586,KOSDAQ40_PIT,FULL_2023_08_08_2026_08_17
2024-12-03,-0.018366681201831814,0.0,0.9816333187981682,2.444978443421586,KOSDAQ40_PIT,FULL_2023_08_08_2026_08_17
2024-12-04,-0.018366681201831814,0.0,0.9816333187981682,2.444978443421586,KOSDAQ40_PIT,FULL_2023_08_08_2026_08_17
2024-12-05,-0.018366681201831814,0.0,0.9816333187981682,2.444978443421586,KOSDAQ40_PIT,FULL_2023_08_08_2026_08_17
2024-12-06,-0.018366681201831814,0.0,0.9816333187981682,2.444978443421586,KOSDAQ40_PIT,FULL_2023_08_08_2026_08_17
2024-12-09,-0.018366681201831814,0.0,0.9816333187981682,2.444978443421586,KOSDAQ40_PIT,FULL_2023_08_08_2026_08_17
2024-12-10,-0.018366681201831814,0.0,0.9816333187981682,2.444978443421586,KOSDAQ40_PIT,FULL_2023_08_08_2026_08_17
2024-12-11,-0.018366681201831814,0.0,0.9816333187981682,2.444978443421586,KOSDAQ40_PIT,FULL_2023_08_08_2026_08_17
2024-12-12,-0.018366681201831814,0.0,0.9816333187981682,2.444978443421586,KOSDAQ40_PIT,FULL_2023_08_08_2026_08_17
2024-12-13,-0.018366681201831814,0.0,0.9816333187981682,2.444978443421586,KOSDAQ40_PIT,FULL_2023_08_08_2026_08_17
2024-12-16,-0.018366681201831814,0.0,0.9816333187981682,2.444978443421586,KOSDAQ40_PIT,FULL_2023_08_08_2026_08_17
2024-12-17,-0.018366681201831814,0.0,0.9816333187981682,2.444978443421586,KOSDAQ40_PIT,FULL_2023_08_08_2026_08_17
2024-12-18,-0.018366681201831814,0.0,0.9816333187981682,2.444978443421586,KOSDAQ40_PIT,FULL_2023_08_08_2026_08_17
2024-12-19,-0.018366681201831814,0.0,0.9816333187981682,2.444978443421586,KOSDAQ40_PIT,FULL_2023_08_08_2026_08_17
2024-12-20,-0.018366681201831814,0.0,0.9816333187981682,2.444978443421586,KOSDAQ40_PIT,FULL_2023_08_08_2026_08_17
2024-12-23,-0.018366681201831814,0.0,0.9816333187981682,2.444978443421586,KOSDAQ40_PIT,FULL_2023_08_08_2026_08_17
2024-12-24,-0.018366681201831814,0.0,0.9816333187981682,2.444978443421586,KOSDAQ40_PIT,FULL_2023_08_08_2026_08_17
2024-12-26,-0.018366681201831814,0.0,0.9816333187981682,2.444978443421586,KOSDAQ40_PIT,FULL_2023_08_08_2026_08_17
2024-12-27,-0.018366681201831814,0.0,0.9816333187981682,2.444978443421586,KOSDAQ40_PIT,FULL_2023_08_08_2026_08_17
2024-12-30,-0.018366681201831814,0.0,0.9816333187981682,2.444978443421586,KOSDAQ40_PIT,FULL_2023_08_08_2026_08_17
2025-01-02,-0.018366681201831814,0.0,0.9816333187981682,2.444978443421586,KOSDAQ40_PIT,FULL_2023_08_08_2026_08_17
2025-01-03,-0.018366681201831814,0.0,0.9816333187981682,2.444978443421586,KOSDAQ40_PIT,FULL_2023_08_08_2026_08_17
2025-01-06,-0.018366681201831814,0.0,0.9816333187981682,2.444978443421586,KOSDAQ40_PIT,FULL_2023_08_08_2026_08_17
2025-01-07,-0.018366681201831814,0.0,0.9816333187981682,2.444978443421586,KOSDAQ40_PIT,FULL_2023_08_08_2026_08_17
2025-01-08,-0.018366681201831814,0.0,0.9816333187981682,2.444978443421586,KOSDAQ40_PIT,FULL_2023_08_08_2026_08_17
2025-01-09,-0.018366681201831814,0.0,0.9816333187981682,2.444978443421586,KOSDAQ40_PIT,FULL_2023_08_08_2026_08_17
2025-01-10,-0.018366681201831814,-0.0024540832969954167,0.9791792355011728,2.688865997313028,KOSDAQ40_PIT,FULL_2023_08_08_2026_08_17
2025-01-13,-0.018366681201831814,-0.0018239808288479473,0.9798093379693202,2.6262462199625247,KOSDAQ40_PIT,FULL_2023_08_08_2026_08_17
2025-01-14,-0.018366681201831814,-0.0015586745264700612,0.9800746442716981,2.599879997920218,KOSDAQ40_PIT,FULL_2023_08_08_2026_08_17
2025-01-15,-0.018366681201831814,-0.0037474515210875977,0.9778858672770806,2.8174013297693423,KOSDAQ40_PIT,FULL_2023_08_08_2026_08_17
2025-01-16,-0.018366681201831814,0.0010943884973087683,0.982727707295477,2.3362177774970183,KOSDAQ40_PIT,FULL_2023_08_08_2026_08_17
2025-01-17,-0.018366681201831814,0.0001989797267834068,0.9818322985249516,2.4252037768898504,KOSDAQ40_PIT,FULL_2023_08_08_2026_08_17
2025-01-20,-0.018366681201831814,0.0013265315118894117,0.9829598503100576,2.313147333209997,KOSDAQ40_PIT,FULL_2023_08_08_2026_08_17
2025-01-21,-0.018366681201831814,-0.0015255112386728309,0.9801078075594953,2.5965842201649214,KOSDAQ40_PIT,FULL_2023_08_08_2026_08_17
2025-01-22,-0.018366681201831814,0.0008290821949308885,0.9824624009930991,2.362583999539336,KOSDAQ40_PIT,FULL_2023_08_08_2026_08_17
2025-01-23,-0.018366681201831814,0.001591837814267304,0.9832251566124355,2.2867811111676795,KOSDAQ40_PIT,FULL_2023_08_08_2026_08_17
2025-01-24,-0.018366681201831814,0.001260204936294951,0.9828935237344631,2.3197388887205794,KOSDAQ40_PIT,FULL_2023_08_08_2026_08_17
2025-01-31,-0.018366681201831814,0.005239799471963198,0.9868731182701314,1.924245558085802,KOSDAQ40_PIT,FULL_2023_08_08_2026_08_17
2025-02-03,-0.018366681201831814,0.00291836932615672,0.9845516881243249,2.1549500009560796,KOSDAQ40_PIT,FULL_2023_08_08_2026_08_17
2025-02-04,-0.018366681201831814,0.005372452623152133,0.9870057714213203,1.9110624470646487,KOSDAQ40_PIT,FULL_2023_08_08_2026_08_17
2025-02-05,-0.018366681201831814,0.02142348391701407,1.0030568027151823,0.3159060135043745,KOSDAQ40_PIT,FULL_2023_08_08_2026_08_17
2025-02-06,-0.018366681201831814,0.024872465847926552,1.0065057846460947,-0.0,KOSDAQ40_PIT,FULL_2023_08_08_2026_08_17
2025-02-07,-0.018366681201831814,0.02633165051100491,1.007964969309173,-0.0,KOSDAQ40_PIT,FULL_2023_08_08_2026_08_17
2025-02-10,-0.018366681201831814,0.01734439951795412,0.9989777183161223,0.8916233467131662,KOSDAQ40_PIT,FULL_2023_08_08_2026_08_17
2025-02-11,-0.018366681201831814,0.01873725760543801,1.0003705764036062,0.753438178587873,KOSDAQ40_PIT,FULL_2023_08_08_2026_08_17
2025-02-12,-0.018366681201831814,0.014459193479594633,0.9960925122777629,1.1778640521155403,KOSDAQ40_PIT,FULL_2023_08_08_2026_08_17
2025-02-13,-0.018366681201831814,0.015321438962322758,0.9969547577604909,1.0923208527998884,KOSDAQ40_PIT,FULL_2023_08_08_2026_08_17
2025-02-14,-0.018366681201831814,0.016647970474212178,0.9982812892723804,0.9607159307758018,KOSDAQ40_PIT,FULL_2023_08_08_2026_08_17
2025-02-17,-0.01686531734462852,0.013928580874838873,0.9970632635302104,1.0815560174114336,KOSDAQ40_PIT,FULL_2023_08_08_2026_08_17
2025-02-18,-0.01686531734462852,0.016382664171834288,0.9995173468272058,0.8380869116668688,KOSDAQ40_PIT,FULL_2023_08_08_2026_08_17
2025-02-19,-0.01686531734462852,0.015387765537917228,0.9985224481932887,0.9367906031849338,KOSDAQ40_PIT,FULL_2023_08_08_2026_08_17
2025-02-20,-0.01686531734462852,0.013464294845677578,0.9965989775010491,1.1276177401198573,KOSDAQ40_PIT,FULL_2023_08_08_2026_08_17
2025-02-21,-0.01686531734462852,0.01465817320637805,0.9977928558617496,1.0091733102981837,KOSDAQ40_PIT,FULL_2023_08_08_2026_08_17
2025-02-24,-0.01686531734462852,0.012734702514138392,0.99586938516951,1.200000447233096,KOSDAQ40_PIT,FULL_2023_08_08_2026_08_17
2025-02-25,-0.01686531734462852,0.012336743060571571,0.995471425715943,1.2394819238403354,KOSDAQ40_PIT,FULL_2023_08_08_2026_08_17
2025-02-26,-0.01686531734462852,0.012270416484977098,0.9954050991403486,1.246062169941542,KOSDAQ40_PIT,FULL_2023_08_08_2026_08_17
2025-02-27,-0.01686531734462852,0.013066335392110748,0.9962010180474823,1.1670992167270855,KOSDAQ40_PIT,FULL_2023_08_08_2026_08_17
2025-02-28,-0.01686531734462852,0.006433677832663669,0.9895683604880352,1.8251238268474967,KOSDAQ40_PIT,FULL_2023_08_08_2026_08_17
2025-03-04,-0.010477050510747671,0.0,0.9895229494892523,1.8296290428188478,KOSDAQ40_PIT,FULL_2023_08_08_2026_08_17
2025-03-05,-0.010477050510747671,0.0,0.9895229494892523,1.8296290428188478,KOSDAQ40_PIT,FULL_2023_08_08_2026_08_17
2025-03-06,-0.010477050510747671,0.0,0.9895229494892523,1.8296290428188478,KOSDAQ40_PIT,FULL_2023_08_08_2026_08_17
2025-03-07,-0.010477050510747671,0.0,0.9895229494892523,1.8296290428188478,KOSDAQ40_PIT,FULL_2023_08_08_2026_08_17
2025-03-10,-0.010477050510747671,0.0,0.9895229494892523,1.8296290428188478,KOSDAQ40_PIT,FULL_2023_08_08_2026_08_17
2025-03-11,-0.010477050510747671,0.0,0.9895229494892523,1.8296290428188478,KOSDAQ40_PIT,FULL_2023_08_08_2026_08_17
2025-03-12,-0.010477050510747671,0.0,0.9895229494892523,1.8296290428188478,KOSDAQ40_PIT,FULL_2023_08_08_2026_08_17
2025-03-13,-0.010477050510747671,0.0,0.9895229494892523,1.8296290428188478,KOSDAQ40_PIT,FULL_2023_08_08_2026_08_17
2025-03-14,-0.010477050510747671,0.0,0.9895229494892523,1.8296290428188478,KOSDAQ40_PIT,FULL_2023_08_08_2026_08_17
2025-03-17,-0.010477050510747671,0.0,0.9895229494892523,1.8296290428188478,KOSDAQ40_PIT,FULL_2023_08_08_2026_08_17
2025-03-18,-0.010477050510747671,0.0,0.9895229494892523,1.8296290428188478,KOSDAQ40_PIT,FULL_2023_08_08_2026_08_17
2025-03-19,-0.010477050510747671,0.0,0.9895229494892523,1.8296290428188478,KOSDAQ40_PIT,FULL_2023_08_08_2026_08_17
2025-03-20,-0.010477050510747671,0.0,0.9895229494892523,1.8296290428188478,KOSDAQ40_PIT,FULL_2023_08_08_2026_08_17
2025-03-21,-0.010477050510747671,0.0,0.9895229494892523,1.8296290428188478,KOSDAQ40_PIT,FULL_2023_08_08_2026_08_17
2025-03-24,-0.010477050510747671,0.0,0.9895229494892523,1.8296290428188478,KOSDAQ40_PIT,FULL_2023_08_08_2026_08_17
2025-03-25,-0.010477050510747671,0.0,0.9895229494892523,1.8296290428188478,KOSDAQ40_PIT,FULL_2023_08_08_2026_08_17
2025-03-26,-0.010477050510747671,0.0,0.9895229494892523,1.8296290428188478,KOSDAQ40_PIT,FULL_2023_08_08_2026_08_17
2025-03-27,-0.010477050510747671,0.0,0.9895229494892523,1.8296290428188478,KOSDAQ40_PIT,FULL_2023_08_08_2026_08_17
2025-03-28,-0.010477050510747671,0.0,0.9895229494892523,1.8296290428188478,KOSDAQ40_PIT,FULL_2023_08_08_2026_08_17
2025-03-31,-0.010477050510747671,0.0,0.9895229494892523,1.8296290428188478,KOSDAQ40_PIT,FULL_2023_08_08_2026_08_17
2025-04-01,-0.010477050510747671,0.0,0.9895229494892523,1.8296290428188478,KOSDAQ40_PIT,FULL_2023_08_08_2026_08_17
2025-04-02,-0.010477050510747671,0.0,0.9895229494892523,1.8296290428188478,KOSDAQ40_PIT,FULL_2023_08_08_2026_08_17
2025-04-03,-0.010477050510747671,0.0,0.9895229494892523,1.8296290428188478,KOSDAQ40_PIT,FULL_2023_08_08_2026_08_17
2025-04-04,-0.010477050510747671,0.0,0.9895229494892523,1.8296290428188478,KOSDAQ40_PIT,FULL_2023_08_08_2026_08_17
2025-04-07,-0.010477050510747671,0.0,0.9895229494892523,1.8296290428188478,KOSDAQ40_PIT,FULL_2023_08_08_2026_08_17
2025-04-08,-0.010477050510747671,0.0,0.9895229494892523,1.8296290428188478,KOSDAQ40_PIT,FULL_2023_08_08_2026_08_17
2025-04-09,-0.010477050510747671,0.0,0.9895229494892523,1.8296290428188478,KOSDAQ40_PIT,FULL_2023_08_08_2026_08_17
2025-04-10,-0.010477050510747671,0.0,0.9895229494892523,1.8296290428188478,KOSDAQ40_PIT,FULL_2023_08_08_2026_08_17
2025-04-11,-0.010477050510747671,0.0,0.9895229494892523,1.8296290428188478,KOSDAQ40_PIT,FULL_2023_08_08_2026_08_17
2025-04-14,-0.010477050510747671,0.0,0.9895229494892523,1.8296290428188478,KOSDAQ40_PIT,FULL_2023_08_08_2026_08_17
2025-04-15,-0.010477050510747671,0.0,0.9895229494892523,1.8296290428188478,KOSDAQ40_PIT,FULL_2023_08_08_2026_08_17
2025-04-16,-0.010477050510747671,0.0,0.9895229494892523,1.8296290428188478,KOSDAQ40_PIT,FULL_2023_08_08_2026_08_17
2025-04-17,-0.010477050510747671,0.0,0.9895229494892523,1.8296290428188478,KOSDAQ40_PIT,FULL_2023_08_08_2026_08_17
2025-04-18,-0.010477050510747671,0.0,0.9895229494892523,1.8296290428188478,KOSDAQ40_PIT,FULL_2023_08_08_2026_08_17
2025-04-21,-0.010477050510747671,0.0,0.9895229494892523,1.8296290428188478,KOSDAQ40_PIT,FULL_2023_08_08_2026_08_17
2025-04-22,-0.010477050510747671,0.0,0.9895229494892523,1.8296290428188478,KOSDAQ40_PIT,FULL_2023_08_08_2026_08_17
2025-04-23,-0.010477050510747671,0.0,0.9895229494892523,1.8296290428188478,KOSDAQ40_PIT,FULL_2023_08_08_2026_08_17
2025-04-24,-0.010477050510747671,0.0,0.9895229494892523,1.8296290428188478,KOSDAQ40_PIT,FULL_2023_08_08_2026_08_17
2025-04-25,-0.010477050510747671,-0.0008835026334725439,0.9886394468557798,1.917281159744899,KOSDAQ40_PIT,FULL_2023_08_08_2026_08_17
2025-04-28,-0.010477050510747671,-0.0014136042135560788,0.9881093452756963,1.9698724299005321,KOSDAQ40_PIT,FULL_2023_08_08_2026_08_17
2025-04-29,-0.010477050510747671,-0.0014136042135560788,0.9881093452756963,1.9698724299005321,KOSDAQ40_PIT,FULL_2023_08_08_2026_08_17
2025-04-30,-0.010477050510747671,-0.002120406320334108,0.9874025431689183,2.0399941234413688,KOSDAQ40_PIT,FULL_2023_08_08_2026_08_17
2025-05-02,-0.010477050510747671,-0.0012369036868615636,0.9882860458023908,1.9523420065153174,KOSDAQ40_PIT,FULL_2023_08_08_2026_08_17
2025-05-07,-0.010477050510747671,-0.0035421346960370567,0.9859808147932153,2.181043507000535,KOSDAQ40_PIT,FULL_2023_08_08_2026_08_17
2025-05-08,-0.010477050510747671,-0.004541406640102566,0.9849815428491497,2.2801810737307027,KOSDAQ40_PIT,FULL_2023_08_08_2026_08_17
2025-05-09,-0.010477050510747671,0.0002701283913835676,0.9897930778806359,1.8028296599426064,KOSDAQ40_PIT,FULL_2023_08_08_2026_08_17
2025-05-12,-0.010477050510747671,-0.005701943202783508,0.9838210062864688,2.3953176705388546,KOSDAQ40_PIT,FULL_2023_08_08_2026_08_17
2025-05-13,-0.010477050510747671,0.004439854613266639,0.993962804102519,1.3891519678754904,KOSDAQ40_PIT,FULL_2023_08_08_2026_08_17
2025-05-14,-0.010477050510747671,0.010946089868590662,1.000469039357843,0.7436696888848626,KOSDAQ40_PIT,FULL_2023_08_08_2026_08_17
2025-05-15,-0.010477050510747671,0.012415344592852831,1.001938294082105,0.5979052259324491,KOSDAQ40_PIT,FULL_2023_08_08_2026_08_17
2025-05-16,-0.010477050510747671,0.010417206912829173,0.9999401564020816,0.7961400595688728,KOSDAQ40_PIT,FULL_2023_08_08_2026_08_17
2025-05-19,-0.010477050510747671,0.014915758597606979,1.0044387080868593,0.34983966007573475,KOSDAQ40_PIT,FULL_2023_08_08_2026_08_17
2025-05-20,-0.010477050510747671,0.015287642119880138,1.0048105916091326,0.31294517131903454,KOSDAQ40_PIT,FULL_2023_08_08_2026_08_17
2025-05-21,-0.010477050510747671,0.018473938513884115,1.0079968880031365,-0.0,KOSDAQ40_PIT,FULL_2023_08_08_2026_08_17
2025-05-22,-0.010477050510747671,0.025039277048826664,1.014562226538079,-0.0,KOSDAQ40_PIT,FULL_2023_08_08_2026_08_17
2025-05-23,-0.010477050510747671,0.027629056837196422,1.0171520063264488,-0.0,KOSDAQ40_PIT,FULL_2023_08_08_2026_08_17
2025-05-26,-0.010477050510747671,0.029201488420723874,1.0187244379099762,-0.0,KOSDAQ40_PIT,FULL_2023_08_08_2026_08_17
2025-05-27,-0.010477050510747671,0.028204044413141414,1.0177269939023939,0.0979110709888098,KOSDAQ40_PIT,FULL_2023_08_08_2026_08_17
2025-05-28,-0.010477050510747671,0.02423356326791043,1.0137565127571628,0.48766133096852515,KOSDAQ40_PIT,FULL_2023_08_08_2026_08_17
2025-05-29,-0.010477050510747671,0.032799070523413354,1.0223220200126657,-0.0,KOSDAQ40_PIT,FULL_2023_08_08_2026_08_17
2025-05-30,-0.010477050510747671,0.029326194309678387,1.0188491437989307,0.3397047256882946,KOSDAQ40_PIT,FULL_2023_08_08_2026_08_17
2025-06-02,-0.010477050510747671,0.03321055933615252,1.0227335088254048,-0.0,KOSDAQ40_PIT,FULL_2023_08_08_2026_08_17
2025-06-04,-0.010477050510747671,0.032186914905646395,1.0217098643948987,0.10008906735456957,KOSDAQ40_PIT,FULL_2023_08_08_2026_08_17
2025-06-05,-0.010477050510747671,0.03612896148336333,1.0256519109726157,-0.0,KOSDAQ40_PIT,FULL_2023_08_08_2026_08_17
2025-06-09,-0.010477050510747671,0.03811917810529378,1.0276421275945462,-0.0,KOSDAQ40_PIT,FULL_2023_08_08_2026_08_17
2025-06-10,-0.010477050510747671,0.04363040660167943,1.0331533560909318,-0.0,KOSDAQ40_PIT,FULL_2023_08_08_2026_08_17
2025-06-11,-0.010477050510747671,0.041866244791485735,1.031389194280738,0.17075507714253702,KOSDAQ40_PIT,FULL_2023_08_08_2026_08_17
2025-06-12,-0.010477050510747671,0.04023613165671548,1.0297590811459678,0.3285354419993114,KOSDAQ40_PIT,FULL_2023_08_08_2026_08_17
2025-06-13,-0.010477050510747671,0.033279614714400954,1.0228025642036533,1.0018640336650564,KOSDAQ40_PIT,FULL_2023_08_08_2026_08_17
2025-06-16,-0.010477050510747671,0.037031352793827355,1.0265543022830796,0.6387293589037557,KOSDAQ40_PIT,FULL_2023_08_08_2026_08_17
2025-06-17,-0.010477050510747671,0.03866105972049029,1.0281840092097427,0.48098831135692244,KOSDAQ40_PIT,FULL_2023_08_08_2026_08_17
2025-06-18,-0.010477050510747671,0.03740283010799318,1.0269257795972455,0.6027736789482208,KOSDAQ40_PIT,FULL_2023_08_08_2026_08_17
2025-06-19,-0.010477050510747671,0.04067564882886136,1.0301985983181137,0.28599411262602015,KOSDAQ40_PIT,FULL_2023_08_08_2026_08_17
2025-06-20,-0.010477050510747671,0.04587044120962626,1.0353933906988786,-0.0,KOSDAQ40_PIT,FULL_2023_08_08_2026_08_17
2025-06-23,-0.010477050510747671,0.04153477897589329,1.0310577284651457,0.4187454036968852,KOSDAQ40_PIT,FULL_2023_08_08_2026_08_17
2025-06-24,-0.010477050510747671,0.04339825866833251,1.032921208157585,0.238767463990186,KOSDAQ40_PIT,FULL_2023_08_08_2026_08_17
2025-06-25,-0.010477050510747671,0.04459088567149361,1.034113835160746,0.12358158257790297,KOSDAQ40_PIT,FULL_2023_08_08_2026_08_17
2025-06-26,-0.010477050510747671,0.04208417544107564,1.031607124930328,0.365683787685267,KOSDAQ40_PIT,FULL_2023_08_08_2026_08_17
2025-06-27,-0.010477050510747671,0.04291019962735905,1.0324331491166114,0.2859050104877525,KOSDAQ40_PIT,FULL_2023_08_08_2026_08_17
2025-06-30,-0.010477050510747671,0.04755112725376082,1.037074076743013,-0.0,KOSDAQ40_PIT,FULL_2023_08_08_2026_08_17
2025-07-01,-0.010477050510747671,0.04858188032614546,1.0381048298153979,-0.0,KOSDAQ40_PIT,FULL_2023_08_08_2026_08_17
2025-07-02,0.011140373594870804,0.02447363225935056,1.0356140058542214,0.23993954075133272,KOSDAQ40_PIT,FULL_2023_08_08_2026_08_17
2025-07-03,0.011140373594870804,0.015098755349965303,1.026239128944836,1.1430156694937854,KOSDAQ40_PIT,FULL_2023_08_08_2026_08_17
2025-07-04,0.025951513507584095,-0.0015437257612135396,1.0244077877463704,1.3194276411817807,KOSDAQ40_PIT,FULL_2023_08_08_2026_08_17
2025-07-07,0.025951513507584095,-0.0008490491686674488,1.0251024643389166,1.25250987212856,KOSDAQ40_PIT,FULL_2023_08_08_2026_08_17
2025-07-08,0.025951513507584095,-0.00015437257612135785,1.0257971409314628,1.1855921030753391,KOSDAQ40_PIT,FULL_2023_08_08_2026_08_17
2025-07-09,0.025951513507584095,-0.0014665394731528645,1.0244849740344313,1.311992333509182,KOSDAQ40_PIT,FULL_2023_08_08_2026_08_17
2025-07-10,0.025951513507584095,0.00046311772836406576,1.0264146312359481,1.126109641694717,KOSDAQ40_PIT,FULL_2023_08_08_2026_08_17
2025-07-11,0.025951513507584095,0.0011577943209101645,1.0271093078284943,1.0591918726414962,KOSDAQ40_PIT,FULL_2023_08_08_2026_08_17
2025-07-14,0.025951513507584095,0.0013893531850921817,1.0273408666926762,1.0368859496237781,KOSDAQ40_PIT,FULL_2023_08_08_2026_08_17
2025-07-15,0.025951513507584095,0.006020530468732824,1.031972043976317,0.5907674892690284,KOSDAQ40_PIT,FULL_2023_08_08_2026_08_17
2025-07-16,0.025951513507584095,0.005403040164247392,1.0313545536718314,0.6502499506496728,KOSDAQ40_PIT,FULL_2023_08_08_2026_08_17
2025-07-17,0.025951513507584095,0.005711785316490108,1.0316632988240741,0.6205087199593451,KOSDAQ40_PIT,FULL_2023_08_08_2026_08_17
2025-07-18,0.025951513507584095,0.0036277555388518276,1.0295792690464358,0.8212620271189852,KOSDAQ40_PIT,FULL_2023_08_08_2026_08_17
2025-07-21,0.025951513507584095,0.0037821281149731777,1.0297336416225573,0.8063914117738102,KOSDAQ40_PIT,FULL_2023_08_08_2026_08_17
2025-07-22,0.025951513507584095,0.002701520082123696,1.0286530335897077,0.9104857191899351,KOSDAQ40_PIT,FULL_2023_08_08_2026_08_17
2025-07-23,0.025951513507584095,0.0022384023537596305,1.0281899158613437,0.9550975652254046,KOSDAQ40_PIT,FULL_2023_08_08_2026_08_17
2025-07-24,0.025951513507584095,0.0025413704818582497,1.0284928839894423,0.9259128317190113,KOSDAQ40_PIT,FULL_2023_08_08_2026_08_17
2025-07-25,0.025951513507584095,0.00309364554140866,1.0290451590489926,0.8727125147867998,KOSDAQ40_PIT,FULL_2023_08_08_2026_08_17
2025-07-28,0.025951513507584095,0.009157513841818996,1.035109027349403,0.2885838096454596,KOSDAQ40_PIT,FULL_2023_08_08_2026_08_17
2025-07-29,0.025951513507584095,0.010832087087740024,1.0367836005953242,0.12727319844072493,KOSDAQ40_PIT,FULL_2023_08_08_2026_08_17
2025-07-30,0.025951513507584095,0.006481583524103017,1.032433097031687,0.5463545319136398,KOSDAQ40_PIT,FULL_2023_08_08_2026_08_17
2025-07-31,0.025951513507584095,0.005175193651215603,1.0311267071587997,0.6721982651635483,KOSDAQ40_PIT,FULL_2023_08_08_2026_08_17
2025-08-01,0.025951513507584095,0.0021266210788470326,1.0280781345864312,0.9658653867114508,KOSDAQ40_PIT,FULL_2023_08_08_2026_08_17
2025-08-04,0.025951513507584095,0.002382781100542966,1.028334294608127,0.9411896493158878,KOSDAQ40_PIT,FULL_2023_08_08_2026_08_17
2025-08-05,0.025951513507584095,0.0029258088612241053,1.0288773223688081,0.8888801189982587,KOSDAQ40_PIT,FULL_2023_08_08_2026_08_17
2025-08-06,0.025951513507584095,0.0020719712753063937,1.0280234847828904,0.9711297686862852,KOSDAQ40_PIT,FULL_2023_08_08_2026_08_17
2025-08-07,0.021197856074332617,0.008413305398613805,1.0296111614729464,0.8181898492815809,KOSDAQ40_PIT,FULL_2023_08_08_2026_08_17
2025-08-08,0.021197856074332617,0.007950187670249739,1.0291480437445824,0.8628016953170614,KOSDAQ40_PIT,FULL_2023_08_08_2026_08_17
2025-08-11,0.021197856074332617,0.009957031159827351,1.03115488723416,0.6694836958299977,KOSDAQ40_PIT,FULL_2023_08_08_2026_08_17
2025-08-12,0.021197856074332617,0.007641442518007038,1.0288392985923398,0.8925429260073559,KOSDAQ40_PIT,FULL_2023_08_08_2026_08_17
2025-08-13,0.021197856074332617,0.010111403735948701,1.0313092598102813,0.6546130804848449,KOSDAQ40_PIT,FULL_2023_08_08_2026_08_17
2025-08-14,0.021197856074332617,0.013970718138982562,1.0351685742133152,0.2828476968558924,KOSDAQ40_PIT,FULL_2023_08_08_2026_08_17
2025-08-18,0.021197856074332617,0.009339540855341937,1.0305373969296745,0.7289661572106421,KOSDAQ40_PIT,FULL_2023_08_08_2026_08_17
2025-08-19,0.021197856074332617,0.011655129497162249,1.032852985571495,0.5059069270332617,KOSDAQ40_PIT,FULL_2023_08_08_2026_08_17
2025-08-20,0.021197856074332617,0.010574521464312767,1.0317723775386454,0.6100012344493755,KOSDAQ40_PIT,FULL_2023_08_08_2026_08_17
2025-08-21,0.021197856074332617,0.010728894040434117,1.0319267501147669,0.5951306191042005,KOSDAQ40_PIT,FULL_2023_08_08_2026_08_17
2025-08-22,0.021197856074332617,0.012426992377769015,1.0336248484521018,0.4315538503074645,KOSDAQ40_PIT,FULL_2023_08_08_2026_08_17
2025-08-25,0.021197856074332617,0.013816345562861211,1.035014201637194,0.29771831220104517,KOSDAQ40_PIT,FULL_2023_08_08_2026_08_17
2025-08-26,0.021197856074332617,0.01609369688367021,1.037291552958003,0.07834245964731812,KOSDAQ40_PIT,FULL_2023_08_08_2026_08_17
2025-08-27,0.021197856074332617,0.01640244203591293,1.0376002981102457,0.04860122895699037,KOSDAQ40_PIT,FULL_2023_08_08_2026_08_17
2025-08-28,0.021197856074332617,0.012966584748155709,1.0341644408224884,0.37957524902472173,KOSDAQ40_PIT,FULL_2023_08_08_2026_08_17
2025-08-29,0.021197856074332617,0.01039960693560966,1.0315974630099423,0.6268506434569554,KOSDAQ40_PIT,FULL_2023_08_08_2026_08_17
2025-09-01,0.021197856074332617,0.008308492625098104,1.0295063486994307,0.8282863993125056,KOSDAQ40_PIT,FULL_2023_08_08_2026_08_17
2025-09-02,0.016973984882052456,0.012426992377769015,1.0294009772598216,0.8384367653047176,KOSDAQ40_PIT,FULL_2023_08_08_2026_08_17
2025-09-03,0.016973984882052456,0.012735737530011731,1.0297097224120642,0.808695534614412,KOSDAQ40_PIT,FULL_2023_08_08_2026_08_17
2025-09-04,0.016973984882052456,0.0077958150941283885,1.024769799976181,1.2845552256594672,KOSDAQ40_PIT,FULL_2023_08_08_2026_08_17
2025-09-05,0.02592547273495042,0.0,1.0259254727349505,1.1732299793473788,KOSDAQ40_PIT,FULL_2023_08_08_2026_08_17
2025-09-08,0.02592547273495042,0.0,1.0259254727349505,1.1732299793473788,KOSDAQ40_PIT,FULL_2023_08_08_2026_08_17
2025-09-09,0.02592547273495042,0.0,1.0259254727349505,1.1732299793473788,KOSDAQ40_PIT,FULL_2023_08_08_2026_08_17
2025-09-10,0.02592547273495042,0.0,1.0259254727349505,1.1732299793473788,KOSDAQ40_PIT,FULL_2023_08_08_2026_08_17
2025-09-11,0.02592547273495042,0.0,1.0259254727349505,1.1732299793473788,KOSDAQ40_PIT,FULL_2023_08_08_2026_08_17
2025-09-12,0.02592547273495042,0.0,1.0259254727349505,1.1732299793473788,KOSDAQ40_PIT,FULL_2023_08_08_2026_08_17
2025-09-15,0.02592547273495042,0.0,1.0259254727349505,1.1732299793473788,KOSDAQ40_PIT,FULL_2023_08_08_2026_08_17
2025-09-16,0.02592547273495042,0.0,1.0259254727349505,1.1732299793473788,KOSDAQ40_PIT,FULL_2023_08_08_2026_08_17
2025-09-17,0.02592547273495042,0.0,1.0259254727349505,1.1732299793473788,KOSDAQ40_PIT,FULL_2023_08_08_2026_08_17
2025-09-18,0.02592547273495042,0.0,1.0259254727349505,1.1732299793473788,KOSDAQ40_PIT,FULL_2023_08_08_2026_08_17
2025-09-22,0.02592547273495042,0.0,1.0259254727349505,1.1732299793473788,KOSDAQ40_PIT,FULL_2023_08_08_2026_08_17
2025-09-23,0.02592547273495042,0.0,1.0259254727349505,1.1732299793473788,KOSDAQ40_PIT,FULL_2023_08_08_2026_08_17
2025-09-24,0.02592547273495042,0.0,1.0259254727349505,1.1732299793473788,KOSDAQ40_PIT,FULL_2023_08_08_2026_08_17
2025-09-25,0.02592547273495042,0.0,1.0259254727349505,1.1732299793473788,KOSDAQ40_PIT,FULL_2023_08_08_2026_08_17
2025-09-26,0.02592547273495042,0.0,1.0259254727349505,1.1732299793473788,KOSDAQ40_PIT,FULL_2023_08_08_2026_08_17
2025-09-29,0.02592547273495042,0.0,1.0259254727349505,1.1732299793473788,KOSDAQ40_PIT,FULL_2023_08_08_2026_08_17
2025-09-30,0.02592547273495042,0.0,1.0259254727349505,1.1732299793473788,KOSDAQ40_PIT,FULL_2023_08_08_2026_08_17
2025-10-01,0.02592547273495042,0.0,1.0259254727349505,1.1732299793473788,KOSDAQ40_PIT,FULL_2023_08_08_2026_08_17
2025-10-02,0.02592547273495042,0.0,1.0259254727349505,1.1732299793473788,KOSDAQ40_PIT,FULL_2023_08_08_2026_08_17
2025-10-10,0.02592547273495042,0.0,1.0259254727349505,1.1732299793473788,KOSDAQ40_PIT,FULL_2023_08_08_2026_08_17
2025-10-13,0.02592547273495042,0.0,1.0259254727349505,1.1732299793473788,KOSDAQ40_PIT,FULL_2023_08_08_2026_08_17
2025-10-14,0.02592547273495042,0.0,1.0259254727349505,1.1732299793473788,KOSDAQ40_PIT,FULL_2023_08_08_2026_08_17
2025-10-15,0.02592547273495042,0.0,1.0259254727349505,1.1732299793473788,KOSDAQ40_PIT,FULL_2023_08_08_2026_08_17
2025-10-16,0.02592547273495042,0.0,1.0259254727349505,1.1732299793473788,KOSDAQ40_PIT,FULL_2023_08_08_2026_08_17
2025-10-17,0.02592547273495042,0.0,1.0259254727349505,1.1732299793473788,KOSDAQ40_PIT,FULL_2023_08_08_2026_08_17
2025-10-20,0.02592547273495042,0.0,1.0259254727349505,1.1732299793473788,KOSDAQ40_PIT,FULL_2023_08_08_2026_08_17
2025-10-21,0.02592547273495042,0.0,1.0259254727349505,1.1732299793473788,KOSDAQ40_PIT,FULL_2023_08_08_2026_08_17
2025-10-22,0.02592547273495042,0.0,1.0259254727349505,1.1732299793473788,KOSDAQ40_PIT,FULL_2023_08_08_2026_08_17
2025-10-23,0.02592547273495042,0.0,1.0259254727349505,1.1732299793473788,KOSDAQ40_PIT,FULL_2023_08_08_2026_08_17
2025-10-24,0.02592547273495042,-0.0017587293818313414,1.0241667433531192,1.342647299382782,KOSDAQ40_PIT,FULL_2023_08_08_2026_08_17
2025-10-27,0.02592547273495042,-0.0006839503151566356,1.025241522419794,1.239114492694482,KOSDAQ40_PIT,FULL_2023_08_08_2026_08_17
2025-10-28,0.02592547273495042,-0.0005862431272771117,1.0253392296076733,1.229702419359191,KOSDAQ40_PIT,FULL_2023_08_08_2026_08_17
2025-10-29,0.02592547273495042,0.005080773769734989,1.0310062465046854,0.6838021659117732,KOSDAQ40_PIT,FULL_2023_08_08_2026_08_17
2025-10-30,0.02592547273495042,0.0025403868848674943,1.028465859619818,0.9285160726295816,KOSDAQ40_PIT,FULL_2023_08_08_2026_08_17
2025-10-31,0.02592547273495042,0.004005994703060277,1.0299314674380107,0.7873349726000844,KOSDAQ40_PIT,FULL_2023_08_08_2026_08_17
2025-11-03,0.02592547273495042,0.009340167955380008,1.0352656406903304,0.27349734280421867,KOSDAQ40_PIT,FULL_2023_08_08_2026_08_17
2025-11-04,0.02592547273495042,0.008737488104908202,1.0346629608398588,0.3315531222556012,KOSDAQ40_PIT,FULL_2023_08_08_2026_08_17
2025-11-05,0.02592547273495042,0.008853001742915296,1.0347784744778659,0.32042576452741,KOSDAQ40_PIT,FULL_2023_08_08_2026_08_17
2025-11-06,0.02592547273495042,0.0018413695734490671,1.0277668423083997,0.9958519804629584,KOSDAQ40_PIT,FULL_2023_08_08_2026_08_17
2025-11-07,0.02592547273495042,-0.00028262032381973137,1.0256428524111307,1.2004546213779999,KOSDAQ40_PIT,FULL_2023_08_08_2026_08_17
2025-11-10,0.02592547273495042,-0.008294609729940297,1.0176308630050102,1.972244634872622,KOSDAQ40_PIT,FULL_2023_08_08_2026_08_17
2025-11-11,0.022451520770088662,-0.0035955331988374423,1.018855987571251,1.854229138647756,KOSDAQ40_PIT,FULL_2023_08_08_2026_08_17
2025-11-12,0.022451520770088662,-0.004122878068000268,1.0183286427020883,1.9050279456677033,KOSDAQ40_PIT,FULL_2023_08_08_2026_08_17
2025-11-13,0.022451520770088662,-0.0034037714282327794,1.019047749341856,1.8357568451859319,KOSDAQ40_PIT,FULL_2023_08_08_2026_08_17
2025-11-14,0.022451520770088662,-0.005609031790186408,1.0168424889799021,2.048188219996694,KOSDAQ40_PIT,FULL_2023_08_08_2026_08_17
2025-11-17,0.017764066724539805,0.0,1.0177640667245398,1.9594132024677302,KOSDAQ40_PIT,FULL_2023_08_08_2026_08_17
2025-11-18,0.017764066724539805,0.0,1.0177640667245398,1.9594132024677302,KOSDAQ40_PIT,FULL_2023_08_08_2026_08_17
2025-11-19,0.017764066724539805,0.0,1.0177640667245398,1.9594132024677302,KOSDAQ40_PIT,FULL_2023_08_08_2026_08_17
2025-11-20,0.017764066724539805,0.0,1.0177640667245398,1.9594132024677302,KOSDAQ40_PIT,FULL_2023_08_08_2026_08_17
2025-11-21,0.017764066724539805,0.0,1.0177640667245398,1.9594132024677302,KOSDAQ40_PIT,FULL_2023_08_08_2026_08_17
2025-11-24,0.017764066724539805,0.0,1.0177640667245398,1.9594132024677302,KOSDAQ40_PIT,FULL_2023_08_08_2026_08_17
2025-11-25,0.017764066724539805,0.0,1.0177640667245398,1.9594132024677302,KOSDAQ40_PIT,FULL_2023_08_08_2026_08_17
2025-11-26,0.017764066724539805,0.0,1.0177640667245398,1.9594132024677302,KOSDAQ40_PIT,FULL_2023_08_08_2026_08_17
2025-11-27,0.017764066724539805,0.0,1.0177640667245398,1.9594132024677302,KOSDAQ40_PIT,FULL_2023_08_08_2026_08_17
2025-11-28,0.017764066724539805,0.0,1.0177640667245398,1.9594132024677302,KOSDAQ40_PIT,FULL_2023_08_08_2026_08_17
2025-12-01,0.017764066724539805,0.0,1.0177640667245398,1.9594132024677302,KOSDAQ40_PIT,FULL_2023_08_08_2026_08_17
2025-12-02,0.017764066724539805,-0.0013309222411013206,1.0164331444834385,2.087620123664502,KOSDAQ40_PIT,FULL_2023_08_08_2026_08_17
2025-12-03,0.017764066724539805,-0.0012526326975071242,1.0165114340270327,2.0800785400646893,KOSDAQ40_PIT,FULL_2023_08_08_2026_08_17
2025-12-04,0.017764066724539805,-0.003053292200173619,1.0147107745243662,2.2535349628603263,KOSDAQ40_PIT,FULL_2023_08_08_2026_08_17
2025-12-05,0.017764066724539805,-0.0033664503745504,1.0143976163499895,2.283701297259555,KOSDAQ40_PIT,FULL_2023_08_08_2026_08_17
2025-12-08,0.017764066724539805,-0.003053292200173619,1.0147107745243662,2.2535349628603263,KOSDAQ40_PIT,FULL_2023_08_08_2026_08_17
2025-12-09,0.017764066724539805,-0.0028184235693910343,1.0149456431551487,2.2309102120608992,KOSDAQ40_PIT,FULL_2023_08_08_2026_08_17
2025-12-10,0.017764066724539805,-0.004071056266898158,1.0136930104576416,2.3515755496578583,KOSDAQ40_PIT,FULL_2023_08_08_2026_08_17
2025-12-11,0.013964069906927298,0.0,1.0139640699069272,2.325464559563173,KOSDAQ40_PIT,FULL_2023_08_08_2026_08_17
2025-12-12,0.013964069906927298,0.0,1.0139640699069272,2.325464559563173,KOSDAQ40_PIT,FULL_2023_08_08_2026_08_17
2025-12-15,0.013964069906927298,0.0,1.0139640699069272,2.325464559563173,KOSDAQ40_PIT,FULL_2023_08_08_2026_08_17
2025-12-16,0.013964069906927298,0.0,1.0139640699069272,2.325464559563173,KOSDAQ40_PIT,FULL_2023_08_08_2026_08_17
2025-12-17,0.013964069906927298,0.0,1.0139640699069272,2.325464559563173,KOSDAQ40_PIT,FULL_2023_08_08_2026_08_17
2025-12-18,0.013964069906927298,0.0,1.0139640699069272,2.325464559563173,KOSDAQ40_PIT,FULL_2023_08_08_2026_08_17
2025-12-19,0.013964069906927298,0.0,1.0139640699069272,2.325464559563173,KOSDAQ40_PIT,FULL_2023_08_08_2026_08_17
2025-12-22,0.013964069906927298,0.0,1.0139640699069272,2.325464559563173,KOSDAQ40_PIT,FULL_2023_08_08_2026_08_17
2025-12-23,0.013964069906927298,0.0,1.0139640699069272,2.325464559563173,KOSDAQ40_PIT,FULL_2023_08_08_2026_08_17
2025-12-24,0.013964069906927298,0.0,1.0139640699069272,2.325464559563173,KOSDAQ40_PIT,FULL_2023_08_08_2026_08_17
2025-12-26,0.013964069906927298,0.0,1.0139640699069272,2.325464559563173,KOSDAQ40_PIT,FULL_2023_08_08_2026_08_17
2025-12-29,0.013964069906927298,0.0,1.0139640699069272,2.325464559563173,KOSDAQ40_PIT,FULL_2023_08_08_2026_08_17
2025-12-30,0.013964069906927298,0.0,1.0139640699069272,2.325464559563173,KOSDAQ40_PIT,FULL_2023_08_08_2026_08_17
2026-01-02,0.013964069906927298,0.0,1.0139640699069272,2.325464559563173,KOSDAQ40_PIT,FULL_2023_08_08_2026_08_17
2026-01-05,0.013964069906927298,0.0,1.0139640699069272,2.325464559563173,KOSDAQ40_PIT,FULL_2023_08_08_2026_08_17
2026-01-06,0.013964069906927298,0.0,1.0139640699069272,2.325464559563173,KOSDAQ40_PIT,FULL_2023_08_08_2026_08_17
2026-01-07,0.013964069906927298,0.0,1.0139640699069272,2.325464559563173,KOSDAQ40_PIT,FULL_2023_08_08_2026_08_17
2026-01-08,0.013964069906927298,0.0,1.0139640699069272,2.325464559563173,KOSDAQ40_PIT,FULL_2023_08_08_2026_08_17
2026-01-09,0.013964069906927298,0.0,1.0139640699069272,2.325464559563173,KOSDAQ40_PIT,FULL_2023_08_08_2026_08_17
2026-01-12,0.013964069906927298,0.0,1.0139640699069272,2.325464559563173,KOSDAQ40_PIT,FULL_2023_08_08_2026_08_17
2026-01-13,0.013964069906927298,0.0,1.0139640699069272,2.325464559563173,KOSDAQ40_PIT,FULL_2023_08_08_2026_08_17
2026-01-14,0.013964069906927298,0.0,1.0139640699069272,2.325464559563173,KOSDAQ40_PIT,FULL_2023_08_08_2026_08_17
2026-01-15,0.013964069906927298,0.0,1.0139640699069272,2.325464559563173,KOSDAQ40_PIT,FULL_2023_08_08_2026_08_17
2026-01-16,0.013964069906927298,0.0,1.0139640699069272,2.325464559563173,KOSDAQ40_PIT,FULL_2023_08_08_2026_08_17
2026-01-19,0.013964069906927298,0.0,1.0139640699069272,2.325464559563173,KOSDAQ40_PIT,FULL_2023_08_08_2026_08_17
2026-01-20,0.013964069906927298,0.0,1.0139640699069272,2.325464559563173,KOSDAQ40_PIT,FULL_2023_08_08_2026_08_17
2026-01-21,0.013964069906927298,0.0,1.0139640699069272,2.325464559563173,KOSDAQ40_PIT,FULL_2023_08_08_2026_08_17
2026-01-22,0.013964069906927298,0.0,1.0139640699069272,2.325464559563173,KOSDAQ40_PIT,FULL_2023_08_08_2026_08_17
2026-01-23,0.013964069906927298,0.0,1.0139640699069272,2.325464559563173,KOSDAQ40_PIT,FULL_2023_08_08_2026_08_17
2026-01-26,0.013964069906927298,0.0,1.0139640699069272,2.325464559563173,KOSDAQ40_PIT,FULL_2023_08_08_2026_08_17
2026-01-27,0.013964069906927298,0.0,1.0139640699069272,2.325464559563173,KOSDAQ40_PIT,FULL_2023_08_08_2026_08_17
2026-01-28,0.013964069906927298,0.0,1.0139640699069272,2.325464559563173,KOSDAQ40_PIT,FULL_2023_08_08_2026_08_17
2026-01-29,0.013964069906927298,0.0,1.0139640699069272,2.325464559563173,KOSDAQ40_PIT,FULL_2023_08_08_2026_08_17
2026-01-30,0.013964069906927298,0.0,1.0139640699069272,2.325464559563173,KOSDAQ40_PIT,FULL_2023_08_08_2026_08_17
2026-02-02,0.013964069906927298,0.0,1.0139640699069272,2.325464559563173,KOSDAQ40_PIT,FULL_2023_08_08_2026_08_17
2026-02-03,0.013964069906927298,0.0,1.0139640699069272,2.325464559563173,KOSDAQ40_PIT,FULL_2023_08_08_2026_08_17
2026-02-04,0.013964069906927298,0.0,1.0139640699069272,2.325464559563173,KOSDAQ40_PIT,FULL_2023_08_08_2026_08_17
2026-02-05,0.013964069906927298,0.0,1.0139640699069272,2.325464559563173,KOSDAQ40_PIT,FULL_2023_08_08_2026_08_17
2026-02-06,0.013964069906927298,0.0,1.0139640699069272,2.325464559563173,KOSDAQ40_PIT,FULL_2023_08_08_2026_08_17
2026-02-09,0.013964069906927298,0.0,1.0139640699069272,2.325464559563173,KOSDAQ40_PIT,FULL_2023_08_08_2026_08_17
2026-02-10,0.013964069906927298,0.0,1.0139640699069272,2.325464559563173,KOSDAQ40_PIT,FULL_2023_08_08_2026_08_17
2026-02-11,0.013964069906927298,0.0,1.0139640699069272,2.325464559563173,KOSDAQ40_PIT,FULL_2023_08_08_2026_08_17
2026-02-12,0.013964069906927298,0.0,1.0139640699069272,2.325464559563173,KOSDAQ40_PIT,FULL_2023_08_08_2026_08_17
2026-02-13,0.013964069906927298,0.0,1.0139640699069272,2.325464559563173,KOSDAQ40_PIT,FULL_2023_08_08_2026_08_17
2026-02-19,0.013964069906927298,0.0,1.0139640699069272,2.325464559563173,KOSDAQ40_PIT,FULL_2023_08_08_2026_08_17
2026-02-20,0.013964069906927298,0.0012710296681881664,1.0152350995751154,2.2030270530914775,KOSDAQ40_PIT,FULL_2023_08_08_2026_08_17
2026-02-23,0.013964069906927298,-0.001723969256571429,1.0122401006503559,2.4915334581037896,KOSDAQ40_PIT,FULL_2023_08_08_2026_08_17
2026-02-24,0.013964069906927298,-0.0049606924176184624,1.0090033774893088,2.803325010178792,KOSDAQ40_PIT,FULL_2023_08_08_2026_08_17
2026-02-25,0.013964069906927298,-0.007109786895218972,1.0068542830117082,3.010345959882188,KOSDAQ40_PIT,FULL_2023_08_08_2026_08_17
2026-02-26,0.013964069906927298,0.003762067024449157,1.0177261369313764,1.9630669561228609,KOSDAQ40_PIT,FULL_2023_08_08_2026_08_17
2026-02-27,0.013964069906927298,0.006980807606602394,1.0209448775135297,1.6530076548164852,KOSDAQ40_PIT,FULL_2023_08_08_2026_08_17
2026-03-03,0.013964069906927298,-0.0006446389633850639,1.0133194309435423,2.3875622345638337,KOSDAQ40_PIT,FULL_2023_08_08_2026_08_17
2026-03-04,0.0037859981027398588,-0.00963775208813764,0.9941482460146023,4.234310691783627,KOSDAQ40_PIT,FULL_2023_08_08_2026_08_17
2026-03-05,-0.0003455296583668296,0.007690324893839553,1.0073447952354726,2.963095218947709,KOSDAQ40_PIT,FULL_2023_08_08_2026_08_17
2026-03-06,-0.0003455296583668296,0.006004774232176091,1.0056592445738093,3.125463277861662,KOSDAQ40_PIT,FULL_2023_08_08_2026_08_17
2026-03-09,-0.0003455296583668296,0.006162794606707035,1.0058172649483401,3.1102412723384876,KOSDAQ40_PIT,FULL_2023_08_08_2026_08_17
2026-03-10,-0.0003455296583668296,0.0071635903120697226,1.006818060653703,3.013835237358309,KOSDAQ40_PIT,FULL_2023_08_08_2026_08_17
2026-03-11,-0.0003455296583668296,0.006531508813945921,1.006185979155579,3.074723259451062,KOSDAQ40_PIT,FULL_2023_08_08_2026_08_17
2026-03-12,-0.0003455296583668296,0.007216263770246704,1.0068707341118799,3.0087612355172433,KOSDAQ40_PIT,FULL_2023_08_08_2026_08_17
2026-03-13,-0.0003455296583668296,0.006426161897591951,1.006080632239225,3.084871263133182,KOSDAQ40_PIT,FULL_2023_08_08_2026_08_17
2026-03-16,-0.0003455296583668296,0.004213876654158659,1.0038683469957919,3.2979793404577573,KOSDAQ40_PIT,FULL_2023_08_08_2026_08_17
2026-03-17,-0.0003455296583668296,0.004687937777751507,1.0043424081193846,3.252313323888223,KOSDAQ40_PIT,FULL_2023_08_08_2026_08_17
2026-03-18,-0.0003455296583668296,0.0070582433957157515,1.0067127137373488,3.02398324104044,KOSDAQ40_PIT,FULL_2023_08_08_2026_08_17
2026-03-19,-0.0003455296583668296,0.01549207941691827,1.0151465497585515,2.2115570024781595,KOSDAQ40_PIT,FULL_2023_08_08_2026_08_17
2026-03-20,-0.0003455296583668296,0.0236764312363784,1.0233309015780114,1.4231634236798296,KOSDAQ40_PIT,FULL_2023_08_08_2026_08_17
2026-03-23,-0.0003455296583668296,0.016378379900198605,1.0160328502418317,2.1261802218463077,KOSDAQ40_PIT,FULL_2023_08_08_2026_08_17
2026-03-24,-0.0003455296583668296,0.012018074187296512,1.0116725445289296,2.5462057903312685,KOSDAQ40_PIT,FULL_2023_08_08_2026_08_17
2026-03-25,-0.0003455296583668296,0.03228096668887095,1.031935437030504,0.594293813852198,KOSDAQ40_PIT,FULL_2023_08_08_2026_08_17
2026-03-26,-0.0003455296583668296,0.02585734426161135,1.0255118146032445,1.213077412845942,KOSDAQ40_PIT,FULL_2023_08_08_2026_08_17
2026-03-27,-0.006763065851329274,0.024201188393737104,1.0174381225424078,1.9908112051328253,KOSDAQ40_PIT,FULL_2023_08_08_2026_08_17
2026-03-30,-0.013201557533965035,0.02700370107178435,1.0138021435378193,2.341062827142437,KOSDAQ40_PIT,FULL_2023_08_08_2026_08_17
2026-03-31,-0.013201557533965035,0.016502727776913497,1.0033011702429484,3.352615128342906,KOSDAQ40_PIT,FULL_2023_08_08_2026_08_17
2026-04-01,-0.00018581703295268356,0.0023552068672970427,1.0021693898343442,3.461638839253245,KOSDAQ40_PIT,FULL_2023_08_08_2026_08_17
2026-04-02,-0.00018581703295268356,-0.002616896519218934,0.9971972864478283,3.9405985014869804,KOSDAQ40_PIT,FULL_2023_08_08_2026_08_17
2026-04-03,-0.00018581703295268356,-0.0009944206773031983,0.9988197622897441,3.784306401179127,KOSDAQ40_PIT,FULL_2023_08_08_2026_08_17
2026-04-06,-0.00018581703295268356,-0.0023552068672970427,0.9974589760997502,3.915390098211524,KOSDAQ40_PIT,FULL_2023_08_08_2026_08_17
2026-04-07,-0.00018581703295268356,-0.005024441316900351,0.9947897416501469,4.1725158116212135,KOSDAQ40_PIT,FULL_2023_08_08_2026_08_17
2026-04-08,-0.0012958728877817856,0.0,0.9987041271122182,3.795445466734426,KOSDAQ40_PIT,FULL_2023_08_08_2026_08_17
2026-04-09,-0.0012958728877817856,0.0,0.9987041271122182,3.795445466734426,KOSDAQ40_PIT,FULL_2023_08_08_2026_08_17
2026-04-10,-0.0012958728877817856,0.0,0.9987041271122182,3.795445466734426,KOSDAQ40_PIT,FULL_2023_08_08_2026_08_17
2026-04-13,-0.0012958728877817856,0.0,0.9987041271122182,3.795445466734426,KOSDAQ40_PIT,FULL_2023_08_08_2026_08_17
2026-04-14,-0.0012958728877817856,0.0,0.9987041271122182,3.795445466734426,KOSDAQ40_PIT,FULL_2023_08_08_2026_08_17
2026-04-15,-0.0012958728877817856,0.0,0.9987041271122182,3.795445466734426,KOSDAQ40_PIT,FULL_2023_08_08_2026_08_17
2026-04-16,-0.0012958728877817856,-0.0018611612011217098,0.9968429659110966,3.9747299809440917,KOSDAQ40_PIT,FULL_2023_08_08_2026_08_17
2026-04-17,-0.0012958728877817856,0.0012659070856243593,0.9999700341978426,3.673501415491598,KOSDAQ40_PIT,FULL_2023_08_08_2026_08_17
2026-04-20,-0.0012958728877817856,0.005197036605686071,1.0039011637179043,3.2948181257933196,KOSDAQ40_PIT,FULL_2023_08_08_2026_08_17
2026-04-21,-0.0012958728877817856,0.02230993643741843,1.0210140635496368,1.6463430064958207,KOSDAQ40_PIT,FULL_2023_08_08_2026_08_17
2026-04-22,-0.0012958728877817856,0.027308515013554826,1.0260126421257731,1.1648330055236356,KOSDAQ40_PIT,FULL_2023_08_08_2026_08_17
2026-04-23,-0.0012958728877817856,0.006276858441351195,1.0049809855535694,3.1907995522686083,KOSDAQ40_PIT,FULL_2023_08_08_2026_08_17
2026-04-24,-0.0012958728877817856,0.020062779241705263,1.0187669063539235,1.8628102775432698,KOSDAQ40_PIT,FULL_2023_08_08_2026_08_17
2026-04-27,-0.0012958728877817856,0.01954903290780363,1.0182531600200218,1.9122991460223004,KOSDAQ40_PIT,FULL_2023_08_08_2026_08_17
2026-04-28,-0.0012958728877817856,0.03346834155733124,1.0321724686695495,0.5714607017966888,KOSDAQ40_PIT,FULL_2023_08_08_2026_08_17
2026-04-29,-0.0012958728877817856,0.04415670691394863,1.042860834026167,-0.0,KOSDAQ40_PIT,FULL_2023_08_08_2026_08_17
2026-04-30,-0.0012958728877817856,0.015465544409720144,1.0141696715219384,2.7511976256180515,KOSDAQ40_PIT,FULL_2023_08_08_2026_08_17
2026-05-04,-0.006073831366229214,0.03875478477022852,1.0326809534039993,0.9761494813134486,KOSDAQ40_PIT,FULL_2023_08_08_2026_08_17
2026-05-06,-0.006073831366229214,0.03420636827666734,1.0281325369104382,1.4122974643574704,KOSDAQ40_PIT,FULL_2023_08_08_2026_08_17
2026-05-07,-0.006073831366229214,0.033238060701993914,1.0271642293357648,1.505148546983237,KOSDAQ40_PIT,FULL_2023_08_08_2026_08_17
2026-05-08,-0.006073831366229214,0.024050638850106998,1.0179768074838778,2.3861310857959395,KOSDAQ40_PIT,FULL_2023_08_08_2026_08_17
2026-05-11,-0.01074053087713274,0.03210104898942364,1.021360518112291,2.0616668315052045,KOSDAQ40_PIT,FULL_2023_08_08_2026_08_17
2026-05-12,-0.010064759296737186,0.03452836984794082,1.0244636105512035,1.7641110754862077,KOSDAQ40_PIT,FULL_2023_08_08_2026_08_17
2026-05-13,-0.0019149027958047602,0.032934595452565454,1.0310196926567607,1.135447893242969,KOSDAQ40_PIT,FULL_2023_08_08_2026_08_17
2026-05-14,-0.0019149027958047602,0.03382504384574757,1.0319101410499427,1.0500627331018753,KOSDAQ40_PIT,FULL_2023_08_08_2026_08_17
2026-05-15,-0.0019149027958047602,0.029567909599749188,1.0276530068039444,1.4582796405834597,KOSDAQ40_PIT,FULL_2023_08_08_2026_08_17
2026-05-18,-0.0019149027958047602,0.031466695680853765,1.029551792885049,1.276204907392653,KOSDAQ40_PIT,FULL_2023_08_08_2026_08_17
2026-05-19,-0.0019149027958047602,0.03269638035937782,1.030781477563573,1.1582903555749757,KOSDAQ40_PIT,FULL_2023_08_08_2026_08_17
2026-05-20,-0.0019149027958047602,0.03498107114297913,1.0330661683471745,0.9392111928471114,KOSDAQ40_PIT,FULL_2023_08_08_2026_08_17
2026-05-21,-0.0019149027958047602,0.03893270530880768,1.037017802513003,0.5602887099140252,KOSDAQ40_PIT,FULL_2023_08_08_2026_08_17
2026-05-22,-0.0019149027958047602,0.04087853465379117,1.0389636318579865,0.3737029947835424,KOSDAQ40_PIT,FULL_2023_08_08_2026_08_17
2026-05-26,-0.0019149027958047602,0.04671977115598301,1.0448048683601783,-0.0,KOSDAQ40_PIT,FULL_2023_08_08_2026_08_17
2026-05-27,-0.0019149027958047602,0.03798621733036743,1.0360713145345626,0.8359028647447864,KOSDAQ40_PIT,FULL_2023_08_08_2026_08_17
2026-05-28,-0.0019149027958047602,0.03918703881113311,1.0372721360153283,0.7209702570272869,KOSDAQ40_PIT,FULL_2023_08_08_2026_08_17
2026-05-29,-0.0019149027958047602,0.04446131964307112,1.0425464168472665,0.2161601253310108,KOSDAQ40_PIT,FULL_2023_08_08_2026_08_17
2026-06-01,-0.0019149027958047602,0.04070010761310303,1.0387852048172983,0.5761519423553074,KOSDAQ40_PIT,FULL_2023_08_08_2026_08_17
2026-06-02,-0.0019149027958047602,0.03498894292418596,1.033074040128381,1.1227769497483941,KOSDAQ40_PIT,FULL_2023_08_08_2026_08_17
2026-06-04,-0.0019149027958047602,0.04509218667978991,1.0431772838839852,0.15577879903522218,KOSDAQ40_PIT,FULL_2023_08_08_2026_08_17
2026-06-05,-0.0019149027958047602,0.044752200700999695,1.042837297905195,0.18831941873236335,KOSDAQ40_PIT,FULL_2023_08_08_2026_08_17
2026-06-08,-0.0019149027958047602,0.03390170000083311,1.0319867972050283,1.2268387661006908,KOSDAQ40_PIT,FULL_2023_08_08_2026_08_17
2026-06-09,0.023313026655004995,0.008783783286649624,1.0320968099416545,1.2163092653338259,KOSDAQ40_PIT,FULL_2023_08_08_2026_08_17
2026-06-10,0.03189516450897441,0.0,1.0318951645089744,1.2356090828199884,KOSDAQ40_PIT,FULL_2023_08_08_2026_08_17
2026-06-11,0.03189516450897441,0.0,1.0318951645089744,1.2356090828199884,KOSDAQ40_PIT,FULL_2023_08_08_2026_08_17
2026-06-12,0.03189516450897441,0.0,1.0318951645089744,1.2356090828199884,KOSDAQ40_PIT,FULL_2023_08_08_2026_08_17
2026-06-15,0.03189516450897441,0.0,1.0318951645089744,1.2356090828199884,KOSDAQ40_PIT,FULL_2023_08_08_2026_08_17
2026-06-16,0.03189516450897441,0.0,1.0318951645089744,1.2356090828199884,KOSDAQ40_PIT,FULL_2023_08_08_2026_08_17
2026-06-17,0.03189516450897441,0.0,1.0318951645089744,1.2356090828199884,KOSDAQ40_PIT,FULL_2023_08_08_2026_08_17
2026-06-18,0.03189516450897441,0.0,1.0318951645089744,1.2356090828199884,KOSDAQ40_PIT,FULL_2023_08_08_2026_08_17
2026-06-19,0.03189516450897441,0.0,1.0318951645089744,1.2356090828199884,KOSDAQ40_PIT,FULL_2023_08_08_2026_08_17
2026-06-22,0.03189516450897441,0.0,1.0318951645089744,1.2356090828199884,KOSDAQ40_PIT,FULL_2023_08_08_2026_08_17
2026-06-23,0.03189516450897441,-0.0008237818540197703,1.0310713826549547,1.3144546049807637,KOSDAQ40_PIT,FULL_2023_08_08_2026_08_17
2026-06-24,0.03189516450897441,-0.0014741359492985318,1.030421028559676,1.3767010698445326,KOSDAQ40_PIT,FULL_2023_08_08_2026_08_17
2026-06-25,0.03189516450897441,0.0009972096127607714,1.0328923741217353,1.1401645033622065,KOSDAQ40_PIT,FULL_2023_08_08_2026_08_17
2026-06-26,0.03189516450897441,0.003251770476393831,1.0351469349853684,0.9243767585011442,KOSDAQ40_PIT,FULL_2023_08_08_2026_08_17
2026-06-29,0.03189516450897441,0.0070671811686959145,1.0389623456776704,0.5591974979670344,KOSDAQ40_PIT,FULL_2023_08_08_2026_08_17
2026-06-30,0.03189516450897441,0.014307790096132846,1.0462029546051073,-0.0,KOSDAQ40_PIT,FULL_2023_08_08_2026_08_17
2026-07-01,0.03189516450897441,0.013007081905575308,1.0449022464145497,0.1243265644426117,KOSDAQ40_PIT,FULL_2023_08_08_2026_08_17
2026-07-02,0.03189516450897441,0.006763682590899163,1.0386588470998737,0.7210940737670923,KOSDAQ40_PIT,FULL_2023_08_08_2026_08_17
2026-07-03,0.03189516450897441,0.0033818412954495815,1.035277005804424,1.0443431413178605,KOSDAQ40_PIT,FULL_2023_08_08_2026_08_17
2026-07-06,0.03189516450897441,-0.0033384843557643313,1.0285566801532102,1.6866970576046247,KOSDAQ40_PIT,FULL_2023_08_08_2026_08_17
2026-07-07,0.027841323149857482,0.0,1.0278413231498575,1.7550735614372592,KOSDAQ40_PIT,FULL_2023_08_08_2026_08_17
2026-07-08,0.027841323149857482,0.0,1.0278413231498575,1.7550735614372592,KOSDAQ40_PIT,FULL_2023_08_08_2026_08_17
2026-07-09,0.027841323149857482,0.0,1.0278413231498575,1.7550735614372592,KOSDAQ40_PIT,FULL_2023_08_08_2026_08_17
2026-07-10,0.027841323149857482,0.0,1.0278413231498575,1.7550735614372592,KOSDAQ40_PIT,FULL_2023_08_08_2026_08_17
2026-07-13,0.027841323149857482,0.0,1.0278413231498575,1.7550735614372592,KOSDAQ40_PIT,FULL_2023_08_08_2026_08_17
2026-07-14,0.027841323149857482,0.0,1.0278413231498575,1.7550735614372592,KOSDAQ40_PIT,FULL_2023_08_08_2026_08_17
2026-07-15,0.027841323149857482,0.0,1.0278413231498575,1.7550735614372592,KOSDAQ40_PIT,FULL_2023_08_08_2026_08_17
2026-07-16,0.027841323149857482,0.0,1.0278413231498575,1.7550735614372592,KOSDAQ40_PIT,FULL_2023_08_08_2026_08_17
2026-07-20,0.027841323149857482,0.0,1.0278413231498575,1.7550735614372592,KOSDAQ40_PIT,FULL_2023_08_08_2026_08_17
2026-07-21,0.027841323149857482,0.0,1.0278413231498575,1.7550735614372592,KOSDAQ40_PIT,FULL_2023_08_08_2026_08_17
2026-07-22,0.027841323149857482,0.0,1.0278413231498575,1.7550735614372592,KOSDAQ40_PIT,FULL_2023_08_08_2026_08_17
2026-07-23,0.027841323149857482,0.0,1.0278413231498575,1.7550735614372592,KOSDAQ40_PIT,FULL_2023_08_08_2026_08_17
2026-07-24,0.027841323149857482,0.0,1.0278413231498575,1.7550735614372592,KOSDAQ40_PIT,FULL_2023_08_08_2026_08_17
2026-07-27,0.027841323149857482,0.0,1.0278413231498575,1.7550735614372592,KOSDAQ40_PIT,FULL_2023_08_08_2026_08_17
2026-07-28,0.027841323149857482,0.0,1.0278413231498575,1.7550735614372592,KOSDAQ40_PIT,FULL_2023_08_08_2026_08_17
2026-07-29,0.027841323149857482,0.0,1.0278413231498575,1.7550735614372592,KOSDAQ40_PIT,FULL_2023_08_08_2026_08_17
2026-07-30,0.027841323149857482,0.0,1.0278413231498575,1.7550735614372592,KOSDAQ40_PIT,FULL_2023_08_08_2026_08_17
2026-07-31,0.027841323149857482,0.0,1.0278413231498575,1.7550735614372592,KOSDAQ40_PIT,FULL_2023_08_08_2026_08_17
2026-08-03,0.027841323149857482,0.0,1.0278413231498575,1.7550735614372592,KOSDAQ40_PIT,FULL_2023_08_08_2026_08_17
2026-08-04,0.027841323149857482,0.0,1.0278413231498575,1.7550735614372592,KOSDAQ40_PIT,FULL_2023_08_08_2026_08_17
2026-08-05,0.027841323149857482,0.0,1.0278413231498575,1.7550735614372592,KOSDAQ40_PIT,FULL_2023_08_08_2026_08_17
2026-08-06,0.027841323149857482,0.0,1.0278413231498575,1.7550735614372592,KOSDAQ40_PIT,FULL_2023_08_08_2026_08_17
2026-08-07,0.027841323149857482,0.0,1.0278413231498575,1.7550735614372592,KOSDAQ40_PIT,FULL_2023_08_08_2026_08_17
2026-08-10,0.027841323149857482,0.0,1.0278413231498575,1.7550735614372592,KOSDAQ40_PIT,FULL_2023_08_08_2026_08_17
2026-08-11,0.027841323149857482,0.004200742798960287,1.0320420659488179,1.35355081860139,KOSDAQ40_PIT,FULL_2023_08_08_2026_08_17
2026-08-12,0.027841323149857482,0.0031282127226299958,1.0309695358724875,1.4560672635807737,KOSDAQ40_PIT,FULL_2023_08_08_2026_08_17
2026-08-13,0.027841323149857482,0.003038835216269141,1.0308801583661267,1.4646103006623834,KOSDAQ40_PIT,FULL_2023_08_08_2026_08_17
2026-08-14,0.031269604881848934,0.0,1.031269604881849,1.4273855428839632,KOSDAQ40_PIT,FULL_2023_08_08_2026_08_17
2023-08-08,0.0,0.0,1.0,-0.0,KR80_PIT,P1_2023_08_08_2024_08_07
2023-08-09,0.0,0.0,1.0,-0.0,KR80_PIT,P1_2023_08_08_2024_08_07
2023-08-10,0.0,-0.003385826771653547,0.9966141732283464,0.3385826771653555,KR80_PIT,P1_2023_08_08_2024_08_07
2023-08-11,0.0,-0.0034645669291338598,0.9965354330708661,0.3464566929133883,KR80_PIT,P1_2023_08_08_2024_08_07
2023-08-14,0.0,-0.005590551181102361,0.9944094488188976,0.559055118110241,KR80_PIT,P1_2023_08_08_2024_08_07
2023-08-16,0.0,-0.005275590551181103,0.9947244094488189,0.5275590551181097,KR80_PIT,P1_2023_08_08_2024_08_07
2023-08-17,0.0,-0.003779527559055119,0.9962204724409449,0.3779527559055085,KR80_PIT,P1_2023_08_08_2024_08_07
2023-08-18,0.0,-0.008425196850393703,0.9915748031496063,0.8425196850393668,KR80_PIT,P1_2023_08_08_2024_08_07
2023-08-21,-0.008487842692826798,0.0,0.9915121573071732,0.8487842692826764,KR80_PIT,P1_2023_08_08_2024_08_07
2023-08-22,-0.008487842692826798,0.0,0.9915121573071732,0.8487842692826764,KR80_PIT,P1_2023_08_08_2024_08_07
2023-08-23,-0.008487842692826798,0.0,0.9915121573071732,0.8487842692826764,KR80_PIT,P1_2023_08_08_2024_08_07
2023-08-24,-0.008487842692826798,0.0,0.9915121573071732,0.8487842692826764,KR80_PIT,P1_2023_08_08_2024_08_07
2023-08-25,-0.008487842692826798,0.0,0.9915121573071732,0.8487842692826764,KR80_PIT,P1_2023_08_08_2024_08_07
2023-08-28,-0.008487842692826798,0.0,0.9915121573071732,0.8487842692826764,KR80_PIT,P1_2023_08_08_2024_08_07
2023-08-29,-0.008487842692826798,-0.0026245910046366313,0.9888875663025366,1.1112433697463397,KR80_PIT,P1_2023_08_08_2024_08_07
2023-08-30,-0.008487842692826798,-0.0018469344106702237,0.989665222896503,1.033477710349695,KR80_PIT,P1_2023_08_08_2024_08_07
2023-08-31,-0.008487842692826798,-0.0028139554349856017,0.9886982018721876,1.1301798127812401,KR80_PIT,P1_2023_08_08_2024_08_07
2023-09-01,-0.008487842692826798,-0.003566229374925291,0.9879459279322479,1.2054072067752108,KR80_PIT,P1_2023_08_08_2024_08_07
2023-09-04,-0.008487842692826798,-0.006375291498967356,0.9851368658082059,1.486313419179408,KR80_PIT,P1_2023_08_08_2024_08_07
2023-09-05,-0.008487842692826798,-0.006718147251355523,0.9847940100558177,1.5205989944182319,KR80_PIT,P1_2023_08_08_2024_08_07
2023-09-06,-0.008487842692826798,0.004733809116268674,0.9962459664234419,0.37540335765581245,KR80_PIT,P1_2023_08_08_2024_08_07
2023-09-07,-0.008487842692826798,0.0025907288460296886,0.994102886153203,0.5897113846797031,KR80_PIT,P1_2023_08_08_2024_08_07
2023-09-08,-0.008487842692826798,0.005346053925235259,0.9968582112324085,0.31417887675915246,KR80_PIT,P1_2023_08_08_2024_08_07
2023-09-11,-0.008487842692826798,0.008004607635964006,0.9995167649431372,0.0483235056862763,KR80_PIT,P1_2023_08_08_2024_08_07
2023-09-12,-0.01525900779729517,0.00887866692429507,0.9936196591269999,0.6380340873000101,KR80_PIT,P1_2023_08_08_2024_08_07
2023-09-13,-0.0217111577123899,0.011074031886807388,0.9893628741744175,1.0637125825582516,KR80_PIT,P1_2023_08_08_2024_08_07
2023-09-14,-0.0217111577123899,0.011975406575268455,0.9902642488628786,0.973575113712144,KR80_PIT,P1_2023_08_08_2024_08_07
2023-09-15,-0.0217111577123899,0.009400050322522547,0.9876888926101327,1.2311107389867293,KR80_PIT,P1_2023_08_08_2024_08_07
2023-09-18,-0.0217111577123899,0.007468533132963131,0.9857573754205733,1.424262457942671,KR80_PIT,P1_2023_08_08_2024_08_07
2023-09-19,-0.0217111577123899,0.0054082481307664056,0.9836970904183766,1.6302909581623393,KR80_PIT,P1_2023_08_08_2024_08_07
2023-09-20,-0.0217111577123899,0.004506873442305338,0.9827957157299155,1.720428427008447,KR80_PIT,P1_2023_08_08_2024_08_07
2023-09-21,-0.0217111577123899,0.0018027493769221352,0.9800915916645323,1.9908408335467698,KR80_PIT,P1_2023_08_08_2024_08_07
2023-09-22,-0.021003674787784993,0.0,0.978996325212215,2.1003674787784976,KR80_PIT,P1_2023_08_08_2024_08_07
2023-09-25,-0.021003674787784993,0.0,0.978996325212215,2.1003674787784976,KR80_PIT,P1_2023_08_08_2024_08_07
2023-09-26,-0.021003674787784993,0.0,0.978996325212215,2.1003674787784976,KR80_PIT,P1_2023_08_08_2024_08_07
2023-09-27,-0.021003674787784993,0.0,0.978996325212215,2.1003674787784976,KR80_PIT,P1_2023_08_08_2024_08_07
2023-10-04,-0.021003674787784993,0.0,0.978996325212215,2.1003674787784976,KR80_PIT,P1_2023_08_08_2024_08_07
2023-10-05,-0.021003674787784993,0.0,0.978996325212215,2.1003674787784976,KR80_PIT,P1_2023_08_08_2024_08_07
2023-10-06,-0.021003674787784993,0.0,0.978996325212215,2.1003674787784976,KR80_PIT,P1_2023_08_08_2024_08_07
2023-10-10,-0.021003674787784993,0.0,0.978996325212215,2.1003674787784976,KR80_PIT,P1_2023_08_08_2024_08_07
2023-10-11,-0.021003674787784993,0.0,0.978996325212215,2.1003674787784976,KR80_PIT,P1_2023_08_08_2024_08_07
2023-10-12,-0.021003674787784993,0.0,0.978996325212215,2.1003674787784976,KR80_PIT,P1_2023_08_08_2024_08_07
2023-10-13,-0.021003674787784993,0.0,0.978996325212215,2.1003674787784976,KR80_PIT,P1_2023_08_08_2024_08_07
2023-10-16,-0.021003674787784993,-0.0017026023047168922,0.9772937229074982,2.2706277092501836,KR80_PIT,P1_2023_08_08_2024_08_07
2023-10-17,-0.021003674787784993,0.0008513011523584461,0.9798476263645735,2.0152373635426546,KR80_PIT,P1_2023_08_08_2024_08_07
2023-10-18,-0.021003674787784993,0.0003192379321344255,0.9793155631443494,2.068443685565058,KR80_PIT,P1_2023_08_08_2024_08_07
2023-10-19,-0.021003674787784993,-0.0035116172534785987,0.9754847079587364,2.451529204126357,KR80_PIT,P1_2023_08_08_2024_08_07
2023-10-20,-0.021003674787784993,-0.003298791965388987,0.9756975332468261,2.4302466753173935,KR80_PIT,P1_2023_08_08_2024_08_07
2023-10-23,-0.021003674787784993,-0.0030859666772993753,0.9759103585349157,2.40896414650843,KR80_PIT,P1_2023_08_08_2024_08_07
2023-10-24,-0.021003674787784993,0.0007448885083136486,0.9797412137205287,2.025878627947131,KR80_PIT,P1_2023_08_08_2024_08_07
2023-10-25,-0.021003674787784993,0.005320632202240305,0.9843169574144554,1.5683042585544649,KR80_PIT,P1_2023_08_08_2024_08_07
2023-10-26,-0.021003674787784993,-0.00500139427010588,0.9739949309421091,2.6005069057890906,KR80_PIT,P1_2023_08_08_2024_08_07
2023-10-27,-0.025011246223353475,0.0,0.9749887537766465,2.501124622335349,KR80_PIT,P1_2023_08_08_2024_08_07
2023-10-30,-0.025011246223353475,0.0,0.9749887537766465,2.501124622335349,KR80_PIT,P1_2023_08_08_2024_08_07
2023-10-31,-0.025011246223353475,0.0,0.9749887537766465,2.501124622335349,KR80_PIT,P1_2023_08_08_2024_08_07
2023-11-01,-0.025011246223353475,0.0,0.9749887537766465,2.501124622335349,KR80_PIT,P1_2023_08_08_2024_08_07
2023-11-02,-0.025011246223353475,0.0,0.9749887537766465,2.501124622335349,KR80_PIT,P1_2023_08_08_2024_08_07
2023-11-03,-0.025011246223353475,0.0,0.9749887537766465,2.501124622335349,KR80_PIT,P1_2023_08_08_2024_08_07
2023-11-06,-0.025011246223353475,0.0,0.9749887537766465,2.501124622335349,KR80_PIT,P1_2023_08_08_2024_08_07
2023-11-07,-0.025011246223353475,0.0,0.9749887537766465,2.501124622335349,KR80_PIT,P1_2023_08_08_2024_08_07
2023-11-08,-0.025011246223353475,0.0,0.9749887537766465,2.501124622335349,KR80_PIT,P1_2023_08_08_2024_08_07
2023-11-09,-0.025011246223353475,0.0,0.9749887537766465,2.501124622335349,KR80_PIT,P1_2023_08_08_2024_08_07
2023-11-10,-0.025011246223353475,0.0,0.9749887537766465,2.501124622335349,KR80_PIT,P1_2023_08_08_2024_08_07
2023-11-13,-0.025011246223353475,0.0,0.9749887537766465,2.501124622335349,KR80_PIT,P1_2023_08_08_2024_08_07
2023-11-14,-0.025011246223353475,0.0,0.9749887537766465,2.501124622335349,KR80_PIT,P1_2023_08_08_2024_08_07
2023-11-15,-0.025011246223353475,0.0,0.9749887537766465,2.501124622335349,KR80_PIT,P1_2023_08_08_2024_08_07
2023-11-16,-0.025011246223353475,0.0,0.9749887537766465,2.501124622335349,KR80_PIT,P1_2023_08_08_2024_08_07
2023-11-17,-0.025011246223353475,0.0,0.9749887537766465,2.501124622335349,KR80_PIT,P1_2023_08_08_2024_08_07
2023-11-20,-0.025011246223353475,0.0,0.9749887537766465,2.501124622335349,KR80_PIT,P1_2023_08_08_2024_08_07
2023-11-21,-0.025011246223353475,0.0,0.9749887537766465,2.501124622335349,KR80_PIT,P1_2023_08_08_2024_08_07
2023-11-22,-0.025011246223353475,0.0,0.9749887537766465,2.501124622335349,KR80_PIT,P1_2023_08_08_2024_08_07
2023-11-23,-0.025011246223353475,0.0,0.9749887537766465,2.501124622335349,KR80_PIT,P1_2023_08_08_2024_08_07
2023-11-24,-0.025011246223353475,0.0,0.9749887537766465,2.501124622335349,KR80_PIT,P1_2023_08_08_2024_08_07
2023-11-27,-0.025011246223353475,0.0030314776377929234,0.9780202314144394,2.197976858556061,KR80_PIT,P1_2023_08_08_2024_08_07
2023-11-28,-0.025011246223353475,0.0031728256770215566,0.9781615794536681,2.1838420546331894,KR80_PIT,P1_2023_08_08_2024_08_07
2023-11-29,-0.025011246223353475,0.00432839127159137,0.9793171450482379,2.068285495176214,KR80_PIT,P1_2023_08_08_2024_08_07
2023-11-30,-0.025011246223353475,0.012411471148029254,0.9874002249246757,1.2599775075324282,KR80_PIT,P1_2023_08_08_2024_08_07
2023-12-01,-0.025011246223353475,0.010723045259092907,0.9857117990357395,1.4288200964260533,KR80_PIT,P1_2023_08_08_2024_08_07
2023-12-04,-0.025011246223353475,-0.0050997332412871165,0.9698890205353594,3.0110979464640586,KR80_PIT,P1_2023_08_08_2024_08_07
2023-12-05,-0.0336264325455498,-0.003504927161884216,0.962868640292566,3.7131359707433975,KR80_PIT,P1_2023_08_08_2024_08_07
2023-12-06,-0.0386672461408735,0.01935671115563789,0.9806894650147644,1.9310534985235606,KR80_PIT,P1_2023_08_08_2024_08_07
2023-12-07,-0.0386672461408735,0.009263920795880834,0.9705966746550073,2.940332534499268,KR80_PIT,P1_2023_08_08_2024_08_07
2023-12-08,-0.04277011894622364,0.02619748949384411,0.9834273705476205,1.6572629452379473,KR80_PIT,P1_2023_08_08_2024_08_07
2023-12-11,-0.04277011894622364,0.02444010233116159,0.9816699833849379,1.8330016615062061,KR80_PIT,P1_2023_08_08_2024_08_07
2023-12-12,-0.04277011894622364,0.02424832064075988,0.9814782016945363,1.8521798305463744,KR80_PIT,P1_2023_08_08_2024_08_07
2023-12-13,-0.04277011894622364,0.024184645189096687,0.9814145262428731,1.8585473757126936,KR80_PIT,P1_2023_08_08_2024_08_07
2023-12-14,-0.04277011894622364,0.035767678152439496,0.9929975592062159,0.7002440793784093,KR80_PIT,P1_2023_08_08_2024_08_07
2023-12-15,-0.04277011894622364,0.026114535971308764,0.9833444170250851,1.6655582974914873,KR80_PIT,P1_2023_08_08_2024_08_07
2023-12-18,-0.04277011894622364,0.031147403893849082,0.9883772849476254,1.1622715052374555,KR80_PIT,P1_2023_08_08_2024_08_07
2023-12-19,-0.04277011894622364,0.027827168990086075,0.9850570500438625,1.4942949956137541,KR80_PIT,P1_2023_08_08_2024_08_07
2023-12-20,-0.04277011894622364,0.041653924195404916,0.9988838052491813,0.11161947508186998,KR80_PIT,P1_2023_08_08_2024_08_07
2023-12-21,-0.04841687978966745,0.04978101275737718,1.0013641329677097,-0.0,KR80_PIT,P1_2023_08_08_2024_08_07
2023-12-22,-0.04841687978966745,0.052180628369065465,1.003763748579398,-0.0,KR80_PIT,P1_2023_08_08_2024_08_07
2023-12-26,-0.04841687978966745,0.05435431031774374,1.0059374305280762,-0.0,KR80_PIT,P1_2023_08_08_2024_08_07
2023-12-27,-0.04841687978966745,0.047447747556761254,0.9990308677670938,0.6865797564920784,KR80_PIT,P1_2023_08_08_2024_08_07
2023-12-28,-0.052057676321788336,0.052795178708785924,1.0007375023869975,0.5169236160492474,KR80_PIT,P1_2023_08_08_2024_08_07
2024-01-02,-0.037465168470265396,0.04623971858958675,1.0087745501193213,-0.0,KR80_PIT,P1_2023_08_08_2024_08_07
2024-01-03,-0.037465168470265396,0.03720761052776301,0.9997424420574976,0.8953544734802477,KR80_PIT,P1_2023_08_08_2024_08_07
2024-01-04,-0.031207968021135367,0.02587676979549141,0.994668801774356,1.3983053342589535,KR80_PIT,P1_2023_08_08_2024_08_07
2024-01-05,-0.031207968021135367,0.027843907069961444,0.9966359390488261,1.2033026674849623,KR80_PIT,P1_2023_08_08_2024_08_07
2024-01-08,-0.01331273673981952,0.009393797851313756,0.9960810611114943,1.2583078157875405,KR80_PIT,P1_2023_08_08_2024_08_07
2024-01-09,-0.01331273673981952,0.0037715515488561087,0.9904588148090366,1.815642088523961,KR80_PIT,P1_2023_08_08_2024_08_07
2024-01-10,-0.011359794259608078,-0.0026061028314645334,0.9860341029089273,2.2542645636434933,KR80_PIT,P1_2023_08_08_2024_08_07
2024-01-11,-0.011359794259608078,0.00664087132638685,0.9952810770667787,1.3376103759701774,KR80_PIT,P1_2023_08_08_2024_08_07
2024-01-12,-0.011359794259608078,0.0033028729290064344,0.9919430786693983,1.6685067488996452,KR80_PIT,P1_2023_08_08_2024_08_07
2024-01-15,-0.011359794259608078,-0.006465960717413753,0.9821742450229781,2.6368929601957913,KR80_PIT,P1_2023_08_08_2024_08_07
2024-01-16,-0.017607052604754418,-0.0029635021941731145,0.9794294452010726,2.9089854531696546,KR80_PIT,P1_2023_08_08_2024_08_07
2024-01-17,-0.017607052604754418,-0.007512742523090064,0.9748802048721555,3.3599524535146696,KR80_PIT,P1_2023_08_08_2024_08_07
2024-01-18,-0.0248680379551388,0.0,0.9751319620448612,3.3349957203500757,KR80_PIT,P1_2023_08_08_2024_08_07
2024-01-19,-0.0248680379551388,0.0,0.9751319620448612,3.3349957203500757,KR80_PIT,P1_2023_08_08_2024_08_07
2024-01-22,-0.0248680379551388,0.0,0.9751319620448612,3.3349957203500757,KR80_PIT,P1_2023_08_08_2024_08_07
2024-01-23,-0.0248680379551388,0.0,0.9751319620448612,3.3349957203500757,KR80_PIT,P1_2023_08_08_2024_08_07
2024-01-24,-0.0248680379551388,0.0,0.9751319620448612,3.3349957203500757,KR80_PIT,P1_2023_08_08_2024_08_07
2024-01-25,-0.0248680379551388,0.0,0.9751319620448612,3.3349957203500757,KR80_PIT,P1_2023_08_08_2024_08_07
2024-01-26,-0.0248680379551388,-0.00060945747627804,0.9745225045685831,3.395411348024857,KR80_PIT,P1_2023_08_08_2024_08_07
2024-01-29,-0.0248680379551388,-0.007835881837860489,0.9672960802070008,4.111768076168687,KR80_PIT,P1_2023_08_08_2024_08_07
2024-01-30,-0.03470751070237681,0.0,0.9652924892976232,4.310384398233957,KR80_PIT,P1_2023_08_08_2024_08_07
2024-01-31,-0.03470751070237681,0.0,0.9652924892976232,4.310384398233957,KR80_PIT,P1_2023_08_08_2024_08_07
2024-02-01,-0.03470751070237681,0.0,0.9652924892976232,4.310384398233957,KR80_PIT,P1_2023_08_08_2024_08_07
2024-02-02,-0.03470751070237681,0.0,0.9652924892976232,4.310384398233957,KR80_PIT,P1_2023_08_08_2024_08_07
2024-02-05,-0.03470751070237681,0.0,0.9652924892976232,4.310384398233957,KR80_PIT,P1_2023_08_08_2024_08_07
2024-02-06,-0.03470751070237681,0.0,0.9652924892976232,4.310384398233957,KR80_PIT,P1_2023_08_08_2024_08_07
2024-02-07,-0.03470751070237681,0.0,0.9652924892976232,4.310384398233957,KR80_PIT,P1_2023_08_08_2024_08_07
2024-02-08,-0.03470751070237681,0.0,0.9652924892976232,4.310384398233957,KR80_PIT,P1_2023_08_08_2024_08_07
2024-02-13,-0.03470751070237681,0.0,0.9652924892976232,4.310384398233957,KR80_PIT,P1_2023_08_08_2024_08_07
2024-02-14,-0.03470751070237681,0.0,0.9652924892976232,4.310384398233957,KR80_PIT,P1_2023_08_08_2024_08_07
2024-02-15,-0.03470751070237681,0.0,0.9652924892976232,4.310384398233957,KR80_PIT,P1_2023_08_08_2024_08_07
2024-02-16,-0.03470751070237681,0.0,0.9652924892976232,4.310384398233957,KR80_PIT,P1_2023_08_08_2024_08_07
2024-02-19,-0.03470751070237681,0.0,0.9652924892976232,4.310384398233957,KR80_PIT,P1_2023_08_08_2024_08_07
2024-02-20,-0.03470751070237681,-0.0010512930851463308,0.964241196212477,4.414599268149333,KR80_PIT,P1_2023_08_08_2024_08_07
2024-02-21,-0.03470751070237681,-0.0007939725942156948,0.9644985167034076,4.389091042262772,KR80_PIT,P1_2023_08_08_2024_08_07
2024-02-22,-0.03470751070237681,-0.004101405625301696,0.9611910836723215,4.716957465012516,KR80_PIT,P1_2023_08_08_2024_08_07
2024-02-23,-0.03470751070237681,-0.0015512599860584,0.9637412293115648,4.464161075676398,KR80_PIT,P1_2023_08_08_2024_08_07
2024-02-26,-0.03470751070237681,-0.008576476240488408,0.9567160130571348,5.16057200848582,KR80_PIT,P1_2023_08_08_2024_08_07
2024-02-27,-0.03470751070237681,-0.010247225171418874,0.9550452641262044,5.326193646217736,KR80_PIT,P1_2023_08_08_2024_08_07
2024-02-28,-0.0444386449791741,-0.0013148478403329272,0.954246507180493,5.405374563858545,KR80_PIT,P1_2023_08_08_2024_08_07
2024-02-29,-0.0444386449791741,-0.0055455077496273444,0.9500158472711986,5.824760630724923,KR80_PIT,P1_2023_08_08_2024_08_07
2024-03-04,-0.05094804699442597,0.0016581711472597258,0.9507101241528337,5.755936840359377,KR80_PIT,P1_2023_08_08_2024_08_07
2024-03-05,-0.05094804699442597,0.00023688159246567066,0.9492888345980397,5.896829525907988,KR80_PIT,P1_2023_08_08_2024_08_07
2024-03-06,-0.05094804699442597,0.00047376318493135174,0.9495257161905053,5.873347411649887,KR80_PIT,P1_2023_08_08_2024_08_07
2024-03-07,-0.05094804699442597,0.0003553223886985112,0.9494072753942725,5.885088468778932,KR80_PIT,P1_2023_08_08_2024_08_07
2024-03-08,-0.05094804699442597,0.011074214447770278,0.9601261674533442,4.822522798599815,KR80_PIT,P1_2023_08_08_2024_08_07
2024-03-11,-0.05094804699442597,0.012613944798797164,0.9616658978043712,4.66988905592215,KR80_PIT,P1_2023_08_08_2024_08_07
2024-03-12,-0.05094804699442597,0.012317842808215072,0.961369795813789,4.699241698744783,KR80_PIT,P1_2023_08_08_2024_08_07
2024-03-13,-0.05094804699442597,0.010482010466606096,0.9595339634721801,4.881228084245071,KR80_PIT,P1_2023_08_08_2024_08_07
2024-03-14,-0.05094804699442597,0.015320885618018407,0.9643728386235924,4.40154953259645,KR80_PIT,P1_2023_08_08_2024_08_07
2024-03-15,-0.05094804699442597,0.009365182497595844,0.9584171355031699,4.991939438816628,KR80_PIT,P1_2023_08_08_2024_08_07
2024-03-18,-0.05094804699442597,0.007282006107942392,0.9563339591135164,5.198445083651448,KR80_PIT,P1_2023_08_08_2024_08_07
2024-03-19,-0.05094804699442597,-0.0013201593666168163,0.9477317936389572,6.051179272231211,KR80_PIT,P1_2023_08_08_2024_08_07
2024-03-20,-0.05094804699442597,-0.00010534135910893541,0.9489466116464651,5.930754147770633,KR80_PIT,P1_2023_08_08_2024_08_07
2024-03-21,-0.05094804699442597,0.01747951144634864,0.9665314644519226,4.18756457152909,KR80_PIT,P1_2023_08_08_2024_08_07
2024-03-22,-0.05094804699442597,0.012051064480709547,0.9611030174862836,4.7256874816478,KR80_PIT,P1_2023_08_08_2024_08_07
2024-03-25,-0.05094804699442597,0.0075410637274394374,0.9565930167330134,5.172764655902117,KR80_PIT,P1_2023_08_08_2024_08_07
2024-03-26,-0.05094804699442597,0.012854248654784732,0.9619062016603587,4.646067692074396,KR80_PIT,P1_2023_08_08_2024_08_07
2024-03-27,-0.05094804699442597,0.0040751263948062165,0.9531270794003802,5.516343638165622,KR80_PIT,P1_2023_08_08_2024_08_07
2024-03-28,-0.06292862594747888,0.012740085367000905,0.949811459419522,5.845021634697744,KR80_PIT,P1_2023_08_08_2024_08_07
2024-03-29,-0.06292862594747888,0.005788516485446238,0.9428598905379674,6.534131890377026,KR80_PIT,P1_2023_08_08_2024_08_07
2024-04-01,-0.0746627880256466,0.020093009079227384,0.9454302210535808,6.279334570667738,KR80_PIT,P1_2023_08_08_2024_08_07
2024-04-02,-0.0746627880256466,0.017775023978451054,0.9431122359528045,6.509116844665641,KR80_PIT,P1_2023_08_08_2024_08_07
2024-04-03,-0.05917990941235246,-5.186076245932357e-05,0.9407682298251883,6.741478587667482,KR80_PIT,P1_2023_08_08_2024_08_07
2024-04-04,-0.05917990941235246,0.0008297721993491337,0.9416498627869967,6.6540821558577985,KR80_PIT,P1_2023_08_08_2024_08_07
2024-04-05,-0.05917990941235246,0.001296519061483024,0.9421166096491306,6.607813456664447,KR80_PIT,P1_2023_08_08_2024_08_07
2024-04-08,-0.05917990941235246,-0.0009334937242677754,0.9398865968633798,6.828875019477165,KR80_PIT,P1_2023_08_08_2024_08_07
2024-04-09,-0.05917990941235246,-0.0007260506744304919,0.940094039913217,6.8083111531690115,KR80_PIT,P1_2023_08_08_2024_08_07
2024-04-11,-0.05917990941235246,0.0007779114368898101,0.9415980020245374,6.6592231224348435,KR80_PIT,P1_2023_08_08_2024_08_07
2024-04-12,-0.05917990941235246,-0.000259303812296607,0.940560786775351,6.762042453975637,KR80_PIT,P1_2023_08_08_2024_08_07
2024-04-15,-0.05917990941235246,0.0008816329618084572,0.941701723549456,6.648941189280766,KR80_PIT,P1_2023_08_08_2024_08_07
2024-04-16,-0.05917990941235246,-0.0011409367741050643,0.9396791538135425,6.8494388857853306,KR80_PIT,P1_2023_08_08_2024_08_07
2024-04-17,-0.05917990941235246,-0.0010890760116457406,0.9397310145760018,6.8442979192082865,KR80_PIT,P1_2023_08_08_2024_08_07
2024-04-18,-0.05917990941235246,-0.0006741899119711738,0.9401459006756764,6.8031701865919665,KR80_PIT,P1_2023_08_08_2024_08_07
2024-04-19,-0.05917990941235246,-0.002956063460181297,0.9378640271274663,7.029372715981729,KR80_PIT,P1_2023_08_08_2024_08_07
2024-04-22,-0.06270003965622424,0.0,0.9372999603437757,7.08528875625295,KR80_PIT,P1_2023_08_08_2024_08_07
2024-04-23,-0.06270003965622424,0.0,0.9372999603437757,7.08528875625295,KR80_PIT,P1_2023_08_08_2024_08_07
2024-04-24,-0.06270003965622424,-0.0003799864704096375,0.9369199738733661,7.12295688243284,KR80_PIT,P1_2023_08_08_2024_08_07
2024-04-25,-0.06270003965622424,-0.0025332431360642585,0.9347667172077114,7.336409597452265,KR80_PIT,P1_2023_08_08_2024_08_07
2024-04-26,-0.06270003965622424,-0.0025332431360642585,0.9347667172077114,7.336409597452265,KR80_PIT,P1_2023_08_08_2024_08_07
2024-04-29,-0.06270003965622424,-0.0008866350976224874,0.9364133252461533,7.173181050672706,KR80_PIT,P1_2023_08_08_2024_08_07
2024-04-30,-0.06270003965622424,-0.0013932837248353462,0.9359066766189403,7.223405218912582,KR80_PIT,P1_2023_08_08_2024_08_07
2024-05-02,-0.06270003965622424,-0.0013932837248353462,0.9359066766189403,7.223405218912582,KR80_PIT,P1_2023_08_08_2024_08_07
2024-05-03,-0.06270003965622424,-0.0001266621568032125,0.9371732981869725,7.097844798312913,KR80_PIT,P1_2023_08_08_2024_08_07
2024-05-07,-0.06270003965622424,-0.0045598376449156675,0.9327401226988601,7.537306270411714,KR80_PIT,P1_2023_08_08_2024_08_07
2024-05-08,-0.06720778187133028,0.0,0.9327922181286697,7.532142041218637,KR80_PIT,P1_2023_08_08_2024_08_07
2024-05-09,-0.06720778187133028,0.0,0.9327922181286697,7.532142041218637,KR80_PIT,P1_2023_08_08_2024_08_07
2024-05-10,-0.06720778187133028,0.0,0.9327922181286697,7.532142041218637,KR80_PIT,P1_2023_08_08_2024_08_07
2024-05-13,-0.06720778187133028,0.0,0.9327922181286697,7.532142041218637,KR80_PIT,P1_2023_08_08_2024_08_07
2024-05-14,-0.06720778187133028,-0.0025082762893327646,0.9302839418393369,7.780787914475063,KR80_PIT,P1_2023_08_08_2024_08_07
2024-05-16,-0.06720778187133028,-0.0037868107490678553,0.9290054073796019,7.907529262141278,KR80_PIT,P1_2023_08_08_2024_08_07
2024-05-17,-0.07839347263400116,-0.004130892394906916,0.9174756349710919,9.050477645122024,KR80_PIT,P1_2023_08_08_2024_08_07
2024-05-20,-0.07839347263400116,-0.008248759433777607,0.9133577679322212,9.45868253474612,KR80_PIT,P1_2023_08_08_2024_08_07
2024-05-21,-0.07839347263400116,-0.0072788940414835746,0.9143276333245152,9.362539606459597,KR80_PIT,P1_2023_08_08_2024_08_07
2024-05-22,-0.07839347263400116,-0.006022645360527437,0.9155838820054714,9.2380074519948,KR80_PIT,P1_2023_08_08_2024_08_07
2024-05-23,-0.08719287671345802,0.004199527981087095,0.9170066512676291,9.096968082792877,KR80_PIT,P1_2023_08_08_2024_08_07
2024-05-24,-0.08719287671345802,7.761681969145878e-05,0.9128847401062334,9.505573866999883,KR80_PIT,P1_2023_08_08_2024_08_07
2024-05-27,-0.08719287671345802,0.005526597169498029,0.91833372045604,8.965415478868255,KR80_PIT,P1_2023_08_08_2024_08_07
2024-05-28,-0.08719287671345802,0.006517532337850494,0.9193246556243925,8.867183899945562,KR80_PIT,P1_2023_08_08_2024_08_07
2024-05-29,-0.08719287671345802,0.007480473629400531,0.9202875969159425,8.771727358993363,KR80_PIT,P1_2023_08_08_2024_08_07
2024-05-30,-0.08719287671345802,0.01655659174376,0.929363715030302,7.872010161202647,KR80_PIT,P1_2023_08_08_2024_08_07
2024-05-31,-0.08719287671345802,0.009751773600149255,0.9225588968866912,8.546572990211953,KR80_PIT,P1_2023_08_08_2024_08_07
2024-06-03,-0.09259577768141034,0.016826840013301484,0.9242310623318911,8.38081093316937,KR80_PIT,P1_2023_08_08_2024_08_07
2024-06-04,-0.09259577768141034,0.018015692840328227,0.9254199151589179,8.262959741653276,KR80_PIT,P1_2023_08_08_2024_08_07
2024-06-05,-0.09259577768141034,0.01906737034115957,0.9264715926597492,8.158706764542877,KR80_PIT,P1_2023_08_08_2024_08_07
2024-06-07,-0.09259577768141034,0.019616071645941133,0.9270202939645308,8.10431390692007,KR80_PIT,P1_2023_08_08_2024_08_07
2024-06-10,-0.09259577768141034,0.01925027077608676,0.9266544930946764,8.140575812001938,KR80_PIT,P1_2023_08_08_2024_08_07
2024-06-11,-0.09259577768141034,0.03420238133138455,0.9416066036499742,6.658370441780304,KR80_PIT,P1_2023_08_08_2024_08_07
2024-06-12,-0.09259577768141034,0.03612283589812005,0.9435270582167097,6.46799544010046,KR80_PIT,P1_2023_08_08_2024_08_07
2024-06-13,-0.09259577768141034,0.031230249263817712,0.9386344715824073,6.952998420570533,KR80_PIT,P1_2023_08_08_2024_08_07
2024-06-14,-0.09259577768141034,0.029721320675668392,0.937125542994258,7.102578779033275,KR80_PIT,P1_2023_08_08_2024_08_07
2024-06-17,-0.09259577768141034,0.02707177926477081,0.9344760015833604,7.365228288835457,KR80_PIT,P1_2023_08_08_2024_08_07
2024-06-18,-0.09259577768141034,0.03093066791992334,0.938334890238513,6.9826959723038655,KR80_PIT,P1_2023_08_08_2024_08_07
2024-06-19,-0.09259577768141034,0.03813410949173568,0.9455383318103253,6.268617532184583,KR80_PIT,P1_2023_08_08_2024_08_07
2024-06-20,-0.09259577768141034,0.03983501611252599,0.9472392384311157,6.1000063573101615,KR80_PIT,P1_2023_08_08_2024_08_07
2024-06-21,-0.09259577768141034,0.03789474030412364,0.9452989626227133,6.292346242190572,KR80_PIT,P1_2023_08_08_2024_08_07
2024-06-24,-0.09259577768141034,0.042482868402225774,0.9498870907208155,5.837524290391782,KR80_PIT,P1_2023_08_08_2024_08_07
2024-06-25,-0.09259577768141034,0.043402293818118304,0.950806516136708,5.746381485908481,KR80_PIT,P1_2023_08_08_2024_08_07
2024-06-26,-0.09259577768141034,0.0471200500348414,0.9545242723534311,5.377839653019922,KR80_PIT,P1_2023_08_08_2024_08_07
2024-06-27,-0.09259577768141034,0.05175772555793583,0.9591619478765254,4.918106056197347,KR80_PIT,P1_2023_08_08_2024_08_07
2024-06-28,-0.09259577768141034,0.04576818767901743,0.9531724099976071,5.511850008025809,KR80_PIT,P1_2023_08_08_2024_08_07
2024-07-01,-0.09259577768141034,0.04772330448755993,0.9551275268061495,5.318038932170344,KR80_PIT,P1_2023_08_08_2024_08_07
2024-07-02,-0.10177393029242264,0.043480244899217896,0.9417063146067952,6.648486076952775,KR80_PIT,P1_2023_08_08_2024_08_07
2024-07-03,-0.1056599540522944,0.05086679415903862,0.9452068401067442,6.301478363531087,KR80_PIT,P1_2023_08_08_2024_08_07
2024-07-04,-0.1056599540522944,0.05255120588897309,0.9468912518366787,6.1345023301116015,KR80_PIT,P1_2023_08_08_2024_08_07
2024-07-05,-0.08090304110875145,0.025261111984565147,0.9443580708758137,6.385617007872391,KR80_PIT,P1_2023_08_08_2024_08_07
2024-07-08,-0.08090304110875145,0.023392805410929123,0.9424897643021777,6.570822569750911,KR80_PIT,P1_2023_08_08_2024_08_07
2024-07-09,-0.08090304110875145,0.023986075677267456,0.9430830345685159,6.512011583067312,KR80_PIT,P1_2023_08_08_2024_08_07
2024-07-10,-0.08090304110875145,0.02436728258259728,0.9434642414738458,6.474222474957402,KR80_PIT,P1_2023_08_08_2024_08_07
2024-07-11,-0.08090304110875145,0.02409674681062809,0.9431937057018767,6.501040733996266,KR80_PIT,P1_2023_08_08_2024_08_07
2024-07-12,-0.08439199214924961,0.023767017015774636,0.939375024866525,6.879587242222495,KR80_PIT,P1_2023_08_08_2024_08_07
2024-07-15,-0.08439199214924961,0.027036661295209242,0.9426446691459596,6.555466825123579,KR80_PIT,P1_2023_08_08_2024_08_07
2024-07-16,-0.08439199214924961,0.032015790838110555,0.9476237986888609,6.061884830780794,KR80_PIT,P1_2023_08_08_2024_08_07
2024-07-17,-0.08439199214924961,0.03122104507585382,0.9468290529266041,6.140668119094594,KR80_PIT,P1_2023_08_08_2024_08_07
2024-07-18,-0.08439199214924961,0.030613331563295876,0.9462213394140462,6.200910867336617,KR80_PIT,P1_2023_08_08_2024_08_07
2024-07-19,-0.08439199214924961,0.025998383588055892,0.9416063914388062,6.65839147831101,KR80_PIT,P1_2023_08_08_2024_08_07
2024-07-22,-0.0891664448636574,0.04027335752580004,0.9511069126621426,5.716603125084541,KR80_PIT,P1_2023_08_08_2024_08_07
2024-07-23,-0.0891664448636574,0.04440117741094011,0.9552347325472826,5.307411608045198,KR80_PIT,P1_2023_08_08_2024_08_07
2024-07-24,-0.0891664448636574,0.03930239746790104,0.9501359526042437,5.812854567766568,KR80_PIT,P1_2023_08_08_2024_08_07
2024-07-25,-0.0891664448636574,0.035439055580972254,0.9462726107173148,6.195828333953656,KR80_PIT,P1_2023_08_08_2024_08_07
2024-07-26,-0.08826196596555454,0.04477323465387778,0.9565112686883233,5.180868354065449,KR80_PIT,P1_2023_08_08_2024_08_07
2024-07-29,-0.08826196596555454,0.04728053579449493,0.9590185698289404,4.932319147474084,KR80_PIT,P1_2023_08_08_2024_08_07
2024-07-30,-0.08826196596555454,0.04608658287039151,0.9578246169048369,5.050675912517599,KR80_PIT,P1_2023_08_08_2024_08_07
2024-07-31,-0.08826196596555454,0.04966844164270175,0.9614064756771472,4.695605617387077,KR80_PIT,P1_2023_08_08_2024_08_07
2024-08-01,-0.08826196596555454,0.05325030041501197,0.9649883344494574,4.340535322256556,KR80_PIT,P1_2023_08_08_2024_08_07
2024-08-02,-0.08826196596555454,0.047706013543711,0.9594440475781564,4.890141462760922,KR80_PIT,P1_2023_08_08_2024_08_07
2024-08-05,-0.08826196596555454,0.027124457894453093,0.9388624919288985,6.930394723196908,KR80_PIT,P1_2023_08_08_2024_08_07
2024-08-06,-0.0528239693832016,-0.002188171281682671,0.9449878593351158,6.323185966245937,KR80_PIT,P1_2023_08_08_2024_08_07
2024-08-07,-0.05140085004638621,0.0,0.9485991499536138,5.965198086984813,KR80_PIT,P1_2023_08_08_2024_08_07
2024-08-08,0.0,0.0,1.0,-0.0,KR80_PIT,P2_2024_08_08_2025_08_07
2024-08-09,0.0,0.0,1.0,-0.0,KR80_PIT,P2_2024_08_08_2025_08_07
2024-08-12,0.0,0.0,1.0,-0.0,KR80_PIT,P2_2024_08_08_2025_08_07
2024-08-13,0.0,0.0,1.0,-0.0,KR80_PIT,P2_2024_08_08_2025_08_07
2024-08-14,0.0,0.0,1.0,-0.0,KR80_PIT,P2_2024_08_08_2025_08_07
2024-08-16,0.0,0.0,1.0,-0.0,KR80_PIT,P2_2024_08_08_2025_08_07
2024-08-19,0.0,0.0,1.0,-0.0,KR80_PIT,P2_2024_08_08_2025_08_07
2024-08-20,0.0,0.0,1.0,-0.0,KR80_PIT,P2_2024_08_08_2025_08_07
2024-08-21,0.0,0.0,1.0,-0.0,KR80_PIT,P2_2024_08_08_2025_08_07
2024-08-22,0.0,-0.004716981132075469,0.9952830188679246,0.4716981132075415,KR80_PIT,P2_2024_08_08_2025_08_07
2024-08-23,0.0,-0.0011320754716981085,0.9988679245283019,0.11320754716981352,KR80_PIT,P2_2024_08_08_2025_08_07
2024-08-26,0.0,-0.008364779874213826,0.9916352201257862,0.8364779874213801,KR80_PIT,P2_2024_08_08_2025_08_07
2024-08-27,0.0,-0.0065408805031446585,0.9934591194968554,0.6540880503144608,KR80_PIT,P2_2024_08_08_2025_08_07
2024-08-28,0.0,-0.010610961365678358,0.9893890386343216,1.0610961365678406,KR80_PIT,P2_2024_08_08_2025_08_07
2024-08-29,0.0,-0.006127583108715186,0.9938724168912848,0.6127583108715196,KR80_PIT,P2_2024_08_08_2025_08_07
2024-08-30,0.0,-0.0008086253369272173,0.9991913746630727,0.08086253369272711,KR80_PIT,P2_2024_08_08_2025_08_07
2024-09-02,0.0,-0.0014690026954177766,0.9985309973045822,0.14690026954178315,KR80_PIT,P2_2024_08_08_2025_08_07
2024-09-03,0.0,-0.003688230008984735,0.9963117699910152,0.3688230008984772,KR80_PIT,P2_2024_08_08_2025_08_07
2024-09-04,-0.007097237544749622,-0.003934844901488987,0.9889679175537613,1.1032082446238656,KR80_PIT,P2_2024_08_08_2025_08_07
2024-09-05,-0.007097237544749622,-0.00539127548873352,0.9875114869665168,1.2488513033483195,KR80_PIT,P2_2024_08_08_2025_08_07
2024-09-06,-0.011180573235394845,-0.006630937595762341,0.9821884891688427,1.7811510831157285,KR80_PIT,P2_2024_08_08_2025_08_07
2024-09-09,-0.028052961112589935,-0.005614801559442433,0.9663322373279677,3.366776267203231,KR80_PIT,P2_2024_08_08_2025_08_07
2024-09-10,-0.031512659834657474,-0.0009026388749593121,0.9675847012903832,3.241529870961679,KR80_PIT,P2_2024_08_08_2025_08_07
2024-09-11,-0.031512659834657474,0.0036105554998372485,0.9720978956651798,2.790210433482021,KR80_PIT,P2_2024_08_08_2025_08_07
2024-09-12,-0.031512659834657474,0.006318472124715242,0.9748058122900578,2.5194187709942195,KR80_PIT,P2_2024_08_08_2025_08_07
2024-09-13,-0.031512659834657474,0.006318472124715242,0.9748058122900578,2.5194187709942195,KR80_PIT,P2_2024_08_08_2025_08_07
2024-09-19,-0.031512659834657474,0.0067697915621948695,0.9752571317275374,2.4742868272462637,KR80_PIT,P2_2024_08_08_2025_08_07
2024-09-20,-0.031512659834657474,0.0027079166248779366,0.9711952567902205,2.880474320977955,KR80_PIT,P2_2024_08_08_2025_08_07
2024-09-23,-0.031512659834657474,0.004513194374796618,0.9730005345401391,2.699946545986087,KR80_PIT,P2_2024_08_08_2025_08_07
2024-09-24,-0.031512659834657474,0.004513194374796618,0.9730005345401391,2.699946545986087,KR80_PIT,P2_2024_08_08_2025_08_07
2024-09-25,-0.031512659834657474,0.0009026388749593121,0.9693899790403019,3.0610020959698114,KR80_PIT,P2_2024_08_08_2025_08_07
2024-09-26,-0.031512659834657474,0.004964513812276246,0.9734518539776188,2.6548146022381203,KR80_PIT,P2_2024_08_08_2025_08_07
2024-09-27,-0.031512659834657474,-0.0013539583124389683,0.9671333818529035,3.286661814709646,KR80_PIT,P2_2024_08_08_2025_08_07
2024-09-30,-0.03222020060196063,0.0,0.9677797993980394,3.2220200601960625,KR80_PIT,P2_2024_08_08_2025_08_07
2024-10-02,-0.03222020060196063,0.0,0.9677797993980394,3.2220200601960625,KR80_PIT,P2_2024_08_08_2025_08_07
2024-10-04,-0.03222020060196063,0.0,0.9677797993980394,3.2220200601960625,KR80_PIT,P2_2024_08_08_2025_08_07
2024-10-07,-0.03222020060196063,0.0,0.9677797993980394,3.2220200601960625,KR80_PIT,P2_2024_08_08_2025_08_07
2024-10-08,-0.03222020060196063,0.0,0.9677797993980394,3.2220200601960625,KR80_PIT,P2_2024_08_08_2025_08_07
2024-10-10,-0.03222020060196063,0.0,0.9677797993980394,3.2220200601960625,KR80_PIT,P2_2024_08_08_2025_08_07
2024-10-11,-0.03222020060196063,0.0,0.9677797993980394,3.2220200601960625,KR80_PIT,P2_2024_08_08_2025_08_07
2024-10-14,-0.03222020060196063,0.0,0.9677797993980394,3.2220200601960625,KR80_PIT,P2_2024_08_08_2025_08_07
2024-10-15,-0.03222020060196063,0.0,0.9677797993980394,3.2220200601960625,KR80_PIT,P2_2024_08_08_2025_08_07
2024-10-16,-0.022922113763852225,0.0003173048522616552,0.9773951910884094,2.2604808911590557,KR80_PIT,P2_2024_08_08_2025_08_07
2024-10-17,-0.022922113763852225,-0.0020095973976571283,0.9750682888384906,2.4931711161509384,KR80_PIT,P2_2024_08_08_2025_08_07
2024-10-18,-0.022922113763852225,-0.0018509449715263056,0.9752269412646215,2.4773058735378495,KR80_PIT,P2_2024_08_08_2025_08_07
2024-10-21,-0.022922113763852225,-0.0023797863919623897,0.9746980998441854,2.530190015581457,KR80_PIT,P2_2024_08_08_2025_08_07
2024-10-22,-0.022922113763852225,-0.003966310653270651,0.9731115755828771,2.6888424417122914,KR80_PIT,P2_2024_08_08_2025_08_07
2024-10-23,-0.02745701483787559,0.0,0.9725429851621245,2.745701483787555,KR80_PIT,P2_2024_08_08_2025_08_07
2024-10-24,-0.02745701483787559,0.0,0.9725429851621245,2.745701483787555,KR80_PIT,P2_2024_08_08_2025_08_07
2024-10-25,-0.02745701483787559,0.0,0.9725429851621245,2.745701483787555,KR80_PIT,P2_2024_08_08_2025_08_07
2024-10-28,-0.02745701483787559,-0.004205591287187563,0.9683373938749369,3.166260612506311,KR80_PIT,P2_2024_08_08_2025_08_07
2024-10-29,-0.02745701483787559,-0.005125564381259841,0.9674174207808646,3.2582579219135432,KR80_PIT,P2_2024_08_08_2025_08_07
2024-10-30,-0.02745701483787559,-0.007228360024853622,0.9653146251372708,3.4685374862729157,KR80_PIT,P2_2024_08_08_2025_08_07
2024-10-31,-0.037303295013841296,0.0,0.9626967049861587,3.730329501384133,KR80_PIT,P2_2024_08_08_2025_08_07
2024-11-01,-0.037303295013841296,0.0,0.9626967049861587,3.730329501384133,KR80_PIT,P2_2024_08_08_2025_08_07
2024-11-04,-0.037303295013841296,0.0,0.9626967049861587,3.730329501384133,KR80_PIT,P2_2024_08_08_2025_08_07
2024-11-05,-0.037303295013841296,0.0,0.9626967049861587,3.730329501384133,KR80_PIT,P2_2024_08_08_2025_08_07
2024-11-06,-0.037303295013841296,0.0,0.9626967049861587,3.730329501384133,KR80_PIT,P2_2024_08_08_2025_08_07
2024-11-07,-0.037303295013841296,0.0,0.9626967049861587,3.730329501384133,KR80_PIT,P2_2024_08_08_2025_08_07
2024-11-08,-0.037303295013841296,0.0,0.9626967049861587,3.730329501384133,KR80_PIT,P2_2024_08_08_2025_08_07
2024-11-11,-0.037303295013841296,0.0021211961296305104,0.9648179011157891,3.5182098884210866,KR80_PIT,P2_2024_08_08_2025_08_07
2024-11-12,-0.037303295013841296,0.002855456328348776,0.9655521613145075,3.4447838685492504,KR80_PIT,P2_2024_08_08_2025_08_07
2024-11-13,-0.037303295013841296,0.002937040794873018,0.9656337457810317,3.436625421896833,KR80_PIT,P2_2024_08_08_2025_08_07
2024-11-14,-0.037303295013841296,0.001142182531339519,0.9638388875174981,3.6161112482501867,KR80_PIT,P2_2024_08_08_2025_08_07
2024-11-15,-0.037303295013841296,-0.0010605980648152552,0.9616361069213434,3.836389307865662,KR80_PIT,P2_2024_08_08_2025_08_07
2024-11-18,-0.037303295013841296,-0.002202780596154774,0.9604939243900039,3.9506075609996083,KR80_PIT,P2_2024_08_08_2025_08_07
2024-11-19,-0.037303295013841296,-0.002855456328348776,0.9598412486578098,4.015875134219016,KR80_PIT,P2_2024_08_08_2025_08_07
2024-11-20,-0.037303295013841296,-0.0031817941944457767,0.9595149107917129,4.048508920828708,KR80_PIT,P2_2024_08_08_2025_08_07
2024-11-21,-0.037303295013841296,-0.002855456328348776,0.9598412486578098,4.015875134219016,KR80_PIT,P2_2024_08_08_2025_08_07
2024-11-22,-0.037303295013841296,-0.0001631689330485058,0.9625335360531102,3.7466463946889794,KR80_PIT,P2_2024_08_08_2025_08_07
2024-11-25,-0.037303295013841296,-0.001223766997863761,0.9614729379882949,3.852706201170508,KR80_PIT,P2_2024_08_08_2025_08_07
2024-11-26,-0.037303295013841296,0.0004079223326212537,0.9631046273187799,3.6895372681220118,KR80_PIT,P2_2024_08_08_2025_08_07
2024-11-27,-0.037303295013841296,0.0008466654637072212,0.9635433704498659,3.6456629550134068,KR80_PIT,P2_2024_08_08_2025_08_07
2024-11-28,-0.037303295013841296,0.00212067813301766,0.9648173831191763,3.518261688082369,KR80_PIT,P2_2024_08_08_2025_08_07
2024-11-29,-0.037303295013841296,0.0035166790046548603,0.9662133839908136,3.378661600918642,KR80_PIT,P2_2024_08_08_2025_08_07
2024-12-02,-0.037303295013841296,0.002110059202454187,0.9648067641886129,3.5193235811387114,KR80_PIT,P2_2024_08_08_2025_08_07
2024-12-03,-0.037303295013841296,0.0028248945281904754,0.9655215995143491,3.4478400485650873,KR80_PIT,P2_2024_08_08_2025_08_07
2024-12-04,-0.037303295013841296,-0.007035947992373948,0.9556607569937847,4.433924300621528,KR80_PIT,P2_2024_08_08_2025_08_07
2024-12-05,-0.04516299275020171,-0.0010877928869900242,0.9537492143628082,4.6250785637191765,KR80_PIT,P2_2024_08_08_2025_08_07
2024-12-06,-0.048263251404340034,-0.0010605980648152552,0.9506761505308446,4.932384946915535,KR80_PIT,P2_2024_08_08_2025_08_07
2024-12-09,-0.04868662626710256,0.0,0.9513133737328975,4.868662626710252,KR80_PIT,P2_2024_08_08_2025_08_07
2024-12-10,-0.04868662626710256,0.0,0.9513133737328975,4.868662626710252,KR80_PIT,P2_2024_08_08_2025_08_07
2024-12-11,-0.04868662626710256,0.0,0.9513133737328975,4.868662626710252,KR80_PIT,P2_2024_08_08_2025_08_07
2024-12-12,-0.04868662626710256,0.0,0.9513133737328975,4.868662626710252,KR80_PIT,P2_2024_08_08_2025_08_07
2024-12-13,-0.04868662626710256,0.0,0.9513133737328975,4.868662626710252,KR80_PIT,P2_2024_08_08_2025_08_07
2024-12-16,-0.04868662626710256,0.0,0.9513133737328975,4.868662626710252,KR80_PIT,P2_2024_08_08_2025_08_07
2024-12-17,-0.04868662626710256,0.0,0.9513133737328975,4.868662626710252,KR80_PIT,P2_2024_08_08_2025_08_07
2024-12-18,-0.04868662626710256,0.0,0.9513133737328975,4.868662626710252,KR80_PIT,P2_2024_08_08_2025_08_07
2024-12-19,-0.04868662626710256,0.0,0.9513133737328975,4.868662626710252,KR80_PIT,P2_2024_08_08_2025_08_07
2024-12-20,-0.04868662626710256,0.0,0.9513133737328975,4.868662626710252,KR80_PIT,P2_2024_08_08_2025_08_07
2024-12-23,-0.04868662626710256,0.0,0.9513133737328975,4.868662626710252,KR80_PIT,P2_2024_08_08_2025_08_07
2024-12-24,-0.04868662626710256,0.0,0.9513133737328975,4.868662626710252,KR80_PIT,P2_2024_08_08_2025_08_07
2024-12-26,-0.04868662626710256,0.0,0.9513133737328975,4.868662626710252,KR80_PIT,P2_2024_08_08_2025_08_07
2024-12-27,-0.04868662626710256,0.0,0.9513133737328975,4.868662626710252,KR80_PIT,P2_2024_08_08_2025_08_07
2024-12-30,-0.04868662626710256,0.0,0.9513133737328975,4.868662626710252,KR80_PIT,P2_2024_08_08_2025_08_07
2025-01-02,-0.04868662626710256,0.0,0.9513133737328975,4.868662626710252,KR80_PIT,P2_2024_08_08_2025_08_07
2025-01-03,-0.04868662626710256,0.0,0.9513133737328975,4.868662626710252,KR80_PIT,P2_2024_08_08_2025_08_07
2025-01-06,-0.04868662626710256,0.0,0.9513133737328975,4.868662626710252,KR80_PIT,P2_2024_08_08_2025_08_07
2025-01-07,-0.04868662626710256,0.0,0.9513133737328975,4.868662626710252,KR80_PIT,P2_2024_08_08_2025_08_07
2025-01-08,-0.04868662626710256,0.0,0.9513133737328975,4.868662626710252,KR80_PIT,P2_2024_08_08_2025_08_07
2025-01-09,-0.04868662626710256,0.0,0.9513133737328975,4.868662626710252,KR80_PIT,P2_2024_08_08_2025_08_07
2025-01-10,-0.04868662626710256,-0.0023782834343322404,0.9489350902985653,5.106490970143474,KR80_PIT,P2_2024_08_08_2025_08_07
2025-01-13,-0.04868662626710256,-0.0017676430930847757,0.9495457306398127,5.0454269360187265,KR80_PIT,P2_2024_08_08_2025_08_07
2025-01-14,-0.04868662626710256,-0.0015105313704542602,0.9498028423624432,5.019715763755683,KR80_PIT,P2_2024_08_08_2025_08_07
2025-01-15,-0.04868662626710256,-0.0036317030821559912,0.9476816706507415,5.231832934925851,KR80_PIT,P2_2024_08_08_2025_08_07
2025-01-16,-0.04868662626710256,-9.25212638253764e-05,0.9512208524690721,4.877914753092794,KR80_PIT,P2_2024_08_08_2025_08_07
2025-01-17,-0.04868662626710256,-0.0009602733277033626,0.9503531004051942,4.964689959480584,KR80_PIT,P2_2024_08_08_2025_08_07
2025-01-20,-0.04868662626710256,0.0004207282733953823,0.9517341020062928,4.826589799370717,KR80_PIT,P2_2024_08_08_2025_08_07
2025-01-21,-0.04868662626710256,0.000251268274388904,0.9515646420072864,4.8435357992713595,KR80_PIT,P2_2024_08_08_2025_08_07
2025-01-22,-0.04868662626710256,-0.007279363272971744,0.9440340104599257,5.596598954007426,KR80_PIT,P2_2024_08_08_2025_08_07
2025-01-23,-0.0679556677169916,0.0015426703357830814,0.9335870026187915,6.641299738120853,KR80_PIT,P2_2024_08_08_2025_08_07
2025-01-24,-0.0679556677169916,0.0012212806824949416,0.9332656129655034,6.673438703449664,KR80_PIT,P2_2024_08_08_2025_08_07
2025-01-31,-0.0679556677169916,0.005077956521952633,0.9371222888049611,6.287771119503893,KR80_PIT,P2_2024_08_08_2025_08_07
2025-02-03,-0.0679556677169916,0.002466473521532715,0.9345108058045412,6.548919419545884,KR80_PIT,P2_2024_08_08_2025_08_07
2025-02-04,-0.0679556677169916,0.00572952105001409,0.9377738533330225,6.222614666697746,KR80_PIT,P2_2024_08_08_2025_08_07
2025-02-05,-0.0679556677169916,0.027953345153150518,0.9599976774361589,4.000232256384106,KR80_PIT,P2_2024_08_08_2025_08_07
2025-02-06,-0.0679556677169916,0.03321505139556011,0.9652593836785686,3.474061632143144,KR80_PIT,P2_2024_08_08_2025_08_07
2025-02-07,-0.0679556677169916,0.03035729482189215,0.9624016271049006,3.7598372895099375,KR80_PIT,P2_2024_08_08_2025_08_07
2025-02-10,-0.0679556677169916,0.02302044507856795,0.9550647773615764,4.493522263842364,KR80_PIT,P2_2024_08_08_2025_08_07
2025-02-11,-0.0679556677169916,0.024955784477610477,0.9570001167606189,4.299988323938109,KR80_PIT,P2_2024_08_08_2025_08_07
2025-02-12,-0.0679556677169916,0.018627797806347317,0.9506721300893557,4.932786991064431,KR80_PIT,P2_2024_08_08_2025_08_07
2025-02-13,-0.0679556677169916,0.016232539422125145,0.9482768717051335,5.172312829486647,KR80_PIT,P2_2024_08_08_2025_08_07
2025-02-14,-0.0679556677169916,0.01810229892824989,0.9501466312112583,4.985336878874169,KR80_PIT,P2_2024_08_08_2025_08_07
2025-02-17,-0.06650067684734044,0.015474715544847896,0.9489740386975075,5.102596130249248,KR80_PIT,P2_2024_08_08_2025_08_07
2025-02-18,-0.06650067684734044,0.01876901016757232,0.952268333320232,4.773166667976803,KR80_PIT,P2_2024_08_08_2025_08_07
2025-02-19,-0.06650067684734044,0.017502976044270854,0.9510022991969305,4.899770080306953,KR80_PIT,P2_2024_08_08_2025_08_07
2025-02-20,-0.06650067684734044,0.015355278363404383,0.9488546015160639,5.114539848393607,KR80_PIT,P2_2024_08_08_2025_08_07
2025-02-21,-0.06650067684734044,0.01970279176794907,0.9532021149206087,4.679788507939131,KR80_PIT,P2_2024_08_08_2025_08_07
2025-02-24,-0.06650067684734044,0.018840672476438454,0.9523399956290981,4.76600043709019,KR80_PIT,P2_2024_08_08_2025_08_07
2025-02-25,-0.06650067684734044,0.025459816888263168,0.9589591400409228,4.104085995907725,KR80_PIT,P2_2024_08_08_2025_08_07
2025-02-26,-0.06650067684734044,0.025154279845404925,0.9586536029980646,4.134639700193543,KR80_PIT,P2_2024_08_08_2025_08_07
2025-02-27,-0.06650067684734044,0.017875126532700715,0.9513744496853603,4.862555031463966,KR80_PIT,P2_2024_08_08_2025_08_07
2025-02-28,-0.0685668538089439,0.005674483202858639,0.9371076293939148,6.289237060608521,KR80_PIT,P2_2024_08_08_2025_08_07
2025-03-04,-0.0625013018542487,0.005318775213311671,0.942817473359063,5.718252664093704,KR80_PIT,P2_2024_08_08_2025_08_07
2025-03-05,-0.0625013018542487,0.008015942879176036,0.9455146410249273,5.448535897507267,KR80_PIT,P2_2024_08_08_2025_08_07
2025-03-06,-0.0625013018542487,0.007197132301596603,0.9446958304473478,5.530416955265216,KR80_PIT,P2_2024_08_08_2025_08_07
2025-03-07,-0.0625013018542487,0.008761610564203036,0.9462603087099543,5.373969129004575,KR80_PIT,P2_2024_08_08_2025_08_07
2025-03-10,-0.0625013018542487,0.01106468801587054,0.9485633861616218,5.1436613838378165,KR80_PIT,P2_2024_08_08_2025_08_07
2025-03-11,-0.0625013018542487,0.0049483484199057005,0.9424470465656569,5.755295343434308,KR80_PIT,P2_2024_08_08_2025_08_07
2025-03-12,-0.0625013018542487,-0.0014699874075566558,0.9360287107381946,6.39712892618054,KR80_PIT,P2_2024_08_08_2025_08_07
2025-03-13,-0.07021483856624185,0.005047409130999853,0.934832570564758,6.516742943524201,KR80_PIT,P2_2024_08_08_2025_08_07
2025-03-14,-0.07021483856624185,0.005590141295623487,0.9353753027293816,6.462469727061837,KR80_PIT,P2_2024_08_08_2025_08_07
2025-03-17,-0.07021483856624185,0.006404239542558939,0.9361894009763171,6.381059902368291,KR80_PIT,P2_2024_08_08_2025_08_07
2025-03-18,-0.07021483856624185,0.006132873460247121,0.9359180348940053,6.408196510599473,KR80_PIT,P2_2024_08_08_2025_08_07
2025-03-19,-0.07021483856624185,0.001791016143258002,0.9315761775770162,6.842382242298384,KR80_PIT,P2_2024_08_08_2025_08_07
2025-03-20,-0.0677190300542809,0.0,0.9322809699457191,6.771903005428093,KR80_PIT,P2_2024_08_08_2025_08_07
2025-03-21,-0.0677190300542809,0.0,0.9322809699457191,6.771903005428093,KR80_PIT,P2_2024_08_08_2025_08_07
2025-03-24,-0.0677190300542809,0.0,0.9322809699457191,6.771903005428093,KR80_PIT,P2_2024_08_08_2025_08_07
2025-03-25,-0.0677190300542809,0.0,0.9322809699457191,6.771903005428093,KR80_PIT,P2_2024_08_08_2025_08_07
2025-03-26,-0.0677190300542809,0.0,0.9322809699457191,6.771903005428093,KR80_PIT,P2_2024_08_08_2025_08_07
2025-03-27,-0.0677190300542809,0.0,0.9322809699457191,6.771903005428093,KR80_PIT,P2_2024_08_08_2025_08_07
2025-03-28,-0.0677190300542809,0.0,0.9322809699457191,6.771903005428093,KR80_PIT,P2_2024_08_08_2025_08_07
2025-03-31,-0.0677190300542809,0.0,0.9322809699457191,6.771903005428093,KR80_PIT,P2_2024_08_08_2025_08_07
2025-04-01,-0.0677190300542809,0.0,0.9322809699457191,6.771903005428093,KR80_PIT,P2_2024_08_08_2025_08_07
2025-04-02,-0.0677190300542809,0.0,0.9322809699457191,6.771903005428093,KR80_PIT,P2_2024_08_08_2025_08_07
2025-04-03,-0.0677190300542809,0.0,0.9322809699457191,6.771903005428093,KR80_PIT,P2_2024_08_08_2025_08_07
2025-04-04,-0.0677190300542809,0.0,0.9322809699457191,6.771903005428093,KR80_PIT,P2_2024_08_08_2025_08_07
2025-04-07,-0.0677190300542809,0.0,0.9322809699457191,6.771903005428093,KR80_PIT,P2_2024_08_08_2025_08_07
2025-04-08,-0.0677190300542809,0.0,0.9322809699457191,6.771903005428093,KR80_PIT,P2_2024_08_08_2025_08_07
2025-04-09,-0.0677190300542809,0.0,0.9322809699457191,6.771903005428093,KR80_PIT,P2_2024_08_08_2025_08_07
2025-04-10,-0.0677190300542809,0.0,0.9322809699457191,6.771903005428093,KR80_PIT,P2_2024_08_08_2025_08_07
2025-04-11,-0.0677190300542809,0.0,0.9322809699457191,6.771903005428093,KR80_PIT,P2_2024_08_08_2025_08_07
2025-04-14,-0.0677190300542809,0.0,0.9322809699457191,6.771903005428093,KR80_PIT,P2_2024_08_08_2025_08_07
2025-04-15,-0.0677190300542809,0.0,0.9322809699457191,6.771903005428093,KR80_PIT,P2_2024_08_08_2025_08_07
2025-04-16,-0.0677190300542809,0.0,0.9322809699457191,6.771903005428093,KR80_PIT,P2_2024_08_08_2025_08_07
2025-04-17,-0.0677190300542809,0.0,0.9322809699457191,6.771903005428093,KR80_PIT,P2_2024_08_08_2025_08_07
2025-04-18,-0.0677190300542809,0.0,0.9322809699457191,6.771903005428093,KR80_PIT,P2_2024_08_08_2025_08_07
2025-04-21,-0.0677190300542809,0.0,0.9322809699457191,6.771903005428093,KR80_PIT,P2_2024_08_08_2025_08_07
2025-04-22,-0.0677190300542809,0.0,0.9322809699457191,6.771903005428093,KR80_PIT,P2_2024_08_08_2025_08_07
2025-04-23,-0.0677190300542809,-0.0012394486883671417,0.931041521257352,6.895847874264804,KR80_PIT,P2_2024_08_08_2025_08_07
2025-04-24,-0.0677190300542809,-0.0009161142479235375,0.9313648556977956,6.863514430220441,KR80_PIT,P2_2024_08_08_2025_08_07
2025-04-25,-0.0677190300542809,-0.00207184241153296,0.9302091275341862,6.979087246581384,KR80_PIT,P2_2024_08_08_2025_08_07
2025-04-28,-0.0677190300542809,-0.002301833278396123,0.9299791366673229,7.00208633326771,KR80_PIT,P2_2024_08_08_2025_08_07
2025-04-29,-0.0677190300542809,-0.0016651438555473027,0.9306158260901718,6.938417390982821,KR80_PIT,P2_2024_08_08_2025_08_07
2025-04-30,-0.0677190300542809,0.001646087842816868,0.9339270577885359,6.607294221146409,KR80_PIT,P2_2024_08_08_2025_08_07
2025-05-02,-0.0677190300542809,0.0028309430424895386,0.9351119129882086,6.488808701179138,KR80_PIT,P2_2024_08_08_2025_08_07
2025-05-07,-0.0677190300542809,0.0009219386959187924,0.9332029086416379,6.679709135836209,KR80_PIT,P2_2024_08_08_2025_08_07
2025-05-08,-0.0677190300542809,0.0005307841153096523,0.9328117540610287,6.718824593897132,KR80_PIT,P2_2024_08_08_2025_08_07
2025-05-09,-0.0677190300542809,0.009017615296335584,0.9412985852420547,5.870141475794533,KR80_PIT,P2_2024_08_08_2025_08_07
2025-05-12,-0.0677190300542809,0.001774715975618155,0.9340556859213373,6.594431407866274,KR80_PIT,P2_2024_08_08_2025_08_07
2025-05-13,-0.0677190300542809,0.004961847601408361,0.9372428175471275,6.275718245287254,KR80_PIT,P2_2024_08_08_2025_08_07
2025-05-14,-0.0677190300542809,0.015850591007752924,0.948131560953472,5.186843904652805,KR80_PIT,P2_2024_08_08_2025_08_07
2025-05-15,-0.0677190300542809,0.01892400491992831,0.9512049748656474,4.879502513435263,KR80_PIT,P2_2024_08_08_2025_08_07
2025-05-16,-0.0677190300542809,0.028022100390369717,0.9603030703360887,3.969692966391125,KR80_PIT,P2_2024_08_08_2025_08_07
2025-05-19,-0.0677190300542809,0.03287169349245841,0.9651526634381775,3.4847336561822484,KR80_PIT,P2_2024_08_08_2025_08_07
2025-05-20,-0.0677190300542809,0.03992096246051,0.9722019324062291,2.7798067593770903,KR80_PIT,P2_2024_08_08_2025_08_07
2025-05-21,-0.0677190300542809,0.04435445233316937,0.9766354222788884,2.3364577721111557,KR80_PIT,P2_2024_08_08_2025_08_07
2025-05-22,-0.0677190300542809,0.05407454138575,0.986355511331469,1.3644488668530963,KR80_PIT,P2_2024_08_08_2025_08_07
2025-05-23,-0.0677190300542809,0.0613681249189041,0.9936490948646232,0.6350905135376839,KR80_PIT,P2_2024_08_08_2025_08_07
2025-05-26,-0.0677190300542809,0.07097756129328384,1.003258531239003,-0.0,KR80_PIT,P2_2024_08_08_2025_08_07
2025-05-27,-0.0677190300542809,0.0651281188493096,0.9974090887950287,0.5830443760842408,KR80_PIT,P2_2024_08_08_2025_08_07
2025-05-28,-0.0677190300542809,0.0581767558644956,0.9904577258102146,1.2759229082238255,KR80_PIT,P2_2024_08_08_2025_08_07
2025-05-29,-0.0677190300542809,0.06339765940511212,0.9956786293508312,0.7555282763268223,KR80_PIT,P2_2024_08_08_2025_08_07
2025-05-30,-0.0677190300542809,0.0628170257738147,0.9950979957195338,0.8134030526898206,KR80_PIT,P2_2024_08_08_2025_08_07
2025-06-02,-0.06386718267961113,0.05910899219667122,0.9952418095170601,0.7990683829064871,KR80_PIT,P2_2024_08_08_2025_08_07
2025-06-04,-0.06386718267961113,0.06663467544709428,1.0027674927674832,0.04894436042456318,KR80_PIT,P2_2024_08_08_2025_08_07
2025-06-05,-0.06386718267961113,0.06511936920789115,1.00125218652828,0.19998282080344598,KR80_PIT,P2_2024_08_08_2025_08_07
2025-06-09,-0.06386718267961113,0.07480209053238875,1.0109349078527776,-0.0,KR80_PIT,P2_2024_08_08_2025_08_07
2025-06-10,-0.06386718267961113,0.07508270225544916,1.011215519575838,-0.0,KR80_PIT,P2_2024_08_08_2025_08_07
2025-06-11,-0.05061105453601196,0.0611062683074486,1.0104952137714367,0.07123168013714043,KR80_PIT,P2_2024_08_08_2025_08_07
2025-06-12,-0.05061105453601196,0.06058644001732087,1.009975385481309,0.12263796100057123,KR80_PIT,P2_2024_08_08_2025_08_07
2025-06-13,-0.05061105453601196,0.058425129235690806,1.0078140746996789,0.3363719019646716,KR80_PIT,P2_2024_08_08_2025_08_07
2025-06-16,-0.05061105453601196,0.06763814743343514,1.0170270928974232,-0.0,KR80_PIT,P2_2024_08_08_2025_08_07
2025-06-17,-0.05061105453601196,0.07011635130152227,1.0195052967655103,-0.0,KR80_PIT,P2_2024_08_08_2025_08_07
2025-06-18,-0.05061105453601196,0.0704870281227141,1.019875973586702,-0.0,KR80_PIT,P2_2024_08_08_2025_08_07
2025-06-19,-0.05061105453601196,0.07443992091491008,1.0238288663788981,-0.0,KR80_PIT,P2_2024_08_08_2025_08_07
2025-06-20,-0.05061105453601196,0.0797636557439953,1.0291526012079832,-0.0,KR80_PIT,P2_2024_08_08_2025_08_07
2025-06-23,-0.05061105453601196,0.07455720942141035,1.0239461548853983,0.5058964352297024,KR80_PIT,P2_2024_08_08_2025_08_07
2025-06-24,-0.05061105453601196,0.08105933150134122,1.0304482769653291,-0.0,KR80_PIT,P2_2024_08_08_2025_08_07
2025-06-25,-0.05061105453601196,0.07922636810846076,1.0286153135724487,0.1778801938781882,KR80_PIT,P2_2024_08_08_2025_08_07
2025-06-26,-0.05061105453601196,0.07660746466631078,1.0259964101302987,0.43203205192803296,KR80_PIT,P2_2024_08_08_2025_08_07
2025-06-27,-0.05061105453601196,0.0773230770255974,1.0267120224895854,0.3625853484608754,KR80_PIT,P2_2024_08_08_2025_08_07
2025-06-30,-0.05061105453601196,0.08594521013816456,1.0353341556021525,-0.0,KR80_PIT,P2_2024_08_08_2025_08_07
2025-07-01,-0.05061105453601196,0.08828465015896024,1.0376735956229481,-0.0,KR80_PIT,P2_2024_08_08_2025_08_07
2025-07-02,-0.030244156402607057,0.06300087930730353,1.0327567229046966,0.4738361599438967,KR80_PIT,P2_2024_08_08_2025_08_07
2025-07-03,-0.016577726628745487,0.03964322038162048,1.023065493752875,1.4077742684879158,KR80_PIT,P2_2024_08_08_2025_08_07
2025-07-04,-0.0026233823753320073,0.018403188415367484,1.0157798060400356,2.1098917497046843,KR80_PIT,P2_2024_08_08_2025_08_07
2025-07-07,-0.0026233823753320073,0.02531950189887987,1.0226961195235478,1.4433706478200303,KR80_PIT,P2_2024_08_08_2025_08_07
2025-07-08,-0.0026233823753320073,0.03690720247039488,1.0342838200950628,0.32667069319137765,KR80_PIT,P2_2024_08_08_2025_08_07
2025-07-09,-0.0026233823753320073,0.033019107235945276,1.0303957248606133,0.7013641662497627,KR80_PIT,P2_2024_08_08_2025_08_07
2025-07-10,-0.0026233823753320073,0.031417769073579786,1.0287943866982479,0.8556841922309655,KR80_PIT,P2_2024_08_08_2025_08_07
2025-07-11,-0.0026233823753320073,0.03346225394313227,1.0308388715678003,0.6586583761962972,KR80_PIT,P2_2024_08_08_2025_08_07
2025-07-14,-0.0026233823753320073,0.038255268089769166,1.035631885714437,0.19675839465543854,KR80_PIT,P2_2024_08_08_2025_08_07
2025-07-15,-0.0026233823753320073,0.04422207034115284,1.0415986879658208,-0.0,KR80_PIT,P2_2024_08_08_2025_08_07
2025-07-16,-0.0026233823753320073,0.03482782507043588,1.0322044426951038,0.9019064039974323,KR80_PIT,P2_2024_08_08_2025_08_07
2025-07-17,-0.007331230007105693,0.039268958920427255,1.0319377289133216,0.927512598097302,KR80_PIT,P2_2024_08_08_2025_08_07
2025-07-18,-0.007331230007105693,0.03644379876914241,1.0291125687620368,1.198745673169821,KR80_PIT,P2_2024_08_08_2025_08_07
2025-07-21,-0.007331230007105693,0.0353444140672655,1.0280131840601598,1.30429349255351,KR80_PIT,P2_2024_08_08_2025_08_07
2025-07-22,-0.007331230007105693,0.033812588935142406,1.0264813589280368,1.4513583026210641,KR80_PIT,P2_2024_08_08_2025_08_07
2025-07-23,-0.007331230007105693,0.03234835094372441,1.0250171209366188,1.5919343237254635,KR80_PIT,P2_2024_08_08_2025_08_07
2025-07-24,-0.007331230007105693,0.030880011885000096,1.0235487818778943,1.732904072985808,KR80_PIT,P2_2024_08_08_2025_08_07
2025-07-25,0.0006820024946627675,0.02319775139969617,1.023879753894359,1.7011286857576469,KR80_PIT,P2_2024_08_08_2025_08_07
2025-07-28,0.0006820024946627675,0.025996109760007328,1.0266781122546702,1.4324687505405276,KR80_PIT,P2_2024_08_08_2025_08_07
2025-07-29,0.017519105220610464,0.010523764429777248,1.0280428696503878,1.3014434899017213,KR80_PIT,P2_2024_08_08_2025_08_07
2025-07-30,0.017519105220610464,0.006307409053214067,1.0238265142738245,1.7062400228925245,KR80_PIT,P2_2024_08_08_2025_08_07
2025-07-31,0.017519105220610464,0.0050433995837833884,1.0225625048043938,1.8275928513891926,KR80_PIT,P2_2024_08_08_2025_08_07
2025-08-01,0.017519105220610464,0.0020910085846445213,1.0196101138052551,2.1110408849984275,KR80_PIT,P2_2024_08_08_2025_08_07
2025-08-04,0.017519105220610464,0.0023376942455897,1.0198567994662002,2.087357515981625,KR80_PIT,P2_2024_08_08_2025_08_07
2025-08-05,0.017519105220610464,0.002867762965125778,1.0203868681857362,2.0364675978528757,KR80_PIT,P2_2024_08_08_2025_08_07
2025-08-06,0.017519105220610464,0.0020389078746304553,1.0195580130952409,2.1160428795877206,KR80_PIT,P2_2024_08_08_2025_08_07
2025-08-07,0.02102580082913636,0.0,1.0210258008291364,1.9751260609651822,KR80_PIT,P2_2024_08_08_2025_08_07
2025-08-08,0.0,0.0,1.0,-0.0,KR80_PIT,P3_2025_08_08_2026_08_17
2025-08-11,0.0,0.0,1.0,-0.0,KR80_PIT,P3_2025_08_08_2026_08_17
2025-08-12,0.0,-0.004945054945054945,0.9950549450549451,0.49450549450549275,KR80_PIT,P3_2025_08_08_2026_08_17
2025-08-13,0.0,-0.00384615384615385,0.9961538461538462,0.38461538461538325,KR80_PIT,P3_2025_08_08_2026_08_17
2025-08-14,0.0,-0.004945054945054945,0.9950549450549451,0.49450549450549275,KR80_PIT,P3_2025_08_08_2026_08_17
2025-08-18,0.0,-0.005384615384615381,0.9946153846153846,0.5384615384615432,KR80_PIT,P3_2025_08_08_2026_08_17
2025-08-19,-0.010066889632107019,0.0,0.989933110367893,1.0066889632107001,KR80_PIT,P3_2025_08_08_2026_08_17
2025-08-20,-0.010066889632107019,0.0,0.989933110367893,1.0066889632107001,KR80_PIT,P3_2025_08_08_2026_08_17
2025-08-21,-0.010066889632107019,0.0,0.989933110367893,1.0066889632107001,KR80_PIT,P3_2025_08_08_2026_08_17
2025-08-22,-0.010066889632107019,-0.0002582434200959752,0.989674866947797,1.032513305220295,KR80_PIT,P3_2025_08_08_2026_08_17
2025-08-25,-0.010066889632107019,0.000430405700159952,0.990363516068053,0.9636483931947049,KR80_PIT,P3_2025_08_08_2026_08_17
2025-08-26,-0.010066889632107019,0.00047344627017595537,0.990406556638069,0.959344336193102,KR80_PIT,P3_2025_08_08_2026_08_17
2025-08-27,-0.010066889632107019,0.0003012839901119786,0.990234394358005,0.9765605641995023,KR80_PIT,P3_2025_08_08_2026_08_17
2025-08-28,-0.010066889632107019,4.304057001600233e-05,0.989976150937909,1.0023849062090973,KR80_PIT,P3_2025_08_08_2026_08_17
2025-08-29,-0.010066889632107019,-0.0015113637998184239,0.9884217465680746,1.1578253431925423,KR80_PIT,P3_2025_08_08_2026_08_17
2025-09-01,-0.010066889632107019,-0.0022382712045330255,0.98769483916336,1.2305160836640017,KR80_PIT,P3_2025_08_08_2026_08_17
2025-09-02,-0.01416144380914094,0.0054829011623955,0.9913214573532545,0.8678542646745502,KR80_PIT,P3_2025_08_08_2026_08_17
2025-09-03,-0.01416144380914094,0.004353010803081705,0.9901915669939407,0.980843300605927,KR80_PIT,P3_2025_08_08_2026_08_17
2025-09-04,-0.01416144380914094,0.004563869279672463,0.9904024254705315,0.9597574529468522,KR80_PIT,P3_2025_08_08_2026_08_17
2025-09-05,-0.01416144380914094,0.0064462689606224035,0.9922848251514814,0.771517484851858,KR80_PIT,P3_2025_08_08_2026_08_17
2025-09-08,-0.01416144380914094,0.007596435507184701,0.9934349916980437,0.6565008301956277,KR80_PIT,P3_2025_08_08_2026_08_17
2025-09-09,-0.01416144380914094,0.011246870398961748,0.9970854265898208,0.29145734101792,KR80_PIT,P3_2025_08_08_2026_08_17
2025-09-10,-0.01416144380914094,0.016150178982801553,1.0019887351736605,-0.0,KR80_PIT,P3_2025_08_08_2026_08_17
2025-09-11,-0.01416144380914094,0.020406464466055884,1.006245020656915,-0.0,KR80_PIT,P3_2025_08_08_2026_08_17
2025-09-12,-0.01416144380914094,0.030575422531571916,1.0164139787224309,-0.0,KR80_PIT,P3_2025_08_08_2026_08_17
2025-09-15,-0.01416144380914094,0.04238539373028376,1.0282239499211427,-0.0,KR80_PIT,P3_2025_08_08_2026_08_17
2025-09-16,-0.018490878073180724,0.042084005849798496,1.0235931277766177,0.4503709668385203,KR80_PIT,P3_2025_08_08_2026_08_17
2025-09-17,-0.018490878073180724,0.035297816450932516,1.0168069383777518,1.1103623431711118,KR80_PIT,P3_2025_08_08_2026_08_17
2025-09-18,-0.018490878073180724,0.032120607370651436,1.0136297292974707,1.4193620587024114,KR80_PIT,P3_2025_08_08_2026_08_17
2025-09-22,-0.018490878073180724,0.031483660583888184,1.0129927825107075,1.4813083678515193,KR80_PIT,P3_2025_08_08_2026_08_17
2025-09-23,-0.018490878073180724,0.028841006275375287,1.0103501282021945,1.7383199175937336,KR80_PIT,P3_2025_08_08_2026_08_17
2025-09-24,-0.018490878073180724,0.015180309418140359,0.9966894313449597,3.0668920499859476,KR80_PIT,P3_2025_08_08_2026_08_17
2025-09-25,-0.01739054570015997,0.010995637095909002,0.993605091395749,3.3668597709719528,KR80_PIT,P3_2025_08_08_2026_08_17
2025-09-26,-0.016290557694857846,0.005072753648829685,0.9887821959539718,3.835910841232193,KR80_PIT,P3_2025_08_08_2026_08_17
2025-09-29,-0.0126664284166557,0.0030491287308029567,0.9903827003141473,3.6802536655460627,KR80_PIT,P3_2025_08_08_2026_08_17
2025-09-30,-0.0126664284166557,-0.002187957589582277,0.9851456139937621,4.189586901830522,KR80_PIT,P3_2025_08_08_2026_08_17
2025-10-01,-0.013493734654798731,0.0,0.9865062653452012,4.057256649112373,KR80_PIT,P3_2025_08_08_2026_08_17
2025-10-02,-0.013493734654798731,0.0,0.9865062653452012,4.057256649112373,KR80_PIT,P3_2025_08_08_2026_08_17
2025-10-10,-0.013493734654798731,0.0,0.9865062653452012,4.057256649112373,KR80_PIT,P3_2025_08_08_2026_08_17
2025-10-13,-0.013493734654798731,0.0020488976280246484,0.9885551629732259,3.8579909513836164,KR80_PIT,P3_2025_08_08_2026_08_17
2025-10-14,-0.013493734654798731,0.0006829658760082119,0.9871892312212095,3.990834749869454,KR80_PIT,P3_2025_08_08_2026_08_17
2025-10-15,-0.013493734654798731,0.006070807786739698,0.992577073131941,3.466839766953067,KR80_PIT,P3_2025_08_08_2026_08_17
2025-10-16,-0.013493734654798731,0.006677888565413675,0.9931841539106149,3.4077980787371454,KR80_PIT,P3_2025_08_08_2026_08_17
2025-10-17,-0.013493734654798731,0.00402191015871505,0.9905281755039163,3.666105464681846,KR80_PIT,P3_2025_08_08_2026_08_17
2025-10-20,-0.013493734654798731,0.004097795256049297,0.9906040606012505,3.6587252536548487,KR80_PIT,P3_2025_08_08_2026_08_17
2025-10-21,-0.013493734654798731,0.003870139964046555,0.9903764053092478,3.680865886735829,KR80_PIT,P3_2025_08_08_2026_08_17
2025-10-22,-0.013493734654798731,0.0031112889907040963,0.9896175543359054,3.754667997005734,KR80_PIT,P3_2025_08_08_2026_08_17
2025-10-23,-0.013493734654798731,0.0010623913626794477,0.9875686567078807,3.9539336947344905,KR80_PIT,P3_2025_08_08_2026_08_17
2025-10-24,-0.013493734654798731,0.002861952242320151,0.9893682175875214,3.778917261808712,KR80_PIT,P3_2025_08_08_2026_08_17
2025-10-27,-0.013493734654798731,0.00465428596983377,0.991160551315035,3.604603706123577,KR80_PIT,P3_2025_08_08_2026_08_17
2025-10-28,-0.013493734654798731,0.005605459491446639,0.9921117248366479,3.512097251504831,KR80_PIT,P3_2025_08_08_2026_08_17
2025-10-29,-0.013493734654798731,0.0204701053830258,1.006976370728227,2.0664349623975564,KR80_PIT,P3_2025_08_08_2026_08_17
2025-10-30,-0.013493734654798731,0.012814071375315893,0.9993203367205171,2.8110231436295874,KR80_PIT,P3_2025_08_08_2026_08_17
2025-10-31,-0.013493734654798731,0.029089570729191525,1.0155958360743929,1.228148191618994,KR80_PIT,P3_2025_08_08_2026_08_17
2025-11-03,-0.013493734654798731,0.04049989240608932,1.0270061577512906,0.11843647193255924,KR80_PIT,P3_2025_08_08_2026_08_17
2025-11-04,-0.013493734654798731,0.03953887729207789,1.0260451426372792,0.21190007138334188,KR80_PIT,P3_2025_08_08_2026_08_17
2025-11-05,-0.0037315186620821977,0.014470070358686162,1.0107385516966039,1.7005437605183027,KR80_PIT,P3_2025_08_08_2026_08_17
2025-11-06,-0.0037315186620821977,0.0013698658285041453,0.997638347166422,2.9746051681704633,KR80_PIT,P3_2025_08_08_2026_08_17
2025-11-07,-0.002954426443453492,-0.006719514551290504,0.990326059005256,3.6857623204354595,KR80_PIT,P3_2025_08_08_2026_08_17
2025-11-10,-0.008029462464188335,-0.007975905350478985,0.9839946321853327,4.301525726881006,KR80_PIT,P3_2025_08_08_2026_08_17
2025-11-11,-0.011369934525680652,-0.0034573817710696303,0.9851726837032497,4.186954235134744,KR80_PIT,P3_2025_08_08_2026_08_17
2025-11-12,-0.011369934525680652,-0.00396446443082651,0.9846656010434928,4.236270598539416,KR80_PIT,P3_2025_08_08_2026_08_17
2025-11-13,-0.011369934525680652,-0.003272988076612584,0.9853570773977067,4.169021012078511,KR80_PIT,P3_2025_08_08_2026_08_17
2025-11-14,-0.011369934525680652,-0.005393515562868621,0.9832365499114507,4.375253077225272,KR80_PIT,P3_2025_08_08_2026_08_17
2025-11-17,-0.015877282191124893,0.0,0.9841227178088751,4.2890687496289,KR80_PIT,P3_2025_08_08_2026_08_17
2025-11-18,-0.015877282191124893,0.0,0.9841227178088751,4.2890687496289,KR80_PIT,P3_2025_08_08_2026_08_17
2025-11-19,-0.015877282191124893,0.0,0.9841227178088751,4.2890687496289,KR80_PIT,P3_2025_08_08_2026_08_17
2025-11-20,-0.015877282191124893,0.0,0.9841227178088751,4.2890687496289,KR80_PIT,P3_2025_08_08_2026_08_17
2025-11-21,-0.015877282191124893,0.0,0.9841227178088751,4.2890687496289,KR80_PIT,P3_2025_08_08_2026_08_17
2025-11-24,-0.015877282191124893,0.0,0.9841227178088751,4.2890687496289,KR80_PIT,P3_2025_08_08_2026_08_17
2025-11-25,-0.015877282191124893,0.0,0.9841227178088751,4.2890687496289,KR80_PIT,P3_2025_08_08_2026_08_17
2025-11-26,-0.015877282191124893,0.0,0.9841227178088751,4.2890687496289,KR80_PIT,P3_2025_08_08_2026_08_17
2025-11-27,-0.015877282191124893,0.0,0.9841227178088751,4.2890687496289,KR80_PIT,P3_2025_08_08_2026_08_17
2025-11-28,-0.015877282191124893,0.0020221699681004244,0.9861448877769755,4.092402452539101,KR80_PIT,P3_2025_08_08_2026_08_17
2025-12-01,-0.015877282191124893,0.003190534838558449,0.9873132526474335,3.978773036442773,KR80_PIT,P3_2025_08_08_2026_08_17
2025-12-02,-0.015877282191124893,-0.00029831327905481303,0.9838244045298202,4.31808123072096,KR80_PIT,P3_2025_08_08_2026_08_17
2025-12-03,-0.015877282191124893,-0.0005821084147489021,0.9835406093941261,4.3456817486544175,KR80_PIT,P3_2025_08_08_2026_08_17
2025-12-04,-0.015877282191124893,-0.0034121093598494475,0.9807106084490256,4.620913710068808,KR80_PIT,P3_2025_08_08_2026_08_17
2025-12-05,-0.015877282191124893,0.0007926214934793571,0.9849153393023544,4.211982284803795,KR80_PIT,P3_2025_08_08_2026_08_17
2025-12-08,-0.015877282191124893,0.007217245600678433,0.9913399634095534,3.5871549689557414,KR80_PIT,P3_2025_08_08_2026_08_17
2025-12-09,-0.015877282191124893,0.010662539288209533,0.9947852570970845,3.252082664153344,KR80_PIT,P3_2025_08_08_2026_08_17
2025-12-10,-0.015877282191124893,0.0073150702333233016,0.9914377880421984,3.577641026720446,KR80_PIT,P3_2025_08_08_2026_08_17
2025-12-11,-0.019551673258839847,0.016039091712796556,0.9964874184539567,3.0865388293688345,KR80_PIT,P3_2025_08_08_2026_08_17
2025-12-12,-0.019551673258839847,0.016744258676031576,0.9971925854171917,3.017957761665724,KR80_PIT,P3_2025_08_08_2026_08_17
2025-12-15,-0.019551673258839847,0.022924839706738524,1.0033731664478986,2.4168648741502263,KR80_PIT,P3_2025_08_08_2026_08_17
2025-12-16,-0.019551673258839847,0.016170446343203068,0.9966187730843632,3.0737639246006143,KR80_PIT,P3_2025_08_08_2026_08_17
2025-12-17,-0.019551673258839847,0.012781771029603397,0.9932300977707635,3.403329805054922,KR80_PIT,P3_2025_08_08_2026_08_17
2025-12-18,-0.019551673258839847,0.007573618904367565,0.9880219456455277,3.9098490439459455,KR80_PIT,P3_2025_08_08_2026_08_17
2025-12-19,-0.00562600858801692,0.0014320113920091916,0.9958060028039923,3.15280996125763,KR80_PIT,P3_2025_08_08_2026_08_17
2025-12-22,-0.00562600858801692,-0.002701892854511793,0.9916720985574713,3.554853139384151,KR80_PIT,P3_2025_08_08_2026_08_17
2025-12-23,-0.00562600858801692,-0.004034292293093243,0.9903396991188899,3.6844357501260583,KR80_PIT,P3_2025_08_08_2026_08_17
2025-12-24,-0.00562600858801692,-0.004776855614876358,0.9895971357971067,3.756653803580279,KR80_PIT,P3_2025_08_08_2026_08_17
2025-12-26,-0.006504088328160076,-0.004215927804986988,0.9892799838668529,3.7874984391558453,KR80_PIT,P3_2025_08_08_2026_08_17
2025-12-29,-0.006504088328160076,-0.005588555462424616,0.9879073562094153,3.9209934484427666,KR80_PIT,P3_2025_08_08_2026_08_17
2025-12-30,-0.013114691349180065,0.001045785170180887,0.9879310938210007,3.918684845186904,KR80_PIT,P3_2025_08_08_2026_08_17
2026-01-02,-0.013114691349180065,0.0033116530389061317,0.990196961689726,3.6983176898702896,KR80_PIT,P3_2025_08_08_2026_08_17
2026-01-05,-0.013114691349180065,0.0078103609951017585,0.9946956696459217,3.2607954986647036,KR80_PIT,P3_2025_08_08_2026_08_17
2026-01-06,-0.013114691349180065,0.011846261307426179,0.9987315699582461,2.8682837007597883,KR80_PIT,P3_2025_08_08_2026_08_17
2026-01-07,-0.013114691349180065,0.012428388743407851,0.9993136973942278,2.811668851822813,KR80_PIT,P3_2025_08_08_2026_08_17
2026-01-08,-0.013114691349180065,0.014460724232878391,1.0013460328836983,2.6140139061637147,KR80_PIT,P3_2025_08_08_2026_08_17
2026-01-09,-0.013114691349180065,0.015184574836998522,1.0020698834878183,2.5436157595171927,KR80_PIT,P3_2025_08_08_2026_08_17
2026-01-12,-0.013114691349180065,0.013482784917508912,1.0003680935683288,2.709123470130248,KR80_PIT,P3_2025_08_08_2026_08_17
2026-01-13,-0.013114691349180065,0.017737483095248804,1.0046227917460686,2.2953324688541055,KR80_PIT,P3_2025_08_08_2026_08_17
2026-01-14,-0.013114691349180065,0.012863345400151688,0.9997486540509716,2.769367108435372,KR80_PIT,P3_2025_08_08_2026_08_17
2026-01-15,-0.013114691349180065,0.015231815870717879,1.002117124521538,2.539021329118729,KR80_PIT,P3_2025_08_08_2026_08_17
2026-01-16,-0.013114691349180065,0.015829985316931857,1.0027152939677517,2.4808463132323766,KR80_PIT,P3_2025_08_08_2026_08_17
2026-01-19,-0.013114691349180065,0.016864010724175482,1.0037493193749953,2.380282092050512,KR80_PIT,P3_2025_08_08_2026_08_17
2026-01-20,-0.013114691349180065,0.031419164570211766,1.0183044732210318,0.9647194758371169,KR80_PIT,P3_2025_08_08_2026_08_17
2026-01-21,-0.013114691349180065,0.029704655307163798,1.0165899639579836,1.131464207194488,KR80_PIT,P3_2025_08_08_2026_08_17
2026-01-22,-0.013114691349180065,0.02649094164431381,1.0133762502951338,1.4440141787348648,KR80_PIT,P3_2025_08_08_2026_08_17
2026-01-23,-0.017119951028136484,0.029938858358640793,1.0128189073305043,1.4982186119881669,KR80_PIT,P3_2025_08_08_2026_08_17
2026-01-26,-0.017119951028136484,0.027803136369417156,1.0106831853412808,1.7059284196995428,KR80_PIT,P3_2025_08_08_2026_08_17
2026-01-27,-0.017119951028136484,0.032040780659486325,1.0149208296313499,1.2937959955915401,KR80_PIT,P3_2025_08_08_2026_08_17
2026-01-28,-0.017119951028136484,0.037559586302272255,1.0204396352741358,0.757064124756468,KR80_PIT,P3_2025_08_08_2026_08_17
2026-01-29,-0.017119951028136484,0.03976737385364827,1.0226474228255118,0.5423455752084583,KR80_PIT,P3_2025_08_08_2026_08_17
2026-01-30,-0.017119951028136484,0.03782923630880607,1.0207092852806696,0.7308392924566087,KR80_PIT,P3_2025_08_08_2026_08_17
2026-02-02,-0.017119951028136484,0.030728370993784913,1.0136084199656485,1.4214344994215589,KR80_PIT,P3_2025_08_08_2026_08_17
2026-02-03,-0.002389501950724099,0.022135786102162054,1.019746284151438,0.8244960419716896,KR80_PIT,P3_2025_08_08_2026_08_17
2026-02-04,-0.002389501950724099,0.021830765427525958,1.019441263476802,0.8541608513412235,KR80_PIT,P3_2025_08_08_2026_08_17
2026-02-05,-0.002389501950724099,0.01930345126625549,1.0169139493155315,1.0999549861174351,KR80_PIT,P3_2025_08_08_2026_08_17
2026-02-06,-0.002389501950724099,0.01917272811998288,1.0167832261692589,1.112668475847245,KR80_PIT,P3_2025_08_08_2026_08_17
2026-02-09,-0.002389501950724099,0.02126429846034465,1.0188747965096205,0.9092526401703882,KR80_PIT,P3_2025_08_08_2026_08_17
2026-02-10,-0.002389501950724099,0.020784980257345077,1.018395478306621,0.9558687691796686,KR80_PIT,P3_2025_08_08_2026_08_17
2026-02-11,-0.002389501950724099,0.020087790143891157,1.017698288193167,1.0236740477386208,KR80_PIT,P3_2025_08_08_2026_08_17
2026-02-12,-0.002389501950724099,0.01930010328661308,1.016910601335889,1.1002805941372373,KR80_PIT,P3_2025_08_08_2026_08_17
2026-02-13,-0.002389501950724099,0.017633909458877634,1.0152444075081535,1.2623264040858673,KR80_PIT,P3_2025_08_08_2026_08_17
2026-02-19,-0.002389501950724099,0.01946743538122912,1.0170779334305051,1.0840066982968466,KR80_PIT,P3_2025_08_08_2026_08_17
2026-02-20,-0.002389501950724099,0.02389884143023021,1.021509339479506,0.6530299592955036,KR80_PIT,P3_2025_08_08_2026_08_17
2026-02-23,-0.002389501950724099,0.02303137952987455,1.0206418775791506,0.7373950336960755,KR80_PIT,P3_2025_08_08_2026_08_17
2026-02-24,-0.002389501950724099,0.020790931115643813,1.0184014291649197,0.9552900179942703,KR80_PIT,P3_2025_08_08_2026_08_17
2026-02-25,-0.002389501950724099,0.02054549315940609,1.018155991208682,0.9791601054646604,KR80_PIT,P3_2025_08_08_2026_08_17
2026-02-26,-0.002389501950724099,0.047442403095455776,1.0450529011447318,-0.0,KR80_PIT,P3_2025_08_08_2026_08_17
2026-02-27,-0.002389501950724099,0.06024538191380822,1.0578558799630842,-0.0,KR80_PIT,P3_2025_08_08_2026_08_17
2026-03-03,-0.002389501950724099,0.013656380576159496,1.0112668786254355,4.404097214005609,KR80_PIT,P3_2025_08_08_2026_08_17
2026-03-04,-0.03283544681668947,-0.004214610320338458,0.9629499428629721,8.971537512598026,KR80_PIT,P3_2025_08_08_2026_08_17
2026-03-05,-0.017234552162469306,0.007566292608581521,0.9903317404461123,6.383113314011002,KR80_PIT,P3_2025_08_08_2026_08_17
2026-03-06,-0.017234552162469306,0.005907927105330778,0.9886733749428614,6.539879990328834,KR80_PIT,P3_2025_08_08_2026_08_17
2026-03-09,-0.017234552162469306,0.00606339887126053,0.9888288467087912,6.525183114424038,KR80_PIT,P3_2025_08_08_2026_08_17
2026-03-10,-0.017234552162469306,0.007048053388815665,0.9898135012263464,6.432102900360325,KR80_PIT,P3_2025_08_08_2026_08_17
2026-03-11,-0.017234552162469306,0.006426166325096634,0.9891916141626274,6.49089040397951,KR80_PIT,P3_2025_08_08_2026_08_17
2026-03-12,-0.017234552162469306,0.007099877310792249,0.9898653251483229,6.427203941725401,KR80_PIT,P3_2025_08_08_2026_08_17
2026-03-13,-0.017234552162469306,0.0063225184811434585,0.9890879663186742,6.5006883212493705,KR80_PIT,P3_2025_08_08_2026_08_17
2026-03-16,-0.017234552162469306,0.00414591375812686,0.9869113615956576,6.706444583916504,KR80_PIT,P3_2025_08_08_2026_08_17
2026-03-17,-0.017234552162469306,0.004612329055916131,0.9873777768934469,6.662353956202127,KR80_PIT,P3_2025_08_08_2026_08_17
2026-03-18,-0.017234552162469306,0.006944405544862489,0.9897098533823933,6.441900817630186,KR80_PIT,P3_2025_08_08_2026_08_17
2026-03-19,-0.017234552162469306,0.015236197205328404,0.9980016450428592,5.658070825518669,KR80_PIT,P3_2025_08_08_2026_08_17
2026-03-20,-0.017234552162469306,0.021102874272917904,1.0038683221104487,5.103488941661826,KR80_PIT,P3_2025_08_08_2026_08_17
2026-03-23,-0.017234552162469306,0.010416227442467412,0.9931816752799981,6.113706593505253,KR80_PIT,P3_2025_08_08_2026_08_17
2026-03-24,-0.017234552162469306,0.007031441854347245,0.989796889691878,6.4336732025898735,KR80_PIT,P3_2025_08_08_2026_08_17
2026-03-25,-0.017234552162469306,0.028619308573420012,1.0113847564109508,4.392954128473059,KR80_PIT,P3_2025_08_08_2026_08_17
2026-03-26,-0.017234552162469306,0.022542463359308214,1.005307911196839,4.967403382782054,KR80_PIT,P3_2025_08_08_2026_08_17
2026-03-27,-0.023543664978755614,0.020913339212256292,0.9973696742335006,5.717811554036478,KR80_PIT,P3_2025_08_08_2026_08_17
2026-03-30,-0.029873379244647218,0.02101128836584988,0.9911379091212027,6.306905515731476,KR80_PIT,P3_2025_08_08_2026_08_17
2026-03-31,-0.029873379244647218,0.008639067628532043,0.9787656883838849,7.476461877014784,KR80_PIT,P3_2025_08_08_2026_08_17
2026-04-01,-0.02209388733855653,0.002315415976580571,0.980221528638024,7.338840081672505,KR80_PIT,P3_2025_08_08_2026_08_17
2026-04-02,-0.02209388733855653,-0.0025726844184228545,0.9753334282430206,7.8009162952276,KR80_PIT,P3_2025_08_08_2026_08_17
2026-04-03,-0.02209388733855653,-0.000977620079000688,0.9769284925824427,7.650133530804359,KR80_PIT,P3_2025_08_08_2026_08_17
2026-04-06,-0.02209388733855653,-0.002315415976580571,0.9755906966848629,7.776596494514177,KR80_PIT,P3_2025_08_08_2026_08_17
2026-04-07,-0.02209388733855653,-0.0049395540833718785,0.9729665585780716,8.024658461791123,KR80_PIT,P3_2025_08_08_2026_08_17
2026-04-08,-0.023185188954927004,0.0,0.976814811045073,7.660879941494425,KR80_PIT,P3_2025_08_08_2026_08_17
2026-04-09,-0.023185188954927004,0.0,0.976814811045073,7.660879941494425,KR80_PIT,P3_2025_08_08_2026_08_17
2026-04-10,-0.023185188954927004,0.0,0.976814811045073,7.660879941494425,KR80_PIT,P3_2025_08_08_2026_08_17
2026-04-13,-0.023185188954927004,0.0,0.976814811045073,7.660879941494425,KR80_PIT,P3_2025_08_08_2026_08_17
2026-04-14,-0.023185188954927004,0.0,0.976814811045073,7.660879941494425,KR80_PIT,P3_2025_08_08_2026_08_17
2026-04-15,-0.023185188954927004,0.0,0.976814811045073,7.660879941494425,KR80_PIT,P3_2025_08_08_2026_08_17
2026-04-16,-0.023185188954927004,-0.0018203687935634673,0.9749944422515094,7.832960924172994,KR80_PIT,P3_2025_08_08_2026_08_17
2026-04-17,-0.023185188954927004,0.0012381612902915673,0.9780529723353645,7.543835520440134,KR80_PIT,P3_2025_08_08_2026_08_17
2026-04-20,-0.023185188954927004,0.010544324086489802,0.9873591351315627,6.664116177525203,KR80_PIT,P3_2025_08_08_2026_08_17
2026-04-21,-0.023185188954927004,0.06283772254494104,1.039652533590014,1.7207775385911228,KR80_PIT,P3_2025_08_08_2026_08_17
2026-04-22,-0.023185188954927004,0.06921851267403774,1.0460333237191106,1.1175961175719062,KR80_PIT,P3_2025_08_08_2026_08_17
2026-04-23,-0.023185188954927004,0.043359731049984813,1.0201745420950579,3.5620483453134733,KR80_PIT,P3_2025_08_08_2026_08_17
2026-04-24,-0.023185188954927004,0.05418244579545272,1.0309972568405257,2.5389680798007963,KR80_PIT,P3_2025_08_08_2026_08_17
2026-04-27,-0.023185188954927004,0.050114764758952005,1.0269295758040249,2.9234893660692762,KR80_PIT,P3_2025_08_08_2026_08_17
2026-04-28,-0.023185188954927004,0.08215732866483103,1.058972139709904,-0.0,KR80_PIT,P3_2025_08_08_2026_08_17
2026-04-29,-0.023185188954927004,0.10126507803434524,1.078079889079418,-0.0,KR80_PIT,P3_2025_08_08_2026_08_17
2026-04-30,-0.023185188954927004,0.07326566646556026,1.0500804775106332,2.597155540364815,KR80_PIT,P3_2025_08_08_2026_08_17
2026-05-04,-0.023185188954927004,0.08915695242070942,1.0659717634657824,1.1231195142667016,KR80_PIT,P3_2025_08_08_2026_08_17
2026-05-06,-0.023185188954927004,0.098116358889174,1.074931169934247,0.29206732980241457,KR80_PIT,P3_2025_08_08_2026_08_17
2026-05-07,-0.023185188954927004,0.09668931070353692,1.0735041217486099,0.4244367580880759,KR80_PIT,P3_2025_08_08_2026_08_17
2026-05-08,-0.023185188954927004,0.0818638119656149,1.058678623010688,1.7996130217489803,KR80_PIT,P3_2025_08_08_2026_08_17
2026-05-11,-0.02774960505895213,0.07493278507117015,1.047183180012218,2.865901625674794,KR80_PIT,P3_2025_08_08_2026_08_17
2026-05-12,-0.029049296966094384,0.056945005402861106,1.0278957084367668,4.654959354218546,KR80_PIT,P3_2025_08_08_2026_08_17
2026-05-13,-0.030746377564061667,0.05800425726167412,1.0272578796976124,4.71412275626466,KR80_PIT,P3_2025_08_08_2026_08_17
2026-05-14,-0.016200965533646285,0.0466562384469078,1.0304552729132614,4.417540541158205,KR80_PIT,P3_2025_08_08_2026_08_17
2026-05-15,-0.016200965533646285,0.041596434680018,1.0253954691463718,4.886875311071237,KR80_PIT,P3_2025_08_08_2026_08_17
2026-05-18,0.0006856834306583036,0.021820782472539123,1.0225064659031975,5.154852041964652,KR80_PIT,P3_2025_08_08_2026_08_17
2026-05-19,0.0006856834306583036,0.018275890013101363,1.0189615734437596,5.483667419688176,KR80_PIT,P3_2025_08_08_2026_08_17
2026-05-20,0.018821580800239646,0.0,1.0188215808002397,5.4966527879283245,KR80_PIT,P3_2025_08_08_2026_08_17
2026-05-21,0.018821580800239646,0.0,1.0188215808002397,5.4966527879283245,KR80_PIT,P3_2025_08_08_2026_08_17
2026-05-22,0.018821580800239646,0.0,1.0188215808002397,5.4966527879283245,KR80_PIT,P3_2025_08_08_2026_08_17
2026-05-26,0.018821580800239646,0.0,1.0188215808002397,5.4966527879283245,KR80_PIT,P3_2025_08_08_2026_08_17
2026-05-27,0.018821580800239646,0.0,1.0188215808002397,5.4966527879283245,KR80_PIT,P3_2025_08_08_2026_08_17
2026-05-28,0.018821580800239646,0.0,1.0188215808002397,5.4966527879283245,KR80_PIT,P3_2025_08_08_2026_08_17
2026-05-29,0.018821580800239646,0.0,1.0188215808002397,5.4966527879283245,KR80_PIT,P3_2025_08_08_2026_08_17
2026-06-01,0.018821580800239646,0.0,1.0188215808002397,5.4966527879283245,KR80_PIT,P3_2025_08_08_2026_08_17
2026-06-02,0.018821580800239646,0.0,1.0188215808002397,5.4966527879283245,KR80_PIT,P3_2025_08_08_2026_08_17
2026-06-04,0.018821580800239646,0.0,1.0188215808002397,5.4966527879283245,KR80_PIT,P3_2025_08_08_2026_08_17
2026-06-05,0.018821580800239646,0.0,1.0188215808002397,5.4966527879283245,KR80_PIT,P3_2025_08_08_2026_08_17
2026-06-08,0.018821580800239646,0.0,1.0188215808002397,5.4966527879283245,KR80_PIT,P3_2025_08_08_2026_08_17
2026-06-09,0.018821580800239646,0.0,1.0188215808002397,5.4966527879283245,KR80_PIT,P3_2025_08_08_2026_08_17
2026-06-10,0.018821580800239646,0.0,1.0188215808002397,5.4966527879283245,KR80_PIT,P3_2025_08_08_2026_08_17
2026-06-11,0.018821580800239646,0.0,1.0188215808002397,5.4966527879283245,KR80_PIT,P3_2025_08_08_2026_08_17
2026-06-12,0.018821580800239646,0.0,1.0188215808002397,5.4966527879283245,KR80_PIT,P3_2025_08_08_2026_08_17
2026-06-15,0.018821580800239646,0.0,1.0188215808002397,5.4966527879283245,KR80_PIT,P3_2025_08_08_2026_08_17
2026-06-16,0.018821580800239646,0.0,1.0188215808002397,5.4966527879283245,KR80_PIT,P3_2025_08_08_2026_08_17
2026-06-17,0.018821580800239646,0.0,1.0188215808002397,5.4966527879283245,KR80_PIT,P3_2025_08_08_2026_08_17
2026-06-18,0.018821580800239646,0.0,1.0188215808002397,5.4966527879283245,KR80_PIT,P3_2025_08_08_2026_08_17
2026-06-19,0.018821580800239646,0.0,1.0188215808002397,5.4966527879283245,KR80_PIT,P3_2025_08_08_2026_08_17
2026-06-22,0.018821580800239646,-0.002538240616526548,1.016283340183713,5.73209365295495,KR80_PIT,P3_2025_08_08_2026_08_17
2026-06-23,0.018821580800239646,-0.00514950601269523,1.0136720747875445,5.9743081142968,KR80_PIT,P3_2025_08_08_2026_08_17
2026-06-24,0.018821580800239646,-0.005227566984036816,1.0135940138162027,5.981548855185526,KR80_PIT,P3_2025_08_08_2026_08_17
2026-06-25,0.018821580800239646,-0.0018004385325560343,1.0170211422676836,5.663656972942244,KR80_PIT,P3_2025_08_08_2026_08_17
2026-06-26,0.018821580800239646,-0.0005967887163857042,1.0182247920838539,5.552009419883996,KR80_PIT,P3_2025_08_08_2026_08_17
2026-06-29,0.018821580800239646,0.001478122263790755,1.0202997030640304,5.359545855616199,KR80_PIT,P3_2025_08_08_2026_08_17
2026-06-30,0.01325805377172403,0.014126517716978117,1.027384571488702,4.702371141901674,KR80_PIT,P3_2025_08_08_2026_08_17
2026-07-01,0.01325805377172403,0.012842288833616463,1.0261003426053403,4.821493008135381,KR80_PIT,P3_2025_08_08_2026_08_17
2026-07-02,0.01325805377172403,0.006677990193480564,1.0199360439652045,5.393277966057141,KR80_PIT,P3_2025_08_08_2026_08_17
2026-07-03,0.01325805377172403,0.003338995096740282,1.0165970488684641,5.702994818264784,KR80_PIT,P3_2025_08_08_2026_08_17
2026-07-06,0.01325805377172403,-0.0032961874672948945,1.009961866304429,6.318457793805587,KR80_PIT,P3_2025_08_08_2026_08_17
2026-07-07,0.009255572508257488,0.0,1.0092555725082575,6.383971843675729,KR80_PIT,P3_2025_08_08_2026_08_17
2026-07-08,0.009255572508257488,0.0,1.0092555725082575,6.383971843675729,KR80_PIT,P3_2025_08_08_2026_08_17
2026-07-09,0.009255572508257488,0.0,1.0092555725082575,6.383971843675729,KR80_PIT,P3_2025_08_08_2026_08_17
2026-07-10,0.009255572508257488,0.0,1.0092555725082575,6.383971843675729,KR80_PIT,P3_2025_08_08_2026_08_17
2026-07-13,0.009255572508257488,0.0,1.0092555725082575,6.383971843675729,KR80_PIT,P3_2025_08_08_2026_08_17
2026-07-14,0.009255572508257488,0.0,1.0092555725082575,6.383971843675729,KR80_PIT,P3_2025_08_08_2026_08_17
2026-07-15,0.009255572508257488,0.0,1.0092555725082575,6.383971843675729,KR80_PIT,P3_2025_08_08_2026_08_17
2026-07-16,0.009255572508257488,0.0,1.0092555725082575,6.383971843675729,KR80_PIT,P3_2025_08_08_2026_08_17
2026-07-20,0.009255572508257488,0.0,1.0092555725082575,6.383971843675729,KR80_PIT,P3_2025_08_08_2026_08_17
2026-07-21,0.009255572508257488,0.0,1.0092555725082575,6.383971843675729,KR80_PIT,P3_2025_08_08_2026_08_17
2026-07-22,0.009255572508257488,0.0,1.0092555725082575,6.383971843675729,KR80_PIT,P3_2025_08_08_2026_08_17
2026-07-23,0.009255572508257488,0.0,1.0092555725082575,6.383971843675729,KR80_PIT,P3_2025_08_08_2026_08_17
2026-07-24,0.009255572508257488,0.0,1.0092555725082575,6.383971843675729,KR80_PIT,P3_2025_08_08_2026_08_17
2026-07-27,0.009255572508257488,0.0,1.0092555725082575,6.383971843675729,KR80_PIT,P3_2025_08_08_2026_08_17
2026-07-28,0.009255572508257488,0.0,1.0092555725082575,6.383971843675729,KR80_PIT,P3_2025_08_08_2026_08_17
2026-07-29,0.009255572508257488,0.0,1.0092555725082575,6.383971843675729,KR80_PIT,P3_2025_08_08_2026_08_17
2026-07-30,0.009255572508257488,0.0,1.0092555725082575,6.383971843675729,KR80_PIT,P3_2025_08_08_2026_08_17
2026-07-31,0.009255572508257488,0.0,1.0092555725082575,6.383971843675729,KR80_PIT,P3_2025_08_08_2026_08_17
2026-08-03,0.009255572508257488,0.0,1.0092555725082575,6.383971843675729,KR80_PIT,P3_2025_08_08_2026_08_17
2026-08-04,0.009255572508257488,0.0,1.0092555725082575,6.383971843675729,KR80_PIT,P3_2025_08_08_2026_08_17
2026-08-05,0.009255572508257488,0.0,1.0092555725082575,6.383971843675729,KR80_PIT,P3_2025_08_08_2026_08_17
2026-08-06,0.009255572508257488,0.0,1.0092555725082575,6.383971843675729,KR80_PIT,P3_2025_08_08_2026_08_17
2026-08-07,0.009255572508257488,0.0,1.0092555725082575,6.383971843675729,KR80_PIT,P3_2025_08_08_2026_08_17
2026-08-10,0.009255572508257488,0.0,1.0092555725082575,6.383971843675729,KR80_PIT,P3_2025_08_08_2026_08_17
2026-08-11,0.009255572508257488,0.004124783644164182,1.0133803561524217,6.001367206862918,KR80_PIT,P3_2025_08_08_2026_08_17
2026-08-12,0.009255572508257488,0.0030716473945903433,1.012327219902848,6.099053497112994,KR80_PIT,P3_2025_08_08_2026_08_17
2026-08-13,0.009255572508257488,0.0025359915556182515,1.0117915640638757,6.1487395959261,KR80_PIT,P3_2025_08_08_2026_08_17
2026-08-14,0.013410919795500627,0.0,1.0134109197955006,5.9985321996071095,KR80_PIT,P3_2025_08_08_2026_08_17
2023-08-08,0.0,0.0,1.0,-0.0,KR80_PIT,FULL_2023_08_08_2026_08_17
2023-08-09,0.0,0.0,1.0,-0.0,KR80_PIT,FULL_2023_08_08_2026_08_17
2023-08-10,0.0,-0.003385826771653547,0.9966141732283464,0.3385826771653555,KR80_PIT,FULL_2023_08_08_2026_08_17
2023-08-11,0.0,-0.0034645669291338598,0.9965354330708661,0.3464566929133883,KR80_PIT,FULL_2023_08_08_2026_08_17
2023-08-14,0.0,-0.005590551181102361,0.9944094488188976,0.559055118110241,KR80_PIT,FULL_2023_08_08_2026_08_17
2023-08-16,0.0,-0.005275590551181103,0.9947244094488189,0.5275590551181097,KR80_PIT,FULL_2023_08_08_2026_08_17
2023-08-17,0.0,-0.003779527559055119,0.9962204724409449,0.3779527559055085,KR80_PIT,FULL_2023_08_08_2026_08_17
2023-08-18,0.0,-0.008425196850393703,0.9915748031496063,0.8425196850393668,KR80_PIT,FULL_2023_08_08_2026_08_17
2023-08-21,-0.008487842692826798,0.0,0.9915121573071732,0.8487842692826764,KR80_PIT,FULL_2023_08_08_2026_08_17
2023-08-22,-0.008487842692826798,0.0,0.9915121573071732,0.8487842692826764,KR80_PIT,FULL_2023_08_08_2026_08_17
2023-08-23,-0.008487842692826798,0.0,0.9915121573071732,0.8487842692826764,KR80_PIT,FULL_2023_08_08_2026_08_17
2023-08-24,-0.008487842692826798,0.0,0.9915121573071732,0.8487842692826764,KR80_PIT,FULL_2023_08_08_2026_08_17
2023-08-25,-0.008487842692826798,0.0,0.9915121573071732,0.8487842692826764,KR80_PIT,FULL_2023_08_08_2026_08_17
2023-08-28,-0.008487842692826798,0.0,0.9915121573071732,0.8487842692826764,KR80_PIT,FULL_2023_08_08_2026_08_17
2023-08-29,-0.008487842692826798,-0.0026245910046366313,0.9888875663025366,1.1112433697463397,KR80_PIT,FULL_2023_08_08_2026_08_17
2023-08-30,-0.008487842692826798,-0.0018469344106702237,0.989665222896503,1.033477710349695,KR80_PIT,FULL_2023_08_08_2026_08_17
2023-08-31,-0.008487842692826798,-0.0028139554349856017,0.9886982018721876,1.1301798127812401,KR80_PIT,FULL_2023_08_08_2026_08_17
2023-09-01,-0.008487842692826798,-0.003566229374925291,0.9879459279322479,1.2054072067752108,KR80_PIT,FULL_2023_08_08_2026_08_17
2023-09-04,-0.008487842692826798,-0.006375291498967356,0.9851368658082059,1.486313419179408,KR80_PIT,FULL_2023_08_08_2026_08_17
2023-09-05,-0.008487842692826798,-0.006718147251355523,0.9847940100558177,1.5205989944182319,KR80_PIT,FULL_2023_08_08_2026_08_17
2023-09-06,-0.008487842692826798,0.004733809116268674,0.9962459664234419,0.37540335765581245,KR80_PIT,FULL_2023_08_08_2026_08_17
2023-09-07,-0.008487842692826798,0.0025907288460296886,0.994102886153203,0.5897113846797031,KR80_PIT,FULL_2023_08_08_2026_08_17
2023-09-08,-0.008487842692826798,0.005346053925235259,0.9968582112324085,0.31417887675915246,KR80_PIT,FULL_2023_08_08_2026_08_17
2023-09-11,-0.008487842692826798,0.008004607635964006,0.9995167649431372,0.0483235056862763,KR80_PIT,FULL_2023_08_08_2026_08_17
2023-09-12,-0.01525900779729517,0.00887866692429507,0.9936196591269999,0.6380340873000101,KR80_PIT,FULL_2023_08_08_2026_08_17
2023-09-13,-0.0217111577123899,0.011074031886807388,0.9893628741744175,1.0637125825582516,KR80_PIT,FULL_2023_08_08_2026_08_17
2023-09-14,-0.0217111577123899,0.011975406575268455,0.9902642488628786,0.973575113712144,KR80_PIT,FULL_2023_08_08_2026_08_17
2023-09-15,-0.0217111577123899,0.009400050322522547,0.9876888926101327,1.2311107389867293,KR80_PIT,FULL_2023_08_08_2026_08_17
2023-09-18,-0.0217111577123899,0.007468533132963131,0.9857573754205733,1.424262457942671,KR80_PIT,FULL_2023_08_08_2026_08_17
2023-09-19,-0.0217111577123899,0.0054082481307664056,0.9836970904183766,1.6302909581623393,KR80_PIT,FULL_2023_08_08_2026_08_17
2023-09-20,-0.0217111577123899,0.004506873442305338,0.9827957157299155,1.720428427008447,KR80_PIT,FULL_2023_08_08_2026_08_17
2023-09-21,-0.0217111577123899,0.0018027493769221352,0.9800915916645323,1.9908408335467698,KR80_PIT,FULL_2023_08_08_2026_08_17
2023-09-22,-0.021003674787784993,0.0,0.978996325212215,2.1003674787784976,KR80_PIT,FULL_2023_08_08_2026_08_17
2023-09-25,-0.021003674787784993,0.0,0.978996325212215,2.1003674787784976,KR80_PIT,FULL_2023_08_08_2026_08_17
2023-09-26,-0.021003674787784993,0.0,0.978996325212215,2.1003674787784976,KR80_PIT,FULL_2023_08_08_2026_08_17
2023-09-27,-0.021003674787784993,0.0,0.978996325212215,2.1003674787784976,KR80_PIT,FULL_2023_08_08_2026_08_17
2023-10-04,-0.021003674787784993,0.0,0.978996325212215,2.1003674787784976,KR80_PIT,FULL_2023_08_08_2026_08_17
2023-10-05,-0.021003674787784993,0.0,0.978996325212215,2.1003674787784976,KR80_PIT,FULL_2023_08_08_2026_08_17
2023-10-06,-0.021003674787784993,0.0,0.978996325212215,2.1003674787784976,KR80_PIT,FULL_2023_08_08_2026_08_17
2023-10-10,-0.021003674787784993,0.0,0.978996325212215,2.1003674787784976,KR80_PIT,FULL_2023_08_08_2026_08_17
2023-10-11,-0.021003674787784993,0.0,0.978996325212215,2.1003674787784976,KR80_PIT,FULL_2023_08_08_2026_08_17
2023-10-12,-0.021003674787784993,0.0,0.978996325212215,2.1003674787784976,KR80_PIT,FULL_2023_08_08_2026_08_17
2023-10-13,-0.021003674787784993,0.0,0.978996325212215,2.1003674787784976,KR80_PIT,FULL_2023_08_08_2026_08_17
2023-10-16,-0.021003674787784993,-0.0017026023047168922,0.9772937229074982,2.2706277092501836,KR80_PIT,FULL_2023_08_08_2026_08_17
2023-10-17,-0.021003674787784993,0.0008513011523584461,0.9798476263645735,2.0152373635426546,KR80_PIT,FULL_2023_08_08_2026_08_17
2023-10-18,-0.021003674787784993,0.0003192379321344255,0.9793155631443494,2.068443685565058,KR80_PIT,FULL_2023_08_08_2026_08_17
2023-10-19,-0.021003674787784993,-0.0035116172534785987,0.9754847079587364,2.451529204126357,KR80_PIT,FULL_2023_08_08_2026_08_17
2023-10-20,-0.021003674787784993,-0.003298791965388987,0.9756975332468261,2.4302466753173935,KR80_PIT,FULL_2023_08_08_2026_08_17
2023-10-23,-0.021003674787784993,-0.0030859666772993753,0.9759103585349157,2.40896414650843,KR80_PIT,FULL_2023_08_08_2026_08_17
2023-10-24,-0.021003674787784993,0.0007448885083136486,0.9797412137205287,2.025878627947131,KR80_PIT,FULL_2023_08_08_2026_08_17
2023-10-25,-0.021003674787784993,0.005320632202240305,0.9843169574144554,1.5683042585544649,KR80_PIT,FULL_2023_08_08_2026_08_17
2023-10-26,-0.021003674787784993,-0.00500139427010588,0.9739949309421091,2.6005069057890906,KR80_PIT,FULL_2023_08_08_2026_08_17
2023-10-27,-0.025011246223353475,0.0,0.9749887537766465,2.501124622335349,KR80_PIT,FULL_2023_08_08_2026_08_17
2023-10-30,-0.025011246223353475,0.0,0.9749887537766465,2.501124622335349,KR80_PIT,FULL_2023_08_08_2026_08_17
2023-10-31,-0.025011246223353475,0.0,0.9749887537766465,2.501124622335349,KR80_PIT,FULL_2023_08_08_2026_08_17
2023-11-01,-0.025011246223353475,0.0,0.9749887537766465,2.501124622335349,KR80_PIT,FULL_2023_08_08_2026_08_17
2023-11-02,-0.025011246223353475,0.0,0.9749887537766465,2.501124622335349,KR80_PIT,FULL_2023_08_08_2026_08_17
2023-11-03,-0.025011246223353475,0.0,0.9749887537766465,2.501124622335349,KR80_PIT,FULL_2023_08_08_2026_08_17
2023-11-06,-0.025011246223353475,0.0,0.9749887537766465,2.501124622335349,KR80_PIT,FULL_2023_08_08_2026_08_17
2023-11-07,-0.025011246223353475,0.0,0.9749887537766465,2.501124622335349,KR80_PIT,FULL_2023_08_08_2026_08_17
2023-11-08,-0.025011246223353475,0.0,0.9749887537766465,2.501124622335349,KR80_PIT,FULL_2023_08_08_2026_08_17
2023-11-09,-0.025011246223353475,0.0,0.9749887537766465,2.501124622335349,KR80_PIT,FULL_2023_08_08_2026_08_17
2023-11-10,-0.025011246223353475,0.0,0.9749887537766465,2.501124622335349,KR80_PIT,FULL_2023_08_08_2026_08_17
2023-11-13,-0.025011246223353475,0.0,0.9749887537766465,2.501124622335349,KR80_PIT,FULL_2023_08_08_2026_08_17
2023-11-14,-0.025011246223353475,0.0,0.9749887537766465,2.501124622335349,KR80_PIT,FULL_2023_08_08_2026_08_17
2023-11-15,-0.025011246223353475,0.0,0.9749887537766465,2.501124622335349,KR80_PIT,FULL_2023_08_08_2026_08_17
2023-11-16,-0.025011246223353475,0.0,0.9749887537766465,2.501124622335349,KR80_PIT,FULL_2023_08_08_2026_08_17
2023-11-17,-0.025011246223353475,0.0,0.9749887537766465,2.501124622335349,KR80_PIT,FULL_2023_08_08_2026_08_17
2023-11-20,-0.025011246223353475,0.0,0.9749887537766465,2.501124622335349,KR80_PIT,FULL_2023_08_08_2026_08_17
2023-11-21,-0.025011246223353475,0.0,0.9749887537766465,2.501124622335349,KR80_PIT,FULL_2023_08_08_2026_08_17
2023-11-22,-0.025011246223353475,0.0,0.9749887537766465,2.501124622335349,KR80_PIT,FULL_2023_08_08_2026_08_17
2023-11-23,-0.025011246223353475,0.0,0.9749887537766465,2.501124622335349,KR80_PIT,FULL_2023_08_08_2026_08_17
2023-11-24,-0.025011246223353475,0.0,0.9749887537766465,2.501124622335349,KR80_PIT,FULL_2023_08_08_2026_08_17
2023-11-27,-0.025011246223353475,0.0030314776377929234,0.9780202314144394,2.197976858556061,KR80_PIT,FULL_2023_08_08_2026_08_17
2023-11-28,-0.025011246223353475,0.0031728256770215566,0.9781615794536681,2.1838420546331894,KR80_PIT,FULL_2023_08_08_2026_08_17
2023-11-29,-0.025011246223353475,0.00432839127159137,0.9793171450482379,2.068285495176214,KR80_PIT,FULL_2023_08_08_2026_08_17
2023-11-30,-0.025011246223353475,0.012411471148029254,0.9874002249246757,1.2599775075324282,KR80_PIT,FULL_2023_08_08_2026_08_17
2023-12-01,-0.025011246223353475,0.010723045259092907,0.9857117990357395,1.4288200964260533,KR80_PIT,FULL_2023_08_08_2026_08_17
2023-12-04,-0.025011246223353475,-0.0050997332412871165,0.9698890205353594,3.0110979464640586,KR80_PIT,FULL_2023_08_08_2026_08_17
2023-12-05,-0.0336264325455498,-0.003504927161884216,0.962868640292566,3.7131359707433975,KR80_PIT,FULL_2023_08_08_2026_08_17
2023-12-06,-0.0386672461408735,0.01935671115563789,0.9806894650147644,1.9310534985235606,KR80_PIT,FULL_2023_08_08_2026_08_17
2023-12-07,-0.0386672461408735,0.009263920795880834,0.9705966746550073,2.940332534499268,KR80_PIT,FULL_2023_08_08_2026_08_17
2023-12-08,-0.04277011894622364,0.02619748949384411,0.9834273705476205,1.6572629452379473,KR80_PIT,FULL_2023_08_08_2026_08_17
2023-12-11,-0.04277011894622364,0.02444010233116159,0.9816699833849379,1.8330016615062061,KR80_PIT,FULL_2023_08_08_2026_08_17
2023-12-12,-0.04277011894622364,0.02424832064075988,0.9814782016945363,1.8521798305463744,KR80_PIT,FULL_2023_08_08_2026_08_17
2023-12-13,-0.04277011894622364,0.024184645189096687,0.9814145262428731,1.8585473757126936,KR80_PIT,FULL_2023_08_08_2026_08_17
2023-12-14,-0.04277011894622364,0.035767678152439496,0.9929975592062159,0.7002440793784093,KR80_PIT,FULL_2023_08_08_2026_08_17
2023-12-15,-0.04277011894622364,0.026114535971308764,0.9833444170250851,1.6655582974914873,KR80_PIT,FULL_2023_08_08_2026_08_17
2023-12-18,-0.04277011894622364,0.031147403893849082,0.9883772849476254,1.1622715052374555,KR80_PIT,FULL_2023_08_08_2026_08_17
2023-12-19,-0.04277011894622364,0.027827168990086075,0.9850570500438625,1.4942949956137541,KR80_PIT,FULL_2023_08_08_2026_08_17
2023-12-20,-0.04277011894622364,0.041653924195404916,0.9988838052491813,0.11161947508186998,KR80_PIT,FULL_2023_08_08_2026_08_17
2023-12-21,-0.04841687978966745,0.04978101275737718,1.0013641329677097,-0.0,KR80_PIT,FULL_2023_08_08_2026_08_17
2023-12-22,-0.04841687978966745,0.052180628369065465,1.003763748579398,-0.0,KR80_PIT,FULL_2023_08_08_2026_08_17
2023-12-26,-0.04841687978966745,0.05435431031774374,1.0059374305280762,-0.0,KR80_PIT,FULL_2023_08_08_2026_08_17
2023-12-27,-0.04841687978966745,0.047447747556761254,0.9990308677670938,0.6865797564920784,KR80_PIT,FULL_2023_08_08_2026_08_17
2023-12-28,-0.052057676321788336,0.052795178708785924,1.0007375023869975,0.5169236160492474,KR80_PIT,FULL_2023_08_08_2026_08_17
2024-01-02,-0.037465168470265396,0.04623971858958675,1.0087745501193213,-0.0,KR80_PIT,FULL_2023_08_08_2026_08_17
2024-01-03,-0.037465168470265396,0.03720761052776301,0.9997424420574976,0.8953544734802477,KR80_PIT,FULL_2023_08_08_2026_08_17
2024-01-04,-0.031207968021135367,0.02587676979549141,0.994668801774356,1.3983053342589535,KR80_PIT,FULL_2023_08_08_2026_08_17
2024-01-05,-0.031207968021135367,0.027843907069961444,0.9966359390488261,1.2033026674849623,KR80_PIT,FULL_2023_08_08_2026_08_17
2024-01-08,-0.01331273673981952,0.009393797851313756,0.9960810611114943,1.2583078157875405,KR80_PIT,FULL_2023_08_08_2026_08_17
2024-01-09,-0.01331273673981952,0.0037715515488561087,0.9904588148090366,1.815642088523961,KR80_PIT,FULL_2023_08_08_2026_08_17
2024-01-10,-0.011359794259608078,-0.0026061028314645334,0.9860341029089273,2.2542645636434933,KR80_PIT,FULL_2023_08_08_2026_08_17
2024-01-11,-0.011359794259608078,0.00664087132638685,0.9952810770667787,1.3376103759701774,KR80_PIT,FULL_2023_08_08_2026_08_17
2024-01-12,-0.011359794259608078,0.0033028729290064344,0.9919430786693983,1.6685067488996452,KR80_PIT,FULL_2023_08_08_2026_08_17
2024-01-15,-0.011359794259608078,-0.006465960717413753,0.9821742450229781,2.6368929601957913,KR80_PIT,FULL_2023_08_08_2026_08_17
2024-01-16,-0.017607052604754418,-0.0029635021941731145,0.9794294452010726,2.9089854531696546,KR80_PIT,FULL_2023_08_08_2026_08_17
2024-01-17,-0.017607052604754418,-0.007512742523090064,0.9748802048721555,3.3599524535146696,KR80_PIT,FULL_2023_08_08_2026_08_17
2024-01-18,-0.0248680379551388,0.0,0.9751319620448612,3.3349957203500757,KR80_PIT,FULL_2023_08_08_2026_08_17
2024-01-19,-0.0248680379551388,0.0,0.9751319620448612,3.3349957203500757,KR80_PIT,FULL_2023_08_08_2026_08_17
2024-01-22,-0.0248680379551388,0.0,0.9751319620448612,3.3349957203500757,KR80_PIT,FULL_2023_08_08_2026_08_17
2024-01-23,-0.0248680379551388,0.0,0.9751319620448612,3.3349957203500757,KR80_PIT,FULL_2023_08_08_2026_08_17
2024-01-24,-0.0248680379551388,0.0,0.9751319620448612,3.3349957203500757,KR80_PIT,FULL_2023_08_08_2026_08_17
2024-01-25,-0.0248680379551388,0.0,0.9751319620448612,3.3349957203500757,KR80_PIT,FULL_2023_08_08_2026_08_17
2024-01-26,-0.0248680379551388,-0.00060945747627804,0.9745225045685831,3.395411348024857,KR80_PIT,FULL_2023_08_08_2026_08_17
2024-01-29,-0.0248680379551388,-0.007835881837860489,0.9672960802070008,4.111768076168687,KR80_PIT,FULL_2023_08_08_2026_08_17
2024-01-30,-0.03470751070237681,0.0,0.9652924892976232,4.310384398233957,KR80_PIT,FULL_2023_08_08_2026_08_17
2024-01-31,-0.03470751070237681,0.0,0.9652924892976232,4.310384398233957,KR80_PIT,FULL_2023_08_08_2026_08_17
2024-02-01,-0.03470751070237681,0.0,0.9652924892976232,4.310384398233957,KR80_PIT,FULL_2023_08_08_2026_08_17
2024-02-02,-0.03470751070237681,0.0,0.9652924892976232,4.310384398233957,KR80_PIT,FULL_2023_08_08_2026_08_17
2024-02-05,-0.03470751070237681,0.0,0.9652924892976232,4.310384398233957,KR80_PIT,FULL_2023_08_08_2026_08_17
2024-02-06,-0.03470751070237681,0.0,0.9652924892976232,4.310384398233957,KR80_PIT,FULL_2023_08_08_2026_08_17
2024-02-07,-0.03470751070237681,0.0,0.9652924892976232,4.310384398233957,KR80_PIT,FULL_2023_08_08_2026_08_17
2024-02-08,-0.03470751070237681,0.0,0.9652924892976232,4.310384398233957,KR80_PIT,FULL_2023_08_08_2026_08_17
2024-02-13,-0.03470751070237681,0.0,0.9652924892976232,4.310384398233957,KR80_PIT,FULL_2023_08_08_2026_08_17
2024-02-14,-0.03470751070237681,0.0,0.9652924892976232,4.310384398233957,KR80_PIT,FULL_2023_08_08_2026_08_17
2024-02-15,-0.03470751070237681,0.0,0.9652924892976232,4.310384398233957,KR80_PIT,FULL_2023_08_08_2026_08_17
2024-02-16,-0.03470751070237681,0.0,0.9652924892976232,4.310384398233957,KR80_PIT,FULL_2023_08_08_2026_08_17
2024-02-19,-0.03470751070237681,0.0,0.9652924892976232,4.310384398233957,KR80_PIT,FULL_2023_08_08_2026_08_17
2024-02-20,-0.03470751070237681,-0.0010512930851463308,0.964241196212477,4.414599268149333,KR80_PIT,FULL_2023_08_08_2026_08_17
2024-02-21,-0.03470751070237681,-0.0007939725942156948,0.9644985167034076,4.389091042262772,KR80_PIT,FULL_2023_08_08_2026_08_17
2024-02-22,-0.03470751070237681,-0.004101405625301696,0.9611910836723215,4.716957465012516,KR80_PIT,FULL_2023_08_08_2026_08_17
2024-02-23,-0.03470751070237681,-0.0015512599860584,0.9637412293115648,4.464161075676398,KR80_PIT,FULL_2023_08_08_2026_08_17
2024-02-26,-0.03470751070237681,-0.008576476240488408,0.9567160130571348,5.16057200848582,KR80_PIT,FULL_2023_08_08_2026_08_17
2024-02-27,-0.03470751070237681,-0.010247225171418874,0.9550452641262044,5.326193646217736,KR80_PIT,FULL_2023_08_08_2026_08_17
2024-02-28,-0.0444386449791741,-0.0013148478403329272,0.954246507180493,5.405374563858545,KR80_PIT,FULL_2023_08_08_2026_08_17
2024-02-29,-0.0444386449791741,-0.0055455077496273444,0.9500158472711986,5.824760630724923,KR80_PIT,FULL_2023_08_08_2026_08_17
2024-03-04,-0.05094804699442597,0.0016581711472597258,0.9507101241528337,5.755936840359377,KR80_PIT,FULL_2023_08_08_2026_08_17
2024-03-05,-0.05094804699442597,0.00023688159246567066,0.9492888345980397,5.896829525907988,KR80_PIT,FULL_2023_08_08_2026_08_17
2024-03-06,-0.05094804699442597,0.00047376318493135174,0.9495257161905053,5.873347411649887,KR80_PIT,FULL_2023_08_08_2026_08_17
2024-03-07,-0.05094804699442597,0.0003553223886985112,0.9494072753942725,5.885088468778932,KR80_PIT,FULL_2023_08_08_2026_08_17
2024-03-08,-0.05094804699442597,0.011074214447770278,0.9601261674533442,4.822522798599815,KR80_PIT,FULL_2023_08_08_2026_08_17
2024-03-11,-0.05094804699442597,0.012613944798797164,0.9616658978043712,4.66988905592215,KR80_PIT,FULL_2023_08_08_2026_08_17
2024-03-12,-0.05094804699442597,0.012317842808215072,0.961369795813789,4.699241698744783,KR80_PIT,FULL_2023_08_08_2026_08_17
2024-03-13,-0.05094804699442597,0.010482010466606096,0.9595339634721801,4.881228084245071,KR80_PIT,FULL_2023_08_08_2026_08_17
2024-03-14,-0.05094804699442597,0.015320885618018407,0.9643728386235924,4.40154953259645,KR80_PIT,FULL_2023_08_08_2026_08_17
2024-03-15,-0.05094804699442597,0.009365182497595844,0.9584171355031699,4.991939438816628,KR80_PIT,FULL_2023_08_08_2026_08_17
2024-03-18,-0.05094804699442597,0.007282006107942392,0.9563339591135164,5.198445083651448,KR80_PIT,FULL_2023_08_08_2026_08_17
2024-03-19,-0.05094804699442597,-0.0013201593666168163,0.9477317936389572,6.051179272231211,KR80_PIT,FULL_2023_08_08_2026_08_17
2024-03-20,-0.05094804699442597,-0.00010534135910893541,0.9489466116464651,5.930754147770633,KR80_PIT,FULL_2023_08_08_2026_08_17
2024-03-21,-0.05094804699442597,0.01747951144634864,0.9665314644519226,4.18756457152909,KR80_PIT,FULL_2023_08_08_2026_08_17
2024-03-22,-0.05094804699442597,0.012051064480709547,0.9611030174862836,4.7256874816478,KR80_PIT,FULL_2023_08_08_2026_08_17
2024-03-25,-0.05094804699442597,0.0075410637274394374,0.9565930167330134,5.172764655902117,KR80_PIT,FULL_2023_08_08_2026_08_17
2024-03-26,-0.05094804699442597,0.012854248654784732,0.9619062016603587,4.646067692074396,KR80_PIT,FULL_2023_08_08_2026_08_17
2024-03-27,-0.05094804699442597,0.0040751263948062165,0.9531270794003802,5.516343638165622,KR80_PIT,FULL_2023_08_08_2026_08_17
2024-03-28,-0.06292862594747888,0.012740085367000905,0.949811459419522,5.845021634697744,KR80_PIT,FULL_2023_08_08_2026_08_17
2024-03-29,-0.06292862594747888,0.005788516485446238,0.9428598905379674,6.534131890377026,KR80_PIT,FULL_2023_08_08_2026_08_17
2024-04-01,-0.0746627880256466,0.020093009079227384,0.9454302210535808,6.279334570667738,KR80_PIT,FULL_2023_08_08_2026_08_17
2024-04-02,-0.0746627880256466,0.017775023978451054,0.9431122359528045,6.509116844665641,KR80_PIT,FULL_2023_08_08_2026_08_17
2024-04-03,-0.05917990941235246,-5.186076245932357e-05,0.9407682298251883,6.741478587667482,KR80_PIT,FULL_2023_08_08_2026_08_17
2024-04-04,-0.05917990941235246,0.0008297721993491337,0.9416498627869967,6.6540821558577985,KR80_PIT,FULL_2023_08_08_2026_08_17
2024-04-05,-0.05917990941235246,0.001296519061483024,0.9421166096491306,6.607813456664447,KR80_PIT,FULL_2023_08_08_2026_08_17
2024-04-08,-0.05917990941235246,-0.0009334937242677754,0.9398865968633798,6.828875019477165,KR80_PIT,FULL_2023_08_08_2026_08_17
2024-04-09,-0.05917990941235246,-0.0007260506744304919,0.940094039913217,6.8083111531690115,KR80_PIT,FULL_2023_08_08_2026_08_17
2024-04-11,-0.05917990941235246,0.0007779114368898101,0.9415980020245374,6.6592231224348435,KR80_PIT,FULL_2023_08_08_2026_08_17
2024-04-12,-0.05917990941235246,-0.000259303812296607,0.940560786775351,6.762042453975637,KR80_PIT,FULL_2023_08_08_2026_08_17
2024-04-15,-0.05917990941235246,0.0008816329618084572,0.941701723549456,6.648941189280766,KR80_PIT,FULL_2023_08_08_2026_08_17
2024-04-16,-0.05917990941235246,-0.0011409367741050643,0.9396791538135425,6.8494388857853306,KR80_PIT,FULL_2023_08_08_2026_08_17
2024-04-17,-0.05917990941235246,-0.0010890760116457406,0.9397310145760018,6.8442979192082865,KR80_PIT,FULL_2023_08_08_2026_08_17
2024-04-18,-0.05917990941235246,-0.0006741899119711738,0.9401459006756764,6.8031701865919665,KR80_PIT,FULL_2023_08_08_2026_08_17
2024-04-19,-0.05917990941235246,-0.002956063460181297,0.9378640271274663,7.029372715981729,KR80_PIT,FULL_2023_08_08_2026_08_17
2024-04-22,-0.06270003965622424,0.0,0.9372999603437757,7.08528875625295,KR80_PIT,FULL_2023_08_08_2026_08_17
2024-04-23,-0.06270003965622424,0.0,0.9372999603437757,7.08528875625295,KR80_PIT,FULL_2023_08_08_2026_08_17
2024-04-24,-0.06270003965622424,-0.0003799864704096375,0.9369199738733661,7.12295688243284,KR80_PIT,FULL_2023_08_08_2026_08_17
2024-04-25,-0.06270003965622424,-0.0025332431360642585,0.9347667172077114,7.336409597452265,KR80_PIT,FULL_2023_08_08_2026_08_17
2024-04-26,-0.06270003965622424,-0.0025332431360642585,0.9347667172077114,7.336409597452265,KR80_PIT,FULL_2023_08_08_2026_08_17
2024-04-29,-0.06270003965622424,-0.0008866350976224874,0.9364133252461533,7.173181050672706,KR80_PIT,FULL_2023_08_08_2026_08_17
2024-04-30,-0.06270003965622424,-0.0013932837248353462,0.9359066766189403,7.223405218912582,KR80_PIT,FULL_2023_08_08_2026_08_17
2024-05-02,-0.06270003965622424,-0.0013932837248353462,0.9359066766189403,7.223405218912582,KR80_PIT,FULL_2023_08_08_2026_08_17
2024-05-03,-0.06270003965622424,-0.0001266621568032125,0.9371732981869725,7.097844798312913,KR80_PIT,FULL_2023_08_08_2026_08_17
2024-05-07,-0.06270003965622424,-0.0045598376449156675,0.9327401226988601,7.537306270411714,KR80_PIT,FULL_2023_08_08_2026_08_17
2024-05-08,-0.06720778187133028,0.0,0.9327922181286697,7.532142041218637,KR80_PIT,FULL_2023_08_08_2026_08_17
2024-05-09,-0.06720778187133028,0.0,0.9327922181286697,7.532142041218637,KR80_PIT,FULL_2023_08_08_2026_08_17
2024-05-10,-0.06720778187133028,0.0,0.9327922181286697,7.532142041218637,KR80_PIT,FULL_2023_08_08_2026_08_17
2024-05-13,-0.06720778187133028,0.0,0.9327922181286697,7.532142041218637,KR80_PIT,FULL_2023_08_08_2026_08_17
2024-05-14,-0.06720778187133028,-0.0025082762893327646,0.9302839418393369,7.780787914475063,KR80_PIT,FULL_2023_08_08_2026_08_17
2024-05-16,-0.06720778187133028,-0.0037868107490678553,0.9290054073796019,7.907529262141278,KR80_PIT,FULL_2023_08_08_2026_08_17
2024-05-17,-0.07839347263400116,-0.004130892394906916,0.9174756349710919,9.050477645122024,KR80_PIT,FULL_2023_08_08_2026_08_17
2024-05-20,-0.07839347263400116,-0.008248759433777607,0.9133577679322212,9.45868253474612,KR80_PIT,FULL_2023_08_08_2026_08_17
2024-05-21,-0.07839347263400116,-0.0072788940414835746,0.9143276333245152,9.362539606459597,KR80_PIT,FULL_2023_08_08_2026_08_17
2024-05-22,-0.07839347263400116,-0.006022645360527437,0.9155838820054714,9.2380074519948,KR80_PIT,FULL_2023_08_08_2026_08_17
2024-05-23,-0.08719287671345802,0.004199527981087095,0.9170066512676291,9.096968082792877,KR80_PIT,FULL_2023_08_08_2026_08_17
2024-05-24,-0.08719287671345802,7.761681969145878e-05,0.9128847401062334,9.505573866999883,KR80_PIT,FULL_2023_08_08_2026_08_17
2024-05-27,-0.08719287671345802,0.005526597169498029,0.91833372045604,8.965415478868255,KR80_PIT,FULL_2023_08_08_2026_08_17
2024-05-28,-0.08719287671345802,0.006517532337850494,0.9193246556243925,8.867183899945562,KR80_PIT,FULL_2023_08_08_2026_08_17
2024-05-29,-0.08719287671345802,0.007480473629400531,0.9202875969159425,8.771727358993363,KR80_PIT,FULL_2023_08_08_2026_08_17
2024-05-30,-0.08719287671345802,0.01655659174376,0.929363715030302,7.872010161202647,KR80_PIT,FULL_2023_08_08_2026_08_17
2024-05-31,-0.08719287671345802,0.009751773600149255,0.9225588968866912,8.546572990211953,KR80_PIT,FULL_2023_08_08_2026_08_17
2024-06-03,-0.09259577768141034,0.016826840013301484,0.9242310623318911,8.38081093316937,KR80_PIT,FULL_2023_08_08_2026_08_17
2024-06-04,-0.09259577768141034,0.018015692840328227,0.9254199151589179,8.262959741653276,KR80_PIT,FULL_2023_08_08_2026_08_17
2024-06-05,-0.09259577768141034,0.01906737034115957,0.9264715926597492,8.158706764542877,KR80_PIT,FULL_2023_08_08_2026_08_17
2024-06-07,-0.09259577768141034,0.019616071645941133,0.9270202939645308,8.10431390692007,KR80_PIT,FULL_2023_08_08_2026_08_17
2024-06-10,-0.09259577768141034,0.01925027077608676,0.9266544930946764,8.140575812001938,KR80_PIT,FULL_2023_08_08_2026_08_17
2024-06-11,-0.09259577768141034,0.03420238133138455,0.9416066036499742,6.658370441780304,KR80_PIT,FULL_2023_08_08_2026_08_17
2024-06-12,-0.09259577768141034,0.03612283589812005,0.9435270582167097,6.46799544010046,KR80_PIT,FULL_2023_08_08_2026_08_17
2024-06-13,-0.09259577768141034,0.031230249263817712,0.9386344715824073,6.952998420570533,KR80_PIT,FULL_2023_08_08_2026_08_17
2024-06-14,-0.09259577768141034,0.029721320675668392,0.937125542994258,7.102578779033275,KR80_PIT,FULL_2023_08_08_2026_08_17
2024-06-17,-0.09259577768141034,0.02707177926477081,0.9344760015833604,7.365228288835457,KR80_PIT,FULL_2023_08_08_2026_08_17
2024-06-18,-0.09259577768141034,0.03093066791992334,0.938334890238513,6.9826959723038655,KR80_PIT,FULL_2023_08_08_2026_08_17
2024-06-19,-0.09259577768141034,0.03813410949173568,0.9455383318103253,6.268617532184583,KR80_PIT,FULL_2023_08_08_2026_08_17
2024-06-20,-0.09259577768141034,0.03983501611252599,0.9472392384311157,6.1000063573101615,KR80_PIT,FULL_2023_08_08_2026_08_17
2024-06-21,-0.09259577768141034,0.03789474030412364,0.9452989626227133,6.292346242190572,KR80_PIT,FULL_2023_08_08_2026_08_17
2024-06-24,-0.09259577768141034,0.042482868402225774,0.9498870907208155,5.837524290391782,KR80_PIT,FULL_2023_08_08_2026_08_17
2024-06-25,-0.09259577768141034,0.043402293818118304,0.950806516136708,5.746381485908481,KR80_PIT,FULL_2023_08_08_2026_08_17
2024-06-26,-0.09259577768141034,0.0471200500348414,0.9545242723534311,5.377839653019922,KR80_PIT,FULL_2023_08_08_2026_08_17
2024-06-27,-0.09259577768141034,0.05175772555793583,0.9591619478765254,4.918106056197347,KR80_PIT,FULL_2023_08_08_2026_08_17
2024-06-28,-0.09259577768141034,0.04576818767901743,0.9531724099976071,5.511850008025809,KR80_PIT,FULL_2023_08_08_2026_08_17
2024-07-01,-0.09259577768141034,0.04772330448755993,0.9551275268061495,5.318038932170344,KR80_PIT,FULL_2023_08_08_2026_08_17
2024-07-02,-0.10177393029242264,0.043480244899217896,0.9417063146067952,6.648486076952775,KR80_PIT,FULL_2023_08_08_2026_08_17
2024-07-03,-0.1056599540522944,0.05086679415903862,0.9452068401067442,6.301478363531087,KR80_PIT,FULL_2023_08_08_2026_08_17
2024-07-04,-0.1056599540522944,0.05255120588897309,0.9468912518366787,6.1345023301116015,KR80_PIT,FULL_2023_08_08_2026_08_17
2024-07-05,-0.08090304110875145,0.025261111984565147,0.9443580708758137,6.385617007872391,KR80_PIT,FULL_2023_08_08_2026_08_17
2024-07-08,-0.08090304110875145,0.023392805410929123,0.9424897643021777,6.570822569750911,KR80_PIT,FULL_2023_08_08_2026_08_17
2024-07-09,-0.08090304110875145,0.023986075677267456,0.9430830345685159,6.512011583067312,KR80_PIT,FULL_2023_08_08_2026_08_17
2024-07-10,-0.08090304110875145,0.02436728258259728,0.9434642414738458,6.474222474957402,KR80_PIT,FULL_2023_08_08_2026_08_17
2024-07-11,-0.08090304110875145,0.02409674681062809,0.9431937057018767,6.501040733996266,KR80_PIT,FULL_2023_08_08_2026_08_17
2024-07-12,-0.08439199214924961,0.023767017015774636,0.939375024866525,6.879587242222495,KR80_PIT,FULL_2023_08_08_2026_08_17
2024-07-15,-0.08439199214924961,0.027036661295209242,0.9426446691459596,6.555466825123579,KR80_PIT,FULL_2023_08_08_2026_08_17
2024-07-16,-0.08439199214924961,0.032015790838110555,0.9476237986888609,6.061884830780794,KR80_PIT,FULL_2023_08_08_2026_08_17
2024-07-17,-0.08439199214924961,0.03122104507585382,0.9468290529266041,6.140668119094594,KR80_PIT,FULL_2023_08_08_2026_08_17
2024-07-18,-0.08439199214924961,0.030613331563295876,0.9462213394140462,6.200910867336617,KR80_PIT,FULL_2023_08_08_2026_08_17
2024-07-19,-0.08439199214924961,0.025998383588055892,0.9416063914388062,6.65839147831101,KR80_PIT,FULL_2023_08_08_2026_08_17
2024-07-22,-0.0891664448636574,0.04027335752580004,0.9511069126621426,5.716603125084541,KR80_PIT,FULL_2023_08_08_2026_08_17
2024-07-23,-0.0891664448636574,0.04440117741094011,0.9552347325472826,5.307411608045198,KR80_PIT,FULL_2023_08_08_2026_08_17
2024-07-24,-0.0891664448636574,0.03930239746790104,0.9501359526042437,5.812854567766568,KR80_PIT,FULL_2023_08_08_2026_08_17
2024-07-25,-0.0891664448636574,0.035439055580972254,0.9462726107173148,6.195828333953656,KR80_PIT,FULL_2023_08_08_2026_08_17
2024-07-26,-0.08826196596555454,0.04477323465387778,0.9565112686883233,5.180868354065449,KR80_PIT,FULL_2023_08_08_2026_08_17
2024-07-29,-0.08826196596555454,0.04728053579449493,0.9590185698289404,4.932319147474084,KR80_PIT,FULL_2023_08_08_2026_08_17
2024-07-30,-0.08826196596555454,0.04608658287039151,0.9578246169048369,5.050675912517599,KR80_PIT,FULL_2023_08_08_2026_08_17
2024-07-31,-0.08826196596555454,0.04966844164270175,0.9614064756771472,4.695605617387077,KR80_PIT,FULL_2023_08_08_2026_08_17
2024-08-01,-0.08826196596555454,0.05325030041501197,0.9649883344494574,4.340535322256556,KR80_PIT,FULL_2023_08_08_2026_08_17
2024-08-02,-0.08826196596555454,0.047706013543711,0.9594440475781564,4.890141462760922,KR80_PIT,FULL_2023_08_08_2026_08_17
2024-08-05,-0.08826196596555454,0.027124457894453093,0.9388624919288985,6.930394723196908,KR80_PIT,FULL_2023_08_08_2026_08_17
2024-08-06,-0.0528239693832016,-0.002188171281682671,0.9449878593351158,6.323185966245937,KR80_PIT,FULL_2023_08_08_2026_08_17
2024-08-07,-0.0528239693832016,0.001458780854455114,0.9486348114712536,5.961662954418722,KR80_PIT,FULL_2023_08_08_2026_08_17
2024-08-08,-0.0528239693832016,0.0009725205696367453,0.9481485511864352,6.009866022662358,KR80_PIT,FULL_2023_08_08_2026_08_17
2024-08-09,-0.0528239693832016,0.0008509554984321474,0.9480269861152306,6.021916789723258,KR80_PIT,FULL_2023_08_08_2026_08_17
2024-08-12,-0.0528239693832016,-0.0018234760680688926,0.9453525545487296,6.287033665063213,KR80_PIT,FULL_2023_08_08_2026_08_17
2024-08-13,-0.0528239693832016,-0.004072429885353855,0.9431036007314446,6.509972855689994,KR80_PIT,FULL_2023_08_08_2026_08_17
2024-08-14,-0.0528239693832016,-0.006139036095831932,0.9410369945209666,6.714835895725413,KR80_PIT,FULL_2023_08_08_2026_08_17
2024-08-16,-0.05917323832706126,0.0,0.9408267616729388,6.735676315222805,KR80_PIT,FULL_2023_08_08_2026_08_17
2024-08-19,-0.05917323832706126,0.0,0.9408267616729388,6.735676315222805,KR80_PIT,FULL_2023_08_08_2026_08_17
2024-08-20,-0.05917323832706126,0.0,0.9408267616729388,6.735676315222805,KR80_PIT,FULL_2023_08_08_2026_08_17
2024-08-21,-0.05917323832706126,0.0,0.9408267616729388,6.735676315222805,KR80_PIT,FULL_2023_08_08_2026_08_17
2024-08-22,-0.05917323832706126,-0.004437862083362915,0.9363888995895758,7.175602370339673,KR80_PIT,FULL_2023_08_08_2026_08_17
2024-08-23,-0.05917323832706126,-0.001065086900007096,0.9397616747729317,6.841258568450847,KR80_PIT,FULL_2023_08_08_2026_08_17
2024-08-26,-0.05917323832706126,-0.007869808761163565,0.9329569529117752,7.515811852963394,KR80_PIT,FULL_2023_08_08_2026_08_17
2024-08-27,-0.05917323832706126,-0.006153835422263252,0.9346729262506756,7.345707111651533,KR80_PIT,FULL_2023_08_08_2026_08_17
2024-08-28,-0.05917323832706126,-0.009983076419907831,0.930843685253031,7.725300450638095,KR80_PIT,FULL_2023_08_08_2026_08_17
2024-08-29,-0.05917323832706126,-0.005764994173054307,0.9350617674998845,7.307161209679391,KR80_PIT,FULL_2023_08_08_2026_08_17
2024-08-30,-0.05917323832706126,-0.0007607763571479222,0.9400659853157909,6.811092210385694,KR80_PIT,FULL_2023_08_08_2026_08_17
2024-09-02,-0.05917323832706126,-0.0013820770488187242,0.93944468462412,6.872681858102059,KR80_PIT,FULL_2023_08_08_2026_08_17
2024-09-03,-0.05917323832706126,-0.0034699854956580624,0.9373567761772807,7.079656592604655,KR80_PIT,FULL_2023_08_08_2026_08_17
2024-09-04,-0.06585050934311165,-0.0037020073863531567,0.9304474832705352,7.764576023405956,KR80_PIT,FULL_2023_08_08_2026_08_17
2024-09-05,-0.06585050934311165,-0.005072256259351846,0.9290772343975365,7.900409037119138,KR80_PIT,FULL_2023_08_08_2026_08_17
2024-09-06,-0.06969222083776493,-0.006238563545076426,0.9240692156171586,8.396854826694767,KR80_PIT,FULL_2023_08_08_2026_08_17
2024-09-09,-0.08556621488595613,-0.005282555568606391,0.9091512295454375,9.875677430809493,KR80_PIT,FULL_2023_08_08_2026_08_17
2024-09-10,-0.08882119203100294,-0.0008492268096880742,0.9103295811593091,9.758867226415235,KR80_PIT,FULL_2023_08_08_2026_08_17
2024-09-11,-0.08882119203100294,0.003396907238752297,0.9145757152077494,9.337947205391906,KR80_PIT,FULL_2023_08_08_2026_08_17
2024-09-12,-0.08882119203100294,0.005944587667816573,0.9171233956368137,9.08539519277789,KR80_PIT,FULL_2023_08_08_2026_08_17
2024-09-13,-0.08882119203100294,0.005944587667816573,0.9171233956368137,9.08539519277789,KR80_PIT,FULL_2023_08_08_2026_08_17
2024-09-19,-0.08882119203100294,0.006369201072660583,0.9175480090416577,9.043303190675555,KR80_PIT,FULL_2023_08_08_2026_08_17
2024-09-20,-0.08882119203100294,0.0025476804290642226,0.9137264883980613,9.422131209596573,KR80_PIT,FULL_2023_08_08_2026_08_17
2024-09-23,-0.08882119203100294,0.004246134048440425,0.9154249420174375,9.253763201187226,KR80_PIT,FULL_2023_08_08_2026_08_17
2024-09-24,-0.08882119203100294,0.004246134048440425,0.9154249420174375,9.253763201187226,KR80_PIT,FULL_2023_08_08_2026_08_17
2024-09-25,-0.08882119203100294,0.0008492268096880742,0.9120280347786851,9.59049921800591,KR80_PIT,FULL_2023_08_08_2026_08_17
2024-09-26,-0.08882119203100294,0.0046707474532844346,0.9158495554222815,9.211671199084892,KR80_PIT,FULL_2023_08_08_2026_08_17
2024-09-27,-0.08882119203100294,-0.0012738402145321113,0.9099049677544649,9.80095922851758,KR80_PIT,FULL_2023_08_08_2026_08_17
2024-09-30,-0.08948686531985636,0.0,0.9105131346801436,9.740671533352518,KR80_PIT,FULL_2023_08_08_2026_08_17
2024-10-02,-0.08948686531985636,0.0,0.9105131346801436,9.740671533352518,KR80_PIT,FULL_2023_08_08_2026_08_17
2024-10-04,-0.08948686531985636,0.0,0.9105131346801436,9.740671533352518,KR80_PIT,FULL_2023_08_08_2026_08_17
2024-10-07,-0.08948686531985636,0.0,0.9105131346801436,9.740671533352518,KR80_PIT,FULL_2023_08_08_2026_08_17
2024-10-08,-0.08948686531985636,0.0,0.9105131346801436,9.740671533352518,KR80_PIT,FULL_2023_08_08_2026_08_17
2024-10-10,-0.08948686531985636,0.0,0.9105131346801436,9.740671533352518,KR80_PIT,FULL_2023_08_08_2026_08_17
2024-10-11,-0.08948686531985636,0.0,0.9105131346801436,9.740671533352518,KR80_PIT,FULL_2023_08_08_2026_08_17
2024-10-14,-0.08948686531985636,0.0,0.9105131346801436,9.740671533352518,KR80_PIT,FULL_2023_08_08_2026_08_17
2024-10-15,-0.08948686531985636,0.0,0.9105131346801436,9.740671533352518,KR80_PIT,FULL_2023_08_08_2026_08_17
2024-10-16,-0.08073897639020505,0.0002985288966164433,0.9195595525064113,8.84389853038593,KR80_PIT,FULL_2023_08_08_2026_08_17
2024-10-17,-0.08073897639020505,-0.0018906830119041211,0.9173703405978908,9.060915495005183,KR80_PIT,FULL_2023_08_08_2026_08_17
2024-10-18,-0.08073897639020505,-0.0017414185635959039,0.917519605046199,9.046118883781151,KR80_PIT,FULL_2023_08_08_2026_08_17
2024-10-21,-0.08073897639020505,-0.0022389667246233017,0.9170220568851716,9.09544092119462,KR80_PIT,FULL_2023_08_08_2026_08_17
2024-10-22,-0.08073897639020505,-0.0037316112077055044,0.9155294124020894,9.243407033435025,KR80_PIT,FULL_2023_08_08_2026_08_17
2024-10-23,-0.08500553268218558,0.0,0.9149944673178144,9.296436234480165,KR80_PIT,FULL_2023_08_08_2026_08_17
2024-10-24,-0.08500553268218558,0.0,0.9149944673178144,9.296436234480165,KR80_PIT,FULL_2023_08_08_2026_08_17
2024-10-25,-0.08500553268218558,0.0,0.9149944673178144,9.296436234480165,KR80_PIT,FULL_2023_08_08_2026_08_17
2024-10-28,-0.08500553268218558,-0.0039567328316446005,0.9110377344861699,9.688667861574295,KR80_PIT,FULL_2023_08_08_2026_08_17
2024-10-29,-0.08500553268218558,-0.004822268138566856,0.9101721991792475,9.774468530001146,KR80_PIT,FULL_2023_08_08_2026_08_17
2024-10-30,-0.08500553268218558,-0.006800634554389157,0.9081938327634252,9.970584343548216,KR80_PIT,FULL_2023_08_08_2026_08_17
2024-10-31,-0.09426917657466385,0.0,0.9057308234253362,10.214742895902429,KR80_PIT,FULL_2023_08_08_2026_08_17
2024-11-01,-0.09426917657466385,0.0,0.9057308234253362,10.214742895902429,KR80_PIT,FULL_2023_08_08_2026_08_17
2024-11-04,-0.09426917657466385,0.0,0.9057308234253362,10.214742895902429,KR80_PIT,FULL_2023_08_08_2026_08_17
2024-11-05,-0.09426917657466385,0.0,0.9057308234253362,10.214742895902429,KR80_PIT,FULL_2023_08_08_2026_08_17
2024-11-06,-0.09426917657466385,0.0,0.9057308234253362,10.214742895902429,KR80_PIT,FULL_2023_08_08_2026_08_17
2024-11-07,-0.09426917657466385,0.0,0.9057308234253362,10.214742895902429,KR80_PIT,FULL_2023_08_08_2026_08_17
2024-11-08,-0.09426917657466385,0.0,0.9057308234253362,10.214742895902429,KR80_PIT,FULL_2023_08_08_2026_08_17
2024-11-11,-0.09426917657466385,0.0019956780855134443,0.9077265015108497,10.016910973469672,KR80_PIT,FULL_2023_08_08_2026_08_17
2024-11-12,-0.09426917657466385,0.002686489730498878,0.9084173131558351,9.948430692627564,KR80_PIT,FULL_2023_08_08_2026_08_17
2024-11-13,-0.09426917657466385,0.0027632465799416954,0.9084940700052778,9.940821772534003,KR80_PIT,FULL_2023_08_08_2026_08_17
2024-11-14,-0.09426917657466385,0.0010745958921995595,0.9068054193175358,10.108218014592484,KR80_PIT,FULL_2023_08_08_2026_08_17
2024-11-15,-0.09426917657466385,-0.0009978390427567221,0.9047329843825794,10.313658857118813,KR80_PIT,FULL_2023_08_08_2026_08_17
2024-11-18,-0.09426917657466385,-0.002072434934956282,0.9036583884903799,10.420183738428756,KR80_PIT,FULL_2023_08_08_2026_08_17
2024-11-19,-0.09426917657466385,-0.002686489730498878,0.9030443336948373,10.481055099177306,KR80_PIT,FULL_2023_08_08_2026_08_17
2024-11-20,-0.09426917657466385,-0.002993517128270177,0.902737306297066,10.511490779551568,KR80_PIT,FULL_2023_08_08_2026_08_17
2024-11-21,-0.09426917657466385,-0.002686489730498878,0.9030443336948373,10.481055099177306,KR80_PIT,FULL_2023_08_08_2026_08_17
2024-11-22,-0.09426917657466385,-0.00015351369888565427,0.9055773097264506,10.229960736089561,KR80_PIT,FULL_2023_08_08_2026_08_17
2024-11-25,-0.09426917657466385,-0.0011513527416423764,0.9045794706836938,10.328876697305944,KR80_PIT,FULL_2023_08_08_2026_08_17
2024-11-26,-0.09426917657466385,0.0003837842472141255,0.9061146076725503,10.176698295434594,KR80_PIT,FULL_2023_08_08_2026_08_17
2024-11-27,-0.09426917657466385,0.0007965655264399819,0.9065273889517762,10.135779214042518,KR80_PIT,FULL_2023_08_08_2026_08_17
2024-11-28,-0.09426917657466385,0.0019951907404376183,0.9077260141657738,10.016959284073446,KR80_PIT,FULL_2023_08_08_2026_08_17
2024-11-29,-0.09426917657466385,0.003308585719792646,0.9090394091451288,9.886762206916844,KR80_PIT,FULL_2023_08_08_2026_08_17
2024-12-02,-0.09426917657466385,0.0019852001663831567,0.9077160235917193,10.017949651450708,KR80_PIT,FULL_2023_08_08_2026_08_17
2024-12-03,-0.09426917657466385,0.002657736371025049,0.9083885597963612,9.951281018249913,KR80_PIT,FULL_2023_08_08_2026_08_17
2024-12-04,-0.09426917657466385,-0.006619608164964395,0.8991112152603717,10.870945826892452,KR80_PIT,FULL_2023_08_08_2026_08_17
2024-12-05,-0.10166379054369196,-0.0010234246592376816,0.8973127847970704,11.049224557565097,KR80_PIT,FULL_2023_08_08_2026_08_17
2024-12-06,-0.10458059685361341,-0.0009978390427567221,0.8944215641036298,11.335831777493333,KR80_PIT,FULL_2023_08_08_2026_08_17
2024-12-09,-0.10497891925472001,0.0,0.89502108074528,11.276401586517636,KR80_PIT,FULL_2023_08_08_2026_08_17
2024-12-10,-0.10497891925472001,0.0,0.89502108074528,11.276401586517636,KR80_PIT,FULL_2023_08_08_2026_08_17
2024-12-11,-0.10497891925472001,0.0,0.89502108074528,11.276401586517636,KR80_PIT,FULL_2023_08_08_2026_08_17
2024-12-12,-0.10497891925472001,0.0,0.89502108074528,11.276401586517636,KR80_PIT,FULL_2023_08_08_2026_08_17
2024-12-13,-0.10497891925472001,0.0,0.89502108074528,11.276401586517636,KR80_PIT,FULL_2023_08_08_2026_08_17
2024-12-16,-0.10497891925472001,0.0,0.89502108074528,11.276401586517636,KR80_PIT,FULL_2023_08_08_2026_08_17
2024-12-17,-0.10497891925472001,0.0,0.89502108074528,11.276401586517636,KR80_PIT,FULL_2023_08_08_2026_08_17
2024-12-18,-0.10497891925472001,0.0,0.89502108074528,11.276401586517636,KR80_PIT,FULL_2023_08_08_2026_08_17
2024-12-19,-0.10497891925472001,0.0,0.89502108074528,11.276401586517636,KR80_PIT,FULL_2023_08_08_2026_08_17
2024-12-20,-0.10497891925472001,0.0,0.89502108074528,11.276401586517636,KR80_PIT,FULL_2023_08_08_2026_08_17
2024-12-23,-0.10497891925472001,0.0,0.89502108074528,11.276401586517636,KR80_PIT,FULL_2023_08_08_2026_08_17
2024-12-24,-0.10497891925472001,0.0,0.89502108074528,11.276401586517636,KR80_PIT,FULL_2023_08_08_2026_08_17
2024-12-26,-0.10497891925472001,0.0,0.89502108074528,11.276401586517636,KR80_PIT,FULL_2023_08_08_2026_08_17
2024-12-27,-0.10497891925472001,0.0,0.89502108074528,11.276401586517636,KR80_PIT,FULL_2023_08_08_2026_08_17
2024-12-30,-0.10497891925472001,0.0,0.89502108074528,11.276401586517636,KR80_PIT,FULL_2023_08_08_2026_08_17
2025-01-02,-0.10497891925472001,0.0,0.89502108074528,11.276401586517636,KR80_PIT,FULL_2023_08_08_2026_08_17
2025-01-03,-0.10497891925472001,0.0,0.89502108074528,11.276401586517636,KR80_PIT,FULL_2023_08_08_2026_08_17
2025-01-06,-0.10497891925472001,0.0,0.89502108074528,11.276401586517636,KR80_PIT,FULL_2023_08_08_2026_08_17
2025-01-07,-0.10497891925472001,0.0,0.89502108074528,11.276401586517636,KR80_PIT,FULL_2023_08_08_2026_08_17
2025-01-08,-0.10497891925472001,0.0,0.89502108074528,11.276401586517636,KR80_PIT,FULL_2023_08_08_2026_08_17
2025-01-09,-0.10497891925472001,0.0,0.89502108074528,11.276401586517636,KR80_PIT,FULL_2023_08_08_2026_08_17
2025-01-10,-0.10497891925472001,-0.002237552701863197,0.8927835280434168,11.498210582551337,KR80_PIT,FULL_2023_08_08_2026_08_17
2025-01-13,-0.10497891925472001,-0.0016630459270604867,0.8933580348182195,11.441259624110256,KR80_PIT,FULL_2023_08_08_2026_08_17
2025-01-14,-0.10497891925472001,-0.0014211483376698679,0.8935999324076102,11.417280273187691,KR80_PIT,FULL_2023_08_08_2026_08_17
2025-01-15,-0.10497891925472001,-0.003416803450142452,0.8916042772951375,11.615109918298838,KR80_PIT,FULL_2023_08_08_2026_08_17
2025-01-16,-0.10497891925472001,-8.704648103071647e-05,0.8949340342642492,11.28503051961477,KR80_PIT,FULL_2023_08_08_2026_08_17
2025-01-17,-0.10497891925472001,-0.0009034508452240514,0.8941176299000559,11.365960828978416,KR80_PIT,FULL_2023_08_08_2026_08_17
2025-01-20,-0.10497891925472001,0.00039583241900282445,0.8954169131642828,11.23716264864435,KR80_PIT,FULL_2023_08_08_2026_08_17
2025-01-21,-0.10497891925472001,0.0002363999169044599,0.8952574806621845,11.252967220843313,KR80_PIT,FULL_2023_08_08_2026_08_17
2025-01-22,-0.10497891925472001,-0.006848619775150929,0.888172460970129,11.95530647902715,KR80_PIT,FULL_2023_08_08_2026_08_17
2025-01-23,-0.12310774912256076,0.0014513855363437016,0.878343636413783,12.9296395998601,KR80_PIT,FULL_2023_08_08_2026_08_17
2025-01-24,-0.12310774912256076,0.0011490135496054323,0.8780412644270447,12.959613788513302,KR80_PIT,FULL_2023_08_08_2026_08_17
2025-01-31,-0.12310774912256076,0.004777477390464675,0.8816697282679039,12.59992352467486,KR80_PIT,FULL_2023_08_08_2026_08_17
2025-02-03,-0.12310774912256076,0.0023205242960156734,0.879212775173455,12.84348172052331,KR80_PIT,FULL_2023_08_08_2026_08_17
2025-02-04,-0.12310774912256076,0.005390486735421691,0.8822827376128609,12.53915579962822,KR80_PIT,FULL_2023_08_08_2026_08_17
2025-02-05,-0.12310774912256076,0.02629925519836454,0.9031915060758038,10.466465874959752,KR80_PIT,FULL_2023_08_08_2026_08_17
2025-02-06,-0.12310774912256076,0.031249609243285043,0.9081418601207243,9.975736400833446,KR80_PIT,FULL_2023_08_08_2026_08_17
2025-02-07,-0.12310774912256076,0.02856095538043147,0.9054532062578707,10.242263134932317,KR80_PIT,FULL_2023_08_08_2026_08_17
2025-02-10,-0.12310774912256076,0.021658250795538826,0.8985505016729781,10.92652946422027,KR80_PIT,FULL_2023_08_08_2026_08_17
2025-02-11,-0.12310774912256076,0.02347906989507806,0.9003713207725174,10.746031344068063,KR80_PIT,FULL_2023_08_08_2026_08_17
2025-02-12,-0.12310774912256076,0.017525530687244016,0.8944177815646833,11.336206741249711,KR80_PIT,FULL_2023_08_08_2026_08_17
2025-02-13,-0.12310774912256076,0.015272007498246318,0.8921642583756856,11.559598894504486,KR80_PIT,FULL_2023_08_08_2026_08_17
2025-02-14,-0.12310774912256076,0.01703112727950085,0.8939233781569401,11.38521703871258,KR80_PIT,FULL_2023_08_08_2026_08_17
2025-02-17,-0.12173885477440316,0.01455902651386913,0.8928201717394659,11.49457808646539,KR80_PIT,FULL_2023_08_08_2026_08_17
2025-02-18,-0.12173885477440316,0.017658387055763527,0.8959195322813603,11.187337926458596,KR80_PIT,FULL_2023_08_08_2026_08_17
2025-02-19,-0.12173885477440316,0.01646726827137037,0.8947284134969672,11.305413742730163,KR80_PIT,FULL_2023_08_08_2026_08_17
2025-02-20,-0.12173885477440316,0.014446656817228289,0.8927078020428252,11.50571731441553,KR80_PIT,FULL_2023_08_08_2026_08_17
2025-02-21,-0.12173885477440316,0.01853691377495576,0.8967980590005526,11.100249417030161,KR80_PIT,FULL_2023_08_08_2026_08_17
2025-02-24,-0.12173885477440316,0.017725808873748063,0.8959869540993449,11.180654389688504,KR80_PIT,FULL_2023_08_08_2026_08_17
2025-02-25,-0.12173885477440316,0.023953277075770635,0.9022144223013675,10.563324362747794,KR80_PIT,FULL_2023_08_08_2026_08_17
2025-02-26,-0.12173885477440316,0.023665819649167183,0.901926964874764,10.591820068410629,KR80_PIT,FULL_2023_08_08_2026_08_17
2025-02-27,-0.12173885477440316,0.01681739741025484,0.8950785426358516,11.270705379117796,KR80_PIT,FULL_2023_08_08_2026_08_17
2025-02-28,-0.12368276935423177,0.0053387056559129785,0.8816559363016813,12.601290724731706,KR80_PIT,FULL_2023_08_08_2026_08_17
2025-03-04,-0.11797613575093692,0.005004046060006313,0.8870279103090694,12.06876598897656,KR80_PIT,FULL_2023_08_08_2026_08_17
2025-03-05,-0.11797613575093692,0.007541613580770443,0.8895654778298335,11.817216470755266,KR80_PIT,FULL_2023_08_08_2026_08_17
2025-03-06,-0.11797613575093692,0.006771254676642836,0.888795118925706,11.89358228549915,KR80_PIT,FULL_2023_08_08_2026_08_17
2025-03-07,-0.11797613575093692,0.008243157694158553,0.8902670219432216,11.747672278417632,KR80_PIT,FULL_2023_08_08_2026_08_17
2025-03-10,-0.11797613575093692,0.010409954594892853,0.8924338188439559,11.532877317494206,KR80_PIT,FULL_2023_08_08_2026_08_17
2025-03-11,-0.11797613575093692,0.004655538619529284,0.8866794028685924,12.103313593338283,KR80_PIT,FULL_2023_08_08_2026_08_17
2025-03-12,-0.11797613575093692,-0.0013830034923515266,0.8806408607567116,12.701915343468329,KR80_PIT,FULL_2023_08_08_2026_08_17
2025-03-13,-0.12523323751672677,0.004748737587557014,0.8795155000708302,12.813472547776094,KR80_PIT,FULL_2023_08_08_2026_08_17
2025-03-14,-0.12523323751672677,0.005259354532455612,0.8800261170157289,12.762854999500494,KR80_PIT,FULL_2023_08_08_2026_08_17
2025-03-17,-0.12523323751672677,0.006025279949803509,0.8807920424330767,12.686928677087096,KR80_PIT,FULL_2023_08_08_2026_08_17
2025-03-18,-0.12523323751672677,0.00576997147735421,0.8805367339606275,12.712237451224894,KR80_PIT,FULL_2023_08_08_2026_08_17
2025-03-19,-0.12523323751672677,0.001685035918165382,0.8764517984014386,13.117177837429693,KR80_PIT,FULL_2023_08_08_2026_08_17
2025-03-20,-0.1228851140766628,0.0,0.8771148859233372,13.051445853824417,KR80_PIT,FULL_2023_08_08_2026_08_17
2025-03-21,-0.1228851140766628,0.0,0.8771148859233372,13.051445853824417,KR80_PIT,FULL_2023_08_08_2026_08_17
2025-03-24,-0.1228851140766628,0.0,0.8771148859233372,13.051445853824417,KR80_PIT,FULL_2023_08_08_2026_08_17
2025-03-25,-0.1228851140766628,0.0,0.8771148859233372,13.051445853824417,KR80_PIT,FULL_2023_08_08_2026_08_17
2025-03-26,-0.1228851140766628,0.0,0.8771148859233372,13.051445853824417,KR80_PIT,FULL_2023_08_08_2026_08_17
2025-03-27,-0.1228851140766628,0.0,0.8771148859233372,13.051445853824417,KR80_PIT,FULL_2023_08_08_2026_08_17
2025-03-28,-0.1228851140766628,0.0,0.8771148859233372,13.051445853824417,KR80_PIT,FULL_2023_08_08_2026_08_17
2025-03-31,-0.1228851140766628,0.0,0.8771148859233372,13.051445853824417,KR80_PIT,FULL_2023_08_08_2026_08_17
2025-04-01,-0.1228851140766628,0.0,0.8771148859233372,13.051445853824417,KR80_PIT,FULL_2023_08_08_2026_08_17
2025-04-02,-0.1228851140766628,0.0,0.8771148859233372,13.051445853824417,KR80_PIT,FULL_2023_08_08_2026_08_17
2025-04-03,-0.1228851140766628,0.0,0.8771148859233372,13.051445853824417,KR80_PIT,FULL_2023_08_08_2026_08_17
2025-04-04,-0.1228851140766628,0.0,0.8771148859233372,13.051445853824417,KR80_PIT,FULL_2023_08_08_2026_08_17
2025-04-07,-0.1228851140766628,0.0,0.8771148859233372,13.051445853824417,KR80_PIT,FULL_2023_08_08_2026_08_17
2025-04-08,-0.1228851140766628,0.0,0.8771148859233372,13.051445853824417,KR80_PIT,FULL_2023_08_08_2026_08_17
2025-04-09,-0.1228851140766628,0.0,0.8771148859233372,13.051445853824417,KR80_PIT,FULL_2023_08_08_2026_08_17
2025-04-10,-0.1228851140766628,0.0,0.8771148859233372,13.051445853824417,KR80_PIT,FULL_2023_08_08_2026_08_17
2025-04-11,-0.1228851140766628,0.0,0.8771148859233372,13.051445853824417,KR80_PIT,FULL_2023_08_08_2026_08_17
2025-04-14,-0.1228851140766628,0.0,0.8771148859233372,13.051445853824417,KR80_PIT,FULL_2023_08_08_2026_08_17
2025-04-15,-0.1228851140766628,0.0,0.8771148859233372,13.051445853824417,KR80_PIT,FULL_2023_08_08_2026_08_17
2025-04-16,-0.1228851140766628,0.0,0.8771148859233372,13.051445853824417,KR80_PIT,FULL_2023_08_08_2026_08_17
2025-04-17,-0.1228851140766628,0.0,0.8771148859233372,13.051445853824417,KR80_PIT,FULL_2023_08_08_2026_08_17
2025-04-18,-0.1228851140766628,0.0,0.8771148859233372,13.051445853824417,KR80_PIT,FULL_2023_08_08_2026_08_17
2025-04-21,-0.1228851140766628,0.0,0.8771148859233372,13.051445853824417,KR80_PIT,FULL_2023_08_08_2026_08_17
2025-04-22,-0.1228851140766628,0.0,0.8771148859233372,13.051445853824417,KR80_PIT,FULL_2023_08_08_2026_08_17
2025-04-23,-0.1228851140766628,-0.0011661064957362295,0.875948779427601,13.167042197486968,KR80_PIT,FULL_2023_08_08_2026_08_17
2025-04-24,-0.1228851140766628,-0.0008619048011963416,0.8762529811221409,13.136886629574995,KR80_PIT,FULL_2023_08_08_2026_08_17
2025-04-25,-0.1228851140766628,-0.001949244786739207,0.875165641136598,13.244674835117475,KR80_PIT,FULL_2023_08_08_2026_08_17
2025-04-28,-0.1228851140766628,-0.002165626349224429,0.8749492595741127,13.26612477776915,KR80_PIT,FULL_2023_08_08_2026_08_17
2025-04-29,-0.1228851140766628,-0.0015666119013341608,0.8755482740220031,13.206744369349899,KR80_PIT,FULL_2023_08_08_2026_08_17
2025-04-30,-0.1228851140766628,0.0015486834945865873,0.8786635694179238,12.89792458443837,KR80_PIT,FULL_2023_08_08_2026_08_17
2025-05-02,-0.1228851140766628,0.0026634269751459687,0.8797783128984832,12.7874198655765,KR80_PIT,FULL_2023_08_08_2026_08_17
2025-05-07,-0.1228851140766628,0.000867384597742249,0.8779822705210795,12.96546186487072,KR80_PIT,FULL_2023_08_08_2026_08_17
2025-05-08,-0.1228851140766628,0.0004993759003542152,0.8776142618236914,13.001942632287445,KR80_PIT,FULL_2023_08_08_2026_08_17
2025-05-09,-0.1228851140766628,0.008484013797263767,0.885598899720601,12.210424061962167,KR80_PIT,FULL_2023_08_08_2026_08_17
2025-05-12,-0.1228851140766628,0.0016697002842300595,0.8787845862075673,12.885928168625815,KR80_PIT,FULL_2023_08_08_2026_08_17
2025-05-13,-0.1228851140766628,0.0046682390107476695,0.8817831249340848,12.58868249305214,KR80_PIT,FULL_2023_08_08_2026_08_17
2025-05-14,-0.1228851140766628,0.014912660208426387,0.8920275461317636,11.573151203482324,KR80_PIT,FULL_2023_08_08_2026_08_17
2025-05-15,-0.1228851140766628,0.01780421026669891,0.8949190961900361,11.286511333559911,KR80_PIT,FULL_2023_08_08_2026_08_17
2025-05-16,-0.1228851140766628,0.026363941965545538,0.9034788278888828,10.43798361268965,KR80_PIT,FULL_2023_08_08_2026_08_17
2025-05-19,-0.1228851140766628,0.030926568939215065,0.9080414548625523,9.985689591876989,KR80_PIT,FULL_2023_08_08_2026_08_17
2025-05-20,-0.1228851140766628,0.03755870983458859,0.9146735957579257,9.328244289099574,KR80_PIT,FULL_2023_08_08_2026_08_17
2025-05-21,-0.1228851140766628,0.04172985575439247,0.9188447416777297,8.914757854562684,KR80_PIT,FULL_2023_08_08_2026_08_17
2025-05-22,-0.1228851140766628,0.05087477566090449,0.9279896615842417,8.008220322917946,KR80_PIT,FULL_2023_08_08_2026_08_17
2025-05-23,-0.1228851140766628,0.057736774237392915,0.9348516601607301,7.327989187459904,KR80_PIT,FULL_2023_08_08_2026_08_17
2025-05-26,-0.1228851140766628,0.06677758914300276,0.94389247506634,6.431771603011471,KR80_PIT,FULL_2023_08_08_2026_08_17
2025-05-27,-0.1228851140766628,0.06127427715084623,0.9383891630741834,6.977315896481773,KR80_PIT,FULL_2023_08_08_2026_08_17
2025-05-28,-0.1228851140766628,0.05473424882463056,0.9318491347479677,7.625630063947842,KR80_PIT,FULL_2023_08_08_2026_08_17
2025-05-29,-0.1228851140766628,0.05964621459575558,0.9367611005190928,7.138706026208775,KR80_PIT,FULL_2023_08_08_2026_08_17
2025-05-30,-0.1228851140766628,0.05909993893670365,0.9362148248600408,7.19285842914037,KR80_PIT,FULL_2023_08_08_2026_08_17
2025-06-02,-0.11926119298469384,0.05561132171414519,0.9363501287294513,7.17944573257755,KR80_PIT,FULL_2023_08_08_2026_08_17
2025-06-04,-0.11926119298469384,0.062691685916017,0.9434304929313232,6.477567973960974,KR80_PIT,FULL_2023_08_08_2026_08_17
2025-06-05,-0.11926119298469384,0.061266045254044714,0.9420048522693508,6.6188919855355905,KR80_PIT,FULL_2023_08_08_2026_08_17
2025-06-09,-0.11926119298469384,0.07037580860195332,0.9511146156172595,5.715839529778144,KR80_PIT,FULL_2023_08_08_2026_08_17
2025-06-10,-0.11926119298469384,0.07063981562064771,0.9513786226359539,5.689668467208897,KR80_PIT,FULL_2023_08_08_2026_08_17
2025-06-11,-0.10678947287102993,0.05749041252961461,0.9507009396585847,5.756847300902601,KR80_PIT,FULL_2023_08_08_2026_08_17
2025-06-12,-0.10678947287102993,0.057001344162787744,0.9502118712917579,5.805328734813586,KR80_PIT,FULL_2023_08_08_2026_08_17
2025-06-13,-0.10678947287102993,0.05496792513913793,0.948178452268108,6.006901923134933,KR80_PIT,FULL_2023_08_08_2026_08_17
2025-06-16,-0.10678947287102993,0.06363577921535558,0.9568463063443257,5.147656011826762,KR80_PIT,FULL_2023_08_08_2026_08_17
2025-06-17,-0.10678947287102993,0.06596733973533334,0.9591778668643034,4.916528004116616,KR80_PIT,FULL_2023_08_08_2026_08_17
2025-06-18,-0.10678947287102993,0.06631608240864247,0.9595266095376126,4.881957081082533,KR80_PIT,FULL_2023_08_08_2026_08_17
2025-06-19,-0.10678947287102993,0.07003506973356452,0.9632455968625346,4.513293208219949,KR80_PIT,FULL_2023_08_08_2026_08_17
2025-06-20,-0.10678947287102993,0.0750437819328182,0.9682543090617883,4.016778679908217,KR80_PIT,FULL_2023_08_08_2026_08_17
2025-06-23,-0.10678947287102993,0.07014541789931664,0.9633559450282867,4.502354374985207,KR80_PIT,FULL_2023_08_08_2026_08_17
2025-06-24,-0.10678947287102993,0.0762627883597801,0.9694733154887502,3.8959383566845918,KR80_PIT,FULL_2023_08_08_2026_08_17
2025-06-25,-0.10678947287102993,0.07453828734659132,0.9677488144755614,4.066888447860551,KR80_PIT,FULL_2023_08_08_2026_08_17
2025-06-26,-0.10678947287102993,0.07207435290197925,0.9652848800309494,4.311138706188389,KR80_PIT,FULL_2023_08_08_2026_08_17
2025-06-27,-0.10678947287102993,0.07274762016058002,0.9659581472895501,4.244397603479067,KR80_PIT,FULL_2023_08_08_2026_08_17
2025-06-30,-0.10678947287102993,0.08085955373558959,0.9740700808645597,3.440260190015365,KR80_PIT,FULL_2023_08_08_2026_08_17
2025-07-01,-0.10678947287102993,0.08306056151448285,0.9762710886434529,3.22207389867476,KR80_PIT,FULL_2023_08_08_2026_08_17
2025-07-02,-0.08762775005485597,0.059272913261238055,0.9716451632063821,3.680642707386639,KR80_PIT,FULL_2023_08_08_2026_08_17
2025-07-03,-0.07477000718708315,0.03729740265392664,0.9625273954668435,4.584488639905471,KR80_PIT,FULL_2023_08_08_2026_08_17
2025-07-04,-0.06164138667187477,0.017314212161287132,0.9556728254894123,5.263983377021941,KR80_PIT,FULL_2023_08_08_2026_08_17
2025-07-07,-0.06164138667187477,0.023821264978694974,0.9621798783068202,4.618938077590251,KR80_PIT,FULL_2023_08_08_2026_08_17
2025-07-08,-0.06164138667187477,0.03472328378262911,0.9730818971107543,3.5382190207261965,KR80_PIT,FULL_2023_08_08_2026_08_17
2025-07-09,-0.06164138667187477,0.031065259734125897,0.9694238730622511,3.9008395931891426,KR80_PIT,FULL_2023_08_08_2026_08_17
2025-07-10,-0.06164138667187477,0.029558677936484274,0.9679172912646095,4.050187313892795,KR80_PIT,FULL_2023_08_08_2026_08_17
2025-07-11,-0.06164138667187477,0.03148218401559466,0.9698407973437199,3.859509815250217,KR80_PIT,FULL_2023_08_08_2026_08_17
2025-07-14,-0.06164138667187477,0.03599157999382764,0.9743501933219528,3.412492592452554,KR80_PIT,FULL_2023_08_08_2026_08_17
2025-07-15,-0.06164138667187477,0.04160530723353974,0.9799639205616649,2.8560028159164474,KR80_PIT,FULL_2023_08_08_2026_08_17
2025-07-16,-0.06164138667187477,0.03276694987712978,0.971125563205255,3.7321507476187787,KR80_PIT,FULL_2023_08_08_2026_08_17
2025-07-17,-0.06607065571372603,0.03694528745537324,0.9708746317416472,3.757025628094113,KR80_PIT,FULL_2023_08_08_2026_08_17
2025-07-18,-0.06607065571372603,0.034287301179032496,0.9682166454653064,4.020512278904887,KR80_PIT,FULL_2023_08_08_2026_08_17
2025-07-21,-0.06607065571372603,0.03325297063013287,0.9671823149164068,4.123045649594825,KR80_PIT,FULL_2023_08_08_2026_08_17
2025-07-22,-0.06607065571372603,0.03181178855162828,0.9657411328379022,4.265910284545638,KR80_PIT,FULL_2023_08_08_2026_08_17
2025-07-23,-0.06607065571372603,0.030434194263843993,0.9643635385501179,4.402471450528789,KR80_PIT,FULL_2023_08_08_2026_08_17
2025-07-24,-0.06607065571372603,0.02905274158218651,0.9629820858684605,4.539415099780653,KR80_PIT,FULL_2023_08_08_2026_08_17
2025-07-25,-0.05853159212855487,0.021825065327470028,0.9632934731989151,4.508547218506498,KR80_PIT,FULL_2023_08_08_2026_08_17
2025-07-28,-0.05853159212855487,0.024457835761601973,0.9659262436330471,4.247560218604429,KR80_PIT,FULL_2023_08_08_2026_08_17
2025-07-29,-0.04269079529494689,0.009901039209076192,0.9672102439141292,4.1202770430990405,KR80_PIT,FULL_2023_08_08_2026_08_17
2025-07-30,-0.04269079529494689,0.0059341792340819694,0.9632433839391351,4.513512575708867,KR80_PIT,FULL_2023_08_08_2026_08_17
2025-07-31,-0.04269079529494689,0.004744965298233574,0.9620541700032866,4.631399564006489,KR80_PIT,FULL_2023_08_08_2026_08_17
2025-08-01,-0.04269079529494689,0.001967276835321422,0.9592764815403745,4.906752313794193,KR80_PIT,FULL_2023_08_08_2026_08_17
2025-08-04,-0.04269079529494689,0.002199365306859622,0.9595085700119127,4.883745342463408,KR80_PIT,FULL_2023_08_08_2026_08_17
2025-08-05,-0.04269079529494689,0.002698068143724872,0.960007272848778,4.834308841829415,KR80_PIT,FULL_2023_08_08_2026_08_17
2025-08-06,-0.04269079529494689,0.0019182590930380255,0.9592274637980911,4.911611451277153,KR80_PIT,FULL_2023_08_08_2026_08_17
2025-08-07,-0.047018075981360444,0.007698478566153275,0.9606804025847928,4.7675813717584115,KR80_PIT,FULL_2023_08_08_2026_08_17
2025-08-08,-0.047018075981360444,0.007274709103796211,0.9602566331224358,4.809589713692375,KR80_PIT,FULL_2023_08_08_2026_08_17
2025-08-11,-0.047018075981360444,0.009111043440676817,0.9620929674593164,4.627553565311815,KR80_PIT,FULL_2023_08_08_2026_08_17
2025-08-12,-0.047018075981360444,0.0022796481529751625,0.9552615721716148,5.304750991326735,KR80_PIT,FULL_2023_08_08_2026_08_17
2025-08-13,-0.047018075981360444,0.005586984835749781,0.9585689088543894,4.976894119602182,KR80_PIT,FULL_2023_08_08_2026_08_17
2025-08-14,-0.047018075981360444,0.008071164138521665,0.9610530881571613,4.730636984895719,KR80_PIT,FULL_2023_08_08_2026_08_17
2025-08-18,-0.047018075981360444,0.0034145763615362704,0.9563965003801759,5.192245356799486,KR80_PIT,FULL_2023_08_08_2026_08_17
2025-08-19,-0.05661163983184909,0.010664864802652708,0.9540532249708036,5.424534663572256,KR80_PIT,FULL_2023_08_08_2026_08_17
2025-08-20,-0.05661163983184909,0.00967606939048623,0.9530644295586371,5.522554128084867,KR80_PIT,FULL_2023_08_08_2026_08_17
2025-08-21,-0.05661163983184909,0.009817325877938581,0.9532056860460895,5.508551347440216,KR80_PIT,FULL_2023_08_08_2026_08_17
2025-08-22,-0.05661163983184909,0.011125045928566255,0.9545134060967171,5.378916826974467,KR80_PIT,FULL_2023_08_08_2026_08_17
2025-08-25,-0.05661163983184909,0.013052624479232684,0.9564409846473836,5.187835623504522,KR80_PIT,FULL_2023_08_08_2026_08_17
2025-08-26,-0.05661163983184909,0.014364949751528572,0.9577533099196794,5.057744586598345,KR80_PIT,FULL_2023_08_08_2026_08_17
2025-08-27,-0.05661163983184909,0.014483395185534483,0.9578717553536853,5.046003069726035,KR80_PIT,FULL_2023_08_08_2026_08_17
2025-08-28,-0.05661163983184909,0.013531011436924485,0.9569193716050753,5.140413039574831,KR80_PIT,FULL_2023_08_08_2026_08_17
2025-08-29,-0.05661163983184909,0.010919640270237866,0.9543080004383887,5.399278726301137,KR80_PIT,FULL_2023_08_08_2026_08_17
2025-09-01,-0.05661163983184909,0.009803141190752485,0.9531915013589034,5.509957477995786,KR80_PIT,FULL_2023_08_08_2026_08_17
2025-09-02,-0.06051367594947743,0.01659625293885817,0.9560825769893807,5.223364638184814,KR80_PIT,FULL_2023_08_08_2026_08_17
2025-09-03,-0.06051367594947743,0.015802000825213915,0.9552883248757364,5.30209899102414,KR80_PIT,FULL_2023_08_08_2026_08_17
2025-09-04,-0.06051367594947743,0.011482737543455688,0.9509690615939782,5.730268325911436,KR80_PIT,FULL_2023_08_08_2026_08_17
2025-09-05,-0.052322740983290345,0.006143177796835575,0.9538204368135452,5.447610994872532,KR80_PIT,FULL_2023_08_08_2026_08_17
2025-09-08,-0.052322740983290345,0.007239265725320387,0.95491652474203,5.3389556041952835,KR80_PIT,FULL_2023_08_08_2026_08_17
2025-09-09,-0.052322740983290345,0.010718064191990855,0.9583953232087005,4.994101695434505,KR80_PIT,FULL_2023_08_08_2026_08_17
2025-09-10,-0.052322740983290345,0.01541408032663125,0.9630913393433409,4.528584783446088,KR80_PIT,FULL_2023_08_08_2026_08_17
2025-09-11,-0.052322740983290345,0.019496297800614418,0.9671735568173241,4.12391384150963,KR80_PIT,FULL_2023_08_08_2026_08_17
2025-09-12,-0.052322740983290345,0.029181068032698793,0.9768583270494084,3.1638608513802846,KR80_PIT,FULL_2023_08_08_2026_08_17
2025-09-15,-0.052322740983290345,0.040506120825504664,0.9881833798422143,2.0412063601992547,KR80_PIT,FULL_2023_08_08_2026_08_17
2025-09-16,-0.0564486135781472,0.04020573962065969,0.9837571260425124,2.4799816840987643,KR80_PIT,FULL_2023_08_08_2026_08_17
2025-09-17,-0.0564486135781472,0.03372695548287108,0.9772783419047238,3.1222247043080076,KR80_PIT,FULL_2023_08_08_2026_08_17
2025-09-18,-0.0564486135781472,0.030711617230766042,0.9742630036526188,3.4211357198315917,KR80_PIT,FULL_2023_08_08_2026_08_17
2025-09-22,-0.0564486135781472,0.030106732246087592,0.9736581186679404,3.481098075603428,KR80_PIT,FULL_2023_08_08_2026_08_17
2025-09-23,-0.0564486135781472,0.027577360456457978,0.9711287468783107,3.731835149544327,KR80_PIT,FULL_2023_08_08_2026_08_17
2025-09-24,-0.0564486135781472,0.014501073642028666,0.9580524600638815,5.028089779766964,KR80_PIT,FULL_2023_08_08_2026_08_17
2025-09-25,-0.055400016716245885,0.010492810359990048,0.9550927936437442,5.3214820367174624,KR80_PIT,FULL_2023_08_08_2026_08_17
2025-09-26,-0.054378904953510575,0.0048559661730888555,0.9504770612195782,5.779040410252955,KR80_PIT,FULL_2023_08_08_2026_08_17
2025-09-29,-0.05092517526107721,0.002930977195448684,0.9520058019343715,5.6274960721634955,KR80_PIT,FULL_2023_08_08_2026_08_17
2025-09-30,-0.05092517526107721,-0.0021034969221691213,0.9469713278167536,6.126564384010013,KR80_PIT,FULL_2023_08_08_2026_08_17
2025-10-01,-0.051720660055999304,0.0,0.9482793399440007,5.996900909937208,KR80_PIT,FULL_2023_08_08_2026_08_17
2025-10-02,-0.051720660055999304,0.0,0.9482793399440007,5.996900909937208,KR80_PIT,FULL_2023_08_08_2026_08_17
2025-10-10,-0.051720660055999304,0.0,0.9482793399440007,5.996900909937208,KR80_PIT,FULL_2023_08_08_2026_08_17
2025-10-13,-0.051720660055999304,0.0019695032444990786,0.9502488431884998,5.801663704134774,KR80_PIT,FULL_2023_08_08_2026_08_17
2025-10-14,-0.051720660055999304,0.0006565010814996888,0.9489358410255004,5.931821841336394,KR80_PIT,FULL_2023_08_08_2026_08_17
2025-10-15,-0.051720660055999304,0.005835565168886158,0.9541149051128869,5.418420300152205,KR80_PIT,FULL_2023_08_08_2026_08_17
2025-10-16,-0.051720660055999304,0.0064191216857747814,0.9546984616297755,5.360572239173711,KR80_PIT,FULL_2023_08_08_2026_08_17
2025-10-17,-0.051720660055999304,0.0038660619243870795,0.9521454018683878,5.613657505954639,KR80_PIT,FULL_2023_08_08_2026_08_17
2025-10-20,-0.051720660055999304,0.003939006488998157,0.9522183464329989,5.606426498332329,KR80_PIT,FULL_2023_08_08_2026_08_17
2025-10-21,-0.051720660055999304,0.0037201727951649234,0.9519995127391656,5.62811952119927,KR80_PIT,FULL_2023_08_08_2026_08_17
2025-10-22,-0.051720660055999304,0.002990727149054157,0.9512700670930548,5.700429597422396,KR80_PIT,FULL_2023_08_08_2026_08_17
2025-10-23,-0.051720660055999304,0.0010212239045550783,0.9493005638485558,5.895666803224831,KR80_PIT,FULL_2023_08_08_2026_08_17
2025-10-24,-0.051720660055999304,0.002751052151046339,0.951030392095047,5.724188622467141,KR80_PIT,FULL_2023_08_08_2026_08_17
2025-10-27,-0.051720660055999304,0.004473933296146056,0.9527532732401468,5.553399109102042,KR80_PIT,FULL_2023_08_08_2026_08_17
2025-10-28,-0.051720660055999304,0.0053882490292870315,0.9536675889732877,5.4627628283758,KR80_PIT,FULL_2023_08_08_2026_08_17
2025-10-29,-0.051720660055999304,0.019676892791357346,0.967956232735358,4.046327038993514,KR80_PIT,FULL_2023_08_08_2026_08_17
2025-10-30,-0.051720660055999304,0.01231752860842485,0.9605968685524255,4.775862115196805,KR80_PIT,FULL_2023_08_08_2026_08_17
2025-10-31,-0.051720660055999304,0.027962355536261526,0.9762416954802622,3.2249876481529993,KR80_PIT,FULL_2023_08_08_2026_08_17
2025-11-03,-0.051720660055999304,0.03893052947333341,0.9872098694173341,2.1377106212122854,KR80_PIT,FULL_2023_08_08_2026_08_17
2025-11-04,-0.051720660055999304,0.03800675350758009,0.9862860934515808,2.2292846964745983,KR80_PIT,FULL_2023_08_08_2026_08_17
2025-11-05,-0.04233672802924764,0.01390935795412981,0.9715726299248822,3.687832944441216,KR80_PIT,FULL_2023_08_08_2026_08_17
2025-11-06,-0.04233672802924764,0.001316783794790394,0.9589800557655428,4.9361370534068865,KR80_PIT,FULL_2023_08_08_2026_08_17
2025-11-07,-0.041589747982548206,-0.006459134672816464,0.9519511173446353,5.632916965239132,KR80_PIT,FULL_2023_08_08_2026_08_17
2025-11-10,-0.046468127347174384,-0.007666840573548141,0.9458650320792774,6.236231676602344,KR80_PIT,FULL_2023_08_08_2026_08_17
2025-11-11,-0.04967915676771725,-0.0033234089016729003,0.9469974343306098,6.123976440663004,KR80_PIT,FULL_2023_08_08_2026_08_17
2025-11-12,-0.04967915676771725,-0.0038108422072515927,0.9465100010250311,6.172295790662574,KR80_PIT,FULL_2023_08_08_2026_08_17
2025-11-13,-0.04967915676771725,-0.003146160426917013,0.9471746828053657,6.106405767935897,KR80_PIT,FULL_2023_08_08_2026_08_17
2025-11-14,-0.04967915676771725,-0.005184517886609723,0.945136325345673,6.308468504297704,KR80_PIT,FULL_2023_08_08_2026_08_17
2025-11-17,-0.054011845590114085,0.0,0.9459881544098859,6.224026538140636,KR80_PIT,FULL_2023_08_08_2026_08_17
2025-11-18,-0.054011845590114085,0.0,0.9459881544098859,6.224026538140636,KR80_PIT,FULL_2023_08_08_2026_08_17
2025-11-19,-0.054011845590114085,0.0,0.9459881544098859,6.224026538140636,KR80_PIT,FULL_2023_08_08_2026_08_17
2025-11-20,-0.054011845590114085,0.0,0.9459881544098859,6.224026538140636,KR80_PIT,FULL_2023_08_08_2026_08_17
2025-11-21,-0.054011845590114085,0.0,0.9459881544098859,6.224026538140636,KR80_PIT,FULL_2023_08_08_2026_08_17
2025-11-24,-0.054011845590114085,0.0,0.9459881544098859,6.224026538140636,KR80_PIT,FULL_2023_08_08_2026_08_17
2025-11-25,-0.054011845590114085,0.0,0.9459881544098859,6.224026538140636,KR80_PIT,FULL_2023_08_08_2026_08_17
2025-11-26,-0.054011845590114085,0.0,0.9459881544098859,6.224026538140636,KR80_PIT,FULL_2023_08_08_2026_08_17
2025-11-27,-0.054011845590114085,0.0,0.9459881544098859,6.224026538140636,KR80_PIT,FULL_2023_08_08_2026_08_17
2025-11-28,-0.054011845590114085,0.001943811276184694,0.9479319656860706,6.031336181712154,KR80_PIT,FULL_2023_08_08_2026_08_17
2025-12-01,-0.054011845590114085,0.0030669022357580743,0.949055056645644,5.920003975775701,KR80_PIT,FULL_2023_08_08_2026_08_17
2025-12-02,-0.054011845590114085,-0.0002867536976662192,0.9457014007122198,6.252452483029137,KR80_PIT,FULL_2023_08_08_2026_08_17
2025-12-03,-0.054011845590114085,-0.0005595518271957247,0.9454286025826902,6.279495009974056,KR80_PIT,FULL_2023_08_08_2026_08_17
2025-12-04,-0.054011845590114085,-0.00327989078755882,0.9427082636223271,6.54916269340654,KR80_PIT,FULL_2023_08_08_2026_08_17
2025-12-05,-0.054011845590114085,0.0007619075651780288,0.946750061975064,6.148498506125167,KR80_PIT,FULL_2023_08_08_2026_08_17
2025-12-08,-0.054011845590114085,0.0069375787411043235,0.9529257331509903,5.536303127564535,KR80_PIT,FULL_2023_08_08_2026_08_17
2025-12-09,-0.054011845590114085,0.010249367970118488,0.9562375223800044,5.208004874141858,KR80_PIT,FULL_2023_08_08_2026_08_17
2025-12-10,-0.054011845590114085,0.0070316126883112175,0.9530197670981971,5.526981525706542,KR80_PIT,FULL_2023_08_08_2026_08_17
2025-12-11,-0.057543854720506805,0.015417580036747001,0.9578737253162402,5.045807786988721,KR80_PIT,FULL_2023_08_08_2026_08_17
2025-12-12,-0.057543854720506805,0.016095421917672947,0.9585515671971662,4.978613201157245,KR80_PIT,FULL_2023_08_08_2026_08_17
2025-12-15,-0.057543854720506805,0.02203650663872976,0.964492651918223,4.389672419457891,KR80_PIT,FULL_2023_08_08_2026_08_17
2025-12-16,-0.057543854720506805,0.015543844700841037,0.9579999899803342,5.03329114845148,KR80_PIT,FULL_2023_08_08_2026_08_17
2025-12-17,-0.057543854720506805,0.012286479894809741,0.9547426251743029,5.35619429917491,KR80_PIT,FULL_2023_08_08_2026_08_17
2025-12-18,-0.057543854720506805,0.007280142648772703,0.9497362879282659,5.8524733979531955,KR80_PIT,FULL_2023_08_08_2026_08_17
2025-12-19,-0.044157806840001375,0.0013765212298287727,0.9572187143898274,5.110739136251574,KR80_PIT,FULL_2023_08_08_2026_08_17
2025-12-22,-0.044157806840001375,-0.002597195033301995,0.9532449981266966,5.5046543339199445,KR80_PIT,FULL_2023_08_08_2026_08_17
2025-12-23,-0.044157806840001375,-0.003877964253472788,0.9519642289065259,5.631617213784357,KR80_PIT,FULL_2023_08_08_2026_08_17
2025-12-24,-0.044157806840001375,-0.004591753391345842,0.9512504397686528,5.702375257570125,KR80_PIT,FULL_2023_08_08_2026_08_17
2025-12-26,-0.0450018611614504,-0.004052561424701823,0.9509455774138478,5.732596316851302,KR80_PIT,FULL_2023_08_08_2026_08_17
2025-12-29,-0.0450018611614504,-0.005372000028093116,0.9496261388104564,5.863392499530107,KR80_PIT,FULL_2023_08_08_2026_08_17
2025-12-30,-0.05135630460455524,0.0010052611987774237,0.9496489565942222,5.861130568580009,KR80_PIT,FULL_2023_08_08_2026_08_17
2026-01-02,-0.05135630460455524,0.003183327129461832,0.9518270225249066,5.64521850671974,KR80_PIT,FULL_2023_08_08_2026_08_17
2026-01-05,-0.05135630460455524,0.007507711029658587,0.9561514064251034,5.2165415640187724,KR80_PIT,FULL_2023_08_08_2026_08_17
2026-01-06,-0.05135630460455524,0.011387220991930928,0.9600309163873757,4.83196505365644,KR80_PIT,FULL_2023_08_08_2026_08_17
2026-01-07,-0.05135630460455524,0.011946791103290362,0.9605904864987351,4.776494769310624,KR80_PIT,FULL_2023_08_08_2026_08_17
2026-01-08,-0.05135630460455524,0.013900373988874481,0.9625440693843192,4.582835751509961,KR80_PIT,FULL_2023_08_08_2026_08_17
2026-01-09,-0.05135630460455524,0.014596175523244779,0.9632398709186896,4.513860822048466,KR80_PIT,FULL_2023_08_08_2026_08_17
2026-01-12,-0.05135630460455524,0.012960329631265304,0.96160402502671,4.676022515341183,KR80_PIT,FULL_2023_08_08_2026_08_17
2026-01-13,-0.05135630460455524,0.017050159084336554,0.9656938544797814,4.270596996568177,KR80_PIT,FULL_2023_08_08_2026_08_17
2026-01-14,-0.05135630460455524,0.012364893274407304,0.9610085886698521,4.735048226962036,KR80_PIT,FULL_2023_08_08_2026_08_17
2026-01-15,-0.05135630460455524,0.014641585976120097,0.9632852813715649,4.50935927580407,KR80_PIT,FULL_2023_08_08_2026_08_17
2026-01-16,-0.05135630460455524,0.015216576472943725,0.9638602718683885,4.452360365913288,KR80_PIT,FULL_2023_08_08_2026_08_17
2026-01-19,-0.05135630460455524,0.016210533597304407,0.9648542289927492,4.35382921995574,KR80_PIT,FULL_2023_08_08_2026_08_17
2026-01-20,-0.05135630460455524,0.030201678070241857,0.9788453734656867,2.966884587849139,KR80_PIT,FULL_2023_08_08_2026_08_17
2026-01-21,-0.05135630460455524,0.02855360570678648,0.9771973011022312,3.130258293426902,KR80_PIT,FULL_2023_08_08_2026_08_17
2026-01-22,-0.05135630460455524,0.02546442282165801,0.9741081182171029,3.436489540514076,KR80_PIT,FULL_2023_08_08_2026_08_17
2026-01-23,-0.05520636125202728,0.028778733435691234,0.973572372183664,3.4895981397918385,KR80_PIT,FULL_2023_08_08_2026_08_17
2026-01-26,-0.05520636125202728,0.0267257702570578,0.9715194090050305,3.6931087436617105,KR80_PIT,FULL_2023_08_08_2026_08_17
2026-01-27,-0.05520636125202728,0.030799206657279855,0.9755928454052526,3.289308271123992,KR80_PIT,FULL_2023_08_08_2026_08_17
2026-01-28,-0.05520636125202728,0.0361041596576432,0.980897798405616,2.7634273396774267,KR80_PIT,FULL_2023_08_08_2026_08_17
2026-01-29,-0.05520636125202728,0.03822639587194929,0.983020034619922,2.553049687499842,KR80_PIT,FULL_2023_08_08_2026_08_17
2026-01-30,-0.05520636125202728,0.036363360779008924,0.9811569995269817,2.7377326865624108,KR80_PIT,FULL_2023_08_08_2026_08_17
2026-02-02,-0.05520636125202728,0.029537652610188245,0.974331291358161,3.4143663474743846,KR80_PIT,FULL_2023_08_08_2026_08_17
2026-02-03,-0.04104671420374482,0.021278028707455418,0.9802313145037106,2.829496007034915,KR80_PIT,FULL_2023_08_08_2026_08_17
2026-02-04,-0.04104671420374482,0.020984827524478666,0.9799381133207339,2.858561092285339,KR80_PIT,FULL_2023_08_08_2026_08_17
2026-02-05,-0.04104671420374482,0.018555446294099897,0.977508732090355,3.0993860843602783,KR80_PIT,FULL_2023_08_08_2026_08_17
2026-02-06,-0.04104671420374482,0.018429788644252723,0.9773830744405079,3.1118425494676027,KR80_PIT,FULL_2023_08_08_2026_08_17
2026-02-09,-0.04104671420374482,0.020440311041807567,0.9793935968380627,2.9125391077504115,KR80_PIT,FULL_2023_08_08_2026_08_17
2026-02-10,-0.04104671420374482,0.019979566325701248,0.9789328521219565,2.9582128131439345,KR80_PIT,FULL_2023_08_08_2026_08_17
2026-02-11,-0.04104671420374482,0.019309392193182968,0.9782626779894381,3.0246472937163316,KR80_PIT,FULL_2023_08_08_2026_08_17
2026-02-12,-0.04104671420374482,0.018552228048015734,0.9775055138442709,3.099705109665163,KR80_PIT,FULL_2023_08_08_2026_08_17
2026-02-13,-0.04104671420374482,0.01695059890617663,0.9759038847024318,3.258474890450136,KR80_PIT,FULL_2023_08_08_2026_08_17
2026-02-19,-0.04104671420374482,0.018713076056597232,0.9776663618528524,3.083760218057574,KR80_PIT,FULL_2023_08_08_2026_08_17
2026-02-20,-0.04104671420374482,0.02297276598537853,0.9819260517816337,2.661496400212693,KR80_PIT,FULL_2023_08_08_2026_08_17
2026-02-23,-0.04104671420374482,0.022138918064495857,0.981092203860751,2.744155892443545,KR80_PIT,FULL_2023_08_08_2026_08_17
2026-02-24,-0.04104671420374482,0.019985286589401397,0.9789385723856565,2.957645762389194,KR80_PIT,FULL_2023_08_08_2026_08_17
2026-02-25,-0.04104671420374482,0.019749359306104452,0.9787026451023596,2.9810332758102076,KR80_PIT,FULL_2023_08_08_2026_08_17
2026-02-26,-0.04104671420374482,0.0456040192273624,1.0045573050236176,0.41805625401679647,KR80_PIT,FULL_2023_08_08_2026_08_17
2026-02-27,-0.04104671420374482,0.05791088511324295,1.016864170909498,-0.0,KR80_PIT,FULL_2023_08_08_2026_08_17
2026-03-03,-0.04104671420374482,0.013127198491996474,0.9720804842882517,4.404097214005609,KR80_PIT,FULL_2023_08_08_2026_08_17
2026-03-04,-0.07031288464348993,-0.004051294992326495,0.9256358203641836,8.971537512598026,KR80_PIT,FULL_2023_08_08_2026_08_17
2026-03-05,-0.05531652161475333,0.007273100245519652,0.9519565786307663,6.383113314011002,KR80_PIT,FULL_2023_08_08_2026_08_17
2026-03-06,-0.05531652161475333,0.005678996082118085,0.9503624744673648,6.5398799903288225,KR80_PIT,FULL_2023_08_08_2026_08_17
2026-03-09,-0.05531652161475333,0.005828443347436978,0.9505119217326836,6.525183114424027,KR80_PIT,FULL_2023_08_08_2026_08_17
2026-03-10,-0.05531652161475333,0.006774942694456663,0.9514584210797034,6.432102900360315,KR80_PIT,FULL_2023_08_08_2026_08_17
2026-03-11,-0.05531652161475333,0.006177153633181074,0.9508606320184277,6.490890403979499,KR80_PIT,FULL_2023_08_08_2026_08_17
2026-03-12,-0.05531652161475333,0.006824758449562961,0.9515082368348097,6.42720394172539,KR80_PIT,FULL_2023_08_08_2026_08_17
2026-03-13,-0.05531652161475333,0.0060775221229684715,0.9507610005082152,6.50068832124936,KR80_PIT,FULL_2023_08_08_2026_08_17
2026-03-16,-0.05531652161475333,0.003985260408503918,0.9486687387937506,6.706444583916504,KR80_PIT,FULL_2023_08_08_2026_08_17
2026-03-17,-0.05531652161475333,0.004433602204460608,0.9491170805897073,6.662353956202116,KR80_PIT,FULL_2023_08_08_2026_08_17
2026-03-18,-0.05531652161475333,0.006675311184244062,0.9513587895694907,6.441900817630186,KR80_PIT,FULL_2023_08_08_2026_08_17
2026-03-19,-0.05531652161475333,0.014645797534868877,0.9593292759201155,5.658070825518669,KR80_PIT,FULL_2023_08_08_2026_08_17
2026-03-20,-0.05531652161475333,0.020285142010163893,0.9649686203954105,5.103488941661838,KR80_PIT,FULL_2023_08_08_2026_08_17
2026-03-23,-0.05531652161475333,0.010012600660365014,0.9546960790456117,6.113706593505242,KR80_PIT,FULL_2023_08_08_2026_08_17
2026-03-24,-0.05531652161475333,0.006758974853709441,0.9514424532389562,6.433673202589862,KR80_PIT,FULL_2023_08_08_2026_08_17
2026-03-25,-0.05531652161475333,0.027510315947319217,0.9721937943325659,4.392954128473059,KR80_PIT,FULL_2023_08_08_2026_08_17
2026-03-26,-0.05531652161475333,0.021668947300194263,0.966352425685441,4.967403382782054,KR80_PIT,FULL_2023_08_08_2026_08_17
2026-03-27,-0.0613811575397636,0.020102951396141232,0.9587217938563777,5.717811554036468,KR80_PIT,FULL_2023_08_08_2026_08_17
2026-03-30,-0.0674655966122245,0.02019710503913437,0.9527315084269099,6.306905515731465,KR80_PIT,FULL_2023_08_08_2026_08_17
2026-03-31,-0.0674655966122245,0.008304305442651492,0.940838708830427,7.476461877014784,KR80_PIT,FULL_2023_08_08_2026_08_17
2026-04-01,-0.05998755850039766,0.0022256940590228346,0.9422381355586252,7.3388400816724815,KR80_PIT,FULL_2023_08_08_2026_08_17
2026-04-02,-0.05998755850039766,-0.0024729933989142585,0.9375394481006881,7.800916295227589,KR80_PIT,FULL_2023_08_08_2026_08_17
2026-04-03,-0.05998755850039766,-0.0009397374915874213,0.939072704008015,7.650133530804338,KR80_PIT,FULL_2023_08_08_2026_08_17
2026-04-06,-0.05998755850039766,-0.0022256940590228346,0.9377867474405795,7.776596494514165,KR80_PIT,FULL_2023_08_08_2026_08_17
2026-04-07,-0.05998755850039766,-0.004748147325915374,0.9352642941736871,8.024658461791113,KR80_PIT,FULL_2023_08_08_2026_08_17
2026-04-08,-0.061036572391951094,0.0,0.938963427608049,7.660879941494403,KR80_PIT,FULL_2023_08_08_2026_08_17
2026-04-09,-0.061036572391951094,0.0,0.938963427608049,7.660879941494403,KR80_PIT,FULL_2023_08_08_2026_08_17
2026-04-10,-0.061036572391951094,0.0,0.938963427608049,7.660879941494403,KR80_PIT,FULL_2023_08_08_2026_08_17
2026-04-13,-0.061036572391951094,0.0,0.938963427608049,7.660879941494403,KR80_PIT,FULL_2023_08_08_2026_08_17
2026-04-14,-0.061036572391951094,0.0,0.938963427608049,7.660879941494403,KR80_PIT,FULL_2023_08_08_2026_08_17
2026-04-15,-0.061036572391951094,0.0,0.938963427608049,7.660879941494403,KR80_PIT,FULL_2023_08_08_2026_08_17
2026-04-16,-0.061036572391951094,-0.001749829857807318,0.9372135977502416,7.832960924172971,KR80_PIT,FULL_2023_08_08_2026_08_17
2026-04-17,-0.061036572391951094,0.0011901827817495385,0.9401536103897985,7.543835520440112,KR80_PIT,FULL_2023_08_08_2026_08_17
2026-04-20,-0.061036572391951094,0.010135733584411966,0.949099161192461,6.664116177525181,KR80_PIT,FULL_2023_08_08_2026_08_17
2026-04-21,-0.061036572391951094,0.06040277305045785,0.9993662006585068,1.7207775385911006,KR80_PIT,FULL_2023_08_08_2026_08_17
2026-04-22,-0.061036572391951094,0.06653630880638509,1.005499736414434,1.117596117571884,KR80_PIT,FULL_2023_08_08_2026_08_17
2026-04-23,-0.061036572391951094,0.04167954992748188,0.9806429775355309,3.562048345313462,KR80_PIT,FULL_2023_08_08_2026_08_17
2026-04-24,-0.061036572391951094,0.052082886587126176,0.9910463141951751,2.538968079800785,KR80_PIT,FULL_2023_08_08_2026_08_17
2026-04-27,-0.061036572391951094,0.04817282739754174,0.9871362550055907,2.923489366069254,KR80_PIT,FULL_2023_08_08_2026_08_17
2026-04-28,-0.061036572391951094,0.07897374820076433,1.0179371758088134,-0.0,KR80_PIT,FULL_2023_08_08_2026_08_17
2026-04-29,-0.061036572391951094,0.09734107600845737,1.0363045036165064,-0.0,KR80_PIT,FULL_2023_08_08_2026_08_17
2026-04-30,-0.061036572391951094,0.07042663617773118,1.0093900637857802,2.597155540364815,KR80_PIT,FULL_2023_08_08_2026_08_17
2026-05-04,-0.061036572391951094,0.08570213790111565,1.0246655655091645,1.1231195142667239,KR80_PIT,FULL_2023_08_08_2026_08_17
2026-05-06,-0.061036572391951094,0.09431436911612233,1.0332777967241713,0.29206732980243677,KR80_PIT,FULL_2023_08_08_2026_08_17
2026-05-07,-0.061036572391951094,0.09294261876938664,1.0319060463774357,0.424436758088087,KR80_PIT,FULL_2023_08_08_2026_08_17
2026-05-08,-0.061036572391951094,0.07869160521640343,1.0176550328244525,1.7996130217489914,KR80_PIT,FULL_2023_08_08_2026_08_17
2026-05-11,-0.06542411826206285,0.07202915426248242,1.0066050360004195,2.865901625674827,KR80_PIT,FULL_2023_08_08_2026_08_17
2026-05-12,-0.06667344736125934,0.054738397548480776,0.9880649501872214,4.65495935421858,KR80_PIT,FULL_2023_08_08_2026_08_17
2026-05-13,-0.0683047664170071,0.05575660360433202,0.9874518371873249,4.714122756264683,KR80_PIT,FULL_2023_08_08_2026_08_17
2026-05-14,-0.05432298626623502,0.04484831830563382,0.9905253320393989,4.417540541158216,KR80_PIT,FULL_2023_08_08_2026_08_17
2026-05-15,-0.05432298626623502,0.039984580947986674,0.9856615946817516,4.88687531107127,KR80_PIT,FULL_2023_08_08_2026_08_17
2026-05-18,-0.038090691656191764,0.020975231407050765,0.982884539750859,5.154852041964675,KR80_PIT,FULL_2023_08_08_2026_08_17
2026-05-19,-0.038090691656191764,0.017567702839118335,0.9794770111829266,5.483667419688187,KR80_PIT,FULL_2023_08_08_2026_08_17
2026-05-20,-0.02065755677295734,0.0,0.9793424432270427,5.496652787928347,KR80_PIT,FULL_2023_08_08_2026_08_17
2026-05-21,-0.02065755677295734,0.0,0.9793424432270427,5.496652787928347,KR80_PIT,FULL_2023_08_08_2026_08_17
2026-05-22,-0.02065755677295734,0.0,0.9793424432270427,5.496652787928347,KR80_PIT,FULL_2023_08_08_2026_08_17
2026-05-26,-0.02065755677295734,0.0,0.9793424432270427,5.496652787928347,KR80_PIT,FULL_2023_08_08_2026_08_17
2026-05-27,-0.02065755677295734,0.0,0.9793424432270427,5.496652787928347,KR80_PIT,FULL_2023_08_08_2026_08_17
2026-05-28,-0.02065755677295734,0.0,0.9793424432270427,5.496652787928347,KR80_PIT,FULL_2023_08_08_2026_08_17
2026-05-29,-0.02065755677295734,0.0,0.9793424432270427,5.496652787928347,KR80_PIT,FULL_2023_08_08_2026_08_17
2026-06-01,-0.02065755677295734,0.0,0.9793424432270427,5.496652787928347,KR80_PIT,FULL_2023_08_08_2026_08_17
2026-06-02,-0.02065755677295734,0.0,0.9793424432270427,5.496652787928347,KR80_PIT,FULL_2023_08_08_2026_08_17
2026-06-04,-0.02065755677295734,0.0,0.9793424432270427,5.496652787928347,KR80_PIT,FULL_2023_08_08_2026_08_17
2026-06-05,-0.02065755677295734,0.0,0.9793424432270427,5.496652787928347,KR80_PIT,FULL_2023_08_08_2026_08_17
2026-06-08,-0.02065755677295734,0.0,0.9793424432270427,5.496652787928347,KR80_PIT,FULL_2023_08_08_2026_08_17
2026-06-09,-0.02065755677295734,0.0,0.9793424432270427,5.496652787928347,KR80_PIT,FULL_2023_08_08_2026_08_17
2026-06-10,-0.02065755677295734,0.0,0.9793424432270427,5.496652787928347,KR80_PIT,FULL_2023_08_08_2026_08_17
2026-06-11,-0.02065755677295734,0.0,0.9793424432270427,5.496652787928347,KR80_PIT,FULL_2023_08_08_2026_08_17
2026-06-12,-0.02065755677295734,0.0,0.9793424432270427,5.496652787928347,KR80_PIT,FULL_2023_08_08_2026_08_17
2026-06-15,-0.02065755677295734,0.0,0.9793424432270427,5.496652787928347,KR80_PIT,FULL_2023_08_08_2026_08_17
2026-06-16,-0.02065755677295734,0.0,0.9793424432270427,5.496652787928347,KR80_PIT,FULL_2023_08_08_2026_08_17
2026-06-17,-0.02065755677295734,0.0,0.9793424432270427,5.496652787928347,KR80_PIT,FULL_2023_08_08_2026_08_17
2026-06-18,-0.02065755677295734,0.0,0.9793424432270427,5.496652787928347,KR80_PIT,FULL_2023_08_08_2026_08_17
2026-06-19,-0.02065755677295734,0.0,0.9793424432270427,5.496652787928347,KR80_PIT,FULL_2023_08_08_2026_08_17
2026-06-22,-0.02065755677295734,-0.0024398842876244666,0.9769025589394182,5.732093652954962,KR80_PIT,FULL_2023_08_08_2026_08_17
2026-06-23,-0.02065755677295734,-0.00494996365892067,0.974392479568122,5.974308114296822,KR80_PIT,FULL_2023_08_08_2026_08_17
2026-06-24,-0.02065755677295734,-0.005024999782845625,0.974317443444197,5.981548855185547,KR80_PIT,FULL_2023_08_08_2026_08_17
2026-06-25,-0.02065755677295734,-0.001730671890527276,0.9776117713365154,5.663656972942266,KR80_PIT,FULL_2023_08_08_2026_08_17
2026-06-26,-0.02065755677295734,-0.0005736632700069411,0.9787687799570357,5.5520094198840075,KR80_PIT,FULL_2023_08_08_2026_08_17
2026-06-29,-0.02065755677295734,0.0014208453143209924,0.9807632885413636,5.359545855616221,KR80_PIT,FULL_2023_08_08_2026_08_17
2026-06-30,-0.026005498214074576,0.013579117910290938,0.9875736196962164,4.702371141901674,KR80_PIT,FULL_2023_08_08_2026_08_17
2026-07-01,-0.026005498214074576,0.012344652645719028,0.9863391544316444,4.821493008135381,KR80_PIT,FULL_2023_08_08_2026_08_17
2026-07-02,-0.026005498214074576,0.0064192193757738976,0.9804137211616993,5.393277966057164,KR80_PIT,FULL_2023_08_08_2026_08_17
2026-07-03,-0.026005498214074576,0.0032096096878869488,0.9772041114738124,5.702994818264795,KR80_PIT,FULL_2023_08_08_2026_08_17
2026-07-06,-0.026005498214074576,-0.003168460845734553,0.9708260409401909,6.318457793805599,KR80_PIT,FULL_2023_08_08_2026_08_17
2026-07-07,-0.029852884109115154,0.0,0.9701471158908849,6.38397184367575,KR80_PIT,FULL_2023_08_08_2026_08_17
2026-07-08,-0.029852884109115154,0.0,0.9701471158908849,6.38397184367575,KR80_PIT,FULL_2023_08_08_2026_08_17
2026-07-09,-0.029852884109115154,0.0,0.9701471158908849,6.38397184367575,KR80_PIT,FULL_2023_08_08_2026_08_17
2026-07-10,-0.029852884109115154,0.0,0.9701471158908849,6.38397184367575,KR80_PIT,FULL_2023_08_08_2026_08_17
2026-07-13,-0.029852884109115154,0.0,0.9701471158908849,6.38397184367575,KR80_PIT,FULL_2023_08_08_2026_08_17
2026-07-14,-0.029852884109115154,0.0,0.9701471158908849,6.38397184367575,KR80_PIT,FULL_2023_08_08_2026_08_17
2026-07-15,-0.029852884109115154,0.0,0.9701471158908849,6.38397184367575,KR80_PIT,FULL_2023_08_08_2026_08_17
2026-07-16,-0.029852884109115154,0.0,0.9701471158908849,6.38397184367575,KR80_PIT,FULL_2023_08_08_2026_08_17
2026-07-20,-0.029852884109115154,0.0,0.9701471158908849,6.38397184367575,KR80_PIT,FULL_2023_08_08_2026_08_17
2026-07-21,-0.029852884109115154,0.0,0.9701471158908849,6.38397184367575,KR80_PIT,FULL_2023_08_08_2026_08_17
2026-07-22,-0.029852884109115154,0.0,0.9701471158908849,6.38397184367575,KR80_PIT,FULL_2023_08_08_2026_08_17
2026-07-23,-0.029852884109115154,0.0,0.9701471158908849,6.38397184367575,KR80_PIT,FULL_2023_08_08_2026_08_17
2026-07-24,-0.029852884109115154,0.0,0.9701471158908849,6.38397184367575,KR80_PIT,FULL_2023_08_08_2026_08_17
2026-07-27,-0.029852884109115154,0.0,0.9701471158908849,6.38397184367575,KR80_PIT,FULL_2023_08_08_2026_08_17
2026-07-28,-0.029852884109115154,0.0,0.9701471158908849,6.38397184367575,KR80_PIT,FULL_2023_08_08_2026_08_17
2026-07-29,-0.029852884109115154,0.0,0.9701471158908849,6.38397184367575,KR80_PIT,FULL_2023_08_08_2026_08_17
2026-07-30,-0.029852884109115154,0.0,0.9701471158908849,6.38397184367575,KR80_PIT,FULL_2023_08_08_2026_08_17
2026-07-31,-0.029852884109115154,0.0,0.9701471158908849,6.38397184367575,KR80_PIT,FULL_2023_08_08_2026_08_17
2026-08-03,-0.029852884109115154,0.0,0.9701471158908849,6.38397184367575,KR80_PIT,FULL_2023_08_08_2026_08_17
2026-08-04,-0.029852884109115154,0.0,0.9701471158908849,6.38397184367575,KR80_PIT,FULL_2023_08_08_2026_08_17
2026-08-05,-0.029852884109115154,0.0,0.9701471158908849,6.38397184367575,KR80_PIT,FULL_2023_08_08_2026_08_17
2026-08-06,-0.029852884109115154,0.0,0.9701471158908849,6.38397184367575,KR80_PIT,FULL_2023_08_08_2026_08_17
2026-08-07,-0.029852884109115154,0.0,0.9701471158908849,6.38397184367575,KR80_PIT,FULL_2023_08_08_2026_08_17
2026-08-10,-0.029852884109115154,0.0,0.9701471158908849,6.38397184367575,KR80_PIT,FULL_2023_08_08_2026_08_17
2026-08-11,-0.029852884109115154,0.003964949082336661,0.9741120649732216,6.001367206862939,KR80_PIT,FULL_2023_08_08_2026_08_17
2026-08-12,-0.029852884109115154,0.0029526216570592108,0.9730997375479441,6.099053497113028,KR80_PIT,FULL_2023_08_08_2026_08_17
2026-08-13,-0.029852884109115154,0.002437722377387772,0.9725848382682727,6.148739595926111,KR80_PIT,FULL_2023_08_08_2026_08_17
2026-08-14,-0.025858555718908556,0.0,0.9741414442810914,5.998532199607132,KR80_PIT,FULL_2023_08_08_2026_08_17
