ticker,symbol,market,name,setup_id,breakout_i,retest_i,setup_i,level,touches,prior_low,retest_low,stop,atr
005930.KS,005930,KOSPI,삼성전자,KRLEVEL_RR|005930|2T|240|241|243,240,241,243,68750.0,2,66000.0,68700.0,65879.16141554584,483.35433781667246
005930.KS,005930,KOSPI,삼성전자,KRLEVEL_RR|005930|2T|320|323|325,320,323,325,67250.0,2,66700.0,67100.0,66581.54662611545,473.8134955382121
005930.KS,005930,KOSPI,삼성전자,KRLEVEL_RR|005930|2T|351|353|354,351,353,354,69750.0,2,69400.0,69700.0,69274.20574431005,503.17702275981276
005930.KS,005930,KOSPI,삼성전자,KRLEVEL_RR|005930|2T|368|369|370,368,369,370,70350.0,2,69400.0,70300.0,69282.3721193474,470.51152261040215
005930.KS,005930,KOSPI,삼성전자,KRLEVEL_RR|005930|4T|385|389|390,385,389,390,70800.0,4,69600.0,70800.0,69497.71207138957,409.1517144417269
005930.KS,005930,KOSPI,삼성전자,KRLEVEL_RR|005930|2T|445|448|450,445,448,450,72150.0,2,71900.0,72200.0,71807.95103163262,368.1958734695396
005930.KS,005930,KOSPI,삼성전자,KRLEVEL_RR|005930|2T|534|537|539,534,537,539,72850.0,2,72800.0,72900.0,72700.69005023866,397.23979904539647
005930.KS,005930,KOSPI,삼성전자,KRLEVEL_RR|005930|4T|619|620|621,619,620,621,72950.0,4,72700.0,72800.0,72564.9592180078,540.1631279687642
005930.KS,005930,KOSPI,삼성전자,KRLEVEL_RR|005930|2T|652|657|658,652,657,658,73800.0,2,70700.0,73800.0,70531.09699028305,675.6120388678055
005930.KS,005930,KOSPI,삼성전자,KRLEVEL_RR|005930|2T|685|688|689,685,688,689,74150.0,2,73300.0,73500.0,73166.02388887879,535.9044444848505
005930.KS,005930,KOSPI,삼성전자,KRLEVEL_RR|005930|2T|712|715|717,712,715,717,74500.0,2,72600.0,74400.0,72459.40898653702,562.3640538519139
005930.KS,005930,KOSPI,삼성전자,KRLEVEL_RR|005930|4T|820|822|824,820,822,824,74450.0,4,72000.0,74100.0,71865.67396248013,537.3041500795129
005930.KS,005930,KOSPI,삼성전자,KRLEVEL_RR|005930|3T|864|867|869,864,867,869,73900.0,3,72100.0,73800.0,71996.33285803301,414.6685678679406
005930.KS,005930,KOSPI,삼성전자,KRLEVEL_RR|005930|3T|929|930|931,929,930,931,79900.0,3,79200.0,79900.0,79072.07388033328,511.70447866689824
005930.KS,005930,KOSPI,삼성전자,KRLEVEL_RR|005930|2T|1063|1064|1066,1063,1064,1066,77900.0,2,76500.0,77900.0,76347.6983011003,609.2067955987784
005930.KS,005930,KOSPI,삼성전자,KRLEVEL_RR|005930|6T|1232|1233|1234,1232,1233,1234,78700.0,6,75100.0,78500.0,74936.29099876486,654.8360049405316
005930.KS,005930,KOSPI,삼성전자,KRLEVEL_RR|005930|2T|1275|1276|1277,1275,1276,1277,80250.0,2,79500.0,80100.0,79339.54157039686,641.8337184125817
005930.KS,005930,KOSPI,삼성전자,KRLEVEL_RR|005930|2T|1301|1304|1306,1301,1304,1306,81850.0,2,80500.0,81600.0,80377.86530809937,488.53876760254246
005930.KS,005930,KOSPI,삼성전자,KRLEVEL_RR|005930|4T|1435|1436|1437,1435,1436,1437,82150.0,4,81900.0,82300.0,81722.98930150256,708.0427939897903
005930.KS,005930,KOSPI,삼성전자,KRLEVEL_RR|005930|3T|1486|1490|1492,1486,1490,1492,75900.0,3,72500.0,75600.0,72304.58468045486,781.6612781805268
005930.KS,005930,KOSPI,삼성전자,KRLEVEL_RR|005930|2T|1889|1891|1893,1889,1891,1893,57500.0,2,56100.0,57300.0,55945.29919445399,618.8032221840544
005930.KS,005930,KOSPI,삼성전자,KRLEVEL_RR|005930|2T|1968|1969|1970,1968,1969,1970,54600.0,2,53400.0,54600.0,53267.72635965905,529.0945613637895
005930.KS,005930,KOSPI,삼성전자,KRLEVEL_RR|005930|4T|2043|2044|2045,2043,2044,2045,54400.0,4,52300.0,54400.0,52173.14564616859,507.41741532565237
005930.KS,005930,KOSPI,삼성전자,KRLEVEL_RR|005930|2T|2166|2167|2168,2166,2167,2168,53550.0,2,52800.0,53400.0,52685.91494864673,456.3402054130965
005930.KS,005930,KOSPI,삼성전자,KRLEVEL_RR|005930|2T|2300|2301|2302,2300,2301,2302,54350.0,2,52500.0,54400.0,52368.256704950305,526.9731801987703
005930.KS,005930,KOSPI,삼성전자,KRLEVEL_RR|005930|3T|2313|2316|2318,2313,2316,2318,54700.0,3,52500.0,54800.0,52353.494450479644,586.02219808141
005930.KS,005930,KOSPI,삼성전자,KRLEVEL_RR|005930|3T|2336|2337|2338,2336,2337,2338,59100.0,3,57300.0,59200.0,57149.33686891417,602.6525243433052
005930.KS,005930,KOSPI,삼성전자,KRLEVEL_RR|005930|3T|2386|2391|2393,2386,2391,2393,59100.0,3,57800.0,58500.0,57655.5382628597,577.8469485611928
005930.KS,005930,KOSPI,삼성전자,KRLEVEL_RR|005930|2T|2426|2427|2428,2426,2427,2428,55350.0,2,53200.0,55500.0,52995.697257155145,817.210971379433
005930.KS,005930,KOSPI,삼성전자,KRLEVEL_RR|005930|2T|2444|2446|2448,2444,2446,2448,56700.0,2,54900.0,56500.0,54764.48634863097,542.0546054761171
005930.KS,005930,KOSPI,삼성전자,KRLEVEL_RR|005930|4T|2488|2489|2490,2488,2489,2490,55300.0,4,54800.0,55300.0,54706.00170185772,375.99319256912446
005930.KS,005930,KOSPI,삼성전자,KRLEVEL_RR|005930|3T|2541|2542|2544,2541,2542,2544,55300.0,3,54400.0,55350.0,54311.54699198808,353.8120320477011
005930.KS,005930,KOSPI,삼성전자,KRLEVEL_RR|005930|3T|2612|2617|2618,2612,2617,2618,55500.0,3,53700.0,55300.0,53577.08185101611,491.6725959355444
005930.KS,005930,KOSPI,삼성전자,KRLEVEL_RR|005930|2T|2684|2689|2691,2684,2689,2691,57900.0,2,56900.0,57900.0,56726.12564297389,695.4974281044208
005930.KS,005930,KOSPI,삼성전자,KRLEVEL_RR|005930|3T|2715|2718|2720,2715,2718,2720,60100.0,3,57600.0,60000.0,57441.33930708842,634.6427716463182
005930.KS,005930,KOSPI,삼성전자,KRLEVEL_RR|005930|2T|2752|2754|2756,2752,2754,2756,60600.0,2,60000.0,60600.0,59854.928082824445,580.2876687022253
005930.KS,005930,KOSPI,삼성전자,KRLEVEL_RR|005930|3T|2783|2785|2786,2783,2785,2786,60600.0,3,60200.0,60500.0,60058.28022273696,566.8791090521477
005930.KS,005930,KOSPI,삼성전자,KRLEVEL_RR|005930|2T|2906|2911|2912,2906,2911,2912,70250.0,2,68700.0,70000.0,68521.60734100216,713.570635991355
005930.KS,005930,KOSPI,삼성전자,KRLEVEL_RR|005930|2T|2954|2959|2960,2954,2959,2960,70250.0,2,69700.0,69900.0,69552.21704470694,591.1318211722304
005930.KS,005930,KOSPI,삼성전자,KRLEVEL_RR|005930|4T|3038|3039|3040,3038,3039,3040,70300.0,4,69300.0,70400.0,69196.90667540532,412.37329837874125
005930.KS,005930,KOSPI,삼성전자,KRLEVEL_RR|005930|2T|3167|3168|3169,3167,3168,3169,94300.0,2,90200.0,94200.0,89919.38725279552,1122.4509888179193
005930.KS,005930,KOSPI,삼성전자,KRLEVEL_RR|005930|2T|3337|3342|3343,3337,3342,3343,99200.0,2,95900.0,98700.0,95531.62593255931,1473.496269762732
005930.KS,005930,KOSPI,삼성전자,KRLEVEL_RR|005930|4T|3362|3367|3368,3362,3367,3368,100950.0,4,100900.0,101000.0,100613.98825267241,1144.046989310368
005930.KS,005930,KOSPI,삼성전자,KRLEVEL_RR|005930|3T|3382|3383|3385,3382,3383,3385,103800.0,3,103200.0,103900.0,102960.55938230967,957.7624707613285
005930.KS,005930,KOSPI,삼성전자,KRLEVEL_RR|005930|6T|3438|3442|3443,3438,3442,3443,105550.0,6,103000.0,105700.0,102738.50682577393,1045.9726969042717
005930.KS,005930,KOSPI,삼성전자,KRLEVEL_RR|005930|2T|3455|3456|3457,3455,3456,3457,109750.0,2,106400.0,109800.0,106126.56275149134,1093.7489940346595
005930.KS,005930,KOSPI,삼성전자,KRLEVEL_RR|005930|2T|3539|3541|3542,3539,3541,3542,140500.0,2,136800.0,140100.0,136419.7608548976,1520.9565804095146
005930.KS,005930,KOSPI,삼성전자,KRLEVEL_RR|005930|3T|3589|3590|3591,3589,3590,3591,156400.0,3,150200.0,155800.0,149647.99889503536,2208.0044198585283
005930.KS,005930,KOSPI,삼성전자,KRLEVEL_RR|005930|2T|3605|3609|3610,3605,3609,3610,163050.0,2,157100.0,161600.0,156489.00056523102,2443.9977390759173
005930.KS,005930,KOSPI,삼성전자,KRLEVEL_RR|005930|3T|3621|3623|3624,3621,3623,3624,163200.0,3,150900.0,163100.0,150118.70899249255,3125.1640300297554
005930.KS,005930,KOSPI,삼성전자,KRLEVEL_RR|005930|3T|3637|3638|3640,3637,3638,3640,156400.0,3,150900.0,156600.0,150093.76756411212,3224.929743551547
005930.KS,005930,KOSPI,삼성전자,KRLEVEL_RR|005930|2T|3656|3658|3659,3656,3658,3659,166550.0,2,162000.0,167000.0,161385.49356262112,2458.025749515454
005930.KS,005930,KOSPI,삼성전자,KRLEVEL_RR|005930|2T|3683|3688|3689,3683,3688,3689,190600.0,2,187500.0,190500.0,186871.31060509806,2514.7575796078236
005930.KS,005930,KOSPI,삼성전자,KRLEVEL_RR|005930|3T|3773|3778|3779,3773,3778,3779,194800.0,3,183600.0,195300.0,182758.78006645612,3364.879734175479
005930.KS,005930,KOSPI,삼성전자,KRLEVEL_RR|005930|3T|3803|3807|3809,3803,3807,3809,188300.0,3,186300.0,188500.0,185409.70053704307,3561.197851827685
005930.KS,005930,KOSPI,삼성전자,KRLEVEL_RR|005930|2T|3841|3842|3843,3841,3842,3843,184000.0,2,167700.0,184100.0,166752.89077809697,3788.436887612065
005930.KS,005930,KOSPI,삼성전자,KRLEVEL_RR|005930|2T|3854|3855|3856,3854,3855,3856,184000.0,2,175000.0,184900.0,174031.73491381312,3873.0603447475255
005930.KS,005930,KOSPI,삼성전자,KRLEVEL_RR|005930|2T|3900|3905|3906,3900,3905,3906,214500.0,2,198200.0,210500.0,197445.52607937227,3017.895682510875
005930.KS,005930,KOSPI,삼성전자,KRLEVEL_RR|005930|2T|3917|3919|3921,3917,3919,3921,217750.0,2,210000.0,216000.0,209415.59874213542,2337.6050314583335
005930.KS,005930,KOSPI,삼성전자,KRLEVEL_RR|005930|2T|3939|3940|3941,3939,3940,3941,217750.0,2,216000.0,218500.0,215207.32996140845,3170.6801543661986
005930.KS,005930,KOSPI,삼성전자,KRLEVEL_RR|005930|2T|3968|3969|3970,3968,3969,3970,229750.0,2,221000.0,229000.0,220253.9646813267,2984.141274693192
005930.KS,005930,KOSPI,삼성전자,KRLEVEL_RR|005930|2T|4103|4104|4106,4103,4104,4106,301250.0,2,292500.0,300000.0,290033.47285508283,9866.108579668698
005930.KS,005930,KOSPI,삼성전자,KRLEVEL_RR|005930|2T|4172|4173|4174,4172,4173,4174,323500.0,2,314000.0,320000.0,311273.8129137719,10904.748344912456
005930.KS,005930,KOSPI,삼성전자,KRLEVEL_RR|005930|2T|4192|4194|4195,4192,4194,4195,323500.0,2,320000.0,323500.0,317484.0109580088,10063.95616796476
005930.KS,005930,KOSPI,삼성전자,KRLEVEL_RR|005930|3T|4213|4214|4215,4213,4214,4215,302000.0,3,288000.0,301000.0,285619.68265234167,9521.269390633239
005930.KS,005930,KOSPI,삼성전자,KRLEVEL_RR|005930|2T|4241|4242|4244,4241,4242,4244,290000.0,2,267500.0,286500.0,265204.38660481735,9182.45358073064
000660.KS,000660,KOSPI,SK하이닉스,KRLEVEL_RR|000660|4T|240|241|243,240,241,243,122800.0,4,119000.0,122500.0,118612.33111673608,1550.6755330557055
000660.KS,000660,KOSPI,SK하이닉스,KRLEVEL_RR|000660|4T|259|260|262,259,260,262,122800.0,4,120300.0,122800.0,119968.0238707996,1327.9045168015627
000660.KS,000660,KOSPI,SK하이닉스,KRLEVEL_RR|000660|2T|294|297|298,294,297,298,124350.0,2,123500.0,124400.0,123135.77984252624,1456.8806298950249
000660.KS,000660,KOSPI,SK하이닉스,KRLEVEL_RR|000660|5T|336|338|340,336,338,340,123900.0,5,116500.0,123500.0,116117.32387424783,1530.7045030086942
000660.KS,000660,KOSPI,SK하이닉스,KRLEVEL_RR|000660|3T|378|381|382,378,381,382,130800.0,3,129500.0,131000.0,129150.58066265321,1397.677349387148
000660.KS,000660,KOSPI,SK하이닉스,KRLEVEL_RR|000660|5T|456|457|459,456,457,459,130800.0,5,128900.0,130800.0,128664.35325507913,942.586979683512
000660.KS,000660,KOSPI,SK하이닉스,KRLEVEL_RR|000660|2T|491|493|495,491,493,495,127650.0,2,124500.0,127900.0,124237.52141204625,1049.914351814994
000660.KS,000660,KOSPI,SK하이닉스,KRLEVEL_RR|000660|2T|507|508|509,507,508,509,131450.0,2,127300.0,131200.0,127039.2271812693,1043.0912749227666
000660.KS,000660,KOSPI,SK하이닉스,KRLEVEL_RR|000660|4T|572|573|574,572,573,574,140800.0,4,139200.0,140600.0,138961.09789259327,955.608429626909
000660.KS,000660,KOSPI,SK하이닉스,KRLEVEL_RR|000660|3T|616|617|619,616,617,619,133300.0,3,132100.0,133400.0,131786.77963766293,1252.8814493482505
000660.KS,000660,KOSPI,SK하이닉스,KRLEVEL_RR|000660|3T|647|649|651,647,649,651,133300.0,3,129000.0,133200.0,128640.2307596272,1439.0769614911753
000660.KS,000660,KOSPI,SK하이닉스,KRLEVEL_RR|000660|2T|727|730|732,727,730,732,135200.0,2,131700.0,135500.0,131337.2145454768,1451.1418180927628
000660.KS,000660,KOSPI,SK하이닉스,KRLEVEL_RR|000660|3T|776|777|779,776,777,779,149300.0,3,146000.0,148800.0,145526.39066652235,1894.4373339106546
000660.KS,000660,KOSPI,SK하이닉스,KRLEVEL_RR|000660|2T|901|902|904,901,902,904,169350.0,2,154100.0,169100.0,153477.13905284338,2491.4437886265005
000660.KS,000660,KOSPI,SK하이닉스,KRLEVEL_RR|000660|2T|1070|1071|1072,1070,1071,1072,173800.0,2,169000.0,174000.0,168523.58113632986,1905.6754546805741
000660.KS,000660,KOSPI,SK하이닉스,KRLEVEL_RR|000660|3T|1097|1099|1100,1097,1099,1100,179400.0,3,176000.0,179100.0,175664.65941395803,1341.3623441678585
000660.KS,000660,KOSPI,SK하이닉스,KRLEVEL_RR|000660|3T|1112|1113|1114,1112,1113,1114,183900.0,3,179000.0,184100.0,178476.38231996508,2094.470720139635
000660.KS,000660,KOSPI,SK하이닉스,KRLEVEL_RR|000660|4T|1196|1202|1203,1196,1202,1203,193350.0,4,188200.0,192300.0,187667.60937310604,2129.5625075758167
000660.KS,000660,KOSPI,SK하이닉스,KRLEVEL_RR|000660|6T|1346|1347|1348,1346,1347,1348,237500.0,6,234000.0,237000.0,233217.52083149125,3129.91667403507
000660.KS,000660,KOSPI,SK하이닉스,KRLEVEL_RR|000660|2T|1394|1400|1402,1394,1400,1402,204500.0,2,200500.0,202500.0,199573.31352657557,3706.745893697671
000660.KS,000660,KOSPI,SK하이닉스,KRLEVEL_RR|000660|2T|1438|1439|1441,1438,1439,1441,195650.0,2,185200.0,194000.0,184435.79618290806,3056.8152683678077
000660.KS,000660,KOSPI,SK하이닉스,KRLEVEL_RR|000660|2T|1505|1506|1507,1505,1506,1507,195650.0,2,176900.0,195200.0,176258.62162704568,2565.51349181724
000660.KS,000660,KOSPI,SK하이닉스,KRLEVEL_RR|000660|2T|1633|1634|1636,1633,1634,1636,158200.0,2,144700.0,158000.0,143892.78297348003,3228.8681060799086
000660.KS,000660,KOSPI,SK하이닉스,KRLEVEL_RR|000660|2T|1679|1682|1684,1679,1682,1684,174500.0,2,169500.0,173600.0,168869.1821626414,2523.2713494344084
000660.KS,000660,KOSPI,SK하이닉스,KRLEVEL_RR|000660|3T|1708|1709|1711,1708,1709,1711,188100.0,3,185100.0,187500.0,184517.60938798296,2329.5624480681295
000660.KS,000660,KOSPI,SK하이닉스,KRLEVEL_RR|000660|4T|1751|1756|1757,1751,1756,1757,192050.0,4,189800.0,190000.0,189104.59044560223,2781.6382175911494
000660.KS,000660,KOSPI,SK하이닉스,KRLEVEL_RR|000660|2T|1882|1884|1885,1882,1884,1885,175350.0,2,168200.0,175900.0,167654.63939369647,2181.4424252140802
000660.KS,000660,KOSPI,SK하이닉스,KRLEVEL_RR|000660|2T|1935|1936|1937,1935,1936,1937,172950.0,2,158600.0,172600.0,158023.54264339994,2305.829426400264
000660.KS,000660,KOSPI,SK하이닉스,KRLEVEL_RR|000660|3T|1963|1964|1965,1963,1964,1965,170400.0,3,167000.0,169900.0,166470.10006245328,2119.5997501868997
000660.KS,000660,KOSPI,SK하이닉스,KRLEVEL_RR|000660|3T|1977|1981|1983,1977,1981,1983,179000.0,3,173500.0,177600.0,173005.74010196512,1977.0395921395034
000660.KS,000660,KOSPI,SK하이닉스,KRLEVEL_RR|000660|3T|2019|2021|2022,2019,2021,2022,170400.0,3,168300.0,169400.0,167901.14742218962,1595.4103112414803
000660.KS,000660,KOSPI,SK하이닉스,KRLEVEL_RR|000660|2T|2090|2095|2096,2090,2095,2096,198000.0,2,193600.0,198100.0,192867.40031555347,2930.3987377860853
000660.KS,000660,KOSPI,SK하이닉스,KRLEVEL_RR|000660|2T|2121|2127|2128,2121,2127,2128,219500.0,2,198100.0,216500.0,197245.3907016642,3418.437193343166
000660.KS,000660,KOSPI,SK하이닉스,KRLEVEL_RR|000660|3T|2160|2161|2162,2160,2161,2162,197900.0,3,190800.0,197800.0,190054.20704082065,2983.1718367174517
000660.KS,000660,KOSPI,SK하이닉스,KRLEVEL_RR|000660|3T|2180|2182|2184,2180,2182,2184,197900.0,3,197600.0,198100.0,197047.38208906565,2210.4716437373963
000660.KS,000660,KOSPI,SK하이닉스,KRLEVEL_RR|000660|2T|2274|2277|2278,2274,2277,2278,191550.0,2,184000.0,190800.0,183436.55329337248,2253.786826510103
000660.KS,000660,KOSPI,SK하이닉스,KRLEVEL_RR|000660|2T|2304|2305|2306,2304,2305,2306,197750.0,2,181300.0,197600.0,180703.52356840982,2385.9057263607706
000660.KS,000660,KOSPI,SK하이닉스,KRLEVEL_RR|000660|2T|2333|2337|2339,2333,2337,2339,206000.0,2,205000.0,205500.0,204328.25382390595,2686.98470437622
000660.KS,000660,KOSPI,SK하이닉스,KRLEVEL_RR|000660|2T|2483|2484|2485,2483,2484,2485,180000.0,2,173500.0,179900.0,173114.6203430008,1541.5186279967886
000660.KS,000660,KOSPI,SK하이닉스,KRLEVEL_RR|000660|3T|2519|2520|2522,2519,2520,2522,184400.0,3,177000.0,184200.0,176539.51042621853,1841.9582951258576
000660.KS,000660,KOSPI,SK하이닉스,KRLEVEL_RR|000660|4T|2604|2610|2612,2604,2610,2612,201500.0,4,196900.0,201000.0,196285.3934691575,2458.4261233700013
000660.KS,000660,KOSPI,SK하이닉스,KRLEVEL_RR|000660|2T|2778|2784|2786,2778,2784,2786,282500.0,2,264500.0,280000.0,263568.26582713175,3726.9366914731067
000660.KS,000660,KOSPI,SK하이닉스,KRLEVEL_RR|000660|2T|2809|2811|2813,2809,2811,2813,294500.0,2,292500.0,293000.0,291550.6405984019,3797.4376063923883
000660.KS,000660,KOSPI,SK하이닉스,KRLEVEL_RR|000660|2T|2910|2911|2912,2910,2911,2912,260000.0,2,250000.0,260500.0,249260.30460468883,2958.781581244644
000660.KS,000660,KOSPI,SK하이닉스,KRLEVEL_RR|000660|3T|2930|2931|2932,2930,2931,2932,275000.0,3,255500.0,275000.0,254656.0712648699,3375.714940520389
000660.KS,000660,KOSPI,SK하이닉스,KRLEVEL_RR|000660|2T|2991|2992|2994,2991,2992,2994,262000.0,2,256000.0,262000.0,255250.1478098944,2999.4087604223964
000660.KS,000660,KOSPI,SK하이닉스,KRLEVEL_RR|000660|2T|3027|3030|3032,3027,3030,3032,273500.0,2,257750.0,273500.0,257039.19901854408,2843.2039258236587
000660.KS,000660,KOSPI,SK하이닉스,KRLEVEL_RR|000660|3T|3135|3136|3138,3135,3136,3138,356500.0,3,333000.0,356500.0,331996.22753680235,4015.0898527906375
000660.KS,000660,KOSPI,SK하이닉스,KRLEVEL_RR|000660|2T|3171|3172|3173,3171,3172,3173,437875.0,2,406500.0,438500.0,404497.49408968264,8010.023641269452
000660.KS,000660,KOSPI,SK하이닉스,KRLEVEL_RR|000660|2T|3273|3277|3278,3273,3277,3278,606500.0,2,565000.0,609000.0,561594.6459505584,13621.416197766745
000660.KS,000660,KOSPI,SK하이닉스,KRLEVEL_RR|000660|2T|3364|3366|3367,3364,3366,3367,535500.0,2,525000.0,537000.0,522561.1900761049,9755.239695580372
000660.KS,000660,KOSPI,SK하이닉스,KRLEVEL_RR|000660|2T|3390|3393|3395,3390,3393,3395,542000.0,2,527000.0,540000.0,524986.0803630686,8055.678547725512
000660.KS,000660,KOSPI,SK하이닉스,KRLEVEL_RR|000660|2T|3439|3443|3444,3439,3443,3444,557500.0,2,525000.0,551000.0,522901.75685557985,8392.972577680543
000660.KS,000660,KOSPI,SK하이닉스,KRLEVEL_RR|000660|3T|3725|3728|3730,3725,3728,3730,931000.0,3,846000.0,931000.0,837299.9354521643,34800.258191343106
000660.KS,000660,KOSPI,SK하이닉스,KRLEVEL_RR|000660|7T|3743|3746|3748,3743,3746,3748,903000.0,7,885000.0,909000.0,877077.3344147517,31690.662340992916
000660.KS,000660,KOSPI,SK하이닉스,KRLEVEL_RR|000660|4T|3767|3769|3770,3767,3769,3770,930000.0,4,884000.0,927000.0,878888.8670854438,20444.531658224736
000660.KS,000660,KOSPI,SK하이닉스,KRLEVEL_RR|000660|2T|3803|3804|3806,3803,3804,3806,948500.0,2,927000.0,938000.0,921142.6444681269,23429.422127492042
000660.KS,000660,KOSPI,SK하이닉스,KRLEVEL_RR|000660|2T|3863|3868|3869,3863,3868,3869,913500.0,2,860000.0,895000.0,853567.0491306876,25731.803477249752
000660.KS,000660,KOSPI,SK하이닉스,KRLEVEL_RR|000660|2T|4103|4104|4106,4103,4104,4106,1994500.0,2,1855000.0,1998000.0,1837312.3579134897,70750.56834604127
000660.KS,000660,KOSPI,SK하이닉스,KRLEVEL_RR|000660|2T|4118|4119|4121,4118,4119,4121,2079500.0,2,1960000.0,2075000.0,1940440.1171918968,78239.53123241266
000660.KS,000660,KOSPI,SK하이닉스,KRLEVEL_RR|000660|3T|4133|4134|4136,4133,4134,4136,2315000.0,3,2164000.0,2286000.0,2148817.9061643807,60728.37534247766
000660.KS,000660,KOSPI,SK하이닉스,KRLEVEL_RR|000660|6T|4215|4216|4217,4215,4216,4217,2388500.0,6,2045000.0,2370000.0,2019586.015763029,101655.93694788443
000660.KS,000660,KOSPI,SK하이닉스,KRLEVEL_RR|000660|2T|4235|4238|4240,4235,4238,4240,2175500.0,2,2080000.0,2091000.0,2055442.7239670714,98229.10413171451
000660.KS,000660,KOSPI,SK하이닉스,KRLEVEL_RR|000660|2T|4259|4260|4262,4259,4260,4262,2079500.0,2,1678000.0,2070000.0,1654158.4120439421,95366.35182423143
402340.KS,402340,KOSPI,SK스퀘어,KRLEVEL_RR|402340|2T|243|245|246,243,245,246,43775.0,2,43300.0,43750.0,43194.82477403434,420.70090386262694
402340.KS,402340,KOSPI,SK스퀘어,KRLEVEL_RR|402340|4T|266|268|269,266,268,269,44500.0,4,44300.0,44400.0,44188.07067966357,447.7172813457276
402340.KS,402340,KOSPI,SK스퀘어,KRLEVEL_RR|402340|2T|294|297|298,294,297,298,42600.0,2,42500.0,42600.0,42375.42427917738,498.3028832904907
402340.KS,402340,KOSPI,SK스퀘어,KRLEVEL_RR|402340|3T|330|334|336,330,334,336,42950.0,3,42250.0,42950.0,42097.48383430503,610.0646627798986
402340.KS,402340,KOSPI,SK스퀘어,KRLEVEL_RR|402340|2T|349|350|351,349,350,351,45200.0,2,44500.0,45050.0,44380.281808601256,478.8727655949707
402340.KS,402340,KOSPI,SK스퀘어,KRLEVEL_RR|402340|2T|414|416|417,414,416,417,48800.0,2,45150.0,48900.0,45009.72079006022,561.1168397590999
402340.KS,402340,KOSPI,SK스퀘어,KRLEVEL_RR|402340|2T|437|440|441,437,440,441,48800.0,2,47800.0,48650.0,47672.59458898406,509.6216440637517
402340.KS,402340,KOSPI,SK스퀘어,KRLEVEL_RR|402340|7T|516|517|519,516,517,519,50600.0,7,49700.0,50400.0,49583.48104147341,466.075834106373
402340.KS,402340,KOSPI,SK스퀘어,KRLEVEL_RR|402340|3T|539|541|542,539,541,542,50900.0,3,49550.0,50600.0,49424.5649743641,501.74010254360314
402340.KS,402340,KOSPI,SK스퀘어,KRLEVEL_RR|402340|7T|562|568|570,562,568,570,49400.0,7,48650.0,49150.0,48496.3719028176,614.5123887296061
402340.KS,402340,KOSPI,SK스퀘어,KRLEVEL_RR|402340|2T|658|659|661,658,659,661,50025.0,2,46700.0,49900.0,46573.365898204596,506.53640718162677
402340.KS,402340,KOSPI,SK스퀘어,KRLEVEL_RR|402340|2T|686|687|688,686,687,688,50025.0,2,48750.0,49950.0,48615.01435303017,539.942587879312
402340.KS,402340,KOSPI,SK스퀘어,KRLEVEL_RR|402340|2T|706|707|708,706,707,708,52450.0,2,51000.0,52500.0,50833.599822421944,665.6007103122254
402340.KS,402340,KOSPI,SK스퀘어,KRLEVEL_RR|402340|2T|784|785|786,784,785,786,70350.0,2,66800.0,70300.0,66485.58295972526,1257.6681610989413
402340.KS,402340,KOSPI,SK스퀘어,KRLEVEL_RR|402340|3T|809|811|812,809,811,812,66700.0,3,64200.0,67000.0,63884.110723861,1263.5571045560046
402340.KS,402340,KOSPI,SK스퀘어,KRLEVEL_RR|402340|3T|824|827|829,824,827,829,70200.0,3,66500.0,70200.0,66227.20988292902,1091.1604682839115
402340.KS,402340,KOSPI,SK스퀘어,KRLEVEL_RR|402340|2T|989|993|995,989,993,995,78000.0,2,70700.0,77500.0,70372.79726816695,1308.8109273322134
402340.KS,402340,KOSPI,SK스퀘어,KRLEVEL_RR|402340|3T|1006|1010|1012,1006,1010,1012,79900.0,3,77400.0,79900.0,77087.36759585225,1250.5296165909829
402340.KS,402340,KOSPI,SK스퀘어,KRLEVEL_RR|402340|2T|1025|1026|1028,1025,1026,1028,77150.0,2,75800.0,77100.0,75382.78136896224,1668.8745241510237
402340.KS,402340,KOSPI,SK스퀘어,KRLEVEL_RR|402340|2T|1069|1070|1072,1069,1070,1072,74850.0,2,73400.0,74800.0,73093.58939170338,1225.6424331864648
402340.KS,402340,KOSPI,SK스퀘어,KRLEVEL_RR|402340|3T|1097|1098|1099,1097,1098,1099,78900.0,3,77300.0,78800.0,77018.21731215247,1127.130751390099
402340.KS,402340,KOSPI,SK스퀘어,KRLEVEL_RR|402340|5T|1112|1113|1114,1112,1113,1114,79500.0,5,78700.0,79300.0,78408.64730014875,1165.4107994050382
402340.KS,402340,KOSPI,SK스퀘어,KRLEVEL_RR|402340|2T|1134|1135|1137,1134,1135,1137,81600.0,2,80900.0,81500.0,80636.35506120665,1054.5797551734292
402340.KS,402340,KOSPI,SK스퀘어,KRLEVEL_RR|402340|2T|1186|1187|1189,1186,1187,1189,76350.0,2,74200.0,76200.0,73815.35967429144,1538.5613028342589
402340.KS,402340,KOSPI,SK스퀘어,KRLEVEL_RR|402340|2T|1204|1207|1208,1204,1207,1208,83650.0,2,75200.0,84100.0,74749.85450023814,1800.5819990474288
402340.KS,402340,KOSPI,SK스퀘어,KRLEVEL_RR|402340|2T|1283|1286|1287,1283,1286,1287,98650.0,2,87200.0,97800.0,86736.17700011018,1855.291999559244
402340.KS,402340,KOSPI,SK스퀘어,KRLEVEL_RR|402340|3T|1318|1324|1325,1318,1324,1325,97000.0,3,93400.0,96500.0,92859.58647706363,2161.654091745493
402340.KS,402340,KOSPI,SK스퀘어,KRLEVEL_RR|402340|2T|1356|1359|1361,1356,1359,1361,104650.0,2,101600.0,104800.0,101189.84558696012,1640.6176521595216
402340.KS,402340,KOSPI,SK스퀘어,KRLEVEL_RR|402340|3T|1480|1482|1483,1480,1482,1483,76100.0,3,71100.0,76500.0,70697.0980899925,1611.6076400299626
402340.KS,402340,KOSPI,SK스퀘어,KRLEVEL_RR|402340|2T|1500|1502|1504,1500,1502,1504,87450.0,2,76100.0,87200.0,75679.59858838277,1681.6056464689593
402340.KS,402340,KOSPI,SK스퀘어,KRLEVEL_RR|402340|2T|1559|1560|1562,1559,1560,1562,78000.0,2,74500.0,77700.0,74145.23786783734,1419.0485286506682
402340.KS,402340,KOSPI,SK스퀘어,KRLEVEL_RR|402340|3T|1612|1613|1615,1612,1613,1615,76100.0,3,70800.0,75400.0,70384.59659242719,1661.6136302912635
402340.KS,402340,KOSPI,SK스퀘어,KRLEVEL_RR|402340|2T|1630|1631|1632,1630,1631,1632,73750.0,2,67600.0,74000.0,67100.323023414,1998.707906343959
402340.KS,402340,KOSPI,SK스퀘어,KRLEVEL_RR|402340|3T|1649|1652|1654,1649,1652,1654,78000.0,3,75000.0,77800.0,74496.98811562425,2012.0475375030073
402340.KS,402340,KOSPI,SK스퀘어,KRLEVEL_RR|402340|5T|1684|1686|1688,1684,1686,1688,79300.0,5,76400.0,79300.0,76062.24731471477,1351.0107411409529
402340.KS,402340,KOSPI,SK스퀘어,KRLEVEL_RR|402340|3T|1711|1715|1717,1711,1715,1717,85800.0,3,83000.0,85200.0,82638.83755249505,1444.6497900197842
402340.KS,402340,KOSPI,SK스퀘어,KRLEVEL_RR|402340|2T|1751|1752|1753,1751,1752,1753,87950.0,2,86000.0,88100.0,85620.72466229288,1517.1013508285027
402340.KS,402340,KOSPI,SK스퀘어,KRLEVEL_RR|402340|6T|1799|1800|1801,1799,1800,1801,86200.0,6,83300.0,86000.0,82865.6823902947,1737.2704388211991
402340.KS,402340,KOSPI,SK스퀘어,KRLEVEL_RR|402340|2T|1869|1870|1871,1869,1870,1871,79100.0,2,76600.0,78500.0,76213.05250317426,1547.7899873029473
402340.KS,402340,KOSPI,SK스퀘어,KRLEVEL_RR|402340|2T|1887|1888|1889,1887,1888,1889,87450.0,2,79100.0,87300.0,78710.90713539172,1556.3714584330771
402340.KS,402340,KOSPI,SK스퀘어,KRLEVEL_RR|402340|2T|1965|1967|1969,1965,1967,1969,81000.0,2,75300.0,80600.0,74959.25324497421,1362.98702010315
402340.KS,402340,KOSPI,SK스퀘어,KRLEVEL_RR|402340|4T|2042|2044|2046,2042,2044,2046,83400.0,4,77200.0,83100.0,76837.08974650598,1451.6410139760592
402340.KS,402340,KOSPI,SK스퀘어,KRLEVEL_RR|402340|2T|2117|2118|2120,2117,2118,2120,95500.0,2,94800.0,95300.0,94416.57651450789,1533.6939419684468
402340.KS,402340,KOSPI,SK스퀘어,KRLEVEL_RR|402340|2T|2150|2154|2156,2150,2154,2156,89050.0,2,85900.0,88600.0,85364.38546145646,2142.4581541741672
402340.KS,402340,KOSPI,SK스퀘어,KRLEVEL_RR|402340|3T|2193|2195|2196,2193,2195,2196,97200.0,3,92100.0,97000.0,91755.65205808713,1377.391767651458
402340.KS,402340,KOSPI,SK스퀘어,KRLEVEL_RR|402340|6T|2246|2249|2251,2246,2249,2251,95450.0,6,92600.0,95100.0,92276.90863669085,1292.3654532366056
402340.KS,402340,KOSPI,SK스퀘어,KRLEVEL_RR|402340|2T|2300|2301|2303,2300,2301,2303,89250.0,2,84500.0,89600.0,84168.42523317599,1326.2990672960022
402340.KS,402340,KOSPI,SK스퀘어,KRLEVEL_RR|402340|3T|2316|2322|2324,2316,2322,2324,93700.0,3,90100.0,93400.0,89807.28981473198,1170.8407410721013
402340.KS,402340,KOSPI,SK스퀘어,KRLEVEL_RR|402340|3T|2336|2337|2339,2336,2337,2339,98100.0,3,92000.0,97000.0,91655.1133592059,1379.5465631763564
402340.KS,402340,KOSPI,SK스퀘어,KRLEVEL_RR|402340|2T|2516|2517|2518,2516,2517,2518,88300.0,2,86100.0,88500.0,85805.14045923797,1179.4381630481491
402340.KS,402340,KOSPI,SK스퀘어,KRLEVEL_RR|402340|4T|2540|2544|2546,2540,2544,2546,94700.0,4,92400.0,94500.0,92051.79226053746,1392.8309578501376
402340.KS,402340,KOSPI,SK스퀘어,KRLEVEL_RR|402340|2T|2705|2707|2709,2705,2707,2709,156050.0,2,146200.0,156400.0,145581.05026830433,2475.798926782734
402340.KS,402340,KOSPI,SK스퀘어,KRLEVEL_RR|402340|2T|2894|2897|2899,2894,2897,2899,142300.0,2,138200.0,142100.0,137652.67407541876,2189.30369832489
402340.KS,402340,KOSPI,SK스퀘어,KRLEVEL_RR|402340|4T|2990|2991|2992,2990,2991,2992,146250.0,4,140000.0,146800.0,139382.51190597075,2469.952376116998
402340.KS,402340,KOSPI,SK스퀘어,KRLEVEL_RR|402340|3T|3016|3018|3019,3016,3018,3019,143400.0,3,143600.0,143700.0,143191.17706499813,1635.2917400075173
402340.KS,402340,KOSPI,SK스퀘어,KRLEVEL_RR|402340|3T|3042|3043|3044,3042,3043,3044,162400.0,3,151400.0,161000.0,150777.95167258882,2488.193309644652
402340.KS,402340,KOSPI,SK스퀘어,KRLEVEL_RR|402340|2T|3174|3175|3177,3174,3175,3177,254250.0,2,236500.0,252500.0,234959.16543627446,6163.338254902128
402340.KS,402340,KOSPI,SK스퀘어,KRLEVEL_RR|402340|2T|3195|3196|3198,3195,3196,3198,254250.0,2,250500.0,254500.0,249261.8080672104,4952.767731158455
402340.KS,402340,KOSPI,SK스퀘어,KRLEVEL_RR|402340|2T|3232|3237|3239,3232,3237,3239,281000.0,2,266500.0,275500.0,264566.28109467064,7734.8756213174565
402340.KS,402340,KOSPI,SK스퀘어,KRLEVEL_RR|402340|2T|3256|3261|3262,3256,3261,3262,254250.0,2,250000.0,252000.0,247330.552628048,10677.789487808015
402340.KS,402340,KOSPI,SK스퀘어,KRLEVEL_RR|402340|2T|3274|3276|3278,3274,3276,3278,293000.0,2,265000.0,293500.0,262221.334088942,11114.663644232041
402340.KS,402340,KOSPI,SK스퀘어,KRLEVEL_RR|402340|7T|3317|3318|3319,3317,3318,3319,282000.0,7,269750.0,279000.0,267613.552378385,8545.79048646008
402340.KS,402340,KOSPI,SK스퀘어,KRLEVEL_RR|402340|3T|3367|3373|3374,3367,3373,3374,305500.0,3,295000.0,298500.0,293380.5598472771,6477.7606108915315
402340.KS,402340,KOSPI,SK스퀘어,KRLEVEL_RR|402340|3T|3393|3394|3395,3393,3394,3395,310500.0,3,295000.0,309000.0,293434.7089755277,6261.164097889101
402340.KS,402340,KOSPI,SK스퀘어,KRLEVEL_RR|402340|3T|3444|3449|3451,3444,3449,3451,294000.0,3,273500.0,292000.0,272092.4776320768,5630.089471692589
402340.KS,402340,KOSPI,SK스퀘어,KRLEVEL_RR|402340|4T|3548|3549|3550,3548,3549,3550,434000.0,4,418500.0,434000.0,416733.50197222317,7065.992111107246
402340.KS,402340,KOSPI,SK스퀘어,KRLEVEL_RR|402340|3T|3577|3578|3580,3577,3578,3580,438500.0,3,413500.0,439000.0,411110.4084266251,9558.366293499736
402340.KS,402340,KOSPI,SK스퀘어,KRLEVEL_RR|402340|2T|3605|3607|3609,3605,3607,3609,535000.0,2,490500.0,531000.0,486464.28008400416,16142.879663983418
402340.KS,402340,KOSPI,SK스퀘어,KRLEVEL_RR|402340|2T|3620|3621|3623,3620,3621,3623,535000.0,2,493500.0,539000.0,488765.01532253786,18939.93870984848
402340.KS,402340,KOSPI,SK스퀘어,KRLEVEL_RR|402340|2T|3654|3656|3657,3654,3656,3657,535000.0,2,500000.0,533000.0,496621.77556067513,13512.89775729937
402340.KS,402340,KOSPI,SK스퀘어,KRLEVEL_RR|402340|5T|3688|3689|3690,3688,3689,3690,573000.0,5,547000.0,572000.0,543223.0168042795,15107.93278288211
402340.KS,402340,KOSPI,SK스퀘어,KRLEVEL_RR|402340|2T|3734|3735|3736,3734,3735,3736,535000.0,2,489000.0,536000.0,483506.19832422194,21975.206703112137
402340.KS,402340,KOSPI,SK스퀘어,KRLEVEL_RR|402340|2T|3764|3765|3767,3764,3765,3767,535000.0,2,517000.0,529000.0,513420.88948822964,14316.442047081358
402340.KS,402340,KOSPI,SK스퀘어,KRLEVEL_RR|402340|3T|3869|3871|3872,3869,3871,3872,569000.0,3,480000.0,563000.0,476165.1154755174,15339.538097930448
402340.KS,402340,KOSPI,SK스퀘어,KRLEVEL_RR|402340|2T|3896|3898|3899,3896,3898,3899,633000.0,2,545000.0,635000.0,541158.3307973812,15366.676810475135
402340.KS,402340,KOSPI,SK스퀘어,KRLEVEL_RR|402340|2T|3910|3915|3917,3910,3915,3917,683500.0,2,661000.0,681000.0,657637.3772286681,13450.491085327509
402340.KS,402340,KOSPI,SK스퀘어,KRLEVEL_RR|402340|2T|3929|3933|3934,3929,3933,3934,724500.0,2,694000.0,716000.0,690231.6784270281,15073.286291887307
402340.KS,402340,KOSPI,SK스퀘어,KRLEVEL_RR|402340|2T|3959|3963|3965,3959,3963,3965,845250.0,2,793000.0,841000.0,786820.3402421274,24718.639031490136
402340.KS,402340,KOSPI,SK스퀘어,KRLEVEL_RR|402340|2T|4037|4038|4039,4037,4038,4039,1104500.0,2,991000.0,1098000.0,982376.6051888708,34493.57924451702
402340.KS,402340,KOSPI,SK스퀘어,KRLEVEL_RR|402340|2T|4067|4070|4071,4067,4070,4071,1236000.0,2,1219000.0,1225000.0,1210737.4943757108,33050.02249715668
402340.KS,402340,KOSPI,SK스퀘어,KRLEVEL_RR|402340|2T|4106|4107|4108,4106,4107,4108,1211000.0,2,1118000.0,1216000.0,1106913.9509804205,44344.196078317735
402340.KS,402340,KOSPI,SK스퀘어,KRLEVEL_RR|402340|2T|4124|4128|4129,4124,4128,4129,1386000.0,2,1075000.0,1355000.0,1063051.6665767292,47793.33369308316
402340.KS,402340,KOSPI,SK스퀘어,KRLEVEL_RR|402340|2T|4197|4201|4202,4197,4201,4202,1693500.0,2,1523000.0,1621000.0,1502786.5967927107,80853.61282915757
402340.KS,402340,KOSPI,SK스퀘어,KRLEVEL_RR|402340|3T|4235|4238|4240,4235,4238,4240,1276000.0,3,1243000.0,1258000.0,1226538.7981135764,65844.8075456942
402340.KS,402340,KOSPI,SK스퀘어,KRLEVEL_RR|402340|4T|4259|4261|4262,4259,4261,4262,1382500.0,4,1086000.0,1395000.0,1070231.0958107014,63075.61675719418
402340.KS,402340,KOSPI,SK스퀘어,KRLEVEL_RR|402340|3T|4279|4282|4283,4279,4282,4283,1214000.0,3,1116000.0,1218000.0,1101151.7472467695,59393.011012921634
009150.KS,009150,KOSPI,삼성전기,KRLEVEL_RR|009150|2T|241|242|243,241,242,243,136900.0,2,131600.0,137200.0,131291.45032004465,1234.198719821462
009150.KS,009150,KOSPI,삼성전기,KRLEVEL_RR|009150|3T|270|271|273,270,271,273,140900.0,3,135300.0,141000.0,134946.39456042091,1414.4217583163859
009150.KS,009150,KOSPI,삼성전기,KRLEVEL_RR|009150|5T|294|298|300,294,298,300,141200.0,5,139200.0,139600.0,138827.77094503387,1488.9162198645631
009150.KS,009150,KOSPI,삼성전기,KRLEVEL_RR|009150|3T|375|381|382,375,381,382,134100.0,3,132200.0,133500.0,131897.8197828592,1208.7208685631176
009150.KS,009150,KOSPI,삼성전기,KRLEVEL_RR|009150|3T|393|398|400,393,398,400,137200.0,3,134100.0,136800.0,133853.08376454705,987.6649418118214
009150.KS,009150,KOSPI,삼성전기,KRLEVEL_RR|009150|3T|421|422|423,421,422,423,137200.0,3,136600.0,137200.0,136358.81445366252,964.7421853499427
009150.KS,009150,KOSPI,삼성전기,KRLEVEL_RR|009150|3T|437|440|442,437,440,442,137200.0,3,136500.0,137100.0,136275.46051069722,898.1579572111356
009150.KS,009150,KOSPI,삼성전기,KRLEVEL_RR|009150|2T|453|454|455,453,454,455,146500.0,2,141500.0,146300.0,141167.961192076,1328.1552316959655
009150.KS,009150,KOSPI,삼성전기,KRLEVEL_RR|009150|2T|480|486|487,480,486,487,146500.0,2,144000.0,146800.0,143660.0036912814,1359.985234874379
009150.KS,009150,KOSPI,삼성전기,KRLEVEL_RR|009150|3T|571|572|574,571,572,574,151700.0,3,148000.0,151900.0,147736.4588390973,1054.1646436108756
009150.KS,009150,KOSPI,삼성전기,KRLEVEL_RR|009150|2T|655|656|658,655,656,658,146500.0,2,137200.0,146600.0,136699.70076874684,2001.1969250125821
009150.KS,009150,KOSPI,삼성전기,KRLEVEL_RR|009150|2T|808|813|814,808,813,814,138950.0,2,134200.0,139100.0,133931.46179436296,1074.1528225481852
009150.KS,009150,KOSPI,삼성전기,KRLEVEL_RR|009150|3T|862|866|868,862,866,868,137800.0,3,134100.0,137500.0,133837.48187392938,1050.072504282502
009150.KS,009150,KOSPI,삼성전기,KRLEVEL_RR|009150|2T|886|890|891,886,890,891,146700.0,2,142100.0,146800.0,141676.6589663804,1693.3641344784326
009150.KS,009150,KOSPI,삼성전기,KRLEVEL_RR|009150|2T|979|980|981,979,980,981,156050.0,2,151000.0,155700.0,150529.34662848536,1882.6134860585014
009150.KS,009150,KOSPI,삼성전기,KRLEVEL_RR|009150|7T|1054|1058|1060,1054,1058,1060,149500.0,7,144600.0,148500.0,144128.67627367954,1885.294905281908
009150.KS,009150,KOSPI,삼성전기,KRLEVEL_RR|009150|4T|1126|1130|1132,1126,1130,1132,154450.0,4,151000.0,154100.0,150670.40537427636,1318.3785028945645
009150.KS,009150,KOSPI,삼성전기,KRLEVEL_RR|009150|3T|1153|1155|1157,1153,1155,1157,156700.0,3,154700.0,156800.0,154284.41180889844,1662.352764406242
009150.KS,009150,KOSPI,삼성전기,KRLEVEL_RR|009150|2T|1175|1179|1180,1175,1179,1180,156900.0,2,156700.0,156900.0,156287.59791556708,1649.6083377316854
009150.KS,009150,KOSPI,삼성전기,KRLEVEL_RR|009150|2T|1231|1232|1234,1231,1232,1234,149300.0,2,148900.0,149400.0,148510.4261446253,1558.2954214988165
009150.KS,009150,KOSPI,삼성전기,KRLEVEL_RR|009150|3T|1290|1292|1294,1290,1292,1294,154400.0,3,150000.0,153800.0,149714.52854798184,1141.8858080725777
009150.KS,009150,KOSPI,삼성전기,KRLEVEL_RR|009150|2T|1316|1318|1319,1316,1318,1319,155650.0,2,152500.0,155900.0,152080.08769593545,1679.6492162582047
009150.KS,009150,KOSPI,삼성전기,KRLEVEL_RR|009150|4T|1367|1368|1369,1367,1368,1369,160950.0,4,159600.0,161300.0,159157.00208730466,1771.9916507814148
009150.KS,009150,KOSPI,삼성전기,KRLEVEL_RR|009150|2T|1432|1436|1437,1432,1436,1437,156650.0,2,153100.0,154900.0,152639.11645246638,1843.53419013452
009150.KS,009150,KOSPI,삼성전기,KRLEVEL_RR|009150|2T|1630|1634|1636,1630,1634,1636,131600.0,2,127300.0,131700.0,126806.2835767983,1974.8656928067937
009150.KS,009150,KOSPI,삼성전기,KRLEVEL_RR|009150|2T|1878|1879|1881,1878,1879,1881,111950.0,2,110400.0,111900.0,110093.11297754917,1227.5480898033047
009150.KS,009150,KOSPI,삼성전기,KRLEVEL_RR|009150|3T|1894|1895|1896,1894,1895,1896,113600.0,3,111700.0,113400.0,111379.95829714353,1280.1668114258991
009150.KS,009150,KOSPI,삼성전기,KRLEVEL_RR|009150|3T|1936|1939|1941,1936,1939,1941,109700.0,3,105700.0,109600.0,105336.49430207594,1454.0227916962433
009150.KS,009150,KOSPI,삼성전기,KRLEVEL_RR|009150|2T|1955|1956|1958,1955,1956,1958,115100.0,2,105700.0,114100.0,105243.55132225763,1825.7947109694892
009150.KS,009150,KOSPI,삼성전기,KRLEVEL_RR|009150|4T|1996|2001|2003,1996,2001,2003,127900.0,4,123600.0,126100.0,123179.9193719383,1680.3225122467834
009150.KS,009150,KOSPI,삼성전기,KRLEVEL_RR|009150|5T|2048|2052|2053,2048,2052,2053,128000.0,5,121400.0,128400.0,120900.80368919043,1996.7852432382804
009150.KS,009150,KOSPI,삼성전기,KRLEVEL_RR|009150|5T|2124|2127|2129,2124,2127,2129,128000.0,5,124200.0,127700.0,123836.58600002601,1453.6559998959567
009150.KS,009150,KOSPI,삼성전기,KRLEVEL_RR|009150|3T|2147|2148|2150,2147,2148,2150,130000.0,3,129200.0,130200.0,128777.36955683726,1690.5217726509172
009150.KS,009150,KOSPI,삼성전기,KRLEVEL_RR|009150|2T|2163|2165|2167,2163,2165,2167,132250.0,2,130700.0,131200.0,130349.04469157202,1403.8212337119148
009150.KS,009150,KOSPI,삼성전기,KRLEVEL_RR|009150|3T|2298|2304|2306,2298,2304,2306,137800.0,3,128700.0,137000.0,128269.90497562404,1720.380097503829
009150.KS,009150,KOSPI,삼성전기,KRLEVEL_RR|009150|3T|2331|2332|2333,2331,2332,2333,137800.0,3,136600.0,137600.0,136284.43556382426,1262.2577447030312
009150.KS,009150,KOSPI,삼성전기,KRLEVEL_RR|009150|2T|2481|2482|2484,2481,2482,2484,121500.0,2,119500.0,121400.0,119265.33338882808,938.6664446876964
009150.KS,009150,KOSPI,삼성전기,KRLEVEL_RR|009150|2T|2542|2543|2544,2542,2543,2544,121500.0,2,117100.0,121600.0,116840.81690558049,1036.7323776780356
009150.KS,009150,KOSPI,삼성전기,KRLEVEL_RR|009150|3T|2600|2601|2602,2600,2601,2602,118200.0,3,117100.0,118200.0,116802.5528612416,1189.7885550336018
009150.KS,009150,KOSPI,삼성전기,KRLEVEL_RR|009150|4T|2613|2619|2620,2613,2619,2620,123300.0,4,118400.0,122600.0,118087.58005601457,1249.6797759417097
009150.KS,009150,KOSPI,삼성전기,KRLEVEL_RR|009150|2T|2819|2823|2825,2819,2823,2825,137250.0,2,135300.0,137300.0,135004.3765502318,1182.4937990728279
009150.KS,009150,KOSPI,삼성전기,KRLEVEL_RR|009150|2T|2862|2867|2869,2862,2867,2869,136600.0,2,135000.0,136400.0,134691.63323051648,1233.4670779341236
009150.KS,009150,KOSPI,삼성전기,KRLEVEL_RR|009150|3T|2906|2912|2913,2906,2912,2913,156700.0,3,153200.0,154500.0,152605.42498521006,2378.3000591597306
009150.KS,009150,KOSPI,삼성전기,KRLEVEL_RR|009150|2T|2934|2939|2940,2934,2939,2940,162850.0,2,157900.0,162300.0,157552.07956100785,1391.681755968546
009150.KS,009150,KOSPI,삼성전기,KRLEVEL_RR|009150|4T|2972|2977|2978,2972,2977,2978,156650.0,4,154300.0,156800.0,153973.97319596997,1304.1072161201198
009150.KS,009150,KOSPI,삼성전기,KRLEVEL_RR|009150|3T|3002|3008|3010,3002,3008,3010,163500.0,3,160100.0,163200.0,159585.08790518937,2059.6483792425315
009150.KS,009150,KOSPI,삼성전기,KRLEVEL_RR|009150|2T|3140|3142|3143,3140,3142,3143,196550.0,2,193300.0,196500.0,192753.47299828051,2186.108006877928
009150.KS,009150,KOSPI,삼성전기,KRLEVEL_RR|009150|2T|3169|3170|3172,3169,3170,3172,199050.0,2,195400.0,197500.0,194780.37728761733,2478.490849530635
009150.KS,009150,KOSPI,삼성전기,KRLEVEL_RR|009150|3T|3184|3186|3188,3184,3186,3188,210500.0,3,199000.0,209000.0,198158.8666550112,3364.533379955258
009150.KS,009150,KOSPI,삼성전기,KRLEVEL_RR|009150|2T|3212|3216|3217,3212,3216,3217,223500.0,2,206500.0,223500.0,205711.6410832467,3153.4356670131365
009150.KS,009150,KOSPI,삼성전기,KRLEVEL_RR|009150|2T|3231|3234|3236,3231,3234,3236,223500.0,2,223500.0,224500.0,222287.33818450203,4850.647261991906
009150.KS,009150,KOSPI,삼성전기,KRLEVEL_RR|009150|2T|3255|3256|3257,3255,3256,3257,223500.0,2,223000.0,224000.0,221652.75467185432,5388.981312582725
009150.KS,009150,KOSPI,삼성전기,KRLEVEL_RR|009150|3T|3276|3277|3278,3276,3277,3278,223500.0,3,215000.0,224500.0,213841.52756123594,4633.889755056248
009150.KS,009150,KOSPI,삼성전기,KRLEVEL_RR|009150|3T|3331|3332|3333,3331,3332,3333,228000.0,3,207000.0,225000.0,205777.5142826636,4889.9428693456475
009150.KS,009150,KOSPI,삼성전기,KRLEVEL_RR|009150|2T|3368|3371|3373,3368,3371,3373,250750.0,2,243500.0,250500.0,242302.74410340004,4789.023586399868
009150.KS,009150,KOSPI,삼성전기,KRLEVEL_RR|009150|3T|3388|3389|3390,3388,3389,3390,259000.0,3,256500.0,258000.0,255434.45007426324,4262.199702947079
009150.KS,009150,KOSPI,삼성전기,KRLEVEL_RR|009150|2T|3501|3502|3504,3501,3502,3504,264500.0,2,257500.0,264500.0,256567.62613493967,3729.49546024131
009150.KS,009150,KOSPI,삼성전기,KRLEVEL_RR|009150|5T|3522|3527|3528,3522,3527,3528,273000.0,5,265000.0,274000.0,263503.2857590014,5986.8569639943335
009150.KS,009150,KOSPI,삼성전기,KRLEVEL_RR|009150|2T|3558|3559|3560,3558,3559,3560,281750.0,2,279500.0,281000.0,278400.1229193355,4399.508322657967
009150.KS,009150,KOSPI,삼성전기,KRLEVEL_RR|009150|5T|3585|3589|3590,3585,3589,3590,273000.0,5,267500.0,272500.0,266377.16584069264,4491.3366372294395
009150.KS,009150,KOSPI,삼성전기,KRLEVEL_RR|009150|4T|3615|3616|3617,3615,3616,3617,285750.0,4,272500.0,280000.0,270609.9765257733,7560.093896906859
009150.KS,009150,KOSPI,삼성전기,KRLEVEL_RR|009150|4T|3636|3640|3641,3636,3640,3641,281000.0,4,272500.0,277000.0,270793.4897544878,6826.040982048686
009150.KS,009150,KOSPI,삼성전기,KRLEVEL_RR|009150|3T|3767|3770|3772,3767,3770,3772,406500.0,3,384000.0,406500.0,381766.4845150483,8934.06193980699
009150.KS,009150,KOSPI,삼성전기,KRLEVEL_RR|009150|2T|3784|3786|3787,3784,3786,3787,462500.0,2,405500.0,457500.0,402818.0971354043,10727.611458382831
009150.KS,009150,KOSPI,삼성전기,KRLEVEL_RR|009150|2T|3805|3806|3807,3805,3806,3807,425750.0,2,426000.0,427500.0,423163.2090657104,11347.163737158317
009150.KS,009150,KOSPI,삼성전기,KRLEVEL_RR|009150|2T|3824|3825|3826,3824,3825,3826,425750.0,2,418000.0,426000.0,415389.5597008053,10441.761196778927
009150.KS,009150,KOSPI,삼성전기,KRLEVEL_RR|009150|2T|3851|3853|3854,3851,3853,3854,450750.0,2,412500.0,450000.0,409232.390815533,13070.436737868102
009150.KS,009150,KOSPI,삼성전기,KRLEVEL_RR|009150|2T|3893|3895|3897,3893,3895,3897,581000.0,2,554000.0,577000.0,551018.3770606512,11926.491757395263
009150.KS,009150,KOSPI,삼성전기,KRLEVEL_RR|009150|2T|3947|3948|3949,3947,3948,3949,814000.0,2,771000.0,812000.0,767232.4529322038,15070.1882711851
009150.KS,009150,KOSPI,삼성전기,KRLEVEL_RR|009150|2T|3995|4000|4001,3995,4000,4001,921000.0,2,858000.0,926000.0,850436.6992333299,30253.203066680646
009150.KS,009150,KOSPI,삼성전기,KRLEVEL_RR|009150|2T|4063|4064|4066,4063,4064,4066,1732000.0,2,1561000.0,1710000.0,1543258.4244734389,70966.30210624427
009150.KS,009150,KOSPI,삼성전기,KRLEVEL_RR|009150|2T|4087|4090|4092,4087,4090,4092,1732000.0,2,1659000.0,1726000.0,1639750.238089906,76999.04764037626
009150.KS,009150,KOSPI,삼성전기,KRLEVEL_RR|009150|2T|4103|4104|4105,4103,4104,4105,1732000.0,2,1552000.0,1719000.0,1532194.1370011745,79223.45199530222
009150.KS,009150,KOSPI,삼성전기,KRLEVEL_RR|009150|3T|4133|4139|4140,4133,4139,4140,1975000.0,3,1694000.0,1972000.0,1678273.959692467,62904.16123013215
009150.KS,009150,KOSPI,삼성전기,KRLEVEL_RR|009150|3T|4175|4178|4179,4175,4178,4179,1975000.0,3,1901000.0,1965000.0,1885068.9839602339,63724.06415906436
009150.KS,009150,KOSPI,삼성전기,KRLEVEL_RR|009150|2T|4241|4243|4244,4241,4243,4244,1598000.0,2,1418000.0,1577000.0,1401411.7783281994,66352.88668720247
009150.KS,009150,KOSPI,삼성전기,KRLEVEL_RR|009150|3T|4344|4345|4347,4344,4345,4347,1326000.0,3,1136000.0,1304000.0,1122894.1636487385,52423.34540504614
373220.KS,373220,KOSPI,LG에너지솔루션,KRLEVEL_RR|373220|2T|379|382|384,379,382,384,412000.0,2,411500.0,413000.0,409456.0473826975,8175.810469209844
373220.KS,373220,KOSPI,LG에너지솔루션,KRLEVEL_RR|373220|4T|407|410|411,407,410,411,442250.0,4,428000.0,440000.0,426519.9677069823,5920.129172070827
373220.KS,373220,KOSPI,LG에너지솔루션,KRLEVEL_RR|373220|3T|453|454|456,453,454,456,444000.0,3,434000.0,444000.0,432885.6697180463,4457.321127814696
373220.KS,373220,KOSPI,LG에너지솔루션,KRLEVEL_RR|373220|3T|540|541|543,540,541,543,430500.0,3,419000.0,430500.0,418228.13112163934,3087.4755134427596
373220.KS,373220,KOSPI,LG에너지솔루션,KRLEVEL_RR|373220|2T|570|573|574,570,573,574,422250.0,2,419000.0,422500.0,418384.6938924575,2461.2244301698356
373220.KS,373220,KOSPI,LG에너지솔루션,KRLEVEL_RR|373220|3T|712|716|718,712,716,718,387500.0,3,373000.0,384000.0,371804.7787087376,4780.8851650497845
373220.KS,373220,KOSPI,LG에너지솔루션,KRLEVEL_RR|373220|3T|736|740|742,736,740,742,387500.0,3,377000.0,387000.0,375828.29990177834,4686.8003928866465
373220.KS,373220,KOSPI,LG에너지솔루션,KRLEVEL_RR|373220|4T|754|757|759,754,757,759,392250.0,4,380000.0,389500.0,378966.4870992697,4134.051602921315
373220.KS,373220,KOSPI,LG에너지솔루션,KRLEVEL_RR|373220|2T|770|772|773,770,772,773,397250.0,2,380000.0,392000.0,378904.93373452465,4380.265061901434
373220.KS,373220,KOSPI,LG에너지솔루션,KRLEVEL_RR|373220|2T|839|843|844,839,843,844,397250.0,2,394000.0,397500.0,392895.7485273623,4417.005890550903
373220.KS,373220,KOSPI,LG에너지솔루션,KRLEVEL_RR|373220|2T|857|858|859,857,858,859,412000.0,2,399000.0,411000.0,397944.1257961028,4223.496815588899
373220.KS,373220,KOSPI,LG에너지솔루션,KRLEVEL_RR|373220|3T|880|881|883,880,881,883,404500.0,3,401000.0,403500.0,400104.1467495266,3583.4130018935716
373220.KS,373220,KOSPI,LG에너지솔루션,KRLEVEL_RR|373220|2T|898|899|900,898,899,900,409500.0,2,402000.0,410000.0,401162.31658506516,3350.733659739337
373220.KS,373220,KOSPI,LG에너지솔루션,KRLEVEL_RR|373220|6T|1036|1038|1040,1036,1038,1040,378500.0,6,364500.0,378500.0,363423.66561102483,4305.337555900705
373220.KS,373220,KOSPI,LG에너지솔루션,KRLEVEL_RR|373220|2T|1072|1075|1076,1072,1075,1076,389750.0,2,381000.0,388500.0,380155.4337833613,3378.2648665549523
373220.KS,373220,KOSPI,LG에너지솔루션,KRLEVEL_RR|373220|2T|1305|1310|1312,1305,1310,1312,345500.0,2,325000.0,346000.0,323433.13274607784,6267.469015688668
373220.KS,373220,KOSPI,LG에너지솔루션,KRLEVEL_RR|373220|6T|1333|1334|1336,1333,1334,1336,359500.0,6,352500.0,360500.0,351321.78628205386,4712.854871784662
373220.KS,373220,KOSPI,LG에너지솔루션,KRLEVEL_RR|373220|3T|1350|1355|1357,1350,1355,1357,369500.0,3,358000.0,368500.0,356892.24828669115,4431.006853235444
373220.KS,373220,KOSPI,LG에너지솔루션,KRLEVEL_RR|373220|3T|1442|1446|1448,1442,1446,1448,333000.0,3,322000.0,331500.0,320794.0837345358,4823.665061856832
373220.KS,373220,KOSPI,LG에너지솔루션,KRLEVEL_RR|373220|2T|1490|1491|1492,1490,1491,1492,329250.0,2,322000.0,329000.0,320707.472607791,5170.109568835823
373220.KS,373220,KOSPI,LG에너지솔루션,KRLEVEL_RR|373220|3T|1522|1525|1526,1522,1525,1526,361500.0,3,330000.0,359000.0,328618.79792455386,5524.80830178447
373220.KS,373220,KOSPI,LG에너지솔루션,KRLEVEL_RR|373220|3T|1539|1542|1544,1539,1542,1544,374500.0,3,330000.0,375500.0,328743.9058151068,5024.376739572667
373220.KS,373220,KOSPI,LG에너지솔루션,KRLEVEL_RR|373220|2T|1642|1644|1646,1642,1644,1646,406250.0,2,390500.0,407500.0,389223.947036028,5104.211855887958
373220.KS,373220,KOSPI,LG에너지솔루션,KRLEVEL_RR|373220|2T|1658|1661|1662,1658,1661,1662,409750.0,2,402500.0,408500.0,401262.33083811664,4950.676647533511
373220.KS,373220,KOSPI,LG에너지솔루션,KRLEVEL_RR|373220|3T|1684|1690|1692,1684,1690,1692,418000.0,3,398500.0,412000.0,396682.6428182258,7269.428727096878
373220.KS,373220,KOSPI,LG에너지솔루션,KRLEVEL_RR|373220|7T|1768|1770|1772,1768,1770,1772,411500.0,7,403500.0,404000.0,402066.2355283397,5735.057886641159
373220.KS,373220,KOSPI,LG에너지솔루션,KRLEVEL_RR|373220|6T|1786|1790|1792,1786,1790,1792,411500.0,6,400500.0,412000.0,399163.23319219827,5347.067231206936
373220.KS,373220,KOSPI,LG에너지솔루션,KRLEVEL_RR|373220|8T|1828|1832|1834,1828,1832,1834,417750.0,8,375000.0,415500.0,372950.79515106016,8196.819395759418
373220.KS,373220,KOSPI,LG에너지솔루션,KRLEVEL_RR|373220|4T|1865|1866|1868,1865,1866,1868,392750.0,4,375000.0,389000.0,373454.23178688204,6183.072852471898
373220.KS,373220,KOSPI,LG에너지솔루션,KRLEVEL_RR|373220|3T|1970|1973|1975,1970,1973,1975,394000.0,3,374000.0,391500.0,372755.1395773693,4979.441690522802
373220.KS,373220,KOSPI,LG에너지솔루션,KRLEVEL_RR|373220|2T|2192|2193|2194,2192,2193,2194,347000.0,2,329000.0,346500.0,327997.3772907895,4010.4908368419797
373220.KS,373220,KOSPI,LG에너지솔루션,KRLEVEL_RR|373220|3T|2222|2223|2224,2222,2223,2224,370500.0,3,347500.0,371000.0,346330.0956005439,4679.617597824537
373220.KS,373220,KOSPI,LG에너지솔루션,KRLEVEL_RR|373220|3T|2301|2302|2303,2301,2302,2303,344500.0,3,336000.0,344000.0,334934.7511842901,4260.995262839703
373220.KS,373220,KOSPI,LG에너지솔루션,KRLEVEL_RR|373220|2T|2336|2338|2339,2336,2338,2339,332500.0,2,325000.0,330500.0,324188.4190451011,3246.3238195956837
373220.KS,373220,KOSPI,LG에너지솔루션,KRLEVEL_RR|373220|7T|2426|2427|2428,2426,2427,2428,331000.0,7,314500.0,332500.0,312885.79473003163,6456.821079873394
373220.KS,373220,KOSPI,LG에너지솔루션,KRLEVEL_RR|373220|7T|2444|2449|2450,2444,2449,2450,343500.0,7,314000.0,343500.0,312868.0909647379,4527.636141048554
373220.KS,373220,KOSPI,LG에너지솔루션,KRLEVEL_RR|373220|2T|2480|2481|2482,2480,2481,2482,341000.0,2,334500.0,341500.0,333573.2555871797,3706.9776512812386
373220.KS,373220,KOSPI,LG에너지솔루션,KRLEVEL_RR|373220|6T|2498|2503|2505,2498,2503,2505,343750.0,6,340000.0,344000.0,339095.84753451264,3616.6098619494765
373220.KS,373220,KOSPI,LG에너지솔루션,KRLEVEL_RR|373220|2T|2616|2618|2619,2616,2618,2619,283500.0,2,268500.0,283000.0,267487.3690680576,4050.523727769416
373220.KS,373220,KOSPI,LG에너지솔루션,KRLEVEL_RR|373220|2T|2631|2635|2636,2631,2635,2636,283500.0,2,283500.0,284000.0,282554.20513175544,3783.179472978247
373220.KS,373220,KOSPI,LG에너지솔루션,KRLEVEL_RR|373220|2T|2655|2661|2663,2655,2661,2663,291250.0,2,280500.0,289000.0,279609.9663271435,3560.134691426015
373220.KS,373220,KOSPI,LG에너지솔루션,KRLEVEL_RR|373220|2T|2683|2688|2690,2683,2688,2690,291250.0,2,288000.0,292000.0,287141.1365466692,3435.453813323309
373220.KS,373220,KOSPI,LG에너지솔루션,KRLEVEL_RR|373220|3T|2702|2703|2704,2702,2703,2704,295500.0,3,291000.0,295000.0,290096.2199916957,3615.1200332171265
373220.KS,373220,KOSPI,LG에너지솔루션,KRLEVEL_RR|373220|2T|2745|2751|2752,2745,2751,2752,297250.0,2,287000.0,295000.0,286177.6202658973,3289.518936410828
373220.KS,373220,KOSPI,LG에너지솔루션,KRLEVEL_RR|373220|2T|2780|2785|2786,2780,2785,2786,306000.0,2,305000.0,305500.0,303839.0832347753,4643.667060898898
373220.KS,373220,KOSPI,LG에너지솔루션,KRLEVEL_RR|373220|2T|2828|2829|2830,2828,2829,2830,325500.0,2,310500.0,325500.0,309710.85256421776,3156.589743128989
373220.KS,373220,KOSPI,LG에너지솔루션,KRLEVEL_RR|373220|2T|2894|2896|2898,2894,2896,2898,384500.0,2,369000.0,383000.0,367554.8654392848,5780.538242860606
373220.KS,373220,KOSPI,LG에너지솔루션,KRLEVEL_RR|373220|2T|2920|2924|2926,2920,2924,2926,384500.0,2,379500.0,382500.0,378293.02740702435,4827.890371902658
373220.KS,373220,KOSPI,LG에너지솔루션,KRLEVEL_RR|373220|4T|3143|3145|3146,3143,3145,3146,353500.0,4,341000.0,349500.0,339864.7770410259,4540.891835896249
373220.KS,373220,KOSPI,LG에너지솔루션,KRLEVEL_RR|373220|3T|3166|3167|3168,3166,3167,3168,382500.0,3,352500.0,382000.0,351179.08577111934,5283.656915522588
373220.KS,373220,KOSPI,LG에너지솔루션,KRLEVEL_RR|373220|2T|3385|3388|3390,3385,3388,3390,419500.0,2,410000.0,420000.0,408715.54737865226,5137.810485390888
373220.KS,373220,KOSPI,LG에너지솔루션,KRLEVEL_RR|373220|2T|3416|3419|3420,3416,3419,3420,442750.0,2,433000.0,440500.0,431911.6053116367,4353.578753453097
373220.KS,373220,KOSPI,LG에너지솔루션,KRLEVEL_RR|373220|2T|3555|3556|3557,3555,3556,3557,395750.0,2,384000.0,394000.0,382620.77108436514,5516.91566253947
373220.KS,373220,KOSPI,LG에너지솔루션,KRLEVEL_RR|373220|2T|3593|3596|3598,3593,3596,3598,426250.0,2,404500.0,422000.0,402560.2775135415,7758.889945833964
373220.KS,373220,KOSPI,LG에너지솔루션,KRLEVEL_RR|373220|3T|3623|3626|3628,3623,3626,3628,396000.0,3,379500.0,397500.0,378048.6714683998,5805.314126400679
373220.KS,373220,KOSPI,LG에너지솔루션,KRLEVEL_RR|373220|5T|3641|3644|3646,3641,3644,3646,391500.0,5,377000.0,390500.0,375572.3394914027,5710.642034389322
373220.KS,373220,KOSPI,LG에너지솔루션,KRLEVEL_RR|373220|4T|3672|3674|3676,3672,3674,3676,398250.0,4,395000.0,398500.0,393905.6981072414,4377.207571034356
373220.KS,373220,KOSPI,LG에너지솔루션,KRLEVEL_RR|373220|3T|3725|3728|3730,3725,3728,3730,371000.0,3,346000.0,369000.0,343484.84061993,10060.63752028006
373220.KS,373220,KOSPI,LG에너지솔루션,KRLEVEL_RR|373220|4T|3803|3804|3806,3803,3804,3806,376000.0,4,357000.0,373500.0,355373.5435393525,6505.825842590127
373220.KS,373220,KOSPI,LG에너지솔루션,KRLEVEL_RR|373220|7T|3822|3823|3825,3822,3823,3825,376000.0,7,355000.0,377250.0,353221.1646552416,7115.341379033519
373220.KS,373220,KOSPI,LG에너지솔루션,KRLEVEL_RR|373220|4T|3841|3842|3843,3841,3842,3843,399500.0,4,377000.0,397500.0,375137.1540533898,7451.383786440798
373220.KS,373220,KOSPI,LG에너지솔루션,KRLEVEL_RR|373220|3T|3857|3861|3863,3857,3861,3863,409500.0,3,396500.0,409000.0,394595.9714750964,7616.114099614377
373220.KS,373220,KOSPI,LG에너지솔루션,KRLEVEL_RR|373220|3T|3875|3876|3877,3875,3876,3877,414500.0,3,400500.0,413000.0,398780.3711028549,6878.515588580495
373220.KS,373220,KOSPI,LG에너지솔루션,KRLEVEL_RR|373220|3T|3907|3909|3910,3907,3909,3910,414500.0,3,399500.0,413000.0,398487.55753978004,4049.76984087994
373220.KS,373220,KOSPI,LG에너지솔루션,KRLEVEL_RR|373220|3T|3972|3973|3975,3972,3973,3975,476000.0,3,459000.0,473500.0,457297.5464195389,6809.8143218443865
373220.KS,373220,KOSPI,LG에너지솔루션,KRLEVEL_RR|373220|7T|4061|4064|4066,4061,4064,4066,422000.0,7,394500.0,422000.0,391938.7621402796,10244.951438881802
373220.KS,373220,KOSPI,LG에너지솔루션,KRLEVEL_RR|373220|4T|4127|4130|4132,4127,4130,4132,416250.0,4,367000.0,415500.0,364875.3034733724,8498.786106510224
373220.KS,373220,KOSPI,LG에너지솔루션,KRLEVEL_RR|373220|2T|4259|4262|4264,4259,4262,4264,333250.0,2,317000.0,333500.0,315113.57370552706,7545.705177891772
373220.KS,373220,KOSPI,LG에너지솔루션,KRLEVEL_RR|373220|3T|4291|4292|4294,4291,4292,4294,333500.0,3,314000.0,334250.0,312344.90210641373,6620.391574345029
373220.KS,373220,KOSPI,LG에너지솔루션,KRLEVEL_RR|373220|2T|4325|4328|4330,4325,4328,4330,319000.0,2,290500.0,318500.0,288511.6277801442,7953.488879423035
373220.KS,373220,KOSPI,LG에너지솔루션,KRLEVEL_RR|373220|4T|4343|4348|4349,4343,4348,4349,333500.0,4,312000.0,331000.0,310294.1618777022,6823.352489191032
005380.KS,005380,KOSPI,현대차,KRLEVEL_RR|005380|2T|265|268|269,265,268,269,188800.0,2,186500.0,188200.0,186289.04908591326,843.8036563470033
005380.KS,005380,KOSPI,현대차,KRLEVEL_RR|005380|3T|385|387|388,385,387,388,175300.0,3,172800.0,174900.0,172571.12178403672,915.5128638531601
005380.KS,005380,KOSPI,현대차,KRLEVEL_RR|005380|5T|607|608|610,607,608,610,185900.0,5,185500.0,185600.0,185244.34624165212,1022.6150333914665
005380.KS,005380,KOSPI,현대차,KRLEVEL_RR|005380|2T|628|630|631,628,630,631,187000.0,2,186000.0,186800.0,185725.68233034923,1097.270678603147
005380.KS,005380,KOSPI,현대차,KRLEVEL_RR|005380|2T|664|665|667,664,665,667,183200.0,2,179800.0,182600.0,179519.17907714358,1123.2836914256718
005380.KS,005380,KOSPI,현대차,KRLEVEL_RR|005380|2T|688|689|691,688,689,691,188900.0,2,186500.0,188900.0,186062.6181352362,1749.527459055215
005380.KS,005380,KOSPI,현대차,KRLEVEL_RR|005380|4T|703|704|705,703,704,705,192850.0,4,188500.0,193300.0,187996.80007445524,2012.7997021790504
005380.KS,005380,KOSPI,현대차,KRLEVEL_RR|005380|2T|766|767|769,766,767,769,250500.0,2,235500.0,248500.0,234487.40056381276,4050.397744748918
005380.KS,005380,KOSPI,현대차,KRLEVEL_RR|005380|2T|788|791|793,788,791,793,242750.0,2,237500.0,243000.0,236705.61272144987,3177.5491142005535
005380.KS,005380,KOSPI,현대차,KRLEVEL_RR|005380|4T|811|815|816,811,815,816,246250.0,4,231500.0,244500.0,230496.28981508163,4014.8407396734747
005380.KS,005380,KOSPI,현대차,KRLEVEL_RR|005380|4T|865|866|867,865,866,867,246500.0,4,240000.0,244500.0,239138.44179721305,3446.2328111478428
005380.KS,005380,KOSPI,현대차,KRLEVEL_RR|005380|2T|923|924|926,923,924,926,244250.0,2,238500.0,243500.0,237839.2421416269,2643.0314334923783
005380.KS,005380,KOSPI,현대차,KRLEVEL_RR|005380|2T|1022|1023|1024,1022,1023,1024,235000.0,2,228500.0,234500.0,227574.7727863236,3700.9088547056094
005380.KS,005380,KOSPI,현대차,KRLEVEL_RR|005380|3T|1102|1106|1108,1102,1106,1108,244000.0,3,240000.0,242500.0,239394.92212310538,2420.3115075784453
005380.KS,005380,KOSPI,현대차,KRLEVEL_RR|005380|4T|1120|1126|1127,1120,1126,1127,247500.0,4,243000.0,244500.0,242385.48669365435,2458.0532253825622
005380.KS,005380,KOSPI,현대차,KRLEVEL_RR|005380|2T|1218|1219|1220,1218,1219,1220,270000.0,2,261000.0,269500.0,260198.2747643222,3206.900942711173
005380.KS,005380,KOSPI,현대차,KRLEVEL_RR|005380|3T|1474|1478|1480,1474,1478,1480,241000.0,3,228500.0,242000.0,227472.80221559614,4108.791137615424
005380.KS,005380,KOSPI,현대차,KRLEVEL_RR|005380|2T|1500|1502|1504,1500,1502,1504,253000.0,2,238500.0,253500.0,237662.61544550228,3349.538217990937
005380.KS,005380,KOSPI,현대차,KRLEVEL_RR|005380|2T|1528|1529|1531,1528,1529,1531,248500.0,2,245500.0,249000.0,244801.58203109217,2793.6718756313307
005380.KS,005380,KOSPI,현대차,KRLEVEL_RR|005380|2T|1551|1553|1555,1551,1553,1555,256250.0,2,246000.0,256000.0,245098.07029045135,3607.7188381946
005380.KS,005380,KOSPI,현대차,KRLEVEL_RR|005380|3T|1612|1616|1618,1612,1616,1618,230500.0,3,227000.0,229500.0,226241.10782082705,3035.568716691776
005380.KS,005380,KOSPI,현대차,KRLEVEL_RR|005380|2T|1648|1654|1656,1648,1654,1656,252500.0,2,236000.0,247500.0,235350.41290364903,2598.348385403833
005380.KS,005380,KOSPI,현대차,KRLEVEL_RR|005380|2T|1689|1694|1696,1689,1694,1696,245250.0,2,238000.0,245500.0,237247.8305758481,3008.677696607662
005380.KS,005380,KOSPI,현대차,KRLEVEL_RR|005380|2T|1751|1753|1754,1751,1753,1754,240250.0,2,232500.0,239500.0,231809.02626480575,2763.8949407770206
005380.KS,005380,KOSPI,현대차,KRLEVEL_RR|005380|3T|1894|1896|1898,1894,1896,1898,220500.0,3,214500.0,219500.0,213866.7058978821,2533.1764084716146
005380.KS,005380,KOSPI,현대차,KRLEVEL_RR|005380|4T|2053|2059|2061,2053,2059,2061,210500.0,4,207000.0,210500.0,206450.5742242755,2197.7031028980045
005380.KS,005380,KOSPI,현대차,KRLEVEL_RR|005380|4T|2081|2084|2086,2081,2084,2086,219500.0,4,209000.0,220000.0,208400.9558499318,2396.176600272713
005380.KS,005380,KOSPI,현대차,KRLEVEL_RR|005380|2T|2237|2238|2239,2237,2238,2239,204500.0,2,198800.0,204500.0,198386.64205349446,1653.4317860221095
005380.KS,005380,KOSPI,현대차,KRLEVEL_RR|005380|2T|2330|2333|2335,2330,2333,2335,202250.0,2,197500.0,202500.0,197137.92947625625,1448.282094975024
005380.KS,005380,KOSPI,현대차,KRLEVEL_RR|005380|2T|2350|2352|2354,2350,2352,2354,213250.0,2,201000.0,212000.0,200256.35916960417,2974.5633215833577
005380.KS,005380,KOSPI,현대차,KRLEVEL_RR|005380|4T|2534|2539|2540,2534,2539,2540,189750.0,4,186700.0,189800.0,186364.172641144,1343.3094354240986
005380.KS,005380,KOSPI,현대차,KRLEVEL_RR|005380|3T|2618|2619|2620,2618,2619,2620,188800.0,3,180600.0,188700.0,180227.86316043776,1488.547358248984
005380.KS,005380,KOSPI,현대차,KRLEVEL_RR|005380|3T|2642|2647|2648,2642,2647,2648,188800.0,3,185500.0,188800.0,185043.32387025343,1826.7045189863024
005380.KS,005380,KOSPI,현대차,KRLEVEL_RR|005380|4T|2673|2677|2679,2673,2677,2679,198150.0,4,195800.0,197700.0,195304.86266397408,1980.5493441036404
005380.KS,005380,KOSPI,현대차,KRLEVEL_RR|005380|2T|2744|2745|2746,2744,2745,2746,207000.0,2,203000.0,207000.0,202297.42696935183,2810.292122592702
005380.KS,005380,KOSPI,현대차,KRLEVEL_RR|005380|2T|2783|2784|2786,2783,2784,2786,207000.0,2,205500.0,207500.0,204944.71022292777,2221.159108288943
005380.KS,005380,KOSPI,현대차,KRLEVEL_RR|005380|2T|2840|2841|2843,2840,2841,2843,216750.0,2,208500.0,215500.0,207792.21950881835,2831.1219647266425
005380.KS,005380,KOSPI,현대차,KRLEVEL_RR|005380|3T|2858|2860|2862,2858,2860,2862,218000.0,3,214000.0,216500.0,213243.9397208785,3024.241116486054
005380.KS,005380,KOSPI,현대차,KRLEVEL_RR|005380|5T|2914|2919|2921,2914,2919,2921,211500.0,5,208500.0,211500.0,208100.84183549267,1596.6326580292814
005380.KS,005380,KOSPI,현대차,KRLEVEL_RR|005380|2T|2934|2935|2936,2934,2935,2936,215000.0,2,211500.0,214500.0,211098.3948546752,1606.4205812992532
005380.KS,005380,KOSPI,현대차,KRLEVEL_RR|005380|3T|2952|2953|2954,2952,2953,2954,218000.0,3,215000.0,218000.0,214580.84850604995,1676.605975800187
005380.KS,005380,KOSPI,현대차,KRLEVEL_RR|005380|3T|2982|2983|2985,2982,2983,2985,219000.0,3,217500.0,218500.0,217128.0091583958,1487.9633664167188
005380.KS,005380,KOSPI,현대차,KRLEVEL_RR|005380|3T|3000|3001|3002,3000,3001,3002,219000.0,3,218000.0,219000.0,217521.61838275267,1913.5264689893204
005380.KS,005380,KOSPI,현대차,KRLEVEL_RR|005380|3T|3038|3039|3041,3038,3039,3041,219000.0,3,215500.0,219000.0,215133.86768687994,1464.5292524802514
005380.KS,005380,KOSPI,현대차,KRLEVEL_RR|005380|2T|3133|3138|3140,3133,3138,3140,215000.0,2,214000.0,215000.0,213698.08440055378,1207.662397784843
005380.KS,005380,KOSPI,현대차,KRLEVEL_RR|005380|5T|3164|3166|3167,3164,3166,3167,222000.0,5,215500.0,220000.0,215000.51531837083,1997.938726516625
005380.KS,005380,KOSPI,현대차,KRLEVEL_RR|005380|2T|3183|3186|3187,3183,3186,3187,245500.0,2,240500.0,245500.0,239734.22390608233,3063.1043756706827
005380.KS,005380,KOSPI,현대차,KRLEVEL_RR|005380|2T|3380|3381|3382,3380,3381,3382,278250.0,2,263000.0,278000.0,262207.6846072872,3169.2615708510225
005380.KS,005380,KOSPI,현대차,KRLEVEL_RR|005380|2T|3451|3453|3454,3451,3453,3454,288000.0,2,278500.0,288000.0,277801.44820627454,2794.2071749019233
005380.KS,005380,KOSPI,현대차,KRLEVEL_RR|005380|2T|3477|3479|3481,3477,3479,3481,292250.0,2,285500.0,291500.0,284772.4481581119,2910.2073675524084
005380.KS,005380,KOSPI,현대차,KRLEVEL_RR|005380|2T|3521|3527|3528,3521,3527,3528,361500.0,2,338500.0,358500.0,335901.4115834507,10394.353666197308
005380.KS,005380,KOSPI,현대차,KRLEVEL_RR|005380|2T|3599|3603|3604,3599,3603,3604,497750.0,2,469000.0,494000.0,465716.5103534042,13133.958586383167
005380.KS,005380,KOSPI,현대차,KRLEVEL_RR|005380|2T|3620|3621|3622,3620,3621,3622,488500.0,2,482500.0,490000.0,479852.82191589026,10588.712336438843
005380.KS,005380,KOSPI,현대차,KRLEVEL_RR|005380|2T|3655|3656|3658,3655,3656,3658,497750.0,2,476000.0,497000.0,473772.18618711934,8911.25525152273
005380.KS,005380,KOSPI,현대차,KRLEVEL_RR|005380|4T|3674|3679|3681,3674,3679,3681,505500.0,4,495500.0,506000.0,493865.9740800359,6536.103679856369
005380.KS,005380,KOSPI,현대차,KRLEVEL_RR|005380|3T|3743|3748|3749,3743,3748,3749,528000.0,3,491000.0,522000.0,486541.24135153746,17835.03459385014
005380.KS,005380,KOSPI,현대차,KRLEVEL_RR|005380|4T|3773|3777|3779,3773,3777,3779,528500.0,4,499000.0,525000.0,496430.23938257585,10279.042469696527
005380.KS,005380,KOSPI,현대차,KRLEVEL_RR|005380|2T|3803|3807|3809,3803,3807,3809,491000.0,2,487000.0,491500.0,484789.01817145216,8843.927314191325
005380.KS,005380,KOSPI,현대차,KRLEVEL_RR|005380|3T|3899|3903|3905,3899,3903,3905,509000.0,3,474500.0,508000.0,472286.208064762,8855.167740951936
005380.KS,005380,KOSPI,현대차,KRLEVEL_RR|005380|2T|3971|3975|3977,3971,3975,3977,548000.0,2,546000.0,547000.0,543425.50489752,10297.98040992022
005380.KS,005380,KOSPI,현대차,KRLEVEL_RR|005380|2T|4071|4074|4075,4071,4074,4075,731000.0,2,651000.0,734000.0,645885.5300012742,20457.87999490303
207940.KS,207940,KOSPI,삼성바이오로직스,KRLEVEL_RR|207940|5T|294|296|298,294,296,298,727000.0,5,699000.0,722000.0,697295.057680892,6819.769276432262
207940.KS,207940,KOSPI,삼성바이오로직스,KRLEVEL_RR|207940|4T|348|349|351,348,349,351,711500.0,4,701000.0,710000.0,699396.3509885077,6414.596045969181
207940.KS,207940,KOSPI,삼성바이오로직스,KRLEVEL_RR|207940|3T|394|395|396,394,395,396,727000.0,3,718000.0,727000.0,716723.6183205333,5105.526717866793
207940.KS,207940,KOSPI,삼성바이오로직스,KRLEVEL_RR|207940|3T|540|541|542,540,541,542,709000.0,3,699000.0,709000.0,698196.5689103227,3213.7243587091616
207940.KS,207940,KOSPI,삼성바이오로직스,KRLEVEL_RR|207940|2T|558|560|562,558,560,562,720500.0,2,707000.0,720000.0,706083.2152284762,3667.1390860953206
207940.KS,207940,KOSPI,삼성바이오로직스,KRLEVEL_RR|207940|2T|656|657|658,656,657,658,764000.0,2,747000.0,763000.0,745237.8691432357,7048.523427056977
207940.KS,207940,KOSPI,삼성바이오로직스,KRLEVEL_RR|207940|3T|688|689|691,688,689,691,800000.0,3,767000.0,795000.0,764654.6678012705,9381.32879491789
207940.KS,207940,KOSPI,삼성바이오로직스,KRLEVEL_RR|207940|2T|742|744|745,742,744,745,833000.0,2,821000.0,835000.0,818455.657560088,10177.369759648225
207940.KS,207940,KOSPI,삼성바이오로직스,KRLEVEL_RR|207940|2T|842|843|844,842,843,844,793500.0,2,777000.0,792000.0,774217.7650307056,11128.939877177663
207940.KS,207940,KOSPI,삼성바이오로직스,KRLEVEL_RR|207940|3T|867|870|872,867,870,872,828000.0,3,826000.0,827000.0,824266.3538737979,6934.584504808289
207940.KS,207940,KOSPI,삼성바이오로직스,KRLEVEL_RR|207940|3T|890|891|892,890,891,892,845000.0,3,826000.0,846000.0,823617.800850585,9528.796597659904
207940.KS,207940,KOSPI,삼성바이오로직스,KRLEVEL_RR|207940|4T|927|932|934,927,932,934,833000.0,4,826000.0,830000.0,824324.3476503345,6702.609398662061
207940.KS,207940,KOSPI,삼성바이오로직스,KRLEVEL_RR|207940|2T|969|971|972,969,971,972,812000.0,2,804000.0,806000.0,802349.3535218477,6602.5859126088835
207940.KS,207940,KOSPI,삼성바이오로직스,KRLEVEL_RR|207940|3T|1107|1112|1114,1107,1112,1114,781000.0,3,780000.0,781000.0,778759.5191584394,4961.923366242756
207940.KS,207940,KOSPI,삼성바이오로직스,KRLEVEL_RR|207940|5T|1302|1306|1307,1302,1306,1307,756000.0,5,724000.0,753000.0,722451.1889405173,6195.24423793094
207940.KS,207940,KOSPI,삼성바이오로직스,KRLEVEL_RR|207940|4T|1336|1341|1342,1336,1341,1342,793500.0,4,784000.0,792000.0,782255.2893135286,6978.842745885658
207940.KS,207940,KOSPI,삼성바이오로직스,KRLEVEL_RR|207940|3T|1386|1390|1392,1386,1390,1392,825000.0,3,816000.0,826000.0,813553.407823103,9786.368707588012
207940.KS,207940,KOSPI,삼성바이오로직스,KRLEVEL_RR|207940|3T|1456|1459|1461,1456,1459,1461,927000.0,3,880000.0,915000.0,875417.6996250307,18329.201499876992
207940.KS,207940,KOSPI,삼성바이오로직스,KRLEVEL_RR|207940|3T|1497|1502|1504,1497,1502,1504,927000.0,3,912000.0,929000.0,909194.6204879888,11221.518048044694
207940.KS,207940,KOSPI,삼성바이오로직스,KRLEVEL_RR|207940|3T|1518|1520|1521,1518,1520,1521,927000.0,3,912000.0,928000.0,908981.9452433714,12072.219026514422
207940.KS,207940,KOSPI,삼성바이오로직스,KRLEVEL_RR|207940|2T|1532|1533|1534,1532,1533,1534,954500.0,2,946000.0,951000.0,943282.6722174505,10869.311130198272
207940.KS,207940,KOSPI,삼성바이오로직스,KRLEVEL_RR|207940|3T|1587|1589|1591,1587,1589,1591,927000.0,3,922000.0,929000.0,919161.5511148643,11353.795540542927
207940.KS,207940,KOSPI,삼성바이오로직스,KRLEVEL_RR|207940|4T|1612|1618|1620,1612,1618,1620,978000.0,4,922000.0,970000.0,919084.3503603507,11662.59855859736
207940.KS,207940,KOSPI,삼성바이오로직스,KRLEVEL_RR|207940|4T|1675|1676|1678,1675,1676,1678,978000.0,4,958000.0,978000.0,954598.8530058573,13604.587976570536
207940.KS,207940,KOSPI,삼성바이오로직스,KRLEVEL_RR|207940|2T|1703|1704|1705,1703,1704,1705,1015000.0,2,998000.0,1017000.0,995363.1392137381,10547.443145047444
207940.KS,207940,KOSPI,삼성바이오로직스,KRLEVEL_RR|207940|3T|1934|1940|1941,1934,1940,1941,963000.0,3,941000.0,963000.0,938386.7374793076,10453.050082769729
207940.KS,207940,KOSPI,삼성바이오로직스,KRLEVEL_RR|207940|4T|1965|1971|1972,1965,1971,1972,963500.0,4,946000.0,950000.0,943005.369568725,11978.521725100098
207940.KS,207940,KOSPI,삼성바이오로직스,KRLEVEL_RR|207940|2T|2049|2050|2052,2049,2050,2052,942500.0,2,924000.0,940000.0,921938.7509106081,8244.996357567568
207940.KS,207940,KOSPI,삼성바이오로직스,KRLEVEL_RR|207940|2T|2067|2071|2073,2067,2071,2073,1006000.0,2,978000.0,1007000.0,975578.660272523,9685.358909908144
207940.KS,207940,KOSPI,삼성바이오로직스,KRLEVEL_RR|207940|2T|2120|2125|2126,2120,2125,2126,1012500.0,2,1006000.0,1013000.0,1002504.8177051945,13980.729179222075
207940.KS,207940,KOSPI,삼성바이오로직스,KRLEVEL_RR|207940|2T|2303|2304|2305,2303,2304,2305,1079000.0,2,1060000.0,1074000.0,1057424.252713248,10302.98914700875
207940.KS,207940,KOSPI,삼성바이오로직스,KRLEVEL_RR|207940|3T|2327|2333|2334,2327,2333,2334,1079000.0,3,1040000.0,1076000.0,1037704.034393239,9183.862427044138
207940.KS,207940,KOSPI,삼성바이오로직스,KRLEVEL_RR|207940|3T|2345|2349|2351,2345,2349,2351,1079000.0,3,1060000.0,1075000.0,1057729.433315295,9082.266738819484
207940.KS,207940,KOSPI,삼성바이오로직스,KRLEVEL_RR|207940|3T|2505|2507|2509,2505,2507,2509,1044000.0,3,1029000.0,1045000.0,1027132.5900420948,7469.639831620777
207940.KS,207940,KOSPI,삼성바이오로직스,KRLEVEL_RR|207940|2T|2572|2578|2580,2572,2578,2580,1031500.0,2,997000.0,1021000.0,994450.251040195,10198.995839219777
207940.KS,207940,KOSPI,삼성바이오로직스,KRLEVEL_RR|207940|2T|2750|2751|2752,2750,2751,2752,1010000.0,2,993000.0,1002000.0,991348.2116918284,6607.1532326862925
207940.KS,207940,KOSPI,삼성바이오로직스,KRLEVEL_RR|207940|8T|2816|2817|2818,2816,2817,2818,1037500.0,8,1037000.0,1038000.0,1034407.2798564992,10370.880574003524
207940.KS,207940,KOSPI,삼성바이오로직스,KRLEVEL_RR|207940|2T|2840|2843|2845,2840,2843,2845,1056500.0,2,1042000.0,1048000.0,1039086.8789272739,11652.484290904344
207940.KS,207940,KOSPI,삼성바이오로직스,KRLEVEL_RR|207940|3T|2864|2868|2869,2864,2868,2869,1084000.0,3,1054000.0,1079000.0,1051284.7719125252,10860.912349899436
207940.KS,207940,KOSPI,삼성바이오로직스,KRLEVEL_RR|207940|2T|2916|2917|2918,2916,2917,2918,1021000.0,2,1019000.0,1020000.0,1016897.3533527693,8410.586588922914
207940.KS,207940,KOSPI,삼성바이오로직스,KRLEVEL_RR|207940|2T|2930|2931|2932,2930,2931,2932,1025000.0,2,1025000.0,1026000.0,1023071.0005052361,7715.997979055603
207940.KS,207940,KOSPI,삼성바이오로직스,KRLEVEL_RR|207940|2T|3031|3035|3037,3031,3035,3037,1030000.0,2,1007000.0,1029000.0,1005688.9257771476,5244.296891409243
207940.KS,207940,KOSPI,삼성바이오로직스,KRLEVEL_RR|207940|2T|3141|3143|3144,3141,3143,3144,1011000.0,2,995000.0,1008000.0,993356.4298009557,6574.2807961772505
207940.KS,207940,KOSPI,삼성바이오로직스,KRLEVEL_RR|207940|2T|3188|3191|3193,3188,3191,3193,1132500.0,2,1110000.0,1133000.0,1107128.8504288672,11484.59828453166
207940.KS,207940,KOSPI,삼성바이오로직스,KRLEVEL_RR|207940|2T|3209|3210|3212,3209,3210,3212,1187000.0,2,1155000.0,1187000.0,1151801.972042393,12792.111830428643
207940.KS,207940,KOSPI,삼성바이오로직스,KRLEVEL_RR|207940|3T|3278|3280|3281,3278,3280,3281,1662000.0,3,1629000.0,1650000.0,1624505.1236426444,17979.505429422614
207940.KS,207940,KOSPI,삼성바이오로직스,KRLEVEL_RR|207940|2T|3300|3305|3306,3300,3305,3306,1654000.0,2,1628000.0,1644000.0,1624358.5719205867,14565.712317653326
207940.KS,207940,KOSPI,삼성바이오로직스,KRLEVEL_RR|207940|3T|3319|3320|3321,3319,3320,3321,1681000.0,3,1668000.0,1671000.0,1663206.106545551,19175.57381779586
207940.KS,207940,KOSPI,삼성바이오로직스,KRLEVEL_RR|207940|3T|3540|3545|3547,3540,3545,3547,1693000.0,3,1639000.0,1676000.0,1634272.2742414826,18910.903034069957
207940.KS,207940,KOSPI,삼성바이오로직스,KRLEVEL_RR|207940|2T|3570|3575|3576,3570,3575,3576,1717000.0,2,1702000.0,1718000.0,1698837.528356703,12649.886573187669
207940.KS,207940,KOSPI,삼성바이오로직스,KRLEVEL_RR|207940|3T|3600|3601|3602,3600,3601,3602,1729000.0,3,1715000.0,1729000.0,1712246.6452790773,11013.418883690549
207940.KS,207940,KOSPI,삼성바이오로직스,KRLEVEL_RR|207940|2T|3676|3678|3679,3676,3678,3679,1600500.0,2,1551000.0,1598000.0,1546011.9776724535,19952.089310186253
207940.KS,207940,KOSPI,삼성바이오로직스,KRLEVEL_RR|207940|2T|3742|3743|3744,3742,3743,3744,1570000.0,2,1500000.0,1571000.0,1492466.6324292545,30133.470282982347
207940.KS,207940,KOSPI,삼성바이오로직스,KRLEVEL_RR|207940|5T|3768|3773|3774,3768,3773,3774,1603000.0,5,1580000.0,1597000.0,1574654.4725643923,21382.109742431032
207940.KS,207940,KOSPI,삼성바이오로직스,KRLEVEL_RR|207940|2T|4021|4024|4026,4021,4024,4026,1306000.0,2,1244000.0,1307000.0,1238167.5492465151,23329.803013938967
207940.KS,207940,KOSPI,삼성바이오로직스,KRLEVEL_RR|207940|3T|4041|4042|4044,4041,4042,4044,1359000.0,3,1315000.0,1357000.0,1308620.2690116137,25518.923953545647
207940.KS,207940,KOSPI,삼성바이오로직스,KRLEVEL_RR|207940|3T|4069|4072|4073,4069,4072,4073,1359000.0,3,1290000.0,1335000.0,1282427.2350792068,30291.05968317326
207940.KS,207940,KOSPI,삼성바이오로직스,KRLEVEL_RR|207940|5T|4086|4087|4088,4086,4087,4088,1379000.0,5,1309000.0,1381000.0,1301501.0118766662,29995.952493334735
207940.KS,207940,KOSPI,삼성바이오로직스,KRLEVEL_RR|207940|5T|4102|4103|4105,4102,4103,4105,1379000.0,5,1380000.0,1384000.0,1372346.0373262726,30615.850694909415
207940.KS,207940,KOSPI,삼성바이오로직스,KRLEVEL_RR|207940|5T|4140|4141|4142,4140,4141,4142,1379000.0,5,1304000.0,1377000.0,1296449.2274401719,30203.09023931259
207940.KS,207940,KOSPI,삼성바이오로직스,KRLEVEL_RR|207940|5T|4158|4159|4160,4158,4159,4160,1379000.0,5,1339000.0,1384000.0,1331838.733856637,28645.064573452324
207940.KS,207940,KOSPI,삼성바이오로직스,KRLEVEL_RR|207940|3T|4238|4239|4241,4238,4239,4241,1445000.0,3,1415000.0,1451000.0,1408033.2231279986,27867.107488005044
207940.KS,207940,KOSPI,삼성바이오로직스,KRLEVEL_RR|207940|2T|4254|4256|4258,4254,4256,4258,1516500.0,2,1481000.0,1512000.0,1475599.3714194011,21602.51432239571
105560.KS,105560,KOSPI,KB금융,KRLEVEL_RR|105560|3T|246|247|249,246,247,249,55700.0,3,55000.0,55600.0,54860.63916016539,557.4433593384531
105560.KS,105560,KOSPI,KB금융,KRLEVEL_RR|105560|2T|387|389|390,387,389,390,53850.0,2,52700.0,53600.0,52568.65715232437,525.3713907025285
105560.KS,105560,KOSPI,KB금융,KRLEVEL_RR|105560|3T|423|424|425,423,424,425,54500.0,3,53300.0,54400.0,53168.09848088599,527.606076456048
105560.KS,105560,KOSPI,KB금융,KRLEVEL_RR|105560|3T|677|678|679,677,678,679,52400.0,3,51000.0,52200.0,50871.25306221293,514.9877511482897
105560.KS,105560,KOSPI,KB금융,KRLEVEL_RR|105560|5T|763|764|766,763,764,766,66500.0,5,65000.0,66400.0,64724.58725011582,1101.6509995367103
105560.KS,105560,KOSPI,KB금융,KRLEVEL_RR|105560|2T|958|962|964,958,962,964,69300.0,2,67100.0,69300.0,66872.21908004196,911.1236798321688
105560.KS,105560,KOSPI,KB금융,KRLEVEL_RR|105560|4T|1048|1049|1051,1048,1049,1051,74450.0,4,68200.0,74300.0,67902.2020741617,1191.1917033531695
105560.KS,105560,KOSPI,KB금융,KRLEVEL_RR|105560|4T|1085|1086|1087,1085,1086,1087,76750.0,4,73000.0,76600.0,72729.94667682571,1080.2132926971817
105560.KS,105560,KOSPI,KB금융,KRLEVEL_RR|105560|4T|1172|1178|1179,1172,1178,1179,78200.0,4,76200.0,78100.0,75949.82244768369,1000.7102092652362
105560.KS,105560,KOSPI,KB금융,KRLEVEL_RR|105560|2T|1203|1206|1207,1203,1206,1207,77850.0,2,75800.0,77500.0,75566.8688610913,932.5245556348035
105560.KS,105560,KOSPI,KB금융,KRLEVEL_RR|105560|3T|1259|1260|1262,1259,1260,1262,79900.0,3,79500.0,79900.0,79328.93800141345,684.247994346184
105560.KS,105560,KOSPI,KB금융,KRLEVEL_RR|105560|2T|1300|1304|1306,1300,1304,1306,79250.0,2,78200.0,79400.0,77956.74285284604,973.028588615823
105560.KS,105560,KOSPI,KB금융,KRLEVEL_RR|105560|2T|1354|1357|1358,1354,1357,1358,86150.0,2,83000.0,85700.0,82729.59385461619,1081.6245815352363
105560.KS,105560,KOSPI,KB금융,KRLEVEL_RR|105560|3T|1394|1395|1396,1394,1395,1396,86200.0,3,83800.0,86100.0,83552.97124838307,988.115006467762
105560.KS,105560,KOSPI,KB금융,KRLEVEL_RR|105560|3T|1414|1417|1419,1414,1417,1419,86200.0,3,83500.0,85800.0,83190.3919138545,1238.4323445819712
105560.KS,105560,KOSPI,KB금융,KRLEVEL_RR|105560|2T|1459|1461|1463,1459,1461,1463,80550.0,2,74000.0,79400.0,73493.72393720468,2025.104251181326
105560.KS,105560,KOSPI,KB금융,KRLEVEL_RR|105560|2T|1486|1487|1489,1486,1487,1489,82950.0,2,81800.0,83000.0,81535.92562742025,1056.2974903189786
105560.KS,105560,KOSPI,KB금융,KRLEVEL_RR|105560|4T|1504|1509|1510,1504,1509,1510,86150.0,4,84100.0,86200.0,83815.65035580567,1137.398576777304
105560.KS,105560,KOSPI,KB금융,KRLEVEL_RR|105560|4T|1534|1537|1538,1534,1537,1538,87700.0,4,85500.0,87700.0,85260.96704674029,956.131813038851
105560.KS,105560,KOSPI,KB금융,KRLEVEL_RR|105560|4T|1636|1637|1638,1636,1637,1638,84100.0,4,76500.0,83800.0,76259.54094217293,961.8362313082863
105560.KS,105560,KOSPI,KB금융,KRLEVEL_RR|105560|4T|1660|1662|1663,1660,1662,1663,84100.0,4,78200.0,84200.0,77942.25603195795,1030.9758721682294
105560.KS,105560,KOSPI,KB금융,KRLEVEL_RR|105560|5T|1686|1687|1688,1686,1687,1688,85100.0,5,81500.0,85200.0,81255.80835011076,976.7665995569669
105560.KS,105560,KOSPI,KB금융,KRLEVEL_RR|105560|2T|1877|1879|1881,1877,1879,1881,97200.0,2,87800.0,96800.0,87543.23997192146,1027.0401123141885
105560.KS,105560,KOSPI,KB금융,KRLEVEL_RR|105560|2T|1926|1927|1928,1926,1927,1928,100500.0,2,96000.0,100200.0,95750.96462441454,996.1415023418261
105560.KS,105560,KOSPI,KB금융,KRLEVEL_RR|105560|2T|1989|1995|1996,1989,1995,1996,85400.0,2,83900.0,85100.0,83659.18812995902,963.2474801639561
105560.KS,105560,KOSPI,KB금융,KRLEVEL_RR|105560|3T|2054|2059|2061,2054,2059,2061,85400.0,3,83500.0,85300.0,83308.27323268456,766.9070692617772
105560.KS,105560,KOSPI,KB금융,KRLEVEL_RR|105560|3T|2075|2076|2078,2075,2076,2078,87800.0,3,86100.0,87800.0,85878.2880154775,886.8479380900034
105560.KS,105560,KOSPI,KB금융,KRLEVEL_RR|105560|2T|2138|2140|2142,2138,2140,2142,90600.0,2,87800.0,90800.0,87599.41415627615,802.3433748953967
105560.KS,105560,KOSPI,KB금융,KRLEVEL_RR|105560|6T|2170|2172|2174,2170,2172,2174,85600.0,6,83100.0,85500.0,82844.7767381798,1020.8930472807849
105560.KS,105560,KOSPI,KB금융,KRLEVEL_RR|105560|2T|2336|2341|2342,2336,2341,2342,82150.0,2,80300.0,82100.0,80119.88599513163,720.456019473478
105560.KS,105560,KOSPI,KB금융,KRLEVEL_RR|105560|4T|2384|2389|2390,2384,2389,2390,79200.0,4,77800.0,79300.0,77601.05791177507,795.768352899688
105560.KS,105560,KOSPI,KB금융,KRLEVEL_RR|105560|2T|2459|2461|2462,2459,2461,2462,79950.0,2,73000.0,79800.0,72814.44151019692,742.2339592123034
105560.KS,105560,KOSPI,KB금융,KRLEVEL_RR|105560|2T|2552|2553|2554,2552,2553,2554,93000.0,2,91000.0,92900.0,90824.92744904212,700.2902038314808
105560.KS,105560,KOSPI,KB금융,KRLEVEL_RR|105560|2T|2570|2574|2576,2570,2574,2576,94800.0,2,92500.0,94800.0,92310.07087104702,759.7165158119307
105560.KS,105560,KOSPI,KB금융,KRLEVEL_RR|105560|2T|2637|2638|2639,2637,2638,2639,104850.0,2,98600.0,104500.0,98217.63986592514,1529.4405362994235
105560.KS,105560,KOSPI,KB금융,KRLEVEL_RR|105560|2T|2730|2731|2732,2730,2731,2732,109150.0,2,108100.0,109100.0,107803.83704223981,1184.6518310407666
105560.KS,105560,KOSPI,KB금융,KRLEVEL_RR|105560|3T|2768|2769|2771,2768,2769,2771,112700.0,3,110100.0,112900.0,109773.46430939078,1306.1427624368991
105560.KS,105560,KOSPI,KB금융,KRLEVEL_RR|105560|2T|2798|2800|2802,2798,2800,2802,118100.0,2,116200.0,118100.0,115934.40169731693,1062.393210732245
105560.KS,105560,KOSPI,KB금융,KRLEVEL_RR|105560|3T|2825|2826|2828,2825,2826,2828,113200.0,3,112600.0,113400.0,112320.86195483252,1116.5521806698966
105560.KS,105560,KOSPI,KB금융,KRLEVEL_RR|105560|4T|2870|2871|2873,2870,2871,2873,112300.0,4,109200.0,112100.0,108837.8004336182,1448.798265527165
105560.KS,105560,KOSPI,KB금융,KRLEVEL_RR|105560|5T|2888|2893|2894,2888,2893,2894,108150.0,5,105900.0,107800.0,105540.35808589024,1438.5676564390258
105560.KS,105560,KOSPI,KB금융,KRLEVEL_RR|105560|2T|2914|2916|2917,2914,2916,2917,112800.0,2,105800.0,112600.0,105545.84163305387,1016.6334677845198
105560.KS,105560,KOSPI,KB금융,KRLEVEL_RR|105560|2T|2991|2992|2994,2991,2992,2994,110000.0,2,107000.0,109800.0,106792.29070495235,830.8371801906059
105560.KS,105560,KOSPI,KB금융,KRLEVEL_RR|105560|2T|3042|3043|3044,3042,3043,3044,109350.0,2,105900.0,108600.0,105575.81704962817,1296.7318014873208
105560.KS,105560,KOSPI,KB금융,KRLEVEL_RR|105560|2T|3057|3062|3063,3057,3062,3063,118200.0,2,114900.0,117500.0,114558.75873482121,1364.9650607151418
105560.KS,105560,KOSPI,KB금융,KRLEVEL_RR|105560|2T|3138|3139|3140,3138,3139,3140,115700.0,2,114600.0,115600.0,114380.54155144322,877.833794227109
105560.KS,105560,KOSPI,KB금융,KRLEVEL_RR|105560|5T|3184|3185|3187,3184,3185,3187,115900.0,5,112400.0,115750.0,112060.9663697109,1356.1345211563582
105560.KS,105560,KOSPI,KB금융,KRLEVEL_RR|105560|4T|3212|3214|3215,3212,3214,3215,117400.0,4,113800.0,117200.0,113493.12855690625,1227.4857723750301
105560.KS,105560,KOSPI,KB금융,KRLEVEL_RR|105560|3T|3235|3236|3237,3235,3236,3237,116500.0,3,114600.0,114800.0,114245.19336154421,1419.2265538231727
105560.KS,105560,KOSPI,KB금융,KRLEVEL_RR|105560|2T|3272|3274|3276,3272,3274,3276,128700.0,2,119200.0,128500.0,118612.09014150329,2351.6394339868307
105560.KS,105560,KOSPI,KB금융,KRLEVEL_RR|105560|2T|3356|3357|3359,3356,3357,3359,124100.0,2,123600.0,124100.0,123309.28542665184,1162.8582933926455
105560.KS,105560,KOSPI,KB금융,KRLEVEL_RR|105560|2T|3385|3386|3388,3385,3386,3388,128700.0,2,128200.0,128800.0,127881.1586180127,1275.3655279491988
105560.KS,105560,KOSPI,KB금융,KRLEVEL_RR|105560|3T|3409|3414|3416,3409,3414,3416,125500.0,3,124300.0,125200.0,124017.03267665773,1131.869293369083
105560.KS,105560,KOSPI,KB금융,KRLEVEL_RR|105560|4T|3445|3450|3451,3445,3450,3451,124600.0,4,122800.0,123800.0,122536.2459516019,1055.0161935923727
105560.KS,105560,KOSPI,KB금융,KRLEVEL_RR|105560|3T|3479|3481|3483,3479,3481,3483,125100.0,3,121400.0,123700.0,121167.95631263524,928.1747494590335
105560.KS,105560,KOSPI,KB금융,KRLEVEL_RR|105560|6T|3523|3527|3528,3523,3527,3528,125150.0,6,122300.0,124700.0,122025.365627684,1098.5374892639604
105560.KS,105560,KOSPI,KB금융,KRLEVEL_RR|105560|4T|3633|3634|3635,3633,3634,3635,139000.0,4,136600.0,138400.0,135955.83846857646,2576.64612569414
105560.KS,105560,KOSPI,KB금융,KRLEVEL_RR|105560|2T|3763|3768|3770,3763,3768,3770,150300.0,2,147500.0,148600.0,146777.835157016,2888.6593719359566
105560.KS,105560,KOSPI,KB금융,KRLEVEL_RR|105560|5T|3809|3813|3815,3809,3813,3815,150600.0,5,144100.0,149700.0,143487.25992501594,2450.960299936276
105560.KS,105560,KOSPI,KB금융,KRLEVEL_RR|105560|4T|3935|3938|3939,3935,3938,3939,158000.0,4,155100.0,156900.0,154750.9228977787,1396.3084088851638
105560.KS,105560,KOSPI,KB금융,KRLEVEL_RR|105560|3T|3950|3952|3954,3950,3952,3954,159000.0,3,156600.0,158300.0,156267.91739432784,1328.3304226886219
105560.KS,105560,KOSPI,KB금융,KRLEVEL_RR|105560|2T|3980|3982|3984,3980,3982,3984,161050.0,2,157900.0,160300.0,157442.59382820927,1829.6246871629546
105560.KS,105560,KOSPI,KB금융,KRLEVEL_RR|105560|4T|4002|4008|4010,4002,4008,4010,153250.0,4,150900.0,151900.0,150378.91582660843,2084.33669356632
105560.KS,105560,KOSPI,KB금융,KRLEVEL_RR|105560|3T|4040|4041|4043,4040,4041,4043,155300.0,3,149200.0,155100.0,148532.59869826084,2669.6052069565644
105560.KS,105560,KOSPI,KB금융,KRLEVEL_RR|105560|3T|4068|4069|4071,4068,4069,4071,149900.0,3,146700.0,149200.0,146160.34768142272,2158.6092743091317
105560.KS,105560,KOSPI,KB금융,KRLEVEL_RR|105560|2T|4082|4083|4084,4082,4083,4084,152200.0,2,149100.0,152100.0,148509.1101847825,2363.5592608700063
105560.KS,105560,KOSPI,KB금융,KRLEVEL_RR|105560|9T|4121|4122|4124,4121,4122,4124,162000.0,9,147400.0,161500.0,146517.05017942452,3531.7992823018694
105560.KS,105560,KOSPI,KB금융,KRLEVEL_RR|105560|2T|4193|4195|4197,4193,4195,4197,158750.0,2,145000.0,158500.0,144289.47069850675,2842.1172059729806
105560.KS,105560,KOSPI,KB금융,KRLEVEL_RR|105560|2T|4235|4239|4240,4235,4239,4240,174400.0,2,168500.0,172300.0,167608.23260971514,3567.069561139443
105560.KS,105560,KOSPI,KB금융,KRLEVEL_RR|105560|2T|4281|4282|4283,4281,4282,4283,172300.0,2,164100.0,172100.0,163170.17316017064,3719.307359317429
105560.KS,105560,KOSPI,KB금융,KRLEVEL_RR|105560|3T|4326|4330|4332,4326,4330,4332,165900.0,3,164000.0,166800.0,163048.1933122845,3807.2267508619557
012450.KS,012450,KOSPI,한화에어로스페이스,KRLEVEL_RR|012450|2T|332|333|334,332,333,334,110000.0,2,98600.0,110000.0,98058.61916773234,2165.5233290706706
012450.KS,012450,KOSPI,한화에어로스페이스,KRLEVEL_RR|012450|3T|378|382|384,378,382,384,124900.0,3,122300.0,125000.0,121941.50960840262,1433.9615663895675
012450.KS,012450,KOSPI,한화에어로스페이스,KRLEVEL_RR|012450|2T|420|422|423,420,422,423,121100.0,2,119800.0,120900.0,119507.93545508609,1168.2581796556492
012450.KS,012450,KOSPI,한화에어로스페이스,KRLEVEL_RR|012450|5T|450|453|455,450,453,455,122300.0,5,117900.0,122100.0,117446.10049776424,1815.598008943005
012450.KS,012450,KOSPI,한화에어로스페이스,KRLEVEL_RR|012450|3T|534|536|538,534,536,538,124900.0,3,124000.0,124700.0,123672.59605504524,1309.6157798189988
012450.KS,012450,KOSPI,한화에어로스페이스,KRLEVEL_RR|012450|3T|576|577|578,576,577,578,126200.0,3,123500.0,126300.0,123200.8074903422,1196.7700386312404
012450.KS,012450,KOSPI,한화에어로스페이스,KRLEVEL_RR|012450|2T|616|619|621,616,619,621,140300.0,2,128300.0,140400.0,127686.67522696566,2453.299092137352
012450.KS,012450,KOSPI,한화에어로스페이스,KRLEVEL_RR|012450|3T|646|649|651,646,649,651,140100.0,3,133700.0,139200.0,133132.54911822133,2269.803527114722
012450.KS,012450,KOSPI,한화에어로스페이스,KRLEVEL_RR|012450|3T|676|680|682,676,680,682,141900.0,3,140000.0,140200.0,139480.56236030423,2077.7505587831147
012450.KS,012450,KOSPI,한화에어로스페이스,KRLEVEL_RR|012450|3T|730|735|736,730,735,736,133100.0,3,131500.0,131800.0,131040.81554992413,1836.737800303508
012450.KS,012450,KOSPI,한화에어로스페이스,KRLEVEL_RR|012450|4T|751|752|753,751,752,753,138150.0,4,134100.0,138600.0,133425.5426970278,2697.829211888868
012450.KS,012450,KOSPI,한화에어로스페이스,KRLEVEL_RR|012450|3T|766|767|768,766,767,768,146800.0,3,134100.0,146800.0,133495.30023056155,2418.7990777537557
012450.KS,012450,KOSPI,한화에어로스페이스,KRLEVEL_RR|012450|3T|796|798|799,796,798,799,159300.0,3,150600.0,157700.0,149762.61778310902,3349.528867563885
012450.KS,012450,KOSPI,한화에어로스페이스,KRLEVEL_RR|012450|2T|832|833|835,832,833,835,192250.0,2,185200.0,193000.0,184069.13755406532,4523.44978373874
012450.KS,012450,KOSPI,한화에어로스페이스,KRLEVEL_RR|012450|2T|886|887|889,886,887,889,188950.0,2,179900.0,188300.0,179212.38010825697,2750.479566972111
012450.KS,012450,KOSPI,한화에어로스페이스,KRLEVEL_RR|012450|2T|910|914|916,910,914,916,202500.0,2,191800.0,203000.0,190537.0218863129,5051.912454748445
012450.KS,012450,KOSPI,한화에어로스페이스,KRLEVEL_RR|012450|2T|948|949|951,948,949,951,212750.0,2,207000.0,212500.0,205378.3293642853,6486.682542858764
012450.KS,012450,KOSPI,한화에어로스페이스,KRLEVEL_RR|012450|2T|1006|1007|1008,1006,1007,1008,214750.0,2,207000.0,212000.0,205840.0729306357,4639.7082774571645
012450.KS,012450,KOSPI,한화에어로스페이스,KRLEVEL_RR|012450|3T|1035|1036|1038,1035,1036,1038,233000.0,3,219000.0,231500.0,217601.06918216366,5595.723271345328
012450.KS,012450,KOSPI,한화에어로스페이스,KRLEVEL_RR|012450|3T|1088|1094|1096,1088,1094,1096,214500.0,3,211500.0,213500.0,210683.71626503833,3265.13493984672
012450.KS,012450,KOSPI,한화에어로스페이스,KRLEVEL_RR|012450|3T|1163|1164|1165,1163,1164,1165,219000.0,3,195500.0,219000.0,194675.8303992262,3296.6784030952226
012450.KS,012450,KOSPI,한화에어로스페이스,KRLEVEL_RR|012450|2T|1204|1210|1211,1204,1210,1211,210250.0,2,206000.0,206500.0,205059.77448125224,3760.9020749910137
012450.KS,012450,KOSPI,한화에어로스페이스,KRLEVEL_RR|012450|3T|1229|1230|1232,1229,1230,1232,219000.0,3,206500.0,218000.0,205663.19935570448,3347.202577182052
012450.KS,012450,KOSPI,한화에어로스페이스,KRLEVEL_RR|012450|2T|1291|1292|1294,1291,1292,1294,232750.0,2,227000.0,233000.0,225942.23968221026,4231.041271158906
012450.KS,012450,KOSPI,한화에어로스페이스,KRLEVEL_RR|012450|4T|1322|1328|1330,1322,1328,1330,241250.0,4,238000.0,240500.0,236904.59793290083,4381.6082683967015
012450.KS,012450,KOSPI,한화에어로스페이스,KRLEVEL_RR|012450|2T|1386|1392|1393,1386,1392,1393,272500.0,2,272000.0,273500.0,270389.7288495024,6441.084601990314
012450.KS,012450,KOSPI,한화에어로스페이스,KRLEVEL_RR|012450|2T|1463|1464|1465,1463,1464,1465,272500.0,2,247000.0,272500.0,244943.90097275176,8224.396108992998
012450.KS,012450,KOSPI,한화에어로스페이스,KRLEVEL_RR|012450|4T|1543|1544|1546,1543,1544,1546,284500.0,4,271500.0,282500.0,270365.3840586582,4538.463765367162
012450.KS,012450,KOSPI,한화에어로스페이스,KRLEVEL_RR|012450|2T|1703|1704|1705,1703,1704,1705,369000.0,2,359000.0,369000.0,357346.2512412601,6614.995034959719
012450.KS,012450,KOSPI,한화에어로스페이스,KRLEVEL_RR|012450|2T|1773|1777|1778,1773,1777,1778,369000.0,2,348500.0,370000.0,346638.894568503,7444.421725987896
012450.KS,012450,KOSPI,한화에어로스페이스,KRLEVEL_RR|012450|2T|1887|1888|1890,1887,1888,1890,309500.0,2,302500.0,307500.0,301089.9185826146,5640.32566954157
012450.KS,012450,KOSPI,한화에어로스페이스,KRLEVEL_RR|012450|2T|1949|1952|1953,1949,1952,1953,376750.0,2,361500.0,373000.0,360063.83317264786,5744.667309408535
012450.KS,012450,KOSPI,한화에어로스페이스,KRLEVEL_RR|012450|2T|1966|1967|1968,1966,1967,1968,376750.0,2,363000.0,377000.0,361596.6150455824,5613.539817670336
012450.KS,012450,KOSPI,한화에어로스페이스,KRLEVEL_RR|012450|2T|2004|2005|2006,2004,2005,2006,376750.0,2,374500.0,375500.0,373029.6504142896,5881.398342841469
012450.KS,012450,KOSPI,한화에어로스페이스,KRLEVEL_RR|012450|4T|2040|2041|2042,2040,2041,2042,392000.0,4,384500.0,391500.0,382872.8994865815,6508.402053674015
012450.KS,012450,KOSPI,한화에어로스페이스,KRLEVEL_RR|012450|3T|2091|2094|2095,2091,2094,2095,524000.0,3,495000.0,520000.0,491798.36326960556,12806.546921577721
012450.KS,012450,KOSPI,한화에어로스페이스,KRLEVEL_RR|012450|2T|2127|2130|2132,2127,2130,2132,661500.0,2,646000.0,652000.0,641915.6294948625,16337.482020550091
012450.KS,012450,KOSPI,한화에어로스페이스,KRLEVEL_RR|012450|2T|2176|2177|2178,2176,2177,2178,694000.0,2,671000.0,697000.0,666762.1477027745,16951.409188902104
012450.KS,012450,KOSPI,한화에어로스페이스,KRLEVEL_RR|012450|2T|2205|2208|2210,2205,2208,2210,702500.0,2,652000.0,704000.0,648236.8105374334,15052.757850266411
012450.KS,012450,KOSPI,한화에어로스페이스,KRLEVEL_RR|012450|4T|2289|2290|2292,2289,2290,2292,678000.0,4,623000.0,679000.0,619654.2061187638,13383.175524944852
012450.KS,012450,KOSPI,한화에어로스페이스,KRLEVEL_RR|012450|5T|2307|2308|2310,2307,2308,2310,679000.0,5,636000.0,678000.0,631728.0025193344,17087.989922662076
012450.KS,012450,KOSPI,한화에어로스페이스,KRLEVEL_RR|012450|2T|2330|2331|2332,2330,2331,2332,780500.0,2,673000.0,784000.0,669499.7753291068,14000.898683572701
012450.KS,012450,KOSPI,한화에어로스페이스,KRLEVEL_RR|012450|2T|2351|2352|2353,2351,2352,2353,797000.0,2,762000.0,797000.0,759163.5762011172,11345.695195530789
012450.KS,012450,KOSPI,한화에어로스페이스,KRLEVEL_RR|012450|5T|2414|2415|2416,2414,2415,2416,832000.0,5,751000.0,834000.0,747233.6981472722,15065.207410910902
012450.KS,012450,KOSPI,한화에어로스페이스,KRLEVEL_RR|012450|6T|2464|2466|2467,2464,2466,2467,832500.0,6,811000.0,827000.0,808266.5727227549,10933.709108980196
012450.KS,012450,KOSPI,한화에어로스페이스,KRLEVEL_RR|012450|6T|2526|2529|2530,2526,2529,2530,832500.0,6,813000.0,829000.0,810068.2867553082,11726.852978767285
012450.KS,012450,KOSPI,한화에어로스페이스,KRLEVEL_RR|012450|2T|2666|2669|2671,2666,2669,2671,807000.0,2,760000.0,807000.0,756416.21374063,14335.14503748027
012450.KS,012450,KOSPI,한화에어로스페이스,KRLEVEL_RR|012450|2T|2763|2764|2765,2763,2764,2765,967000.0,2,947000.0,968000.0,943598.0044053822,13607.982378471113
012450.KS,012450,KOSPI,한화에어로스페이스,KRLEVEL_RR|012450|2T|2850|2851|2852,2850,2851,2852,807000.0,2,801000.0,809000.0,797402.1385586894,14391.445765242228
012450.KS,012450,KOSPI,한화에어로스페이스,KRLEVEL_RR|012450|2T|2863|2865|2867,2863,2865,2867,890000.0,2,835000.0,888000.0,832062.186186359,11751.25525456371
012450.KS,012450,KOSPI,한화에어로스페이스,KRLEVEL_RR|012450|2T|2896|2902|2903,2896,2902,2903,924500.0,2,884000.0,927000.0,881317.6884633666,10729.246146533438
012450.KS,012450,KOSPI,한화에어로스페이스,KRLEVEL_RR|012450|5T|2932|2934|2936,2932,2934,2936,945000.0,5,915000.0,945000.0,912233.5160031589,11065.935987364353
012450.KS,012450,KOSPI,한화에어로스페이스,KRLEVEL_RR|012450|3T|3059|3060|3061,3059,3060,3061,946000.0,3,923000.0,941000.0,919234.1463512428,15063.414595029022
012450.KS,012450,KOSPI,한화에어로스페이스,KRLEVEL_RR|012450|4T|3076|3078|3080,3076,3078,3080,946500.0,4,912000.0,946000.0,908769.9459741834,12920.21610326652
012450.KS,012450,KOSPI,한화에어로스페이스,KRLEVEL_RR|012450|2T|3152|3153|3154,3152,3153,3154,968500.0,2,923000.0,958000.0,918133.2406979646,19467.037208141686
012450.KS,012450,KOSPI,한화에어로스페이스,KRLEVEL_RR|012450|2T|3179|3180|3181,3179,3180,3181,956000.0,2,944000.0,951000.0,940361.218116094,14555.127535623773
012450.KS,012450,KOSPI,한화에어로스페이스,KRLEVEL_RR|012450|2T|3193|3195|3197,3193,3195,3197,956000.0,2,938000.0,955000.0,934381.2786071273,14474.885571491124
012450.KS,012450,KOSPI,한화에어로스페이스,KRLEVEL_RR|012450|2T|3280|3281|3282,3280,3281,3282,878500.0,2,845000.0,881000.0,842194.3448442246,11222.620623101338
012450.KS,012450,KOSPI,한화에어로스페이스,KRLEVEL_RR|012450|2T|3307|3309|3310,3307,3309,3310,936500.0,2,900000.0,938000.0,896893.0915374932,12427.633850027318
012450.KS,012450,KOSPI,한화에어로스페이스,KRLEVEL_RR|012450|7T|3341|3347|3349,3341,3347,3349,884000.0,7,852000.0,883000.0,848871.4937641361,12514.024943455477
012450.KS,012450,KOSPI,한화에어로스페이스,KRLEVEL_RR|012450|2T|3367|3369|3371,3367,3369,3371,936500.0,2,875000.0,940000.0,871533.2658985003,13866.936405998875
012450.KS,012450,KOSPI,한화에어로스페이스,KRLEVEL_RR|012450|5T|3384|3385|3386,3384,3385,3386,981000.0,5,937000.0,982000.0,932956.1881149503,16175.24754019868
012450.KS,012450,KOSPI,한화에어로스페이스,KRLEVEL_RR|012450|4T|3494|3495|3496,3494,3495,3496,1295500.0,4,1235000.0,1294500.0,1229688.3953842248,21246.418463101094
012450.KS,012450,KOSPI,한화에어로스페이스,KRLEVEL_RR|012450|6T|3514|3517|3519,3514,3517,3519,1296500.0,6,1207000.0,1303000.0,1200706.8745584646,25172.501766141348
012450.KS,012450,KOSPI,한화에어로스페이스,KRLEVEL_RR|012450|2T|3564|3566|3568,3564,3566,3568,1137500.0,2,1097000.0,1135000.0,1092665.8408996447,17336.636401421514
012450.KS,012450,KOSPI,한화에어로스페이스,KRLEVEL_RR|012450|3T|3605|3607|3609,3605,3607,3609,1348000.0,3,1182000.0,1330000.0,1172608.6014642299,37565.59414308039
012450.KS,012450,KOSPI,한화에어로스페이스,KRLEVEL_RR|012450|5T|3695|3698|3700,3695,3698,3700,1324000.0,5,1232000.0,1304000.0,1225144.7320317302,27421.071873078996
012450.KS,012450,KOSPI,한화에어로스페이스,KRLEVEL_RR|012450|5T|3732|3734|3735,3732,3734,3735,1329000.0,5,1256000.0,1311000.0,1247660.134104116,33359.46358353637
012450.KS,012450,KOSPI,한화에어로스페이스,KRLEVEL_RR|012450|5T|3757|3758|3759,3757,3758,3759,1480000.0,5,1410000.0,1481000.0,1401201.9799727718,35192.08010891273
012450.KS,012450,KOSPI,한화에어로스페이스,KRLEVEL_RR|012450|7T|3773|3774|3775,3773,3774,3775,1484000.0,7,1435000.0,1482000.0,1427741.764656252,29032.941374991755
012450.KS,012450,KOSPI,한화에어로스페이스,KRLEVEL_RR|012450|2T|3788|3790|3792,3788,3790,3792,1519500.0,2,1484000.0,1520000.0,1478380.917962351,22476.328150595127
012450.KS,012450,KOSPI,한화에어로스페이스,KRLEVEL_RR|012450|2T|3821|3825|3826,3821,3825,3826,1416000.0,2,1390000.0,1401000.0,1385772.565009737,16909.73996105197
012450.KS,012450,KOSPI,한화에어로스페이스,KRLEVEL_RR|012450|2T|3850|3855|3857,3850,3855,3857,1416000.0,2,1397000.0,1419000.0,1390490.473961478,26038.104154087254
012450.KS,012450,KOSPI,한화에어로스페이스,KRLEVEL_RR|012450|2T|4013|4014|4015,4013,4014,4015,1063000.0,2,965000.0,1061000.0,958195.7169658283,27217.132136686683
012450.KS,012450,KOSPI,한화에어로스페이스,KRLEVEL_RR|012450|3T|4091|4097|4098,4091,4097,4098,1092000.0,3,968000.0,1096000.0,959916.9722271794,32332.111091282302
012450.KS,012450,KOSPI,한화에어로스페이스,KRLEVEL_RR|012450|4T|4223|4227|4229,4223,4227,4229,917500.0,4,853000.0,909000.0,846446.7661014566,26212.93559417358
012450.KS,012450,KOSPI,한화에어로스페이스,KRLEVEL_RR|012450|3T|4241|4242|4243,4241,4242,4243,1031000.0,3,905000.0,1025000.0,899274.1787398632,22903.285040547136
329180.KS,329180,KOSPI,HD현대중공업,KRLEVEL_RR|329180|2T|407|408|410,407,408,410,113200.0,2,110300.0,113200.0,109952.97460426948,1388.1015829221137
329180.KS,329180,KOSPI,HD현대중공업,KRLEVEL_RR|329180|4T|564|565|566,564,565,566,124000.0,4,120900.0,123700.0,120590.17521091022,1239.2991563590995
329180.KS,329180,KOSPI,HD현대중공업,KRLEVEL_RR|329180|2T|593|598|599,593,598,599,121650.0,2,120100.0,121000.0,119785.49409192582,1258.0236322966819
329180.KS,329180,KOSPI,HD현대중공업,KRLEVEL_RR|329180|2T|721|726|728,721,726,728,115150.0,2,111200.0,115500.0,110806.10082791248,1575.596688350055
329180.KS,329180,KOSPI,HD현대중공업,KRLEVEL_RR|329180|2T|809|811|812,809,811,812,117350.0,2,108800.0,117600.0,108442.62270948762,1429.5091620494786
329180.KS,329180,KOSPI,HD현대중공업,KRLEVEL_RR|329180|3T|880|881|882,880,881,882,121000.0,3,118400.0,120900.0,117909.44726058956,1962.2109576417556
329180.KS,329180,KOSPI,HD현대중공업,KRLEVEL_RR|329180|2T|945|947|949,945,947,949,120900.0,2,115900.0,119900.0,115472.76387935763,1708.944482569457
329180.KS,329180,KOSPI,HD현대중공업,KRLEVEL_RR|329180|4T|1015|1021|1022,1015,1021,1022,119400.0,4,111500.0,118300.0,110944.41673223402,2222.33307106391
329180.KS,329180,KOSPI,HD현대중공업,KRLEVEL_RR|329180|2T|1216|1221|1222,1216,1221,1222,129400.0,2,127500.0,128800.0,127170.21956730053,1319.1217307978386
329180.KS,329180,KOSPI,HD현대중공업,KRLEVEL_RR|329180|2T|1240|1244|1246,1240,1244,1246,133800.0,2,129100.0,134000.0,128723.49632839105,1506.014686435785
329180.KS,329180,KOSPI,HD현대중공업,KRLEVEL_RR|329180|2T|1261|1262|1263,1261,1262,1263,140500.0,2,133000.0,140300.0,132634.60371481115,1461.585140755418
329180.KS,329180,KOSPI,HD현대중공업,KRLEVEL_RR|329180|2T|1319|1322|1323,1319,1322,1323,152500.0,2,147500.0,152000.0,146943.720477634,2225.118089464027
329180.KS,329180,KOSPI,HD현대중공업,KRLEVEL_RR|329180|2T|1336|1339|1340,1336,1339,1340,152500.0,2,147400.0,151900.0,146979.42516602261,1682.299335909511
329180.KS,329180,KOSPI,HD현대중공업,KRLEVEL_RR|329180|3T|1412|1413|1414,1412,1413,1414,175000.0,3,170000.0,171000.0,168714.06711970223,5143.731521191121
329180.KS,329180,KOSPI,HD현대중공업,KRLEVEL_RR|329180|2T|1465|1466|1468,1465,1466,1468,210000.0,2,202000.0,207500.0,200376.7155039644,6493.137984142442
329180.KS,329180,KOSPI,HD현대중공업,KRLEVEL_RR|329180|3T|1592|1597|1598,1592,1597,1598,175000.0,3,172300.0,173300.0,171572.24752950558,2911.009881977671
329180.KS,329180,KOSPI,HD현대중공업,KRLEVEL_RR|329180|2T|1618|1619|1620,1618,1619,1620,182700.0,2,169900.0,183200.0,169158.3221897164,2966.711241134389
329180.KS,329180,KOSPI,HD현대중공업,KRLEVEL_RR|329180|4T|1642|1645|1646,1642,1645,1646,195450.0,4,191500.0,195600.0,190919.61441953407,2321.542321863677
329180.KS,329180,KOSPI,HD현대중공업,KRLEVEL_RR|329180|2T|1673|1676|1678,1673,1676,1678,182700.0,2,181300.0,182000.0,180601.0652134195,2795.7391463220315
329180.KS,329180,KOSPI,HD현대중공업,KRLEVEL_RR|329180|3T|1696|1697|1698,1696,1697,1698,185200.0,3,174000.0,185200.0,173348.91294047536,2604.348238098522
329180.KS,329180,KOSPI,HD현대중공업,KRLEVEL_RR|329180|2T|1750|1752|1753,1750,1752,1753,196200.0,2,190200.0,196700.0,189551.27530427134,2594.898782914568
329180.KS,329180,KOSPI,HD현대중공업,KRLEVEL_RR|329180|2T|1850|1853|1855,1850,1853,1855,212000.0,2,198700.0,209500.0,197509.56518061753,4761.739277529914
329180.KS,329180,KOSPI,HD현대중공업,KRLEVEL_RR|329180|2T|1883|1885|1887,1883,1885,1887,234000.0,2,224000.0,232500.0,222592.33359825984,5630.665606960632
329180.KS,329180,KOSPI,HD현대중공업,KRLEVEL_RR|329180|2T|1930|1931|1932,1930,1931,1932,212000.0,2,209500.0,211500.0,208402.54376530158,4389.82493879365
329180.KS,329180,KOSPI,HD현대중공업,KRLEVEL_RR|329180|2T|1948|1953|1954,1948,1953,1954,212000.0,2,200500.0,209500.0,199303.70502442314,4785.179902307468
329180.KS,329180,KOSPI,HD현대중공업,KRLEVEL_RR|329180|2T|1969|1970|1972,1969,1970,1972,232750.0,2,215500.0,231000.0,214421.3307871668,4314.676851332734
329180.KS,329180,KOSPI,HD현대중공업,KRLEVEL_RR|329180|3T|1983|1987|1989,1983,1987,1989,241000.0,3,233500.0,240000.0,232276.29321511398,4894.827139544016
329180.KS,329180,KOSPI,HD현대중공업,KRLEVEL_RR|329180|2T|2062|2063|2065,2062,2063,2065,298250.0,2,286000.0,298500.0,284715.0975722348,5139.609711060834
329180.KS,329180,KOSPI,HD현대중공업,KRLEVEL_RR|329180|2T|2079|2082|2084,2079,2082,2084,304250.0,2,286000.0,304500.0,284397.6863540492,6409.2545838032975
329180.KS,329180,KOSPI,HD현대중공업,KRLEVEL_RR|329180|2T|2115|2116|2117,2115,2116,2117,319000.0,2,303500.0,318500.0,302279.9905081349,4880.037967460528
329180.KS,329180,KOSPI,HD현대중공업,KRLEVEL_RR|329180|2T|2132|2136|2138,2132,2136,2138,298250.0,2,295000.0,296500.0,293554.3212239446,5782.715104221631
329180.KS,329180,KOSPI,HD현대중공업,KRLEVEL_RR|329180|2T|2169|2172|2174,2169,2172,2174,312000.0,2,302000.0,311500.0,300415.38433946343,6338.462642146213
329180.KS,329180,KOSPI,HD현대중공업,KRLEVEL_RR|329180|2T|2216|2217|2218,2216,2217,2218,338250.0,2,317000.0,340000.0,315231.4518271664,7074.192691334293
329180.KS,329180,KOSPI,HD현대중공업,KRLEVEL_RR|329180|2T|2242|2243|2245,2242,2243,2245,304250.0,2,294000.0,304500.0,292506.55608733214,5973.77565067141
329180.KS,329180,KOSPI,HD현대중공업,KRLEVEL_RR|329180|2T|2264|2266|2268,2264,2266,2268,304250.0,2,295000.0,303500.0,293576.43826340564,5694.246946377495
329180.KS,329180,KOSPI,HD현대중공업,KRLEVEL_RR|329180|2T|2306|2310|2312,2306,2310,2312,299250.0,2,294500.0,299500.0,293158.6852471866,5365.259011253623
329180.KS,329180,KOSPI,HD현대중공업,KRLEVEL_RR|329180|3T|2480|2481|2482,2480,2481,2482,363500.0,3,347500.0,360000.0,346210.88422078814,5156.463116847431
329180.KS,329180,KOSPI,HD현대중공업,KRLEVEL_RR|329180|3T|2520|2521|2522,2520,2521,2522,406500.0,3,393500.0,406500.0,391940.3873942553,6238.450422978653
329180.KS,329180,KOSPI,HD현대중공업,KRLEVEL_RR|329180|3T|2549|2550|2552,2549,2550,2552,406500.0,3,386000.0,406000.0,384298.8793493466,6804.482602613456
329180.KS,329180,KOSPI,HD현대중공업,KRLEVEL_RR|329180|3T|2601|2607|2608,2601,2607,2608,406500.0,3,385000.0,407000.0,383721.8708811823,5112.516475270634
329180.KS,329180,KOSPI,HD현대중공업,KRLEVEL_RR|329180|3T|2631|2632|2634,2631,2632,2634,417500.0,3,399000.0,419000.0,397464.7632553946,6140.946978421739
329180.KS,329180,KOSPI,HD현대중공업,KRLEVEL_RR|329180|3T|2656|2657|2659,2656,2657,2659,422000.0,3,409500.0,421000.0,407763.5441400704,6945.823439718392
329180.KS,329180,KOSPI,HD현대중공업,KRLEVEL_RR|329180|5T|2696|2701|2702,2696,2701,2702,428500.0,5,421500.0,426500.0,419857.69421633723,6569.223134651062
329180.KS,329180,KOSPI,HD현대중공업,KRLEVEL_RR|329180|2T|2715|2716|2717,2715,2716,2717,457250.0,2,431000.0,458000.0,429028.7619758779,7884.952096488325
329180.KS,329180,KOSPI,HD현대중공업,KRLEVEL_RR|329180|5T|2732|2736|2738,2732,2736,2738,423000.0,5,410000.0,421000.0,408095.1646045429,7619.341581828336
329180.KS,329180,KOSPI,HD현대중공업,KRLEVEL_RR|329180|2T|2817|2820|2822,2817,2820,2822,399250.0,2,389000.0,398000.0,387648.42726127635,5406.290954894626
329180.KS,329180,KOSPI,HD현대중공업,KRLEVEL_RR|329180|2T|2843|2845|2846,2843,2845,2846,412250.0,2,403500.0,408750.0,402011.67079554434,5953.316817822541
329180.KS,329180,KOSPI,HD현대중공업,KRLEVEL_RR|329180|2T|2858|2864|2865,2858,2864,2865,457250.0,2,408750.0,455000.0,406369.56224415166,9521.751023393306
329180.KS,329180,KOSPI,HD현대중공업,KRLEVEL_RR|329180|3T|2968|2974|2975,2968,2974,2975,480500.0,3,464500.0,478000.0,462418.6304337677,8325.478264929367
329180.KS,329180,KOSPI,HD현대중공업,KRLEVEL_RR|329180|4T|3129|3130|3132,3129,3130,3132,507500.0,4,484000.0,508000.0,482351.2706668321,6594.917332671581
329180.KS,329180,KOSPI,HD현대중공업,KRLEVEL_RR|329180|8T|3154|3156|3158,3154,3156,3158,514000.0,8,509000.0,512000.0,507101.81035942363,7592.758562305571
329180.KS,329180,KOSPI,HD현대중공업,KRLEVEL_RR|329180|5T|3176|3180|3182,3176,3180,3182,508000.0,5,504000.0,507000.0,502351.2282092742,6595.087162903372
329180.KS,329180,KOSPI,HD현대중공업,KRLEVEL_RR|329180|5T|3272|3275|3277,3272,3275,3277,530000.0,5,525000.0,531000.0,522295.12079604954,10819.516815801755
329180.KS,329180,KOSPI,HD현대중공업,KRLEVEL_RR|329180|2T|3290|3292|3293,3290,3292,3293,553500.0,2,527000.0,551000.0,524446.5124393599,10213.950242560248
329180.KS,329180,KOSPI,HD현대중공업,KRLEVEL_RR|329180|3T|3390|3392|3393,3390,3392,3393,527000.0,3,517000.0,527000.0,515344.8307819852,6620.67687205925
329180.KS,329180,KOSPI,HD현대중공업,KRLEVEL_RR|329180|2T|3416|3419|3420,3416,3419,3420,567000.0,2,545000.0,563000.0,543122.3605135912,7510.557945634966
329180.KS,329180,KOSPI,HD현대중공업,KRLEVEL_RR|329180|2T|3459|3460|3461,3459,3460,3461,526000.0,2,500000.0,527000.0,498504.1783293115,5983.2866827541075
329180.KS,329180,KOSPI,HD현대중공업,KRLEVEL_RR|329180|3T|3508|3509|3510,3508,3509,3510,554000.0,3,542000.0,551000.0,539334.3696942013,10662.521223194723
329180.KS,329180,KOSPI,HD현대중공업,KRLEVEL_RR|329180|3T|3553|3554|3555,3553,3554,3555,642000.0,3,613000.0,641000.0,610774.6318221132,8901.472711547061
329180.KS,329180,KOSPI,HD현대중공업,KRLEVEL_RR|329180|2T|3596|3602|3604,3596,3602,3604,583500.0,2,571000.0,577000.0,568910.236625809,8359.053496764218
329180.KS,329180,KOSPI,HD현대중공업,KRLEVEL_RR|329180|3T|3618|3621|3623,3618,3621,3623,572000.0,3,543000.0,574000.0,540504.9072283637,9980.371086545072
329180.KS,329180,KOSPI,HD현대중공업,KRLEVEL_RR|329180|3T|3651|3652|3653,3651,3652,3653,530000.0,3,527000.0,529000.0,524562.7361571317,9749.055371473
329180.KS,329180,KOSPI,HD현대중공업,KRLEVEL_RR|329180|2T|3666|3669|3671,3666,3669,3671,544000.0,2,537000.0,543000.0,534223.8588575774,11104.564569690107
329180.KS,329180,KOSPI,HD현대중공업,KRLEVEL_RR|329180|3T|3739|3740|3742,3739,3740,3742,564000.0,3,536000.0,562000.0,531692.3939869273,17230.424052290808
329180.KS,329180,KOSPI,HD현대중공업,KRLEVEL_RR|329180|4T|3755|3757|3759,3755,3757,3759,594500.0,4,521000.0,596000.0,517942.52815072134,12229.887397114577
329180.KS,329180,KOSPI,HD현대중공업,KRLEVEL_RR|329180|3T|3770|3772|3773,3770,3772,3773,586000.0,3,576000.0,583000.0,573414.1110096589,10343.555961364389
329180.KS,329180,KOSPI,HD현대중공업,KRLEVEL_RR|329180|5T|3905|3910|3912,3905,3910,3912,490000.0,5,461500.0,489000.0,459690.37378684775,7238.504852608947
329180.KS,329180,KOSPI,HD현대중공업,KRLEVEL_RR|329180|3T|3925|3926|3928,3925,3926,3928,608000.0,3,489000.0,611000.0,485576.585524374,13693.657902504103
329180.KS,329180,KOSPI,HD현대중공업,KRLEVEL_RR|329180|3T|3995|4000|4001,3995,4000,4001,706000.0,3,645000.0,694000.0,640090.6460431389,19637.415827444478
329180.KS,329180,KOSPI,HD현대중공업,KRLEVEL_RR|329180|6T|4127|4129|4130,4127,4129,4130,696500.0,6,609000.0,697000.0,604393.4861731133,18426.055307546518
329180.KS,329180,KOSPI,HD현대중공업,KRLEVEL_RR|329180|2T|4292|4293|4294,4292,4293,4294,487500.0,2,464500.0,487000.0,462212.2434153986,9151.02633840558
032830.KS,032830,KOSPI,삼성생명,KRLEVEL_RR|032830|2T|247|249|251,247,249,251,71450.0,2,71100.0,71500.0,70931.30356287312,674.7857485075634
032830.KS,032830,KOSPI,삼성생명,KRLEVEL_RR|032830|7T|262|265|267,262,265,267,72400.0,7,71900.0,72200.0,71717.60586882185,729.5765247125938
032830.KS,032830,KOSPI,삼성생명,KRLEVEL_RR|032830|8T|303|305|307,303,305,307,72400.0,8,70600.0,72300.0,70408.05221282082,767.7911487166891
032830.KS,032830,KOSPI,삼성생명,KRLEVEL_RR|032830|2T|496|501|502,496,501,502,69150.0,2,68600.0,69000.0,68515.57141512305,337.7143395078011
032830.KS,032830,KOSPI,삼성생명,KRLEVEL_RR|032830|2T|516|517|519,516,517,519,70250.0,2,68600.0,70200.0,68507.25559710707,370.97761157171476
032830.KS,032830,KOSPI,삼성생명,KRLEVEL_RR|032830|2T|538|539|541,538,539,541,70450.0,2,70300.0,70400.0,70201.80586846985,392.77652612059336
032830.KS,032830,KOSPI,삼성생명,KRLEVEL_RR|032830|2T|557|558|559,557,558,559,71650.0,2,70900.0,71600.0,70794.88385356826,420.46458572697077
032830.KS,032830,KOSPI,삼성생명,KRLEVEL_RR|032830|2T|706|708|709,706,708,709,71650.0,2,65700.0,71800.0,65451.29361650842,994.8255339663273
032830.KS,032830,KOSPI,삼성생명,KRLEVEL_RR|032830|2T|763|764|765,763,764,765,79150.0,2,77600.0,79100.0,77342.4488745136,1030.204501945581
032830.KS,032830,KOSPI,삼성생명,KRLEVEL_RR|032830|2T|812|818|820,812,818,820,97250.0,2,89000.0,96200.0,88309.9089136455,2760.3643454180137
032830.KS,032830,KOSPI,삼성생명,KRLEVEL_RR|032830|2T|836|837|838,836,837,838,103750.0,2,101100.0,103600.0,100540.47163488943,2238.1134604422778
032830.KS,032830,KOSPI,삼성생명,KRLEVEL_RR|032830|3T|902|903|904,902,903,904,97300.0,3,94500.0,96700.0,94087.95634675564,1648.1746129774256
032830.KS,032830,KOSPI,삼성생명,KRLEVEL_RR|032830|2T|1037|1043|1045,1037,1043,1045,86450.0,2,76600.0,85600.0,76298.51325440205,1205.9469823917943
032830.KS,032830,KOSPI,삼성생명,KRLEVEL_RR|032830|4T|1126|1128|1129,1126,1128,1129,89950.0,4,87400.0,90000.0,87030.90564868986,1476.3774052405502
032830.KS,032830,KOSPI,삼성생명,KRLEVEL_RR|032830|2T|1249|1250|1252,1249,1250,1252,84000.0,2,82200.0,84200.0,81980.86941837099,876.5223265160532
032830.KS,032830,KOSPI,삼성생명,KRLEVEL_RR|032830|3T|1290|1292|1294,1290,1292,1294,86400.0,3,84700.0,85800.0,84413.43903862481,1146.243845500756
032830.KS,032830,KOSPI,삼성생명,KRLEVEL_RR|032830|2T|1306|1309|1310,1306,1309,1310,88250.0,2,87400.0,87700.0,87149.85153964204,1000.5938414318614
032830.KS,032830,KOSPI,삼성생명,KRLEVEL_RR|032830|2T|1339|1340|1342,1339,1340,1342,89600.0,2,88600.0,89900.0,88207.32493409564,1570.7002636174484
032830.KS,032830,KOSPI,삼성생명,KRLEVEL_RR|032830|5T|1395|1400|1402,1395,1400,1402,93400.0,5,90900.0,93200.0,90578.39015391497,1286.4393843401294
032830.KS,032830,KOSPI,삼성생명,KRLEVEL_RR|032830|3T|1429|1430|1432,1429,1430,1432,95000.0,3,94300.0,95200.0,93948.04939103988,1407.8024358404582
032830.KS,032830,KOSPI,삼성생명,KRLEVEL_RR|032830|2T|1456|1461|1462,1456,1461,1462,85000.0,2,82800.0,84800.0,82323.5947740132,1905.6209039472442
032830.KS,032830,KOSPI,삼성생명,KRLEVEL_RR|032830|3T|1484|1485|1486,1484,1485,1486,89000.0,3,83800.0,89200.0,83468.42028848217,1326.3188460712875
032830.KS,032830,KOSPI,삼성생명,KRLEVEL_RR|032830|5T|1505|1510|1511,1505,1510,1511,93400.0,5,87100.0,92600.0,86665.68055351486,1737.2777859405526
032830.KS,032830,KOSPI,삼성생명,KRLEVEL_RR|032830|4T|1526|1527|1528,1526,1527,1528,95950.0,4,94900.0,96100.0,94572.88820503018,1308.4471798792943
032830.KS,032830,KOSPI,삼성생명,KRLEVEL_RR|032830|4T|1548|1550|1552,1548,1550,1552,95000.0,4,94500.0,94900.0,94171.72407500957,1313.1036999617495
032830.KS,032830,KOSPI,삼성생명,KRLEVEL_RR|032830|2T|1568|1569|1570,1568,1569,1570,97250.0,2,96000.0,97100.0,95670.3695778315,1318.5216886739736
032830.KS,032830,KOSPI,삼성생명,KRLEVEL_RR|032830|3T|1600|1601|1602,1600,1601,1602,95900.0,3,95500.0,96100.0,95193.22044045343,1227.1182381862736
032830.KS,032830,KOSPI,삼성생명,KRLEVEL_RR|032830|3T|1624|1629|1630,1624,1629,1630,99400.0,3,93300.0,99300.0,92980.36807999438,1278.5276800224933
032830.KS,032830,KOSPI,삼성생명,KRLEVEL_RR|032830|2T|1685|1686|1687,1685,1686,1687,94050.0,2,90700.0,94100.0,90477.88489899231,888.4604040307388
032830.KS,032830,KOSPI,삼성생명,KRLEVEL_RR|032830|4T|1702|1704|1705,1702,1704,1705,97200.0,4,93500.0,96900.0,93258.26348687186,966.9460525125584
032830.KS,032830,KOSPI,삼성생명,KRLEVEL_RR|032830|2T|1738|1742|1744,1738,1742,1744,102150.0,2,99700.0,101700.0,99479.72648913563,881.0940434574815
032830.KS,032830,KOSPI,삼성생명,KRLEVEL_RR|032830|2T|1756|1760|1762,1756,1760,1762,99950.0,2,99400.0,99900.0,99165.37361522607,938.505539095713
032830.KS,032830,KOSPI,삼성생명,KRLEVEL_RR|032830|6T|1785|1788|1790,1785,1788,1790,101400.0,6,99900.0,100000.0,99658.60314985517,965.5874005792984
032830.KS,032830,KOSPI,삼성생명,KRLEVEL_RR|032830|3T|1849|1850|1851,1849,1850,1851,97200.0,3,96200.0,96600.0,95882.61453326159,1269.5418669536725
032830.KS,032830,KOSPI,삼성생명,KRLEVEL_RR|032830|3T|1900|1906|1907,1900,1906,1907,108000.0,3,103700.0,107800.0,103399.21875579192,1203.124976832313
032830.KS,032830,KOSPI,삼성생명,KRLEVEL_RR|032830|3T|1961|1963|1965,1961,1963,1965,101400.0,3,98000.0,101300.0,97673.04278341873,1307.8288663250676
032830.KS,032830,KOSPI,삼성생명,KRLEVEL_RR|032830|2T|2061|2062|2063,2061,2062,2063,93800.0,2,90700.0,93600.0,90435.88532962723,1056.4586814910876
032830.KS,032830,KOSPI,삼성생명,KRLEVEL_RR|032830|2T|2143|2146|2148,2143,2146,2148,87100.0,2,85600.0,87300.0,85251.81763492472,1392.7294603011155
032830.KS,032830,KOSPI,삼성생명,KRLEVEL_RR|032830|4T|2198|2202|2204,2198,2202,2204,95500.0,4,88800.0,95800.0,88379.4474744846,1682.2101020616074
032830.KS,032830,KOSPI,삼성생명,KRLEVEL_RR|032830|2T|2300|2303|2305,2300,2303,2305,83550.0,2,82500.0,83300.0,82314.01750510909,743.9299795636109
032830.KS,032830,KOSPI,삼성생명,KRLEVEL_RR|032830|3T|2324|2325|2326,2324,2325,2326,83500.0,3,81600.0,83400.0,81384.30531093905,862.7787562438051
032830.KS,032830,KOSPI,삼성생명,KRLEVEL_RR|032830|3T|2344|2345|2346,2344,2345,2346,85800.0,3,84700.0,85400.0,84492.08517917647,831.6592832941326
032830.KS,032830,KOSPI,삼성생명,KRLEVEL_RR|032830|2T|2439|2445|2447,2439,2445,2447,78550.0,2,73300.0,78700.0,73096.63997979031,813.4400808387396
032830.KS,032830,KOSPI,삼성생명,KRLEVEL_RR|032830|3T|2505|2509|2510,2505,2509,2510,84400.0,3,82600.0,84500.0,82422.2039817328,711.1840730688028
032830.KS,032830,KOSPI,삼성생명,KRLEVEL_RR|032830|3T|2536|2538|2540,2536,2538,2540,84400.0,3,84200.0,84500.0,84012.85596158207,748.5761536717146
032830.KS,032830,KOSPI,삼성생명,KRLEVEL_RR|032830|3T|2566|2568|2570,2566,2568,2570,84400.0,3,83100.0,84100.0,82833.45131155185,1066.1947537925817
032830.KS,032830,KOSPI,삼성생명,KRLEVEL_RR|032830|3T|2675|2680|2681,2675,2680,2681,124400.0,3,120200.0,124900.0,119560.50341252479,2557.9863499008343
032830.KS,032830,KOSPI,삼성생명,KRLEVEL_RR|032830|3T|2700|2703|2705,2700,2703,2705,124400.0,3,122300.0,124000.0,121875.62199804516,1697.5120078193754
032830.KS,032830,KOSPI,삼성생명,KRLEVEL_RR|032830|2T|2738|2742|2744,2738,2742,2744,128350.0,2,122700.0,127600.0,122149.9657568345,2200.136972661989
032830.KS,032830,KOSPI,삼성생명,KRLEVEL_RR|032830|3T|2768|2774|2776,2768,2774,2776,124400.0,3,123200.0,123900.0,122755.71988234919,1777.1204706032427
032830.KS,032830,KOSPI,삼성생명,KRLEVEL_RR|032830|4T|2844|2845|2846,2844,2845,2846,128700.0,4,126100.0,128400.0,125578.00496953972,2087.9801218411085
032830.KS,032830,KOSPI,삼성생명,KRLEVEL_RR|032830|3T|2862|2865|2866,2862,2865,2866,124400.0,3,123100.0,124100.0,122694.81029735335,1620.7588105865696
032830.KS,032830,KOSPI,삼성생명,KRLEVEL_RR|032830|5T|2948|2950|2951,2948,2950,2951,129100.0,5,126300.0,128900.0,126020.60308841943,1117.5876463222914
032830.KS,032830,KOSPI,삼성생명,KRLEVEL_RR|032830|2T|2962|2963|2964,2962,2963,2964,132700.0,2,126700.0,132600.0,126232.72783891286,1869.088644348542
032830.KS,032830,KOSPI,삼성생명,KRLEVEL_RR|032830|2T|3116|3119|3121,3116,3119,3121,150550.0,2,148600.0,150600.0,148258.95464321895,1364.181427124132
032830.KS,032830,KOSPI,삼성생명,KRLEVEL_RR|032830|3T|3135|3140|3141,3135,3140,3141,155900.0,3,152300.0,154900.0,151810.19584019485,1959.2166392205986
032830.KS,032830,KOSPI,삼성생명,KRLEVEL_RR|032830|4T|3167|3168|3170,3167,3168,3170,160500.0,4,153800.0,160600.0,153064.36284330444,2942.5486267822957
032830.KS,032830,KOSPI,삼성생명,KRLEVEL_RR|032830|4T|3184|3187|3188,3184,3187,3188,158650.0,4,156200.0,158200.0,155580.9418257972,2476.2326968111756
032830.KS,032830,KOSPI,삼성생명,KRLEVEL_RR|032830|6T|3201|3204|3205,3201,3204,3205,160500.0,6,157000.0,160000.0,156495.82535823958,2016.6985670416739
032830.KS,032830,KOSPI,삼성생명,KRLEVEL_RR|032830|3T|3260|3261|3262,3260,3261,3262,150700.0,3,147300.0,150600.0,146779.8873136854,2080.450745258343
032830.KS,032830,KOSPI,삼성생명,KRLEVEL_RR|032830|5T|3278|3284|3285,3278,3284,3285,160600.0,5,150200.0,158400.0,149540.3402146823,2638.6391412707508
032830.KS,032830,KOSPI,삼성생명,KRLEVEL_RR|032830|5T|3349|3354|3355,3349,3354,3355,152800.0,5,145500.0,152600.0,145070.29663562664,1718.8134574934409
032830.KS,032830,KOSPI,삼성생명,KRLEVEL_RR|032830|3T|3367|3372|3374,3367,3372,3374,154900.0,3,150600.0,154800.0,150172.94929334856,1708.2028266057155
032830.KS,032830,KOSPI,삼성생명,KRLEVEL_RR|032830|2T|3385|3386|3387,3385,3386,3387,157050.0,2,154800.0,156400.0,154404.82464977406,1580.701400903782
032830.KS,032830,KOSPI,삼성생명,KRLEVEL_RR|032830|6T|3445|3446|3448,3445,3446,3448,153100.0,6,150600.0,152700.0,150248.14367248482,1407.4253100606888
032830.KS,032830,KOSPI,삼성생명,KRLEVEL_RR|032830|2T|3491|3493|3495,3491,3493,3495,154950.0,2,151300.0,155200.0,150734.1042615392,2263.5829538431485
032830.KS,032830,KOSPI,삼성생명,KRLEVEL_RR|032830|4T|3528|3532|3534,3528,3532,3534,157850.0,4,157000.0,157800.0,156533.90217092828,1864.3913162869053
032830.KS,032830,KOSPI,삼성생명,KRLEVEL_RR|032830|3T|3553|3554|3555,3553,3554,3555,166000.0,3,158600.0,166400.0,157829.4794589996,3082.082164001665
032830.KS,032830,KOSPI,삼성생명,KRLEVEL_RR|032830|3T|3570|3574|3575,3570,3574,3575,177000.0,3,170400.0,177700.0,169510.90858153885,3556.3656738446134
032830.KS,032830,KOSPI,삼성생명,KRLEVEL_RR|032830|2T|3621|3622|3623,3621,3622,3623,184800.0,2,177900.0,182100.0,177017.9470219157,3528.211912337184
032830.KS,032830,KOSPI,삼성생명,KRLEVEL_RR|032830|2T|3647|3649|3651,3647,3649,3651,196550.0,2,180800.0,196300.0,179882.7152128863,3669.1391484547385
032830.KS,032830,KOSPI,삼성생명,KRLEVEL_RR|032830|2T|3741|3742|3743,3741,3742,3743,193150.0,2,190500.0,193900.0,188725.6084539577,7097.566184169162
032830.KS,032830,KOSPI,삼성생명,KRLEVEL_RR|032830|3T|3807|3808|3809,3807,3808,3809,221000.0,3,214000.0,221500.0,212596.19866279836,5615.205348806593
032830.KS,032830,KOSPI,삼성생명,KRLEVEL_RR|032830|4T|3869|3870|3872,3869,3870,3872,235875.0,4,220000.0,235500.0,218812.97836611702,4748.086535531895
032830.KS,032830,KOSPI,삼성생명,KRLEVEL_RR|032830|2T|3893|3894|3895,3893,3894,3895,243000.0,2,231000.0,243000.0,230052.1649503909,3791.340198436354
032830.KS,032830,KOSPI,삼성생명,KRLEVEL_RR|032830|2T|4019|4020|4022,4019,4020,4022,308000.0,2,289500.0,309000.0,287365.9722656465,8536.11093741394
032830.KS,032830,KOSPI,삼성생명,KRLEVEL_RR|032830|2T|4067|4068|4069,4067,4068,4069,360000.0,2,345000.0,357500.0,342654.26653365756,9382.933865369869
032830.KS,032830,KOSPI,삼성생명,KRLEVEL_RR|032830|2T|4139|4143|4144,4139,4143,4144,431500.0,2,381500.0,433000.0,379159.5296267262,9361.881493095387
032830.KS,032830,KOSPI,삼성생명,KRLEVEL_RR|032830|4T|4212|4213|4214,4212,4213,4214,370250.0,4,352500.0,373500.0,349339.3127146367,12642.749141453274
028260.KS,028260,KOSPI,삼성물산,KRLEVEL_RR|028260|5T|246|252|254,246,252,254,106900.0,5,106000.0,106800.0,105826.99597482101,692.0161007159836
028260.KS,028260,KOSPI,삼성물산,KRLEVEL_RR|028260|4T|266|271|272,266,271,272,107700.0,4,106800.0,107500.0,106638.84042692916,644.6382922833158
028260.KS,028260,KOSPI,삼성물산,KRLEVEL_RR|028260|3T|349|350|351,349,350,351,107100.0,3,106500.0,107100.0,106299.66031387764,801.3587444894085
028260.KS,028260,KOSPI,삼성물산,KRLEVEL_RR|028260|2T|461|465|467,461,465,467,119050.0,2,117100.0,118800.0,116922.24961487927,711.0015404829016
028260.KS,028260,KOSPI,삼성물산,KRLEVEL_RR|028260|2T|581|582|583,581,582,583,128100.0,2,127500.0,127800.0,127226.7198898884,1093.120440446444
028260.KS,028260,KOSPI,삼성물산,KRLEVEL_RR|028260|3T|677|678|679,677,678,679,118000.0,3,116900.0,118000.0,116692.1406516209,831.4373935164089
028260.KS,028260,KOSPI,삼성물산,KRLEVEL_RR|028260|2T|692|693|694,692,693,694,128100.0,2,120400.0,127900.0,120053.08470506276,1387.6611797489468
028260.KS,028260,KOSPI,삼성물산,KRLEVEL_RR|028260|2T|754|758|760,754,758,760,157950.0,2,151300.0,155300.0,150646.93516305805,2612.259347767815
028260.KS,028260,KOSPI,삼성물산,KRLEVEL_RR|028260|2T|815|818|820,815,818,820,156150.0,2,147000.0,155800.0,146248.38845134803,3006.446194607917
028260.KS,028260,KOSPI,삼성물산,KRLEVEL_RR|028260|2T|835|836|838,835,836,838,162700.0,2,160200.0,162700.0,159587.43894994972,2450.2442002011744
028260.KS,028260,KOSPI,삼성물산,KRLEVEL_RR|028260|2T|861|867|869,861,867,869,162700.0,2,161100.0,162200.0,160544.5528566081,2221.788573567668
028260.KS,028260,KOSPI,삼성물산,KRLEVEL_RR|028260|3T|895|896|898,895,896,898,154300.0,3,149800.0,154200.0,149226.08758289638,2295.6496684144904
028260.KS,028260,KOSPI,삼성물산,KRLEVEL_RR|028260|2T|911|914|916,911,914,916,157950.0,2,149800.0,158100.0,149371.5360067745,1713.8559729020692
028260.KS,028260,KOSPI,삼성물산,KRLEVEL_RR|028260|2T|932|938|940,932,938,940,157950.0,2,157700.0,158200.0,157373.16143404896,1307.3542638042095
028260.KS,028260,KOSPI,삼성물산,KRLEVEL_RR|028260|2T|1025|1026|1028,1025,1026,1028,146250.0,2,136600.0,145800.0,136110.27687373408,1958.892505063695
028260.KS,028260,KOSPI,삼성물산,KRLEVEL_RR|028260|2T|1226|1227|1228,1226,1227,1228,135100.0,2,133200.0,135200.0,132883.03351713938,1267.8659314425222
028260.KS,028260,KOSPI,삼성물산,KRLEVEL_RR|028260|3T|1287|1289|1291,1287,1289,1291,135100.0,3,132200.0,134000.0,131888.54458669835,1245.821653206627
028260.KS,028260,KOSPI,삼성물산,KRLEVEL_RR|028260|2T|1314|1317|1318,1314,1317,1318,142650.0,2,140100.0,142100.0,139669.88782111125,1720.4487155550441
028260.KS,028260,KOSPI,삼성물산,KRLEVEL_RR|028260|2T|1365|1366|1367,1365,1366,1367,148100.0,2,146600.0,147200.0,146112.71476711705,1949.140931531771
028260.KS,028260,KOSPI,삼성물산,KRLEVEL_RR|028260|3T|1394|1395|1396,1394,1395,1396,148500.0,3,146000.0,148200.0,145575.33874426485,1698.6450229406446
028260.KS,028260,KOSPI,삼성물산,KRLEVEL_RR|028260|2T|1414|1418|1420,1414,1418,1420,148900.0,2,146100.0,148700.0,145621.8096584116,1912.7613663535715
028260.KS,028260,KOSPI,삼성물산,KRLEVEL_RR|028260|8T|1459|1461|1462,1459,1461,1462,135800.0,8,132800.0,134000.0,132062.21874176472,2951.125032941064
028260.KS,028260,KOSPI,삼성물산,KRLEVEL_RR|028260|6T|1474|1480|1482,1474,1480,1482,141950.0,6,135500.0,140200.0,134982.3693456209,2070.522617516468
028260.KS,028260,KOSPI,삼성물산,KRLEVEL_RR|028260|3T|1547|1548|1550,1547,1548,1550,149500.0,3,147500.0,149300.0,147117.4380230786,1530.2479076855586
028260.KS,028260,KOSPI,삼성물산,KRLEVEL_RR|028260|2T|1580|1581|1582,1580,1581,1582,149500.0,2,146500.0,149100.0,146033.65551801154,1865.3779279538578
028260.KS,028260,KOSPI,삼성물산,KRLEVEL_RR|028260|3T|1613|1616|1618,1613,1616,1618,147200.0,3,145400.0,146600.0,145009.90024880256,1560.3990047897369
028260.KS,028260,KOSPI,삼성물산,KRLEVEL_RR|028260|2T|1878|1880|1882,1878,1880,1882,122500.0,2,121100.0,122400.0,120832.65084979782,1069.3966008087154
028260.KS,028260,KOSPI,삼성물산,KRLEVEL_RR|028260|3T|1917|1920|1921,1917,1920,1921,120400.0,3,119400.0,120400.0,119075.95185976804,1296.1925609278428
028260.KS,028260,KOSPI,삼성물산,KRLEVEL_RR|028260|2T|1990|1991|1992,1990,1991,1992,117850.0,2,116400.0,117900.0,116176.25876828108,894.9649268756825
028260.KS,028260,KOSPI,삼성물산,KRLEVEL_RR|028260|2T|2049|2050|2051,2049,2050,2051,116050.0,2,112400.0,116000.0,112107.45594244418,1170.1762302232387
028260.KS,028260,KOSPI,삼성물산,KRLEVEL_RR|028260|3T|2063|2065|2066,2063,2065,2066,120600.0,3,117800.0,120200.0,117435.85137264921,1456.5945094031676
028260.KS,028260,KOSPI,삼성물산,KRLEVEL_RR|028260|5T|2138|2140|2141,2138,2140,2141,118000.0,5,117200.0,117600.0,116832.96733259516,1468.130669619379
028260.KS,028260,KOSPI,삼성물산,KRLEVEL_RR|028260|4T|2184|2186|2187,2184,2186,2187,119200.0,4,116600.0,119000.0,116314.00142944769,1143.994282209241
028260.KS,028260,KOSPI,삼성물산,KRLEVEL_RR|028260|2T|2273|2275|2276,2273,2275,2276,121950.0,2,121200.0,121900.0,120939.35084949034,1042.5966020386645
028260.KS,028260,KOSPI,삼성물산,KRLEVEL_RR|028260|3T|2300|2301|2302,2300,2301,2302,119200.0,3,118200.0,119200.0,117954.64643181907,981.4142727236912
028260.KS,028260,KOSPI,삼성물산,KRLEVEL_RR|028260|3T|2313|2315|2317,2313,2315,2317,119200.0,3,118900.0,119100.0,118692.08581209961,831.6567516015476
028260.KS,028260,KOSPI,삼성물산,KRLEVEL_RR|028260|3T|2330|2334|2336,2330,2334,2336,123000.0,3,118900.0,122900.0,118663.37503576811,946.4998569275285
028260.KS,028260,KOSPI,삼성물산,KRLEVEL_RR|028260|2T|2467|2473|2475,2467,2473,2475,114350.0,2,113100.0,113900.0,112904.52281824804,781.9087270078664
028260.KS,028260,KOSPI,삼성물산,KRLEVEL_RR|028260|2T|2504|2509|2510,2504,2509,2510,117950.0,2,116500.0,118100.0,116281.8173935787,872.7304256851951
028260.KS,028260,KOSPI,삼성물산,KRLEVEL_RR|028260|4T|2541|2543|2544,2541,2543,2544,124050.0,4,121500.0,123400.0,121258.88820385243,964.4471845902833
028260.KS,028260,KOSPI,삼성물산,KRLEVEL_RR|028260|2T|2642|2643|2644,2642,2643,2644,158750.0,2,151100.0,159000.0,150442.53399017092,2629.8640393163146
028260.KS,028260,KOSPI,삼성물산,KRLEVEL_RR|028260|2T|2729|2730|2731,2729,2730,2731,158750.0,2,156000.0,159100.0,155421.64585521127,2313.416579154944
028260.KS,028260,KOSPI,삼성물산,KRLEVEL_RR|028260|4T|2774|2776|2778,2774,2776,2778,164850.0,4,160400.0,164400.0,159827.32514737788,2290.6994104884448
028260.KS,028260,KOSPI,삼성물산,KRLEVEL_RR|028260|4T|2829|2833|2835,2829,2833,2835,173950.0,4,172400.0,173900.0,171833.28760957558,2266.849561697731
028260.KS,028260,KOSPI,삼성물산,KRLEVEL_RR|028260|5T|2864|2865|2866,2864,2865,2866,170600.0,5,164400.0,170300.0,163877.69375203553,2089.224991857915
028260.KS,028260,KOSPI,삼성물산,KRLEVEL_RR|028260|2T|2897|2898|2900,2897,2898,2900,163250.0,2,160100.0,162600.0,159647.7949651443,1808.8201394227756
028260.KS,028260,KOSPI,삼성물산,KRLEVEL_RR|028260|2T|2962|2964|2965,2962,2964,2965,161350.0,2,155300.0,161300.0,154902.73318561574,1589.0672575370377
028260.KS,028260,KOSPI,삼성물산,KRLEVEL_RR|028260|2T|3008|3012|3014,3008,3012,3014,167000.0,2,165000.0,167100.0,164554.23334625203,1783.06661499184
028260.KS,028260,KOSPI,삼성물산,KRLEVEL_RR|028260|2T|3027|3028|3029,3027,3028,3029,174050.0,2,166900.0,174000.0,166506.34877595078,1574.604896196911
028260.KS,028260,KOSPI,삼성물산,KRLEVEL_RR|028260|3T|3146|3148|3149,3146,3148,3149,199300.0,3,183000.0,199200.0,182370.84970141496,2516.6011943401636
028260.KS,028260,KOSPI,삼성물산,KRLEVEL_RR|028260|2T|3164|3168|3170,3164,3168,3170,203750.0,2,194500.0,203000.0,193646.17372085116,3415.3051165953348
028260.KS,028260,KOSPI,삼성물산,KRLEVEL_RR|028260|2T|3195|3197|3198,3195,3197,3198,203750.0,2,202000.0,204500.0,201238.77919462044,3044.883221518196
028260.KS,028260,KOSPI,삼성물산,KRLEVEL_RR|028260|3T|3260|3261|3262,3260,3261,3262,217500.0,3,208500.0,214500.0,207371.01335982187,4515.946560712526
028260.KS,028260,KOSPI,삼성물산,KRLEVEL_RR|028260|4T|3331|3335|3337,3331,3335,3337,217750.0,4,213000.0,217500.0,211828.35433831555,4686.58264673785
028260.KS,028260,KOSPI,삼성물산,KRLEVEL_RR|028260|4T|3490|3491|3492,3490,3491,3492,241750.0,4,237500.0,241000.0,236589.1469696274,3643.412121490378
028260.KS,028260,KOSPI,삼성물산,KRLEVEL_RR|028260|3T|3532|3533|3534,3532,3533,3534,272500.0,3,262000.0,273500.0,260913.69077583507,4345.236896659724
028260.KS,028260,KOSPI,삼성물산,KRLEVEL_RR|028260|6T|3642|3646|3647,3642,3646,3647,307250.0,6,276500.0,303000.0,274662.0361366531,7351.855453387714
028260.KS,028260,KOSPI,삼성물산,KRLEVEL_RR|028260|3T|3671|3675|3677,3671,3675,3677,319000.0,3,283000.0,318000.0,281515.4035279864,5938.38588805459
028260.KS,028260,KOSPI,삼성물산,KRLEVEL_RR|028260|2T|3699|3700|3701,3699,3700,3701,344500.0,2,327000.0,343500.0,325413.9449659566,6344.220136173651
028260.KS,028260,KOSPI,삼성물산,KRLEVEL_RR|028260|4T|3743|3748|3749,3743,3748,3749,272750.0,4,253500.0,270000.0,251288.44824488848,8846.207020446118
028260.KS,028260,KOSPI,삼성물산,KRLEVEL_RR|028260|2T|3792|3794|3795,3792,3794,3795,300000.0,2,289000.0,298000.0,287651.2242030115,5395.103187954135
028260.KS,028260,KOSPI,삼성물산,KRLEVEL_RR|028260|3T|3869|3870|3872,3869,3870,3872,295500.0,3,262000.0,296500.0,260158.7786512581,7364.885394967675
028260.KS,028260,KOSPI,삼성물산,KRLEVEL_RR|028260|2T|3929|3932|3934,3929,3932,3934,312250.0,2,298500.0,309500.0,297327.48767527397,4690.049298904065
028260.KS,028260,KOSPI,삼성물산,KRLEVEL_RR|028260|4T|3965|3966|3968,3965,3966,3968,304750.0,4,298000.0,305000.0,296903.613694971,4385.54522011595
028260.KS,028260,KOSPI,삼성물산,KRLEVEL_RR|028260|4T|4094|4095|4096,4094,4095,4096,445500.0,4,441500.0,447500.0,436061.6033701947,21753.586519221357
028260.KS,028260,KOSPI,삼성물산,KRLEVEL_RR|028260|2T|4151|4155|4157,4151,4155,4157,494500.0,2,472000.0,490000.0,467423.10945771803,18307.562169127796
028260.KS,028260,KOSPI,삼성물산,KRLEVEL_RR|028260|3T|4192|4196|4197,4192,4196,4197,464500.0,3,457500.0,468000.0,452934.77055708715,18260.91777165137
028260.KS,028260,KOSPI,삼성물산,KRLEVEL_RR|028260|2T|4214|4215|4217,4214,4215,4217,428000.0,2,391500.0,424500.0,387500.27649744734,15998.894010210615
000270.KS,000270,KOSPI,기아,KRLEVEL_RR|000270|2T|399|400|401,399,400,401,83800.0,2,81200.0,83900.0,81019.95616838876,720.1753264449934
000270.KS,000270,KOSPI,기아,KRLEVEL_RR|000270|2T|424|425|426,424,425,426,82900.0,2,82200.0,82700.0,82045.56180597103,617.752776115906
000270.KS,000270,KOSPI,기아,KRLEVEL_RR|000270|3T|449|455|456,449,455,456,84900.0,3,83700.0,84700.0,83549.99416820721,600.0233271711601
000270.KS,000270,KOSPI,기아,KRLEVEL_RR|000270|8T|479|481|483,479,481,483,84700.0,8,83500.0,84800.0,83365.65256506999,537.389739720029
000270.KS,000270,KOSPI,기아,KRLEVEL_RR|000270|2T|498|500|502,498,500,502,86150.0,2,83200.0,86100.0,83071.29206695998,514.831732160091
000270.KS,000270,KOSPI,기아,KRLEVEL_RR|000270|4T|628|629|631,628,629,631,90000.0,4,88100.0,89600.0,87875.64598213995,897.4160714401854
000270.KS,000270,KOSPI,기아,KRLEVEL_RR|000270|2T|644|645|647,644,645,647,87950.0,2,87500.0,87700.0,87286.97717107534,852.091315698629
000270.KS,000270,KOSPI,기아,KRLEVEL_RR|000270|5T|676|677|678,676,677,678,88100.0,5,86900.0,87400.0,86608.63300928361,1165.4679628655226
000270.KS,000270,KOSPI,기아,KRLEVEL_RR|000270|2T|691|692|693,691,692,693,98900.0,2,86100.0,99000.0,85809.10387096056,1163.584516157723
000270.KS,000270,KOSPI,기아,KRLEVEL_RR|000270|2T|742|748|749,742,748,749,114750.0,2,111300.0,114700.0,110784.90925757702,2060.362969691899
000270.KS,000270,KOSPI,기아,KRLEVEL_RR|000270|2T|763|765|766,763,765,766,114750.0,2,114100.0,114200.0,113642.93922184894,1828.2431126042716
000270.KS,000270,KOSPI,기아,KRLEVEL_RR|000270|2T|777|780|782,777,780,782,114750.0,2,111500.0,115100.0,111090.1570297222,1639.3718811111996
000270.KS,000270,KOSPI,기아,KRLEVEL_RR|000270|2T|814|815|816,814,815,816,121000.0,2,112000.0,121200.0,111544.18717491042,1823.2513003583263
000270.KS,000270,KOSPI,기아,KRLEVEL_RR|000270|6T|1025|1028|1030,1025,1028,1030,114900.0,6,107800.0,114200.0,107369.17385208492,1723.3045916603364
000270.KS,000270,KOSPI,기아,KRLEVEL_RR|000270|3T|1064|1065|1066,1064,1065,1066,118000.0,3,117200.0,118100.0,116852.61663286136,1389.533468554528
000270.KS,000270,KOSPI,기아,KRLEVEL_RR|000270|3T|1108|1113|1114,1108,1113,1114,113700.0,3,111200.0,113200.0,110943.92530120013,1024.298795199479
000270.KS,000270,KOSPI,기아,KRLEVEL_RR|000270|2T|1143|1145|1146,1143,1145,1146,118150.0,2,113400.0,117300.0,113056.38177976792,1374.4728809283056
000270.KS,000270,KOSPI,기아,KRLEVEL_RR|000270|2T|1183|1184|1186,1183,1184,1186,119550.0,2,119200.0,119700.0,118826.59874305413,1493.6050277835006
000270.KS,000270,KOSPI,기아,KRLEVEL_RR|000270|2T|1199|1202|1204,1199,1202,1204,119550.0,2,118100.0,119100.0,117778.52466256102,1285.901349755928
000270.KS,000270,KOSPI,기아,KRLEVEL_RR|000270|2T|1223|1226|1228,1223,1226,1228,122200.0,2,121300.0,122000.0,121006.23724139913,1175.0510344034774
000270.KS,000270,KOSPI,기아,KRLEVEL_RR|000270|2T|1282|1283|1285,1282,1283,1285,129100.0,2,126100.0,129000.0,125772.40425758061,1310.3829696775758
000270.KS,000270,KOSPI,기아,KRLEVEL_RR|000270|4T|1316|1317|1318,1316,1317,1318,122950.0,4,122500.0,122800.0,122144.81583461861,1420.7366615255642
000270.KS,000270,KOSPI,기아,KRLEVEL_RR|000270|2T|1364|1365|1366,1364,1365,1366,119850.0,2,118700.0,119900.0,118442.9012374345,1028.3950502619903
000270.KS,000270,KOSPI,기아,KRLEVEL_RR|000270|2T|1499|1500|1501,1499,1500,1501,105050.0,2,99300.0,105100.0,99027.40101421188,1090.3959431524727
000270.KS,000270,KOSPI,기아,KRLEVEL_RR|000270|2T|1528|1530|1531,1528,1530,1531,103100.0,2,102000.0,103200.0,101784.20428299514,863.1828680194334
000270.KS,000270,KOSPI,기아,KRLEVEL_RR|000270|2T|1624|1625|1626,1624,1625,1626,102050.0,2,99000.0,101900.0,98706.27510602289,1174.8995759084241
000270.KS,000270,KOSPI,기아,KRLEVEL_RR|000270|6T|1655|1656|1658,1655,1656,1658,103200.0,6,102600.0,102900.0,102367.87127997537,928.5148800984969
000270.KS,000270,KOSPI,기아,KRLEVEL_RR|000270|4T|1794|1796|1798,1794,1796,1798,94150.0,4,93000.0,94300.0,92686.1104151674,1255.5583393304364
000270.KS,000270,KOSPI,기아,KRLEVEL_RR|000270|2T|1869|1870|1871,1869,1870,1871,97200.0,2,95000.0,97500.0,94695.57284258382,1217.7086296647167
000270.KS,000270,KOSPI,기아,KRLEVEL_RR|000270|2T|1884|1890|1891,1884,1890,1891,97200.0,2,97100.0,97200.0,96875.0644092881,899.7423628476228
000270.KS,000270,KOSPI,기아,KRLEVEL_RR|000270|3T|1917|1921|1923,1917,1921,1923,94200.0,3,92100.0,93500.0,91854.08066144255,983.6773542297765
000270.KS,000270,KOSPI,기아,KRLEVEL_RR|000270|3T|1954|1958|1959,1954,1958,1959,95200.0,3,95100.0,95300.0,94830.70488670477,1077.1804531809407
000270.KS,000270,KOSPI,기아,KRLEVEL_RR|000270|2T|1972|1973|1975,1972,1973,1975,96750.0,2,96200.0,97000.0,95952.23284183485,991.0686326605875
000270.KS,000270,KOSPI,기아,KRLEVEL_RR|000270|4T|1989|1990|1991,1989,1990,1991,98450.0,4,96200.0,98700.0,95924.81976971646,1100.7209211341676
000270.KS,000270,KOSPI,기아,KRLEVEL_RR|000270|5T|2121|2127|2128,2121,2127,2128,101400.0,5,100800.0,101100.0,100556.44660680435,974.2135727825838
000270.KS,000270,KOSPI,기아,KRLEVEL_RR|000270|4T|2270|2273|2274,2270,2273,2274,95200.0,4,91900.0,94800.0,91663.79765685715,944.8093725714382
000270.KS,000270,KOSPI,기아,KRLEVEL_RR|000270|2T|2300|2301|2302,2300,2301,2302,98300.0,2,96100.0,98200.0,95900.04413667884,799.8234532846043
000270.KS,000270,KOSPI,기아,KRLEVEL_RR|000270|3T|2327|2329|2330,2327,2329,2330,95800.0,3,93300.0,95600.0,93060.82076700909,956.7169319636521
000270.KS,000270,KOSPI,기아,KRLEVEL_RR|000270|2T|2343|2348|2349,2343,2348,2349,95850.0,2,95500.0,95800.0,95279.32977651738,882.6808939304927
000270.KS,000270,KOSPI,기아,KRLEVEL_RR|000270|2T|2465|2466|2467,2465,2466,2467,86700.0,2,84600.0,86400.0,84422.6270045595,709.491981762
000270.KS,000270,KOSPI,기아,KRLEVEL_RR|000270|2T|2499|2502|2504,2499,2502,2504,88600.0,2,86800.0,88200.0,86585.67682147713,857.2927140915104
000270.KS,000270,KOSPI,기아,KRLEVEL_RR|000270|3T|2535|2540|2541,2535,2540,2541,89700.0,3,89700.0,89800.0,89520.33982715632,718.6406913747242
000270.KS,000270,KOSPI,기아,KRLEVEL_RR|000270|2T|2618|2619|2620,2618,2619,2620,91400.0,2,87700.0,91500.0,87490.00818499194,839.9672600322688
000270.KS,000270,KOSPI,기아,KRLEVEL_RR|000270|2T|2643|2647|2648,2643,2647,2648,92750.0,2,90100.0,92500.0,89857.60252495791,969.5899001683697
000270.KS,000270,KOSPI,기아,KRLEVEL_RR|000270|2T|2663|2664|2666,2663,2664,2666,96300.0,2,94100.0,96400.0,93862.60521677864,949.5791328854435
000270.KS,000270,KOSPI,기아,KRLEVEL_RR|000270|2T|2714|2718|2720,2714,2718,2720,96300.0,2,94400.0,96500.0,94052.66285985014,1389.348560599464
000270.KS,000270,KOSPI,기아,KRLEVEL_RR|000270|2T|2744|2745|2746,2744,2745,2746,98350.0,2,96600.0,98600.0,96339.49631336349,1042.0147465460357
000270.KS,000270,KOSPI,기아,KRLEVEL_RR|000270|4T|2760|2761|2762,2760,2761,2762,99750.0,4,98750.0,99700.0,98511.17482092998,955.3007162800891
000270.KS,000270,KOSPI,기아,KRLEVEL_RR|000270|2T|2776|2777|2779,2776,2777,2779,98350.0,2,98300.0,98500.0,98076.62949795021,893.4820081991373
000270.KS,000270,KOSPI,기아,KRLEVEL_RR|000270|2T|2792|2796|2798,2792,2796,2798,100600.0,2,99300.0,100800.0,99077.08389022193,891.6644391123024
000270.KS,000270,KOSPI,기아,KRLEVEL_RR|000270|5T|2817|2818|2820,2817,2818,2820,99800.0,5,99600.0,99700.0,99411.66610648771,753.3355740491296
000270.KS,000270,KOSPI,기아,KRLEVEL_RR|000270|2T|2840|2841|2843,2840,2841,2843,103200.0,2,98500.0,103100.0,98228.54914404832,1085.8034238067298
000270.KS,000270,KOSPI,기아,KRLEVEL_RR|000270|4T|2888|2889|2891,2888,2889,2891,101450.0,4,101100.0,101800.0,100735.48719392031,1458.0512243187263
000270.KS,000270,KOSPI,기아,KRLEVEL_RR|000270|4T|2930|2932|2933,2930,2932,2933,102600.0,4,101000.0,102200.0,100808.24153928336,767.0338428665461
000270.KS,000270,KOSPI,기아,KRLEVEL_RR|000270|2T|2945|2946|2948,2945,2946,2948,102725.0,2,102100.0,102800.0,101900.3020773535,798.7916905860459
000270.KS,000270,KOSPI,기아,KRLEVEL_RR|000270|2T|3014|3016|3017,3014,3016,3017,107100.0,2,105750.0,107100.0,105571.34623730482,714.6150507806908
000270.KS,000270,KOSPI,기아,KRLEVEL_RR|000270|3T|3038|3039|3041,3038,3039,3041,104700.0,3,104100.0,104700.0,103939.79699030203,640.8120387918673
000270.KS,000270,KOSPI,기아,KRLEVEL_RR|000270|4T|3102|3103|3104,3102,3103,3104,102500.0,4,101300.0,102200.0,101123.28034149924,706.8786340030625
000270.KS,000270,KOSPI,기아,KRLEVEL_RR|000270|3T|3140|3141|3143,3140,3141,3143,101800.0,3,100200.0,101900.0,100034.09062589495,663.6374964202095
000270.KS,000270,KOSPI,기아,KRLEVEL_RR|000270|2T|3166|3167|3169,3166,3167,3169,102500.0,2,101700.0,102600.0,101513.29501882764,746.8199246894469
000270.KS,000270,KOSPI,기아,KRLEVEL_RR|000270|2T|3230|3236|3237,3230,3236,3237,118400.0,2,112800.0,116000.0,112307.10292480512,1971.5883007795064
000270.KS,000270,KOSPI,기아,KRLEVEL_RR|000270|2T|3272|3273|3274,3272,3273,3274,112050.0,2,110200.0,112300.0,109834.69805044873,1461.2077982051096
000270.KS,000270,KOSPI,기아,KRLEVEL_RR|000270|4T|3350|3351|3353,3350,3351,3353,113200.0,4,111700.0,112900.0,111495.69193042033,817.2322783186863
000270.KS,000270,KOSPI,기아,KRLEVEL_RR|000270|3T|3369|3370|3371,3369,3370,3371,116200.0,3,111000.0,115900.0,110738.5577922843,1045.7688308628058
000270.KS,000270,KOSPI,기아,KRLEVEL_RR|000270|3T|3382|3383|3385,3382,3383,3385,119800.0,3,117700.0,119600.0,117391.89502906748,1232.419883730064
000270.KS,000270,KOSPI,기아,KRLEVEL_RR|000270|6T|3492|3497|3498,3492,3497,3498,121900.0,6,119500.0,121800.0,119224.9158390639,1100.3366437443972
000270.KS,000270,KOSPI,기아,KRLEVEL_RR|000270|3T|3627|3628|3629,3627,3628,3629,156000.0,3,148200.0,155800.0,147619.75002643274,2320.9998942690563
000270.KS,000270,KOSPI,기아,KRLEVEL_RR|000270|2T|3647|3650|3652,3647,3650,3652,154700.0,2,150300.0,154800.0,149828.91038826772,1884.3584469291025
000270.KS,000270,KOSPI,기아,KRLEVEL_RR|000270|2T|3690|3692|3694,3690,3692,3694,171500.0,2,171500.0,171700.0,171042.69537594353,1829.2184962259153
000270.KS,000270,KOSPI,기아,KRLEVEL_RR|000270|2T|3705|3709|3711,3705,3709,3711,200450.0,2,194100.0,197500.0,193066.0187167689,4135.925132924433
000270.KS,000270,KOSPI,기아,KRLEVEL_RR|000270|3T|3743|3746|3748,3743,3746,3748,158600.0,3,150100.0,157300.0,148988.3348465825,4446.66061366999
000270.KS,000270,KOSPI,기아,KRLEVEL_RR|000270|3T|3779|3785|3787,3779,3785,3787,171500.0,3,162000.0,170500.0,161403.48648572643,2386.054057094225
000270.KS,000270,KOSPI,기아,KRLEVEL_RR|000270|2T|3840|3841|3842,3840,3841,3842,151850.0,2,143800.0,151900.0,143153.1829440851,2587.2682236596006
000270.KS,000270,KOSPI,기아,KRLEVEL_RR|000270|2T|3870|3871|3873,3870,3871,3873,156200.0,2,149100.0,156700.0,148513.4158555098,2346.336577960785
000270.KS,000270,KOSPI,기아,KRLEVEL_RR|000270|3T|3899|3903|3905,3899,3903,3905,151800.0,3,145700.0,151900.0,145163.6727281756,2145.309087297635
000270.KS,000270,KOSPI,기아,KRLEVEL_RR|000270|2T|3950|3956|3958,3950,3956,3958,156200.0,2,152300.0,155700.0,151920.95383873495,1516.184645060243
000270.KS,000270,KOSPI,기아,KRLEVEL_RR|000270|3T|3977|3983|3984,3977,3983,3984,156300.0,3,153800.0,156400.0,153216.3193532569,2334.722586972458
000270.KS,000270,KOSPI,기아,KRLEVEL_RR|000270|2T|4003|4004|4006,4003,4004,4006,174300.0,2,162500.0,175100.0,161427.5584111004,4289.7663555983545
000270.KS,000270,KOSPI,기아,KRLEVEL_RR|000270|6T|4038|4044|4046,4038,4044,4046,163750.0,6,158600.0,162400.0,157649.71439134923,3801.142434603108
000270.KS,000270,KOSPI,기아,KRLEVEL_RR|000270|4T|4070|4074|4075,4070,4074,4075,168900.0,4,159500.0,169500.0,158639.3771700295,3442.4913198819854
000270.KS,000270,KOSPI,기아,KRLEVEL_RR|000270|3T|4105|4106|4107,4105,4106,4107,162500.0,3,150200.0,163200.0,149272.86533782998,3708.538648680062
000270.KS,000270,KOSPI,기아,KRLEVEL_RR|000270|2T|4121|4122|4124,4121,4122,4124,162200.0,2,150300.0,162700.0,149413.38501779924,3546.4599288030136
000270.KS,000270,KOSPI,기아,KRLEVEL_RR|000270|3T|4206|4208|4209,4206,4208,4209,144200.0,3,137700.0,144600.0,136920.39242978347,3118.4302808661228
000270.KS,000270,KOSPI,기아,KRLEVEL_RR|000270|2T|4243|4246|4247,4243,4246,4247,148350.0,2,144400.0,147700.0,143542.22679878256,3431.092804869726
000270.KS,000270,KOSPI,기아,KRLEVEL_RR|000270|3T|4260|4262|4264,4260,4262,4264,144200.0,3,138700.0,144500.0,137962.79314942195,2948.827402312235
000270.KS,000270,KOSPI,기아,KRLEVEL_RR|000270|2T|4284|4285|4286,4284,4285,4286,148350.0,2,137300.0,147200.0,136583.01021216254,2867.9591513498963
034020.KS,034020,KOSPI,두산에너빌리티,KRLEVEL_RR|034020|2T|339|345|347,339,345,347,13895.0,2,13420.0,13860.0,13384.535477121359,141.85809151456127
034020.KS,034020,KOSPI,두산에너빌리티,KRLEVEL_RR|034020|2T|360|363|364,360,363,364,14545.0,2,14350.0,14520.0,14309.273019873704,162.9079205051825
034020.KS,034020,KOSPI,두산에너빌리티,KRLEVEL_RR|034020|2T|391|395|397,391,395,397,14545.0,2,13770.0,14500.0,13735.324036514894,138.7038539404205
034020.KS,034020,KOSPI,두산에너빌리티,KRLEVEL_RR|034020|2T|410|412|413,410,412,413,14670.0,2,14290.0,14630.0,14259.220420646707,123.11831741317594
034020.KS,034020,KOSPI,두산에너빌리티,KRLEVEL_RR|034020|2T|539|540|542,539,540,542,15840.0,2,15450.0,15850.0,15423.033322256904,107.86671097238131
034020.KS,034020,KOSPI,두산에너빌리티,KRLEVEL_RR|034020|2T|571|573|574,571,573,574,15840.0,2,15370.0,15800.0,15344.771851987458,100.91259205017028
034020.KS,034020,KOSPI,두산에너빌리티,KRLEVEL_RR|034020|2T|598|602|604,598,602,604,15590.0,2,15410.0,15580.0,15383.541225243933,105.83509902426788
034020.KS,034020,KOSPI,두산에너빌리티,KRLEVEL_RR|034020|4T|712|713|714,712,713,714,15580.0,4,14890.0,15600.0,14852.155750424869,151.37699830052398
034020.KS,034020,KOSPI,두산에너빌리티,KRLEVEL_RR|034020|3T|734|735|736,734,735,736,15270.0,3,15170.0,15230.0,15131.597929697247,153.6082812110107
034020.KS,034020,KOSPI,두산에너빌리티,KRLEVEL_RR|034020|2T|751|752|754,751,752,754,15340.0,2,15170.0,15330.0,15138.819393298976,124.72242680409629
034020.KS,034020,KOSPI,두산에너빌리티,KRLEVEL_RR|034020|2T|766|768|770,766,768,770,15490.0,2,15290.0,15430.0,15261.539405069223,113.84237972310544
034020.KS,034020,KOSPI,두산에너빌리티,KRLEVEL_RR|034020|4T|844|849|850,844,849,850,15575.0,4,15420.0,15510.0,15362.249238008195,231.00304796722077
034020.KS,034020,KOSPI,두산에너빌리티,KRLEVEL_RR|034020|3T|1036|1040|1042,1036,1040,1042,15710.0,3,15430.0,15690.0,15379.119595691285,203.52161723486253
034020.KS,034020,KOSPI,두산에너빌리티,KRLEVEL_RR|034020|2T|1078|1083|1085,1078,1083,1085,16985.0,2,16290.0,16990.0,16243.395333287035,186.41866685185937
034020.KS,034020,KOSPI,두산에너빌리티,KRLEVEL_RR|034020|2T|1114|1115|1117,1114,1115,1117,17960.0,2,17410.0,17920.0,17361.46117914784,194.1552834086444
034020.KS,034020,KOSPI,두산에너빌리티,KRLEVEL_RR|034020|3T|1138|1139|1141,1138,1139,1141,18100.0,3,17660.0,18030.0,17614.532412056236,181.87035177505012
034020.KS,034020,KOSPI,두산에너빌리티,KRLEVEL_RR|034020|3T|1154|1155|1156,1154,1155,1156,18230.0,3,17440.0,18170.0,17354.643334838038,341.4266606478516
034020.KS,034020,KOSPI,두산에너빌리티,KRLEVEL_RR|034020|3T|1252|1253|1255,1252,1253,1255,20200.0,3,19350.0,20100.0,19261.5142356543,353.9430573827966
034020.KS,034020,KOSPI,두산에너빌리티,KRLEVEL_RR|034020|4T|1332|1338|1339,1332,1338,1339,21150.0,4,19310.0,21150.0,19208.8270103972,404.6919584112099
034020.KS,034020,KOSPI,두산에너빌리티,KRLEVEL_RR|034020|4T|1358|1362|1363,1358,1362,1363,21150.0,4,19970.0,21100.0,19845.736214635643,497.0551414574251
034020.KS,034020,KOSPI,두산에너빌리티,KRLEVEL_RR|034020|6T|1404|1405|1407,1404,1405,1407,19725.0,6,19610.0,19720.0,19522.895774631488,348.4169014740451
034020.KS,034020,KOSPI,두산에너빌리티,KRLEVEL_RR|034020|2T|1474|1479|1480,1474,1479,1480,17665.0,2,16590.0,17520.0,16516.45395285004,294.1841885998375
034020.KS,034020,KOSPI,두산에너빌리티,KRLEVEL_RR|034020|3T|1498|1499|1500,1498,1499,1500,18700.0,3,17520.0,18720.0,17463.587783634066,225.64886546373543
034020.KS,034020,KOSPI,두산에너빌리티,KRLEVEL_RR|034020|2T|1543|1544|1546,1543,1544,1546,17665.0,2,17050.0,17680.0,16988.581817595717,245.67272961712638
034020.KS,034020,KOSPI,두산에너빌리티,KRLEVEL_RR|034020|3T|1558|1562|1563,1558,1562,1563,18110.0,3,17660.0,18030.0,17598.8473764852,244.6104940591984
034020.KS,034020,KOSPI,두산에너빌리티,KRLEVEL_RR|034020|4T|1622|1623|1624,1622,1623,1624,18100.0,4,17200.0,18120.0,17132.345321445813,270.61871421674323
034020.KS,034020,KOSPI,두산에너빌리티,KRLEVEL_RR|034020|2T|1648|1654|1655,1648,1654,1655,18325.0,2,17760.0,17980.0,17705.175040854498,219.29983658200436
034020.KS,034020,KOSPI,두산에너빌리티,KRLEVEL_RR|034020|5T|1686|1687|1688,1686,1687,1688,17580.0,5,17140.0,17540.0,17082.175821481338,231.2967140746518
034020.KS,034020,KOSPI,두산에너빌리티,KRLEVEL_RR|034020|3T|1710|1711|1713,1710,1711,1713,18310.0,3,18060.0,18310.0,18016.94393525112,172.22425899551897
034020.KS,034020,KOSPI,두산에너빌리티,KRLEVEL_RR|034020|4T|1768|1769|1770,1768,1769,1770,21300.0,4,19840.0,21150.0,19746.58889622153,373.6444151138836
034020.KS,034020,KOSPI,두산에너빌리티,KRLEVEL_RR|034020|3T|1808|1809|1810,1808,1809,1810,20200.0,3,19790.0,20200.0,19702.154981329197,351.38007468320586
034020.KS,034020,KOSPI,두산에너빌리티,KRLEVEL_RR|034020|5T|1825|1827|1828,1825,1827,1828,21300.0,5,21100.0,21150.0,21011.73625971635,353.05496113460305
034020.KS,034020,KOSPI,두산에너빌리티,KRLEVEL_RR|034020|2T|1846|1848|1850,1846,1848,1850,21675.0,2,20600.0,21550.0,20504.0205231438,383.91790742478906
034020.KS,034020,KOSPI,두산에너빌리티,KRLEVEL_RR|034020|3T|1864|1865|1867,1864,1865,1867,21950.0,3,21300.0,21950.0,21201.831499297426,392.6740028102911
034020.KS,034020,KOSPI,두산에너빌리티,KRLEVEL_RR|034020|3T|1991|1996|1997,1991,1996,1997,17900.0,3,17420.0,17630.0,17358.165725764495,247.3370969420263
034020.KS,034020,KOSPI,두산에너빌리티,KRLEVEL_RR|034020|4T|2045|2046|2048,2045,2046,2048,18185.0,4,17500.0,18080.0,17446.073204975262,215.70718009894918
034020.KS,034020,KOSPI,두산에너빌리티,KRLEVEL_RR|034020|2T|2061|2067|2069,2061,2067,2069,18535.0,2,17960.0,18450.0,17909.16129093013,203.35483627948918
034020.KS,034020,KOSPI,두산에너빌리티,KRLEVEL_RR|034020|2T|2102|2103|2105,2102,2103,2105,21150.0,2,20200.0,21150.0,20123.665158271495,305.33936691402556
034020.KS,034020,KOSPI,두산에너빌리티,KRLEVEL_RR|034020|3T|2193|2196|2198,2193,2196,2198,24250.0,3,23350.0,24300.0,23205.503951213588,577.9841951456541
034020.KS,034020,KOSPI,두산에너빌리티,KRLEVEL_RR|034020|2T|2352|2353|2354,2352,2353,2354,26650.0,2,25250.0,26550.0,25126.295376326907,494.8184946923701
034020.KS,034020,KOSPI,두산에너빌리티,KRLEVEL_RR|034020|2T|2446|2447|2448,2446,2447,2448,23900.0,2,22950.0,23800.0,22846.22842334381,415.08630662474775
034020.KS,034020,KOSPI,두산에너빌리티,KRLEVEL_RR|034020|3T|2460|2461|2462,2460,2461,2462,24350.0,3,23250.0,24300.0,23139.243759637713,443.0249614491424
034020.KS,034020,KOSPI,두산에너빌리티,KRLEVEL_RR|034020|3T|2487|2489|2491,2487,2489,2491,26600.0,3,25550.0,26500.0,25465.1297553268,339.48097869279496
034020.KS,034020,KOSPI,두산에너빌리티,KRLEVEL_RR|034020|7T|2525|2530|2532,2525,2530,2532,27100.0,7,25150.0,26950.0,25018.656551725406,525.3737930983843
034020.KS,034020,KOSPI,두산에너빌리티,KRLEVEL_RR|034020|2T|2638|2639|2640,2638,2639,2640,41900.0,2,40400.0,41750.0,40179.78940376371,880.8423849451641
034020.KS,034020,KOSPI,두산에너빌리티,KRLEVEL_RR|034020|2T|2738|2740|2741,2738,2740,2741,66800.0,2,63800.0,66800.0,63328.55892764887,1885.7642894045164
034020.KS,034020,KOSPI,두산에너빌리티,KRLEVEL_RR|034020|2T|2804|2806|2808,2804,2806,2808,63100.0,2,59000.0,62900.0,58723.44300931779,1106.2279627288476
034020.KS,034020,KOSPI,두산에너빌리티,KRLEVEL_RR|034020|4T|2826|2827|2828,2826,2827,2828,64050.0,4,62600.0,64300.0,62316.41625446349,1134.3349821460404
034020.KS,034020,KOSPI,두산에너빌리티,KRLEVEL_RR|034020|2T|2841|2842|2844,2841,2842,2844,63100.0,2,62600.0,62800.0,62329.88777633715,1080.4488946513927
034020.KS,034020,KOSPI,두산에너빌리티,KRLEVEL_RR|034020|4T|2889|2893|2894,2889,2893,2894,64050.0,4,60900.0,64100.0,60627.84805424188,1088.6077830325062
034020.KS,034020,KOSPI,두산에너빌리티,KRLEVEL_RR|034020|8T|2973|2974|2975,2973,2974,2975,65250.0,8,61500.0,65200.0,61152.99080952392,1388.036761904311
034020.KS,034020,KOSPI,두산에너빌리티,KRLEVEL_RR|034020|2T|3041|3043|3044,3041,3043,3044,61300.0,2,60200.0,61400.0,60015.45774452532,738.1690218987126
034020.KS,034020,KOSPI,두산에너빌리티,KRLEVEL_RR|034020|2T|3069|3070|3071,3069,3070,3071,61300.0,2,58400.0,61000.0,58207.64002642707,769.439894291726
034020.KS,034020,KOSPI,두산에너빌리티,KRLEVEL_RR|034020|2T|3092|3096|3098,3092,3096,3098,62600.0,2,60700.0,62400.0,60476.59608662239,893.6156535104477
034020.KS,034020,KOSPI,두산에너빌리티,KRLEVEL_RR|034020|2T|3141|3142|3143,3141,3142,3143,64500.0,2,61900.0,64400.0,61699.71647199678,801.134112012901
034020.KS,034020,KOSPI,두산에너빌리티,KRLEVEL_RR|034020|2T|3221|3222|3223,3221,3222,3223,83700.0,2,81400.0,83800.0,81056.20514056495,1375.179437740166
034020.KS,034020,KOSPI,두산에너빌리티,KRLEVEL_RR|034020|2T|3320|3321|3323,3320,3321,3323,77650.0,2,72500.0,77900.0,72150.44582800053,1398.2166879978486
034020.KS,034020,KOSPI,두산에너빌리티,KRLEVEL_RR|034020|2T|3345|3347|3349,3345,3347,3349,77650.0,2,72800.0,77500.0,72477.46630091748,1290.1347963300896
034020.KS,034020,KOSPI,두산에너빌리티,KRLEVEL_RR|034020|3T|3377|3378|3379,3377,3378,3379,77800.0,3,74200.0,77800.0,73914.76376075084,1140.9449569966532
034020.KS,034020,KOSPI,두산에너빌리티,KRLEVEL_RR|034020|2T|3409|3414|3415,3409,3414,3415,77200.0,2,76400.0,77400.0,76177.51354576374,889.9458169450584
034020.KS,034020,KOSPI,두산에너빌리티,KRLEVEL_RR|034020|2T|3448|3449|3451,3448,3449,3451,76050.0,2,72600.0,76200.0,72292.91054436678,1228.3578225328877
034020.KS,034020,KOSPI,두산에너빌리티,KRLEVEL_RR|034020|2T|3615|3617|3619,3615,3617,3619,87100.0,2,86900.0,87300.0,86461.40178828545,1754.3928468581612
034020.KS,034020,KOSPI,두산에너빌리티,KRLEVEL_RR|034020|2T|3655|3656|3657,3655,3656,3657,95650.0,2,93300.0,95500.0,92962.87238801387,1348.5104479444906
034020.KS,034020,KOSPI,두산에너빌리티,KRLEVEL_RR|034020|6T|3725|3729|3731,3725,3729,3731,90600.0,6,79000.0,89100.0,78149.52455938072,3401.901762477143
034020.KS,034020,KOSPI,두산에너빌리티,KRLEVEL_RR|034020|2T|3755|3761|3762,3755,3761,3762,100150.0,2,100100.0,100700.0,99482.16239363301,2471.35042546792
034020.KS,034020,KOSPI,두산에너빌리티,KRLEVEL_RR|034020|6T|3839|3840|3842,3839,3840,3842,96300.0,6,92000.0,96600.0,91496.0462775802,2015.8148896792095
034020.KS,034020,KOSPI,두산에너빌리티,KRLEVEL_RR|034020|5T|3854|3855|3857,3854,3855,3857,96300.0,5,92700.0,96300.0,92205.96423233266,1976.143070669393
034020.KS,034020,KOSPI,두산에너빌리티,KRLEVEL_RR|034020|3T|3869|3870|3872,3869,3870,3872,99200.0,3,95600.0,99500.0,95175.19013498949,1699.2394600420503
034020.KS,034020,KOSPI,두산에너빌리티,KRLEVEL_RR|034020|2T|3899|3903|3905,3899,3903,3905,104050.0,2,96700.0,104200.0,96285.36381656399,1658.544733744072
034020.KS,034020,KOSPI,두산에너빌리티,KRLEVEL_RR|034020|2T|4330|4335|4337,4330,4335,4337,66900.0,2,59100.0,66700.0,58593.39143644086,2026.4342542365373
055550.KS,055550,KOSPI,신한지주,KRLEVEL_RR|055550|9T|270|271|272,270,271,272,35800.0,9,35300.0,35850.0,35225.45399076599,298.1840369360282
055550.KS,055550,KOSPI,신한지주,KRLEVEL_RR|055550|3T|384|388|390,384,388,390,35650.0,3,34950.0,35700.0,34884.15641326349,263.3743469460381
055550.KS,055550,KOSPI,신한지주,KRLEVEL_RR|055550|2T|462|464|465,462,464,465,36500.0,2,36050.0,36350.0,35990.14520227086,239.41919091656055
055550.KS,055550,KOSPI,신한지주,KRLEVEL_RR|055550|2T|492|493|495,492,493,495,36500.0,2,36200.0,36550.0,36146.020634874985,215.91746050005736
055550.KS,055550,KOSPI,신한지주,KRLEVEL_RR|055550|3T|506|507|509,506,507,509,36950.0,3,36200.0,36850.0,36143.66535960283,225.33856158865416
055550.KS,055550,KOSPI,신한지주,KRLEVEL_RR|055550|2T|597|601|603,597,601,603,36825.0,2,36650.0,36750.0,36578.03533973155,287.85864107380974
055550.KS,055550,KOSPI,신한지주,KRLEVEL_RR|055550|2T|616|619|621,616,619,621,37350.0,2,36650.0,37300.0,36571.023260621776,315.9069575128866
055550.KS,055550,KOSPI,신한지주,KRLEVEL_RR|055550|2T|636|638|640,636,638,640,36825.0,2,36550.0,36800.0,36470.65693907713,317.37224369146304
055550.KS,055550,KOSPI,신한지주,KRLEVEL_RR|055550|5T|659|663|664,659,663,664,37100.0,5,36100.0,37150.0,36022.25473868805,310.98104524781803
055550.KS,055550,KOSPI,신한지주,KRLEVEL_RR|055550|2T|737|739|740,737,739,740,43225.0,2,42100.0,43350.0,41924.68021238092,701.2791504763187
055550.KS,055550,KOSPI,신한지주,KRLEVEL_RR|055550|2T|814|817|819,814,817,819,43225.0,2,41600.0,43200.0,41473.234924656615,507.0603013735379
055550.KS,055550,KOSPI,신한지주,KRLEVEL_RR|055550|2T|836|841|842,836,841,842,45425.0,2,44150.0,45100.0,44021.29084535444,514.8366185822539
055550.KS,055550,KOSPI,신한지주,KRLEVEL_RR|055550|2T|1096|1099|1100,1096,1099,1100,47775.0,2,45350.0,47500.0,45207.632971584484,569.4681136620618
055550.KS,055550,KOSPI,신한지주,KRLEVEL_RR|055550|4T|1152|1155|1157,1152,1155,1157,47475.0,4,46800.0,47400.0,46657.59452553454,569.6218978618346
055550.KS,055550,KOSPI,신한지주,KRLEVEL_RR|055550|4T|1227|1231|1232,1227,1231,1232,47425.0,4,45500.0,47500.0,45369.21685601244,523.1325759502423
055550.KS,055550,KOSPI,신한지주,KRLEVEL_RR|055550|2T|1259|1260|1262,1259,1260,1262,47025.0,2,45700.0,47100.0,45604.776991716906,380.8920331323827
055550.KS,055550,KOSPI,신한지주,KRLEVEL_RR|055550|3T|1273|1275|1276,1273,1275,1276,47750.0,3,47200.0,47650.0,47108.35629978589,366.5748008564369
055550.KS,055550,KOSPI,신한지주,KRLEVEL_RR|055550|2T|1292|1293|1294,1292,1293,1294,47025.0,2,46200.0,46950.0,46075.04830461595,499.80678153620124
055550.KS,055550,KOSPI,신한지주,KRLEVEL_RR|055550|3T|1373|1374|1375,1373,1374,1375,52500.0,3,51500.0,52500.0,51337.850950169326,648.5961993226936
055550.KS,055550,KOSPI,신한지주,KRLEVEL_RR|055550|3T|1390|1391|1392,1390,1391,1392,54000.0,3,52200.0,53800.0,52024.896452089284,700.4141916428518
055550.KS,055550,KOSPI,신한지주,KRLEVEL_RR|055550|4T|1459|1461|1463,1459,1461,1463,54100.0,4,51600.0,53200.0,51282.02451098324,1271.9019560670426
055550.KS,055550,KOSPI,신한지주,KRLEVEL_RR|055550|2T|1487|1491|1492,1487,1491,1492,54700.0,2,53600.0,54800.0,53419.71814135369,721.1274345852355
055550.KS,055550,KOSPI,신한지주,KRLEVEL_RR|055550|2T|1530|1531|1533,1530,1531,1533,58750.0,2,57000.0,58800.0,56821.259061177014,714.9637552919305
055550.KS,055550,KOSPI,신한지주,KRLEVEL_RR|055550|5T|1582|1584|1585,1582,1584,1585,55800.0,5,55300.0,55500.0,55134.031749059955,663.8730037601747
055550.KS,055550,KOSPI,신한지주,KRLEVEL_RR|055550|4T|1600|1602|1603,1600,1602,1603,55750.0,4,54800.0,55900.0,54640.30108094971,638.7956762011827
055550.KS,055550,KOSPI,신한지주,KRLEVEL_RR|055550|3T|1639|1645|1646,1639,1645,1646,55900.0,3,52900.0,55300.0,52763.8642411319,544.54303547238
055550.KS,055550,KOSPI,신한지주,KRLEVEL_RR|055550|4T|1657|1658|1660,1657,1658,1660,56650.0,4,53200.0,56400.0,52995.98834730707,816.0466107716946
055550.KS,055550,KOSPI,신한지주,KRLEVEL_RR|055550|2T|1672|1673|1674,1672,1673,1674,56250.0,2,55300.0,56000.0,55099.944373435574,800.2225062577037
055550.KS,055550,KOSPI,신한지주,KRLEVEL_RR|055550|2T|1696|1697|1698,1696,1697,1698,56250.0,2,54300.0,56000.0,54135.199934345765,659.2002626169347
055550.KS,055550,KOSPI,신한지주,KRLEVEL_RR|055550|2T|1749|1750|1751,1749,1750,1751,55850.0,2,55200.0,55700.0,55050.19758687692,599.2096524923181
055550.KS,055550,KOSPI,신한지주,KRLEVEL_RR|055550|2T|1773|1776|1778,1773,1776,1778,55850.0,2,55500.0,55800.0,55319.30862497717,722.7655000912933
055550.KS,055550,KOSPI,신한지주,KRLEVEL_RR|055550|2T|1796|1797|1798,1796,1797,1798,53800.0,2,51800.0,53900.0,51594.18131917406,823.2747233037695
055550.KS,055550,KOSPI,신한지주,KRLEVEL_RR|055550|3T|1811|1812|1814,1811,1812,1814,54700.0,3,53500.0,54700.0,53315.43906611519,738.2437355392299
055550.KS,055550,KOSPI,신한지주,KRLEVEL_RR|055550|2T|1842|1847|1849,1842,1847,1849,56250.0,2,55800.0,56200.0,55636.74180384639,653.0327846144569
055550.KS,055550,KOSPI,신한지주,KRLEVEL_RR|055550|3T|1869|1875|1876,1869,1875,1876,54700.0,3,53100.0,54800.0,52947.00392664667,611.9842934133219
055550.KS,055550,KOSPI,신한지주,KRLEVEL_RR|055550|2T|1888|1889|1891,1888,1889,1891,55850.0,2,54800.0,55900.0,54670.922249279094,516.3110028836329
055550.KS,055550,KOSPI,신한지주,KRLEVEL_RR|055550|2T|2061|2062|2063,2061,2062,2063,49175.0,2,48000.0,49200.0,47893.84729915629,424.61080337484293
055550.KS,055550,KOSPI,신한지주,KRLEVEL_RR|055550|3T|2087|2088|2090,2087,2088,2090,49450.0,3,49200.0,49300.0,49070.41806623047,518.3277350781271
055550.KS,055550,KOSPI,신한지주,KRLEVEL_RR|055550|2T|2115|2119|2120,2115,2119,2120,49775.0,2,49000.0,49850.0,48882.6246717734,469.5013129063974
055550.KS,055550,KOSPI,신한지주,KRLEVEL_RR|055550|2T|2150|2154|2155,2150,2154,2155,50650.0,2,49800.0,50300.0,49663.898390288596,544.4064388456284
055550.KS,055550,KOSPI,신한지주,KRLEVEL_RR|055550|3T|2173|2175|2177,2173,2175,2177,49250.0,3,49000.0,49300.0,48877.750047859794,488.9998085608292
055550.KS,055550,KOSPI,신한지주,KRLEVEL_RR|055550|2T|2336|2342|2344,2336,2342,2344,47800.0,2,45650.0,46850.0,45550.88019665697,396.4792133720951
055550.KS,055550,KOSPI,신한지주,KRLEVEL_RR|055550|2T|2384|2385|2387,2384,2385,2387,47525.0,2,46550.0,47550.0,46428.40518010253,486.37927958990394
055550.KS,055550,KOSPI,신한지주,KRLEVEL_RR|055550|6T|2439|2442|2444,2439,2442,2444,46525.0,6,44900.0,46450.0,44773.499343351425,506.00262659430905
055550.KS,055550,KOSPI,신한지주,KRLEVEL_RR|055550|4T|2465|2466|2468,2465,2466,2468,47550.0,4,46900.0,47500.0,46808.19552740939,367.2178903624319
055550.KS,055550,KOSPI,신한지주,KRLEVEL_RR|055550|2T|2505|2509|2510,2505,2509,2510,50200.0,2,49350.0,50300.0,49231.15360277371,475.3855889051658
055550.KS,055550,KOSPI,신한지주,KRLEVEL_RR|055550|3T|2547|2553|2554,2547,2553,2554,51700.0,3,50600.0,51500.0,50481.99074623815,472.0370150473814
055550.KS,055550,KOSPI,신한지주,KRLEVEL_RR|055550|2T|2614|2618|2620,2614,2618,2620,56750.0,2,55600.0,56300.0,55476.83631422417,492.65474310330495
055550.KS,055550,KOSPI,신한지주,KRLEVEL_RR|055550|2T|2637|2638|2640,2637,2638,2640,58050.0,2,55000.0,58100.0,54818.465059832306,726.1397606707746
055550.KS,055550,KOSPI,신한지주,KRLEVEL_RR|055550|2T|2681|2682|2683,2681,2682,2683,59450.0,2,58500.0,59600.0,58338.6218237259,645.5127050963911
055550.KS,055550,KOSPI,신한지주,KRLEVEL_RR|055550|3T|2702|2703|2705,2702,2703,2705,59500.0,3,58100.0,59400.0,57934.50021266786,661.9991493285673
055550.KS,055550,KOSPI,신한지주,KRLEVEL_RR|055550|3T|2738|2741|2742,2738,2741,2742,60700.0,3,59800.0,60800.0,59614.92836982082,740.2865207167256
055550.KS,055550,KOSPI,신한지주,KRLEVEL_RR|055550|3T|2852|2854|2856,2852,2854,2856,69500.0,3,68000.0,69700.0,67745.03503812884,1019.8598474846311
055550.KS,055550,KOSPI,신한지주,KRLEVEL_RR|055550|2T|2909|2914|2916,2909,2914,2916,68700.0,2,68300.0,68500.0,68148.25774055129,606.9690377948791
055550.KS,055550,KOSPI,신한지주,KRLEVEL_RR|055550|2T|3052|3054|3056,3052,3054,3056,67750.0,2,64600.0,67400.0,64421.819890117156,712.7204395313815
055550.KS,055550,KOSPI,신한지주,KRLEVEL_RR|055550|6T|3087|3090|3092,3087,3090,3092,69350.0,6,68200.0,69200.0,68041.25771169018,634.9691532392651
055550.KS,055550,KOSPI,신한지주,KRLEVEL_RR|055550|3T|3122|3124|3125,3122,3124,3125,70600.0,3,68800.0,70500.0,68641.15831774854,635.3667290058104
055550.KS,055550,KOSPI,신한지주,KRLEVEL_RR|055550|3T|3170|3176|3177,3170,3176,3177,71300.0,3,68100.0,71400.0,67909.33143776534,762.6742489386133
055550.KS,055550,KOSPI,신한지주,KRLEVEL_RR|055550|2T|3248|3251|3252,3248,3251,3252,74950.0,2,72500.0,74500.0,72243.54688858027,1025.8124456789296
055550.KS,055550,KOSPI,신한지주,KRLEVEL_RR|055550|2T|3270|3271|3272,3270,3271,3272,77400.0,2,74300.0,77200.0,73915.41508677382,1538.3396529046968
055550.KS,055550,KOSPI,신한지주,KRLEVEL_RR|055550|2T|3285|3286|3287,3285,3286,3287,79950.0,2,77500.0,79800.0,77206.54146646941,1173.834134122337
055550.KS,055550,KOSPI,신한지주,KRLEVEL_RR|055550|2T|3337|3341|3342,3337,3341,3342,77400.0,2,75100.0,77100.0,74893.32986807989,826.6805276804213
055550.KS,055550,KOSPI,신한지주,KRLEVEL_RR|055550|2T|3359|3360|3361,3359,3360,3361,78025.0,2,77100.0,77900.0,76909.20262811608,763.1894875357052
055550.KS,055550,KOSPI,신한지주,KRLEVEL_RR|055550|6T|3496|3497|3498,3496,3497,3498,78850.0,6,76000.0,78800.0,75816.37221742596,734.5111302961405
055550.KS,055550,KOSPI,신한지주,KRLEVEL_RR|055550|6T|3532|3533|3534,3532,3533,3534,78000.0,6,77200.0,78100.0,77034.52053269344,661.9178692262653
055550.KS,055550,KOSPI,신한지주,KRLEVEL_RR|055550|8T|3552|3557|3559,3552,3557,3559,78900.0,8,78700.0,78800.0,78502.09984393316,791.6006242673499
055550.KS,055550,KOSPI,신한지주,KRLEVEL_RR|055550|3T|3575|3577|3578,3575,3577,3578,82300.0,3,80000.0,82200.0,79783.99497152101,864.0201139159482
055550.KS,055550,KOSPI,신한지주,KRLEVEL_RR|055550|2T|3617|3620|3622,3617,3620,3622,85750.0,2,83800.0,86000.0,83437.95064022405,1448.197439103773
055550.KS,055550,KOSPI,신한지주,KRLEVEL_RR|055550|2T|3749|3750|3751,3749,3750,3751,92600.0,2,83700.0,92300.0,83191.8452242866,2032.6191028535939
055550.KS,055550,KOSPI,신한지주,KRLEVEL_RR|055550|4T|3779|3785|3786,3779,3785,3786,92600.0,4,88900.0,92200.0,88525.82296947006,1496.7081221197805
055550.KS,055550,KOSPI,신한지주,KRLEVEL_RR|055550|4T|3809|3813|3815,3809,3813,3815,92600.0,4,92200.0,92400.0,91821.89104143225,1512.435834271007
055550.KS,055550,KOSPI,신한지주,KRLEVEL_RR|055550|4T|3842|3843|3844,3842,3843,3844,92600.0,4,87600.0,92500.0,87235.84177339224,1456.632906431033
055550.KS,055550,KOSPI,신한지주,KRLEVEL_RR|055550|4T|3857|3860|3861,3857,3860,3861,92600.0,4,91600.0,92300.0,91209.50905620705,1561.963775171757
055550.KS,055550,KOSPI,신한지주,KRLEVEL_RR|055550|2T|3893|3898|3899,3893,3898,3899,98850.0,2,96300.0,98700.0,95999.40342460551,1202.386301577989
055550.KS,055550,KOSPI,신한지주,KRLEVEL_RR|055550|2T|3933|3934|3936,3933,3934,3936,98850.0,2,97000.0,98900.0,96719.90320600879,1120.387175964821
055550.KS,055550,KOSPI,신한지주,KRLEVEL_RR|055550|2T|3980|3985|3987,3980,3985,3987,98850.0,2,96100.0,98200.0,95861.14294862087,955.428205516563
055550.KS,055550,KOSPI,신한지주,KRLEVEL_RR|055550|4T|4009|4010|4011,4009,4010,4011,94550.0,4,94500.0,94600.0,94174.5834225474,1301.6663098104298
055550.KS,055550,KOSPI,신한지주,KRLEVEL_RR|055550|5T|4025|4030|4031,4025,4030,4031,93900.0,5,92000.0,92600.0,91573.77031279387,1704.9187488245298
055550.KS,055550,KOSPI,신한지주,KRLEVEL_RR|055550|2T|4085|4086|4087,4085,4086,4087,97300.0,2,92600.0,96800.0,92138.85250258501,1844.5899896599672
055550.KS,055550,KOSPI,신한지주,KRLEVEL_RR|055550|7T|4121|4122|4124,4121,4122,4124,101200.0,7,94100.0,101400.0,93536.05585979362,2255.77656082555
055550.KS,055550,KOSPI,신한지주,KRLEVEL_RR|055550|6T|4192|4195|4197,4192,4195,4197,96200.0,6,89400.0,96100.0,88997.78432570909,1608.8626971636495
055550.KS,055550,KOSPI,신한지주,KRLEVEL_RR|055550|2T|4211|4212|4214,4211,4212,4214,105000.0,2,94000.0,105000.0,93467.70130381423,2129.1947847430656
055550.KS,055550,KOSPI,신한지주,KRLEVEL_RR|055550|4T|4241|4243|4244,4241,4243,4244,109600.0,4,104300.0,110000.0,103737.87232588367,2248.5106964653137
055550.KS,055550,KOSPI,신한지주,KRLEVEL_RR|055550|4T|4343|4347|4349,4343,4347,4349,103400.0,4,100300.0,103000.0,99830.99458145394,1876.0216741842548
068270.KS,068270,KOSPI,셀트리온,KRLEVEL_RR|068270|2T|251|252|254,251,252,254,124542.13671875,2,121751.2734375,123408.3515625,121481.82952370167,1077.775655193303
068270.KS,068270,KOSPI,셀트리온,KRLEVEL_RR|068270|8T|294|296|298,294,296,298,126678.890625,8,120791.921875,126896.921875,120293.50176365745,1993.6804453702102
068270.KS,068270,KOSPI,셀트리온,KRLEVEL_RR|068270|2T|385|387|389,385,387,389,138278.3984375,2,135880.0,138234.796875,135642.46039788268,950.1584084692724
068270.KS,068270,KOSPI,셀트리온,KRLEVEL_RR|068270|2T|494|495|497,494,495,497,143860.1171875,2,137798.71875,144165.375,137400.5025702938,1592.8647188248933
068270.KS,068270,KOSPI,셀트리온,KRLEVEL_RR|068270|2T|541|542|543,541,542,543,160605.2890625,2,153584.53125,160648.890625,153129.9233996053,1818.4314015788657
068270.KS,068270,KOSPI,셀트리온,KRLEVEL_RR|068270|2T|565|567|569,565,567,569,165227.640625,2,161172.171875,164486.328125,160786.26762982205,1543.6169807117883
068270.KS,068270,KOSPI,셀트리온,KRLEVEL_RR|068270|3T|658|660|661,658,660,661,160736.109375,3,151491.375,158730.171875,150847.18671606056,2576.7531357577523
068270.KS,068270,KOSPI,셀트리온,KRLEVEL_RR|068270|2T|684|686|688,684,686,688,159776.75,2,156113.75,159340.671875,155696.73368401267,1668.0652639493887
068270.KS,068270,KOSPI,셀트리온,KRLEVEL_RR|068270|3T|722|723|724,722,723,724,157945.25,3,151491.375,157858.03125,151036.253236089,1820.4870556440858
068270.KS,068270,KOSPI,셀트리온,KRLEVEL_RR|068270|2T|742|743|745,742,743,745,161521.03125,2,155852.09375,160561.671875,155406.83484417252,1781.0356233098948
068270.KS,068270,KOSPI,셀트리온,KRLEVEL_RR|068270|4T|805|806|807,805,806,807,162349.5703125,4,158119.671875,162654.828125,157697.38264069732,1689.1569372107344
068270.KS,068270,KOSPI,셀트리온,KRLEVEL_RR|068270|3T|849|855|857,849,855,857,156985.890625,3,154107.8125,156637.03125,153687.23418100725,1682.3132759710015
068270.KS,068270,KOSPI,셀트리온,KRLEVEL_RR|068270|3T|880|881|882,880,881,882,158991.8125,3,156026.53125,157945.25,155687.5532650404,1355.9119398384926
068270.KS,068270,KOSPI,셀트리온,KRLEVEL_RR|068270|4T|895|899|900,895,899,900,160823.3125,4,157421.953125,159776.75,157133.62349341734,1153.3185263305793
068270.KS,068270,KOSPI,셀트리온,KRLEVEL_RR|068270|6T|927|929|930,927,929,930,160823.3125,6,157247.53125,159427.890625,156849.29066150085,1592.9623539965849
068270.KS,068270,KOSPI,셀트리온,KRLEVEL_RR|068270|3T|988|991|992,988,991,992,156985.890625,3,154805.53125,156724.25,154358.58658935432,1787.77864258274
068270.KS,068270,KOSPI,셀트리온,KRLEVEL_RR|068270|3T|1026|1027|1029,1026,1027,1029,154369.453125,3,149136.59375,153497.3125,148710.4770375909,1704.4668496363615
068270.KS,068270,KOSPI,셀트리온,KRLEVEL_RR|068270|3T|1043|1045|1047,1043,1045,1047,154369.453125,3,149136.59375,154543.890625,148854.94016751918,1126.614329923325
068270.KS,068270,KOSPI,셀트리온,KRLEVEL_RR|068270|4T|1059|1060|1061,1059,1060,1061,159297.0625,4,154195.03125,159602.3125,153769.25902549832,1703.0888980067593
068270.KS,068270,KOSPI,셀트리온,KRLEVEL_RR|068270|2T|1096|1098|1100,1096,1098,1100,167974.8984375,2,165445.6875,168323.75,165029.61577422608,1664.2869030956956
068270.KS,068270,KOSPI,셀트리온,KRLEVEL_RR|068270|2T|1114|1116|1118,1114,1116,1118,167974.8984375,2,165271.25,167800.46875,164914.8262229086,1425.6951083656445
068270.KS,068270,KOSPI,셀트리온,KRLEVEL_RR|068270|2T|1162|1164|1165,1162,1164,1165,156462.6015625,2,156113.75,156637.03125,155824.95598171683,1155.1760731326228
068270.KS,068270,KOSPI,셀트리온,KRLEVEL_RR|068270|4T|1186|1190|1192,1186,1190,1192,156288.171875,4,154195.03125,156113.75,153782.88689954666,1648.5774018134039
068270.KS,068270,KOSPI,셀트리온,KRLEVEL_RR|068270|4T|1252|1254|1256,1252,1254,1256,157901.6328125,4,155416.03125,157596.390625,155059.9423139327,1424.3557442692263
068270.KS,068270,KOSPI,셀트리온,KRLEVEL_RR|068270|4T|1301|1306|1308,1301,1306,1308,157945.2421875,4,151316.953125,157683.59375,150945.3096233944,1486.5740064224763
068270.KS,068270,KOSPI,셀트리온,KRLEVEL_RR|068270|3T|1321|1322|1324,1321,1322,1324,158730.171875,3,157770.8125,158555.75,157405.6546464963,1460.6314140148513
068270.KS,068270,KOSPI,셀트리온,KRLEVEL_RR|068270|4T|1350|1352|1353,1350,1352,1353,160169.2109375,4,159602.3125,160212.8125,159302.8023998154,1198.0404007383304
068270.KS,068270,KOSPI,셀트리온,KRLEVEL_RR|068270|3T|1369|1370|1372,1369,1370,1372,163875.828125,3,159689.53125,163003.671875,159316.91488044948,1490.4654782020752
068270.KS,068270,KOSPI,셀트리온,KRLEVEL_RR|068270|5T|1398|1402|1403,1398,1402,1403,167102.75,5,160997.75,162654.828125,160536.10700484223,1846.5719806310549
068270.KS,068270,KOSPI,셀트리온,KRLEVEL_RR|068270|5T|1459|1461|1462,1459,1461,1462,160300.03125,5,150880.875,158468.53125,149739.42158330747,4565.813666770105
068270.KS,068270,KOSPI,셀트리온,KRLEVEL_RR|068270|5T|1474|1478|1480,1474,1478,1480,170068.046875,5,167887.6875,170678.546875,166974.5000810338,3652.7496758648062
068270.KS,068270,KOSPI,셀트리온,KRLEVEL_RR|068270|4T|1498|1504|1506,1498,1504,1506,169980.828125,4,166405.046875,170504.109375,165844.61224509758,2241.738519609678
068270.KS,068270,KOSPI,셀트리온,KRLEVEL_RR|068270|3T|1521|1522|1523,1521,1522,1523,174079.90625,3,170765.765625,172684.46875,170340.03130300366,1702.9372879853881
068270.KS,068270,KOSPI,셀트리온,KRLEVEL_RR|068270|2T|1558|1560|1562,1558,1560,1562,175518.9453125,2,173469.40625,175736.984375,172987.62975831085,1927.1059667565885
068270.KS,068270,KOSPI,셀트리온,KRLEVEL_RR|068270|3T|1592|1595|1596,1592,1595,1596,166928.328125,3,161521.03125,165271.25,160987.45921751097,2134.288129956055
068270.KS,068270,KOSPI,셀트리온,KRLEVEL_RR|068270|4T|1620|1622|1624,1620,1622,1624,169719.1796875,4,169021.46875,170068.046875,168572.09499651418,1797.4950139432424
068270.KS,068270,KOSPI,셀트리온,KRLEVEL_RR|068270|2T|1697|1702|1704,1697,1702,1704,170111.6484375,2,166579.46875,169370.328125,166248.74573489628,1322.8920604149246
068270.KS,068270,KOSPI,셀트리온,KRLEVEL_RR|068270|3T|1899|1903|1905,1899,1903,1905,154020.59375,3,152712.375,154195.03125,152284.63386274164,1710.96454903345
068270.KS,068270,KOSPI,셀트리온,KRLEVEL_RR|068270|2T|1921|1922|1923,1921,1922,1923,161084.96875,2,152625.171875,161172.171875,152184.5197371124,1762.6085515503764
068270.KS,068270,KOSPI,셀트리온,KRLEVEL_RR|068270|2T|1957|1958|1959,1957,1958,1959,158468.53125,2,152537.953125,158294.109375,152143.58355538506,1577.478278459725
068270.KS,068270,KOSPI,셀트리온,KRLEVEL_RR|068270|3T|2060|2065|2067,2060,2065,2067,169631.96875,3,164560.453125,169047.640625,164219.7104738247,1362.9706047012223
068270.KS,068270,KOSPI,셀트리온,KRLEVEL_RR|068270|2T|2110|2111|2113,2110,2111,2113,164311.8984375,2,163461.5625,164468.875,163161.17362182873,1201.5555126850543
068270.KS,068270,KOSPI,셀트리온,KRLEVEL_RR|068270|4T|2203|2205|2207,2203,2205,2207,164606.2421875,4,162820.53125,164377.3125,162529.38102941422,1164.600882343082
068270.KS,068270,KOSPI,셀트리온,KRLEVEL_RR|068270|6T|2246|2247|2249,2246,2247,2249,164468.8828125,6,161630.046875,164285.734375,161274.8420513768,1420.8192944927973
068270.KS,068270,KOSPI,셀트리온,KRLEVEL_RR|068270|6T|2277|2279|2280,2277,2279,2280,171153.859375,6,167674.015625,170604.40625,167169.98537865342,2016.1209853863
068270.KS,068270,KOSPI,셀트리온,KRLEVEL_RR|068270|3T|2300|2303|2305,2300,2303,2305,169871.8125,3,165109.90625,170054.96875,164765.6162191873,1377.1601232508253
068270.KS,068270,KOSPI,셀트리온,KRLEVEL_RR|068270|5T|2319|2322|2324,2319,2322,2324,171428.59375,5,168315.03125,171337.015625,167936.11403719158,1515.6688512336798
068270.KS,068270,KOSPI,셀트리온,KRLEVEL_RR|068270|2T|2572|2577|2579,2572,2577,2579,141117.234375,2,139194.15625,141300.375,138935.21097992387,1035.7810803045672
068270.KS,068270,KOSPI,셀트리온,KRLEVEL_RR|068270|3T|2606|2610|2611,2606,2610,2611,141117.234375,3,140018.328125,141117.234375,139760.50985275258,1031.2730889896661
068270.KS,068270,KOSPI,셀트리온,KRLEVEL_RR|068270|3T|2631|2634|2636,2631,2634,2636,147206.96875,3,145604.40625,146794.890625,145342.54485483657,1047.4455806537478
068270.KS,068270,KOSPI,셀트리온,KRLEVEL_RR|068270|2T|2657|2663|2665,2657,2663,2665,153523.8203125,2,150571.4375,153047.625,150316.06617844626,1021.4852862149345
068270.KS,068270,KOSPI,셀트리온,KRLEVEL_RR|068270|2T|2680|2682|2683,2680,2682,2683,153523.8203125,2,151619.046875,152952.390625,151317.33917275065,1206.8308089973973
068270.KS,068270,KOSPI,셀트리온,KRLEVEL_RR|068270|5T|2818|2819|2820,2818,2819,2820,170476.203125,5,167619.0625,169714.296875,167258.23089046817,1443.3264381273411
068270.KS,068270,KOSPI,셀트리온,KRLEVEL_RR|068270|2T|2839|2844|2846,2839,2844,2846,171666.671875,2,167619.0625,171523.8125,167241.79388713822,1509.0744514470694
068270.KS,068270,KOSPI,셀트리온,KRLEVEL_RR|068270|2T|2866|2868|2870,2866,2868,2870,169238.109375,2,166666.671875,169142.859375,166257.3664563867,1637.221674453236
068270.KS,068270,KOSPI,셀트리온,KRLEVEL_RR|068270|3T|2898|2899|2901,2898,2899,2901,169238.109375,3,163047.625,169142.859375,162650.33477784312,1589.160888627476
068270.KS,068270,KOSPI,셀트리온,KRLEVEL_RR|068270|2T|3050|3053|3055,3050,3053,3055,161952.3828125,2,160190.484375,161619.0625,159997.60302311386,771.5254075445577
068270.KS,068270,KOSPI,셀트리온,KRLEVEL_RR|068270|3T|3090|3094|3095,3090,3094,3095,161523.8125,3,160000.0,161142.859375,159834.7379641048,661.0481435808337
068270.KS,068270,KOSPI,셀트리온,KRLEVEL_RR|068270|2T|3109|3114|3116,3109,3114,3116,168095.2421875,2,160571.4375,168476.203125,160072.96304251888,1993.897829924471
068270.KS,068270,KOSPI,셀트리온,KRLEVEL_RR|068270|4T|3164|3168|3170,3164,3168,3170,163142.8671875,4,161428.578125,163142.859375,161122.35280912233,1224.9012635107274
068270.KS,068270,KOSPI,셀트리온,KRLEVEL_RR|068270|4T|3183|3186|3188,3183,3186,3188,168047.625,4,166095.25,167428.578125,165728.8014920101,1465.7940319595966
068270.KS,068270,KOSPI,셀트리온,KRLEVEL_RR|068270|2T|3212|3215|3217,3212,3215,3217,169095.25,2,163333.34375,168761.90625,162970.33571632978,1452.0321346809185
068270.KS,068270,KOSPI,셀트리온,KRLEVEL_RR|068270|2T|3286|3287|3288,3286,3287,3288,174000.0078125,2,164476.203125,173809.53125,164041.33442035812,1739.4748185674675
068270.KS,068270,KOSPI,셀트리온,KRLEVEL_RR|068270|3T|3419|3420|3421,3419,3420,3421,176095.25,3,175333.34375,176190.484375,174946.90126231933,1545.769950722729
068270.KS,068270,KOSPI,셀트리온,KRLEVEL_RR|068270|3T|3521|3524|3525,3521,3524,3525,205238.109375,3,199523.8125,203809.53125,198801.73610792996,2888.3055682801455
068270.KS,068270,KOSPI,셀트리온,KRLEVEL_RR|068270|3T|3579|3580|3582,3579,3580,3582,200952.390625,3,196666.671875,200952.390625,196032.00733692964,2538.658152281433
068270.KS,068270,KOSPI,셀트리온,KRLEVEL_RR|068270|3T|3623|3624|3625,3623,3624,3625,200952.390625,3,191904.765625,201428.578125,191111.59537481793,3172.681000728326
068270.KS,068270,KOSPI,셀트리온,KRLEVEL_RR|068270|2T|3636|3638|3640,3636,3638,3640,206904.765625,2,203333.34375,206666.671875,202423.00296199255,3641.3631520297686
068270.KS,068270,KOSPI,셀트리온,KRLEVEL_RR|068270|2T|3725|3727|3729,3725,3727,3729,194523.8125,2,186571.4375,195714.296875,185269.4967413839,5207.763034464458
068270.KS,068270,KOSPI,셀트리온,KRLEVEL_RR|068270|2T|3750|3751|3752,3750,3751,3752,200714.296875,2,189714.296875,200952.390625,188758.38528141708,3823.646374331724
068270.KS,068270,KOSPI,셀트리온,KRLEVEL_RR|068270|2T|3893|3898|3899,3893,3898,3899,188714.2890625,2,184380.953125,188285.71875,183827.41171274416,2214.1656490233563
068270.KS,068270,KOSPI,셀트리온,KRLEVEL_RR|068270|3T|3925|3927|3929,3925,3927,3929,193333.34375,3,191904.765625,193333.34375,191397.63530935987,2028.5212625604559
068270.KS,068270,KOSPI,셀트리온,KRLEVEL_RR|068270|2T|3984|3985|3987,3984,3985,3987,188714.2890625,2,186190.484375,189142.859375,185661.14847578193,2117.3435968722874
068270.KS,068270,KOSPI,셀트리온,KRLEVEL_RR|068270|2T|4038|4039|4040,4038,4039,4040,177000.0078125,2,171047.625,177523.8125,170350.35238080143,2789.0904767943134
068270.KS,068270,KOSPI,셀트리온,KRLEVEL_RR|068270|3T|4122|4126|4127,4122,4126,4127,171600.0,3,160000.0,170800.0,159194.72898269971,3221.084069201162
068270.KS,068270,KOSPI,셀트리온,KRLEVEL_RR|068270|3T|4172|4173|4175,4172,4173,4175,171600.0,3,159200.0,172300.0,158310.7747164715,3556.901134113968
068270.KS,068270,KOSPI,셀트리온,KRLEVEL_RR|068270|7T|4190|4191|4192,4190,4191,4192,177400.0,7,161100.0,177100.0,160248.06855699592,3407.7257720163743
068270.KS,068270,KOSPI,셀트리온,KRLEVEL_RR|068270|4T|4206|4209|4211,4206,4209,4211,180100.0,4,171800.0,177300.0,170826.59367076316,3893.625316947354
068270.KS,068270,KOSPI,셀트리온,KRLEVEL_RR|068270|10T|4241|4242|4243,4241,4242,4243,176900.0,10,171000.0,175900.0,170122.57231740584,3509.710730376699
068270.KS,068270,KOSPI,셀트리온,KRLEVEL_RR|068270|3T|4255|4260|4262,4255,4260,4262,175500.0,3,175000.0,176000.0,174258.87822397807,2964.487104087741
068270.KS,068270,KOSPI,셀트리온,KRLEVEL_RR|068270|8T|4295|4299|4301,4295,4299,4301,177450.0,8,170100.0,175500.0,169378.15027393287,2887.3989042685475
068270.KS,068270,KOSPI,셀트리온,KRLEVEL_RR|068270|4T|4341|4342|4343,4341,4342,4343,183800.0,4,180300.0,183600.0,179532.71402769926,3069.1438892030083
012330.KS,012330,KOSPI,현대모비스,KRLEVEL_RR|012330|4T|354|359|361,354,359,361,222750.0,4,212000.0,221000.0,211381.03222288596,2475.8711084561996
012330.KS,012330,KOSPI,현대모비스,KRLEVEL_RR|012330|2T|385|388|390,385,388,390,223000.0,2,220500.0,223000.0,220024.1368577897,1903.4525688411184
012330.KS,012330,KOSPI,현대모비스,KRLEVEL_RR|012330|2T|462|465|467,462,465,467,227250.0,2,226500.0,227000.0,226027.1956310107,1891.2174759572904
012330.KS,012330,KOSPI,현대모비스,KRLEVEL_RR|012330|2T|503|508|510,503,508,510,227250.0,2,225500.0,227500.0,225088.46784525528,1646.128618978911
012330.KS,012330,KOSPI,현대모비스,KRLEVEL_RR|012330|3T|530|534|535,530,534,535,223000.0,3,220500.0,221500.0,220070.090580865,1719.637676539902
012330.KS,012330,KOSPI,현대모비스,KRLEVEL_RR|012330|2T|571|572|574,571,572,574,232000.0,2,228000.0,232000.0,227553.24599811266,1787.0160075493663
012330.KS,012330,KOSPI,현대모비스,KRLEVEL_RR|012330|2T|669|675|676,669,675,676,203000.0,2,198000.0,202500.0,197515.08561403345,1939.6575438662405
012330.KS,012330,KOSPI,현대모비스,KRLEVEL_RR|012330|2T|712|713|714,712,713,714,223000.0,2,206000.0,223000.0,205234.4052724568,3062.378910172881
012330.KS,012330,KOSPI,현대모비스,KRLEVEL_RR|012330|4T|780|781|782,780,781,782,237750.0,4,225000.0,238500.0,224232.11134262703,3071.5546294918972
012330.KS,012330,KOSPI,현대모비스,KRLEVEL_RR|012330|3T|798|800|801,798,800,801,242000.0,3,237500.0,239000.0,236600.91027044132,3596.358918234763
012330.KS,012330,KOSPI,현대모비스,KRLEVEL_RR|012330|2T|821|823|824,821,823,824,249750.0,2,238000.0,250500.0,237208.11001014532,3167.5599594187347
012330.KS,012330,KOSPI,현대모비스,KRLEVEL_RR|012330|2T|861|863|864,861,863,864,249750.0,2,246500.0,249000.0,245842.36292369827,2630.5483052069067
012330.KS,012330,KOSPI,현대모비스,KRLEVEL_RR|012330|3T|984|985|987,984,985,987,242000.0,3,240500.0,242000.0,239573.1429670659,3707.4281317363507
012330.KS,012330,KOSPI,현대모비스,KRLEVEL_RR|012330|3T|1030|1036|1037,1030,1036,1037,239500.0,3,233000.0,237500.0,232286.61933247466,2853.52267010137
012330.KS,012330,KOSPI,현대모비스,KRLEVEL_RR|012330|3T|1211|1212|1213,1211,1212,1213,222000.0,3,218500.0,222000.0,218040.98289011273,1836.0684395490473
012330.KS,012330,KOSPI,현대모비스,KRLEVEL_RR|012330|3T|1228|1230|1232,1228,1230,1232,222000.0,3,219000.0,221500.0,218506.65866685178,1973.3653325928085
012330.KS,012330,KOSPI,현대모비스,KRLEVEL_RR|012330|2T|1402|1406|1408,1402,1406,1408,224750.0,2,221000.0,224500.0,220473.61081002117,2105.5567599152973
012330.KS,012330,KOSPI,현대모비스,KRLEVEL_RR|012330|5T|1621|1622|1624,1621,1622,1624,222500.0,5,209500.0,221500.0,208803.69711802097,2785.2115279161058
012330.KS,012330,KOSPI,현대모비스,KRLEVEL_RR|012330|5T|1652|1653|1654,1652,1653,1654,222500.0,5,221500.0,222000.0,220913.8417814354,2344.6328742584337
012330.KS,012330,KOSPI,현대모비스,KRLEVEL_RR|012330|2T|1686|1689|1691,1686,1689,1691,215500.0,2,213000.0,215500.0,212432.50267004082,2269.9893198367613
012330.KS,012330,KOSPI,현대모비스,KRLEVEL_RR|012330|3T|1713|1714|1715,1713,1714,1715,223000.0,3,220500.0,222000.0,219954.71830262456,2181.126789501701
012330.KS,012330,KOSPI,현대모비스,KRLEVEL_RR|012330|3T|1760|1761|1762,1760,1761,1762,250000.0,3,245000.0,248500.0,244237.23199000896,3051.072039964163
012330.KS,012330,KOSPI,현대모비스,KRLEVEL_RR|012330|5T|1828|1831|1833,1828,1831,1833,250000.0,5,235000.0,250500.0,234164.75978265665,3340.9608693734253
012330.KS,012330,KOSPI,현대모비스,KRLEVEL_RR|012330|2T|1846|1847|1848,1846,1847,1848,253000.0,2,251000.0,252500.0,250146.08796519646,3415.6481392141927
012330.KS,012330,KOSPI,현대모비스,KRLEVEL_RR|012330|2T|1868|1873|1875,1868,1873,1875,253000.0,2,251500.0,253500.0,250525.36379056305,3898.5448377478524
012330.KS,012330,KOSPI,현대모비스,KRLEVEL_RR|012330|5T|1954|1958|1960,1954,1958,1960,247000.0,5,235500.0,247500.0,234756.27140622132,2974.9143751147762
012330.KS,012330,KOSPI,현대모비스,KRLEVEL_RR|012330|2T|1989|1990|1991,1989,1990,1991,248250.0,2,235500.0,248000.0,234778.33127945187,2886.674882192566
012330.KS,012330,KOSPI,현대모비스,KRLEVEL_RR|012330|5T|2054|2055|2057,2054,2055,2057,246500.0,5,238000.0,247000.0,237214.1121402157,3143.551439137172
012330.KS,012330,KOSPI,현대모비스,KRLEVEL_RR|012330|3T|2068|2073|2075,2068,2073,2075,256500.0,3,245000.0,254500.0,244190.67113256748,3237.315469730014
012330.KS,012330,KOSPI,현대모비스,KRLEVEL_RR|012330|2T|2088|2089|2091,2088,2089,2091,251750.0,2,250500.0,251500.0,249687.59888221836,3249.60447112658
012330.KS,012330,KOSPI,현대모비스,KRLEVEL_RR|012330|4T|2114|2116|2117,2114,2116,2117,246750.0,4,245500.0,247000.0,244782.26723823877,2870.9310470449404
012330.KS,012330,KOSPI,현대모비스,KRLEVEL_RR|012330|3T|2128|2130|2132,2128,2130,2132,253000.0,3,248000.0,252500.0,247171.245076439,3315.0196942439925
012330.KS,012330,KOSPI,현대모비스,KRLEVEL_RR|012330|2T|2178|2179|2180,2178,2179,2180,246250.0,2,243000.0,245500.0,242295.82530359147,2816.6987856341816
012330.KS,012330,KOSPI,현대모비스,KRLEVEL_RR|012330|3T|2199|2200|2201,2199,2200,2201,249500.0,3,244000.0,249000.0,243358.3704510836,2566.518195665596
012330.KS,012330,KOSPI,현대모비스,KRLEVEL_RR|012330|2T|2212|2215|2216,2212,2215,2216,246250.0,2,244000.0,246500.0,243356.41197815898,2574.35208736401
012330.KS,012330,KOSPI,현대모비스,KRLEVEL_RR|012330|4T|2228|2229|2230,2228,2229,2230,258250.0,4,249500.0,257500.0,248690.9324061475,3236.2703754100035
012330.KS,012330,KOSPI,현대모비스,KRLEVEL_RR|012330|2T|2249|2250|2251,2249,2250,2251,254500.0,2,251000.0,254500.0,250388.51775023213,2445.9289990715
012330.KS,012330,KOSPI,현대모비스,KRLEVEL_RR|012330|2T|2273|2274|2276,2273,2274,2276,249250.0,2,246000.0,249000.0,245182.11458445864,3271.5416621654326
012330.KS,012330,KOSPI,현대모비스,KRLEVEL_RR|012330|8T|2314|2315|2317,2314,2315,2317,252500.0,8,249500.0,253000.0,248816.87774825096,2732.489006996199
012330.KS,012330,KOSPI,현대모비스,KRLEVEL_RR|012330|2T|2344|2346|2348,2344,2346,2348,268750.0,2,249500.0,269000.0,248664.00161522964,3343.993539081451
012330.KS,012330,KOSPI,현대모비스,KRLEVEL_RR|012330|2T|2482|2483|2484,2482,2483,2484,249000.0,2,240000.0,249500.0,239381.7283763324,2473.0864946703578
012330.KS,012330,KOSPI,현대모비스,KRLEVEL_RR|012330|2T|2612|2613|2615,2612,2613,2615,247000.0,2,247000.0,247500.0,246383.46461411368,2466.1415435453164
012330.KS,012330,KOSPI,현대모비스,KRLEVEL_RR|012330|2T|2636|2640|2642,2636,2640,2642,249000.0,2,241000.0,249000.0,240309.2699831333,2762.920067466823
012330.KS,012330,KOSPI,현대모비스,KRLEVEL_RR|012330|4T|2744|2748|2750,2744,2748,2750,290250.0,4,284500.0,290250.0,283435.94486517983,4256.2205392807045
012330.KS,012330,KOSPI,현대모비스,KRLEVEL_RR|012330|3T|2850|2851|2852,2850,2851,2852,296500.0,3,291000.0,294500.0,289829.2566538548,4682.973384580891
012330.KS,012330,KOSPI,현대모비스,KRLEVEL_RR|012330|3T|2865|2868|2870,2865,2868,2870,296500.0,3,292500.0,296500.0,291470.1415263917,4119.433894433422
012330.KS,012330,KOSPI,현대모비스,KRLEVEL_RR|012330|3T|2906|2912|2914,2906,2912,2914,290500.0,3,279000.0,289500.0,278246.8311545254,3012.6753818984075
012330.KS,012330,KOSPI,현대모비스,KRLEVEL_RR|012330|5T|2933|2934|2936,2933,2934,2936,296500.0,5,292500.0,296500.0,291796.7735197604,2812.905920958431
012330.KS,012330,KOSPI,현대모비스,KRLEVEL_RR|012330|4T|2952|2958|2959,2952,2958,2959,298500.0,4,290500.0,297500.0,289827.5720201081,2689.711919567469
012330.KS,012330,KOSPI,현대모비스,KRLEVEL_RR|012330|4T|2985|2988|2990,2985,2988,2990,300500.0,4,297500.0,300500.0,296787.3533693188,2850.5865227246654
012330.KS,012330,KOSPI,현대모비스,KRLEVEL_RR|012330|2T|3069|3072|3074,3069,3072,3074,306750.0,2,306500.0,307000.0,305761.8594267213,2952.5622931147896
012330.KS,012330,KOSPI,현대모비스,KRLEVEL_RR|012330|2T|3092|3093|3095,3092,3093,3095,310000.0,2,307500.0,308500.0,306751.23189389723,2995.0724244110484
012330.KS,012330,KOSPI,현대모비스,KRLEVEL_RR|012330|2T|3161|3162|3164,3161,3162,3164,297125.0,2,285500.0,296000.0,284621.902651142,3512.3893954321934
012330.KS,012330,KOSPI,현대모비스,KRLEVEL_RR|012330|3T|3196|3197|3198,3196,3197,3198,310000.0,3,306500.0,309500.0,305549.4259060791,3802.296375683498
012330.KS,012330,KOSPI,현대모비스,KRLEVEL_RR|012330|5T|3236|3237|3238,3236,3237,3238,309500.0,5,300500.0,310000.0,299340.1189831741,4639.524067303671
012330.KS,012330,KOSPI,현대모비스,KRLEVEL_RR|012330|2T|3284|3286|3288,3284,3286,3288,297625.0,2,297500.0,298000.0,296833.26605316333,2666.9357873467384
012330.KS,012330,KOSPI,현대모비스,KRLEVEL_RR|012330|2T|3343|3345|3346,3343,3345,3346,296000.0,2,291500.0,295750.0,290816.4841248658,2734.0635005367726
012330.KS,012330,KOSPI,현대모비스,KRLEVEL_RR|012330|3T|3368|3369|3371,3368,3369,3371,312500.0,3,307000.0,313000.0,306179.8931490993,3280.427403602863
012330.KS,012330,KOSPI,현대모비스,KRLEVEL_RR|012330|2T|3458|3461|3463,3458,3461,3463,364000.0,2,347000.0,362500.0,345581.5452939512,5673.818824195293
012330.KS,012330,KOSPI,현대모비스,KRLEVEL_RR|012330|2T|3481|3483|3484,3481,3483,3484,369500.0,2,351000.0,367250.0,349711.91536925116,5152.338522995443
012330.KS,012330,KOSPI,현대모비스,KRLEVEL_RR|012330|5T|3498|3504|3505,3498,3504,3505,371500.0,5,365000.0,367000.0,363055.52208464127,7777.911661434893
012330.KS,012330,KOSPI,현대모비스,KRLEVEL_RR|012330|2T|3556|3561|3563,3556,3561,3563,452500.0,2,429000.0,448000.0,426360.85594001244,10556.576239950313
012330.KS,012330,KOSPI,현대모비스,KRLEVEL_RR|012330|2T|3575|3579|3581,3575,3579,3581,452500.0,2,434500.0,450000.0,431581.47236896364,11674.110524145526
012330.KS,012330,KOSPI,현대모비스,KRLEVEL_RR|012330|2T|3599|3601|3602,3599,3601,3602,452500.0,2,439000.0,450000.0,436972.5522394544,8109.791042182322
012330.KS,012330,KOSPI,현대모비스,KRLEVEL_RR|012330|5T|3683|3687|3689,3683,3687,3689,446500.0,5,433000.0,443500.0,431721.88744132855,5112.450234685684
012330.KS,012330,KOSPI,현대모비스,KRLEVEL_RR|012330|2T|3869|3870|3872,3869,3870,3872,396500.0,2,384000.0,397000.0,382504.2243590259,5983.102563896381
012330.KS,012330,KOSPI,현대모비스,KRLEVEL_RR|012330|4T|3899|3901|3903,3899,3901,3903,410500.0,4,386500.0,411500.0,385183.8059237834,5264.776304866409
012330.KS,012330,KOSPI,현대모비스,KRLEVEL_RR|012330|2T|3968|3974|3975,3968,3974,3975,431500.0,2,425000.0,432000.0,423661.05484067334,5355.780637306536
012330.KS,012330,KOSPI,현대모비스,KRLEVEL_RR|012330|2T|4056|4058|4059,4056,4058,4059,687500.0,2,640000.0,687000.0,634269.6266057205,22921.49357711795
012330.KS,012330,KOSPI,현대모비스,KRLEVEL_RR|012330|2T|4121|4125|4127,4121,4125,4127,636000.0,2,534000.0,630000.0,528266.4032506921,22934.386997231668
012330.KS,012330,KOSPI,현대모비스,KRLEVEL_RR|012330|3T|4325|4329|4330,4325,4329,4330,470000.0,3,426000.0,463500.0,422572.11465699034,13711.54137203855
006400.KS,006400,KOSPI,삼성SDI,KRLEVEL_RR|006400|2T|240|241|243,240,241,243,502000.0,2,480500.0,503000.0,478712.41328480426,7150.346860783028
006400.KS,006400,KOSPI,삼성SDI,KRLEVEL_RR|006400|2T|407|410|411,407,410,411,459250.0,2,443500.0,459000.0,442185.4646716166,5258.141313533539
006400.KS,006400,KOSPI,삼성SDI,KRLEVEL_RR|006400|3T|453|458|460,453,458,460,465000.0,3,453000.0,465500.0,451860.6158436337,4557.536625465212
006400.KS,006400,KOSPI,삼성SDI,KRLEVEL_RR|006400|2T|489|490|491,489,490,491,443750.0,2,433500.0,444000.0,432272.5588298056,4909.76468077769
006400.KS,006400,KOSPI,삼성SDI,KRLEVEL_RR|006400|2T|536|537|539,536,537,539,449750.0,2,446500.0,450000.0,445506.33525436715,3974.6589825315077
006400.KS,006400,KOSPI,삼성SDI,KRLEVEL_RR|006400|2T|552|553|554,552,553,554,451750.0,2,449500.0,452500.0,448609.97218514886,3560.111259404466
006400.KS,006400,KOSPI,삼성SDI,KRLEVEL_RR|006400|2T|570|572|574,570,572,574,463500.0,2,450500.0,463000.0,449548.8961443698,3804.415422520722
006400.KS,006400,KOSPI,삼성SDI,KRLEVEL_RR|006400|3T|683|686|688,683,686,688,362500.0,3,345000.0,361500.0,343509.7632694892,5960.946922043102
006400.KS,006400,KOSPI,삼성SDI,KRLEVEL_RR|006400|2T|713|716|717,713,716,717,389250.0,2,368500.0,390000.0,367166.0355892314,5335.857643074429
006400.KS,006400,KOSPI,삼성SDI,KRLEVEL_RR|006400|2T|743|744|745,743,744,745,389250.0,2,380000.0,388500.0,378866.97278641333,4532.108854346706
006400.KS,006400,KOSPI,삼성SDI,KRLEVEL_RR|006400|3T|777|780|782,777,780,782,395000.0,3,386000.0,395000.0,385094.436333087,3622.254667652145
006400.KS,006400,KOSPI,삼성SDI,KRLEVEL_RR|006400|6T|839|840|842,839,840,842,393750.0,6,363000.0,391000.0,361468.84610769653,6124.615569213815
006400.KS,006400,KOSPI,삼성SDI,KRLEVEL_RR|006400|2T|883|884|886,883,884,886,442250.0,2,422000.0,441500.0,420103.7853286449,7584.858685420425
006400.KS,006400,KOSPI,삼성SDI,KRLEVEL_RR|006400|2T|904|907|909,904,907,909,465000.0,2,450000.0,463000.0,448249.19966094365,7003.201356225528
006400.KS,006400,KOSPI,삼성SDI,KRLEVEL_RR|006400|2T|937|938|939,937,938,939,465000.0,2,460000.0,465500.0,458289.447697776,6842.20920889593
006400.KS,006400,KOSPI,삼성SDI,KRLEVEL_RR|006400|2T|1021|1022|1024,1021,1022,1024,399250.0,2,384500.0,399500.0,383044.5544167644,5821.7823329422845
006400.KS,006400,KOSPI,삼성SDI,KRLEVEL_RR|006400|2T|1060|1062|1063,1060,1062,1063,422750.0,2,414000.0,421000.0,412843.2417885915,4627.032845634143
006400.KS,006400,KOSPI,삼성SDI,KRLEVEL_RR|006400|2T|1157|1159|1160,1157,1159,1160,399250.0,2,398000.0,399000.0,396985.4252017275,4058.2991930900134
006400.KS,006400,KOSPI,삼성SDI,KRLEVEL_RR|006400|2T|1254|1255|1257,1254,1255,1257,386500.0,2,377000.0,387000.0,375975.8198134038,4096.720746384684
006400.KS,006400,KOSPI,삼성SDI,KRLEVEL_RR|006400|2T|1493|1495|1497,1493,1495,1497,322500.0,2,311500.0,321000.0,310366.7264167725,4533.094332909913
006400.KS,006400,KOSPI,삼성SDI,KRLEVEL_RR|006400|2T|1517|1518|1519,1517,1518,1519,322500.0,2,305500.0,323500.0,304068.49827500194,5726.006899992143
006400.KS,006400,KOSPI,삼성SDI,KRLEVEL_RR|006400|3T|1540|1543|1544,1540,1543,1544,338000.0,3,327000.0,336500.0,325790.75915607635,4836.963375694571
006400.KS,006400,KOSPI,삼성SDI,KRLEVEL_RR|006400|3T|1580|1581|1582,1580,1581,1582,358500.0,3,355500.0,357000.0,353958.9846667108,6164.061333156793
006400.KS,006400,KOSPI,삼성SDI,KRLEVEL_RR|006400|3T|1606|1607|1608,1606,1607,1608,338000.0,3,332000.0,338500.0,330393.91956390586,6424.321744376604
006400.KS,006400,KOSPI,삼성SDI,KRLEVEL_RR|006400|5T|1626|1628|1630,1626,1628,1630,371000.0,5,360500.0,369500.0,359114.5232525318,5541.906989872719
006400.KS,006400,KOSPI,삼성SDI,KRLEVEL_RR|006400|2T|1656|1657|1658,1656,1657,1658,380500.0,2,371500.0,381000.0,370288.01480343443,4847.940786262307
006400.KS,006400,KOSPI,삼성SDI,KRLEVEL_RR|006400|2T|1673|1674|1675,1673,1674,1675,373500.0,2,373000.0,373500.0,371850.76753723715,4596.929851051489
006400.KS,006400,KOSPI,삼성SDI,KRLEVEL_RR|006400|4T|1694|1700|1702,1694,1700,1702,371000.0,4,361000.0,371500.0,359769.1378787961,4923.448484815572
006400.KS,006400,KOSPI,삼성SDI,KRLEVEL_RR|006400|2T|1768|1770|1772,1768,1770,1772,338750.0,2,322000.0,337500.0,320838.3033178957,4646.786728417254
006400.KS,006400,KOSPI,삼성SDI,KRLEVEL_RR|006400|3T|1970|1972|1973,1970,1972,1973,254500.0,3,246000.0,254000.0,245037.44417764092,3850.223289436332
006400.KS,006400,KOSPI,삼성SDI,KRLEVEL_RR|006400|3T|2009|2011|2013,2009,2011,2013,254500.0,3,249000.0,255000.0,248011.3636049245,3954.5455803020686
006400.KS,006400,KOSPI,삼성SDI,KRLEVEL_RR|006400|2T|2200|2204|2205,2200,2204,2205,215000.0,2,208500.0,213000.0,207744.79900081083,3020.803996756637
006400.KS,006400,KOSPI,삼성SDI,KRLEVEL_RR|006400|2T|2248|2250|2252,2248,2250,2252,236000.0,2,228000.0,235500.0,227129.9355179864,3480.257928054393
006400.KS,006400,KOSPI,삼성SDI,KRLEVEL_RR|006400|2T|2277|2280|2282,2277,2280,2282,213500.0,2,210000.0,212500.0,209163.88981177635,3344.440752894657
006400.KS,006400,KOSPI,삼성SDI,KRLEVEL_RR|006400|2T|2438|2442|2444,2438,2442,2444,177700.0,2,172000.0,177600.0,171402.69883914915,2389.2046434034537
006400.KS,006400,KOSPI,삼성SDI,KRLEVEL_RR|006400|2T|2456|2457|2458,2456,2457,2458,177700.0,2,176300.0,177100.0,175734.87061168623,2260.517553255037
006400.KS,006400,KOSPI,삼성SDI,KRLEVEL_RR|006400|3T|2490|2491|2492,2490,2491,2492,184400.0,3,176200.0,184400.0,175712.84348823302,1948.6260470679704
006400.KS,006400,KOSPI,삼성SDI,KRLEVEL_RR|006400|5T|2616|2622|2623,2616,2622,2623,173300.0,5,159400.0,172000.0,158745.8847055528,2616.461177788771
006400.KS,006400,KOSPI,삼성SDI,KRLEVEL_RR|006400|4T|2636|2642|2643,2636,2642,2643,173450.0,4,167000.0,170200.0,166358.89620859543,2564.4151656183262
006400.KS,006400,KOSPI,삼성SDI,KRLEVEL_RR|006400|2T|2664|2665|2666,2664,2665,2666,171550.0,2,169400.0,171800.0,168894.2392056877,2023.0431772491058
006400.KS,006400,KOSPI,삼성SDI,KRLEVEL_RR|006400|5T|2745|2747|2748,2745,2747,2748,176400.0,5,173100.0,175700.0,172583.37036624315,2066.5185350274483
006400.KS,006400,KOSPI,삼성SDI,KRLEVEL_RR|006400|4T|2791|2792|2793,2791,2792,2793,170550.0,4,169900.0,171000.0,169375.4110405278,2098.355837888754
006400.KS,006400,KOSPI,삼성SDI,KRLEVEL_RR|006400|4T|2817|2819|2820,2817,2819,2820,176900.0,4,176300.0,176400.0,175881.30005084508,1674.7997966197238
006400.KS,006400,KOSPI,삼성SDI,KRLEVEL_RR|006400|2T|2858|2861|2862,2858,2861,2862,193600.0,2,187000.0,193000.0,186406.06295901266,2375.748163949368
006400.KS,006400,KOSPI,삼성SDI,KRLEVEL_RR|006400|2T|2918|2923|2924,2918,2923,2924,223000.0,2,215000.0,223500.0,214081.52432568828,3673.902697246879
006400.KS,006400,KOSPI,삼성SDI,KRLEVEL_RR|006400|2T|2936|2939|2941,2936,2939,2941,223000.0,2,218000.0,223500.0,217275.10382715962,2899.5846913615387
006400.KS,006400,KOSPI,삼성SDI,KRLEVEL_RR|006400|2T|3056|3059|3060,3056,3059,3060,201250.0,2,196800.0,200500.0,196388.4741946863,1646.103221254743
006400.KS,006400,KOSPI,삼성SDI,KRLEVEL_RR|006400|2T|3074|3080|3081,3074,3080,3081,203750.0,2,200500.0,202500.0,200000.48126645864,1998.0749341654519
006400.KS,006400,KOSPI,삼성SDI,KRLEVEL_RR|006400|2T|3092|3097|3098,3092,3097,3098,207250.0,2,202500.0,206500.0,201912.68444615504,2349.2622153798848
006400.KS,006400,KOSPI,삼성SDI,KRLEVEL_RR|006400|5T|3152|3158|3159,3152,3158,3159,211500.0,5,202500.0,209500.0,201675.72903853728,3297.0838458508906
006400.KS,006400,KOSPI,삼성SDI,KRLEVEL_RR|006400|2T|3385|3391|3392,3385,3391,3392,307750.0,2,297500.0,305000.0,296664.8250648976,3340.699740409721
006400.KS,006400,KOSPI,삼성SDI,KRLEVEL_RR|006400|3T|3528|3529|3530,3528,3529,3530,282500.0,3,264000.0,283500.0,262911.056444386,4355.774222455901
006400.KS,006400,KOSPI,삼성SDI,KRLEVEL_RR|006400|2T|3551|3552|3553,3551,3552,3553,291500.0,2,286000.0,291000.0,284908.24844422843,4367.006223086305
006400.KS,006400,KOSPI,삼성SDI,KRLEVEL_RR|006400|2T|3591|3592|3593,3591,3592,3593,387750.0,2,367500.0,384000.0,364673.2877637636,11306.848944945536
006400.KS,006400,KOSPI,삼성SDI,KRLEVEL_RR|006400|2T|3624|3627|3628,3624,3627,3628,390000.0,2,370000.0,386000.0,367971.7666674939,8112.933330024423
006400.KS,006400,KOSPI,삼성SDI,KRLEVEL_RR|006400|2T|3646|3650|3652,3646,3650,3652,380000.0,2,362500.0,379500.0,360916.71452659526,6333.141893618887
006400.KS,006400,KOSPI,삼성SDI,KRLEVEL_RR|006400|3T|3672|3674|3676,3672,3674,3676,384000.0,3,372500.0,384000.0,371104.8801367862,5580.4794528551
006400.KS,006400,KOSPI,삼성SDI,KRLEVEL_RR|006400|3T|3725|3729|3731,3725,3729,3731,399500.0,3,348500.0,385000.0,344560.56066318654,15757.757347253935
006400.KS,006400,KOSPI,삼성SDI,KRLEVEL_RR|006400|5T|3743|3747|3749,3743,3747,3749,399500.0,5,375500.0,395500.0,372575.1523743251,11699.390502699622
006400.KS,006400,KOSPI,삼성SDI,KRLEVEL_RR|006400|5T|3770|3771|3773,3770,3771,3773,384500.0,5,384500.0,386000.0,382570.69844941556,7717.20620233776
006400.KS,006400,KOSPI,삼성SDI,KRLEVEL_RR|006400|4T|3806|3807|3809,3806,3807,3809,390750.0,4,376500.0,391000.0,374529.5787918409,7881.68483263647
006400.KS,006400,KOSPI,삼성SDI,KRLEVEL_RR|006400|2T|3825|3827|3828,3825,3827,3828,403250.0,2,375000.0,388500.0,372690.50359770743,9237.985609170195
006400.KS,006400,KOSPI,삼성SDI,KRLEVEL_RR|006400|5T|3839|3840|3842,3839,3840,3842,413500.0,5,404000.0,414000.0,401825.20244982344,8699.190200706189
006400.KS,006400,KOSPI,삼성SDI,KRLEVEL_RR|006400|3T|3870|3871|3872,3870,3871,3872,460000.0,3,445000.0,461500.0,442623.5409798396,9505.836080641388
006400.KS,006400,KOSPI,삼성SDI,KRLEVEL_RR|006400|4T|3899|3901|3902,3899,3901,3902,471500.0,4,466000.0,470500.0,464158.6257879544,7365.496848182177
006400.KS,006400,KOSPI,삼성SDI,KRLEVEL_RR|006400|4T|4061|4066|4067,4061,4066,4067,666000.0,4,632000.0,648000.0,627371.1443438681,18515.42262452763
006400.KS,006400,KOSPI,삼성SDI,KRLEVEL_RR|006400|3T|4119|4120|4121,4119,4120,4121,491000.0,3,466500.0,490500.0,462123.2424569057,17507.030172377104
006400.KS,006400,KOSPI,삼성SDI,KRLEVEL_RR|006400|2T|4189|4190|4192,4189,4190,4192,495750.0,2,442000.0,491000.0,438261.03022193257,14955.879112269704
006400.KS,006400,KOSPI,삼성SDI,KRLEVEL_RR|006400|3T|4338|4339|4340,4338,4339,4340,397000.0,3,374500.0,397000.0,371488.6832611315,12045.266955473899
006400.KS,006400,KOSPI,삼성SDI,KRLEVEL_RR|006400|3T|4355|4360|4361,4355,4360,4361,454000.0,3,418500.0,446000.0,415402.1937463567,12391.225014573112
034730.KS,034730,KOSPI,SK,KRLEVEL_RR|034730|2T|330|335|336,330,335,336,143450.0,2,139200.0,143800.0,138699.34323162035,2002.6270735185603
034730.KS,034730,KOSPI,SK,KRLEVEL_RR|034730|3T|404|409|410,404,409,410,161900.0,3,157900.0,162000.0,157571.72694662208,1313.0922135117091
034730.KS,034730,KOSPI,SK,KRLEVEL_RR|034730|2T|436|442|443,436,442,443,160850.0,2,160400.0,160600.0,160045.0168475657,1419.9326097371254
034730.KS,034730,KOSPI,SK,KRLEVEL_RR|034730|6T|462|464|465,462,464,465,164550.0,6,162400.0,163900.0,161983.12434733348,1667.5026106661517
034730.KS,034730,KOSPI,SK,KRLEVEL_RR|034730|2T|508|513|515,508,513,515,171900.0,2,169500.0,172100.0,169253.52385068353,985.9045972658448
034730.KS,034730,KOSPI,SK,KRLEVEL_RR|034730|2T|570|572|574,570,572,574,176200.0,2,173000.0,176200.0,172699.22072813605,1203.1170874558488
034730.KS,034730,KOSPI,SK,KRLEVEL_RR|034730|2T|689|690|691,689,690,691,166650.0,2,155700.0,167000.0,155220.0028652478,1919.9885390087986
034730.KS,034730,KOSPI,SK,KRLEVEL_RR|034730|2T|705|706|707,705,706,707,180300.0,2,173200.0,180900.0,172339.47025780103,3442.1189687958827
034730.KS,034730,KOSPI,SK,KRLEVEL_RR|034730|2T|763|764|765,763,764,765,191000.0,2,185300.0,190300.0,184704.77737237202,2380.890510511884
034730.KS,034730,KOSPI,SK,KRLEVEL_RR|034730|4T|777|780|782,777,780,782,198250.0,4,185300.0,197600.0,184472.14807423163,3311.407703073488
034730.KS,034730,KOSPI,SK,KRLEVEL_RR|034730|2T|820|823|825,820,823,825,191000.0,2,183600.0,190600.0,182919.6400463482,2721.4398146071344
034730.KS,034730,KOSPI,SK,KRLEVEL_RR|034730|3T|839|842|844,839,842,844,191000.0,3,187300.0,189800.0,186617.0285687228,2731.8857251088007
034730.KS,034730,KOSPI,SK,KRLEVEL_RR|034730|2T|898|903|904,898,903,904,187850.0,2,182700.0,188300.0,182113.6994008495,2345.202396602057
034730.KS,034730,KOSPI,SK,KRLEVEL_RR|034730|2T|1049|1050|1052,1049,1050,1052,163450.0,2,160300.0,162300.0,159870.25666226292,1718.9733509482735
034730.KS,034730,KOSPI,SK,KRLEVEL_RR|034730|3T|1082|1088|1089,1082,1088,1089,163600.0,3,160200.0,163200.0,159878.5016894909,1285.9932420363775
034730.KS,034730,KOSPI,SK,KRLEVEL_RR|034730|2T|1180|1182|1184,1180,1182,1184,158950.0,2,143200.0,159200.0,142338.97034975007,3444.118600999648
034730.KS,034730,KOSPI,SK,KRLEVEL_RR|034730|2T|1205|1206|1207,1205,1206,1207,169350.0,2,161500.0,169300.0,160351.40299255808,4594.3880297676815
034730.KS,034730,KOSPI,SK,KRLEVEL_RR|034730|3T|1325|1331|1333,1325,1331,1333,156000.0,3,152600.0,154600.0,152208.77698963488,1564.8920414605182
034730.KS,034730,KOSPI,SK,KRLEVEL_RR|034730|3T|1366|1368|1369,1366,1368,1369,158500.0,3,153100.0,157800.0,152744.3308156603,1422.6767373587977
034730.KS,034730,KOSPI,SK,KRLEVEL_RR|034730|2T|1437|1442|1443,1437,1442,1443,148200.0,2,145300.0,147700.0,145024.79750071117,1100.8099971553295
034730.KS,034730,KOSPI,SK,KRLEVEL_RR|034730|2T|1505|1508|1510,1505,1508,1510,138400.0,2,137300.0,138100.0,136999.28485238884,1202.8605904446058
034730.KS,034730,KOSPI,SK,KRLEVEL_RR|034730|2T|1526|1531|1533,1526,1531,1533,141300.0,2,137800.0,140700.0,137484.76142379126,1260.954304834946
034730.KS,034730,KOSPI,SK,KRLEVEL_RR|034730|2T|1606|1607|1608,1606,1607,1608,141300.0,2,134200.0,141000.0,133742.34301107776,1830.6279556889428
034730.KS,034730,KOSPI,SK,KRLEVEL_RR|034730|2T|1621|1622|1623,1621,1622,1623,146050.0,2,142800.0,146000.0,142371.80210457725,1712.7915816909751
034730.KS,034730,KOSPI,SK,KRLEVEL_RR|034730|2T|1763|1765|1766,1763,1765,1766,149000.0,2,145700.0,148500.0,145385.20421540542,1259.1831383783153
034730.KS,034730,KOSPI,SK,KRLEVEL_RR|034730|3T|1799|1803|1804,1799,1803,1804,148200.0,3,146500.0,147700.0,146140.983930992,1436.0642760320384
034730.KS,034730,KOSPI,SK,KRLEVEL_RR|034730|2T|1879|1885|1887,1879,1885,1887,140900.0,2,138300.0,140400.0,137990.94071839328,1236.2371264269213
034730.KS,034730,KOSPI,SK,KRLEVEL_RR|034730|5T|1972|1973|1974,1972,1973,1974,139200.0,5,135200.0,138900.0,134762.94352595243,1748.2258961902442
034730.KS,034730,KOSPI,SK,KRLEVEL_RR|034730|3T|2008|2009|2010,2008,2009,2010,138700.0,3,133600.0,138700.0,133261.6869888496,1353.2520446016429
034730.KS,034730,KOSPI,SK,KRLEVEL_RR|034730|2T|2050|2051|2053,2050,2051,2053,138700.0,2,134400.0,138700.0,134040.01393948458,1439.9442420616647
034730.KS,034730,KOSPI,SK,KRLEVEL_RR|034730|5T|2067|2072|2074,2067,2072,2074,142000.0,5,139600.0,141500.0,139232.72400923911,1469.103963043583
034730.KS,034730,KOSPI,SK,KRLEVEL_RR|034730|5T|2097|2098|2099,2097,2098,2099,143300.0,5,142100.0,143000.0,141789.9345618355,1240.2617526580714
034730.KS,034730,KOSPI,SK,KRLEVEL_RR|034730|2T|2159|2161|2162,2159,2161,2162,140800.0,2,138900.0,140400.0,138539.0782295236,1443.6870819055118
034730.KS,034730,KOSPI,SK,KRLEVEL_RR|034730|2T|2180|2182|2183,2180,2182,2183,141900.0,2,140900.0,141700.0,140565.80999856448,1336.7600057420423
034730.KS,034730,KOSPI,SK,KRLEVEL_RR|034730|2T|2199|2200|2201,2199,2200,2201,145850.0,2,144300.0,145800.0,143986.94521933698,1252.219122652103
034730.KS,034730,KOSPI,SK,KRLEVEL_RR|034730|5T|2241|2243|2245,2241,2243,2245,149400.0,5,145500.0,149200.0,145157.9853724836,1368.0585100655971
034730.KS,034730,KOSPI,SK,KRLEVEL_RR|034730|2T|2324|2330|2332,2324,2330,2332,138000.0,2,136900.0,137500.0,136679.2216685076,883.1133259695916
034730.KS,034730,KOSPI,SK,KRLEVEL_RR|034730|2T|2446|2447|2448,2446,2447,2448,122300.0,2,117300.0,122500.0,117037.87243712379,1048.5102515048354
034730.KS,034730,KOSPI,SK,KRLEVEL_RR|034730|2T|2469|2472|2473,2469,2472,2473,126650.0,2,120100.0,125900.0,119801.80799048117,1192.7680380752804
034730.KS,034730,KOSPI,SK,KRLEVEL_RR|034730|3T|2492|2493|2494,2492,2493,2494,131300.0,3,129200.0,131500.0,128881.10886073258,1275.5645570696684
034730.KS,034730,KOSPI,SK,KRLEVEL_RR|034730|3T|2518|2521|2522,2518,2521,2522,131300.0,3,129400.0,131000.0,129103.91823243571,1184.3270702571697
034730.KS,034730,KOSPI,SK,KRLEVEL_RR|034730|8T|2602|2603|2604,2602,2603,2604,139850.0,8,136900.0,139800.0,136624.96534515664,1100.1386193734202
034730.KS,034730,KOSPI,SK,KRLEVEL_RR|034730|3T|2713|2715|2717,2713,2715,2717,195500.0,3,188800.0,195900.0,187970.71915561435,3317.1233775426253
034730.KS,034730,KOSPI,SK,KRLEVEL_RR|034730|2T|2738|2742|2744,2738,2742,2744,205000.0,2,195900.0,203500.0,194422.91305336775,5908.347786529024
034730.KS,034730,KOSPI,SK,KRLEVEL_RR|034730|3T|2774|2776|2778,2774,2776,2778,198700.0,3,193500.0,197100.0,192491.53800447148,4033.847982114097
034730.KS,034730,KOSPI,SK,KRLEVEL_RR|034730|3T|2845|2850|2851,2845,2850,2851,209500.0,3,206000.0,208000.0,205133.99519106958,3464.0192357217206
034730.KS,034730,KOSPI,SK,KRLEVEL_RR|034730|2T|2984|2990|2991,2984,2990,2991,187400.0,2,184300.0,187400.0,183556.12407549864,2975.5036980054447
034730.KS,034730,KOSPI,SK,KRLEVEL_RR|034730|3T|3035|3036|3038,3035,3036,3038,209000.0,3,202000.0,209000.0,201219.42378877554,3122.3048448978766
034730.KS,034730,KOSPI,SK,KRLEVEL_RR|034730|3T|3167|3168|3169,3167,3168,3169,228000.0,3,219000.0,227000.0,218009.13331952266,3963.4667219093294
034730.KS,034730,KOSPI,SK,KRLEVEL_RR|034730|4T|3195|3196|3198,3195,3196,3198,227750.0,4,216000.0,227500.0,215010.58010936488,3957.6795625404484
034730.KS,034730,KOSPI,SK,KRLEVEL_RR|034730|2T|3242|3244|3245,3242,3244,3245,249500.0,2,243500.0,250000.0,242525.2873056,3898.8507776000138
034730.KS,034730,KOSPI,SK,KRLEVEL_RR|034730|3T|3260|3261|3262,3260,3261,3262,240500.0,3,230500.0,241000.0,229182.44999810765,5270.200007569374
034730.KS,034730,KOSPI,SK,KRLEVEL_RR|034730|3T|3342|3347|3349,3342,3347,3349,249500.0,3,245000.0,247500.0,243895.6992309615,4417.2030761540245
034730.KS,034730,KOSPI,SK,KRLEVEL_RR|034730|3T|3451|3454|3456,3451,3454,3456,249500.0,3,247500.0,248000.0,246823.48198744238,2706.0720502304825
034730.KS,034730,KOSPI,SK,KRLEVEL_RR|034730|3T|3484|3490|3492,3484,3490,3492,257500.0,3,243000.0,257000.0,242064.4757335619,3742.0970657523467
034730.KS,034730,KOSPI,SK,KRLEVEL_RR|034730|2T|3514|3516|3517,3514,3516,3517,277750.0,2,270000.0,273500.0,268858.1746955396,4567.301217841747
034730.KS,034730,KOSPI,SK,KRLEVEL_RR|034730|2T|3534|3535|3536,3534,3535,3536,281500.0,2,275500.0,281000.0,274532.06994524423,3871.7202190229946
034730.KS,034730,KOSPI,SK,KRLEVEL_RR|034730|2T|3597|3598|3599,3597,3598,3599,302250.0,2,291500.0,302500.0,289929.0825669454,6283.669732218483
034730.KS,034730,KOSPI,SK,KRLEVEL_RR|034730|2T|3624|3628|3629,3624,3628,3629,329500.0,2,319500.0,326500.0,317429.0708747048,8283.716501180814
034730.KS,034730,KOSPI,SK,KRLEVEL_RR|034730|2T|3645|3651|3652,3645,3651,3652,329500.0,2,306500.0,326500.0,304952.8458029749,6188.616788100476
034730.KS,034730,KOSPI,SK,KRLEVEL_RR|034730|2T|3766|3771|3773,3766,3771,3773,329500.0,2,322500.0,330500.0,320454.22606654407,8183.095733823672
034730.KS,034730,KOSPI,SK,KRLEVEL_RR|034730|2T|3787|3789|3791,3787,3789,3791,347000.0,2,328500.0,346500.0,326861.9096068396,6552.361572641679
034730.KS,034730,KOSPI,SK,KRLEVEL_RR|034730|3T|3805|3806|3808,3805,3806,3808,334000.0,3,328000.0,335000.0,326286.2882384256,6854.8470462975665
034730.KS,034730,KOSPI,SK,KRLEVEL_RR|034730|3T|3873|3876|3877,3873,3876,3877,340500.0,3,307000.0,337000.0,305425.35967089783,6298.56131640867
034730.KS,034730,KOSPI,SK,KRLEVEL_RR|034730|2T|3893|3895|3896,3893,3895,3896,356250.0,2,345500.0,356000.0,343998.6741442598,6005.303422960794
034730.KS,034730,KOSPI,SK,KRLEVEL_RR|034730|2T|3926|3927|3928,3926,3927,3928,376750.0,2,366500.0,377000.0,365410.1703086286,4359.318765485651
034730.KS,034730,KOSPI,SK,KRLEVEL_RR|034730|2T|3947|3953|3954,3947,3953,3954,411250.0,2,397500.0,408500.0,395707.20185630774,7171.1925747691275
034730.KS,034730,KOSPI,SK,KRLEVEL_RR|034730|2T|4118|4119|4121,4118,4119,4121,576500.0,2,535000.0,575000.0,530278.9167651396,18884.332939441803
034730.KS,034730,KOSPI,SK,KRLEVEL_RR|034730|5T|4143|4149|4151,4143,4149,4151,690000.0,5,644000.0,685000.0,638608.2167075821,21567.13316967161
034730.KS,034730,KOSPI,SK,KRLEVEL_RR|034730|3T|4213|4215|4216,4213,4215,4216,675000.0,3,670000.0,671000.0,662930.884618258,28276.46152696801
034730.KS,034730,KOSPI,SK,KRLEVEL_RR|034730|2T|4238|4239|4240,4238,4239,4240,598500.0,2,578000.0,599000.0,572289.1153643825,22843.538542469953
034730.KS,034730,KOSPI,SK,KRLEVEL_RR|034730|3T|4281|4282|4283,4281,4282,4283,597000.0,3,564000.0,587000.0,558638.2797315515,21446.881073793786
086790.KS,086790,KOSPI,하나금융지주,KRLEVEL_RR|086790|2T|258|262|263,258,262,263,43500.0,2,42650.0,43250.0,42552.92105654794,388.3157738082399
086790.KS,086790,KOSPI,하나금융지주,KRLEVEL_RR|086790|4T|378|382|384,378,382,384,40850.0,4,40300.0,40800.0,40226.015903335516,295.9363866579468
086790.KS,086790,KOSPI,하나금융지주,KRLEVEL_RR|086790|3T|455|460|462,455,460,462,41600.0,3,40700.0,41550.0,40621.51444831755,313.94220672978327
086790.KS,086790,KOSPI,하나금융지주,KRLEVEL_RR|086790|2T|474|475|476,474,475,476,41600.0,2,41450.0,41600.0,41387.41743945537,250.33024217853358
086790.KS,086790,KOSPI,하나금융지주,KRLEVEL_RR|086790|2T|504|505|506,504,505,506,41875.0,2,41250.0,41850.0,41197.14393812484,211.42424750063896
086790.KS,086790,KOSPI,하나금융지주,KRLEVEL_RR|086790|2T|523|524|525,523,524,525,42725.0,2,41600.0,42750.0,41544.219943125674,223.12022749729178
086790.KS,086790,KOSPI,하나금융지주,KRLEVEL_RR|086790|4T|623|628|629,623,628,629,41700.0,4,41400.0,41500.0,41322.868851170504,308.52459531799263
086790.KS,086790,KOSPI,하나금융지주,KRLEVEL_RR|086790|2T|664|665|666,664,665,666,42325.0,2,40850.0,42200.0,40772.31542880693,310.73828477227863
086790.KS,086790,KOSPI,하나금융지주,KRLEVEL_RR|086790|4T|677|678|679,677,678,679,43300.0,4,42600.0,43250.0,42496.93544361436,412.25822554253966
086790.KS,086790,KOSPI,하나금융지주,KRLEVEL_RR|086790|4T|766|768|769,766,768,769,57200.0,4,53000.0,57400.0,52738.236071720414,1047.055713118335
086790.KS,086790,KOSPI,하나금융지주,KRLEVEL_RR|086790|4T|789|790|791,789,790,791,56900.0,4,54200.0,57000.0,53927.228852093496,1091.0845916260005
086790.KS,086790,KOSPI,하나금융지주,KRLEVEL_RR|086790|2T|803|804|805,803,804,805,54300.0,2,53000.0,54300.0,52700.56577616047,1197.736895358138
086790.KS,086790,KOSPI,하나금융지주,KRLEVEL_RR|086790|4T|856|861|862,856,861,862,60150.0,4,58100.0,59100.0,57820.49252026905,1118.029918923802
086790.KS,086790,KOSPI,하나금융지주,KRLEVEL_RR|086790|3T|1025|1027|1029,1025,1027,1029,56000.0,3,51600.0,56000.0,51364.580377255166,941.6784909793328
086790.KS,086790,KOSPI,하나금융지주,KRLEVEL_RR|086790|5T|1048|1049|1051,1048,1049,1051,60200.0,5,55900.0,59600.0,55661.18289882981,955.268404680771
086790.KS,086790,KOSPI,하나금융지주,KRLEVEL_RR|086790|5T|1085|1086|1087,1085,1086,1087,60200.0,5,56800.0,60100.0,56582.92006115096,868.319755396157
086790.KS,086790,KOSPI,하나금융지주,KRLEVEL_RR|086790|3T|1156|1161|1163,1156,1161,1163,61200.0,3,60200.0,61200.0,60009.55862289272,761.7655084291288
086790.KS,086790,KOSPI,하나금융지주,KRLEVEL_RR|086790|3T|1177|1178|1180,1177,1178,1180,61200.0,3,60300.0,61100.0,60107.18544961061,771.2582015575598
086790.KS,086790,KOSPI,하나금융지주,KRLEVEL_RR|086790|3T|1258|1259|1261,1258,1259,1261,59200.0,3,58000.0,59200.0,57879.76918973446,480.92324106213755
086790.KS,086790,KOSPI,하나금융지주,KRLEVEL_RR|086790|3T|1276|1277|1279,1276,1277,1279,60300.0,3,59600.0,60200.0,59495.80967124998,416.76131500005926
086790.KS,086790,KOSPI,하나금융지주,KRLEVEL_RR|086790|3T|1306|1307|1308,1306,1307,1308,61600.0,3,59700.0,61400.0,59541.08315839734,635.6673664106394
086790.KS,086790,KOSPI,하나금융지주,KRLEVEL_RR|086790|2T|1346|1352|1354,1346,1352,1354,61900.0,2,61000.0,62000.0,60805.885869066464,776.4565237341463
086790.KS,086790,KOSPI,하나금융지주,KRLEVEL_RR|086790|3T|1381|1385|1386,1381,1385,1386,61600.0,3,60900.0,61300.0,60748.22814344443,607.0874262222762
086790.KS,086790,KOSPI,하나금융지주,KRLEVEL_RR|086790|3T|1414|1415|1417,1414,1415,1417,61600.0,3,61000.0,61500.0,60797.92733206725,808.2906717310038
086790.KS,086790,KOSPI,하나금융지주,KRLEVEL_RR|086790|2T|1463|1469|1471,1463,1469,1471,59200.0,2,55900.0,58600.0,55625.78126035032,1096.874958598734
086790.KS,086790,KOSPI,하나금융지주,KRLEVEL_RR|086790|3T|1484|1485|1487,1484,1485,1487,60300.0,3,60200.0,60300.0,60002.3170754594,790.7316981623743
086790.KS,086790,KOSPI,하나금융지주,KRLEVEL_RR|086790|4T|1498|1502|1504,1498,1502,1504,61500.0,4,60600.0,61200.0,60410.069890117746,759.7204395290042
086790.KS,086790,KOSPI,하나금융지주,KRLEVEL_RR|086790|2T|1517|1523|1525,1517,1523,1525,65500.0,2,62300.0,64800.0,62095.296818121504,818.812727513974
086790.KS,086790,KOSPI,하나금융지주,KRLEVEL_RR|086790|2T|1537|1538|1539,1537,1538,1539,67750.0,2,64500.0,67800.0,64313.150341753906,747.3986329843764
086790.KS,086790,KOSPI,하나금융지주,KRLEVEL_RR|086790|9T|1564|1566|1567,1564,1566,1567,63200.0,9,62300.0,63200.0,62104.77352148145,780.9059140741986
086790.KS,086790,KOSPI,하나금융지주,KRLEVEL_RR|086790|4T|1624|1625|1626,1624,1625,1626,61400.0,4,56900.0,61400.0,56694.124688953874,823.5012441844932
086790.KS,086790,KOSPI,하나금융지주,KRLEVEL_RR|086790|2T|1669|1674|1675,1669,1674,1675,59850.0,2,57700.0,59400.0,57489.72465038396,841.1013984641587
086790.KS,086790,KOSPI,하나금융지주,KRLEVEL_RR|086790|3T|1687|1692|1694,1687,1692,1694,61300.0,3,58700.0,61100.0,58535.852976076916,656.5880956923384
086790.KS,086790,KOSPI,하나금융지주,KRLEVEL_RR|086790|4T|1708|1709|1710,1708,1709,1710,63300.0,4,60500.0,63200.0,60295.596940556614,817.6122377735386
086790.KS,086790,KOSPI,하나금융지주,KRLEVEL_RR|086790|2T|1749|1750|1751,1749,1750,1751,64350.0,2,63300.0,63600.0,63094.4165954921,822.3336180315981
086790.KS,086790,KOSPI,하나금융지주,KRLEVEL_RR|086790|3T|1762|1763|1764,1762,1763,1764,66100.0,3,63600.0,65800.0,63344.17869182912,1023.2852326835317
086790.KS,086790,KOSPI,하나금융지주,KRLEVEL_RR|086790|2T|1800|1802|1804,1800,1802,1804,60000.0,2,59900.0,60000.0,59688.92336391868,844.3065443252987
086790.KS,086790,KOSPI,하나금융지주,KRLEVEL_RR|086790|2T|1858|1861|1863,1858,1861,1863,60000.0,2,58500.0,59900.0,58317.02995425284,731.880182988663
086790.KS,086790,KOSPI,하나금융지주,KRLEVEL_RR|086790|5T|1878|1879|1881,1878,1879,1881,61800.0,5,60600.0,61800.0,60432.99082268311,668.0367092675541
086790.KS,086790,KOSPI,하나금융지주,KRLEVEL_RR|086790|2T|1898|1899|1900,1898,1899,1900,62100.0,2,61500.0,62200.0,61336.239415579636,655.0423376814724
086790.KS,086790,KOSPI,하나금융지주,KRLEVEL_RR|086790|3T|2063|2065|2066,2063,2065,2066,58000.0,3,56500.0,57700.0,56360.05518745961,559.7792501615507
086790.KS,086790,KOSPI,하나금융지주,KRLEVEL_RR|086790|3T|2117|2119|2120,2117,2119,2120,57900.0,3,57100.0,58000.0,56962.42772665609,550.2890933756465
086790.KS,086790,KOSPI,하나금융지주,KRLEVEL_RR|086790|7T|2134|2136|2137,2134,2136,2137,59100.0,7,58500.0,58900.0,58380.49202753056,478.0318898777416
086790.KS,086790,KOSPI,하나금융지주,KRLEVEL_RR|086790|7T|2148|2149|2150,2148,2149,2150,59100.0,7,58800.0,59000.0,58654.17008235146,583.319670594155
086790.KS,086790,KOSPI,하나금융지주,KRLEVEL_RR|086790|4T|2290|2291|2292,2290,2291,2292,59100.0,4,58300.0,59100.0,58164.20659338903,543.17362644388
086790.KS,086790,KOSPI,하나금융지주,KRLEVEL_RR|086790|3T|2303|2304|2305,2303,2304,2305,59900.0,3,58900.0,59800.0,58754.424515842824,582.3019366286983
086790.KS,086790,KOSPI,하나금융지주,KRLEVEL_RR|086790|6T|2324|2328|2330,2324,2328,2330,61400.0,6,60100.0,61200.0,59952.115978656955,591.5360853721688
086790.KS,086790,KOSPI,하나금융지주,KRLEVEL_RR|086790|2T|2444|2445|2446,2444,2445,2446,56600.0,2,53700.0,56700.0,53519.465957136206,722.1361714551884
086790.KS,086790,KOSPI,하나금융지주,KRLEVEL_RR|086790|2T|2475|2476|2477,2475,2476,2477,59950.0,2,57000.0,59800.0,56882.04684788749,471.8126084500526
086790.KS,086790,KOSPI,하나금융지주,KRLEVEL_RR|086790|2T|2498|2504|2505,2498,2504,2505,61900.0,2,59800.0,61800.0,59671.385770044064,514.4569198237315
086790.KS,086790,KOSPI,하나금융지주,KRLEVEL_RR|086790|2T|2552|2553|2554,2552,2553,2554,64950.0,2,63100.0,64600.0,62959.5912658961,561.6349364155863
086790.KS,086790,KOSPI,하나금융지주,KRLEVEL_RR|086790|2T|2594|2595|2596,2594,2595,2596,68175.0,2,66600.0,68300.0,66457.4086039755,570.3655840979917
086790.KS,086790,KOSPI,하나금융지주,KRLEVEL_RR|086790|2T|2702|2703|2705,2702,2703,2705,79750.0,2,78200.0,79300.0,77984.1458873557,863.4164505771851
086790.KS,086790,KOSPI,하나금융지주,KRLEVEL_RR|086790|4T|3040|3042|3044,3040,3042,3044,83100.0,4,80800.0,83200.0,80587.59512286453,849.6195085418772
086790.KS,086790,KOSPI,하나금융지주,KRLEVEL_RR|086790|2T|3057|3060|3062,3057,3060,3062,88700.0,2,86300.0,88500.0,86075.98395131416,896.064194743343
086790.KS,086790,KOSPI,하나금융지주,KRLEVEL_RR|086790|2T|3164|3165|3167,3164,3165,3167,85700.0,2,84000.0,85500.0,83819.69822121854,721.207115125845
086790.KS,086790,KOSPI,하나금융지주,KRLEVEL_RR|086790|2T|3201|3205|3206,3201,3205,3206,88000.0,2,87100.0,87400.0,86867.99337824926,928.0264870029364
086790.KS,086790,KOSPI,하나금융지주,KRLEVEL_RR|086790|5T|3260|3261|3262,3260,3261,3262,90700.0,5,84500.0,89300.0,84170.93309950667,1316.2676019733049
086790.KS,086790,KOSPI,하나금융지주,KRLEVEL_RR|086790|2T|3337|3342|3343,3337,3342,3343,90700.0,2,90200.0,90500.0,89934.14060620354,1063.4375751858656
086790.KS,086790,KOSPI,하나금융지주,KRLEVEL_RR|086790|2T|3361|3365|3367,3361,3365,3367,93500.0,2,90150.0,93600.0,89889.60299568281,1041.588017268757
086790.KS,086790,KOSPI,하나금융지주,KRLEVEL_RR|086790|4T|3451|3452|3453,3451,3452,3453,92900.0,4,91500.0,93000.0,91304.37085101024,782.5165959590367
086790.KS,086790,KOSPI,하나금융지주,KRLEVEL_RR|086790|7T|3476|3481|3483,3476,3481,3483,93500.0,7,93200.0,93600.0,93000.08013928158,799.6794428736976
086790.KS,086790,KOSPI,하나금융지주,KRLEVEL_RR|086790|2T|3496|3500|3502,3496,3500,3502,94300.0,2,93600.0,94300.0,93409.38134310138,762.4746275944362
086790.KS,086790,KOSPI,하나금융지주,KRLEVEL_RR|086790|3T|3537|3543|3545,3537,3543,3545,95500.0,3,92900.0,95500.0,92711.5057551353,753.9769794587921
086790.KS,086790,KOSPI,하나금융지주,KRLEVEL_RR|086790|3T|3786|3789|3791,3786,3789,3791,112400.0,3,107500.0,112300.0,107033.38571620267,1866.4571351893303
086790.KS,086790,KOSPI,하나금융지주,KRLEVEL_RR|086790|7T|3840|3841|3843,3840,3841,3843,110600.0,7,104100.0,110900.0,103625.56699095311,1897.7320361875304
086790.KS,086790,KOSPI,하나금융지주,KRLEVEL_RR|086790|3T|3861|3862|3863,3861,3862,3863,112400.0,3,109800.0,112000.0,109314.76633203523,1940.934671859059
086790.KS,086790,KOSPI,하나금융지주,KRLEVEL_RR|086790|3T|3912|3913|3914,3912,3913,3914,122900.0,3,120800.0,122700.0,120501.68841349697,1193.2463460121135
086790.KS,086790,KOSPI,하나금융지주,KRLEVEL_RR|086790|2T|3935|3938|3939,3935,3938,3939,120550.0,2,118650.0,120800.0,118306.80946191281,1372.7621523487492
086790.KS,086790,KOSPI,하나금융지주,KRLEVEL_RR|086790|3T|3954|3955|3956,3954,3955,3956,127400.0,3,123600.0,127700.0,123229.54309931565,1481.8276027374166
086790.KS,086790,KOSPI,하나금융지주,KRLEVEL_RR|086790|3T|3978|3979|3980,3978,3979,3980,127400.0,3,125500.0,127500.0,125064.0346868938,1743.8612524247994
086790.KS,086790,KOSPI,하나금융지주,KRLEVEL_RR|086790|4T|4025|4027|4028,4025,4027,4028,115200.0,4,113800.0,114000.0,113273.76057299202,2104.9577080319505
086790.KS,086790,KOSPI,하나금융지주,KRLEVEL_RR|086790|3T|4040|4041|4043,4040,4041,4043,118900.0,3,112600.0,119100.0,112088.42311630055,2046.3075347978063
086790.KS,086790,KOSPI,하나금융지주,KRLEVEL_RR|086790|2T|4087|4089|4091,4087,4089,4091,121350.0,2,112500.0,120700.0,111971.53281755773,2113.8687297690503
086790.KS,086790,KOSPI,하나금융지주,KRLEVEL_RR|086790|2T|4103|4105|4106,4103,4105,4106,117800.0,2,111500.0,117500.0,110883.444409281,2466.222362875995
086790.KS,086790,KOSPI,하나금융지주,KRLEVEL_RR|086790|5T|4121|4122|4124,4121,4122,4124,120400.0,5,112000.0,121100.0,111320.49146759545,2718.0341296182028
086790.KS,086790,KOSPI,하나금융지주,KRLEVEL_RR|086790|5T|4213|4216|4217,4213,4216,4217,125700.0,5,121000.0,125000.0,120357.88149621974,2568.4740151210403
086790.KS,086790,KOSPI,하나금융지주,KRLEVEL_RR|086790|3T|4241|4246|4247,4241,4246,4247,128200.0,3,121600.0,128500.0,120889.79645347399,2840.814186104023
086790.KS,086790,KOSPI,하나금융지주,KRLEVEL_RR|086790|2T|4295|4296|4298,4295,4296,4298,130850.0,2,130300.0,130600.0,129689.21920917807,2443.123163287712
086790.KS,086790,KOSPI,하나금융지주,KRLEVEL_RR|086790|4T|4326|4329|4330,4326,4329,4330,125100.0,4,117600.0,123900.0,116869.80263195671,2920.789472173151
086790.KS,086790,KOSPI,하나금융지주,KRLEVEL_RR|086790|6T|4343|4347|4349,4343,4347,4349,128100.0,6,123700.0,128000.0,123135.89283857429,2256.4286457028156
035420.KS,035420,KOSPI,NAVER,KRLEVEL_RR|035420|2T|384|387|388,384,387,388,196050.0,2,193500.0,196100.0,193027.6874330657,1889.2502677371463
035420.KS,035420,KOSPI,NAVER,KRLEVEL_RR|035420|2T|399|400|401,399,400,401,201750.0,2,196100.0,201500.0,195608.11768279303,1967.529268827859
035420.KS,035420,KOSPI,NAVER,KRLEVEL_RR|035420|3T|450|455|456,450,455,456,207500.0,3,204500.0,206500.0,204008.34604855994,1966.6158057602643
035420.KS,035420,KOSPI,NAVER,KRLEVEL_RR|035420|2T|467|471|473,467,471,473,210000.0,2,204000.0,209500.0,203424.4404947834,2302.2380208664445
035420.KS,035420,KOSPI,NAVER,KRLEVEL_RR|035420|2T|576|577|578,576,577,578,224250.0,2,215000.0,224500.0,214505.43619459675,1978.255221612939
035420.KS,035420,KOSPI,NAVER,KRLEVEL_RR|035420|2T|898|899|900,898,899,900,184450.0,2,182200.0,184600.0,181926.65775030688,1093.368998772509
035420.KS,035420,KOSPI,NAVER,KRLEVEL_RR|035420|4T|1095|1099|1100,1095,1099,1100,187450.0,4,185500.0,187300.0,185155.18019115235,1379.2792353905902
035420.KS,035420,KOSPI,NAVER,KRLEVEL_RR|035420|2T|1330|1331|1332,1330,1331,1332,168350.0,2,159700.0,167800.0,159342.89307409833,1428.4277036066637
035420.KS,035420,KOSPI,NAVER,KRLEVEL_RR|035420|3T|1372|1373|1375,1372,1373,1375,172200.0,3,171100.0,172400.0,170690.8646851175,1636.5412595300147
035420.KS,035420,KOSPI,NAVER,KRLEVEL_RR|035420|3T|1392|1393|1394,1392,1393,1394,172200.0,3,171300.0,171700.0,170914.27252882882,1542.909884684705
035420.KS,035420,KOSPI,NAVER,KRLEVEL_RR|035420|2T|1412|1416|1418,1412,1416,1418,175500.0,2,169500.0,174500.0,169064.62759413343,1741.489623466301
035420.KS,035420,KOSPI,NAVER,KRLEVEL_RR|035420|3T|1523|1526|1528,1523,1526,1528,163500.0,3,155600.0,162900.0,155249.1681165015,1403.327533994007
035420.KS,035420,KOSPI,NAVER,KRLEVEL_RR|035420|2T|1565|1566|1567,1565,1566,1567,165650.0,2,162100.0,165600.0,161713.0700070496,1547.7199718015704
035420.KS,035420,KOSPI,NAVER,KRLEVEL_RR|035420|3T|1600|1604|1606,1600,1604,1606,157900.0,3,152500.0,157400.0,152112.6651709584,1549.3393161663964
035420.KS,035420,KOSPI,NAVER,KRLEVEL_RR|035420|3T|1618|1621|1622,1618,1621,1622,159100.0,3,155900.0,158900.0,155585.5253436217,1257.8986255131501
035420.KS,035420,KOSPI,NAVER,KRLEVEL_RR|035420|3T|1638|1643|1644,1638,1643,1644,165400.0,3,159800.0,164100.0,159407.25079547506,1570.9968180997016
035420.KS,035420,KOSPI,NAVER,KRLEVEL_RR|035420|2T|1655|1656|1658,1655,1656,1658,167900.0,2,166100.0,168200.0,165749.70955856552,1401.1617657378733
035420.KS,035420,KOSPI,NAVER,KRLEVEL_RR|035420|4T|1675|1676|1678,1675,1676,1678,169900.0,4,168100.0,169500.0,167683.0836276137,1667.6654895452405
035420.KS,035420,KOSPI,NAVER,KRLEVEL_RR|035420|3T|1700|1704|1706,1700,1704,1706,172200.0,3,165100.0,171600.0,164727.0437595541,1491.8249617836343
035420.KS,035420,KOSPI,NAVER,KRLEVEL_RR|035420|3T|1751|1752|1754,1751,1752,1754,172200.0,3,171300.0,172100.0,170966.01347268224,1335.9461092710342
035420.KS,035420,KOSPI,NAVER,KRLEVEL_RR|035420|5T|1798|1801|1803,1798,1801,1803,174600.0,5,168500.0,174500.0,168145.48415315378,1418.0633873848806
035420.KS,035420,KOSPI,NAVER,KRLEVEL_RR|035420|3T|1815|1817|1818,1815,1817,1818,175700.0,3,173700.0,174800.0,173323.35753258984,1506.5698696406562
035420.KS,035420,KOSPI,NAVER,KRLEVEL_RR|035420|2T|1829|1833|1834,1829,1833,1834,175800.0,2,174700.0,175600.0,174145.1213584675,2219.5145661300094
035420.KS,035420,KOSPI,NAVER,KRLEVEL_RR|035420|2T|1889|1891|1892,1889,1891,1892,190900.0,2,187400.0,190700.0,187011.4712429032,1554.115028387178
035420.KS,035420,KOSPI,NAVER,KRLEVEL_RR|035420|2T|1957|1958|1959,1957,1958,1959,208000.0,2,200500.0,208000.0,199827.77815073132,2688.8873970746977
035420.KS,035420,KOSPI,NAVER,KRLEVEL_RR|035420|2T|1970|1971|1973,1970,1971,1973,206500.0,2,200500.0,206000.0,199707.69132748485,3169.2346900605557
035420.KS,035420,KOSPI,NAVER,KRLEVEL_RR|035420|2T|2097|2103|2104,2097,2103,2104,205750.0,2,201000.0,204500.0,200464.4159009363,2142.3363962548656
035420.KS,035420,KOSPI,NAVER,KRLEVEL_RR|035420|2T|2150|2155|2156,2150,2155,2156,218250.0,2,213500.0,217000.0,212686.25775486717,3254.9689805312846
035420.KS,035420,KOSPI,NAVER,KRLEVEL_RR|035420|2T|2197|2200|2201,2197,2200,2201,219750.0,2,218000.0,220000.0,217370.83535159682,2516.6585936127663
035420.KS,035420,KOSPI,NAVER,KRLEVEL_RR|035420|3T|2228|2229|2230,2228,2229,2230,224000.0,3,220000.0,223000.0,219401.51673704307,2393.933051827667
035420.KS,035420,KOSPI,NAVER,KRLEVEL_RR|035420|2T|2242|2244|2246,2242,2244,2246,228000.0,2,224000.0,228000.0,223479.30817771872,2082.7672891251755
035420.KS,035420,KOSPI,NAVER,KRLEVEL_RR|035420|3T|2298|2299|2300,2298,2299,2300,211500.0,3,205000.0,212000.0,204281.7681620398,2872.9273518407363
035420.KS,035420,KOSPI,NAVER,KRLEVEL_RR|035420|2T|2498|2502|2504,2498,2502,2504,195150.0,2,190400.0,194700.0,190044.3662622442,1422.534951023119
035420.KS,035420,KOSPI,NAVER,KRLEVEL_RR|035420|3T|2630|2635|2636,2630,2635,2636,186500.0,3,183000.0,186400.0,182685.42247217323,1258.3101113070652
035420.KS,035420,KOSPI,NAVER,KRLEVEL_RR|035420|3T|2660|2662|2663,2660,2662,2663,200000.0,3,196800.0,199700.0,196242.97109581757,2228.115616729658
035420.KS,035420,KOSPI,NAVER,KRLEVEL_RR|035420|4T|2678|2679|2680,2678,2679,2680,202000.0,4,197400.0,202000.0,196706.50676317548,2773.9729472980393
035420.KS,035420,KOSPI,NAVER,KRLEVEL_RR|035420|3T|3020|3024|3026,3020,3024,3026,226500.0,3,220000.0,225500.0,219328.2007874924,2687.1968500304956
035420.KS,035420,KOSPI,NAVER,KRLEVEL_RR|035420|2T|3080|3082|3084,3080,3082,3084,234500.0,2,229500.0,235000.0,228954.83900999636,2180.643960014534
035420.KS,035420,KOSPI,NAVER,KRLEVEL_RR|035420|2T|3111|3113|3114,3111,3113,3114,241250.0,2,224500.0,241000.0,223250.4945553209,4998.021778716356
035420.KS,035420,KOSPI,NAVER,KRLEVEL_RR|035420|2T|3218|3222|3224,3218,3222,3224,252000.0,2,247000.0,252000.0,246120.04391189554,3519.8243524178006
035420.KS,035420,KOSPI,NAVER,KRLEVEL_RR|035420|3T|3278|3283|3285,3278,3283,3285,262000.0,3,258000.0,261000.0,257004.70625947503,3981.174962099868
035420.KS,035420,KOSPI,NAVER,KRLEVEL_RR|035420|5T|3320|3324|3325,3320,3324,3325,257000.0,5,247500.0,257500.0,246448.93302152242,4204.267913910334
035420.KS,035420,KOSPI,NAVER,KRLEVEL_RR|035420|3T|3341|3342|3343,3341,3342,3343,251000.0,3,249500.0,251500.0,248540.5335680575,3837.8657277699785
035420.KS,035420,KOSPI,NAVER,KRLEVEL_RR|035420|2T|3445|3449|3451,3445,3449,3451,233625.0,2,229500.0,234000.0,228900.53429064743,2397.8628374102673
035420.KS,035420,KOSPI,NAVER,KRLEVEL_RR|035420|3T|3475|3481|3483,3475,3481,3483,238500.0,3,234500.0,239000.0,233918.67977588624,2325.2808964550436
035420.KS,035420,KOSPI,NAVER,KRLEVEL_RR|035420|3T|3555|3556|3557,3555,3556,3557,238500.0,3,237500.0,238000.0,236718.1917412012,3127.2330351951236
035420.KS,035420,KOSPI,NAVER,KRLEVEL_RR|035420|3T|3569|3573|3575,3569,3573,3575,244500.0,3,238000.0,244500.0,237156.93609138974,3372.255634440995
035420.KS,035420,KOSPI,NAVER,KRLEVEL_RR|035420|2T|3641|3647|3648,3641,3647,3648,251500.0,2,244000.0,252000.0,243017.6209898089,3929.516040764408
035420.KS,035420,KOSPI,NAVER,KRLEVEL_RR|035420|2T|3677|3682|3683,3677,3682,3683,254750.0,2,250000.0,254500.0,249302.3665832975,2790.533666810039
035420.KS,035420,KOSPI,NAVER,KRLEVEL_RR|035420|2T|3776|3777|3779,3776,3777,3779,225250.0,2,216000.0,225000.0,215233.05618366724,3067.7752653310336
035420.KS,035420,KOSPI,NAVER,KRLEVEL_RR|035420|2T|3947|3950|3951,3947,3950,3951,217000.0,2,213000.0,217500.0,212431.87768588055,2272.489256477764
035420.KS,035420,KOSPI,NAVER,KRLEVEL_RR|035420|4T|4037|4041|4043,4037,4041,4043,199700.0,4,191100.0,199100.0,190289.30561046337,3242.777558146454
035420.KS,035420,KOSPI,NAVER,KRLEVEL_RR|035420|4T|4061|4066|4067,4061,4066,4067,202000.0,4,197300.0,197400.0,195958.895672888,5364.417308448001
035420.KS,035420,KOSPI,NAVER,KRLEVEL_RR|035420|2T|4189|4190|4192,4189,4190,4192,202000.0,2,190300.0,200000.0,189254.2469426139,4183.012229544349
035420.KS,035420,KOSPI,NAVER,KRLEVEL_RR|035420|2T|4283|4288|4289,4283,4288,4289,197650.0,2,185000.0,198200.0,183919.94575557727,4320.2169776909195
035420.KS,035420,KOSPI,NAVER,KRLEVEL_RR|035420|5T|4327|4328|4330,4327,4328,4330,205500.0,5,195000.0,204500.0,193606.05072219548,5575.797111218045
010120.KS,010120,KOSPI,LS ELECTRIC,KRLEVEL_RR|010120|3T|521|525|526,521,525,526,14600.0,3,14140.0,14540.0,14100.507922891164,157.96830843534786
010120.KS,010120,KOSPI,LS ELECTRIC,KRLEVEL_RR|010120|3T|539|544|545,539,544,545,14600.0,3,14440.0,14620.0,14402.836231486139,148.65507405544187
010120.KS,010120,KOSPI,LS ELECTRIC,KRLEVEL_RR|010120|3T|566|568|570,566,568,570,14440.0,3,14240.0,14380.0,14209.921621623458,120.313513506171
010120.KS,010120,KOSPI,LS ELECTRIC,KRLEVEL_RR|010120|3T|700|703|704,700,703,704,13820.0,3,13560.0,13720.0,13517.895810731081,168.416757075678
010120.KS,010120,KOSPI,LS ELECTRIC,KRLEVEL_RR|010120|2T|766|770|772,766,770,772,13700.0,2,13220.0,13660.0,13183.421312759172,146.31474896331105
010120.KS,010120,KOSPI,LS ELECTRIC,KRLEVEL_RR|010120|2T|822|823|824,822,823,824,13400.0,2,12700.0,13400.0,12652.789248487443,188.8430060502272
010120.KS,010120,KOSPI,LS ELECTRIC,KRLEVEL_RR|010120|2T|848|849|850,848,849,850,15840.0,2,15300.0,15800.0,15192.970650085103,428.11739965959185
010120.KS,010120,KOSPI,LS ELECTRIC,KRLEVEL_RR|010120|4T|961|962|963,961,962,963,20260.0,4,18460.0,20040.0,18343.9064009679,464.37439612840785
010120.KS,010120,KOSPI,LS ELECTRIC,KRLEVEL_RR|010120|5T|1048|1054|1056,1048,1054,1056,31980.0,5,30180.0,32200.0,29887.42038123822,1170.318475047125
010120.KS,010120,KOSPI,LS ELECTRIC,KRLEVEL_RR|010120|4T|1093|1094|1096,1093,1094,1096,34280.0,4,32100.0,34000.0,31910.15012216095,759.3995113562
010120.KS,010120,KOSPI,LS ELECTRIC,KRLEVEL_RR|010120|2T|1236|1240|1242,1236,1240,1242,38890.0,2,37340.0,37900.0,37080.51866757132,1037.9253297147147
010120.KS,010120,KOSPI,LS ELECTRIC,KRLEVEL_RR|010120|2T|1265|1266|1268,1265,1266,1268,39570.0,2,37500.0,39560.0,37269.136374876805,923.4545004927851
010120.KS,010120,KOSPI,LS ELECTRIC,KRLEVEL_RR|010120|3T|1282|1284|1285,1282,1284,1285,39720.0,3,38800.0,39360.0,38586.21688467754,855.1324612898478
010120.KS,010120,KOSPI,LS ELECTRIC,KRLEVEL_RR|010120|3T|1303|1305|1307,1303,1305,1307,41200.0,3,39480.0,40900.0,39147.05416709057,1331.783331637703
010120.KS,010120,KOSPI,LS ELECTRIC,KRLEVEL_RR|010120|4T|1330|1334|1336,1330,1334,1336,39810.0,4,38720.0,39740.0,38461.73738782825,1033.050448686984
010120.KS,010120,KOSPI,LS ELECTRIC,KRLEVEL_RR|010120|2T|1348|1352|1354,1348,1352,1354,44900.0,2,42300.0,44500.0,42021.12101076663,1115.515956933483
010120.KS,010120,KOSPI,LS ELECTRIC,KRLEVEL_RR|010120|2T|1391|1393|1395,1391,1393,1395,42750.0,2,41100.0,42600.0,40817.54751598012,1129.8099360795306
010120.KS,010120,KOSPI,LS ELECTRIC,KRLEVEL_RR|010120|2T|1475|1479|1481,1475,1479,1481,34500.0,2,32400.0,34260.0,32188.971916014285,844.1123359428645
010120.KS,010120,KOSPI,LS ELECTRIC,KRLEVEL_RR|010120|4T|1492|1496|1498,1492,1496,1498,35240.0,4,33040.0,35280.0,32829.626492211835,841.4940311526552
010120.KS,010120,KOSPI,LS ELECTRIC,KRLEVEL_RR|010120|2T|1637|1638|1639,1637,1638,1639,30880.0,2,30280.0,30900.0,30156.835895017266,492.6564199309365
010120.KS,010120,KOSPI,LS ELECTRIC,KRLEVEL_RR|010120|2T|1706|1707|1708,1706,1707,1708,31470.0,2,31100.0,31500.0,30980.45567996065,478.1772801573977
010120.KS,010120,KOSPI,LS ELECTRIC,KRLEVEL_RR|010120|2T|1799|1801|1802,1799,1801,1802,28920.0,2,28360.0,28940.0,28252.318165191737,430.7273392330464
010120.KS,010120,KOSPI,LS ELECTRIC,KRLEVEL_RR|010120|2T|1816|1817|1819,1816,1817,1819,30460.0,2,29140.0,30380.0,28986.5774632555,613.6901469780049
010120.KS,010120,KOSPI,LS ELECTRIC,KRLEVEL_RR|010120|3T|1918|1919|1921,1918,1919,1921,28820.0,3,27660.0,28740.0,27537.278216088493,490.887135646033
010120.KS,010120,KOSPI,LS ELECTRIC,KRLEVEL_RR|010120|3T|1950|1951|1953,1950,1951,1953,28820.0,3,28520.0,28700.0,28375.440335079937,578.2386596802465
010120.KS,010120,KOSPI,LS ELECTRIC,KRLEVEL_RR|010120|2T|1977|1983|1985,1977,1983,1985,31770.0,2,30560.0,31000.0,30447.153319986275,451.38672005490025
010120.KS,010120,KOSPI,LS ELECTRIC,KRLEVEL_RR|010120|3T|2007|2008|2009,2007,2008,2009,30500.0,3,30200.0,30600.0,30089.992362061897,440.0305517524044
010120.KS,010120,KOSPI,LS ELECTRIC,KRLEVEL_RR|010120|4T|2029|2031|2032,2029,2031,2032,31450.0,4,31240.0,31340.0,31112.428382006525,510.28647197390086
010120.KS,010120,KOSPI,LS ELECTRIC,KRLEVEL_RR|010120|2T|2066|2068|2069,2066,2068,2069,35220.0,2,34000.0,35300.0,33874.48460904895,502.06156380418344
010120.KS,010120,KOSPI,LS ELECTRIC,KRLEVEL_RR|010120|2T|2080|2081|2082,2080,2081,2082,35700.0,2,35460.0,35800.0,35329.46997541139,522.1200983544474
010120.KS,010120,KOSPI,LS ELECTRIC,KRLEVEL_RR|010120|2T|2188|2189|2191,2188,2189,2191,45700.0,2,41400.0,45700.0,41172.79451187436,908.8219525025679
010120.KS,010120,KOSPI,LS ELECTRIC,KRLEVEL_RR|010120|2T|2318|2321|2322,2318,2321,2322,41700.0,2,40400.0,41300.0,40207.34368138995,770.6252744401908
010120.KS,010120,KOSPI,LS ELECTRIC,KRLEVEL_RR|010120|2T|2438|2440|2442,2438,2440,2442,33640.0,2,32360.0,33480.0,32215.20519974139,579.179201034431
010120.KS,010120,KOSPI,LS ELECTRIC,KRLEVEL_RR|010120|2T|2464|2467|2469,2464,2467,2469,36000.0,2,33500.0,35860.0,33316.09692693205,735.61229227181
010120.KS,010120,KOSPI,LS ELECTRIC,KRLEVEL_RR|010120|5T|2480|2484|2485,2480,2484,2485,36040.0,5,34660.0,35620.0,34498.08769089223,647.6492364310946
010120.KS,010120,KOSPI,LS ELECTRIC,KRLEVEL_RR|010120|2T|2516|2517|2518,2516,2517,2518,41900.0,2,39500.0,41900.0,39300.31180940788,798.7527623684791
010120.KS,010120,KOSPI,LS ELECTRIC,KRLEVEL_RR|010120|2T|2535|2538|2539,2535,2538,2539,43850.0,2,42500.0,43400.0,42343.137682091394,627.4492716344298
010120.KS,010120,KOSPI,LS ELECTRIC,KRLEVEL_RR|010120|4T|2636|2640|2642,2636,2640,2642,51150.0,4,47900.0,51000.0,47709.343467730825,762.6261290767059
010120.KS,010120,KOSPI,LS ELECTRIC,KRLEVEL_RR|010120|4T|2655|2658|2660,2655,2658,2660,52400.0,4,51100.0,52500.0,50883.06571699956,867.7371320017485
010120.KS,010120,KOSPI,LS ELECTRIC,KRLEVEL_RR|010120|2T|2774|2776|2778,2774,2776,2778,53325.0,2,52500.0,52900.0,52273.51906020768,905.9237591692846
010120.KS,010120,KOSPI,LS ELECTRIC,KRLEVEL_RR|010120|3T|2826|2831|2833,2826,2831,2833,56000.0,3,55000.0,55900.0,54771.78251729778,912.8699308088825
010120.KS,010120,KOSPI,LS ELECTRIC,KRLEVEL_RR|010120|3T|2846|2852|2853,2846,2852,2853,57200.0,3,53500.0,56200.0,53196.21642862061,1215.1342855175544
010120.KS,010120,KOSPI,LS ELECTRIC,KRLEVEL_RR|010120|2T|2864|2865|2867,2864,2865,2867,58350.0,2,57200.0,58200.0,56921.832484500424,1112.6700619982992
010120.KS,010120,KOSPI,LS ELECTRIC,KRLEVEL_RR|010120|2T|2890|2892|2893,2890,2892,2893,60400.0,2,57600.0,60300.0,57317.067124156136,1131.7315033754444
010120.KS,010120,KOSPI,LS ELECTRIC,KRLEVEL_RR|010120|2T|2967|2970|2971,2967,2970,2971,56000.0,2,55500.0,55700.0,55270.94807569269,916.2076972292192
010120.KS,010120,KOSPI,LS ELECTRIC,KRLEVEL_RR|010120|4T|3014|3018|3020,3014,3018,3020,58050.0,4,54400.0,57900.0,54212.03017733425,751.8792906629978
010120.KS,010120,KOSPI,LS ELECTRIC,KRLEVEL_RR|010120|3T|3044|3045|3047,3044,3045,3047,60500.0,3,56800.0,60500.0,56595.03531911557,819.858723537743
010120.KS,010120,KOSPI,LS ELECTRIC,KRLEVEL_RR|010120|2T|3129|3131|3133,3129,3131,3133,56500.0,2,53800.0,56300.0,53638.23626589091,647.054936436368
010120.KS,010120,KOSPI,LS ELECTRIC,KRLEVEL_RR|010120|4T|3149|3150|3151,3149,3150,3151,60200.0,4,58000.0,60100.0,57832.16103763876,671.3558494449554
010120.KS,010120,KOSPI,LS ELECTRIC,KRLEVEL_RR|010120|2T|3165|3167|3168,3165,3167,3168,60700.0,2,58300.0,60700.0,58083.02229232501,867.9108306999681
010120.KS,010120,KOSPI,LS ELECTRIC,KRLEVEL_RR|010120|2T|3194|3199|3200,3194,3199,3200,62350.0,2,60700.0,61600.0,60247.75103445553,1808.9958621779058
010120.KS,010120,KOSPI,LS ELECTRIC,KRLEVEL_RR|010120|2T|3236|3242|3244,3236,3242,3244,89750.0,2,82200.0,89600.0,81522.52689545669,2709.8924181732614
010120.KS,010120,KOSPI,LS ELECTRIC,KRLEVEL_RR|010120|4T|3260|3261|3262,3260,3261,3262,90400.0,4,84100.0,90500.0,83352.18265786221,2991.269368551133
010120.KS,010120,KOSPI,LS ELECTRIC,KRLEVEL_RR|010120|2T|3276|3277|3278,3276,3277,3278,95200.0,2,86000.0,95300.0,85309.15136579044,2763.394536838202
010120.KS,010120,KOSPI,LS ELECTRIC,KRLEVEL_RR|010120|3T|3315|3317|3319,3315,3317,3319,95200.0,3,91200.0,94100.0,90506.53052195969,2773.8779121612483
010120.KS,010120,KOSPI,LS ELECTRIC,KRLEVEL_RR|010120|2T|3367|3369|3371,3367,3369,3371,91650.0,2,85600.0,91900.0,85178.0283898056,1687.8864407776557
010120.KS,010120,KOSPI,LS ELECTRIC,KRLEVEL_RR|010120|2T|3389|3390|3391,3389,3390,3391,101600.0,2,95600.0,101600.0,95189.7806835827,1640.8772656691754
010120.KS,010120,KOSPI,LS ELECTRIC,KRLEVEL_RR|010120|2T|3443|3447|3448,3443,3447,3448,91650.0,2,90500.0,92000.0,90133.32187998707,1466.7124800517324
010120.KS,010120,KOSPI,LS ELECTRIC,KRLEVEL_RR|010120|3T|3476|3477|3478,3476,3477,3478,94100.0,3,90800.0,93800.0,90521.90379868745,1112.3848052502199
010120.KS,010120,KOSPI,LS ELECTRIC,KRLEVEL_RR|010120|3T|3510|3511|3513,3510,3511,3513,95200.0,3,93600.0,94700.0,93221.69049841672,1513.238006333107
010120.KS,010120,KOSPI,LS ELECTRIC,KRLEVEL_RR|010120|2T|3589|3592|3593,3589,3592,3593,107500.0,2,99100.0,107600.0,98378.87685593627,2884.492576254964
010120.KS,010120,KOSPI,LS ELECTRIC,KRLEVEL_RR|010120|2T|3671|3675|3677,3671,3675,3677,134000.0,2,126200.0,134000.0,125652.80208321234,2188.7916671506264
010120.KS,010120,KOSPI,LS ELECTRIC,KRLEVEL_RR|010120|3T|3744|3748|3749,3744,3748,3749,146600.0,3,127000.0,143400.0,125759.79227929389,4960.830882824414
010120.KS,010120,KOSPI,LS ELECTRIC,KRLEVEL_RR|010120|2T|3761|3762|3764,3761,3762,3764,149500.0,2,146200.0,148600.0,145326.88917496437,3492.4433001424986
010120.KS,010120,KOSPI,LS ELECTRIC,KRLEVEL_RR|010120|4T|3849|3850|3851,3849,3850,3851,150500.0,4,143600.0,149800.0,142435.76139087416,4656.954436503373
010120.KS,010120,KOSPI,LS ELECTRIC,KRLEVEL_RR|010120|2T|3908|3910|3911,3908,3910,3911,190850.0,2,182600.0,191600.0,181222.72236031655,5509.11055873383
010120.KS,010120,KOSPI,LS ELECTRIC,KRLEVEL_RR|010120|2T|4017|4018|4019,4017,4018,4019,232750.0,2,232500.0,234000.0,230354.61717262847,8581.531309486145
010120.KS,010120,KOSPI,LS ELECTRIC,KRLEVEL_RR|010120|2T|4101|4107|4109,4101,4107,4109,232750.0,2,219000.0,231500.0,216443.9643565844,10224.142573662475
010120.KS,010120,KOSPI,LS ELECTRIC,KRLEVEL_RR|010120|2T|4176|4177|4178,4176,4177,4178,234750.0,2,196500.0,231000.0,194547.97597266466,7808.096109341387
010120.KS,010120,KOSPI,LS ELECTRIC,KRLEVEL_RR|010120|2T|4271|4273|4274,4271,4273,4274,201500.0,2,177600.0,202250.0,176176.21379400042,5695.144823998376
010120.KS,010120,KOSPI,LS ELECTRIC,KRLEVEL_RR|010120|2T|4320|4322|4323,4320,4322,4323,191550.0,2,175200.0,191300.0,173583.22022832086,6467.119086716529
066570.KS,066570,KOSPI,LG전자,KRLEVEL_RR|066570|5T|241|242|243,241,242,243,104400.0,5,98000.0,104400.0,97653.8277157441,1384.6891370235612
066570.KS,066570,KOSPI,LG전자,KRLEVEL_RR|066570|2T|264|266|268,264,266,268,106000.0,2,103400.0,105900.0,103143.10476141838,1027.5809543264804
066570.KS,066570,KOSPI,LG전자,KRLEVEL_RR|066570|2T|293|299|300,293,299,300,104500.0,2,104000.0,104400.0,103708.74703036828,1165.0118785268583
066570.KS,066570,KOSPI,LG전자,KRLEVEL_RR|066570|2T|345|346|348,345,346,348,101350.0,2,99600.0,101300.0,99321.90219170011,1112.3912331995928
066570.KS,066570,KOSPI,LG전자,KRLEVEL_RR|066570|5T|392|393|394,392,393,394,106000.0,5,103200.0,105900.0,102990.90488141037,836.3804743585156
066570.KS,066570,KOSPI,LG전자,KRLEVEL_RR|066570|7T|405|409|410,405,409,410,106200.0,7,103200.0,105900.0,102949.83367946316,1000.665282147355
066570.KS,066570,KOSPI,LG전자,KRLEVEL_RR|066570|2T|421|422|424,421,422,424,107550.0,2,105300.0,107300.0,105079.35719786183,882.5712085526687
066570.KS,066570,KOSPI,LG전자,KRLEVEL_RR|066570|2T|515|519|521,515,519,521,96350.0,2,96000.0,96300.0,95827.48124644619,690.0750142152261
066570.KS,066570,KOSPI,LG전자,KRLEVEL_RR|066570|3T|533|535|537,533,535,537,97200.0,3,96200.0,97300.0,96003.8078788267,784.7684846931716
066570.KS,066570,KOSPI,LG전자,KRLEVEL_RR|066570|2T|567|568|569,567,568,569,99400.0,2,98700.0,99500.0,98549.33336390457,602.6665443817195
066570.KS,066570,KOSPI,LG전자,KRLEVEL_RR|066570|3T|598|599|601,598,599,601,97200.0,3,96800.0,97300.0,96638.91893752468,644.3242499013108
066570.KS,066570,KOSPI,LG전자,KRLEVEL_RR|066570|2T|712|713|714,712,713,714,95750.0,2,91200.0,95600.0,90962.19568122718,951.217275091267
066570.KS,066570,KOSPI,LG전자,KRLEVEL_RR|066570|4T|725|730|732,725,730,732,97200.0,4,95500.0,96800.0,95300.40383526958,798.384658921668
066570.KS,066570,KOSPI,LG전자,KRLEVEL_RR|066570|2T|745|746|748,745,746,748,99400.0,2,98000.0,99400.0,97765.58576981301,937.6569207479537
066570.KS,066570,KOSPI,LG전자,KRLEVEL_RR|066570|3T|762|763|765,762,763,765,98000.0,3,97600.0,97900.0,97402.75872762203,788.9650895118724
066570.KS,066570,KOSPI,LG전자,KRLEVEL_RR|066570|3T|784|786|788,784,786,788,98000.0,3,97500.0,97800.0,97358.0656853917,567.7372584331761
066570.KS,066570,KOSPI,LG전자,KRLEVEL_RR|066570|3T|835|841|842,835,841,842,94100.0,3,93200.0,94000.0,93027.08006907119,691.6797237152504
066570.KS,066570,KOSPI,LG전자,KRLEVEL_RR|066570|2T|868|869|870,868,869,870,97950.0,2,97000.0,97900.0,96817.79016068578,728.8393572569103
066570.KS,066570,KOSPI,LG전자,KRLEVEL_RR|066570|2T|894|896|898,894,896,898,96100.0,2,95700.0,96200.0,95512.83918130353,748.6432747858828
066570.KS,066570,KOSPI,LG전자,KRLEVEL_RR|066570|2T|1072|1076|1078,1072,1076,1078,92450.0,2,92000.0,92300.0,91865.08658245405,539.6536701837797
066570.KS,066570,KOSPI,LG전자,KRLEVEL_RR|066570|3T|1248|1251|1252,1248,1251,1252,101100.0,3,98500.0,100800.0,98178.43293289535,1286.2682684185927
066570.KS,066570,KOSPI,LG전자,KRLEVEL_RR|066570|2T|1346|1347|1348,1346,1347,1348,109900.0,2,108300.0,109800.0,108061.73207392362,953.071704305518
066570.KS,066570,KOSPI,LG전자,KRLEVEL_RR|066570|4T|1360|1362|1364,1360,1362,1364,108900.0,4,107800.0,109100.0,107587.69779155155,849.2088337938299
066570.KS,066570,KOSPI,LG전자,KRLEVEL_RR|066570|5T|1390|1396|1398,1390,1396,1398,111600.0,5,110500.0,111700.0,110236.1242900668,1055.5028397327965
066570.KS,066570,KOSPI,LG전자,KRLEVEL_RR|066570|2T|1532|1533|1534,1532,1533,1534,98600.0,2,97200.0,98700.0,97024.1502137781,703.3991448875523
066570.KS,066570,KOSPI,LG전자,KRLEVEL_RR|066570|2T|1558|1564|1566,1558,1564,1566,99450.0,2,97100.0,98200.0,96823.31489505096,1106.7404197961228
066570.KS,066570,KOSPI,LG전자,KRLEVEL_RR|066570|4T|1596|1599|1601,1596,1599,1601,102650.0,4,101200.0,102900.0,100890.1765317208,1239.2938731167858
066570.KS,066570,KOSPI,LG전자,KRLEVEL_RR|066570|2T|1853|1855|1857,1853,1855,1857,89050.0,2,87500.0,89100.0,87256.78337423067,972.8665030773072
066570.KS,066570,KOSPI,LG전자,KRLEVEL_RR|066570|2T|1881|1885|1887,1881,1885,1887,93000.0,2,92200.0,93100.0,92023.9316498525,704.2734005899844
066570.KS,066570,KOSPI,LG전자,KRLEVEL_RR|066570|3T|2316|2317|2318,2316,2317,2318,80300.0,3,80100.0,80300.0,79831.60590902908,1073.576363883691
066570.KS,066570,KOSPI,LG전자,KRLEVEL_RR|066570|2T|2444|2450|2451,2444,2450,2451,69600.0,2,67400.0,69400.0,67208.2769180748,766.8923277008026
066570.KS,066570,KOSPI,LG전자,KRLEVEL_RR|066570|2T|2463|2465|2467,2463,2465,2467,69600.0,2,68900.0,69700.0,68765.40148223685,538.3940710525786
066570.KS,066570,KOSPI,LG전자,KRLEVEL_RR|066570|2T|2544|2545|2546,2544,2545,2546,72250.0,2,70400.0,72200.0,70284.80177089082,460.79291643672957
066570.KS,066570,KOSPI,LG전자,KRLEVEL_RR|066570|6T|2613|2616|2618,2613,2616,2618,70950.0,6,69600.0,70800.0,69446.50736188372,613.9705524651353
066570.KS,066570,KOSPI,LG전자,KRLEVEL_RR|066570|4T|2642|2646|2648,2642,2646,2648,72050.0,4,71100.0,72000.0,70951.81118591609,592.755256335666
066570.KS,066570,KOSPI,LG전자,KRLEVEL_RR|066570|2T|2660|2661|2663,2660,2661,2663,73550.0,2,72600.0,73600.0,72448.54811572346,605.8075371061367
066570.KS,066570,KOSPI,LG전자,KRLEVEL_RR|066570|3T|2712|2713|2714,2712,2713,2714,74600.0,3,71500.0,74100.0,71188.42340377324,1246.30638490705
066570.KS,066570,KOSPI,LG전자,KRLEVEL_RR|066570|4T|2744|2750|2752,2744,2750,2752,74600.0,4,73700.0,74600.0,73522.54575139958,709.816994401669
066570.KS,066570,KOSPI,LG전자,KRLEVEL_RR|066570|4T|2780|2784|2786,2780,2784,2786,73500.0,4,73000.0,73600.0,72801.40769166133,794.3692333546766
066570.KS,066570,KOSPI,LG전자,KRLEVEL_RR|066570|3T|2827|2832|2834,2827,2832,2834,76100.0,3,74600.0,76200.0,74435.62171958412,657.5131216635398
066570.KS,066570,KOSPI,LG전자,KRLEVEL_RR|066570|2T|2850|2851|2852,2850,2851,2852,77600.0,2,76400.0,77600.0,76217.39323165051,730.427073397946
066570.KS,066570,KOSPI,LG전자,KRLEVEL_RR|066570|2T|2866|2870|2872,2866,2870,2872,77600.0,2,76900.0,77000.0,76725.69429286876,697.2228285249578
066570.KS,066570,KOSPI,LG전자,KRLEVEL_RR|066570|2T|2894|2899|2900,2894,2899,2900,76550.0,2,74800.0,76300.0,74637.49227636415,650.0308945433679
066570.KS,066570,KOSPI,LG전자,KRLEVEL_RR|066570|3T|2914|2917|2918,2914,2917,2918,77000.0,3,76400.0,76800.0,76262.59491526608,549.6203389357124
066570.KS,066570,KOSPI,LG전자,KRLEVEL_RR|066570|3T|2940|2944|2945,2940,2944,2945,77000.0,3,76400.0,76800.0,76261.00511514548,555.979539418047
066570.KS,066570,KOSPI,LG전자,KRLEVEL_RR|066570|2T|3048|3052|3053,3048,3052,3053,75950.0,2,75000.0,75700.0,74888.19316192235,447.22735231058954
066570.KS,066570,KOSPI,LG전자,KRLEVEL_RR|066570|2T|3064|3067|3069,3064,3067,3069,76950.0,2,75600.0,76800.0,75480.65553059941,477.3778776023465
066570.KS,066570,KOSPI,LG전자,KRLEVEL_RR|066570|5T|3141|3145|3146,3141,3145,3146,76800.0,5,75000.0,76600.0,74838.70478872399,645.1808451040206
066570.KS,066570,KOSPI,LG전자,KRLEVEL_RR|066570|2T|3158|3162|3164,3158,3162,3164,81450.0,2,77000.0,81500.0,76761.10859673422,955.5656130631039
066570.KS,066570,KOSPI,LG전자,KRLEVEL_RR|066570|2T|3176|3180|3182,3176,3180,3182,83800.0,2,83100.0,83900.0,82850.92305775614,996.3077689754407
066570.KS,066570,KOSPI,LG전자,KRLEVEL_RR|066570|3T|3277|3278|3279,3277,3278,3279,89500.0,3,86700.0,89800.0,86362.35349395071,1350.5860241971395
066570.KS,066570,KOSPI,LG전자,KRLEVEL_RR|066570|2T|3371|3373|3374,3371,3373,3374,87050.0,2,85200.0,86800.0,84995.25516054868,818.9793578052673
066570.KS,066570,KOSPI,LG전자,KRLEVEL_RR|066570|2T|3445|3450|3452,3445,3450,3452,93150.0,2,91500.0,93300.0,91258.88044723403,964.4782110639094
066570.KS,066570,KOSPI,LG전자,KRLEVEL_RR|066570|2T|3525|3526|3528,3525,3526,3528,87600.0,2,86600.0,87500.0,86336.17936727108,1055.2825309156742
066570.KS,066570,KOSPI,LG전자,KRLEVEL_RR|066570|2T|3539|3541|3543,3539,3541,3543,92800.0,2,91100.0,92800.0,90815.02859397022,1139.8856241191438
066570.KS,066570,KOSPI,LG전자,KRLEVEL_RR|066570|2T|3618|3622|3623,3618,3622,3623,100150.0,2,95400.0,99300.0,95036.76818734426,1452.927250622931
066570.KS,066570,KOSPI,LG전자,KRLEVEL_RR|066570|2T|3642|3646|3647,3642,3646,3647,102150.0,2,96000.0,101600.0,95665.88690793443,1336.4523682622648
066570.KS,066570,KOSPI,LG전자,KRLEVEL_RR|066570|2T|3870|3872|3873,3870,3872,3873,114400.0,2,107300.0,114700.0,106693.66586159874,2425.3365536050387
066570.KS,066570,KOSPI,LG전자,KRLEVEL_RR|066570|4T|3893|3895|3897,3893,3895,3897,119450.0,4,114900.0,119100.0,114481.96460461085,1672.1415815565874
066570.KS,066570,KOSPI,LG전자,KRLEVEL_RR|066570|2T|3939|3940|3941,3939,3940,3941,127000.0,2,126600.0,127000.0,126135.51060898694,1857.957564052224
066570.KS,066570,KOSPI,LG전자,KRLEVEL_RR|066570|4T|4338|4340|4341,4338,4340,4341,162000.0,4,154100.0,160600.0,153084.28329340427,4062.866826382905
066570.KS,066570,KOSPI,LG전자,KRLEVEL_RR|066570|2T|4361|4363|4364,4361,4363,4364,186950.0,2,171600.0,186000.0,170614.14640642755,3943.414374289803
009540.KS,009540,KOSPI,HD한국조선해양,KRLEVEL_RR|009540|2T|343|344|345,343,344,345,94300.0,2,91000.0,94300.0,90726.69572045113,1093.2171181955082
009540.KS,009540,KOSPI,HD한국조선해양,KRLEVEL_RR|009540|2T|391|397|399,391,397,399,97800.0,2,94000.0,96600.0,93696.94411607609,1212.223535695661
009540.KS,009540,KOSPI,HD한국조선해양,KRLEVEL_RR|009540|4T|432|433|434,432,433,434,101800.0,4,100200.0,101700.0,99966.73232768508,933.0706892596575
009540.KS,009540,KOSPI,HD한국조선해양,KRLEVEL_RR|009540|2T|561|562|563,561,562,563,113200.0,2,109700.0,113300.0,109405.8099801923,1176.7600792308403
009540.KS,009540,KOSPI,HD한국조선해양,KRLEVEL_RR|009540|2T|652|653|654,652,653,654,108200.0,2,104000.0,108500.0,103655.63854257292,1377.4458297083088
009540.KS,009540,KOSPI,HD한국조선해양,KRLEVEL_RR|009540|6T|667|668|669,667,668,669,113300.0,6,104600.0,113300.0,104264.45223195592,1342.1910721763077
009540.KS,009540,KOSPI,HD한국조선해양,KRLEVEL_RR|009540|3T|680|681|682,680,681,682,115000.0,3,109700.0,114700.0,109299.13628866227,1603.454845350942
009540.KS,009540,KOSPI,HD한국조선해양,KRLEVEL_RR|009540|3T|703|704|705,703,704,705,112400.0,3,110500.0,112300.0,110146.30354524794,1414.7858190082345
009540.KS,009540,KOSPI,HD한국조선해양,KRLEVEL_RR|009540|2T|780|781|782,780,781,782,118100.0,2,118100.0,118400.0,117778.76474882469,1284.9410047012375
009540.KS,009540,KOSPI,HD한국조선해양,KRLEVEL_RR|009540|2T|857|860|861,857,860,861,113200.0,2,111000.0,112900.0,110675.57776327002,1297.688946919928
009540.KS,009540,KOSPI,HD한국조선해양,KRLEVEL_RR|009540|2T|874|878|880,874,878,880,122900.0,2,112000.0,122500.0,111422.14453920504,2311.4218431798754
009540.KS,009540,KOSPI,HD한국조선해양,KRLEVEL_RR|009540|2T|892|897|899,892,897,899,127550.0,2,122700.0,127400.0,122275.15929724563,1699.3628110175175
009540.KS,009540,KOSPI,HD한국조선해양,KRLEVEL_RR|009540|4T|926|927|928,926,927,928,119950.0,4,119100.0,119900.0,118698.90811415843,1604.3675433662777
009540.KS,009540,KOSPI,HD한국조선해양,KRLEVEL_RR|009540|4T|948|950|952,948,950,952,119850.0,4,116200.0,119900.0,115781.82843318493,1672.6862672602595
009540.KS,009540,KOSPI,HD한국조선해양,KRLEVEL_RR|009540|4T|963|966|967,963,966,967,119850.0,4,118600.0,119300.0,118219.74159498145,1521.033620074228
009540.KS,009540,KOSPI,HD한국조선해양,KRLEVEL_RR|009540|3T|985|989|990,985,989,990,116900.0,3,114100.0,115700.0,113668.73560826277,1725.0575669489199
009540.KS,009540,KOSPI,HD한국조선해양,KRLEVEL_RR|009540|2T|1013|1014|1015,1013,1014,1015,116900.0,2,110800.0,116500.0,110414.76204828173,1540.9518068730736
009540.KS,009540,KOSPI,HD한국조선해양,KRLEVEL_RR|009540|2T|1030|1034|1036,1030,1034,1036,126250.0,2,117800.0,125700.0,117243.59102826561,2225.635886937582
009540.KS,009540,KOSPI,HD한국조선해양,KRLEVEL_RR|009540|3T|1047|1053|1054,1047,1053,1054,127800.0,3,127000.0,128000.0,126513.35192269103,1946.5923092358817
009540.KS,009540,KOSPI,HD한국조선해양,KRLEVEL_RR|009540|2T|1151|1152|1153,1151,1152,1153,129650.0,2,127300.0,130000.0,126877.62943290529,1689.4822683788661
009540.KS,009540,KOSPI,HD한국조선해양,KRLEVEL_RR|009540|3T|1182|1185|1186,1182,1185,1186,129900.0,3,129000.0,129100.0,128593.48495103307,1626.0601958677478
009540.KS,009540,KOSPI,HD한국조선해양,KRLEVEL_RR|009540|3T|1202|1203|1204,1202,1203,1204,130700.0,3,129600.0,130600.0,129194.60621831527,1621.5751267388991
009540.KS,009540,KOSPI,HD한국조선해양,KRLEVEL_RR|009540|4T|1234|1235|1237,1234,1235,1237,137650.0,4,131400.0,137200.0,130993.18009679514,1627.279612819425
009540.KS,009540,KOSPI,HD한국조선해양,KRLEVEL_RR|009540|3T|1248|1250|1252,1248,1250,1252,139300.0,3,136500.0,139500.0,136044.83615358282,1820.6553856687297
009540.KS,009540,KOSPI,HD한국조선해양,KRLEVEL_RR|009540|2T|1289|1290|1291,1289,1290,1291,152600.0,2,149000.0,152800.0,148501.16880884778,1995.3247646089228
009540.KS,009540,KOSPI,HD한국조선해양,KRLEVEL_RR|009540|2T|1316|1317|1319,1316,1317,1319,155650.0,2,153600.0,155700.0,153050.26137813367,2198.954487465356
009540.KS,009540,KOSPI,HD한국조선해양,KRLEVEL_RR|009540|2T|1342|1343|1344,1342,1343,1344,161250.0,2,157200.0,161700.0,156724.18019590518,1903.2792163793092
009540.KS,009540,KOSPI,HD한국조선해양,KRLEVEL_RR|009540|2T|1463|1467|1468,1463,1467,1468,190450.0,2,162900.0,191500.0,161502.30654109802,5590.773835607888
009540.KS,009540,KOSPI,HD한국조선해양,KRLEVEL_RR|009540|2T|1592|1597|1598,1592,1597,1598,168500.0,2,163100.0,167300.0,162375.1980044026,2899.2079823896556
009540.KS,009540,KOSPI,HD한국조선해양,KRLEVEL_RR|009540|3T|1620|1622|1624,1620,1622,1624,182500.0,3,170800.0,182600.0,170093.74436022557,2825.0225590977916
009540.KS,009540,KOSPI,HD한국조선해양,KRLEVEL_RR|009540|2T|1675|1681|1683,1675,1681,1683,182650.0,2,179300.0,183000.0,178657.69379726503,2569.2248109398142
009540.KS,009540,KOSPI,HD한국조선해양,KRLEVEL_RR|009540|4T|1723|1729|1730,1723,1729,1730,192800.0,4,191000.0,192900.0,190356.88152404284,2572.4739038286334
009540.KS,009540,KOSPI,HD한국조선해양,KRLEVEL_RR|009540|4T|1746|1748|1750,1746,1748,1750,192800.0,4,190500.0,193300.0,189795.32607068014,2818.6957172794473
009540.KS,009540,KOSPI,HD한국조선해양,KRLEVEL_RR|009540|9T|1762|1764|1765,1762,1764,1765,199000.0,9,193500.0,198500.0,192851.1167821903,2595.5328712387277
009540.KS,009540,KOSPI,HD한국조선해양,KRLEVEL_RR|009540|2T|1812|1813|1814,1812,1813,1814,178750.0,2,178800.0,179200.0,178037.2389323525,3051.0442705899995
009540.KS,009540,KOSPI,HD한국조선해양,KRLEVEL_RR|009540|2T|1829|1831|1833,1829,1831,1833,191550.0,2,175600.0,191200.0,174869.86655770254,2920.533769189851
009540.KS,009540,KOSPI,HD한국조선해양,KRLEVEL_RR|009540|3T|1858|1860|1861,1858,1860,1861,192000.0,3,187700.0,192000.0,186937.20271164775,3051.1891534089423
009540.KS,009540,KOSPI,HD한국조선해양,KRLEVEL_RR|009540|6T|1879|1880|1882,1879,1880,1882,198950.0,6,197900.0,199100.0,197185.13391767303,2859.464329307892
009540.KS,009540,KOSPI,HD한국조선해양,KRLEVEL_RR|009540|5T|1923|1925|1926,1923,1925,1926,196200.0,5,191600.0,196400.0,190739.75581872865,3440.976725085437
009540.KS,009540,KOSPI,HD한국조선해양,KRLEVEL_RR|009540|6T|1953|1957|1959,1953,1957,1959,196300.0,6,181300.0,195500.0,180366.21941952585,3735.1223218966506
009540.KS,009540,KOSPI,HD한국조선해양,KRLEVEL_RR|009540|2T|2064|2065|2067,2064,2065,2067,233250.0,2,218000.0,233500.0,217140.68206148176,3437.271754072954
009540.KS,009540,KOSPI,HD한국조선해양,KRLEVEL_RR|009540|2T|2082|2083|2084,2082,2083,2084,233250.0,2,229000.0,233000.0,228133.95850505578,3464.1659797768343
009540.KS,009540,KOSPI,HD한국조선해양,KRLEVEL_RR|009540|2T|2163|2164|2165,2163,2164,2165,233250.0,2,228000.0,232500.0,227219.04698108963,3123.812075641475
009540.KS,009540,KOSPI,HD한국조선해양,KRLEVEL_RR|009540|2T|2187|2188|2190,2187,2188,2190,230500.0,2,221500.0,230000.0,220590.0554103012,3639.7783587951685
009540.KS,009540,KOSPI,HD한국조선해양,KRLEVEL_RR|009540|2T|2213|2214|2216,2213,2214,2216,229750.0,2,223500.0,229500.0,222580.82573820226,3676.6970471910204
009540.KS,009540,KOSPI,HD한국조선해양,KRLEVEL_RR|009540|2T|2269|2270|2271,2269,2270,2271,232500.0,2,208000.0,226500.0,206755.30036554474,4978.798537820985
009540.KS,009540,KOSPI,HD한국조선해양,KRLEVEL_RR|009540|2T|2426|2427|2428,2426,2427,2428,208750.0,2,190900.0,206500.0,189839.64685578714,4241.412576851414
009540.KS,009540,KOSPI,HD한국조선해양,KRLEVEL_RR|009540|2T|2480|2481|2482,2480,2481,2482,232500.0,2,217500.0,232000.0,216701.1403642135,3195.438543146012
009540.KS,009540,KOSPI,HD한국조선해양,KRLEVEL_RR|009540|2T|2516|2517|2518,2516,2517,2518,273375.0,2,262000.0,273000.0,260947.5775358913,4209.689856434854
009540.KS,009540,KOSPI,HD한국조선해양,KRLEVEL_RR|009540|2T|2562|2568|2570,2562,2568,2570,287750.0,2,280500.0,286500.0,279559.96365973586,3760.1453610564386
009540.KS,009540,KOSPI,HD한국조선해양,KRLEVEL_RR|009540|2T|2598|2599|2600,2598,2599,2600,287750.0,2,282500.0,287000.0,281514.94789169513,3940.208433219426
009540.KS,009540,KOSPI,HD한국조선해양,KRLEVEL_RR|009540|2T|2655|2659|2660,2655,2659,2660,330500.0,2,310000.0,331500.0,308490.651296519,6037.394813924018
009540.KS,009540,KOSPI,HD한국조선해양,KRLEVEL_RR|009540|2T|2704|2710|2711,2704,2710,2711,374000.0,2,366000.0,371000.0,364694.00538637565,5223.978454497429
009540.KS,009540,KOSPI,HD한국조선해양,KRLEVEL_RR|009540|2T|2817|2818|2819,2817,2818,2819,327750.0,2,323250.0,328500.0,322205.26273685036,4178.9490525984975
009540.KS,009540,KOSPI,HD한국조선해양,KRLEVEL_RR|009540|3T|2846|2850|2852,2846,2850,2852,335000.0,3,327000.0,335500.0,325733.4498792623,5066.200482950724
009540.KS,009540,KOSPI,HD한국조선해양,KRLEVEL_RR|009540|4T|2889|2893|2894,2889,2893,2894,335125.0,4,335000.0,336000.0,333176.9037093756,7292.385162497729
009540.KS,009540,KOSPI,HD한국조선해양,KRLEVEL_RR|009540|3T|2907|2908|2909,2907,2908,2909,355500.0,3,348000.0,354000.0,346626.38697456074,5494.452101757059
009540.KS,009540,KOSPI,HD한국조선해양,KRLEVEL_RR|009540|5T|2930|2933|2935,2930,2933,2935,373500.0,5,363000.0,374500.0,361535.9611254943,5856.155498022997
009540.KS,009540,KOSPI,HD한국조선해양,KRLEVEL_RR|009540|2T|2958|2959|2960,2958,2959,2960,345000.0,2,333500.0,345000.0,331877.2035199717,6491.185920113173
009540.KS,009540,KOSPI,HD한국조선해양,KRLEVEL_RR|009540|2T|3022|3024|3026,3022,3024,3026,419250.0,2,405500.0,420000.0,403629.6384664498,7481.446134200891
009540.KS,009540,KOSPI,HD한국조선해양,KRLEVEL_RR|009540|2T|3050|3052|3053,3050,3052,3053,419250.0,2,405000.0,419000.0,403680.2316167201,5279.073533119713
009540.KS,009540,KOSPI,HD한국조선해양,KRLEVEL_RR|009540|5T|3134|3139|3141,3134,3139,3141,415500.0,5,395500.0,414000.0,394094.8509039275,5620.59638428996
009540.KS,009540,KOSPI,HD한국조선해양,KRLEVEL_RR|009540|5T|3152|3153|3154,3152,3153,3154,415500.0,5,409000.0,412000.0,407444.82078222395,6220.716871104125
009540.KS,009540,KOSPI,HD한국조선해양,KRLEVEL_RR|009540|5T|3176|3181|3182,3176,3181,3182,420500.0,5,403500.0,420000.0,401966.4128068552,6134.3487725790565
009540.KS,009540,KOSPI,HD한국조선해양,KRLEVEL_RR|009540|8T|3272|3275|3276,3272,3275,3276,423250.0,8,415500.0,423000.0,413530.2739636294,7878.904145482395
009540.KS,009540,KOSPI,HD한국조선해양,KRLEVEL_RR|009540|4T|3290|3291|3293,3290,3291,3293,435000.0,4,413500.0,433000.0,411789.55458011624,6841.781679535027
009540.KS,009540,KOSPI,HD한국조선해양,KRLEVEL_RR|009540|2T|3319|3320|3321,3319,3320,3321,424250.0,2,406000.0,425000.0,404203.0034230567,7187.986307773336
009540.KS,009540,KOSPI,HD한국조선해양,KRLEVEL_RR|009540|2T|3339|3341|3343,3339,3341,3343,424250.0,2,415000.0,421000.0,413312.85686543386,6748.572538264457
009540.KS,009540,KOSPI,HD한국조선해양,KRLEVEL_RR|009540|4T|3390|3392|3394,3390,3392,3394,428250.0,4,412500.0,427500.0,411269.76845610485,4920.926175580515
009540.KS,009540,KOSPI,HD한국조선해양,KRLEVEL_RR|009540|3T|3412|3413|3415,3412,3413,3415,444000.0,3,442000.0,443500.0,440827.6773764497,4689.290494201191
009540.KS,009540,KOSPI,HD한국조선해양,KRLEVEL_RR|009540|4T|3516|3522|3524,3516,3522,3524,435000.0,4,411500.0,433000.0,409869.4183108958,6522.326756416936
009540.KS,009540,KOSPI,HD한국조선해양,KRLEVEL_RR|009540|3T|3541|3546|3547,3541,3546,3547,435500.0,3,424500.0,427000.0,422893.75697326666,6424.972106933266
009540.KS,009540,KOSPI,HD한국조선해양,KRLEVEL_RR|009540|6T|3575|3576|3578,3575,3576,3578,428250.0,6,420000.0,429000.0,418478.18118465535,6087.275261378553
009540.KS,009540,KOSPI,HD한국조선해양,KRLEVEL_RR|009540|2T|3681|3682|3683,3681,3682,3683,444250.0,2,416500.0,445000.0,414746.73923885816,7013.0430445674065
009540.KS,009540,KOSPI,HD한국조선해양,KRLEVEL_RR|009540|2T|3725|3728|3729,3725,3728,3729,404000.0,2,374000.0,400000.0,370929.9120654155,12280.35173833783
009540.KS,009540,KOSPI,HD한국조선해양,KRLEVEL_RR|009540|2T|3773|3774|3776,3773,3774,3776,415250.0,2,404000.0,413000.0,402403.6778944137,6385.288422345187
009540.KS,009540,KOSPI,HD한국조선해양,KRLEVEL_RR|009540|2T|3839|3840|3842,3839,3840,3842,353500.0,2,344000.0,353500.0,342000.0200570893,7999.9197716428225
009540.KS,009540,KOSPI,HD한국조선해양,KRLEVEL_RR|009540|3T|3869|3873|3874,3869,3873,3874,385000.0,3,370500.0,385000.0,368788.42810235097,6846.287590596154
009540.KS,009540,KOSPI,HD한국조선해양,KRLEVEL_RR|009540|3T|3893|3894|3895,3893,3894,3895,390500.0,3,383500.0,390500.0,382198.5204589655,5205.918164137937
009540.KS,009540,KOSPI,HD한국조선해양,KRLEVEL_RR|009540|4T|3912|3913|3915,3912,3913,3915,411750.0,4,400500.0,409000.0,399066.10682500043,5735.572699998173
009540.KS,009540,KOSPI,HD한국조선해양,KRLEVEL_RR|009540|2T|3989|3992|3993,3989,3992,3993,473000.0,2,452500.0,469500.0,450155.2649065297,9378.940373881269
009540.KS,009540,KOSPI,HD한국조선해양,KRLEVEL_RR|009540|2T|4039|4042|4043,4039,4042,4043,412500.0,2,384500.0,407500.0,382395.4065614492,8418.37375420308
009540.KS,009540,KOSPI,HD한국조선해양,KRLEVEL_RR|009540|3T|4127|4128|4129,4127,4128,4129,413000.0,3,360000.0,415000.0,357728.5942454628,9085.623018148723
009540.KS,009540,KOSPI,HD한국조선해양,KRLEVEL_RR|009540|2T|4286|4289|4290,4286,4289,4290,361250.0,2,335500.0,352000.0,333423.86101801635,8304.55592793456
009540.KS,009540,KOSPI,HD한국조선해양,KRLEVEL_RR|009540|4T|4320|4323|4325,4320,4323,4325,361750.0,4,314000.0,363000.0,311017.2510126984,11930.995949206319
009540.KS,009540,KOSPI,HD한국조선해양,KRLEVEL_RR|009540|4T|4338|4341|4343,4338,4341,4343,369500.0,4,362500.0,364500.0,360272.1371102338,8911.451559065026
042660.KS,042660,KOSPI,한화오션,KRLEVEL_RR|042660|3T|345|348|349,345,348,349,24150.0,3,23300.0,23950.0,23187.837985553906,448.6480577843707
042660.KS,042660,KOSPI,한화오션,KRLEVEL_RR|042660|2T|391|392|393,391,392,393,24775.0,2,22700.0,24650.0,22592.637546133745,429.4498154650157
042660.KS,042660,KOSPI,한화오션,KRLEVEL_RR|042660|3T|408|409|410,408,409,410,26600.0,3,24200.0,26600.0,24070.601832613407,517.5926695463726
042660.KS,042660,KOSPI,한화오션,KRLEVEL_RR|042660|2T|438|441|443,438,441,443,23275.0,2,22650.0,23100.0,22470.29125974482,718.8349610207163
042660.KS,042660,KOSPI,한화오션,KRLEVEL_RR|042660|3T|459|460|461,459,460,461,27300.0,3,25950.0,26950.0,25775.713761743034,697.1449530278619
042660.KS,042660,KOSPI,한화오션,KRLEVEL_RR|042660|2T|569|574|576,569,574,576,25125.0,2,24100.0,25000.0,24019.495271539578,322.0189138416929
042660.KS,042660,KOSPI,한화오션,KRLEVEL_RR|042660|4T|730|731|732,730,731,732,22575.0,4,21500.0,22550.0,21430.69209150706,277.2316339717597
042660.KS,042660,KOSPI,한화오션,KRLEVEL_RR|042660|2T|797|798|800,797,798,800,22275.0,2,21650.0,22250.0,21574.619545986287,301.5218160548556
042660.KS,042660,KOSPI,한화오션,KRLEVEL_RR|042660|2T|947|948|949,947,948,949,27975.0,2,26850.0,27700.0,26712.57684564037,549.6926174385201
042660.KS,042660,KOSPI,한화오션,KRLEVEL_RR|042660|3T|992|993|995,992,993,995,28000.0,3,25850.0,28050.0,25692.336776901862,630.6528923925489
042660.KS,042660,KOSPI,한화오션,KRLEVEL_RR|042660|2T|1226|1227|1228,1226,1227,1228,31325.0,2,29550.0,31400.0,29398.462290252286,606.1508389908587
042660.KS,042660,KOSPI,한화오션,KRLEVEL_RR|042660|3T|1300|1303|1304,1300,1303,1304,30900.0,3,29300.0,30850.0,29184.116107170557,463.5355713177649
042660.KS,042660,KOSPI,한화오션,KRLEVEL_RR|042660|2T|1330|1333|1334,1330,1333,1334,30350.0,2,29750.0,30200.0,29668.52687807821,325.8924876871616
042660.KS,042660,KOSPI,한화오션,KRLEVEL_RR|042660|3T|1367|1369|1370,1367,1369,1370,30350.0,3,29400.0,30250.0,29330.84629335428,276.61482658288367
042660.KS,042660,KOSPI,한화오션,KRLEVEL_RR|042660|5T|1399|1400|1401,1399,1400,1401,30900.0,5,30100.0,30800.0,30013.031492899267,347.87402840292737
042660.KS,042660,KOSPI,한화오션,KRLEVEL_RR|042660|6T|1430|1436|1438,1430,1436,1438,30225.0,6,29600.0,30250.0,29460.26290474382,558.9483810247201
042660.KS,042660,KOSPI,한화오션,KRLEVEL_RR|042660|10T|1466|1467|1468,1466,1467,1468,30350.0,10,28900.0,30200.0,28693.754371006144,824.9825159754272
042660.KS,042660,KOSPI,한화오션,KRLEVEL_RR|042660|5T|1497|1499|1500,1497,1499,1500,31050.0,5,30900.0,31050.0,30786.270704019695,454.9171839212147
042660.KS,042660,KOSPI,한화오션,KRLEVEL_RR|042660|4T|1513|1514|1515,1513,1514,1515,31775.0,4,31500.0,31700.0,31384.6888117024,461.24475319040647
042660.KS,042660,KOSPI,한화오션,KRLEVEL_RR|042660|4T|1526|1527|1529,1526,1527,1529,31775.0,4,31000.0,31850.0,30875.617983663513,497.52806534594464
042660.KS,042660,KOSPI,한화오션,KRLEVEL_RR|042660|2T|1544|1545|1546,1544,1545,1546,32925.0,2,31500.0,33000.0,31382.754622816024,468.981508735898
042660.KS,042660,KOSPI,한화오션,KRLEVEL_RR|042660|2T|1579|1581|1582,1579,1581,1582,32925.0,2,32200.0,32700.0,32047.07200681486,611.7119727405676
042660.KS,042660,KOSPI,한화오션,KRLEVEL_RR|042660|2T|1618|1622|1624,1618,1622,1624,30475.0,2,28650.0,30450.0,28534.012135910234,463.9514563590706
042660.KS,042660,KOSPI,한화오션,KRLEVEL_RR|042660|2T|1646|1647|1648,1646,1647,1648,32075.0,2,31750.0,32050.0,31636.29548882843,454.8180446862888
042660.KS,042660,KOSPI,한화오션,KRLEVEL_RR|042660|2T|1685|1686|1687,1685,1686,1687,30475.0,2,30050.0,30500.0,29948.508439466736,405.9662421330593
042660.KS,042660,KOSPI,한화오션,KRLEVEL_RR|042660|2T|1710|1712|1714,1710,1712,1714,30475.0,2,30200.0,30550.0,30108.43707840308,366.2516863876832
042660.KS,042660,KOSPI,한화오션,KRLEVEL_RR|042660|2T|1728|1729|1730,1728,1729,1730,30950.0,2,30500.0,30900.0,30413.755645085806,344.97741965678114
042660.KS,042660,KOSPI,한화오션,KRLEVEL_RR|042660|2T|1814|1815|1816,1814,1815,1816,27550.0,2,26650.0,27600.0,26501.69991277793,593.2003488882829
042660.KS,042660,KOSPI,한화오션,KRLEVEL_RR|042660|3T|1953|1955|1957,1953,1955,1957,31250.0,3,30300.0,31150.0,30132.93060590003,668.2775763998812
042660.KS,042660,KOSPI,한화오션,KRLEVEL_RR|042660|2T|2155|2160|2162,2155,2160,2162,58950.0,2,56000.0,59000.0,55651.363969371654,1394.5441225133927
042660.KS,042660,KOSPI,한화오션,KRLEVEL_RR|042660|2T|2182|2187|2188,2182,2187,2188,64650.0,2,58100.0,64100.0,57616.6559126237,1933.3763495052153
042660.KS,042660,KOSPI,한화오션,KRLEVEL_RR|042660|6T|2318|2322|2324,2318,2322,2324,75850.0,6,71000.0,76200.0,70571.04689051438,1715.812437942513
042660.KS,042660,KOSPI,한화오션,KRLEVEL_RR|042660|2T|2388|2389|2391,2388,2389,2391,69300.0,2,64600.0,69000.0,64235.440253925626,1458.2389842975085
042660.KS,042660,KOSPI,한화오션,KRLEVEL_RR|042660|2T|2426|2429|2430,2426,2429,2430,72400.0,2,66000.0,72100.0,65593.4028019761,1626.3887920956172
042660.KS,042660,KOSPI,한화오션,KRLEVEL_RR|042660|3T|2480|2484|2486,2480,2484,2486,79800.0,3,76800.0,80000.0,76512.74863698808,1149.0054520476842
042660.KS,042660,KOSPI,한화오션,KRLEVEL_RR|042660|4T|2522|2526|2527,2522,2526,2527,79850.0,4,79500.0,79700.0,79154.68187763829,1381.272489446851
042660.KS,042660,KOSPI,한화오션,KRLEVEL_RR|042660|4T|2561|2563|2564,2561,2563,2564,79850.0,4,73200.0,80100.0,72909.7812933847,1160.8748264612045
042660.KS,042660,KOSPI,한화오션,KRLEVEL_RR|042660|4T|2608|2611|2612,2608,2611,2612,78750.0,4,74700.0,78300.0,74469.37867855259,922.4852857896501
042660.KS,042660,KOSPI,한화오션,KRLEVEL_RR|042660|8T|2660|2664|2666,2660,2664,2666,78750.0,8,75000.0,78800.0,74613.73303774462,1545.0678490215219
042660.KS,042660,KOSPI,한화오션,KRLEVEL_RR|042660|4T|2780|2784|2786,2780,2784,2786,77850.0,4,73100.0,77800.0,72800.81054105762,1196.7578357695
042660.KS,042660,KOSPI,한화오션,KRLEVEL_RR|042660|4T|2810|2813|2814,2810,2813,2814,78550.0,4,75800.0,77900.0,75581.43936983657,874.2425206536767
042660.KS,042660,KOSPI,한화오션,KRLEVEL_RR|042660|8T|2825|2826|2827,2825,2826,2827,79450.0,8,79000.0,79600.0,78757.42249827734,970.3100068906423
042660.KS,042660,KOSPI,한화오션,KRLEVEL_RR|042660|3T|2846|2847|2848,2846,2847,2848,86600.0,3,83200.0,86700.0,82825.23976626447,1499.0409349421363
042660.KS,042660,KOSPI,한화오션,KRLEVEL_RR|042660|3T|2961|2964|2965,2961,2964,2965,110400.0,3,99100.0,109500.0,98566.45355883703,2134.185764651881
042660.KS,042660,KOSPI,한화오션,KRLEVEL_RR|042660|2T|2984|2986|2988,2984,2986,2988,108350.0,2,107200.0,108400.0,106614.46252657301,2342.149893707935
042660.KS,042660,KOSPI,한화오션,KRLEVEL_RR|042660|2T|3003|3006|3008,3003,3006,3008,114550.0,2,108800.0,114700.0,108212.22214952444,2351.111401902229
042660.KS,042660,KOSPI,한화오션,KRLEVEL_RR|042660|2T|3049|3054|3055,3049,3054,3055,110250.0,2,108500.0,110400.0,108213.9961753931,1144.0152984276056
042660.KS,042660,KOSPI,한화오션,KRLEVEL_RR|042660|2T|3068|3072|3074,3068,3072,3074,110950.0,2,109400.0,110100.0,109063.34613530438,1346.6154587824553
042660.KS,042660,KOSPI,한화오션,KRLEVEL_RR|042660|2T|3108|3109|3110,3108,3109,3110,110250.0,2,109700.0,110200.0,109422.15571483404,1111.3771406638336
042660.KS,042660,KOSPI,한화오션,KRLEVEL_RR|042660|2T|3170|3174|3175,3170,3174,3175,108350.0,2,99600.0,107700.0,99150.3208934125,1798.7164263500242
042660.KS,042660,KOSPI,한화오션,KRLEVEL_RR|042660|3T|3188|3189|3191,3188,3189,3191,116400.0,3,105500.0,116000.0,104963.97294453841,2144.1082218463594
042660.KS,042660,KOSPI,한화오션,KRLEVEL_RR|042660|3T|3301|3302|3303,3301,3302,3303,129900.0,3,125700.0,130000.0,125048.92618167792,2604.2952732883305
042660.KS,042660,KOSPI,한화오션,KRLEVEL_RR|042660|2T|3391|3392|3394,3391,3392,3394,111400.0,2,105700.0,111300.0,105370.02919132689,1319.8832346924196
042660.KS,042660,KOSPI,한화오션,KRLEVEL_RR|042660|2T|3459|3460|3461,3459,3460,3461,121100.0,2,110100.0,121600.0,109576.12215498695,2095.511380052218
042660.KS,042660,KOSPI,한화오션,KRLEVEL_RR|042660|2T|3490|3491|3492,3490,3491,3492,113800.0,2,111500.0,113600.0,111095.97810112787,1616.087595488534
042660.KS,042660,KOSPI,한화오션,KRLEVEL_RR|042660|3T|3504|3508|3510,3504,3508,3510,121100.0,3,115800.0,118900.0,115236.73286101167,2253.068555953354
042660.KS,042660,KOSPI,한화오션,KRLEVEL_RR|042660|2T|3521|3522|3523,3521,3522,3523,133750.0,2,127100.0,133700.0,126332.10970335305,3071.5611865877686
042660.KS,042660,KOSPI,한화오션,KRLEVEL_RR|042660|5T|3623|3626|3628,3623,3626,3628,142300.0,5,132100.0,141600.0,131513.10740118823,2347.570395247116
042660.KS,042660,KOSPI,한화오션,KRLEVEL_RR|042660|4T|3677|3679|3680,3677,3679,3680,143700.0,4,128500.0,142800.0,127966.04104942527,2135.835802298889
042660.KS,042660,KOSPI,한화오션,KRLEVEL_RR|042660|6T|3691|3692|3694,3691,3692,3694,142400.0,6,128500.0,142300.0,127973.83203797093,2104.6718481162393
042660.KS,042660,KOSPI,한화오션,KRLEVEL_RR|042660|2T|3749|3751|3752,3749,3751,3752,135850.0,2,120600.0,136500.0,119640.07260700436,3839.709571982543
042660.KS,042660,KOSPI,한화오션,KRLEVEL_RR|042660|3T|3770|3771|3773,3770,3771,3773,131400.0,3,131000.0,131600.0,130326.56917171694,2693.723313132254
042660.KS,042660,KOSPI,한화오션,KRLEVEL_RR|042660|3T|3840|3841|3843,3840,3841,3843,124800.0,3,115100.0,124500.0,114439.51333910786,2641.9466435685927
042660.KS,042660,KOSPI,한화오션,KRLEVEL_RR|042660|2T|3899|3904|3905,3899,3904,3905,125500.0,2,120100.0,125100.0,119725.96251105248,1496.149955790058
042660.KS,042660,KOSPI,한화오션,KRLEVEL_RR|042660|6T|3923|3924|3925,3923,3924,3925,131700.0,6,128400.0,130600.0,127930.14179210017,1879.4328315992936
042660.KS,042660,KOSPI,한화오션,KRLEVEL_RR|042660|2T|4044|4049|4050,4044,4049,4050,123050.0,2,108000.0,123300.0,107148.21337074462,3407.1465170215115
042660.KS,042660,KOSPI,한화오션,KRLEVEL_RR|042660|3T|4122|4125|4127,4122,4125,4127,113300.0,3,101800.0,114100.0,100884.51325154488,3661.9469938204793
042660.KS,042660,KOSPI,한화오션,KRLEVEL_RR|042660|3T|4283|4289|4290,4283,4289,4290,83400.0,3,78700.0,82100.0,78165.16184286677,2139.3526285329
042660.KS,042660,KOSPI,한화오션,KRLEVEL_RR|042660|4T|4325|4328|4330,4325,4328,4330,83500.0,4,71300.0,83100.0,70637.68153845245,2649.2738461901877
042660.KS,042660,KOSPI,한화오션,KRLEVEL_RR|042660|3T|4341|4342|4343,4341,4342,4343,86500.0,3,81500.0,86200.0,80973.8843403853,2104.4626384587987
000810.KS,000810,KOSPI,삼성화재,KRLEVEL_RR|000810|5T|266|268|270,266,268,270,257000.0,5,256000.0,257000.0,255282.15700976868,2871.3719609252644
000810.KS,000810,KOSPI,삼성화재,KRLEVEL_RR|000810|2T|378|380|382,378,380,382,249750.0,2,239000.0,249500.0,238352.45483372032,2590.1806651187476
000810.KS,000810,KOSPI,삼성화재,KRLEVEL_RR|000810|3T|412|418|419,412,418,419,249500.0,3,245000.0,247500.0,244451.32362879778,2194.70548480887
000810.KS,000810,KOSPI,삼성화재,KRLEVEL_RR|000810|7T|438|439|440,438,439,440,262000.0,7,247500.0,260500.0,246825.5172820218,2697.930871912715
000810.KS,000810,KOSPI,삼성화재,KRLEVEL_RR|000810|2T|516|521|522,516,521,522,255250.0,2,254000.0,254500.0,253382.640380128,2469.438479488028
000810.KS,000810,KOSPI,삼성화재,KRLEVEL_RR|000810|2T|552|553|555,552,553,555,255250.0,2,254500.0,255000.0,254092.53967252563,1629.841309897532
000810.KS,000810,KOSPI,삼성화재,KRLEVEL_RR|000810|2T|568|569|571,568,569,571,255250.0,2,253000.0,254500.0,252518.75244200788,1924.9902319684925
000810.KS,000810,KOSPI,삼성화재,KRLEVEL_RR|000810|2T|621|622|623,621,622,623,248750.0,2,246500.0,247500.0,245980.8142716627,2076.742913349208
000810.KS,000810,KOSPI,삼성화재,KRLEVEL_RR|000810|2T|694|698|699,694,698,699,255000.0,2,240000.0,253500.0,239355.1396967701,2579.441212919697
000810.KS,000810,KOSPI,삼성화재,KRLEVEL_RR|000810|2T|717|720|721,717,720,721,298250.0,2,287500.0,295500.0,286082.96334139013,5668.146634439434
000810.KS,000810,KOSPI,삼성화재,KRLEVEL_RR|000810|2T|732|734|736,732,734,736,298250.0,2,291500.0,299000.0,290160.4349082603,5358.260366958746
000810.KS,000810,KOSPI,삼성화재,KRLEVEL_RR|000810|5T|818|820|821,818,820,821,298000.0,5,285500.0,288000.0,284085.8470179566,5656.611928173544
000810.KS,000810,KOSPI,삼성화재,KRLEVEL_RR|000810|5T|835|837|838,835,837,838,298000.0,5,298500.0,299000.0,297262.1439807646,4951.424076941456
000810.KS,000810,KOSPI,삼성화재,KRLEVEL_RR|000810|2T|852|855|856,852,855,856,313000.0,2,297500.0,311500.0,296277.86376843223,4888.544926270969
000810.KS,000810,KOSPI,삼성화재,KRLEVEL_RR|000810|4T|892|896|898,892,896,898,313500.0,4,307500.0,314000.0,306124.5273144836,5501.89074206565
000810.KS,000810,KOSPI,삼성화재,KRLEVEL_RR|000810|4T|970|971|972,970,971,972,306250.0,4,299000.0,306000.0,297970.0811359436,4119.67545622572
000810.KS,000810,KOSPI,삼성화재,KRLEVEL_RR|000810|2T|1025|1028|1030,1025,1028,1030,301250.0,2,272500.0,298500.0,271221.73388993664,5113.064440253371
000810.KS,000810,KOSPI,삼성화재,KRLEVEL_RR|000810|2T|1048|1054|1055,1048,1054,1055,307750.0,2,292500.0,303500.0,291274.81430077524,4900.742796899113
000810.KS,000810,KOSPI,삼성화재,KRLEVEL_RR|000810|5T|1089|1095|1096,1089,1095,1096,314000.0,5,302000.0,311500.0,300915.8993936812,4336.402425275088
000810.KS,000810,KOSPI,삼성화재,KRLEVEL_RR|000810|4T|1282|1283|1284,1282,1283,1284,357250.0,4,352000.0,356000.0,350791.97884886654,4832.084604533844
000810.KS,000810,KOSPI,삼성화재,KRLEVEL_RR|000810|5T|1318|1322|1324,1318,1322,1324,375000.0,5,366000.0,374000.0,364357.42192077776,6570.312316889023
000810.KS,000810,KOSPI,삼성화재,KRLEVEL_RR|000810|2T|1343|1344|1345,1343,1344,1345,369500.0,2,359000.0,370000.0,357770.8283072219,4916.686771112447
000810.KS,000810,KOSPI,삼성화재,KRLEVEL_RR|000810|5T|1358|1359|1360,1358,1359,1360,375000.0,5,369000.0,374000.0,367631.932645492,5472.2694180319295
000810.KS,000810,KOSPI,삼성화재,KRLEVEL_RR|000810|2T|1429|1430|1432,1429,1430,1432,359750.0,2,348000.0,359500.0,346741.6198128607,5033.520748557183
000810.KS,000810,KOSPI,삼성화재,KRLEVEL_RR|000810|4T|1459|1461|1462,1459,1461,1462,338250.0,4,324000.0,331500.0,322074.26471870363,7702.941125185416
000810.KS,000810,KOSPI,삼성화재,KRLEVEL_RR|000810|5T|1564|1566|1567,1564,1566,1567,353500.0,5,334500.0,351000.0,333333.0713575318,4667.7145698727545
000810.KS,000810,KOSPI,삼성화재,KRLEVEL_RR|000810|4T|1618|1621|1623,1618,1621,1623,349750.0,4,338000.0,348000.0,337001.56102070166,3993.755917193297
000810.KS,000810,KOSPI,삼성화재,KRLEVEL_RR|000810|5T|1644|1645|1646,1644,1645,1646,353500.0,5,353000.0,353500.0,351877.0777461862,4491.689015255252
000810.KS,000810,KOSPI,삼성화재,KRLEVEL_RR|000810|2T|1709|1710|1711,1709,1710,1711,349500.0,2,324500.0,350000.0,323510.23576712195,3959.0569315121934
000810.KS,000810,KOSPI,삼성화재,KRLEVEL_RR|000810|2T|1736|1742|1744,1736,1742,1744,349500.0,2,346000.0,348500.0,345099.3259052799,3602.696378880376
000810.KS,000810,KOSPI,삼성화재,KRLEVEL_RR|000810|2T|1807|1811|1812,1807,1811,1812,345000.0,2,336500.0,341500.0,335463.28681182343,4146.85275270637
000810.KS,000810,KOSPI,삼성화재,KRLEVEL_RR|000810|2T|1826|1830|1832,1826,1830,1832,345000.0,2,342500.0,344000.0,341684.22256408987,3263.1097436405926
000810.KS,000810,KOSPI,삼성화재,KRLEVEL_RR|000810|2T|1909|1910|1911,1909,1910,1911,388250.0,2,384000.0,385000.0,382728.1790923819,5087.28363047229
000810.KS,000810,KOSPI,삼성화재,KRLEVEL_RR|000810|2T|1959|1964|1965,1959,1964,1965,370750.0,2,359000.0,369000.0,357656.78061051614,5372.87755793554
000810.KS,000810,KOSPI,삼성화재,KRLEVEL_RR|000810|2T|2088|2089|2090,2088,2089,2090,359500.0,2,356500.0,358500.0,355584.4158441897,3662.3366232412222
000810.KS,000810,KOSPI,삼성화재,KRLEVEL_RR|000810|12T|2143|2147|2149,2143,2147,2149,371500.0,12,340000.0,369500.0,338567.2297284592,5731.0810861631835
000810.KS,000810,KOSPI,삼성화재,KRLEVEL_RR|000810|3T|2186|2187|2189,2186,2187,2189,369500.0,3,365500.0,368500.0,364490.7675130612,4036.9299477553814
000810.KS,000810,KOSPI,삼성화재,KRLEVEL_RR|000810|2T|2200|2201|2202,2200,2201,2202,383250.0,2,356500.0,384000.0,355064.8704754169,5740.518098332409
000810.KS,000810,KOSPI,삼성화재,KRLEVEL_RR|000810|2T|2270|2272|2273,2270,2272,2273,383250.0,2,378000.0,379000.0,376772.61509065784,4909.539637368701
000810.KS,000810,KOSPI,삼성화재,KRLEVEL_RR|000810|3T|2289|2290|2292,2289,2290,2292,388000.0,3,379000.0,387500.0,377804.9532623108,4780.186950756807
000810.KS,000810,KOSPI,삼성화재,KRLEVEL_RR|000810|2T|2321|2322|2323,2321,2322,2323,383250.0,2,376500.0,383000.0,375489.14985565207,4043.400577391673
000810.KS,000810,KOSPI,삼성화재,KRLEVEL_RR|000810|2T|2335|2337|2338,2335,2337,2338,395250.0,2,376500.0,393500.0,375532.86900403607,3868.5239838557036
000810.KS,000810,KOSPI,삼성화재,KRLEVEL_RR|000810|2T|2475|2478|2480,2475,2478,2480,354500.0,2,348500.0,354500.0,347619.4754627672,3522.0981489312308
000810.KS,000810,KOSPI,삼성화재,KRLEVEL_RR|000810|3T|2499|2502|2504,2499,2502,2504,363000.0,3,354500.0,362500.0,353812.8292885116,2748.6828459535973
000810.KS,000810,KOSPI,삼성화재,KRLEVEL_RR|000810|2T|2585|2586|2588,2585,2586,2588,371250.0,2,367000.0,371000.0,366151.8170111506,3392.7319553975526
000810.KS,000810,KOSPI,삼성화재,KRLEVEL_RR|000810|2T|2714|2716|2717,2714,2716,2717,432500.0,2,420500.0,433500.0,419127.29271978635,5490.829120854539
000810.KS,000810,KOSPI,삼성화재,KRLEVEL_RR|000810|2T|2774|2776|2778,2774,2776,2778,452750.0,2,434500.0,452000.0,433210.67806696054,5157.2877321578835
000810.KS,000810,KOSPI,삼성화재,KRLEVEL_RR|000810|2T|2895|2897|2898,2895,2897,2898,432500.0,2,412000.0,429500.0,410850.5216215364,4597.913513854414
000810.KS,000810,KOSPI,삼성화재,KRLEVEL_RR|000810|2T|2960|2961|2963,2960,2961,2963,438500.0,2,432000.0,438500.0,430941.3201260414,4234.7194958344335
000810.KS,000810,KOSPI,삼성화재,KRLEVEL_RR|000810|2T|2997|3002|3004,2997,3002,3004,449000.0,2,435500.0,444000.0,434462.4289830232,4150.2840679071205
000810.KS,000810,KOSPI,삼성화재,KRLEVEL_RR|000810|2T|3033|3038|3039,3033,3038,3039,460750.0,2,448500.0,458500.0,447440.6321641541,4237.4713433835805
000810.KS,000810,KOSPI,삼성화재,KRLEVEL_RR|000810|2T|3053|3054|3055,3053,3054,3055,467750.0,2,461000.0,468000.0,459953.19341502927,4187.226339882924
000810.KS,000810,KOSPI,삼성화재,KRLEVEL_RR|000810|7T|3153|3156|3157,3153,3156,3157,446000.0,7,441000.0,445000.0,439963.9387505037,4144.244997985111
000810.KS,000810,KOSPI,삼성화재,KRLEVEL_RR|000810|2T|3200|3201|3202,3200,3201,3202,454250.0,2,446500.0,454500.0,445414.761688488,4340.953246047942
000810.KS,000810,KOSPI,삼성화재,KRLEVEL_RR|000810|5T|3256|3257|3259,3256,3257,3259,450000.0,5,438000.0,450000.0,436675.98763149854,5296.049474005873
000810.KS,000810,KOSPI,삼성화재,KRLEVEL_RR|000810|3T|3343|3344|3345,3343,3344,3345,478000.0,3,464000.0,477000.0,462378.5952032466,6485.619187013757
000810.KS,000810,KOSPI,삼성화재,KRLEVEL_RR|000810|3T|3452|3454|3455,3452,3454,3455,493000.0,3,483000.0,493500.0,482065.47829781694,3738.08680873219
000810.KS,000810,KOSPI,삼성화재,KRLEVEL_RR|000810|3T|3476|3480|3481,3476,3480,3481,493000.0,3,492000.0,493000.0,491115.6203290868,3537.5186836529233
000810.KS,000810,KOSPI,삼성화재,KRLEVEL_RR|000810|3T|3555|3556|3557,3555,3556,3557,478500.0,3,466000.0,479500.0,464555.15258646436,5779.389654142488
000810.KS,000810,KOSPI,삼성화재,KRLEVEL_RR|000810|3T|3602|3603|3604,3602,3603,3604,493000.0,3,480000.0,493500.0,478701.8049056881,5192.780377247579
000810.KS,000810,KOSPI,삼성화재,KRLEVEL_RR|000810|4T|3624|3625|3627,3624,3625,3627,503500.0,4,486500.0,504000.0,484708.2207134182,7167.117146327207
000810.KS,000810,KOSPI,삼성화재,KRLEVEL_RR|000810|2T|3725|3728|3729,3725,3728,3729,484000.0,2,459500.0,487000.0,456309.2139418395,12763.144232641807
000810.KS,000810,KOSPI,삼성화재,KRLEVEL_RR|000810|2T|3743|3748|3749,3743,3748,3749,484000.0,2,452500.0,481000.0,449555.2332691048,11779.066923580938
000810.KS,000810,KOSPI,삼성화재,KRLEVEL_RR|000810|2T|3807|3808|3809,3807,3808,3809,479250.0,2,454000.0,476500.0,451952.4858972071,8190.056411171619
000810.KS,000810,KOSPI,삼성화재,KRLEVEL_RR|000810|2T|3876|3880|3881,3876,3880,3881,461750.0,2,442500.0,458500.0,440776.5706610699,6893.717355720466
000810.KS,000810,KOSPI,삼성화재,KRLEVEL_RR|000810|2T|3893|3897|3898,3893,3897,3898,481250.0,2,460500.0,478500.0,458891.666966291,6433.332134835989
000810.KS,000810,KOSPI,삼성화재,KRLEVEL_RR|000810|2T|3940|3941|3943,3940,3941,3943,454750.0,2,451000.0,452500.0,449758.80944708025,4964.76221167897
000810.KS,000810,KOSPI,삼성화재,KRLEVEL_RR|000810|2T|3966|3967|3969,3966,3967,3969,465250.0,2,457500.0,465000.0,456212.2816500808,5150.873399676722
000810.KS,000810,KOSPI,삼성화재,KRLEVEL_RR|000810|2T|3982|3984|3986,3982,3984,3986,488750.0,2,475500.0,478000.0,473417.4353885708,8330.258445716714
000810.KS,000810,KOSPI,삼성화재,KRLEVEL_RR|000810|2T|3997|4002|4003,3997,4002,4003,501000.0,2,472000.0,490000.0,469459.9909384937,10160.036246025258
000810.KS,000810,KOSPI,삼성화재,KRLEVEL_RR|000810|5T|4043|4048|4050,4043,4048,4050,566000.0,5,526000.0,566000.0,523025.53000662813,11897.879973487425
000810.KS,000810,KOSPI,삼성화재,KRLEVEL_RR|000810|6T|4071|4072|4073,4071,4072,4073,566000.0,6,536000.0,565000.0,532542.5091905028,13829.963237988792
000810.KS,000810,KOSPI,삼성화재,KRLEVEL_RR|000810|2T|4118|4119|4121,4118,4119,4121,635000.0,2,597000.0,636000.0,592134.1235852963,19463.505658814775
000810.KS,000810,KOSPI,삼성화재,KRLEVEL_RR|000810|4T|4213|4215|4217,4213,4215,4217,632500.0,4,597000.0,633000.0,593209.5632820043,15161.746871982561
000810.KS,000810,KOSPI,삼성화재,KRLEVEL_RR|000810|2T|4256|4257|4259,4256,4257,4259,639000.0,2,627000.0,635000.0,623184.9194737136,15260.322105145731
000810.KS,000810,KOSPI,삼성화재,KRLEVEL_RR|000810|5T|4283|4284|4286,4283,4284,4286,633000.0,5,584000.0,635000.0,579969.774117056,16120.903531776023
000810.KS,000810,KOSPI,삼성화재,KRLEVEL_RR|000810|2T|4301|4303|4305,4301,4303,4305,639000.0,2,621000.0,638000.0,618069.5518385889,11721.792645644315
000810.KS,000810,KOSPI,삼성화재,KRLEVEL_RR|000810|9T|4344|4346|4348,4344,4346,4348,633000.0,9,602000.0,632000.0,598981.1656501924,12075.33739923056
298040.KS,298040,KOSPI,효성중공업,KRLEVEL_RR|298040|2T|258|262|264,258,262,264,179650.0,2,170100.0,176000.0,169105.6657077775,3977.3371688900525
298040.KS,298040,KOSPI,효성중공업,KRLEVEL_RR|298040|2T|292|295|296,292,295,296,165650.0,2,152800.0,165100.0,151641.48232539973,4634.070698401046
298040.KS,298040,KOSPI,효성중공업,KRLEVEL_RR|298040|2T|330|335|337,330,335,337,181600.0,2,174100.0,181600.0,173167.80326969168,3728.7869212333153
298040.KS,298040,KOSPI,효성중공업,KRLEVEL_RR|298040|3T|348|351|353,348,351,353,179600.0,3,174800.0,178200.0,174062.12756666285,2951.489733348588
298040.KS,298040,KOSPI,효성중공업,KRLEVEL_RR|298040|5T|373|376|378,373,376,378,191500.0,5,182100.0,191800.0,181147.53204068093,3809.8718372762746
298040.KS,298040,KOSPI,효성중공업,KRLEVEL_RR|298040|2T|437|439|440,437,439,440,198800.0,2,188200.0,199500.0,187452.66395117913,2989.344195283476
298040.KS,298040,KOSPI,효성중공업,KRLEVEL_RR|298040|2T|591|596|598,591,596,598,169150.0,2,163500.0,168600.0,162806.74351920735,2773.0259231705904
298040.KS,298040,KOSPI,효성중공업,KRLEVEL_RR|298040|3T|611|614|616,611,614,616,177500.0,3,172900.0,177000.0,172208.21746594753,2767.1301362099093
298040.KS,298040,KOSPI,효성중공업,KRLEVEL_RR|298040|3T|648|649|651,648,649,651,177500.0,3,166000.0,178000.0,165228.06489631298,3087.7404147480556
298040.KS,298040,KOSPI,효성중공업,KRLEVEL_RR|298040|3T|665|666|667,665,666,667,178900.0,3,172900.0,179000.0,172073.06131324734,3307.754747010637
298040.KS,298040,KOSPI,효성중공업,KRLEVEL_RR|298040|3T|679|680|681,679,680,681,187000.0,3,182200.0,186100.0,181407.6458811766,3169.4164752935712
298040.KS,298040,KOSPI,효성중공업,KRLEVEL_RR|298040|3T|754|756|758,754,756,758,170900.0,3,159600.0,170100.0,159040.74044117017,2237.0382353193686
298040.KS,298040,KOSPI,효성중공업,KRLEVEL_RR|298040|2T|772|774|775,772,774,775,181100.0,2,170800.0,179200.0,169986.77676845764,3252.892926169453
298040.KS,298040,KOSPI,효성중공업,KRLEVEL_RR|298040|3T|796|798|799,796,798,799,189300.0,3,180700.0,189000.0,179834.93459582687,3460.2616166925636
298040.KS,298040,KOSPI,효성중공업,KRLEVEL_RR|298040|3T|811|812|813,811,812,813,189300.0,3,183600.0,189000.0,182668.64878993988,3725.4048402404933
298040.KS,298040,KOSPI,효성중공업,KRLEVEL_RR|298040|3T|862|866|868,862,866,868,236000.0,3,221500.0,235000.0,219843.41751399322,6626.329944027175
298040.KS,298040,KOSPI,효성중공업,KRLEVEL_RR|298040|2T|891|896|898,891,896,898,240750.0,2,236500.0,239000.0,235038.46695379005,5846.132184839839
298040.KS,298040,KOSPI,효성중공업,KRLEVEL_RR|298040|3T|919|920|922,919,920,922,236000.0,3,227000.0,236000.0,225583.58700550877,5665.651977964929
298040.KS,298040,KOSPI,효성중공업,KRLEVEL_RR|298040|3T|987|989|991,987,989,991,320000.0,3,294500.0,310500.0,291741.76056223933,11032.957751042683
298040.KS,298040,KOSPI,효성중공업,KRLEVEL_RR|298040|2T|1010|1011|1012,1010,1011,1012,307750.0,2,282500.0,308000.0,279583.28642072505,11666.854317099735
298040.KS,298040,KOSPI,효성중공업,KRLEVEL_RR|298040|7T|1050|1052|1054,1050,1052,1054,291500.0,7,261000.0,287500.0,258465.75165347883,10136.993386084678
298040.KS,298040,KOSPI,효성중공업,KRLEVEL_RR|298040|3T|1090|1091|1093,1090,1091,1093,313500.0,3,294000.0,311000.0,292177.290714985,7290.837140060112
298040.KS,298040,KOSPI,효성중공업,KRLEVEL_RR|298040|4T|1117|1118|1120,1117,1118,1120,307750.0,4,301000.0,307500.0,297741.9038989688,13032.384404124601
298040.KS,298040,KOSPI,효성중공업,KRLEVEL_RR|298040|2T|1156|1159|1160,1156,1159,1160,432750.0,2,385500.0,427500.0,381881.7306311598,14473.077475360838
298040.KS,298040,KOSPI,효성중공업,KRLEVEL_RR|298040|2T|1180|1184|1185,1180,1184,1185,432750.0,2,423000.0,424000.0,419994.210502508,12023.157989968026
298040.KS,298040,KOSPI,효성중공업,KRLEVEL_RR|298040|2T|1239|1242|1244,1239,1242,1244,375250.0,2,365000.0,374500.0,362993.59581565775,8025.616737368985
298040.KS,298040,KOSPI,효성중공업,KRLEVEL_RR|298040|2T|1330|1331|1333,1330,1331,1333,319000.0,2,304500.0,317500.0,302550.8457285165,7796.6170859339645
298040.KS,298040,KOSPI,효성중공업,KRLEVEL_RR|298040|3T|1344|1346|1347,1344,1346,1347,367000.0,3,341000.0,367500.0,338978.02569160366,8087.897233585421
298040.KS,298040,KOSPI,효성중공업,KRLEVEL_RR|298040|2T|1400|1401|1402,1400,1401,1402,352000.0,2,315500.0,348500.0,312510.8286738493,11956.685304602748
298040.KS,298040,KOSPI,효성중공업,KRLEVEL_RR|298040|2T|1414|1416|1417,1414,1416,1417,337000.0,2,329000.0,338000.0,326338.88982804096,10644.440687836042
298040.KS,298040,KOSPI,효성중공업,KRLEVEL_RR|298040|2T|1511|1514|1516,1511,1514,1516,326000.0,2,302000.0,326500.0,300221.9092798182,7112.362880727184
298040.KS,298040,KOSPI,효성중공업,KRLEVEL_RR|298040|3T|1622|1623|1624,1622,1623,1624,292000.0,3,285500.0,290000.0,283886.9962007841,6452.015196863609
298040.KS,298040,KOSPI,효성중공업,KRLEVEL_RR|298040|3T|1649|1655|1656,1649,1655,1656,351000.0,3,313000.0,346500.0,311018.2025358853,7927.189856458619
298040.KS,298040,KOSPI,효성중공업,KRLEVEL_RR|298040|2T|1690|1694|1695,1690,1694,1695,365750.0,2,342500.0,363000.0,340919.1681051183,6323.327579526592
298040.KS,298040,KOSPI,효성중공업,KRLEVEL_RR|298040|4T|1762|1768|1769,1762,1768,1769,396000.0,4,382000.0,391500.0,380036.8609474069,7852.556210372334
298040.KS,298040,KOSPI,효성중공업,KRLEVEL_RR|298040|5T|1793|1794|1796,1793,1794,1796,407500.0,5,394000.0,408000.0,392033.40210256487,7866.391589740529
298040.KS,298040,KOSPI,효성중공업,KRLEVEL_RR|298040|2T|1828|1829|1830,1828,1829,1830,481500.0,2,456500.0,483500.0,453648.54908170283,11405.803673188566
298040.KS,298040,KOSPI,효성중공업,KRLEVEL_RR|298040|4T|1894|1896|1898,1894,1896,1898,396000.0,4,390500.0,393500.0,387992.4840506815,10030.06379727381
298040.KS,298040,KOSPI,효성중공업,KRLEVEL_RR|298040|4T|1910|1912|1913,1910,1912,1913,396000.0,4,384000.0,388500.0,381820.1338944214,8719.464422314453
298040.KS,298040,KOSPI,효성중공업,KRLEVEL_RR|298040|3T|1924|1926|1928,1924,1926,1928,418500.0,3,388500.0,417000.0,386338.6712574235,8645.314970305984
298040.KS,298040,KOSPI,효성중공업,KRLEVEL_RR|298040|3T|1950|1951|1953,1950,1951,1953,418500.0,3,410500.0,415000.0,408216.4365596139,9134.2537615444
298040.KS,298040,KOSPI,효성중공업,KRLEVEL_RR|298040|4T|1971|1972|1974,1971,1972,1974,443750.0,4,415500.0,438000.0,413458.2919634672,8166.83214613127
298040.KS,298040,KOSPI,효성중공업,KRLEVEL_RR|298040|2T|2037|2039|2040,2037,2039,2040,403250.0,2,375500.0,404500.0,373745.8899580648,7016.440167740764
298040.KS,298040,KOSPI,효성중공업,KRLEVEL_RR|298040|2T|2065|2066|2068,2065,2066,2068,416750.0,2,412000.0,413000.0,410385.20576086413,6459.176956543518
298040.KS,298040,KOSPI,효성중공업,KRLEVEL_RR|298040|3T|2089|2090|2091,2089,2090,2091,422500.0,3,416500.0,420000.0,414645.4868184666,7418.052726133491
298040.KS,298040,KOSPI,효성중공업,KRLEVEL_RR|298040|2T|2116|2118|2120,2116,2118,2120,463000.0,2,447500.0,464000.0,444632.53550615977,11469.857975360826
298040.KS,298040,KOSPI,효성중공업,KRLEVEL_RR|298040|3T|2266|2267|2268,2266,2267,2268,435000.0,3,430500.0,432000.0,428514.4850764923,7942.059694030869
298040.KS,298040,KOSPI,효성중공업,KRLEVEL_RR|298040|3T|2306|2312|2313,2306,2312,2313,434000.0,3,402000.0,428500.0,399956.31421414635,8174.743143414667
298040.KS,298040,KOSPI,효성중공업,KRLEVEL_RR|298040|2T|2346|2348|2349,2346,2348,2349,453000.0,2,447500.0,448500.0,445921.17183793866,6315.312648245299
298040.KS,298040,KOSPI,효성중공업,KRLEVEL_RR|298040|2T|2361|2362|2363,2361,2362,2363,459750.0,2,448500.0,461000.0,446203.17773908447,9187.289043662166
298040.KS,298040,KOSPI,효성중공업,KRLEVEL_RR|298040|3T|2426|2429|2431,2426,2429,2431,427500.0,3,393500.0,428000.0,391197.5859718642,9209.656112543222
298040.KS,298040,KOSPI,효성중공업,KRLEVEL_RR|298040|3T|2442|2443|2444,2442,2443,2444,437000.0,3,420500.0,437000.0,418295.6261674227,8817.495330309164
298040.KS,298040,KOSPI,효성중공업,KRLEVEL_RR|298040|3T|2458|2460|2462,2458,2460,2462,470000.0,3,459500.0,471000.0,457641.9547755539,7432.180897784436
298040.KS,298040,KOSPI,효성중공업,KRLEVEL_RR|298040|2T|2492|2494|2495,2492,2494,2495,452500.0,2,435500.0,451000.0,433451.7170354815,8193.131858074219
298040.KS,298040,KOSPI,효성중공업,KRLEVEL_RR|298040|2T|2552|2555|2556,2552,2555,2556,540500.0,2,521000.0,540000.0,518544.99088493024,9820.036460278932
298040.KS,298040,KOSPI,효성중공업,KRLEVEL_RR|298040|2T|2606|2609|2611,2606,2609,2611,599000.0,2,591000.0,597000.0,588634.6850663075,9461.259734769823
298040.KS,298040,KOSPI,효성중공업,KRLEVEL_RR|298040|2T|2649|2653|2655,2649,2653,2655,664500.0,2,644000.0,666000.0,641287.3411684586,10850.635326165497
298040.KS,298040,KOSPI,효성중공업,KRLEVEL_RR|298040|2T|2729|2730|2732,2729,2730,2732,852500.0,2,809000.0,848000.0,805113.6988588662,15545.204564534839
298040.KS,298040,KOSPI,효성중공업,KRLEVEL_RR|298040|3T|2778|2781|2782,2778,2781,2782,921000.0,3,860000.0,912000.0,853641.3999847403,25434.400061038847
298040.KS,298040,KOSPI,효성중공업,KRLEVEL_RR|298040|2T|2846|2852|2853,2846,2852,2853,1085000.0,2,1030000.0,1086000.0,1024648.6888976707,21405.2444093172
298040.KS,298040,KOSPI,효성중공업,KRLEVEL_RR|298040|2T|2962|2964|2966,2962,2964,2966,1136000.0,2,1073000.0,1132000.0,1066680.335497482,25278.658010071827
298040.KS,298040,KOSPI,효성중공업,KRLEVEL_RR|298040|2T|3008|3011|3013,3008,3011,3013,1226500.0,2,1218000.0,1226000.0,1214746.5018102012,13013.992759194996
298040.KS,298040,KOSPI,효성중공업,KRLEVEL_RR|298040|3T|3040|3041|3043,3040,3041,3043,1240000.0,3,1187000.0,1237000.0,1183528.1681570567,13887.327371773134
298040.KS,298040,KOSPI,효성중공업,KRLEVEL_RR|298040|2T|3087|3088|3090,3087,3088,3090,1402500.0,2,1372000.0,1401000.0,1368023.815855249,15904.736579003284
298040.KS,298040,KOSPI,효성중공업,KRLEVEL_RR|298040|4T|3140|3143|3145,3140,3143,3145,1401500.0,4,1338000.0,1405000.0,1333572.526074215,17709.895703139355
298040.KS,298040,KOSPI,효성중공업,KRLEVEL_RR|298040|3T|3158|3164|3165,3158,3164,3165,1497000.0,3,1403000.0,1475000.0,1395029.666572568,31881.333709727794
298040.KS,298040,KOSPI,효성중공업,KRLEVEL_RR|298040|2T|3188|3194|3195,3188,3194,3195,1686500.0,2,1570000.0,1685000.0,1561967.9281986197,32128.287205521447
298040.KS,298040,KOSPI,효성중공업,KRLEVEL_RR|298040|2T|3224|3228|3230,3224,3228,3230,1964500.0,2,1880000.0,1966000.0,1870564.2665492902,37742.93380283979
298040.KS,298040,KOSPI,효성중공업,KRLEVEL_RR|298040|2T|3389|3393|3394,3389,3393,3394,1964500.0,2,1823000.0,1943000.0,1814358.305607884,34566.777568463825
298040.KS,298040,KOSPI,효성중공업,KRLEVEL_RR|298040|2T|3407|3408|3409,3407,3408,3409,1934500.0,2,1920000.0,1933000.0,1912263.8714572557,30944.514170977673
298040.KS,298040,KOSPI,효성중공업,KRLEVEL_RR|298040|2T|3491|3492|3493,3491,3492,3493,1837500.0,2,1736000.0,1832000.0,1729826.1629754878,24695.3480980493
298040.KS,298040,KOSPI,효성중공업,KRLEVEL_RR|298040|3T|3513|3514|3516,3513,3514,3516,1838000.0,3,1809000.0,1839000.0,1801970.26744345,28118.930226200046
298040.KS,298040,KOSPI,효성중공업,KRLEVEL_RR|298040|2T|3533|3535|3536,3533,3535,3536,2056000.0,2,1833000.0,2043000.0,1822168.3815661608,43326.47373535632
298040.KS,298040,KOSPI,효성중공업,KRLEVEL_RR|298040|2T|3571|3573|3575,3571,3573,3575,2373000.0,2,2260000.0,2342000.0,2246030.3460543384,55878.61578264576
298040.KS,298040,KOSPI,효성중공업,KRLEVEL_RR|298040|6T|3654|3655|3656,3654,3655,3656,2398000.0,6,2165000.0,2402000.0,2153575.3454586477,45698.618165408625
298040.KS,298040,KOSPI,효성중공업,KRLEVEL_RR|298040|2T|3671|3677|3678,3671,3677,3678,2471000.0,2,2350000.0,2449000.0,2340471.407916638,38114.368333447805
298040.KS,298040,KOSPI,효성중공업,KRLEVEL_RR|298040|4T|3733|3734|3736,3733,3734,3736,2436500.0,4,2220000.0,2436000.0,2199764.1554954085,80943.37801836697
298040.KS,298040,KOSPI,효성중공업,KRLEVEL_RR|298040|3T|3779|3780|3781,3779,3780,3781,2671000.0,3,2464000.0,2653000.0,2451159.3608637624,51362.55654495109
298040.KS,298040,KOSPI,효성중공업,KRLEVEL_RR|298040|3T|3803|3806|3807,3803,3806,3807,2671000.0,3,2550000.0,2641000.0,2534617.557791072,61529.768835712544
298040.KS,298040,KOSPI,효성중공업,KRLEVEL_RR|298040|3T|3831|3832|3834,3831,3832,3834,2485000.0,3,2454000.0,2490000.0,2436283.2400281555,70867.0398873787
298040.KS,298040,KOSPI,효성중공업,KRLEVEL_RR|298040|4T|3881|3885|3887,3881,3885,3887,2947000.0,4,2874000.0,2922000.0,2860252.6530520944,54989.38779162293
298040.KS,298040,KOSPI,효성중공업,KRLEVEL_RR|298040|2T|4121|4122|4123,4121,4122,4123,3372000.0,2,3129000.0,3313000.0,3101726.1838792167,109095.26448313268
298040.KS,298040,KOSPI,효성중공업,KRLEVEL_RR|298040|4T|4155|4156|4157,4155,4156,4157,3733500.0,4,3653000.0,3720000.0,3626938.323740587,104246.70503765174
298040.KS,298040,KOSPI,효성중공업,KRLEVEL_RR|298040|2T|4193|4194|4195,4193,4194,4195,3323000.0,2,2985000.0,3303000.0,2959765.7247411716,100937.1010353146
298040.KS,298040,KOSPI,효성중공업,KRLEVEL_RR|298040|3T|4338|4341|4342,4338,4341,4342,2628000.0,3,1834000.0,2579000.0,1810348.7217380893,94605.113047643
267260.KS,267260,KOSPI,HD현대일렉트릭,KRLEVEL_RR|267260|4T|243|244|245,243,244,245,70200.0,4,65700.0,70000.0,65408.85064274903,1164.5974290038794
267260.KS,267260,KOSPI,HD현대일렉트릭,KRLEVEL_RR|267260|6T|258|262|263,258,262,263,72250.0,6,70200.0,71500.0,69917.78312453002,1128.8675018799015
267260.KS,267260,KOSPI,HD현대일렉트릭,KRLEVEL_RR|267260|5T|294|295|296,294,295,296,70200.0,5,65500.0,70000.0,65057.345487810635,1770.618048757456
267260.KS,267260,KOSPI,HD현대일렉트릭,KRLEVEL_RR|267260|3T|324|328|330,324,328,330,75000.0,3,71400.0,74200.0,70976.35811094387,1694.5675562245265
267260.KS,267260,KOSPI,HD현대일렉트릭,KRLEVEL_RR|267260|2T|372|376|378,372,376,378,83250.0,2,80200.0,83500.0,79739.81375263045,1840.7449894782262
267260.KS,267260,KOSPI,HD현대일렉트릭,KRLEVEL_RR|267260|2T|389|393|395,389,393,395,83250.0,2,82300.0,82700.0,81924.07366770977,1503.7053291609034
267260.KS,267260,KOSPI,HD현대일렉트릭,KRLEVEL_RR|267260|5T|435|436|437,435,436,437,87100.0,5,83500.0,86800.0,83178.33533824103,1286.658647035907
267260.KS,267260,KOSPI,HD현대일렉트릭,KRLEVEL_RR|267260|2T|513|519|520,513,519,520,81800.0,2,78800.0,81100.0,78445.41097906779,1418.3560837288214
267260.KS,267260,KOSPI,HD현대일렉트릭,KRLEVEL_RR|267260|7T|589|590|592,589,590,592,87200.0,7,83400.0,87300.0,82939.2694345149,1842.9222619403918
267260.KS,267260,KOSPI,HD현대일렉트릭,KRLEVEL_RR|267260|2T|721|722|724,721,722,724,101300.0,2,97700.0,101000.0,97237.61352515008,1849.545899399645
267260.KS,267260,KOSPI,HD현대일렉트릭,KRLEVEL_RR|267260|2T|811|812|814,811,812,814,119800.0,2,117400.0,119300.0,116404.23943797358,3983.0422481056607
267260.KS,267260,KOSPI,HD현대일렉트릭,KRLEVEL_RR|267260|4T|955|956|958,955,956,958,184000.0,4,178600.0,183700.0,177342.39851474497,5030.405941020134
267260.KS,267260,KOSPI,HD현대일렉트릭,KRLEVEL_RR|267260|2T|970|974|976,970,974,976,202000.0,2,190000.0,198900.0,188286.08653308378,6855.653867664902
267260.KS,267260,KOSPI,HD현대일렉트릭,KRLEVEL_RR|267260|2T|997|998|999,997,998,999,224250.0,2,198900.0,225000.0,196610.8152963589,9156.73881456439
267260.KS,267260,KOSPI,HD현대일렉트릭,KRLEVEL_RR|267260|3T|1013|1014|1015,1013,1014,1015,223500.0,3,206000.0,224500.0,203784.44238207143,8862.230471714276
267260.KS,267260,KOSPI,HD현대일렉트릭,KRLEVEL_RR|267260|2T|1079|1085|1086,1079,1085,1086,249000.0,2,235500.0,246500.0,233909.9594579236,6360.162168305633
267260.KS,267260,KOSPI,HD현대일렉트릭,KRLEVEL_RR|267260|2T|1113|1116|1117,1113,1116,1117,256000.0,2,247000.0,254500.0,245449.72890608507,6201.084375659695
267260.KS,267260,KOSPI,HD현대일렉트릭,KRLEVEL_RR|267260|2T|1128|1133|1135,1128,1133,1135,256000.0,2,247500.0,252000.0,246040.27988438835,5838.880462446606
267260.KS,267260,KOSPI,HD현대일렉트릭,KRLEVEL_RR|267260|5T|1150|1151|1152,1150,1151,1152,259500.0,5,246000.0,258500.0,244415.22099154032,6339.116033838699
267260.KS,267260,KOSPI,HD현대일렉트릭,KRLEVEL_RR|267260|6T|1210|1212|1213,1210,1212,1213,264500.0,6,260500.0,265500.0,258735.2903054984,7058.838778006354
267260.KS,267260,KOSPI,HD현대일렉트릭,KRLEVEL_RR|267260|2T|1233|1234|1236,1233,1234,1236,273500.0,2,257500.0,274000.0,255921.16701433857,6315.331942645734
267260.KS,267260,KOSPI,HD현대일렉트릭,KRLEVEL_RR|267260|3T|1265|1266|1267,1265,1266,1267,296500.0,3,279500.0,297500.0,278001.68797550746,5993.2480979702395
267260.KS,267260,KOSPI,HD현대일렉트릭,KRLEVEL_RR|267260|3T|1286|1288|1289,1286,1288,1289,296500.0,3,287500.0,294500.0,286001.2781800406,5994.887279837553
267260.KS,267260,KOSPI,HD현대일렉트릭,KRLEVEL_RR|267260|3T|1307|1310|1311,1307,1310,1311,313500.0,3,303500.0,312500.0,301610.68704079173,7557.251836833047
267260.KS,267260,KOSPI,HD현대일렉트릭,KRLEVEL_RR|267260|2T|1330|1334|1336,1330,1334,1336,323250.0,2,307500.0,323000.0,305688.3209088866,7246.716364453479
267260.KS,267260,KOSPI,HD현대일렉트릭,KRLEVEL_RR|267260|4T|1396|1398|1400,1396,1398,1400,302250.0,4,297000.0,300500.0,294214.3018987408,11142.792405036766
267260.KS,267260,KOSPI,HD현대일렉트릭,KRLEVEL_RR|267260|4T|1430|1431|1432,1430,1431,1432,308750.0,4,297500.0,306500.0,294981.6952274586,10073.219090165681
267260.KS,267260,KOSPI,HD현대일렉트릭,KRLEVEL_RR|267260|2T|1511|1514|1515,1511,1514,1515,302000.0,2,287000.0,303500.0,285457.14684618835,6171.412615246629
267260.KS,267260,KOSPI,HD현대일렉트릭,KRLEVEL_RR|267260|2T|1544|1547|1549,1544,1547,1549,302000.0,2,290000.0,303500.0,288448.5056779104,6205.977288358421
267260.KS,267260,KOSPI,HD현대일렉트릭,KRLEVEL_RR|267260|4T|1624|1625|1626,1624,1625,1626,309500.0,4,284000.0,310000.0,282163.14873345534,7347.4050661786
267260.KS,267260,KOSPI,HD현대일렉트릭,KRLEVEL_RR|267260|3T|1666|1667|1669,1666,1667,1669,322000.0,3,310500.0,322500.0,309037.04277239135,5851.828910434696
267260.KS,267260,KOSPI,HD현대일렉트릭,KRLEVEL_RR|267260|2T|1734|1736|1738,1734,1736,1738,311750.0,2,302500.0,308000.0,301311.04369311675,4755.825227533081
267260.KS,267260,KOSPI,HD현대일렉트릭,KRLEVEL_RR|267260|5T|1755|1757|1758,1755,1757,1758,334500.0,5,322000.0,334500.0,320526.9709422678,5892.116230928822
267260.KS,267260,KOSPI,HD현대일렉트릭,KRLEVEL_RR|267260|3T|1780|1783|1784,1780,1783,1784,342500.0,3,331500.0,340000.0,329676.7313225859,7293.074709656494
267260.KS,267260,KOSPI,HD현대일렉트릭,KRLEVEL_RR|267260|2T|1797|1798|1799,1797,1798,1799,322500.0,2,315000.0,320000.0,313183.6646180134,7265.3415279462715
267260.KS,267260,KOSPI,HD현대일렉트릭,KRLEVEL_RR|267260|5T|1819|1821|1822,1819,1821,1822,342500.0,5,329500.0,343500.0,327441.87748149666,8232.490074013473
267260.KS,267260,KOSPI,HD현대일렉트릭,KRLEVEL_RR|267260|2T|1866|1867|1869,1866,1867,1869,367750.0,2,352000.0,367500.0,350136.72420213284,7453.103191468575
267260.KS,267260,KOSPI,HD현대일렉트릭,KRLEVEL_RR|267260|2T|1881|1887|1888,1881,1887,1888,367750.0,2,355500.0,365000.0,353810.41694978985,6758.332200840654
267260.KS,267260,KOSPI,HD현대일렉트릭,KRLEVEL_RR|267260|2T|1923|1929|1931,1923,1929,1931,343000.0,2,336000.0,340500.0,334216.5818899191,7133.672440323399
267260.KS,267260,KOSPI,HD현대일렉트릭,KRLEVEL_RR|267260|3T|1954|1957|1958,1954,1957,1958,357000.0,3,342500.0,355000.0,341076.0313351391,5695.8746594435925
267260.KS,267260,KOSPI,HD현대일렉트릭,KRLEVEL_RR|267260|4T|1971|1973|1974,1971,1973,1974,374250.0,4,364000.0,374500.0,362577.90300460666,5688.387981573246
267260.KS,267260,KOSPI,HD현대일렉트릭,KRLEVEL_RR|267260|5T|2007|2008|2009,2007,2008,2009,374000.0,5,362000.0,371000.0,360562.10613736016,5751.5754505592995
267260.KS,267260,KOSPI,HD현대일렉트릭,KRLEVEL_RR|267260|5T|2046|2052|2054,2046,2052,2054,395000.0,5,381000.0,391500.0,379376.98443714326,6492.06225142704
267260.KS,267260,KOSPI,HD현대일렉트릭,KRLEVEL_RR|267260|3T|2066|2067|2068,2066,2067,2068,409500.0,3,391000.0,409000.0,389358.35711948114,6566.571522075526
267260.KS,267260,KOSPI,HD현대일렉트릭,KRLEVEL_RR|267260|4T|2115|2119|2120,2115,2119,2120,383750.0,4,384500.0,385000.0,382541.7611621959,7832.955351216547
267260.KS,267260,KOSPI,HD현대일렉트릭,KRLEVEL_RR|267260|3T|2142|2148|2150,2142,2148,2150,404500.0,3,398000.0,404500.0,395834.08647811104,8663.654087555904
267260.KS,267260,KOSPI,HD현대일렉트릭,KRLEVEL_RR|267260|2T|2180|2182|2184,2180,2182,2184,383750.0,2,375000.0,382500.0,373781.8507266576,4872.597093369566
267260.KS,267260,KOSPI,HD현대일렉트릭,KRLEVEL_RR|267260|3T|2319|2320|2322,2319,2320,2322,354000.0,3,326000.0,351500.0,324361.1654000093,6555.338399962815
267260.KS,267260,KOSPI,HD현대일렉트릭,KRLEVEL_RR|267260|2T|2427|2429|2431,2427,2429,2431,310250.0,2,265000.0,307500.0,263159.86350463104,7360.545981475753
267260.KS,267260,KOSPI,HD현대일렉트릭,KRLEVEL_RR|267260|5T|2442|2444|2445,2442,2444,2445,305500.0,5,299500.0,303500.0,297946.5259618233,6213.89615270692
267260.KS,267260,KOSPI,HD현대일렉트릭,KRLEVEL_RR|267260|4T|2524|2529|2530,2524,2529,2530,333000.0,4,322500.0,330000.0,321295.3110340021,4818.755863991478
267260.KS,267260,KOSPI,HD현대일렉트릭,KRLEVEL_RR|267260|4T|2550|2551|2552,2550,2551,2552,339750.0,4,331000.0,339500.0,329732.91672686895,5068.333092524166
267260.KS,267260,KOSPI,HD현대일렉트릭,KRLEVEL_RR|267260|2T|2625|2626|2627,2625,2626,2627,376750.0,2,373000.0,377000.0,371596.90810348315,5612.367586067487
267260.KS,267260,KOSPI,HD현대일렉트릭,KRLEVEL_RR|267260|3T|2642|2646|2648,2642,2646,2648,389000.0,3,366500.0,386500.0,365167.09585773316,5331.616569067356
267260.KS,267260,KOSPI,HD현대일렉트릭,KRLEVEL_RR|267260|2T|2711|2712|2714,2711,2712,2714,471250.0,2,458000.0,470500.0,456168.9953189331,7324.018724267697
267260.KS,267260,KOSPI,HD현대일렉트릭,KRLEVEL_RR|267260|3T|2738|2739|2740,2738,2739,2740,498000.0,3,470500.0,499500.0,468494.71376626147,8021.144934954151
267260.KS,267260,KOSPI,HD현대일렉트릭,KRLEVEL_RR|267260|2T|2805|2808|2810,2805,2808,2810,471250.0,2,434500.0,473000.0,432508.2172586164,7967.130965534264
267260.KS,267260,KOSPI,HD현대일렉트릭,KRLEVEL_RR|267260|2T|2830|2831|2833,2830,2831,2833,489000.0,2,467500.0,489000.0,465650.9834174609,7396.066330156215
267260.KS,267260,KOSPI,HD현대일렉트릭,KRLEVEL_RR|267260|3T|2847|2852|2854,2847,2852,2854,488000.0,3,451000.0,485000.0,448746.7683991581,9012.92640336774
267260.KS,267260,KOSPI,HD현대일렉트릭,KRLEVEL_RR|267260|3T|2866|2872|2873,2866,2872,2873,495000.0,3,485000.0,492000.0,483402.32827152684,6390.686913892581
267260.KS,267260,KOSPI,HD현대일렉트릭,KRLEVEL_RR|267260|2T|2888|2889|2891,2888,2889,2891,489000.0,2,482500.0,486500.0,480724.8672464671,7100.5310141316795
267260.KS,267260,KOSPI,HD현대일렉트릭,KRLEVEL_RR|267260|6T|2902|2903|2905,2902,2903,2905,498500.0,6,497500.0,498000.0,495900.6350446375,6397.459821450047
267260.KS,267260,KOSPI,HD현대일렉트릭,KRLEVEL_RR|267260|3T|2918|2921|2922,2918,2921,2922,495000.0,3,487500.0,493000.0,486010.5174407642,5957.930236943326
267260.KS,267260,KOSPI,HD현대일렉트릭,KRLEVEL_RR|267260|4T|2967|2971|2972,2967,2971,2972,486750.0,4,433500.0,488000.0,431622.8616562803,7508.553374878846
267260.KS,267260,KOSPI,HD현대일렉트릭,KRLEVEL_RR|267260|2T|3008|3013|3014,3008,3013,3014,494875.0,2,485000.0,493500.0,483740.57809576433,5037.687616942609
267260.KS,267260,KOSPI,HD현대일렉트릭,KRLEVEL_RR|267260|6T|3026|3027|3029,3026,3027,3029,503000.0,6,493000.0,504000.0,491672.3255608908,5310.697756436792
267260.KS,267260,KOSPI,HD현대일렉트릭,KRLEVEL_RR|267260|2T|3168|3171|3173,3168,3171,3173,667000.0,2,636000.0,663000.0,633464.5377481681,10141.849007327677
267260.KS,267260,KOSPI,HD현대일렉트릭,KRLEVEL_RR|267260|2T|3396|3397|3398,3396,3397,3398,837500.0,2,787000.0,826000.0,784179.8205706632,11280.717717347054
267260.KS,267260,KOSPI,HD현대일렉트릭,KRLEVEL_RR|267260|2T|3491|3492|3493,3491,3492,3493,818000.0,2,763000.0,811000.0,760084.2774608498,11662.890156600803
267260.KS,267260,KOSPI,HD현대일렉트릭,KRLEVEL_RR|267260|3T|3505|3508|3510,3505,3508,3510,819000.0,3,790000.0,814000.0,786297.8262827838,14808.694868864819
267260.KS,267260,KOSPI,HD현대일렉트릭,KRLEVEL_RR|267260|2T|3522|3523|3524,3522,3523,3524,876500.0,2,825000.0,877000.0,821300.1691227247,14799.32350910148
267260.KS,267260,KOSPI,HD현대일렉트릭,KRLEVEL_RR|267260|5T|3624|3626|3627,3624,3626,3627,908000.0,5,821000.0,905000.0,816603.8639813279,17584.544074688794
267260.KS,267260,KOSPI,HD현대일렉트릭,KRLEVEL_RR|267260|7T|3641|3643|3645,3641,3643,3645,908000.0,7,806000.0,912000.0,800485.4856721185,22058.05731152612
267260.KS,267260,KOSPI,HD현대일렉트릭,KRLEVEL_RR|267260|2T|3701|3702|3703,3701,3702,3703,1078000.0,2,1049000.0,1071000.0,1044545.1157355738,17819.537057704794
267260.KS,267260,KOSPI,HD현대일렉트릭,KRLEVEL_RR|267260|9T|3747|3748|3749,3747,3748,3749,928000.0,9,877000.0,931000.0,870152.1459772295,27391.41609108202
267260.KS,267260,KOSPI,HD현대일렉트릭,KRLEVEL_RR|267260|6T|3784|3786|3788,3784,3786,3788,972500.0,6,892000.0,952000.0,888308.3251197247,14766.699521100889
267260.KS,267260,KOSPI,HD현대일렉트릭,KRLEVEL_RR|267260|7T|3809|3811|3813,3809,3811,3813,972000.0,7,952000.0,975000.0,947371.925040365,18512.299838539988
267260.KS,267260,KOSPI,HD현대일렉트릭,KRLEVEL_RR|267260|7T|3870|3872|3873,3870,3872,3873,972000.0,7,883000.0,977000.0,878121.4895287774,19514.041884890376
267260.KS,267260,KOSPI,HD현대일렉트릭,KRLEVEL_RR|267260|3T|3886|3891|3892,3886,3891,3892,1000000.0,3,986000.0,999000.0,982324.8171074346,14700.731570261632
267260.KS,267260,KOSPI,HD현대일렉트릭,KRLEVEL_RR|267260|2T|3907|3910|3912,3907,3910,3912,1078000.0,2,1043000.0,1080000.0,1039181.8860796689,15272.45568132425
267260.KS,267260,KOSPI,HD현대일렉트릭,KRLEVEL_RR|267260|2T|3929|3932|3933,3929,3932,3933,1107000.0,2,1034000.0,1098000.0,1029187.3698790671,19250.520483731594
267260.KS,267260,KOSPI,HD현대일렉트릭,KRLEVEL_RR|267260|2T|4028|4029|4030,4028,4029,4030,1089000.0,2,1073000.0,1077000.0,1065343.6579329818,30625.3682680729
267260.KS,267260,KOSPI,HD현대일렉트릭,KRLEVEL_RR|267260|3T|4119|4120|4121,4119,4120,4121,1031000.0,3,931000.0,1025000.0,921654.7382059535,37381.04717618611
267260.KS,267260,KOSPI,HD현대일렉트릭,KRLEVEL_RR|267260|3T|4290|4291|4292,4290,4291,4292,839000.0,3,765000.0,832000.0,760062.2870227302,19750.85190907904
005490.KS,005490,KOSPI,POSCO홀딩스,KRLEVEL_RR|005490|2T|343|346|347,343,346,347,434250.0,2,399500.0,432500.0,397813.1321328486,6747.4714686054995
005490.KS,005490,KOSPI,POSCO홀딩스,KRLEVEL_RR|005490|2T|384|386|387,384,386,387,467500.0,2,445000.0,468000.0,442764.97533312184,8940.098667512633
005490.KS,005490,KOSPI,POSCO홀딩스,KRLEVEL_RR|005490|2T|443|448|450,443,448,450,474500.0,2,466000.0,470000.0,464895.84080225154,4416.636790993807
005490.KS,005490,KOSPI,POSCO홀딩스,KRLEVEL_RR|005490|4T|491|493|495,491,493,495,458250.0,4,451000.0,456000.0,449564.7788047062,5740.884781175318
005490.KS,005490,KOSPI,POSCO홀딩스,KRLEVEL_RR|005490|3T|516|519|521,516,519,521,462500.0,3,454000.0,460500.0,452349.0227229906,6603.90910803753
005490.KS,005490,KOSPI,POSCO홀딩스,KRLEVEL_RR|005490|2T|592|593|594,592,593,594,469250.0,2,462500.0,470500.0,461095.2966599962,5618.8133600150595
005490.KS,005490,KOSPI,POSCO홀딩스,KRLEVEL_RR|005490|2T|682|688|690,682,688,690,409000.0,2,387000.0,407000.0,385243.5930599116,7025.627760353445
005490.KS,005490,KOSPI,POSCO홀딩스,KRLEVEL_RR|005490|2T|708|709|710,708,709,710,428750.0,2,424500.0,430000.0,422798.5984913854,6805.606034458407
005490.KS,005490,KOSPI,POSCO홀딩스,KRLEVEL_RR|005490|4T|730|734|736,730,734,736,450250.0,4,431500.0,448000.0,429873.03046449804,6507.878142007882
005490.KS,005490,KOSPI,POSCO홀딩스,KRLEVEL_RR|005490|5T|838|842|844,838,842,844,441500.0,5,438500.0,440000.0,437176.15531315724,5295.378747370952
005490.KS,005490,KOSPI,POSCO홀딩스,KRLEVEL_RR|005490|5T|856|857|858,856,857,858,441500.0,5,439500.0,442000.0,438422.46826546045,4310.126938158231
005490.KS,005490,KOSPI,POSCO홀딩스,KRLEVEL_RR|005490|2T|1021|1022|1024,1021,1022,1024,383750.0,2,372000.0,383500.0,370681.1458007269,5275.416797092453
005490.KS,005490,KOSPI,POSCO홀딩스,KRLEVEL_RR|005490|2T|1055|1056|1057,1055,1056,1057,397000.0,2,389500.0,397500.0,388578.2095414915,3687.1618340338237
005490.KS,005490,KOSPI,POSCO홀딩스,KRLEVEL_RR|005490|5T|1075|1079|1080,1075,1079,1080,404000.0,5,400500.0,404000.0,399634.3601385241,3462.559445903535
005490.KS,005490,KOSPI,POSCO홀딩스,KRLEVEL_RR|005490|3T|1126|1127|1128,1126,1127,1128,398500.0,3,396500.0,399000.0,395937.51565836003,2249.9373665598287
005490.KS,005490,KOSPI,POSCO홀딩스,KRLEVEL_RR|005490|4T|1201|1207|1208,1201,1207,1208,384000.0,4,369500.0,383500.0,368551.5006501088,3793.997399564861
005490.KS,005490,KOSPI,POSCO홀딩스,KRLEVEL_RR|005490|2T|1314|1320|1322,1314,1320,1322,370750.0,2,364500.0,370000.0,363765.2530827374,2938.9876690505716
005490.KS,005490,KOSPI,POSCO홀딩스,KRLEVEL_RR|005490|5T|1349|1350|1351,1349,1350,1351,381500.0,5,374000.0,381000.0,373175.2066425769,3299.173429692434
005490.KS,005490,KOSPI,POSCO홀딩스,KRLEVEL_RR|005490|3T|1385|1386|1388,1385,1386,1388,365000.0,3,362000.0,365500.0,361166.0835475203,3335.6658099189185
005490.KS,005490,KOSPI,POSCO홀딩스,KRLEVEL_RR|005490|2T|1608|1610|1612,1608,1610,1612,338750.0,2,328000.0,339000.0,326939.41473186045,4242.341072558189
005490.KS,005490,KOSPI,POSCO홀딩스,KRLEVEL_RR|005490|4T|1623|1625|1626,1623,1625,1626,364500.0,4,357500.0,363000.0,356255.53823665064,4977.847053397417
005490.KS,005490,KOSPI,POSCO홀딩스,KRLEVEL_RR|005490|2T|1861|1867|1869,1861,1867,1869,289750.0,2,277500.0,289500.0,276357.0447347722,4571.821060911185
005490.KS,005490,KOSPI,POSCO홀딩스,KRLEVEL_RR|005490|2T|1960|1963|1964,1960,1963,1964,270750.0,2,253000.0,269000.0,252160.17637713117,3359.294491475308
005490.KS,005490,KOSPI,POSCO홀딩스,KRLEVEL_RR|005490|2T|2042|2047|2049,2042,2047,2049,259250.0,2,256000.0,258000.0,255196.9952170779,3212.0191316883524
005490.KS,005490,KOSPI,POSCO홀딩스,KRLEVEL_RR|005490|2T|2088|2094|2096,2088,2094,2096,259250.0,2,257500.0,259000.0,256776.94641956224,2892.2143217510525
005490.KS,005490,KOSPI,POSCO홀딩스,KRLEVEL_RR|005490|2T|2217|2220|2222,2217,2220,2222,259250.0,2,246500.0,259500.0,245698.08224560466,3207.6710175813273
005490.KS,005490,KOSPI,POSCO홀딩스,KRLEVEL_RR|005490|3T|2330|2331|2333,2330,2331,2333,314000.0,3,304500.0,312000.0,303437.3573386435,4250.570645425854
005490.KS,005490,KOSPI,POSCO홀딩스,KRLEVEL_RR|005490|4T|2495|2498|2500,2495,2498,2500,261000.0,4,254000.0,260000.0,253358.64160150161,2565.4335939935904
005490.KS,005490,KOSPI,POSCO홀딩스,KRLEVEL_RR|005490|3T|2631|2635|2636,2631,2635,2636,243500.0,3,235500.0,240500.0,234648.68875899885,3405.2449640046034
005490.KS,005490,KOSPI,POSCO홀딩스,KRLEVEL_RR|005490|4T|2648|2653|2654,2648,2653,2654,256250.0,4,242500.0,256500.0,241533.18891994035,3867.2443202386426
005490.KS,005490,KOSPI,POSCO홀딩스,KRLEVEL_RR|005490|4T|2683|2689|2691,2683,2689,2691,256250.0,4,254000.0,255500.0,253234.01852074088,3063.9259170364758
005490.KS,005490,KOSPI,POSCO홀딩스,KRLEVEL_RR|005490|7T|2720|2722|2724,2720,2722,2724,265000.0,7,249500.0,265500.0,248685.46359351918,3258.145625923279
005490.KS,005490,KOSPI,POSCO홀딩스,KRLEVEL_RR|005490|2T|2744|2745|2746,2744,2745,2746,268750.0,2,258500.0,269000.0,257469.86329132132,4120.546834714761
005490.KS,005490,KOSPI,POSCO홀딩스,KRLEVEL_RR|005490|3T|2793|2794|2796,2793,2794,2796,321500.0,3,312000.0,320000.0,310859.72599316377,4561.096027344959
005490.KS,005490,KOSPI,POSCO홀딩스,KRLEVEL_RR|005490|2T|2829|2830|2832,2829,2830,2832,325250.0,2,306000.0,325000.0,304788.42384882807,4846.304604687667
005490.KS,005490,KOSPI,POSCO홀딩스,KRLEVEL_RR|005490|3T|3038|3039|3040,3038,3039,3040,281500.0,3,271500.0,281000.0,270799.4811529519,2802.0753881925134
005490.KS,005490,KOSPI,POSCO홀딩스,KRLEVEL_RR|005490|3T|3051|3054|3056,3051,3054,3056,281500.0,3,278000.0,282000.0,277285.89655041415,2856.4137983433707
005490.KS,005490,KOSPI,POSCO홀딩스,KRLEVEL_RR|005490|4T|3167|3169|3170,3167,3169,3170,278750.0,4,274000.0,277000.0,273176.27468065335,3294.9012773866393
005490.KS,005490,KOSPI,POSCO홀딩스,KRLEVEL_RR|005490|2T|3200|3204|3206,3200,3204,3206,309000.0,2,294000.0,306000.0,292887.73342863517,4449.066285459257
005490.KS,005490,KOSPI,POSCO홀딩스,KRLEVEL_RR|005490|2T|3224|3227|3229,3224,3227,3229,322000.0,2,314000.0,322500.0,312953.313504744,4186.745981024078
005490.KS,005490,KOSPI,POSCO홀딩스,KRLEVEL_RR|005490|2T|3260|3263|3264,3260,3263,3264,305750.0,2,295000.0,303500.0,293912.6556152795,4349.377538881975
005490.KS,005490,KOSPI,POSCO홀딩스,KRLEVEL_RR|005490|2T|3276|3277|3278,3276,3277,3278,302750.0,2,295000.0,302750.0,294045.23373443075,3819.065062277042
005490.KS,005490,KOSPI,POSCO홀딩스,KRLEVEL_RR|005490|3T|3290|3292|3293,3290,3292,3293,321500.0,3,295000.0,321000.0,293878.49899929436,4486.00400282253
005490.KS,005490,KOSPI,POSCO홀딩스,KRLEVEL_RR|005490|5T|3319|3321|3323,3319,3321,3323,321500.0,5,309500.0,322500.0,308432.98558511486,4268.057659540603
005490.KS,005490,KOSPI,POSCO홀딩스,KRLEVEL_RR|005490|3T|3343|3344|3345,3343,3344,3345,307000.0,3,300500.0,307000.0,299490.1841937705,4039.263224917839
005490.KS,005490,KOSPI,POSCO홀딩스,KRLEVEL_RR|005490|2T|3415|3418|3420,3415,3418,3420,318000.0,2,310000.0,316500.0,309284.4052558078,2862.378976768885
005490.KS,005490,KOSPI,POSCO홀딩스,KRLEVEL_RR|005490|4T|3475|3477|3479,3475,3477,3479,310500.0,4,303000.0,310500.0,302205.70335181925,3177.186592722989
005490.KS,005490,KOSPI,POSCO홀딩스,KRLEVEL_RR|005490|6T|3523|3526|3528,3523,3526,3528,307000.0,6,298000.0,307000.0,296758.93953883107,4964.241844675815
005490.KS,005490,KOSPI,POSCO홀딩스,KRLEVEL_RR|005490|2T|3560|3561|3562,3560,3561,3562,353250.0,2,326000.0,351000.0,324494.54322938365,6021.827082465458
005490.KS,005490,KOSPI,POSCO홀딩스,KRLEVEL_RR|005490|2T|3591|3592|3593,3591,3592,3593,359500.0,2,353000.0,357500.0,351413.74654904305,6345.01380382772
005490.KS,005490,KOSPI,POSCO홀딩스,KRLEVEL_RR|005490|2T|3624|3626|3628,3624,3626,3628,359500.0,2,337500.0,359250.0,336090.1570036329,5639.371985468336
005490.KS,005490,KOSPI,POSCO홀딩스,KRLEVEL_RR|005490|2T|3640|3645|3646,3640,3645,3646,359500.0,2,348500.0,359500.0,347078.3756323406,5686.497470637605
005490.KS,005490,KOSPI,POSCO홀딩스,KRLEVEL_RR|005490|2T|3660|3663|3664,3660,3663,3664,383000.0,2,365000.0,383500.0,363539.2166296842,5843.133481263146
005490.KS,005490,KOSPI,POSCO홀딩스,KRLEVEL_RR|005490|3T|3690|3695|3697,3690,3695,3697,395000.0,3,375000.0,395000.0,373872.5512243948,4509.795102420644
005490.KS,005490,KOSPI,POSCO홀딩스,KRLEVEL_RR|005490|2T|3777|3778|3779,3777,3778,3779,344250.0,2,332500.0,343500.0,331331.6591819202,4673.363272319324
005490.KS,005490,KOSPI,POSCO홀딩스,KRLEVEL_RR|005490|2T|3809|3812|3814,3809,3812,3814,339000.0,2,328500.0,338500.0,327433.49627067556,4266.014917297663
005490.KS,005490,KOSPI,POSCO홀딩스,KRLEVEL_RR|005490|2T|3825|3828|3830,3825,3828,3830,339000.0,2,327000.0,336500.0,325671.29900109745,5314.803995610235
005490.KS,005490,KOSPI,POSCO홀딩스,KRLEVEL_RR|005490|4T|3843|3849|3851,3843,3849,3851,342500.0,4,333500.0,338500.0,331659.3476010152,7362.609595939373
005490.KS,005490,KOSPI,POSCO홀딩스,KRLEVEL_RR|005490|4T|3869|3870|3871,3869,3870,3871,351250.0,4,346500.0,351000.0,345139.002728686,5443.989085255845
005490.KS,005490,KOSPI,POSCO홀딩스,KRLEVEL_RR|005490|2T|3893|3897|3899,3893,3897,3899,362000.0,2,355500.0,362000.0,354481.73013766186,4073.079449352537
005490.KS,005490,KOSPI,POSCO홀딩스,KRLEVEL_RR|005490|2T|4004|4010|4012,4004,4010,4012,480000.0,2,465500.0,480500.0,462929.7216764873,10281.11329405073
005490.KS,005490,KOSPI,POSCO홀딩스,KRLEVEL_RR|005490|6T|4121|4126|4127,4121,4126,4127,372000.0,6,342500.0,374000.0,340153.30768667324,9386.76925330704
005490.KS,005490,KOSPI,POSCO홀딩스,KRLEVEL_RR|005490|2T|4325|4329|4330,4325,4329,4330,304250.0,2,275000.0,305500.0,273228.6953156778,7085.218737288729
005490.KS,005490,KOSPI,POSCO홀딩스,KRLEVEL_RR|005490|3T|4351|4353|4355,4351,4353,4355,314000.0,3,306500.0,312500.0,305024.4967134988,5902.0131460048315
010130.KS,010130,KOSPI,고려아연,KRLEVEL_RR|010130|3T|271|272|274,271,272,274,48850.0,3,47550.0,48750.0,47464.10495034792,343.580198608302
010130.KS,010130,KOSPI,고려아연,KRLEVEL_RR|010130|3T|352|353|354,352,353,354,48850.0,3,44350.0,48550.0,44214.95958328346,540.161666866151
010130.KS,010130,KOSPI,고려아연,KRLEVEL_RR|010130|4T|404|409|411,404,409,411,49225.0,4,48050.0,49150.0,47945.61393478827,417.5442608469022
010130.KS,010130,KOSPI,고려아연,KRLEVEL_RR|010130|5T|446|447|448,446,447,448,48850.0,5,48650.0,48750.0,48564.20484322546,343.1806270981509
010130.KS,010130,KOSPI,고려아연,KRLEVEL_RR|010130|8T|462|465|466,462,465,466,49375.0,8,48700.0,49200.0,48607.16039837692,371.35840649232136
010130.KS,010130,KOSPI,고려아연,KRLEVEL_RR|010130|3T|506|507|508,506,507,508,48450.0,3,48250.0,48500.0,48109.43828294722,562.2468682111166
010130.KS,010130,KOSPI,고려아연,KRLEVEL_RR|010130|2T|519|521|522,519,521,522,48800.0,2,48650.0,48800.0,48544.57670356879,421.69318572485247
010130.KS,010130,KOSPI,고려아연,KRLEVEL_RR|010130|2T|539|542|544,539,542,544,49700.0,2,48550.0,49650.0,48475.94973460996,296.2010615601541
010130.KS,010130,KOSPI,고려아연,KRLEVEL_RR|010130|3T|597|600|602,597,600,602,48550.0,3,47500.0,48400.0,47411.79422329251,352.8231068299442
010130.KS,010130,KOSPI,고려아연,KRLEVEL_RR|010130|2T|657|660|661,657,660,661,45850.0,2,45100.0,45750.0,45014.24965900989,343.00136396042967
010130.KS,010130,KOSPI,고려아연,KRLEVEL_RR|010130|2T|692|693|694,692,693,694,47100.0,2,45200.0,46800.0,45114.53096078952,341.8761568419197
010130.KS,010130,KOSPI,고려아연,KRLEVEL_RR|010130|2T|705|708|709,705,708,709,47100.0,2,46500.0,46900.0,46412.78243632096,348.8702547161737
010130.KS,010130,KOSPI,고려아연,KRLEVEL_RR|010130|2T|760|764|766,760,764,766,46200.0,2,45850.0,46250.0,45775.80216402539,296.79134389846206
010130.KS,010130,KOSPI,고려아연,KRLEVEL_RR|010130|2T|918|920|922,918,920,922,45150.0,2,43750.0,45000.0,43603.30998852816,586.7600458873555
010130.KS,010130,KOSPI,고려아연,KRLEVEL_RR|010130|6T|962|966|967,962,966,967,45725.0,6,44100.0,45350.0,43990.7305229539,437.077908184394
010130.KS,010130,KOSPI,고려아연,KRLEVEL_RR|010130|6T|981|982|983,981,982,983,46625.0,6,45100.0,46200.0,44984.437320464094,462.25071814361104
010130.KS,010130,KOSPI,고려아연,KRLEVEL_RR|010130|2T|1070|1076|1078,1070,1076,1078,46225.0,2,46050.0,46150.0,45947.29277091773,410.8289163290664
010130.KS,010130,KOSPI,고려아연,KRLEVEL_RR|010130|4T|1115|1116|1117,1115,1116,1117,49925.0,4,49150.0,49950.0,49044.75338652592,420.98645389633435
010130.KS,010130,KOSPI,고려아연,KRLEVEL_RR|010130|2T|1155|1157|1159,1155,1157,1159,51600.0,2,50400.0,50500.0,50221.027448328925,715.8902066843131
010130.KS,010130,KOSPI,고려아연,KRLEVEL_RR|010130|5T|1264|1268|1269,1264,1268,1269,49900.0,5,49300.0,49800.0,49213.96352895047,344.1458841981137
010130.KS,010130,KOSPI,고려아연,KRLEVEL_RR|010130|3T|1285|1286|1287,1285,1286,1287,51700.0,3,50600.0,51800.0,50475.94439383738,496.2224246504716
010130.KS,010130,KOSPI,고려아연,KRLEVEL_RR|010130|3T|1310|1316|1318,1310,1316,1318,52000.0,3,50300.0,51900.0,50140.370769349865,638.5169226005257
010130.KS,010130,KOSPI,고려아연,KRLEVEL_RR|010130|2T|1333|1337|1338,1333,1337,1338,52750.0,2,51600.0,52500.0,51470.531558160474,517.8737673581128
010130.KS,010130,KOSPI,고려아연,KRLEVEL_RR|010130|2T|1354|1355|1356,1354,1355,1356,53450.0,2,52700.0,53400.0,52588.73873824159,445.04504703364904
010130.KS,010130,KOSPI,고려아연,KRLEVEL_RR|010130|6T|1466|1467|1468,1466,1467,1468,49750.0,6,45600.0,49950.0,45337.0655328448,1051.7378686208176
010130.KS,010130,KOSPI,고려아연,KRLEVEL_RR|010130|4T|1479|1482|1484,1479,1482,1484,51500.0,4,47600.0,51200.0,47429.842007789994,680.6319688400396
010130.KS,010130,KOSPI,고려아연,KRLEVEL_RR|010130|5T|1498|1502|1504,1498,1502,1504,51500.0,5,50600.0,51600.0,50451.48377806787,594.0648877285118
010130.KS,010130,KOSPI,고려아연,KRLEVEL_RR|010130|2T|1516|1517|1519,1516,1517,1519,53350.0,2,52400.0,53300.0,52284.399548004396,462.40180798242216
010130.KS,010130,KOSPI,고려아연,KRLEVEL_RR|010130|4T|1530|1532|1534,1530,1532,1534,53750.0,4,53200.0,53500.0,53089.771567372525,440.91373050988506
010130.KS,010130,KOSPI,고려아연,KRLEVEL_RR|010130|5T|1568|1569|1570,1568,1569,1570,53800.0,5,52600.0,53900.0,52454.483035223224,582.0678591070928
010130.KS,010130,KOSPI,고려아연,KRLEVEL_RR|010130|4T|1606|1607|1609,1606,1607,1609,53950.0,4,51700.0,54000.0,51525.642375514195,697.4304979432229
010130.KS,010130,KOSPI,고려아연,KRLEVEL_RR|010130|5T|1675|1677|1678,1675,1677,1678,72000.0,5,66400.0,70300.0,65861.55294084539,2153.7882366184385
010130.KS,010130,KOSPI,고려아연,KRLEVEL_RR|010130|4T|1912|1915|1917,1912,1915,1917,120650.0,4,110800.0,119800.0,109454.66938069607,5381.322477215721
010130.KS,010130,KOSPI,고려아연,KRLEVEL_RR|010130|2T|2015|2017|2019,2015,2017,2019,113100.0,2,98200.0,111600.0,97139.3468258528,4242.6126965888
010130.KS,010130,KOSPI,고려아연,KRLEVEL_RR|010130|3T|2134|2136|2137,2134,2136,2137,84000.0,3,74900.0,82800.0,74329.95148296077,2280.1940681569617
010130.KS,010130,KOSPI,고려아연,KRLEVEL_RR|010130|2T|2205|2208|2210,2205,2208,2210,81150.0,2,76000.0,80900.0,75640.63410846068,1437.4635661572547
010130.KS,010130,KOSPI,고려아연,KRLEVEL_RR|010130|2T|2449|2455|2456,2449,2455,2456,690000.0,2,678000.0,684000.0,675556.5290459511,9773.883816195766
010130.KS,010130,KOSPI,고려아연,KRLEVEL_RR|010130|3T|2474|2477|2478,2474,2477,2478,688000.0,3,676000.0,685000.0,673604.6747296291,9581.301081483947
010130.KS,010130,KOSPI,고려아연,KRLEVEL_RR|010130|2T|2511|2513|2514,2511,2513,2514,791000.0,2,765000.0,787000.0,761549.5580136329,13801.767945468517
010130.KS,010130,KOSPI,고려아연,KRLEVEL_RR|010130|2T|2528|2532|2534,2528,2532,2534,791000.0,2,773000.0,788000.0,768773.3628890098,16906.548443960877
010130.KS,010130,KOSPI,고려아연,KRLEVEL_RR|010130|2T|2575|2577|2578,2575,2577,2578,791000.0,2,783000.0,788000.0,780715.3283741075,9138.686503570107
010130.KS,010130,KOSPI,고려아연,KRLEVEL_RR|010130|4T|2673|2675|2677,2673,2675,2677,774500.0,4,753000.0,768000.0,750598.2897613448,9606.840954620726
010130.KS,010130,KOSPI,고려아연,KRLEVEL_RR|010130|2T|2705|2707|2709,2705,2707,2709,824500.0,2,809000.0,821000.0,805526.8649394006,13892.540242397834
010130.KS,010130,KOSPI,고려아연,KRLEVEL_RR|010130|3T|2754|2755|2756,2754,2755,2756,808000.0,3,798000.0,805000.0,794745.4561117147,13018.175553141282
010130.KS,010130,KOSPI,고려아연,KRLEVEL_RR|010130|3T|2773|2775|2777,2773,2775,2777,824000.0,3,785000.0,826000.0,782000.3946311425,11998.421475430147
010130.KS,010130,KOSPI,고려아연,KRLEVEL_RR|010130|2T|2833|2838|2839,2833,2838,2839,829000.0,2,802000.0,825000.0,799993.5188980477,8025.924407809233
010130.KS,010130,KOSPI,고려아연,KRLEVEL_RR|010130|2T|2907|2910|2911,2907,2910,2911,782500.0,2,760000.0,775000.0,757150.4623493234,11398.150602706379
010130.KS,010130,KOSPI,고려아연,KRLEVEL_RR|010130|3T|2933|2934|2936,2933,2934,2936,792000.0,3,774000.0,790000.0,771883.5252636747,8465.898945301185
010130.KS,010130,KOSPI,고려아연,KRLEVEL_RR|010130|6T|2964|2965|2966,2964,2965,2966,793000.0,6,781000.0,792000.0,778326.7516622654,10692.993350938605
010130.KS,010130,KOSPI,고려아연,KRLEVEL_RR|010130|2T|3002|3008|3009,3002,3008,3009,820000.0,2,798000.0,816000.0,795537.0730998144,9851.70760074271
010130.KS,010130,KOSPI,고려아연,KRLEVEL_RR|010130|3T|3140|3144|3146,3140,3144,3146,931000.0,3,918000.0,931000.0,914832.3321479489,12670.67140820444
010130.KS,010130,KOSPI,고려아연,KRLEVEL_RR|010130|2T|3278|3279|3280,3278,3279,3280,1034000.0,2,1005000.0,1033000.0,1000852.2205208628,16591.117916548705
010130.KS,010130,KOSPI,고려아연,KRLEVEL_RR|010130|2T|3291|3292|3293,3291,3292,3293,1103000.0,2,1036000.0,1108000.0,1030413.698715906,22345.205136376
010130.KS,010130,KOSPI,고려아연,KRLEVEL_RR|010130|2T|3338|3341|3342,3338,3341,3342,1139500.0,2,1098000.0,1114000.0,1093215.0818066336,19139.672773465973
010130.KS,010130,KOSPI,고려아연,KRLEVEL_RR|010130|3T|3520|3521|3522,3520,3521,3522,1148000.0,3,1131000.0,1151000.0,1125922.7976864334,20308.809254266365
010130.KS,010130,KOSPI,고려아연,KRLEVEL_RR|010130|2T|3539|3540|3542,3539,3540,3542,1365000.0,2,1261000.0,1360000.0,1252455.0404465697,34179.83821372116
010130.KS,010130,KOSPI,고려아연,KRLEVEL_RR|010130|2T|3673|3679|3680,3673,3679,3680,1666000.0,2,1642000.0,1660000.0,1637248.0000902868,19007.9996388523
010130.KS,010130,KOSPI,고려아연,KRLEVEL_RR|010130|2T|3692|3693|3695,3692,3693,3695,1863500.0,2,1660000.0,1868000.0,1651031.3106762136,35874.75729514537
010130.KS,010130,KOSPI,고려아연,KRLEVEL_RR|010130|3T|3743|3747|3748,3743,3747,3748,1598000.0,3,1560000.0,1607000.0,1548055.3233247977,47778.70670080948
010130.KS,010130,KOSPI,고려아연,KRLEVEL_RR|010130|4T|3780|3782|3784,3780,3782,3784,1684000.0,4,1592000.0,1680000.0,1585757.1590285515,24971.363885793522
010130.KS,010130,KOSPI,고려아연,KRLEVEL_RR|010130|2T|3855|3856|3857,3855,3856,3857,1482000.0,2,1450000.0,1477000.0,1442711.5648371114,29153.740651554326
010130.KS,010130,KOSPI,고려아연,KRLEVEL_RR|010130|3T|3882|3885|3887,3882,3885,3887,1593000.0,3,1563000.0,1584000.0,1556576.2126100431,25695.149559827234
010130.KS,010130,KOSPI,고려아연,KRLEVEL_RR|010130|3T|3965|3969|3971,3965,3969,3971,1605000.0,3,1561000.0,1608000.0,1554776.3600551556,24894.559779377585
010130.KS,010130,KOSPI,고려아연,KRLEVEL_RR|010130|2T|4002|4006|4007,4002,4006,4007,1497000.0,2,1491000.0,1494000.0,1484329.6245165654,26681.50193373871
010130.KS,010130,KOSPI,고려아연,KRLEVEL_RR|010130|3T|4295|4298|4299,4295,4298,4299,1059000.0,3,990000.0,1037000.0,983332.498832965,26670.004668139787
010130.KS,010130,KOSPI,고려아연,KRLEVEL_RR|010130|3T|4325|4327|4328,4325,4327,4328,972000.0,3,877000.0,972000.0,869758.7693146756,28964.9227412975
010130.KS,010130,KOSPI,고려아연,KRLEVEL_RR|010130|3T|4343|4344|4345,4343,4344,4345,1059000.0,3,1001000.0,1059000.0,994651.5742437082,25393.703025167284
010130.KS,010130,KOSPI,고려아연,KRLEVEL_RR|010130|5T|4359|4360|4361,4359,4360,4361,1098000.0,5,1086000.0,1094000.0,1074932.0072247894,44271.97110084215
316140.KS,316140,KOSPI,우리금융지주,KRLEVEL_RR|316140|3T|262|268|270,262,268,270,12530.0,3,12510.0,12540.0,12490.79856001177,76.80575995292034
316140.KS,316140,KOSPI,우리금융지주,KRLEVEL_RR|316140|3T|281|284|286,281,284,286,12530.0,3,12450.0,12490.0,12432.712951874011,69.14819250395666
316140.KS,316140,KOSPI,우리금융지주,KRLEVEL_RR|316140|2T|322|323|325,322,323,325,11795.0,2,11600.0,11800.0,11572.039145963994,111.84341614402305
316140.KS,316140,KOSPI,우리금융지주,KRLEVEL_RR|316140|3T|351|357|358,351,357,358,12250.0,3,12000.0,12230.0,11978.322557339923,86.70977064030949
316140.KS,316140,KOSPI,우리금융지주,KRLEVEL_RR|316140|2T|378|382|384,378,382,384,12335.0,2,12220.0,12350.0,12203.263703963983,66.94518414406596
316140.KS,316140,KOSPI,우리금융지주,KRLEVEL_RR|316140|3T|413|414|416,413,414,416,12630.0,3,12440.0,12610.0,12426.582205973586,53.671176105655185
316140.KS,316140,KOSPI,우리금융지주,KRLEVEL_RR|316140|3T|552|555|557,552,555,557,12980.0,3,12920.0,12970.0,12911.852806392902,32.58877442838738
316140.KS,316140,KOSPI,우리금융지주,KRLEVEL_RR|316140|2T|568|570|571,568,570,571,12845.0,2,12720.0,12800.0,12705.663879891363,57.34448043454929
316140.KS,316140,KOSPI,우리금융지주,KRLEVEL_RR|316140|2T|664|665|666,664,665,666,12685.0,2,12430.0,12680.0,12413.715894356752,65.13642257299334
316140.KS,316140,KOSPI,우리금융지주,KRLEVEL_RR|316140|4T|678|679|681,678,679,681,12980.0,4,12430.0,12990.0,12415.258211202432,58.96715519027472
316140.KS,316140,KOSPI,우리금융지주,KRLEVEL_RR|316140|2T|766|768|769,766,768,769,14865.0,2,14090.0,14880.0,14048.31337209736,166.74651161055613
316140.KS,316140,KOSPI,우리금융지주,KRLEVEL_RR|316140|2T|781|786|788,781,786,788,14725.0,2,14090.0,14650.0,14054.631810020763,141.4727599169497
316140.KS,316140,KOSPI,우리금융지주,KRLEVEL_RR|316140|2T|892|896|898,892,896,898,14725.0,2,14640.0,14680.0,14601.503610229598,153.98555908160765
316140.KS,316140,KOSPI,우리금융지주,KRLEVEL_RR|316140|2T|1025|1027|1028,1025,1027,1028,14065.0,2,13280.0,13980.0,13238.746008887032,165.0159644518691
316140.KS,316140,KOSPI,우리금융지주,KRLEVEL_RR|316140|8T|1078|1082|1084,1078,1082,1084,14145.0,8,13960.0,14110.0,13932.336037271876,110.65585091249528
316140.KS,316140,KOSPI,우리금융지주,KRLEVEL_RR|316140|2T|1119|1124|1126,1119,1124,1126,14610.0,2,14520.0,14570.0,14489.55843760834,121.76624956663711
316140.KS,316140,KOSPI,우리금융지주,KRLEVEL_RR|316140|7T|1180|1186|1188,1180,1186,1188,14150.0,7,14050.0,14130.0,14022.943167894176,108.22732842329529
316140.KS,316140,KOSPI,우리금융지주,KRLEVEL_RR|316140|5T|1258|1259|1261,1258,1259,1261,14170.0,5,13910.0,14170.0,13891.731692921303,73.07322831479134
316140.KS,316140,KOSPI,우리금융지주,KRLEVEL_RR|316140|4T|1291|1292|1293,1291,1292,1293,14290.0,4,14080.0,14310.0,14054.620728022126,101.51708791149827
316140.KS,316140,KOSPI,우리금융지주,KRLEVEL_RR|316140|5T|1312|1316|1318,1312,1316,1318,14630.0,5,14260.0,14630.0,14221.050036927985,155.79985228805586
316140.KS,316140,KOSPI,우리금융지주,KRLEVEL_RR|316140|4T|1341|1346|1348,1341,1346,1348,14635.0,4,14520.0,14650.0,14495.314895024178,98.74041990328831
316140.KS,316140,KOSPI,우리금융지주,KRLEVEL_RR|316140|2T|1459|1462|1463,1459,1462,1463,14370.0,2,13740.0,14020.0,13670.186672428978,279.2533102840931
316140.KS,316140,KOSPI,우리금융지주,KRLEVEL_RR|316140|5T|1476|1479|1481,1476,1479,1481,14640.0,5,14310.0,14620.0,14267.53013108682,169.87947565271728
316140.KS,316140,KOSPI,우리금융지주,KRLEVEL_RR|316140|4T|1528|1532|1534,1528,1532,1534,16555.0,4,16300.0,16510.0,16263.71214094712,145.15143621151879
316140.KS,316140,KOSPI,우리금융지주,KRLEVEL_RR|316140|2T|1561|1563|1564,1561,1563,1564,16035.0,2,15920.0,16020.0,15885.3644736592,138.5421053632053
316140.KS,316140,KOSPI,우리금융지주,KRLEVEL_RR|316140|2T|1626|1629|1630,1626,1629,1630,15720.0,2,15210.0,15650.0,15169.901252368194,160.39499052722087
316140.KS,316140,KOSPI,우리금융지주,KRLEVEL_RR|316140|2T|1648|1654|1655,1648,1654,1655,15805.0,2,15540.0,15630.0,15500.109804613026,159.560781547897
316140.KS,316140,KOSPI,우리금융지주,KRLEVEL_RR|316140|3T|1684|1690|1692,1684,1690,1692,15730.0,3,15360.0,15710.0,15329.542082980433,121.83166807826453
316140.KS,316140,KOSPI,우리금융지주,KRLEVEL_RR|316140|2T|1708|1709|1710,1708,1709,1710,16135.0,2,15800.0,16080.0,15763.37655324474,146.4937870210423
316140.KS,316140,KOSPI,우리금융지주,KRLEVEL_RR|316140|5T|1749|1750|1751,1749,1750,1751,16560.0,5,16300.0,16500.0,16273.700696999185,105.19721200325684
316140.KS,316140,KOSPI,우리금융지주,KRLEVEL_RR|316140|2T|1762|1763|1764,1762,1763,1764,16855.0,2,16500.0,16820.0,16471.440618001812,114.23752799274624
316140.KS,316140,KOSPI,우리금융지주,KRLEVEL_RR|316140|5T|1804|1809|1810,1804,1809,1810,15740.0,5,15500.0,15700.0,15467.07525777851,131.69896888595937
316140.KS,316140,KOSPI,우리금융지주,KRLEVEL_RR|316140|3T|1846|1848|1849,1846,1848,1849,15940.0,3,15820.0,15940.0,15794.170063641626,103.31974543349733
316140.KS,316140,KOSPI,우리금융지주,KRLEVEL_RR|316140|3T|1863|1865|1867,1863,1865,1867,16300.0,3,15870.0,16290.0,15841.28770971994,114.84916112024251
316140.KS,316140,KOSPI,우리금융지주,KRLEVEL_RR|316140|3T|1883|1884|1885,1883,1884,1885,16690.0,3,16530.0,16680.0,16503.614897879568,105.54040848172649
316140.KS,316140,KOSPI,우리금융지주,KRLEVEL_RR|316140|4T|1899|1905|1907,1899,1905,1907,16685.0,4,16510.0,16620.0,16483.073211061663,107.70715575334259
316140.KS,316140,KOSPI,우리금융지주,KRLEVEL_RR|316140|2T|1973|1975|1977,1973,1975,1977,15780.0,2,15280.0,15780.0,15252.213328893868,111.14668442453102
316140.KS,316140,KOSPI,우리금융지주,KRLEVEL_RR|316140|3T|2068|2073|2075,2068,2073,2075,15460.0,3,15220.0,15400.0,15198.284053368485,86.86378652606247
316140.KS,316140,KOSPI,우리금융지주,KRLEVEL_RR|316140|3T|2086|2088|2090,2086,2088,2090,15460.0,3,15440.0,15470.0,15418.120310710332,87.51875715867332
316140.KS,316140,KOSPI,우리금융지주,KRLEVEL_RR|316140|5T|2118|2119|2120,2118,2119,2120,15660.0,5,15410.0,15630.0,15388.742957219663,85.02817112134787
316140.KS,316140,KOSPI,우리금융지주,KRLEVEL_RR|316140|5T|2150|2155|2156,2150,2155,2156,15660.0,5,15510.0,15560.0,15482.70689813567,109.17240745732096
316140.KS,316140,KOSPI,우리금융지주,KRLEVEL_RR|316140|2T|2313|2317|2318,2313,2317,2318,16080.0,2,15920.0,16030.0,15896.07811582875,95.68753668500348
316140.KS,316140,KOSPI,우리금융지주,KRLEVEL_RR|316140|6T|2442|2444|2445,2442,2444,2445,16080.0,6,15780.0,15990.0,15743.124250116967,147.50299953213266
316140.KS,316140,KOSPI,우리금융지주,KRLEVEL_RR|316140|2T|2456|2459|2461,2456,2459,2461,16455.0,2,16300.0,16430.0,16277.311398298256,90.75440680697727
316140.KS,316140,KOSPI,우리금융지주,KRLEVEL_RR|316140|3T|2472|2473|2475,2472,2473,2475,16980.0,3,16380.0,16970.0,16356.465180427667,94.13927828933353
316140.KS,316140,KOSPI,우리금융지주,KRLEVEL_RR|316140|3T|2505|2508|2510,2505,2508,2510,17190.0,3,16630.0,17220.0,16596.945376486972,132.21849405211563
316140.KS,316140,KOSPI,우리금융지주,KRLEVEL_RR|316140|2T|2601|2605|2606,2601,2605,2606,18145.0,2,17860.0,18140.0,17836.159669126868,95.36132349252767
316140.KS,316140,KOSPI,우리금융지주,KRLEVEL_RR|316140|2T|2654|2655|2656,2654,2655,2656,20800.0,2,20000.0,20750.0,19937.909250217002,248.3629991319958
316140.KS,316140,KOSPI,우리금융지주,KRLEVEL_RR|316140|3T|2684|2688|2690,2684,2688,2690,20800.0,3,20250.0,20600.0,20179.40040617736,282.39837529056825
316140.KS,316140,KOSPI,우리금융지주,KRLEVEL_RR|316140|3T|2702|2708|2709,2702,2708,2709,20800.0,3,20250.0,20850.0,20186.938763259575,252.2449469617032
316140.KS,316140,KOSPI,우리금융지주,KRLEVEL_RR|316140|2T|2929|2934|2936,2929,2934,2936,25075.0,2,24750.0,25100.0,24691.601963151646,233.59214739341587
316140.KS,316140,KOSPI,우리금융지주,KRLEVEL_RR|316140|6T|3045|3047|3049,3045,3047,3049,25500.0,6,24025.0,25400.0,23960.794006309607,256.8239747615731
316140.KS,316140,KOSPI,우리금융지주,KRLEVEL_RR|316140|2T|3105|3108|3110,3105,3108,3110,26475.0,2,26050.0,26450.0,25995.25927490962,218.96290036152558
316140.KS,316140,KOSPI,우리금융지주,KRLEVEL_RR|316140|3T|3138|3139|3140,3138,3139,3140,25850.0,3,25650.0,25850.0,25585.873124931,256.50750027600486
316140.KS,316140,KOSPI,우리금융지주,KRLEVEL_RR|316140|3T|3157|3162|3164,3157,3162,3164,24900.0,3,24750.0,24850.0,24680.464910483,278.1403580680004
316140.KS,316140,KOSPI,우리금융지주,KRLEVEL_RR|316140|3T|3177|3180|3182,3177,3180,3182,25300.0,3,24800.0,25250.0,24740.53422118877,237.86311524492822
316140.KS,316140,KOSPI,우리금융지주,KRLEVEL_RR|316140|6T|3252|3255|3257,3252,3255,3257,25850.0,6,25300.0,25650.0,25217.912561359382,328.34975456246633
316140.KS,316140,KOSPI,우리금융지주,KRLEVEL_RR|316140|7T|3272|3275|3276,3272,3275,3276,26150.0,7,25650.0,26200.0,25554.984283825765,380.0628646969432
316140.KS,316140,KOSPI,우리금융지주,KRLEVEL_RR|316140|5T|3287|3288|3289,3287,3288,3289,26600.0,5,25900.0,26600.0,25823.621050925278,305.5157962988899
316140.KS,316140,KOSPI,우리금융지주,KRLEVEL_RR|316140|6T|3349|3354|3356,3349,3354,3356,26150.0,6,25650.0,26200.0,25593.638929637193,225.44428145123538
316140.KS,316140,KOSPI,우리금융지주,KRLEVEL_RR|316140|3T|3445|3447|3449,3445,3447,3449,27650.0,3,27200.0,27650.0,27142.570412715908,229.71834913636138
316140.KS,316140,KOSPI,우리금융지주,KRLEVEL_RR|316140|5T|3500|3501|3502,3500,3501,3502,28100.0,5,27500.0,28100.0,27440.756985298038,236.97205880784534
316140.KS,316140,KOSPI,우리금융지주,KRLEVEL_RR|316140|3T|3528|3531|3532,3528,3531,3532,27650.0,3,27000.0,27550.0,26946.74050748897,213.03797004412863
316140.KS,316140,KOSPI,우리금융지주,KRLEVEL_RR|316140|2T|3554|3555|3557,3554,3555,3557,27625.0,2,27450.0,27600.0,27394.9031018176,220.38759272960408
316140.KS,316140,KOSPI,우리금융지주,KRLEVEL_RR|316140|2T|3576|3578|3580,3576,3578,3580,29200.0,2,28250.0,29250.0,28183.53548850367,265.85804598531973
316140.KS,316140,KOSPI,우리금융지주,KRLEVEL_RR|316140|2T|3734|3735|3736,3734,3735,3736,32600.0,2,32000.0,32650.0,31792.20929979354,831.1628008258429
316140.KS,316140,KOSPI,우리금융지주,KRLEVEL_RR|316140|3T|3777|3778|3779,3777,3778,3779,32600.0,3,31750.0,32550.0,31621.70335133334,513.1865946666401
316140.KS,316140,KOSPI,우리금융지주,KRLEVEL_RR|316140|5T|3809|3815|3816,3809,3815,3816,33100.0,5,31550.0,32800.0,31423.44511860589,506.21952557644465
316140.KS,316140,KOSPI,우리금융지주,KRLEVEL_RR|316140|4T|3839|3841|3843,3839,3841,3843,32600.0,4,31550.0,32600.0,31414.447884362326,542.2084625506922
316140.KS,316140,KOSPI,우리금융지주,KRLEVEL_RR|316140|3T|3881|3882|3884,3881,3882,3884,33950.0,3,31850.0,33750.0,31734.082218758085,463.67112496765196
316140.KS,316140,KOSPI,우리금융지주,KRLEVEL_RR|316140|3T|4043|4045|4047,4043,4045,4047,31200.0,3,29850.0,31050.0,29729.13575067548,483.4569972980898
316140.KS,316140,KOSPI,우리금융지주,KRLEVEL_RR|316140|2T|4087|4089|4091,4087,4089,4091,30525.0,2,29400.0,30500.0,29263.075972264527,547.6961109418949
316140.KS,316140,KOSPI,우리금융지주,KRLEVEL_RR|316140|2T|4121|4122|4124,4121,4122,4124,30875.0,2,28950.0,31000.0,28812.703609602406,549.1855615903748
316140.KS,316140,KOSPI,우리금융지주,KRLEVEL_RR|316140|4T|4207|4211|4213,4207,4211,4213,30500.0,4,28450.0,30050.0,28302.025979291044,591.8960828358292
316140.KS,316140,KOSPI,우리금융지주,KRLEVEL_RR|316140|4T|4238|4239|4241,4238,4239,4241,30500.0,4,30150.0,30400.0,29964.123079508954,743.5076819641872
316140.KS,316140,KOSPI,우리금융지주,KRLEVEL_RR|316140|2T|4259|4260|4261,4259,4260,4261,30875.0,2,30550.0,30800.0,30387.974892007387,648.1004319704563
316140.KS,316140,KOSPI,우리금융지주,KRLEVEL_RR|316140|4T|4275|4281|4283,4275,4281,4283,30500.0,4,30450.0,30600.0,30309.99577003946,560.0169198421657
316140.KS,316140,KOSPI,우리금융지주,KRLEVEL_RR|316140|4T|4299|4300|4301,4299,4300,4301,30500.0,4,30400.0,30550.0,30247.68857152265,609.245713909402
316140.KS,316140,KOSPI,우리금융지주,KRLEVEL_RR|316140|3T|4319|4325|4327,4319,4325,4327,32900.0,3,31200.0,32400.0,31005.17186408242,779.3125436703328
316140.KS,316140,KOSPI,우리금융지주,KRLEVEL_RR|316140|3T|4339|4340|4342,4339,4340,4342,32900.0,3,32500.0,32900.0,32359.81354692751,560.7458122899596
316140.KS,316140,KOSPI,우리금융지주,KRLEVEL_RR|316140|4T|4353|4354|4355,4353,4354,4355,33675.0,4,33100.0,33500.0,32969.86792259878,520.5283096048879
015760.KS,015760,KOSPI,한국전력,KRLEVEL_RR|015760|2T|359|360|362,359,360,362,17115.0,2,16800.0,17110.0,16757.983597497907,168.06561000837277
015760.KS,015760,KOSPI,한국전력,KRLEVEL_RR|015760|4T|379|380|382,379,380,382,16980.0,4,16750.0,16950.0,16694.387715937894,222.4491362484247
015760.KS,015760,KOSPI,한국전력,KRLEVEL_RR|015760|3T|396|398|399,396,398,399,17650.0,3,16760.0,17540.0,16706.960421806285,212.15831277486706
015760.KS,015760,KOSPI,한국전력,KRLEVEL_RR|015760|4T|422|423|424,422,423,424,18060.0,4,17910.0,18060.0,17881.492055797953,114.03177680818814
015760.KS,015760,KOSPI,한국전력,KRLEVEL_RR|015760|3T|465|469|471,465,469,471,19060.0,3,18680.0,19050.0,18644.831298734276,140.6748050628919
015760.KS,015760,KOSPI,한국전력,KRLEVEL_RR|015760|2T|513|514|516,513,514,516,19195.0,2,19110.0,19180.0,19079.06776346221,123.72894615116043
015760.KS,015760,KOSPI,한국전력,KRLEVEL_RR|015760|3T|580|581|582,580,581,582,19060.0,3,18700.0,19050.0,18659.714160141062,161.14335943574466
015760.KS,015760,KOSPI,한국전력,KRLEVEL_RR|015760|5T|604|605|606,604,605,606,18910.0,5,18640.0,18860.0,18603.079459813038,147.6821607478427
015760.KS,015760,KOSPI,한국전력,KRLEVEL_RR|015760|3T|634|635|636,634,635,636,19200.0,3,18540.0,19130.0,18497.853113504967,168.58754598012894
015760.KS,015760,KOSPI,한국전력,KRLEVEL_RR|015760|5T|679|680|681,679,680,681,18910.0,5,18280.0,18870.0,18239.587221933332,161.65111226666875
015760.KS,015760,KOSPI,한국전력,KRLEVEL_RR|015760|2T|698|703|704,698,703,704,19495.0,2,19140.0,19420.0,19097.783806818083,168.8647727276642
015760.KS,015760,KOSPI,한국전력,KRLEVEL_RR|015760|3T|864|866|868,864,866,868,24050.0,3,23250.0,23950.0,23163.32244519843,346.71021920626794
015760.KS,015760,KOSPI,한국전력,KRLEVEL_RR|015760|3T|1055|1056|1057,1055,1056,1057,21100.0,3,20750.0,21100.0,20696.97738941339,212.09044234643798
015760.KS,015760,KOSPI,한국전력,KRLEVEL_RR|015760|2T|1193|1197|1198,1193,1197,1198,19965.0,2,19070.0,19940.0,19006.023331594333,255.9066736226602
015760.KS,015760,KOSPI,한국전력,KRLEVEL_RR|015760|3T|1252|1255|1257,1252,1255,1257,19940.0,3,19700.0,19920.0,19671.26314761765,114.9474095294028
015760.KS,015760,KOSPI,한국전력,KRLEVEL_RR|015760|2T|1294|1300|1302,1294,1300,1302,19390.0,2,19210.0,19410.0,19180.503076896108,117.98769241557127
015760.KS,015760,KOSPI,한국전력,KRLEVEL_RR|015760|2T|1324|1329|1330,1324,1329,1330,19365.0,2,19220.0,19330.0,19191.734298738294,113.0628050468214
015760.KS,015760,KOSPI,한국전력,KRLEVEL_RR|015760|4T|1373|1375|1376,1373,1375,1376,19600.0,4,19470.0,19560.0,19446.205468470373,95.17812611850877
015760.KS,015760,KOSPI,한국전력,KRLEVEL_RR|015760|3T|1408|1412|1414,1408,1412,1414,19380.0,3,19250.0,19350.0,19223.920522946002,104.31790821599591
015760.KS,015760,KOSPI,한국전력,KRLEVEL_RR|015760|5T|1430|1434|1436,1430,1434,1436,19610.0,5,19570.0,19610.0,19545.266903282863,98.93238686854657
015760.KS,015760,KOSPI,한국전력,KRLEVEL_RR|015760|2T|1512|1513|1514,1512,1513,1514,19725.0,2,19180.0,19710.0,19144.69892018797,141.20431924812144
015760.KS,015760,KOSPI,한국전력,KRLEVEL_RR|015760|2T|1631|1633|1634,1631,1633,1634,21875.0,2,21700.0,21850.0,21637.282589922528,250.86964030989193
015760.KS,015760,KOSPI,한국전력,KRLEVEL_RR|015760|3T|1660|1661|1663,1660,1661,1663,20350.0,3,19850.0,20400.0,19792.11077985293,231.55688058827488
015760.KS,015760,KOSPI,한국전력,KRLEVEL_RR|015760|2T|1710|1712|1714,1710,1712,1714,20325.0,2,19850.0,20350.0,19805.20158304365,179.19366782540405
015760.KS,015760,KOSPI,한국전력,KRLEVEL_RR|015760|2T|1736|1737|1738,1736,1737,1738,20825.0,2,20450.0,20750.0,20395.23234597239,219.07061611044801
015760.KS,015760,KOSPI,한국전력,KRLEVEL_RR|015760|3T|1751|1756|1757,1751,1756,1757,22600.0,3,21600.0,22200.0,21486.501527129236,453.9938914830636
015760.KS,015760,KOSPI,한국전력,KRLEVEL_RR|015760|2T|1877|1880|1882,1877,1880,1882,23600.0,2,22550.0,23600.0,22485.433227536643,258.2670898534335
015760.KS,015760,KOSPI,한국전력,KRLEVEL_RR|015760|2T|1917|1920|1922,1917,1920,1922,24000.0,2,23950.0,24000.0,23894.217530501923,223.12987799231152
015760.KS,015760,KOSPI,한국전력,KRLEVEL_RR|015760|2T|2103|2105|2107,2103,2105,2107,20625.0,2,20150.0,20550.0,20104.38552247883,182.45791008467793
015760.KS,015760,KOSPI,한국전력,KRLEVEL_RR|015760|2T|2156|2159|2161,2156,2159,2161,20875.0,2,20550.0,20900.0,20505.14236922423,179.43052310307684
015760.KS,015760,KOSPI,한국전력,KRLEVEL_RR|015760|2T|2194|2196|2198,2194,2196,2198,20550.0,2,20500.0,20550.0,20462.06069352055,151.7572259178024
015760.KS,015760,KOSPI,한국전력,KRLEVEL_RR|015760|2T|2216|2220|2222,2216,2220,2222,21275.0,2,20950.0,21250.0,20904.026989035297,183.89204385880416
015760.KS,015760,KOSPI,한국전력,KRLEVEL_RR|015760|4T|2267|2269|2270,2267,2269,2270,21375.0,4,21050.0,21250.0,20959.43188171583,362.2724731366697
015760.KS,015760,KOSPI,한국전력,KRLEVEL_RR|015760|2T|2426|2429|2430,2426,2429,2430,22625.0,2,22250.0,22550.0,22190.38306024063,238.46775903748465
015760.KS,015760,KOSPI,한국전력,KRLEVEL_RR|015760|2T|2498|2501|2502,2498,2501,2502,25375.0,2,24850.0,25350.0,24796.111213565324,215.5551457387004
015760.KS,015760,KOSPI,한국전력,KRLEVEL_RR|015760|2T|2513|2514|2516,2513,2514,2516,25375.0,2,25050.0,25350.0,24989.452183264788,242.19126694084437
015760.KS,015760,KOSPI,한국전력,KRLEVEL_RR|015760|2T|2714|2715|2716,2714,2715,2716,31600.0,2,27900.0,31600.0,27720.754623441106,716.981506235571
015760.KS,015760,KOSPI,한국전력,KRLEVEL_RR|015760|2T|2889|2892|2894,2889,2892,2894,37100.0,2,36400.0,37200.0,36252.5885793475,589.6456826099968
015760.KS,015760,KOSPI,한국전력,KRLEVEL_RR|015760|2T|2942|2943|2944,2942,2943,2944,39600.0,2,38750.0,39750.0,38586.94493650372,652.2202539851194
015760.KS,015760,KOSPI,한국전력,KRLEVEL_RR|015760|2T|2959|2960|2961,2959,2960,2961,37100.0,2,34100.0,37300.0,33881.40248545639,874.3900581744487
015760.KS,015760,KOSPI,한국전력,KRLEVEL_RR|015760|2T|2982|2983|2984,2982,2983,2984,37100.0,2,36500.0,36950.0,36359.839708502775,560.6411659888912
015760.KS,015760,KOSPI,한국전력,KRLEVEL_RR|015760|2T|3020|3024|3025,3020,3024,3025,37200.0,2,36650.0,37050.0,36564.22897856419,343.08408574322164
015760.KS,015760,KOSPI,한국전력,KRLEVEL_RR|015760|4T|3044|3046|3048,3044,3046,3048,38425.0,4,36450.0,38500.0,36362.560588722714,349.75764510914706
015760.KS,015760,KOSPI,한국전력,KRLEVEL_RR|015760|2T|3103|3106|3108,3103,3106,3108,36800.0,2,35650.0,36700.0,35565.51221499513,337.9511400194864
015760.KS,015760,KOSPI,한국전력,KRLEVEL_RR|015760|7T|3158|3160|3162,3158,3160,3162,37200.0,7,35100.0,37200.0,34959.71053053362,561.1578778655006
015760.KS,015760,KOSPI,한국전력,KRLEVEL_RR|015760|3T|3218|3222|3224,3218,3222,3224,43950.0,3,42400.0,43750.0,42190.71882359238,837.1247056304826
015760.KS,015760,KOSPI,한국전력,KRLEVEL_RR|015760|3T|3242|3244|3245,3242,3244,3245,43950.0,3,42500.0,44100.0,42308.81043322098,764.7582671160786
015760.KS,015760,KOSPI,한국전력,KRLEVEL_RR|015760|4T|3273|3276|3278,3273,3276,3278,45425.0,4,43200.0,45550.0,42921.60016207258,1113.5993517096717
015760.KS,015760,KOSPI,한국전력,KRLEVEL_RR|015760|2T|3301|3305|3307,3301,3305,3307,48700.0,2,46800.0,48800.0,46518.557896766506,1125.7684129339686
015760.KS,015760,KOSPI,한국전력,KRLEVEL_RR|015760|2T|3320|3321|3322,3320,3321,3322,48700.0,2,46350.0,48675.0,46085.958700821444,1056.165196714229
015760.KS,015760,KOSPI,한국전력,KRLEVEL_RR|015760|2T|3337|3338|3339,3337,3338,3339,49950.0,2,47250.0,49900.0,47021.49255332591,914.0297866963664
015760.KS,015760,KOSPI,한국전력,KRLEVEL_RR|015760|2T|3381|3382|3383,3381,3382,3383,50450.0,2,50200.0,50300.0,50019.546373326375,721.814506694507
015760.KS,015760,KOSPI,한국전력,KRLEVEL_RR|015760|2T|3398|3400|3402,3398,3400,3402,50450.0,2,50400.0,50500.0,50255.434468293555,578.2621268257781
015760.KS,015760,KOSPI,한국전력,KRLEVEL_RR|015760|2T|3415|3419|3421,3415,3419,3421,49750.0,2,48900.0,49550.0,48752.1460267512,591.4158929952084
015760.KS,015760,KOSPI,한국전력,KRLEVEL_RR|015760|3T|3516|3520|3522,3516,3520,3522,49450.0,3,49250.0,49300.0,49108.67095820145,565.3161671942021
015760.KS,015760,KOSPI,한국전력,KRLEVEL_RR|015760|3T|3545|3546|3547,3545,3546,3547,54000.0,3,52700.0,54000.0,52489.20243323523,843.1902670590929
015760.KS,015760,KOSPI,한국전력,KRLEVEL_RR|015760|3T|3688|3690|3692,3688,3690,3692,62100.0,3,61700.0,61800.0,61490.40209302601,838.3916278959649
015760.KS,015760,KOSPI,한국전력,KRLEVEL_RR|015760|3T|3893|3898|3899,3893,3898,3899,44250.0,3,41750.0,44200.0,41580.78691776158,676.8523289536943
015760.KS,015760,KOSPI,한국전력,KRLEVEL_RR|015760|2T|3911|3914|3916,3911,3914,3916,45800.0,2,44200.0,45700.0,44071.96446369971,512.1421452011463
015760.KS,015760,KOSPI,한국전력,KRLEVEL_RR|015760|3T|4043|4045|4046,4043,4045,4046,39650.0,3,36200.0,39500.0,36018.0049868491,727.9800526036006
015760.KS,015760,KOSPI,한국전력,KRLEVEL_RR|015760|4T|4175|4179|4180,4175,4179,4180,38575.0,4,36100.0,38550.0,35920.646363276974,717.4145468920907
015760.KS,015760,KOSPI,한국전력,KRLEVEL_RR|015760|4T|4337|4341|4343,4337,4341,4343,34900.0,4,33650.0,34950.0,33465.136516981474,739.4539320741134
096770.KS,096770,KOSPI,SK이노베이션,KRLEVEL_RR|096770|3T|338|341|342,338,341,342,126200.0,3,120100.0,126600.0,119533.15606989161,2267.3757204335534
096770.KS,096770,KOSPI,SK이노베이션,KRLEVEL_RR|096770|2T|412|414|415,412,414,415,140400.0,2,135200.0,140400.0,134848.53319018736,1405.8672392505111
096770.KS,096770,KOSPI,SK이노베이션,KRLEVEL_RR|096770|3T|451|452|453,451,452,453,141200.0,3,140400.0,141000.0,140128.3699248562,1086.520300575159
096770.KS,096770,KOSPI,SK이노베이션,KRLEVEL_RR|096770|3T|519|520|521,519,520,521,135800.0,3,130800.0,135800.0,130449.6239511647,1401.504195341175
096770.KS,096770,KOSPI,SK이노베이션,KRLEVEL_RR|096770|2T|533|536|537,533,536,537,137750.0,2,136700.0,137700.0,136428.38499597754,1086.4600160898876
096770.KS,096770,KOSPI,SK이노베이션,KRLEVEL_RR|096770|2T|561|562|563,561,562,563,137750.0,2,136600.0,137700.0,136333.00968096076,1067.9612761569874
096770.KS,096770,KOSPI,SK이노베이션,KRLEVEL_RR|096770|2T|682|686|688,682,686,688,115000.0,2,108900.0,115400.0,108456.92181848153,1772.312726073887
096770.KS,096770,KOSPI,SK이노베이션,KRLEVEL_RR|096770|3T|763|764|766,763,764,766,125700.0,3,120900.0,126000.0,120545.91290865523,1416.3483653790825
096770.KS,096770,KOSPI,SK이노베이션,KRLEVEL_RR|096770|2T|839|842|844,839,842,844,117550.0,2,116200.0,117100.0,115854.18308192694,1383.267672292259
096770.KS,096770,KOSPI,SK이노베이션,KRLEVEL_RR|096770|2T|860|863|864,860,863,864,120350.0,2,117500.0,119600.0,117200.26245565251,1198.9501773899608
096770.KS,096770,KOSPI,SK이노베이션,KRLEVEL_RR|096770|4T|888|889|890,888,889,890,123850.0,4,119500.0,123400.0,119068.38552979167,1726.457880833298
096770.KS,096770,KOSPI,SK이노베이션,KRLEVEL_RR|096770|4T|904|909|910,904,909,910,119900.0,4,119600.0,119700.0,119274.02056476017,1303.9177409593456
096770.KS,096770,KOSPI,SK이노베이션,KRLEVEL_RR|096770|2T|1025|1031|1032,1025,1031,1032,107600.0,2,104700.0,107500.0,104349.69977170069,1401.2009131972306
096770.KS,096770,KOSPI,SK이노베이션,KRLEVEL_RR|096770|3T|1054|1055|1056,1054,1055,1056,110200.0,3,106000.0,109700.0,105648.22268673334,1407.109253066652
096770.KS,096770,KOSPI,SK이노베이션,KRLEVEL_RR|096770|2T|1069|1074|1076,1069,1074,1076,109400.0,2,108600.0,109000.0,108327.23172919815,1091.0730832074144
096770.KS,096770,KOSPI,SK이노베이션,KRLEVEL_RR|096770|2T|1232|1234|1236,1232,1234,1236,104500.0,2,102800.0,104400.0,102465.58584898975,1337.6566040409675
096770.KS,096770,KOSPI,SK이노베이션,KRLEVEL_RR|096770|3T|1288|1292|1293,1288,1292,1293,110200.0,3,106100.0,109000.0,105614.2073735991,1943.1705056036192
096770.KS,096770,KOSPI,SK이노베이션,KRLEVEL_RR|096770|2T|1309|1310|1312,1309,1310,1312,112700.0,2,111700.0,113200.0,111152.72546410207,2189.0981435917442
096770.KS,096770,KOSPI,SK이노베이션,KRLEVEL_RR|096770|2T|1372|1373|1374,1372,1373,1374,117050.0,2,107800.0,116500.0,107231.39872199134,2274.405112034662
096770.KS,096770,KOSPI,SK이노베이션,KRLEVEL_RR|096770|3T|1438|1440|1441,1438,1440,1441,105100.0,3,104200.0,104500.0,103924.27730284169,1102.8907886332709
096770.KS,096770,KOSPI,SK이노베이션,KRLEVEL_RR|096770|3T|1517|1520|1522,1517,1520,1522,103600.0,3,102100.0,103700.0,101772.09482039217,1311.6207184313332
096770.KS,096770,KOSPI,SK이노베이션,KRLEVEL_RR|096770|2T|1535|1539|1540,1535,1539,1540,106650.0,2,103300.0,106300.0,102969.74559951379,1321.0176019448552
096770.KS,096770,KOSPI,SK이노베이션,KRLEVEL_RR|096770|4T|1560|1561|1563,1560,1561,1563,107800.0,4,105800.0,107800.0,105511.49145469567,1154.0341812172933
096770.KS,096770,KOSPI,SK이노베이션,KRLEVEL_RR|096770|4T|1582|1587|1589,1582,1587,1589,107800.0,4,105200.0,106900.0,104883.39902293756,1266.4039082497484
096770.KS,096770,KOSPI,SK이노베이션,KRLEVEL_RR|096770|2T|1600|1602|1604,1600,1602,1604,108350.0,2,105900.0,108300.0,105646.8419187892,1012.6323248432194
096770.KS,096770,KOSPI,SK이노베이션,KRLEVEL_RR|096770|5T|1636|1638|1640,1636,1638,1640,111300.0,5,109700.0,111300.0,109461.68948263476,953.242069460993
096770.KS,096770,KOSPI,SK이노베이션,KRLEVEL_RR|096770|2T|1694|1696|1697,1694,1696,1697,118650.0,2,114000.0,116000.0,113606.26935738629,1574.9225704548392
096770.KS,096770,KOSPI,SK이노베이션,KRLEVEL_RR|096770|4T|1733|1736|1738,1733,1736,1738,112550.0,4,111400.0,112000.0,111051.46463979196,1394.1414408321941
096770.KS,096770,KOSPI,SK이노베이션,KRLEVEL_RR|096770|2T|1749|1751|1753,1749,1751,1753,112800.0,2,110600.0,112500.0,110263.49046931123,1346.0381227550918
096770.KS,096770,KOSPI,SK이노베이션,KRLEVEL_RR|096770|2T|1770|1771|1772,1770,1771,1772,119600.0,2,113800.0,119900.0,113432.87867112712,1468.4853154915058
096770.KS,096770,KOSPI,SK이노베이션,KRLEVEL_RR|096770|3T|1869|1872|1874,1869,1872,1874,112500.0,3,98900.0,112800.0,98329.62253550734,2281.5098579706546
096770.KS,096770,KOSPI,SK이노베이션,KRLEVEL_RR|096770|2T|1941|1944|1945,1941,1944,1945,113850.0,2,112200.0,113700.0,111779.84174460912,1680.633021563549
096770.KS,096770,KOSPI,SK이노베이션,KRLEVEL_RR|096770|3T|1970|1972|1973,1970,1972,1973,117200.0,3,116600.0,117400.0,116196.2637585348,1614.944965860808
096770.KS,096770,KOSPI,SK이노베이션,KRLEVEL_RR|096770|2T|2019|2021|2022,2019,2021,2022,114750.0,2,112600.0,113600.0,112253.46633768456,1386.1346492617668
096770.KS,096770,KOSPI,SK이노베이션,KRLEVEL_RR|096770|3T|2042|2043|2044,2042,2043,2044,115500.0,3,110300.0,115300.0,109887.58574684279,1649.6570126288455
096770.KS,096770,KOSPI,SK이노베이션,KRLEVEL_RR|096770|3T|2055|2061|2062,2055,2061,2062,120800.0,3,110300.0,121100.0,109920.04661853753,1519.8135258499176
096770.KS,096770,KOSPI,SK이노베이션,KRLEVEL_RR|096770|3T|2103|2105|2107,2103,2105,2107,128500.0,3,124600.0,128400.0,124273.26333547584,1306.9466580966441
096770.KS,096770,KOSPI,SK이노베이션,KRLEVEL_RR|096770|2T|2128|2133|2134,2128,2133,2134,127500.0,2,123300.0,126800.0,122918.60184974855,1525.5926010057838
096770.KS,096770,KOSPI,SK이노베이션,KRLEVEL_RR|096770|2T|2200|2204|2205,2200,2204,2205,123250.0,2,120300.0,120700.0,119904.12014490546,1583.5194203781139
096770.KS,096770,KOSPI,SK이노베이션,KRLEVEL_RR|096770|3T|2216|2220|2221,2216,2220,2221,129100.0,3,120700.0,128600.0,120383.77865253841,1264.8853898463485
096770.KS,096770,KOSPI,SK이노베이션,KRLEVEL_RR|096770|3T|2243|2247|2249,2243,2247,2249,129800.0,3,128000.0,128500.0,127651.17231936876,1395.3107225249505
096770.KS,096770,KOSPI,SK이노베이션,KRLEVEL_RR|096770|2T|2279|2283|2284,2279,2283,2284,126100.0,2,124000.0,125000.0,123580.92065086326,1676.3173965469298
096770.KS,096770,KOSPI,SK이노베이션,KRLEVEL_RR|096770|4T|2295|2296|2297,2295,2296,2297,133450.0,4,124000.0,133500.0,123486.2241531885,2055.103387246018
096770.KS,096770,KOSPI,SK이노베이션,KRLEVEL_RR|096770|2T|2488|2490|2492,2488,2490,2492,94150.0,2,91800.0,94200.0,91588.66697853965,845.3320858413882
096770.KS,096770,KOSPI,SK이노베이션,KRLEVEL_RR|096770|2T|2620|2622|2624,2620,2622,2624,89400.0,2,80900.0,89600.0,80539.78679567929,1440.8528172828348
096770.KS,096770,KOSPI,SK이노베이션,KRLEVEL_RR|096770|2T|2636|2642|2643,2636,2642,2643,90750.0,2,88100.0,90300.0,87761.44430079238,1354.2227968304694
096770.KS,096770,KOSPI,SK이노베이션,KRLEVEL_RR|096770|5T|2657|2663|2664,2657,2663,2664,94100.0,5,90500.0,93600.0,90201.8017354979,1192.7930580084396
096770.KS,096770,KOSPI,SK이노베이션,KRLEVEL_RR|096770|2T|2703|2707|2708,2703,2707,2708,102250.0,2,97500.0,101200.0,96907.31594417403,2370.736223303899
096770.KS,096770,KOSPI,SK이노베이션,KRLEVEL_RR|096770|3T|2828|2829|2830,2828,2829,2830,113800.0,3,111000.0,113800.0,110702.34990293207,1190.6003882717453
096770.KS,096770,KOSPI,SK이노베이션,KRLEVEL_RR|096770|3T|2846|2850|2851,2846,2850,2851,116000.0,3,113100.0,115100.0,112798.83079411372,1204.6768235451073
096770.KS,096770,KOSPI,SK이노베이션,KRLEVEL_RR|096770|4T|2870|2871|2872,2870,2871,2872,116000.0,4,109800.0,115000.0,109408.38387664245,1566.4644934302187
096770.KS,096770,KOSPI,SK이노베이션,KRLEVEL_RR|096770|2T|3033|3036|3038,3033,3036,3038,105850.0,2,103100.0,105600.0,102882.07861870248,871.6855251900678
096770.KS,096770,KOSPI,SK이노베이션,KRLEVEL_RR|096770|2T|3081|3084|3085,3081,3084,3085,105850.0,2,105700.0,105800.0,105523.60880361171,705.5647855531198
096770.KS,096770,KOSPI,SK이노베이션,KRLEVEL_RR|096770|3T|3153|3157|3158,3153,3157,3158,102100.0,3,102000.0,102200.0,101643.53953885398,1425.8418445840664
096770.KS,096770,KOSPI,SK이노베이션,KRLEVEL_RR|096770|2T|3285|3291|3292,3285,3291,3292,125950.0,2,114600.0,125000.0,114152.16751272409,1791.3299491036557
096770.KS,096770,KOSPI,SK이노베이션,KRLEVEL_RR|096770|2T|3529|3535|3536,3529,3535,3536,102875.0,2,99300.0,102700.0,99044.85326547854,1020.5869380858401
096770.KS,096770,KOSPI,SK이노베이션,KRLEVEL_RR|096770|2T|3570|3573|3574,3570,3573,3574,110500.0,2,104700.0,110200.0,104315.02023760435,1539.9190495826285
096770.KS,096770,KOSPI,SK이노베이션,KRLEVEL_RR|096770|2T|3600|3601|3602,3600,3601,3602,109100.0,2,106500.0,109500.0,106080.80990205402,1676.7603917838974
096770.KS,096770,KOSPI,SK이노베이션,KRLEVEL_RR|096770|3T|3641|3646|3647,3641,3646,3647,109200.0,3,104800.0,108500.0,104375.09524885107,1699.6190045957198
096770.KS,096770,KOSPI,SK이노베이션,KRLEVEL_RR|096770|2T|3659|3663|3664,3659,3663,3664,114600.0,2,108200.0,114700.0,107832.09399475953,1471.6240209618743
096770.KS,096770,KOSPI,SK이노베이션,KRLEVEL_RR|096770|2T|3725|3727|3729,3725,3727,3729,117450.0,2,108100.0,117900.0,106786.38649651055,5254.454013957809
096770.KS,096770,KOSPI,SK이노베이션,KRLEVEL_RR|096770|2T|3779|3780|3781,3779,3780,3781,112050.0,2,108500.0,112400.0,108055.98266729245,1776.0693308301948
096770.KS,096770,KOSPI,SK이노베이션,KRLEVEL_RR|096770|4T|3809|3811|3812,3809,3811,3812,112500.0,4,105700.0,111600.0,105198.97302472859,2004.107901085646
096770.KS,096770,KOSPI,SK이노베이션,KRLEVEL_RR|096770|2T|3824|3825|3826,3824,3825,3826,110000.0,2,106300.0,109600.0,105846.99223808969,1812.0310476412365
096770.KS,096770,KOSPI,SK이노베이션,KRLEVEL_RR|096770|2T|3842|3843|3845,3842,3843,3845,112750.0,2,108600.0,112700.0,108062.53169199363,2149.8732320254585
096770.KS,096770,KOSPI,SK이노베이션,KRLEVEL_RR|096770|3T|3876|3880|3881,3876,3880,3881,122500.0,3,115500.0,122200.0,114946.21472196486,2215.141112140568
096770.KS,096770,KOSPI,SK이노베이션,KRLEVEL_RR|096770|3T|3905|3906|3908,3905,3906,3908,124500.0,3,118600.0,124500.0,118177.81167402717,1688.75330389132
096770.KS,096770,KOSPI,SK이노베이션,KRLEVEL_RR|096770|4T|4223|4226|4228,4223,4226,4228,98450.0,4,91000.0,99000.0,90389.19654444602,2443.213822215928
096770.KS,096770,KOSPI,SK이노베이션,KRLEVEL_RR|096770|2T|4241|4246|4247,4241,4246,4247,103250.0,2,97900.0,102700.0,97092.33852414253,3230.6459034299096
096770.KS,096770,KOSPI,SK이노베이션,KRLEVEL_RR|096770|2T|4263|4264|4265,4263,4264,4265,116250.0,2,105800.0,115700.0,104903.41774599445,3586.329016022212
096770.KS,096770,KOSPI,SK이노베이션,KRLEVEL_RR|096770|3T|4280|4281|4283,4280,4281,4283,116300.0,3,112300.0,116000.0,111486.89922809905,3252.403087603783
096770.KS,096770,KOSPI,SK이노베이션,KRLEVEL_RR|096770|6T|4332|4336|4337,4332,4336,4337,107350.0,6,104000.0,106400.0,103168.47918109436,3326.0832756225914
096770.KS,096770,KOSPI,SK이노베이션,KRLEVEL_RR|096770|2T|4348|4353|4354,4348,4353,4354,108050.0,2,106400.0,106900.0,105910.35895694645,1958.5641722141945
006800.KS,006800,KOSPI,미래에셋증권,KRLEVEL_RR|006800|2T|324|329|330,324,329,330,6552.03271484375,2,6373.3408203125,6542.10546875,6356.219098250575,68.4868882476992
006800.KS,006800,KOSPI,미래에셋증권,KRLEVEL_RR|006800|4T|344|345|346,344,345,346,6849.852294921875,4,6700.9423828125,6849.85205078125,6686.377601980735,58.25912332706253
006800.KS,006800,KOSPI,미래에셋증권,KRLEVEL_RR|006800|4T|390|394|395,390,394,395,7435.564453125,4,7326.36376953125,7415.70947265625,7311.916589281723,57.7887209981106
006800.KS,006800,KOSPI,미래에셋증권,KRLEVEL_RR|006800|5T|510|513|515,510,513,515,7435.564453125,5,7276.72705078125,7395.85498046875,7262.3410291876025,57.54408637459064
006800.KS,006800,KOSPI,미래에셋증권,KRLEVEL_RR|006800|2T|538|539|541,538,539,541,7371.03662109375,2,7346.21826171875,7385.927734375,7332.423269499178,55.179968878288975
006800.KS,006800,KOSPI,미래에셋증권,KRLEVEL_RR|006800|4T|570|572|574,570,572,574,7500.091796875,4,7415.70947265625,7514.98291015625,7398.718752224245,67.96288172802187
006800.KS,006800,KOSPI,미래에셋증권,KRLEVEL_RR|006800|4T|683|684|685,683,684,685,7564.61962890625,4,6710.86962890625,7564.61962890625,6685.711322040194,100.63322746422148
006800.KS,006800,KOSPI,미래에셋증권,KRLEVEL_RR|006800|3T|780|781|782,780,781,782,8726.1162109375,3,8547.423828125,8745.970703125,8519.00253667427,113.68516580291592
006800.KS,006800,KOSPI,미래에셋증권,KRLEVEL_RR|006800|2T|898|900|902,898,900,902,8185.076904296875,2,7951.78515625,8199.9677734375,7928.996203655401,91.15581037839557
006800.KS,006800,KOSPI,미래에셋증권,KRLEVEL_RR|006800|2T|1025|1027|1028,1025,1027,1028,7376.00048828125,2,6998.76220703125,7316.4365234375,6973.201123975098,102.24433222460709
006800.KS,006800,KOSPI,미래에셋증권,KRLEVEL_RR|006800|3T|1048|1049|1051,1048,1049,1051,7376.00048828125,3,7187.38134765625,7376.00048828125,7165.1489408265115,88.92962731895508
006800.KS,006800,KOSPI,미래에셋증권,KRLEVEL_RR|006800|2T|1076|1077|1078,1076,1077,1078,7376.00048828125,2,7266.7998046875,7356.1455078125,7245.508988125944,85.16326624622508
006800.KS,006800,KOSPI,미래에셋증권,KRLEVEL_RR|006800|3T|1297|1298|1299,1297,1298,1299,7197.30859375,3,6968.97998046875,7187.38134765625,6953.866201409414,60.45511623734324
006800.KS,006800,KOSPI,미래에셋증권,KRLEVEL_RR|006800|3T|1312|1313|1314,1312,1313,1314,7197.30859375,3,7068.25341796875,7187.38134765625,7048.999165398601,77.01701028059858
006800.KS,006800,KOSPI,미래에셋증권,KRLEVEL_RR|006800|2T|1360|1363|1365,1360,1363,1365,7773.09326171875,2,7663.892578125,7743.31103515625,7642.423166680563,85.87764577774922
006800.KS,006800,KOSPI,미래에셋증권,KRLEVEL_RR|006800|2T|1476|1477|1478,1476,1477,1478,7519.946533203125,2,7167.5263671875,7544.7646484375,7134.865167854131,130.6447973334754
006800.KS,006800,KOSPI,미래에셋증권,KRLEVEL_RR|006800|3T|1499|1502|1504,1499,1502,1504,7981.56689453125,3,7733.3837890625,7951.78515625,7710.678308188656,90.8219234953771
006800.KS,006800,KOSPI,미래에셋증권,KRLEVEL_RR|006800|2T|1528|1530|1531,1528,1530,1531,8190.04052734375,2,8051.05810546875,8170.18603515625,8032.16766418009,75.56176515464325
006800.KS,006800,KOSPI,미래에셋증권,KRLEVEL_RR|006800|2T|1595|1597|1598,1595,1597,1598,8190.04052734375,2,8180.11328125,8190.04052734375,8158.155542319697,87.83095572121232
006800.KS,006800,KOSPI,미래에셋증권,KRLEVEL_RR|006800|2T|1610|1613|1614,1610,1613,1614,8190.04052734375,2,8051.05810546875,8199.9677734375,8025.9343654795,100.49495995699876
006800.KS,006800,KOSPI,미래에셋증권,KRLEVEL_RR|006800|2T|1655|1658|1660,1655,1658,1660,8547.42431640625,2,8458.078125,8487.8603515625,8432.439102234952,102.55609106019227
006800.KS,006800,KOSPI,미래에셋증권,KRLEVEL_RR|006800|2T|1673|1677|1679,1673,1677,1679,8373.6962890625,2,8358.8056640625,8388.5869140625,8334.209008084925,98.38662391030168
006800.KS,006800,KOSPI,미래에셋증권,KRLEVEL_RR|006800|3T|1698|1701|1703,1698,1701,1703,8716.1884765625,3,8458.078125,8696.333984375,8433.952035270227,96.50435891908775
006800.KS,006800,KOSPI,미래에셋증권,KRLEVEL_RR|006800|7T|1762|1767|1769,1762,1767,1769,9023.935546875,7,8894.880859375,9023.935546875,8874.37158725999,82.03708846004268
006800.KS,006800,KOSPI,미래에셋증권,KRLEVEL_RR|006800|3T|1802|1803|1805,1802,1803,1805,8805.53515625,3,8626.8427734375,8805.53515625,8604.296565721344,90.1848308646238
006800.KS,006800,KOSPI,미래에셋증권,KRLEVEL_RR|006800|2T|1918|1921|1923,1918,1921,1923,8770.7890625,2,8398.5146484375,8676.4794921875,8372.180063307742,105.33834051902943
006800.KS,006800,KOSPI,미래에셋증권,KRLEVEL_RR|006800|4T|1972|1973|1974,1972,1973,1974,8582.169921875,4,8487.8603515625,8577.2060546875,8462.462428797642,101.59169105943343
006800.KS,006800,KOSPI,미래에셋증권,KRLEVEL_RR|006800|2T|2049|2052|2054,2049,2052,2054,8090.767578125,2,7892.22119140625,8080.84033203125,7871.96407803087,81.02845350151966
006800.KS,006800,KOSPI,미래에셋증권,KRLEVEL_RR|006800|2T|2090|2094|2096,2090,2094,2096,7996.457763671875,2,7922.0029296875,7961.71240234375,7903.702546762231,73.20153170107874
006800.KS,006800,KOSPI,미래에셋증권,KRLEVEL_RR|006800|3T|2120|2121|2122,2120,2121,2122,8180.11328125,3,8021.2763671875,8170.18603515625,8007.3331974380835,55.77267899766554
006800.KS,006800,KOSPI,미래에셋증권,KRLEVEL_RR|006800|3T|2150|2152|2154,2150,2152,2154,8249.6044921875,3,8060.9853515625,8229.75,8043.611299694478,69.49620747208866
006800.KS,006800,KOSPI,미래에셋증권,KRLEVEL_RR|006800|3T|2193|2194|2195,2193,2194,2195,8249.6044921875,3,8080.84033203125,8249.6044921875,8063.319260888418,70.08428457132749
006800.KS,006800,KOSPI,미래에셋증권,KRLEVEL_RR|006800|3T|2246|2249|2250,2246,2249,2250,8805.53515625,3,8468.005859375,8805.53515625,8449.883294783967,72.49025836413381
006800.KS,006800,KOSPI,미래에셋증권,KRLEVEL_RR|006800|2T|2277|2278|2279,2277,2278,2279,8592.09716796875,2,8299.2412109375,8606.98828125,8274.389988638719,99.40488919512634
006800.KS,006800,KOSPI,미래에셋증권,KRLEVEL_RR|006800|3T|2367|2369|2370,2367,2369,2370,9867.7578125,3,9659.2841796875,9867.7578125,9635.134558673795,96.5984840548226
006800.KS,006800,KOSPI,미래에셋증권,KRLEVEL_RR|006800|3T|2454|2455|2457,2454,2455,2457,9272.119140625,3,8984.2265625,9262.19140625,8962.873104500422,85.41383199830943
006800.KS,006800,KOSPI,미래에셋증권,KRLEVEL_RR|006800|3T|2475|2478|2480,2475,2478,2480,9867.7578125,3,9321.755859375,9887.6123046875,9293.51503650343,112.96329148628035
006800.KS,006800,KOSPI,미래에셋증권,KRLEVEL_RR|006800|2T|2492|2497|2498,2492,2497,2498,10304.560546875,2,10145.7236328125,10304.560546875,10121.091756362413,98.52750580034451
006800.KS,006800,KOSPI,미래에셋증권,KRLEVEL_RR|006800|2T|2640|2645|2646,2640,2645,2646,17402.595703125,2,14920.7646484375,17362.88671875,14804.958662173518,463.22394505592786
006800.KS,006800,KOSPI,미래에셋증권,KRLEVEL_RR|006800|3T|2684|2688|2690,2684,2688,2690,19636.2421875,3,18474.74609375,19517.115234375,18346.631259823273,512.4593357069027
006800.KS,006800,KOSPI,미래에셋증권,KRLEVEL_RR|006800|3T|2780|2785|2787,2780,2785,2787,22038.654296875,3,19090.240234375,21591.92578125,18947.739133805982,570.0044022760643
006800.KS,006800,KOSPI,미래에셋증권,KRLEVEL_RR|006800|3T|2852|2854|2856,2852,2854,2856,19636.2421875,3,19457.55078125,19646.169921875,19381.608125777304,303.7706218907815
006800.KS,006800,KOSPI,미래에셋증권,KRLEVEL_RR|006800|3T|2990|2992|2993,2990,2992,2993,18881.765625,3,17452.232421875,18941.330078125,17377.607808667068,298.4984528317301
006800.KS,006800,KOSPI,미래에셋증권,KRLEVEL_RR|006800|2T|3017|3018|3020,3017,3018,3020,18330.80078125,2,18236.490234375,18325.8359375,18183.354016454814,212.5448716807424
006800.KS,006800,KOSPI,미래에셋증권,KRLEVEL_RR|006800|3T|3031|3032|3033,3031,3032,3033,18881.765625,3,18286.126953125,18752.7109375,18227.497285356472,234.51867107410544
006800.KS,006800,KOSPI,미래에셋증권,KRLEVEL_RR|006800|2T|3230|3236|3237,3230,3236,3237,25972.3564453125,2,25016.8515625,25364.30859375,24856.97198964496,639.5182914201639
006800.KS,006800,KOSPI,미래에셋증권,KRLEVEL_RR|006800|2T|3284|3287|3289,3284,3287,3289,23552.572265625,2,22386.111328125,23627.02734375,22252.768633023945,533.370780404219
006800.KS,006800,KOSPI,미래에셋증권,KRLEVEL_RR|006800|3T|3441|3442|3444,3441,3442,3444,21790.47265625,3,21145.1953125,21641.5625,21042.26591812862,411.7175774855182
006800.KS,006800,KOSPI,미래에셋증권,KRLEVEL_RR|006800|2T|3488|3489|3491,3488,3489,3491,23701.4814453125,2,22783.205078125,23775.935546875,22667.841217072993,461.4554442080215
006800.KS,006800,KOSPI,미래에셋증권,KRLEVEL_RR|006800|3T|3537|3538|3539,3537,3538,3539,28739.59765625,3,27697.228515625,28689.9609375,27527.75179937411,677.906865003568
006800.KS,006800,KOSPI,미래에셋증권,KRLEVEL_RR|006800|2T|3575|3576|3577,3575,3576,3577,32288.615234375,2,28838.87109375,31767.4296875,28600.876263721915,951.9793201123343
006800.KS,006800,KOSPI,미래에셋증권,KRLEVEL_RR|006800|2T|3599|3600|3602,3599,3600,3602,35192.35546875,2,32511.98046875,34447.80859375,32249.17868268961,1051.2071442415609
006800.KS,006800,KOSPI,미래에셋증권,KRLEVEL_RR|006800|2T|3791|3793|3794,3791,3793,3794,67853.24609375,2,67200.0,67800.0,66901.09220883451,1195.6311646619529
006800.KS,006800,KOSPI,미래에셋증권,KRLEVEL_RR|006800|2T|3870|3872|3873,3870,3872,3873,66530.80078125,2,61100.0,66900.0,60742.75809890908,1428.9676043636819
006800.KS,006800,KOSPI,미래에셋증권,KRLEVEL_RR|006800|4T|3967|3969|3971,3967,3969,3971,70100.0,4,66900.0,70000.0,66399.48268426447,2002.0692629421196
006800.KS,006800,KOSPI,미래에셋증권,KRLEVEL_RR|006800|4T|4005|4006|4007,4005,4006,4007,72650.0,4,70700.0,72500.0,70147.82390215575,2208.704391376962
006800.KS,006800,KOSPI,미래에셋증권,KRLEVEL_RR|006800|4T|4037|4038|4040,4037,4038,4040,65050.0,4,60700.0,64800.0,60261.021832565675,1755.9126697372926
006800.KS,006800,KOSPI,미래에셋증권,KRLEVEL_RR|006800|2T|4361|4362|4363,4361,4362,4363,35425.0,2,33150.0,35050.0,32940.51581089847,837.9367564061347
011200.KS,011200,KOSPI,HMM,KRLEVEL_RR|011200|2T|270|272|273,270,272,273,14800.0,2,14470.0,14680.0,14428.475346071204,166.0986157151857
011200.KS,011200,KOSPI,HMM,KRLEVEL_RR|011200|2T|312|313|314,312,313,314,14800.0,2,13820.0,14780.0,13768.067281680538,207.73087327784742
011200.KS,011200,KOSPI,HMM,KRLEVEL_RR|011200|2T|332|333|334,332,333,334,14800.0,2,14490.0,14760.0,14445.956377856086,176.17448857565552
011200.KS,011200,KOSPI,HMM,KRLEVEL_RR|011200|2T|374|376|378,374,376,378,16360.0,2,14910.0,16360.0,14848.883027440454,244.46789023818803
011200.KS,011200,KOSPI,HMM,KRLEVEL_RR|011200|2T|416|421|422,416,421,422,16000.0,2,15810.0,15920.0,15773.268674105715,146.9253035771363
011200.KS,011200,KOSPI,HMM,KRLEVEL_RR|011200|2T|462|465|467,462,465,467,15795.0,2,15210.0,15790.0,15157.759423024463,208.962307902148
011200.KS,011200,KOSPI,HMM,KRLEVEL_RR|011200|2T|503|505|507,503,505,507,15995.0,2,15590.0,15980.0,15552.863583494116,148.54566602353245
011200.KS,011200,KOSPI,HMM,KRLEVEL_RR|011200|2T|518|520|522,518,520,522,16095.0,2,15650.0,16120.0,15608.704176281846,165.18329487261232
011200.KS,011200,KOSPI,HMM,KRLEVEL_RR|011200|4T|674|678|679,674,678,679,19890.0,4,18690.0,19700.0,18599.66967802662,361.32128789351316
011200.KS,011200,KOSPI,HMM,KRLEVEL_RR|011200|5T|790|794|796,790,794,796,19230.0,5,18720.0,19210.0,18671.86673086531,192.5330765387568
011200.KS,011200,KOSPI,HMM,KRLEVEL_RR|011200|2T|1020|1021|1023,1020,1021,1023,14825.0,2,14500.0,14740.0,14436.454960495608,254.18015801756906
011200.KS,011200,KOSPI,HMM,KRLEVEL_RR|011200|2T|1051|1052|1054,1051,1052,1054,14885.0,2,14770.0,14880.0,14721.78145733896,192.87417064415945
011200.KS,011200,KOSPI,HMM,KRLEVEL_RR|011200|2T|1080|1082|1084,1080,1082,1084,15760.0,2,15230.0,15700.0,15179.702171356881,201.1913145724761
011200.KS,011200,KOSPI,HMM,KRLEVEL_RR|011200|3T|1179|1182|1184,1179,1182,1184,18130.0,3,17550.0,18060.0,17490.97028955542,236.11884177832744
011200.KS,011200,KOSPI,HMM,KRLEVEL_RR|011200|2T|1196|1199|1201,1196,1199,1201,18910.0,2,18510.0,18950.0,18437.373362906656,290.50654837338465
011200.KS,011200,KOSPI,HMM,KRLEVEL_RR|011200|3T|1247|1253|1254,1247,1253,1254,18130.0,3,17410.0,17940.0,17344.503080007078,261.9876799716861
011200.KS,011200,KOSPI,HMM,KRLEVEL_RR|011200|3T|1294|1295|1297,1294,1295,1297,19500.0,3,19000.0,19420.0,18931.466053940818,274.1357842367287
011200.KS,011200,KOSPI,HMM,KRLEVEL_RR|011200|2T|1312|1314|1315,1312,1314,1315,20425.0,2,19310.0,20400.0,19226.455038716453,334.17984513418526
011200.KS,011200,KOSPI,HMM,KRLEVEL_RR|011200|2T|1414|1416|1418,1414,1416,1418,17075.0,2,16710.0,17050.0,16669.14417836176,163.42328655295643
011200.KS,011200,KOSPI,HMM,KRLEVEL_RR|011200|2T|1439|1440|1441,1439,1440,1441,18055.0,2,17360.0,18010.0,17308.405062851372,206.37974859450378
011200.KS,011200,KOSPI,HMM,KRLEVEL_RR|011200|4T|1459|1461|1463,1459,1461,1463,17325.0,4,15800.0,17140.0,15700.698169435915,397.20732225634373
011200.KS,011200,KOSPI,HMM,KRLEVEL_RR|011200|3T|1482|1484|1486,1482,1484,1486,17540.0,3,17260.0,17520.0,17204.113158825057,223.54736469977627
011200.KS,011200,KOSPI,HMM,KRLEVEL_RR|011200|4T|1498|1501|1502,1498,1501,1502,17825.0,4,17090.0,17770.0,17041.299378573032,194.8024857078654
011200.KS,011200,KOSPI,HMM,KRLEVEL_RR|011200|3T|1518|1524|1526,1518,1524,1526,17810.0,3,17680.0,17770.0,17645.50189985276,137.99240058896495
011200.KS,011200,KOSPI,HMM,KRLEVEL_RR|011200|2T|1556|1557|1558,1556,1557,1558,17075.0,2,17040.0,17080.0,17006.058127617198,135.76748953120872
011200.KS,011200,KOSPI,HMM,KRLEVEL_RR|011200|3T|1622|1623|1624,1622,1623,1624,16870.0,3,16330.0,16860.0,16285.709390632725,177.16243746910146
011200.KS,011200,KOSPI,HMM,KRLEVEL_RR|011200|2T|1642|1643|1644,1642,1643,1644,17675.0,2,16330.0,17690.0,16291.760992259184,152.95603096326386
011200.KS,011200,KOSPI,HMM,KRLEVEL_RR|011200|2T|1655|1658|1659,1655,1658,1659,18360.0,2,16330.0,18220.0,16287.31586889703,170.73652441187838
011200.KS,011200,KOSPI,HMM,KRLEVEL_RR|011200|2T|1722|1723|1724,1722,1723,1724,17145.0,2,16850.0,17100.0,16818.58019284869,125.67922860524408
011200.KS,011200,KOSPI,HMM,KRLEVEL_RR|011200|2T|1738|1740|1741,1738,1740,1741,17425.0,2,16840.0,17390.0,16805.97633982616,136.09464069536136
011200.KS,011200,KOSPI,HMM,KRLEVEL_RR|011200|6T|1775|1777|1779,1775,1777,1779,17160.0,6,16700.0,17120.0,16669.371159715683,122.51536113726753
011200.KS,011200,KOSPI,HMM,KRLEVEL_RR|011200|7T|1794|1799|1800,1794,1799,1800,17300.0,7,16910.0,17240.0,16869.82671164837,160.6931534065179
011200.KS,011200,KOSPI,HMM,KRLEVEL_RR|011200|5T|1846|1847|1848,1846,1847,1848,17840.0,5,15830.0,17720.0,15737.547850406045,369.80859837582415
011200.KS,011200,KOSPI,HMM,KRLEVEL_RR|011200|2T|1887|1888|1889,1887,1888,1889,18565.0,2,18460.0,18600.0,18412.2476261416,191.0094954335935
011200.KS,011200,KOSPI,HMM,KRLEVEL_RR|011200|3T|1902|1903|1905,1902,1903,1905,18460.0,3,18260.0,18510.0,18205.56832730379,217.72669078483216
011200.KS,011200,KOSPI,HMM,KRLEVEL_RR|011200|3T|1924|1925|1926,1924,1925,1926,17820.0,3,17690.0,17870.0,17637.735053613775,209.0597855448993
011200.KS,011200,KOSPI,HMM,KRLEVEL_RR|011200|2T|1943|1945|1946,1943,1945,1946,17955.0,2,17770.0,17900.0,17713.37242576107,226.51029695571947
011200.KS,011200,KOSPI,HMM,KRLEVEL_RR|011200|2T|1959|1960|1961,1959,1960,1961,18590.0,2,17400.0,18560.0,17347.48960431374,210.04158274504107
011200.KS,011200,KOSPI,HMM,KRLEVEL_RR|011200|2T|1973|1975|1976,1973,1975,1976,18590.0,2,18250.0,18510.0,18207.337574211364,170.64970315455045
011200.KS,011200,KOSPI,HMM,KRLEVEL_RR|011200|2T|1988|1990|1991,1988,1990,1991,18285.0,2,17810.0,18110.0,17760.1064253087,199.57429876520212
011200.KS,011200,KOSPI,HMM,KRLEVEL_RR|011200|3T|2008|2009|2010,2008,2009,2010,17930.0,3,17890.0,17910.0,17839.70530428853,201.1787828458754
011200.KS,011200,KOSPI,HMM,KRLEVEL_RR|011200|3T|2042|2043|2045,2042,2043,2045,17930.0,3,17460.0,17940.0,17409.558787141774,201.76485143290873
011200.KS,011200,KOSPI,HMM,KRLEVEL_RR|011200|6T|2084|2090|2091,2084,2090,2091,18790.0,6,18540.0,18700.0,18477.54371640694,249.8251343722333
011200.KS,011200,KOSPI,HMM,KRLEVEL_RR|011200|2T|2135|2136|2137,2135,2136,2137,18615.0,2,18510.0,18540.0,18452.935155207342,228.25937917062816
011200.KS,011200,KOSPI,HMM,KRLEVEL_RR|011200|3T|2150|2154|2156,2150,2154,2156,18500.0,3,18100.0,18440.0,18047.589268485415,209.64292605834328
011200.KS,011200,KOSPI,HMM,KRLEVEL_RR|011200|6T|2219|2220|2222,2219,2220,2222,18360.0,6,18070.0,18300.0,18034.792074764628,140.8317009414949
011200.KS,011200,KOSPI,HMM,KRLEVEL_RR|011200|6T|2234|2240|2241,2234,2240,2241,19845.0,6,18350.0,19100.0,18218.138307043027,527.446771827892
011200.KS,011200,KOSPI,HMM,KRLEVEL_RR|011200|2T|2275|2278|2280,2275,2278,2280,21425.0,2,20350.0,21150.0,20250.372076174204,398.5116953031764
011200.KS,011200,KOSPI,HMM,KRLEVEL_RR|011200|2T|2344|2350|2352,2344,2350,2352,19755.0,2,19740.0,19800.0,19672.964300755088,268.1427969796565
011200.KS,011200,KOSPI,HMM,KRLEVEL_RR|011200|2T|2446|2449|2451,2446,2449,2451,19175.0,2,18910.0,19210.0,18851.974155288226,232.10337884709622
011200.KS,011200,KOSPI,HMM,KRLEVEL_RR|011200|2T|2655|2661|2662,2655,2661,2662,22225.0,2,21550.0,22100.0,21472.211584254852,311.15366298058825
011200.KS,011200,KOSPI,HMM,KRLEVEL_RR|011200|4T|2702|2706|2708,2702,2706,2708,22675.0,4,22600.0,22650.0,22488.33728657209,446.650853711645
011200.KS,011200,KOSPI,HMM,KRLEVEL_RR|011200|2T|2738|2743|2744,2738,2743,2744,22450.0,2,22250.0,22500.0,22174.98708581271,300.0516567491638
011200.KS,011200,KOSPI,HMM,KRLEVEL_RR|011200|5T|2758|2759|2760,2758,2759,2760,23700.0,5,22500.0,23700.0,22423.536977707063,305.8520891717474
011200.KS,011200,KOSPI,HMM,KRLEVEL_RR|011200|5T|2776|2777|2778,2776,2777,2778,23700.0,5,23500.0,23700.0,23414.22710586035,343.09157655859315
011200.KS,011200,KOSPI,HMM,KRLEVEL_RR|011200|2T|2796|2801|2803,2796,2801,2803,25325.0,2,24300.0,25300.0,24211.253331964963,354.98667214015074
011200.KS,011200,KOSPI,HMM,KRLEVEL_RR|011200|2T|2840|2845|2846,2840,2845,2846,24650.0,2,24150.0,24600.0,24077.2955360367,290.8178558532002
011200.KS,011200,KOSPI,HMM,KRLEVEL_RR|011200|2T|3033|3034|3036,3033,3034,3036,22800.0,2,22050.0,22850.0,21985.46769378992,258.12922484032384
011200.KS,011200,KOSPI,HMM,KRLEVEL_RR|011200|3T|3056|3060|3061,3056,3060,3061,24050.0,3,23200.0,24100.0,23136.267652492756,254.92939002897396
011200.KS,011200,KOSPI,HMM,KRLEVEL_RR|011200|2T|3355|3359|3361,3355,3359,3361,19080.0,2,18830.0,19090.0,18776.966942074585,212.1322317016656
011200.KS,011200,KOSPI,HMM,KRLEVEL_RR|011200|3T|3379|3385|3387,3379,3385,3387,20100.0,3,19970.0,20000.0,19922.80862303848,188.76550784607917
011200.KS,011200,KOSPI,HMM,KRLEVEL_RR|011200|2T|3417|3418|3419,3417,3418,3419,20625.0,2,20050.0,20550.0,20002.557646765763,189.76941293694463
011200.KS,011200,KOSPI,HMM,KRLEVEL_RR|011200|2T|3557|3558|3559,3557,3558,3559,20400.0,2,19580.0,20200.0,19516.270072513544,254.91970994582636
011200.KS,011200,KOSPI,HMM,KRLEVEL_RR|011200|3T|3620|3621|3623,3620,3621,3623,19940.0,3,19390.0,19910.0,19332.352773363702,230.58890654519666
011200.KS,011200,KOSPI,HMM,KRLEVEL_RR|011200|4T|3641|3645|3647,3641,3645,3647,20250.0,4,19640.0,20250.0,19565.19331668745,299.2267332501968
011200.KS,011200,KOSPI,HMM,KRLEVEL_RR|011200|3T|3659|3665|3666,3659,3665,3666,21100.0,3,20850.0,20950.0,20782.17261023461,271.3095590615489
011200.KS,011200,KOSPI,HMM,KRLEVEL_RR|011200|2T|3713|3715|3717,3713,3715,3717,23275.0,2,22150.0,23300.0,22001.396397412165,594.4144103513438
011200.KS,011200,KOSPI,HMM,KRLEVEL_RR|011200|2T|3729|3735|3736,3729,3735,3736,21125.0,2,19660.0,20950.0,19518.556504003012,565.7739839879536
011200.KS,011200,KOSPI,HMM,KRLEVEL_RR|011200|3T|3749|3753|3755,3749,3753,3755,21150.0,3,20700.0,21100.0,20605.77544557944,376.89821768224687
011200.KS,011200,KOSPI,HMM,KRLEVEL_RR|011200|4T|3843|3844|3845,3843,3844,3845,20200.0,4,19150.0,20200.0,19087.19128115952,251.23487536191794
011200.KS,011200,KOSPI,HMM,KRLEVEL_RR|011200|2T|3881|3882|3883,3881,3882,3883,20900.0,2,20500.0,20950.0,20440.36787436161,238.5285025535541
011200.KS,011200,KOSPI,HMM,KRLEVEL_RR|011200|2T|3897|3903|3905,3897,3903,3905,20900.0,2,20600.0,20900.0,20542.01392580845,231.9442967662093
011200.KS,011200,KOSPI,HMM,KRLEVEL_RR|011200|9T|4037|4041|4043,4037,4041,4043,20200.0,9,19330.0,20150.0,19260.57909773824,277.6836090470436
011200.KS,011200,KOSPI,HMM,KRLEVEL_RR|011200|2T|4127|4133|4134,4127,4133,4134,20825.0,2,18000.0,20600.0,17887.470262610685,450.11894955726234
011200.KS,011200,KOSPI,HMM,KRLEVEL_RR|011200|4T|4206|4208|4209,4206,4208,4209,19275.0,4,18430.0,19240.0,18351.4577391331,314.1690434675961
011200.KS,011200,KOSPI,HMM,KRLEVEL_RR|011200|4T|4228|4229|4230,4228,4229,4230,19275.0,4,19050.0,19250.0,18968.7208996484,325.11640140639565
011200.KS,011200,KOSPI,HMM,KRLEVEL_RR|011200|3T|4241|4246|4247,4241,4246,4247,19700.0,3,19500.0,19770.0,19412.78483127539,348.86067489843873
011200.KS,011200,KOSPI,HMM,KRLEVEL_RR|011200|6T|4259|4263|4264,4259,4263,4264,19990.0,6,19400.0,19850.0,19320.558732483085,317.7650700676676
011200.KS,011200,KOSPI,HMM,KRLEVEL_RR|011200|3T|4275|4277|4279,4275,4277,4279,20150.0,3,19210.0,19800.0,19128.824895109534,324.70041956186867
011200.KS,011200,KOSPI,HMM,KRLEVEL_RR|011200|6T|4319|4324|4326,4319,4324,4326,20425.0,6,19820.0,20450.0,19697.21946298272,491.12214806911453
011200.KS,011200,KOSPI,HMM,KRLEVEL_RR|011200|2T|4337|4341|4343,4337,4341,4343,20875.0,2,20150.0,20950.0,20049.082735158772,403.6690593649056
011200.KS,011200,KOSPI,HMM,KRLEVEL_RR|011200|2T|4357|4358|4359,4357,4358,4359,21575.0,2,20750.0,21550.0,20676.362788260838,294.548846956646
010140.KS,010140,KOSPI,삼성중공업,KRLEVEL_RR|010140|2T|240|241|242,240,241,242,7545.0,2,7040.0,7520.0,7010.181191861995,119.27523255201832
010140.KS,010140,KOSPI,삼성중공업,KRLEVEL_RR|010140|2T|348|349|351,348,349,351,7340.0,2,7070.0,7340.0,7048.761863144686,84.95254742125852
010140.KS,010140,KOSPI,삼성중공업,KRLEVEL_RR|010140|2T|392|393|395,392,393,395,7465.0,2,7080.0,7450.0,7059.2318122057295,83.07275117708336
010140.KS,010140,KOSPI,삼성중공업,KRLEVEL_RR|010140|2T|511|517|518,511,517,518,7880.0,2,7670.0,7840.0,7652.209474788262,71.16210084695294
010140.KS,010140,KOSPI,삼성중공업,KRLEVEL_RR|010140|4T|531|533|535,531,533,535,7565.0,4,7260.0,7450.0,7234.627709356414,101.48916257434551
010140.KS,010140,KOSPI,삼성중공업,KRLEVEL_RR|010140|3T|653|654|656,653,654,656,7370.0,3,7110.0,7350.0,7088.46490748998,86.1403700400795
010140.KS,010140,KOSPI,삼성중공업,KRLEVEL_RR|010140|6T|740|741|742,740,741,742,7350.0,6,7210.0,7350.0,7191.126438306564,75.4942467737467
010140.KS,010140,KOSPI,삼성중공업,KRLEVEL_RR|010140|2T|780|782|784,780,782,784,7445.0,2,7230.0,7450.0,7213.701351230991,65.194595076035
010140.KS,010140,KOSPI,삼성중공업,KRLEVEL_RR|010140|2T|803|806|808,803,806,808,7600.0,2,7290.0,7600.0,7265.7376679432155,97.04932822713704
010140.KS,010140,KOSPI,삼성중공업,KRLEVEL_RR|010140|2T|835|837|839,835,837,839,7725.0,2,7630.0,7690.0,7606.551764394874,93.79294242050275
010140.KS,010140,KOSPI,삼성중공업,KRLEVEL_RR|010140|4T|990|992|994,990,992,994,8845.0,4,8380.0,8840.0,8347.347475885459,130.61009645816418
010140.KS,010140,KOSPI,삼성중공업,KRLEVEL_RR|010140|5T|1006|1012|1013,1006,1012,1013,8850.0,5,8660.0,8800.0,8626.490105069237,134.03957972305136
010140.KS,010140,KOSPI,삼성중공업,KRLEVEL_RR|010140|2T|1084|1088|1090,1084,1088,1090,9660.0,2,9360.0,9610.0,9334.97581865446,100.09672538215698
010140.KS,010140,KOSPI,삼성중공업,KRLEVEL_RR|010140|2T|1300|1301|1302,1300,1301,1302,9385.0,2,9200.0,9380.0,9170.776033590148,116.89586563940834
010140.KS,010140,KOSPI,삼성중공업,KRLEVEL_RR|010140|5T|1319|1323|1325,1319,1323,1325,9490.0,5,9450.0,9470.0,9422.642748683897,109.42900526441649
010140.KS,010140,KOSPI,삼성중공업,KRLEVEL_RR|010140|2T|1360|1366|1367,1360,1366,1367,9925.0,2,9710.0,9900.0,9685.865109013555,96.53956394577953
010140.KS,010140,KOSPI,삼성중공업,KRLEVEL_RR|010140|2T|1412|1413|1414,1412,1413,1414,10970.0,2,10740.0,10870.0,10686.362558434383,214.54976626247162
010140.KS,010140,KOSPI,삼성중공업,KRLEVEL_RR|010140|2T|1469|1470|1472,1469,1470,1472,10795.0,2,10530.0,10780.0,10470.503657316787,237.98537073284885
010140.KS,010140,KOSPI,삼성중공업,KRLEVEL_RR|010140|2T|1504|1509|1511,1504,1509,1511,10795.0,2,10560.0,10770.0,10519.65435126191,161.3825949523577
010140.KS,010140,KOSPI,삼성중공업,KRLEVEL_RR|010140|2T|1626|1629|1630,1626,1629,1630,10400.0,2,9690.0,10420.0,9659.258167119859,122.96733152056478
010140.KS,010140,KOSPI,삼성중공업,KRLEVEL_RR|010140|5T|1881|1885|1887,1881,1885,1887,11900.0,5,11510.0,11810.0,11464.412143550608,182.3514257975694
010140.KS,010140,KOSPI,삼성중공업,KRLEVEL_RR|010140|3T|1953|1955|1957,1953,1955,1957,10270.0,3,10050.0,10290.0,10003.769436080911,184.92225567635973
010140.KS,010140,KOSPI,삼성중공업,KRLEVEL_RR|010140|2T|1970|1971|1972,1970,1971,1972,11125.0,2,10340.0,11070.0,10298.372076188683,166.51169524526298
010140.KS,010140,KOSPI,삼성중공업,KRLEVEL_RR|010140|2T|1989|1994|1995,1989,1994,1995,11290.0,2,11030.0,11230.0,10987.679144697266,169.28342121094022
010140.KS,010140,KOSPI,삼성중공업,KRLEVEL_RR|010140|3T|2017|2019|2021,2017,2019,2021,11420.0,3,11090.0,11410.0,11052.97072353886,148.11710584456256
010140.KS,010140,KOSPI,삼성중공업,KRLEVEL_RR|010140|2T|2035|2036|2037,2035,2036,2037,11290.0,2,11180.0,11310.0,11144.10421920668,143.5831231732773
010140.KS,010140,KOSPI,삼성중공업,KRLEVEL_RR|010140|3T|2054|2059|2061,2054,2059,2061,11770.0,3,11230.0,11750.0,11197.577474743006,129.69010102797898
010140.KS,010140,KOSPI,삼성중공업,KRLEVEL_RR|010140|2T|2084|2090|2091,2084,2090,2091,11895.0,2,11700.0,11860.0,11639.465505325386,242.13797869845692
010140.KS,010140,KOSPI,삼성중공업,KRLEVEL_RR|010140|2T|2186|2189|2191,2186,2189,2191,13080.0,2,12480.0,13090.0,12434.23041200058,183.07835199768627
010140.KS,010140,KOSPI,삼성중공업,KRLEVEL_RR|010140|2T|2210|2214|2216,2210,2214,2216,12900.0,2,12480.0,12870.0,12438.470213721577,166.11914511369417
010140.KS,010140,KOSPI,삼성중공업,KRLEVEL_RR|010140|5T|2235|2239|2240,2235,2239,2240,13670.0,5,13150.0,13640.0,13045.81772541168,416.7290983532805
010140.KS,010140,KOSPI,삼성중공업,KRLEVEL_RR|010140|2T|2274|2275|2276,2274,2275,2276,14950.0,2,14000.0,14850.0,13913.751812192588,344.9927512296522
010140.KS,010140,KOSPI,삼성중공업,KRLEVEL_RR|010140|2T|2324|2328|2329,2324,2328,2329,15020.0,2,14050.0,15030.0,13988.491430977318,246.03427609073205
010140.KS,010140,KOSPI,삼성중공업,KRLEVEL_RR|010140|2T|2381|2382|2384,2381,2382,2384,13620.0,2,13270.0,13600.0,13220.983196137631,196.0672154494754
010140.KS,010140,KOSPI,삼성중공업,KRLEVEL_RR|010140|3T|2415|2417|2418,2415,2417,2418,12920.0,3,12650.0,12910.0,12588.18695202653,247.2521918938766
010140.KS,010140,KOSPI,삼성중공업,KRLEVEL_RR|010140|3T|2433|2436|2438,2433,2436,2438,14400.0,3,12930.0,14330.0,12873.520356889716,225.91857244113504
010140.KS,010140,KOSPI,삼성중공업,KRLEVEL_RR|010140|4T|2459|2460|2461,2459,2460,2461,14740.0,4,14370.0,14740.0,14330.398989887002,158.40404045198943
010140.KS,010140,KOSPI,삼성중공업,KRLEVEL_RR|010140|3T|2491|2493|2495,2491,2493,2495,14400.0,3,14020.0,14330.0,13981.796412884913,152.81434846034827
010140.KS,010140,KOSPI,삼성중공업,KRLEVEL_RR|010140|4T|2522|2525|2526,2522,2525,2526,14740.0,4,14400.0,14730.0,14357.564890259524,169.7404389619012
010140.KS,010140,KOSPI,삼성중공업,KRLEVEL_RR|010140|2T|2562|2563|2564,2562,2563,2564,14400.0,2,14240.0,14380.0,14204.231109320977,143.07556271609417
010140.KS,010140,KOSPI,삼성중공업,KRLEVEL_RR|010140|4T|2600|2603|2605,2600,2603,2605,14955.0,4,14310.0,14930.0,14273.333571098805,146.66571560478204
010140.KS,010140,KOSPI,삼성중공업,KRLEVEL_RR|010140|5T|2654|2655|2656,2654,2655,2656,16900.0,5,16310.0,16800.0,16250.580937658257,237.67624936697433
010140.KS,010140,KOSPI,삼성중공업,KRLEVEL_RR|010140|2T|2679|2681|2682,2679,2681,2682,17930.0,2,17390.0,17850.0,17335.288773304448,218.84490678220348
010140.KS,010140,KOSPI,삼성중공업,KRLEVEL_RR|010140|5T|2710|2716|2717,2710,2716,2717,16900.0,5,16500.0,16960.0,16434.67828230513,261.28687077947984
010140.KS,010140,KOSPI,삼성중공업,KRLEVEL_RR|010140|3T|2774|2779|2781,2774,2779,2781,17310.0,3,15610.0,17290.0,15543.280865490211,266.87653803915543
010140.KS,010140,KOSPI,삼성중공업,KRLEVEL_RR|010140|4T|2802|2804|2805,2802,2804,2805,17300.0,4,17090.0,17310.0,17032.647364734068,229.41054106373286
010140.KS,010140,KOSPI,삼성중공업,KRLEVEL_RR|010140|4T|2816|2817|2819,2816,2817,2819,17930.0,4,17860.0,17910.0,17807.36817617714,210.52729529144318
010140.KS,010140,KOSPI,삼성중공업,KRLEVEL_RR|010140|2T|2876|2877|2878,2876,2877,2878,18955.0,2,18610.0,19000.0,18544.288799287173,262.84480285130644
010140.KS,010140,KOSPI,삼성중공업,KRLEVEL_RR|010140|3T|2894|2897|2899,2894,2897,2899,19730.0,3,18300.0,19480.0,18222.73483959331,309.06064162674767
010140.KS,010140,KOSPI,삼성중공업,KRLEVEL_RR|010140|2T|2941|2942|2944,2941,2942,2944,18920.0,2,18640.0,18770.0,18586.30316853281,214.78732586875694
010140.KS,010140,KOSPI,삼성중공업,KRLEVEL_RR|010140|5T|2966|2968|2969,2966,2968,2969,19420.0,5,18210.0,19320.0,18154.855271986347,220.57891205461718
010140.KS,010140,KOSPI,삼성중공업,KRLEVEL_RR|010140|3T|3068|3072|3074,3068,3072,3074,21550.0,3,21500.0,21550.0,21444.315606008855,222.73757596458663
010140.KS,010140,KOSPI,삼성중공업,KRLEVEL_RR|010140|3T|3104|3108|3110,3104,3108,3110,21650.0,3,20950.0,21600.0,20891.68545566041,233.25817735836839
010140.KS,010140,KOSPI,삼성중공업,KRLEVEL_RR|010140|2T|3129|3130|3132,3129,3130,3132,21850.0,2,20650.0,21750.0,20583.69653484992,265.21386060032
010140.KS,010140,KOSPI,삼성중공업,KRLEVEL_RR|010140|2T|3143|3145|3147,3143,3145,3147,21850.0,2,21450.0,21850.0,21387.145067538495,251.41972984602302
010140.KS,010140,KOSPI,삼성중공업,KRLEVEL_RR|010140|8T|3165|3168|3170,3165,3168,3170,21475.0,8,20850.0,21400.0,20763.12374774796,347.50500900816087
010140.KS,010140,KOSPI,삼성중공업,KRLEVEL_RR|010140|4T|3184|3186|3188,3184,3186,3188,22600.0,4,21400.0,22500.0,21319.9703426172,320.11862953121454
010140.KS,010140,KOSPI,삼성중공업,KRLEVEL_RR|010140|2T|3272|3274|3275,3272,3274,3275,26750.0,2,25450.0,26650.0,25314.894748112925,540.421007548305
010140.KS,010140,KOSPI,삼성중공업,KRLEVEL_RR|010140|3T|3389|3390|3391,3389,3390,3391,24900.0,3,24375.0,24950.0,24302.624025058645,289.50389976541703
010140.KS,010140,KOSPI,삼성중공업,KRLEVEL_RR|010140|5T|3504|3508|3510,3504,3508,3510,24950.0,5,23850.0,24950.0,23745.738230444746,417.04707822102006
010140.KS,010140,KOSPI,삼성중공업,KRLEVEL_RR|010140|2T|3737|3740|3742,3737,3740,3742,27725.0,2,26350.0,27550.0,26125.763173880547,896.9473044778075
010140.KS,010140,KOSPI,삼성중공업,KRLEVEL_RR|010140|6T|3756|3757|3758,3756,3757,3758,30425.0,6,27050.0,30200.0,26851.610822972794,793.5567081088244
010140.KS,010140,KOSPI,삼성중공업,KRLEVEL_RR|010140|3T|3917|3919|3920,3917,3919,3920,29300.0,3,28200.0,29150.0,28103.81511692341,384.7395323063584
010140.KS,010140,KOSPI,삼성중공업,KRLEVEL_RR|010140|2T|4027|4029|4030,4027,4029,4030,28250.0,2,27800.0,28250.0,27633.526857186855,665.8925712525883
010140.KS,010140,KOSPI,삼성중공업,KRLEVEL_RR|010140|2T|4289|4290|4291,4289,4290,4291,22175.0,2,20900.0,22150.0,20782.783582068834,468.86567172466766
010140.KS,010140,KOSPI,삼성중공업,KRLEVEL_RR|010140|2T|4341|4342|4343,4341,4342,4343,21375.0,2,20700.0,21250.0,20575.88701259056,496.45194963775793
000150.KS,000150,KOSPI,두산,KRLEVEL_RR|000150|2T|397|398|399,397,398,399,81550.0,2,75700.0,81600.0,75450.10955473373,999.5617810650712
000150.KS,000150,KOSPI,두산,KRLEVEL_RR|000150|2T|457|459|460,457,459,460,89850.0,2,87400.0,90000.0,87052.80447650401,1388.7820939839346
000150.KS,000150,KOSPI,두산,KRLEVEL_RR|000150|3T|521|523|524,521,523,524,89400.0,3,87000.0,89300.0,86789.82571931962,840.6971227215067
000150.KS,000150,KOSPI,두산,KRLEVEL_RR|000150|4T|681|682|683,681,682,683,81450.0,4,79500.0,81000.0,79261.37067666785,954.5172933285904
000150.KS,000150,KOSPI,두산,KRLEVEL_RR|000150|3T|705|706|707,705,706,707,89400.0,3,87200.0,88500.0,86782.79156005157,1668.8337597937477
000150.KS,000150,KOSPI,두산,KRLEVEL_RR|000150|3T|734|735|737,734,735,737,93000.0,3,91400.0,93100.0,91020.85808653443,1516.5676538622818
000150.KS,000150,KOSPI,두산,KRLEVEL_RR|000150|3T|766|767|768,766,767,768,95300.0,3,92400.0,95300.0,92078.32949133815,1286.682034647361
000150.KS,000150,KOSPI,두산,KRLEVEL_RR|000150|3T|835|836|838,835,836,838,91800.0,3,89800.0,91500.0,89401.30683484118,1594.7726606352953
000150.KS,000150,KOSPI,두산,KRLEVEL_RR|000150|3T|928|932|933,928,932,933,151000.0,3,141000.0,147100.0,140086.42726218808,3654.290951247672
000150.KS,000150,KOSPI,두산,KRLEVEL_RR|000150|5T|983|984|985,983,984,985,148700.0,5,140700.0,149200.0,139674.24413197418,4103.023472103288
000150.KS,000150,KOSPI,두산,KRLEVEL_RR|000150|3T|996|997|998,996,997,998,153900.0,3,138800.0,154500.0,137756.14329852842,4175.426805886325
000150.KS,000150,KOSPI,두산,KRLEVEL_RR|000150|2T|1034|1037|1038,1034,1037,1038,133950.0,2,130800.0,131400.0,130020.86888365648,3116.5244653740633
000150.KS,000150,KOSPI,두산,KRLEVEL_RR|000150|2T|1087|1088|1089,1087,1088,1089,158750.0,2,141100.0,159200.0,140355.28431330717,2978.8627467712813
000150.KS,000150,KOSPI,두산,KRLEVEL_RR|000150|2T|1114|1115|1117,1114,1115,1117,166400.0,2,162800.0,166000.0,161992.40643355463,3230.374265781497
000150.KS,000150,KOSPI,두산,KRLEVEL_RR|000150|3T|1225|1226|1227,1225,1226,1227,212500.0,3,202000.0,212500.0,200758.3853537819,4966.4585848723955
000150.KS,000150,KOSPI,두산,KRLEVEL_RR|000150|8T|1312|1313|1314,1312,1313,1314,213000.0,8,204000.0,211500.0,202801.31197454917,4794.752101803303
000150.KS,000150,KOSPI,두산,KRLEVEL_RR|000150|2T|1338|1344|1346,1338,1344,1346,231500.0,2,215500.0,230000.0,214053.2219682002,5787.112127199173
000150.KS,000150,KOSPI,두산,KRLEVEL_RR|000150|2T|1432|1435|1436,1432,1435,1436,168050.0,2,153000.0,167500.0,151850.59939903428,4597.602403862833
000150.KS,000150,KOSPI,두산,KRLEVEL_RR|000150|2T|1518|1519|1520,1518,1519,1520,150350.0,2,148100.0,150800.0,147434.13317983388,2663.467280664456
000150.KS,000150,KOSPI,두산,KRLEVEL_RR|000150|6T|1612|1614|1616,1612,1614,1616,152450.0,6,142600.0,152100.0,141793.05775263775,3227.7689894489718
000150.KS,000150,KOSPI,두산,KRLEVEL_RR|000150|2T|1630|1636|1637,1630,1636,1637,168050.0,2,140600.0,164600.0,139851.086189399,2995.6552424039473
000150.KS,000150,KOSPI,두산,KRLEVEL_RR|000150|4T|1657|1658|1660,1657,1658,1660,171750.0,4,162800.0,170000.0,162022.4638361498,3110.1446554008235
000150.KS,000150,KOSPI,두산,KRLEVEL_RR|000150|5T|1688|1693|1694,1688,1693,1694,171900.0,5,166200.0,170500.0,165579.70047306473,2481.1981077410314
000150.KS,000150,KOSPI,두산,KRLEVEL_RR|000150|2T|1726|1727|1728,1726,1727,1728,197950.0,2,183500.0,195400.0,182282.28378929177,4870.8648428329525
000150.KS,000150,KOSPI,두산,KRLEVEL_RR|000150|2T|1805|1806|1807,1805,1806,1807,196600.0,2,185600.0,197200.0,184405.1666366223,4779.333453510777
000150.KS,000150,KOSPI,두산,KRLEVEL_RR|000150|6T|1875|1876|1877,1875,1876,1877,214750.0,6,202500.0,215500.0,200992.57301185702,6029.707952571928
000150.KS,000150,KOSPI,두산,KRLEVEL_RR|000150|2T|1930|1933|1935,1930,1933,1935,202500.0,2,190200.0,203000.0,188885.08681355813,5259.652745767543
000150.KS,000150,KOSPI,두산,KRLEVEL_RR|000150|5T|1950|1951|1953,1950,1951,1953,215000.0,5,209000.0,213000.0,207408.78149316428,6364.874027342853
000150.KS,000150,KOSPI,두산,KRLEVEL_RR|000150|3T|1965|1966|1967,1965,1966,1967,232500.0,3,208500.0,231500.0,206612.78911547514,7548.843538099383
000150.KS,000150,KOSPI,두산,KRLEVEL_RR|000150|3T|2037|2043|2044,2037,2043,2044,259000.0,3,246500.0,259000.0,244745.57811473974,7017.687541041058
000150.KS,000150,KOSPI,두산,KRLEVEL_RR|000150|4T|2090|2095|2096,2090,2095,2096,272500.0,4,271000.0,273500.0,269510.0375964056,5959.849614377667
000150.KS,000150,KOSPI,두산,KRLEVEL_RR|000150|4T|2116|2118|2120,2116,2118,2120,296250.0,4,279000.0,295500.0,277282.5442900232,6869.822839907157
000150.KS,000150,KOSPI,두산,KRLEVEL_RR|000150|5T|2150|2156|2157,2150,2156,2157,272000.0,5,260000.0,270000.0,257955.4774577576,8178.090168969603
000150.KS,000150,KOSPI,두산,KRLEVEL_RR|000150|4T|2176|2178|2180,2176,2178,2180,296250.0,4,282000.0,295500.0,280265.9150446367,6936.339821453166
000150.KS,000150,KOSPI,두산,KRLEVEL_RR|000150|3T|2295|2296|2298,2295,2296,2298,301000.0,3,302000.0,302500.0,299899.9353052938,8400.258778824693
000150.KS,000150,KOSPI,두산,KRLEVEL_RR|000150|2T|2343|2345|2347,2343,2345,2347,316500.0,2,315000.0,316000.0,313299.06624045514,6803.735038179354
000150.KS,000150,KOSPI,두산,KRLEVEL_RR|000150|2T|2397|2398|2400,2397,2398,2400,301000.0,2,295000.0,301500.0,293383.66677392356,6465.332904305667
000150.KS,000150,KOSPI,두산,KRLEVEL_RR|000150|3T|2464|2466|2468,2464,2466,2468,290500.0,3,265500.0,289000.0,264056.9497804518,5772.200878193
000150.KS,000150,KOSPI,두산,KRLEVEL_RR|000150|4T|2493|2494|2495,2493,2494,2495,302000.0,4,288000.0,300500.0,286668.7473223488,5325.010710604658
000150.KS,000150,KOSPI,두산,KRLEVEL_RR|000150|2T|2529|2530|2531,2529,2530,2531,327250.0,2,299000.0,327000.0,297535.2040583784,5859.183766486309
000150.KS,000150,KOSPI,두산,KRLEVEL_RR|000150|3T|2580|2585|2587,2580,2585,2587,408500.0,3,386000.0,407000.0,384026.19511451066,7895.219541957458
000150.KS,000150,KOSPI,두산,KRLEVEL_RR|000150|2T|2709|2713|2715,2709,2713,2715,617500.0,2,581000.0,617000.0,577415.2829553975,14338.868178409884
000150.KS,000150,KOSPI,두산,KRLEVEL_RR|000150|3T|2729|2735|2736,2729,2735,2736,638000.0,3,610000.0,642000.0,606073.8038259395,15704.784696241872
000150.KS,000150,KOSPI,두산,KRLEVEL_RR|000150|5T|2781|2783|2784,2781,2783,2784,605000.0,5,532000.0,601000.0,528929.7417656007,12281.032937596872
000150.KS,000150,KOSPI,두산,KRLEVEL_RR|000150|2T|2870|2875|2876,2870,2875,2876,564000.0,2,531000.0,558000.0,528306.0940114378,10775.62395424862
000150.KS,000150,KOSPI,두산,KRLEVEL_RR|000150|3T|2889|2892|2893,2889,2892,2893,568000.0,3,562000.0,570000.0,559413.6779554331,10345.288178267554
000150.KS,000150,KOSPI,두산,KRLEVEL_RR|000150|3T|2918|2919|2921,2918,2919,2921,593000.0,3,592000.0,595000.0,589624.5777497874,9501.689000850596
000150.KS,000150,KOSPI,두산,KRLEVEL_RR|000150|2T|3026|3027|3029,3026,3027,3029,569000.0,2,530000.0,562000.0,527788.5389280327,8845.844287868906
000150.KS,000150,KOSPI,두산,KRLEVEL_RR|000150|3T|3041|3042|3044,3041,3042,3044,609000.0,3,589000.0,608000.0,586442.0986981943,10231.60520722291
000150.KS,000150,KOSPI,두산,KRLEVEL_RR|000150|2T|3062|3067|3068,3062,3067,3068,615000.0,2,610000.0,612000.0,607437.1943246059,10251.222701576415
000150.KS,000150,KOSPI,두산,KRLEVEL_RR|000150|3T|3132|3133|3134,3132,3133,3134,542000.0,3,528000.0,538000.0,525603.6601529168,9585.359388332734
000150.KS,000150,KOSPI,두산,KRLEVEL_RR|000150|2T|3147|3149|3150,3147,3149,3150,583000.0,2,561000.0,578000.0,558210.1525675482,11159.389729807159
000150.KS,000150,KOSPI,두산,KRLEVEL_RR|000150|2T|3164|3167|3169,3164,3167,3169,583000.0,2,581000.0,585000.0,578098.474769642,11606.10092143208
000150.KS,000150,KOSPI,두산,KRLEVEL_RR|000150|2T|3374|3375|3377,3374,3375,3377,891500.0,2,836000.0,885000.0,831759.3498606457,16962.600557417245
000150.KS,000150,KOSPI,두산,KRLEVEL_RR|000150|7T|3569|3573|3575,3569,3573,3575,890000.0,7,809000.0,885000.0,802665.8479962507,25336.60801499692
000150.KS,000150,KOSPI,두산,KRLEVEL_RR|000150|5T|3587|3592|3593,3587,3592,3593,890000.0,5,884000.0,894000.0,879581.3799754,17674.480098399767
000150.KS,000150,KOSPI,두산,KRLEVEL_RR|000150|3T|3617|3619|3621,3617,3619,3621,873000.0,3,857000.0,874000.0,852042.9379744027,19828.248102389207
000150.KS,000150,KOSPI,두산,KRLEVEL_RR|000150|4T|3648|3654|3656,3648,3654,3656,889000.0,4,812000.0,861000.0,806718.3151817386,21126.73927304547
000150.KS,000150,KOSPI,두산,KRLEVEL_RR|000150|2T|3743|3747|3749,3743,3747,3749,1050000.0,2,930000.0,1035000.0,920353.0584477332,38587.766209067515
000150.KS,000150,KOSPI,두산,KRLEVEL_RR|000150|3T|3773|3777|3779,3773,3777,3779,1130000.0,3,1053000.0,1100000.0,1045056.1008403356,31775.596638657546
000150.KS,000150,KOSPI,두산,KRLEVEL_RR|000150|3T|3803|3805|3806,3803,3805,3806,1130000.0,3,1070000.0,1122000.0,1061915.4166842222,32338.333263111548
000150.KS,000150,KOSPI,두산,KRLEVEL_RR|000150|2T|3856|3860|3861,3856,3860,3861,1050000.0,2,1022000.0,1054000.0,1014713.4344007565,29146.2623969741
000150.KS,000150,KOSPI,두산,KRLEVEL_RR|000150|2T|3889|3891|3893,3889,3891,3893,1282500.0,2,1232000.0,1275000.0,1223963.3901571871,32146.439371251607
000150.KS,000150,KOSPI,두산,KRLEVEL_RR|000150|2T|3928|3933|3935,3928,3933,3935,1436000.0,2,1387000.0,1433000.0,1379083.6437897768,31665.424840892665
000150.KS,000150,KOSPI,두산,KRLEVEL_RR|000150|2T|4035|4036|4037,4035,4036,4037,1436000.0,2,1401000.0,1435000.0,1387387.161461721,54451.35415311612
000150.KS,000150,KOSPI,두산,KRLEVEL_RR|000150|3T|4049|4050|4051,4049,4050,4051,1728000.0,3,1552000.0,1725000.0,1539773.0495637455,48907.801745018354
000150.KS,000150,KOSPI,두산,KRLEVEL_RR|000150|3T|4127|4131|4133,4127,4131,4133,1733000.0,3,1485000.0,1716000.0,1467977.6263360574,68089.49465576987
000150.KS,000150,KOSPI,두산,KRLEVEL_RR|000150|5T|4157|4161|4162,4157,4161,4162,1639000.0,5,1592000.0,1630000.0,1581792.2417081213,40831.033167514775
051910.KS,051910,KOSPI,LG화학,KRLEVEL_RR|051910|3T|423|424|425,423,424,425,503000.0,3,495000.0,503000.0,493345.02492260165,6619.900309593426
051910.KS,051910,KOSPI,LG화학,KRLEVEL_RR|051910|3T|491|494|496,491,494,496,477000.0,3,466000.0,477000.0,464887.84257835656,4448.6296865737895
051910.KS,051910,KOSPI,LG화학,KRLEVEL_RR|051910|2T|527|532|533,527,532,533,493750.0,2,458500.0,492000.0,457094.37549759995,5622.49800960028
051910.KS,051910,KOSPI,LG화학,KRLEVEL_RR|051910|2T|718|720|722,718,720,722,464250.0,2,417000.0,464500.0,415000.01367333555,7999.945306657911
051910.KS,051910,KOSPI,LG화학,KRLEVEL_RR|051910|2T|754|756|757,754,756,757,475000.0,2,449000.0,472500.0,447342.0624975581,6631.750009767728
051910.KS,051910,KOSPI,LG화학,KRLEVEL_RR|051910|2T|898|899|900,898,899,900,441000.0,2,431000.0,440500.0,429877.78764514317,4488.849419427241
051910.KS,051910,KOSPI,LG화학,KRLEVEL_RR|051910|2T|1054|1055|1056,1054,1055,1056,390250.0,2,371500.0,390000.0,370267.6448975767,4929.420409693215
051910.KS,051910,KOSPI,LG화학,KRLEVEL_RR|051910|2T|1068|1074|1075,1068,1074,1075,401500.0,2,390500.0,399500.0,389213.0529302551,5147.788278979628
051910.KS,051910,KOSPI,LG화학,KRLEVEL_RR|051910|6T|1108|1110|1111,1108,1110,1111,402500.0,6,395500.0,401500.0,394397.89189302607,4408.43242789565
051910.KS,051910,KOSPI,LG화학,KRLEVEL_RR|051910|3T|1147|1150|1151,1147,1150,1151,390500.0,3,380000.0,383500.0,378629.36774566374,5482.529017345101
051910.KS,051910,KOSPI,LG화학,KRLEVEL_RR|051910|2T|1301|1304|1305,1301,1304,1305,354000.0,2,336500.0,354000.0,335604.42802050867,3582.2879179653355
051910.KS,051910,KOSPI,LG화학,KRLEVEL_RR|051910|5T|1320|1321|1322,1320,1321,1322,359000.0,5,352500.0,358000.0,351487.7382172956,4049.047130817507
051910.KS,051910,KOSPI,LG화학,KRLEVEL_RR|051910|4T|1534|1539|1540,1534,1539,1540,318500.0,4,291500.0,315500.0,290206.6705669631,5173.317732147534
051910.KS,051910,KOSPI,LG화학,KRLEVEL_RR|051910|5T|1612|1613|1615,1612,1613,1615,318500.0,5,307000.0,318500.0,305789.8051397421,4840.779441031687
051910.KS,051910,KOSPI,LG화학,KRLEVEL_RR|051910|4T|1628|1629|1630,1628,1629,1630,315750.0,4,312500.0,315000.0,311275.3451307461,4898.619477015576
051910.KS,051910,KOSPI,LG화학,KRLEVEL_RR|051910|2T|1660|1664|1666,1660,1664,1666,359250.0,2,313500.0,359000.0,312151.9916026467,5392.033589413065
051910.KS,051910,KOSPI,LG화학,KRLEVEL_RR|051910|3T|1684|1690|1692,1684,1690,1692,359500.0,3,353500.0,354500.0,352176.1565056189,5295.3739775244885
051910.KS,051910,KOSPI,LG화학,KRLEVEL_RR|051910|2T|1752|1753|1754,1752,1753,1754,318750.0,2,317000.0,319000.0,315994.5038361335,4021.9846554659457
051910.KS,051910,KOSPI,LG화학,KRLEVEL_RR|051910|3T|1768|1770|1771,1768,1770,1771,336000.0,3,322000.0,334000.0,320735.8644132303,5056.542347078933
051910.KS,051910,KOSPI,LG화학,KRLEVEL_RR|051910|2T|1870|1874|1875,1870,1874,1875,291750.0,2,275000.0,289500.0,273888.2752439989,4446.899024004394
051910.KS,051910,KOSPI,LG화학,KRLEVEL_RR|051910|2T|2049|2052|2054,2049,2052,2054,257000.0,2,239000.0,256000.0,238018.73409878893,3925.0636048442143
051910.KS,051910,KOSPI,LG화학,KRLEVEL_RR|051910|2T|2108|2109|2110,2108,2109,2110,247250.0,2,240000.0,246500.0,239211.63868998954,3153.4452400418572
051910.KS,051910,KOSPI,LG화학,KRLEVEL_RR|051910|3T|2222|2226|2228,2222,2226,2228,247500.0,3,227000.0,246000.0,226126.34669681545,3494.613212738239
051910.KS,051910,KOSPI,LG화학,KRLEVEL_RR|051910|4T|2241|2247|2249,2241,2247,2249,249750.0,4,247500.0,248000.0,246626.53642221703,3493.8543111318745
051910.KS,051910,KOSPI,LG화학,KRLEVEL_RR|051910|4T|2302|2304|2305,2302,2304,2305,247250.0,4,236000.0,246500.0,234874.59265874955,4501.6293650018
051910.KS,051910,KOSPI,LG화학,KRLEVEL_RR|051910|4T|2336|2338|2339,2336,2338,2339,254000.0,4,230500.0,253500.0,229399.59581186686,4401.616752532532
051910.KS,051910,KOSPI,LG화학,KRLEVEL_RR|051910|2T|2481|2482|2483,2481,2482,2483,220250.0,2,215000.0,219500.0,214331.7770690698,2672.891723720822
051910.KS,051910,KOSPI,LG화학,KRLEVEL_RR|051910|3T|2501|2503|2505,2501,2503,2505,222000.0,3,218000.0,221000.0,217354.07752494974,2583.68990020107
051910.KS,051910,KOSPI,LG화학,KRLEVEL_RR|051910|4T|2714|2718|2720,2714,2718,2720,211250.0,4,200500.0,210500.0,199751.68787031708,2993.248518731712
051910.KS,051910,KOSPI,LG화학,KRLEVEL_RR|051910|4T|2738|2742|2744,2738,2742,2744,211250.0,4,210000.0,211000.0,209162.44093118366,3350.2362752653157
051910.KS,051910,KOSPI,LG화학,KRLEVEL_RR|051910|6T|2936|2940|2942,2936,2940,2942,278500.0,6,269500.0,278500.0,268729.81964849826,3080.7214060069646
051910.KS,051910,KOSPI,LG화학,KRLEVEL_RR|051910|2T|3056|3060|3062,3056,3060,3062,290000.0,2,285500.0,288000.0,284628.0739616415,3487.704153434
051910.KS,051910,KOSPI,LG화학,KRLEVEL_RR|051910|5T|3078|3080|3081,3078,3080,3081,292500.0,5,287000.0,289500.0,285945.20717383386,4219.171304664653
051910.KS,051910,KOSPI,LG화학,KRLEVEL_RR|051910|6T|3137|3138|3139,3137,3138,3139,279000.0,6,275000.0,279500.0,274224.45523593796,3102.179056248242
051910.KS,051910,KOSPI,LG화학,KRLEVEL_RR|051910|6T|3152|3158|3159,3152,3158,3159,279000.0,6,277500.0,280000.0,276354.5895423871,4581.641830451643
051910.KS,051910,KOSPI,LG화학,KRLEVEL_RR|051910|3T|3220|3222|3223,3220,3222,3223,408000.0,3,391000.0,406500.0,389208.9164835548,7164.33406578083
051910.KS,051910,KOSPI,LG화학,KRLEVEL_RR|051910|3T|3292|3293|3295,3292,3293,3295,405000.0,3,390000.0,405000.0,388281.42623800534,6874.295047978738
051910.KS,051910,KOSPI,LG화학,KRLEVEL_RR|051910|2T|3539|3541|3543,3539,3541,3543,332750.0,2,327500.0,331500.0,326292.76625339966,4828.934986401337
051910.KS,051910,KOSPI,LG화학,KRLEVEL_RR|051910|2T|3555|3556|3557,3555,3556,3557,332750.0,2,323500.0,333000.0,322238.9832519154,5044.0669923386
051910.KS,051910,KOSPI,LG화학,KRLEVEL_RR|051910|2T|3569|3573|3575,3569,3573,3575,348500.0,2,323500.0,348000.0,321830.10429715307,6679.582811387731
051910.KS,051910,KOSPI,LG화학,KRLEVEL_RR|051910|2T|3602|3603|3604,3602,3603,3604,339000.0,2,336000.0,340000.0,334562.48578243074,5750.056870276978
051910.KS,051910,KOSPI,LG화학,KRLEVEL_RR|051910|2T|3641|3645|3647,3641,3645,3647,305250.0,2,297000.0,305000.0,295717.2738126698,5130.90474932078
051910.KS,051910,KOSPI,LG화학,KRLEVEL_RR|051910|2T|3692|3694|3695,3692,3694,3695,348500.0,2,332000.0,347000.0,330612.0974214957,5551.610314017162
051910.KS,051910,KOSPI,LG화학,KRLEVEL_RR|051910|2T|3776|3777|3779,3776,3777,3779,305250.0,2,294500.0,303500.0,292987.2332758188,6051.06689672464
051910.KS,051910,KOSPI,LG화학,KRLEVEL_RR|051910|2T|3803|3804|3806,3803,3804,3806,305250.0,2,291000.0,303500.0,289454.335324832,6182.658700671867
051910.KS,051910,KOSPI,LG화학,KRLEVEL_RR|051910|2T|3840|3841|3843,3840,3841,3843,305250.0,2,297000.0,305000.0,295449.474635153,6202.101459388038
051910.KS,051910,KOSPI,LG화학,KRLEVEL_RR|051910|4T|3863|3868|3869,3863,3868,3869,323500.0,4,299500.0,320000.0,297825.0077982693,6699.968806922997
051910.KS,051910,KOSPI,LG화학,KRLEVEL_RR|051910|3T|3893|3898|3899,3893,3898,3899,340000.0,3,336000.0,340500.0,334347.0622052223,6611.751179110791
051910.KS,051910,KOSPI,LG화학,KRLEVEL_RR|051910|2T|3984|3986|3988,3984,3986,3988,428000.0,2,413750.0,426500.0,411825.34046633804,7698.638134647827
051910.KS,051910,KOSPI,LG화학,KRLEVEL_RR|051910|2T|4068|4069|4070,4068,4069,4070,347500.0,2,329500.0,345500.0,327450.98787197,8196.048512119953
051910.KS,051910,KOSPI,LG화학,KRLEVEL_RR|051910|3T|4128|4131|4132,4128,4131,4132,354000.0,3,304000.0,353000.0,301984.64661681827,8061.413532727009
051910.KS,051910,KOSPI,LG화학,KRLEVEL_RR|051910|2T|4241|4246|4247,4241,4246,4247,266750.0,2,248500.0,263000.0,246576.10096394617,7695.596144215274
051910.KS,051910,KOSPI,LG화학,KRLEVEL_RR|051910|4T|4342|4347|4349,4342,4347,4349,254500.0,4,242000.0,254500.0,240499.9604202638,6000.158318944844
051910.KS,051910,KOSPI,LG화학,KRLEVEL_RR|051910|4T|4360|4364|4365,4360,4364,4365,271750.0,4,252000.0,273000.0,250664.2715760612,5342.913695755191
042700.KS,042700,KOSPI,한미반도체,KRLEVEL_RR|042700|4T|251|252|253,251,252,253,55250.0,4,51300.0,54700.0,50950.27175179647,1398.9129928141303
042700.KS,042700,KOSPI,한미반도체,KRLEVEL_RR|042700|3T|352|353|354,352,353,354,58600.0,3,55800.0,58100.0,55381.586494902855,1673.6540203885847
042700.KS,042700,KOSPI,한미반도체,KRLEVEL_RR|042700|2T|367|372|373,367,372,373,61600.0,2,60300.0,60400.0,59864.44533458846,1742.2186616461586
042700.KS,042700,KOSPI,한미반도체,KRLEVEL_RR|042700|6T|385|386|388,385,386,388,57800.0,6,56500.0,57900.0,56054.122172389834,1783.5113104406767
042700.KS,042700,KOSPI,한미반도체,KRLEVEL_RR|042700|2T|419|421|422,419,421,422,61600.0,2,60300.0,61100.0,60026.98158229811,1092.0736708075508
042700.KS,042700,KOSPI,한미반도체,KRLEVEL_RR|042700|3T|455|456|458,455,456,458,61700.0,3,60200.0,61200.0,60006.45209728775,774.1916108490049
042700.KS,042700,KOSPI,한미반도체,KRLEVEL_RR|042700|4T|485|487|488,485,487,488,58950.0,4,57200.0,58600.0,57000.04240398319,799.8303840672189
042700.KS,042700,KOSPI,한미반도체,KRLEVEL_RR|042700|2T|519|520|521,519,520,521,58000.0,2,57100.0,58100.0,56921.46834019738,714.1266392104781
042700.KS,042700,KOSPI,한미반도체,KRLEVEL_RR|042700|2T|537|541|543,537,541,543,58500.0,2,57500.0,58400.0,57371.86497012856,512.5401194857606
042700.KS,042700,KOSPI,한미반도체,KRLEVEL_RR|042700|2T|563|564|565,563,564,565,58250.0,2,54000.0,58400.0,53770.453802924814,918.1847883007488
042700.KS,042700,KOSPI,한미반도체,KRLEVEL_RR|042700|10T|714|717|718,714,717,718,59350.0,10,56000.0,59100.0,55693.96239634769,1224.1504146092254
042700.KS,042700,KOSPI,한미반도체,KRLEVEL_RR|042700|10T|729|735|736,729,735,736,60350.0,10,59000.0,59700.0,58655.02888557863,1379.8844576854892
042700.KS,042700,KOSPI,한미반도체,KRLEVEL_RR|042700|2T|796|800|802,796,800,802,78000.0,2,70700.0,77500.0,70148.37437855458,2206.502485781689
042700.KS,042700,KOSPI,한미반도체,KRLEVEL_RR|042700|4T|910|914|916,910,914,916,98150.0,4,92800.0,97500.0,92329.50250799271,1881.9899680291303
042700.KS,042700,KOSPI,한미반도체,KRLEVEL_RR|042700|2T|1014|1016|1017,1014,1016,1017,139400.0,2,137700.0,138500.0,136922.43585861457,3110.256565541748
042700.KS,042700,KOSPI,한미반도체,KRLEVEL_RR|042700|6T|1085|1088|1090,1085,1088,1090,139200.0,6,130300.0,139400.0,129719.9007535382,2320.396985847221
042700.KS,042700,KOSPI,한미반도체,KRLEVEL_RR|042700|4T|1101|1107|1109,1101,1107,1109,138950.0,4,134300.0,139100.0,133824.9766656597,1900.0933373611972
042700.KS,042700,KOSPI,한미반도체,KRLEVEL_RR|042700|4T|1125|1130|1131,1125,1130,1131,140000.0,4,139500.0,139700.0,139077.21560893286,1691.1375642685618
042700.KS,042700,KOSPI,한미반도체,KRLEVEL_RR|042700|3T|1190|1191|1192,1190,1191,1192,144700.0,3,138100.0,143100.0,136903.40118540372,4786.395258385096
042700.KS,042700,KOSPI,한미반도체,KRLEVEL_RR|042700|3T|1366|1367|1368,1366,1367,1368,161100.0,3,155500.0,161200.0,154921.0106247908,2315.9575008368142
042700.KS,042700,KOSPI,한미반도체,KRLEVEL_RR|042700|3T|1642|1644|1646,1642,1644,1646,102100.0,3,99000.0,101400.0,98599.35238963006,1602.5904414797774
042700.KS,042700,KOSPI,한미반도체,KRLEVEL_RR|042700|2T|1807|1809|1810,1807,1809,1810,96050.0,2,91300.0,95700.0,90859.43002934931,1762.2798826027283
042700.KS,042700,KOSPI,한미반도체,KRLEVEL_RR|042700|5T|1881|1886|1888,1881,1886,1888,83000.0,5,80600.0,83100.0,80288.4132356867,1246.3470572531905
042700.KS,042700,KOSPI,한미반도체,KRLEVEL_RR|042700|5T|1965|1967|1969,1965,1967,1969,83000.0,5,69400.0,82800.0,68941.82886055112,1832.6845577955016
042700.KS,042700,KOSPI,한미반도체,KRLEVEL_RR|042700|5T|1981|1982|1983,1981,1982,1983,83000.0,5,81500.0,82700.0,81076.87265279006,1692.509388839783
042700.KS,042700,KOSPI,한미반도체,KRLEVEL_RR|042700|5T|2025|2029|2031,2025,2029,2031,83000.0,5,79400.0,82900.0,79021.89930795557,1512.4027681777384
042700.KS,042700,KOSPI,한미반도체,KRLEVEL_RR|042700|2T|2104|2110|2111,2104,2110,2111,108500.0,2,105600.0,108500.0,105085.9847950356,2056.0608198575824
042700.KS,042700,KOSPI,한미반도체,KRLEVEL_RR|042700|2T|2158|2159|2161,2158,2159,2161,108500.0,2,106000.0,108200.0,105502.09764897823,1991.6094040870453
042700.KS,042700,KOSPI,한미반도체,KRLEVEL_RR|042700|3T|2466|2467|2468,2466,2467,2468,72300.0,3,63500.0,70900.0,63001.852993238106,1992.5880270475755
042700.KS,042700,KOSPI,한미반도체,KRLEVEL_RR|042700|3T|2564|2567|2569,2564,2567,2569,84900.0,3,80400.0,84000.0,79897.88434341089,2008.4626263564824
042700.KS,042700,KOSPI,한미반도체,KRLEVEL_RR|042700|2T|2636|2640|2642,2636,2640,2642,82550.0,2,79950.0,82500.0,79684.47437440725,1062.1025023710095
042700.KS,042700,KOSPI,한미반도체,KRLEVEL_RR|042700|5T|2662|2664|2665,2662,2664,2665,85000.0,5,82200.0,85200.0,81939.21239776179,1043.1504089528237
042700.KS,042700,KOSPI,한미반도체,KRLEVEL_RR|042700|4T|2681|2682|2683,2681,2682,2683,86150.0,4,84600.0,86200.0,84293.37891296828,1226.4843481268874
042700.KS,042700,KOSPI,한미반도체,KRLEVEL_RR|042700|2T|2711|2712|2714,2711,2712,2714,91100.0,2,88600.0,91100.0,88094.77332736735,2020.9066905306127
042700.KS,042700,KOSPI,한미반도체,KRLEVEL_RR|042700|4T|2768|2772|2774,2768,2772,2774,94500.0,4,92700.0,94300.0,92390.71222923121,1237.1510830751567
042700.KS,042700,KOSPI,한미반도체,KRLEVEL_RR|042700|3T|2865|2869|2870,2865,2869,2870,84100.0,3,84100.0,84200.0,83856.92134800281,972.3146079887325
042700.KS,042700,KOSPI,한미반도체,KRLEVEL_RR|042700|2T|2887|2892|2894,2887,2892,2894,86850.0,2,86500.0,87100.0,86187.29472258083,1250.8211096766474
042700.KS,042700,KOSPI,한미반도체,KRLEVEL_RR|042700|3T|2912|2918|2919,2912,2918,2919,87800.0,3,86500.0,86900.0,86229.187652707,1083.2493891720271
042700.KS,042700,KOSPI,한미반도체,KRLEVEL_RR|042700|2T|2951|2952|2953,2951,2952,2953,88400.0,2,87700.0,88500.0,87404.46396428009,1182.1441428796302
042700.KS,042700,KOSPI,한미반도체,KRLEVEL_RR|042700|3T|2972|2973|2974,2972,2973,2974,87700.0,3,86600.0,87600.0,86353.59216227464,985.6313509014506
042700.KS,042700,KOSPI,한미반도체,KRLEVEL_RR|042700|3T|3052|3053|3054,3052,3053,3054,87700.0,3,82300.0,87400.0,82064.2752605635,942.8989577459889
042700.KS,042700,KOSPI,한미반도체,KRLEVEL_RR|042700|4T|3077|3081|3083,3077,3081,3083,91600.0,4,90700.0,91400.0,90379.3966818363,1282.413272654794
042700.KS,042700,KOSPI,한미반도체,KRLEVEL_RR|042700|2T|3098|3102|3103,3098,3102,3103,94900.0,2,92600.0,94700.0,92304.52630879538,1181.8947648184978
042700.KS,042700,KOSPI,한미반도체,KRLEVEL_RR|042700|2T|3128|3130|3132,3128,3130,3132,94900.0,2,90100.0,94700.0,89725.55078460382,1497.7968615846987
042700.KS,042700,KOSPI,한미반도체,KRLEVEL_RR|042700|2T|3168|3169|3170,3168,3169,3170,136050.0,2,124500.0,136500.0,123538.03511914772,3847.859523409087
042700.KS,042700,KOSPI,한미반도체,KRLEVEL_RR|042700|3T|3182|3186|3188,3182,3186,3188,147900.0,3,140900.0,147300.0,139931.17434461933,3875.3026215226955
042700.KS,042700,KOSPI,한미반도체,KRLEVEL_RR|042700|2T|3344|3345|3346,3344,3345,3346,122600.0,2,117100.0,123150.0,116503.01302862586,2387.9478854965537
042700.KS,042700,KOSPI,한미반도체,KRLEVEL_RR|042700|2T|3457|3461|3463,3457,3461,3463,126600.0,2,114700.0,126700.0,114237.28686203381,1850.852551864749
042700.KS,042700,KOSPI,한미반도체,KRLEVEL_RR|042700|4T|3487|3488|3489,3487,3488,3489,136150.0,4,126700.0,136800.0,125963.17229911267,2947.310803549303
042700.KS,042700,KOSPI,한미반도체,KRLEVEL_RR|042700|4T|3593|3597|3599,3593,3597,3599,179150.0,4,164700.0,177600.0,163499.2037997159,4803.184801136319
042700.KS,042700,KOSPI,한미반도체,KRLEVEL_RR|042700|2T|3621|3622|3623,3621,3622,3623,197600.0,2,186100.0,195500.0,184565.29888767446,6138.804449302109
042700.KS,042700,KOSPI,한미반도체,KRLEVEL_RR|042700|3T|3693|3694|3696,3693,3694,3696,208500.0,3,196800.0,207500.0,195767.52084633068,4129.916614677233
042700.KS,042700,KOSPI,한미반도체,KRLEVEL_RR|042700|2T|3734|3735|3736,3734,3735,3736,325000.0,2,301500.0,322000.0,297997.4160514365,14010.33579425394
042700.KS,042700,KOSPI,한미반도체,KRLEVEL_RR|042700|3T|3881|3882|3883,3881,3882,3883,280000.0,3,269500.0,280000.0,267973.6528722275,6105.388511089983
042700.KS,042700,KOSPI,한미반도체,KRLEVEL_RR|042700|2T|3929|3934|3935,3929,3934,3935,293750.0,2,286000.0,291000.0,284858.1440702144,4567.423719142359
042700.KS,042700,KOSPI,한미반도체,KRLEVEL_RR|042700|2T|3990|3994|3995,3990,3994,3995,396500.0,2,379000.0,390000.0,376568.18963024486,9727.241479020578
042700.KS,042700,KOSPI,한미반도체,KRLEVEL_RR|042700|3T|4032|4037|4038,4032,4037,4038,294000.0,3,277000.0,296500.0,273919.4965148959,12322.013940416438
042700.KS,042700,KOSPI,한미반도체,KRLEVEL_RR|042700|3T|4073|4074|4075,4073,4074,4075,286000.0,3,277500.0,285500.0,275547.95426203136,7808.182951874496
042700.KS,042700,KOSPI,한미반도체,KRLEVEL_RR|042700|2T|4109|4115|4116,4109,4115,4116,280000.0,2,250500.0,259000.0,247537.5774433427,11849.690226629085
042700.KS,042700,KOSPI,한미반도체,KRLEVEL_RR|042700|2T|4325|4327|4329,4325,4327,4329,205000.0,2,148900.0,200000.0,146508.5608917861,9565.756432855565
042700.KS,042700,KOSPI,한미반도체,KRLEVEL_RR|042700|2T|4343|4344|4346,4343,4344,4346,205000.0,2,193100.0,203500.0,191318.44460773296,7126.221569068097
033780.KS,033780,KOSPI,KT&G,KRLEVEL_RR|033780|6T|259|265|266,259,265,266,87500.0,6,86000.0,87300.0,85825.42483501638,698.3006599344517
033780.KS,033780,KOSPI,KT&G,KRLEVEL_RR|033780|2T|312|316|317,312,316,317,86300.0,2,85500.0,86100.0,85344.106007661,623.5759693560191
033780.KS,033780,KOSPI,KT&G,KRLEVEL_RR|033780|3T|332|334|335,332,334,335,86400.0,3,85100.0,86300.0,84937.4994607783,650.0021568868059
033780.KS,033780,KOSPI,KT&G,KRLEVEL_RR|033780|6T|348|352|354,348,352,354,87400.0,6,87100.0,87300.0,86918.91559491605,724.3376203357992
033780.KS,033780,KOSPI,KT&G,KRLEVEL_RR|033780|4T|366|368|370,366,368,370,88450.0,4,87600.0,88600.0,87435.14109413394,659.4356234642325
033780.KS,033780,KOSPI,KT&G,KRLEVEL_RR|033780|2T|503|506|508,503,506,508,91300.0,2,90300.0,91300.0,90208.92118786089,364.3152485564177
033780.KS,033780,KOSPI,KT&G,KRLEVEL_RR|033780|2T|588|589|591,588,589,591,89900.0,2,86000.0,89800.0,85841.69368296687,633.225268132543
033780.KS,033780,KOSPI,KT&G,KRLEVEL_RR|033780|3T|678|679|680,678,679,680,86500.0,3,85400.0,86500.0,85265.62216043584,537.5113582566496
033780.KS,033780,KOSPI,KT&G,KRLEVEL_RR|033780|3T|707|710|711,707,710,711,91600.0,3,88100.0,91200.0,87922.33311581098,710.6675367560621
033780.KS,033780,KOSPI,KT&G,KRLEVEL_RR|033780|4T|736|740|742,736,740,742,90950.0,4,89500.0,90700.0,89300.80319672731,796.7872130907629
033780.KS,033780,KOSPI,KT&G,KRLEVEL_RR|033780|3T|762|764|766,762,764,766,90500.0,3,89000.0,90500.0,88835.34258848125,658.6296460749915
033780.KS,033780,KOSPI,KT&G,KRLEVEL_RR|033780|2T|777|783|784,777,783,784,91250.0,2,90600.0,90900.0,90447.93473947182,608.2610421126967
033780.KS,033780,KOSPI,KT&G,KRLEVEL_RR|033780|3T|809|812|814,809,812,814,91600.0,3,91600.0,91700.0,91433.46466283975,666.1413486410258
033780.KS,033780,KOSPI,KT&G,KRLEVEL_RR|033780|3T|857|859|861,857,859,861,92500.0,3,91700.0,92400.0,91555.19175126072,579.2329949571559
033780.KS,033780,KOSPI,KT&G,KRLEVEL_RR|033780|3T|914|915|916,914,915,916,92500.0,3,91900.0,92200.0,91739.35728685585,642.5708525765751
033780.KS,033780,KOSPI,KT&G,KRLEVEL_RR|033780|2T|1070|1074|1076,1070,1074,1076,90850.0,2,89000.0,90700.0,88871.38528473336,514.4588610665454
033780.KS,033780,KOSPI,KT&G,KRLEVEL_RR|033780|5T|1294|1297|1299,1294,1297,1299,86900.0,5,85000.0,86700.0,84885.20029049461,459.19883802155226
033780.KS,033780,KOSPI,KT&G,KRLEVEL_RR|033780|5T|1354|1358|1360,1354,1358,1360,86800.0,5,85700.0,86900.0,85579.81347787478,480.74608850090993
033780.KS,033780,KOSPI,KT&G,KRLEVEL_RR|033780|2T|1375|1376|1378,1375,1376,1378,87350.0,2,86800.0,87300.0,86685.00875187627,459.96499249489085
033780.KS,033780,KOSPI,KT&G,KRLEVEL_RR|033780|6T|1468|1472|1474,1468,1472,1474,93300.0,6,87700.0,93400.0,87342.51076727151,1429.9569309139597
033780.KS,033780,KOSPI,KT&G,KRLEVEL_RR|033780|2T|1516|1519|1521,1516,1519,1521,101550.0,2,98300.0,100100.0,98043.95988319267,1024.1604672293076
033780.KS,033780,KOSPI,KT&G,KRLEVEL_RR|033780|2T|1584|1586|1588,1584,1586,1588,109550.0,2,107400.0,108900.0,107043.08426025543,1427.6629589782813
033780.KS,033780,KOSPI,KT&G,KRLEVEL_RR|033780|2T|1618|1619|1620,1618,1619,1620,109550.0,2,108100.0,109500.0,107751.19873312899,1395.205067484067
033780.KS,033780,KOSPI,KT&G,KRLEVEL_RR|033780|2T|1654|1660|1662,1654,1660,1662,107650.0,2,105400.0,106300.0,105103.85914135864,1184.5634345654412
033780.KS,033780,KOSPI,KT&G,KRLEVEL_RR|033780|4T|1721|1723|1724,1721,1723,1724,107500.0,4,104700.0,107400.0,104374.45687000858,1302.1725199656923
033780.KS,033780,KOSPI,KT&G,KRLEVEL_RR|033780|4T|1745|1747|1748,1745,1747,1748,107500.0,4,107100.0,107300.0,106822.00326689375,1111.9869324249885
033780.KS,033780,KOSPI,KT&G,KRLEVEL_RR|033780|5T|1762|1763|1765,1762,1763,1765,109500.0,5,107600.0,109700.0,107320.07567772912,1119.6972890834988
033780.KS,033780,KOSPI,KT&G,KRLEVEL_RR|033780|4T|1792|1795|1796,1792,1795,1796,109550.0,4,109100.0,109700.0,108885.04280886127,859.8287645549041
033780.KS,033780,KOSPI,KT&G,KRLEVEL_RR|033780|2T|1807|1809|1810,1807,1809,1810,109050.0,2,107600.0,109200.0,107331.28520324321,1074.8591870271607
033780.KS,033780,KOSPI,KT&G,KRLEVEL_RR|033780|2T|1839|1841|1843,1839,1841,1843,122900.0,2,109500.0,122100.0,109089.24119358082,1643.0352256766992
033780.KS,033780,KOSPI,KT&G,KRLEVEL_RR|033780|2T|1909|1910|1911,1909,1910,1911,120950.0,2,119000.0,121000.0,118646.72939339564,1413.0824264174476
033780.KS,033780,KOSPI,KT&G,KRLEVEL_RR|033780|5T|1923|1925|1927,1923,1925,1927,122000.0,5,119700.0,122200.0,119289.27974433612,1642.8810226555331
033780.KS,033780,KOSPI,KT&G,KRLEVEL_RR|033780|2T|2132|2137|2138,2132,2137,2138,106250.0,2,104200.0,105600.0,103929.0776780357,1083.6892878571919
033780.KS,033780,KOSPI,KT&G,KRLEVEL_RR|033780|3T|2202|2207|2208,2202,2207,2208,106400.0,3,104500.0,106000.0,104287.60196818397,849.5921272641392
033780.KS,033780,KOSPI,KT&G,KRLEVEL_RR|033780|3T|2366|2370|2372,2366,2370,2372,102100.0,3,99800.0,101700.0,99544.7590563201,1020.963774719598
033780.KS,033780,KOSPI,KT&G,KRLEVEL_RR|033780|3T|2385|2389|2391,2385,2389,2391,102100.0,3,100100.0,102100.0,99850.91895036049,996.3241985580569
033780.KS,033780,KOSPI,KT&G,KRLEVEL_RR|033780|4T|2421|2426|2428,2421,2426,2428,102200.0,4,99300.0,101000.0,98951.83704289304,1392.6518284278666
033780.KS,033780,KOSPI,KT&G,KRLEVEL_RR|033780|2T|2439|2444|2446,2439,2444,2446,107200.0,2,103600.0,106400.0,103338.32825857397,1046.6869657041145
033780.KS,033780,KOSPI,KT&G,KRLEVEL_RR|033780|2T|2473|2474|2475,2473,2474,2475,110350.0,2,109200.0,110300.0,108948.91481909594,1004.3407236162557
033780.KS,033780,KOSPI,KT&G,KRLEVEL_RR|033780|4T|2513|2517|2518,2513,2517,2518,114150.0,4,112000.0,114200.0,111722.56861750128,1109.7255299948788
033780.KS,033780,KOSPI,KT&G,KRLEVEL_RR|033780|2T|2552|2554|2556,2552,2554,2556,116100.0,2,113200.0,115800.0,112910.43584342509,1158.2566262996286
033780.KS,033780,KOSPI,KT&G,KRLEVEL_RR|033780|2T|2588|2592|2593,2588,2592,2593,118950.0,2,117800.0,118300.0,117533.45318180148,1066.187272794085
033780.KS,033780,KOSPI,KT&G,KRLEVEL_RR|033780|3T|2628|2629|2630,2628,2629,2630,120200.0,3,119100.0,120100.0,118763.3153510689,1346.738595724384
033780.KS,033780,KOSPI,KT&G,KRLEVEL_RR|033780|4T|2690|2691|2692,2690,2691,2692,124750.0,4,121000.0,123900.0,120655.01058022861,1379.9576790855242
033780.KS,033780,KOSPI,KT&G,KRLEVEL_RR|033780|3T|2718|2720|2721,2718,2720,2721,124200.0,3,122400.0,123400.0,122096.3257904558,1214.6968381768372
033780.KS,033780,KOSPI,KT&G,KRLEVEL_RR|033780|3T|2742|2748|2750,2742,2748,2750,126700.0,3,122800.0,126600.0,122477.7199998411,1289.1200006356503
033780.KS,033780,KOSPI,KT&G,KRLEVEL_RR|033780|3T|2762|2765|2766,2762,2765,2766,130200.0,3,126200.0,129100.0,125889.04122173568,1243.8351130572908
033780.KS,033780,KOSPI,KT&G,KRLEVEL_RR|033780|3T|2860|2864|2866,2860,2864,2866,130200.0,3,129700.0,130000.0,129410.49919824967,1158.003207001314
033780.KS,033780,KOSPI,KT&G,KRLEVEL_RR|033780|4T|2909|2911|2912,2909,2911,2912,137900.0,4,133900.0,137000.0,133168.0019170033,2927.992331986784
033780.KS,033780,KOSPI,KT&G,KRLEVEL_RR|033780|4T|2975|2976|2978,2975,2976,2978,137800.0,4,135700.0,137400.0,135379.84151955435,1280.6339217825816
033780.KS,033780,KOSPI,KT&G,KRLEVEL_RR|033780|2T|3047|3053|3054,3047,3053,3054,131800.0,2,130900.0,131400.0,130586.74890898689,1253.0043640524561
033780.KS,033780,KOSPI,KT&G,KRLEVEL_RR|033780|7T|3074|3078|3080,3074,3078,3080,136600.0,7,135400.0,135900.0,135033.58250454313,1465.669981827539
033780.KS,033780,KOSPI,KT&G,KRLEVEL_RR|033780|4T|3119|3120|3122,3119,3120,3122,137600.0,4,134100.0,137500.0,133649.9405726312,1800.2377094752549
033780.KS,033780,KOSPI,KT&G,KRLEVEL_RR|033780|4T|3149|3151|3153,3149,3151,3153,135200.0,4,132300.0,135100.0,131946.29183855912,1414.832645763486
033780.KS,033780,KOSPI,KT&G,KRLEVEL_RR|033780|4T|3174|3175|3176,3174,3175,3176,137600.0,4,136100.0,137900.0,135710.2741943078,1558.903222768849
033780.KS,033780,KOSPI,KT&G,KRLEVEL_RR|033780|6T|3250|3253|3254,3250,3253,3254,135200.0,6,132700.0,134700.0,132449.9567878445,1000.1728486219661
033780.KS,033780,KOSPI,KT&G,KRLEVEL_RR|033780|3T|3272|3276|3277,3272,3276,3277,138000.0,3,137200.0,138200.0,136797.86915336686,1608.5233865325738
033780.KS,033780,KOSPI,KT&G,KRLEVEL_RR|033780|6T|3289|3293|3295,3289,3293,3295,140400.0,6,133900.0,139600.0,133558.81003356614,1364.7598657353963
033780.KS,033780,KOSPI,KT&G,KRLEVEL_RR|033780|3T|3314|3315|3317,3314,3315,3317,143300.0,3,141100.0,143400.0,140814.2029782696,1143.1880869215674
033780.KS,033780,KOSPI,KT&G,KRLEVEL_RR|033780|2T|3349|3352|3353,3349,3352,3353,142550.0,2,140000.0,142500.0,139703.59837038678,1185.6065184529136
033780.KS,033780,KOSPI,KT&G,KRLEVEL_RR|033780|3T|3367|3368|3369,3367,3368,3369,143300.0,3,142200.0,143500.0,141930.6368050048,1077.4527799808604
033780.KS,033780,KOSPI,KT&G,KRLEVEL_RR|033780|2T|3396|3401|3403,3396,3401,3403,140300.0,2,139000.0,139700.0,138746.4051044903,1014.3795820387976
033780.KS,033780,KOSPI,KT&G,KRLEVEL_RR|033780|2T|3424|3427|3428,3424,3427,3428,142350.0,2,140700.0,142600.0,140383.18550746207,1267.2579701516931
033780.KS,033780,KOSPI,KT&G,KRLEVEL_RR|033780|3T|3523|3525|3527,3523,3525,3527,142300.0,3,141600.0,142500.0,141387.7191666805,849.1233332780145
033780.KS,033780,KOSPI,KT&G,KRLEVEL_RR|033780|5T|3551|3554|3555,3551,3554,3555,145000.0,5,142900.0,144400.0,142640.91661368392,1036.333545264279
033780.KS,033780,KOSPI,KT&G,KRLEVEL_RR|033780|5T|3568|3572|3573,3568,3572,3573,143800.0,5,143200.0,143900.0,142912.6300287086,1149.4798851655878
033780.KS,033780,KOSPI,KT&G,KRLEVEL_RR|033780|2T|3587|3588|3589,3587,3588,3589,142200.0,2,141700.0,142200.0,141421.24860767546,1115.0055692981955
033780.KS,033780,KOSPI,KT&G,KRLEVEL_RR|033780|4T|3600|3601|3602,3600,3601,3602,143750.0,4,141900.0,143700.0,141646.48132479025,1014.0747008389878
033780.KS,033780,KOSPI,KT&G,KRLEVEL_RR|033780|4T|3666|3667|3669,3666,3667,3669,173550.0,4,169600.0,173200.0,169107.8025600895,1968.789759641921
033780.KS,033780,KOSPI,KT&G,KRLEVEL_RR|033780|3T|3696|3697|3698,3696,3697,3698,173600.0,3,173000.0,173700.0,172458.11682864456,2167.5326854217083
033780.KS,033780,KOSPI,KT&G,KRLEVEL_RR|033780|3T|3777|3778|3779,3777,3778,3779,155500.0,3,152700.0,155000.0,152311.02787437057,1555.8885025177094
033780.KS,033780,KOSPI,KT&G,KRLEVEL_RR|033780|3T|3806|3807|3809,3806,3807,3809,155500.0,3,150900.0,155000.0,150397.30982089095,2010.7607164361907
033780.KS,033780,KOSPI,KT&G,KRLEVEL_RR|033780|3T|3826|3829|3830,3826,3829,3830,157700.0,3,153200.0,157000.0,152694.26127440424,2022.954902383071
033780.KS,033780,KOSPI,KT&G,KRLEVEL_RR|033780|8T|3842|3843|3844,3842,3843,3844,157500.0,8,155900.0,158000.0,155324.71148950592,2301.1540419763114
033780.KS,033780,KOSPI,KT&G,KRLEVEL_RR|033780|5T|3869|3872|3874,3869,3872,3874,157400.0,5,153200.0,157400.0,152725.20223052803,1899.1910778879228
033780.KS,033780,KOSPI,KT&G,KRLEVEL_RR|033780|3T|3887|3892|3893,3887,3892,3893,164900.0,3,161100.0,165100.0,160645.40162408457,1818.3935036617827
033780.KS,033780,KOSPI,KT&G,KRLEVEL_RR|033780|3T|3929|3934|3935,3929,3934,3935,171300.0,3,168000.0,170700.0,167519.28859110374,1922.8456355850712
033780.KS,033780,KOSPI,KT&G,KRLEVEL_RR|033780|5T|4037|4041|4043,4037,4041,4043,179500.0,5,175100.0,179500.0,174489.80524623833,2440.779015046655
033780.KS,033780,KOSPI,KT&G,KRLEVEL_RR|033780|2T|4062|4064|4066,4062,4064,4066,181800.0,2,178000.0,180800.0,177480.57075800616,2077.716967975347
033780.KS,033780,KOSPI,KT&G,KRLEVEL_RR|033780|3T|4081|4082|4083,4081,4082,4083,184200.0,3,180000.0,184300.0,179442.68235780016,2229.2705687993143
033780.KS,033780,KOSPI,KT&G,KRLEVEL_RR|033780|3T|4104|4107|4109,4104,4107,4109,182700.0,3,173200.0,183200.0,172505.18676742527,2779.252930298898
033780.KS,033780,KOSPI,KT&G,KRLEVEL_RR|033780|6T|4122|4126|4128,4122,4126,4128,185950.0,6,180800.0,186300.0,180110.09499899985,2759.6200040005715
033780.KS,033780,KOSPI,KT&G,KRLEVEL_RR|033780|2T|4206|4210|4212,4206,4210,4212,172650.0,2,168100.0,172400.0,167415.173834733,2739.3046610679835
033780.KS,033780,KOSPI,KT&G,KRLEVEL_RR|033780|4T|4224|4226|4228,4224,4226,4228,180500.0,4,170500.0,179900.0,169868.48187382994,2526.072504680251
033780.KS,033780,KOSPI,KT&G,KRLEVEL_RR|033780|2T|4256|4257|4259,4256,4257,4259,172650.0,2,171100.0,171900.0,170311.43356663882,3154.2657334447617
033780.KS,033780,KOSPI,KT&G,KRLEVEL_RR|033780|3T|4270|4273|4275,4270,4273,4275,177800.0,3,171700.0,176600.0,170879.38820379332,3282.447184826746
033780.KS,033780,KOSPI,KT&G,KRLEVEL_RR|033780|3T|4286|4288|4290,4286,4288,4290,176700.0,3,175000.0,176700.0,174376.39187613316,2494.432495467321
033780.KS,033780,KOSPI,KT&G,KRLEVEL_RR|033780|3T|4344|4347|4349,4344,4347,4349,175600.0,3,173600.0,175800.0,173030.58191873302,2277.6723250679047
196170.KQ,196170,KOSDAQ,알테오젠,KRLEVEL_RR|196170|3T|306|312|313,306,312,313,43307.6953125,3,38615.38671875,43461.5390625,38249.82185681848,1462.2594477260789
196170.KQ,196170,KOSDAQ,알테오젠,KRLEVEL_RR|196170|2T|337|339|340,337,339,340,51538.46484375,2,46153.84765625,51461.5390625,45839.07422102187,1259.0937409125424
196170.KQ,196170,KOSDAQ,알테오젠,KRLEVEL_RR|196170|3T|384|387|389,384,387,389,49846.15625,3,46846.15625,49230.76953125,46493.10833248271,1412.19167006914
196170.KQ,196170,KOSDAQ,알테오젠,KRLEVEL_RR|196170|2T|401|402|404,401,402,404,53884.6171875,2,47230.76953125,53538.46484375,46873.92589625354,1427.3745399858467
196170.KQ,196170,KOSDAQ,알테오젠,KRLEVEL_RR|196170|2T|419|421|422,419,421,422,56423.078125,2,52307.6953125,56000.00390625,51958.290118155346,1397.6207773786186
196170.KQ,196170,KOSDAQ,알테오젠,KRLEVEL_RR|196170|3T|433|434|436,433,434,436,55538.46484375,3,55000.00390625,55538.46484375,54652.526009518704,1389.9115869251898
196170.KQ,196170,KOSDAQ,알테오젠,KRLEVEL_RR|196170|3T|538|540|541,538,540,541,55538.46484375,3,50846.15625,55307.6953125,50608.072337281024,952.33565087589
196170.KQ,196170,KOSDAQ,알테오젠,KRLEVEL_RR|196170|2T|562|567|569,562,567,569,69961.54296875,2,66000.0,70307.6953125,65488.02641144512,2047.8943542195332
196170.KQ,196170,KOSDAQ,알테오젠,KRLEVEL_RR|196170|4T|605|610|611,605,610,611,70346.15625,4,66076.921875,68923.078125,65649.84810594577,1708.2950762169296
196170.KQ,196170,KOSDAQ,알테오젠,KRLEVEL_RR|196170|2T|680|681|682,680,681,682,56692.310546875,2,55230.76953125,56307.6953125,54870.030369927226,1442.9566452910865
196170.KQ,196170,KOSDAQ,알테오젠,KRLEVEL_RR|196170|3T|707|712|714,707,712,714,56076.92578125,3,56230.76953125,56384.6171875,55824.99399312819,1623.1021524872342
196170.KQ,196170,KOSDAQ,알테오젠,KRLEVEL_RR|196170|3T|744|745|746,744,745,746,59923.078125,3,58461.5390625,60000.00390625,58096.90608935712,1458.5318925715212
196170.KQ,196170,KOSDAQ,알테오젠,KRLEVEL_RR|196170|3T|783|789|790,783,789,790,71153.8515625,3,64923.078125,65384.6171875,63767.39321196532,4622.739652138725
196170.KQ,196170,KOSDAQ,알테오젠,KRLEVEL_RR|196170|2T|860|862|863,860,862,863,145615.3828125,2,136307.703125,143923.078125,135293.80296087428,4055.6006565028797
196170.KQ,196170,KOSDAQ,알테오젠,KRLEVEL_RR|196170|2T|904|910|911,904,910,911,152153.8515625,2,148307.703125,152076.921875,147113.4008104094,4777.20925836238
196170.KQ,196170,KOSDAQ,알테오젠,KRLEVEL_RR|196170|2T|976|977|979,976,977,979,129115.390625,2,120153.8515625,129846.15625,119222.42435078228,3725.708846870861
196170.KQ,196170,KOSDAQ,알테오젠,KRLEVEL_RR|196170|2T|1021|1023|1024,1021,1023,1024,129115.390625,2,122230.7734375,128538.46875,121331.74948743406,3596.0958002637467
196170.KQ,196170,KOSDAQ,알테오젠,KRLEVEL_RR|196170|8T|1036|1037|1039,1036,1037,1039,134692.3125,8,125846.15625,132615.390625,125039.97789280718,3224.7134287712965
196170.KQ,196170,KOSDAQ,알테오젠,KRLEVEL_RR|196170|7T|1059|1060|1062,1059,1060,1062,134384.625,7,131923.078125,132461.546875,131088.26865417956,3339.2378832817594
196170.KQ,196170,KOSDAQ,알테오젠,KRLEVEL_RR|196170|7T|1112|1113|1114,1112,1113,1114,134000.0,7,122615.390625,133384.625,121862.18214995407,3012.8339001837303
196170.KQ,196170,KOSDAQ,알테오젠,KRLEVEL_RR|196170|2T|1152|1153|1154,1152,1153,1154,147692.3125,2,145769.234375,146923.078125,145065.13505682157,2816.3972727136593
196170.KQ,196170,KOSDAQ,알테오젠,KRLEVEL_RR|196170|4T|1184|1185|1186,1184,1185,1186,136307.6953125,4,131846.15625,136615.390625,131013.22342638049,3331.7312944780488
196170.KQ,196170,KOSDAQ,알테오젠,KRLEVEL_RR|196170|3T|1268|1269|1270,1268,1269,1270,212692.3125,3,192307.703125,212692.3125,190892.4264800652,5661.106579739242
196170.KQ,196170,KOSDAQ,알테오젠,KRLEVEL_RR|196170|2T|1354|1356|1358,1354,1356,1358,203653.8515625,2,197307.703125,203461.546875,196077.21806121495,4921.940255140241
196170.KQ,196170,KOSDAQ,알테오젠,KRLEVEL_RR|196170|2T|1386|1387|1389,1386,1387,1389,203653.8515625,2,200000.0,203076.9375,199055.14403623142,3779.4238550742975
196170.KQ,196170,KOSDAQ,알테오젠,KRLEVEL_RR|196170|3T|1422|1426|1428,1422,1426,1428,220384.625,3,212307.703125,221538.46875,210756.55150426828,6204.606482926824
196170.KQ,196170,KOSDAQ,알테오젠,KRLEVEL_RR|196170|8T|1460|1461|1462,1460,1461,1462,213269.234375,8,191923.078125,213076.9375,189390.1278265993,10131.801193602812
196170.KQ,196170,KOSDAQ,알테오젠,KRLEVEL_RR|196170|2T|1475|1479|1481,1475,1479,1481,235000.0078125,2,213076.9375,233076.9375,211414.57110296068,6649.46558815727
196170.KQ,196170,KOSDAQ,알테오젠,KRLEVEL_RR|196170|6T|1493|1496|1498,1493,1496,1498,224038.46875,6,220000.015625,223076.9375,218813.4227596151,4746.371461539682
196170.KQ,196170,KOSDAQ,알테오젠,KRLEVEL_RR|196170|4T|1531|1532|1533,1531,1532,1533,234807.703125,4,213846.15625,235384.625,212491.06753025984,5420.354878960591
196170.KQ,196170,KOSDAQ,알테오젠,KRLEVEL_RR|196170|2T|1544|1546|1548,1544,1546,1548,241730.7734375,2,235769.234375,241538.46875,234395.46698616215,5495.06955535144
196170.KQ,196170,KOSDAQ,알테오젠,KRLEVEL_RR|196170|2T|1562|1566|1568,1562,1566,1568,241730.7734375,2,235769.234375,239615.390625,234522.89146162863,4985.371653485433
196170.KQ,196170,KOSDAQ,알테오젠,KRLEVEL_RR|196170|4T|1591|1596|1598,1591,1596,1598,230961.546875,4,224615.390625,230000.015625,223308.79645010293,5226.3766995882315
196170.KQ,196170,KOSDAQ,알테오젠,KRLEVEL_RR|196170|2T|1612|1615|1617,1612,1615,1617,238653.8515625,2,231923.078125,237692.3125,230904.47000263588,4074.4324894564643
196170.KQ,196170,KOSDAQ,알테오젠,KRLEVEL_RR|196170|2T|1669|1673|1674,1669,1673,1674,255000.015625,2,250000.015625,251538.46875,248905.8619130498,4376.614847800844
196170.KQ,196170,KOSDAQ,알테오젠,KRLEVEL_RR|196170|2T|1728|1733|1734,1728,1733,1734,296538.484375,2,293076.9375,294615.40625,291944.4847203792,4529.811118483223
196170.KQ,196170,KOSDAQ,알테오젠,KRLEVEL_RR|196170|5T|1810|1814|1815,1810,1814,1815,294615.40625,5,292692.3125,293846.15625,291286.83778675157,5621.898852993619
196170.KQ,196170,KOSDAQ,알테오젠,KRLEVEL_RR|196170|2T|2025|2030|2031,2025,2030,2031,232307.6953125,2,211923.078125,230384.625,210531.5272805738,5566.203377704818
196170.KQ,196170,KOSDAQ,알테오젠,KRLEVEL_RR|196170|3T|2042|2044|2045,2042,2044,2045,235000.015625,3,226538.46875,233076.9375,225461.47507968967,4307.974681241364
196170.KQ,196170,KOSDAQ,알테오젠,KRLEVEL_RR|196170|2T|2080|2085|2087,2080,2085,2087,232307.6953125,2,230384.625,232307.703125,229427.17661883694,3829.7935246522134
196170.KQ,196170,KOSDAQ,알테오젠,KRLEVEL_RR|196170|3T|2105|2106|2108,2105,2106,2108,235000.015625,3,232692.3125,234615.390625,231923.42836174704,3075.5365530118347
196170.KQ,196170,KOSDAQ,알테오젠,KRLEVEL_RR|196170|3T|2203|2208|2209,2203,2208,2209,303461.5625,3,281538.46875,298846.15625,280298.7660504589,4958.810798164481
196170.KQ,196170,KOSDAQ,알테오젠,KRLEVEL_RR|196170|2T|2241|2243|2244,2241,2243,2244,300000.015625,2,293461.5625,299615.40625,292351.5653208498,4439.9887166008
196170.KQ,196170,KOSDAQ,알테오젠,KRLEVEL_RR|196170|2T|2262|2266|2268,2262,2266,2268,300000.015625,2,300384.625,301153.84375,299231.8239073367,4611.20437065321
196170.KQ,196170,KOSDAQ,알테오젠,KRLEVEL_RR|196170|3T|2307|2312|2313,2307,2312,2313,293076.9375,3,281923.09375,286538.46875,280279.95103955443,6572.570841782229
196170.KQ,196170,KOSDAQ,알테오젠,KRLEVEL_RR|196170|2T|2426|2432|2433,2426,2432,2433,282500.015625,2,271153.84375,277692.3125,269728.18215711106,5702.646371555808
196170.KQ,196170,KOSDAQ,알테오젠,KRLEVEL_RR|196170|3T|2478|2483|2485,2478,2483,2485,297692.3125,3,293461.5625,296923.09375,292639.55060936674,3288.047562532946
196170.KQ,196170,KOSDAQ,알테오젠,KRLEVEL_RR|196170|3T|2600|2602|2603,2600,2602,2603,253846.15625,3,245000.015625,251923.09375,244050.5455661519,3797.8802353923884
196170.KQ,196170,KOSDAQ,알테오젠,KRLEVEL_RR|196170|2T|2615|2617|2618,2615,2617,2618,257115.390625,2,245000.015625,255384.625,244073.4806744972,3706.139802011241
196170.KQ,196170,KOSDAQ,알테오젠,KRLEVEL_RR|196170|3T|2652|2654|2655,2652,2654,2655,297692.3125,3,279230.78125,293461.5625,277961.763370507,5076.071517972032
196170.KQ,196170,KOSDAQ,알테오젠,KRLEVEL_RR|196170|4T|2715|2719|2720,2715,2719,2720,300192.3125,4,295769.25,298846.15625,294366.90594579466,5609.376216821354
196170.KQ,196170,KOSDAQ,알테오젠,KRLEVEL_RR|196170|2T|2750|2751|2752,2750,2751,2752,291923.078125,2,286538.46875,290000.0,285380.852328632,4630.465685471896
196170.KQ,196170,KOSDAQ,알테오젠,KRLEVEL_RR|196170|2T|2770|2771|2772,2770,2771,2772,305961.546875,2,289230.78125,306153.84375,287794.08804694033,5746.772812238763
196170.KQ,196170,KOSDAQ,알테오젠,KRLEVEL_RR|196170|3T|2934|2940|2942,2934,2940,2942,339230.78125,3,322692.3125,337692.3125,321403.2013680474,5156.444527810423
196170.KQ,196170,KOSDAQ,알테오젠,KRLEVEL_RR|196170|2T|2972|2978|2979,2972,2978,2979,333076.9375,2,310384.625,331153.84375,309064.14854684385,5281.905812624662
196170.KQ,196170,KOSDAQ,알테오젠,KRLEVEL_RR|196170|2T|2997|2998|2999,2997,2998,2999,333076.9375,2,329615.40625,332692.3125,328284.7957485893,5322.442005642776
196170.KQ,196170,KOSDAQ,알테오젠,KRLEVEL_RR|196170|2T|3021|3023|3025,3021,3023,3025,357500.015625,2,350000.0,356923.09375,348998.01002867235,4007.9598853106827
196170.KQ,196170,KOSDAQ,알테오젠,KRLEVEL_RR|196170|5T|3040|3041|3042,3040,3041,3042,360384.625,5,354615.40625,360769.25,353540.41331910755,4299.971723569686
196170.KQ,196170,KOSDAQ,알테오젠,KRLEVEL_RR|196170|3T|3058|3063|3065,3058,3063,3065,375769.25,3,365000.0,375384.625,363941.3576261919,4234.569495232267
196170.KQ,196170,KOSDAQ,알테오젠,KRLEVEL_RR|196170|2T|3195|3198|3200,3195,3198,3200,347500.015625,2,338461.5625,346538.46875,337308.82865507866,4610.9353796853
196170.KQ,196170,KOSDAQ,알테오젠,KRLEVEL_RR|196170|5T|3212|3213|3214,3212,3213,3214,360384.625,5,343076.9375,358076.9375,341765.7844960189,5244.612015924356
196170.KQ,196170,KOSDAQ,알테오젠,KRLEVEL_RR|196170|5T|3230|3233|3235,3230,3233,3235,360384.625,5,357307.71875,360384.625,356043.0366350592,5058.728459763049
196170.KQ,196170,KOSDAQ,알테오젠,KRLEVEL_RR|196170|2T|3285|3286|3288,3285,3286,3288,408461.546875,2,386153.875,408461.5625,383913.2262823769,8962.594870492248
196170.KQ,196170,KOSDAQ,알테오젠,KRLEVEL_RR|196170|2T|3388|3389|3391,3388,3389,3391,354038.484375,2,333076.9375,352692.3125,330833.1969233229,8974.962306708347
196170.KQ,196170,KOSDAQ,알테오젠,KRLEVEL_RR|196170|2T|3470|3472|3473,3470,3472,3473,336346.171875,2,336153.84375,336923.09375,335027.5941229145,4504.998508342044
196170.KQ,196170,KOSDAQ,알테오젠,KRLEVEL_RR|196170|2T|3485|3486|3487,3485,3486,3487,345576.921875,2,328076.9375,346153.84375,327025.1160442981,4207.285822807686
196170.KQ,196170,KOSDAQ,알테오젠,KRLEVEL_RR|196170|4T|3510|3511|3512,3510,3511,3512,364423.09375,4,357307.71875,365000.0,356207.3668254002,4401.407698399207
196170.KQ,196170,KOSDAQ,알테오젠,KRLEVEL_RR|196170|2T|3810|3813|3815,3810,3813,3815,276730.78125,2,259230.78125,274615.40625,257663.00504198164,6271.1048320734335
196170.KQ,196170,KOSDAQ,알테오젠,KRLEVEL_RR|196170|5T|3845|3851|3852,3845,3851,3852,279615.40625,5,264230.78125,270000.0,262525.9714996582,6819.239001367258
196170.KQ,196170,KOSDAQ,알테오젠,KRLEVEL_RR|196170|2T|3894|3899|3901,3894,3899,3901,276730.78125,2,266153.84375,275384.625,265218.986504731,3739.4289810759124
196170.KQ,196170,KOSDAQ,알테오젠,KRLEVEL_RR|196170|3T|3935|3939|3941,3935,3939,3941,284230.78125,3,273846.15625,283846.15625,272815.1034597457,4124.21116101716
196170.KQ,196170,KOSDAQ,알테오젠,KRLEVEL_RR|196170|6T|4009|4010|4012,4009,4010,4012,291538.46875,6,251538.46875,292307.6875,249434.359782365,8416.435870540026
196170.KQ,196170,KOSDAQ,알테오젠,KRLEVEL_RR|196170|9T|4030|4036|4037,4030,4036,4037,278846.15625,9,265000.0,273076.9375,262990.2467192189,8039.013123124261
196170.KQ,196170,KOSDAQ,알테오젠,KRLEVEL_RR|196170|3T|4140|4143|4144,4140,4143,4144,278846.15625,3,259230.78125,279230.78125,257317.06236464193,7654.875541432259
196170.KQ,196170,KOSDAQ,알테오젠,KRLEVEL_RR|196170|3T|4169|4172|4173,4169,4172,4173,274230.78125,3,260000.015625,273846.15625,257929.21463156122,8283.203973755102
196170.KQ,196170,KOSDAQ,알테오젠,KRLEVEL_RR|196170|3T|4196|4197|4198,4196,4197,4198,274230.78125,3,263846.15625,274615.40625,262090.6347062993,7022.086174802805
196170.KQ,196170,KOSDAQ,알테오젠,KRLEVEL_RR|196170|2T|4289|4291|4293,4289,4291,4293,221923.078125,2,206923.078125,220769.234375,205411.72577862022,6045.409385519079
196170.KQ,196170,KOSDAQ,알테오젠,KRLEVEL_RR|196170|2T|4320|4325|4326,4320,4325,4326,221923.078125,2,205000.0,217692.3125,203123.0247962111,7507.900815155591
196170.KQ,196170,KOSDAQ,알테오젠,KRLEVEL_RR|196170|3T|4343|4349|4351,4343,4349,4351,275384.625,3,238461.546875,272000.0,236507.9091635728,7814.550845708855
086520.KQ,086520,KOSDAQ,에코프로,KRLEVEL_RR|086520|3T|390|392|393,390,392,393,146078.4375,3,135882.359375,146274.515625,134857.39030503138,4099.876279874507
086520.KQ,086520,KOSDAQ,에코프로,KRLEVEL_RR|086520|3T|443|448|450,443,448,450,138235.296875,3,133137.25,136862.75,132503.76472087213,2533.941116511476
086520.KQ,086520,KOSDAQ,에코프로,KRLEVEL_RR|086520|2T|495|496|497,495,496,497,126274.515625,2,119803.921875,126274.515625,119177.96289105882,2503.8359357647273
086520.KQ,086520,KOSDAQ,에코프로,KRLEVEL_RR|086520|3T|521|525|527,521,525,527,126470.59375,3,122941.1796875,125686.2734375,122186.27337254451,3019.62525982196
086520.KQ,086520,KOSDAQ,에코프로,KRLEVEL_RR|086520|2T|567|571|572,567,571,572,126274.515625,2,124705.8828125,125490.1953125,124130.56604272025,2301.2670791189994
086520.KQ,086520,KOSDAQ,에코프로,KRLEVEL_RR|086520|2T|739|740|742,739,740,742,120294.1171875,2,99019.609375,120784.3125,97946.46381557727,4292.582237690939
086520.KQ,086520,KOSDAQ,에코프로,KRLEVEL_RR|086520|3T|754|755|757,754,755,757,122549.0234375,3,116666.671875,121764.7109375,115746.3216095762,3681.4010616951587
086520.KQ,086520,KOSDAQ,에코프로,KRLEVEL_RR|086520|4T|823|824|825,823,824,825,122549.0234375,4,114901.9609375,122745.1015625,114368.89659249822,2132.2573800071377
086520.KQ,086520,KOSDAQ,에코프로,KRLEVEL_RR|086520|3T|858|863|864,858,863,864,119803.921875,3,115686.2734375,119607.84375,115312.53880721664,1494.9385211334468
086520.KQ,086520,KOSDAQ,에코프로,KRLEVEL_RR|086520|3T|882|884|885,882,884,885,119019.609375,3,116666.671875,119215.6875,116340.97533774377,1302.78614902492
086520.KQ,086520,KOSDAQ,에코프로,KRLEVEL_RR|086520|4T|898|902|904,898,902,904,120490.1953125,4,118039.21875,120196.078125,117643.37276241063,1583.3839503575111
086520.KQ,086520,KOSDAQ,에코프로,KRLEVEL_RR|086520|2T|1126|1130|1132,1126,1130,1132,95490.1953125,2,86666.671875,95000.0,86198.92202262567,1870.9994094972985
086520.KQ,086520,KOSDAQ,에코프로,KRLEVEL_RR|086520|2T|1161|1164|1165,1161,1164,1165,99215.6875,2,98137.2578125,98921.5703125,97722.01045179006,1660.9894428397681
086520.KQ,086520,KOSDAQ,에코프로,KRLEVEL_RR|086520|4T|1258|1262|1264,1258,1262,1264,95735.29296875,4,95294.1171875,95686.2734375,94788.06085025507,2024.2253489797176
086520.KQ,086520,KOSDAQ,에코프로,KRLEVEL_RR|086520|2T|1294|1298|1299,1294,1298,1299,98970.58984375,2,97450.984375,98235.296875,97057.74767795506,1572.9467881797686
086520.KQ,086520,KOSDAQ,에코프로,KRLEVEL_RR|086520|2T|1360|1361|1362,1360,1361,1362,94509.8046875,2,90490.1953125,93921.5703125,90103.98628001515,1544.8361299394187
086520.KQ,086520,KOSDAQ,에코프로,KRLEVEL_RR|086520|4T|1376|1378|1379,1376,1378,1379,90392.15625,4,88235.296875,89607.84375,87871.85439116094,1453.7699353562302
086520.KQ,086520,KOSDAQ,에코프로,KRLEVEL_RR|086520|2T|1498|1503|1504,1498,1503,1504,87745.1015625,2,82647.0625,86764.7109375,82335.11983223043,1247.7706710783052
086520.KQ,086520,KOSDAQ,에코프로,KRLEVEL_RR|086520|3T|1564|1568|1570,1564,1568,1570,76960.7890625,3,74117.6484375,77058.828125,73773.94908745858,1374.7974001657228
086520.KQ,086520,KOSDAQ,에코프로,KRLEVEL_RR|086520|2T|1618|1622|1623,1618,1622,1623,89117.6484375,2,85882.3515625,88823.53125,85542.98118031936,1357.4815287225454
086520.KQ,086520,KOSDAQ,에코프로,KRLEVEL_RR|086520|3T|1688|1694|1696,1688,1694,1696,76960.7890625,3,74411.765625,76568.625,74110.99472475407,1203.0836009837215
086520.KQ,086520,KOSDAQ,에코프로,KRLEVEL_RR|086520|3T|1824|1825|1826,1824,1825,1826,79411.765625,3,64411.765625,78921.5703125,64058.74978335313,1412.0633665874877
086520.KQ,086520,KOSDAQ,에코프로,KRLEVEL_RR|086520|3T|1996|1997|1998,1996,1997,1998,63333.3359375,3,54019.609375,63333.3359375,53729.41579317003,1160.77432731988
086520.KQ,086520,KOSDAQ,에코프로,KRLEVEL_RR|086520|2T|2022|2028|2030,2022,2028,2030,61715.6875,2,59411.765625,61960.78515625,59105.34617128696,1225.677814852151
086520.KQ,086520,KOSDAQ,에코프로,KRLEVEL_RR|086520|2T|2126|2128|2130,2126,2128,2130,59264.70703125,2,57843.13671875,58921.5703125,57619.21100280061,895.7028637975671
086520.KQ,086520,KOSDAQ,에코프로,KRLEVEL_RR|086520|4T|2147|2150|2151,2147,2150,2151,60735.296875,4,59117.6484375,60784.31640625,58892.21060773381,901.7513190647638
086520.KQ,086520,KOSDAQ,에코프로,KRLEVEL_RR|086520|2T|2162|2166|2167,2162,2166,2167,64852.94140625,2,61862.74609375,64901.9609375,61574.69107409181,1152.2200786327612
086520.KQ,086520,KOSDAQ,에코프로,KRLEVEL_RR|086520|2T|2217|2221|2223,2217,2221,2223,59264.70703125,2,58200.0,59100.0,57955.89761452801,976.4095418879452
086520.KQ,086520,KOSDAQ,에코프로,KRLEVEL_RR|086520|4T|2257|2263|2264,2257,2263,2264,59257.84375,4,56600.0,59300.0,56420.22018837976,719.1192464809556
086520.KQ,086520,KOSDAQ,에코프로,KRLEVEL_RR|086520|2T|2369|2371|2372,2369,2371,2372,50450.0,2,49850.0,50100.0,49581.231738043825,1075.0730478247037
086520.KQ,086520,KOSDAQ,에코프로,KRLEVEL_RR|086520|3T|2417|2418|2419,2417,2418,2419,48800.0,3,47100.0,48850.0,46972.82396125661,508.7041549735562
086520.KQ,086520,KOSDAQ,에코프로,KRLEVEL_RR|086520|3T|2570|2576|2577,2570,2576,2577,44500.0,3,41950.0,43050.0,41724.66528037435,901.3388785026001
086520.KQ,086520,KOSDAQ,에코프로,KRLEVEL_RR|086520|2T|2597|2598|2600,2597,2598,2600,44475.0,2,43950.0,44450.0,43786.22748607935,655.0900556826168
086520.KQ,086520,KOSDAQ,에코프로,KRLEVEL_RR|086520|2T|2638|2640|2641,2638,2640,2641,43050.0,2,41100.0,43200.0,40902.51053468899,789.9578612440403
086520.KQ,086520,KOSDAQ,에코프로,KRLEVEL_RR|086520|2T|2717|2721|2722,2717,2721,2722,44750.0,2,44500.0,44650.0,44378.04317049807,487.8273180077207
086520.KQ,086520,KOSDAQ,에코프로,KRLEVEL_RR|086520|4T|2751|2754|2756,2751,2754,2756,46475.0,4,46400.0,46550.0,46218.102979757015,727.5880809719392
086520.KQ,086520,KOSDAQ,에코프로,KRLEVEL_RR|086520|2T|2775|2776|2777,2775,2776,2777,47525.0,2,46350.0,47700.0,46174.54427349417,701.8229060233314
086520.KQ,086520,KOSDAQ,에코프로,KRLEVEL_RR|086520|2T|2852|2854|2856,2852,2854,2856,53800.0,2,47450.0,53800.0,47248.23640114972,807.0543954011258
086520.KQ,086520,KOSDAQ,에코프로,KRLEVEL_RR|086520|2T|2996|2997|2999,2996,2997,2999,50025.0,2,48550.0,49900.0,48442.52959252482,429.8816299007248
086520.KQ,086520,KOSDAQ,에코프로,KRLEVEL_RR|086520|2T|3016|3017|3019,3016,3017,3019,50025.0,2,49150.0,49950.0,49041.839031141346,432.6438754346212
086520.KQ,086520,KOSDAQ,에코프로,KRLEVEL_RR|086520|2T|3087|3090|3092,3087,3090,3092,48300.0,2,46000.0,48300.0,45816.742673938,733.0293042479761
086520.KQ,086520,KOSDAQ,에코프로,KRLEVEL_RR|086520|10T|3103|3104|3105,3103,3104,3105,50500.0,10,49500.0,50400.0,49263.82489327793,944.7004268882872
086520.KQ,086520,KOSDAQ,에코프로,KRLEVEL_RR|086520|2T|3210|3211|3212,3210,3211,3212,88100.0,2,82900.0,87400.0,82085.72877742736,3257.08489029058
086520.KQ,086520,KOSDAQ,에코프로,KRLEVEL_RR|086520|2T|3295|3301|3302,3295,3301,3302,90100.0,2,74700.0,90000.0,74122.51001420937,2309.959943162485
086520.KQ,086520,KOSDAQ,에코프로,KRLEVEL_RR|086520|3T|3319|3323|3325,3319,3323,3325,95900.0,3,91100.0,96200.0,90362.41812898338,2950.3274840664862
086520.KQ,086520,KOSDAQ,에코프로,KRLEVEL_RR|086520|2T|3382|3385|3386,3382,3385,3386,96550.0,2,92100.0,96000.0,91440.71071891655,2637.157124333759
086520.KQ,086520,KOSDAQ,에코프로,KRLEVEL_RR|086520|2T|3432|3436|3438,3432,3436,3438,91750.0,2,87000.0,91600.0,86553.22261221138,1787.109551154465
086520.KQ,086520,KOSDAQ,에코프로,KRLEVEL_RR|086520|2T|3456|3457|3458,3456,3457,3458,91750.0,2,88100.0,92000.0,87620.73398989155,1917.0640404337737
086520.KQ,086520,KOSDAQ,에코프로,KRLEVEL_RR|086520|4T|3489|3490|3491,3489,3490,3491,94800.0,4,91000.0,94100.0,90536.70329031294,1853.1868387482039
086520.KQ,086520,KOSDAQ,에코프로,KRLEVEL_RR|086520|2T|3633|3634|3636,3633,3634,3636,175300.0,2,168100.0,173500.0,167098.4813397328,4006.074641068855
086520.KQ,086520,KOSDAQ,에코프로,KRLEVEL_RR|086520|2T|3659|3661|3663,3659,3661,3663,156950.0,2,133500.0,156500.0,131591.74456795873,7633.021728165054
086520.KQ,086520,KOSDAQ,에코프로,KRLEVEL_RR|086520|3T|3677|3681|3683,3677,3681,3683,164500.0,3,155200.0,161200.0,153734.95554538435,5860.177818462623
086520.KQ,086520,KOSDAQ,에코프로,KRLEVEL_RR|086520|2T|3713|3715|3717,3713,3715,3717,152250.0,2,143200.0,152200.0,142569.87155681459,2520.5137727416745
086520.KQ,086520,KOSDAQ,에코프로,KRLEVEL_RR|086520|2T|3777|3778|3779,3777,3778,3779,149150.0,2,140600.0,149300.0,139831.2364113297,3075.0543546811787
086520.KQ,086520,KOSDAQ,에코프로,KRLEVEL_RR|086520|3T|3803|3804|3805,3803,3804,3805,149300.0,3,142400.0,149300.0,141547.53643174583,3409.8542730166464
086520.KQ,086520,KOSDAQ,에코프로,KRLEVEL_RR|086520|2T|3834|3838|3840,3834,3838,3840,148050.0,2,144000.0,146300.0,143498.77772154202,2004.8891138319625
086520.KQ,086520,KOSDAQ,에코프로,KRLEVEL_RR|086520|3T|3873|3874|3875,3873,3874,3875,155100.0,3,154100.0,155300.0,153480.66502644605,2477.339894215821
086520.KQ,086520,KOSDAQ,에코프로,KRLEVEL_RR|086520|2T|3909|3913|3914,3909,3913,3914,158700.0,2,155100.0,158600.0,154502.8054712632,2388.7781149472894
086520.KQ,086520,KOSDAQ,에코프로,KRLEVEL_RR|086520|5T|3983|3987|3989,3983,3987,3989,148100.0,5,144000.0,147500.0,142960.03097569974,4159.876097201076
086520.KQ,086520,KOSDAQ,에코프로,KRLEVEL_RR|086520|3T|4061|4062|4063,4061,4062,4063,120100.0,3,99700.0,119300.0,98752.32426679642,3790.7029328142885
086520.KQ,086520,KOSDAQ,에코프로,KRLEVEL_RR|086520|2T|4175|4178|4180,4175,4178,4180,84000.0,2,76700.0,84300.0,76009.19457388391,2763.221704464347
086520.KQ,086520,KOSDAQ,에코프로,KRLEVEL_RR|086520|2T|4259|4265|4266,4259,4265,4266,75350.0,2,69500.0,72200.0,68672.65868393886,3309.3652642445722
086520.KQ,086520,KOSDAQ,에코프로,KRLEVEL_RR|086520|6T|4294|4295|4297,4294,4295,4297,84300.0,6,81500.0,84000.0,80784.67727417257,2861.290903309725
247540.KQ,247540,KOSDAQ,에코프로비엠,KRLEVEL_RR|247540|4T|349|351|352,349,351,352,288500.0,4,222000.0,287500.0,219495.73799115268,10017.048035389289
247540.KQ,247540,KOSDAQ,에코프로비엠,KRLEVEL_RR|247540|2T|385|386|387,385,386,387,243000.0,2,225000.0,241000.0,222968.10010558096,8127.599577676146
247540.KQ,247540,KOSDAQ,에코프로비엠,KRLEVEL_RR|247540|2T|407|409|411,407,409,411,243000.0,2,239500.0,244500.0,237783.5802950827,6865.678819669147
247540.KQ,247540,KOSDAQ,에코프로비엠,KRLEVEL_RR|247540|3T|425|427|429,425,427,429,240000.0,3,238000.0,239500.0,236792.0808034438,4831.676786224782
247540.KQ,247540,KOSDAQ,에코프로비엠,KRLEVEL_RR|247540|2T|443|448|450,443,448,450,243000.0,2,238000.0,243000.0,236985.11503533012,4059.539858679462
247540.KQ,247540,KOSDAQ,에코프로비엠,KRLEVEL_RR|247540|2T|811|817|819,811,817,819,259750.0,2,235500.0,259000.0,234040.37854790362,5838.485808385552
247540.KQ,247540,KOSDAQ,에코프로비엠,KRLEVEL_RR|247540|3T|856|857|858,856,857,858,252500.0,3,243500.0,253000.0,242511.90179472716,3952.392821091308
247540.KQ,247540,KOSDAQ,에코프로비엠,KRLEVEL_RR|247540|3T|885|889|890,885,889,890,266500.0,3,255500.0,264000.0,254435.93348232418,4256.266070703319
247540.KQ,247540,KOSDAQ,에코프로비엠,KRLEVEL_RR|247540|2T|1024|1025|1026,1024,1025,1026,233250.0,2,222000.0,233500.0,220961.75249599418,4152.990016023317
247540.KQ,247540,KOSDAQ,에코프로비엠,KRLEVEL_RR|247540|5T|1038|1039|1041,1038,1039,1041,241500.0,5,235000.0,241500.0,234009.57806699036,3961.6877320385174
247540.KQ,247540,KOSDAQ,에코프로비엠,KRLEVEL_RR|247540|2T|1052|1055|1057,1052,1055,1057,233250.0,2,230500.0,232000.0,229648.01438382128,3407.9424647148885
247540.KQ,247540,KOSDAQ,에코프로비엠,KRLEVEL_RR|247540|2T|1208|1211|1212,1208,1211,1212,216000.0,2,200500.0,212500.0,199386.87048888934,4452.51804444268
247540.KQ,247540,KOSDAQ,에코프로비엠,KRLEVEL_RR|247540|2T|1300|1303|1304,1300,1303,1304,184700.0,2,175200.0,184900.0,174545.08148356626,2619.674065734932
247540.KQ,247540,KOSDAQ,에코프로비엠,KRLEVEL_RR|247540|2T|1356|1357|1359,1356,1357,1359,190650.0,2,189100.0,191200.0,188396.26523662385,2814.939053504638
247540.KQ,247540,KOSDAQ,에코프로비엠,KRLEVEL_RR|247540|3T|1426|1427|1428,1426,1427,1428,186500.0,3,173400.0,185000.0,172429.15731722213,3883.370731111457
247540.KQ,247540,KOSDAQ,에코프로비엠,KRLEVEL_RR|247540|2T|1442|1444|1445,1442,1444,1445,181050.0,2,170800.0,179600.0,169717.0519968305,4331.792012677936
247540.KQ,247540,KOSDAQ,에코프로비엠,KRLEVEL_RR|247540|7T|1492|1496|1497,1492,1496,1497,184500.0,7,165300.0,184000.0,164415.62546330167,3537.498146793293
247540.KQ,247540,KOSDAQ,에코프로비엠,KRLEVEL_RR|247540|2T|1519|1520|1522,1519,1520,1522,176400.0,2,171600.0,177000.0,170753.1105205493,3387.557917802856
247540.KQ,247540,KOSDAQ,에코프로비엠,KRLEVEL_RR|247540|2T|1630|1635|1636,1630,1635,1636,160300.0,2,155700.0,160600.0,154922.06409667444,3111.743613302273
247540.KQ,247540,KOSDAQ,에코프로비엠,KRLEVEL_RR|247540|2T|1772|1776|1777,1772,1776,1777,169250.0,2,156600.0,167800.0,155958.97857402885,2564.0857038846325
247540.KQ,247540,KOSDAQ,에코프로비엠,KRLEVEL_RR|247540|2T|1796|1797|1798,1796,1797,1798,169250.0,2,163000.0,169900.0,161913.96726869734,4344.130925210673
247540.KQ,247540,KOSDAQ,에코프로비엠,KRLEVEL_RR|247540|2T|1953|1957|1959,1953,1957,1959,130550.0,2,126000.0,130300.0,125347.44745274338,2610.2101890264894
247540.KQ,247540,KOSDAQ,에코프로비엠,KRLEVEL_RR|247540|2T|2042|2046|2048,2042,2046,2048,111900.0,2,105000.0,111500.0,104412.8876778145,2348.449288741979
247540.KQ,247540,KOSDAQ,에코프로비엠,KRLEVEL_RR|247540|2T|2096|2098|2099,2096,2098,2099,131900.0,2,118300.0,130900.0,117610.69636410456,2757.2145435817883
247540.KQ,247540,KOSDAQ,에코프로비엠,KRLEVEL_RR|247540|4T|2186|2190|2192,2186,2190,2192,121050.0,4,118600.0,120200.0,118009.64956560882,2361.4017375646886
247540.KQ,247540,KOSDAQ,에코프로비엠,KRLEVEL_RR|247540|2T|2222|2226|2228,2222,2226,2228,136300.0,2,128100.0,134500.0,127465.81037219534,2536.7585112186725
247540.KQ,247540,KOSDAQ,에코프로비엠,KRLEVEL_RR|247540|2T|2277|2282|2283,2277,2282,2283,115150.0,2,110700.0,111300.0,110125.01571923017,2299.937123079302
247540.KQ,247540,KOSDAQ,에코프로비엠,KRLEVEL_RR|247540|2T|2482|2483|2485,2482,2483,2485,98800.0,2,94000.0,98900.0,93686.76671440799,1252.9331423680678
247540.KQ,247540,KOSDAQ,에코프로비엠,KRLEVEL_RR|247540|2T|2513|2514|2515,2513,2514,2515,101950.0,2,99700.0,101400.0,99279.18275923246,1683.2689630701734
247540.KQ,247540,KOSDAQ,에코프로비엠,KRLEVEL_RR|247540|5T|2636|2638|2639,2636,2638,2639,91300.0,5,87600.0,90600.0,87165.9611221229,1736.1555115083763
247540.KQ,247540,KOSDAQ,에코프로비엠,KRLEVEL_RR|247540|2T|2660|2661|2662,2660,2661,2662,94100.0,2,91200.0,93500.0,90793.40855021645,1626.3657991341997
247540.KQ,247540,KOSDAQ,에코프로비엠,KRLEVEL_RR|247540|4T|2699|2702|2704,2699,2702,2704,91200.0,4,88900.0,89800.0,88310.70757499871,2357.169700005134
247540.KQ,247540,KOSDAQ,에코프로비엠,KRLEVEL_RR|247540|4T|2718|2722|2723,2718,2722,2723,104650.0,4,96400.0,104000.0,95825.61771591843,2297.5291363262822
247540.KQ,247540,KOSDAQ,에코프로비엠,KRLEVEL_RR|247540|4T|2749|2755|2756,2749,2755,2756,101850.0,4,99700.0,101400.0,99306.00131767827,1575.994729286942
247540.KQ,247540,KOSDAQ,에코프로비엠,KRLEVEL_RR|247540|2T|2778|2781|2783,2778,2781,2783,100150.0,2,99900.0,100000.0,99525.18907805426,1499.2436877829662
247540.KQ,247540,KOSDAQ,에코프로비엠,KRLEVEL_RR|247540|3T|2799|2801|2802,2799,2801,2802,104000.0,3,99900.0,103200.0,99522.38884761176,1510.4446095529565
247540.KQ,247540,KOSDAQ,에코프로비엠,KRLEVEL_RR|247540|3T|2852|2854|2855,2852,2854,2855,114000.0,3,108800.0,114400.0,108336.32322512558,1854.7070994976766
247540.KQ,247540,KOSDAQ,에코프로비엠,KRLEVEL_RR|247540|2T|3038|3039|3040,3038,3039,3040,116750.0,2,115000.0,116300.0,114685.52341923887,1257.9063230445033
247540.KQ,247540,KOSDAQ,에코프로비엠,KRLEVEL_RR|247540|2T|3056|3059|3060,3056,3059,3060,118100.0,2,115000.0,118200.0,114703.5373532051,1185.8505871795908
247540.KQ,247540,KOSDAQ,에코프로비엠,KRLEVEL_RR|247540|3T|3071|3072|3074,3071,3072,3074,121700.0,3,115000.0,121700.0,114677.41751030153,1290.329958793862
247540.KQ,247540,KOSDAQ,에코프로비엠,KRLEVEL_RR|247540|6T|3153|3157|3158,3153,3157,3158,116550.0,6,112200.0,116300.0,111714.4893549898,1942.0425800408382
247540.KQ,247540,KOSDAQ,에코프로비엠,KRLEVEL_RR|247540|2T|3175|3176|3177,3175,3176,3177,140750.0,2,120900.0,140400.0,119872.84573006455,4108.617079741787
247540.KQ,247540,KOSDAQ,에코프로비엠,KRLEVEL_RR|247540|4T|3206|3207|3208,3206,3207,3208,166450.0,4,161600.0,166200.0,160698.84322950797,3604.6270819681454
247540.KQ,247540,KOSDAQ,에코프로비엠,KRLEVEL_RR|247540|2T|3376|3377|3379,3376,3377,3379,157250.0,2,156400.0,156700.0,155797.64980935788,2409.4007625684853
247540.KQ,247540,KOSDAQ,에코프로비엠,KRLEVEL_RR|247540|3T|3392|3394|3395,3392,3394,3395,171600.0,3,157600.0,170900.0,156894.47501222932,2822.099951082758
247540.KQ,247540,KOSDAQ,에코프로비엠,KRLEVEL_RR|247540|3T|3416|3420|3421,3416,3420,3421,174600.0,3,172500.0,173800.0,171771.46617647522,2914.1352940991637
247540.KQ,247540,KOSDAQ,에코프로비엠,KRLEVEL_RR|247540|3T|3451|3452|3453,3451,3452,3453,157000.0,3,147700.0,156900.0,146946.36037415377,3014.5585033848984
247540.KQ,247540,KOSDAQ,에코프로비엠,KRLEVEL_RR|247540|2T|3523|3527|3528,3523,3527,3528,148600.0,2,146500.0,148300.0,145936.11676665314,2255.5329333873997
247540.KQ,247540,KOSDAQ,에코프로비엠,KRLEVEL_RR|247540|2T|3542|3543|3544,3542,3543,3544,148600.0,2,147300.0,148700.0,146823.61549559457,1905.5380176217855
247540.KQ,247540,KOSDAQ,에코프로비엠,KRLEVEL_RR|247540|3T|3555|3556|3557,3555,3556,3557,150600.0,3,143800.0,150700.0,143035.1787925302,3059.284829879161
247540.KQ,247540,KOSDAQ,에코프로비엠,KRLEVEL_RR|247540|2T|3676|3680|3682,3676,3680,3682,213750.0,2,195400.0,212000.0,194452.90852242132,3788.3659103147033
247540.KQ,247540,KOSDAQ,에코프로비엠,KRLEVEL_RR|247540|2T|3697|3698|3699,3697,3698,3699,214500.0,2,209000.0,214500.0,208054.18964304353,3783.241427825903
247540.KQ,247540,KOSDAQ,에코프로비엠,KRLEVEL_RR|247540|3T|3803|3808|3809,3803,3808,3809,192000.0,3,178300.0,190200.0,177231.3099255558,4274.7602977767765
247540.KQ,247540,KOSDAQ,에코프로비엠,KRLEVEL_RR|247540|3T|3863|3867|3869,3863,3867,3869,201000.0,3,197400.0,200000.0,196221.0428441954,4715.8286232183245
247540.KQ,247540,KOSDAQ,에코프로비엠,KRLEVEL_RR|247540|3T|3881|3885|3887,3881,3885,3887,204000.0,3,199500.0,203000.0,198708.49375919532,3166.02496321874
247540.KQ,247540,KOSDAQ,에코프로비엠,KRLEVEL_RR|247540|2T|3899|3904|3905,3899,3904,3905,200750.0,2,199000.0,200000.0,198260.34923397374,2958.6030641050484
247540.KQ,247540,KOSDAQ,에코프로비엠,KRLEVEL_RR|247540|3T|3965|3967|3969,3965,3967,3969,214500.0,3,206000.0,213500.0,205179.4409211251,3282.23631549961
247540.KQ,247540,KOSDAQ,에코프로비엠,KRLEVEL_RR|247540|4T|4007|4010|4011,4007,4010,4011,196850.0,4,194700.0,195100.0,193463.34951776563,4946.601928937461
247540.KQ,247540,KOSDAQ,에코프로비엠,KRLEVEL_RR|247540|5T|4043|4047|4049,4043,4047,4049,215500.0,5,175700.0,215250.0,174064.75080169595,6540.996793216236
247540.KQ,247540,KOSDAQ,에코프로비엠,KRLEVEL_RR|247540|2T|4259|4262|4264,4259,4262,4264,120600.0,2,108100.0,120600.0,107160.59300954553,3757.6279618179133
247540.KQ,247540,KOSDAQ,에코프로비엠,KRLEVEL_RR|247540|3T|4355|4360|4361,4355,4360,4361,104800.0,3,98300.0,103000.0,97463.60055901832,3345.597763926718
277810.KQ,277810,KOSDAQ,레인보우로보틱스,KRLEVEL_RR|277810|2T|246|250|251,246,250,251,141350.0,2,133600.0,140000.0,132802.07637036103,3191.6945185558325
277810.KQ,277810,KOSDAQ,레인보우로보틱스,KRLEVEL_RR|277810|3T|271|273|274,271,273,274,143700.0,3,131000.0,142000.0,130114.25028346125,3542.9988661550133
277810.KQ,277810,KOSDAQ,레인보우로보틱스,KRLEVEL_RR|277810|2T|318|319|321,318,319,321,134550.0,2,126000.0,133900.0,125090.0989915295,3639.604033881973
277810.KQ,277810,KOSDAQ,레인보우로보틱스,KRLEVEL_RR|277810|6T|340|345|346,340,345,346,143900.0,6,139600.0,142500.0,138739.90017508576,3440.399299656983
277810.KQ,277810,KOSDAQ,레인보우로보틱스,KRLEVEL_RR|277810|2T|390|394|396,390,394,396,158750.0,2,150100.0,159300.0,149196.85768796215,3612.5692481513306
277810.KQ,277810,KOSDAQ,레인보우로보틱스,KRLEVEL_RR|277810|2T|498|500|502,498,500,502,171200.0,2,154000.0,169500.0,153256.4156081219,2974.3375675123925
277810.KQ,277810,KOSDAQ,레인보우로보틱스,KRLEVEL_RR|277810|3T|564|565|566,564,565,566,168700.0,3,167600.0,168900.0,166901.6842345646,2793.2630617415816
277810.KQ,277810,KOSDAQ,레인보우로보틱스,KRLEVEL_RR|277810|2T|643|644|646,643,644,646,167450.0,2,165400.0,166700.0,164612.70047196324,3149.1981121470735
277810.KQ,277810,KOSDAQ,레인보우로보틱스,KRLEVEL_RR|277810|3T|747|750|752,747,750,752,173500.0,3,162400.0,174200.0,161409.45910401983,3962.1635839206524
277810.KQ,277810,KOSDAQ,레인보우로보틱스,KRLEVEL_RR|277810|7T|792|793|795,792,793,795,169500.0,7,167000.0,169000.0,166506.34377030053,1974.6249187978112
277810.KQ,277810,KOSDAQ,레인보우로보틱스,KRLEVEL_RR|277810|9T|833|835|837,833,835,837,169400.0,9,165200.0,169400.0,164708.2504362747,1966.9982549011288
277810.KQ,277810,KOSDAQ,레인보우로보틱스,KRLEVEL_RR|277810|4T|864|868|870,864,868,870,170950.0,4,169600.0,171300.0,168904.59130508726,2781.6347796510045
277810.KQ,277810,KOSDAQ,레인보우로보틱스,KRLEVEL_RR|277810|2T|901|902|904,901,902,904,191700.0,2,187500.0,192100.0,186354.82896583283,4580.684136668628
277810.KQ,277810,KOSDAQ,레인보우로보틱스,KRLEVEL_RR|277810|3T|1006|1009|1010,1006,1009,1010,169200.0,3,166000.0,168200.0,165438.80237261872,2244.790509525158
277810.KQ,277810,KOSDAQ,레인보우로보틱스,KRLEVEL_RR|277810|2T|1022|1023|1024,1022,1023,1024,169100.0,2,167700.0,168700.0,167048.8650836708,2604.539665316782
277810.KQ,277810,KOSDAQ,레인보우로보틱스,KRLEVEL_RR|277810|4T|1054|1056|1057,1054,1056,1057,171400.0,4,170800.0,171200.0,170424.5000064576,1501.9999741696613
277810.KQ,277810,KOSDAQ,레인보우로보틱스,KRLEVEL_RR|277810|4T|1068|1071|1073,1068,1071,1073,175400.0,4,174500.0,175400.0,174105.9508116473,1576.196753410878
277810.KQ,277810,KOSDAQ,레인보우로보틱스,KRLEVEL_RR|277810|4T|1096|1101|1102,1096,1101,1102,175400.0,4,175200.0,175500.0,174598.1062234711,2407.575106115603
277810.KQ,277810,KOSDAQ,레인보우로보틱스,KRLEVEL_RR|277810|2T|1217|1218|1220,1217,1218,1220,163600.0,2,160100.0,163500.0,159754.74786733525,1381.0085306589938
277810.KQ,277810,KOSDAQ,레인보우로보틱스,KRLEVEL_RR|277810|4T|1350|1355|1356,1350,1355,1356,160900.0,4,153300.0,160100.0,152807.93242789904,1968.2702884038663
277810.KQ,277810,KOSDAQ,레인보우로보틱스,KRLEVEL_RR|277810|4T|1515|1517|1518,1515,1517,1518,143500.0,4,133100.0,142100.0,132500.9089792138,2396.364083144844
277810.KQ,277810,KOSDAQ,레인보우로보틱스,KRLEVEL_RR|277810|2T|1615|1616|1617,1615,1616,1617,133550.0,2,128700.0,133700.0,128218.45512200898,1926.1795119640651
277810.KQ,277810,KOSDAQ,레인보우로보틱스,KRLEVEL_RR|277810|2T|1666|1668|1669,1666,1668,1669,139400.0,2,136100.0,138400.0,135692.37412570862,1630.5034971654868
277810.KQ,277810,KOSDAQ,레인보우로보틱스,KRLEVEL_RR|277810|4T|1684|1685|1686,1684,1685,1686,137900.0,4,135000.0,138000.0,134537.61591710054,1849.536331597785
277810.KQ,277810,KOSDAQ,레인보우로보틱스,KRLEVEL_RR|277810|9T|1708|1710|1711,1708,1710,1711,137900.0,9,137000.0,138000.0,136445.2200689233,2219.1197243067195
277810.KQ,277810,KOSDAQ,레인보우로보틱스,KRLEVEL_RR|277810|2T|1816|1817|1818,1816,1817,1818,124350.0,2,121200.0,124700.0,120747.02584561845,1811.8966175261853
277810.KQ,277810,KOSDAQ,레인보우로보틱스,KRLEVEL_RR|277810|2T|1843|1849|1850,1843,1849,1850,129500.0,2,127700.0,129000.0,127133.39715065942,2266.4113973623057
277810.KQ,277810,KOSDAQ,레인보우로보틱스,KRLEVEL_RR|277810|10T|1881|1886|1888,1881,1886,1888,137900.0,10,138000.0,138300.0,137483.30753132186,2066.7698747125587
277810.KQ,277810,KOSDAQ,레인보우로보틱스,KRLEVEL_RR|277810|4T|2007|2009|2011,2007,2009,2011,132550.0,4,127500.0,132600.0,127064.28725318157,1742.8509872737416
277810.KQ,277810,KOSDAQ,레인보우로보틱스,KRLEVEL_RR|277810|2T|2031|2032|2033,2031,2032,2033,148800.0,2,138800.0,147600.0,138076.49666816165,2894.0133273533525
277810.KQ,277810,KOSDAQ,레인보우로보틱스,KRLEVEL_RR|277810|2T|2105|2106|2107,2105,2106,2107,256500.0,2,245000.0,254500.0,243535.8548942274,5856.580423090335
277810.KQ,277810,KOSDAQ,레인보우로보틱스,KRLEVEL_RR|277810|2T|2176|2180|2181,2176,2180,2181,389500.0,2,348000.0,365500.0,344837.5732068376,12649.707172649689
277810.KQ,277810,KOSDAQ,레인보우로보틱스,KRLEVEL_RR|277810|3T|2198|2200|2201,2198,2200,2201,391000.0,3,371000.0,389000.0,368190.76666966587,11236.933321336606
277810.KQ,277810,KOSDAQ,레인보우로보틱스,KRLEVEL_RR|277810|7T|2436|2437|2438,2436,2437,2438,273500.0,7,254500.0,272500.0,253121.06294088005,5515.748236479847
277810.KQ,277810,KOSDAQ,레인보우로보틱스,KRLEVEL_RR|277810|2T|2466|2467|2468,2466,2467,2468,278250.0,2,275500.0,278000.0,274440.43269001995,4238.269239920135
277810.KQ,277810,KOSDAQ,레인보우로보틱스,KRLEVEL_RR|277810|4T|2521|2522|2523,2521,2522,2523,273250.0,4,265000.0,271000.0,264121.72746594856,3513.0901362058426
277810.KQ,277810,KOSDAQ,레인보우로보틱스,KRLEVEL_RR|277810|4T|2540|2545|2546,2540,2545,2546,273250.0,4,269500.0,272000.0,268378.0197904989,4487.920838004549
277810.KQ,277810,KOSDAQ,레인보우로보틱스,KRLEVEL_RR|277810|2T|2597|2598|2600,2597,2598,2600,264500.0,2,260000.0,264000.0,258989.64677658302,4041.412893667896
277810.KQ,277810,KOSDAQ,레인보우로보틱스,KRLEVEL_RR|277810|3T|2636|2642|2643,2636,2642,2643,283500.0,3,262000.0,278500.0,261008.0204353443,3967.9182586227857
277810.KQ,277810,KOSDAQ,레인보우로보틱스,KRLEVEL_RR|277810|2T|2657|2661|2662,2657,2661,2662,284000.0,2,281500.0,282500.0,280451.77696275525,4192.8921489790655
277810.KQ,277810,KOSDAQ,레인보우로보틱스,KRLEVEL_RR|277810|3T|2696|2697|2699,2696,2697,2699,272500.0,3,265500.0,271000.0,264540.94495941076,3836.2201623569663
277810.KQ,277810,KOSDAQ,레인보우로보틱스,KRLEVEL_RR|277810|3T|2804|2807|2809,2804,2807,2809,268000.0,3,266500.0,267500.0,265764.827343329,2940.6906266842198
277810.KQ,277810,KOSDAQ,레인보우로보틱스,KRLEVEL_RR|277810|3T|2827|2828|2829,2827,2828,2829,272500.0,3,269000.0,271500.0,268148.77343405277,3404.9062637888887
277810.KQ,277810,KOSDAQ,레인보우로보틱스,KRLEVEL_RR|277810|3T|2864|2868|2870,2864,2868,2870,268500.0,3,265500.0,268500.0,264729.911384338,3080.354462648114
277810.KQ,277810,KOSDAQ,레인보우로보틱스,KRLEVEL_RR|277810|4T|2894|2897|2899,2894,2897,2899,270500.0,4,255000.0,268500.0,254092.79861292863,3628.805548285529
277810.KQ,277810,KOSDAQ,레인보우로보틱스,KRLEVEL_RR|277810|5T|2919|2920|2921,2919,2920,2921,277500.0,5,273500.0,276500.0,272680.2007223252,3279.1971106991436
277810.KQ,277810,KOSDAQ,레인보우로보틱스,KRLEVEL_RR|277810|4T|2937|2939|2940,2937,2939,2940,270500.0,4,266000.0,270500.0,265280.0680541615,2879.727783353972
277810.KQ,277810,KOSDAQ,레인보우로보틱스,KRLEVEL_RR|277810|2T|3011|3013|3015,3011,3013,3015,273250.0,2,266500.0,272000.0,265567.3826993129,3730.4692027485244
277810.KQ,277810,KOSDAQ,레인보우로보틱스,KRLEVEL_RR|277810|2T|3035|3041|3043,3035,3041,3043,275250.0,2,274500.0,275500.0,273880.48711207986,2478.051551680548
277810.KQ,277810,KOSDAQ,레인보우로보틱스,KRLEVEL_RR|277810|2T|3057|3058|3059,3057,3058,3059,291500.0,2,283500.0,291500.0,282612.0594637477,3551.7621450091874
277810.KQ,277810,KOSDAQ,레인보우로보틱스,KRLEVEL_RR|277810|2T|3080|3083|3085,3080,3083,3085,291500.0,2,285000.0,292000.0,284009.10812348954,3963.567506041785
277810.KQ,277810,KOSDAQ,레인보우로보틱스,KRLEVEL_RR|277810|3T|3148|3152|3153,3148,3152,3153,320000.0,3,302000.0,316500.0,300034.0176113455,7863.929554617972
277810.KQ,277810,KOSDAQ,레인보우로보틱스,KRLEVEL_RR|277810|3T|3231|3234|3235,3231,3234,3235,347500.0,3,338000.0,345500.0,336443.24461716315,6227.021531347408
277810.KQ,277810,KOSDAQ,레인보우로보틱스,KRLEVEL_RR|277810|2T|3409|3415|3417,3409,3415,3417,477500.0,2,450500.0,465000.0,447983.1066072516,10067.573570993556
277810.KQ,277810,KOSDAQ,레인보우로보틱스,KRLEVEL_RR|277810|2T|3451|3452|3453,3451,3452,3453,461000.0,2,431000.0,461000.0,428620.59670057206,9517.61319771184
277810.KQ,277810,KOSDAQ,레인보우로보틱스,KRLEVEL_RR|277810|2T|3578|3581|3582,3578,3581,3582,521750.0,2,495000.0,526000.0,487950.37921557965,28198.483137681316
277810.KQ,277810,KOSDAQ,레인보우로보틱스,KRLEVEL_RR|277810|2T|3672|3676|3677,3672,3676,3677,719500.0,2,660000.0,713000.0,656292.7502996981,14828.998801207674
277810.KQ,277810,KOSDAQ,레인보우로보틱스,KRLEVEL_RR|277810|2T|3694|3695|3697,3694,3695,3697,719500.0,2,692000.0,721000.0,688438.2990117992,14246.803952803286
277810.KQ,277810,KOSDAQ,레인보우로보틱스,KRLEVEL_RR|277810|4T|3773|3775|3776,3773,3775,3776,734000.0,4,727000.0,732000.0,722550.0591246734,17799.76350130667
277810.KQ,277810,KOSDAQ,레인보우로보틱스,KRLEVEL_RR|277810|2T|3893|3896|3897,3893,3896,3897,601000.0,2,573000.0,602000.0,570503.679391172,9985.282435311841
277810.KQ,277810,KOSDAQ,레인보우로보틱스,KRLEVEL_RR|277810|3T|3929|3935|3937,3929,3935,3937,601000.0,3,585000.0,593000.0,582814.5018236418,8741.99270543261
277810.KQ,277810,KOSDAQ,레인보우로보틱스,KRLEVEL_RR|277810|2T|3983|3985|3986,3983,3985,3986,777500.0,2,690000.0,780000.0,684955.6087301887,20177.565079245072
277810.KQ,277810,KOSDAQ,레인보우로보틱스,KRLEVEL_RR|277810|2T|4069|4071|4073,4069,4071,4073,704500.0,2,670000.0,705000.0,664048.8823339236,23804.47066430573
277810.KQ,277810,KOSDAQ,레인보우로보틱스,KRLEVEL_RR|277810|6T|4103|4106|4107,4103,4106,4107,620000.0,6,606000.0,612000.0,600349.8010710404,22600.795715838263
277810.KQ,277810,KOSDAQ,레인보우로보틱스,KRLEVEL_RR|277810|2T|4330|4331|4332,4330,4331,4332,442250.0,2,370500.0,429000.0,365244.0673895923,21023.730441630763
277810.KQ,277810,KOSDAQ,레인보우로보틱스,KRLEVEL_RR|277810|2T|4343|4345|4347,4343,4345,4347,468000.0,2,444500.0,468000.0,440922.87409211404,14308.503631543763
036930.KQ,036930,KOSDAQ,주성엔지니어링,KRLEVEL_RR|036930|6T|240|243|245,240,243,245,28375.0,6,26350.0,28400.0,26214.123622848183,543.5055086072713
036930.KQ,036930,KOSDAQ,주성엔지니어링,KRLEVEL_RR|036930|2T|265|266|267,265,266,267,28575.0,2,27600.0,28650.0,27462.132728464057,551.4690861437648
036930.KQ,036930,KOSDAQ,주성엔지니어링,KRLEVEL_RR|036930|2T|336|338|339,336,338,339,27600.0,2,24500.0,27350.0,24349.370505000104,602.5179799995839
036930.KQ,036930,KOSDAQ,주성엔지니어링,KRLEVEL_RR|036930|2T|354|357|358,354,357,358,32075.0,2,28700.0,31550.0,28452.543108884172,989.8275644633104
036930.KQ,036930,KOSDAQ,주성엔지니어링,KRLEVEL_RR|036930|2T|373|375|377,373,375,377,32075.0,2,31550.0,32000.0,31357.69587891526,769.2164843389683
036930.KQ,036930,KOSDAQ,주성엔지니어링,KRLEVEL_RR|036930|2T|444|450|452,444,450,452,34525.0,2,32900.0,34100.0,32754.1152337952,583.5390648192028
036930.KQ,036930,KOSDAQ,주성엔지니어링,KRLEVEL_RR|036930|3T|516|517|519,516,517,519,33900.0,3,31750.0,33650.0,31623.752664122516,504.9893435099344
036930.KQ,036930,KOSDAQ,주성엔지니어링,KRLEVEL_RR|036930|2T|566|567|568,566,567,568,34175.0,2,32250.0,34200.0,32117.517979201744,529.9280831930287
036930.KQ,036930,KOSDAQ,주성엔지니어링,KRLEVEL_RR|036930|2T|649|651|652,649,651,652,30400.0,2,29400.0,30150.0,29235.954754492832,656.1809820286747
036930.KQ,036930,KOSDAQ,주성엔지니어링,KRLEVEL_RR|036930|2T|740|741|742,740,741,742,30400.0,2,26900.0,30400.0,26719.220340586246,723.1186376550188
036930.KQ,036930,KOSDAQ,주성엔지니어링,KRLEVEL_RR|036930|3T|791|795|797,791,795,797,32250.0,3,31000.0,32150.0,30767.35666225235,930.5733509905957
036930.KQ,036930,KOSDAQ,주성엔지니어링,KRLEVEL_RR|036930|2T|874|880|881,874,880,881,34500.0,2,33450.0,33850.0,33303.76776817034,584.9289273186306
036930.KQ,036930,KOSDAQ,주성엔지니어링,KRLEVEL_RR|036930|3T|894|895|897,894,895,897,34050.0,3,33500.0,33950.0,33375.75207913462,496.9916834615153
036930.KQ,036930,KOSDAQ,주성엔지니어링,KRLEVEL_RR|036930|2T|916|918|920,916,918,920,35950.0,2,34950.0,35900.0,34788.71330885501,645.1467645799594
036930.KQ,036930,KOSDAQ,주성엔지니어링,KRLEVEL_RR|036930|2T|935|936|937,935,936,937,36600.0,2,36350.0,36550.0,36190.093112274895,639.627550900418
036930.KQ,036930,KOSDAQ,주성엔지니어링,KRLEVEL_RR|036930|2T|958|960|962,958,960,962,36600.0,2,34300.0,36350.0,34086.70009396308,853.1996241476672
036930.KQ,036930,KOSDAQ,주성엔지니어링,KRLEVEL_RR|036930|2T|983|985|986,983,985,986,35950.0,2,35800.0,35850.0,35593.08676320402,827.652947183929
036930.KQ,036930,KOSDAQ,주성엔지니어링,KRLEVEL_RR|036930|2T|997|998|999,997,998,999,35950.0,2,35000.0,36100.0,34830.411052585456,678.3557896581684
036930.KQ,036930,KOSDAQ,주성엔지니어링,KRLEVEL_RR|036930|3T|1060|1061|1063,1060,1061,1063,34750.0,3,34600.0,34650.0,34441.7196715861,633.1213136556141
036930.KQ,036930,KOSDAQ,주성엔지니어링,KRLEVEL_RR|036930|2T|1139|1140|1141,1139,1140,1141,32875.0,2,32100.0,32900.0,31998.942226557516,404.231093769941
036930.KQ,036930,KOSDAQ,주성엔지니어링,KRLEVEL_RR|036930|2T|1159|1160|1162,1159,1160,1162,33125.0,2,32700.0,32950.0,32559.69167976448,561.2332809420835
036930.KQ,036930,KOSDAQ,주성엔지니어링,KRLEVEL_RR|036930|4T|1204|1206|1208,1204,1206,1208,34925.0,4,31950.0,34700.0,31760.991037874315,756.0358485027356
036930.KQ,036930,KOSDAQ,주성엔지니어링,KRLEVEL_RR|036930|2T|1219|1221|1222,1219,1221,1222,33975.0,2,33700.0,33750.0,33554.73079342677,581.0768262929296
036930.KQ,036930,KOSDAQ,주성엔지니어링,KRLEVEL_RR|036930|2T|1246|1252|1253,1246,1252,1253,35750.0,2,34050.0,35700.0,33895.98231914177,616.0707234329186
036930.KQ,036930,KOSDAQ,주성엔지니어링,KRLEVEL_RR|036930|3T|1279|1280|1282,1279,1280,1282,33650.0,3,32800.0,33700.0,32664.484431833414,542.0622726663423
036930.KQ,036930,KOSDAQ,주성엔지니어링,KRLEVEL_RR|036930|4T|1294|1295|1297,1294,1295,1297,34975.0,4,33500.0,34800.0,33365.00475799207,539.9809680317034
036930.KQ,036930,KOSDAQ,주성엔지니어링,KRLEVEL_RR|036930|2T|1468|1470|1472,1468,1470,1472,26350.0,2,22150.0,26200.0,21963.902494288996,744.3900228440108
036930.KQ,036930,KOSDAQ,주성엔지니어링,KRLEVEL_RR|036930|3T|1654|1655|1656,1654,1655,1656,26350.0,3,24800.0,26450.0,24692.227531494,431.0898740239908
036930.KQ,036930,KOSDAQ,주성엔지니어링,KRLEVEL_RR|036930|3T|1673|1677|1678,1673,1677,1678,27150.0,3,26400.0,26900.0,26297.140569678068,411.4377212877295
036930.KQ,036930,KOSDAQ,주성엔지니어링,KRLEVEL_RR|036930|3T|1702|1707|1708,1702,1707,1708,27150.0,3,26850.0,27200.0,26757.071262168967,371.7149513241321
036930.KQ,036930,KOSDAQ,주성엔지니어링,KRLEVEL_RR|036930|5T|1722|1724|1726,1722,1724,1726,27800.0,5,26900.0,27750.0,26784.669284168358,461.32286332656696
036930.KQ,036930,KOSDAQ,주성엔지니어링,KRLEVEL_RR|036930|5T|1778|1779|1780,1778,1779,1780,27200.0,5,26300.0,27000.0,26137.239265366206,651.0429385351812
036930.KQ,036930,KOSDAQ,주성엔지니어링,KRLEVEL_RR|036930|7T|1851|1853|1854,1851,1853,1854,27800.0,7,27150.0,27850.0,26987.642371643677,649.4305134252957
036930.KQ,036930,KOSDAQ,주성엔지니어링,KRLEVEL_RR|036930|6T|1924|1927|1929,1924,1927,1929,27800.0,6,26800.0,27800.0,26643.799179795315,624.803280818744
036930.KQ,036930,KOSDAQ,주성엔지니어링,KRLEVEL_RR|036930|2T|1959|1963|1964,1959,1963,1964,27750.0,2,27550.0,27600.0,27439.020524314783,443.91790274086367
036930.KQ,036930,KOSDAQ,주성엔지니어링,KRLEVEL_RR|036930|2T|2008|2010|2011,2008,2010,2011,29875.0,2,29000.0,29650.0,28900.00354827217,399.9858069113301
036930.KQ,036930,KOSDAQ,주성엔지니어링,KRLEVEL_RR|036930|2T|2031|2035|2036,2031,2035,2036,28875.0,2,28700.0,28750.0,28594.858194312765,420.5672227489435
036930.KQ,036930,KOSDAQ,주성엔지니어링,KRLEVEL_RR|036930|2T|2156|2160|2161,2156,2160,2161,29475.0,2,28800.0,29550.0,28699.70060491976,401.1975803209654
036930.KQ,036930,KOSDAQ,주성엔지니어링,KRLEVEL_RR|036930|7T|2199|2200|2201,2199,2200,2201,33550.0,7,31100.0,33450.0,30939.63894672348,641.4442131060758
036930.KQ,036930,KOSDAQ,주성엔지니어링,KRLEVEL_RR|036930|5T|2312|2313|2314,2312,2313,2314,33700.0,5,31550.0,33600.0,31421.64417679191,513.4232928323607
036930.KQ,036930,KOSDAQ,주성엔지니어링,KRLEVEL_RR|036930|4T|2414|2418|2420,2414,2418,2420,34350.0,4,34150.0,34200.0,33948.925258147145,804.2989674114194
036930.KQ,036930,KOSDAQ,주성엔지니어링,KRLEVEL_RR|036930|3T|2440|2442|2444,2440,2442,2444,35750.0,3,34500.0,35700.0,34311.74061305714,753.0375477714514
036930.KQ,036930,KOSDAQ,주성엔지니어링,KRLEVEL_RR|036930|3T|2461|2464|2466,2461,2464,2466,34350.0,3,33600.0,34200.0,33474.22383022826,503.104679086977
036930.KQ,036930,KOSDAQ,주성엔지니어링,KRLEVEL_RR|036930|2T|2481|2482|2484,2481,2482,2484,35775.0,2,34550.0,35850.0,34411.26422370436,554.9431051825397
036930.KQ,036930,KOSDAQ,주성엔지니어링,KRLEVEL_RR|036930|2T|2541|2543|2544,2541,2543,2544,34725.0,2,33850.0,34750.0,33733.22485632957,467.1005746817093
036930.KQ,036930,KOSDAQ,주성엔지니어링,KRLEVEL_RR|036930|2T|2661|2667|2668,2661,2667,2668,32300.0,2,30800.0,32150.0,30687.08679434981,451.652822600765
036930.KQ,036930,KOSDAQ,주성엔지니어링,KRLEVEL_RR|036930|2T|2990|2991|2992,2990,2991,2992,27100.0,2,26550.0,27050.0,26471.06192028723,315.7523188510808
036930.KQ,036930,KOSDAQ,주성엔지니어링,KRLEVEL_RR|036930|3T|3038|3040|3042,3038,3040,3042,27950.0,3,27400.0,27900.0,27339.82428307106,240.7028677157719
036930.KQ,036930,KOSDAQ,주성엔지니어링,KRLEVEL_RR|036930|2T|3056|3061|3062,3056,3061,3062,28575.0,2,27900.0,28450.0,27798.305541174537,406.77783530185434
036930.KQ,036930,KOSDAQ,주성엔지니어링,KRLEVEL_RR|036930|2T|3146|3152|3153,3146,3152,3153,31425.0,2,30900.0,31100.0,30777.89345811509,488.42616753964637
036930.KQ,036930,KOSDAQ,주성엔지니어링,KRLEVEL_RR|036930|2T|3259|3261|3263,3259,3261,3263,30125.0,2,29350.0,30150.0,29204.808127465076,580.7674901397022
036930.KQ,036930,KOSDAQ,주성엔지니어링,KRLEVEL_RR|036930|2T|3278|3284|3286,3278,3284,3286,30125.0,2,29350.0,29700.0,29222.703671035913,509.18531585634184
036930.KQ,036930,KOSDAQ,주성엔지니어링,KRLEVEL_RR|036930|2T|3367|3372|3373,3367,3372,3373,30125.0,2,26750.0,30150.0,26637.63491773111,449.4603290755647
036930.KQ,036930,KOSDAQ,주성엔지니어링,KRLEVEL_RR|036930|2T|3453|3455|3457,3453,3455,3457,27875.0,2,26650.0,27750.0,26581.746509347973,273.0139626081039
036930.KQ,036930,KOSDAQ,주성엔지니어링,KRLEVEL_RR|036930|2T|3470|3473|3475,3470,3473,3475,27875.0,2,27250.0,27750.0,27182.692334584837,269.23066166064945
036930.KQ,036930,KOSDAQ,주성엔지니어링,KRLEVEL_RR|036930|4T|3492|3498|3499,3492,3498,3499,30600.0,4,27550.0,30600.0,27408.184666798425,567.2613328063034
036930.KQ,036930,KOSDAQ,주성엔지니어링,KRLEVEL_RR|036930|2T|3530|3531|3532,3530,3531,3532,32750.0,2,32150.0,32650.0,31993.19752917397,627.2098833041254
036930.KQ,036930,KOSDAQ,주성엔지니어링,KRLEVEL_RR|036930|2T|3584|3585|3587,3584,3585,3587,32750.0,2,30350.0,32750.0,30197.45510417523,610.1795832990726
036930.KQ,036930,KOSDAQ,주성엔지니어링,KRLEVEL_RR|036930|2T|3699|3700|3701,3699,3700,3701,51900.0,2,51000.0,51800.0,50661.961518614655,1352.1539255413843
036930.KQ,036930,KOSDAQ,주성엔지니어링,KRLEVEL_RR|036930|2T|3728|3732|3733,3728,3732,3733,64400.0,2,54500.0,62500.0,53718.47428372489,3126.102865100437
036930.KQ,036930,KOSDAQ,주성엔지니어링,KRLEVEL_RR|036930|3T|3870|3872|3874,3870,3872,3874,66000.0,3,58950.0,66300.0,58475.92364481255,1896.3054207497885
036930.KQ,036930,KOSDAQ,주성엔지니어링,KRLEVEL_RR|036930|3T|3899|3901|3902,3899,3901,3902,69800.0,3,62700.0,70200.0,62268.92308579325,1724.307656827011
036930.KQ,036930,KOSDAQ,주성엔지니어링,KRLEVEL_RR|036930|3T|4029|4030|4031,4029,4030,4031,174900.0,3,136100.0,173700.0,133536.9238282615,10252.304686954018
036930.KQ,036930,KOSDAQ,주성엔지니어링,KRLEVEL_RR|036930|2T|4047|4048|4050,4047,4048,4050,214500.0,2,169000.0,215000.0,165790.35435242622,12838.582590295071
036930.KQ,036930,KOSDAQ,주성엔지니어링,KRLEVEL_RR|036930|2T|4115|4116|4117,4115,4116,4117,207000.0,2,188000.0,210000.0,184792.678412043,12829.286351827988
036930.KQ,036930,KOSDAQ,주성엔지니어링,KRLEVEL_RR|036930|3T|4187|4192|4193,4187,4192,4193,174900.0,3,161600.0,174500.0,159691.0128963975,7635.948414409986
036930.KQ,036930,KOSDAQ,주성엔지니어링,KRLEVEL_RR|036930|4T|4242|4243|4244,4242,4243,4244,192400.0,4,160900.0,189700.0,158707.5005286576,8769.997885369592
036930.KQ,036930,KOSDAQ,주성엔지니어링,KRLEVEL_RR|036930|6T|4259|4260|4261,4259,4260,4261,198600.0,6,176800.0,200000.0,174333.7752590318,9864.898963872767
028300.KQ,028300,KOSDAQ,HLB,KRLEVEL_RR|028300|3T|258|262|264,258,262,264,30650.0,3,30050.0,30650.0,29970.976880547092,316.09247781163583
028300.KQ,028300,KOSDAQ,HLB,KRLEVEL_RR|028300|2T|284|288|289,284,288,289,28950.0,2,27550.0,28350.0,27414.608417447198,541.5663302112011
028300.KQ,028300,KOSDAQ,HLB,KRLEVEL_RR|028300|2T|332|334|336,332,334,336,28950.0,2,28700.0,28900.0,28615.664708126842,337.34116749262694
028300.KQ,028300,KOSDAQ,HLB,KRLEVEL_RR|028300|5T|348|349|350,348,349,350,31250.0,5,28600.0,31000.0,28456.58001395365,573.6799441854015
028300.KQ,028300,KOSDAQ,HLB,KRLEVEL_RR|028300|5T|396|399|401,396,399,401,30800.0,5,30000.0,30700.0,29910.330229240575,358.67908303770275
028300.KQ,028300,KOSDAQ,HLB,KRLEVEL_RR|028300|5T|414|415|417,414,415,417,30800.0,5,30500.0,30800.0,30428.011814842106,287.9527406315783
028300.KQ,028300,KOSDAQ,HLB,KRLEVEL_RR|028300|3T|428|432|433,428,432,433,31500.0,3,30900.0,31400.0,30814.296463942475,342.8141442300942
028300.KQ,028300,KOSDAQ,HLB,KRLEVEL_RR|028300|2T|495|496|497,495,496,497,33050.0,2,31650.0,33050.0,31533.357263952752,466.57094418898913
028300.KQ,028300,KOSDAQ,HLB,KRLEVEL_RR|028300|5T|676|679|681,676,679,681,52600.0,5,48000.0,52600.0,47585.894310300675,1656.422758797304
028300.KQ,028300,KOSDAQ,HLB,KRLEVEL_RR|028300|3T|741|745|747,741,745,747,72600.0,3,72100.0,72300.0,71597.68864171446,2009.245433142163
028300.KQ,028300,KOSDAQ,HLB,KRLEVEL_RR|028300|3T|874|877|879,874,877,879,101800.0,3,98500.0,101000.0,97694.16317590263,3223.3472963894856
028300.KQ,028300,KOSDAQ,HLB,KRLEVEL_RR|028300|2T|891|893|894,891,893,894,101500.0,2,98100.0,100900.0,97511.35602607782,2354.575895688743
028300.KQ,028300,KOSDAQ,HLB,KRLEVEL_RR|028300|2T|1013|1015|1017,1013,1015,1017,95950.0,2,91200.0,95500.0,90579.21501450974,2483.139941961038
028300.KQ,028300,KOSDAQ,HLB,KRLEVEL_RR|028300|3T|1042|1044|1046,1042,1044,1046,109000.0,3,105400.0,109000.0,104849.86673348706,2200.5330660517775
028300.KQ,028300,KOSDAQ,HLB,KRLEVEL_RR|028300|4T|1089|1090|1091,1089,1090,1091,104350.0,4,103400.0,103500.0,102776.47066436903,2494.1173425238762
028300.KQ,028300,KOSDAQ,HLB,KRLEVEL_RR|028300|2T|1144|1150|1151,1144,1150,1151,49675.0,2,47250.0,47300.0,46672.53531993675,2309.8587202529925
028300.KQ,028300,KOSDAQ,HLB,KRLEVEL_RR|028300|2T|1307|1310|1312,1307,1310,1312,60800.0,2,58500.0,60200.0,57834.20327055774,2663.1869177690596
028300.KQ,028300,KOSDAQ,HLB,KRLEVEL_RR|028300|2T|1459|1460|1462,1459,1460,1462,80800.0,2,74300.0,80600.0,73825.83438028458,1896.6624788616944
028300.KQ,028300,KOSDAQ,HLB,KRLEVEL_RR|028300|3T|1475|1478|1479,1475,1478,1479,80900.0,3,79000.0,81100.0,78670.32998133713,1318.6800746515173
028300.KQ,028300,KOSDAQ,HLB,KRLEVEL_RR|028300|3T|1492|1496|1498,1492,1496,1498,85300.0,3,80800.0,84400.0,80445.78351117986,1416.865955280537
028300.KQ,028300,KOSDAQ,HLB,KRLEVEL_RR|028300|3T|1529|1530|1532,1529,1530,1532,83500.0,3,81200.0,83700.0,80736.99051864812,1852.0379254075372
028300.KQ,028300,KOSDAQ,HLB,KRLEVEL_RR|028300|2T|1552|1556|1557,1552,1556,1557,84600.0,2,82500.0,84000.0,82162.14375261133,1351.4249895546702
028300.KQ,028300,KOSDAQ,HLB,KRLEVEL_RR|028300|4T|1593|1594|1595,1593,1594,1595,85350.0,4,84100.0,84300.0,83674.0091471196,1703.9634115215679
028300.KQ,028300,KOSDAQ,HLB,KRLEVEL_RR|028300|4T|1610|1611|1612,1610,1611,1612,86000.0,4,85000.0,85900.0,84602.09019258466,1591.6392296613694
028300.KQ,028300,KOSDAQ,HLB,KRLEVEL_RR|028300|3T|1630|1635|1636,1630,1635,1636,87200.0,3,86100.0,87100.0,85511.98052791359,2352.077888345652
028300.KQ,028300,KOSDAQ,HLB,KRLEVEL_RR|028300|2T|1673|1677|1678,1673,1677,1678,84600.0,2,84200.0,84800.0,83931.84546605074,1072.61813579702
028300.KQ,028300,KOSDAQ,HLB,KRLEVEL_RR|028300|2T|1872|1876|1878,1872,1876,1878,71050.0,2,69000.0,70800.0,68544.69645914448,1821.2141634220775
028300.KQ,028300,KOSDAQ,HLB,KRLEVEL_RR|028300|3T|1924|1930|1931,1924,1930,1931,72600.0,3,70300.0,72100.0,69997.09792854669,1211.6082858132586
028300.KQ,028300,KOSDAQ,HLB,KRLEVEL_RR|028300|3T|1946|1951|1953,1946,1951,1953,72600.0,3,70500.0,72300.0,70194.46621392843,1222.135144286241
028300.KQ,028300,KOSDAQ,HLB,KRLEVEL_RR|028300|2T|2025|2027|2029,2025,2027,2029,67850.0,2,66000.0,68000.0,65665.7658880417,1336.9364478331704
028300.KQ,028300,KOSDAQ,HLB,KRLEVEL_RR|028300|3T|2042|2044|2045,2042,2044,2045,74400.0,3,67700.0,74100.0,67395.41432363205,1218.3427054718143
028300.KQ,028300,KOSDAQ,HLB,KRLEVEL_RR|028300|3T|2058|2060|2061,2058,2060,2061,78000.0,3,67700.0,77600.0,67398.14886606412,1207.4045357435293
028300.KQ,028300,KOSDAQ,HLB,KRLEVEL_RR|028300|3T|2080|2085|2087,2080,2085,2087,78000.0,3,77600.0,77700.0,77328.21979782009,1087.1208087196555
028300.KQ,028300,KOSDAQ,HLB,KRLEVEL_RR|028300|2T|2120|2122|2124,2120,2122,2124,79700.0,2,76700.0,79700.0,76440.36980034469,1038.5207986212374
028300.KQ,028300,KOSDAQ,HLB,KRLEVEL_RR|028300|2T|2148|2149|2150,2148,2149,2150,79000.0,2,77000.0,79200.0,76688.67542761193,1245.2982895522844
028300.KQ,028300,KOSDAQ,HLB,KRLEVEL_RR|028300|8T|2198|2203|2204,2198,2203,2204,81250.0,8,74300.0,80600.0,73856.35482444685,1774.5807022125684
028300.KQ,028300,KOSDAQ,HLB,KRLEVEL_RR|028300|3T|2295|2301|2302,2295,2301,2302,79000.0,3,67600.0,79500.0,67045.5742136512,2217.7031453952345
028300.KQ,028300,KOSDAQ,HLB,KRLEVEL_RR|028300|2T|2319|2320|2322,2319,2320,2322,75900.0,2,71500.0,75800.0,71003.50332371566,1985.98670513737
028300.KQ,028300,KOSDAQ,HLB,KRLEVEL_RR|028300|2T|2489|2493|2495,2489,2493,2495,55050.0,2,52800.0,54500.0,52626.802773120595,692.7889075176344
028300.KQ,028300,KOSDAQ,HLB,KRLEVEL_RR|028300|3T|2510|2514|2516,2510,2514,2516,56200.0,3,54400.0,56000.0,54224.16800530361,703.327978785562
028300.KQ,028300,KOSDAQ,HLB,KRLEVEL_RR|028300|4T|2612|2616|2618,2612,2616,2618,54100.0,4,51900.0,53600.0,51677.16695231955,891.3321907217935
028300.KQ,028300,KOSDAQ,HLB,KRLEVEL_RR|028300|2T|2663|2668|2670,2663,2668,2670,53000.0,2,51200.0,52800.0,51059.0209038083,563.9163847667982
028300.KQ,028300,KOSDAQ,HLB,KRLEVEL_RR|028300|2T|2787|2790|2792,2787,2790,2792,50550.0,2,48250.0,50400.0,48058.85721598087,764.5711360765254
028300.KQ,028300,KOSDAQ,HLB,KRLEVEL_RR|028300|2T|2818|2819|2820,2818,2819,2820,52500.0,2,51500.0,52600.0,51334.209916406515,663.160334373939
028300.KQ,028300,KOSDAQ,HLB,KRLEVEL_RR|028300|2T|2892|2896|2897,2892,2896,2897,47600.0,2,44600.0,47600.0,44459.784511720754,560.861953116993
028300.KQ,028300,KOSDAQ,HLB,KRLEVEL_RR|028300|4T|3002|3007|3009,3002,3007,3009,38550.0,4,37400.0,38450.0,37219.162793694886,723.3488252204629
028300.KQ,028300,KOSDAQ,HLB,KRLEVEL_RR|028300|4T|3050|3056|3057,3050,3056,3057,38525.0,4,37800.0,38550.0,37663.09461455568,547.6215417772689
028300.KQ,028300,KOSDAQ,HLB,KRLEVEL_RR|028300|2T|3081|3083|3084,3081,3083,3084,39625.0,2,38200.0,39550.0,38098.42382195479,406.30471218083153
028300.KQ,028300,KOSDAQ,HLB,KRLEVEL_RR|028300|4T|3168|3169|3170,3168,3169,3170,38525.0,4,37500.0,38600.0,37353.537036619404,585.8518535223722
028300.KQ,028300,KOSDAQ,HLB,KRLEVEL_RR|028300|2T|3339|3342|3343,3339,3342,3343,45825.0,2,44100.0,45500.0,43920.280078050426,718.8796877983002
028300.KQ,028300,KOSDAQ,HLB,KRLEVEL_RR|028300|3T|3355|3357|3358,3355,3357,3358,46750.0,3,46200.0,46450.0,46065.62532075381,537.4987169847489
028300.KQ,028300,KOSDAQ,HLB,KRLEVEL_RR|028300|2T|3443|3448|3449,3443,3448,3449,45825.0,2,45450.0,45650.0,45325.024718408145,499.9011263674068
028300.KQ,028300,KOSDAQ,HLB,KRLEVEL_RR|028300|2T|3572|3573|3575,3572,3573,3575,52750.0,2,49900.0,52600.0,49632.00000942316,1071.9999623073595
028300.KQ,028300,KOSDAQ,HLB,KRLEVEL_RR|028300|2T|3673|3674|3676,3673,3674,3676,53250.0,2,50900.0,53300.0,50719.55262303154,721.7895078738502
028300.KQ,028300,KOSDAQ,HLB,KRLEVEL_RR|028300|3T|3823|3825|3826,3823,3825,3826,52700.0,3,49500.0,52000.0,49296.32511667167,814.6995333133007
028300.KQ,028300,KOSDAQ,HLB,KRLEVEL_RR|028300|3T|3839|3841|3843,3839,3841,3843,52700.0,3,50700.0,52650.0,50463.924010613366,944.3039575465265
028300.KQ,028300,KOSDAQ,HLB,KRLEVEL_RR|028300|3T|3863|3869|3870,3863,3869,3870,53500.0,3,50500.0,53300.0,50225.449245661854,1098.2030173525786
028300.KQ,028300,KOSDAQ,HLB,KRLEVEL_RR|028300|3T|3886|3888|3889,3886,3888,3889,56600.0,3,51800.0,56500.0,51580.00629246708,879.9748301316931
028300.KQ,028300,KOSDAQ,HLB,KRLEVEL_RR|028300|2T|4069|4072|4073,4069,4072,4073,50300.0,2,49550.0,49950.0,49263.29911579095,1146.8035368361934
028300.KQ,028300,KOSDAQ,HLB,KRLEVEL_RR|028300|2T|4138|4140|4141,4138,4140,4141,48950.0,2,42250.0,46700.0,41740.20111879853,2039.195524805857
028300.KQ,028300,KOSDAQ,HLB,KRLEVEL_RR|028300|2T|4169|4173|4175,4169,4173,4175,50300.0,2,47300.0,49100.0,46942.41974123688,1430.321035052482
028300.KQ,028300,KOSDAQ,HLB,KRLEVEL_RR|028300|2T|4189|4190|4192,4189,4190,4192,50300.0,2,46800.0,49900.0,46517.92610032634,1128.2955986946604
028300.KQ,028300,KOSDAQ,HLB,KRLEVEL_RR|028300|2T|4217|4221|4223,4217,4221,4223,49125.0,2,46300.0,48300.0,45993.63601178264,1225.4559528694397
028300.KQ,028300,KOSDAQ,HLB,KRLEVEL_RR|028300|4T|4332|4335|4337,4332,4335,4337,30975.0,4,29450.0,30900.0,29231.35328592631,874.586856294753
058470.KQ,058470,KOSDAQ,리노공업,KRLEVEL_RR|058470|2T|249|250|252,249,250,252,31300.0,2,30880.0,31360.0,30788.03386468779,367.8645412488355
058470.KQ,058470,KOSDAQ,리노공업,KRLEVEL_RR|058470|2T|265|270|272,265,270,272,31300.0,2,30540.0,31040.0,30439.871634382518,400.51346246992136
058470.KQ,058470,KOSDAQ,리노공업,KRLEVEL_RR|058470|3T|391|392|394,391,392,394,29580.0,3,28060.0,29580.0,27973.115628683787,347.53748526484594
058470.KQ,058470,KOSDAQ,리노공업,KRLEVEL_RR|058470|2T|452|456|457,452,456,457,39190.0,2,37560.0,38880.0,37349.738126019896,841.0474959204028
058470.KQ,058470,KOSDAQ,리노공업,KRLEVEL_RR|058470|2T|470|471|473,470,471,473,39880.0,2,38000.0,39700.0,37739.28251779932,1042.869928802726
058470.KQ,058470,KOSDAQ,리노공업,KRLEVEL_RR|058470|2T|485|489|491,485,489,491,39880.0,2,39600.0,39700.0,39354.096567777546,983.6137288898038
058470.KQ,058470,KOSDAQ,리노공업,KRLEVEL_RR|058470|2T|529|530|531,529,530,531,40600.0,2,39740.0,40600.0,39562.337847909446,710.6486083622218
058470.KQ,058470,KOSDAQ,리노공업,KRLEVEL_RR|058470|2T|557|563|564,557,563,564,39880.0,2,39900.0,40000.0,39744.20273398365,623.1890640654058
058470.KQ,058470,KOSDAQ,리노공업,KRLEVEL_RR|058470|6T|575|576|578,575,576,578,42450.0,6,39900.0,42000.0,39660.53243051877,957.8702779249395
058470.KQ,058470,KOSDAQ,리노공업,KRLEVEL_RR|058470|2T|652|656|658,652,656,658,41950.0,2,39260.0,41800.0,38987.66563358229,1089.3374656708475
058470.KQ,058470,KOSDAQ,리노공업,KRLEVEL_RR|058470|7T|736|741|742,736,741,742,40500.0,7,37580.0,40200.0,37334.6104211144,981.5583155424033
058470.KQ,058470,KOSDAQ,리노공업,KRLEVEL_RR|058470|5T|808|812|813,808,812,813,40500.0,5,39420.0,40500.0,39283.91006612267,544.3597355093124
058470.KQ,058470,KOSDAQ,리노공업,KRLEVEL_RR|058470|4T|829|830|832,829,830,832,40250.0,4,39140.0,40300.0,38976.284713509755,654.8611459609888
058470.KQ,058470,KOSDAQ,리노공업,KRLEVEL_RR|058470|5T|844|846|848,844,846,848,42600.0,5,40000.0,42100.0,39797.981504861804,808.0739805527701
058470.KQ,058470,KOSDAQ,리노공업,KRLEVEL_RR|058470|3T|940|943|944,940,943,944,53100.0,3,51100.0,52700.0,50815.684190677704,1137.2632372891683
058470.KQ,058470,KOSDAQ,리노공업,KRLEVEL_RR|058470|3T|983|984|986,983,984,986,50500.0,3,49600.0,50500.0,49385.44986286826,858.2005485269608
058470.KQ,058470,KOSDAQ,리노공업,KRLEVEL_RR|058470|3T|1046|1047|1048,1046,1047,1048,50500.0,3,49900.0,50300.0,49642.848582514445,1028.6056699422045
058470.KQ,058470,KOSDAQ,리노공업,KRLEVEL_RR|058470|3T|1130|1131|1132,1130,1131,1132,53100.0,3,52400.0,53000.0,52139.700985059244,1041.196059763022
058470.KQ,058470,KOSDAQ,리노공업,KRLEVEL_RR|058470|2T|1211|1214|1215,1211,1214,1215,53850.0,2,52300.0,54000.0,52101.93230299702,792.2707880119204
058470.KQ,058470,KOSDAQ,리노공업,KRLEVEL_RR|058470|2T|1337|1340|1342,1337,1340,1342,47750.0,2,43300.0,47300.0,43091.6056153515,833.5775385939988
058470.KQ,058470,KOSDAQ,리노공업,KRLEVEL_RR|058470|2T|1361|1364|1366,1361,1364,1366,47750.0,2,47100.0,47700.0,46899.04874269805,803.805029207811
058470.KQ,058470,KOSDAQ,리노공업,KRLEVEL_RR|058470|3T|1636|1637|1638,1636,1637,1638,37280.0,3,35780.0,37180.0,35635.9629344698,576.1482621208077
058470.KQ,058470,KOSDAQ,리노공업,KRLEVEL_RR|058470|5T|1703|1706|1708,1703,1706,1708,39480.0,5,37680.0,39380.0,37551.53970379823,513.84118480707
058470.KQ,058470,KOSDAQ,리노공업,KRLEVEL_RR|058470|2T|1729|1730|1731,1729,1730,1731,38990.0,2,38720.0,38980.0,38582.86428799611,548.5428480155497
058470.KQ,058470,KOSDAQ,리노공업,KRLEVEL_RR|058470|2T|1798|1802|1804,1798,1802,1804,35820.0,2,35000.0,35660.0,34875.05005818944,499.79976724225276
058470.KQ,058470,KOSDAQ,리노공업,KRLEVEL_RR|058470|2T|1822|1824|1826,1822,1824,1826,35820.0,2,34820.0,35660.0,34694.04908209737,503.80367161051777
058470.KQ,058470,KOSDAQ,리노공업,KRLEVEL_RR|058470|2T|1882|1885|1887,1882,1885,1887,31690.0,2,30160.0,31400.0,30011.51072536285,593.9570985486076
058470.KQ,058470,KOSDAQ,리노공업,KRLEVEL_RR|058470|2T|1943|1944|1946,1943,1944,1946,31090.0,2,30740.0,31080.0,30599.23606137364,563.0557545054482
058470.KQ,058470,KOSDAQ,리노공업,KRLEVEL_RR|058470|3T|1960|1961|1963,1960,1961,1963,32780.0,3,30740.0,32620.0,30604.854839972468,540.5806401101245
058470.KQ,058470,KOSDAQ,리노공업,KRLEVEL_RR|058470|3T|2092|2095|2096,2092,2095,2096,38700.0,3,38000.0,38780.0,37878.22957451689,487.08170193244143
058470.KQ,058470,KOSDAQ,리노공업,KRLEVEL_RR|058470|2T|2117|2119|2121,2117,2119,2121,43050.0,2,40700.0,43200.0,40537.155102133605,651.3795914655691
058470.KQ,058470,KOSDAQ,리노공업,KRLEVEL_RR|058470|3T|2166|2172|2174,2166,2172,2174,43100.0,3,40000.0,43100.0,39762.86801999056,948.527920037769
058470.KQ,058470,KOSDAQ,리노공업,KRLEVEL_RR|058470|2T|2200|2202|2204,2200,2202,2204,44850.0,2,44600.0,44800.0,44388.56786945307,845.7285221877233
058470.KQ,058470,KOSDAQ,리노공업,KRLEVEL_RR|058470|3T|2312|2315|2316,2312,2315,2316,42900.0,3,38820.0,42700.0,38628.232939827176,767.0682406913044
058470.KQ,058470,KOSDAQ,리노공업,KRLEVEL_RR|058470|2T|2480|2481|2482,2480,2481,2482,38850.0,2,36200.0,38750.0,36050.74206676579,597.0317329368378
058470.KQ,058470,KOSDAQ,리노공업,KRLEVEL_RR|058470|3T|2510|2514|2516,2510,2514,2516,39600.0,3,38350.0,39350.0,38192.22059154908,631.117633803698
058470.KQ,058470,KOSDAQ,리노공업,KRLEVEL_RR|058470|2T|2527|2532|2534,2527,2532,2534,39630.0,2,38850.0,39400.0,38717.11749944144,531.5300022342437
058470.KQ,058470,KOSDAQ,리노공업,KRLEVEL_RR|058470|3T|2564|2565|2566,2564,2565,2566,40700.0,3,40000.0,40650.0,39860.40731684241,558.3707326303837
058470.KQ,058470,KOSDAQ,리노공업,KRLEVEL_RR|058470|3T|2629|2634|2636,2629,2634,2636,50200.0,3,47550.0,50200.0,47333.08343712086,867.6662515165646
058470.KQ,058470,KOSDAQ,리노공업,KRLEVEL_RR|058470|3T|2648|2653|2654,2648,2653,2654,50200.0,3,49550.0,50100.0,49327.135390336894,891.4584386524153
058470.KQ,058470,KOSDAQ,리노공업,KRLEVEL_RR|058470|3T|2708|2711|2713,2708,2711,2713,50200.0,3,49250.0,49800.0,49093.91108784532,624.3556486187127
058470.KQ,058470,KOSDAQ,리노공업,KRLEVEL_RR|058470|3T|2728|2730|2732,2728,2730,2732,50200.0,3,49900.0,50100.0,49720.83691616751,716.6523353299689
058470.KQ,058470,KOSDAQ,리노공업,KRLEVEL_RR|058470|2T|2745|2746|2747,2745,2746,2747,51750.0,2,51000.0,51800.0,50813.96135571648,744.154577134096
058470.KQ,058470,KOSDAQ,리노공업,KRLEVEL_RR|058470|2T|2804|2806|2808,2804,2806,2808,47300.0,2,46100.0,47250.0,45952.5112650851,589.9549396595845
058470.KQ,058470,KOSDAQ,리노공업,KRLEVEL_RR|058470|5T|2966|2967|2968,2966,2967,2968,47750.0,5,45400.0,47650.0,45270.22340356838,519.1063857264731
058470.KQ,058470,KOSDAQ,리노공업,KRLEVEL_RR|058470|3T|3003|3004|3006,3003,3004,3006,49900.0,3,48750.0,50000.0,48615.69856882423,537.2057247030876
058470.KQ,058470,KOSDAQ,리노공업,KRLEVEL_RR|058470|4T|3020|3021|3022,3020,3021,3022,50050.0,4,48500.0,49950.0,48339.24265178814,643.0293928474321
058470.KQ,058470,KOSDAQ,리노공업,KRLEVEL_RR|058470|2T|3056|3060|3062,3056,3060,3062,51450.0,2,50700.0,51600.0,50508.09634242984,767.6146302806513
058470.KQ,058470,KOSDAQ,리노공업,KRLEVEL_RR|058470|2T|3087|3089|3091,3087,3089,3091,54950.0,2,51500.0,55100.0,51254.93464211635,980.2614315346041
058470.KQ,058470,KOSDAQ,리노공업,KRLEVEL_RR|058470|2T|3236|3237|3239,3236,3237,3239,57800.0,2,55000.0,57650.0,54749.010945560745,1003.956217757021
058470.KQ,058470,KOSDAQ,리노공업,KRLEVEL_RR|058470|2T|3370|3372|3373,3370,3372,3373,60200.0,2,59150.0,59700.0,58921.2598739414,914.9605042344024
058470.KQ,058470,KOSDAQ,리노공업,KRLEVEL_RR|058470|2T|3418|3419|3421,3418,3419,3421,60200.0,2,59600.0,60100.0,59398.488295982526,806.0468160698907
058470.KQ,058470,KOSDAQ,리노공업,KRLEVEL_RR|058470|2T|3503|3504|3506,3503,3504,3506,64600.0,2,62800.0,64600.0,62535.64864162818,1057.4054334872799
058470.KQ,058470,KOSDAQ,리노공업,KRLEVEL_RR|058470|2T|3599|3605|3606,3599,3605,3606,96200.0,2,95000.0,96100.0,94592.82889381524,1628.6844247390359
058470.KQ,058470,KOSDAQ,리노공업,KRLEVEL_RR|058470|2T|3628|3633|3635,3628,3633,3635,96200.0,2,94500.0,96400.0,94147.20452653508,1411.181893859711
058470.KQ,058470,KOSDAQ,리노공업,KRLEVEL_RR|058470|2T|3715|3719|3721,3715,3719,3721,114450.0,2,111800.0,112700.0,111269.84651378529,2120.613944858859
058470.KQ,058470,KOSDAQ,리노공업,KRLEVEL_RR|058470|5T|3773|3774|3775,3773,3774,3775,100200.0,5,94500.0,100100.0,93949.4146916009,2202.3412335963567
058470.KQ,058470,KOSDAQ,리노공업,KRLEVEL_RR|058470|2T|3790|3795|3797,3790,3795,3797,106050.0,2,100400.0,106200.0,99678.6247102674,2885.5011589304413
058470.KQ,058470,KOSDAQ,리노공업,KRLEVEL_RR|058470|2T|3833|3836|3837,3833,3836,3837,111400.0,2,110900.0,111600.0,110547.21663893684,1411.1334442526813
058470.KQ,058470,KOSDAQ,리노공업,KRLEVEL_RR|058470|3T|3848|3849|3851,3848,3849,3851,114600.0,3,113000.0,114700.0,112649.490071742,1402.0397130320232
058470.KQ,058470,KOSDAQ,리노공업,KRLEVEL_RR|058470|2T|3862|3866|3867,3862,3866,3867,118250.0,2,116000.0,118200.0,115475.3551025167,2098.5795899332297
058470.KQ,058470,KOSDAQ,리노공업,KRLEVEL_RR|058470|3T|3890|3891|3893,3890,3891,3893,111400.0,3,108900.0,111000.0,108320.36220009066,2318.5511996373316
058470.KQ,058470,KOSDAQ,리노공업,KRLEVEL_RR|058470|3T|3924|3927|3928,3924,3927,3928,112800.0,3,111200.0,112600.0,110703.61892594997,1985.5242962001107
058470.KQ,058470,KOSDAQ,리노공업,KRLEVEL_RR|058470|2T|3978|3981|3983,3978,3981,3983,106050.0,2,95600.0,106500.0,94959.67532146639,2561.2987141344624
058470.KQ,058470,KOSDAQ,리노공업,KRLEVEL_RR|058470|2T|4193|4195|4196,4193,4195,4196,77000.0,2,69500.0,76600.0,68945.87212524295,2216.511499028215
058470.KQ,058470,KOSDAQ,리노공업,KRLEVEL_RR|058470|2T|4272|4276|4277,4272,4276,4277,63600.0,2,60900.0,61900.0,60391.46179483686,2034.1528206525627
058470.KQ,058470,KOSDAQ,리노공업,KRLEVEL_RR|058470|2T|4293|4294|4295,4293,4294,4295,64750.0,2,64000.0,65000.0,63563.00672128512,1747.9731148595229
298380.KQ,298380,KOSDAQ,에이비엘바이오,KRLEVEL_RR|298380|3T|313|317|319,313,317,319,16150.0,3,15380.0,15900.0,15301.225366993573,315.09853202571065
298380.KQ,298380,KOSDAQ,에이비엘바이오,KRLEVEL_RR|298380|2T|354|358|359,354,358,359,18445.0,2,16470.0,18150.0,16387.134769389682,331.460922441264
298380.KQ,298380,KOSDAQ,에이비엘바이오,KRLEVEL_RR|298380|2T|390|394|395,390,394,395,18645.0,2,18350.0,18580.0,18294.019595810936,223.9216167562606
298380.KQ,298380,KOSDAQ,에이비엘바이오,KRLEVEL_RR|298380|5T|408|414|416,408,414,416,19110.0,5,18590.0,19040.0,18547.16319743969,171.3472102412297
298380.KQ,298380,KOSDAQ,에이비엘바이오,KRLEVEL_RR|298380|4T|455|458|460,455,458,460,19730.0,4,19410.0,19680.0,19365.301251347082,178.7949946116669
298380.KQ,298380,KOSDAQ,에이비엘바이오,KRLEVEL_RR|298380|2T|489|495|496,489,495,496,20950.0,2,20350.0,20600.0,20263.665419870395,345.33832051842455
298380.KQ,298380,KOSDAQ,에이비엘바이오,KRLEVEL_RR|298380|3T|510|514|515,510,514,515,20200.0,3,19960.0,20200.0,19879.42739119251,322.29043522996596
298380.KQ,298380,KOSDAQ,에이비엘바이오,KRLEVEL_RR|298380|2T|532|536|537,532,536,537,20650.0,2,19990.0,20300.0,19906.67344774029,333.30620903883727
298380.KQ,298380,KOSDAQ,에이비엘바이오,KRLEVEL_RR|298380|5T|548|549|550,548,549,550,21100.0,5,20500.0,21050.0,20418.925725477755,324.2970980889821
298380.KQ,298380,KOSDAQ,에이비엘바이오,KRLEVEL_RR|298380|5T|677|679|680,677,679,680,21100.0,5,20950.0,21000.0,20871.14853477331,315.4058609067589
298380.KQ,298380,KOSDAQ,에이비엘바이오,KRLEVEL_RR|298380|3T|708|714|715,708,714,715,21900.0,3,21550.0,21950.0,21440.781105614664,436.8755775413491
298380.KQ,298380,KOSDAQ,에이비엘바이오,KRLEVEL_RR|298380|4T|779|784|786,779,784,786,20850.0,4,20300.0,20650.0,20209.36623340208,362.53506639167784
298380.KQ,298380,KOSDAQ,에이비엘바이오,KRLEVEL_RR|298380|4T|937|939|940,937,939,940,27075.0,4,24800.0,26800.0,24658.40182831707,566.3926867317226
298380.KQ,298380,KOSDAQ,에이비엘바이오,KRLEVEL_RR|298380|2T|1013|1016|1018,1013,1016,1018,22425.0,2,21700.0,22450.0,21594.52644352638,421.894225894469
298380.KQ,298380,KOSDAQ,에이비엘바이오,KRLEVEL_RR|298380|4T|1054|1056|1057,1054,1056,1057,25575.0,4,24550.0,25600.0,24411.06340730708,555.7463707716795
298380.KQ,298380,KOSDAQ,에이비엘바이오,KRLEVEL_RR|298380|2T|1078|1079|1080,1078,1079,1080,25825.0,2,25600.0,25700.0,25469.03013446163,523.8794621534755
298380.KQ,298380,KOSDAQ,에이비엘바이오,KRLEVEL_RR|298380|2T|1295|1298|1300,1295,1298,1300,22525.0,2,21900.0,22450.0,21774.96867313884,500.12530744464084
298380.KQ,298380,KOSDAQ,에이비엘바이오,KRLEVEL_RR|298380|3T|1316|1317|1318,1316,1317,1318,24900.0,3,22900.0,24750.0,22680.672080822333,877.3116767106742
298380.KQ,298380,KOSDAQ,에이비엘바이오,KRLEVEL_RR|298380|3T|1430|1431|1432,1430,1431,1432,30500.0,3,28300.0,30650.0,28132.42632490444,670.294700382235
298380.KQ,298380,KOSDAQ,에이비엘바이오,KRLEVEL_RR|298380|6T|1498|1500|1502,1498,1500,1502,30600.0,6,29200.0,30400.0,29040.791804534587,636.8327818616576
298380.KQ,298380,KOSDAQ,에이비엘바이오,KRLEVEL_RR|298380|6T|1529|1530|1532,1529,1530,1532,30600.0,6,29350.0,30700.0,29177.162775461537,691.348898153852
298380.KQ,298380,KOSDAQ,에이비엘바이오,KRLEVEL_RR|298380|2T|1552|1556|1558,1552,1556,1558,33275.0,2,32100.0,33300.0,31784.499090915648,1262.0036363374038
298380.KQ,298380,KOSDAQ,에이비엘바이오,KRLEVEL_RR|298380|2T|1591|1592|1593,1591,1592,1593,28250.0,2,26300.0,28300.0,26061.78337228451,952.8665108619568
298380.KQ,298380,KOSDAQ,에이비엘바이오,KRLEVEL_RR|298380|6T|1612|1615|1617,1612,1615,1617,29250.0,6,29000.0,29200.0,28841.02551041278,635.8979583488889
298380.KQ,298380,KOSDAQ,에이비엘바이오,KRLEVEL_RR|298380|3T|1630|1632|1633,1630,1632,1633,32400.0,3,29150.0,32100.0,29002.27623126386,590.8950749445708
298380.KQ,298380,KOSDAQ,에이비엘바이오,KRLEVEL_RR|298380|5T|1669|1670|1672,1669,1670,1672,30750.0,5,29850.0,30800.0,29709.170714456188,563.3171421752443
298380.KQ,298380,KOSDAQ,에이비엘바이오,KRLEVEL_RR|298380|2T|1690|1691|1692,1690,1691,1692,32800.0,2,32100.0,32550.0,31954.8412818932,580.6348724272001
298380.KQ,298380,KOSDAQ,에이비엘바이오,KRLEVEL_RR|298380|2T|1779|1781|1783,1779,1781,1783,37575.0,2,36300.0,36950.0,36085.708841872474,857.1646325100937
298380.KQ,298380,KOSDAQ,에이비엘바이오,KRLEVEL_RR|298380|3T|1799|1800|1801,1799,1800,1801,37550.0,3,35250.0,37700.0,35034.17668125042,863.2932749983199
298380.KQ,298380,KOSDAQ,에이비엘바이오,KRLEVEL_RR|298380|2T|1828|1831|1833,1828,1831,1833,39000.0,2,35450.0,39200.0,35209.05365940987,963.7853623605474
298380.KQ,298380,KOSDAQ,에이비엘바이오,KRLEVEL_RR|298380|3T|1918|1923|1925,1918,1923,1925,28100.0,3,26850.0,27700.0,26701.447841298028,594.2086348078919
298380.KQ,298380,KOSDAQ,에이비엘바이오,KRLEVEL_RR|298380|3T|1943|1944|1945,1943,1944,1945,28100.0,3,28100.0,28200.0,27934.488822254276,662.044710982902
298380.KQ,298380,KOSDAQ,에이비엘바이오,KRLEVEL_RR|298380|2T|2015|2016|2017,2015,2016,2017,27700.0,2,26450.0,27700.0,26319.424408418145,522.3023663274284
298380.KQ,298380,KOSDAQ,에이비엘바이오,KRLEVEL_RR|298380|2T|2028|2029|2031,2028,2029,2031,28350.0,2,27850.0,28250.0,27689.719705548887,641.121177804454
298380.KQ,298380,KOSDAQ,에이비엘바이오,KRLEVEL_RR|298380|2T|2042|2044|2046,2042,2044,2046,29950.0,2,29400.0,29800.0,29273.290170341676,506.8393186332928
298380.KQ,298380,KOSDAQ,에이비엘바이오,KRLEVEL_RR|298380|2T|2075|2076|2077,2075,2076,2077,30750.0,2,29600.0,30700.0,29436.897453284044,652.4101868638212
298380.KQ,298380,KOSDAQ,에이비엘바이오,KRLEVEL_RR|298380|2T|2109|2113|2114,2109,2113,2114,32050.0,2,29400.0,31500.0,29234.585835573962,661.6566577041494
298380.KQ,298380,KOSDAQ,에이비엘바이오,KRLEVEL_RR|298380|3T|2128|2129|2130,2128,2129,2130,32800.0,3,32350.0,32800.0,32177.95355642411,688.1857743035661
298380.KQ,298380,KOSDAQ,에이비엘바이오,KRLEVEL_RR|298380|3T|2253|2254|2255,2253,2254,2255,40500.0,3,38700.0,40400.0,38463.87990764309,944.4803694276582
298380.KQ,298380,KOSDAQ,에이비엘바이오,KRLEVEL_RR|298380|5T|2266|2267|2268,2266,2267,2268,41450.0,5,39950.0,41350.0,39737.2177488837,851.1290044652114
298380.KQ,298380,KOSDAQ,에이비엘바이오,KRLEVEL_RR|298380|3T|2322|2323|2324,2322,2323,2324,38550.0,3,37300.0,38350.0,37109.46761658571,762.1295336571706
298380.KQ,298380,KOSDAQ,에이비엘바이오,KRLEVEL_RR|298380|4T|2475|2476|2478,2475,2476,2478,66250.0,4,63500.0,66400.0,63086.089901461935,1655.6403941522503
298380.KQ,298380,KOSDAQ,에이비엘바이오,KRLEVEL_RR|298380|4T|2506|2508|2509,2506,2508,2509,66250.0,4,64000.0,65500.0,63627.172576692814,1491.30969322874
298380.KQ,298380,KOSDAQ,에이비엘바이오,KRLEVEL_RR|298380|6T|2604|2605|2606,2604,2605,2606,66250.0,6,63200.0,66100.0,62842.56618948151,1429.7352420739455
298380.KQ,298380,KOSDAQ,에이비엘바이오,KRLEVEL_RR|298380|2T|2733|2738|2740,2733,2738,2740,66400.0,2,63600.0,66300.0,63196.3535298998,1614.5858804007883
298380.KQ,298380,KOSDAQ,에이비엘바이오,KRLEVEL_RR|298380|2T|2756|2757|2759,2756,2757,2759,70300.0,2,66000.0,69300.0,65601.10243704323,1595.5902518271025
298380.KQ,298380,KOSDAQ,에이비엘바이오,KRLEVEL_RR|298380|3T|2772|2773|2774,2772,2773,2774,62200.0,3,60700.0,61700.0,60241.61542888404,1833.5382844638361
298380.KQ,298380,KOSDAQ,에이비엘바이오,KRLEVEL_RR|298380|3T|2786|2792|2793,2786,2792,2793,68000.0,3,62800.0,66800.0,62374.70190892398,1701.1923643040898
298380.KQ,298380,KOSDAQ,에이비엘바이오,KRLEVEL_RR|298380|5T|2804|2805|2806,2804,2805,2806,70500.0,5,63300.0,70200.0,62825.07356394199,1899.7057442320643
298380.KQ,298380,KOSDAQ,에이비엘바이오,KRLEVEL_RR|298380|2T|2818|2819|2820,2818,2819,2820,71650.0,2,67900.0,71350.0,67483.02191916016,1667.9123233593655
298380.KQ,298380,KOSDAQ,에이비엘바이오,KRLEVEL_RR|298380|2T|2894|2900|2901,2894,2900,2901,73200.0,2,72500.0,73200.0,72066.89703775369,1732.4118489852312
298380.KQ,298380,KOSDAQ,에이비엘바이오,KRLEVEL_RR|298380|4T|2916|2922|2923,2916,2922,2923,74750.0,4,72900.0,74100.0,72527.5801755335,1489.6792978659948
298380.KQ,298380,KOSDAQ,에이비엘바이오,KRLEVEL_RR|298380|3T|2978|2979|2980,2978,2979,2980,90200.0,3,80100.0,89500.0,79460.74977686272,2557.000892549087
298380.KQ,298380,KOSDAQ,에이비엘바이오,KRLEVEL_RR|298380|3T|3018|3023|3024,3018,3023,3024,95800.0,3,90900.0,95600.0,90437.21356950483,1851.1457219806741
298380.KQ,298380,KOSDAQ,에이비엘바이오,KRLEVEL_RR|298380|2T|3086|3088|3089,3086,3088,3089,103550.0,2,99200.0,103600.0,98753.12779200658,1787.4888319737008
298380.KQ,298380,KOSDAQ,에이비엘바이오,KRLEVEL_RR|298380|2T|3212|3213|3214,3212,3213,3214,91350.0,2,84100.0,90400.0,83645.47871570339,1818.085137186439
298380.KQ,298380,KOSDAQ,에이비엘바이오,KRLEVEL_RR|298380|2T|3244|3248|3249,3244,3248,3249,100350.0,2,91100.0,99500.0,90515.17063649505,2339.317454019809
298380.KQ,298380,KOSDAQ,에이비엘바이오,KRLEVEL_RR|298380|3T|3260|3261|3262,3260,3261,3262,103600.0,3,101400.0,103000.0,100676.70897249036,2893.164110038549
298380.KQ,298380,KOSDAQ,에이비엘바이오,KRLEVEL_RR|298380|2T|3355|3356|3358,3355,3356,3358,181900.0,2,168100.0,182700.0,167059.54845567545,4161.806177298241
298380.KQ,298380,KOSDAQ,에이비엘바이오,KRLEVEL_RR|298380|3T|3405|3406|3407,3405,3406,3407,194700.0,3,184300.0,194900.0,183240.52731864972,4237.890725401068
298380.KQ,298380,KOSDAQ,에이비엘바이오,KRLEVEL_RR|298380|3T|3446|3447|3449,3446,3447,3449,194700.0,3,178500.0,193800.0,177515.91839789102,3936.3264084359967
298380.KQ,298380,KOSDAQ,에이비엘바이오,KRLEVEL_RR|298380|6T|3473|3476|3478,3473,3476,3478,196950.0,6,184000.0,195000.0,182998.5463034632,4005.814786147255
298380.KQ,298380,KOSDAQ,에이비엘바이오,KRLEVEL_RR|298380|5T|3504|3506|3507,3504,3506,3507,204000.0,5,198300.0,201500.0,196894.22223892683,5623.111044292726
298380.KQ,298380,KOSDAQ,에이비엘바이오,KRLEVEL_RR|298380|6T|3554|3556|3558,3554,3556,3558,196950.0,6,186000.0,196900.0,184806.3035584393,4774.785766242799
298380.KQ,298380,KOSDAQ,에이비엘바이오,KRLEVEL_RR|298380|4T|3578|3579|3581,3578,3579,3581,191450.0,4,172200.0,192000.0,170296.95128110776,7612.194875568979
298380.KQ,298380,KOSDAQ,에이비엘바이오,KRLEVEL_RR|298380|8T|3615|3616|3617,3615,3616,3617,197050.0,8,194500.0,197000.0,192053.0773836038,9787.690465584767
298380.KQ,298380,KOSDAQ,에이비엘바이오,KRLEVEL_RR|298380|2T|3703|3705|3707,3703,3705,3707,192000.0,2,187200.0,191000.0,186539.9944766477,2640.0220934092154
298380.KQ,298380,KOSDAQ,에이비엘바이오,KRLEVEL_RR|298380|2T|3729|3732|3733,3729,3732,3733,182400.0,2,150600.0,178000.0,148751.16630741267,7395.334770349266
298380.KQ,298380,KOSDAQ,에이비엘바이오,KRLEVEL_RR|298380|2T|3819|3825|3826,3819,3825,3826,179150.0,2,171000.0,177300.0,170095.9564283212,3616.174286715174
298380.KQ,298380,KOSDAQ,에이비엘바이오,KRLEVEL_RR|298380|3T|3841|3842|3843,3841,3842,3843,179500.0,3,167000.0,179500.0,166019.26522292875,3922.9391082850148
298380.KQ,298380,KOSDAQ,에이비엘바이오,KRLEVEL_RR|298380|2T|3900|3901|3903,3900,3901,3903,161550.0,2,152600.0,161300.0,151985.9399886375,2456.2400454500157
298380.KQ,298380,KOSDAQ,에이비엘바이오,KRLEVEL_RR|298380|3T|3939|3940|3941,3939,3940,3941,157300.0,3,150400.0,156200.0,149467.11824453677,3731.527021852944
298380.KQ,298380,KOSDAQ,에이비엘바이오,KRLEVEL_RR|298380|3T|4134|4135|4137,4134,4135,4137,96900.0,3,92600.0,96400.0,91960.85609329258,2556.5756268296823
298380.KQ,298380,KOSDAQ,에이비엘바이오,KRLEVEL_RR|298380|4T|4169|4172|4174,4169,4172,4174,96800.0,4,93800.0,94200.0,92998.39698279405,3206.412068823789
298380.KQ,298380,KOSDAQ,에이비엘바이오,KRLEVEL_RR|298380|4T|4187|4188|4189,4187,4188,4189,101350.0,4,94200.0,102100.0,93224.70984449344,3901.160622026233
298380.KQ,298380,KOSDAQ,에이비엘바이오,KRLEVEL_RR|298380|2T|4332|4335|4337,4332,4335,4337,70800.0,2,60300.0,70600.0,59568.06322963531,2927.74708145877
298380.KQ,298380,KOSDAQ,에이비엘바이오,KRLEVEL_RR|298380|2T|4351|4352|4353,4351,4352,4353,81300.0,2,77600.0,81300.0,76978.2800508239,2486.879796704423
240810.KQ,240810,KOSDAQ,원익IPS,KRLEVEL_RR|240810|3T|250|251|252,250,251,252,32750.0,3,32750.0,32850.0,32632.170483845737,471.3180646170536
240810.KQ,240810,KOSDAQ,원익IPS,KRLEVEL_RR|240810|3T|265|266|267,265,266,267,32750.0,3,32150.0,32700.0,32032.811961133673,468.75215546530217
240810.KQ,240810,KOSDAQ,원익IPS,KRLEVEL_RR|240810|2T|292|293|294,292,293,294,31550.0,2,31100.0,31550.0,30981.030276205547,475.8788951778149
240810.KQ,240810,KOSDAQ,원익IPS,KRLEVEL_RR|240810|5T|343|344|346,343,344,346,33850.0,5,30100.0,33800.0,29963.526472921036,545.8941083158564
240810.KQ,240810,KOSDAQ,원익IPS,KRLEVEL_RR|240810|2T|505|510|511,505,510,511,32875.0,2,32350.0,32800.0,32278.386821886717,286.452712453129
240810.KQ,240810,KOSDAQ,원익IPS,KRLEVEL_RR|240810|3T|575|576|578,575,576,578,34100.0,3,33550.0,33900.0,33469.854096097166,320.58361561133194
240810.KQ,240810,KOSDAQ,원익IPS,KRLEVEL_RR|240810|3T|652|654|656,652,654,656,32650.0,3,31800.0,32600.0,31686.862515968016,452.5499361279428
240810.KQ,240810,KOSDAQ,원익IPS,KRLEVEL_RR|240810|3T|818|821|822,818,821,822,32600.0,3,28600.0,32050.0,28418.2339117942,727.0643528232017
240810.KQ,240810,KOSDAQ,원익IPS,KRLEVEL_RR|240810|3T|857|859|861,857,859,861,33950.0,3,33350.0,33800.0,33227.82101692565,488.71593229741035
240810.KQ,240810,KOSDAQ,원익IPS,KRLEVEL_RR|240810|3T|874|878|880,874,878,880,33950.0,3,33700.0,33850.0,33589.09256237427,443.6297505029213
240810.KQ,240810,KOSDAQ,원익IPS,KRLEVEL_RR|240810|3T|891|892|893,891,892,893,34250.0,3,33500.0,33900.0,33359.56591127212,561.7363549115173
240810.KQ,240810,KOSDAQ,원익IPS,KRLEVEL_RR|240810|3T|1005|1008|1009,1005,1008,1009,37300.0,3,37050.0,37200.0,36889.39165011145,642.4333995541954
240810.KQ,240810,KOSDAQ,원익IPS,KRLEVEL_RR|240810|5T|1078|1080|1082,1078,1080,1082,38000.0,5,36200.0,37950.0,36067.66619250265,529.3352299894128
240810.KQ,240810,KOSDAQ,원익IPS,KRLEVEL_RR|240810|2T|1175|1176|1177,1175,1176,1177,35925.0,2,33600.0,35900.0,33456.6108346386,573.5566614455851
240810.KQ,240810,KOSDAQ,원익IPS,KRLEVEL_RR|240810|2T|1228|1232|1234,1228,1232,1234,35925.0,2,34850.0,35850.0,34713.16902205669,547.3239117732314
240810.KQ,240810,KOSDAQ,원익IPS,KRLEVEL_RR|240810|2T|1246|1247|1248,1246,1247,1248,35925.0,2,34700.0,35600.0,34577.82429359525,488.70282561900086
240810.KQ,240810,KOSDAQ,원익IPS,KRLEVEL_RR|240810|2T|1277|1280|1282,1277,1280,1282,34125.0,2,33900.0,34050.0,33793.001241884755,427.9950324609858
240810.KQ,240810,KOSDAQ,원익IPS,KRLEVEL_RR|240810|2T|1301|1304|1306,1301,1304,1306,35100.0,2,34150.0,35150.0,34023.58388907324,505.6644437070373
240810.KQ,240810,KOSDAQ,원익IPS,KRLEVEL_RR|240810|3T|1319|1320|1321,1319,1320,1321,37500.0,3,34500.0,37550.0,34327.501855194256,689.9925792229736
240810.KQ,240810,KOSDAQ,원익IPS,KRLEVEL_RR|240810|2T|1379|1382|1383,1379,1382,1383,35925.0,2,35850.0,35900.0,35692.06655500873,631.7337799650928
240810.KQ,240810,KOSDAQ,원익IPS,KRLEVEL_RR|240810|2T|1421|1422|1424,1421,1422,1424,34350.0,2,33000.0,34200.0,32860.60856179945,557.5657528022044
240810.KQ,240810,KOSDAQ,원익IPS,KRLEVEL_RR|240810|2T|1436|1440|1442,1436,1440,1442,37575.0,2,34200.0,37250.0,34049.49814393958,602.0074242416831
240810.KQ,240810,KOSDAQ,원익IPS,KRLEVEL_RR|240810|5T|1474|1478|1479,1474,1478,1479,34350.0,5,31400.0,34150.0,31201.408054681913,794.3677812723515
240810.KQ,240810,KOSDAQ,원익IPS,KRLEVEL_RR|240810|2T|1490|1493|1494,1490,1493,1494,36700.0,2,34150.0,36450.0,33981.81347287166,672.746108513368
240810.KQ,240810,KOSDAQ,원익IPS,KRLEVEL_RR|240810|3T|1546|1548|1550,1546,1548,1550,33450.0,3,32800.0,33400.0,32680.91876898895,476.3249240441892
240810.KQ,240810,KOSDAQ,원익IPS,KRLEVEL_RR|240810|2T|1636|1641|1642,1636,1641,1642,29025.0,2,28000.0,29000.0,27885.422970937427,458.30811625029025
240810.KQ,240810,KOSDAQ,원익IPS,KRLEVEL_RR|240810|2T|1655|1657|1659,1655,1657,1659,31125.0,2,30400.0,31200.0,30289.30065376653,442.79738493387714
240810.KQ,240810,KOSDAQ,원익IPS,KRLEVEL_RR|240810|2T|1865|1868|1869,1865,1868,1869,23150.0,2,22300.0,22900.0,22206.705778128697,373.17688748520766
240810.KQ,240810,KOSDAQ,원익IPS,KRLEVEL_RR|240810|2T|1881|1886|1888,1881,1886,1888,23300.0,2,22900.0,23300.0,22802.961912878636,388.1523484854548
240810.KQ,240810,KOSDAQ,원익IPS,KRLEVEL_RR|240810|4T|2043|2046|2048,2043,2046,2048,23300.0,4,21600.0,23250.0,21507.36415849575,370.5433660169976
240810.KQ,240810,KOSDAQ,원익IPS,KRLEVEL_RR|240810|2T|2064|2070|2072,2064,2070,2072,24100.0,2,22800.0,24000.0,22709.51038065407,361.9584773837216
240810.KQ,240810,KOSDAQ,원익IPS,KRLEVEL_RR|240810|4T|2087|2088|2090,2087,2088,2090,23100.0,4,22850.0,23150.0,22755.998662276616,376.00535089354025
240810.KQ,240810,KOSDAQ,원익IPS,KRLEVEL_RR|240810|5T|2120|2121|2122,2120,2121,2122,24100.0,5,23550.0,24050.0,23463.25958817944,346.96164728224437
240810.KQ,240810,KOSDAQ,원익IPS,KRLEVEL_RR|240810|4T|2170|2172|2173,2170,2172,2173,22425.0,4,21350.0,22500.0,21267.81014800763,328.7594079694756
240810.KQ,240810,KOSDAQ,원익IPS,KRLEVEL_RR|240810|3T|2316|2317|2318,2316,2317,2318,26150.0,3,25200.0,26100.0,25107.23141103978,371.07435584088785
240810.KQ,240810,KOSDAQ,원익IPS,KRLEVEL_RR|240810|4T|2336|2339|2340,2336,2339,2340,26175.0,4,25250.0,25750.0,25158.961671405446,364.1533143782081
240810.KQ,240810,KOSDAQ,원익IPS,KRLEVEL_RR|240810|2T|2481|2482|2484,2481,2482,2484,22575.0,2,22200.0,22550.0,22136.56151160848,253.75395356607746
240810.KQ,240810,KOSDAQ,원익IPS,KRLEVEL_RR|240810|3T|2547|2553|2555,2547,2553,2555,22950.0,3,21650.0,22800.0,21576.033426535116,295.8662938595442
240810.KQ,240810,KOSDAQ,원익IPS,KRLEVEL_RR|240810|2T|2622|2624|2625,2622,2624,2625,22425.0,2,21200.0,22150.0,21123.60240875004,305.59036499983273
240810.KQ,240810,KOSDAQ,원익IPS,KRLEVEL_RR|240810|7T|2636|2640|2642,2636,2640,2642,23200.0,7,22500.0,23100.0,22416.998593799617,332.00562480152945
240810.KQ,240810,KOSDAQ,원익IPS,KRLEVEL_RR|240810|3T|2714|2715|2717,2714,2715,2717,26200.0,3,25500.0,26200.0,25400.244329380494,399.0226824780195
240810.KQ,240810,KOSDAQ,원익IPS,KRLEVEL_RR|240810|2T|2802|2806|2807,2802,2806,2807,27950.0,2,27800.0,28000.0,27702.537661812745,389.84935274902494
240810.KQ,240810,KOSDAQ,원익IPS,KRLEVEL_RR|240810|2T|2859|2860|2862,2859,2860,2862,29125.0,2,27250.0,29250.0,27099.60484902022,601.5806039191202
240810.KQ,240810,KOSDAQ,원익IPS,KRLEVEL_RR|240810|2T|3032|3036|3038,3032,3036,3038,39550.0,2,38300.0,39200.0,38143.06794171135,627.7282331545941
240810.KQ,240810,KOSDAQ,원익IPS,KRLEVEL_RR|240810|3T|3080|3083|3084,3080,3083,3084,45450.0,3,43550.0,45300.0,43392.76974035474,628.9210385810195
240810.KQ,240810,KOSDAQ,원익IPS,KRLEVEL_RR|240810|3T|3100|3101|3102,3100,3101,3102,45450.0,3,44550.0,45400.0,44382.60679471356,669.5728211457738
240810.KQ,240810,KOSDAQ,원익IPS,KRLEVEL_RR|240810|4T|3122|3123|3124,3122,3123,3124,45125.0,4,43650.0,45100.0,43465.88258836473,736.4696465410887
240810.KQ,240810,KOSDAQ,원익IPS,KRLEVEL_RR|240810|2T|3182|3187|3188,3182,3187,3188,55000.0,2,53100.0,54600.0,52803.71304781999,1185.147808720049
240810.KQ,240810,KOSDAQ,원익IPS,KRLEVEL_RR|240810|2T|3202|3203|3205,3202,3203,3205,57900.0,2,54500.0,57800.0,54225.161840604174,1099.3526375833055
240810.KQ,240810,KOSDAQ,원익IPS,KRLEVEL_RR|240810|2T|3273|3276|3278,3273,3276,3278,69150.0,2,61900.0,67800.0,61365.061543008036,2139.753827967853
240810.KQ,240810,KOSDAQ,원익IPS,KRLEVEL_RR|240810|5T|3391|3394|3395,3391,3394,3395,61700.0,5,59700.0,61400.0,59484.01435108917,863.9425956433242
240810.KQ,240810,KOSDAQ,원익IPS,KRLEVEL_RR|240810|5T|3414|3418|3419,3414,3418,3419,61700.0,5,61000.0,61400.0,60766.000544186434,935.9978232542524
240810.KQ,240810,KOSDAQ,원익IPS,KRLEVEL_RR|240810|8T|3435|3436|3438,3435,3436,3438,62500.0,8,59600.0,62500.0,59341.89898159208,1032.4040736316779
240810.KQ,240810,KOSDAQ,원익IPS,KRLEVEL_RR|240810|7T|3452|3453|3455,3452,3453,3455,61700.0,7,55400.0,61900.0,55064.07448156417,1343.7020737433202
240810.KQ,240810,KOSDAQ,원익IPS,KRLEVEL_RR|240810|3T|3479|3480|3481,3479,3480,3481,64700.0,3,62200.0,64600.0,61825.214247371914,1499.143010512352
240810.KQ,240810,KOSDAQ,원익IPS,KRLEVEL_RR|240810|3T|3533|3535|3537,3533,3535,3537,76500.0,3,71800.0,76000.0,71434.43585508641,1462.256579654339
240810.KQ,240810,KOSDAQ,원익IPS,KRLEVEL_RR|240810|3T|3568|3571|3573,3568,3571,3573,76500.0,3,71900.0,76000.0,71521.30040735606,1514.7983705757745
240810.KQ,240810,KOSDAQ,원익IPS,KRLEVEL_RR|240810|3T|3676|3677|3678,3676,3677,3678,115600.0,3,108100.0,112600.0,107385.66772578827,2857.3290968468987
240810.KQ,240810,KOSDAQ,원익IPS,KRLEVEL_RR|240810|4T|3762|3764|3766,3762,3764,3766,117600.0,4,117000.0,118000.0,116235.61056005298,3057.5577597880715
240810.KQ,240810,KOSDAQ,원익IPS,KRLEVEL_RR|240810|2T|3787|3790|3792,3787,3790,3792,121700.0,2,119800.0,120700.0,119251.91977521025,2192.320899159008
240810.KQ,240810,KOSDAQ,원익IPS,KRLEVEL_RR|240810|4T|3841|3842|3843,3841,3842,3843,114900.0,4,108200.0,114700.0,107429.04815376578,3083.807384936911
240810.KQ,240810,KOSDAQ,원익IPS,KRLEVEL_RR|240810|2T|3869|3871|3873,3869,3871,3873,118500.0,2,111600.0,118100.0,110888.30866470315,2846.7653411874167
240810.KQ,240810,KOSDAQ,원익IPS,KRLEVEL_RR|240810|3T|3899|3902|3903,3899,3902,3903,121900.0,3,119500.0,121600.0,118992.8087095938,2028.7651616248381
240810.KQ,240810,KOSDAQ,원익IPS,KRLEVEL_RR|240810|3T|3918|3920|3922,3918,3920,3922,121900.0,3,118700.0,121600.0,118310.13425528593,1559.4629788563152
240810.KQ,240810,KOSDAQ,원익IPS,KRLEVEL_RR|240810|2T|3966|3967|3968,3966,3967,3968,119500.0,2,118200.0,119600.0,117776.26184041293,1694.9526383482573
240810.KQ,240810,KOSDAQ,원익IPS,KRLEVEL_RR|240810|2T|3982|3987|3988,3982,3987,3988,131250.0,2,119500.0,128600.0,118888.25278407762,2446.988863689517
240810.KQ,240810,KOSDAQ,원익IPS,KRLEVEL_RR|240810|4T|4000|4004|4006,4000,4004,4006,125850.0,4,123900.0,125000.0,122817.74947473101,4329.002101075938
240810.KQ,240810,KOSDAQ,원익IPS,KRLEVEL_RR|240810|4T|4085|4090|4092,4085,4090,4092,126650.0,4,101400.0,127200.0,100246.47486765611,4614.100529375568
240810.KQ,240810,KOSDAQ,원익IPS,KRLEVEL_RR|240810|5T|4107|4108|4109,4107,4108,4109,119200.0,5,107100.0,118200.0,105556.39896449089,6174.404142036444
240810.KQ,240810,KOSDAQ,원익IPS,KRLEVEL_RR|240810|2T|4188|4192|4193,4188,4192,4193,162150.0,2,143000.0,156800.0,140927.11288580424,8291.548456783014
240810.KQ,240810,KOSDAQ,원익IPS,KRLEVEL_RR|240810|2T|4292|4293|4294,4292,4293,4294,110425.0,2,109000.0,111500.0,107846.73517739403,4613.059290423854
141080.KQ,141080,KOSDAQ,리가켐바이오,KRLEVEL_RR|141080|2T|241|245|247,241,245,247,37800.0,2,37250.0,37650.0,37112.26770915967,550.9291633613087
141080.KQ,141080,KOSDAQ,리가켐바이오,KRLEVEL_RR|141080|6T|298|302|304,298,302,304,35175.0,6,33950.0,35000.0,33810.514054075844,557.9437836966238
141080.KQ,141080,KOSDAQ,리가켐바이오,KRLEVEL_RR|141080|2T|317|319|320,317,319,320,35850.0,2,35350.0,35850.0,35181.99748045755,672.0100781698036
141080.KQ,141080,KOSDAQ,리가켐바이오,KRLEVEL_RR|141080|4T|332|334|336,332,334,336,37200.0,4,36050.0,37150.0,35905.190630225494,579.2374790980126
141080.KQ,141080,KOSDAQ,리가켐바이오,KRLEVEL_RR|141080|3T|394|400|401,394,400,401,43700.0,3,40500.0,43750.0,40286.27505761801,854.8997695279396
141080.KQ,141080,KOSDAQ,리가켐바이오,KRLEVEL_RR|141080|2T|416|417|418,416,417,418,44925.0,2,44100.0,45050.0,43908.62415739121,765.5033704351522
141080.KQ,141080,KOSDAQ,리가켐바이오,KRLEVEL_RR|141080|3T|537|542|544,537,542,544,46350.0,3,46250.0,46350.0,46090.18179170578,639.272833176877
141080.KQ,141080,KOSDAQ,리가켐바이오,KRLEVEL_RR|141080|2T|659|662|664,659,662,664,51150.0,2,48350.0,51400.0,47997.111529753,1411.5538809880093
141080.KQ,141080,KOSDAQ,리가켐바이오,KRLEVEL_RR|141080|2T|676|678|680,676,678,680,51150.0,2,50600.0,51000.0,50338.71684184128,1045.1326326348892
141080.KQ,141080,KOSDAQ,리가켐바이오,KRLEVEL_RR|141080|2T|694|698|699,694,698,699,51150.0,2,50800.0,51200.0,50550.65916380647,997.3633447741249
141080.KQ,141080,KOSDAQ,리가켐바이오,KRLEVEL_RR|141080|2T|729|730|731,729,730,731,47250.0,2,46350.0,47050.0,46150.6149403608,797.5402385567977
141080.KQ,141080,KOSDAQ,리가켐바이오,KRLEVEL_RR|141080|2T|747|750|752,747,750,752,51350.0,2,47500.0,51000.0,47263.1287296782,947.4850812871949
141080.KQ,141080,KOSDAQ,리가켐바이오,KRLEVEL_RR|141080|5T|778|783|784,778,783,784,52500.0,5,51900.0,52100.0,51619.59258891425,1121.629644343002
141080.KQ,141080,KOSDAQ,리가켐바이오,KRLEVEL_RR|141080|2T|796|797|798,796,797,798,56600.0,2,53500.0,56200.0,53120.07583549399,1519.6966580240332
141080.KQ,141080,KOSDAQ,리가켐바이오,KRLEVEL_RR|141080|2T|814|818|820,814,818,820,54200.0,2,53000.0,53600.0,52654.49972330601,1382.0011067759551
141080.KQ,141080,KOSDAQ,리가켐바이오,KRLEVEL_RR|141080|4T|905|909|910,905,909,910,71550.0,4,69800.0,71800.0,69412.53232617486,1549.870695300573
141080.KQ,141080,KOSDAQ,리가켐바이오,KRLEVEL_RR|141080|2T|988|990|992,988,990,992,63550.0,2,60700.0,63000.0,60383.01535918497,1267.9385632601434
141080.KQ,141080,KOSDAQ,리가켐바이오,KRLEVEL_RR|141080|3T|1018|1021|1023,1018,1021,1023,63600.0,3,60100.0,62700.0,59780.43181520315,1278.2727391873993
141080.KQ,141080,KOSDAQ,리가켐바이오,KRLEVEL_RR|141080|4T|1069|1070|1072,1069,1070,1072,68150.0,4,66600.0,67900.0,66314.14986769059,1143.4005292376546
141080.KQ,141080,KOSDAQ,리가켐바이오,KRLEVEL_RR|141080|5T|1124|1125|1126,1124,1125,1126,68100.0,5,63000.0,68100.0,62672.60139842981,1309.594406280743
141080.KQ,141080,KOSDAQ,리가켐바이오,KRLEVEL_RR|141080|5T|1175|1176|1177,1175,1176,1177,63900.0,5,61900.0,63500.0,61574.642047969435,1301.4318081222714
141080.KQ,141080,KOSDAQ,리가켐바이오,KRLEVEL_RR|141080|7T|1194|1195|1196,1194,1195,1196,68200.0,7,65100.0,67700.0,64780.968304618604,1276.1267815255871
141080.KQ,141080,KOSDAQ,리가켐바이오,KRLEVEL_RR|141080|2T|1250|1251|1252,1250,1251,1252,64500.0,2,62100.0,64500.0,61803.50600416304,1185.9759833478374
141080.KQ,141080,KOSDAQ,리가켐바이오,KRLEVEL_RR|141080|2T|1281|1283|1285,1281,1283,1285,73950.0,2,70900.0,72800.0,70491.37877972721,1634.4848810911503
141080.KQ,141080,KOSDAQ,리가켐바이오,KRLEVEL_RR|141080|3T|1311|1316|1317,1311,1316,1317,70400.0,3,69700.0,70000.0,69315.53296528851,1537.8681388459436
141080.KQ,141080,KOSDAQ,리가켐바이오,KRLEVEL_RR|141080|2T|1388|1391|1392,1388,1391,1392,77400.0,2,75500.0,77300.0,75077.5988029428,1689.604788228824
141080.KQ,141080,KOSDAQ,리가켐바이오,KRLEVEL_RR|141080|4T|1414|1419|1420,1414,1419,1420,80750.0,4,80500.0,80600.0,80086.62261096961,1653.5095561215178
141080.KQ,141080,KOSDAQ,리가켐바이오,KRLEVEL_RR|141080|5T|1460|1461|1462,1460,1461,1462,80700.0,5,66900.0,80500.0,66056.76505784658,3372.939768613651
141080.KQ,141080,KOSDAQ,리가켐바이오,KRLEVEL_RR|141080|2T|1473|1479|1481,1473,1479,1481,89850.0,2,86400.0,89400.0,85772.6010111361,2509.595955455594
141080.KQ,141080,KOSDAQ,리가켐바이오,KRLEVEL_RR|141080|2T|1507|1508|1509,1507,1508,1509,92900.0,2,90500.0,92500.0,90098.64720577258,1605.411176909664
141080.KQ,141080,KOSDAQ,리가켐바이오,KRLEVEL_RR|141080|3T|1529|1530|1531,1529,1530,1531,91700.0,3,87700.0,91600.0,87304.17498068973,1583.3000772410942
141080.KQ,141080,KOSDAQ,리가켐바이오,KRLEVEL_RR|141080|3T|1544|1547|1549,1544,1547,1549,95000.0,3,88400.0,94200.0,87967.16747820588,1731.3300871764766
141080.KQ,141080,KOSDAQ,리가켐바이오,KRLEVEL_RR|141080|3T|1592|1593|1595,1592,1593,1595,83300.0,3,79400.0,83100.0,78853.25102283849,2186.9959086460003
141080.KQ,141080,KOSDAQ,리가켐바이오,KRLEVEL_RR|141080|2T|1617|1619|1620,1617,1619,1620,87400.0,2,83200.0,87300.0,82812.78799313873,1548.8480274450649
141080.KQ,141080,KOSDAQ,리가켐바이오,KRLEVEL_RR|141080|2T|1714|1717|1718,1714,1717,1718,124500.0,2,118500.0,123500.0,117880.98155480564,2476.073780777458
141080.KQ,141080,KOSDAQ,리가켐바이오,KRLEVEL_RR|141080|2T|1756|1757|1758,1756,1757,1758,127450.0,2,120200.0,128000.0,119275.86946190798,3696.522152368107
141080.KQ,141080,KOSDAQ,리가켐바이오,KRLEVEL_RR|141080|2T|1774|1776|1777,1774,1776,1777,127450.0,2,124600.0,126100.0,123944.40940121628,2622.362395134898
141080.KQ,141080,KOSDAQ,리가켐바이오,KRLEVEL_RR|141080|2T|1799|1800|1801,1799,1800,1801,127450.0,2,123700.0,128000.0,122901.38354884379,3194.465804624854
141080.KQ,141080,KOSDAQ,리가켐바이오,KRLEVEL_RR|141080|3T|1822|1826|1828,1822,1826,1828,127500.0,3,119300.0,124000.0,118321.87592639725,3912.4962944110002
141080.KQ,141080,KOSDAQ,리가켐바이오,KRLEVEL_RR|141080|5T|1923|1924|1925,1923,1924,1925,101200.0,5,94400.0,101800.0,93778.13946658754,2487.4421336498253
141080.KQ,141080,KOSDAQ,리가켐바이오,KRLEVEL_RR|141080|2T|1963|1964|1965,1963,1964,1965,108100.0,2,100600.0,108100.0,99962.67789683807,2549.28841264773
141080.KQ,141080,KOSDAQ,리가켐바이오,KRLEVEL_RR|141080|3T|2015|2016|2017,2015,2016,2017,98900.0,3,92000.0,98600.0,91482.08714998225,2071.651400071003
141080.KQ,141080,KOSDAQ,리가켐바이오,KRLEVEL_RR|141080|3T|2031|2035|2037,2031,2035,2037,109300.0,3,102300.0,109100.0,101665.82500880152,2536.6999647939
141080.KQ,141080,KOSDAQ,리가켐바이오,KRLEVEL_RR|141080|3T|2106|2107|2108,2106,2107,2108,121300.0,3,118000.0,120700.0,117460.25549407072,2158.9780237171253
141080.KQ,141080,KOSDAQ,리가켐바이오,KRLEVEL_RR|141080|4T|2133|2134|2135,2133,2134,2135,121300.0,4,117600.0,121200.0,117159.69729795319,1761.2108081872366
141080.KQ,141080,KOSDAQ,리가켐바이오,KRLEVEL_RR|141080|4T|2436|2437|2438,2436,2437,2438,108300.0,4,98200.0,107400.0,97676.43614163835,2094.255433446592
141080.KQ,141080,KOSDAQ,리가켐바이오,KRLEVEL_RR|141080|2T|2474|2476|2478,2474,2476,2478,111650.0,2,104500.0,111000.0,104016.02209577514,1935.9116168994178
141080.KQ,141080,KOSDAQ,리가켐바이오,KRLEVEL_RR|141080|3T|2506|2508|2509,2506,2508,2509,107300.0,3,104300.0,106800.0,103850.76478027308,1796.940878907677
141080.KQ,141080,KOSDAQ,리가켐바이오,KRLEVEL_RR|141080|2T|2544|2545|2546,2544,2545,2546,96850.0,2,94000.0,97100.0,93604.39437105277,1582.4225157889134
141080.KQ,141080,KOSDAQ,리가켐바이오,KRLEVEL_RR|141080|2T|2558|2560|2562,2558,2560,2562,100150.0,2,95200.0,100500.0,94742.59721850211,1829.6111259915667
141080.KQ,141080,KOSDAQ,리가켐바이오,KRLEVEL_RR|141080|2T|2579|2580|2582,2579,2580,2582,107600.0,2,99000.0,106900.0,98555.21997088396,1779.12011646413
141080.KQ,141080,KOSDAQ,리가켐바이오,KRLEVEL_RR|141080|2T|2607|2608|2609,2607,2608,2609,113250.0,2,109700.0,113600.0,109279.18770529915,1683.249178803402
141080.KQ,141080,KOSDAQ,리가켐바이오,KRLEVEL_RR|141080|2T|2620|2622|2624,2620,2622,2624,114750.0,2,113700.0,114200.0,113290.56820370977,1637.727185160922
141080.KQ,141080,KOSDAQ,리가켐바이오,KRLEVEL_RR|141080|2T|2652|2653|2654,2652,2653,2654,109550.0,2,105700.0,109200.0,105270.39352856352,1718.425885745933
141080.KQ,141080,KOSDAQ,리가켐바이오,KRLEVEL_RR|141080|2T|2665|2669|2671,2665,2669,2671,117000.0,2,105700.0,116600.0,105268.16417941161,1727.3432823535582
141080.KQ,141080,KOSDAQ,리가켐바이오,KRLEVEL_RR|141080|2T|2714|2718|2720,2714,2718,2720,108150.0,2,105800.0,107400.0,105336.54981884926,1853.8007246029706
141080.KQ,141080,KOSDAQ,리가켐바이오,KRLEVEL_RR|141080|4T|2748|2751|2752,2748,2751,2752,115600.0,4,112400.0,114300.0,111722.92546878828,2708.298124846913
141080.KQ,141080,KOSDAQ,리가켐바이오,KRLEVEL_RR|141080|3T|2776|2778|2780,2776,2778,2780,119400.0,3,118000.0,119300.0,117407.49080627042,2370.0367749183238
141080.KQ,141080,KOSDAQ,리가켐바이오,KRLEVEL_RR|141080|2T|2822|2826|2827,2822,2826,2827,142800.0,2,132900.0,139100.0,131921.0969640153,3915.612143938778
141080.KQ,141080,KOSDAQ,리가켐바이오,KRLEVEL_RR|141080|3T|2894|2899|2901,2894,2899,2901,138900.0,3,126900.0,138400.0,126056.9841824624,3372.063270150399
141080.KQ,141080,KOSDAQ,리가켐바이오,KRLEVEL_RR|141080|2T|2978|2982|2984,2978,2982,2984,148750.0,2,139500.0,149300.0,138920.84664348848,2316.613426046108
141080.KQ,141080,KOSDAQ,리가켐바이오,KRLEVEL_RR|141080|2T|3010|3011|3012,3010,3011,3012,144100.0,2,139500.0,144200.0,138930.93951486773,2276.2419405291243
141080.KQ,141080,KOSDAQ,리가켐바이오,KRLEVEL_RR|141080|9T|3029|3030|3032,3029,3030,3032,151600.0,9,148100.0,151600.0,147490.84532304958,2436.6187078016346
141080.KQ,141080,KOSDAQ,리가켐바이오,KRLEVEL_RR|141080|3T|3050|3052|3053,3050,3052,3053,153900.0,3,149200.0,151300.0,148489.93987927385,2840.2404829046345
141080.KQ,141080,KOSDAQ,리가켐바이오,KRLEVEL_RR|141080|12T|3086|3089|3090,3086,3089,3090,151900.0,12,146700.0,150000.0,146123.17229073212,2307.310837071559
141080.KQ,141080,KOSDAQ,리가켐바이오,KRLEVEL_RR|141080|2T|3145|3148|3150,3145,3148,3150,149700.0,2,146700.0,148800.0,146197.6641609783,2009.3433560868118
141080.KQ,141080,KOSDAQ,리가켐바이오,KRLEVEL_RR|141080|3T|3212|3213|3215,3212,3213,3215,139000.0,3,132200.0,139500.0,131685.71588088677,2057.136476452969
141080.KQ,141080,KOSDAQ,리가켐바이오,KRLEVEL_RR|141080|2T|3242|3244|3245,3242,3244,3245,146600.0,2,139300.0,144800.0,138793.92952803196,2024.281887872125
141080.KQ,141080,KOSDAQ,리가켐바이오,KRLEVEL_RR|141080|8T|3256|3261|3263,3256,3261,3263,151950.0,8,144600.0,152500.0,143729.0440010417,3483.8239958332233
141080.KQ,141080,KOSDAQ,리가켐바이오,KRLEVEL_RR|141080|3T|3284|3285|3286,3284,3285,3286,149600.0,3,143100.0,149500.0,142088.37617168936,4046.4953132425007
141080.KQ,141080,KOSDAQ,리가켐바이오,KRLEVEL_RR|141080|2T|3379|3382|3383,3379,3382,3383,193200.0,2,189300.0,193300.0,188467.43937456695,3330.242501732226
141080.KQ,141080,KOSDAQ,리가켐바이오,KRLEVEL_RR|141080|2T|3407|3408|3409,3407,3408,3409,188100.0,2,180600.0,188000.0,179868.49160659057,2926.0335736376865
141080.KQ,141080,KOSDAQ,리가켐바이오,KRLEVEL_RR|141080|2T|3492|3493|3495,3492,3493,3495,174300.0,2,169600.0,173800.0,168931.70542575276,2673.178296988931
141080.KQ,141080,KOSDAQ,리가켐바이오,KRLEVEL_RR|141080|3T|3506|3509|3510,3506,3509,3510,178000.0,3,173500.0,177900.0,172784.45198467484,2862.1920613006664
141080.KQ,141080,KOSDAQ,리가켐바이오,KRLEVEL_RR|141080|5T|3581|3583|3584,3581,3583,3584,181500.0,5,141600.0,181100.0,140258.99395942455,5364.024162301744
141080.KQ,141080,KOSDAQ,리가켐바이오,KRLEVEL_RR|141080|3T|3615|3616|3617,3615,3616,3617,191500.0,3,190200.0,191500.0,188373.14528173546,7307.41887305821
141080.KQ,141080,KOSDAQ,리가켐바이오,KRLEVEL_RR|141080|5T|3641|3644|3646,3641,3644,3646,174400.0,5,168400.0,173000.0,167312.76368997165,4348.945240113473
141080.KQ,141080,KOSDAQ,리가켐바이오,KRLEVEL_RR|141080|4T|3660|3661|3663,3660,3661,3663,178700.0,4,177200.0,179200.0,176336.52573303715,3453.897067851424
141080.KQ,141080,KOSDAQ,리가켐바이오,KRLEVEL_RR|141080|3T|3689|3693|3694,3689,3693,3694,183300.0,3,173100.0,181700.0,172271.22427503497,3315.1028998601255
141080.KQ,141080,KOSDAQ,리가켐바이오,KRLEVEL_RR|141080|4T|3706|3708|3709,3706,3708,3709,186500.0,4,179000.0,186300.0,178138.06535202952,3447.7385918819637
141080.KQ,141080,KOSDAQ,리가켐바이오,KRLEVEL_RR|141080|8T|3727|3728|3729,3727,3728,3729,187400.0,8,159900.0,187000.0,157929.99366103605,7880.0253558558325
141080.KQ,141080,KOSDAQ,리가켐바이오,KRLEVEL_RR|141080|3T|3749|3753|3755,3749,3753,3755,183300.0,3,181000.0,183700.0,179423.8082550473,6304.7669798107345
141080.KQ,141080,KOSDAQ,리가켐바이오,KRLEVEL_RR|141080|2T|3803|3805|3807,3803,3805,3807,199350.0,2,196800.0,198900.0,195363.71377674618,5745.144893015217
141080.KQ,141080,KOSDAQ,리가켐바이오,KRLEVEL_RR|141080|2T|3834|3840|3841,3834,3840,3841,199350.0,2,194200.0,199000.0,192687.6696518066,6049.321392773679
141080.KQ,141080,KOSDAQ,리가켐바이오,KRLEVEL_RR|141080|2T|3875|3876|3878,3875,3876,3878,182800.0,2,171100.0,179400.0,169910.4110216785,4758.355913285928
141080.KQ,141080,KOSDAQ,리가켐바이오,KRLEVEL_RR|141080|2T|3891|3892|3893,3891,3892,3893,189200.0,2,181100.0,188800.0,180022.35055001723,4310.59779993105
141080.KQ,141080,KOSDAQ,리가켐바이오,KRLEVEL_RR|141080|5T|3948|3949|3950,3948,3949,3950,199500.0,5,199000.0,199900.0,197761.72649659,4953.0940136399495
141080.KQ,141080,KOSDAQ,리가켐바이오,KRLEVEL_RR|141080|4T|3995|3996|3998,3995,3996,3998,190850.0,4,178700.0,187900.0,177029.10153779102,6683.593848835948
141080.KQ,141080,KOSDAQ,리가켐바이오,KRLEVEL_RR|141080|3T|4137|4139|4140,4137,4139,4140,139800.0,3,130100.0,137200.0,128952.75098138294,4588.996074468223
141080.KQ,141080,KOSDAQ,리가켐바이오,KRLEVEL_RR|141080|3T|4163|4168|4169,4163,4168,4169,139800.0,3,130500.0,136900.0,129033.44159062969,5866.233637481242
000250.KQ,000250,KOSDAQ,삼천당제약,KRLEVEL_RR|000250|4T|425|428|429,425,428,429,70100.0,4,61100.0,69700.0,60526.12838936028,2295.4864425588744
000250.KQ,000250,KOSDAQ,삼천당제약,KRLEVEL_RR|000250|4T|446|447|448,446,447,448,66550.0,4,63900.0,66800.0,63484.38390089611,1662.4643964155753
000250.KQ,000250,KOSDAQ,삼천당제약,KRLEVEL_RR|000250|2T|460|465|466,460,465,466,71700.0,2,70200.0,72100.0,69798.82434859798,1604.702605608109
000250.KQ,000250,KOSDAQ,삼천당제약,KRLEVEL_RR|000250|4T|503|505|507,503,505,507,66550.0,4,66500.0,66600.0,66226.09051511296,1095.637939548156
000250.KQ,000250,KOSDAQ,삼천당제약,KRLEVEL_RR|000250|4T|533|534|535,533,534,535,67550.0,4,65600.0,67300.0,65359.984757048325,960.0609718067022
000250.KQ,000250,KOSDAQ,삼천당제약,KRLEVEL_RR|000250|2T|549|555|557,549,555,557,71400.0,2,69300.0,71300.0,68987.69535563003,1249.2185774798616
000250.KQ,000250,KOSDAQ,삼천당제약,KRLEVEL_RR|000250|6T|570|571|573,570,571,573,74000.0,6,70600.0,74200.0,70276.31579667788,1294.73681328848
000250.KQ,000250,KOSDAQ,삼천당제약,KRLEVEL_RR|000250|2T|594|596|598,594,596,598,75100.0,2,73000.0,74600.0,72639.42324010796,1442.3070395681532
000250.KQ,000250,KOSDAQ,삼천당제약,KRLEVEL_RR|000250|4T|748|749|751,748,749,751,69350.0,4,64100.0,69200.0,63786.39406310896,1254.4237475641721
000250.KQ,000250,KOSDAQ,삼천당제약,KRLEVEL_RR|000250|2T|796|798|799,796,798,799,72900.0,2,68300.0,73000.0,67895.60185052344,1617.5925979062167
000250.KQ,000250,KOSDAQ,삼천당제약,KRLEVEL_RR|000250|3T|812|813|814,812,813,814,71100.0,3,68400.0,71200.0,67965.43617992607,1738.2552802957564
000250.KQ,000250,KOSDAQ,삼천당제약,KRLEVEL_RR|000250|2T|825|827|829,825,827,829,74800.0,2,71300.0,74900.0,70893.95177747295,1624.1928901081887
000250.KQ,000250,KOSDAQ,삼천당제약,KRLEVEL_RR|000250|2T|862|863|865,862,863,865,80250.0,2,77000.0,80000.0,76560.62797638272,1757.4880944690963
000250.KQ,000250,KOSDAQ,삼천당제약,KRLEVEL_RR|000250|3T|885|888|890,885,888,890,83700.0,3,77500.0,84000.0,76975.21087720872,2099.156491165094
000250.KQ,000250,KOSDAQ,삼천당제약,KRLEVEL_RR|000250|2T|905|906|907,905,906,907,88800.0,2,84700.0,89200.0,84241.39739698955,1834.4104120417917
000250.KQ,000250,KOSDAQ,삼천당제약,KRLEVEL_RR|000250|2T|1036|1037|1038,1036,1037,1038,103650.0,2,99300.0,103100.0,98607.77846406482,2768.886143740735
000250.KQ,000250,KOSDAQ,삼천당제약,KRLEVEL_RR|000250|2T|1059|1061|1062,1059,1061,1062,103650.0,2,103300.0,103800.0,102752.3474209496,2190.6103162015884
000250.KQ,000250,KOSDAQ,삼천당제약,KRLEVEL_RR|000250|3T|1108|1112|1114,1108,1112,1114,113500.0,3,108400.0,113100.0,107786.844793322,2452.620826712001
000250.KQ,000250,KOSDAQ,삼천당제약,KRLEVEL_RR|000250|3T|1131|1136|1137,1131,1136,1137,113500.0,3,110400.0,113500.0,109855.80198166394,2176.792073344243
000250.KQ,000250,KOSDAQ,삼천당제약,KRLEVEL_RR|000250|3T|1180|1184|1185,1180,1184,1185,103400.0,3,99200.0,103000.0,98403.90407322114,3184.3837071154544
000250.KQ,000250,KOSDAQ,삼천당제약,KRLEVEL_RR|000250|2T|1217|1218|1219,1217,1218,1219,120950.0,2,118900.0,121400.0,118240.73261642289,2637.0695343084544
000250.KQ,000250,KOSDAQ,삼천당제약,KRLEVEL_RR|000250|2T|1246|1249|1250,1246,1249,1250,124200.0,2,124200.0,124500.0,123249.35030119424,3802.598795223041
000250.KQ,000250,KOSDAQ,삼천당제약,KRLEVEL_RR|000250|3T|1308|1309|1311,1308,1309,1311,149400.0,3,143000.0,150300.0,141745.0550982565,5019.779606973971
000250.KQ,000250,KOSDAQ,삼천당제약,KRLEVEL_RR|000250|2T|1459|1460|1462,1459,1460,1462,158700.0,2,145500.0,158800.0,144307.57875836073,4769.684966557108
000250.KQ,000250,KOSDAQ,삼천당제약,KRLEVEL_RR|000250|2T|1498|1499|1500,1498,1499,1500,158700.0,2,150000.0,157600.0,149147.22022598004,3411.119096079787
000250.KQ,000250,KOSDAQ,삼천당제약,KRLEVEL_RR|000250|2T|1541|1542|1544,1541,1542,1544,151500.0,2,138400.0,152000.0,137546.15710557037,3415.3715777185703
000250.KQ,000250,KOSDAQ,삼천당제약,KRLEVEL_RR|000250|4T|1558|1561|1563,1558,1561,1563,155400.0,4,149800.0,154300.0,148987.81546113233,3248.738155470752
000250.KQ,000250,KOSDAQ,삼천당제약,KRLEVEL_RR|000250|2T|1675|1676|1678,1675,1676,1678,136550.0,2,134000.0,136700.0,133157.60061548837,3369.5975380465698
000250.KQ,000250,KOSDAQ,삼천당제약,KRLEVEL_RR|000250|4T|1699|1700|1701,1699,1700,1701,135100.0,4,127000.0,134800.0,126046.09743190625,3815.6102723749714
000250.KQ,000250,KOSDAQ,삼천당제약,KRLEVEL_RR|000250|2T|1790|1791|1792,1790,1791,1792,132400.0,2,125400.0,127400.0,124555.72813363605,3377.0874654558347
000250.KQ,000250,KOSDAQ,삼천당제약,KRLEVEL_RR|000250|2T|1973|1978|1979,1973,1978,1979,102200.0,2,99600.0,102500.0,99124.0798820232,1903.6804719071947
000250.KQ,000250,KOSDAQ,삼천당제약,KRLEVEL_RR|000250|3T|2050|2051|2052,2050,2051,2052,152300.0,3,146800.0,153200.0,145902.89793810665,3588.4082475734126
000250.KQ,000250,KOSDAQ,삼천당제약,KRLEVEL_RR|000250|2T|2068|2070|2071,2068,2070,2071,162700.0,2,158800.0,163000.0,157791.51869312,4033.925227520067
000250.KQ,000250,KOSDAQ,삼천당제약,KRLEVEL_RR|000250|2T|2085|2086|2087,2085,2086,2087,162700.0,2,158000.0,163500.0,157161.6283195455,3353.4867218179766
000250.KQ,000250,KOSDAQ,삼천당제약,KRLEVEL_RR|000250|4T|2125|2127|2128,2125,2127,2128,166550.0,4,160500.0,167500.0,159451.91708659672,4192.331653613077
000250.KQ,000250,KOSDAQ,삼천당제약,KRLEVEL_RR|000250|9T|2235|2239|2241,2235,2239,2241,184100.0,9,177300.0,184300.0,176499.2713076796,3202.9147692816673
000250.KQ,000250,KOSDAQ,삼천당제약,KRLEVEL_RR|000250|3T|2270|2275|2276,2270,2275,2276,191500.0,3,175500.0,191700.0,174510.6390196097,3957.4439215612056
000250.KQ,000250,KOSDAQ,삼천당제약,KRLEVEL_RR|000250|3T|2297|2298|2300,2297,2298,2300,191500.0,3,186400.0,192400.0,185417.81201966683,3928.751921332654
000250.KQ,000250,KOSDAQ,삼천당제약,KRLEVEL_RR|000250|3T|2316|2319|2320,2316,2319,2320,191500.0,3,185500.0,190100.0,184470.4069153327,4118.372338669281
000250.KQ,000250,KOSDAQ,삼천당제약,KRLEVEL_RR|000250|10T|2343|2345|2346,2343,2345,2346,184000.0,10,174200.0,184500.0,173254.66299100846,3781.3480359661708
000250.KQ,000250,KOSDAQ,삼천당제약,KRLEVEL_RR|000250|2T|2401|2402|2403,2401,2402,2403,180750.0,2,170200.0,178000.0,169172.96343886605,4108.146244535799
000250.KQ,000250,KOSDAQ,삼천당제약,KRLEVEL_RR|000250|2T|2546|2552|2553,2546,2552,2553,146450.0,2,135600.0,143200.0,134887.84261874997,2848.6295250000962
000250.KQ,000250,KOSDAQ,삼천당제약,KRLEVEL_RR|000250|2T|2594|2598|2600,2594,2598,2600,146450.0,2,137200.0,146800.0,136477.63764250226,2889.449429990972
000250.KQ,000250,KOSDAQ,삼천당제약,KRLEVEL_RR|000250|2T|2647|2650|2652,2647,2650,2652,151750.0,2,144700.0,151500.0,143943.97586178884,3024.096552844614
000250.KQ,000250,KOSDAQ,삼천당제약,KRLEVEL_RR|000250|2T|2703|2707|2708,2703,2707,2708,166450.0,2,159300.0,165400.0,158560.1297901483,2959.4808394068646
000250.KQ,000250,KOSDAQ,삼천당제약,KRLEVEL_RR|000250|6T|2753|2759|2761,2753,2759,2761,154250.0,6,145200.0,153800.0,144332.53078735812,3469.876850567572
000250.KQ,000250,KOSDAQ,삼천당제약,KRLEVEL_RR|000250|8T|2773|2775|2777,2773,2775,2777,154700.0,8,150800.0,154100.0,150090.3646507541,2838.541396983549
000250.KQ,000250,KOSDAQ,삼천당제약,KRLEVEL_RR|000250|4T|2816|2817|2819,2816,2817,2819,166900.0,4,163000.0,166700.0,162390.33191467542,2438.672341298312
000250.KQ,000250,KOSDAQ,삼천당제약,KRLEVEL_RR|000250|4T|2978|2981|2983,2978,2981,2983,186500.0,4,173400.0,185000.0,172791.20609306055,2435.1756277577733
000250.KQ,000250,KOSDAQ,삼천당제약,KRLEVEL_RR|000250|2T|3024|3030|3031,3024,3030,3031,199350.0,2,182600.0,197300.0,181930.7272694659,2677.090922136403
000250.KQ,000250,KOSDAQ,삼천당제약,KRLEVEL_RR|000250|3T|3042|3043|3044,3042,3043,3044,201500.0,3,197700.0,201000.0,196868.06744514505,3327.730219419779
000250.KQ,000250,KOSDAQ,삼천당제약,KRLEVEL_RR|000250|2T|3078|3084|3086,3078,3084,3086,217500.0,2,206000.0,215500.0,205038.54158760523,3845.833649579046
000250.KQ,000250,KOSDAQ,삼천당제약,KRLEVEL_RR|000250|2T|3180|3186|3188,3180,3186,3188,199350.0,2,197000.0,199200.0,196210.54966166092,3157.801353356279
000250.KQ,000250,KOSDAQ,삼천당제약,KRLEVEL_RR|000250|2T|3208|3211|3212,3208,3211,3212,199350.0,2,198600.0,199400.0,197662.62106083814,3749.5157566474245
000250.KQ,000250,KOSDAQ,삼천당제약,KRLEVEL_RR|000250|3T|3225|3226|3228,3225,3226,3228,217500.0,3,214500.0,216500.0,213474.88858076493,4100.445676940268
000250.KQ,000250,KOSDAQ,삼천당제약,KRLEVEL_RR|000250|3T|3292|3293|3295,3292,3293,3295,230000.0,3,214500.0,228500.0,213308.23424043614,4767.063038255407
000250.KQ,000250,KOSDAQ,삼천당제약,KRLEVEL_RR|000250|6T|3361|3364|3365,3361,3364,3365,221750.0,6,205500.0,222000.0,204273.99589985324,4904.016400587079
000250.KQ,000250,KOSDAQ,삼천당제약,KRLEVEL_RR|000250|2T|3376|3381|3382,3376,3381,3382,222875.0,2,218500.0,222500.0,217549.70647159067,3801.1741136372502
000250.KQ,000250,KOSDAQ,삼천당제약,KRLEVEL_RR|000250|4T|3443|3444|3445,3443,3444,3445,222125.0,4,221500.0,223000.0,220247.63713741972,5009.4514503211785
000250.KQ,000250,KOSDAQ,삼천당제약,KRLEVEL_RR|000250|2T|3479|3483|3485,3479,3483,3485,230500.0,2,212500.0,230500.0,211478.5103602712,4085.9585589152084
000250.KQ,000250,KOSDAQ,삼천당제약,KRLEVEL_RR|000250|3T|3520|3521|3522,3520,3521,3522,243500.0,3,235000.0,243500.0,233092.34553973406,7630.617841063803
000250.KQ,000250,KOSDAQ,삼천당제약,KRLEVEL_RR|000250|4T|3550|3553|3554,3550,3553,3554,271000.0,4,247000.0,271000.0,244584.51908184492,9661.923672620302
000250.KQ,000250,KOSDAQ,삼천당제약,KRLEVEL_RR|000250|2T|3572|3573|3574,3572,3573,3574,294500.0,2,256000.0,295000.0,252873.24742937466,12507.010282501327
000250.KQ,000250,KOSDAQ,삼천당제약,KRLEVEL_RR|000250|2T|3744|3747|3749,3744,3747,3749,781000.0,2,703000.0,783000.0,694868.2557831682,32526.976867327103
000250.KQ,000250,KOSDAQ,삼천당제약,KRLEVEL_RR|000250|3T|3783|3784|3785,3783,3784,3785,778000.0,3,739000.0,770000.0,733677.5317507304,21289.872997078404
039030.KQ,039030,KOSDAQ,이오테크닉스,KRLEVEL_RR|039030|2T|250|251|252,250,251,252,153100.0,2,144500.0,152600.0,143875.1476778963,2499.409288414762
039030.KQ,039030,KOSDAQ,이오테크닉스,KRLEVEL_RR|039030|3T|330|335|336,330,335,336,141800.0,3,139400.0,142400.0,138493.6318545339,3625.4725818644
039030.KQ,039030,KOSDAQ,이오테크닉스,KRLEVEL_RR|039030|3T|352|358|360,352,358,360,165800.0,3,156800.0,163500.0,155849.01975255721,3803.9209897711735
039030.KQ,039030,KOSDAQ,이오테크닉스,KRLEVEL_RR|039030|3T|390|392|393,390,392,393,161100.0,3,149300.0,161900.0,148423.974579941,3504.101680236104
039030.KQ,039030,KOSDAQ,이오테크닉스,KRLEVEL_RR|039030|2T|411|417|419,411,417,419,160850.0,2,152500.0,160200.0,151652.65682727238,3389.3726909105044
039030.KQ,039030,KOSDAQ,이오테크닉스,KRLEVEL_RR|039030|3T|433|435|437,433,435,437,159200.0,3,157200.0,159100.0,156572.3395660063,2510.64173597482
039030.KQ,039030,KOSDAQ,이오테크닉스,KRLEVEL_RR|039030|2T|525|526|527,525,526,527,146050.0,2,139800.0,146300.0,139428.84260092597,1484.629596296129
039030.KQ,039030,KOSDAQ,이오테크닉스,KRLEVEL_RR|039030|2T|539|541|542,539,541,542,146050.0,2,139800.0,145800.0,139448.43841937513,1406.2463224994356
039030.KQ,039030,KOSDAQ,이오테크닉스,KRLEVEL_RR|039030|2T|593|595|596,593,595,596,151850.0,2,143100.0,151500.0,142529.92493797763,2280.3002480894916
039030.KQ,039030,KOSDAQ,이오테크닉스,KRLEVEL_RR|039030|2T|610|614|615,610,614,615,154650.0,2,143100.0,154000.0,142557.80934814498,2168.7626074201316
039030.KQ,039030,KOSDAQ,이오테크닉스,KRLEVEL_RR|039030|2T|640|643|644,640,643,644,155400.0,2,149400.0,155400.0,148710.24335979903,2759.0265608039226
039030.KQ,039030,KOSDAQ,이오테크닉스,KRLEVEL_RR|039030|2T|727|728|729,727,728,729,175550.0,2,165900.0,175600.0,165040.58863782763,3437.645448689492
039030.KQ,039030,KOSDAQ,이오테크닉스,KRLEVEL_RR|039030|3T|796|798|800,796,798,800,177900.0,3,171000.0,178500.0,170184.9321510301,3260.2713958795675
039030.KQ,039030,KOSDAQ,이오테크닉스,KRLEVEL_RR|039030|2T|888|891|893,888,891,893,179550.0,2,171600.0,179700.0,170636.4765073213,3854.093970714791
039030.KQ,039030,KOSDAQ,이오테크닉스,KRLEVEL_RR|039030|3T|924|925|926,924,925,926,183500.0,3,183200.0,184100.0,182475.5431873786,2897.8272504857096
039030.KQ,039030,KOSDAQ,이오테크닉스,KRLEVEL_RR|039030|2T|986|987|988,986,987,988,255000.0,2,240000.0,255500.0,237851.69515825534,8593.219366978677
039030.KQ,039030,KOSDAQ,이오테크닉스,KRLEVEL_RR|039030|3T|1080|1083|1085,1080,1083,1085,243000.0,3,230500.0,243000.0,229281.76957767675,4872.921689293037
039030.KQ,039030,KOSDAQ,이오테크닉스,KRLEVEL_RR|039030|2T|1129|1130|1131,1129,1130,1131,228500.0,2,217500.0,228000.0,216489.7175761112,4041.1296955551584
039030.KQ,039030,KOSDAQ,이오테크닉스,KRLEVEL_RR|039030|3T|1330|1331|1333,1330,1331,1333,198400.0,3,194100.0,199600.0,192888.95373625567,4844.185054977254
039030.KQ,039030,KOSDAQ,이오테크닉스,KRLEVEL_RR|039030|2T|1344|1346|1348,1344,1346,1348,203250.0,2,197000.0,203000.0,195761.06218703097,4955.751251876117
039030.KQ,039030,KOSDAQ,이오테크닉스,KRLEVEL_RR|039030|4T|1365|1369|1371,1365,1369,1371,206250.0,4,200000.0,205000.0,198975.37801209267,4098.487951629332
039030.KQ,039030,KOSDAQ,이오테크닉스,KRLEVEL_RR|039030|2T|1498|1499|1501,1498,1499,1501,171800.0,2,157700.0,171600.0,156853.95088907893,3384.19644368426
039030.KQ,039030,KOSDAQ,이오테크닉스,KRLEVEL_RR|039030|3T|1543|1544|1546,1543,1544,1546,163800.0,3,157500.0,164200.0,156630.73378180634,3477.0648727745925
039030.KQ,039030,KOSDAQ,이오테크닉스,KRLEVEL_RR|039030|4T|1647|1653|1654,1647,1653,1654,152850.0,4,149400.0,153000.0,148692.3465183187,2830.613926725232
039030.KQ,039030,KOSDAQ,이오테크닉스,KRLEVEL_RR|039030|2T|1678|1683|1684,1678,1683,1684,158700.0,2,147600.0,159200.0,146682.9339508761,3668.2641964956565
039030.KQ,039030,KOSDAQ,이오테크닉스,KRLEVEL_RR|039030|2T|1703|1706|1708,1703,1706,1708,176100.0,2,170800.0,176200.0,169887.86761793497,3648.5295282600723
039030.KQ,039030,KOSDAQ,이오테크닉스,KRLEVEL_RR|039030|4T|1769|1770|1772,1769,1770,1772,169950.0,4,164900.0,170400.0,164169.86113796406,2920.555448143766
039030.KQ,039030,KOSDAQ,이오테크닉스,KRLEVEL_RR|039030|2T|1969|1975|1977,1969,1975,1977,130450.0,2,129600.0,130100.0,128852.83724575111,2988.6510169955704
039030.KQ,039030,KOSDAQ,이오테크닉스,KRLEVEL_RR|039030|2T|1990|1991|1993,1990,1991,1993,136700.0,2,135100.0,136200.0,134400.84940411398,2796.6023835441083
039030.KQ,039030,KOSDAQ,이오테크닉스,KRLEVEL_RR|039030|5T|2030|2035|2036,2030,2035,2036,139300.0,5,130500.0,136600.0,129817.93211709642,2728.2715316142785
039030.KQ,039030,KOSDAQ,이오테크닉스,KRLEVEL_RR|039030|5T|2122|2123|2124,2122,2123,2124,161100.0,5,152600.0,161700.0,151875.06925905895,2899.722963764194
039030.KQ,039030,KOSDAQ,이오테크닉스,KRLEVEL_RR|039030|6T|2162|2163|2164,2162,2163,2164,141800.0,6,135700.0,140000.0,134980.678699279,2877.285202884031
039030.KQ,039030,KOSDAQ,이오테크닉스,KRLEVEL_RR|039030|2T|2176|2177|2179,2176,2177,2179,143700.0,2,141200.0,144000.0,140520.78017765973,2716.879289361026
039030.KQ,039030,KOSDAQ,이오테크닉스,KRLEVEL_RR|039030|2T|2192|2198|2200,2192,2198,2200,142950.0,2,138000.0,141400.0,137395.22857654653,2419.0856938138713
039030.KQ,039030,KOSDAQ,이오테크닉스,KRLEVEL_RR|039030|2T|2216|2217|2219,2216,2217,2219,143700.0,2,138000.0,144000.0,137281.98193611484,2872.072255540587
039030.KQ,039030,KOSDAQ,이오테크닉스,KRLEVEL_RR|039030|2T|2230|2231|2233,2230,2231,2233,151450.0,2,149700.0,152000.0,149029.1946911819,2683.2212352724055
039030.KQ,039030,KOSDAQ,이오테크닉스,KRLEVEL_RR|039030|2T|2301|2307|2308,2301,2307,2308,132400.0,2,117700.0,132600.0,117030.56145414512,2677.7541834195044
039030.KQ,039030,KOSDAQ,이오테크닉스,KRLEVEL_RR|039030|2T|2337|2338|2340,2337,2338,2340,145750.0,2,138600.0,145600.0,137935.51816342724,2657.9273462910746
039030.KQ,039030,KOSDAQ,이오테크닉스,KRLEVEL_RR|039030|2T|2361|2362|2364,2361,2362,2364,151450.0,2,147200.0,150900.0,146539.9161024454,2640.3355902184753
039030.KQ,039030,KOSDAQ,이오테크닉스,KRLEVEL_RR|039030|2T|2488|2490|2492,2488,2490,2492,120900.0,2,114000.0,120400.0,113516.96970914459,1932.121163421652
039030.KQ,039030,KOSDAQ,이오테크닉스,KRLEVEL_RR|039030|4T|2541|2542|2544,2541,2542,2544,122300.0,4,116300.0,122300.0,115812.30741172977,1950.770353080919
039030.KQ,039030,KOSDAQ,이오테크닉스,KRLEVEL_RR|039030|2T|2595|2598|2600,2595,2598,2600,132100.0,2,130600.0,132300.0,130063.32162598718,2146.713496051274
039030.KQ,039030,KOSDAQ,이오테크닉스,KRLEVEL_RR|039030|2T|2715|2718|2720,2715,2718,2720,158000.0,2,152100.0,158000.0,151274.85015460025,3300.599381598994
039030.KQ,039030,KOSDAQ,이오테크닉스,KRLEVEL_RR|039030|3T|2894|2897|2899,2894,2897,2899,212000.0,3,198600.0,210500.0,197644.98035273032,3820.0785890787324
039030.KQ,039030,KOSDAQ,이오테크닉스,KRLEVEL_RR|039030|3T|3060|3065|3067,3060,3065,3067,217000.0,3,199800.0,217500.0,199023.5371876489,3105.8512494043675
039030.KQ,039030,KOSDAQ,이오테크닉스,KRLEVEL_RR|039030|3T|3140|3143|3144,3140,3143,3144,236000.0,3,230000.0,233000.0,228926.7473846891,4293.010461243537
039030.KQ,039030,KOSDAQ,이오테크닉스,KRLEVEL_RR|039030|2T|3166|3168|3170,3166,3168,3170,252500.0,2,241500.0,250000.0,240038.8857959204,5844.45681631846
039030.KQ,039030,KOSDAQ,이오테크닉스,KRLEVEL_RR|039030|3T|3243|3244|3245,3243,3244,3245,235500.0,3,230500.0,236000.0,229518.63068190342,3925.477272386299
039030.KQ,039030,KOSDAQ,이오테크닉스,KRLEVEL_RR|039030|2T|3275|3276|3278,3275,3276,3278,280000.0,2,258000.0,278000.0,256238.49723645204,7046.011054191842
039030.KQ,039030,KOSDAQ,이오테크닉스,KRLEVEL_RR|039030|2T|3290|3291|3293,3290,3291,3293,286000.0,2,258000.0,285500.0,256446.24299704155,6215.0280118337805
039030.KQ,039030,KOSDAQ,이오테크닉스,KRLEVEL_RR|039030|2T|3348|3354|3355,3348,3354,3355,256500.0,2,241000.0,254000.0,239745.51219206944,5017.951231722279
039030.KQ,039030,KOSDAQ,이오테크닉스,KRLEVEL_RR|039030|5T|3387|3388|3389,3387,3388,3389,279000.0,5,271000.0,278000.0,269711.74603477935,5153.015860882618
039030.KQ,039030,KOSDAQ,이오테크닉스,KRLEVEL_RR|039030|4T|3451|3456|3458,3451,3456,3458,256750.0,4,248000.0,254500.0,246950.55380316993,4197.784787320299
039030.KQ,039030,KOSDAQ,이오테크닉스,KRLEVEL_RR|039030|3T|3469|3473|3475,3469,3473,3475,256500.0,3,254250.0,256000.0,253073.9446454318,4704.221418272791
039030.KQ,039030,KOSDAQ,이오테크닉스,KRLEVEL_RR|039030|3T|3487|3489|3491,3487,3489,3491,283500.0,3,266500.0,284500.0,265058.32253191096,5766.709872356231
039030.KQ,039030,KOSDAQ,이오테크닉스,KRLEVEL_RR|039030|3T|3566|3567|3568,3566,3567,3568,289000.0,3,280000.0,288000.0,278757.33050964813,4970.677961407492
039030.KQ,039030,KOSDAQ,이오테크닉스,KRLEVEL_RR|039030|2T|3581|3583|3584,3581,3583,3584,312500.0,2,280000.0,312000.0,278263.1729378001,6947.308248799538
039030.KQ,039030,KOSDAQ,이오테크닉스,KRLEVEL_RR|039030|2T|3635|3640|3641,3635,3640,3641,389750.0,2,372500.0,385000.0,369568.34113023814,11726.635479047543
039030.KQ,039030,KOSDAQ,이오테크닉스,KRLEVEL_RR|039030|2T|3706|3712|3713,3706,3712,3713,416000.0,2,370500.0,410500.0,367824.3006434314,10702.797426274483
039030.KQ,039030,KOSDAQ,이오테크닉스,KRLEVEL_RR|039030|2T|3760|3764|3765,3760,3764,3765,398000.0,2,395000.0,400000.0,392353.99505008705,10584.019799651858
039030.KQ,039030,KOSDAQ,이오테크닉스,KRLEVEL_RR|039030|3T|3785|3786|3787,3785,3786,3787,411000.0,3,400000.0,406500.0,397794.82854017476,8820.685839301019
039030.KQ,039030,KOSDAQ,이오테크닉스,KRLEVEL_RR|039030|4T|3798|3802|3803,3798,3802,3803,420750.0,4,397000.0,415000.0,393989.6475869222,12041.409652311158
039030.KQ,039030,KOSDAQ,이오테크닉스,KRLEVEL_RR|039030|3T|3831|3832|3834,3831,3832,3834,390000.0,3,379000.0,389000.0,375830.2887241443,12678.845103422867
039030.KQ,039030,KOSDAQ,이오테크닉스,KRLEVEL_RR|039030|2T|3863|3864|3865,3863,3864,3865,401500.0,2,385500.0,401000.0,382951.1826401107,10195.269439557098
039030.KQ,039030,KOSDAQ,이오테크닉스,KRLEVEL_RR|039030|5T|3883|3885|3887,3883,3885,3887,443500.0,5,421000.0,445000.0,417598.7021696095,13605.191321562077
039030.KQ,039030,KOSDAQ,이오테크닉스,KRLEVEL_RR|039030|2T|3908|3910|3911,3908,3910,3911,468250.0,2,461500.0,467500.0,459487.217388121,8051.130447515908
039030.KQ,039030,KOSDAQ,이오테크닉스,KRLEVEL_RR|039030|2T|3985|3986|3987,3985,3986,3987,473750.0,2,447000.0,470000.0,444364.8074032262,10540.770387095139
039030.KQ,039030,KOSDAQ,이오테크닉스,KRLEVEL_RR|039030|2T|4015|4020|4021,4015,4020,4021,473750.0,2,427500.0,450000.0,423510.2722220654,15958.911111738307
039030.KQ,039030,KOSDAQ,이오테크닉스,KRLEVEL_RR|039030|2T|4081|4085|4086,4081,4085,4086,444000.0,2,441000.0,445000.0,436967.0135235121,16131.94590595156
039030.KQ,039030,KOSDAQ,이오테크닉스,KRLEVEL_RR|039030|3T|4115|4117|4118,4115,4117,4118,460500.0,3,417000.0,461500.0,411563.17861248675,21747.285550053035
039030.KQ,039030,KOSDAQ,이오테크닉스,KRLEVEL_RR|039030|6T|4157|4161|4162,4157,4161,4162,490750.0,6,485500.0,490500.0,481497.0862963378,16011.654814648811
039030.KQ,039030,KOSDAQ,이오테크닉스,KRLEVEL_RR|039030|3T|4176|4178|4180,4176,4178,4180,460500.0,3,454000.0,460000.0,450179.6855835635,15281.257665745998
039030.KQ,039030,KOSDAQ,이오테크닉스,KRLEVEL_RR|039030|2T|4338|4341|4343,4338,4341,4343,302000.0,2,234000.0,303500.0,230764.68418084003,12941.26327663991
222800.KQ,222800,KOSDAQ,심텍,KRLEVEL_RR|222800|2T|240|242|243,240,242,243,39550.0,2,38100.0,39200.0,37941.37548152912,634.4980738835382
222800.KQ,222800,KOSDAQ,심텍,KRLEVEL_RR|222800|4T|267|268|269,267,268,269,37850.0,4,36600.0,37900.0,36453.09004240631,587.6398303747745
222800.KQ,222800,KOSDAQ,심텍,KRLEVEL_RR|222800|4T|294|298|299,294,298,299,37850.0,4,37100.0,37400.0,36958.750162380966,564.9993504761362
222800.KQ,222800,KOSDAQ,심텍,KRLEVEL_RR|222800|2T|401|406|408,401,406,408,36075.0,2,34500.0,35950.0,34378.670129355174,485.31948257929145
222800.KQ,222800,KOSDAQ,심텍,KRLEVEL_RR|222800|4T|439|440|441,439,440,441,38525.0,4,34050.0,38300.0,33889.71992226061,641.1203109575686
222800.KQ,222800,KOSDAQ,심텍,KRLEVEL_RR|222800|3T|491|493|495,491,493,495,36300.0,3,35550.0,36400.0,35433.94877573919,464.2048970432506
222800.KQ,222800,KOSDAQ,심텍,KRLEVEL_RR|222800|3T|543|549|551,543,549,551,36750.0,3,36500.0,36800.0,36390.014572363376,439.94171054650127
222800.KQ,222800,KOSDAQ,심텍,KRLEVEL_RR|222800|4T|658|662|664,658,662,664,38800.0,4,37200.0,38600.0,37069.22927309799,523.0829076080513
222800.KQ,222800,KOSDAQ,심텍,KRLEVEL_RR|222800|2T|820|823|825,820,823,825,29750.0,2,28450.0,29650.0,28346.350785059916,414.5968597603407
222800.KQ,222800,KOSDAQ,심텍,KRLEVEL_RR|222800|3T|899|900|902,899,900,902,30350.0,3,28300.0,30400.0,28198.62099212908,405.5160314836794
222800.KQ,222800,KOSDAQ,심텍,KRLEVEL_RR|222800|3T|915|920|922,915,920,922,30650.0,3,30450.0,30600.0,30359.59222308014,361.6311076794392
222800.KQ,222800,KOSDAQ,심텍,KRLEVEL_RR|222800|3T|986|987|988,986,987,988,30650.0,3,29900.0,30600.0,29792.95076231306,428.19695074775683
222800.KQ,222800,KOSDAQ,심텍,KRLEVEL_RR|222800|2T|1010|1016|1017,1010,1016,1017,29750.0,2,29150.0,29600.0,29053.186096336973,387.25561465210563
222800.KQ,222800,KOSDAQ,심텍,KRLEVEL_RR|222800|2T|1036|1040|1042,1036,1040,1042,29550.0,2,28700.0,29550.0,28596.54332635792,413.82669456830837
222800.KQ,222800,KOSDAQ,심텍,KRLEVEL_RR|222800|3T|1071|1073|1075,1071,1073,1075,31050.0,3,30400.0,30950.0,30304.897211171257,380.4111553149701
222800.KQ,222800,KOSDAQ,심텍,KRLEVEL_RR|222800|7T|1109|1111|1113,1109,1111,1113,31450.0,7,31150.0,31450.0,31063.29353947895,346.8258420841975
222800.KQ,222800,KOSDAQ,심텍,KRLEVEL_RR|222800|2T|1127|1131|1132,1127,1131,1132,33600.0,2,32750.0,33400.0,32626.829117979574,492.68352808170386
222800.KQ,222800,KOSDAQ,심텍,KRLEVEL_RR|222800|2T|1169|1174|1175,1169,1174,1175,33600.0,2,31900.0,33050.0,31779.893715448547,480.4251382058173
222800.KQ,222800,KOSDAQ,심텍,KRLEVEL_RR|222800|5T|1222|1226|1228,1222,1226,1228,34050.0,5,32100.0,34000.0,31903.003717308566,787.9851307657409
222800.KQ,222800,KOSDAQ,심텍,KRLEVEL_RR|222800|2T|1363|1364|1365,1363,1364,1365,34350.0,2,33400.0,34300.0,33307.930263728456,368.2789450861857
222800.KQ,222800,KOSDAQ,심텍,KRLEVEL_RR|222800|4T|1510|1511|1512,1510,1511,1512,22950.0,4,21850.0,22950.0,21773.54405382666,305.82378469335646
222800.KQ,222800,KOSDAQ,심텍,KRLEVEL_RR|222800|2T|1612|1613|1614,1612,1613,1614,18180.0,2,16900.0,18100.0,16830.45015305118,278.19938779527854
222800.KQ,222800,KOSDAQ,심텍,KRLEVEL_RR|222800|2T|1636|1640|1642,1636,1640,1642,18180.0,2,17900.0,18130.0,17841.2088731779,235.16450728839752
222800.KQ,222800,KOSDAQ,심텍,KRLEVEL_RR|222800|2T|1708|1712|1713,1708,1712,1713,18180.0,2,18110.0,18170.0,18053.789296434974,224.84281426011134
222800.KQ,222800,KOSDAQ,심텍,KRLEVEL_RR|222800|3T|1966|1967|1969,1966,1967,1969,11150.0,3,10980.0,11180.0,10930.703935344136,197.18425862345327
222800.KQ,222800,KOSDAQ,심텍,KRLEVEL_RR|222800|4T|2042|2043|2044,2042,2043,2044,11165.0,4,10690.0,11170.0,10649.701271375841,161.19491449663832
222800.KQ,222800,KOSDAQ,심텍,KRLEVEL_RR|222800|3T|2060|2061|2062,2060,2061,2062,11800.0,3,11140.0,11780.0,11092.177184425776,191.29126229689226
222800.KQ,222800,KOSDAQ,심텍,KRLEVEL_RR|222800|2T|2084|2088|2089,2084,2088,2089,11660.0,2,11670.0,11680.0,11633.816952473664,144.73219010534493
222800.KQ,222800,KOSDAQ,심텍,KRLEVEL_RR|222800|2T|2101|2105|2106,2101,2105,2106,11790.0,2,11760.0,11800.0,11724.130164330812,143.47934267675174
222800.KQ,222800,KOSDAQ,심텍,KRLEVEL_RR|222800|2T|2261|2266|2267,2261,2266,2267,19410.0,2,18470.0,19210.0,18273.83344414327,784.6662234269122
222800.KQ,222800,KOSDAQ,심텍,KRLEVEL_RR|222800|2T|2300|2304|2305,2300,2304,2305,19885.0,2,17160.0,19980.0,17019.63231044585,561.4707582166062
222800.KQ,222800,KOSDAQ,심텍,KRLEVEL_RR|222800|3T|2335|2340|2342,2335,2340,2342,22450.0,3,20350.0,22000.0,20189.564892420134,641.7404303194618
222800.KQ,222800,KOSDAQ,심텍,KRLEVEL_RR|222800|3T|2546|2551|2552,2546,2551,2552,17630.0,3,15600.0,17610.0,15525.995599035952,296.01760385619286
222800.KQ,222800,KOSDAQ,심텍,KRLEVEL_RR|222800|2T|2577|2583|2584,2577,2583,2584,17165.0,2,16160.0,16960.0,16080.383613270307,318.4655469187728
222800.KQ,222800,KOSDAQ,심텍,KRLEVEL_RR|222800|4T|2600|2601|2602,2600,2601,2602,18225.0,4,17660.0,18230.0,17573.20843347981,347.1662660807613
222800.KQ,222800,KOSDAQ,심텍,KRLEVEL_RR|222800|2T|2636|2642|2643,2636,2642,2643,18410.0,2,17720.0,18160.0,17626.517261353532,373.9309545858646
222800.KQ,222800,KOSDAQ,심텍,KRLEVEL_RR|222800|2T|2754|2755|2756,2754,2755,2756,22250.0,2,21700.0,22300.0,21572.61431391556,509.542744337757
222800.KQ,222800,KOSDAQ,심텍,KRLEVEL_RR|222800|2T|2778|2784|2786,2778,2784,2786,22250.0,2,21850.0,22200.0,21754.83389312884,380.6644274846328
222800.KQ,222800,KOSDAQ,심텍,KRLEVEL_RR|222800|2T|2810|2811|2813,2810,2811,2813,25250.0,2,22200.0,25250.0,22067.715853977064,529.1365840917454
222800.KQ,222800,KOSDAQ,심텍,KRLEVEL_RR|222800|2T|2894|2900|2901,2894,2900,2901,22225.0,2,21400.0,22000.0,21293.11690277156,427.53238891376594
222800.KQ,222800,KOSDAQ,심텍,KRLEVEL_RR|222800|5T|2967|2972|2974,2967,2972,2974,23700.0,5,22900.0,23800.0,22800.770708196083,396.91716721565956
222800.KQ,222800,KOSDAQ,심텍,KRLEVEL_RR|222800|2T|3104|3106|3107,3104,3106,3107,38025.0,2,36200.0,38150.0,35932.88260606813,1068.469575727486
222800.KQ,222800,KOSDAQ,심텍,KRLEVEL_RR|222800|4T|3284|3288|3290,3284,3288,3290,51450.0,4,48700.0,51850.0,48239.02425244887,1843.9029902045006
222800.KQ,222800,KOSDAQ,심텍,KRLEVEL_RR|222800|3T|3302|3304|3306,3302,3304,3306,53900.0,3,51850.0,53900.0,51493.240315900075,1427.0387363996952
222800.KQ,222800,KOSDAQ,심텍,KRLEVEL_RR|222800|5T|3348|3352|3353,3348,3352,3353,53700.0,5,48700.0,53400.0,48403.42955600719,1186.28177597124
222800.KQ,222800,KOSDAQ,심텍,KRLEVEL_RR|222800|3T|3374|3375|3377,3374,3375,3377,53250.0,3,51300.0,53500.0,50996.61045390924,1213.5581843630316
222800.KQ,222800,KOSDAQ,심텍,KRLEVEL_RR|222800|3T|3487|3491|3492,3487,3491,3492,50300.0,3,49400.0,50000.0,49176.20327694386,895.1868922245709
222800.KQ,222800,KOSDAQ,심텍,KRLEVEL_RR|222800|2T|3532|3535|3536,3532,3535,3536,47475.0,2,46000.0,47450.0,45773.08087664622,907.6764934151032
222800.KQ,222800,KOSDAQ,심텍,KRLEVEL_RR|222800|2T|3569|3570|3571,3569,3570,3571,47475.0,2,45600.0,47700.0,45338.10043524857,1047.598259005737
222800.KQ,222800,KOSDAQ,심텍,KRLEVEL_RR|222800|2T|3586|3591|3593,3586,3591,3593,51850.0,2,48000.0,51400.0,47651.36079490241,1394.556820390355
222800.KQ,222800,KOSDAQ,심텍,KRLEVEL_RR|222800|4T|3641|3644|3646,3641,3644,3646,54100.0,4,50800.0,54100.0,50433.123744716155,1467.505021135378
222800.KQ,222800,KOSDAQ,심텍,KRLEVEL_RR|222800|3T|3669|3675|3676,3669,3675,3676,50900.0,3,50100.0,51000.0,49866.42913943519,934.2834422592489
222800.KQ,222800,KOSDAQ,심텍,KRLEVEL_RR|222800|3T|3687|3688|3689,3687,3688,3689,50900.0,3,50600.0,50900.0,50367.833446958146,928.6662121674192
222800.KQ,222800,KOSDAQ,심텍,KRLEVEL_RR|222800|3T|3701|3702|3703,3701,3702,3703,54000.0,3,50700.0,54000.0,50444.47215216445,1022.1113913421765
222800.KQ,222800,KOSDAQ,심텍,KRLEVEL_RR|222800|2T|3725|3726|3727,3725,3726,3727,47475.0,2,42500.0,47850.0,41955.499153124,2178.003387504007
222800.KQ,222800,KOSDAQ,심텍,KRLEVEL_RR|222800|8T|3743|3748|3750,3743,3748,3750,52700.0,8,50500.0,52100.0,50008.789933095286,1964.8402676188468
222800.KQ,222800,KOSDAQ,심텍,KRLEVEL_RR|222800|8T|3767|3769|3770,3767,3769,3770,52600.0,8,49700.0,52400.0,49326.883719012,1492.4651239519867
222800.KQ,222800,KOSDAQ,심텍,KRLEVEL_RR|222800|3T|3810|3812|3813,3810,3812,3813,62100.0,3,55600.0,62100.0,55157.552134800586,1769.7914607976675
222800.KQ,222800,KOSDAQ,심텍,KRLEVEL_RR|222800|3T|3859|3861|3863,3859,3861,3863,54100.0,3,48900.0,53600.0,48418.84316710665,1924.6273315733943
222800.KQ,222800,KOSDAQ,심텍,KRLEVEL_RR|222800|2T|3955|3958|3959,3955,3958,3959,87750.0,2,83800.0,87800.0,83233.50345864029,2265.986165438848
222800.KQ,222800,KOSDAQ,심텍,KRLEVEL_RR|222800|2T|4032|4034|4036,4032,4034,4036,101800.0,2,96700.0,99800.0,95834.771839398,3460.91264240799
222800.KQ,222800,KOSDAQ,심텍,KRLEVEL_RR|222800|2T|4083|4084|4085,4083,4084,4085,101800.0,2,91000.0,103000.0,89490.00667764895,6039.973289404165
222800.KQ,222800,KOSDAQ,심텍,KRLEVEL_RR|222800|2T|4099|4102|4103,4099,4102,4103,101800.0,2,96300.0,101700.0,94773.44641874643,6106.214325014288
222800.KQ,222800,KOSDAQ,심텍,KRLEVEL_RR|222800|4T|4157|4161|4162,4157,4161,4162,130750.0,4,121200.0,130300.0,120013.89859595204,4744.405616191856
222800.KQ,222800,KOSDAQ,심텍,KRLEVEL_RR|222800|2T|4194|4195|4196,4194,4195,4196,132850.0,2,121300.0,132100.0,119885.27025856543,5658.91896573824
222800.KQ,222800,KOSDAQ,심텍,KRLEVEL_RR|222800|2T|4229|4235|4236,4229,4235,4236,111400.0,2,105500.0,105600.0,104012.91076208973,5948.35695164108
222800.KQ,222800,KOSDAQ,심텍,KRLEVEL_RR|222800|3T|4262|4263|4264,4262,4263,4264,118700.0,3,99600.0,119000.0,98246.21452100584,5415.141915976627
222800.KQ,222800,KOSDAQ,심텍,KRLEVEL_RR|222800|2T|4338|4341|4342,4338,4341,4342,91600.0,2,85500.0,92200.0,84554.66526947447,3781.338922102092
087010.KQ,087010,KOSDAQ,펩트론,KRLEVEL_RR|087010|3T|242|243|244,242,243,244,34150.0,3,32550.0,33900.0,32293.443144379704,1026.2274224811847
087010.KQ,087010,KOSDAQ,펩트론,KRLEVEL_RR|087010|2T|324|329|330,324,329,330,29600.0,2,27150.0,28850.0,26848.198895638765,1207.2044174449447
087010.KQ,087010,KOSDAQ,펩트론,KRLEVEL_RR|087010|3T|361|363|364,361,363,364,31750.0,3,27650.0,31600.0,27258.688250383122,1565.2469984675063
087010.KQ,087010,KOSDAQ,펩트론,KRLEVEL_RR|087010|2T|409|410|412,409,410,412,32350.0,2,30700.0,32150.0,30493.717698214652,825.1292071413897
087010.KQ,087010,KOSDAQ,펩트론,KRLEVEL_RR|087010|3T|426|427|428,426,427,428,32450.0,3,31150.0,32500.0,30960.251493492502,758.9940260299965
087010.KQ,087010,KOSDAQ,펩트론,KRLEVEL_RR|087010|2T|451|457|459,451,457,459,31725.0,2,31500.0,31600.0,31294.916677429177,820.3332902832973
087010.KQ,087010,KOSDAQ,펩트론,KRLEVEL_RR|087010|4T|471|475|477,471,475,477,36600.0,4,33650.0,36350.0,33350.911414580245,1196.3543416790249
087010.KQ,087010,KOSDAQ,펩트론,KRLEVEL_RR|087010|3T|527|528|530,527,528,530,29650.0,3,28250.0,29800.0,28039.952858486882,840.1885660524649
087010.KQ,087010,KOSDAQ,펩트론,KRLEVEL_RR|087010|4T|545|547|548,545,547,548,32525.0,4,31250.0,32100.0,31043.46701176543,826.1319529382736
087010.KQ,087010,KOSDAQ,펩트론,KRLEVEL_RR|087010|4T|570|571|573,570,571,573,38675.0,4,37050.0,38600.0,36780.635393319935,1077.4584267202658
087010.KQ,087010,KOSDAQ,펩트론,KRLEVEL_RR|087010|3T|743|744|746,743,744,746,24500.0,3,21800.0,24500.0,21640.321594959274,638.7136201629048
087010.KQ,087010,KOSDAQ,펩트론,KRLEVEL_RR|087010|2T|820|824|826,820,824,826,23250.0,2,22500.0,23200.0,22292.081023534574,831.6759058617005
087010.KQ,087010,KOSDAQ,펩트론,KRLEVEL_RR|087010|5T|857|860|862,857,860,862,24500.0,5,23800.0,24250.0,23621.463982915528,714.14406833789
087010.KQ,087010,KOSDAQ,펩트론,KRLEVEL_RR|087010|5T|876|879|880,876,879,880,24500.0,5,23900.0,24400.0,23755.221442159364,579.1142313625393
087010.KQ,087010,KOSDAQ,펩트론,KRLEVEL_RR|087010|2T|898|899|900,898,899,900,24075.0,2,23700.0,24150.0,23570.121892176277,519.5124312948901
087010.KQ,087010,KOSDAQ,펩트론,KRLEVEL_RR|087010|3T|911|913|915,911,913,915,27500.0,3,24600.0,27350.0,24422.741656048223,709.033375807107
087010.KQ,087010,KOSDAQ,펩트론,KRLEVEL_RR|087010|4T|928|931|932,928,931,932,28275.0,4,26450.0,28400.0,26244.534886751473,821.8604529941041
087010.KQ,087010,KOSDAQ,펩트론,KRLEVEL_RR|087010|5T|986|987|988,986,987,988,25100.0,5,23800.0,25000.0,23666.216948788348,535.1322048466066
087010.KQ,087010,KOSDAQ,펩트론,KRLEVEL_RR|087010|7T|1013|1014|1015,1013,1014,1015,25700.0,7,24750.0,25700.0,24521.43030236102,914.2787905559272
087010.KQ,087010,KOSDAQ,펩트론,KRLEVEL_RR|087010|4T|1038|1039|1040,1038,1039,1040,26700.0,4,25300.0,26850.0,25114.02333429745,743.9066628101992
087010.KQ,087010,KOSDAQ,펩트론,KRLEVEL_RR|087010|5T|1061|1062|1063,1061,1062,1063,28350.0,5,27250.0,28250.0,27077.238373101434,691.0465075942623
087010.KQ,087010,KOSDAQ,펩트론,KRLEVEL_RR|087010|2T|1099|1100|1101,1099,1100,1101,31625.0,2,30350.0,31350.0,30192.90315527668,628.3873788932884
087010.KQ,087010,KOSDAQ,펩트론,KRLEVEL_RR|087010|2T|1145|1146|1148,1145,1146,1148,29450.0,2,28750.0,29600.0,28538.737742121117,845.0490315155339
087010.KQ,087010,KOSDAQ,펩트론,KRLEVEL_RR|087010|2T|1196|1202|1204,1196,1202,1204,39075.0,2,37100.0,38600.0,36848.36768697607,1006.529252095725
087010.KQ,087010,KOSDAQ,펩트론,KRLEVEL_RR|087010|2T|1218|1222|1223,1218,1222,1223,41625.0,2,39850.0,40300.0,39586.25720554207,1054.9711778317237
087010.KQ,087010,KOSDAQ,펩트론,KRLEVEL_RR|087010|4T|1264|1268|1270,1264,1268,1270,39525.0,4,36800.0,38700.0,36518.662468372895,1125.35012650841
087010.KQ,087010,KOSDAQ,펩트론,KRLEVEL_RR|087010|4T|1288|1289|1290,1288,1289,1290,39525.0,4,36500.0,39800.0,36165.28564395416,1338.8574241833578
087010.KQ,087010,KOSDAQ,펩트론,KRLEVEL_RR|087010|2T|1351|1352|1353,1351,1352,1353,69350.0,2,67100.0,68500.0,66434.95459090569,2660.181636377223
087010.KQ,087010,KOSDAQ,펩트론,KRLEVEL_RR|087010|2T|1384|1386|1387,1384,1386,1387,69350.0,2,61300.0,68000.0,60531.14122570664,3075.435097173436
087010.KQ,087010,KOSDAQ,펩트론,KRLEVEL_RR|087010|4T|1613|1615|1617,1613,1615,1617,53850.0,4,41100.0,53800.0,40699.69843940545,1601.2062423782031
087010.KQ,087010,KOSDAQ,펩트론,KRLEVEL_RR|087010|4T|1678|1683|1685,1678,1683,1685,51750.0,4,50000.0,51400.0,49632.19756865327,1471.2097253869326
087010.KQ,087010,KOSDAQ,펩트론,KRLEVEL_RR|087010|3T|1822|1826|1827,1822,1826,1827,88900.0,3,80600.0,87000.0,80011.17495818027,2355.3001672789123
087010.KQ,087010,KOSDAQ,펩트론,KRLEVEL_RR|087010|3T|1898|1901|1902,1898,1901,1902,79100.0,3,78800.0,79800.0,77857.26436216077,3770.9425513569104
087010.KQ,087010,KOSDAQ,펩트론,KRLEVEL_RR|087010|4T|1920|1921|1923,1920,1921,1923,83650.0,4,79700.0,84000.0,78891.76452056873,3232.941917725071
087010.KQ,087010,KOSDAQ,펩트론,KRLEVEL_RR|087010|2T|1965|1966|1968,1965,1966,1968,98000.0,2,76500.0,98300.0,75581.26977102921,3674.9209158831463
087010.KQ,087010,KOSDAQ,펩트론,KRLEVEL_RR|087010|2T|2017|2020|2021,2017,2020,2021,99150.0,2,91700.0,97000.0,90951.65849663285,2993.3660134685892
087010.KQ,087010,KOSDAQ,펩트론,KRLEVEL_RR|087010|2T|2042|2043|2044,2042,2043,2044,100000.0,2,98500.0,100100.0,97875.81491232786,2496.7403506885726
087010.KQ,087010,KOSDAQ,펩트론,KRLEVEL_RR|087010|3T|2137|2142|2143,2137,2142,2143,97100.0,3,93700.0,96900.0,93296.92302257688,1612.3079096924396
087010.KQ,087010,KOSDAQ,펩트론,KRLEVEL_RR|087010|3T|2162|2166|2168,2162,2166,2168,97100.0,3,91500.0,95400.0,90848.84874273364,2604.6050290654466
087010.KQ,087010,KOSDAQ,펩트론,KRLEVEL_RR|087010|3T|2324|2326|2327,2324,2326,2327,94700.0,3,86600.0,93000.0,86134.36021947037,1862.5591221184932
087010.KQ,087010,KOSDAQ,펩트론,KRLEVEL_RR|087010|5T|2342|2346|2347,2342,2346,2347,90600.0,5,86600.0,90200.0,86117.36053630091,1930.5578547963416
087010.KQ,087010,KOSDAQ,펩트론,KRLEVEL_RR|087010|2T|2374|2376|2378,2374,2376,2378,89900.0,2,87800.0,89800.0,87384.54492475875,1661.820300965007
087010.KQ,087010,KOSDAQ,펩트론,KRLEVEL_RR|087010|3T|2402|2408|2409,2402,2408,2409,108300.0,3,103500.0,106000.0,102667.00011287532,3331.9995484987257
087010.KQ,087010,KOSDAQ,펩트론,KRLEVEL_RR|087010|3T|2462|2463|2465,2462,2463,2465,170600.0,3,151300.0,170600.0,150032.29494267234,5070.820229310691
087010.KQ,087010,KOSDAQ,펩트론,KRLEVEL_RR|087010|4T|2540|2544|2546,2540,2544,2546,170150.0,4,166300.0,168700.0,165304.12481506992,3983.5007397202507
087010.KQ,087010,KOSDAQ,펩트론,KRLEVEL_RR|087010|2T|2582|2583|2585,2582,2583,2585,205500.0,2,187800.0,205000.0,186592.85009992466,4828.599600301334
087010.KQ,087010,KOSDAQ,펩트론,KRLEVEL_RR|087010|4T|2625|2628|2629,2625,2628,2629,230000.0,4,221000.0,230000.0,219687.4409160505,5250.236335798023
087010.KQ,087010,KOSDAQ,펩트론,KRLEVEL_RR|087010|2T|2677|2679|2681,2677,2679,2681,183800.0,2,177000.0,180700.0,175579.31789235005,5682.728430599805
087010.KQ,087010,KOSDAQ,펩트론,KRLEVEL_RR|087010|2T|2712|2713|2714,2712,2713,2714,189250.0,2,186900.0,189700.0,185537.75074128303,5448.997034867908
087010.KQ,087010,KOSDAQ,펩트론,KRLEVEL_RR|087010|3T|2741|2742|2744,2741,2742,2744,189500.0,3,160000.0,189600.0,158370.41673879971,6518.333044801147
087010.KQ,087010,KOSDAQ,펩트론,KRLEVEL_RR|087010|3T|2770|2771|2772,2770,2771,2772,189500.0,3,187000.0,190200.0,185899.53908304506,4401.843667819691
087010.KQ,087010,KOSDAQ,펩트론,KRLEVEL_RR|087010|3T|2786|2788|2789,2786,2788,2789,195900.0,3,190100.0,194300.0,189155.39261765528,3778.4295293788996
087010.KQ,087010,KOSDAQ,펩트론,KRLEVEL_RR|087010|2T|2802|2804|2806,2802,2804,2806,189250.0,2,187900.0,190000.0,186552.56438767875,5389.742449285044
087010.KQ,087010,KOSDAQ,펩트론,KRLEVEL_RR|087010|5T|2895|2901|2902,2895,2901,2902,296500.0,5,275000.0,289000.0,273340.69266582455,6637.2293367018165
087010.KQ,087010,KOSDAQ,펩트론,KRLEVEL_RR|087010|5T|2921|2922|2924,2921,2922,2924,296500.0,5,297000.0,297500.0,295593.91363634967,5624.34545460144
087010.KQ,087010,KOSDAQ,펩트론,KRLEVEL_RR|087010|7T|3094|3095|3096,3094,3095,3096,296000.0,7,287500.0,294000.0,286042.821917582,5828.712329672055
087010.KQ,087010,KOSDAQ,펩트론,KRLEVEL_RR|087010|2T|3124|3126|3128,3124,3126,3128,291500.0,2,272000.0,289500.0,270472.113257341,6111.5469706359445
087010.KQ,087010,KOSDAQ,펩트론,KRLEVEL_RR|087010|2T|3185|3186|3188,3185,3186,3188,273750.0,2,249500.0,272000.0,247903.91714134143,6384.331434634323
087010.KQ,087010,KOSDAQ,펩트론,KRLEVEL_RR|087010|5T|3279|3282|3284,3279,3282,3284,267000.0,5,255000.0,265500.0,252897.62568184445,8409.4972726222
087010.KQ,087010,KOSDAQ,펩트론,KRLEVEL_RR|087010|4T|3397|3402|3403,3397,3402,3403,267000.0,4,264000.0,265000.0,262590.4203005945,5638.318797622116
087010.KQ,087010,KOSDAQ,펩트론,KRLEVEL_RR|087010|2T|3479|3484|3485,3479,3484,3485,250250.0,2,225500.0,248500.0,224290.11384659665,4839.544613613388
087010.KQ,087010,KOSDAQ,펩트론,KRLEVEL_RR|087010|3T|3512|3513|3515,3512,3513,3515,250500.0,3,245500.0,251000.0,244350.6643939717,4597.34242411321
087010.KQ,087010,KOSDAQ,펩트론,KRLEVEL_RR|087010|3T|3575|3581|3582,3575,3581,3582,247000.0,3,208000.0,249000.0,205867.3543556756,8530.582577297613
087010.KQ,087010,KOSDAQ,펩트론,KRLEVEL_RR|087010|2T|3599|3600|3601,3599,3600,3601,318500.0,2,285000.0,315000.0,282645.4565220673,9418.173911730717
087010.KQ,087010,KOSDAQ,펩트론,KRLEVEL_RR|087010|3T|3641|3644|3646,3641,3644,3646,257000.0,3,245000.0,258000.0,243013.569873313,7945.720506747941
087010.KQ,087010,KOSDAQ,펩트론,KRLEVEL_RR|087010|7T|3725|3726|3727,3725,3726,3727,254000.0,7,220000.0,252000.0,217033.77574842807,11864.897006287665
087010.KQ,087010,KOSDAQ,펩트론,KRLEVEL_RR|087010|5T|3746|3747|3749,3746,3747,3749,297500.0,5,267500.0,291500.0,263463.584261273,16145.662954908148
087010.KQ,087010,KOSDAQ,펩트론,KRLEVEL_RR|087010|5T|3762|3765|3767,3762,3765,3767,297500.0,5,285000.0,295000.0,281859.14628654026,12563.414853838874
087010.KQ,087010,KOSDAQ,펩트론,KRLEVEL_RR|087010|2T|3781|3784|3785,3781,3784,3785,326000.0,2,310500.0,324000.0,307891.76118231285,10432.955270748493
087010.KQ,087010,KOSDAQ,펩트론,KRLEVEL_RR|087010|3T|3834|3837|3839,3834,3837,3839,297500.0,3,289500.0,296000.0,287494.6843711364,8021.262515454423
087010.KQ,087010,KOSDAQ,펩트론,KRLEVEL_RR|087010|2T|3869|3873|3874,3869,3873,3874,281000.0,2,275000.0,281500.0,273278.4347361513,6886.26105539471
087010.KQ,087010,KOSDAQ,펩트론,KRLEVEL_RR|087010|3T|4043|4047|4049,4043,4047,4049,257000.0,3,235000.0,256500.0,232838.7059368477,8645.176252609243
087010.KQ,087010,KOSDAQ,펩트론,KRLEVEL_RR|087010|4T|4066|4070|4072,4066,4070,4072,304750.0,4,281000.0,300500.0,278136.847748638,11452.609005447826
087010.KQ,087010,KOSDAQ,펩트론,KRLEVEL_RR|087010|4T|4313|4315|4317,4313,4315,4317,131600.0,4,104600.0,127700.0,103013.38853462448,6346.445861502061
214450.KQ,214450,KOSDAQ,파마리서치,KRLEVEL_RR|214450|3T|313|316|318,313,316,318,115600.0,3,112000.0,115300.0,111414.27084735547,2342.9166105781233
214450.KQ,214450,KOSDAQ,파마리서치,KRLEVEL_RR|214450|2T|331|334|336,331,334,336,118300.0,2,115100.0,118700.0,114565.05840523816,2139.7663790473666
214450.KQ,214450,KOSDAQ,파마리서치,KRLEVEL_RR|214450|8T|361|363|364,361,363,364,120800.0,8,118000.0,120200.0,117394.38234294584,2422.470628216615
214450.KQ,214450,KOSDAQ,파마리서치,KRLEVEL_RR|214450|3T|396|397|399,396,397,399,115600.0,3,110400.0,115100.0,109869.3830091136,2122.467963545559
214450.KQ,214450,KOSDAQ,파마리서치,KRLEVEL_RR|214450|2T|497|500|502,497,500,502,106350.0,2,103200.0,106300.0,102845.83439052026,1416.662437918949
214450.KQ,214450,KOSDAQ,파마리서치,KRLEVEL_RR|214450|2T|527|530|532,527,530,532,109000.0,2,105000.0,109200.0,104643.32914550176,1426.6834179929447
214450.KQ,214450,KOSDAQ,파마리서치,KRLEVEL_RR|214450|2T|564|570|571,564,570,571,109000.0,2,107500.0,108000.0,107149.91433039118,1400.3426784352525
214450.KQ,214450,KOSDAQ,파마리서치,KRLEVEL_RR|214450|3T|606|607|608,606,607,608,109900.0,3,105300.0,110100.0,104911.49424832281,1554.0230067087602
214450.KQ,214450,KOSDAQ,파마리서치,KRLEVEL_RR|214450|2T|663|666|668,663,666,668,113050.0,2,112500.0,113100.0,111995.54688666131,2017.8124533547502
214450.KQ,214450,KOSDAQ,파마리서치,KRLEVEL_RR|214450|3T|910|911|912,910,911,912,94400.0,3,90700.0,94700.0,90350.53862922975,1397.8454830809933
214450.KQ,214450,KOSDAQ,파마리서치,KRLEVEL_RR|214450|2T|923|927|928,923,927,928,99450.0,2,96000.0,99800.0,95519.2774461975,1922.8902152099627
214450.KQ,214450,KOSDAQ,파마리서치,KRLEVEL_RR|214450|4T|940|941|943,940,941,943,105000.0,4,99100.0,104400.0,98506.87322564589,2372.507097416426
214450.KQ,214450,KOSDAQ,파마리서치,KRLEVEL_RR|214450|2T|979|980|981,979,980,981,114350.0,2,107000.0,113500.0,106280.3217059687,2878.7131761251762
214450.KQ,214450,KOSDAQ,파마리서치,KRLEVEL_RR|214450|3T|1142|1145|1147,1142,1145,1147,132900.0,3,131200.0,132500.0,130506.46423899227,2774.1430440309136
214450.KQ,214450,KOSDAQ,파마리서치,KRLEVEL_RR|214450|4T|1179|1181|1183,1179,1181,1183,140250.0,4,129900.0,139000.0,129194.45026795735,2822.198928170588
214450.KQ,214450,KOSDAQ,파마리서치,KRLEVEL_RR|214450|4T|1204|1205|1207,1204,1205,1207,130200.0,4,126100.0,129400.0,125449.71357519251,2601.1456992299677
214450.KQ,214450,KOSDAQ,파마리서치,KRLEVEL_RR|214450|4T|1222|1223|1224,1222,1223,1224,133100.0,4,126500.0,132900.0,125846.70846288907,2613.1661484437336
214450.KQ,214450,KOSDAQ,파마리서치,KRLEVEL_RR|214450|4T|1258|1260|1261,1258,1260,1261,141800.0,4,136400.0,141500.0,135787.11215943145,2451.5513622742114
214450.KQ,214450,KOSDAQ,파마리서치,KRLEVEL_RR|214450|2T|1273|1274|1275,1273,1274,1275,149500.0,2,137400.0,147800.0,136556.28492248763,3374.8603100494397
214450.KQ,214450,KOSDAQ,파마리서치,KRLEVEL_RR|214450|2T|1321|1327|1328,1321,1327,1328,136600.0,2,135900.0,136300.0,135170.35791220618,2918.568351175259
214450.KQ,214450,KOSDAQ,파마리서치,KRLEVEL_RR|214450|2T|1355|1356|1357,1355,1356,1357,146350.0,2,146400.0,146600.0,145783.8873190037,2464.450723985165
214450.KQ,214450,KOSDAQ,파마리서치,KRLEVEL_RR|214450|4T|1383|1385|1386,1383,1385,1386,141700.0,4,138700.0,141000.0,138078.442438965,2486.2302441399847
214450.KQ,214450,KOSDAQ,파마리서치,KRLEVEL_RR|214450|2T|1399|1400|1401,1399,1400,1401,140650.0,2,139000.0,140400.0,138440.75597619842,2236.9760952063193
214450.KQ,214450,KOSDAQ,파마리서치,KRLEVEL_RR|214450|2T|1439|1441|1442,1439,1441,1442,147600.0,2,135900.0,146100.0,135113.34692167,3146.6123133200563
214450.KQ,214450,KOSDAQ,파마리서치,KRLEVEL_RR|214450|8T|1456|1457|1458,1456,1457,1458,141700.0,8,132200.0,138400.0,130929.27732561386,5082.890697544577
214450.KQ,214450,KOSDAQ,파마리서치,KRLEVEL_RR|214450|2T|1492|1493|1494,1492,1493,1494,179050.0,2,170200.0,178700.0,169128.10091704558,4287.596331817674
214450.KQ,214450,KOSDAQ,파마리서치,KRLEVEL_RR|214450|2T|1582|1587|1588,1582,1587,1588,175000.0,2,166200.0,173000.0,165115.21559370274,4339.137625188982
214450.KQ,214450,KOSDAQ,파마리서치,KRLEVEL_RR|214450|3T|1621|1622|1624,1621,1622,1624,187200.0,3,180500.0,185700.0,179365.36920519214,4538.523179231479
214450.KQ,214450,KOSDAQ,파마리서치,KRLEVEL_RR|214450|3T|1682|1683|1684,1682,1683,1684,198200.0,3,190900.0,198200.0,189994.5821332453,3621.6714670187807
214450.KQ,214450,KOSDAQ,파마리서치,KRLEVEL_RR|214450|2T|1771|1772|1774,1771,1772,1774,228500.0,2,221000.0,228500.0,220080.68173761936,3677.2730495225696
214450.KQ,214450,KOSDAQ,파마리서치,KRLEVEL_RR|214450|5T|1810|1813|1815,1810,1813,1815,228500.0,5,223000.0,227000.0,221796.2978622341,4814.808551063589
214450.KQ,214450,KOSDAQ,파마리서치,KRLEVEL_RR|214450|2T|1841|1843|1844,1841,1843,1844,217750.0,2,208000.0,217000.0,206619.03556484362,5523.857740625508
214450.KQ,214450,KOSDAQ,파마리서치,KRLEVEL_RR|214450|2T|1876|1878|1880,1876,1878,1880,199350.0,2,191600.0,196800.0,190559.24241934853,4163.030322605819
214450.KQ,214450,KOSDAQ,파마리서치,KRLEVEL_RR|214450|2T|1917|1918|1920,1917,1918,1920,204750.0,2,198700.0,202000.0,197524.745352486,4701.018590056018
214450.KQ,214450,KOSDAQ,파마리서치,KRLEVEL_RR|214450|3T|1934|1935|1937,1934,1935,1937,215000.0,3,213000.0,213500.0,211792.01732662902,4831.930693483873
214450.KQ,214450,KOSDAQ,파마리서치,KRLEVEL_RR|214450|5T|1953|1956|1957,1953,1956,1957,234000.0,5,206000.0,229000.0,204404.5409865766,6381.836053693588
214450.KQ,214450,KOSDAQ,파마리서치,KRLEVEL_RR|214450|4T|1971|1972|1973,1971,1972,1973,237250.0,4,230500.0,236000.0,229173.56571443207,5305.73714227166
214450.KQ,214450,KOSDAQ,파마리서치,KRLEVEL_RR|214450|2T|2014|2020|2022,2014,2020,2022,259500.0,2,249500.0,256500.0,248235.34003181887,5058.6398727244905
214450.KQ,214450,KOSDAQ,파마리서치,KRLEVEL_RR|214450|3T|2088|2089|2090,2088,2089,2090,253000.0,3,244000.0,252500.0,242816.27873450113,4734.885061995521
214450.KQ,214450,KOSDAQ,파마리서치,KRLEVEL_RR|214450|5T|2159|2160|2162,2159,2160,2162,253000.0,5,247500.0,253000.0,246473.29948831815,4106.802046727391
214450.KQ,214450,KOSDAQ,파마리서치,KRLEVEL_RR|214450|2T|2174|2175|2177,2174,2175,2177,269750.0,2,262000.0,269000.0,260851.6832948581,4593.266820567491
214450.KQ,214450,KOSDAQ,파마리서치,KRLEVEL_RR|214450|4T|2211|2212|2214,2211,2212,2214,289250.0,4,279000.0,289000.0,277841.56419582956,4633.743216681704
214450.KQ,214450,KOSDAQ,파마리서치,KRLEVEL_RR|214450|5T|2247|2249|2251,2247,2249,2251,289000.0,5,275000.0,288500.0,273776.93384646106,4892.264614155785
214450.KQ,214450,KOSDAQ,파마리서치,KRLEVEL_RR|214450|2T|2344|2345|2346,2344,2345,2346,321250.0,2,310000.0,319500.0,308733.20557271055,5067.177709157827
214450.KQ,214450,KOSDAQ,파마리서치,KRLEVEL_RR|214450|3T|2361|2363|2364,2361,2363,2364,326500.0,3,315000.0,325500.0,313634.2123208323,5463.150716670881
214450.KQ,214450,KOSDAQ,파마리서치,KRLEVEL_RR|214450|3T|2419|2424|2426,2419,2424,2426,321500.0,3,310500.0,318500.0,308531.53895924543,7873.844163018375
214450.KQ,214450,KOSDAQ,파마리서치,KRLEVEL_RR|214450|2T|2528|2529|2531,2528,2529,2531,395000.0,2,374500.0,394000.0,372957.4422373073,6170.231050770793
214450.KQ,214450,KOSDAQ,파마리서치,KRLEVEL_RR|214450|3T|2543|2544|2546,2543,2544,2546,390500.0,3,392000.0,392500.0,389501.179497958,9995.282008168104
214450.KQ,214450,KOSDAQ,파마리서치,KRLEVEL_RR|214450|2T|2578|2579|2580,2578,2579,2580,437000.0,2,409000.0,439000.0,406948.54976490134,8205.800940394614
214450.KQ,214450,KOSDAQ,파마리서치,KRLEVEL_RR|214450|2T|2624|2625|2627,2624,2625,2627,442750.0,2,435500.0,442500.0,434194.97423299047,5220.103068038139
214450.KQ,214450,KOSDAQ,파마리서치,KRLEVEL_RR|214450|2T|2690|2694|2695,2690,2694,2695,423750.0,2,424000.0,424500.0,421148.22801610245,11407.087935590107
214450.KQ,214450,KOSDAQ,파마리서치,KRLEVEL_RR|214450|2T|2709|2711|2713,2709,2711,2713,476250.0,2,423500.0,478500.0,420772.33223224565,10910.671071017436
214450.KQ,214450,KOSDAQ,파마리서치,KRLEVEL_RR|214450|2T|2729|2730|2731,2729,2730,2731,476250.0,2,474000.0,477000.0,471303.8763153185,10784.494738725829
214450.KQ,214450,KOSDAQ,파마리서치,KRLEVEL_RR|214450|2T|2757|2760|2762,2757,2760,2762,499000.0,2,462000.0,495000.0,459358.216399442,10567.13440223192
214450.KQ,214450,KOSDAQ,파마리서치,KRLEVEL_RR|214450|3T|2894|2898|2900,2894,2898,2900,562000.0,3,537000.0,562000.0,534423.6960638163,10305.215744734669
214450.KQ,214450,KOSDAQ,파마리서치,KRLEVEL_RR|214450|3T|2966|2969|2970,2966,2969,2970,692000.0,3,673000.0,693000.0,670347.0444179218,10611.822328312752
214450.KQ,214450,KOSDAQ,파마리서치,KRLEVEL_RR|214450|3T|2990|2993|2994,2990,2993,2994,692000.0,3,677000.0,688000.0,674695.1450502547,9219.419798981253
214450.KQ,214450,KOSDAQ,파마리서치,KRLEVEL_RR|214450|3T|3355|3356|3357,3355,3356,3357,472000.0,3,402000.0,468500.0,399500.20087810134,9999.196487594625
214450.KQ,214450,KOSDAQ,파마리서치,KRLEVEL_RR|214450|2T|3480|3485|3486,3480,3485,3486,401000.0,2,389500.0,399500.0,388049.1200735587,5803.519705765181
214450.KQ,214450,KOSDAQ,파마리서치,KRLEVEL_RR|214450|2T|3514|3515|3516,3514,3515,3516,467500.0,2,417500.0,465000.0,414800.52756181185,10797.889752752548
214450.KQ,214450,KOSDAQ,파마리서치,KRLEVEL_RR|214450|3T|3566|3567|3569,3566,3567,3569,427500.0,3,415500.0,428000.0,412998.5141641208,10005.94334351688
214450.KQ,214450,KOSDAQ,파마리서치,KRLEVEL_RR|214450|3T|3590|3591|3593,3590,3591,3593,489500.0,3,419500.0,488000.0,416316.6817368805,12733.27305247789
214450.KQ,214450,KOSDAQ,파마리서치,KRLEVEL_RR|214450|2T|3620|3621|3622,3620,3621,3622,436750.0,2,420500.0,439000.0,416839.14736431814,14643.410542727539
214450.KQ,214450,KOSDAQ,파마리서치,KRLEVEL_RR|214450|4T|3672|3675|3676,3672,3675,3676,349250.0,4,338500.0,349000.0,337216.3555044481,5134.577982207608
214450.KQ,214450,KOSDAQ,파마리서치,KRLEVEL_RR|214450|2T|3841|3842|3843,3841,3842,3843,307750.0,2,299000.0,307500.0,297847.23147539014,4611.074098439329
214450.KQ,214450,KOSDAQ,파마리서치,KRLEVEL_RR|214450|2T|3877|3883|3884,3877,3883,3884,298250.0,2,278500.0,298500.0,277295.05081365735,4819.796745370596
214450.KQ,214450,KOSDAQ,파마리서치,KRLEVEL_RR|214450|5T|3930|3932|3933,3930,3932,3933,304000.0,5,300500.0,301500.0,299307.93803964055,4768.247841437874
214450.KQ,214450,KOSDAQ,파마리서치,KRLEVEL_RR|214450|4T|3965|3969|3970,3965,3969,3970,336500.0,4,313000.0,337500.0,311276.85533657216,6892.5786537113
214450.KQ,214450,KOSDAQ,파마리서치,KRLEVEL_RR|214450|3T|4003|4005|4007,4003,4005,4007,313000.0,3,305500.0,311500.0,303259.7543279387,8960.982688245227
214450.KQ,214450,KOSDAQ,파마리서치,KRLEVEL_RR|214450|4T|4046|4050|4051,4046,4050,4051,307750.0,4,291500.0,302000.0,289778.6097177692,6885.561128923283
214450.KQ,214450,KOSDAQ,파마리서치,KRLEVEL_RR|214450|2T|4121|4126|4127,4121,4126,4127,290750.0,2,271500.0,288500.0,269284.23177154723,8863.07291381101
214450.KQ,214450,KOSDAQ,파마리서치,KRLEVEL_RR|214450|2T|4169|4170|4172,4169,4170,4172,290750.0,2,283000.0,287000.0,280815.13262821734,8739.469487130556
214450.KQ,214450,KOSDAQ,파마리서치,KRLEVEL_RR|214450|4T|4184|4185|4187,4184,4185,4187,322750.0,4,307000.0,321500.0,304224.6036593141,11101.585362743588
214450.KQ,214450,KOSDAQ,파마리서치,KRLEVEL_RR|214450|2T|4199|4202|4204,4199,4202,4204,367500.0,2,345000.0,366500.0,342195.2200549938,11219.119780024788
214450.KQ,214450,KOSDAQ,파마리서치,KRLEVEL_RR|214450|2T|4223|4227|4228,4223,4227,4228,332500.0,2,308000.0,330500.0,304767.7922346574,12928.831061370414
214450.KQ,214450,KOSDAQ,파마리서치,KRLEVEL_RR|214450|3T|4243|4245|4247,4243,4245,4247,322000.0,3,303500.0,322500.0,300622.28176389897,11510.87294440418
214450.KQ,214450,KOSDAQ,파마리서치,KRLEVEL_RR|214450|2T|4262|4263|4265,4262,4263,4265,309500.0,2,305000.0,309500.0,302008.29472982715,11966.82108069142
214450.KQ,214450,KOSDAQ,파마리서치,KRLEVEL_RR|214450|3T|4289|4290|4291,4289,4290,4291,336000.0,3,330000.0,336500.0,327781.82086968276,8872.71652126894
214450.KQ,214450,KOSDAQ,파마리서치,KRLEVEL_RR|214450|4T|4308|4309|4310,4308,4309,4310,366500.0,4,346000.0,365500.0,343449.0126718849,10203.94931246031
214450.KQ,214450,KOSDAQ,파마리서치,KRLEVEL_RR|214450|4T|4331|4332|4333,4331,4332,4333,366500.0,4,320500.0,365000.0,316887.5025932393,14449.989627042889
214450.KQ,214450,KOSDAQ,파마리서치,KRLEVEL_RR|214450|3T|4353|4354|4355,4353,4354,4355,396000.0,3,376000.0,393000.0,373208.71340111946,11165.146395522162
319660.KQ,319660,KOSDAQ,피에스케이,KRLEVEL_RR|319660|6T|240|241|243,240,241,243,19800.0,6,19010.0,19860.0,18943.67694820263,265.2922071894918
319660.KQ,319660,KOSDAQ,피에스케이,KRLEVEL_RR|319660|2T|294|298|299,294,298,299,18950.0,2,18300.0,18710.0,18236.413170764426,254.34731694229848
319660.KQ,319660,KOSDAQ,피에스케이,KRLEVEL_RR|319660|4T|348|353|354,348,353,354,19060.0,4,18650.0,18900.0,18578.13458334922,287.46166660311826
319660.KQ,319660,KOSDAQ,피에스케이,KRLEVEL_RR|319660|6T|371|377|378,371,377,378,19355.0,6,18900.0,19240.0,18840.328499449643,238.6860022014244
319660.KQ,319660,KOSDAQ,피에스케이,KRLEVEL_RR|319660|2T|390|392|393,390,392,393,20125.0,2,19070.0,20100.0,18999.593380617778,281.62647752889086
319660.KQ,319660,KOSDAQ,피에스케이,KRLEVEL_RR|319660|2T|444|446|448,444,446,448,19965.0,2,19800.0,20000.0,19751.258756994946,194.96497202021735
319660.KQ,319660,KOSDAQ,피에스케이,KRLEVEL_RR|319660|2T|489|490|491,489,490,491,19245.0,2,19020.0,19180.0,18977.613036863488,169.5478525460491
319660.KQ,319660,KOSDAQ,피에스케이,KRLEVEL_RR|319660|2T|505|509|511,505,509,511,20200.0,2,19340.0,20250.0,19272.7891226125,268.8435095500024
319660.KQ,319660,KOSDAQ,피에스케이,KRLEVEL_RR|319660|2T|551|554|555,551,554,555,20200.0,2,20150.0,20250.0,20088.645010719258,245.41995712296332
319660.KQ,319660,KOSDAQ,피에스케이,KRLEVEL_RR|319660|3T|568|571|573,568,571,573,20900.0,3,20050.0,20750.0,19981.10633560492,275.57465758032436
319660.KQ,319660,KOSDAQ,피에스케이,KRLEVEL_RR|319660|2T|594|595|597,594,595,597,21200.0,2,21050.0,21250.0,20973.18601938537,307.25592245851914
319660.KQ,319660,KOSDAQ,피에스케이,KRLEVEL_RR|319660|3T|620|623|625,620,623,625,20900.0,3,20350.0,20750.0,20280.165775193618,279.3368992255318
319660.KQ,319660,KOSDAQ,피에스케이,KRLEVEL_RR|319660|3T|641|643|644,641,643,644,20900.0,3,20250.0,20750.0,20177.404340473786,290.38263810485415
319660.KQ,319660,KOSDAQ,피에스케이,KRLEVEL_RR|319660|2T|727|733|735,727,733,735,20200.0,2,19730.0,20250.0,19664.979906781155,260.08037287537576
319660.KQ,319660,KOSDAQ,피에스케이,KRLEVEL_RR|319660|7T|749|751|753,749,751,753,21800.0,7,20100.0,21700.0,20024.779703163156,300.8811873473724
319660.KQ,319660,KOSDAQ,피에스케이,KRLEVEL_RR|319660|2T|772|776|778,772,776,778,22100.0,2,21650.0,22100.0,21573.476991781466,306.0920328741395
319660.KQ,319660,KOSDAQ,피에스케이,KRLEVEL_RR|319660|4T|806|807|808,806,807,808,22350.0,4,21750.0,22150.0,21660.399275355026,358.40289857989853
319660.KQ,319660,KOSDAQ,피에스케이,KRLEVEL_RR|319660|3T|880|882|884,880,882,884,26650.0,3,25650.0,26700.0,25535.9175921706,456.3296313175907
319660.KQ,319660,KOSDAQ,피에스케이,KRLEVEL_RR|319660|2T|986|987|989,986,987,989,31550.0,2,30000.0,31450.0,29848.23046669066,607.0781332373656
319660.KQ,319660,KOSDAQ,피에스케이,KRLEVEL_RR|319660|3T|1003|1007|1009,1003,1007,1009,31600.0,3,30600.0,31500.0,30444.354655755604,622.5813769775841
319660.KQ,319660,KOSDAQ,피에스케이,KRLEVEL_RR|319660|2T|1068|1069|1070,1068,1069,1070,29575.0,2,28550.0,29500.0,28436.148975195287,455.404099218856
319660.KQ,319660,KOSDAQ,피에스케이,KRLEVEL_RR|319660|5T|1131|1133|1134,1131,1133,1134,31600.0,5,30850.0,31600.0,30723.877786884277,504.48885246288563
319660.KQ,319660,KOSDAQ,피에스케이,KRLEVEL_RR|319660|3T|1208|1212|1213,1208,1212,1213,33450.0,3,31150.0,33100.0,30989.769059972103,640.9237601115892
319660.KQ,319660,KOSDAQ,피에스케이,KRLEVEL_RR|319660|3T|1240|1244|1246,1240,1244,1246,33450.0,3,32650.0,33200.0,32456.26617343409,774.9353062636429
319660.KQ,319660,KOSDAQ,피에스케이,KRLEVEL_RR|319660|2T|1282|1283|1285,1282,1283,1285,33550.0,2,32300.0,33650.0,32152.095867264816,591.616530940741
319660.KQ,319660,KOSDAQ,피에스케이,KRLEVEL_RR|319660|2T|1319|1320|1322,1319,1320,1322,37000.0,2,34550.0,36900.0,34375.303449298844,698.7862028046189
319660.KQ,319660,KOSDAQ,피에스케이,KRLEVEL_RR|319660|2T|1336|1337|1338,1336,1337,1338,37000.0,2,36100.0,36850.0,35929.61287213914,681.5485114434252
319660.KQ,319660,KOSDAQ,피에스케이,KRLEVEL_RR|319660|3T|1381|1382|1383,1381,1382,1383,32150.0,3,31300.0,32150.0,31141.47885849615,634.0845660154023
319660.KQ,319660,KOSDAQ,피에스케이,KRLEVEL_RR|319660|2T|1474|1477|1479,1474,1477,1479,28275.0,2,25550.0,28100.0,25355.94484144407,776.2206342237253
319660.KQ,319660,KOSDAQ,피에스케이,KRLEVEL_RR|319660|2T|1643|1646|1647,1643,1646,1647,22500.0,2,21400.0,22300.0,21319.02689640357,323.89241438571617
319660.KQ,319660,KOSDAQ,피에스케이,KRLEVEL_RR|319660|2T|1702|1706|1708,1702,1706,1708,22675.0,2,22400.0,22700.0,22293.278967790196,426.88412883921194
319660.KQ,319660,KOSDAQ,피에스케이,KRLEVEL_RR|319660|5T|1959|1962|1964,1959,1962,1964,17010.0,5,16380.0,17070.0,16314.213530601377,263.1458775944915
319660.KQ,319660,KOSDAQ,피에스케이,KRLEVEL_RR|319660|2T|1977|1981|1983,1977,1981,1983,17800.0,2,17420.0,17820.0,17357.616294746073,249.53482101571672
319660.KQ,319660,KOSDAQ,피에스케이,KRLEVEL_RR|319660|3T|2008|2011|2013,2008,2011,2013,17020.0,3,16290.0,16970.0,16233.078157485577,227.6873700576885
319660.KQ,319660,KOSDAQ,피에스케이,KRLEVEL_RR|319660|2T|2043|2044|2045,2043,2044,2045,17395.0,2,16210.0,17400.0,16152.602594683669,229.58962126532631
319660.KQ,319660,KOSDAQ,피에스케이,KRLEVEL_RR|319660|2T|2064|2065|2067,2064,2065,2067,19230.0,2,18010.0,19250.0,17926.020675654043,335.91729738383117
319660.KQ,319660,KOSDAQ,피에스케이,KRLEVEL_RR|319660|3T|2121|2122|2123,2121,2122,2123,19170.0,3,18390.0,19230.0,18324.769177463048,260.9232901478139
319660.KQ,319660,KOSDAQ,피에스케이,KRLEVEL_RR|319660|2T|2167|2168|2170,2167,2168,2170,19035.0,2,18140.0,18850.0,18058.191905140553,327.2323794377899
319660.KQ,319660,KOSDAQ,피에스케이,KRLEVEL_RR|319660|2T|2198|2203|2204,2198,2203,2204,19335.0,2,19140.0,19390.0,19066.999027668375,292.0038893265023
319660.KQ,319660,KOSDAQ,피에스케이,KRLEVEL_RR|319660|2T|2306|2310|2312,2306,2310,2312,18480.0,2,17370.0,18400.0,17300.56122281122,277.7551087551292
319660.KQ,319660,KOSDAQ,피에스케이,KRLEVEL_RR|319660|3T|2324|2329|2330,2324,2329,2330,19870.0,3,19150.0,19760.0,19076.24422175238,295.02311299048307
319660.KQ,319660,KOSDAQ,피에스케이,KRLEVEL_RR|319660|2T|2439|2442|2444,2439,2442,2444,17940.0,2,17060.0,17800.0,16981.125472980533,315.498108077873
319660.KQ,319660,KOSDAQ,피에스케이,KRLEVEL_RR|319660|2T|2466|2467|2468,2466,2467,2468,17650.0,2,17280.0,17640.0,17214.523116953933,261.9075321842636
319660.KQ,319660,KOSDAQ,피에스케이,KRLEVEL_RR|319660|2T|2482|2483|2484,2482,2483,2484,18450.0,2,18040.0,18390.0,17984.83527119017,220.65891523931023
319660.KQ,319660,KOSDAQ,피에스케이,KRLEVEL_RR|319660|2T|2522|2525|2527,2522,2525,2527,18480.0,2,18200.0,18400.0,18157.041139532594,171.8354418696191
319660.KQ,319660,KOSDAQ,피에스케이,KRLEVEL_RR|319660|3T|2618|2619|2620,2618,2619,2620,18740.0,3,17920.0,18720.0,17872.183899892803,191.2644004287881
319660.KQ,319660,KOSDAQ,피에스케이,KRLEVEL_RR|319660|3T|2636|2642|2643,2636,2642,2643,19130.0,3,18250.0,18880.0,18191.402928987078,234.38828405168363
319660.KQ,319660,KOSDAQ,피에스케이,KRLEVEL_RR|319660|2T|2660|2663|2664,2660,2663,2664,19845.0,2,19360.0,19770.0,19303.16091044776,227.35635820894944
319660.KQ,319660,KOSDAQ,피에스케이,KRLEVEL_RR|319660|2T|2677|2679|2680,2677,2679,2680,19130.0,2,19110.0,19150.0,19049.621481905102,241.514072379588
319660.KQ,319660,KOSDAQ,피에스케이,KRLEVEL_RR|319660|5T|2792|2794|2796,2792,2794,2796,18900.0,5,18180.0,18880.0,18110.749476188223,277.0020952471037
319660.KQ,319660,KOSDAQ,피에스케이,KRLEVEL_RR|319660|4T|2809|2810|2811,2809,2810,2811,20100.0,4,19610.0,19990.0,19535.05778196068,299.76887215727965
319660.KQ,319660,KOSDAQ,피에스케이,KRLEVEL_RR|319660|5T|2858|2860|2862,2858,2860,2862,20100.0,5,19420.0,20000.0,19346.882056184346,292.47177526261385
319660.KQ,319660,KOSDAQ,피에스케이,KRLEVEL_RR|319660|4T|2906|2910|2911,2906,2910,2911,19860.0,4,19070.0,19710.0,19018.598988840055,205.60404463977832
319660.KQ,319660,KOSDAQ,피에스케이,KRLEVEL_RR|319660|2T|2979|2984|2985,2979,2984,2985,21200.0,2,19980.0,21100.0,19893.649372383174,345.40251046730094
319660.KQ,319660,KOSDAQ,피에스케이,KRLEVEL_RR|319660|2T|3108|3109|3110,3108,3109,3110,32150.0,2,30800.0,32000.0,30628.361657297963,686.5533708081498
319660.KQ,319660,KOSDAQ,피에스케이,KRLEVEL_RR|319660|2T|3123|3124|3126,3123,3124,3126,32150.0,2,31050.0,32100.0,30882.369444941258,670.5222202349682
319660.KQ,319660,KOSDAQ,피에스케이,KRLEVEL_RR|319660|3T|3171|3175|3176,3171,3175,3176,33000.0,3,31600.0,32850.0,31436.50247491565,653.9901003374013
319660.KQ,319660,KOSDAQ,피에스케이,KRLEVEL_RR|319660|4T|3231|3232|3233,3231,3232,3233,38075.0,4,36950.0,38050.0,36754.031794074326,783.8728237026835
319660.KQ,319660,KOSDAQ,피에스케이,KRLEVEL_RR|319660|3T|3437|3443|3444,3437,3443,3444,31750.0,3,30250.0,31450.0,30125.119618570323,499.52152571870755
319660.KQ,319660,KOSDAQ,피에스케이,KRLEVEL_RR|319660|4T|3474|3479|3480,3474,3479,3480,35500.0,4,34600.0,35300.0,34450.780009173424,596.879963306304
319660.KQ,319660,KOSDAQ,피에스케이,KRLEVEL_RR|319660|2T|3504|3505|3506,3504,3505,3506,44450.0,2,40600.0,44100.0,40295.76906994252,1216.9237202299216
319660.KQ,319660,KOSDAQ,피에스케이,KRLEVEL_RR|319660|2T|3584|3586|3587,3584,3586,3587,41975.0,2,38950.0,41450.0,38690.88816467249,1036.4473413100245
319660.KQ,319660,KOSDAQ,피에스케이,KRLEVEL_RR|319660|2T|3662|3668|3669,3662,3668,3669,58150.0,2,57100.0,57800.0,56822.429063362215,1110.2837465511438
319660.KQ,319660,KOSDAQ,피에스케이,KRLEVEL_RR|319660|2T|3701|3702|3703,3701,3702,3703,61550.0,2,60600.0,61800.0,60181.619513727106,1673.5219450915833
319660.KQ,319660,KOSDAQ,피에스케이,KRLEVEL_RR|319660|3T|3722|3725|3727,3722,3725,3727,59100.0,3,57000.0,57100.0,56247.595951700896,3009.6161931964198
319660.KQ,319660,KOSDAQ,피에스케이,KRLEVEL_RR|319660|2T|3739|3741|3743,3739,3741,3743,60150.0,2,55300.0,59700.0,54541.714778718495,3033.1408851260217
319660.KQ,319660,KOSDAQ,피에스케이,KRLEVEL_RR|319660|2T|3758|3759|3760,3758,3759,3760,58150.0,2,57800.0,58400.0,57309.01359705623,1963.9456117750708
319660.KQ,319660,KOSDAQ,피에스케이,KRLEVEL_RR|319660|2T|3839|3841|3843,3839,3841,3843,84450.0,2,75200.0,84800.0,74489.1889805718,2843.244077712814
319660.KQ,319660,KOSDAQ,피에스케이,KRLEVEL_RR|319660|2T|3899|3901|3902,3899,3901,3902,89250.0,2,81500.0,89000.0,80933.53165604691,2265.8733758123644
319660.KQ,319660,KOSDAQ,피에스케이,KRLEVEL_RR|319660|4T|3928|3929|3930,3928,3929,3930,85800.0,4,81200.0,84000.0,80686.48200719469,2054.0719712212717
319660.KQ,319660,KOSDAQ,피에스케이,KRLEVEL_RR|319660|2T|4047|4048|4049,4047,4048,4049,115000.0,2,108000.0,114600.0,107106.15914503008,3575.3634198796685
319660.KQ,319660,KOSDAQ,피에스케이,KRLEVEL_RR|319660|6T|4085|4091|4092,4085,4091,4092,111650.0,6,85100.0,108800.0,83799.90758715135,5200.369651394627
319660.KQ,319660,KOSDAQ,피에스케이,KRLEVEL_RR|319660|2T|4104|4105|4106,4104,4105,4106,132600.0,2,115500.0,133900.0,113880.36860516176,6478.525579352957
319660.KQ,319660,KOSDAQ,피에스케이,KRLEVEL_RR|319660|3T|4196|4197|4199,4196,4197,4199,195500.0,3,173700.0,193000.0,171332.01778601922,9471.928855923135
319660.KQ,319660,KOSDAQ,피에스케이,KRLEVEL_RR|319660|3T|4244|4246|4247,4244,4246,4247,185300.0,3,141800.0,186600.0,139386.94596648504,9652.216134059876
319660.KQ,319660,KOSDAQ,피에스케이,KRLEVEL_RR|319660|4T|4362|4363|4364,4362,4363,4364,130100.0,4,115700.0,128000.0,114478.8895286615,4884.441885354017
214370.KQ,214370,KOSDAQ,케어젠,KRLEVEL_RR|214370|2T|288|289|290,288,289,290,28200.0,2,26900.0,28200.0,26753.66012153591,585.3595138563574
214370.KQ,214370,KOSDAQ,케어젠,KRLEVEL_RR|214370|7T|368|369|371,368,369,371,27350.0,7,26650.0,27400.0,26555.435332767083,378.2586689316616
214370.KQ,214370,KOSDAQ,케어젠,KRLEVEL_RR|214370|5T|390|396|397,390,396,397,27750.0,5,27200.0,27500.0,27111.470599582084,354.11760167167074
214370.KQ,214370,KOSDAQ,케어젠,KRLEVEL_RR|214370|5T|410|412|414,410,412,414,27750.0,5,27600.0,27700.0,27466.640508578632,533.4379656854669
214370.KQ,214370,KOSDAQ,케어젠,KRLEVEL_RR|214370|5T|428|432|433,428,432,433,27750.0,5,27300.0,27750.0,27184.70780204747,461.1687918101268
214370.KQ,214370,KOSDAQ,케어젠,KRLEVEL_RR|214370|6T|444|445|446,444,445,446,28150.0,6,27900.0,28050.0,27785.092877679213,459.6284892831473
214370.KQ,214370,KOSDAQ,케어젠,KRLEVEL_RR|214370|3T|457|458|459,457,458,459,28750.0,3,28000.0,28850.0,27864.440263989683,542.2389440412669
214370.KQ,214370,KOSDAQ,케어젠,KRLEVEL_RR|214370|8T|501|504|505,501,504,505,27350.0,8,26850.0,26950.0,26723.972297240485,504.11081103806043
214370.KQ,214370,KOSDAQ,케어젠,KRLEVEL_RR|214370|2T|647|650|652,647,650,652,21325.0,2,21150.0,21350.0,21033.453926041235,466.18429583506764
214370.KQ,214370,KOSDAQ,케어젠,KRLEVEL_RR|214370|2T|686|689|690,686,689,690,25050.0,2,22200.0,25000.0,22061.62343348701,553.506266051964
214370.KQ,214370,KOSDAQ,케어젠,KRLEVEL_RR|214370|2T|784|786|788,784,786,788,21325.0,2,20850.0,21250.0,20755.528145654895,377.8874173804258
214370.KQ,214370,KOSDAQ,케어젠,KRLEVEL_RR|214370|2T|820|823|825,820,823,825,24100.0,2,23300.0,24150.0,23175.561348266376,497.754606934492
214370.KQ,214370,KOSDAQ,케어젠,KRLEVEL_RR|214370|2T|852|854|856,852,854,856,23400.0,2,22300.0,23450.0,22179.368676200513,482.5252951979446
214370.KQ,214370,KOSDAQ,케어젠,KRLEVEL_RR|214370|4T|880|881|883,880,881,883,23400.0,4,22650.0,23350.0,22540.74075006335,437.0369997465994
214370.KQ,214370,KOSDAQ,케어젠,KRLEVEL_RR|214370|3T|923|926|928,923,926,928,21650.0,3,20900.0,21650.0,20790.52322495328,437.907100186888
214370.KQ,214370,KOSDAQ,케어젠,KRLEVEL_RR|214370|2T|1002|1005|1007,1002,1005,1007,22025.0,2,20950.0,21900.0,20882.065782661015,271.73686935594094
214370.KQ,214370,KOSDAQ,케어젠,KRLEVEL_RR|214370|6T|1054|1056|1058,1054,1056,1058,21625.0,6,20600.0,21500.0,20511.840616556052,352.63753377579593
214370.KQ,214370,KOSDAQ,케어젠,KRLEVEL_RR|214370|3T|1133|1134|1135,1133,1134,1135,23000.0,3,21050.0,22950.0,20899.422236838836,602.3110526446492
214370.KQ,214370,KOSDAQ,케어젠,KRLEVEL_RR|214370|2T|1183|1184|1185,1183,1184,1185,22975.0,2,22650.0,22900.0,22546.235138421718,415.05944631313366
214370.KQ,214370,KOSDAQ,케어젠,KRLEVEL_RR|214370|2T|1197|1198|1200,1197,1198,1200,22975.0,2,22600.0,22900.0,22501.010661447493,395.95735421003087
214370.KQ,214370,KOSDAQ,케어젠,KRLEVEL_RR|214370|3T|1241|1242|1243,1241,1242,1243,22450.0,3,21700.0,22400.0,21597.08559441428,411.6576223428836
214370.KQ,214370,KOSDAQ,케어젠,KRLEVEL_RR|214370|3T|1264|1269|1270,1264,1269,1270,21800.0,3,21700.0,21800.0,21621.390699677206,314.43720129117895
214370.KQ,214370,KOSDAQ,케어젠,KRLEVEL_RR|214370|3T|1289|1292|1294,1289,1292,1294,23000.0,3,22400.0,22900.0,22301.56285836982,393.7485665207176
214370.KQ,214370,KOSDAQ,케어젠,KRLEVEL_RR|214370|2T|1312|1313|1315,1312,1313,1315,23675.0,2,22850.0,23700.0,22749.551377991553,401.79448803378665
214370.KQ,214370,KOSDAQ,케어젠,KRLEVEL_RR|214370|2T|1340|1345|1347,1340,1345,1347,23675.0,2,23650.0,23750.0,23561.597822829906,353.6087086803767
214370.KQ,214370,KOSDAQ,케어젠,KRLEVEL_RR|214370|2T|1378|1379|1380,1378,1379,1380,23675.0,2,21900.0,23600.0,21771.591109063018,513.6355637479355
214370.KQ,214370,KOSDAQ,케어젠,KRLEVEL_RR|214370|2T|1510|1513|1515,1510,1513,1515,17485.0,2,16740.0,17550.0,16671.974827074835,272.1006917006658
214370.KQ,214370,KOSDAQ,케어젠,KRLEVEL_RR|214370|6T|1614|1616|1618,1614,1616,1618,19405.0,6,19060.0,19230.0,18993.789451578672,264.8421936853151
214370.KQ,214370,KOSDAQ,케어젠,KRLEVEL_RR|214370|2T|1708|1711|1712,1708,1711,1712,16620.0,2,16170.0,16490.0,16118.47298671572,206.10805313712004
214370.KQ,214370,KOSDAQ,케어젠,KRLEVEL_RR|214370|2T|1728|1730|1731,1728,1730,1731,16620.0,2,16490.0,16520.0,16436.122372918224,215.51050832710013
214370.KQ,214370,KOSDAQ,케어젠,KRLEVEL_RR|214370|2T|1769|1772|1773,1769,1772,1773,18080.0,2,16630.0,18180.0,16527.115918102172,411.53632759131364
214370.KQ,214370,KOSDAQ,케어젠,KRLEVEL_RR|214370|2T|1898|1899|1901,1898,1899,1901,23925.0,2,22000.0,23600.0,21855.641418840853,577.4343246365835
214370.KQ,214370,KOSDAQ,케어젠,KRLEVEL_RR|214370|4T|1920|1922|1923,1920,1922,1923,24800.0,4,23600.0,24650.0,23456.138852106047,575.4445915758131
214370.KQ,214370,KOSDAQ,케어젠,KRLEVEL_RR|214370|3T|1941|1942|1944,1941,1942,1944,24800.0,3,23800.0,24850.0,23632.15253947928,671.3898420828801
214370.KQ,214370,KOSDAQ,케어젠,KRLEVEL_RR|214370|2T|1979|1981|1983,1979,1981,1983,29500.0,2,27000.0,29550.0,26801.041203430545,795.8351862778222
214370.KQ,214370,KOSDAQ,케어젠,KRLEVEL_RR|214370|3T|2100|2101|2102,2100,2101,2102,30500.0,3,29600.0,30400.0,29403.502994387196,785.9880224512092
214370.KQ,214370,KOSDAQ,케어젠,KRLEVEL_RR|214370|3T|2215|2216|2217,2215,2216,2217,27200.0,3,26500.0,27100.0,26387.119414478555,451.5223420857771
214370.KQ,214370,KOSDAQ,케어젠,KRLEVEL_RR|214370|5T|2370|2374|2376,2370,2374,2376,26100.0,5,23200.0,25300.0,23057.996845295595,568.01261881762
214370.KQ,214370,KOSDAQ,케어젠,KRLEVEL_RR|214370|5T|2540|2541|2542,2540,2541,2542,34250.0,5,32800.0,34350.0,32634.106209038677,663.5751638452977
214370.KQ,214370,KOSDAQ,케어젠,KRLEVEL_RR|214370|3T|2576|2577|2578,2576,2577,2578,33500.0,3,32050.0,33550.0,31869.415926663143,722.3362933474219
214370.KQ,214370,KOSDAQ,케어젠,KRLEVEL_RR|214370|5T|2595|2597|2598,2595,2597,2598,34250.0,5,33350.0,33850.0,33180.66892550422,677.3242979831231
214370.KQ,214370,KOSDAQ,케어젠,KRLEVEL_RR|214370|5T|2666|2667|2669,2666,2667,2669,33500.0,5,32150.0,33550.0,31968.472814699806,726.1087412007744
214370.KQ,214370,KOSDAQ,케어젠,KRLEVEL_RR|214370|3T|2684|2685|2687,2684,2685,2687,35150.0,3,32000.0,34950.0,31790.644814760763,837.4207409569484
214370.KQ,214370,KOSDAQ,케어젠,KRLEVEL_RR|214370|3T|2724|2725|2726,2724,2725,2726,36100.0,3,35050.0,36050.0,34832.2973602268,870.810559092799
214370.KQ,214370,KOSDAQ,케어젠,KRLEVEL_RR|214370|2T|2924|2925|2927,2924,2925,2927,50950.0,2,49500.0,50600.0,49286.44124474843,854.2350210062943
214370.KQ,214370,KOSDAQ,케어젠,KRLEVEL_RR|214370|4T|2950|2951|2952,2950,2951,2952,52200.0,4,51700.0,52400.0,51428.734406205826,1085.0623751767125
214370.KQ,214370,KOSDAQ,케어젠,KRLEVEL_RR|214370|3T|2978|2981|2982,2978,2981,2982,54000.0,3,51500.0,53700.0,51184.090242263024,1263.639030947904
214370.KQ,214370,KOSDAQ,케어젠,KRLEVEL_RR|214370|2T|3068|3069|3071,3068,3069,3071,61200.0,2,59200.0,61100.0,58856.73979708916,1373.0408116433466
214370.KQ,214370,KOSDAQ,케어젠,KRLEVEL_RR|214370|4T|3088|3091|3093,3088,3091,3093,62700.0,4,62500.0,62600.0,62188.65495972027,1245.380161118922
214370.KQ,214370,KOSDAQ,케어젠,KRLEVEL_RR|214370|4T|3157|3158|3159,3157,3158,3159,63900.0,4,60600.0,63300.0,60177.14793657056,1691.40825371776
214370.KQ,214370,KOSDAQ,케어젠,KRLEVEL_RR|214370|3T|3197|3198|3199,3197,3198,3199,60800.0,3,60000.0,61100.0,59672.70060925261,1309.197562989533
214370.KQ,214370,KOSDAQ,케어젠,KRLEVEL_RR|214370|4T|3210|3211|3212,3210,3211,3212,63250.0,4,59800.0,63100.0,59456.27629709011,1374.8948116395486
214370.KQ,214370,KOSDAQ,케어젠,KRLEVEL_RR|214370|4T|3242|3243|3244,3242,3243,3244,60950.0,4,59100.0,61100.0,58709.14996640472,1563.4001343811208
214370.KQ,214370,KOSDAQ,케어젠,KRLEVEL_RR|214370|8T|3259|3265|3266,3259,3265,3266,64975.0,8,63300.0,65200.0,62750.31099445213,2198.7560221914946
214370.KQ,214370,KOSDAQ,케어젠,KRLEVEL_RR|214370|4T|3415|3417|3419,3415,3417,3419,64925.0,4,63800.0,64600.0,63447.51026495822,1409.958940167124
214370.KQ,214370,KOSDAQ,케어젠,KRLEVEL_RR|214370|6T|3446|3451|3452,3446,3451,3452,67200.0,6,65200.0,67400.0,64768.09720639144,1727.6111744342397
214370.KQ,214370,KOSDAQ,케어젠,KRLEVEL_RR|214370|5T|3491|3497|3498,3491,3497,3498,74800.0,5,69600.0,74000.0,69164.57323721558,1741.7070511376671
214370.KQ,214370,KOSDAQ,케어젠,KRLEVEL_RR|214370|2T|3509|3514|3515,3509,3514,3515,75950.0,2,71300.0,75100.0,70776.57430619816,2093.7027752073263
214370.KQ,214370,KOSDAQ,케어젠,KRLEVEL_RR|214370|3T|3606|3609|3611,3606,3609,3611,120500.0,3,115100.0,118900.0,114157.8526886298,3768.5892454807918
214370.KQ,214370,KOSDAQ,케어젠,KRLEVEL_RR|214370|2T|3646|3649|3651,3646,3649,3651,138400.0,2,131000.0,135000.0,130032.39066999704,3870.4373200118303
214370.KQ,214370,KOSDAQ,케어젠,KRLEVEL_RR|214370|6T|3667|3668|3669,3667,3668,3669,121450.0,6,105000.0,122100.0,103571.16143218322,5715.354271267124
214370.KQ,214370,KOSDAQ,케어젠,KRLEVEL_RR|214370|3T|3684|3686|3687,3684,3686,3687,131300.0,3,116000.0,129500.0,114645.97977530373,5416.0808987851005
214370.KQ,214370,KOSDAQ,케어젠,KRLEVEL_RR|214370|2T|3782|3784|3785,3782,3784,3785,96050.0,2,89900.0,95400.0,88945.48104168542,3818.075833258309
214370.KQ,214370,KOSDAQ,케어젠,KRLEVEL_RR|214370|2T|3829|3830|3831,3829,3830,3831,88850.0,2,81100.0,88400.0,80362.13678658058,2951.452853677651
214370.KQ,214370,KOSDAQ,케어젠,KRLEVEL_RR|214370|2T|3848|3850|3852,3848,3850,3852,98000.0,2,92700.0,98500.0,92132.57365771678,2269.7053691328583
214370.KQ,214370,KOSDAQ,케어젠,KRLEVEL_RR|214370|2T|3870|3875|3877,3870,3875,3877,101750.0,2,91100.0,102400.0,90317.92609034423,3128.2956386230385
214370.KQ,214370,KOSDAQ,케어젠,KRLEVEL_RR|214370|3T|3934|3937|3938,3934,3937,3938,95900.0,3,93000.0,95000.0,92237.90113988268,3048.3954404692904
214370.KQ,214370,KOSDAQ,케어젠,KRLEVEL_RR|214370|2T|3970|3971|3973,3970,3971,3973,88850.0,2,82900.0,86600.0,81964.7522799357,3740.9908802572154
214370.KQ,214370,KOSDAQ,케어젠,KRLEVEL_RR|214370|2T|3989|3995|3996,3989,3995,3996,88850.0,2,84700.0,88700.0,83962.02292882357,2951.908284705739
214370.KQ,214370,KOSDAQ,케어젠,KRLEVEL_RR|214370|2T|4055|4056|4058,4055,4056,4058,76350.0,2,71300.0,74900.0,70571.61190165281,2913.55239338876
214370.KQ,214370,KOSDAQ,케어젠,KRLEVEL_RR|214370|2T|4141|4142|4144,4141,4142,4144,73900.0,2,67600.0,73000.0,66992.27957466635,2430.881701334599
108490.KQ,108490,KOSDAQ,로보티즈,KRLEVEL_RR|108490|2T|246|249|250,246,249,250,22825.0,2,21550.0,22750.0,21452.53520144034,389.85919423864266
108490.KQ,108490,KOSDAQ,로보티즈,KRLEVEL_RR|108490|3T|396|397|399,396,397,399,26450.0,3,25400.0,26350.0,25261.49732641634,554.0106943346495
108490.KQ,108490,KOSDAQ,로보티즈,KRLEVEL_RR|108490|4T|419|422|423,419,422,423,26325.0,4,25900.0,26200.0,25788.127292478126,447.49083008748966
108490.KQ,108490,KOSDAQ,로보티즈,KRLEVEL_RR|108490|2T|443|444|445,443,444,445,26950.0,2,25800.0,26850.0,25668.831370867458,524.674516530174
108490.KQ,108490,KOSDAQ,로보티즈,KRLEVEL_RR|108490|2T|497|498|500,497,498,500,27675.0,2,24000.0,27600.0,23846.899954061115,612.4001837555384
108490.KQ,108490,KOSDAQ,로보티즈,KRLEVEL_RR|108490|2T|529|531|532,529,531,532,27675.0,2,27400.0,27700.0,27288.38228755085,446.4708497966052
108490.KQ,108490,KOSDAQ,로보티즈,KRLEVEL_RR|108490|2T|547|548|550,547,548,550,27675.0,2,27200.0,27650.0,27094.112674839063,423.54930064375185
108490.KQ,108490,KOSDAQ,로보티즈,KRLEVEL_RR|108490|2T|563|564|566,563,564,566,29425.0,2,27850.0,29500.0,27693.60517139358,625.5793144256753
108490.KQ,108490,KOSDAQ,로보티즈,KRLEVEL_RR|108490|2T|615|621|622,615,621,622,29425.0,2,28800.0,29500.0,28603.040313648067,787.8387454077247
108490.KQ,108490,KOSDAQ,로보티즈,KRLEVEL_RR|108490|4T|745|746|748,745,746,748,27425.0,4,26150.0,27400.0,26018.35886818407,526.5645272637204
108490.KQ,108490,KOSDAQ,로보티즈,KRLEVEL_RR|108490|3T|901|902|904,901,902,904,27000.0,3,26700.0,26950.0,26626.458552788234,294.16578884706576
108490.KQ,108490,KOSDAQ,로보티즈,KRLEVEL_RR|108490|7T|1230|1231|1233,1230,1231,1233,24050.0,7,22350.0,24050.0,22254.787017277467,380.85193089012887
108490.KQ,108490,KOSDAQ,로보티즈,KRLEVEL_RR|108490|2T|1288|1289|1291,1288,1289,1291,23200.0,2,22650.0,22900.0,22571.806454698777,312.7741812048986
108490.KQ,108490,KOSDAQ,로보티즈,KRLEVEL_RR|108490|2T|1345|1346|1347,1345,1346,1347,23475.0,2,23350.0,23500.0,23282.3250443203,270.69982271880565
108490.KQ,108490,KOSDAQ,로보티즈,KRLEVEL_RR|108490|2T|1630|1634|1636,1630,1634,1636,19125.0,2,18520.0,19150.0,18461.790468847004,232.83812461197547
108490.KQ,108490,KOSDAQ,로보티즈,KRLEVEL_RR|108490|2T|1660|1662|1663,1660,1662,1663,19680.0,2,19100.0,19630.0,19052.76059956539,188.95760173844414
108490.KQ,108490,KOSDAQ,로보티즈,KRLEVEL_RR|108490|2T|1702|1704|1705,1702,1704,1705,19125.0,2,18790.0,19080.0,18737.73273764799,209.0690494080275
108490.KQ,108490,KOSDAQ,로보티즈,KRLEVEL_RR|108490|3T|1817|1818|1819,1817,1818,1819,17700.0,3,17250.0,17710.0,17188.31838012375,246.72647950499442
108490.KQ,108490,KOSDAQ,로보티즈,KRLEVEL_RR|108490|7T|1863|1865|1867,1863,1865,1867,19660.0,7,16570.0,19510.0,16406.052603459924,655.7895861602998
108490.KQ,108490,KOSDAQ,로보티즈,KRLEVEL_RR|108490|5T|1878|1879|1881,1878,1879,1881,19330.0,5,19040.0,19270.0,18868.407532892394,686.3698684304236
108490.KQ,108490,KOSDAQ,로보티즈,KRLEVEL_RR|108490|7T|1956|1957|1958,1956,1957,1958,18430.0,7,17980.0,18490.0,17869.790626285503,440.8374948579846
108490.KQ,108490,KOSDAQ,로보티즈,KRLEVEL_RR|108490|3T|1970|1971|1972,1970,1971,1972,18720.0,3,17980.0,18750.0,17889.915635945457,360.3374562181677
108490.KQ,108490,KOSDAQ,로보티즈,KRLEVEL_RR|108490|3T|2013|2016|2017,2013,2016,2017,20850.0,3,18070.0,20600.0,17952.11069810742,471.557207570325
108490.KQ,108490,KOSDAQ,로보티즈,KRLEVEL_RR|108490|3T|2035|2036|2037,2035,2036,2037,23100.0,3,21000.0,23150.0,20789.32707728372,842.6916908651199
108490.KQ,108490,KOSDAQ,로보티즈,KRLEVEL_RR|108490|3T|2067|2068|2070,2067,2068,2070,27500.0,3,25100.0,27550.0,24849.75668318323,1000.9732672670834
108490.KQ,108490,KOSDAQ,로보티즈,KRLEVEL_RR|108490|2T|2097|2102|2103,2097,2102,2103,32400.0,2,30900.0,32100.0,30668.44834159589,926.2066336164418
108490.KQ,108490,KOSDAQ,로보티즈,KRLEVEL_RR|108490|2T|2211|2212|2213,2211,2212,2213,36350.0,2,33200.0,36450.0,32954.663165105994,981.3473395760192
108490.KQ,108490,KOSDAQ,로보티즈,KRLEVEL_RR|108490|4T|2288|2292|2294,2288,2292,2294,33975.0,4,31600.0,33500.0,31322.684760510132,1109.2609579594673
108490.KQ,108490,KOSDAQ,로보티즈,KRLEVEL_RR|108490|3T|2310|2311|2312,2310,2311,2312,36500.0,3,32100.0,36400.0,31860.208881743885,959.1644730244552
108490.KQ,108490,KOSDAQ,로보티즈,KRLEVEL_RR|108490|2T|2348|2352|2354,2348,2352,2354,32800.0,2,31850.0,32550.0,31689.12719458314,643.4912216674435
108490.KQ,108490,KOSDAQ,로보티즈,KRLEVEL_RR|108490|6T|2390|2394|2396,2390,2394,2396,32875.0,6,31400.0,32800.0,31220.115763738573,719.5369450457029
108490.KQ,108490,KOSDAQ,로보티즈,KRLEVEL_RR|108490|8T|2434|2435|2437,2434,2435,2437,32925.0,8,29100.0,32500.0,28922.269948362784,710.9202065488649
108490.KQ,108490,KOSDAQ,로보티즈,KRLEVEL_RR|108490|2T|2466|2467|2468,2466,2467,2468,34550.0,2,34150.0,34600.0,33996.49723260156,614.0110695937618
108490.KQ,108490,KOSDAQ,로보티즈,KRLEVEL_RR|108490|2T|2523|2525|2526,2523,2525,2526,36600.0,2,33550.0,36700.0,33410.53159147477,557.8736341009138
108490.KQ,108490,KOSDAQ,로보티즈,KRLEVEL_RR|108490|2T|2547|2550|2552,2547,2550,2552,37300.0,2,36100.0,37400.0,35921.49704566193,714.0118173522789
108490.KQ,108490,KOSDAQ,로보티즈,KRLEVEL_RR|108490|2T|2608|2613|2614,2608,2613,2614,56400.0,2,55200.0,56100.0,54836.52228724026,1453.910851038963
108490.KQ,108490,KOSDAQ,로보티즈,KRLEVEL_RR|108490|2T|2625|2626|2627,2625,2626,2627,56400.0,2,55500.0,56100.0,55208.70033680043,1165.198652798276
108490.KQ,108490,KOSDAQ,로보티즈,KRLEVEL_RR|108490|3T|2666|2667|2668,2666,2667,2668,59500.0,3,58000.0,59500.0,57648.04169953833,1407.8332018466997
108490.KQ,108490,KOSDAQ,로보티즈,KRLEVEL_RR|108490|3T|2692|2694|2695,2692,2694,2695,56300.0,3,54600.0,55700.0,54266.95340091367,1332.1863963453138
108490.KQ,108490,KOSDAQ,로보티즈,KRLEVEL_RR|108490|2T|2707|2709|2710,2707,2709,2710,62650.0,2,54500.0,63100.0,54006.587820405075,1973.6487183796974
108490.KQ,108490,KOSDAQ,로보티즈,KRLEVEL_RR|108490|3T|2730|2731|2733,2730,2731,2733,68800.0,3,66500.0,68900.0,65857.93221412647,2568.2711434941125
108490.KQ,108490,KOSDAQ,로보티즈,KRLEVEL_RR|108490|2T|2752|2753|2754,2752,2753,2754,68600.0,2,67900.0,68300.0,67436.36970845892,1854.5211661643118
108490.KQ,108490,KOSDAQ,로보티즈,KRLEVEL_RR|108490|6T|2768|2771|2772,2768,2771,2772,68950.0,6,65200.0,68200.0,64790.579835994366,1637.6806560225273
108490.KQ,108490,KOSDAQ,로보티즈,KRLEVEL_RR|108490|3T|2899|2901|2902,2899,2901,2902,81900.0,3,75900.0,81200.0,75509.75427502666,1560.9828998933453
108490.KQ,108490,KOSDAQ,로보티즈,KRLEVEL_RR|108490|2T|2966|2969|2970,2966,2969,2970,83900.0,2,75000.0,82700.0,74491.0185495389,2035.9258018443875
108490.KQ,108490,KOSDAQ,로보티즈,KRLEVEL_RR|108490|2T|3008|3011|3012,3008,3011,3012,94850.0,2,87400.0,93700.0,86609.44588689793,3162.2164524083105
108490.KQ,108490,KOSDAQ,로보티즈,KRLEVEL_RR|108490|2T|3056|3060|3062,3056,3060,3062,100150.0,2,95700.0,99600.0,95092.32828787931,2430.686848482779
108490.KQ,108490,KOSDAQ,로보티즈,KRLEVEL_RR|108490|3T|3116|3117|3118,3116,3117,3118,154500.0,3,145500.0,153000.0,144106.75064963702,5572.9974014518775
108490.KQ,108490,KOSDAQ,로보티즈,KRLEVEL_RR|108490|3T|3129|3131|3133,3129,3131,3133,154500.0,3,145600.0,154400.0,144110.3124556285,5958.750177485932
108490.KQ,108490,KOSDAQ,로보티즈,KRLEVEL_RR|108490|2T|3215|3216|3218,3215,3216,3218,191350.0,2,188700.0,190900.0,187634.85639170432,4260.574433182726
108490.KQ,108490,KOSDAQ,로보티즈,KRLEVEL_RR|108490|4T|3332|3338|3339,3332,3338,3339,198700.0,4,188600.0,199400.0,187091.73570862398,6033.0571655040985
108490.KQ,108490,KOSDAQ,로보티즈,KRLEVEL_RR|108490|3T|3351|3353|3355,3351,3353,3355,210500.0,3,193800.0,211000.0,192173.1042096308,6507.5831614767685
108490.KQ,108490,KOSDAQ,로보티즈,KRLEVEL_RR|108490|2T|3368|3371|3372,3368,3371,3372,243000.0,2,197000.0,239000.0,194997.58024156783,8009.679033728703
108490.KQ,108490,KOSDAQ,로보티즈,KRLEVEL_RR|108490|2T|3391|3394|3396,3391,3394,3396,281750.0,2,282500.0,284500.0,279795.33529141534,10818.658834338723
108490.KQ,108490,KOSDAQ,로보티즈,KRLEVEL_RR|108490|2T|3575|3576|3577,3575,3576,3577,246000.0,2,244500.0,245500.0,242737.89175946187,7048.43296215257
108490.KQ,108490,KOSDAQ,로보티즈,KRLEVEL_RR|108490|4T|3593|3597|3598,3593,3597,3598,301000.0,4,246500.0,296000.0,243947.13368186628,10211.46527253486
108490.KQ,108490,KOSDAQ,로보티즈,KRLEVEL_RR|108490|5T|3641|3645|3646,3641,3645,3646,273500.0,5,265500.0,271500.0,263524.2847663757,7902.860934497102
108490.KQ,108490,KOSDAQ,로보티즈,KRLEVEL_RR|108490|2T|3672|3674|3676,3672,3674,3676,280500.0,2,280000.0,281000.0,278570.5936826346,5717.625269461633
108490.KQ,108490,KOSDAQ,로보티즈,KRLEVEL_RR|108490|2T|3694|3695|3696,3694,3695,3696,276500.0,2,268500.0,274500.0,267300.059629417,4799.761482331936
108490.KQ,108490,KOSDAQ,로보티즈,KRLEVEL_RR|108490|4T|3731|3733|3734,3731,3733,3734,244750.0,4,201000.0,240500.0,198187.07766382338,11251.689344706425
108490.KQ,108490,KOSDAQ,로보티즈,KRLEVEL_RR|108490|2T|3833|3839|3840,3833,3839,3840,250000.0,2,237500.0,249500.0,235567.98094037134,7728.076238514655
108490.KQ,108490,KOSDAQ,로보티즈,KRLEVEL_RR|108490|2T|3871|3872|3873,3871,3872,3873,250000.0,2,228500.0,250500.0,226862.45241854133,6550.190325834728
108490.KQ,108490,KOSDAQ,로보티즈,KRLEVEL_RR|108490|4T|3899|3901|3902,3899,3901,3902,253500.0,4,235000.0,250500.0,233910.76467999586,4356.94128001651
108490.KQ,108490,KOSDAQ,로보티즈,KRLEVEL_RR|108490|3T|3917|3918|3919,3917,3918,3919,277000.0,3,265500.0,278000.0,263761.8913800578,6952.4344797688755
108490.KQ,108490,KOSDAQ,로보티즈,KRLEVEL_RR|108490|2T|3938|3939|3941,3938,3939,3941,283750.0,2,262000.0,285000.0,259241.22486103157,11035.100555873683
108490.KQ,108490,KOSDAQ,로보티즈,KRLEVEL_RR|108490|2T|3997|4000|4001,3997,4000,4001,342750.0,2,324000.0,331500.0,320088.15989297506,15647.36042809968
108490.KQ,108490,KOSDAQ,로보티즈,KRLEVEL_RR|108490|2T|4039|4041|4042,4039,4041,4042,299250.0,2,247000.0,299000.0,244187.8235311912,11248.705875235146
108490.KQ,108490,KOSDAQ,로보티즈,KRLEVEL_RR|108490|2T|4242|4243|4244,4242,4243,4244,214000.0,2,193300.0,214000.0,191208.0136900408,8367.945239836848
108490.KQ,108490,KOSDAQ,로보티즈,KRLEVEL_RR|108490|2T|4330|4331|4332,4330,4331,4332,186150.0,2,156000.0,180800.0,153419.1164131591,10323.534347363626
145020.KQ,145020,KOSDAQ,휴젤,KRLEVEL_RR|145020|6T|337|339|340,337,339,340,140100.0,6,138000.0,140100.0,137533.94168957835,1864.233241686633
145020.KQ,145020,KOSDAQ,휴젤,KRLEVEL_RR|145020|3T|351|352|353,351,352,353,139500.0,3,138600.0,139500.0,138176.10104889402,1695.5958044238664
145020.KQ,145020,KOSDAQ,휴젤,KRLEVEL_RR|145020|3T|413|414|415,413,414,415,149900.0,3,146200.0,149600.0,145795.87810279368,1616.4875888252914
145020.KQ,145020,KOSDAQ,휴젤,KRLEVEL_RR|145020|4T|495|498|500,495,498,500,149950.0,4,147400.0,148700.0,146861.74933313526,2153.0026674589294
145020.KQ,145020,KOSDAQ,휴젤,KRLEVEL_RR|145020|2T|513|518|519,513,518,519,155050.0,2,150800.0,154200.0,150363.92381732058,1744.304730717648
145020.KQ,145020,KOSDAQ,휴젤,KRLEVEL_RR|145020|2T|576|577|578,576,577,578,149200.0,2,139500.0,148500.0,139064.00785679813,1743.9685728074592
145020.KQ,145020,KOSDAQ,휴젤,KRLEVEL_RR|145020|5T|589|593|595,589,593,595,157300.0,5,156200.0,156500.0,155624.73055635218,2301.07777459126
145020.KQ,145020,KOSDAQ,휴젤,KRLEVEL_RR|145020|7T|609|612|614,609,612,614,157300.0,7,153200.0,157600.0,152692.99536117885,2028.0185552846247
145020.KQ,145020,KOSDAQ,휴젤,KRLEVEL_RR|145020|2T|628|633|635,628,633,635,162350.0,2,157900.0,160800.0,157290.7314091322,2437.0743634712267
145020.KQ,145020,KOSDAQ,휴젤,KRLEVEL_RR|145020|8T|652|657|658,652,657,658,161200.0,8,158900.0,159700.0,158357.49504133148,2170.0198346740644
145020.KQ,145020,KOSDAQ,휴젤,KRLEVEL_RR|145020|2T|678|679|680,678,679,680,155050.0,2,155000.0,155400.0,154499.49474098152,2002.0210360739713
145020.KQ,145020,KOSDAQ,휴젤,KRLEVEL_RR|145020|2T|693|694|695,693,694,695,153300.0,2,152400.0,153000.0,151855.1934916735,2179.226033306014
145020.KQ,145020,KOSDAQ,휴젤,KRLEVEL_RR|145020|2T|707|708|709,707,708,709,153300.0,2,151700.0,153200.0,151110.0415673719,2359.83373051245
145020.KQ,145020,KOSDAQ,휴젤,KRLEVEL_RR|145020|4T|748|750|751,748,750,751,157100.0,4,147100.0,155600.0,146454.85153118067,2580.593875277308
145020.KQ,145020,KOSDAQ,휴젤,KRLEVEL_RR|145020|3T|949|950|952,949,950,952,194300.0,3,191000.0,194800.0,190243.5701510833,3025.7193956669007
145020.KQ,145020,KOSDAQ,휴젤,KRLEVEL_RR|145020|2T|985|991|992,985,991,992,196800.0,2,192600.0,194400.0,191863.33711675808,2946.651532967729
145020.KQ,145020,KOSDAQ,휴젤,KRLEVEL_RR|145020|2T|1024|1025|1027,1024,1025,1027,205250.0,2,198100.0,205500.0,197334.21293299782,3063.1482680087547
145020.KQ,145020,KOSDAQ,휴젤,KRLEVEL_RR|145020|3T|1052|1054|1055,1052,1054,1055,208000.0,3,203000.0,208500.0,202154.0963888438,3383.6144446247713
145020.KQ,145020,KOSDAQ,휴젤,KRLEVEL_RR|145020|3T|1088|1089|1090,1088,1089,1090,199100.0,3,197000.0,199100.0,196117.53084956543,3529.8766017382595
145020.KQ,145020,KOSDAQ,휴젤,KRLEVEL_RR|145020|3T|1204|1206|1208,1204,1206,1208,208000.0,3,194000.0,208500.0,193030.56531302186,3877.7387479125264
145020.KQ,145020,KOSDAQ,휴젤,KRLEVEL_RR|145020|2T|1237|1238|1240,1237,1238,1240,223500.0,2,204000.0,222000.0,202425.55325148848,6297.786994046093
145020.KQ,145020,KOSDAQ,휴젤,KRLEVEL_RR|145020|2T|1381|1386|1387,1381,1386,1387,219500.0,2,215000.0,217000.0,214287.79589838767,2848.816406449295
145020.KQ,145020,KOSDAQ,휴젤,KRLEVEL_RR|145020|2T|1402|1403|1404,1402,1403,1404,220500.0,2,217500.0,219500.0,216533.9810044164,3864.0759823344856
145020.KQ,145020,KOSDAQ,휴젤,KRLEVEL_RR|145020|2T|1420|1422|1423,1420,1422,1423,246250.0,2,241500.0,245500.0,239968.03303657574,6127.8678536970865
145020.KQ,145020,KOSDAQ,휴젤,KRLEVEL_RR|145020|5T|1463|1464|1465,1463,1464,1465,237500.0,5,203000.0,236500.0,201318.89963926532,6724.4014429386825
145020.KQ,145020,KOSDAQ,휴젤,KRLEVEL_RR|145020|2T|1485|1489|1490,1485,1489,1490,252250.0,2,223000.0,250000.0,221315.81819539834,6736.727218406637
145020.KQ,145020,KOSDAQ,휴젤,KRLEVEL_RR|145020|2T|1558|1560|1561,1558,1560,1561,269500.0,2,268000.0,269000.0,266876.7563317304,4492.97467307839
145020.KQ,145020,KOSDAQ,휴젤,KRLEVEL_RR|145020|2T|1618|1621|1623,1618,1621,1623,252250.0,2,249500.0,252500.0,248538.03643033153,3847.854278673904
145020.KQ,145020,KOSDAQ,휴젤,KRLEVEL_RR|145020|3T|1686|1688|1690,1686,1688,1690,257000.0,3,235000.0,257500.0,233881.28875326746,4474.844986930125
145020.KQ,145020,KOSDAQ,휴젤,KRLEVEL_RR|145020|2T|1702|1707|1709,1702,1707,1709,253000.0,2,240000.0,254500.0,238335.72802346543,6657.087906138231
145020.KQ,145020,KOSDAQ,휴젤,KRLEVEL_RR|145020|2T|1774|1778|1779,1774,1778,1779,270250.0,2,263500.0,270000.0,262379.7055608278,4481.1777566888
145020.KQ,145020,KOSDAQ,휴젤,KRLEVEL_RR|145020|6T|1846|1850|1851,1846,1850,1851,272750.0,6,261500.0,273500.0,259890.13201719397,6439.471931224147
145020.KQ,145020,KOSDAQ,휴젤,KRLEVEL_RR|145020|2T|1866|1867|1869,1866,1867,1869,270250.0,2,267500.0,268500.0,266179.4358498101,5282.256600759576
145020.KQ,145020,KOSDAQ,휴젤,KRLEVEL_RR|145020|2T|1903|1908|1910,1903,1908,1910,266250.0,2,253500.0,266500.0,252364.3389715886,4542.644113645642
145020.KQ,145020,KOSDAQ,휴젤,KRLEVEL_RR|145020|3T|1953|1954|1956,1953,1954,1956,261000.0,3,249500.0,262500.0,247745.49491545127,7018.020338194922
145020.KQ,145020,KOSDAQ,휴젤,KRLEVEL_RR|145020|6T|1989|1992|1993,1989,1992,1993,272750.0,6,266500.0,273000.0,265404.7971035994,4380.811585602452
145020.KQ,145020,KOSDAQ,휴젤,KRLEVEL_RR|145020|5T|2010|2013|2015,2010,2013,2015,280500.0,5,276000.0,278500.0,274893.51160778315,4425.953568867352
145020.KQ,145020,KOSDAQ,휴젤,KRLEVEL_RR|145020|3T|2031|2033|2035,2031,2033,2035,273000.0,3,271500.0,273000.0,270353.33626628347,4586.654934866081
145020.KQ,145020,KOSDAQ,휴젤,KRLEVEL_RR|145020|2T|2050|2051|2052,2050,2051,2052,261000.0,2,260500.0,261500.0,259503.18974471153,3987.241021153863
145020.KQ,145020,KOSDAQ,휴젤,KRLEVEL_RR|145020|3T|2078|2082|2083,2078,2082,2083,266500.0,3,258500.0,266000.0,257672.56215234945,3309.7513906022464
145020.KQ,145020,KOSDAQ,휴젤,KRLEVEL_RR|145020|2T|2159|2162|2163,2159,2162,2163,244500.0,2,238000.0,241500.0,236938.39450223173,4246.421991073055
145020.KQ,145020,KOSDAQ,휴젤,KRLEVEL_RR|145020|4T|2198|2199|2200,2198,2199,2200,280750.0,4,255000.0,280500.0,253715.233364242,5139.066543031912
145020.KQ,145020,KOSDAQ,휴젤,KRLEVEL_RR|145020|4T|2223|2224|2225,2223,2224,2225,286000.0,4,278000.0,286000.0,277008.62273175,3965.509073000041
145020.KQ,145020,KOSDAQ,휴젤,KRLEVEL_RR|145020|2T|2297|2298|2300,2297,2298,2300,325500.0,2,312500.0,326000.0,310810.6825477039,6757.269809184443
145020.KQ,145020,KOSDAQ,휴젤,KRLEVEL_RR|145020|2T|2311|2315|2317,2311,2315,2317,331250.0,2,328500.0,329500.0,327318.0628775351,4727.7484898594885
145020.KQ,145020,KOSDAQ,휴젤,KRLEVEL_RR|145020|2T|2334|2335|2336,2334,2335,2336,331250.0,2,321500.0,330000.0,320265.5750979421,4937.699608231742
145020.KQ,145020,KOSDAQ,휴젤,KRLEVEL_RR|145020|4T|2426|2427|2428,2426,2427,2428,330000.0,4,321000.0,330500.0,319299.05359963846,6803.785601446228
145020.KQ,145020,KOSDAQ,휴젤,KRLEVEL_RR|145020|2T|2447|2453|2454,2447,2453,2454,332750.0,2,328000.0,330500.0,326557.13745430805,5771.450182767887
145020.KQ,145020,KOSDAQ,휴젤,KRLEVEL_RR|145020|5T|2465|2466|2468,2465,2466,2468,340000.0,5,330000.0,340000.0,328713.8782337446,5144.487065021686
145020.KQ,145020,KOSDAQ,휴젤,KRLEVEL_RR|145020|2T|2484|2485|2487,2484,2485,2487,350250.0,2,346000.0,349000.0,344686.63591929356,5253.456322825707
145020.KQ,145020,KOSDAQ,휴젤,KRLEVEL_RR|145020|2T|2506|2507|2508,2506,2507,2508,366750.0,2,347000.0,361000.0,345626.1730460949,5495.307815620395
145020.KQ,145020,KOSDAQ,휴젤,KRLEVEL_RR|145020|2T|2529|2530|2531,2529,2530,2531,363750.0,2,353000.0,361000.0,351644.8720024119,5420.511990352328
145020.KQ,145020,KOSDAQ,휴젤,KRLEVEL_RR|145020|4T|2558|2560|2562,2558,2560,2562,349250.0,4,336000.0,348000.0,334687.02237236605,5251.9105105359085
145020.KQ,145020,KOSDAQ,휴젤,KRLEVEL_RR|145020|2T|2630|2634|2636,2630,2634,2636,335750.0,2,320000.0,334500.0,318771.22134034015,4915.114638639333
145020.KQ,145020,KOSDAQ,휴젤,KRLEVEL_RR|145020|2T|2649|2650|2652,2649,2650,2652,340000.0,2,333000.0,338500.0,331730.6833144624,5077.266742150186
145020.KQ,145020,KOSDAQ,휴젤,KRLEVEL_RR|145020|2T|2666|2667|2668,2666,2667,2668,372500.0,2,366500.0,371500.0,364963.970957767,6144.116168932069
145020.KQ,145020,KOSDAQ,휴젤,KRLEVEL_RR|145020|3T|2691|2692|2694,2691,2692,2694,377000.0,3,352500.0,377500.0,350736.8337107653,7052.665156938908
145020.KQ,145020,KOSDAQ,휴젤,KRLEVEL_RR|145020|2T|2716|2718|2720,2716,2718,2720,368750.0,2,358000.0,368500.0,356290.03851444414,6839.845942223352
145020.KQ,145020,KOSDAQ,휴젤,KRLEVEL_RR|145020|2T|2739|2741|2742,2739,2741,2742,380000.0,2,366000.0,379000.0,364586.98312646314,5652.067494147553
145020.KQ,145020,KOSDAQ,휴젤,KRLEVEL_RR|145020|5T|2904|2905|2906,2904,2905,2906,338500.0,5,323000.0,339500.0,320908.5033055087,8365.98677796531
145020.KQ,145020,KOSDAQ,휴젤,KRLEVEL_RR|145020|3T|2983|2984|2985,2983,2984,2985,315000.0,3,309500.0,311500.0,308454.65431871143,4181.3827251541725
145020.KQ,145020,KOSDAQ,휴젤,KRLEVEL_RR|145020|3T|2999|3001|3002,2999,3001,3002,315000.0,3,311000.0,314000.0,309662.86372759624,5348.545089615104
145020.KQ,145020,KOSDAQ,휴젤,KRLEVEL_RR|145020|2T|3290|3291|3292,3290,3291,3292,231000.0,2,220000.0,231000.0,219057.91568818776,3768.337247249029
145020.KQ,145020,KOSDAQ,휴젤,KRLEVEL_RR|145020|3T|3427|3429|3430,3427,3429,3430,225500.0,3,221000.0,223000.0,219991.0993314158,4035.602674336723
145020.KQ,145020,KOSDAQ,휴젤,KRLEVEL_RR|145020|3T|3513|3514|3515,3513,3514,3515,225500.0,3,219000.0,226000.0,218149.80422800803,3400.7830879679386
145020.KQ,145020,KOSDAQ,휴젤,KRLEVEL_RR|145020|4T|3546|3547|3549,3546,3547,3549,240000.0,4,225000.0,239000.0,223759.80990239716,4960.760390411422
145020.KQ,145020,KOSDAQ,휴젤,KRLEVEL_RR|145020|2T|3571|3572|3573,3571,3572,3573,245000.0,2,227000.0,245500.0,225463.92860056646,6144.285597734203
145020.KQ,145020,KOSDAQ,휴젤,KRLEVEL_RR|145020|3T|3643|3644|3646,3643,3644,3646,245000.0,3,236500.0,245000.0,235152.76753991723,5388.929840331085
145020.KQ,145020,KOSDAQ,휴젤,KRLEVEL_RR|145020|2T|3710|3711|3712,3710,3711,3712,267500.0,2,261000.0,265000.0,260180.34215706852,3278.6313717259663
145020.KQ,145020,KOSDAQ,휴젤,KRLEVEL_RR|145020|6T|3780|3781|3783,3780,3781,3783,268750.0,6,239500.0,268000.0,238237.34358014786,5050.625679408573
145020.KQ,145020,KOSDAQ,휴젤,KRLEVEL_RR|145020|2T|3803|3807|3809,3803,3807,3809,256750.0,2,250000.0,255500.0,248875.17242066682,4499.31031733271
145020.KQ,145020,KOSDAQ,휴젤,KRLEVEL_RR|145020|2T|3886|3891|3893,3886,3891,3893,254000.0,2,245000.0,254500.0,243943.41458088672,4226.341676453124
145020.KQ,145020,KOSDAQ,휴젤,KRLEVEL_RR|145020|3T|3904|3909|3911,3904,3909,3911,261000.0,3,253500.0,261500.0,252419.107807081,4323.568771676038
145020.KQ,145020,KOSDAQ,휴젤,KRLEVEL_RR|145020|5T|3934|3935|3936,3934,3935,3936,258000.0,5,255500.0,257500.0,254370.98554130262,4516.057834789481
145020.KQ,145020,KOSDAQ,휴젤,KRLEVEL_RR|145020|5T|3981|3983|3985,3981,3983,3985,258000.0,5,253500.0,256000.0,251302.95102381785,8788.195904728642
145020.KQ,145020,KOSDAQ,휴젤,KRLEVEL_RR|145020|2T|4008|4009|4011,4008,4009,4011,276000.0,2,274000.0,277000.0,272213.50797320006,7145.968107199657
145020.KQ,145020,KOSDAQ,휴젤,KRLEVEL_RR|145020|8T|4025|4029|4030,4025,4029,4030,263000.0,8,253500.0,262000.0,251868.1098474708,6527.560610116839
145020.KQ,145020,KOSDAQ,휴젤,KRLEVEL_RR|145020|4T|4041|4042|4043,4041,4042,4043,258000.0,4,244500.0,257000.0,242743.88694968712,7024.452201251497
145020.KQ,145020,KOSDAQ,휴젤,KRLEVEL_RR|145020|2T|4078|4082|4084,4078,4082,4084,245500.0,2,239000.0,243000.0,237709.48679068006,5162.052837279791
145020.KQ,145020,KOSDAQ,휴젤,KRLEVEL_RR|145020|2T|4159|4161|4162,4159,4161,4162,250500.0,2,236500.0,245000.0,235137.61735776308,5449.530568947642
145020.KQ,145020,KOSDAQ,휴젤,KRLEVEL_RR|145020|7T|4174|4179|4180,4174,4179,4180,253500.0,7,237000.0,251500.0,235195.58768039235,7217.6492784306265
145020.KQ,145020,KOSDAQ,휴젤,KRLEVEL_RR|145020|5T|4196|4197|4199,4196,4197,4199,263500.0,5,249000.0,262500.0,247269.31803870818,6922.727845167328
145020.KQ,145020,KOSDAQ,휴젤,KRLEVEL_RR|145020|3T|4338|4341|4343,4338,4341,4343,253500.0,3,228500.0,254500.0,227053.51781852904,5785.9287258838385
310210.KQ,310210,KOSDAQ,보로노이,KRLEVEL_RR|310210|2T|347|348|350,347,348,350,36600.0,2,36550.0,36800.0,36257.16392503293,1171.3442998682867
310210.KQ,310210,KOSDAQ,보로노이,KRLEVEL_RR|310210|2T|390|395|396,390,395,396,35475.0,2,31600.0,35650.0,31239.00794369126,1443.9682252349567
310210.KQ,310210,KOSDAQ,보로노이,KRLEVEL_RR|310210|2T|426|427|428,426,427,428,40025.0,2,37450.0,40250.0,37223.430826690346,906.2766932386016
310210.KQ,310210,KOSDAQ,보로노이,KRLEVEL_RR|310210|4T|448|451|452,448,451,452,41400.0,4,40200.0,40950.0,39990.297978472154,838.8080861113892
310210.KQ,310210,KOSDAQ,보로노이,KRLEVEL_RR|310210|5T|470|472|474,470,472,474,41450.0,5,35950.0,41300.0,35614.92639947552,1340.2944020979205
310210.KQ,310210,KOSDAQ,보로노이,KRLEVEL_RR|310210|7T|504|505|507,504,505,507,39500.0,7,38350.0,39100.0,38148.64053423938,805.4378630424957
310210.KQ,310210,KOSDAQ,보로노이,KRLEVEL_RR|310210|2T|519|524|525,519,524,525,40300.0,2,39000.0,40500.0,38775.68432148669,897.2627140532377
310210.KQ,310210,KOSDAQ,보로노이,KRLEVEL_RR|310210|2T|538|544|545,538,544,545,41050.0,2,40700.0,40850.0,40506.20886735599,775.1645305760288
310210.KQ,310210,KOSDAQ,보로노이,KRLEVEL_RR|310210|2T|770|771|772,770,771,772,37600.0,2,35750.0,37400.0,35463.62234165144,1145.510633394228
310210.KQ,310210,KOSDAQ,보로노이,KRLEVEL_RR|310210|2T|824|830|832,824,830,832,44600.0,2,43600.0,44300.0,43293.02662714426,1227.893491422968
310210.KQ,310210,KOSDAQ,보로노이,KRLEVEL_RR|310210|3T|898|900|901,898,900,901,37600.0,3,36600.0,37300.0,36397.004598710344,811.9816051586253
310210.KQ,310210,KOSDAQ,보로노이,KRLEVEL_RR|310210|4T|1053|1058|1059,1053,1058,1059,30525.0,4,30150.0,30300.0,29973.76901831269,704.9239267492351
310210.KQ,310210,KOSDAQ,보로노이,KRLEVEL_RR|310210|6T|1088|1092|1093,1088,1092,1093,32325.0,6,31200.0,32200.0,31043.703355884863,625.1865764605424
310210.KQ,310210,KOSDAQ,보로노이,KRLEVEL_RR|310210|4T|1114|1120|1121,1114,1120,1121,32925.0,4,31100.0,32600.0,30886.048243505527,855.8070259778874
310210.KQ,310210,KOSDAQ,보로노이,KRLEVEL_RR|310210|2T|1147|1150|1151,1147,1150,1151,34550.0,2,33400.0,33900.0,33222.50971296221,709.9611481511754
310210.KQ,310210,KOSDAQ,보로노이,KRLEVEL_RR|310210|2T|1190|1193|1194,1190,1193,1194,42800.0,2,40500.0,42450.0,40291.358591349155,834.5656346033804
310210.KQ,310210,KOSDAQ,보로노이,KRLEVEL_RR|310210|2T|1265|1267|1268,1265,1267,1268,49325.0,2,45950.0,49550.0,45663.78246980987,1144.8701207605277
310210.KQ,310210,KOSDAQ,보로노이,KRLEVEL_RR|310210|3T|1287|1290|1291,1287,1290,1291,49200.0,3,48500.0,48700.0,48222.88763596849,1108.4494561260442
310210.KQ,310210,KOSDAQ,보로노이,KRLEVEL_RR|310210|3T|1396|1400|1402,1396,1400,1402,73800.0,3,69000.0,74100.0,68426.50369001046,2293.985239958144
310210.KQ,310210,KOSDAQ,보로노이,KRLEVEL_RR|310210|2T|1431|1436|1438,1431,1436,1438,77150.0,2,75000.0,75700.0,74501.61702907909,1993.5318836836095
310210.KQ,310210,KOSDAQ,보로노이,KRLEVEL_RR|310210|7T|1472|1473|1474,1472,1473,1474,73200.0,7,67200.0,72900.0,66540.91376334228,2636.3449466309044
310210.KQ,310210,KOSDAQ,보로노이,KRLEVEL_RR|310210|2T|1526|1527|1529,1526,1527,1529,66550.0,2,63300.0,66600.0,62769.99059564248,2120.037617430087
310210.KQ,310210,KOSDAQ,보로노이,KRLEVEL_RR|310210|5T|1591|1597|1598,1591,1597,1598,77200.0,5,70800.0,77500.0,70117.74403792531,2729.0238482987866
310210.KQ,310210,KOSDAQ,보로노이,KRLEVEL_RR|310210|3T|1613|1619|1620,1613,1619,1620,77900.0,3,76100.0,77100.0,75602.02241508834,1991.9103396466423
310210.KQ,310210,KOSDAQ,보로노이,KRLEVEL_RR|310210|2T|1631|1632|1633,1631,1632,1633,89400.0,2,77100.0,89400.0,76520.79591451485,2316.816341940614
310210.KQ,310210,KOSDAQ,보로노이,KRLEVEL_RR|310210|2T|1657|1661|1662,1657,1661,1662,96300.0,2,87900.0,95000.0,87350.03593098716,2199.8562760513682
310210.KQ,310210,KOSDAQ,보로노이,KRLEVEL_RR|310210|2T|1727|1728|1729,1727,1728,1729,109600.0,2,103100.0,109300.0,102542.85408345249,2228.5836661900103
310210.KQ,310210,KOSDAQ,보로노이,KRLEVEL_RR|310210|2T|1786|1788|1790,1786,1788,1790,105950.0,2,99300.0,106500.0,98637.37085985791,2650.51656056838
310210.KQ,310210,KOSDAQ,보로노이,KRLEVEL_RR|310210|2T|1802|1808|1810,1802,1808,1810,116900.0,2,102000.0,116500.0,101261.79064154251,2952.8374338299677
310210.KQ,310210,KOSDAQ,보로노이,KRLEVEL_RR|310210|2T|1826|1827|1828,1826,1827,1828,114850.0,2,110900.0,114600.0,110070.1448951309,3319.4204194764143
310210.KQ,310210,KOSDAQ,보로노이,KRLEVEL_RR|310210|4T|1846|1848|1849,1846,1848,1849,111300.0,4,106200.0,111100.0,105393.78697432402,3224.8521027039214
310210.KQ,310210,KOSDAQ,보로노이,KRLEVEL_RR|310210|2T|1924|1930|1931,1924,1930,1931,81250.0,2,70700.0,80000.0,69996.52966105186,2813.8813557925464
310210.KQ,310210,KOSDAQ,보로노이,KRLEVEL_RR|310210|2T|1966|1971|1973,1966,1971,1973,76600.0,2,71500.0,75200.0,70845.61545356979,2617.538185720861
310210.KQ,310210,KOSDAQ,보로노이,KRLEVEL_RR|310210|2T|2017|2018|2019,2017,2018,2019,81800.0,2,68800.0,81800.0,68206.37894262005,2374.48422951977
310210.KQ,310210,KOSDAQ,보로노이,KRLEVEL_RR|310210|4T|2045|2046|2047,2045,2046,2047,80950.0,4,78200.0,80900.0,77674.48695941469,2102.052162341265
310210.KQ,310210,KOSDAQ,보로노이,KRLEVEL_RR|310210|3T|2074|2075|2076,2074,2075,2076,76900.0,3,76800.0,77100.0,76309.26411201169,1962.943551953231
310210.KQ,310210,KOSDAQ,보로노이,KRLEVEL_RR|310210|4T|2133|2134|2135,2133,2134,2135,79850.0,4,72800.0,79500.0,72402.02849031163,1591.8860387535035
310210.KQ,310210,KOSDAQ,보로노이,KRLEVEL_RR|310210|2T|2206|2207|2209,2206,2207,2209,117050.0,2,110000.0,117000.0,109197.56941990957,3209.7223203616936
310210.KQ,310210,KOSDAQ,보로노이,KRLEVEL_RR|310210|2T|2246|2248|2250,2246,2248,2250,111350.0,2,103600.0,111000.0,102934.77124439491,2660.9150224203495
310210.KQ,310210,KOSDAQ,보로노이,KRLEVEL_RR|310210|5T|2264|2266|2268,2264,2266,2268,119400.0,5,110200.0,117600.0,109360.00800740757,3359.9679703697584
310210.KQ,310210,KOSDAQ,보로노이,KRLEVEL_RR|310210|3T|2384|2385|2386,2384,2385,2386,109200.0,3,102900.0,109400.0,102090.73711355875,3237.0515457650117
310210.KQ,310210,KOSDAQ,보로노이,KRLEVEL_RR|310210|3T|2400|2401|2402,2400,2401,2402,111400.0,3,107400.0,111900.0,106702.42627710522,2790.2948915791567
310210.KQ,310210,KOSDAQ,보로노이,KRLEVEL_RR|310210|4T|2430|2432|2433,2430,2432,2433,109100.0,4,93100.0,106800.0,92202.2816534851,3590.8733860596153
310210.KQ,310210,KOSDAQ,보로노이,KRLEVEL_RR|310210|3T|2445|2446|2448,2445,2446,2448,111400.0,3,104500.0,112000.0,103753.19092151863,2987.2363139254926
310210.KQ,310210,KOSDAQ,보로노이,KRLEVEL_RR|310210|3T|2460|2461|2462,2460,2461,2462,109200.0,3,104800.0,109000.0,104025.88289902346,3096.468403906181
310210.KQ,310210,KOSDAQ,보로노이,KRLEVEL_RR|310210|2T|2546|2552|2553,2546,2552,2553,95200.0,2,89800.0,94000.0,89252.42944117589,2190.2822352964317
310210.KQ,310210,KOSDAQ,보로노이,KRLEVEL_RR|310210|4T|2595|2596|2598,2595,2596,2598,108100.0,4,100700.0,106900.0,100132.30265391912,2270.789384323541
310210.KQ,310210,KOSDAQ,보로노이,KRLEVEL_RR|310210|2T|2679|2680|2682,2679,2680,2682,95200.0,2,92500.0,94300.0,92000.45328200217,1998.1868719913373
310210.KQ,310210,KOSDAQ,보로노이,KRLEVEL_RR|310210|5T|2715|2717|2718,2715,2717,2718,108200.0,5,92500.0,108400.0,91806.1886529112,2775.2453883552034
310210.KQ,310210,KOSDAQ,보로노이,KRLEVEL_RR|310210|5T|2729|2730|2732,2729,2730,2732,108200.0,5,103600.0,108700.0,102842.24125783949,3031.0349686420714
310210.KQ,310210,KOSDAQ,보로노이,KRLEVEL_RR|310210|3T|2746|2749|2751,2746,2749,2751,111200.0,3,108500.0,110000.0,107720.23857231082,3119.0457107567627
310210.KQ,310210,KOSDAQ,보로노이,KRLEVEL_RR|310210|2T|2787|2792|2794,2787,2792,2794,120950.0,2,114400.0,120900.0,113712.39984243423,2750.4006302630632
310210.KQ,310210,KOSDAQ,보로노이,KRLEVEL_RR|310210|4T|2816|2819|2821,2816,2819,2821,126100.0,4,121300.0,125000.0,120719.31536085332,2322.7385565867394
310210.KQ,310210,KOSDAQ,보로노이,KRLEVEL_RR|310210|2T|2909|2911|2912,2909,2911,2912,116800.0,2,113700.0,116100.0,113132.34885905134,2270.6045637945963
310210.KQ,310210,KOSDAQ,보로노이,KRLEVEL_RR|310210|4T|2933|2934|2935,2933,2934,2935,118600.0,4,116700.0,118500.0,116216.00960823809,1935.9615670476126
310210.KQ,310210,KOSDAQ,보로노이,KRLEVEL_RR|310210|2T|2977|2980|2982,2977,2980,2982,119650.0,2,109400.0,119500.0,108859.79261761469,2160.829529541254
310210.KQ,310210,KOSDAQ,보로노이,KRLEVEL_RR|310210|5T|3008|3010|3012,3008,3010,3012,122600.0,5,116500.0,123100.0,115878.56882462453,2485.724701501874
310210.KQ,310210,KOSDAQ,보로노이,KRLEVEL_RR|310210|2T|3026|3027|3029,3026,3027,3029,142250.0,2,123800.0,139600.0,123090.84252096192,2836.6299161523484
310210.KQ,310210,KOSDAQ,보로노이,KRLEVEL_RR|310210|2T|3044|3049|3050,3044,3049,3050,145150.0,2,140500.0,143500.0,139794.95801454125,2820.1679418349827
310210.KQ,310210,KOSDAQ,보로노이,KRLEVEL_RR|310210|3T|3096|3099|3100,3096,3099,3100,164500.0,3,157300.0,164300.0,156520.99958671685,3116.0016531326546
310210.KQ,310210,KOSDAQ,보로노이,KRLEVEL_RR|310210|2T|3132|3133|3134,3132,3133,3134,161550.0,2,154600.0,160100.0,153874.1469858413,2903.412056634738
310210.KQ,310210,KOSDAQ,보로노이,KRLEVEL_RR|310210|3T|3145|3147|3148,3145,3147,3148,168200.0,3,160500.0,168000.0,159607.90151327918,3568.393946883276
310210.KQ,310210,KOSDAQ,보로노이,KRLEVEL_RR|310210|6T|3190|3192|3194,3190,3192,3194,164900.0,6,156700.0,165300.0,155454.50219271405,4981.991229143792
310210.KQ,310210,KOSDAQ,보로노이,KRLEVEL_RR|310210|5T|3206|3207|3208,3206,3207,3208,178100.0,5,166100.0,178200.0,164531.58028303002,6273.678867879911
310210.KQ,310210,KOSDAQ,보로노이,KRLEVEL_RR|310210|3T|3279|3283|3284,3279,3283,3284,211500.0,3,199500.0,210500.0,197972.5823407666,6109.670636933609
310210.KQ,310210,KOSDAQ,보로노이,KRLEVEL_RR|310210|2T|3295|3299|3301,3295,3299,3301,218000.0,2,213500.0,216500.0,211791.52616336558,6833.89534653775
310210.KQ,310210,KOSDAQ,보로노이,KRLEVEL_RR|310210|2T|3319|3320|3322,3319,3320,3322,224750.0,2,220000.0,225500.0,218218.1353202922,7127.458718831163
310210.KQ,310210,KOSDAQ,보로노이,KRLEVEL_RR|310210|3T|3355|3359|3361,3355,3359,3361,234500.0,3,228500.0,234500.0,227035.82267464945,5856.709301402165
310210.KQ,310210,KOSDAQ,보로노이,KRLEVEL_RR|310210|4T|3372|3376|3377,3372,3376,3377,240500.0,4,234000.0,236500.0,232376.44891968038,6494.204321278548
310210.KQ,310210,KOSDAQ,보로노이,KRLEVEL_RR|310210|2T|3444|3445|3446,3444,3445,3446,204750.0,2,200000.0,206000.0,198558.80251283603,5764.789948655821
310210.KQ,310210,KOSDAQ,보로노이,KRLEVEL_RR|310210|4T|3488|3491|3492,3488,3491,3492,212500.0,4,209500.0,212000.0,208033.43250243473,5866.269990261088
310210.KQ,310210,KOSDAQ,보로노이,KRLEVEL_RR|310210|2T|3518|3519|3520,3518,3519,3520,220250.0,2,195200.0,221500.0,193679.663675626,6081.345297495924
310210.KQ,310210,KOSDAQ,보로노이,KRLEVEL_RR|310210|3T|3587|3591|3593,3587,3591,3593,213500.0,3,173600.0,211500.0,172198.89341401012,5604.426343959523
310210.KQ,310210,KOSDAQ,보로노이,KRLEVEL_RR|310210|3T|3615|3616|3617,3615,3616,3617,213500.0,3,210500.0,213000.0,208543.76402641152,7824.943894353901
310210.KQ,310210,KOSDAQ,보로노이,KRLEVEL_RR|310210|3T|3641|3644|3646,3641,3644,3646,213500.0,3,201500.0,215000.0,199879.60422264424,6481.583109423018
310210.KQ,310210,KOSDAQ,보로노이,KRLEVEL_RR|310210|4T|3672|3673|3674,3672,3673,3674,233500.0,4,208500.0,231000.0,207069.6401848108,5721.439260756826
310210.KQ,310210,KOSDAQ,보로노이,KRLEVEL_RR|310210|2T|3701|3702|3703,3701,3702,3703,294000.0,2,279000.0,294500.0,276735.63061874977,9057.47752500102
310210.KQ,310210,KOSDAQ,보로노이,KRLEVEL_RR|310210|2T|3725|3726|3727,3725,3726,3727,294000.0,2,271000.0,296000.0,267014.22468988976,15943.101240441078
310210.KQ,310210,KOSDAQ,보로노이,KRLEVEL_RR|310210|2T|3815|3817|3818,3815,3817,3818,311500.0,2,300500.0,303000.0,297845.13831805426,10619.446727782897
310210.KQ,310210,KOSDAQ,보로노이,KRLEVEL_RR|310210|2T|3839|3840|3841,3839,3840,3841,311500.0,2,296500.0,307000.0,293780.11990620295,10879.520375188304
310210.KQ,310210,KOSDAQ,보로노이,KRLEVEL_RR|310210|2T|3914|3915|3917,3914,3915,3917,297500.0,2,279000.0,298500.0,276658.6558166697,9365.376733321145
310210.KQ,310210,KOSDAQ,보로노이,KRLEVEL_RR|310210|3T|3928|3929|3930,3928,3929,3930,297500.0,3,279000.0,294000.0,276798.52286722086,8805.908531116454
310210.KQ,310210,KOSDAQ,보로노이,KRLEVEL_RR|310210|2T|4043|4045|4046,4043,4045,4046,279750.0,2,228500.0,273500.0,226101.3086978542,9594.765208583232
310210.KQ,310210,KOSDAQ,보로노이,KRLEVEL_RR|310210|3T|4338|4339|4341,4338,4339,4341,133800.0,3,105000.0,133300.0,103733.18257898887,5067.2696840445
080220.KQ,080220,KOSDAQ,제주반도체,KRLEVEL_RR|080220|2T|240|244|246,240,244,246,4110.0,2,3905.0,4110.0,3892.368739631915,50.525041472339886
080220.KQ,080220,KOSDAQ,제주반도체,KRLEVEL_RR|080220|2T|382|383|384,382,383,384,4487.5,2,4450.0,4495.0,4429.226430387764,83.09427844894458
080220.KQ,080220,KOSDAQ,제주반도체,KRLEVEL_RR|080220|2T|401|403|405,401,403,405,5035.0,2,4740.0,5000.0,4712.205095476096,111.17961809561672
080220.KQ,080220,KOSDAQ,제주반도체,KRLEVEL_RR|080220|2T|475|477|479,475,477,479,7445.0,2,6990.0,7330.0,6905.621856599704,337.512573601182
080220.KQ,080220,KOSDAQ,제주반도체,KRLEVEL_RR|080220|3T|531|532|533,531,532,533,11620.0,3,10820.0,11640.0,10700.02718881024,479.8912447590386
080220.KQ,080220,KOSDAQ,제주반도체,KRLEVEL_RR|080220|3T|557|561|563,557,561,563,13190.0,3,11700.0,13050.0,11582.57669057614,469.69323769544144
080220.KQ,080220,KOSDAQ,제주반도체,KRLEVEL_RR|080220|2T|628|631|632,628,631,632,19915.0,2,17250.0,19610.0,17064.38926116353,742.4429553458781
080220.KQ,080220,KOSDAQ,제주반도체,KRLEVEL_RR|080220|2T|652|653|654,652,653,654,23150.0,2,19920.0,23300.0,19644.166225786943,1103.3350968522261
080220.KQ,080220,KOSDAQ,제주반도체,KRLEVEL_RR|080220|3T|736|738|739,736,738,739,29200.0,3,22200.0,29250.0,21886.619495432387,1253.5220182704454
080220.KQ,080220,KOSDAQ,제주반도체,KRLEVEL_RR|080220|3T|751|752|754,751,752,754,31450.0,3,28850.0,31500.0,28528.942734286993,1284.2290628520298
080220.KQ,080220,KOSDAQ,제주반도체,KRLEVEL_RR|080220|2T|886|890|892,886,890,892,25600.0,2,24550.0,25500.0,24412.916640930467,548.3334362781386
080220.KQ,080220,KOSDAQ,제주반도체,KRLEVEL_RR|080220|2T|929|930|931,929,930,931,26200.0,2,23000.0,25700.0,22828.554888708946,685.780445164214
080220.KQ,080220,KOSDAQ,제주반도체,KRLEVEL_RR|080220|3T|955|956|958,955,956,958,26200.0,3,25800.0,26350.0,25588.152721380473,847.3891144781144
080220.KQ,080220,KOSDAQ,제주반도체,KRLEVEL_RR|080220|3T|1088|1089|1090,1088,1089,1090,22850.0,3,22550.0,22850.0,22428.363050760126,486.5477969594933
080220.KQ,080220,KOSDAQ,제주반도체,KRLEVEL_RR|080220|4T|1228|1230|1231,1228,1230,1231,21775.0,4,20950.0,21800.0,20872.980362386912,308.0785504523509
080220.KQ,080220,KOSDAQ,제주반도체,KRLEVEL_RR|080220|2T|1630|1632|1633,1630,1632,1633,12550.0,2,11790.0,12460.0,11717.442823380503,290.2287064779885
080220.KQ,080220,KOSDAQ,제주반도체,KRLEVEL_RR|080220|6T|1679|1682|1684,1679,1682,1684,13425.0,6,12800.0,13460.0,12740.968008017386,236.12796793046013
080220.KQ,080220,KOSDAQ,제주반도체,KRLEVEL_RR|080220|4T|1708|1711|1712,1708,1711,1712,13435.0,4,13120.0,13340.0,13069.450866468509,202.19653412596617
080220.KQ,080220,KOSDAQ,제주반도체,KRLEVEL_RR|080220|5T|1971|1972|1973,1971,1972,1973,8960.0,5,8650.0,8980.0,8610.287610146965,158.84955941214128
080220.KQ,080220,KOSDAQ,제주반도체,KRLEVEL_RR|080220|6T|2038|2039|2041,2038,2039,2041,8955.0,6,8780.0,8920.0,8738.838539015474,164.64584393810455
080220.KQ,080220,KOSDAQ,제주반도체,KRLEVEL_RR|080220|2T|2054|2060|2062,2054,2060,2062,9930.0,2,9500.0,9590.0,9448.689604744677,205.24158102129175
080220.KQ,080220,KOSDAQ,제주반도체,KRLEVEL_RR|080220|5T|2106|2108|2109,2106,2108,2109,9810.0,5,9630.0,9700.0,9569.534725450929,241.8610981962879
080220.KQ,080220,KOSDAQ,제주반도체,KRLEVEL_RR|080220|2T|2187|2191|2193,2187,2191,2193,17460.0,2,16660.0,17410.0,16512.431041891923,590.275832432304
080220.KQ,080220,KOSDAQ,제주반도체,KRLEVEL_RR|080220|3T|2303|2304|2306,2303,2304,2306,15150.0,3,13890.0,15110.0,13790.13607630354,399.4556947858381
080220.KQ,080220,KOSDAQ,제주반도체,KRLEVEL_RR|080220|5T|2342|2346|2348,2342,2346,2348,15930.0,5,15340.0,16000.0,15260.088225855325,319.64709657870173
080220.KQ,080220,KOSDAQ,제주반도체,KRLEVEL_RR|080220|3T|2486|2491|2492,2486,2491,2492,13100.0,3,12500.0,13050.0,12448.85688214069,204.5724714372388
080220.KQ,080220,KOSDAQ,제주반도체,KRLEVEL_RR|080220|3T|2522|2524|2525,2522,2524,2525,13100.0,3,12860.0,13080.0,12824.742962474827,141.02815010069298
080220.KQ,080220,KOSDAQ,제주반도체,KRLEVEL_RR|080220|2T|2541|2543|2544,2541,2543,2544,13212.5,2,12850.0,13230.0,12814.468527254498,142.12589098200644
080220.KQ,080220,KOSDAQ,제주반도체,KRLEVEL_RR|080220|3T|2576|2578|2579,2576,2578,2579,13225.0,3,12920.0,13180.0,12867.562597957241,209.7496081710309
080220.KQ,080220,KOSDAQ,제주반도체,KRLEVEL_RR|080220|3T|2636|2640|2642,2636,2640,2642,13290.0,3,12930.0,13320.0,12891.675810899378,153.29675640248965
080220.KQ,080220,KOSDAQ,제주반도체,KRLEVEL_RR|080220|4T|2661|2662|2663,2661,2662,2663,13750.0,4,13440.0,13740.0,13398.019491733196,167.9220330672147
080220.KQ,080220,KOSDAQ,제주반도체,KRLEVEL_RR|080220|5T|2691|2693|2695,2691,2693,2695,13420.0,5,12900.0,13390.0,12850.480780928068,198.07687628772916
080220.KQ,080220,KOSDAQ,제주반도체,KRLEVEL_RR|080220|9T|2714|2715|2716,2714,2715,2716,13930.0,9,13490.0,13950.0,13401.97679626576,352.0928149369597
080220.KQ,080220,KOSDAQ,제주반도체,KRLEVEL_RR|080220|2T|2918|2923|2924,2918,2923,2924,14785.0,2,14680.0,14760.0,14650.977306603652,116.09077358539196
080220.KQ,080220,KOSDAQ,제주반도체,KRLEVEL_RR|080220|3T|2996|2998|3000,2996,2998,3000,15580.0,3,14190.0,15380.0,14117.017130749631,291.9314770014736
080220.KQ,080220,KOSDAQ,제주반도체,KRLEVEL_RR|080220|2T|3012|3017|3019,3012,3017,3019,16610.0,2,15880.0,16510.0,15805.694188877807,297.22324448876856
080220.KQ,080220,KOSDAQ,제주반도체,KRLEVEL_RR|080220|2T|3030|3031|3032,3030,3031,3032,16985.0,2,16710.0,16910.0,16621.672383816294,353.31046473482036
080220.KQ,080220,KOSDAQ,제주반도체,KRLEVEL_RR|080220|4T|3057|3061|3063,3057,3061,3063,18175.0,4,17740.0,18170.0,17656.848913665046,332.6043453398132
080220.KQ,080220,KOSDAQ,제주반도체,KRLEVEL_RR|080220|2T|3140|3144|3146,3140,3144,3146,20575.0,2,17900.0,20700.0,17717.35350649823,730.5859740070673
080220.KQ,080220,KOSDAQ,제주반도체,KRLEVEL_RR|080220|2T|3201|3204|3206,3201,3204,3206,20575.0,2,20250.0,20500.0,20127.345981396604,490.61607441359183
080220.KQ,080220,KOSDAQ,제주반도체,KRLEVEL_RR|080220|4T|3271|3272|3273,3271,3272,3273,18860.0,4,18900.0,18950.0,18790.28396382036,438.86414471856517
080220.KQ,080220,KOSDAQ,제주반도체,KRLEVEL_RR|080220|3T|3361|3362|3364,3361,3362,3364,18860.0,3,18310.0,18830.0,18255.020811386847,219.91675445261933
080220.KQ,080220,KOSDAQ,제주반도체,KRLEVEL_RR|080220|2T|3386|3388|3390,3386,3388,3390,19265.0,2,19020.0,19220.0,18959.08874364528,243.64502541888825
080220.KQ,080220,KOSDAQ,제주반도체,KRLEVEL_RR|080220|2T|3446|3449|3451,3446,3449,3451,18515.0,2,18170.0,18430.0,18117.25964884879,210.96140460483204
080220.KQ,080220,KOSDAQ,제주반도체,KRLEVEL_RR|080220|3T|3469|3470|3471,3469,3470,3471,19710.0,3,19270.0,19730.0,19205.906323065792,256.3747077368271
080220.KQ,080220,KOSDAQ,제주반도체,KRLEVEL_RR|080220|3T|3587|3591|3592,3587,3591,3592,30800.0,3,29300.0,30750.0,29116.96091678916,732.1563328433506
080220.KQ,080220,KOSDAQ,제주반도체,KRLEVEL_RR|080220|2T|3703|3704|3705,3703,3704,3705,47025.0,2,43000.0,46700.0,42585.37405074726,1658.503797010958
080220.KQ,080220,KOSDAQ,제주반도체,KRLEVEL_RR|080220|3T|3725|3726|3727,3725,3726,3727,43450.0,3,36350.0,42400.0,35690.42251022858,2638.3099590857
080220.KQ,080220,KOSDAQ,제주반도체,KRLEVEL_RR|080220|3T|3743|3748|3749,3743,3748,3749,43450.0,3,42200.0,42900.0,41778.20286419772,1687.1885432091062
080220.KQ,080220,KOSDAQ,제주반도체,KRLEVEL_RR|080220|3T|3766|3769|3770,3766,3769,3770,43200.0,3,40250.0,42500.0,39926.84818320185,1292.6072671925922
080220.KQ,080220,KOSDAQ,제주반도체,KRLEVEL_RR|080220|2T|3891|3892|3893,3891,3892,3893,41050.0,2,39600.0,41200.0,39402.11579490259,791.5368203896618
080220.KQ,080220,KOSDAQ,제주반도체,KRLEVEL_RR|080220|2T|3913|3914|3915,3913,3914,3915,42800.0,2,39600.0,42650.0,39424.08463227191,703.6614709123717
080220.KQ,080220,KOSDAQ,제주반도체,KRLEVEL_RR|080220|3T|3934|3935|3937,3934,3935,3937,45450.0,3,44700.0,45800.0,44270.77611686424,1716.8955325430354
080220.KQ,080220,KOSDAQ,제주반도체,KRLEVEL_RR|080220|2T|3969|3970|3971,3969,3970,3971,55900.0,2,52600.0,55800.0,52142.19155168904,1831.2337932438625
080220.KQ,080220,KOSDAQ,제주반도체,KRLEVEL_RR|080220|3T|3992|3993|3995,3992,3993,3995,55900.0,3,53000.0,55700.0,52575.18181152106,1699.2727539157534
080220.KQ,080220,KOSDAQ,제주반도체,KRLEVEL_RR|080220|5T|4134|4137|4139,4134,4137,4139,102100.0,5,99300.0,101300.0,98003.89446298167,5184.422148073331
080220.KQ,080220,KOSDAQ,제주반도체,KRLEVEL_RR|080220|5T|4195|4196|4198,4195,4196,4198,101500.0,5,94200.0,101300.0,93127.4592362611,4290.163054955607
080220.KQ,080220,KOSDAQ,제주반도체,KRLEVEL_RR|080220|2T|4283|4287|4289,4283,4287,4289,79750.0,2,74500.0,78300.0,73584.48872054917,3662.045117803333
080220.KQ,080220,KOSDAQ,제주반도체,KRLEVEL_RR|080220|2T|4329|4330|4331,4329,4330,4331,64550.0,2,49450.0,63900.0,48562.32934389233,3550.682624430682
080220.KQ,080220,KOSDAQ,제주반도체,KRLEVEL_RR|080220|2T|4362|4363|4364,4362,4363,4364,83300.0,2,72900.0,83400.0,72072.96315643052,3308.1473742779317
403870.KQ,403870,KOSDAQ,HPSP,KRLEVEL_RR|403870|4T|246|249|250,246,249,250,32425.0,4,30300.0,32000.0,30174.183414313236,503.26634274705145
403870.KQ,403870,KOSDAQ,HPSP,KRLEVEL_RR|403870|2T|313|314|316,313,314,316,33275.0,2,32000.0,33250.0,31752.605967459614,989.5761301615474
403870.KQ,403870,KOSDAQ,HPSP,KRLEVEL_RR|403870|4T|336|338|340,336,338,340,35225.0,4,33500.0,34850.0,33306.06109964015,775.7556014394019
403870.KQ,403870,KOSDAQ,HPSP,KRLEVEL_RR|403870|2T|367|369|371,367,369,371,36350.0,2,36300.0,36550.0,36107.952229263545,768.1910829458188
403870.KQ,403870,KOSDAQ,HPSP,KRLEVEL_RR|403870|2T|437|438|440,437,438,440,36475.0,2,35500.0,36550.0,35377.76525852906,488.9389658837357
403870.KQ,403870,KOSDAQ,HPSP,KRLEVEL_RR|403870|2T|541|544|545,541,544,545,47150.0,2,45300.0,46650.0,45073.83845320283,904.6461871886773
403870.KQ,403870,KOSDAQ,HPSP,KRLEVEL_RR|403870|2T|644|649|651,644,649,651,42550.0,2,39650.0,42500.0,39461.135647447765,755.4574102089405
403870.KQ,403870,KOSDAQ,HPSP,KRLEVEL_RR|403870|5T|662|663|664,662,663,664,47700.0,5,46300.0,47350.0,45949.854082335696,1400.5836706572086
403870.KQ,403870,KOSDAQ,HPSP,KRLEVEL_RR|403870|3T|719|725|727,719,725,727,46100.0,3,44350.0,45050.0,44109.30163882988,962.7934446804974
403870.KQ,403870,KOSDAQ,HPSP,KRLEVEL_RR|403870|8T|738|740|742,738,740,742,47575.0,8,43800.0,47400.0,43305.15108987195,1979.3956405122076
403870.KQ,403870,KOSDAQ,HPSP,KRLEVEL_RR|403870|4T|910|912|914,910,912,914,53250.0,4,52600.0,53300.0,52416.36474607676,734.5410156929531
403870.KQ,403870,KOSDAQ,HPSP,KRLEVEL_RR|403870|5T|928|930|932,928,930,932,53200.0,5,48550.0,52600.0,48239.162714690916,1243.349141236337
403870.KQ,403870,KOSDAQ,HPSP,KRLEVEL_RR|403870|2T|1119|1122|1124,1119,1122,1124,40500.0,2,35650.0,40300.0,35419.42587632709,922.2964946916215
403870.KQ,403870,KOSDAQ,HPSP,KRLEVEL_RR|403870|4T|1162|1164|1165,1162,1164,1165,44175.0,4,38500.0,44250.0,38278.14197524288,887.4320990285006
403870.KQ,403870,KOSDAQ,HPSP,KRLEVEL_RR|403870|3T|1216|1218|1219,1216,1218,1219,40500.0,3,39500.0,40450.0,39381.52582750925,473.8966899630053
403870.KQ,403870,KOSDAQ,HPSP,KRLEVEL_RR|403870|5T|1270|1271|1272,1270,1271,1272,40500.0,5,38800.0,40500.0,38656.693819693464,573.2247212261389
403870.KQ,403870,KOSDAQ,HPSP,KRLEVEL_RR|403870|3T|1330|1331|1333,1330,1331,1333,39450.0,3,36350.0,39600.0,36201.613581424295,593.5456743028279
403870.KQ,403870,KOSDAQ,HPSP,KRLEVEL_RR|403870|2T|1474|1479|1480,1474,1479,1480,26650.0,2,25450.0,26200.0,25280.838625803557,676.6454967857735
403870.KQ,403870,KOSDAQ,HPSP,KRLEVEL_RR|403870|3T|1618|1622|1623,1618,1622,1623,26600.0,3,24000.0,26600.0,23878.531674977985,485.87330008806134
403870.KQ,403870,KOSDAQ,HPSP,KRLEVEL_RR|403870|4T|1642|1647|1648,1642,1647,1648,30650.0,4,27900.0,30450.0,27771.197687217435,515.2092511302668
403870.KQ,403870,KOSDAQ,HPSP,KRLEVEL_RR|403870|2T|1670|1671|1672,1670,1671,1672,30925.0,2,30450.0,30900.0,30326.016529261822,495.9338829527142
403870.KQ,403870,KOSDAQ,HPSP,KRLEVEL_RR|403870|2T|1729|1730|1731,1729,1730,1731,31725.0,2,31600.0,31650.0,31476.68992113575,493.24031545700586
403870.KQ,403870,KOSDAQ,HPSP,KRLEVEL_RR|403870|4T|1752|1753|1754,1752,1753,1754,30700.0,4,30100.0,30750.0,29955.16325882291,579.3469647083529
403870.KQ,403870,KOSDAQ,HPSP,KRLEVEL_RR|403870|4T|1792|1796|1798,1792,1796,1798,33575.0,4,29550.0,33600.0,29217.442351495545,1330.2305940178235
403870.KQ,403870,KOSDAQ,HPSP,KRLEVEL_RR|403870|3T|1810|1813|1814,1810,1813,1814,34900.0,3,33350.0,35050.0,33026.68408296711,1293.263668131535
403870.KQ,403870,KOSDAQ,HPSP,KRLEVEL_RR|403870|3T|1846|1847|1848,1846,1847,1848,33550.0,3,32600.0,33300.0,32389.754214768865,840.9831409245348
403870.KQ,403870,KOSDAQ,HPSP,KRLEVEL_RR|403870|3T|1872|1873|1875,1872,1873,1875,30850.0,3,30000.0,30750.0,29819.12783201615,723.4886719354004
403870.KQ,403870,KOSDAQ,HPSP,KRLEVEL_RR|403870|3T|1943|1944|1946,1943,1944,1946,26850.0,3,25200.0,26800.0,25072.400568728382,510.397725086469
403870.KQ,403870,KOSDAQ,HPSP,KRLEVEL_RR|403870|4T|1970|1974|1975,1970,1974,1975,26875.0,4,25250.0,26800.0,25134.62362325853,461.5055069658805
403870.KQ,403870,KOSDAQ,HPSP,KRLEVEL_RR|403870|4T|1987|1992|1993,1987,1992,1993,26875.0,4,25800.0,26700.0,25692.515684366965,429.93726253213504
403870.KQ,403870,KOSDAQ,HPSP,KRLEVEL_RR|403870|3T|2042|2046|2048,2042,2046,2048,27550.0,3,25150.0,27550.0,25021.682006655697,513.2719733772153
403870.KQ,403870,KOSDAQ,HPSP,KRLEVEL_RR|403870|2T|2150|2154|2156,2150,2154,2156,29650.0,2,29050.0,29650.0,28859.908708592746,760.3651656290199
403870.KQ,403870,KOSDAQ,HPSP,KRLEVEL_RR|403870|2T|2179|2180|2181,2179,2180,2181,29650.0,2,28750.0,29650.0,28605.715887372695,577.1364505092257
403870.KQ,403870,KOSDAQ,HPSP,KRLEVEL_RR|403870|3T|2199|2202|2204,2199,2202,2204,31650.0,3,30450.0,31700.0,30326.75482913728,492.98068345088427
403870.KQ,403870,KOSDAQ,HPSP,KRLEVEL_RR|403870|2T|2336|2340|2342,2336,2340,2342,28312.5,2,27600.0,28150.0,27488.086453146763,447.6541874129531
403870.KQ,403870,KOSDAQ,HPSP,KRLEVEL_RR|403870|2T|2482|2485|2486,2482,2485,2486,24200.0,2,23400.0,24250.0,23323.09260358618,307.62958565527737
403870.KQ,403870,KOSDAQ,HPSP,KRLEVEL_RR|403870|2T|2546|2550|2552,2546,2550,2552,23675.0,2,22400.0,23650.0,22321.911798486595,312.35280605361396
403870.KQ,403870,KOSDAQ,HPSP,KRLEVEL_RR|403870|2T|2612|2616|2618,2612,2616,2618,22100.0,2,21700.0,22150.0,21627.641458177495,289.434167290022
403870.KQ,403870,KOSDAQ,HPSP,KRLEVEL_RR|403870|5T|2654|2660|2661,2654,2660,2661,24450.0,5,22200.0,24400.0,22080.33287018677,478.66851925292934
403870.KQ,403870,KOSDAQ,HPSP,KRLEVEL_RR|403870|2T|2902|2903|2905,2902,2903,2905,25450.0,2,24550.0,25450.0,24433.160594394256,467.35762242297545
403870.KQ,403870,KOSDAQ,HPSP,KRLEVEL_RR|403870|3T|2930|2931|2932,2930,2931,2932,26250.0,3,26150.0,26300.0,26049.86293374207,400.5482650317066
403870.KQ,403870,KOSDAQ,HPSP,KRLEVEL_RR|403870|2T|2975|2979|2980,2975,2979,2980,25450.0,2,24700.0,25300.0,24612.59343033948,349.6262786420907
403870.KQ,403870,KOSDAQ,HPSP,KRLEVEL_RR|403870|5T|3016|3019|3020,3016,3019,3020,25850.0,5,25400.0,25900.0,25308.54790799743,365.80836801028795
403870.KQ,403870,KOSDAQ,HPSP,KRLEVEL_RR|403870|5T|3032|3033|3034,3032,3033,3034,26950.0,5,26800.0,26850.0,26719.88689620854,320.4524151658475
403870.KQ,403870,KOSDAQ,HPSP,KRLEVEL_RR|403870|2T|3051|3054|3056,3051,3054,3056,27250.0,2,27100.0,27250.0,26976.425991037886,494.296035848463
403870.KQ,403870,KOSDAQ,HPSP,KRLEVEL_RR|403870|2T|3140|3145|3146,3140,3145,3146,34775.0,2,33700.0,34450.0,33532.969506063586,668.1219757456486
403870.KQ,403870,KOSDAQ,HPSP,KRLEVEL_RR|403870|4T|3166|3167|3169,3166,3167,3169,35525.0,4,34350.0,35600.0,34179.07137240853,683.7145103658714
403870.KQ,403870,KOSDAQ,HPSP,KRLEVEL_RR|403870|2T|3208|3210|3212,3208,3210,3212,36300.0,2,34600.0,36100.0,34438.13934706104,647.4426117558247
403870.KQ,403870,KOSDAQ,HPSP,KRLEVEL_RR|403870|4T|3457|3461|3462,3457,3461,3462,30225.0,4,28450.0,30250.0,28367.68269291479,329.2692283408345
403870.KQ,403870,KOSDAQ,HPSP,KRLEVEL_RR|403870|6T|3474|3475|3477,3474,3475,3477,30575.0,6,30050.0,30150.0,29937.861930877196,448.55227649122384
403870.KQ,403870,KOSDAQ,HPSP,KRLEVEL_RR|403870|2T|3539|3542|3544,3539,3542,3544,34250.0,2,32700.0,34025.0,32568.029553812317,527.8817847507339
403870.KQ,403870,KOSDAQ,HPSP,KRLEVEL_RR|403870|3T|3582|3583|3584,3582,3583,3584,35400.0,3,33000.0,35100.0,32840.760242542594,636.9590298296139
403870.KQ,403870,KOSDAQ,HPSP,KRLEVEL_RR|403870|2T|3709|3712|3713,3709,3712,3713,44650.0,2,40950.0,44350.0,40617.10897349804,1331.5641060078221
403870.KQ,403870,KOSDAQ,HPSP,KRLEVEL_RR|403870|2T|3727|3728|3729,3727,3728,3729,43725.0,2,38350.0,43850.0,37836.46735576755,2054.130576929798
403870.KQ,403870,KOSDAQ,HPSP,KRLEVEL_RR|403870|2T|3767|3772|3773,3767,3772,3773,43575.0,2,41300.0,43100.0,41033.08588988225,1067.656440470996
403870.KQ,403870,KOSDAQ,HPSP,KRLEVEL_RR|403870|3T|3905|3906|3908,3905,3906,3908,43050.0,3,42050.0,42900.0,41843.56751240747,825.7299503701154
403870.KQ,403870,KOSDAQ,HPSP,KRLEVEL_RR|403870|4T|3924|3926|3927,3924,3926,3927,46575.0,4,42000.0,46300.0,41787.92841838893,848.2863264442731
403870.KQ,403870,KOSDAQ,HPSP,KRLEVEL_RR|403870|2T|3939|3940|3941,3939,3940,3941,53250.0,2,50200.0,52800.0,49777.856120953904,1688.5755161843824
403870.KQ,403870,KOSDAQ,HPSP,KRLEVEL_RR|403870|2T|3956|3958|3959,3956,3958,3959,53250.0,2,52100.0,53100.0,51818.94720096014,1124.2111961594428
403870.KQ,403870,KOSDAQ,HPSP,KRLEVEL_RR|403870|2T|3971|3975|3976,3971,3975,3976,55300.0,2,51700.0,55000.0,51408.53885787676,1165.8445684929627
403870.KQ,403870,KOSDAQ,HPSP,KRLEVEL_RR|403870|2T|3997|4003|4004,3997,4003,4004,53250.0,2,52500.0,52700.0,52089.98154808146,1640.0738076741752
403870.KQ,403870,KOSDAQ,HPSP,KRLEVEL_RR|403870|4T|4046|4047|4049,4046,4047,4049,54800.0,4,49000.0,54700.0,48443.88645473582,2224.454181056739
403870.KQ,403870,KOSDAQ,HPSP,KRLEVEL_RR|403870|2T|4085|4090|4091,4085,4090,4091,46575.0,2,43200.0,46900.0,42778.98958321369,1684.041667145242
403870.KQ,403870,KOSDAQ,HPSP,KRLEVEL_RR|403870|4T|4103|4105|4106,4103,4105,4106,57500.0,4,45600.0,56250.0,44932.29994511175,2670.800219553003
403870.KQ,403870,KOSDAQ,HPSP,KRLEVEL_RR|403870|3T|4118|4119|4121,4118,4119,4121,53100.0,3,49900.0,53700.0,49115.1073386162,3139.570645535184
403870.KQ,403870,KOSDAQ,HPSP,KRLEVEL_RR|403870|2T|4183|4185|4187,4183,4185,4187,51250.0,2,49600.0,50700.0,49003.677401620516,2385.2903935179265
403870.KQ,403870,KOSDAQ,HPSP,KRLEVEL_RR|403870|3T|4338|4342|4343,4338,4342,4343,35050.0,3,33800.0,34400.0,33475.52753326681,1297.8898669327664
214150.KQ,214150,KOSDAQ,클래시스,KRLEVEL_RR|214150|2T|299|302|304,299,302,304,32625.0,2,31950.0,32450.0,31836.91191043178,452.3523582728743
214150.KQ,214150,KOSDAQ,클래시스,KRLEVEL_RR|214150|2T|318|322|324,318,322,324,32625.0,2,31750.0,32500.0,31604.211374780414,583.1545008783426
214150.KQ,214150,KOSDAQ,클래시스,KRLEVEL_RR|214150|2T|336|337|338,336,337,338,33775.0,2,32200.0,33750.0,32058.49809025617,566.007638975318
214150.KQ,214150,KOSDAQ,클래시스,KRLEVEL_RR|214150|5T|360|361|363,360,361,363,36400.0,5,33100.0,36150.0,32870.90457802341,916.3816879063809
214150.KQ,214150,KOSDAQ,클래시스,KRLEVEL_RR|214150|3T|390|391|393,390,391,393,38000.0,3,36450.0,37900.0,36298.75365321583,604.9853871367011
214150.KQ,214150,KOSDAQ,클래시스,KRLEVEL_RR|214150|2T|431|433|434,431,433,434,39100.0,2,38450.0,39050.0,38322.71388612932,509.1444554827053
214150.KQ,214150,KOSDAQ,클래시스,KRLEVEL_RR|214150|3T|452|453|455,452,453,455,39150.0,3,38300.0,39250.0,38122.69610224025,709.215591039017
214150.KQ,214150,KOSDAQ,클래시스,KRLEVEL_RR|214150|2T|515|516|518,515,516,518,38475.0,2,36700.0,38550.0,36554.118916863146,583.5243325474158
214150.KQ,214150,KOSDAQ,클래시스,KRLEVEL_RR|214150|3T|838|842|843,838,842,843,32400.0,3,31400.0,32150.0,31296.551032546333,413.7958698146707
214150.KQ,214150,KOSDAQ,클래시스,KRLEVEL_RR|214150|6T|863|867|868,863,867,868,33325.0,6,32100.0,33100.0,31936.43717019301,654.2513192279563
214150.KQ,214150,KOSDAQ,클래시스,KRLEVEL_RR|214150|2T|898|899|901,898,899,901,35125.0,2,34100.0,35050.0,33966.905804711336,532.3767811546481
214150.KQ,214150,KOSDAQ,클래시스,KRLEVEL_RR|214150|2T|940|941|942,940,941,942,35900.0,2,35150.0,36000.0,35037.30342893126,450.78628427493953
214150.KQ,214150,KOSDAQ,클래시스,KRLEVEL_RR|214150|2T|978|982|983,978,982,983,36425.0,2,36000.0,36350.0,35873.27209307357,506.9116277057451
214150.KQ,214150,KOSDAQ,클래시스,KRLEVEL_RR|214150|2T|1000|1002|1003,1000,1002,1003,37500.0,2,36800.0,36950.0,36677.280682794066,490.8772688237309
214150.KQ,214150,KOSDAQ,클래시스,KRLEVEL_RR|214150|4T|1056|1058|1060,1056,1058,1060,37825.0,4,36250.0,37800.0,36112.77884958801,548.8846016479743
214150.KQ,214150,KOSDAQ,클래시스,KRLEVEL_RR|214150|4T|1084|1086|1088,1084,1086,1088,37825.0,4,37300.0,37900.0,37158.33446454873,566.6621418050769
214150.KQ,214150,KOSDAQ,클래시스,KRLEVEL_RR|214150|4T|1139|1144|1146,1139,1144,1146,49650.0,4,47550.0,48100.0,47293.26086356652,1026.9565457339322
214150.KQ,214150,KOSDAQ,클래시스,KRLEVEL_RR|214150|2T|1219|1220|1221,1219,1220,1221,47825.0,2,46100.0,47400.0,45897.92105286873,808.3157885250831
214150.KQ,214150,KOSDAQ,클래시스,KRLEVEL_RR|214150|4T|1311|1315|1317,1311,1315,1317,50450.0,4,49450.0,50200.0,49238.17598003731,847.2960798507415
214150.KQ,214150,KOSDAQ,클래시스,KRLEVEL_RR|214150|5T|1330|1331|1333,1330,1331,1333,50500.0,5,49250.0,50500.0,49076.32474638422,694.7010144631308
214150.KQ,214150,KOSDAQ,클래시스,KRLEVEL_RR|214150|2T|1366|1371|1372,1366,1371,1372,49675.0,2,49150.0,49450.0,49010.72672798593,557.09308805627
214150.KQ,214150,KOSDAQ,클래시스,KRLEVEL_RR|214150|2T|1427|1428|1429,1427,1428,1429,49675.0,2,47900.0,49650.0,47738.69022873218,645.2390850712951
214150.KQ,214150,KOSDAQ,클래시스,KRLEVEL_RR|214150|3T|1465|1466|1467,1465,1466,1467,49750.0,3,44550.0,49200.0,44235.15919726684,1259.3632109326547
214150.KQ,214150,KOSDAQ,클래시스,KRLEVEL_RR|214150|2T|1514|1515|1516,1514,1515,1516,49675.0,2,48350.0,49600.0,48165.1194132732,739.5223469072116
214150.KQ,214150,KOSDAQ,클래시스,KRLEVEL_RR|214150|5T|1534|1539|1540,1534,1539,1540,52600.0,5,49000.0,52100.0,48777.8596800539,888.5612797843819
214150.KQ,214150,KOSDAQ,클래시스,KRLEVEL_RR|214150|2T|1568|1569|1571,1568,1569,1571,50300.0,2,49650.0,50100.0,49435.626260692574,857.4949572297136
214150.KQ,214150,KOSDAQ,클래시스,KRLEVEL_RR|214150|2T|1657|1658|1660,1657,1658,1660,53000.0,2,52500.0,53000.0,52282.73580789074,869.0567684370366
214150.KQ,214150,KOSDAQ,클래시스,KRLEVEL_RR|214150|2T|1673|1676|1678,1673,1676,1678,54600.0,2,52500.0,54400.0,52298.06753515143,807.7298593942702
214150.KQ,214150,KOSDAQ,클래시스,KRLEVEL_RR|214150|2T|1712|1713|1714,1712,1713,1714,59000.0,2,57300.0,58700.0,57081.8748738849,872.5005044603986
214150.KQ,214150,KOSDAQ,클래시스,KRLEVEL_RR|214150|2T|1728|1729|1731,1728,1729,1731,60550.0,2,58500.0,60600.0,58289.87530844582,840.4987662167164
214150.KQ,214150,KOSDAQ,클래시스,KRLEVEL_RR|214150|2T|1899|1900|1902,1899,1900,1902,48850.0,2,47300.0,48800.0,47108.18492968339,767.2602812664301
214150.KQ,214150,KOSDAQ,클래시스,KRLEVEL_RR|214150|2T|1971|1972|1973,1971,1972,1973,46125.0,2,45550.0,46100.0,45349.514795018804,801.9408199247868
214150.KQ,214150,KOSDAQ,클래시스,KRLEVEL_RR|214150|5T|2016|2017|2018,2016,2017,2018,49300.0,5,48700.0,49150.0,48557.29635930545,570.8145627782055
214150.KQ,214150,KOSDAQ,클래시스,KRLEVEL_RR|214150|2T|2030|2036|2037,2030,2036,2037,47300.0,2,46700.0,47400.0,46466.86428175747,932.5428729701114
214150.KQ,214150,KOSDAQ,클래시스,KRLEVEL_RR|214150|4T|2130|2136|2137,2130,2136,2137,53400.0,4,52500.0,52900.0,52321.522980144175,713.9080794233023
214150.KQ,214150,KOSDAQ,클래시스,KRLEVEL_RR|214150|2T|2196|2197|2198,2196,2197,2198,50300.0,2,48700.0,49800.0,48415.88200966965,1136.4719613214072
214150.KQ,214150,KOSDAQ,클래시스,KRLEVEL_RR|214150|2T|2252|2253|2255,2252,2253,2255,59800.0,2,57100.0,59600.0,56593.506669452705,2025.9733221891852
214150.KQ,214150,KOSDAQ,클래시스,KRLEVEL_RR|214150|2T|2292|2298|2300,2292,2298,2300,59800.0,2,57600.0,59500.0,57262.50817191956,1349.9673123217606
214150.KQ,214150,KOSDAQ,클래시스,KRLEVEL_RR|214150|3T|2386|2389|2390,2386,2389,2390,58300.0,3,55300.0,57900.0,55039.48167545105,1042.0732981958097
214150.KQ,214150,KOSDAQ,클래시스,KRLEVEL_RR|214150|2T|2430|2433|2434,2430,2433,2434,59800.0,2,51800.0,59300.0,51472.516510766196,1309.9339569352298
214150.KQ,214150,KOSDAQ,클래시스,KRLEVEL_RR|214150|2T|2447|2448|2450,2447,2448,2450,60850.0,2,60400.0,60700.0,60150.01577443333,999.9369022667012
214150.KQ,214150,KOSDAQ,클래시스,KRLEVEL_RR|214150|3T|2513|2518|2520,2513,2518,2520,64400.0,3,62300.0,64100.0,62110.88110757051,756.4755697179755
214150.KQ,214150,KOSDAQ,클래시스,KRLEVEL_RR|214150|2T|2663|2668|2669,2663,2668,2669,59500.0,2,55500.0,59200.0,55280.58686078135,877.6525568745863
214150.KQ,214150,KOSDAQ,클래시스,KRLEVEL_RR|214150|3T|2680|2681|2682,2680,2681,2682,59900.0,3,58900.0,59800.0,58655.409526942305,978.3618922307757
214150.KQ,214150,KOSDAQ,클래시스,KRLEVEL_RR|214150|2T|2709|2711|2713,2709,2711,2713,60550.0,2,59600.0,60200.0,59374.233796362634,903.0648145494647
214150.KQ,214150,KOSDAQ,클래시스,KRLEVEL_RR|214150|2T|2805|2808|2810,2805,2808,2810,58650.0,2,55700.0,58100.0,55485.34624876846,858.6150049261548
214150.KQ,214150,KOSDAQ,클래시스,KRLEVEL_RR|214150|3T|2906|2911|2913,2906,2911,2913,58800.0,3,54700.0,58300.0,54488.72980351938,845.0807859224717
214150.KQ,214150,KOSDAQ,클래시스,KRLEVEL_RR|214150|2T|3020|3024|3026,3020,3024,3026,52900.0,2,52200.0,53000.0,52062.39055497991,550.4377800803716
214150.KQ,214150,KOSDAQ,클래시스,KRLEVEL_RR|214150|2T|3070|3076|3077,3070,3076,3077,54500.0,2,54000.0,54300.0,53873.59581280771,505.6167487691658
214150.KQ,214150,KOSDAQ,클래시스,KRLEVEL_RR|214150|2T|3206|3207|3208,3206,3207,3208,48750.0,2,46100.0,48700.0,45874.64090148296,901.4363940681545
214150.KQ,214150,KOSDAQ,클래시스,KRLEVEL_RR|214150|2T|3230|3231|3232,3230,3231,3232,48750.0,2,48700.0,48750.0,48526.6013958419,693.5944166324059
214150.KQ,214150,KOSDAQ,클래시스,KRLEVEL_RR|214150|2T|3260|3262|3263,3260,3262,3263,48750.0,2,46100.0,48300.0,45927.65661006114,689.3735597554573
214150.KQ,214150,KOSDAQ,클래시스,KRLEVEL_RR|214150|3T|3431|3432|3433,3431,3432,3433,57700.0,3,55300.0,57800.0,55050.228288645165,999.0868454193467
214150.KQ,214150,KOSDAQ,클래시스,KRLEVEL_RR|214150|4T|3487|3489|3490,3487,3489,3490,57750.0,4,53000.0,57600.0,52762.62376441047,949.5049423581268
214150.KQ,214150,KOSDAQ,클래시스,KRLEVEL_RR|214150|2T|3514|3515|3516,3514,3515,3516,55500.0,2,54900.0,55400.0,54658.02357639608,967.905694415668
214150.KQ,214150,KOSDAQ,클래시스,KRLEVEL_RR|214150|2T|3540|3544|3545,3540,3544,3545,58200.0,2,56900.0,57700.0,56641.76684250047,1032.932629998126
214150.KQ,214150,KOSDAQ,클래시스,KRLEVEL_RR|214150|4T|3565|3567|3569,3565,3567,3569,57850.0,4,57100.0,57900.0,56851.493100304535,994.0275987818591
214150.KQ,214150,KOSDAQ,클래시스,KRLEVEL_RR|214150|2T|3641|3644|3646,3641,3644,3646,67200.0,2,64500.0,67000.0,64094.1964242783,1623.214302886799
214150.KQ,214150,KOSDAQ,클래시스,KRLEVEL_RR|214150|3T|3672|3675|3676,3672,3675,3676,69200.0,3,61800.0,69100.0,61348.10410571961,1807.5835771215634
214150.KQ,214150,KOSDAQ,클래시스,KRLEVEL_RR|214150|7T|3881|3882|3884,3881,3882,3884,53900.0,7,52200.0,53600.0,52005.10093769335,779.5962492266087
214150.KQ,214150,KOSDAQ,클래시스,KRLEVEL_RR|214150|2T|3905|3906|3908,3905,3906,3908,56950.0,2,54300.0,56900.0,54096.67075132576,813.316994696972
214150.KQ,214150,KOSDAQ,클래시스,KRLEVEL_RR|214150|3T|3936|3939|3941,3936,3939,3941,59200.0,3,56700.0,59200.0,56490.4779021382,838.0883914471964
214150.KQ,214150,KOSDAQ,클래시스,KRLEVEL_RR|214150|2T|3984|3985|3986,3984,3985,3986,54800.0,2,54200.0,54700.0,53990.84212208814,836.6315116474324
214150.KQ,214150,KOSDAQ,클래시스,KRLEVEL_RR|214150|2T|4141|4144|4145,4141,4144,4145,46125.0,2,43550.0,46150.0,43302.5875765355,989.6496938579992
214150.KQ,214150,KOSDAQ,클래시스,KRLEVEL_RR|214150|2T|4228|4232|4234,4228,4232,4234,46875.0,2,45250.0,46900.0,44992.85146424087,1028.5941430365274
214150.KQ,214150,KOSDAQ,클래시스,KRLEVEL_RR|214150|4T|4337|4343|4345,4337,4343,4345,45100.0,4,39150.0,44550.0,38866.35822917995,1134.5670832802255
095340.KQ,095340,KOSDAQ,ISC,KRLEVEL_RR|095340|2T|294|296|298,294,296,298,75350.0,2,70200.0,75300.0,69786.10698216551,1655.5720713379555
095340.KQ,095340,KOSDAQ,ISC,KRLEVEL_RR|095340|4T|337|338|340,337,338,340,77550.0,4,67200.0,76900.0,66658.56135391805,2165.7545843278203
095340.KQ,095340,KOSDAQ,ISC,KRLEVEL_RR|095340|6T|354|357|359,354,357,359,87800.0,6,79100.0,85300.0,78508.86677430394,2364.5329027842454
095340.KQ,095340,KOSDAQ,ISC,KRLEVEL_RR|095340|6T|390|392|393,390,392,393,87800.0,6,75200.0,88400.0,74616.31878383223,2334.7248646710664
095340.KQ,095340,KOSDAQ,ISC,KRLEVEL_RR|095340|3T|408|411|413,408,411,413,88800.0,3,85900.0,88500.0,85365.51780482466,2137.928780701386
095340.KQ,095340,KOSDAQ,ISC,KRLEVEL_RR|095340|3T|447|449|451,447,449,451,80500.0,3,79100.0,79800.0,78793.70237147172,1225.190514113133
095340.KQ,095340,KOSDAQ,ISC,KRLEVEL_RR|095340|4T|491|493|495,491,493,495,84850.0,4,82400.0,84900.0,81987.47750327046,1650.0899869181371
095340.KQ,095340,KOSDAQ,ISC,KRLEVEL_RR|095340|6T|528|530|532,528,530,532,88650.0,6,85100.0,88300.0,84806.5278527412,1173.8885890351783
095340.KQ,095340,KOSDAQ,ISC,KRLEVEL_RR|095340|2T|621|626|628,621,626,628,80300.0,2,79600.0,80300.0,79270.1957051859,1319.2171792563959
095340.KQ,095340,KOSDAQ,ISC,KRLEVEL_RR|095340|4T|674|675|676,674,675,676,84600.0,4,81700.0,84400.0,81241.86310317244,1832.54758731025
095340.KQ,095340,KOSDAQ,ISC,KRLEVEL_RR|095340|4T|823|824|825,823,824,825,73200.0,4,70300.0,73100.0,69961.79658930046,1352.813642798138
095340.KQ,095340,KOSDAQ,ISC,KRLEVEL_RR|095340|4T|837|841|842,837,841,842,77450.0,4,74400.0,77300.0,73986.4406629522,1654.237348191222
095340.KQ,095340,KOSDAQ,ISC,KRLEVEL_RR|095340|2T|916|920|921,916,920,921,91600.0,2,86500.0,91300.0,86048.02474554944,1807.9010178022606
095340.KQ,095340,KOSDAQ,ISC,KRLEVEL_RR|095340|2T|946|947|948,946,947,948,97050.0,2,94500.0,97100.0,93873.58049885838,2505.678004566482
095340.KQ,095340,KOSDAQ,ISC,KRLEVEL_RR|095340|2T|960|961|962,960,961,962,97050.0,2,94900.0,97000.0,94314.1964919791,2343.2140320835506
095340.KQ,095340,KOSDAQ,ISC,KRLEVEL_RR|095340|2T|995|996|997,995,996,997,97050.0,2,95100.0,97400.0,94568.99149675378,2124.0340129848682
095340.KQ,095340,KOSDAQ,ISC,KRLEVEL_RR|095340|4T|1084|1085|1086,1084,1085,1086,81250.0,4,77700.0,81400.0,77290.42180028402,1638.3127988638914
095340.KQ,095340,KOSDAQ,ISC,KRLEVEL_RR|095340|2T|1465|1468|1469,1465,1468,1469,49475.0,2,41100.0,48000.0,40732.48751690015,1470.049932399387
095340.KQ,095340,KOSDAQ,ISC,KRLEVEL_RR|095340|2T|1613|1614|1615,1613,1614,1615,50700.0,2,47250.0,50700.0,47029.081035023155,883.6758599073754
095340.KQ,095340,KOSDAQ,ISC,KRLEVEL_RR|095340|2T|1626|1627|1628,1626,1627,1628,51400.0,2,49450.0,51000.0,49222.791035013426,908.835859946301
095340.KQ,095340,KOSDAQ,ISC,KRLEVEL_RR|095340|3T|1640|1641|1642,1640,1641,1642,56300.0,3,52900.0,56100.0,52624.6061159829,1101.5755360684159
095340.KQ,095340,KOSDAQ,ISC,KRLEVEL_RR|095340|2T|1670|1676|1678,1670,1676,1678,57650.0,2,55200.0,56900.0,54930.4817795454,1078.0728818183875
095340.KQ,095340,KOSDAQ,ISC,KRLEVEL_RR|095340|7T|1710|1712|1714,1710,1712,1714,59100.0,7,55100.0,59000.0,54718.503539801786,1525.9858407928532
095340.KQ,095340,KOSDAQ,ISC,KRLEVEL_RR|095340|3T|1745|1749|1750,1745,1749,1750,58200.0,3,57200.0,58200.0,56937.30686086083,1050.772556556682
095340.KQ,095340,KOSDAQ,ISC,KRLEVEL_RR|095340|2T|1762|1763|1764,1762,1763,1764,61700.0,2,59800.0,61500.0,59539.98076913008,1040.0769234796699
095340.KQ,095340,KOSDAQ,ISC,KRLEVEL_RR|095340|3T|1977|1978|1979,1977,1978,1979,65400.0,3,53500.0,65400.0,53123.88716472407,1504.4513411037271
095340.KQ,095340,KOSDAQ,ISC,KRLEVEL_RR|095340|3T|2001|2007|2008,2001,2007,2008,65400.0,3,63700.0,65000.0,63266.422286863926,1734.3108525442906
095340.KQ,095340,KOSDAQ,ISC,KRLEVEL_RR|095340|3T|2025|2027|2029,2025,2027,2029,70200.0,3,67800.0,70000.0,67394.34495940845,1622.62016236621
095340.KQ,095340,KOSDAQ,ISC,KRLEVEL_RR|095340|3T|2042|2046|2048,2042,2046,2048,72100.0,3,69800.0,71200.0,69326.36419732925,1894.5432106829935
095340.KQ,095340,KOSDAQ,ISC,KRLEVEL_RR|095340|3T|2061|2064|2065,2061,2064,2065,72100.0,3,71100.0,72400.0,70691.1409936263,1635.4360254948074
095340.KQ,095340,KOSDAQ,ISC,KRLEVEL_RR|095340|4T|2090|2091|2092,2090,2091,2092,72250.0,4,69500.0,71800.0,69137.42624412732,1450.2950234907141
095340.KQ,095340,KOSDAQ,ISC,KRLEVEL_RR|095340|3T|2117|2119|2120,2117,2119,2120,73900.0,3,71900.0,74000.0,71573.76232392502,1304.9507042999157
095340.KQ,095340,KOSDAQ,ISC,KRLEVEL_RR|095340|2T|2156|2157|2159,2156,2157,2159,62550.0,2,59300.0,62300.0,58922.428737242895,1510.2850510284065
095340.KQ,095340,KOSDAQ,ISC,KRLEVEL_RR|095340|3T|2172|2175|2176,2172,2175,2176,70200.0,3,69200.0,69600.0,68829.313297667,1482.7468093319906
095340.KQ,095340,KOSDAQ,ISC,KRLEVEL_RR|095340|3T|2192|2193|2194,2192,2193,2194,74000.0,3,71800.0,74000.0,71427.37403055634,1490.5038777746424
095340.KQ,095340,KOSDAQ,ISC,KRLEVEL_RR|095340|2T|2325|2327|2329,2325,2327,2329,62150.0,2,59400.0,62000.0,59183.46927287036,866.1229085185695
095340.KQ,095340,KOSDAQ,ISC,KRLEVEL_RR|095340|2T|2466|2467|2468,2466,2467,2468,48450.0,2,47500.0,48300.0,47306.818153920154,772.7273843193827
095340.KQ,095340,KOSDAQ,ISC,KRLEVEL_RR|095340|2T|2522|2524|2525,2522,2524,2525,52150.0,2,49200.0,52100.0,49024.0435163654,703.8259345384068
095340.KQ,095340,KOSDAQ,ISC,KRLEVEL_RR|095340|3T|2546|2548|2550,2546,2548,2550,55000.0,3,53100.0,54700.0,52916.560133590596,733.7594656376305
095340.KQ,095340,KOSDAQ,ISC,KRLEVEL_RR|095340|2T|2582|2585|2586,2582,2585,2586,50700.0,2,49700.0,50500.0,49525.61991530734,697.520338770637
095340.KQ,095340,KOSDAQ,ISC,KRLEVEL_RR|095340|2T|2608|2610|2612,2608,2610,2612,50700.0,2,49450.0,50100.0,49265.58492203721,737.66031185116
095340.KQ,095340,KOSDAQ,ISC,KRLEVEL_RR|095340|4T|2636|2642|2643,2636,2642,2643,52050.0,4,49750.0,51600.0,49484.336534251604,1062.6538629935771
095340.KQ,095340,KOSDAQ,ISC,KRLEVEL_RR|095340|3T|2691|2695|2696,2691,2695,2696,52900.0,3,52100.0,52500.0,51865.25953827686,938.9618468925382
095340.KQ,095340,KOSDAQ,ISC,KRLEVEL_RR|095340|3T|2714|2718|2720,2714,2718,2720,52900.0,3,52800.0,53100.0,52514.97732950329,1140.0906819868644
095340.KQ,095340,KOSDAQ,ISC,KRLEVEL_RR|095340|2T|2762|2766|2768,2762,2766,2768,61150.0,2,57400.0,60800.0,57110.105681864516,1159.5772725419313
095340.KQ,095340,KOSDAQ,ISC,KRLEVEL_RR|095340|2T|2793|2796|2798,2793,2796,2798,61150.0,2,60400.0,61000.0,60097.37959693514,1210.4816122594243
095340.KQ,095340,KOSDAQ,ISC,KRLEVEL_RR|095340|2T|3044|3047|3048,3044,3047,3048,68350.0,2,66300.0,68100.0,66043.77914125293,1024.8834349882934
095340.KQ,095340,KOSDAQ,ISC,KRLEVEL_RR|095340|2T|3062|3065|3067,3062,3065,3067,69800.0,2,68100.0,69900.0,67860.96034478591,956.1586208563297
095340.KQ,095340,KOSDAQ,ISC,KRLEVEL_RR|095340|2T|3084|3086|3087,3084,3086,3087,76050.0,2,72100.0,75100.0,71721.53403115312,1513.8638753875553
095340.KQ,095340,KOSDAQ,ISC,KRLEVEL_RR|095340|2T|3134|3138|3139,3134,3138,3139,78750.0,2,78000.0,79000.0,77696.18738054122,1215.250477835117
095340.KQ,095340,KOSDAQ,ISC,KRLEVEL_RR|095340|5T|3170|3171|3172,3170,3171,3172,80600.0,5,76700.0,80700.0,76306.03172672135,1575.8730931145892
095340.KQ,095340,KOSDAQ,ISC,KRLEVEL_RR|095340|3T|3206|3207|3209,3206,3207,3209,78900.0,3,76100.0,79000.0,75817.31184734963,1130.7526106015036
095340.KQ,095340,KOSDAQ,ISC,KRLEVEL_RR|095340|7T|3250|3251|3253,3250,3251,3253,80500.0,7,79500.0,80400.0,79210.03232055013,1159.870717799468
095340.KQ,095340,KOSDAQ,ISC,KRLEVEL_RR|095340|3T|3271|3273|3275,3271,3273,3275,75900.0,3,69700.0,75000.0,69220.99900312103,1916.0039875158643
095340.KQ,095340,KOSDAQ,ISC,KRLEVEL_RR|095340|13T|3305|3306|3307,3305,3306,3307,80500.0,13,73900.0,80600.0,73348.80627084816,2204.7749166073445
095340.KQ,095340,KOSDAQ,ISC,KRLEVEL_RR|095340|5T|3481|3485|3487,3481,3485,3487,110700.0,5,103500.0,110100.0,102919.05855748561,2323.765770057537
095340.KQ,095340,KOSDAQ,ISC,KRLEVEL_RR|095340|3T|3499|3500|3501,3499,3500,3501,112500.0,3,111600.0,112500.0,110991.42780070982,2434.2887971607456
095340.KQ,095340,KOSDAQ,ISC,KRLEVEL_RR|095340|5T|3513|3516|3518,3513,3516,3518,110700.0,5,107400.0,108200.0,106854.11184786937,2183.552608522557
095340.KQ,095340,KOSDAQ,ISC,KRLEVEL_RR|095340|3T|3569|3570|3571,3569,3570,3571,100700.0,3,98200.0,100800.0,97751.36446578693,1794.5421368522657
095340.KQ,095340,KOSDAQ,ISC,KRLEVEL_RR|095340|6T|3582|3583|3584,3582,3583,3584,109000.0,6,101000.0,108800.0,100445.92045805603,2216.3181677758735
095340.KQ,095340,KOSDAQ,ISC,KRLEVEL_RR|095340|2T|3635|3636|3638,3635,3636,3638,157100.0,2,136500.0,152700.0,135009.43090303196,5962.276387872186
095340.KQ,095340,KOSDAQ,ISC,KRLEVEL_RR|095340|2T|3654|3657|3659,3654,3657,3659,171300.0,2,166600.0,170100.0,165164.9255522858,5740.297790856819
095340.KQ,095340,KOSDAQ,ISC,KRLEVEL_RR|095340|2T|3691|3692|3694,3691,3692,3694,179850.0,2,169000.0,179500.0,168073.00177664505,3707.9928934198174
095340.KQ,095340,KOSDAQ,ISC,KRLEVEL_RR|095340|2T|3722|3725|3727,3722,3725,3727,176900.0,2,168400.0,172600.0,166298.79814237842,8404.807430486318
095340.KQ,095340,KOSDAQ,ISC,KRLEVEL_RR|095340|4T|3761|3762|3764,3761,3762,3764,179250.0,4,173300.0,179800.0,171993.26052437772,5226.95790248908
095340.KQ,095340,KOSDAQ,ISC,KRLEVEL_RR|095340|2T|3869|3870|3872,3869,3870,3872,246500.0,2,220000.0,248000.0,218078.43257706464,7686.269691741391
095340.KQ,095340,KOSDAQ,ISC,KRLEVEL_RR|095340|2T|3899|3901|3902,3899,3901,3902,225250.0,2,213500.0,223000.0,211429.38363017133,8282.465479314695
095340.KQ,095340,KOSDAQ,ISC,KRLEVEL_RR|095340|2T|3915|3916|3918,3915,3916,3918,225250.0,2,217500.0,226500.0,216046.5870938916,5813.651624433632
095340.KQ,095340,KOSDAQ,ISC,KRLEVEL_RR|095340|3T|3957|3960|3962,3957,3960,3962,242500.0,3,233000.0,240500.0,231584.33634783738,5662.6546086504495
095340.KQ,095340,KOSDAQ,ISC,KRLEVEL_RR|095340|3T|3982|3985|3987,3982,3985,3987,246000.0,3,244000.0,245500.0,242672.98122306744,5308.075107730181
095340.KQ,095340,KOSDAQ,ISC,KRLEVEL_RR|095340|2T|4119|4120|4121,4119,4120,4121,192350.0,2,172100.0,190600.0,170074.652755693,8101.388977227925
095340.KQ,095340,KOSDAQ,ISC,KRLEVEL_RR|095340|2T|4157|4161|4162,4157,4161,4162,192350.0,2,188900.0,190500.0,187562.79036516513,5348.838539339511
095340.KQ,095340,KOSDAQ,ISC,KRLEVEL_RR|095340|2T|4259|4261|4262,4259,4261,4262,154550.0,2,143000.0,155000.0,141578.8937009782,5684.425196087211
226950.KQ,226950,KOSDAQ,올릭스,KRLEVEL_RR|226950|3T|337|338|339,337,338,339,13660.0,3,12950.0,13690.0,12883.584330990876,265.6626760364954
226950.KQ,226950,KOSDAQ,올릭스,KRLEVEL_RR|226950|3T|390|392|394,390,392,394,13660.0,3,13100.0,13610.0,13052.37491372024,190.50034511904354
226950.KQ,226950,KOSDAQ,올릭스,KRLEVEL_RR|226950|2T|407|410|411,407,410,411,13830.0,2,13530.0,13820.0,13486.634261777152,173.46295289139195
226950.KQ,226950,KOSDAQ,올릭스,KRLEVEL_RR|226950|3T|455|459|461,455,459,461,13660.0,3,13500.0,13640.0,13457.46546535326,170.13813858695877
226950.KQ,226950,KOSDAQ,올릭스,KRLEVEL_RR|226950|3T|485|490|491,485,490,491,13660.0,3,13170.0,13360.0,13114.74978408596,221.00086365616386
226950.KQ,226950,KOSDAQ,올릭스,KRLEVEL_RR|226950|3T|538|543|545,538,543,545,13630.0,3,13100.0,13600.0,13042.663466409495,229.34613436201897
226950.KQ,226950,KOSDAQ,올릭스,KRLEVEL_RR|226950|3T|572|577|578,572,577,578,14520.0,3,14410.0,14550.0,14333.501755928715,305.99297628513887
226950.KQ,226950,KOSDAQ,올릭스,KRLEVEL_RR|226950|3T|589|590|592,589,590,592,14380.0,3,14200.0,14350.0,14088.451691317523,446.1932347299076
226950.KQ,226950,KOSDAQ,올릭스,KRLEVEL_RR|226950|3T|660|663|664,660,663,664,14830.0,3,14360.0,14620.0,14260.43281716094,398.26873135624334
226950.KQ,226950,KOSDAQ,올릭스,KRLEVEL_RR|226950|2T|700|701|703,700,701,703,14980.0,2,14220.0,14850.0,14148.84746105676,284.6101557729633
226950.KQ,226950,KOSDAQ,올릭스,KRLEVEL_RR|226950|2T|725|727|728,725,727,728,14045.0,2,13760.0,13850.0,13696.740432703245,253.0382691870186
226950.KQ,226950,KOSDAQ,올릭스,KRLEVEL_RR|226950|2T|755|757|759,755,757,759,13885.0,2,13480.0,13830.0,13429.711394055503,201.15442377798624
226950.KQ,226950,KOSDAQ,올릭스,KRLEVEL_RR|226950|2T|770|773|775,770,773,775,13885.0,2,13830.0,13920.0,13772.304544055562,230.78182377775116
226950.KQ,226950,KOSDAQ,올릭스,KRLEVEL_RR|226950|2T|786|790|792,786,790,792,15495.0,2,14880.0,15500.0,14774.560330269773,421.75867892090673
226950.KQ,226950,KOSDAQ,올릭스,KRLEVEL_RR|226950|2T|828|829|830,828,829,830,16145.0,2,15730.0,16220.0,15637.229403269708,371.0823869211692
226950.KQ,226950,KOSDAQ,올릭스,KRLEVEL_RR|226950|3T|841|842|844,841,842,844,17660.0,3,16950.0,17570.0,16842.87065575849,428.51737696604886
226950.KQ,226950,KOSDAQ,올릭스,KRLEVEL_RR|226950|2T|857|858|860,857,858,860,17025.0,2,16760.0,16900.0,16651.15984388311,435.3606244675624
226950.KQ,226950,KOSDAQ,올릭스,KRLEVEL_RR|226950|2T|898|901|903,898,901,903,15475.0,2,15200.0,15400.0,15132.911272219077,268.3549111236956
226950.KQ,226950,KOSDAQ,올릭스,KRLEVEL_RR|226950|2T|990|992|993,990,992,993,14910.0,2,14340.0,14800.0,14269.30066509224,282.7973396310405
226950.KQ,226950,KOSDAQ,올릭스,KRLEVEL_RR|226950|3T|1018|1024|1026,1018,1024,1026,14900.0,3,13870.0,14700.0,13797.555343826245,289.77862469501866
226950.KQ,226950,KOSDAQ,올릭스,KRLEVEL_RR|226950|2T|1054|1057|1059,1054,1057,1059,15440.0,2,14800.0,15350.0,14729.326709926661,282.6931602933553
226950.KQ,226950,KOSDAQ,올릭스,KRLEVEL_RR|226950|4T|1121|1123|1125,1121,1123,1125,14910.0,4,14330.0,14820.0,14271.336621789083,234.65351284366264
226950.KQ,226950,KOSDAQ,올릭스,KRLEVEL_RR|226950|2T|1187|1188|1189,1187,1188,1189,14650.0,2,14000.0,14660.0,13942.208563532426,231.16574587029783
226950.KQ,226950,KOSDAQ,올릭스,KRLEVEL_RR|226950|2T|1326|1328|1330,1326,1328,1330,9090.0,2,8880.0,9110.0,8839.191337508759,163.2346499649633
226950.KQ,226950,KOSDAQ,올릭스,KRLEVEL_RR|226950|3T|1346|1347|1348,1346,1347,1348,9360.0,3,9150.0,9280.0,9103.051160819457,187.79535672216775
226950.KQ,226950,KOSDAQ,올릭스,KRLEVEL_RR|226950|3T|1390|1393|1395,1390,1393,1395,15000.0,3,10780.0,14920.0,10568.18097919732,847.2760832107263
226950.KQ,226950,KOSDAQ,올릭스,KRLEVEL_RR|226950|4T|1474|1479|1481,1474,1479,1481,13500.0,4,13080.0,13320.0,12982.052448927923,391.7902042883039
226950.KQ,226950,KOSDAQ,올릭스,KRLEVEL_RR|226950|2T|1540|1544|1545,1540,1544,1545,12745.0,2,11400.0,12610.0,11310.392710586513,358.4291576539492
226950.KQ,226950,KOSDAQ,올릭스,KRLEVEL_RR|226950|2T|1568|1569|1570,1568,1569,1570,15530.0,2,13620.0,15600.0,13496.113552969353,495.5457881225893
226950.KQ,226950,KOSDAQ,올릭스,KRLEVEL_RR|226950|2T|1590|1591|1593,1590,1591,1593,15530.0,2,14770.0,15580.0,14621.520906475916,593.9163740963329
226950.KQ,226950,KOSDAQ,올릭스,KRLEVEL_RR|226950|2T|1609|1612|1613,1609,1612,1613,16595.0,2,16570.0,16700.0,16432.182036181403,551.2718552743969
226950.KQ,226950,KOSDAQ,올릭스,KRLEVEL_RR|226950|2T|1640|1643|1644,1640,1643,1644,19845.0,2,18260.0,19970.0,18110.365433367424,598.5382665303098
226950.KQ,226950,KOSDAQ,올릭스,KRLEVEL_RR|226950|2T|1860|1862|1863,1860,1862,1863,17555.0,2,15130.0,17340.0,14797.722465477746,1329.1101380890175
226950.KQ,226950,KOSDAQ,올릭스,KRLEVEL_RR|226950|2T|1896|1897|1899,1896,1897,1899,20600.0,2,19720.0,20500.0,19508.46458588255,846.1416564697943
226950.KQ,226950,KOSDAQ,올릭스,KRLEVEL_RR|226950|3T|1917|1923|1924,1917,1923,1924,21850.0,3,19930.0,20700.0,19739.291980391434,762.8320784342624
226950.KQ,226950,KOSDAQ,올릭스,KRLEVEL_RR|226950|2T|1957|1958|1959,1957,1958,1959,24825.0,2,22900.0,25000.0,22676.259021072085,894.963915711661
226950.KQ,226950,KOSDAQ,올릭스,KRLEVEL_RR|226950|5T|2039|2041|2042,2039,2041,2042,18910.0,5,16510.0,18790.0,16374.41402466577,542.3439013369225
226950.KQ,226950,KOSDAQ,올릭스,KRLEVEL_RR|226950|2T|2139|2140|2141,2139,2140,2141,15780.0,2,13800.0,15680.0,13691.44297945174,434.22808219303937
226950.KQ,226950,KOSDAQ,올릭스,KRLEVEL_RR|226950|2T|2172|2173|2174,2172,2173,2174,19895.0,2,16550.0,19990.0,16245.495794957851,1218.0168201685938
226950.KQ,226950,KOSDAQ,올릭스,KRLEVEL_RR|226950|2T|2264|2265|2266,2264,2265,2266,57150.0,2,52300.0,57400.0,51761.68006798561,2153.2797280575633
226950.KQ,226950,KOSDAQ,올릭스,KRLEVEL_RR|226950|7T|2421|2425|2426,2421,2425,2426,44000.0,7,39300.0,42850.0,38858.803202369745,1764.7871905210216
226950.KQ,226950,KOSDAQ,올릭스,KRLEVEL_RR|226950|2T|2437|2439|2441,2437,2439,2441,48850.0,2,42550.0,48750.0,42167.87880366556,1528.4847853377687
226950.KQ,226950,KOSDAQ,올릭스,KRLEVEL_RR|226950|2T|2462|2463|2465,2462,2463,2465,48850.0,2,45950.0,48500.0,45624.439373894216,1302.2425044231459
226950.KQ,226950,KOSDAQ,올릭스,KRLEVEL_RR|226950|3T|2517|2518|2519,2517,2518,2519,49000.0,3,46650.0,48650.0,46272.16131587336,1511.3547365065583
226950.KQ,226950,KOSDAQ,올릭스,KRLEVEL_RR|226950|3T|2551|2554|2556,2551,2554,2556,43100.0,3,42400.0,43300.0,42081.206172112354,1275.1753115505733
226950.KQ,226950,KOSDAQ,올릭스,KRLEVEL_RR|226950|5T|2606|2607|2609,2606,2607,2609,48800.0,5,45200.0,48400.0,44870.330453720846,1318.6781851166288
226950.KQ,226950,KOSDAQ,올릭스,KRLEVEL_RR|226950|5T|2628|2631|2632,2628,2631,2632,52600.0,5,49200.0,51200.0,48749.83191073102,1800.6723570759004
226950.KQ,226950,KOSDAQ,올릭스,KRLEVEL_RR|226950|5T|2653|2657|2658,2653,2657,2658,46950.0,5,44500.0,46850.0,44092.01808790584,1631.927648376652
226950.KQ,226950,KOSDAQ,올릭스,KRLEVEL_RR|226950|5T|2888|2894|2895,2888,2894,2895,47700.0,5,43950.0,47100.0,43600.33791757121,1398.648329715164
226950.KQ,226950,KOSDAQ,올릭스,KRLEVEL_RR|226950|2T|2924|2928|2930,2924,2928,2930,49875.0,2,49550.0,49950.0,49197.57454287168,1409.7018285132988
226950.KQ,226950,KOSDAQ,올릭스,KRLEVEL_RR|226950|3T|2997|2999|3000,2997,2999,3000,60400.0,3,54300.0,60700.0,53928.97725274882,1484.090989004732
226950.KQ,226950,KOSDAQ,올릭스,KRLEVEL_RR|226950|2T|3121|3122|3123,3121,3122,3123,93900.0,2,91400.0,92000.0,90766.3663797283,2534.53448108683
226950.KQ,226950,KOSDAQ,올릭스,KRLEVEL_RR|226950|3T|3144|3145|3146,3144,3145,3146,92300.0,3,88200.0,92500.0,87586.731198643,2453.0752054280038
226950.KQ,226950,KOSDAQ,올릭스,KRLEVEL_RR|226950|2T|3194|3199|3200,3194,3199,3200,93900.0,2,86000.0,93000.0,85318.62014728006,2725.5194108797687
226950.KQ,226950,KOSDAQ,올릭스,KRLEVEL_RR|226950|3T|3212|3214|3216,3212,3214,3216,95800.0,3,90700.0,95800.0,90017.78138030699,2728.874478772053
226950.KQ,226950,KOSDAQ,올릭스,KRLEVEL_RR|226950|7T|3231|3232|3233,3231,3232,3233,98400.0,7,97100.0,97600.0,96342.09091460778,3031.636341568875
226950.KQ,226950,KOSDAQ,올릭스,KRLEVEL_RR|226950|2T|3266|3270|3272,3266,3270,3272,120750.0,2,110100.0,118900.0,109028.24540630894,4287.018374764265
226950.KQ,226950,KOSDAQ,올릭스,KRLEVEL_RR|226950|2T|3284|3285|3286,3284,3285,3286,120750.0,2,116600.0,121600.0,115429.47311154156,4682.1075538337445
226950.KQ,226950,KOSDAQ,올릭스,KRLEVEL_RR|226950|2T|3343|3345|3346,3343,3345,3346,132000.0,2,125500.0,132200.0,124684.17033673101,3263.3186530759613
226950.KQ,226950,KOSDAQ,올릭스,KRLEVEL_RR|226950|2T|3397|3401|3403,3397,3401,3403,124300.0,2,114500.0,123800.0,113655.91653577439,3376.333856902418
226950.KQ,226950,KOSDAQ,올릭스,KRLEVEL_RR|226950|2T|3426|3429|3431,3426,3429,3431,140850.0,2,131000.0,139700.0,130000.74042525631,3997.038298974736
226950.KQ,226950,KOSDAQ,올릭스,KRLEVEL_RR|226950|3T|3445|3446|3448,3445,3446,3448,132500.0,3,128100.0,132200.0,127076.90163482122,4092.3934607151186
226950.KQ,226950,KOSDAQ,올릭스,KRLEVEL_RR|226950|2T|3464|3465|3466,3464,3465,3466,126300.0,2,125100.0,126400.0,124340.47057808925,3038.1176876429836
226950.KQ,226950,KOSDAQ,올릭스,KRLEVEL_RR|226950|4T|3478|3479|3480,3478,3479,3480,138750.0,4,125600.0,138200.0,124794.83471442528,3220.661142298908
226950.KQ,226950,KOSDAQ,올릭스,KRLEVEL_RR|226950|5T|3549|3553|3554,3549,3553,3554,138800.0,5,129700.0,139600.0,128832.16769989372,3471.3292004251416
226950.KQ,226950,KOSDAQ,올릭스,KRLEVEL_RR|226950|9T|3582|3583|3585,3582,3583,3585,142900.0,9,111800.0,141200.0,110697.74522282874,4409.019108685016
226950.KQ,226950,KOSDAQ,올릭스,KRLEVEL_RR|226950|2T|3646|3651|3653,3646,3651,3653,129750.0,2,118500.0,130400.0,117571.54497179473,3713.8201128210585
226950.KQ,226950,KOSDAQ,올릭스,KRLEVEL_RR|226950|5T|3689|3693|3694,3689,3693,3694,143200.0,5,127900.0,140950.0,127075.62773060182,3297.4890775927065
226950.KQ,226950,KOSDAQ,올릭스,KRLEVEL_RR|226950|3T|3815|3816|3818,3815,3816,3818,199200.0,3,182800.0,199900.0,181154.57847318606,6581.686107255746
226950.KQ,226950,KOSDAQ,올릭스,KRLEVEL_RR|226950|3T|3903|3904|3905,3903,3904,3905,165000.0,3,155600.0,162700.0,154316.92168440184,5132.313262392628
226950.KQ,226950,KOSDAQ,올릭스,KRLEVEL_RR|226950|3T|3928|3932|3933,3928,3932,3933,165000.0,3,162500.0,166000.0,161357.92713831336,4568.291446746578
226950.KQ,226950,KOSDAQ,올릭스,KRLEVEL_RR|226950|5T|3977|3981|3983,3977,3981,3983,168500.0,5,163500.0,169500.0,162354.02696263776,4583.892149449034
226950.KQ,226950,KOSDAQ,올릭스,KRLEVEL_RR|226950|5T|4046|4052|4053,4046,4052,4053,165600.0,5,144300.0,162300.0,142767.75249974587,6128.990001016542
226950.KQ,226950,KOSDAQ,올릭스,KRLEVEL_RR|226950|2T|4169|4172|4173,4169,4172,4173,133550.0,2,123800.0,134500.0,122334.60284619693,5861.588615212323
226950.KQ,226950,KOSDAQ,올릭스,KRLEVEL_RR|226950|2T|4259|4260|4261,4259,4260,4261,133550.0,2,119700.0,133000.0,118305.0723732001,5579.7105071995475
226950.KQ,226950,KOSDAQ,올릭스,KRLEVEL_RR|226950|2T|4293|4294|4296,4293,4294,4296,111900.0,2,101700.0,111400.0,100619.55076691325,4321.796932347008
226950.KQ,226950,KOSDAQ,올릭스,KRLEVEL_RR|226950|2T|4338|4342|4343,4338,4342,4343,118050.0,2,91300.0,118700.0,89868.59891166833,5725.60435332668
084370.KQ,084370,KOSDAQ,유진테크,KRLEVEL_RR|084370|2T|241|242|244,241,242,244,40500.0,2,39150.0,40250.0,38956.84042595837,772.6382961665186
084370.KQ,084370,KOSDAQ,유진테크,KRLEVEL_RR|084370|3T|279|285|286,279,285,286,39800.0,3,39350.0,39750.0,39144.44440013875,822.2223994449816
084370.KQ,084370,KOSDAQ,유진테크,KRLEVEL_RR|084370|4T|331|332|334,331,332,334,39800.0,4,39150.0,39900.0,38953.50979670585,785.9608131766233
084370.KQ,084370,KOSDAQ,유진테크,KRLEVEL_RR|084370|2T|357|358|360,357,358,360,44275.0,2,41200.0,44500.0,40937.35782039686,1050.5687184125802
084370.KQ,084370,KOSDAQ,유진테크,KRLEVEL_RR|084370|3T|390|391|393,390,391,393,46000.0,3,43100.0,45300.0,42896.40889869142,814.3644052343093
084370.KQ,084370,KOSDAQ,유진테크,KRLEVEL_RR|084370|2T|437|442|444,437,442,444,42150.0,2,41450.0,41950.0,41298.31396961215,606.7441215513909
084370.KQ,084370,KOSDAQ,유진테크,KRLEVEL_RR|084370|4T|458|459|461,458,459,461,43400.0,4,42300.0,43350.0,42145.60062132929,617.5975146828201
084370.KQ,084370,KOSDAQ,유진테크,KRLEVEL_RR|084370|3T|510|511|513,510,511,513,40050.0,3,38450.0,40100.0,38316.202089131584,535.1916434736655
084370.KQ,084370,KOSDAQ,유진테크,KRLEVEL_RR|084370|2T|565|566|567,565,566,567,40200.0,2,38500.0,40200.0,38384.043111816856,463.82755273256544
084370.KQ,084370,KOSDAQ,유진테크,KRLEVEL_RR|084370|2T|584|585|586,584,585,586,40200.0,2,39800.0,40300.0,39670.82711389865,516.691544405398
084370.KQ,084370,KOSDAQ,유진테크,KRLEVEL_RR|084370|2T|600|602|604,600,602,604,40200.0,2,39800.0,40250.0,39669.8428274518,520.6286901927845
084370.KQ,084370,KOSDAQ,유진테크,KRLEVEL_RR|084370|4T|617|619|621,617,619,621,41675.0,4,39550.0,41700.0,39420.33603790903,518.6558483638886
084370.KQ,084370,KOSDAQ,유진테크,KRLEVEL_RR|084370|4T|637|639|640,637,639,640,41150.0,4,40200.0,40650.0,40011.88988901583,752.4404439366782
084370.KQ,084370,KOSDAQ,유진테크,KRLEVEL_RR|084370|2T|652|653|655,652,653,655,42725.0,2,40300.0,42550.0,40113.47086676571,746.1165329371594
084370.KQ,084370,KOSDAQ,유진테크,KRLEVEL_RR|084370|4T|809|815|816,809,815,816,38150.0,4,36250.0,37550.0,36055.05582791637,779.7766883345362
084370.KQ,084370,KOSDAQ,유진테크,KRLEVEL_RR|084370|2T|852|853|855,852,853,855,35750.0,2,35400.0,35700.0,35261.89013379674,552.4394648130441
084370.KQ,084370,KOSDAQ,유진테크,KRLEVEL_RR|084370|2T|888|892|894,888,892,894,35150.0,2,34450.0,35250.0,34335.52405175721,457.903792971169
084370.KQ,084370,KOSDAQ,유진테크,KRLEVEL_RR|084370|2T|958|959|960,958,959,960,44350.0,2,41400.0,44200.0,41157.103103654146,971.587585383422
084370.KQ,084370,KOSDAQ,유진테크,KRLEVEL_RR|084370|2T|1066|1070|1072,1066,1070,1072,53400.0,2,52300.0,53000.0,52015.95408899452,1136.183644021914
084370.KQ,084370,KOSDAQ,유진테크,KRLEVEL_RR|084370|2T|1156|1160|1162,1156,1160,1162,52650.0,2,48300.0,52600.0,47990.76078473467,1236.9568610612982
084370.KQ,084370,KOSDAQ,유진테크,KRLEVEL_RR|084370|2T|1200|1204|1205,1200,1204,1205,49725.0,2,48500.0,49250.0,48244.88016507281,1020.479339708756
084370.KQ,084370,KOSDAQ,유진테크,KRLEVEL_RR|084370|4T|1225|1226|1227,1225,1226,1227,50950.0,4,49850.0,50900.0,49635.913093370145,856.3476265194073
084370.KQ,084370,KOSDAQ,유진테크,KRLEVEL_RR|084370|2T|1246|1248|1249,1246,1248,1249,51550.0,2,49500.0,51400.0,49254.32601357986,982.695945680555
084370.KQ,084370,KOSDAQ,유진테크,KRLEVEL_RR|084370|2T|1282|1283|1284,1282,1283,1284,51550.0,2,50600.0,51700.0,50351.69305851446,993.2277659421815
084370.KQ,084370,KOSDAQ,유진테크,KRLEVEL_RR|084370|2T|1424|1430|1431,1424,1430,1431,43175.0,2,42200.0,42550.0,41998.67365393079,805.305384276851
084370.KQ,084370,KOSDAQ,유진테크,KRLEVEL_RR|084370|2T|1474|1479|1480,1474,1479,1480,43175.0,2,37900.0,43400.0,37596.421660146145,1214.31335941542
084370.KQ,084370,KOSDAQ,유진테크,KRLEVEL_RR|084370|2T|1633|1636|1637,1633,1636,1637,37600.0,2,35900.0,36600.0,35689.79510838832,840.819566446695
084370.KQ,084370,KOSDAQ,유진테크,KRLEVEL_RR|084370|2T|1650|1652|1654,1650,1652,1654,39075.0,2,38150.0,38850.0,37952.62402116751,789.5039153299483
084370.KQ,084370,KOSDAQ,유진테크,KRLEVEL_RR|084370|4T|1687|1691|1692,1687,1691,1692,38075.0,4,37150.0,37700.0,37006.30327078049,574.7869168780386
084370.KQ,084370,KOSDAQ,유진테크,KRLEVEL_RR|084370|5T|1703|1706|1708,1703,1706,1708,38100.0,5,37700.0,38000.0,37540.786082572726,636.8556697090931
084370.KQ,084370,KOSDAQ,유진테크,KRLEVEL_RR|084370|4T|1786|1787|1788,1786,1787,1788,36225.0,4,34550.0,36350.0,34380.25616020698,678.9753591720777
084370.KQ,084370,KOSDAQ,유진테크,KRLEVEL_RR|084370|3T|1929|1933|1935,1929,1933,1935,34550.0,3,31550.0,34250.0,31345.862996370455,816.5480145181775
084370.KQ,084370,KOSDAQ,유진테크,KRLEVEL_RR|084370|3T|2050|2051|2052,2050,2051,2052,35550.0,3,31750.0,35450.0,31595.03683993263,619.8526402694796
084370.KQ,084370,KOSDAQ,유진테크,KRLEVEL_RR|084370|3T|2096|2100|2102,2096,2100,2102,36050.0,3,35850.0,36000.0,35708.07675284195,567.69298863218
084370.KQ,084370,KOSDAQ,유진테크,KRLEVEL_RR|084370|3T|2117|2119|2121,2117,2119,2121,38150.0,3,36700.0,38050.0,36525.84937922495,696.6024831002096
084370.KQ,084370,KOSDAQ,유진테크,KRLEVEL_RR|084370|3T|2148|2149|2150,2148,2149,2150,34500.0,3,34000.0,34300.0,33814.07146127659,743.7141548936597
084370.KQ,084370,KOSDAQ,유진테크,KRLEVEL_RR|084370|2T|2166|2167|2169,2166,2167,2169,36850.0,2,34700.0,36900.0,34540.0985382887,639.6058468451896
084370.KQ,084370,KOSDAQ,유진테크,KRLEVEL_RR|084370|3T|2189|2190|2191,2189,2190,2191,38950.0,3,38550.0,39050.0,38382.18933473915,671.2426610433829
084370.KQ,084370,KOSDAQ,유진테크,KRLEVEL_RR|084370|3T|2297|2298|2300,2297,2298,2300,38950.0,3,38000.0,38950.0,37808.23689950999,767.0524019600529
084370.KQ,084370,KOSDAQ,유진테크,KRLEVEL_RR|084370|3T|2315|2316|2317,2315,2316,2317,43000.0,3,40600.0,42750.0,40409.025779578915,763.8968816843523
084370.KQ,084370,KOSDAQ,유진테크,KRLEVEL_RR|084370|3T|2330|2335|2336,2330,2335,2336,43000.0,3,41850.0,42750.0,41686.38405955972,654.4637617611106
084370.KQ,084370,KOSDAQ,유진테크,KRLEVEL_RR|084370|2T|2492|2494|2496,2492,2494,2496,34850.0,2,33700.0,34800.0,33596.33286486752,414.6685405299086
084370.KQ,084370,KOSDAQ,유진테크,KRLEVEL_RR|084370|3T|2541|2542|2544,2541,2542,2544,34850.0,3,33800.0,34850.0,33692.925414858255,428.2983405669902
084370.KQ,084370,KOSDAQ,유진테크,KRLEVEL_RR|084370|2T|2619|2620|2622,2619,2620,2622,32800.0,2,30850.0,32850.0,30769.206602441107,323.17359023557646
084370.KQ,084370,KOSDAQ,유진테크,KRLEVEL_RR|084370|2T|2636|2641|2642,2636,2641,2642,32800.0,2,32450.0,32750.0,32346.165421432805,415.3383142687792
084370.KQ,084370,KOSDAQ,유진테크,KRLEVEL_RR|084370|3T|2679|2680|2682,2679,2680,2682,34950.0,3,33700.0,35000.0,33560.66910040995,557.3235983602085
084370.KQ,084370,KOSDAQ,유진테크,KRLEVEL_RR|084370|2T|2711|2712|2714,2711,2712,2714,37575.0,2,36950.0,37300.0,36818.19775547413,527.2089781034704
084370.KQ,084370,KOSDAQ,유진테크,KRLEVEL_RR|084370|2T|2753|2754|2756,2753,2754,2756,37575.0,2,37350.0,37550.0,37214.94454839153,540.2218064338679
084370.KQ,084370,KOSDAQ,유진테크,KRLEVEL_RR|084370|2T|2862|2868|2870,2862,2868,2870,43550.0,2,42000.0,43650.0,41804.118605254866,783.5255789805312
084370.KQ,084370,KOSDAQ,유진테크,KRLEVEL_RR|084370|4T|3040|3042|3044,3040,3042,3044,48725.0,4,46200.0,48350.0,46009.0806376874,763.6774492503844
084370.KQ,084370,KOSDAQ,유진테크,KRLEVEL_RR|084370|2T|3070|3072|3074,3070,3072,3074,57950.0,2,46200.0,57700.0,45952.26618677555,990.9352528977879
084370.KQ,084370,KOSDAQ,유진테크,KRLEVEL_RR|084370|2T|3128|3132|3134,3128,3132,3134,69700.0,2,65300.0,69500.0,64983.74162088524,1265.033516459047
084370.KQ,084370,KOSDAQ,유진테크,KRLEVEL_RR|084370|2T|3171|3172|3173,3171,3172,3173,78300.0,2,74000.0,78000.0,73581.34601926162,1674.615922953532
084370.KQ,084370,KOSDAQ,유진테크,KRLEVEL_RR|084370|2T|3208|3214|3216,3208,3214,3216,91950.0,2,86800.0,91100.0,86356.96265523807,1772.149379047742
084370.KQ,084370,KOSDAQ,유진테크,KRLEVEL_RR|084370|2T|3348|3353|3354,3348,3353,3354,78800.0,2,76300.0,78600.0,75966.10613620411,1335.5754551835992
084370.KQ,084370,KOSDAQ,유진테크,KRLEVEL_RR|084370|2T|3371|3377|3378,3371,3377,3378,80300.0,2,78000.0,79400.0,77672.14662294918,1311.4135082032642
084370.KQ,084370,KOSDAQ,유진테크,KRLEVEL_RR|084370|2T|3404|3405|3407,3404,3405,3407,78000.0,2,75400.0,77700.0,75119.52955490156,1121.881780393749
084370.KQ,084370,KOSDAQ,유진테크,KRLEVEL_RR|084370|2T|3451|3452|3454,3451,3452,3454,75600.0,2,70100.0,75800.0,69774.18333760416,1303.2666495833496
084370.KQ,084370,KOSDAQ,유진테크,KRLEVEL_RR|084370|2T|3481|3487|3488,3481,3487,3488,75600.0,2,73800.0,75100.0,73357.16383966377,1771.3446413448953
084370.KQ,084370,KOSDAQ,유진테크,KRLEVEL_RR|084370|2T|3499|3503|3504,3499,3503,3504,90500.0,2,74900.0,90000.0,74197.55580849321,2809.7767660271693
084370.KQ,084370,KOSDAQ,유진테크,KRLEVEL_RR|084370|3T|3528|3531|3533,3528,3531,3533,82400.0,3,81200.0,82800.0,80755.71674770393,1777.1330091842856
084370.KQ,084370,KOSDAQ,유진테크,KRLEVEL_RR|084370|3T|3584|3586|3587,3584,3586,3587,82500.0,3,74300.0,82600.0,73818.22820158461,1927.0871936615563
084370.KQ,084370,KOSDAQ,유진테크,KRLEVEL_RR|084370|2T|3659|3664|3665,3659,3664,3665,100300.0,2,96000.0,98900.0,95340.34050333184,2638.63798667266
084370.KQ,084370,KOSDAQ,유진테크,KRLEVEL_RR|084370|2T|3774|3779|3781,3774,3779,3781,123300.0,2,116400.0,122800.0,115678.2015512172,2887.193795131219
084370.KQ,084370,KOSDAQ,유진테크,KRLEVEL_RR|084370|3T|3803|3805|3806,3803,3805,3806,127400.0,3,121700.0,124700.0,120886.04184512637,3255.8326194945125
084370.KQ,084370,KOSDAQ,유진테크,KRLEVEL_RR|084370|5T|3870|3871|3872,3870,3871,3872,127900.0,5,117100.0,128300.0,116305.02384078871,3179.904636845185
084370.KQ,084370,KOSDAQ,유진테크,KRLEVEL_RR|084370|3T|3891|3892|3893,3891,3892,3893,123200.0,3,122500.0,123300.0,121805.83753708114,2776.649851675428
084370.KQ,084370,KOSDAQ,유진테크,KRLEVEL_RR|084370|7T|3933|3935|3936,3933,3935,3936,130700.0,7,130200.0,131100.0,129501.17602338974,2795.2959064410675
084370.KQ,084370,KOSDAQ,유진테크,KRLEVEL_RR|084370|8T|3964|3970|3971,3964,3970,3971,130750.0,8,127000.0,130100.0,126028.17227345519,3887.3109061792384
084370.KQ,084370,KOSDAQ,유진테크,KRLEVEL_RR|084370|11T|4007|4009|4011,4007,4009,4011,130700.0,11,120700.0,131400.0,119667.53589167105,4129.856433315769
084370.KQ,084370,KOSDAQ,유진테크,KRLEVEL_RR|084370|3T|4032|4035|4037,4032,4035,4037,120600.0,3,111000.0,120000.0,109727.47906770416,5090.083729183365
084370.KQ,084370,KOSDAQ,유진테크,KRLEVEL_RR|084370|2T|4049|4050|4052,4049,4050,4052,143800.0,2,123700.0,143900.0,122728.99555425787,3884.0177829685204
084370.KQ,084370,KOSDAQ,유진테크,KRLEVEL_RR|084370|4T|4103|4104|4106,4103,4104,4106,143800.0,4,132300.0,142600.0,130463.01514632934,7347.939414682635
084370.KQ,084370,KOSDAQ,유진테크,KRLEVEL_RR|084370|4T|4193|4194|4196,4193,4194,4196,183350.0,4,163000.0,179400.0,161062.2023992399,7751.190403040427
084370.KQ,084370,KOSDAQ,유진테크,KRLEVEL_RR|084370|2T|4330|4336|4338,4330,4336,4338,111100.0,2,86100.0,112000.0,84581.42839357765,6074.286425689386
095610.KQ,095610,KOSDAQ,테스,KRLEVEL_RR|095610|3T|265|266|267,265,266,267,20500.0,3,20050.0,20500.0,19976.293284777978,294.82686088809106
095610.KQ,095610,KOSDAQ,테스,KRLEVEL_RR|095610|2T|291|296|298,291,296,298,20125.0,2,19970.0,20150.0,19891.12287929137,315.50848283450796
095610.KQ,095610,KOSDAQ,테스,KRLEVEL_RR|095610|2T|330|334|336,330,334,336,19945.0,2,19810.0,19900.0,19722.180515745364,351.277937018552
095610.KQ,095610,KOSDAQ,테스,KRLEVEL_RR|095610|4T|398|399|400,398,399,400,20700.0,4,20400.0,20650.0,20328.00559597916,287.9776160833575
095610.KQ,095610,KOSDAQ,테스,KRLEVEL_RR|095610|5T|444|445|447,444,445,447,20700.0,5,20400.0,20750.0,20342.418284752843,230.32686098863502
095610.KQ,095610,KOSDAQ,테스,KRLEVEL_RR|095610|2T|781|783|785,781,783,785,19210.0,2,18670.0,19230.0,18627.1022841872,171.59086325119307
095610.KQ,095610,KOSDAQ,테스,KRLEVEL_RR|095610|2T|808|814|815,808,814,815,19155.0,2,18730.0,19150.0,18671.55859887483,233.7656045006692
095610.KQ,095610,KOSDAQ,테스,KRLEVEL_RR|095610|2T|828|829|830,828,829,830,20175.0,2,19800.0,20100.0,19736.08079110263,255.67683558947783
095610.KQ,095610,KOSDAQ,테스,KRLEVEL_RR|095610|3T|892|893|894,892,893,894,19150.0,3,18850.0,19170.0,18798.588104657512,205.64758136994573
095610.KQ,095610,KOSDAQ,테스,KRLEVEL_RR|095610|2T|996|997|998,996,997,998,25675.0,2,23900.0,25800.0,23712.347494085167,750.6100236593373
095610.KQ,095610,KOSDAQ,테스,KRLEVEL_RR|095610|4T|1212|1214|1216,1212,1214,1216,23575.0,4,22450.0,23600.0,22336.958406556707,452.1663737731794
095610.KQ,095610,KOSDAQ,테스,KRLEVEL_RR|095610|5T|1283|1284|1285,1283,1284,1285,23850.0,5,21600.0,23800.0,21470.17067469794,519.3173012082425
095610.KQ,095610,KOSDAQ,테스,KRLEVEL_RR|095610|3T|1368|1369|1371,1368,1369,1371,23450.0,3,22700.0,23450.0,22599.337423516048,402.65030593580695
095610.KQ,095610,KOSDAQ,테스,KRLEVEL_RR|095610|2T|1486|1487|1489,1486,1487,1489,18170.0,2,16940.0,18060.0,16864.666573515246,301.33370593901407
095610.KQ,095610,KOSDAQ,테스,KRLEVEL_RR|095610|2T|1612|1613|1614,1612,1613,1614,16800.0,2,16210.0,16720.0,16150.342428409998,238.63028636000806
095610.KQ,095610,KOSDAQ,테스,KRLEVEL_RR|095610|3T|1729|1730|1731,1729,1730,1731,16760.0,3,16550.0,16730.0,16505.94452753702,176.22188985192238
095610.KQ,095610,KOSDAQ,테스,KRLEVEL_RR|095610|5T|1788|1789|1790,1788,1789,1790,16760.0,5,15870.0,16750.0,15816.41284746428,214.34861014287657
095610.KQ,095610,KOSDAQ,테스,KRLEVEL_RR|095610|3T|1805|1809|1810,1805,1809,1810,16930.0,3,16220.0,16900.0,16166.139327106192,215.4426915752302
095610.KQ,095610,KOSDAQ,테스,KRLEVEL_RR|095610|3T|1960|1963|1965,1960,1963,1965,14280.0,3,13230.0,14270.0,13175.03814394028,219.84742423887462
095610.KQ,095610,KOSDAQ,테스,KRLEVEL_RR|095610|2T|1983|1986|1987,1983,1986,1987,14965.0,2,14730.0,15000.0,14686.079334716575,175.6826611336983
095610.KQ,095610,KOSDAQ,테스,KRLEVEL_RR|095610|2T|2043|2044|2046,2043,2044,2046,15980.0,2,15200.0,16000.0,15142.46923133332,230.12307466671828
095610.KQ,095610,KOSDAQ,테스,KRLEVEL_RR|095610|2T|2101|2102|2103,2101,2102,2103,17395.0,2,16500.0,17230.0,16444.150117535733,223.39952985706668
095610.KQ,095610,KOSDAQ,테스,KRLEVEL_RR|095610|2T|2156|2157|2158,2156,2157,2158,17575.0,2,16900.0,17400.0,16827.69236965446,289.23052138215445
095610.KQ,095610,KOSDAQ,테스,KRLEVEL_RR|095610|2T|2210|2215|2216,2210,2215,2216,22475.0,2,22250.0,22550.0,22110.879899263648,556.4804029454083
095610.KQ,095610,KOSDAQ,테스,KRLEVEL_RR|095610|3T|2288|2290|2292,2288,2290,2292,21200.0,3,20400.0,21300.0,20279.87294332749,480.5082266900442
095610.KQ,095610,KOSDAQ,테스,KRLEVEL_RR|095610|3T|2318|2319|2321,2318,2319,2321,23950.0,3,22800.0,23700.0,22698.028916594427,407.8843336222925
095610.KQ,095610,KOSDAQ,테스,KRLEVEL_RR|095610|2T|2541|2543|2545,2541,2543,2545,21275.0,2,20650.0,21300.0,20552.267022975742,390.931908097032
095610.KQ,095610,KOSDAQ,테스,KRLEVEL_RR|095610|4T|2598|2600|2602,2598,2600,2602,22400.0,4,22050.0,22400.0,21963.40038292444,346.39846830223553
095610.KQ,095610,KOSDAQ,테스,KRLEVEL_RR|095610|2T|2636|2640|2642,2636,2640,2642,22950.0,2,22050.0,22750.0,21946.189187150332,415.24325139866437
095610.KQ,095610,KOSDAQ,테스,KRLEVEL_RR|095610|3T|2680|2682|2684,2680,2682,2684,23850.0,3,23400.0,23850.0,23263.24356120803,547.0257551678733
095610.KQ,095610,KOSDAQ,테스,KRLEVEL_RR|095610|2T|2696|2698|2700,2696,2698,2700,25325.0,2,24800.0,25250.0,24680.874435714675,476.50225714129976
095610.KQ,095610,KOSDAQ,테스,KRLEVEL_RR|095610|2T|2712|2713|2714,2712,2713,2714,25325.0,2,24500.0,25400.0,24372.39429855746,510.4228057701547
095610.KQ,095610,KOSDAQ,테스,KRLEVEL_RR|095610|2T|2757|2758|2760,2757,2758,2760,26375.0,2,24200.0,26400.0,24086.68600727176,453.2559709129527
095610.KQ,095610,KOSDAQ,테스,KRLEVEL_RR|095610|2T|2796|2800|2801,2796,2800,2801,26625.0,2,25850.0,26250.0,25747.71200205577,409.1519917769162
095610.KQ,095610,KOSDAQ,테스,KRLEVEL_RR|095610|2T|2817|2819|2820,2817,2819,2820,26625.0,2,25700.0,26550.0,25575.916682287658,496.3332708493689
095610.KQ,095610,KOSDAQ,테스,KRLEVEL_RR|095610|2T|2851|2856|2858,2851,2856,2858,24850.0,2,24550.0,24900.0,24444.825990321595,420.69603871361403
095610.KQ,095610,KOSDAQ,테스,KRLEVEL_RR|095610|2T|2912|2916|2918,2912,2916,2918,25275.0,2,23250.0,25050.0,23142.94022547383,428.2390981046725
095610.KQ,095610,KOSDAQ,테스,KRLEVEL_RR|095610|3T|2931|2935|2937,2931,2935,2937,27700.0,3,23250.0,27600.0,23098.195293979155,607.2188240833746
095610.KQ,095610,KOSDAQ,테스,KRLEVEL_RR|095610|2T|3015|3018|3020,3015,3018,3020,28900.0,2,28000.0,28900.0,27890.7330455854,437.0678176584029
095610.KQ,095610,KOSDAQ,테스,KRLEVEL_RR|095610|4T|3038|3041|3043,3038,3041,3043,30225.0,4,28000.0,30150.0,27874.42872484376,502.28510062496076
095610.KQ,095610,KOSDAQ,테스,KRLEVEL_RR|095610|2T|3073|3078|3080,3073,3078,3080,41775.0,2,40250.0,41200.0,40023.549010757844,905.8039569686249
095610.KQ,095610,KOSDAQ,테스,KRLEVEL_RR|095610|3T|3140|3143|3145,3140,3143,3145,44750.0,3,42700.0,44700.0,42457.51645538131,969.934178474773
095610.KQ,095610,KOSDAQ,테스,KRLEVEL_RR|095610|3T|3176|3180|3182,3176,3180,3182,46550.0,3,45150.0,46750.0,44845.92103134062,1216.3158746375168
095610.KQ,095610,KOSDAQ,테스,KRLEVEL_RR|095610|3T|3202|3203|3205,3202,3203,3205,48500.0,3,45000.0,48200.0,44728.27115588772,1086.9153764491093
095610.KQ,095610,KOSDAQ,테스,KRLEVEL_RR|095610|3T|3227|3228|3229,3227,3228,3229,44750.0,3,41300.0,44550.0,40947.03959642853,1411.841614285898
095610.KQ,095610,KOSDAQ,테스,KRLEVEL_RR|095610|3T|3275|3276|3278,3275,3276,3278,42950.0,3,38200.0,42600.0,37795.50106335156,1617.9957465937418
095610.KQ,095610,KOSDAQ,테스,KRLEVEL_RR|095610|4T|3291|3292|3294,3291,3292,3294,44775.0,4,43550.0,44500.0,43256.177417519735,1175.2903299210573
095610.KQ,095610,KOSDAQ,테스,KRLEVEL_RR|095610|2T|3349|3354|3356,3349,3354,3356,39025.0,2,37650.0,38750.0,37457.34900147869,770.6039940852519
095610.KQ,095610,KOSDAQ,테스,KRLEVEL_RR|095610|5T|3403|3405|3407,3403,3405,3407,39100.0,5,37800.0,38900.0,37666.28584405664,534.8566237734354
095610.KQ,095610,KOSDAQ,테스,KRLEVEL_RR|095610|2T|3452|3455|3456,3452,3455,3456,39925.0,2,37800.0,40100.0,37618.856344181986,724.5746232720423
095610.KQ,095610,KOSDAQ,테스,KRLEVEL_RR|095610|2T|3470|3473|3474,3470,3473,3474,42925.0,2,41100.0,43050.0,40909.24051465102,763.0379413959229
095610.KQ,095610,KOSDAQ,테스,KRLEVEL_RR|095610|3T|3671|3677|3678,3671,3677,3678,69200.0,3,65400.0,69200.0,64931.270047746846,1874.9198090126076
095610.KQ,095610,KOSDAQ,테스,KRLEVEL_RR|095610|3T|3703|3708|3709,3703,3708,3709,72000.0,3,69700.0,71500.0,69291.00648956296,1635.9740417481628
095610.KQ,095610,KOSDAQ,테스,KRLEVEL_RR|095610|3T|3725|3726|3727,3725,3726,3727,69200.0,3,61000.0,68400.0,60166.20382953765,3335.1846818494164
095610.KQ,095610,KOSDAQ,테스,KRLEVEL_RR|095610|3T|3810|3812|3814,3810,3812,3814,67900.0,3,60500.0,67200.0,60066.35457815269,1734.5816873892422
095610.KQ,095610,KOSDAQ,테스,KRLEVEL_RR|095610|2T|3871|3872|3873,3871,3872,3873,67950.0,2,61600.0,68200.0,61179.30022416977,1682.7991033209314
095610.KQ,095610,KOSDAQ,테스,KRLEVEL_RR|095610|3T|3982|3985|3986,3982,3985,3986,89000.0,3,87000.0,89200.0,86612.6255236417,1549.4979054331848
095610.KQ,095610,KOSDAQ,테스,KRLEVEL_RR|095610|3T|4037|4043|4044,4037,4043,4044,119700.0,3,107100.0,116500.0,105601.48528861748,5994.0588455300895
095610.KQ,095610,KOSDAQ,테스,KRLEVEL_RR|095610|3T|4059|4060|4061,4059,4060,4061,119700.0,3,116500.0,119300.0,115097.95548069781,5608.178077208727
095610.KQ,095610,KOSDAQ,테스,KRLEVEL_RR|095610|4T|4085|4091|4092,4085,4091,4092,129250.0,4,100700.0,125000.0,99272.38571734737,5710.457130610508
095610.KQ,095610,KOSDAQ,테스,KRLEVEL_RR|095610|3T|4157|4160|4162,4157,4160,4162,177900.0,3,167200.0,177500.0,165493.15944645004,6827.362214199885
095610.KQ,095610,KOSDAQ,테스,KRLEVEL_RR|095610|3T|4244|4245|4247,4244,4245,4247,177900.0,3,137000.0,176000.0,134725.51792484618,9097.928300615291
319400.KQ,319400,KOSDAQ,현대무벡스,KRLEVEL_RR|319400|2T|337|339|341,337,339,341,2957.5,2,2855.0,2945.0,2843.4096877037196,46.361249185122176
319400.KQ,319400,KOSDAQ,현대무벡스,KRLEVEL_RR|319400|3T|527|531|533,527,531,533,3440.0,3,3375.0,3420.0,3365.2154289689242,39.13828412430217
319400.KQ,319400,KOSDAQ,현대무벡스,KRLEVEL_RR|319400|2T|560|561|563,560,561,563,3332.5,2,3305.0,3325.0,3297.0533276596007,31.786689361597716
319400.KQ,319400,KOSDAQ,현대무벡스,KRLEVEL_RR|319400|2T|575|577|579,575,577,579,3420.0,2,3330.0,3425.0,3322.0552193320314,31.779122671874553
319400.KQ,319400,KOSDAQ,현대무벡스,KRLEVEL_RR|319400|2T|592|597|599,592,597,599,3392.5,2,3380.0,3390.0,3371.305510805957,34.77795677617238
319400.KQ,319400,KOSDAQ,현대무벡스,KRLEVEL_RR|319400|2T|615|620|622,615,620,622,3577.5,2,3360.0,3575.0,3345.8629156363263,56.54833745469476
319400.KQ,319400,KOSDAQ,현대무벡스,KRLEVEL_RR|319400|10T|644|647|648,644,647,648,3480.0,10,3460.0,3465.0,3445.260641353092,58.95743458763243
319400.KQ,319400,KOSDAQ,현대무벡스,KRLEVEL_RR|319400|2T|742|743|745,742,743,745,3272.5,2,3180.0,3260.0,3171.7644774469713,32.94209021211424
319400.KQ,319400,KOSDAQ,현대무벡스,KRLEVEL_RR|319400|2T|851|854|856,851,854,856,3130.0,2,3000.0,3125.0,2990.515710994677,37.937156021290726
319400.KQ,319400,KOSDAQ,현대무벡스,KRLEVEL_RR|319400|3T|1069|1075|1076,1069,1075,1076,2940.0,3,2910.0,2935.0,2904.4467515891392,22.212993643443003
319400.KQ,319400,KOSDAQ,현대무벡스,KRLEVEL_RR|319400|3T|1098|1100|1102,1098,1100,1102,2940.0,3,2925.0,2940.0,2918.9337869032875,24.264852386850187
319400.KQ,319400,KOSDAQ,현대무벡스,KRLEVEL_RR|319400|3T|1125|1126|1128,1125,1126,1128,2940.0,3,2920.0,2935.0,2913.252918357887,26.988326568451654
319400.KQ,319400,KOSDAQ,현대무벡스,KRLEVEL_RR|319400|8T|1186|1188|1190,1186,1188,1190,2942.5,8,2835.0,2940.0,2826.592124808281,33.631500766876975
319400.KQ,319400,KOSDAQ,현대무벡스,KRLEVEL_RR|319400|4T|1209|1212|1213,1209,1212,1213,3017.5,4,2900.0,3005.0,2889.973839249819,40.10464300072464
319400.KQ,319400,KOSDAQ,현대무벡스,KRLEVEL_RR|319400|4T|1228|1229|1231,1228,1229,1231,3017.5,4,3005.0,3010.0,2996.7385364496913,33.045854201234
319400.KQ,319400,KOSDAQ,현대무벡스,KRLEVEL_RR|319400|2T|1301|1302|1304,1301,1302,1304,3040.0,2,2995.0,3035.0,2986.961293508453,32.15482596618936
319400.KQ,319400,KOSDAQ,현대무벡스,KRLEVEL_RR|319400|5T|1337|1340|1342,1337,1340,1342,3020.0,5,2970.0,3010.0,2962.2063796869706,31.174481252116536
319400.KQ,319400,KOSDAQ,현대무벡스,KRLEVEL_RR|319400|5T|1363|1368|1370,1363,1368,1370,3055.0,5,3010.0,3050.0,3003.846212384534,24.615150461864605
319400.KQ,319400,KOSDAQ,현대무벡스,KRLEVEL_RR|319400|3T|1382|1383|1384,1382,1383,1384,3025.0,3,2980.0,3005.0,2973.1932459123504,27.227016350597673
319400.KQ,319400,KOSDAQ,현대무벡스,KRLEVEL_RR|319400|4T|1506|1509|1511,1506,1509,1511,2937.5,4,2890.0,2925.0,2883.023819415117,27.904722339531222
319400.KQ,319400,KOSDAQ,현대무벡스,KRLEVEL_RR|319400|3T|1623|1629|1630,1623,1629,1630,2955.0,3,2890.0,2945.0,2884.084557387468,23.661770450128003
319400.KQ,319400,KOSDAQ,현대무벡스,KRLEVEL_RR|319400|2T|1678|1682|1684,1678,1682,1684,2882.5,2,2855.0,2880.0,2848.0077665704916,27.968933718034027
319400.KQ,319400,KOSDAQ,현대무벡스,KRLEVEL_RR|319400|4T|1695|1698|1700,1695,1698,1700,2995.0,4,2965.0,2980.0,2953.5135909167766,45.94563633289413
319400.KQ,319400,KOSDAQ,현대무벡스,KRLEVEL_RR|319400|2T|1749|1751|1753,1749,1751,1753,3177.5,2,3130.0,3185.0,3117.23577196428,51.056912142880506
319400.KQ,319400,KOSDAQ,현대무벡스,KRLEVEL_RR|319400|3T|1893|1894|1895,1893,1894,1895,2950.0,3,2890.0,2945.0,2882.976472613686,28.09410954525554
319400.KQ,319400,KOSDAQ,현대무벡스,KRLEVEL_RR|319400|6T|1955|1956|1957,1955,1956,1957,2950.0,6,2700.0,2945.0,2682.567034595551,69.7318616177962
319400.KQ,319400,KOSDAQ,현대무벡스,KRLEVEL_RR|319400|4T|1968|1969|1971,1968,1969,1971,3170.0,4,2700.0,3165.0,2685.395178470166,58.419286119336796
319400.KQ,319400,KOSDAQ,현대무벡스,KRLEVEL_RR|319400|6T|2037|2043|2044,2037,2043,2044,3450.0,6,3250.0,3435.0,3237.70983956685,49.160641732599636
319400.KQ,319400,KOSDAQ,현대무벡스,KRLEVEL_RR|319400|3T|2119|2122|2124,2119,2122,2124,4035.0,3,3825.0,4010.0,3809.022621740152,63.909513039393026
319400.KQ,319400,KOSDAQ,현대무벡스,KRLEVEL_RR|319400|6T|2158|2160|2161,2158,2160,2161,4052.5,6,3985.0,4050.0,3971.6883808884368,53.246476446253176
319400.KQ,319400,KOSDAQ,현대무벡스,KRLEVEL_RR|319400|2T|2174|2175|2176,2174,2175,2176,4192.5,2,3790.0,4220.0,3760.6627262098746,117.34909516050192
319400.KQ,319400,KOSDAQ,현대무벡스,KRLEVEL_RR|319400|2T|2205|2206|2208,2205,2206,2208,4192.5,2,4090.0,4190.0,4072.8673850230452,68.53045990781841
319400.KQ,319400,KOSDAQ,현대무벡스,KRLEVEL_RR|319400|3T|2327|2331|2333,2327,2331,2333,3575.0,3,3515.0,3545.0,3506.242344687329,35.030621250683886
319400.KQ,319400,KOSDAQ,현대무벡스,KRLEVEL_RR|319400|3T|2354|2360|2361,2354,2360,2361,3575.0,3,3460.0,3535.0,3445.9148871813395,56.340451274642405
319400.KQ,319400,KOSDAQ,현대무벡스,KRLEVEL_RR|319400|2T|2426|2432|2433,2426,2432,2433,3327.5,2,3235.0,3335.0,3222.811626579202,48.75349368319289
319400.KQ,319400,KOSDAQ,현대무벡스,KRLEVEL_RR|319400|4T|2451|2454|2456,2451,2454,2456,3920.0,4,3840.0,3930.0,3822.7950620533516,68.81975178659347
319400.KQ,319400,KOSDAQ,현대무벡스,KRLEVEL_RR|319400|4T|2600|2605|2606,2600,2605,2606,4005.0,4,3945.0,3995.0,3932.0064649144183,51.974140342325896
319400.KQ,319400,KOSDAQ,현대무벡스,KRLEVEL_RR|319400|2T|2648|2649|2650,2648,2649,2650,4082.5,2,4010.0,4095.0,3995.753781895992,56.98487241603327
319400.KQ,319400,KOSDAQ,현대무벡스,KRLEVEL_RR|319400|2T|2677|2680|2681,2677,2680,2681,4082.5,2,4040.0,4070.0,4027.641986610413,49.432053558349196
319400.KQ,319400,KOSDAQ,현대무벡스,KRLEVEL_RR|319400|2T|2785|2790|2792,2785,2790,2792,4952.5,2,4855.0,4955.0,4836.937135408046,72.25145836781495
319400.KQ,319400,KOSDAQ,현대무벡스,KRLEVEL_RR|319400|2T|2810|2814|2815,2810,2814,2815,5100.0,2,4865.0,5090.0,4849.680506818358,61.27797272656923
319400.KQ,319400,KOSDAQ,현대무벡스,KRLEVEL_RR|319400|2T|2866|2867|2868,2866,2867,2868,4832.5,2,4715.0,4820.0,4702.426947325097,50.29221069961276
319400.KQ,319400,KOSDAQ,현대무벡스,KRLEVEL_RR|319400|3T|2894|2897|2899,2894,2897,2899,4950.0,3,4930.0,4950.0,4912.273883703745,70.90446518501975
319400.KQ,319400,KOSDAQ,현대무벡스,KRLEVEL_RR|319400|2T|2972|2977|2978,2972,2977,2978,4952.5,2,4310.0,4970.0,4285.541789033617,97.83284386553179
319400.KQ,319400,KOSDAQ,현대무벡스,KRLEVEL_RR|319400|2T|3026|3027|3028,3026,3027,3028,6755.0,2,4970.0,6780.0,4908.180841910911,247.27663235635498
319400.KQ,319400,KOSDAQ,현대무벡스,KRLEVEL_RR|319400|2T|3093|3099|3100,3093,3099,3100,9395.0,2,8810.0,9250.0,8753.955499072843,224.17800370862483
319400.KQ,319400,KOSDAQ,현대무벡스,KRLEVEL_RR|319400|2T|3158|3161|3163,3158,3161,3163,9880.0,2,8650.0,9950.0,8547.59713491528,409.611460338879
319400.KQ,319400,KOSDAQ,현대무벡스,KRLEVEL_RR|319400|6T|3284|3286|3288,3284,3286,3288,9265.0,6,9070.0,9150.0,9018.395534444848,206.41786222061134
319400.KQ,319400,KOSDAQ,현대무벡스,KRLEVEL_RR|319400|3T|3355|3356|3357,3355,3356,3357,8810.0,3,8320.0,8820.0,8277.639564783563,169.44174086574938
319400.KQ,319400,KOSDAQ,현대무벡스,KRLEVEL_RR|319400|3T|3376|3380|3381,3376,3380,3381,10600.0,3,9730.0,10460.0,9653.036858713254,307.852565146985
319400.KQ,319400,KOSDAQ,현대무벡스,KRLEVEL_RR|319400|3T|3402|3408|3409,3402,3408,3409,10600.0,3,10430.0,10560.0,10356.797746343498,292.80901462600383
319400.KQ,319400,KOSDAQ,현대무벡스,KRLEVEL_RR|319400|3T|3536|3537|3539,3536,3537,3539,24350.0,3,23500.0,24250.0,23325.97003489468,696.1198604212846
319400.KQ,319400,KOSDAQ,현대무벡스,KRLEVEL_RR|319400|2T|3605|3608|3609,3605,3608,3609,32700.0,2,31500.0,32650.0,31091.155968907668,1635.3761243693243
319400.KQ,319400,KOSDAQ,현대무벡스,KRLEVEL_RR|319400|2T|3684|3687|3688,3684,3687,3688,30350.0,2,26800.0,30450.0,26543.48145285886,1026.0741885645587
319400.KQ,319400,KOSDAQ,현대무벡스,KRLEVEL_RR|319400|4T|3719|3722|3724,3719,3722,3724,30075.0,4,25350.0,29750.0,24955.721021345507,1577.1159146179648
319400.KQ,319400,KOSDAQ,현대무벡스,KRLEVEL_RR|319400|2T|3737|3742|3743,3737,3742,3743,30350.0,2,28600.0,29850.0,28268.528798181316,1325.8848072747367
319400.KQ,319400,KOSDAQ,현대무벡스,KRLEVEL_RR|319400|7T|3865|3867|3869,3865,3867,3869,28450.0,7,24700.0,28600.0,24471.514053572864,913.9437857085502
319400.KQ,319400,KOSDAQ,현대무벡스,KRLEVEL_RR|319400|3T|3882|3885|3887,3882,3885,3887,30250.0,3,29400.0,30000.0,29212.388006955855,750.4479721765749
319400.KQ,319400,KOSDAQ,현대무벡스,KRLEVEL_RR|319400|3T|3905|3908|3909,3905,3908,3909,31600.0,3,30450.0,31650.0,30275.413741000422,698.3450359983057
319400.KQ,319400,KOSDAQ,현대무벡스,KRLEVEL_RR|319400|2T|3931|3933|3935,3931,3933,3935,30250.0,2,29550.0,30000.0,29392.275273378276,630.8989064869006
319400.KQ,319400,KOSDAQ,현대무벡스,KRLEVEL_RR|319400|3T|3959|3961|3963,3959,3961,3963,31950.0,3,30900.0,32050.0,30781.326437480584,474.694250077661
319400.KQ,319400,KOSDAQ,현대무벡스,KRLEVEL_RR|319400|4T|4065|4066|4067,4065,4066,4067,39475.0,4,35050.0,38800.0,34664.843958840276,1540.624164638891
319400.KQ,319400,KOSDAQ,현대무벡스,KRLEVEL_RR|319400|3T|4100|4101|4103,4100,4101,4103,34250.0,3,32100.0,34500.0,31759.469584212693,1362.1216631492327
319400.KQ,319400,KOSDAQ,현대무벡스,KRLEVEL_RR|319400|5T|4307|4311|4312,4307,4311,4312,21700.0,5,20000.0,21600.0,19718.780561179163,1124.8777552833544
319400.KQ,319400,KOSDAQ,현대무벡스,KRLEVEL_RR|319400|6T|4324|4325|4326,4324,4325,4326,21725.0,6,19510.0,20700.0,19226.335743748194,1134.6570250072307
319400.KQ,319400,KOSDAQ,현대무벡스,KRLEVEL_RR|319400|7T|4337|4341|4343,4337,4341,4343,24100.0,7,22250.0,24100.0,22009.395832139307,962.4166714427689
131290.KQ,131290,KOSDAQ,티에스이,KRLEVEL_RR|131290|4T|240|244|246,240,244,246,42700.0,4,40700.0,42650.0,40520.837607860034,716.6495685598602
131290.KQ,131290,KOSDAQ,티에스이,KRLEVEL_RR|131290|2T|267|268|269,267,268,269,43375.0,2,42850.0,43350.0,42688.59360099103,645.6255960358835
131290.KQ,131290,KOSDAQ,티에스이,KRLEVEL_RR|131290|4T|294|296|298,294,296,298,42700.0,4,42000.0,42600.0,41819.488416895874,722.0463324164928
131290.KQ,131290,KOSDAQ,티에스이,KRLEVEL_RR|131290|2T|348|352|354,348,352,354,41075.0,2,35450.0,40800.0,35235.92152137511,856.3139144995547
131290.KQ,131290,KOSDAQ,티에스이,KRLEVEL_RR|131290|2T|491|494|496,491,494,496,48325.0,2,46500.0,48300.0,46317.63779518426,729.4488192629607
131290.KQ,131290,KOSDAQ,티에스이,KRLEVEL_RR|131290|5T|566|567|568,566,567,568,49200.0,5,47100.0,49250.0,46924.652501335426,701.3899946583019
131290.KQ,131290,KOSDAQ,티에스이,KRLEVEL_RR|131290|2T|595|596|598,595,596,598,49900.0,2,49300.0,49700.0,49102.06572003175,791.7371198729885
131290.KQ,131290,KOSDAQ,티에스이,KRLEVEL_RR|131290|2T|652|654|655,652,654,655,45525.0,2,43500.0,45350.0,43321.03696385024,715.8521445990625
131290.KQ,131290,KOSDAQ,티에스이,KRLEVEL_RR|131290|2T|670|671|673,670,671,673,45525.0,2,45200.0,45350.0,45041.01519793623,635.9392082550795
131290.KQ,131290,KOSDAQ,티에스이,KRLEVEL_RR|131290|3T|719|725|726,719,725,726,46250.0,3,43150.0,45900.0,42908.14742731713,967.4102907314642
131290.KQ,131290,KOSDAQ,티에스이,KRLEVEL_RR|131290|2T|779|784|785,779,784,785,55750.0,2,54100.0,55600.0,53747.97809142766,1408.087634289339
131290.KQ,131290,KOSDAQ,티에스이,KRLEVEL_RR|131290|2T|815|816|818,815,816,818,55750.0,2,53500.0,55400.0,53196.54413250406,1213.8234699837667
131290.KQ,131290,KOSDAQ,티에스이,KRLEVEL_RR|131290|2T|835|836|837,835,836,837,56350.0,2,55300.0,56300.0,55050.75695080515,996.9721967793877
131290.KQ,131290,KOSDAQ,티에스이,KRLEVEL_RR|131290|2T|851|852|854,851,852,854,56350.0,2,56200.0,56400.0,55873.79552653263,1304.8178938694718
131290.KQ,131290,KOSDAQ,티에스이,KRLEVEL_RR|131290|3T|875|878|880,875,878,880,58500.0,3,57300.0,58300.0,57017.90456268229,1128.3817492708301
131290.KQ,131290,KOSDAQ,티에스이,KRLEVEL_RR|131290|4T|893|894|896,893,894,896,59500.0,4,59600.0,59700.0,59319.41188638374,1122.3524544650306
131290.KQ,131290,KOSDAQ,티에스이,KRLEVEL_RR|131290|2T|926|927|928,926,927,928,57100.0,2,55000.0,57100.0,54655.75830678929,1376.9667728428271
131290.KQ,131290,KOSDAQ,티에스이,KRLEVEL_RR|131290|5T|981|983|984,981,983,984,59600.0,5,58400.0,59300.0,58069.851057051215,1320.5957717951344
131290.KQ,131290,KOSDAQ,티에스이,KRLEVEL_RR|131290|4T|1005|1009|1010,1005,1009,1010,59700.0,4,59000.0,59400.0,58689.69504004902,1241.2198398039393
131290.KQ,131290,KOSDAQ,티에스이,KRLEVEL_RR|131290|2T|1036|1037|1038,1036,1037,1038,56350.0,2,53500.0,56100.0,53211.51286743867,1153.9485302453056
131290.KQ,131290,KOSDAQ,티에스이,KRLEVEL_RR|131290|2T|1090|1093|1095,1090,1093,1095,82100.0,2,78400.0,81600.0,77827.6909826599,2289.236069360417
131290.KQ,131290,KOSDAQ,티에스이,KRLEVEL_RR|131290|2T|1436|1439|1441,1436,1439,1441,49375.0,2,46850.0,49150.0,46581.32850952581,1074.6859618967449
131290.KQ,131290,KOSDAQ,티에스이,KRLEVEL_RR|131290|2T|1493|1494|1495,1493,1494,1495,47325.0,2,44700.0,47550.0,44436.35329474954,1054.586821001844
131290.KQ,131290,KOSDAQ,티에스이,KRLEVEL_RR|131290|2T|1506|1508|1510,1506,1508,1510,50500.0,2,44700.0,50300.0,44444.6026421984,1021.5894312063901
131290.KQ,131290,KOSDAQ,티에스이,KRLEVEL_RR|131290|2T|1544|1545|1546,1544,1545,1546,48400.0,2,46700.0,48450.0,46470.62238649693,917.5104540122932
131290.KQ,131290,KOSDAQ,티에스이,KRLEVEL_RR|131290|2T|1635|1636|1637,1635,1636,1637,42350.0,2,41300.0,42100.0,41001.929754251134,1192.2809829954633
131290.KQ,131290,KOSDAQ,티에스이,KRLEVEL_RR|131290|4T|1654|1655|1656,1654,1655,1656,50400.0,4,46500.0,50500.0,46228.45814210151,1086.1674315939608
131290.KQ,131290,KOSDAQ,티에스이,KRLEVEL_RR|131290|3T|1673|1676|1678,1673,1676,1678,50300.0,3,48900.0,50300.0,48647.578064879104,1009.6877404835801
131290.KQ,131290,KOSDAQ,티에스이,KRLEVEL_RR|131290|2T|1697|1700|1701,1697,1700,1701,49625.0,2,49650.0,49750.0,49415.08895744768,939.644170209281
131290.KQ,131290,KOSDAQ,티에스이,KRLEVEL_RR|131290|2T|1745|1748|1750,1745,1748,1750,51450.0,2,49150.0,51300.0,48928.84634973089,884.6146010764397
131290.KQ,131290,KOSDAQ,티에스이,KRLEVEL_RR|131290|2T|1797|1798|1799,1797,1798,1799,50200.0,2,48400.0,49400.0,48123.61158425413,1105.5536629834785
131290.KQ,131290,KOSDAQ,티에스이,KRLEVEL_RR|131290|2T|1875|1877|1879,1875,1877,1879,40500.0,2,39400.0,40100.0,39201.436241250194,794.2550349992147
131290.KQ,131290,KOSDAQ,티에스이,KRLEVEL_RR|131290|2T|1970|1971|1972,1970,1971,1972,38025.0,2,36000.0,37900.0,35803.53279327754,785.8688268898395
131290.KQ,131290,KOSDAQ,티에스이,KRLEVEL_RR|131290|6T|2025|2029|2030,2025,2029,2030,40550.0,6,39800.0,40300.0,39620.27284011114,718.9086395554496
131290.KQ,131290,KOSDAQ,티에스이,KRLEVEL_RR|131290|2T|2042|2046|2048,2042,2046,2048,42650.0,2,40200.0,42350.0,39985.158765975044,859.3649360998104
131290.KQ,131290,KOSDAQ,티에스이,KRLEVEL_RR|131290|2T|2060|2062|2064,2060,2062,2064,44175.0,2,43650.0,44150.0,43440.08425193128,839.6629922748797
131290.KQ,131290,KOSDAQ,티에스이,KRLEVEL_RR|131290|3T|2085|2086|2088,2085,2086,2088,41600.0,3,41250.0,41750.0,41082.79542571447,668.8182971421352
131290.KQ,131290,KOSDAQ,티에스이,KRLEVEL_RR|131290|3T|2124|2127|2129,2124,2127,2129,45500.0,3,43800.0,45350.0,43633.48448816053,666.0620473578707
131290.KQ,131290,KOSDAQ,티에스이,KRLEVEL_RR|131290|3T|2156|2160|2162,2156,2160,2162,42150.0,3,39950.0,41750.0,39741.18887938249,835.2444824700345
131290.KQ,131290,KOSDAQ,티에스이,KRLEVEL_RR|131290|4T|2174|2177|2179,2174,2177,2179,44100.0,4,42500.0,44300.0,42304.4644547956,782.1421808176151
131290.KQ,131290,KOSDAQ,티에스이,KRLEVEL_RR|131290|4T|2192|2198|2200,2192,2198,2200,45450.0,4,43600.0,44900.0,43410.08174058648,759.673037654079
131290.KQ,131290,KOSDAQ,티에스이,KRLEVEL_RR|131290|3T|2268|2269|2270,2268,2269,2270,44100.0,3,43400.0,43750.0,43208.99290282075,764.0283887170085
131290.KQ,131290,KOSDAQ,티에스이,KRLEVEL_RR|131290|2T|2299|2300|2302,2299,2300,2302,44425.0,2,42300.0,44400.0,42085.18412051752,859.2635179299145
131290.KQ,131290,KOSDAQ,티에스이,KRLEVEL_RR|131290|3T|2466|2467|2468,2466,2467,2468,42700.0,3,40500.0,42600.0,40278.75934093894,884.9626362442624
131290.KQ,131290,KOSDAQ,티에스이,KRLEVEL_RR|131290|3T|2516|2520|2522,2516,2520,2522,42450.0,3,40800.0,41850.0,40642.159646772474,631.3614129101092
131290.KQ,131290,KOSDAQ,티에스이,KRLEVEL_RR|131290|4T|2636|2642|2643,2636,2642,2643,40525.0,4,39350.0,39750.0,39222.794199119475,508.82320352209865
131290.KQ,131290,KOSDAQ,티에스이,KRLEVEL_RR|131290|4T|2720|2724|2726,2720,2724,2726,39975.0,4,37950.0,39950.0,37814.623492829545,541.5060286818209
131290.KQ,131290,KOSDAQ,티에스이,KRLEVEL_RR|131290|2T|2905|2909|2911,2905,2909,2911,38300.0,2,37450.0,38300.0,37361.785742624284,352.8570295028627
131290.KQ,131290,KOSDAQ,티에스이,KRLEVEL_RR|131290|2T|2972|2975|2976,2972,2975,2976,37425.0,2,36800.0,37400.0,36709.01322333276,363.9471066689576
131290.KQ,131290,KOSDAQ,티에스이,KRLEVEL_RR|131290|2T|3021|3024|3026,3021,3024,3026,37425.0,2,36150.0,37200.0,36063.07450519493,347.7019792202959
131290.KQ,131290,KOSDAQ,티에스이,KRLEVEL_RR|131290|3T|3038|3039|3041,3038,3039,3041,39250.0,3,37400.0,39150.0,37305.002272631245,379.99090947500827
131290.KQ,131290,KOSDAQ,티에스이,KRLEVEL_RR|131290|2T|3083|3084|3086,3083,3084,3086,46800.0,2,44500.0,46800.0,44291.651989375314,833.392042498745
131290.KQ,131290,KOSDAQ,티에스이,KRLEVEL_RR|131290|2T|3122|3125|3126,3122,3125,3126,53050.0,2,50800.0,52600.0,50522.793266375505,1108.8269344979767
131290.KQ,131290,KOSDAQ,티에스이,KRLEVEL_RR|131290|2T|3230|3231|3233,3230,3231,3233,50900.0,2,49050.0,49950.0,48851.09550604216,795.6179758313615
131290.KQ,131290,KOSDAQ,티에스이,KRLEVEL_RR|131290|3T|3273|3276|3278,3273,3276,3278,53800.0,3,46800.0,53700.0,46454.22413797157,1383.1034481137033
131290.KQ,131290,KOSDAQ,티에스이,KRLEVEL_RR|131290|3T|3302|3305|3306,3302,3305,3306,53800.0,3,53100.0,53600.0,52773.43781666275,1306.2487333490028
131290.KQ,131290,KOSDAQ,티에스이,KRLEVEL_RR|131290|4T|3337|3341|3343,3337,3341,3343,50900.0,4,45800.0,50100.0,45478.172964354264,1287.3081425829582
131290.KQ,131290,KOSDAQ,티에스이,KRLEVEL_RR|131290|5T|3354|3355|3356,3354,3355,3356,54700.0,5,50100.0,53700.0,49805.44756366488,1178.2097453404842
131290.KQ,131290,KOSDAQ,티에스이,KRLEVEL_RR|131290|4T|3446|3449|3451,3446,3449,3451,53050.0,4,52800.0,53200.0,52544.058062055956,1023.7677517761633
131290.KQ,131290,KOSDAQ,티에스이,KRLEVEL_RR|131290|2T|3542|3543|3544,3542,3543,3544,58600.0,2,57700.0,58400.0,57392.47365759305,1230.1053696277877
131290.KQ,131290,KOSDAQ,티에스이,KRLEVEL_RR|131290|3T|3587|3590|3591,3587,3590,3591,76200.0,3,71500.0,75400.0,70966.41509896638,2134.339604134478
131290.KQ,131290,KOSDAQ,티에스이,KRLEVEL_RR|131290|2T|3619|3620|3621,3619,3620,3621,85600.0,2,76800.0,85400.0,76076.6559442295,2893.376223082024
131290.KQ,131290,KOSDAQ,티에스이,KRLEVEL_RR|131290|2T|3665|3668|3669,3665,3668,3669,85600.0,2,83900.0,84900.0,83354.37015389206,2182.519384431789
131290.KQ,131290,KOSDAQ,티에스이,KRLEVEL_RR|131290|2T|3722|3725|3727,3722,3725,3727,88350.0,2,83500.0,85500.0,82467.09126580857,4131.634936765708
131290.KQ,131290,KOSDAQ,티에스이,KRLEVEL_RR|131290|2T|3839|3842|3843,3839,3842,3843,120250.0,2,107300.0,118900.0,106323.81419424637,3904.743223014518
131290.KQ,131290,KOSDAQ,티에스이,KRLEVEL_RR|131290|3T|3870|3874|3875,3870,3874,3875,113300.0,3,105600.0,113700.0,104584.70244999061,4061.190200037531
131290.KQ,131290,KOSDAQ,티에스이,KRLEVEL_RR|131290|2T|3947|3948|3949,3947,3948,3949,174450.0,2,162800.0,174200.0,161588.33027059553,4846.678917617889
131290.KQ,131290,KOSDAQ,티에스이,KRLEVEL_RR|131290|3T|3978|3979|3980,3978,3979,3980,174800.0,3,163300.0,173600.0,162229.3765181756,4282.493927297625
131290.KQ,131290,KOSDAQ,티에스이,KRLEVEL_RR|131290|2T|3995|3997|3998,3995,3997,3998,179800.0,2,172000.0,176100.0,170613.58956104872,5545.6417558051
131290.KQ,131290,KOSDAQ,티에스이,KRLEVEL_RR|131290|2T|4075|4076|4077,4075,4076,4077,185300.0,2,180500.0,185800.0,178631.9056415526,7472.377433789528
131290.KQ,131290,KOSDAQ,티에스이,KRLEVEL_RR|131290|2T|4103|4104|4105,4103,4104,4105,208000.0,2,173700.0,198000.0,170864.1443441384,11343.422623446486
131290.KQ,131290,KOSDAQ,티에스이,KRLEVEL_RR|131290|3T|4117|4118|4120,4117,4118,4120,241500.0,3,207000.0,243500.0,203632.05441390662,13471.782344373514
131290.KQ,131290,KOSDAQ,티에스이,KRLEVEL_RR|131290|2T|4185|4190|4192,4185,4190,4192,221000.0,2,213500.0,219500.0,211079.43122677333,9682.27509290666
131290.KQ,131290,KOSDAQ,티에스이,KRLEVEL_RR|131290|10T|4245|4246|4247,4245,4246,4247,264750.0,10,220500.0,267500.0,216893.5946778783,14425.621288486775
257720.KQ,257720,KOSDAQ,실리콘투,KRLEVEL_RR|257720|2T|355|357|359,355,357,359,8165.0,2,7850.0,8140.0,7795.702244746896,217.1910210124157
257720.KQ,257720,KOSDAQ,실리콘투,KRLEVEL_RR|257720|2T|390|391|392,390,391,392,8370.0,2,8120.0,8400.0,8060.780829237445,236.87668305022032
257720.KQ,257720,KOSDAQ,실리콘투,KRLEVEL_RR|257720|2T|455|457|458,455,457,458,8330.0,2,8040.0,8290.0,8002.547522765436,149.80990893825572
257720.KQ,257720,KOSDAQ,실리콘투,KRLEVEL_RR|257720|4T|493|494|495,493,494,495,8080.0,4,7540.0,8040.0,7498.354671682517,166.58131326993234
257720.KQ,257720,KOSDAQ,실리콘투,KRLEVEL_RR|257720|2T|574|578|580,574,578,580,7715.0,2,7350.0,7640.0,7313.506313452994,145.9747461880241
257720.KQ,257720,KOSDAQ,실리콘투,KRLEVEL_RR|257720|2T|606|608|610,606,608,610,8455.0,2,7770.0,8450.0,7731.823296371372,152.70681451451213
257720.KQ,257720,KOSDAQ,실리콘투,KRLEVEL_RR|257720|3T|647|649|651,647,649,651,9060.0,3,8550.0,9010.0,8502.525197559879,189.89920976048603
257720.KQ,257720,KOSDAQ,실리콘투,KRLEVEL_RR|257720|4T|662|663|664,662,663,664,8340.0,4,8240.0,8270.0,8180.522188066062,237.91124773575214
257720.KQ,257720,KOSDAQ,실리콘투,KRLEVEL_RR|257720|3T|711|717|718,711,717,718,8180.0,3,7880.0,8190.0,7833.462809583459,186.1487616661647
257720.KQ,257720,KOSDAQ,실리콘투,KRLEVEL_RR|257720|5T|740|744|745,740,744,745,8100.0,5,8020.0,8050.0,7991.222344631594,115.11062147362634
257720.KQ,257720,KOSDAQ,실리콘투,KRLEVEL_RR|257720|3T|812|813|814,812,813,814,9060.0,3,8680.0,9110.0,8616.263586187388,254.9456552504524
257720.KQ,257720,KOSDAQ,실리콘투,KRLEVEL_RR|257720|2T|850|853|854,850,853,854,9565.0,2,9240.0,9560.0,9187.179213730107,211.28314507956952
257720.KQ,257720,KOSDAQ,실리콘투,KRLEVEL_RR|257720|3T|885|888|889,885,888,889,9420.0,3,8740.0,9410.0,8699.835681369424,160.6572745223026
257720.KQ,257720,KOSDAQ,실리콘투,KRLEVEL_RR|257720|2T|919|920|921,919,920,921,11700.0,2,11160.0,11630.0,11091.634836365896,273.4606545364125
257720.KQ,257720,KOSDAQ,실리콘투,KRLEVEL_RR|257720|2T|934|939|940,934,939,940,11700.0,2,11560.0,11760.0,11462.917037337464,388.33185065014715
257720.KQ,257720,KOSDAQ,실리콘투,KRLEVEL_RR|257720|2T|988|990|992,988,990,992,13155.0,2,12230.0,13140.0,12155.612262940856,297.55094823657663
257720.KQ,257720,KOSDAQ,실리콘투,KRLEVEL_RR|257720|4T|1012|1014|1016,1012,1014,1016,13040.0,4,12130.0,13100.0,12062.19714995259,271.21140018964275
257720.KQ,257720,KOSDAQ,실리콘투,KRLEVEL_RR|257720|4T|1033|1035|1037,1033,1035,1037,13040.0,4,12660.0,13000.0,12588.741043938013,285.03582424794814
257720.KQ,257720,KOSDAQ,실리콘투,KRLEVEL_RR|257720|2T|1048|1050|1052,1048,1050,1052,13200.0,2,12950.0,13260.0,12891.436201120896,234.25519551641514
257720.KQ,257720,KOSDAQ,실리콘투,KRLEVEL_RR|257720|2T|1126|1127|1128,1126,1127,1128,29575.0,2,27550.0,29450.0,27281.333494222006,1074.6660231119724
257720.KQ,257720,KOSDAQ,실리콘투,KRLEVEL_RR|257720|2T|1151|1152|1153,1151,1152,1153,32475.0,2,30400.0,32300.0,30139.34899256765,1042.6040297293912
257720.KQ,257720,KOSDAQ,실리콘투,KRLEVEL_RR|257720|3T|1180|1184|1186,1180,1184,1186,39650.0,3,37100.0,39000.0,36673.66256719104,1705.3497312358577
257720.KQ,257720,KOSDAQ,실리콘투,KRLEVEL_RR|257720|2T|1202|1203|1204,1202,1203,1204,41200.0,2,38750.0,41250.0,38314.611524592074,1741.5539016317107
257720.KQ,257720,KOSDAQ,실리콘투,KRLEVEL_RR|257720|3T|1312|1316|1317,1312,1316,1317,43700.0,3,41000.0,43350.0,40632.960980950375,1468.1560761984974
257720.KQ,257720,KOSDAQ,실리콘투,KRLEVEL_RR|257720|3T|1335|1338|1339,1335,1338,1339,43700.0,3,40250.0,43800.0,39950.29532939354,1198.8186824258373
257720.KQ,257720,KOSDAQ,실리콘투,KRLEVEL_RR|257720|5T|1384|1389|1390,1384,1389,1390,43700.0,5,40900.0,43200.0,40619.843460650314,1120.6261573987535
257720.KQ,257720,KOSDAQ,실리콘투,KRLEVEL_RR|257720|5T|1420|1423|1424,1420,1423,1424,45000.0,5,41000.0,44450.0,40694.69286157451,1221.228553701946
257720.KQ,257720,KOSDAQ,실리콘투,KRLEVEL_RR|257720|8T|1439|1440|1441,1439,1440,1441,46175.0,8,44150.0,46300.0,43889.01763563474,1043.929457461043
257720.KQ,257720,KOSDAQ,실리콘투,KRLEVEL_RR|257720|3T|1492|1498|1499,1492,1498,1499,43450.0,3,40350.0,42150.0,39863.46944375901,1946.1222249639716
257720.KQ,257720,KOSDAQ,실리콘투,KRLEVEL_RR|257720|2T|1564|1569|1570,1564,1569,1570,40475.0,2,36450.0,40700.0,36197.312365912825,1010.7505363486856
257720.KQ,257720,KOSDAQ,실리콘투,KRLEVEL_RR|257720|2T|1594|1595|1597,1594,1595,1597,40475.0,2,38300.0,40750.0,38027.62491447131,1089.5003421147637
257720.KQ,257720,KOSDAQ,실리콘투,KRLEVEL_RR|257720|4T|1615|1616|1617,1615,1616,1617,43525.0,4,41100.0,43400.0,40840.6451530562,1037.4193877751989
257720.KQ,257720,KOSDAQ,실리콘투,KRLEVEL_RR|257720|2T|1697|1699|1700,1697,1699,1700,42800.0,2,41000.0,42500.0,40813.71802759574,745.1278896170404
257720.KQ,257720,KOSDAQ,실리콘투,KRLEVEL_RR|257720|3T|1774|1779|1780,1774,1779,1780,37800.0,3,36000.0,37350.0,35845.47196541688,618.1121383324888
257720.KQ,257720,KOSDAQ,실리콘투,KRLEVEL_RR|257720|3T|1954|1960|1961,1954,1960,1961,26450.0,3,24450.0,26250.0,24258.329055018065,766.6837799277395
257720.KQ,257720,KOSDAQ,실리콘투,KRLEVEL_RR|257720|3T|2035|2036|2037,2035,2036,2037,32550.0,3,30100.0,32500.0,29890.954598817552,836.1816047297899
257720.KQ,257720,KOSDAQ,실리콘투,KRLEVEL_RR|257720|2T|2097|2098|2100,2097,2098,2100,32500.0,2,30600.0,32650.0,30450.365657122114,598.5373715115418
257720.KQ,257720,KOSDAQ,실리콘투,KRLEVEL_RR|257720|2T|2189|2193|2194,2189,2193,2194,29075.0,2,27450.0,28550.0,27286.45676006946,654.1729597221504
257720.KQ,257720,KOSDAQ,실리콘투,KRLEVEL_RR|257720|3T|2210|2211|2213,2210,2211,2213,31550.0,3,30650.0,31450.0,30521.071383346112,515.7144666155481
257720.KQ,257720,KOSDAQ,실리콘투,KRLEVEL_RR|257720|3T|2229|2232|2233,2229,2232,2233,32450.0,3,31450.0,32400.0,31287.395921718267,650.4163131269377
257720.KQ,257720,KOSDAQ,실리콘투,KRLEVEL_RR|257720|3T|2308|2310|2311,2308,2310,2311,26550.0,3,23600.0,26200.0,23479.609250630474,481.56299747809936
257720.KQ,257720,KOSDAQ,실리콘투,KRLEVEL_RR|257720|3T|2330|2334|2336,2330,2334,2336,26550.0,3,26000.0,26550.0,25883.12594512321,467.49621950715465
257720.KQ,257720,KOSDAQ,실리콘투,KRLEVEL_RR|257720|4T|2385|2386|2388,2385,2386,2388,26525.0,4,23900.0,26400.0,23744.402777553085,622.3888897876585
257720.KQ,257720,KOSDAQ,실리콘투,KRLEVEL_RR|257720|3T|2402|2405|2406,2402,2405,2406,27500.0,3,27000.0,27600.0,26800.842552886967,796.6297884521335
257720.KQ,257720,KOSDAQ,실리콘투,KRLEVEL_RR|257720|4T|2426|2432|2433,2426,2432,2433,28850.0,4,26600.0,29050.0,26393.959990433843,824.1600382646254
257720.KQ,257720,KOSDAQ,실리콘투,KRLEVEL_RR|257720|2T|2447|2448|2450,2447,2448,2450,31950.0,2,31150.0,31950.0,30973.10387825693,707.5844869722803
257720.KQ,257720,KOSDAQ,실리콘투,KRLEVEL_RR|257720|2T|2463|2464|2466,2463,2464,2466,33500.0,2,32150.0,33500.0,31994.31191171863,622.752353125488
257720.KQ,257720,KOSDAQ,실리콘투,KRLEVEL_RR|257720|2T|2494|2496|2498,2494,2496,2498,33500.0,2,31700.0,33600.0,31516.430089173347,734.2796433066172
257720.KQ,257720,KOSDAQ,실리콘투,KRLEVEL_RR|257720|2T|2576|2577|2578,2576,2577,2578,39300.0,2,36550.0,39550.0,36295.792354967874,1016.8305801284944
257720.KQ,257720,KOSDAQ,실리콘투,KRLEVEL_RR|257720|2T|2600|2601|2603,2600,2601,2603,40275.0,2,38350.0,40050.0,38150.155255341524,799.3789786339157
257720.KQ,257720,KOSDAQ,실리콘투,KRLEVEL_RR|257720|2T|2710|2715|2717,2710,2715,2717,57550.0,2,55700.0,56300.0,55382.80537235019,1268.7785105992602
257720.KQ,257720,KOSDAQ,실리콘투,KRLEVEL_RR|257720|2T|2738|2739|2740,2738,2739,2740,58650.0,2,54900.0,58700.0,54523.41978889709,1506.320844411636
257720.KQ,257720,KOSDAQ,실리콘투,KRLEVEL_RR|257720|2T|2774|2776|2778,2774,2776,2778,52900.0,2,49350.0,52500.0,49050.499397177504,1198.0024112899714
257720.KQ,257720,KOSDAQ,실리콘투,KRLEVEL_RR|257720|2T|2871|2875|2876,2871,2875,2876,50200.0,2,47700.0,50000.0,47486.39381272603,854.4247490958617
257720.KQ,257720,KOSDAQ,실리콘투,KRLEVEL_RR|257720|3T|2894|2897|2899,2894,2897,2899,51400.0,3,47650.0,51000.0,47442.57623593547,829.695056258113
257720.KQ,257720,KOSDAQ,실리콘투,KRLEVEL_RR|257720|2T|2914|2915|2916,2914,2915,2916,52500.0,2,48100.0,52700.0,47772.541256961245,1309.8349721550082
257720.KQ,257720,KOSDAQ,실리콘투,KRLEVEL_RR|257720|3T|3068|3072|3074,3068,3072,3074,42950.0,3,40700.0,42750.0,40547.701602553025,609.193589787888
257720.KQ,257720,KOSDAQ,실리콘투,KRLEVEL_RR|257720|2T|3092|3093|3094,3092,3093,3094,46050.0,2,44350.0,46150.0,44189.43668410564,642.2532635774369
257720.KQ,257720,KOSDAQ,실리콘투,KRLEVEL_RR|257720|5T|3125|3126|3128,3125,3126,3128,46000.0,5,44300.0,45850.0,44146.4128653627,614.3485385492063
257720.KQ,257720,KOSDAQ,실리콘투,KRLEVEL_RR|257720|3T|3168|3169|3170,3168,3169,3170,42950.0,3,42400.0,42950.0,42225.61294329651,697.5482268139747
257720.KQ,257720,KOSDAQ,실리콘투,KRLEVEL_RR|257720|2T|3183|3186|3187,3183,3186,3187,43775.0,2,42100.0,43500.0,41950.58371744794,597.6651302082583
257720.KQ,257720,KOSDAQ,실리콘투,KRLEVEL_RR|257720|2T|3216|3217|3218,3216,3217,3218,43775.0,2,43650.0,43700.0,43473.665270962,705.3389161519954
257720.KQ,257720,KOSDAQ,실리콘투,KRLEVEL_RR|257720|3T|3299|3303|3305,3299,3303,3305,44350.0,3,42050.0,44300.0,41812.33198065288,950.6720773884734
257720.KQ,257720,KOSDAQ,실리콘투,KRLEVEL_RR|257720|10T|3317|3318|3319,3317,3318,3319,46475.0,10,44150.0,46050.0,43908.28175226528,966.872990938906
257720.KQ,257720,KOSDAQ,실리콘투,KRLEVEL_RR|257720|4T|3353|3354|3355,3353,3354,3355,43325.0,4,42300.0,43400.0,42108.99935598762,764.0025760495481
257720.KQ,257720,KOSDAQ,실리콘투,KRLEVEL_RR|257720|2T|3368|3369|3370,3368,3369,3370,44375.0,2,42800.0,44500.0,42630.67313065224,677.3074773910276
257720.KQ,257720,KOSDAQ,실리콘투,KRLEVEL_RR|257720|2T|3487|3488|3489,3487,3488,3489,39875.0,2,38500.0,39650.0,38380.15733493211,479.3706602715469
257720.KQ,257720,KOSDAQ,실리콘투,KRLEVEL_RR|257720|3T|3509|3512|3513,3509,3512,3513,41650.0,3,39950.0,41700.0,39803.90658772119,584.3736491152323
257720.KQ,257720,KOSDAQ,실리콘투,KRLEVEL_RR|257720|3T|3541|3542|3544,3541,3542,3544,42500.0,3,41250.0,42500.0,41097.280582554704,610.8776697811807
257720.KQ,257720,KOSDAQ,실리콘투,KRLEVEL_RR|257720|2T|3559|3560|3561,3559,3560,3561,43375.0,2,39400.0,43550.0,39207.695836243955,769.2166550241889
257720.KQ,257720,KOSDAQ,실리콘투,KRLEVEL_RR|257720|2T|3642|3645|3646,3642,3645,3646,44175.0,2,40500.0,44000.0,40252.30103276253,990.7958689498842
257720.KQ,257720,KOSDAQ,실리콘투,KRLEVEL_RR|257720|2T|3683|3685|3686,3683,3685,3686,44525.0,2,41950.0,44650.0,41813.99696274465,544.0121490213974
257720.KQ,257720,KOSDAQ,실리콘투,KRLEVEL_RR|257720|2T|3833|3838|3840,3833,3838,3840,37975.0,2,37050.0,38000.0,36820.845239236725,916.6190430531088
257720.KQ,257720,KOSDAQ,실리콘투,KRLEVEL_RR|257720|5T|3863|3869|3871,3863,3869,3871,40200.0,5,38450.0,40050.0,38200.25555273008,998.9777890796811
257720.KQ,257720,KOSDAQ,실리콘투,KRLEVEL_RR|257720|2T|3933|3934|3935,3933,3934,3935,47325.0,2,46750.0,47500.0,46522.782449875835,908.8702004966751
257720.KQ,257720,KOSDAQ,실리콘투,KRLEVEL_RR|257720|3T|4201|4202|4203,4201,4202,4203,34700.0,3,31650.0,34850.0,31414.67808459265,941.2876616293937
257720.KQ,257720,KOSDAQ,실리콘투,KRLEVEL_RR|257720|4T|4217|4219|4221,4217,4219,4221,37050.0,4,34000.0,36300.0,33737.46208553642,1050.1516578543121
257720.KQ,257720,KOSDAQ,실리콘투,KRLEVEL_RR|257720|8T|4235|4241|4243,4235,4241,4243,36350.0,8,35350.0,36050.0,35058.23879536584,1167.0448185366347
257720.KQ,257720,KOSDAQ,실리콘투,KRLEVEL_RR|257720|2T|4263|4267|4268,4263,4267,4268,35875.0,2,35100.0,35400.0,34872.76014351343,908.9594259463029
257720.KQ,257720,KOSDAQ,실리콘투,KRLEVEL_RR|257720|2T|4280|4284|4286,4280,4284,4286,35875.0,2,33250.0,34750.0,33028.0608449162,887.7566203351847
257720.KQ,257720,KOSDAQ,실리콘투,KRLEVEL_RR|257720|2T|4299|4301|4302,4299,4301,4302,35875.0,2,34750.0,35700.0,34504.903525022026,980.3858999119107
257720.KQ,257720,KOSDAQ,실리콘투,KRLEVEL_RR|257720|6T|4337|4342|4344,4337,4342,4344,37000.0,6,32550.0,36800.0,32286.18593752703,1055.256249891878
357780.KQ,357780,KOSDAQ,솔브레인,KRLEVEL_RR|357780|2T|283|284|285,283,284,285,244250.0,2,242500.0,245000.0,241355.1986015525,4579.20559379005
357780.KQ,357780,KOSDAQ,솔브레인,KRLEVEL_RR|357780|5T|332|334|336,332,334,336,239500.0,5,230500.0,239500.0,229294.11330326213,4823.546786951477
357780.KQ,357780,KOSDAQ,솔브레인,KRLEVEL_RR|357780|4T|348|349|350,348,349,350,244500.0,4,240500.0,242500.0,239348.04766293283,4607.809348268697
357780.KQ,357780,KOSDAQ,솔브레인,KRLEVEL_RR|357780|2T|368|371|373,368,371,373,246500.0,2,242000.0,246000.0,241126.91473305592,3492.341067776358
357780.KQ,357780,KOSDAQ,솔브레인,KRLEVEL_RR|357780|2T|455|461|462,455,461,462,273000.0,2,267500.0,271500.0,266273.2989697353,4906.804121058917
357780.KQ,357780,KOSDAQ,솔브레인,KRLEVEL_RR|357780|3T|548|550|552,548,550,552,293500.0,3,286500.0,292500.0,285654.2459282364,3383.0162870544627
357780.KQ,357780,KOSDAQ,솔브레인,KRLEVEL_RR|357780|2T|567|572|574,567,572,574,302750.0,2,300500.0,303000.0,299620.5231075476,3517.9075698095176
357780.KQ,357780,KOSDAQ,솔브레인,KRLEVEL_RR|357780|2T|586|591|592,586,591,592,302750.0,2,292000.0,301000.0,290812.75537394563,4748.978504217441
357780.KQ,357780,KOSDAQ,솔브레인,KRLEVEL_RR|357780|6T|611|613|615,611,613,615,294750.0,6,292000.0,292500.0,290975.597462173,4097.61015130781
357780.KQ,357780,KOSDAQ,솔브레인,KRLEVEL_RR|357780|7T|652|653|654,652,653,654,299500.0,7,283500.0,298500.0,282364.3311312346,4542.6754750615255
357780.KQ,357780,KOSDAQ,솔브레인,KRLEVEL_RR|357780|4T|676|678|680,676,678,680,299500.0,4,298500.0,299500.0,297573.95308695146,3704.1876521942695
357780.KQ,357780,KOSDAQ,솔브레인,KRLEVEL_RR|357780|2T|727|728|729,727,728,729,273500.0,2,266500.0,272500.0,265312.33704120596,4750.651835176251
357780.KQ,357780,KOSDAQ,솔브레인,KRLEVEL_RR|357780|2T|743|746|748,743,746,748,273500.0,2,270500.0,273000.0,269301.9917548071,4792.032980771598
357780.KQ,357780,KOSDAQ,솔브레인,KRLEVEL_RR|357780|2T|771|777|778,771,777,778,273500.0,2,266000.0,271500.0,265003.0058323983,3987.976670406756
357780.KQ,357780,KOSDAQ,솔브레인,KRLEVEL_RR|357780|2T|820|824|825,820,824,825,274250.0,2,263000.0,273500.0,262097.09307767265,3611.6276893094328
357780.KQ,357780,KOSDAQ,솔브레인,KRLEVEL_RR|357780|2T|857|859|861,857,859,861,282750.0,2,270500.0,281500.0,269631.6984741747,3473.206103301227
357780.KQ,357780,KOSDAQ,솔브레인,KRLEVEL_RR|357780|2T|880|884|885,880,884,885,290500.0,2,284000.0,291000.0,283063.54258457094,3745.8296617162055
357780.KQ,357780,KOSDAQ,솔브레인,KRLEVEL_RR|357780|2T|926|932|934,926,932,934,294500.0,2,291500.0,293500.0,290373.23422904604,4507.063083815759
357780.KQ,357780,KOSDAQ,솔브레인,KRLEVEL_RR|357780|3T|1049|1051|1052,1049,1051,1052,294500.0,3,285500.0,294000.0,284473.9678854037,4104.128458385169
357780.KQ,357780,KOSDAQ,솔브레인,KRLEVEL_RR|357780|5T|1066|1071|1072,1066,1071,1072,308000.0,5,285500.0,307500.0,284466.937062602,4132.251749591811
357780.KQ,357780,KOSDAQ,솔브레인,KRLEVEL_RR|357780|4T|1130|1131|1132,1130,1131,1132,308000.0,4,301000.0,308000.0,300034.55797922274,3861.7680831090806
357780.KQ,357780,KOSDAQ,솔브레인,KRLEVEL_RR|357780|4T|1213|1214|1215,1213,1214,1215,312000.0,4,310000.0,311500.0,308851.4596351815,4594.161459273929
357780.KQ,357780,KOSDAQ,솔브레인,KRLEVEL_RR|357780|3T|1249|1250|1252,1249,1250,1252,308000.0,3,302000.0,307000.0,300963.508580499,4145.965678004153
357780.KQ,357780,KOSDAQ,솔브레인,KRLEVEL_RR|357780|3T|1320|1322|1324,1320,1322,1324,296500.0,3,277500.0,294000.0,276392.2829700939,4430.868119624447
357780.KQ,357780,KOSDAQ,솔브레인,KRLEVEL_RR|357780|2T|1480|1482|1483,1480,1482,1483,244500.0,2,233000.0,244000.0,231958.8699765988,4164.520093604753
357780.KQ,357780,KOSDAQ,솔브레인,KRLEVEL_RR|357780|2T|1642|1646|1648,1642,1646,1648,217750.0,2,209000.0,216000.0,208086.8118742497,3652.752503001222
357780.KQ,357780,KOSDAQ,솔브레인,KRLEVEL_RR|357780|3T|1673|1674|1675,1673,1674,1675,224000.0,3,222000.0,224500.0,221168.0103624304,3327.9585502784776
357780.KQ,357780,KOSDAQ,솔브레인,KRLEVEL_RR|357780|2T|1881|1883|1885,1881,1883,1885,191550.0,2,189300.0,191800.0,188815.20609469895,1939.1756212042308
357780.KQ,357780,KOSDAQ,솔브레인,KRLEVEL_RR|357780|6T|2042|2043|2045,2042,2043,2045,169450.0,6,160100.0,169200.0,159537.57425954854,2249.7029618058577
357780.KQ,357780,KOSDAQ,솔브레인,KRLEVEL_RR|357780|3T|2104|2105|2106,2104,2105,2106,179200.0,3,173500.0,178800.0,172939.5931725769,2241.627309692459
357780.KQ,357780,KOSDAQ,솔브레인,KRLEVEL_RR|357780|2T|2168|2174|2176,2168,2174,2176,170950.0,2,165900.0,171500.0,165082.20756464452,3271.169741421904
357780.KQ,357780,KOSDAQ,솔브레인,KRLEVEL_RR|357780|3T|2212|2213|2214,2212,2213,2214,192400.0,3,186500.0,192200.0,185768.1563857403,2927.3744570388753
357780.KQ,357780,KOSDAQ,솔브레인,KRLEVEL_RR|357780|2T|2292|2296|2297,2292,2296,2297,197650.0,2,180200.0,195700.0,179371.23569761074,3315.0572095570383
357780.KQ,357780,KOSDAQ,솔브레인,KRLEVEL_RR|357780|2T|2312|2313|2314,2312,2313,2314,205000.0,2,199900.0,204500.0,198971.39438814364,3714.42244742542
357780.KQ,357780,KOSDAQ,솔브레인,KRLEVEL_RR|357780|2T|2335|2338|2340,2335,2338,2340,205000.0,2,199400.0,203000.0,198541.60210314975,3433.5915874009793
357780.KQ,357780,KOSDAQ,솔브레인,KRLEVEL_RR|357780|4T|2541|2545|2546,2541,2545,2546,180550.0,4,172800.0,179900.0,172287.88043272492,2048.4782691002774
357780.KQ,357780,KOSDAQ,솔브레인,KRLEVEL_RR|357780|3T|2633|2634|2636,2633,2634,2636,162100.0,3,159100.0,161600.0,158660.45362176013,1758.1855129594917
357780.KQ,357780,KOSDAQ,솔브레인,KRLEVEL_RR|357780|2T|2654|2658|2660,2654,2658,2660,168800.0,2,165300.0,168300.0,164902.11803779812,1591.5278488074998
357780.KQ,357780,KOSDAQ,솔브레인,KRLEVEL_RR|357780|5T|2691|2694|2695,2691,2694,2695,168300.0,5,165700.0,168700.0,165165.3184707369,2138.726117052378
357780.KQ,357780,KOSDAQ,솔브레인,KRLEVEL_RR|357780|2T|2715|2716|2717,2715,2716,2717,179100.0,2,168000.0,179200.0,167266.32483539387,2934.7006584245096
357780.KQ,357780,KOSDAQ,솔브레인,KRLEVEL_RR|357780|4T|2740|2746|2748,2740,2746,2748,181000.0,4,176100.0,180100.0,175566.56084749682,2133.7566100127433
357780.KQ,357780,KOSDAQ,솔브레인,KRLEVEL_RR|357780|3T|2793|2795|2796,2793,2795,2796,184400.0,3,178500.0,183700.0,177939.44297428845,2242.2281028462025
357780.KQ,357780,KOSDAQ,솔브레인,KRLEVEL_RR|357780|4T|2858|2860|2862,2858,2860,2862,216000.0,4,205000.0,217000.0,203705.8361667142,5176.655333143154
357780.KQ,357780,KOSDAQ,솔브레인,KRLEVEL_RR|357780|2T|2924|2928|2930,2924,2928,2930,238000.0,2,229000.0,237000.0,227869.94474207493,4520.221031700223
357780.KQ,357780,KOSDAQ,솔브레인,KRLEVEL_RR|357780|2T|3026|3030|3032,3026,3030,3032,205250.0,2,200000.0,205000.0,199375.5111259118,2497.9554963527885
357780.KQ,357780,KOSDAQ,솔브레인,KRLEVEL_RR|357780|2T|3045|3046|3048,3045,3046,3048,225750.0,2,204500.0,225000.0,203651.78041706863,3392.878331725496
357780.KQ,357780,KOSDAQ,솔브레인,KRLEVEL_RR|357780|2T|3070|3074|3076,3070,3074,3076,262750.0,2,204500.0,258000.0,203182.8225755451,5268.709697819496
357780.KQ,357780,KOSDAQ,솔브레인,KRLEVEL_RR|357780|2T|3134|3137|3138,3134,3137,3138,289750.0,2,282500.0,288500.0,281314.9673942394,4740.130423042547
357780.KQ,357780,KOSDAQ,솔브레인,KRLEVEL_RR|357780|3T|3218|3224|3225,3218,3224,3225,279500.0,3,270500.0,278000.0,269102.4618222121,5590.15271115163
357780.KQ,357780,KOSDAQ,솔브레인,KRLEVEL_RR|357780|3T|3278|3279|3281,3278,3279,3281,279500.0,3,253000.0,278000.0,251668.57743439032,5325.690262438728
357780.KQ,357780,KOSDAQ,솔브레인,KRLEVEL_RR|357780|5T|3361|3362|3363,3361,3362,3363,279500.0,5,230500.0,278000.0,229091.00978868466,5635.960845261403
357780.KQ,357780,KOSDAQ,솔브레인,KRLEVEL_RR|357780|2T|3387|3389|3390,3387,3389,3390,271250.0,2,269500.0,270000.0,268383.9512382286,4464.195047085631
357780.KQ,357780,KOSDAQ,솔브레인,KRLEVEL_RR|357780|2T|3449|3450|3452,3449,3450,3452,256000.0,2,248000.0,256500.0,246963.59054145686,4145.637834172612
357780.KQ,357780,KOSDAQ,솔브레인,KRLEVEL_RR|357780|2T|3479|3483|3484,3479,3483,3484,256000.0,2,255000.0,256000.0,254163.53378424214,3345.864863031452
357780.KQ,357780,KOSDAQ,솔브레인,KRLEVEL_RR|357780|4T|3504|3508|3510,3504,3508,3510,285750.0,4,273000.0,284000.0,271168.26071195083,7326.957152196734
357780.KQ,357780,KOSDAQ,솔브레인,KRLEVEL_RR|357780|3T|3544|3546|3547,3544,3546,3547,286000.0,3,279000.0,283500.0,277694.327001466,5222.691994135926
357780.KQ,357780,KOSDAQ,솔브레인,KRLEVEL_RR|357780|2T|3558|3559|3560,3558,3559,3560,309500.0,2,286000.0,305500.0,284456.350061779,6174.599752884009
357780.KQ,357780,KOSDAQ,솔브레인,KRLEVEL_RR|357780|3T|3698|3699|3700,3698,3699,3700,423000.0,3,394500.0,422000.0,392657.2677792995,7370.92888280201
357780.KQ,357780,KOSDAQ,솔브레인,KRLEVEL_RR|357780|2T|3722|3723|3724,3722,3723,3724,431250.0,2,373000.0,432000.0,367414.171261235,22343.31495505982
357780.KQ,357780,KOSDAQ,솔브레인,KRLEVEL_RR|357780|3T|3765|3766|3768,3765,3766,3768,415500.0,3,415000.0,416500.0,412254.6399797307,10981.440081077073
357780.KQ,357780,KOSDAQ,솔브레인,KRLEVEL_RR|357780|5T|3787|3789|3790,3787,3789,3790,435500.0,5,426000.0,432500.0,423979.2068000484,8083.172799806399
357780.KQ,357780,KOSDAQ,솔브레인,KRLEVEL_RR|357780|3T|3801|3802|3804,3801,3802,3804,415500.0,3,398000.0,415000.0,395426.4616189477,10294.153524209167
357780.KQ,357780,KOSDAQ,솔브레인,KRLEVEL_RR|357780|3T|3876|3877|3878,3876,3877,3878,415500.0,3,391000.0,416500.0,388594.2740875754,9622.903649698406
357780.KQ,357780,KOSDAQ,솔브레인,KRLEVEL_RR|357780|4T|3894|3897|3898,3894,3897,3898,424000.0,4,413000.0,421500.0,411036.5991037764,7853.6035848944675
357780.KQ,357780,KOSDAQ,솔브레인,KRLEVEL_RR|357780|7T|3913|3916|3918,3913,3916,3918,435500.0,7,425500.0,434500.0,423429.0719959217,8283.712016313044
357780.KQ,357780,KOSDAQ,솔브레인,KRLEVEL_RR|357780|9T|3997|3998|4000,3997,3998,4000,435000.0,9,419500.0,435500.0,416459.094543025,12163.621827900046
357780.KQ,357780,KOSDAQ,솔브레인,KRLEVEL_RR|357780|4T|4117|4118|4119,4117,4118,4119,410750.0,4,320000.0,401500.0,315762.9402951646,16948.238819341634
357780.KQ,357780,KOSDAQ,솔브레인,KRLEVEL_RR|357780|3T|4138|4144|4145,4138,4144,4145,394500.0,3,373000.0,387000.0,369882.4666884926,12470.133246029427
357780.KQ,357780,KOSDAQ,솔브레인,KRLEVEL_RR|357780|2T|4188|4190|4192,4188,4190,4192,361750.0,2,324500.0,357500.0,320945.08506360074,14219.659745596982
357780.KQ,357780,KOSDAQ,솔브레인,KRLEVEL_RR|357780|2T|4237|4241|4242,4237,4241,4242,311750.0,2,295000.0,311500.0,292299.9451046347,10800.219581461342
357780.KQ,357780,KOSDAQ,솔브레인,KRLEVEL_RR|357780|2T|4338|4339|4341,4338,4339,4341,281500.0,2,251000.0,280000.0,248916.00892784607,8335.964288615773
178320.KQ,178320,KOSDAQ,서진시스템,KRLEVEL_RR|178320|5T|240|244|246,240,244,246,15560.0,5,15360.0,15570.0,15319.501061602774,161.99575358890604
178320.KQ,178320,KOSDAQ,서진시스템,KRLEVEL_RR|178320|3T|262|263|264,262,263,264,15730.0,3,15550.0,15760.0,15505.356047449204,178.57581020318227
178320.KQ,178320,KOSDAQ,서진시스템,KRLEVEL_RR|178320|2T|385|391|392,385,391,392,17915.0,2,17000.0,18000.0,16912.558085459208,349.7676581631712
178320.KQ,178320,KOSDAQ,서진시스템,KRLEVEL_RR|178320|2T|498|500|502,498,500,502,18125.0,2,17830.0,18100.0,17788.032311542494,167.87075383001712
178320.KQ,178320,KOSDAQ,서진시스템,KRLEVEL_RR|178320|2T|570|575|576,570,575,576,17915.0,2,16700.0,17870.0,16639.817046304983,240.7318147800714
178320.KQ,178320,KOSDAQ,서진시스템,KRLEVEL_RR|178320|2T|599|601|602,599,601,602,19435.0,2,18570.0,19370.0,18515.00664089789,219.9734364084464
178320.KQ,178320,KOSDAQ,서진시스템,KRLEVEL_RR|178320|5T|628|629|630,628,629,630,19600.0,5,19200.0,19540.0,19120.76914504608,316.92341981567506
178320.KQ,178320,KOSDAQ,서진시스템,KRLEVEL_RR|178320|7T|661|664|666,661,664,666,19560.0,7,18850.0,19400.0,18758.04194184235,367.83223263059887
178320.KQ,178320,KOSDAQ,서진시스템,KRLEVEL_RR|178320|3T|684|686|688,684,686,688,19560.0,3,19260.0,19570.0,19194.165477909188,263.33808836325204
178320.KQ,178320,KOSDAQ,서진시스템,KRLEVEL_RR|178320|2T|717|721|722,717,721,722,18580.0,2,17990.0,18430.0,17922.530300332197,269.87879867120506
178320.KQ,178320,KOSDAQ,서진시스템,KRLEVEL_RR|178320|3T|734|739|741,734,739,741,18860.0,3,18260.0,18850.0,18200.458521663455,238.1659133461777
178320.KQ,178320,KOSDAQ,서진시스템,KRLEVEL_RR|178320|7T|851|853|855,851,853,855,22150.0,7,21850.0,22150.0,21751.31063583383,394.7574566646845
178320.KQ,178320,KOSDAQ,서진시스템,KRLEVEL_RR|178320|5T|875|879|880,875,879,880,22600.0,5,21550.0,22650.0,21427.372297068592,490.51081172563164
178320.KQ,178320,KOSDAQ,서진시스템,KRLEVEL_RR|178320|2T|927|928|929,927,928,929,25150.0,2,24100.0,24650.0,23975.076634272067,499.69346291173485
178320.KQ,178320,KOSDAQ,서진시스템,KRLEVEL_RR|178320|2T|976|978|979,976,978,979,23425.0,2,23050.0,23100.0,22949.697042058957,401.2118317641786
178320.KQ,178320,KOSDAQ,서진시스템,KRLEVEL_RR|178320|2T|1030|1034|1036,1030,1034,1036,23425.0,2,22500.0,23400.0,22382.49097135754,470.036114569835
178320.KQ,178320,KOSDAQ,서진시스템,KRLEVEL_RR|178320|4T|1053|1054|1055,1053,1054,1055,23325.0,4,22500.0,23100.0,22270.733373535302,917.0665058587967
178320.KQ,178320,KOSDAQ,서진시스템,KRLEVEL_RR|178320|3T|1070|1071|1072,1070,1071,1072,25650.0,3,23400.0,25750.0,23200.22046659781,799.1181336087661
178320.KQ,178320,KOSDAQ,서진시스템,KRLEVEL_RR|178320|2T|1108|1112|1114,1108,1112,1114,26000.0,2,24750.0,25750.0,24542.15116414386,831.3953434245573
178320.KQ,178320,KOSDAQ,서진시스템,KRLEVEL_RR|178320|2T|1258|1261|1262,1258,1261,1262,27500.0,2,26100.0,27500.0,25972.78494990538,508.8602003784766
178320.KQ,178320,KOSDAQ,서진시스템,KRLEVEL_RR|178320|3T|1283|1286|1288,1283,1286,1288,29250.0,3,28600.0,28900.0,28383.71797211396,865.1281115441614
178320.KQ,178320,KOSDAQ,서진시스템,KRLEVEL_RR|178320|3T|1305|1308|1310,1305,1308,1310,31600.0,3,31200.0,31550.0,30982.96247315694,868.150107372243
178320.KQ,178320,KOSDAQ,서진시스템,KRLEVEL_RR|178320|4T|1360|1363|1364,1360,1363,1364,29200.0,4,28450.0,29100.0,28293.359417155705,626.5623313771791
178320.KQ,178320,KOSDAQ,서진시스템,KRLEVEL_RR|178320|2T|1411|1415|1416,1411,1415,1416,27175.0,2,25850.0,27000.0,25730.72639314401,477.09442742396516
178320.KQ,178320,KOSDAQ,서진시스템,KRLEVEL_RR|178320|2T|1480|1486|1487,1480,1486,1487,27825.0,2,26900.0,27750.0,26755.000515889464,579.9979364421494
178320.KQ,178320,KOSDAQ,서진시스템,KRLEVEL_RR|178320|2T|1614|1616|1618,1614,1616,1618,27050.0,2,26150.0,27100.0,26047.91975918874,408.32096324504545
178320.KQ,178320,KOSDAQ,서진시스템,KRLEVEL_RR|178320|5T|1632|1634|1635,1632,1634,1635,27250.0,5,26650.0,27150.0,26554.650046199942,381.39981520023395
178320.KQ,178320,KOSDAQ,서진시스템,KRLEVEL_RR|178320|2T|1732|1736|1738,1732,1736,1738,27825.0,2,25300.0,27800.0,25150.722542175467,597.109831298133
178320.KQ,178320,KOSDAQ,서진시스템,KRLEVEL_RR|178320|5T|1798|1804|1805,1798,1804,1805,28800.0,5,26400.0,28650.0,26210.46865000961,758.1253999615539
178320.KQ,178320,KOSDAQ,서진시스템,KRLEVEL_RR|178320|5T|1840|1844|1845,1840,1844,1845,28800.0,5,27750.0,28700.0,27570.076848468078,719.692606127687
178320.KQ,178320,KOSDAQ,서진시스템,KRLEVEL_RR|178320|3T|1935|1938|1940,1935,1938,1940,28400.0,3,27600.0,28050.0,27421.382073784298,714.471704862814
178320.KQ,178320,KOSDAQ,서진시스템,KRLEVEL_RR|178320|2T|2018|2019|2020,2018,2019,2020,28800.0,2,25700.0,28900.0,25565.548002775522,537.807988897918
178320.KQ,178320,KOSDAQ,서진시스템,KRLEVEL_RR|178320|2T|2151|2152|2154,2151,2152,2154,24000.0,2,23800.0,24050.0,23725.605523725433,297.5779050982729
178320.KQ,178320,KOSDAQ,서진시스템,KRLEVEL_RR|178320|4T|2527|2528|2529,2527,2528,2529,22100.0,4,21100.0,22100.0,21026.000551982186,295.99779207125323
178320.KQ,178320,KOSDAQ,서진시스템,KRLEVEL_RR|178320|2T|2544|2545|2547,2544,2545,2547,22825.0,2,22350.0,22700.0,22248.730804102175,405.0767835913032
178320.KQ,178320,KOSDAQ,서진시스템,KRLEVEL_RR|178320|4T|2588|2593|2595,2588,2593,2595,22100.0,4,21700.0,22150.0,21610.97434644773,356.1026142090864
178320.KQ,178320,KOSDAQ,서진시스템,KRLEVEL_RR|178320|3T|2681|2682|2683,2681,2682,2683,21150.0,3,20000.0,21000.0,19932.4197194736,270.32112210560246
178320.KQ,178320,KOSDAQ,서진시스템,KRLEVEL_RR|178320|5T|2744|2748|2750,2744,2748,2750,22100.0,5,21050.0,22000.0,20954.501040676205,381.9958372951876
178320.KQ,178320,KOSDAQ,서진시스템,KRLEVEL_RR|178320|4T|2822|2823|2824,2822,2823,2824,22150.0,4,21150.0,22050.0,21066.95263620921,332.1894551631545
178320.KQ,178320,KOSDAQ,서진시스템,KRLEVEL_RR|178320|3T|2835|2837|2838,2835,2837,2838,22400.0,3,21150.0,22200.0,21068.06282536719,327.7486985312419
178320.KQ,178320,KOSDAQ,서진시스템,KRLEVEL_RR|178320|3T|2870|2874|2876,2870,2874,2876,21650.0,3,20300.0,21550.0,20190.764848888975,436.94060444410286
178320.KQ,178320,KOSDAQ,서진시스템,KRLEVEL_RR|178320|2T|2987|2989|2991,2987,2989,2991,18980.0,2,18750.0,18960.0,18701.70149010351,193.19403958596007
178320.KQ,178320,KOSDAQ,서진시스템,KRLEVEL_RR|178320|2T|3032|3037|3038,3032,3037,3038,21650.0,2,20200.0,21450.0,20112.26657772426,350.9336891029674
178320.KQ,178320,KOSDAQ,서진시스템,KRLEVEL_RR|178320|2T|3052|3054|3056,3052,3054,3056,22050.0,2,21200.0,22000.0,21110.54966678743,357.8013328502914
178320.KQ,178320,KOSDAQ,서진시스템,KRLEVEL_RR|178320|3T|3122|3125|3127,3122,3125,3127,22000.0,3,20850.0,22000.0,20784.47080783969,262.11676864124087
178320.KQ,178320,KOSDAQ,서진시스템,KRLEVEL_RR|178320|5T|3140|3141|3142,3140,3141,3142,22750.0,5,21700.0,22700.0,21594.0100884791,423.9596460836051
178320.KQ,178320,KOSDAQ,서진시스템,KRLEVEL_RR|178320|2T|3352|3354|3355,3352,3354,3355,24825.0,2,24350.0,24850.0,24269.481681863585,322.07327254565905
178320.KQ,178320,KOSDAQ,서진시스템,KRLEVEL_RR|178320|2T|3368|3372|3373,3368,3372,3373,25850.0,2,25050.0,25700.0,24905.430165635298,578.2793374588017
178320.KQ,178320,KOSDAQ,서진시스템,KRLEVEL_RR|178320|3T|3458|3464|3465,3458,3464,3465,25200.0,3,24600.0,25100.0,24498.042295557334,407.8308177706639
178320.KQ,178320,KOSDAQ,서진시스템,KRLEVEL_RR|178320|7T|3499|3500|3501,3499,3500,3501,26850.0,7,23350.0,26750.0,23202.90196008915,588.3921596433983
178320.KQ,178320,KOSDAQ,서진시스템,KRLEVEL_RR|178320|3T|3512|3513|3515,3512,3513,3515,27250.0,3,25900.0,27050.0,25733.974598521225,664.1016059150963
178320.KQ,178320,KOSDAQ,서진시스템,KRLEVEL_RR|178320|3T|3558|3559|3560,3558,3559,3560,32300.0,3,30500.0,32200.0,30284.51346664654,861.9461334138459
178320.KQ,178320,KOSDAQ,서진시스템,KRLEVEL_RR|178320|2T|3591|3597|3598,3591,3597,3598,35650.0,2,35600.0,35900.0,35319.17198325009,1123.31206699963
178320.KQ,178320,KOSDAQ,서진시스템,KRLEVEL_RR|178320|3T|3636|3637|3638,3636,3637,3638,35500.0,3,34200.0,35750.0,33952.294379323575,990.8224827057112
178320.KQ,178320,KOSDAQ,서진시스템,KRLEVEL_RR|178320|2T|3677|3682|3683,3677,3682,3683,38500.0,2,36350.0,38500.0,36070.88450104601,1116.4619958159565
178320.KQ,178320,KOSDAQ,서진시스템,KRLEVEL_RR|178320|3T|3769|3770|3771,3769,3770,3771,47100.0,3,43300.0,46750.0,42922.15213612159,1511.3914555136298
178320.KQ,178320,KOSDAQ,서진시스템,KRLEVEL_RR|178320|3T|3859|3864|3865,3859,3864,3865,45700.0,3,43650.0,44850.0,43380.38191712828,1078.4723314868659
178320.KQ,178320,KOSDAQ,서진시스템,KRLEVEL_RR|178320|2T|3897|3902|3903,3897,3902,3903,51050.0,2,49900.0,50800.0,49468.815779024466,1724.7368839021303
178320.KQ,178320,KOSDAQ,서진시스템,KRLEVEL_RR|178320|2T|3923|3927|3929,3923,3927,3929,51050.0,2,50100.0,50300.0,49581.30042502213,2074.798299911482
178320.KQ,178320,KOSDAQ,서진시스템,KRLEVEL_RR|178320|4T|3995|3998|3999,3995,3998,3999,71200.0,4,64300.0,70900.0,63609.96881148516,2760.1247540593495
178320.KQ,178320,KOSDAQ,서진시스템,KRLEVEL_RR|178320|2T|4019|4022|4023,4019,4022,4023,74350.0,2,61900.0,74200.0,61266.95474733587,2532.1810106565254
178320.KQ,178320,KOSDAQ,서진시스템,KRLEVEL_RR|178320|5T|4079|4080|4082,4079,4080,4082,71300.0,5,63300.0,68800.0,62583.889666502284,2864.4413339908506
178320.KQ,178320,KOSDAQ,서진시스템,KRLEVEL_RR|178320|2T|4093|4098|4099,4093,4098,4099,69600.0,2,64700.0,69100.0,63858.63850219247,3365.4459912300995
178320.KQ,178320,KOSDAQ,서진시스템,KRLEVEL_RR|178320|5T|4116|4117|4118,4116,4117,4118,71300.0,5,69600.0,70900.0,68905.16656155423,2779.333753783054
178320.KQ,178320,KOSDAQ,서진시스템,KRLEVEL_RR|178320|2T|4268|4269|4270,4268,4269,4270,39325.0,2,36600.0,39100.0,36208.17323054548,1567.3070778180904
058610.KQ,058610,KOSDAQ,에스피지,KRLEVEL_RR|058610|2T|246|250|251,246,250,251,33550.0,2,31500.0,33350.0,31310.889711885902,756.441152456395
058610.KQ,058610,KOSDAQ,에스피지,KRLEVEL_RR|058610|2T|330|332|333,330,332,333,28200.0,2,25900.0,27900.0,25741.504938779653,633.9802448813882
058610.KQ,058610,KOSDAQ,에스피지,KRLEVEL_RR|058610|2T|410|411|413,410,411,413,31000.0,2,29600.0,30900.0,29471.629194057503,513.4832237699954
058610.KQ,058610,KOSDAQ,에스피지,KRLEVEL_RR|058610|3T|438|444|445,438,444,445,34000.0,3,32700.0,33850.0,32493.82475128366,824.7009948653576
058610.KQ,058610,KOSDAQ,에스피지,KRLEVEL_RR|058610|3T|480|481|483,480,481,483,32300.0,3,32250.0,32300.0,32088.11377357323,647.5449057070861
058610.KQ,058610,KOSDAQ,에스피지,KRLEVEL_RR|058610|2T|498|503|504,498,503,504,33625.0,2,32300.0,33400.0,32179.655200446057,481.37919821577003
058610.KQ,058610,KOSDAQ,에스피지,KRLEVEL_RR|058610|3T|524|525|527,524,525,527,34450.0,3,34350.0,34400.0,34173.63656130104,705.4537547958362
058610.KQ,058610,KOSDAQ,에스피지,KRLEVEL_RR|058610|3T|615|621|622,615,621,622,34700.0,3,33650.0,34400.0,33516.600144067044,533.5994237318176
058610.KQ,058610,KOSDAQ,에스피지,KRLEVEL_RR|058610|2T|736|741|742,736,741,742,30475.0,2,29300.0,30450.0,29184.37603321321,462.4958671471491
058610.KQ,058610,KOSDAQ,에스피지,KRLEVEL_RR|058610|4T|862|865|866,862,865,866,30425.0,4,28500.0,30350.0,28399.16965758186,403.32136967256446
058610.KQ,058610,KOSDAQ,에스피지,KRLEVEL_RR|058610|3T|1085|1086|1088,1085,1086,1088,28400.0,3,28150.0,28400.0,28100.910276550992,196.3588937960343
058610.KQ,058610,KOSDAQ,에스피지,KRLEVEL_RR|058610|2T|1296|1299|1300,1296,1299,1300,24725.0,2,24150.0,24750.0,24095.102867797537,219.58852880984804
058610.KQ,058610,KOSDAQ,에스피지,KRLEVEL_RR|058610|4T|1347|1348|1350,1347,1348,1350,26400.0,4,23750.0,26300.0,23601.361018622363,594.5559255105471
058610.KQ,058610,KOSDAQ,에스피지,KRLEVEL_RR|058610|2T|1474|1476|1477,1474,1476,1477,20575.0,2,19510.0,20650.0,19415.719649837265,377.1214006509414
058610.KQ,058610,KOSDAQ,에스피지,KRLEVEL_RR|058610|2T|1494|1496|1498,1494,1496,1498,21275.0,2,20500.0,21200.0,20410.976115084843,356.0955396606242
058610.KQ,058610,KOSDAQ,에스피지,KRLEVEL_RR|058610|5T|1557|1558|1559,1557,1558,1559,24950.0,5,24650.0,24800.0,24532.845993224855,468.616027100581
058610.KQ,058610,KOSDAQ,에스피지,KRLEVEL_RR|058610|2T|1615|1616|1617,1615,1616,1617,23600.0,2,22150.0,23500.0,22025.240088428814,499.039646284746
058610.KQ,058610,KOSDAQ,에스피지,KRLEVEL_RR|058610|3T|1630|1635|1636,1630,1635,1636,23350.0,3,22800.0,23350.0,22705.76386129346,376.9445548261619
058610.KQ,058610,KOSDAQ,에스피지,KRLEVEL_RR|058610|2T|1648|1654|1656,1648,1654,1656,23800.0,2,23300.0,23600.0,23222.304363356183,310.78254657527026
058610.KQ,058610,KOSDAQ,에스피지,KRLEVEL_RR|058610|2T|1678|1682|1684,1678,1682,1684,23600.0,2,23200.0,23650.0,23110.511674288642,357.95330284543536
058610.KQ,058610,KOSDAQ,에스피지,KRLEVEL_RR|058610|2T|1711|1712|1713,1711,1712,1713,23800.0,2,23500.0,23850.0,23413.052114664137,347.7915413434565
058610.KQ,058610,KOSDAQ,에스피지,KRLEVEL_RR|058610|2T|1818|1819|1821,1818,1819,1821,21550.0,2,20350.0,21550.0,20272.327579273915,310.68968290433463
058610.KQ,058610,KOSDAQ,에스피지,KRLEVEL_RR|058610|5T|1859|1861|1863,1859,1861,1863,21150.0,5,19850.0,21000.0,19724.40651225379,502.3739509848418
058610.KQ,058610,KOSDAQ,에스피지,KRLEVEL_RR|058610|3T|1902|1903|1904,1902,1903,1904,22100.0,3,21300.0,22100.0,21205.71222531963,377.1510987214843
058610.KQ,058610,KOSDAQ,에스피지,KRLEVEL_RR|058610|2T|2014|2016|2017,2014,2016,2017,21400.0,2,19120.0,21300.0,19033.16244996641,347.3502001343658
058610.KQ,058610,KOSDAQ,에스피지,KRLEVEL_RR|058610|5T|2033|2034|2035,2033,2034,2035,22050.0,5,19120.0,22150.0,19003.765532402536,464.9378703898535
058610.KQ,058610,KOSDAQ,에스피지,KRLEVEL_RR|058610|5T|2141|2142|2143,2141,2142,2143,29300.0,5,27500.0,29250.0,27330.97901828343,676.0839268662794
058610.KQ,058610,KOSDAQ,에스피지,KRLEVEL_RR|058610|2T|2439|2440|2442,2439,2440,2442,22375.0,2,20350.0,22450.0,20253.224486410167,387.10205435933557
058610.KQ,058610,KOSDAQ,에스피지,KRLEVEL_RR|058610|2T|2456|2457|2459,2456,2457,2459,23050.0,2,22950.0,23100.0,22869.921869904734,320.3125203810613
058610.KQ,058610,KOSDAQ,에스피지,KRLEVEL_RR|058610|3T|2475|2479|2480,2475,2479,2480,25050.0,3,22850.0,24850.0,22732.2984100289,470.80635988440224
058610.KQ,058610,KOSDAQ,에스피지,KRLEVEL_RR|058610|3T|2506|2507|2508,2506,2507,2508,25050.0,3,25050.0,25100.0,24972.228128866213,311.08748453515136
058610.KQ,058610,KOSDAQ,에스피지,KRLEVEL_RR|058610|3T|2523|2525|2527,2523,2525,2527,25450.0,3,24650.0,25300.0,24565.624684645616,337.50126141753384
058610.KQ,058610,KOSDAQ,에스피지,KRLEVEL_RR|058610|2T|2540|2543|2544,2540,2543,2544,25075.0,2,24800.0,25050.0,24721.60682576358,313.5726969456716
058610.KQ,058610,KOSDAQ,에스피지,KRLEVEL_RR|058610|3T|2636|2642|2643,2636,2642,2643,25900.0,3,23500.0,25800.0,23400.395344834786,398.4186206608616
058610.KQ,058610,KOSDAQ,에스피지,KRLEVEL_RR|058610|4T|2682|2683|2684,2682,2683,2684,25500.0,4,24550.0,25400.0,24445.432024453632,418.27190218546957
058610.KQ,058610,KOSDAQ,에스피지,KRLEVEL_RR|058610|5T|2697|2700|2702,2697,2700,2702,25950.0,5,25250.0,25900.0,25147.700345572302,409.19861771079053
058610.KQ,058610,KOSDAQ,에스피지,KRLEVEL_RR|058610|3T|2729|2730|2732,2729,2730,2732,26950.0,3,25500.0,26800.0,25366.510845865865,533.9566165365418
058610.KQ,058610,KOSDAQ,에스피지,KRLEVEL_RR|058610|2T|2772|2773|2774,2772,2773,2774,25950.0,2,25700.0,25900.0,25611.773365264035,352.9065389438605
058610.KQ,058610,KOSDAQ,에스피지,KRLEVEL_RR|058610|2T|2809|2811|2812,2809,2811,2812,26625.0,2,25850.0,26300.0,25770.419739744677,318.32104102129927
058610.KQ,058610,KOSDAQ,에스피지,KRLEVEL_RR|058610|2T|2827|2828|2829,2827,2828,2829,26325.0,2,26150.0,26300.0,26076.95726799323,292.17092802707384
058610.KQ,058610,KOSDAQ,에스피지,KRLEVEL_RR|058610|2T|2906|2909|2911,2906,2909,2911,25225.0,2,24650.0,25250.0,24581.06193357915,275.752265683405
058610.KQ,058610,KOSDAQ,에스피지,KRLEVEL_RR|058610|4T|2976|2977|2978,2976,2977,2978,25625.0,4,22500.0,25600.0,22391.190529365867,435.2378825365245
058610.KQ,058610,KOSDAQ,에스피지,KRLEVEL_RR|058610|6T|3008|3010|3011,3008,3010,3011,26350.0,6,25300.0,26200.0,25185.61218784268,457.5512486292937
058610.KQ,058610,KOSDAQ,에스피지,KRLEVEL_RR|058610|2T|3025|3030|3032,3025,3030,3032,26875.0,2,25300.0,26850.0,25206.71694019611,373.1322392155561
058610.KQ,058610,KOSDAQ,에스피지,KRLEVEL_RR|058610|2T|3080|3086|3087,3080,3086,3087,27350.0,2,26900.0,27050.0,26779.799175863023,480.80329654790745
058610.KQ,058610,KOSDAQ,에스피지,KRLEVEL_RR|058610|2T|3125|3131|3132,3125,3131,3132,26525.0,2,26000.0,26550.0,25900.78530806257,396.8587677497323
058610.KQ,058610,KOSDAQ,에스피지,KRLEVEL_RR|058610|3T|3146|3147|3148,3146,3147,3148,27950.0,3,26750.0,27850.0,26638.07345292103,447.7061883158756
058610.KQ,058610,KOSDAQ,에스피지,KRLEVEL_RR|058610|2T|3238|3239|3240,3238,3239,3240,32975.0,2,30550.0,33150.0,30363.81021605857,744.7591357657174
058610.KQ,058610,KOSDAQ,에스피지,KRLEVEL_RR|058610|2T|3353|3354|3355,3353,3354,3355,48550.0,2,43500.0,47850.0,42951.08582124055,2195.6567150377914
058610.KQ,058610,KOSDAQ,에스피지,KRLEVEL_RR|058610|2T|3381|3385|3386,3381,3385,3386,65150.0,2,60600.0,63400.0,59860.5298324173,2957.880670330812
058610.KQ,058610,KOSDAQ,에스피지,KRLEVEL_RR|058610|3T|3524|3526|3528,3524,3526,3528,81100.0,3,77700.0,81500.0,77037.97408090501,2648.1036763799552
058610.KQ,058610,KOSDAQ,에스피지,KRLEVEL_RR|058610|2T|3547|3551|3552,3547,3551,3552,94450.0,2,85600.0,91500.0,84751.74650508416,3393.0139796633657
058610.KQ,058610,KOSDAQ,에스피지,KRLEVEL_RR|058610|2T|3697|3701|3702,3697,3701,3702,147900.0,2,131100.0,143900.0,130115.09492766064,3939.6202893574623
058610.KQ,058610,KOSDAQ,에스피지,KRLEVEL_RR|058610|2T|3727|3728|3729,3727,3728,3729,126800.0,2,106100.0,126100.0,104439.88672395392,6640.453104184296
058610.KQ,058610,KOSDAQ,에스피지,KRLEVEL_RR|058610|2T|3743|3747|3748,3743,3747,3748,134750.0,2,120800.0,132700.0,119572.40137684422,4910.394492623102
058610.KQ,058610,KOSDAQ,에스피지,KRLEVEL_RR|058610|3T|3917|3919|3921,3917,3919,3921,114800.0,3,113000.0,114500.0,112558.60996539147,1765.5601384341055
058610.KQ,058610,KOSDAQ,에스피지,KRLEVEL_RR|058610|2T|3935|3936|3937,3935,3936,3937,114750.0,2,112000.0,113500.0,111506.61681216868,1973.5327513252857
058610.KQ,058610,KOSDAQ,에스피지,KRLEVEL_RR|058610|3T|3983|3984|3985,3983,3984,3985,134300.0,3,123400.0,133600.0,122524.4943122148,3502.022751140816
058610.KQ,058610,KOSDAQ,에스피지,KRLEVEL_RR|058610|6T|3997|3999|4001,3997,3999,4001,133550.0,6,129000.0,133000.0,127701.12064414589,5195.51742341645
058610.KQ,058610,KOSDAQ,에스피지,KRLEVEL_RR|058610|5T|4039|4040|4041,4039,4040,4041,119200.0,5,99000.0,119200.0,97857.55306048974,4569.787758041069
058610.KQ,058610,KOSDAQ,에스피지,KRLEVEL_RR|058610|4T|4080|4081|4083,4080,4081,4083,119200.0,4,115000.0,119200.0,113866.28249877915,4534.870004883369
058610.KQ,058610,KOSDAQ,에스피지,KRLEVEL_RR|058610|3T|4291|4293|4294,4291,4293,4294,82400.0,3,61000.0,82800.0,60131.55338297315,3473.7864681074107
058610.KQ,058610,KOSDAQ,에스피지,KRLEVEL_RR|058610|5T|4313|4315|4317,4313,4315,4317,71300.0,5,68200.0,70700.0,67183.26664336961,4066.933426521563
058610.KQ,058610,KOSDAQ,에스피지,KRLEVEL_RR|058610|2T|4331|4337|4338,4331,4337,4338,101650.0,2,74000.0,100600.0,72599.37142749058,5602.514290037654
263750.KQ,263750,KOSDAQ,펄어비스,KRLEVEL_RR|263750|3T|241|242|243,241,242,243,46700.0,3,44500.0,46550.0,44349.55231508924,601.7907396430311
263750.KQ,263750,KOSDAQ,펄어비스,KRLEVEL_RR|263750|2T|265|271|272,265,271,272,47675.0,2,45750.0,47450.0,45606.898101474624,572.4075941014912
263750.KQ,263750,KOSDAQ,펄어비스,KRLEVEL_RR|263750|2T|284|285|286,284,285,286,47675.0,2,46150.0,47550.0,45991.20620670826,635.1751731669685
263750.KQ,263750,KOSDAQ,펄어비스,KRLEVEL_RR|263750|6T|318|322|323,318,322,323,49000.0,6,48450.0,48850.0,48301.78524112455,592.8590355018117
263750.KQ,263750,KOSDAQ,펄어비스,KRLEVEL_RR|263750|2T|342|344|345,342,344,345,47675.0,2,46050.0,47400.0,45870.502674611904,717.9893015523902
263750.KQ,263750,KOSDAQ,펄어비스,KRLEVEL_RR|263750|5T|358|359|360,358,359,360,49750.0,5,48500.0,49750.0,48274.148376030986,903.4064958760468
263750.KQ,263750,KOSDAQ,펄어비스,KRLEVEL_RR|263750|2T|515|519|521,515,519,521,39050.0,2,38750.0,38800.0,38671.41807121962,314.3277151215327
263750.KQ,263750,KOSDAQ,펄어비스,KRLEVEL_RR|263750|2T|535|536|538,535,536,538,39050.0,2,38900.0,39050.0,38823.882706465585,304.4691741376655
263750.KQ,263750,KOSDAQ,펄어비스,KRLEVEL_RR|263750|2T|689|690|691,689,690,691,34000.0,2,33350.0,33900.0,33249.63359758636,401.4656096545642
263750.KQ,263750,KOSDAQ,펄어비스,KRLEVEL_RR|263750|2T|751|752|754,751,752,754,33600.0,2,32300.0,33600.0,32176.799133012693,492.8034679492223
263750.KQ,263750,KOSDAQ,펄어비스,KRLEVEL_RR|263750|2T|907|912|913,907,912,913,29625.0,2,29100.0,29450.0,29014.64513143058,341.4194742776763
263750.KQ,263750,KOSDAQ,펄어비스,KRLEVEL_RR|263750|2T|924|925|927,924,925,927,30400.0,2,29100.0,30450.0,29020.619718549784,317.52112580086134
263750.KQ,263750,KOSDAQ,펄어비스,KRLEVEL_RR|263750|4T|1043|1047|1048,1043,1047,1048,30475.0,4,29550.0,30400.0,29432.21547897195,471.13808411220737
263750.KQ,263750,KOSDAQ,펄어비스,KRLEVEL_RR|263750|2T|1129|1130|1132,1129,1130,1132,39600.0,2,38450.0,39600.0,38283.96911337176,664.1235465129602
263750.KQ,263750,KOSDAQ,펄어비스,KRLEVEL_RR|263750|2T|1144|1148|1150,1144,1148,1150,40800.0,2,39200.0,40550.0,39053.595576464,585.617694143988
263750.KQ,263750,KOSDAQ,펄어비스,KRLEVEL_RR|263750|3T|1169|1171|1172,1169,1171,1172,39500.0,3,38000.0,39500.0,37794.97717165531,820.0913133787806
263750.KQ,263750,KOSDAQ,펄어비스,KRLEVEL_RR|263750|4T|1186|1189|1190,1186,1189,1190,41475.0,4,40500.0,41000.0,40316.87880258209,732.4847896716335
263750.KQ,263750,KOSDAQ,펄어비스,KRLEVEL_RR|263750|2T|1215|1217|1218,1215,1217,1218,39400.0,2,38500.0,39050.0,38306.60838175995,773.5664729602114
263750.KQ,263750,KOSDAQ,펄어비스,KRLEVEL_RR|263750|5T|1230|1231|1232,1230,1231,1232,41500.0,5,39900.0,41250.0,39731.53604802914,673.8558078834193
263750.KQ,263750,KOSDAQ,펄어비스,KRLEVEL_RR|263750|2T|1324|1329|1331,1324,1329,1331,44675.0,2,43200.0,44700.0,43048.49805180186,606.0077927925641
263750.KQ,263750,KOSDAQ,펄어비스,KRLEVEL_RR|263750|2T|1354|1355|1356,1354,1355,1356,46025.0,2,45650.0,45800.0,45484.846483961046,660.6140641558272
263750.KQ,263750,KOSDAQ,펄어비스,KRLEVEL_RR|263750|2T|1369|1370|1372,1369,1370,1372,46400.0,2,46000.0,46450.0,45862.757277428536,548.9708902858437
263750.KQ,263750,KOSDAQ,펄어비스,KRLEVEL_RR|263750|2T|1414|1416|1417,1414,1416,1417,44675.0,2,44000.0,44800.0,43853.56626204882,585.73495180471
263750.KQ,263750,KOSDAQ,펄어비스,KRLEVEL_RR|263750|3T|1491|1493|1495,1491,1493,1495,44100.0,3,41850.0,43800.0,41657.670471843514,769.3181126259306
263750.KQ,263750,KOSDAQ,펄어비스,KRLEVEL_RR|263750|4T|1522|1526|1528,1522,1526,1528,41925.0,4,39850.0,41650.0,39599.31068313122,1002.7572674751405
263750.KQ,263750,KOSDAQ,펄어비스,KRLEVEL_RR|263750|3T|1622|1623|1624,1622,1623,1624,36000.0,3,32450.0,35950.0,32276.242730036207,695.0290798551778
263750.KQ,263750,KOSDAQ,펄어비스,KRLEVEL_RR|263750|5T|1798|1802|1804,1798,1802,1804,37350.0,5,37200.0,37450.0,37033.413894676996,666.3444212920107
263750.KQ,263750,KOSDAQ,펄어비스,KRLEVEL_RR|263750|3T|1871|1872|1873,1871,1872,1873,37650.0,3,37250.0,37600.0,37096.89989480177,612.4004207929185
263750.KQ,263750,KOSDAQ,펄어비스,KRLEVEL_RR|263750|3T|1908|1913|1915,1908,1913,1915,39200.0,3,38750.0,39050.0,38628.18948330304,487.2420667878606
263750.KQ,263750,KOSDAQ,펄어비스,KRLEVEL_RR|263750|3T|2096|2098|2099,2096,2098,2099,28800.0,3,26750.0,28750.0,26693.029966239003,227.88013504398327
263750.KQ,263750,KOSDAQ,펄어비스,KRLEVEL_RR|263750|2T|2178|2179|2180,2178,2179,2180,29275.0,2,28750.0,29300.0,28654.74451244792,381.02195020831914
263750.KQ,263750,KOSDAQ,펄어비스,KRLEVEL_RR|263750|2T|2342|2347|2348,2342,2347,2348,31250.0,2,30100.0,30950.0,29996.018954239404,415.92418304237964
263750.KQ,263750,KOSDAQ,펄어비스,KRLEVEL_RR|263750|4T|2400|2401|2402,2400,2401,2402,31250.0,4,30350.0,31350.0,30217.336912633255,530.652349466988
263750.KQ,263750,KOSDAQ,펄어비스,KRLEVEL_RR|263750|4T|2439|2440|2442,2439,2440,2442,31950.0,4,31350.0,32000.0,31253.474677305123,386.10129077950563
263750.KQ,263750,KOSDAQ,펄어비스,KRLEVEL_RR|263750|3T|2459|2465|2467,2459,2465,2467,33400.0,3,31900.0,33400.0,31811.081945731068,355.6722170757296
263750.KQ,263750,KOSDAQ,펄어비스,KRLEVEL_RR|263750|2T|2558|2563|2564,2558,2563,2564,37450.0,2,34950.0,37350.0,34797.55583347048,609.7766661180988
263750.KQ,263750,KOSDAQ,펄어비스,KRLEVEL_RR|263750|4T|2602|2604|2605,2602,2604,2605,37450.0,4,36700.0,37350.0,36604.79985640264,380.80057438941884
263750.KQ,263750,KOSDAQ,펄어비스,KRLEVEL_RR|263750|2T|2630|2634|2635,2630,2634,2635,38225.0,2,37800.0,37950.0,37705.36849903053,378.52600387789346
263750.KQ,263750,KOSDAQ,펄어비스,KRLEVEL_RR|263750|5T|2660|2662|2663,2660,2662,2663,38700.0,5,37850.0,38500.0,37730.45610925801,478.1755629679411
263750.KQ,263750,KOSDAQ,펄어비스,KRLEVEL_RR|263750|5T|2677|2681|2683,2677,2681,2683,38700.0,5,38350.0,38500.0,38232.33499762122,470.66000951513666
263750.KQ,263750,KOSDAQ,펄어비스,KRLEVEL_RR|263750|2T|2744|2746|2747,2744,2746,2747,42725.0,2,40500.0,42850.0,40369.40691239281,522.3723504287477
263750.KQ,263750,KOSDAQ,펄어비스,KRLEVEL_RR|263750|4T|2816|2817|2818,2816,2817,2818,38700.0,4,38300.0,38800.0,38181.649209818504,473.4031607259834
263750.KQ,263750,KOSDAQ,펄어비스,KRLEVEL_RR|263750|2T|2903|2904|2905,2903,2904,2905,39025.0,2,37300.0,38950.0,37191.47978012455,434.0808795017814
263750.KQ,263750,KOSDAQ,펄어비스,KRLEVEL_RR|263750|3T|2919|2921|2922,2919,2921,2922,39750.0,3,39300.0,39550.0,39212.47366814515,350.10532741942336
263750.KQ,263750,KOSDAQ,펄어비스,KRLEVEL_RR|263750|2T|2978|2982|2984,2978,2982,2984,31450.0,2,29800.0,31350.0,29686.39815600422,454.4073759831216
263750.KQ,263750,KOSDAQ,펄어비스,KRLEVEL_RR|263750|4T|3146|3152|3153,3146,3152,3153,34825.0,4,34550.0,34750.0,34426.53574772054,493.8570091178295
263750.KQ,263750,KOSDAQ,펄어비스,KRLEVEL_RR|263750|2T|3183|3187|3188,3183,3187,3188,36225.0,2,35050.0,36250.0,34939.19220834945,443.23116660219176
263750.KQ,263750,KOSDAQ,펄어비스,KRLEVEL_RR|263750|6T|3266|3270|3271,3266,3270,3271,34825.0,6,34200.0,34450.0,34080.42266959035,478.30932163861405
263750.KQ,263750,KOSDAQ,펄어비스,KRLEVEL_RR|263750|6T|3355|3357|3359,3355,3357,3359,35925.0,6,35400.0,36000.0,35305.85324672812,376.58701308753945
263750.KQ,263750,KOSDAQ,펄어비스,KRLEVEL_RR|263750|2T|3407|3412|3413,3407,3412,3413,37000.0,2,36350.0,36950.0,36258.74697532153,365.01209871388613
263750.KQ,263750,KOSDAQ,펄어비스,KRLEVEL_RR|263750|3T|3483|3485|3487,3483,3485,3487,37400.0,3,36850.0,37250.0,36725.35149900122,498.59400399511406
263750.KQ,263750,KOSDAQ,펄어비스,KRLEVEL_RR|263750|5T|3510|3512|3514,3510,3512,3514,37700.0,5,37400.0,37700.0,37293.990984836266,424.0360606549307
263750.KQ,263750,KOSDAQ,펄어비스,KRLEVEL_RR|263750|3T|3525|3527|3528,3525,3527,3528,39000.0,3,37700.0,38950.0,37581.22879052906,475.08483788376503
263750.KQ,263750,KOSDAQ,펄어비스,KRLEVEL_RR|263750|2T|3552|3555|3557,3552,3555,3557,40250.0,2,39050.0,40350.0,38923.58328491303,505.6668603478741
263750.KQ,263750,KOSDAQ,펄어비스,KRLEVEL_RR|263750|2T|3630|3632|3633,3630,3632,3633,52750.0,2,51800.0,52300.0,51440.55294274742,1437.7882290103194
263750.KQ,263750,KOSDAQ,펄어비스,KRLEVEL_RR|263750|2T|3672|3673|3674,3672,3673,3674,52750.0,2,49250.0,52400.0,48990.519656785145,1037.9213728594327
263750.KQ,263750,KOSDAQ,펄어비스,KRLEVEL_RR|263750|7T|3729|3732|3733,3729,3732,3733,54800.0,7,50500.0,54900.0,49879.12183941779,2483.512642328844
263750.KQ,263750,KOSDAQ,펄어비스,KRLEVEL_RR|263750|9T|3821|3825|3827,3821,3825,3827,54800.0,9,49000.0,55200.0,48253.89494296796,2984.4202281281387
263750.KQ,263750,KOSDAQ,펄어비스,KRLEVEL_RR|263750|2T|3889|3891|3893,3889,3891,3893,57350.0,2,54400.0,56600.0,54063.75486046567,1344.9805581373098
263750.KQ,263750,KOSDAQ,펄어비스,KRLEVEL_RR|263750|2T|3923|3924|3926,3923,3924,3926,54950.0,2,52600.0,55000.0,52317.80849925646,1128.7660029741562
263750.KQ,263750,KOSDAQ,펄어비스,KRLEVEL_RR|263750|2T|4114|4117|4119,4114,4117,4119,39475.0,2,38450.0,39400.0,38233.07506706998,867.6997317200903
263750.KQ,263750,KOSDAQ,펄어비스,KRLEVEL_RR|263750|3T|4223|4228|4229,4223,4228,4229,36900.0,3,35650.0,36350.0,35451.48058493977,794.0776602409189
263750.KQ,263750,KOSDAQ,펄어비스,KRLEVEL_RR|263750|2T|4302|4303|4305,4302,4303,4305,34250.0,2,32900.0,34400.0,32742.698712595076,629.205149619695
263750.KQ,263750,KOSDAQ,펄어비스,KRLEVEL_RR|263750|2T|4332|4337|4338,4332,4337,4338,34250.0,2,31750.0,33700.0,31543.046019416073,827.815922335706
263750.KQ,263750,KOSDAQ,펄어비스,KRLEVEL_RR|263750|3T|4351|4352|4353,4351,4352,4353,34750.0,3,34850.0,34900.0,34692.46502537667,630.1398984933245
067310.KQ,067310,KOSDAQ,하나마이크론,KRLEVEL_RR|067310|2T|249|251|253,249,251,253,25925.0,2,24550.0,26050.0,24404.57802794861,581.6878882055554
067310.KQ,067310,KOSDAQ,하나마이크론,KRLEVEL_RR|067310|2T|267|268|269,267,268,269,25925.0,2,24900.0,26050.0,24758.794562862797,564.8217485488202
067310.KQ,067310,KOSDAQ,하나마이크론,KRLEVEL_RR|067310|2T|294|296|298,294,296,298,26200.0,2,24000.0,26100.0,23847.269612095817,610.921551616725
067310.KQ,067310,KOSDAQ,하나마이크론,KRLEVEL_RR|067310|3T|341|346|348,341,346,348,29050.0,3,25150.0,28950.0,24946.275028091186,814.899887635263
067310.KQ,067310,KOSDAQ,하나마이크론,KRLEVEL_RR|067310|2T|455|457|458,455,457,458,29575.0,2,28950.0,29650.0,28837.80400046176,448.7839981529509
067310.KQ,067310,KOSDAQ,하나마이크론,KRLEVEL_RR|067310|2T|489|490|491,489,490,491,26825.0,2,26350.0,26800.0,26242.008046412077,431.96781435168964
067310.KQ,067310,KOSDAQ,하나마이크론,KRLEVEL_RR|067310|2T|503|507|509,503,507,509,28050.0,2,27000.0,27750.0,26877.27141586887,490.9143365245283
067310.KQ,067310,KOSDAQ,하나마이크론,KRLEVEL_RR|067310|2T|570|572|574,570,572,574,28975.0,2,28000.0,29000.0,27903.36977189593,386.5209124162866
067310.KQ,067310,KOSDAQ,하나마이크론,KRLEVEL_RR|067310|2T|652|653|655,652,653,655,27325.0,2,25250.0,27450.0,25115.878374765998,536.4865009360112
067310.KQ,067310,KOSDAQ,하나마이크론,KRLEVEL_RR|067310|2T|666|669|670,666,669,670,27800.0,2,27250.0,27650.0,27129.772274455212,480.9109021791575
067310.KQ,067310,KOSDAQ,하나마이크론,KRLEVEL_RR|067310|4T|738|741|742,738,741,742,26275.0,4,25200.0,26100.0,25078.506916108647,485.9723355654129
067310.KQ,067310,KOSDAQ,하나마이크론,KRLEVEL_RR|067310|2T|776|777|779,776,777,779,25675.0,2,24900.0,25700.0,24797.592975568114,409.62809772754883
067310.KQ,067310,KOSDAQ,하나마이크론,KRLEVEL_RR|067310|4T|814|818|820,814,818,820,25750.0,4,24000.0,25800.0,23869.194367144242,523.2225314230368
067310.KQ,067310,KOSDAQ,하나마이크론,KRLEVEL_RR|067310|2T|835|837|838,835,837,838,26775.0,2,24000.0,26600.0,23857.125124143542,571.4995034258251
067310.KQ,067310,KOSDAQ,하나마이크론,KRLEVEL_RR|067310|4T|852|853|855,852,853,855,27050.0,4,26500.0,26950.0,26353.390664347273,586.4373426109092
067310.KQ,067310,KOSDAQ,하나마이크론,KRLEVEL_RR|067310|3T|886|891|893,886,891,893,27000.0,3,25800.0,26700.0,25650.967078909467,596.1316843621386
067310.KQ,067310,KOSDAQ,하나마이크론,KRLEVEL_RR|067310|3T|922|924|925,922,924,925,28100.0,3,25550.0,27850.0,25387.63883936589,649.4446425364464
067310.KQ,067310,KOSDAQ,하나마이크론,KRLEVEL_RR|067310|3T|940|943|944,940,943,944,29100.0,3,28100.0,29050.0,27924.698965924097,701.2041363036136
067310.KQ,067310,KOSDAQ,하나마이크론,KRLEVEL_RR|067310|3T|1010|1016|1017,1010,1016,1017,29100.0,3,28450.0,28600.0,28306.851125784193,572.5954968632279
067310.KQ,067310,KOSDAQ,하나마이크론,KRLEVEL_RR|067310|3T|1036|1037|1039,1036,1037,1039,27750.0,3,26400.0,27800.0,26268.57955664325,525.6817734270015
067310.KQ,067310,KOSDAQ,하나마이크론,KRLEVEL_RR|067310|2T|1204|1208|1210,1204,1208,1210,22025.0,2,21150.0,22000.0,21070.80205641316,316.79177434736
067310.KQ,067310,KOSDAQ,하나마이크론,KRLEVEL_RR|067310|2T|1423|1424|1425,1423,1424,1425,18910.0,2,18540.0,18930.0,18486.58929887053,213.64280451788068
067310.KQ,067310,KOSDAQ,하나마이크론,KRLEVEL_RR|067310|2T|1646|1647|1648,1646,1647,1648,11320.0,2,11130.0,11280.0,11075.630654393419,217.4773824263251
067310.KQ,067310,KOSDAQ,하나마이크론,KRLEVEL_RR|067310|2T|1686|1687|1688,1686,1687,1688,11585.0,2,11420.0,11620.0,11378.6589010975,165.36439560999995
067310.KQ,067310,KOSDAQ,하나마이크론,KRLEVEL_RR|067310|2T|1703|1706|1708,1703,1706,1708,12100.0,2,11180.0,12110.0,11121.734467206868,233.06213117252346
067310.KQ,067310,KOSDAQ,하나마이크론,KRLEVEL_RR|067310|2T|1887|1888|1889,1887,1888,1889,10125.0,2,9700.0,10120.0,9664.171621551191,143.31351379523613
067310.KQ,067310,KOSDAQ,하나마이크론,KRLEVEL_RR|067310|2T|1966|1969|1971,1966,1969,1971,9395.0,2,8320.0,9240.0,8270.613751526562,197.54499389375354
067310.KQ,067310,KOSDAQ,하나마이크론,KRLEVEL_RR|067310|2T|1983|1985|1987,1983,1985,1987,9680.0,2,9460.0,9710.0,9418.243238893197,167.02704442720977
067310.KQ,067310,KOSDAQ,하나마이크론,KRLEVEL_RR|067310|3T|2007|2008|2010,2007,2008,2010,9800.0,3,9600.0,9720.0,9555.29106395228,178.8357441908832
067310.KQ,067310,KOSDAQ,하나마이크론,KRLEVEL_RR|067310|2T|2042|2046|2048,2042,2046,2048,9680.0,2,9030.0,9660.0,8969.592778163,241.6288873480023
067310.KQ,067310,KOSDAQ,하나마이크론,KRLEVEL_RR|067310|2T|2062|2064|2065,2062,2064,2065,11330.0,2,9660.0,11390.0,9594.356502410159,262.57399035936567
067310.KQ,067310,KOSDAQ,하나마이크론,KRLEVEL_RR|067310|3T|2090|2094|2096,2090,2094,2096,11270.0,3,10380.0,11310.0,10300.62190933856,317.51236264575823
067310.KQ,067310,KOSDAQ,하나마이크론,KRLEVEL_RR|067310|4T|2150|2151|2153,2150,2151,2153,9795.0,4,9480.0,9790.0,9428.868273986354,204.52690405458128
067310.KQ,067310,KOSDAQ,하나마이크론,KRLEVEL_RR|067310|3T|2168|2169|2170,2168,2169,2170,10170.0,3,9760.0,10160.0,9703.867755690459,224.5289772381633
067310.KQ,067310,KOSDAQ,하나마이크론,KRLEVEL_RR|067310|3T|2193|2196|2198,2193,2196,2198,11640.0,3,11280.0,11520.0,11230.179023965917,199.28390413633426
067310.KQ,067310,KOSDAQ,하나마이크론,KRLEVEL_RR|067310|3T|2239|2243|2244,2239,2243,2244,11640.0,3,11410.0,11580.0,11363.918586933065,184.32565226773863
067310.KQ,067310,KOSDAQ,하나마이크론,KRLEVEL_RR|067310|3T|2312|2313|2314,2312,2313,2314,11250.0,3,10310.0,11180.0,10255.273672288384,218.90531084646346
067310.KQ,067310,KOSDAQ,하나마이크론,KRLEVEL_RR|067310|3T|2389|2390|2391,2389,2390,2391,12100.0,3,11630.0,11980.0,11562.839822319109,268.64071072356586
067310.KQ,067310,KOSDAQ,하나마이크론,KRLEVEL_RR|067310|3T|2541|2543|2544,2541,2543,2544,11450.0,3,11095.0,11410.0,11059.830917660505,140.67632935798136
067310.KQ,067310,KOSDAQ,하나마이크론,KRLEVEL_RR|067310|4T|2636|2640|2642,2636,2640,2642,10825.0,4,10330.0,10840.0,10288.446310535766,166.2147578569362
067310.KQ,067310,KOSDAQ,하나마이크론,KRLEVEL_RR|067310|6T|2657|2658|2660,2657,2658,2660,11465.0,6,11190.0,11440.0,11144.578516706293,181.68593317482623
067310.KQ,067310,KOSDAQ,하나마이크론,KRLEVEL_RR|067310|2T|2675|2676|2677,2675,2676,2677,11340.0,2,11190.0,11280.0,11147.500981937086,169.996072251658
067310.KQ,067310,KOSDAQ,하나마이크론,KRLEVEL_RR|067310|4T|2711|2712|2714,2711,2712,2714,11465.0,4,11320.0,11470.0,11271.061361967546,195.75455212981663
067310.KQ,067310,KOSDAQ,하나마이크론,KRLEVEL_RR|067310|2T|2757|2758|2759,2757,2758,2759,12380.0,2,11530.0,12310.0,11474.655687092158,221.3772516313677
067310.KQ,067310,KOSDAQ,하나마이크론,KRLEVEL_RR|067310|2T|2870|2871|2873,2870,2871,2873,12560.0,2,10640.0,12500.0,10562.401762788408,310.3929488463712
067310.KQ,067310,KOSDAQ,하나마이크론,KRLEVEL_RR|067310|2T|2912|2917|2918,2912,2917,2918,12015.0,2,11680.0,12030.0,11631.682084215141,193.2716631394389
067310.KQ,067310,KOSDAQ,하나마이크론,KRLEVEL_RR|067310|4T|2931|2932|2933,2931,2932,2933,12380.0,4,12080.0,12330.0,12034.651987279747,181.39205088100795
067310.KQ,067310,KOSDAQ,하나마이크론,KRLEVEL_RR|067310|3T|2960|2965|2966,2960,2965,2966,11660.0,3,11410.0,11580.0,11372.647311862118,149.41075255152467
067310.KQ,067310,KOSDAQ,하나마이크론,KRLEVEL_RR|067310|2T|2979|2980|2981,2979,2980,2981,11965.0,2,11540.0,11920.0,11503.874101050653,144.50359579739012
067310.KQ,067310,KOSDAQ,하나마이크론,KRLEVEL_RR|067310|2T|3157|3162|3164,3157,3162,3164,25725.0,2,23300.0,25150.0,23088.42074229411,846.3170308235516
067310.KQ,067310,KOSDAQ,하나마이크론,KRLEVEL_RR|067310|2T|3219|3223|3225,3219,3223,3225,25725.0,2,24750.0,25550.0,24581.57711003356,673.691559865772
067310.KQ,067310,KOSDAQ,하나마이크론,KRLEVEL_RR|067310|5T|3302|3306|3307,3302,3306,3307,25800.0,5,24250.0,25650.0,24076.908488687754,692.3660452489888
067310.KQ,067310,KOSDAQ,하나마이크론,KRLEVEL_RR|067310|3T|3362|3363|3365,3362,3363,3365,25450.0,3,24950.0,25300.0,24823.428720081163,506.2851196753439
067310.KQ,067310,KOSDAQ,하나마이크론,KRLEVEL_RR|067310|3T|3451|3452|3453,3451,3452,3453,24850.0,3,23300.0,24750.0,23162.64052671868,549.4378931252897
067310.KQ,067310,KOSDAQ,하나마이크론,KRLEVEL_RR|067310|4T|3469|3470|3471,3469,3470,3471,24850.0,4,24150.0,24650.0,24035.14909992443,459.4036003022835
067310.KQ,067310,KOSDAQ,하나마이크론,KRLEVEL_RR|067310|3T|3484|3490|3492,3484,3490,3492,26100.0,3,24750.0,25850.0,24585.47090363262,658.1163854695117
067310.KQ,067310,KOSDAQ,하나마이크론,KRLEVEL_RR|067310|2T|3508|3509|3510,3508,3509,3510,27225.0,2,26850.0,27150.0,26661.350545613797,754.5978175448113
067310.KQ,067310,KOSDAQ,하나마이크론,KRLEVEL_RR|067310|8T|3570|3576|3578,3570,3576,3578,25400.0,8,25000.0,25400.0,24873.018753733184,507.9249850672654
067310.KQ,067310,KOSDAQ,하나마이크론,KRLEVEL_RR|067310|3T|3701|3702|3703,3701,3702,3703,35300.0,3,34700.0,35300.0,34508.15839839457,767.3664064217235
067310.KQ,067310,KOSDAQ,하나마이크론,KRLEVEL_RR|067310|5T|3729|3732|3734,3729,3732,3734,35350.0,5,30100.0,33700.0,29734.1230349362,1463.5078602551953
067310.KQ,067310,KOSDAQ,하나마이크론,KRLEVEL_RR|067310|5T|3809|3811|3812,3809,3811,3812,35300.0,5,31650.0,35500.0,31392.90431053765,1028.3827578493972
067310.KQ,067310,KOSDAQ,하나마이크론,KRLEVEL_RR|067310|3T|3869|3872|3873,3869,3872,3873,30050.0,3,28350.0,30200.0,28176.71095489062,693.1561804375204
067310.KQ,067310,KOSDAQ,하나마이크론,KRLEVEL_RR|067310|2T|3910|3911|3913,3910,3911,3913,34650.0,2,32850.0,34100.0,32647.820379811674,808.7184807533107
067310.KQ,067310,KOSDAQ,하나마이크론,KRLEVEL_RR|067310|2T|3936|3942|3943,3936,3942,3943,39575.0,2,36900.0,39750.0,36626.83757533874,1092.6496986450416
067310.KQ,067310,KOSDAQ,하나마이크론,KRLEVEL_RR|067310|2T|3986|3987|3988,3986,3987,3988,41750.0,2,41300.0,41900.0,41053.43707802,986.2516879200119
067310.KQ,067310,KOSDAQ,하나마이크론,KRLEVEL_RR|067310|5T|4000|4001|4002,4000,4001,4002,40900.0,5,39050.0,39500.0,38683.8248977887,1464.7004088452118
067310.KQ,067310,KOSDAQ,하나마이크론,KRLEVEL_RR|067310|5T|4081|4083|4085,4081,4083,4085,40900.0,5,40000.0,40450.0,39548.68764848074,1805.2494060770168
067310.KQ,067310,KOSDAQ,하나마이크론,KRLEVEL_RR|067310|2T|4116|4117|4119,4116,4117,4119,46600.0,2,41250.0,46600.0,40731.99777696508,2072.008892139677
067310.KQ,067310,KOSDAQ,하나마이크론,KRLEVEL_RR|067310|4T|4157|4158|4159,4157,4158,4159,52600.0,4,49000.0,52950.0,48477.521420162055,2089.914319351792
064760.KQ,064760,KOSDAQ,티씨케이,KRLEVEL_RR|064760|3T|390|391|392,390,391,392,87500.0,3,81200.0,87500.0,80867.64261702538,1329.4295318984393
064760.KQ,064760,KOSDAQ,티씨케이,KRLEVEL_RR|064760|2T|409|411|413,409,411,413,95100.0,2,88500.0,94900.0,88140.69750852641,1437.2099658943582
064760.KQ,064760,KOSDAQ,티씨케이,KRLEVEL_RR|064760|4T|452|453|454,452,453,454,98000.0,4,95300.0,97700.0,94928.90927321897,1484.3629071241296
064760.KQ,064760,KOSDAQ,티씨케이,KRLEVEL_RR|064760|2T|480|481|482,480,481,482,99850.0,2,98200.0,99900.0,97832.66305788016,1469.3477684793834
064760.KQ,064760,KOSDAQ,티씨케이,KRLEVEL_RR|064760|2T|576|577|578,576,577,578,112850.0,2,109200.0,112900.0,108814.03979470275,1543.8408211890114
064760.KQ,064760,KOSDAQ,티씨케이,KRLEVEL_RR|064760|2T|594|595|596,594,595,596,112850.0,2,112600.0,112700.0,112221.20190771492,1515.192369140344
064760.KQ,064760,KOSDAQ,티씨케이,KRLEVEL_RR|064760|3T|838|839|840,838,839,840,98800.0,3,93400.0,97500.0,93005.46679519887,1578.1328192045548
064760.KQ,064760,KOSDAQ,티씨케이,KRLEVEL_RR|064760|6T|856|858|860,856,858,860,97700.0,6,95000.0,97800.0,94568.17608324681,1727.2956670127587
064760.KQ,064760,KOSDAQ,티씨케이,KRLEVEL_RR|064760|4T|881|884|885,881,884,885,101250.0,4,98000.0,101400.0,97665.27821439161,1338.8871424335525
064760.KQ,064760,KOSDAQ,티씨케이,KRLEVEL_RR|064760|4T|904|905|906,904,905,906,110100.0,4,98500.0,109500.0,97989.78172206119,2040.873111755232
064760.KQ,064760,KOSDAQ,티씨케이,KRLEVEL_RR|064760|4T|922|924|925,922,924,925,110300.0,4,108800.0,110200.0,108270.63072407455,2117.4771037018027
064760.KQ,064760,KOSDAQ,티씨케이,KRLEVEL_RR|064760|2T|958|961|962,958,961,962,129650.0,2,122500.0,130200.0,121729.64105012866,3081.4357994853644
064760.KQ,064760,KOSDAQ,티씨케이,KRLEVEL_RR|064760|2T|973|979|980,973,979,980,129650.0,2,125500.0,126700.0,124793.9029443162,2824.3882227352055
064760.KQ,064760,KOSDAQ,티씨케이,KRLEVEL_RR|064760|4T|1006|1011|1013,1006,1011,1013,135850.0,4,131200.0,136100.0,130319.32733627866,3522.6906548853763
064760.KQ,064760,KOSDAQ,티씨케이,KRLEVEL_RR|064760|2T|1162|1164|1166,1162,1164,1166,115000.0,2,109900.0,114700.0,109455.16279948888,1779.3488020444665
064760.KQ,064760,KOSDAQ,티씨케이,KRLEVEL_RR|064760|4T|1186|1190|1192,1186,1190,1192,121350.0,4,118400.0,120800.0,117785.20405195374,2459.183792185017
064760.KQ,064760,KOSDAQ,티씨케이,KRLEVEL_RR|064760|3T|1213|1216|1217,1213,1216,1217,123400.0,3,116900.0,123600.0,116303.87546459684,2384.498141612613
064760.KQ,064760,KOSDAQ,티씨케이,KRLEVEL_RR|064760|2T|1230|1234|1235,1230,1234,1235,132300.0,2,123100.0,129300.0,122359.40315203065,2962.3873918774343
064760.KQ,064760,KOSDAQ,티씨케이,KRLEVEL_RR|064760|2T|1281|1284|1286,1281,1284,1286,128050.0,2,126500.0,128200.0,125792.30634486201,2830.774620551983
064760.KQ,064760,KOSDAQ,티씨케이,KRLEVEL_RR|064760|2T|1297|1298|1299,1297,1298,1299,131650.0,2,127300.0,131000.0,126738.89706886176,2244.4117245529633
064760.KQ,064760,KOSDAQ,티씨케이,KRLEVEL_RR|064760|2T|1336|1340|1341,1336,1340,1341,134750.0,2,130500.0,134300.0,129950.3186660636,2198.725335745621
064760.KQ,064760,KOSDAQ,티씨케이,KRLEVEL_RR|064760|3T|1436|1437|1438,1436,1437,1438,113000.0,3,107000.0,112000.0,106565.67326253146,1737.3069498741659
064760.KQ,064760,KOSDAQ,티씨케이,KRLEVEL_RR|064760|3T|1494|1495|1496,1494,1495,1496,108100.0,3,103700.0,107800.0,103283.07096541769,1667.716138329228
064760.KQ,064760,KOSDAQ,티씨케이,KRLEVEL_RR|064760|4T|1519|1520|1521,1519,1520,1521,108250.0,4,106100.0,107700.0,105735.2288262832,1459.0846948671724
064760.KQ,064760,KOSDAQ,티씨케이,KRLEVEL_RR|064760|2T|1649|1652|1654,1649,1652,1654,93350.0,2,89200.0,93600.0,88847.75240261186,1408.990389552527
064760.KQ,064760,KOSDAQ,티씨케이,KRLEVEL_RR|064760|2T|1708|1712|1714,1708,1712,1714,91700.0,2,89900.0,91300.0,89596.31545105953,1214.738195761876
064760.KQ,064760,KOSDAQ,티씨케이,KRLEVEL_RR|064760|3T|1977|1982|1984,1977,1982,1984,71200.0,3,69600.0,71200.0,69333.94885802416,1064.2045679033442
064760.KQ,064760,KOSDAQ,티씨케이,KRLEVEL_RR|064760|6T|2009|2010|2011,2009,2010,2011,69750.0,6,67800.0,69700.0,67587.94582632644,848.2166946942692
064760.KQ,064760,KOSDAQ,티씨케이,KRLEVEL_RR|064760|6T|2034|2035|2036,2034,2035,2036,69750.0,6,68300.0,69500.0,68059.15251794462,963.3899282215383
064760.KQ,064760,KOSDAQ,티씨케이,KRLEVEL_RR|064760|4T|2104|2106|2108,2104,2106,2108,71250.0,4,68400.0,71000.0,68177.34598505331,890.6160597867304
064760.KQ,064760,KOSDAQ,티씨케이,KRLEVEL_RR|064760|6T|2119|2121|2123,2119,2121,2123,72800.0,6,71700.0,72400.0,71454.95324089576,980.187036416972
064760.KQ,064760,KOSDAQ,티씨케이,KRLEVEL_RR|064760|3T|2157|2162|2163,2157,2162,2163,72700.0,3,70100.0,71400.0,69776.70458883895,1293.1816446441808
064760.KQ,064760,KOSDAQ,티씨케이,KRLEVEL_RR|064760|3T|2195|2197|2199,2195,2197,2199,86600.0,3,82400.0,87000.0,81927.92277406775,1888.3089037290338
064760.KQ,064760,KOSDAQ,티씨케이,KRLEVEL_RR|064760|3T|2212|2214|2216,2212,2214,2216,86600.0,3,85300.0,86200.0,84907.66024879606,1569.3590048157648
064760.KQ,064760,KOSDAQ,티씨케이,KRLEVEL_RR|064760|2T|2283|2284|2286,2283,2284,2286,81800.0,2,79700.0,81000.0,79394.02552273124,1223.8979090750292
064760.KQ,064760,KOSDAQ,티씨케이,KRLEVEL_RR|064760|2T|2314|2315|2316,2314,2315,2316,88500.0,2,80800.0,88600.0,80456.68356302734,1373.2657478906265
064760.KQ,064760,KOSDAQ,티씨케이,KRLEVEL_RR|064760|2T|2334|2338|2340,2334,2338,2340,91350.0,2,89400.0,90900.0,89079.22700870967,1283.0919651613276
064760.KQ,064760,KOSDAQ,티씨케이,KRLEVEL_RR|064760|2T|2387|2388|2389,2387,2388,2389,81350.0,2,77400.0,81600.0,77057.56876695553,1369.7249321778784
064760.KQ,064760,KOSDAQ,티씨케이,KRLEVEL_RR|064760|2T|2411|2412|2414,2411,2412,2414,81350.0,2,79300.0,80000.0,78856.0792606686,1775.6829573256193
064760.KQ,064760,KOSDAQ,티씨케이,KRLEVEL_RR|064760|2T|2437|2438|2439,2437,2438,2439,82750.0,2,79900.0,81800.0,79468.43971505383,1726.241139784667
064760.KQ,064760,KOSDAQ,티씨케이,KRLEVEL_RR|064760|2T|2463|2466|2468,2463,2466,2468,82750.0,2,81100.0,82600.0,80812.09929036176,1151.6028385529428
064760.KQ,064760,KOSDAQ,티씨케이,KRLEVEL_RR|064760|2T|2481|2487|2488,2481,2487,2488,85850.0,2,82400.0,85500.0,82060.34008379863,1358.6396648054738
064760.KQ,064760,KOSDAQ,티씨케이,KRLEVEL_RR|064760|2T|2542|2543|2544,2542,2543,2544,89200.0,2,85400.0,89200.0,85058.18918906822,1367.2432437271161
064760.KQ,064760,KOSDAQ,티씨케이,KRLEVEL_RR|064760|4T|2612|2616|2618,2612,2616,2618,87450.0,4,84900.0,87300.0,84572.84139960495,1308.6344015802154
064760.KQ,064760,KOSDAQ,티씨케이,KRLEVEL_RR|064760|3T|2630|2634|2636,2630,2634,2636,89000.0,3,88700.0,88900.0,88375.11303818855,1299.5478472458387
064760.KQ,064760,KOSDAQ,티씨케이,KRLEVEL_RR|064760|2T|2673|2677|2679,2673,2677,2679,98200.0,2,93700.0,97400.0,93175.67509627409,2097.2996149036144
064760.KQ,064760,KOSDAQ,티씨케이,KRLEVEL_RR|064760|2T|2714|2715|2717,2714,2715,2717,101950.0,2,98200.0,102100.0,97825.33629839115,1498.6548064353744
064760.KQ,064760,KOSDAQ,티씨케이,KRLEVEL_RR|064760|3T|2737|2738|2739,2737,2738,2739,103900.0,3,103400.0,104000.0,102979.16826924996,1683.3269230001736
064760.KQ,064760,KOSDAQ,티씨케이,KRLEVEL_RR|064760|2T|2781|2785|2786,2781,2785,2786,101950.0,2,101500.0,101600.0,101131.12046800813,1475.5181279674996
064760.KQ,064760,KOSDAQ,티씨케이,KRLEVEL_RR|064760|2T|2862|2863|2864,2862,2863,2864,93600.0,2,91100.0,93600.0,90665.53586566882,1737.8565373247052
064760.KQ,064760,KOSDAQ,티씨케이,KRLEVEL_RR|064760|2T|2883|2889|2891,2883,2889,2891,102700.0,2,101600.0,102300.0,101103.85870157003,1984.5651937198797
064760.KQ,064760,KOSDAQ,티씨케이,KRLEVEL_RR|064760|5T|2906|2909|2911,2906,2909,2911,103900.0,5,100600.0,103400.0,100216.8907133025,1532.4371467899705
064760.KQ,064760,KOSDAQ,티씨케이,KRLEVEL_RR|064760|2T|2925|2930|2931,2925,2930,2931,108950.0,2,104300.0,108200.0,103739.6182121607,2241.5271513572075
064760.KQ,064760,KOSDAQ,티씨케이,KRLEVEL_RR|064760|3T|2972|2976|2978,2972,2976,2978,108400.0,3,108500.0,108600.0,108096.09659495295,1615.6136201882184
064760.KQ,064760,KOSDAQ,티씨케이,KRLEVEL_RR|064760|2T|3016|3017|3018,3016,3017,3018,104900.0,2,101700.0,104500.0,101386.07012575337,1255.7194969865432
064760.KQ,064760,KOSDAQ,티씨케이,KRLEVEL_RR|064760|2T|3036|3037|3038,3036,3037,3038,108950.0,2,108000.0,109000.0,107643.1853307162,1427.258677135239
064760.KQ,064760,KOSDAQ,티씨케이,KRLEVEL_RR|064760|2T|3063|3067|3068,3063,3067,3068,139850.0,2,113500.0,139600.0,112723.86954010773,3104.5218395690968
064760.KQ,064760,KOSDAQ,티씨케이,KRLEVEL_RR|064760|3T|3126|3127|3128,3126,3127,3128,163600.0,3,151900.0,164000.0,150908.80478716965,3964.7808513213968
064760.KQ,064760,KOSDAQ,티씨케이,KRLEVEL_RR|064760|2T|3139|3142|3144,3139,3142,3144,178450.0,2,173500.0,178400.0,172573.55727297644,3705.770908094207
064760.KQ,064760,KOSDAQ,티씨케이,KRLEVEL_RR|064760|2T|3168|3169|3171,3168,3169,3171,178450.0,2,176300.0,178600.0,175460.32679810887,3358.692807564472
064760.KQ,064760,KOSDAQ,티씨케이,KRLEVEL_RR|064760|3T|3248|3251|3252,3248,3251,3252,163600.0,3,161000.0,164300.0,160267.4109987312,2930.356005075145
064760.KQ,064760,KOSDAQ,티씨케이,KRLEVEL_RR|064760|2T|3273|3274|3275,3273,3274,3275,166350.0,2,150000.0,165800.0,149099.76493850132,3600.9402459946864
064760.KQ,064760,KOSDAQ,티씨케이,KRLEVEL_RR|064760|2T|3362|3363|3364,3362,3363,3364,145400.0,2,141600.0,144800.0,141052.1664981306,2191.33400747766
064760.KQ,064760,KOSDAQ,티씨케이,KRLEVEL_RR|064760|3T|3398|3400|3401,3398,3400,3401,145600.0,3,144400.0,145600.0,143934.6460315605,1861.4158737580392
064760.KQ,064760,KOSDAQ,티씨케이,KRLEVEL_RR|064760|4T|3489|3490|3492,3489,3490,3492,145750.0,4,139100.0,144900.0,138449.84994010432,2600.6002395827572
064760.KQ,064760,KOSDAQ,티씨케이,KRLEVEL_RR|064760|3T|3504|3508|3510,3504,3508,3510,161700.0,3,150800.0,162000.0,149793.62219971837,4025.511201126461
064760.KQ,064760,KOSDAQ,티씨케이,KRLEVEL_RR|064760|3T|3571|3573|3575,3571,3573,3575,173100.0,3,163000.0,173400.0,162098.1210276549,3607.515889380398
064760.KQ,064760,KOSDAQ,티씨케이,KRLEVEL_RR|064760|4T|3672|3677|3678,3672,3677,3678,219000.0,4,203000.0,215000.0,201610.9452730924,5556.218907630462
064760.KQ,064760,KOSDAQ,티씨케이,KRLEVEL_RR|064760|4T|3689|3691|3693,3689,3691,3693,219000.0,4,215000.0,217000.0,213618.69608418708,5525.215663251676
064760.KQ,064760,KOSDAQ,티씨케이,KRLEVEL_RR|064760|3T|3709|3712|3714,3709,3712,3714,225000.0,3,210500.0,221500.0,208688.59499427807,7245.620022887675
064760.KQ,064760,KOSDAQ,티씨케이,KRLEVEL_RR|064760|2T|3725|3726|3727,3725,3726,3727,212500.0,2,202000.0,211500.0,199409.25262096425,10362.989516143021
064760.KQ,064760,KOSDAQ,티씨케이,KRLEVEL_RR|064760|6T|3755|3758|3760,3755,3758,3760,220000.0,6,210500.0,218000.0,208340.22896601204,8639.084135951804
064760.KQ,064760,KOSDAQ,티씨케이,KRLEVEL_RR|064760|5T|3790|3792|3793,3790,3792,3793,240500.0,5,223500.0,236500.0,221787.6275129055,6849.489948377994
064760.KQ,064760,KOSDAQ,티씨케이,KRLEVEL_RR|064760|4T|3805|3807|3809,3805,3807,3809,224750.0,4,223500.0,225500.0,221555.593049889,7777.627800444013
064760.KQ,064760,KOSDAQ,티씨케이,KRLEVEL_RR|064760|4T|3831|3833|3834,3831,3833,3834,224750.0,4,216500.0,219500.0,214491.4169322242,8034.332271103221
064760.KQ,064760,KOSDAQ,티씨케이,KRLEVEL_RR|064760|3T|3864|3867|3869,3864,3867,3869,220500.0,3,206000.0,218000.0,204024.66790626693,7901.328374932337
064760.KQ,064760,KOSDAQ,티씨케이,KRLEVEL_RR|064760|4T|3880|3885|3887,3880,3885,3887,241500.0,4,232500.0,240500.0,230793.2748138369,6826.900744652327
064760.KQ,064760,KOSDAQ,티씨케이,KRLEVEL_RR|064760|2T|3989|3990|3992,3989,3990,3992,298750.0,2,288500.0,300500.0,286823.71684726735,6705.132610930537
064760.KQ,064760,KOSDAQ,티씨케이,KRLEVEL_RR|064760|2T|4005|4006|4007,4005,4006,4007,326750.0,2,300000.0,325500.0,297541.5311854214,9833.875258314347
064760.KQ,064760,KOSDAQ,티씨케이,KRLEVEL_RR|064760|3T|4037|4042|4043,4037,4042,4043,302500.0,3,265000.0,296000.0,262517.8185455567,9928.72581777324
064760.KQ,064760,KOSDAQ,티씨케이,KRLEVEL_RR|064760|2T|4103|4104|4106,4103,4104,4106,246750.0,2,235000.0,245000.0,232414.77141697466,10340.914332101409
064760.KQ,064760,KOSDAQ,티씨케이,KRLEVEL_RR|064760|6T|4121|4122|4124,4121,4122,4124,278500.0,6,245500.0,279500.0,242831.81646536797,10672.734138528142
064760.KQ,064760,KOSDAQ,티씨케이,KRLEVEL_RR|064760|5T|4187|4192|4193,4187,4192,4193,269000.0,5,247000.0,260000.0,244508.3358921255,9966.656431497951
064760.KQ,064760,KOSDAQ,티씨케이,KRLEVEL_RR|064760|2T|4245|4246|4247,4245,4246,4247,230750.0,2,215000.0,230500.0,212450.48913897914,10198.043444083458
237690.KQ,237690,KOSDAQ,에스티팜,KRLEVEL_RR|237690|2T|339|340|341,339,340,341,69250.0,2,67200.0,69300.0,66986.41490039614,854.3403984154859
237690.KQ,237690,KOSDAQ,에스티팜,KRLEVEL_RR|237690|2T|394|396|398,394,396,398,71000.0,2,69900.0,70800.0,69723.9440393161,704.2238427355545
237690.KQ,237690,KOSDAQ,에스티팜,KRLEVEL_RR|237690|3T|531|536|538,531,536,538,62700.0,3,61800.0,62300.0,61649.057099814716,603.7716007411472
237690.KQ,237690,KOSDAQ,에스티팜,KRLEVEL_RR|237690|3T|564|566|568,564,566,568,62700.0,3,60400.0,62800.0,60218.77991110986,724.8803555605815
237690.KQ,237690,KOSDAQ,에스티팜,KRLEVEL_RR|237690|2T|726|731|732,726,731,732,61550.0,2,60500.0,60700.0,60230.49578389123,1078.0168644350892
237690.KQ,237690,KOSDAQ,에스티팜,KRLEVEL_RR|237690|2T|744|746|747,744,746,747,61550.0,2,60700.0,61700.0,60478.443674351984,886.2253025920618
237690.KQ,237690,KOSDAQ,에스티팜,KRLEVEL_RR|237690|3T|766|771|772,766,771,772,62800.0,3,61800.0,62500.0,61620.21363818676,719.1454472529542
237690.KQ,237690,KOSDAQ,에스티팜,KRLEVEL_RR|237690|2T|792|798|799,792,798,799,65700.0,2,61700.0,65500.0,61465.18049596973,939.2780161210687
237690.KQ,237690,KOSDAQ,에스티팜,KRLEVEL_RR|237690|3T|820|824|826,820,824,826,63600.0,3,63500.0,63700.0,63279.70808200268,881.1676719892594
237690.KQ,237690,KOSDAQ,에스티팜,KRLEVEL_RR|237690|2T|959|961|962,959,961,962,78850.0,2,76400.0,78800.0,75993.84850195379,1624.6059921848207
237690.KQ,237690,KOSDAQ,에스티팜,KRLEVEL_RR|237690|4T|988|991|992,988,991,992,82050.0,4,76900.0,81900.0,76522.48257904671,1510.069683813153
237690.KQ,237690,KOSDAQ,에스티팜,KRLEVEL_RR|237690|3T|1009|1010|1012,1009,1010,1012,80500.0,3,80100.0,80800.0,79754.89923516342,1380.403059346286
237690.KQ,237690,KOSDAQ,에스티팜,KRLEVEL_RR|237690|3T|1024|1029|1030,1024,1029,1030,84100.0,3,80600.0,84100.0,80147.97940126428,1808.0823949428784
237690.KQ,237690,KOSDAQ,에스티팜,KRLEVEL_RR|237690|2T|1055|1056|1057,1055,1056,1057,87800.0,2,86700.0,88000.0,86404.04707198954,1183.8117120418729
237690.KQ,237690,KOSDAQ,에스티팜,KRLEVEL_RR|237690|3T|1072|1073|1074,1072,1073,1074,92300.0,3,91700.0,92600.0,90989.23512583628,2843.0594966548956
237690.KQ,237690,KOSDAQ,에스티팜,KRLEVEL_RR|237690|3T|1099|1100|1102,1099,1100,1102,92300.0,3,91200.0,92100.0,90733.00673306899,1867.9730677240082
237690.KQ,237690,KOSDAQ,에스티팜,KRLEVEL_RR|237690|3T|1124|1128|1129,1124,1128,1129,99200.0,3,93900.0,98600.0,93351.88853792293,2192.4458483082603
237690.KQ,237690,KOSDAQ,에스티팜,KRLEVEL_RR|237690|2T|1162|1163|1165,1162,1163,1165,92400.0,2,87200.0,92200.0,86740.87128379951,1836.5148648019526
237690.KQ,237690,KOSDAQ,에스티팜,KRLEVEL_RR|237690|3T|1199|1204|1206,1199,1204,1206,94800.0,3,89800.0,94200.0,89138.08444009953,2647.662239601872
237690.KQ,237690,KOSDAQ,에스티팜,KRLEVEL_RR|237690|2T|1303|1304|1305,1303,1304,1305,88450.0,2,84400.0,88300.0,84070.19368781918,1319.2252487232981
237690.KQ,237690,KOSDAQ,에스티팜,KRLEVEL_RR|237690|3T|1350|1352|1354,1350,1352,1354,93800.0,3,92300.0,94000.0,91855.49187879324,1778.032484827045
237690.KQ,237690,KOSDAQ,에스티팜,KRLEVEL_RR|237690|3T|1372|1376|1378,1372,1376,1378,93800.0,3,89800.0,93600.0,89331.56658474615,1873.7336610154111
237690.KQ,237690,KOSDAQ,에스티팜,KRLEVEL_RR|237690|2T|1397|1402|1403,1397,1402,1403,90000.0,2,87400.0,88700.0,86903.8788500338,1984.4845998647802
237690.KQ,237690,KOSDAQ,에스티팜,KRLEVEL_RR|237690|3T|1414|1418|1419,1414,1418,1419,93400.0,3,89500.0,92300.0,89018.2097373058,1927.1610507767705
237690.KQ,237690,KOSDAQ,에스티팜,KRLEVEL_RR|237690|5T|1462|1466|1467,1462,1466,1467,88000.0,5,72000.0,88400.0,71505.37863170715,1978.4854731713879
237690.KQ,237690,KOSDAQ,에스티팜,KRLEVEL_RR|237690|3T|1479|1481|1483,1479,1481,1483,89900.0,3,88400.0,89000.0,88040.17679047464,1439.2928381014692
237690.KQ,237690,KOSDAQ,에스티팜,KRLEVEL_RR|237690|2T|1495|1496|1498,1495,1496,1498,88450.0,2,87800.0,88700.0,87416.98812430522,1532.0475027791176
237690.KQ,237690,KOSDAQ,에스티팜,KRLEVEL_RR|237690|3T|1602|1603|1604,1602,1603,1604,98900.0,3,97500.0,99000.0,96752.44840317813,2990.2063872874933
237690.KQ,237690,KOSDAQ,에스티팜,KRLEVEL_RR|237690|2T|1617|1619|1621,1617,1619,1621,99000.0,2,96800.0,99200.0,96305.19776787367,1979.2089285052984
237690.KQ,237690,KOSDAQ,에스티팜,KRLEVEL_RR|237690|2T|1678|1679|1680,1678,1679,1680,103850.0,2,97600.0,103900.0,97154.76213444983,1780.951462200693
237690.KQ,237690,KOSDAQ,에스티팜,KRLEVEL_RR|237690|3T|1702|1705|1706,1702,1705,1706,107700.0,3,105600.0,106400.0,105152.8230172064,1788.7079311743737
237690.KQ,237690,KOSDAQ,에스티팜,KRLEVEL_RR|237690|3T|1737|1741|1743,1737,1741,1743,109100.0,3,103400.0,108800.0,102899.79815782823,2000.8073686870762
237690.KQ,237690,KOSDAQ,에스티팜,KRLEVEL_RR|237690|2T|1966|1971|1973,1966,1971,1973,84200.0,2,75100.0,83300.0,74708.37270487829,1566.509180486839
237690.KQ,237690,KOSDAQ,에스티팜,KRLEVEL_RR|237690|2T|2015|2016|2017,2015,2016,2017,85700.0,2,82800.0,85400.0,82462.05588574092,1351.7764570363438
237690.KQ,237690,KOSDAQ,에스티팜,KRLEVEL_RR|237690|2T|2067|2068|2069,2067,2068,2069,90700.0,2,88700.0,90800.0,88297.04661528581,1611.8135388567716
237690.KQ,237690,KOSDAQ,에스티팜,KRLEVEL_RR|237690|3T|2120|2122|2123,2120,2122,2123,88400.0,3,84800.0,87800.0,84524.35646074994,1102.5741570002265
237690.KQ,237690,KOSDAQ,에스티팜,KRLEVEL_RR|237690|2T|2333|2336|2337,2333,2336,2337,76450.0,2,74600.0,75600.0,74372.06302014567,911.7479194173254
237690.KQ,237690,KOSDAQ,에스티팜,KRLEVEL_RR|237690|2T|2348|2353|2355,2348,2353,2355,76450.0,2,75300.0,76500.0,75056.05244167917,975.7902332833273
237690.KQ,237690,KOSDAQ,에스티팜,KRLEVEL_RR|237690|3T|2439|2445|2447,2439,2445,2447,76500.0,3,71200.0,76800.0,70888.08249352618,1247.6700258952706
237690.KQ,237690,KOSDAQ,에스티팜,KRLEVEL_RR|237690|2T|2474|2476|2478,2474,2476,2478,75750.0,2,75100.0,75700.0,74891.83515496865,832.6593801254064
237690.KQ,237690,KOSDAQ,에스티팜,KRLEVEL_RR|237690|2T|2496|2497|2498,2496,2497,2498,77350.0,2,76100.0,77400.0,75906.77284910723,772.9086035710893
237690.KQ,237690,KOSDAQ,에스티팜,KRLEVEL_RR|237690|3T|2514|2515|2516,2514,2515,2516,78700.0,3,76200.0,78800.0,75903.2221715669,1187.111313732374
237690.KQ,237690,KOSDAQ,에스티팜,KRLEVEL_RR|237690|2T|2583|2584|2586,2583,2584,2586,75100.0,2,73400.0,75100.0,73158.21935833435,967.1225666626278
237690.KQ,237690,KOSDAQ,에스티팜,KRLEVEL_RR|237690|3T|2600|2602|2604,2600,2602,2604,76400.0,3,74600.0,76000.0,74366.07604542885,935.6958182846048
237690.KQ,237690,KOSDAQ,에스티팜,KRLEVEL_RR|237690|4T|2618|2624|2625,2618,2624,2625,78200.0,4,76300.0,77300.0,76050.45077746961,998.1968901215556
237690.KQ,237690,KOSDAQ,에스티팜,KRLEVEL_RR|237690|2T|2648|2649|2650,2648,2649,2650,79500.0,2,77300.0,78800.0,77032.32852060298,1070.685917588058
237690.KQ,237690,KOSDAQ,에스티팜,KRLEVEL_RR|237690|2T|2714|2717|2719,2714,2717,2719,78300.0,2,77700.0,78400.0,77473.23866525898,907.0453389640705
237690.KQ,237690,KOSDAQ,에스티팜,KRLEVEL_RR|237690|6T|2744|2745|2746,2744,2745,2746,80250.0,6,78200.0,80200.0,77919.28995608924,1122.8401756430173
237690.KQ,237690,KOSDAQ,에스티팜,KRLEVEL_RR|237690|2T|2802|2807|2809,2802,2807,2809,84850.0,2,81900.0,84600.0,81610.58373091891,1157.6650763243458
237690.KQ,237690,KOSDAQ,에스티팜,KRLEVEL_RR|237690|2T|2923|2928|2930,2923,2928,2930,91500.0,2,88800.0,91000.0,88496.76591648726,1212.9363340509665
237690.KQ,237690,KOSDAQ,에스티팜,KRLEVEL_RR|237690|2T|2966|2970|2971,2966,2970,2971,92000.0,2,86700.0,91400.0,86377.93191423957,1288.2723430417416
237690.KQ,237690,KOSDAQ,에스티팜,KRLEVEL_RR|237690|3T|3008|3010|3011,3008,3010,3011,94600.0,3,91100.0,94100.0,90825.51496327139,1097.9401469144723
237690.KQ,237690,KOSDAQ,에스티팜,KRLEVEL_RR|237690|8T|3056|3057|3058,3056,3057,3058,94300.0,8,92600.0,93700.0,92256.58468474029,1373.6612610388268
237690.KQ,237690,KOSDAQ,에스티팜,KRLEVEL_RR|237690|2T|3086|3088|3090,3086,3088,3090,93250.0,2,90400.0,92900.0,90151.39424049723,994.423038011093
237690.KQ,237690,KOSDAQ,에스티팜,KRLEVEL_RR|237690|3T|3148|3150|3151,3148,3150,3151,89600.0,3,88500.0,89100.0,88230.65270492792,1077.3891802883209
237690.KQ,237690,KOSDAQ,에스티팜,KRLEVEL_RR|237690|8T|3170|3174|3176,3170,3174,3176,95000.0,8,92300.0,95000.0,91954.40946932706,1382.3621226917578
237690.KQ,237690,KOSDAQ,에스티팜,KRLEVEL_RR|237690|2T|3212|3214|3216,3212,3214,3216,91550.0,2,89700.0,91900.0,89360.55228643354,1357.7908542658408
237690.KQ,237690,KOSDAQ,에스티팜,KRLEVEL_RR|237690|3T|3236|3237|3238,3236,3237,3238,100300.0,3,96000.0,98900.0,95463.45023300464,2146.199067981439
237690.KQ,237690,KOSDAQ,에스티팜,KRLEVEL_RR|237690|3T|3249|3251|3252,3249,3251,3252,100300.0,3,99500.0,100400.0,99088.43857051445,1646.2457179422197
237690.KQ,237690,KOSDAQ,에스티팜,KRLEVEL_RR|237690|3T|3284|3285|3286,3284,3285,3286,97800.0,3,97000.0,97800.0,96690.05721793226,1239.771128270974
237690.KQ,237690,KOSDAQ,에스티팜,KRLEVEL_RR|237690|7T|3343|3348|3350,3343,3348,3350,102500.0,7,97400.0,102600.0,96974.12259350995,1703.5096259601805
237690.KQ,237690,KOSDAQ,에스티팜,KRLEVEL_RR|237690|2T|3422|3423|3425,3422,3423,3425,131050.0,2,122400.0,130600.0,121900.93673464286,1996.2530614285336
237690.KQ,237690,KOSDAQ,에스티팜,KRLEVEL_RR|237690|3T|3493|3496|3497,3493,3496,3497,121500.0,3,112200.0,121300.0,111639.43907722323,2242.2436911070563
237690.KQ,237690,KOSDAQ,에스티팜,KRLEVEL_RR|237690|4T|3569|3570|3571,3569,3570,3571,118550.0,4,114400.0,117300.0,113714.90175124047,2740.392995038132
237690.KQ,237690,KOSDAQ,에스티팜,KRLEVEL_RR|237690|2T|3600|3603|3605,3600,3603,3605,154000.0,2,144100.0,153000.0,143115.5046004265,3937.981598293989
237690.KQ,237690,KOSDAQ,에스티팜,KRLEVEL_RR|237690|2T|3708|3713|3714,3708,3713,3714,151950.0,2,141100.0,148200.0,140110.17673100188,3959.293075992496
237690.KQ,237690,KOSDAQ,에스티팜,KRLEVEL_RR|237690|2T|3727|3728|3729,3727,3728,3729,148750.0,2,130000.0,147500.0,128650.69926994118,5397.202920235311
237690.KQ,237690,KOSDAQ,에스티팜,KRLEVEL_RR|237690|4T|3742|3748|3750,3742,3748,3750,161200.0,4,152600.0,159700.0,151451.76629503147,4592.934819874079
237690.KQ,237690,KOSDAQ,에스티팜,KRLEVEL_RR|237690|3T|3807|3808|3809,3807,3808,3809,151800.0,3,142400.0,151800.0,141536.66060141398,3453.357594344055
237690.KQ,237690,KOSDAQ,에스티팜,KRLEVEL_RR|237690|5T|3822|3823|3825,3822,3823,3825,154900.0,5,153600.0,154700.0,152805.7270486285,3177.0918054860426
237690.KQ,237690,KOSDAQ,에스티팜,KRLEVEL_RR|237690|4T|3893|3899|3900,3893,3899,3900,144700.0,4,138100.0,143200.0,137518.27818392357,2326.887264305706
237690.KQ,237690,KOSDAQ,에스티팜,KRLEVEL_RR|237690|4T|3929|3935|3936,3929,3935,3936,144700.0,4,135100.0,144800.0,134431.72746697723,2673.090132091135
237690.KQ,237690,KOSDAQ,에스티팜,KRLEVEL_RR|237690|3T|3977|3983|3985,3977,3983,3985,155000.0,3,148700.0,154100.0,147963.46601574874,2946.1359370050513
237690.KQ,237690,KOSDAQ,에스티팜,KRLEVEL_RR|237690|2T|4169|4173|4175,4169,4173,4175,120100.0,2,116400.0,119100.0,115569.7187029404,3321.1251882384145
237690.KQ,237690,KOSDAQ,에스티팜,KRLEVEL_RR|237690|3T|4187|4188|4189,4187,4188,4189,130600.0,3,119100.0,129500.0,118094.071625497,4023.713498011989
237690.KQ,237690,KOSDAQ,에스티팜,KRLEVEL_RR|237690|4T|4241|4245|4247,4241,4245,4247,124900.0,4,118500.0,124200.0,117541.1056108334,3835.577556666371
031980.KQ,031980,KOSDAQ,피에스케이홀딩스,KRLEVEL_RR|031980|2T|241|243|245,241,243,245,22050.0,2,21550.0,22150.0,21401.138439881754,595.4462404729826
031980.KQ,031980,KOSDAQ,피에스케이홀딩스,KRLEVEL_RR|031980|2T|265|266|268,265,266,268,26325.0,2,23850.0,26450.0,23664.049136501522,743.8034539939147
031980.KQ,031980,KOSDAQ,피에스케이홀딩스,KRLEVEL_RR|031980|4T|300|303|305,300,303,305,28800.0,4,25800.0,28650.0,25597.74432912306,809.0226835077558
031980.KQ,031980,KOSDAQ,피에스케이홀딩스,KRLEVEL_RR|031980|5T|334|335|336,334,335,336,29350.0,5,26500.0,29350.0,26272.80973651224,908.7610539510376
031980.KQ,031980,KOSDAQ,피에스케이홀딩스,KRLEVEL_RR|031980|2T|352|353|354,352,353,354,32075.0,2,30050.0,32050.0,29799.554071945633,1001.7837122174634
031980.KQ,031980,KOSDAQ,피에스케이홀딩스,KRLEVEL_RR|031980|2T|373|375|377,373,375,377,32075.0,2,29250.0,31850.0,28999.686236321282,1001.2550547148755
031980.KQ,031980,KOSDAQ,피에스케이홀딩스,KRLEVEL_RR|031980|2T|393|399|400,393,399,400,32075.0,2,28450.0,31500.0,28199.19135884461,1003.2345646215546
031980.KQ,031980,KOSDAQ,피에스케이홀딩스,KRLEVEL_RR|031980|2T|512|513|514,512,513,514,24925.0,2,24150.0,24750.0,24044.355181522773,422.5792739089142
031980.KQ,031980,KOSDAQ,피에스케이홀딩스,KRLEVEL_RR|031980|2T|658|660|662,658,660,662,28100.0,2,24450.0,27850.0,24300.852888835372,596.588444658518
031980.KQ,031980,KOSDAQ,피에스케이홀딩스,KRLEVEL_RR|031980|2T|718|722|723,718,722,723,28800.0,2,25700.0,28500.0,25505.430316961916,778.2787321523335
031980.KQ,031980,KOSDAQ,피에스케이홀딩스,KRLEVEL_RR|031980|2T|772|778|779,772,778,779,33300.0,2,32250.0,33100.0,32029.815679027648,880.7372838894145
031980.KQ,031980,KOSDAQ,피에스케이홀딩스,KRLEVEL_RR|031980|2T|893|894|895,893,894,895,42050.0,2,40500.0,42150.0,40220.21761877907,1119.1295248837334
031980.KQ,031980,KOSDAQ,피에스케이홀딩스,KRLEVEL_RR|031980|2T|958|959|960,958,959,960,44000.0,2,39150.0,44100.0,38824.19502148638,1303.2199140544585
031980.KQ,031980,KOSDAQ,피에스케이홀딩스,KRLEVEL_RR|031980|2T|989|991|993,989,991,993,43650.0,2,39900.0,43550.0,39630.49573907759,1078.0170436896392
031980.KQ,031980,KOSDAQ,피에스케이홀딩스,KRLEVEL_RR|031980|2T|1005|1007|1009,1005,1007,1009,45325.0,2,42350.0,45600.0,42020.07599451778,1319.6960219288837
031980.KQ,031980,KOSDAQ,피에스케이홀딩스,KRLEVEL_RR|031980|3T|1080|1081|1082,1080,1081,1082,49400.0,3,46450.0,49600.0,46205.45665497432,978.1733801027433
031980.KQ,031980,KOSDAQ,피에스케이홀딩스,KRLEVEL_RR|031980|3T|1104|1107|1109,1104,1107,1109,47600.0,3,44850.0,47550.0,44562.06241063732,1151.7503574507236
031980.KQ,031980,KOSDAQ,피에스케이홀딩스,KRLEVEL_RR|031980|2T|1123|1124|1126,1123,1124,1126,51300.0,2,50000.0,51100.0,49612.308095642,1550.7676174319938
031980.KQ,031980,KOSDAQ,피에스케이홀딩스,KRLEVEL_RR|031980|2T|1167|1172|1174,1167,1172,1174,51300.0,2,50100.0,51300.0,49768.93078491081,1324.276860356759
031980.KQ,031980,KOSDAQ,피에스케이홀딩스,KRLEVEL_RR|031980|4T|1187|1188|1190,1187,1188,1190,53500.0,4,51300.0,53700.0,50992.1771045991,1231.2915816036168
031980.KQ,031980,KOSDAQ,피에스케이홀딩스,KRLEVEL_RR|031980|4T|1239|1244|1246,1239,1244,1246,77750.0,4,71400.0,77800.0,70718.6663159218,2725.3347363128164
031980.KQ,031980,KOSDAQ,피에스케이홀딩스,KRLEVEL_RR|031980|2T|1492|1496|1498,1492,1496,1498,51900.0,2,44850.0,51300.0,44410.871157241214,1756.5153710351494
031980.KQ,031980,KOSDAQ,피에스케이홀딩스,KRLEVEL_RR|031980|2T|1639|1643|1645,1639,1643,1645,40575.0,2,38650.0,40200.0,38462.347313390135,750.6107464394487
031980.KQ,031980,KOSDAQ,피에스케이홀딩스,KRLEVEL_RR|031980|2T|1685|1686|1687,1685,1686,1687,46550.0,2,44300.0,46700.0,44091.327314130576,834.6907434776882
031980.KQ,031980,KOSDAQ,피에스케이홀딩스,KRLEVEL_RR|031980|2T|1708|1709|1710,1708,1709,1710,50550.0,2,47500.0,50200.0,47228.341707821666,1086.6331687133363
031980.KQ,031980,KOSDAQ,피에스케이홀딩스,KRLEVEL_RR|031980|2T|1752|1753|1754,1752,1753,1754,49375.0,2,48650.0,49500.0,48367.67546715236,1129.2981313905657
031980.KQ,031980,KOSDAQ,피에스케이홀딩스,KRLEVEL_RR|031980|3T|1779|1785|1786,1779,1785,1786,51000.0,3,47600.0,50200.0,47283.43116498654,1266.2753400538436
031980.KQ,031980,KOSDAQ,피에스케이홀딩스,KRLEVEL_RR|031980|2T|1810|1813|1814,1810,1813,1814,42300.0,2,41600.0,42650.0,41226.742923696205,1493.0283052151683
031980.KQ,031980,KOSDAQ,피에스케이홀딩스,KRLEVEL_RR|031980|2T|1935|1936|1937,1935,1936,1937,31000.0,2,28600.0,30900.0,28422.23423187818,711.0630724872735
031980.KQ,031980,KOSDAQ,피에스케이홀딩스,KRLEVEL_RR|031980|2T|1965|1967|1969,1965,1967,1969,29850.0,2,27700.0,30000.0,27528.44743721103,686.210251155882
031980.KQ,031980,KOSDAQ,피에스케이홀딩스,KRLEVEL_RR|031980|2T|1983|1985|1987,1983,1985,1987,32450.0,2,30450.0,32300.0,30270.746365429477,717.0145382820879
031980.KQ,031980,KOSDAQ,피에스케이홀딩스,KRLEVEL_RR|031980|2T|2009|2010|2012,2009,2010,2012,32450.0,2,29950.0,32500.0,29799.19894111635,603.2042355346069
031980.KQ,031980,KOSDAQ,피에스케이홀딩스,KRLEVEL_RR|031980|2T|2061|2064|2066,2061,2064,2066,49150.0,2,45500.0,49100.0,45115.92648502821,1536.2940598871476
031980.KQ,031980,KOSDAQ,피에스케이홀딩스,KRLEVEL_RR|031980|4T|2096|2098|2100,2096,2098,2100,49050.0,4,47750.0,48600.0,47504.25834797963,982.9666080814674
031980.KQ,031980,KOSDAQ,피에스케이홀딩스,KRLEVEL_RR|031980|3T|2426|2432|2434,2426,2432,2434,34500.0,3,32300.0,34550.0,32078.57305526311,885.7077789475618
031980.KQ,031980,KOSDAQ,피에스케이홀딩스,KRLEVEL_RR|031980|2T|2482|2483|2484,2482,2483,2484,36000.0,2,34000.0,35800.0,33853.22227068345,587.1109172661937
031980.KQ,031980,KOSDAQ,피에스케이홀딩스,KRLEVEL_RR|031980|2T|2522|2524|2526,2522,2524,2526,36000.0,2,34800.0,36100.0,34670.854038132726,516.5838474691107
031980.KQ,031980,KOSDAQ,피에스케이홀딩스,KRLEVEL_RR|031980|4T|2546|2551|2552,2546,2551,2552,38225.0,4,35700.0,38200.0,35544.391487951354,622.4340481945778
031980.KQ,031980,KOSDAQ,피에스케이홀딩스,KRLEVEL_RR|031980|2T|2642|2647|2648,2642,2647,2648,32650.0,2,31100.0,32700.0,30966.06051168598,535.7579532560727
031980.KQ,031980,KOSDAQ,피에스케이홀딩스,KRLEVEL_RR|031980|3T|2661|2662|2664,2661,2662,2664,34450.0,3,32800.0,34400.0,32647.37343931575,610.506242736993
031980.KQ,031980,KOSDAQ,피에스케이홀딩스,KRLEVEL_RR|031980|2T|2677|2678|2680,2677,2678,2680,34700.0,2,32950.0,34200.0,32781.57581214447,673.6967514221193
031980.KQ,031980,KOSDAQ,피에스케이홀딩스,KRLEVEL_RR|031980|3T|2757|2758|2759,2757,2758,2759,36100.0,3,33700.0,35850.0,33557.46670864922,570.1331654031279
031980.KQ,031980,KOSDAQ,피에스케이홀딩스,KRLEVEL_RR|031980|3T|2772|2773|2774,2772,2773,2774,36100.0,3,35550.0,36050.0,35398.96765661533,604.1293735386993
031980.KQ,031980,KOSDAQ,피에스케이홀딩스,KRLEVEL_RR|031980|3T|2806|2807|2808,2806,2807,2808,35400.0,3,34300.0,35300.0,34174.11687970646,503.53248117415933
031980.KQ,031980,KOSDAQ,피에스케이홀딩스,KRLEVEL_RR|031980|2T|2870|2873|2874,2870,2873,2874,33812.5,2,33150.0,33750.0,33039.85300900492,440.5879639803383
031980.KQ,031980,KOSDAQ,피에스케이홀딩스,KRLEVEL_RR|031980|2T|2912|2918|2920,2912,2918,2920,33775.0,2,32050.0,33200.0,31948.080281840317,407.6788726387361
031980.KQ,031980,KOSDAQ,피에스케이홀딩스,KRLEVEL_RR|031980|3T|2996|2999|3000,2996,2999,3000,34150.0,3,32800.0,33900.0,32675.73677678074,497.0528928770387
031980.KQ,031980,KOSDAQ,피에스케이홀딩스,KRLEVEL_RR|031980|3T|3020|3023|3024,3020,3023,3024,34800.0,3,33450.0,34500.0,33292.329377896436,630.682488414252
031980.KQ,031980,KOSDAQ,피에스케이홀딩스,KRLEVEL_RR|031980|2T|3067|3073|3074,3067,3073,3074,40000.0,2,38050.0,39550.0,37892.882582859274,628.4696685629057
031980.KQ,031980,KOSDAQ,피에스케이홀딩스,KRLEVEL_RR|031980|2T|3102|3107|3108,3102,3107,3108,47600.0,2,46000.0,47000.0,45747.55935035738,1009.7625985705071
031980.KQ,031980,KOSDAQ,피에스케이홀딩스,KRLEVEL_RR|031980|2T|3140|3145|3146,3140,3145,3146,47600.0,2,45100.0,46850.0,44809.32477110861,1162.7009155655642
031980.KQ,031980,KOSDAQ,피에스케이홀딩스,KRLEVEL_RR|031980|2T|3243|3246|3248,3243,3246,3248,48950.0,2,48450.0,48600.0,48208.85471101912,964.5811559235195
031980.KQ,031980,KOSDAQ,피에스케이홀딩스,KRLEVEL_RR|031980|4T|3259|3261|3262,3259,3261,3262,46275.0,4,44200.0,46100.0,43909.47580704636,1162.0967718145741
031980.KQ,031980,KOSDAQ,피에스케이홀딩스,KRLEVEL_RR|031980|2T|3290|3291|3293,3290,3291,3293,46075.0,2,44700.0,45900.0,44496.676929001784,813.2922839928735
031980.KQ,031980,KOSDAQ,피에스케이홀딩스,KRLEVEL_RR|031980|3T|3362|3363|3364,3362,3363,3364,46500.0,3,43200.0,46250.0,42981.7747068119,872.9011727524002
031980.KQ,031980,KOSDAQ,피에스케이홀딩스,KRLEVEL_RR|031980|3T|3454|3455|3456,3454,3455,3456,45400.0,3,41200.0,45250.0,41016.47416825529,734.1033269788456
031980.KQ,031980,KOSDAQ,피에스케이홀딩스,KRLEVEL_RR|031980|2T|3469|3474|3475,3469,3474,3475,45625.0,2,41200.0,45700.0,41014.07447236231,743.7021105507636
031980.KQ,031980,KOSDAQ,피에스케이홀딩스,KRLEVEL_RR|031980|3T|3501|3502|3503,3501,3502,3503,51600.0,3,49400.0,51300.0,49135.613577413504,1057.54569034599
031980.KQ,031980,KOSDAQ,피에스케이홀딩스,KRLEVEL_RR|031980|6T|3533|3535|3536,3533,3535,3536,51800.0,6,49100.0,51400.0,48825.9298101896,1096.2807592415936
031980.KQ,031980,KOSDAQ,피에스케이홀딩스,KRLEVEL_RR|031980|2T|3561|3565|3567,3561,3565,3567,60400.0,2,55300.0,59600.0,54697.67023168489,2409.3190732604394
031980.KQ,031980,KOSDAQ,피에스케이홀딩스,KRLEVEL_RR|031980|3T|3793|3794|3795,3793,3794,3795,110900.0,3,103800.0,110200.0,103118.77511093218,2724.8995562712607
031980.KQ,031980,KOSDAQ,피에스케이홀딩스,KRLEVEL_RR|031980|2T|3865|3867|3869,3865,3867,3869,95200.0,2,89600.0,94100.0,88835.01140805896,3059.9543677641536
031980.KQ,031980,KOSDAQ,피에스케이홀딩스,KRLEVEL_RR|031980|3T|3899|3903|3905,3899,3903,3905,113400.0,3,106800.0,112700.0,105951.11508532656,3395.5396586937895
031980.KQ,031980,KOSDAQ,피에스케이홀딩스,KRLEVEL_RR|031980|4T|3921|3926|3927,3921,3926,3927,109400.0,4,108700.0,108900.0,108013.1850127376,2747.259949049644
031980.KQ,031980,KOSDAQ,피에스케이홀딩스,KRLEVEL_RR|031980|2T|3939|3942|3944,3939,3942,3944,113450.0,2,108900.0,113500.0,108235.59270195274,2657.629192189038
031980.KQ,031980,KOSDAQ,피에스케이홀딩스,KRLEVEL_RR|031980|4T|3990|3991|3992,3990,3991,3992,128450.0,4,119900.0,128100.0,119054.68718536047,3381.2512585581085
031980.KQ,031980,KOSDAQ,피에스케이홀딩스,KRLEVEL_RR|031980|4T|4011|4012|4013,4011,4012,4013,128450.0,4,116100.0,127700.0,115122.06223663435,3911.7510534626003
031980.KQ,031980,KOSDAQ,피에스케이홀딩스,KRLEVEL_RR|031980|3T|4025|4030|4032,4025,4030,4032,116300.0,3,107400.0,116700.0,106068.6629868532,5325.34805258719
031980.KQ,031980,KOSDAQ,피에스케이홀딩스,KRLEVEL_RR|031980|3T|4085|4091|4092,4085,4091,4092,116300.0,3,96600.0,115200.0,95202.33366851184,5590.665325952623
031980.KQ,031980,KOSDAQ,피에스케이홀딩스,KRLEVEL_RR|031980|3T|4103|4104|4105,4103,4104,4105,116300.0,3,115200.0,117000.0,113606.95513826465,6372.179446941415
031980.KQ,031980,KOSDAQ,피에스케이홀딩스,KRLEVEL_RR|031980|7T|4123|4124|4125,4123,4124,4125,138500.0,7,127000.0,139000.0,125217.94571297846,7128.217148086173
031980.KQ,031980,KOSDAQ,피에스케이홀딩스,KRLEVEL_RR|031980|2T|4157|4159|4160,4157,4159,4160,124200.0,2,118500.0,123600.0,117411.1419001969,4355.432399212391
031980.KQ,031980,KOSDAQ,피에스케이홀딩스,KRLEVEL_RR|031980|4T|4175|4176|4177,4175,4176,4177,124200.0,4,114500.0,125000.0,113452.89092347707,4188.436306091751
031980.KQ,031980,KOSDAQ,피에스케이홀딩스,KRLEVEL_RR|031980|3T|4188|4191|4193,4188,4191,4193,133500.0,3,125300.0,133300.0,123588.59632065054,6845.614717397852
031980.KQ,031980,KOSDAQ,피에스케이홀딩스,KRLEVEL_RR|031980|7T|4241|4242|4243,4241,4242,4243,128200.0,7,115000.0,129100.0,113325.38698533925,6698.452058642975
031980.KQ,031980,KOSDAQ,피에스케이홀딩스,KRLEVEL_RR|031980|8T|4256|4257|4258,4256,4257,4258,128250.0,8,115000.0,126300.0,113056.83806463821,7772.647741447151
031980.KQ,031980,KOSDAQ,피에스케이홀딩스,KRLEVEL_RR|031980|2T|4330|4336|4338,4330,4336,4338,98050.0,2,75100.0,97100.0,73802.99961980517,5188.001520779335
