time,cash,market_value,equity_mtm,peak_mtm,drawdown_mtm,open_positions,planned_gross_reserved,risk_reserved
2023-09-12 13:30:00+00:00,5000.0,0.0,5000.0,5000.0,0.0,0,0.0,0.0
2023-09-12 14:30:00+00:00,5000.0,0.0,5000.0,5000.0,0.0,0,0.0,0.0
2023-09-12 15:30:00+00:00,5000.0,0.0,5000.0,5000.0,0.0,0,0.0,0.0
2023-09-12 16:30:00+00:00,5000.0,0.0,5000.0,5000.0,0.0,0,0.0,0.0
2023-09-12 17:30:00+00:00,5000.0,0.0,5000.0,5000.0,0.0,0,0.0,0.0
2023-09-12 18:30:00+00:00,5000.0,0.0,5000.0,5000.0,0.0,0,0.0,0.0
2023-09-12 19:30:00+00:00,5000.0,0.0,5000.0,5000.0,0.0,0,0.0,0.0
2023-09-13 13:30:00+00:00,5000.0,0.0,5000.0,5000.0,0.0,0,0.0,0.0
2023-09-13 14:30:00+00:00,5000.0,0.0,5000.0,5000.0,0.0,0,0.0,0.0
2023-09-13 15:30:00+00:00,5000.0,0.0,5000.0,5000.0,0.0,0,0.0,0.0
2023-09-13 16:30:00+00:00,5000.0,0.0,5000.0,5000.0,0.0,0,0.0,0.0
2023-09-13 17:30:00+00:00,5000.0,0.0,5000.0,5000.0,0.0,0,0.0,0.0
2023-09-13 18:30:00+00:00,5000.0,0.0,5000.0,5000.0,0.0,0,0.0,0.0
2023-09-13 19:30:00+00:00,5000.0,0.0,5000.0,5000.0,0.0,0,0.0,0.0
2023-09-14 13:30:00+00:00,5000.0,0.0,5000.0,5000.0,0.0,0,0.0,0.0
2023-09-14 14:30:00+00:00,5000.0,0.0,5000.0,5000.0,0.0,0,0.0,0.0
2023-09-14 15:30:00+00:00,5000.0,0.0,5000.0,5000.0,0.0,0,0.0,0.0
2023-09-14 16:30:00+00:00,5000.0,0.0,5000.0,5000.0,0.0,0,0.0,0.0
2023-09-14 17:30:00+00:00,5000.0,0.0,5000.0,5000.0,0.0,0,0.0,0.0
2023-09-14 18:30:00+00:00,5000.0,0.0,5000.0,5000.0,0.0,0,0.0,0.0
2023-09-14 19:30:00+00:00,5000.0,0.0,5000.0,5000.0,0.0,0,0.0,0.0
2023-09-15 13:30:00+00:00,5000.0,0.0,5000.0,5000.0,0.0,0,0.0,0.0
2023-09-15 14:30:00+00:00,5000.0,0.0,5000.0,5000.0,0.0,0,0.0,0.0
2023-09-15 15:30:00+00:00,5000.0,0.0,5000.0,5000.0,0.0,0,0.0,0.0
2023-09-15 16:30:00+00:00,5000.0,0.0,5000.0,5000.0,0.0,0,0.0,0.0
2023-09-15 17:30:00+00:00,5000.0,0.0,5000.0,5000.0,0.0,0,0.0,0.0
2023-09-15 18:30:00+00:00,5000.0,0.0,5000.0,5000.0,0.0,0,0.0,0.0
2023-09-15 19:30:00+00:00,5000.0,0.0,5000.0,5000.0,0.0,0,0.0,0.0
2023-09-18 13:30:00+00:00,5000.0,0.0,5000.0,5000.0,0.0,0,0.0,0.0
2023-09-18 14:30:00+00:00,5000.0,0.0,5000.0,5000.0,0.0,0,0.0,0.0
2023-09-18 15:30:00+00:00,5000.0,0.0,5000.0,5000.0,0.0,0,0.0,0.0
2023-09-18 16:30:00+00:00,5000.0,0.0,5000.0,5000.0,0.0,0,0.0,0.0
2023-09-18 17:30:00+00:00,5000.0,0.0,5000.0,5000.0,0.0,0,0.0,0.0
2023-09-18 18:30:00+00:00,5000.0,0.0,5000.0,5000.0,0.0,0,0.0,0.0
2023-09-18 19:30:00+00:00,5000.0,0.0,5000.0,5000.0,0.0,0,0.0,0.0
2023-09-19 13:30:00+00:00,5000.0,0.0,5000.0,5000.0,0.0,0,0.0,0.0
2023-09-19 14:30:00+00:00,5000.0,0.0,5000.0,5000.0,0.0,0,0.0,0.0
2023-09-19 15:30:00+00:00,5000.0,0.0,5000.0,5000.0,0.0,0,0.0,0.0
2023-09-19 16:30:00+00:00,5000.0,0.0,5000.0,5000.0,0.0,0,0.0,0.0
2023-09-19 17:30:00+00:00,5000.0,0.0,5000.0,5000.0,0.0,0,0.0,0.0
2023-09-19 18:30:00+00:00,5000.0,0.0,5000.0,5000.0,0.0,0,0.0,0.0
2023-09-19 19:30:00+00:00,5000.0,0.0,5000.0,5000.0,0.0,0,0.0,0.0
2023-09-20 13:30:00+00:00,5000.0,0.0,5000.0,5000.0,0.0,0,0.0,0.0
2023-09-20 14:30:00+00:00,5000.0,0.0,5000.0,5000.0,0.0,0,0.0,0.0
2023-09-20 15:30:00+00:00,5000.0,0.0,5000.0,5000.0,0.0,0,0.0,0.0
2023-09-20 16:30:00+00:00,5000.0,0.0,5000.0,5000.0,0.0,0,0.0,0.0
2023-09-20 17:30:00+00:00,5000.0,0.0,5000.0,5000.0,0.0,0,0.0,0.0
2023-09-20 18:30:00+00:00,5000.0,0.0,5000.0,5000.0,0.0,0,0.0,0.0
2023-09-20 19:30:00+00:00,5000.0,0.0,5000.0,5000.0,0.0,0,0.0,0.0
2023-09-21 13:30:00+00:00,5000.0,0.0,5000.0,5000.0,0.0,0,0.0,0.0
2023-09-21 14:30:00+00:00,5000.0,0.0,5000.0,5000.0,0.0,0,0.0,0.0
2023-09-21 15:30:00+00:00,5000.0,0.0,5000.0,5000.0,0.0,0,0.0,0.0
2023-09-21 16:30:00+00:00,5000.0,0.0,5000.0,5000.0,0.0,0,0.0,0.0
2023-09-21 17:30:00+00:00,5000.0,0.0,5000.0,5000.0,0.0,0,0.0,0.0
2023-09-21 18:30:00+00:00,5000.0,0.0,5000.0,5000.0,0.0,0,0.0,0.0
2023-09-21 19:30:00+00:00,5000.0,0.0,5000.0,5000.0,0.0,0,0.0,0.0
2023-09-22 13:30:00+00:00,5000.0,0.0,5000.0,5000.0,0.0,0,0.0,0.0
2023-09-22 14:30:00+00:00,5000.0,0.0,5000.0,5000.0,0.0,0,0.0,0.0
2023-09-22 15:30:00+00:00,5000.0,0.0,5000.0,5000.0,0.0,0,0.0,0.0
2023-09-22 16:30:00+00:00,5000.0,0.0,5000.0,5000.0,0.0,0,0.0,0.0
2023-09-22 17:30:00+00:00,5000.0,0.0,5000.0,5000.0,0.0,0,0.0,0.0
2023-09-22 18:30:00+00:00,5000.0,0.0,5000.0,5000.0,0.0,0,0.0,0.0
2023-09-22 19:30:00+00:00,5000.0,0.0,5000.0,5000.0,0.0,0,0.0,0.0
2023-09-25 13:30:00+00:00,5000.0,0.0,5000.0,5000.0,0.0,0,0.0,0.0
2023-09-25 14:30:00+00:00,5000.0,0.0,5000.0,5000.0,0.0,0,0.0,0.0
2023-09-25 15:30:00+00:00,5000.0,0.0,5000.0,5000.0,0.0,0,0.0,0.0
2023-09-25 16:30:00+00:00,5000.0,0.0,5000.0,5000.0,0.0,0,0.0,0.0
2023-09-25 17:30:00+00:00,5000.0,0.0,5000.0,5000.0,0.0,0,0.0,0.0
2023-09-25 18:30:00+00:00,5000.0,0.0,5000.0,5000.0,0.0,0,0.0,0.0
2023-09-25 19:30:00+00:00,5000.0,0.0,5000.0,5000.0,0.0,0,0.0,0.0
2023-09-26 13:30:00+00:00,5000.0,0.0,5000.0,5000.0,0.0,0,0.0,0.0
2023-09-26 14:30:00+00:00,5000.0,0.0,5000.0,5000.0,0.0,0,0.0,0.0
2023-09-26 15:30:00+00:00,5000.0,0.0,5000.0,5000.0,0.0,0,0.0,0.0
2023-09-26 16:30:00+00:00,5000.0,0.0,5000.0,5000.0,0.0,0,0.0,0.0
2023-09-26 17:30:00+00:00,5000.0,0.0,5000.0,5000.0,0.0,0,0.0,0.0
2023-09-26 18:30:00+00:00,5000.0,0.0,5000.0,5000.0,0.0,0,0.0,0.0
2023-09-26 19:30:00+00:00,5000.0,0.0,5000.0,5000.0,0.0,0,0.0,0.0
2023-09-27 13:30:00+00:00,5000.0,0.0,5000.0,5000.0,0.0,0,0.0,0.0
2023-09-27 14:30:00+00:00,5000.0,0.0,5000.0,5000.0,0.0,0,0.0,0.0
2023-09-27 15:30:00+00:00,5000.0,0.0,5000.0,5000.0,0.0,0,0.0,0.0
2023-09-27 16:30:00+00:00,5000.0,0.0,5000.0,5000.0,0.0,0,0.0,0.0
2023-09-27 17:30:00+00:00,5000.0,0.0,5000.0,5000.0,0.0,0,0.0,0.0
2023-09-27 18:30:00+00:00,5000.0,0.0,5000.0,5000.0,0.0,0,0.0,0.0
2023-09-27 19:30:00+00:00,5000.0,0.0,5000.0,5000.0,0.0,0,0.0,0.0
2023-09-28 13:30:00+00:00,5000.0,0.0,5000.0,5000.0,0.0,0,0.0,0.0
2023-09-28 14:30:00+00:00,5000.0,0.0,5000.0,5000.0,0.0,0,0.0,0.0
2023-09-28 15:30:00+00:00,5000.0,0.0,5000.0,5000.0,0.0,0,0.0,0.0
2023-09-28 16:30:00+00:00,5000.0,0.0,5000.0,5000.0,0.0,0,0.0,0.0
2023-09-28 17:30:00+00:00,5000.0,0.0,5000.0,5000.0,0.0,0,0.0,0.0
2023-09-28 18:30:00+00:00,5000.0,0.0,5000.0,5000.0,0.0,0,0.0,0.0
2023-09-28 19:30:00+00:00,5000.0,0.0,5000.0,5000.0,0.0,0,0.0,0.0
2023-09-29 13:30:00+00:00,5000.0,0.0,5000.0,5000.0,0.0,0,0.0,0.0
2023-09-29 14:30:00+00:00,5000.0,0.0,5000.0,5000.0,0.0,0,0.0,0.0
2023-09-29 15:30:00+00:00,5000.0,0.0,5000.0,5000.0,0.0,0,0.0,0.0
2023-09-29 16:30:00+00:00,5000.0,0.0,5000.0,5000.0,0.0,0,0.0,0.0
2023-09-29 17:30:00+00:00,5000.0,0.0,5000.0,5000.0,0.0,0,0.0,0.0
2023-09-29 18:30:00+00:00,5000.0,0.0,5000.0,5000.0,0.0,0,0.0,0.0
2023-09-29 19:30:00+00:00,5000.0,0.0,5000.0,5000.0,0.0,0,0.0,0.0
2023-10-02 13:30:00+00:00,5000.0,0.0,5000.0,5000.0,0.0,0,0.0,0.0
2023-10-02 14:30:00+00:00,5000.0,0.0,5000.0,5000.0,0.0,0,0.0,0.0
2023-10-02 15:30:00+00:00,5000.0,0.0,5000.0,5000.0,0.0,0,0.0,0.0
2023-10-02 16:30:00+00:00,5000.0,0.0,5000.0,5000.0,0.0,0,0.0,0.0
2023-10-02 17:30:00+00:00,5000.0,0.0,5000.0,5000.0,0.0,0,0.0,0.0
2023-10-02 18:30:00+00:00,5000.0,0.0,5000.0,5000.0,0.0,0,0.0,0.0
2023-10-02 19:30:00+00:00,5000.0,0.0,5000.0,5000.0,0.0,0,0.0,0.0
2023-10-03 13:30:00+00:00,5000.0,0.0,5000.0,5000.0,0.0,0,0.0,0.0
2023-10-03 14:30:00+00:00,5000.0,0.0,5000.0,5000.0,0.0,0,0.0,0.0
2023-10-03 15:30:00+00:00,5000.0,0.0,5000.0,5000.0,0.0,0,0.0,0.0
2023-10-03 16:30:00+00:00,5000.0,0.0,5000.0,5000.0,0.0,0,0.0,0.0
2023-10-03 17:30:00+00:00,5000.0,0.0,5000.0,5000.0,0.0,0,0.0,0.0
2023-10-03 18:30:00+00:00,5000.0,0.0,5000.0,5000.0,0.0,0,0.0,0.0
2023-10-03 19:30:00+00:00,5000.0,0.0,5000.0,5000.0,0.0,0,0.0,0.0
2023-10-04 13:30:00+00:00,5000.0,0.0,5000.0,5000.0,0.0,0,0.0,0.0
2023-10-04 14:30:00+00:00,5000.0,0.0,5000.0,5000.0,0.0,0,0.0,0.0
2023-10-04 15:30:00+00:00,5000.0,0.0,5000.0,5000.0,0.0,0,0.0,0.0
2023-10-04 16:30:00+00:00,5000.0,0.0,5000.0,5000.0,0.0,0,0.0,0.0
2023-10-04 17:30:00+00:00,5000.0,0.0,5000.0,5000.0,0.0,0,0.0,0.0
2023-10-04 18:30:00+00:00,5000.0,0.0,5000.0,5000.0,0.0,0,0.0,0.0
2023-10-04 19:30:00+00:00,5000.0,0.0,5000.0,5000.0,0.0,0,0.0,0.0
2023-10-05 13:30:00+00:00,5000.0,0.0,5000.0,5000.0,0.0,0,0.0,0.0
2023-10-05 14:30:00+00:00,5000.0,0.0,5000.0,5000.0,0.0,0,0.0,0.0
2023-10-05 15:30:00+00:00,5000.0,0.0,5000.0,5000.0,0.0,0,0.0,0.0
2023-10-05 16:30:00+00:00,5000.0,0.0,5000.0,5000.0,0.0,0,0.0,0.0
2023-10-05 17:30:00+00:00,5000.0,0.0,5000.0,5000.0,0.0,0,0.0,0.0
2023-10-05 18:30:00+00:00,5000.0,0.0,5000.0,5000.0,0.0,0,0.0,0.0
2023-10-05 19:30:00+00:00,5000.0,0.0,5000.0,5000.0,0.0,0,0.0,0.0
2023-10-06 13:30:00+00:00,5000.0,0.0,5000.0,5000.0,0.0,0,0.0,0.0
2023-10-06 14:30:00+00:00,5000.0,0.0,5000.0,5000.0,0.0,0,0.0,0.0
2023-10-06 15:30:00+00:00,5000.0,0.0,5000.0,5000.0,0.0,0,0.0,0.0
2023-10-06 16:30:00+00:00,5000.0,0.0,5000.0,5000.0,0.0,0,0.0,0.0
2023-10-06 17:30:00+00:00,5000.0,0.0,5000.0,5000.0,0.0,0,0.0,0.0
2023-10-06 18:30:00+00:00,5000.0,0.0,5000.0,5000.0,0.0,0,0.0,0.0
2023-10-06 19:30:00+00:00,5000.0,0.0,5000.0,5000.0,0.0,0,0.0,0.0
2023-10-09 13:30:00+00:00,5000.0,0.0,5000.0,5000.0,0.0,0,0.0,0.0
2023-10-09 14:30:00+00:00,5000.0,0.0,5000.0,5000.0,0.0,0,0.0,0.0
2023-10-09 15:30:00+00:00,5000.0,0.0,5000.0,5000.0,0.0,0,0.0,0.0
2023-10-09 16:30:00+00:00,5000.0,0.0,5000.0,5000.0,0.0,0,0.0,0.0
2023-10-09 17:30:00+00:00,5000.0,0.0,5000.0,5000.0,0.0,0,0.0,0.0
2023-10-09 18:30:00+00:00,5000.0,0.0,5000.0,5000.0,0.0,0,0.0,0.0
2023-10-09 19:30:00+00:00,5000.0,0.0,5000.0,5000.0,0.0,0,0.0,0.0
2023-10-10 13:30:00+00:00,5000.0,0.0,5000.0,5000.0,0.0,0,0.0,0.0
2023-10-10 14:30:00+00:00,5000.0,0.0,5000.0,5000.0,0.0,0,0.0,0.0
2023-10-10 15:30:00+00:00,5000.0,0.0,5000.0,5000.0,0.0,0,0.0,0.0
2023-10-10 16:30:00+00:00,5000.0,0.0,5000.0,5000.0,0.0,0,0.0,0.0
2023-10-10 17:30:00+00:00,5000.0,0.0,5000.0,5000.0,0.0,0,0.0,0.0
2023-10-10 18:30:00+00:00,5000.0,0.0,5000.0,5000.0,0.0,0,0.0,0.0
2023-10-10 19:30:00+00:00,5000.0,0.0,5000.0,5000.0,0.0,0,0.0,0.0
2023-10-11 13:30:00+00:00,5000.0,0.0,5000.0,5000.0,0.0,0,0.0,0.0
2023-10-11 14:30:00+00:00,5000.0,0.0,5000.0,5000.0,0.0,0,0.0,0.0
2023-10-11 15:30:00+00:00,5000.0,0.0,5000.0,5000.0,0.0,0,0.0,0.0
2023-10-11 16:30:00+00:00,5000.0,0.0,5000.0,5000.0,0.0,0,0.0,0.0
2023-10-11 17:30:00+00:00,5000.0,0.0,5000.0,5000.0,0.0,0,0.0,0.0
2023-10-11 18:30:00+00:00,5000.0,0.0,5000.0,5000.0,0.0,0,0.0,0.0
2023-10-11 19:30:00+00:00,5000.0,0.0,5000.0,5000.0,0.0,0,0.0,0.0
2023-10-12 13:30:00+00:00,5000.0,0.0,5000.0,5000.0,0.0,0,0.0,0.0
2023-10-12 14:30:00+00:00,5000.0,0.0,5000.0,5000.0,0.0,0,0.0,0.0
2023-10-12 15:30:00+00:00,5000.0,0.0,5000.0,5000.0,0.0,0,0.0,0.0
2023-10-12 16:30:00+00:00,5000.0,0.0,5000.0,5000.0,0.0,0,0.0,0.0
2023-10-12 17:30:00+00:00,5000.0,0.0,5000.0,5000.0,0.0,0,0.0,0.0
2023-10-12 18:30:00+00:00,5000.0,0.0,5000.0,5000.0,0.0,0,0.0,0.0
2023-10-12 19:30:00+00:00,5000.0,0.0,5000.0,5000.0,0.0,0,0.0,0.0
2023-10-13 13:30:00+00:00,5000.0,0.0,5000.0,5000.0,0.0,0,0.0,0.0
2023-10-13 14:30:00+00:00,5000.0,0.0,5000.0,5000.0,0.0,0,0.0,0.0
2023-10-13 15:30:00+00:00,5000.0,0.0,5000.0,5000.0,0.0,0,0.0,0.0
2023-10-13 16:30:00+00:00,5000.0,0.0,5000.0,5000.0,0.0,0,0.0,0.0
2023-10-13 17:30:00+00:00,5000.0,0.0,5000.0,5000.0,0.0,0,0.0,0.0
2023-10-13 18:30:00+00:00,5000.0,0.0,5000.0,5000.0,0.0,0,0.0,0.0
2023-10-13 19:30:00+00:00,5000.0,0.0,5000.0,5000.0,0.0,0,0.0,0.0
2023-10-16 13:30:00+00:00,5000.0,0.0,5000.0,5000.0,0.0,0,0.0,0.0
2023-10-16 14:30:00+00:00,5000.0,0.0,5000.0,5000.0,0.0,0,0.0,0.0
2023-10-16 15:30:00+00:00,5000.0,0.0,5000.0,5000.0,0.0,0,0.0,0.0
2023-10-16 16:30:00+00:00,5000.0,0.0,5000.0,5000.0,0.0,0,0.0,0.0
2023-10-16 17:30:00+00:00,5000.0,0.0,5000.0,5000.0,0.0,0,0.0,0.0
2023-10-16 18:30:00+00:00,5000.0,0.0,5000.0,5000.0,0.0,0,0.0,0.0
2023-10-16 19:30:00+00:00,5000.0,0.0,5000.0,5000.0,0.0,0,0.0,0.0
2023-10-17 13:30:00+00:00,5000.0,0.0,5000.0,5000.0,0.0,0,0.0,0.0
2023-10-17 14:30:00+00:00,5000.0,0.0,5000.0,5000.0,0.0,0,0.0,0.0
2023-10-17 15:30:00+00:00,5000.0,0.0,5000.0,5000.0,0.0,0,0.0,0.0
2023-10-17 16:30:00+00:00,5000.0,0.0,5000.0,5000.0,0.0,0,0.0,0.0
2023-10-17 17:30:00+00:00,5000.0,0.0,5000.0,5000.0,0.0,0,0.0,0.0
2023-10-17 18:30:00+00:00,5000.0,0.0,5000.0,5000.0,0.0,0,0.0,0.0
2023-10-17 19:30:00+00:00,5000.0,0.0,5000.0,5000.0,0.0,0,0.0,0.0
2023-10-18 13:30:00+00:00,5000.0,0.0,5000.0,5000.0,0.0,0,0.0,0.0
2023-10-18 14:30:00+00:00,5000.0,0.0,5000.0,5000.0,0.0,0,0.0,0.0
2023-10-18 15:30:00+00:00,5000.0,0.0,5000.0,5000.0,0.0,0,0.0,0.0
2023-10-18 16:30:00+00:00,5000.0,0.0,5000.0,5000.0,0.0,0,0.0,0.0
2023-10-18 17:30:00+00:00,5000.0,0.0,5000.0,5000.0,0.0,0,0.0,0.0
2023-10-18 18:30:00+00:00,5000.0,0.0,5000.0,5000.0,0.0,0,0.0,0.0
2023-10-18 19:30:00+00:00,5000.0,0.0,5000.0,5000.0,0.0,0,0.0,0.0
2023-10-19 13:30:00+00:00,5000.0,0.0,5000.0,5000.0,0.0,0,0.0,0.0
2023-10-19 14:30:00+00:00,5000.0,0.0,5000.0,5000.0,0.0,0,0.0,0.0
2023-10-19 15:30:00+00:00,5000.0,0.0,5000.0,5000.0,0.0,0,0.0,0.0
2023-10-19 16:30:00+00:00,5000.0,0.0,5000.0,5000.0,0.0,0,0.0,0.0
2023-10-19 17:30:00+00:00,5000.0,0.0,5000.0,5000.0,0.0,0,0.0,0.0
2023-10-19 18:30:00+00:00,5000.0,0.0,5000.0,5000.0,0.0,0,0.0,0.0
2023-10-19 19:30:00+00:00,5000.0,0.0,5000.0,5000.0,0.0,0,0.0,0.0
2023-10-20 13:30:00+00:00,5000.0,0.0,5000.0,5000.0,0.0,0,0.0,0.0
2023-10-20 14:30:00+00:00,5000.0,0.0,5000.0,5000.0,0.0,0,0.0,0.0
2023-10-20 15:30:00+00:00,5000.0,0.0,5000.0,5000.0,0.0,0,0.0,0.0
2023-10-20 16:30:00+00:00,5000.0,0.0,5000.0,5000.0,0.0,0,0.0,0.0
2023-10-20 17:30:00+00:00,5000.0,0.0,5000.0,5000.0,0.0,0,0.0,0.0
2023-10-20 18:30:00+00:00,5000.0,0.0,5000.0,5000.0,0.0,0,0.0,0.0
2023-10-20 19:30:00+00:00,5000.0,0.0,5000.0,5000.0,0.0,0,0.0,0.0
2023-10-23 13:30:00+00:00,5000.0,0.0,5000.0,5000.0,0.0,0,0.0,0.0
2023-10-23 14:30:00+00:00,5000.0,0.0,5000.0,5000.0,0.0,0,0.0,0.0
2023-10-23 15:30:00+00:00,5000.0,0.0,5000.0,5000.0,0.0,0,0.0,0.0
2023-10-23 16:30:00+00:00,5000.0,0.0,5000.0,5000.0,0.0,0,0.0,0.0
2023-10-23 17:30:00+00:00,5000.0,0.0,5000.0,5000.0,0.0,0,0.0,0.0
2023-10-23 18:30:00+00:00,5000.0,0.0,5000.0,5000.0,0.0,0,0.0,0.0
2023-10-23 19:30:00+00:00,5000.0,0.0,5000.0,5000.0,0.0,0,0.0,0.0
2023-10-24 13:30:00+00:00,5000.0,0.0,5000.0,5000.0,0.0,0,0.0,0.0
2023-10-24 14:30:00+00:00,5000.0,0.0,5000.0,5000.0,0.0,0,0.0,0.0
2023-10-24 15:30:00+00:00,5000.0,0.0,5000.0,5000.0,0.0,0,0.0,0.0
2023-10-24 16:30:00+00:00,5000.0,0.0,5000.0,5000.0,0.0,0,0.0,0.0
2023-10-24 17:30:00+00:00,5000.0,0.0,5000.0,5000.0,0.0,0,0.0,0.0
2023-10-24 18:30:00+00:00,5000.0,0.0,5000.0,5000.0,0.0,0,0.0,0.0
2023-10-24 19:30:00+00:00,5000.0,0.0,5000.0,5000.0,0.0,0,0.0,0.0
2023-10-25 13:30:00+00:00,5000.0,0.0,5000.0,5000.0,0.0,0,0.0,0.0
2023-10-25 14:30:00+00:00,5000.0,0.0,5000.0,5000.0,0.0,0,0.0,0.0
2023-10-25 15:30:00+00:00,5000.0,0.0,5000.0,5000.0,0.0,0,0.0,0.0
2023-10-25 16:30:00+00:00,5000.0,0.0,5000.0,5000.0,0.0,0,0.0,0.0
2023-10-25 17:30:00+00:00,5000.0,0.0,5000.0,5000.0,0.0,0,0.0,0.0
2023-10-25 18:30:00+00:00,5000.0,0.0,5000.0,5000.0,0.0,0,0.0,0.0
2023-10-25 19:30:00+00:00,5000.0,0.0,5000.0,5000.0,0.0,0,0.0,0.0
2023-10-26 13:30:00+00:00,5000.0,0.0,5000.0,5000.0,0.0,0,0.0,0.0
2023-10-26 14:30:00+00:00,5000.0,0.0,5000.0,5000.0,0.0,0,0.0,0.0
2023-10-26 15:30:00+00:00,5000.0,0.0,5000.0,5000.0,0.0,0,0.0,0.0
2023-10-26 16:30:00+00:00,5000.0,0.0,5000.0,5000.0,0.0,0,0.0,0.0
2023-10-26 17:30:00+00:00,5000.0,0.0,5000.0,5000.0,0.0,0,0.0,0.0
2023-10-26 18:30:00+00:00,5000.0,0.0,5000.0,5000.0,0.0,0,0.0,0.0
2023-10-26 19:30:00+00:00,5000.0,0.0,5000.0,5000.0,0.0,0,0.0,0.0
2023-10-27 13:30:00+00:00,5000.0,0.0,5000.0,5000.0,0.0,0,0.0,0.0
2023-10-27 14:30:00+00:00,5000.0,0.0,5000.0,5000.0,0.0,0,0.0,0.0
2023-10-27 15:30:00+00:00,5000.0,0.0,5000.0,5000.0,0.0,0,0.0,0.0
2023-10-27 16:30:00+00:00,5000.0,0.0,5000.0,5000.0,0.0,0,0.0,0.0
2023-10-27 17:30:00+00:00,5000.0,0.0,5000.0,5000.0,0.0,0,0.0,0.0
2023-10-27 18:30:00+00:00,5000.0,0.0,5000.0,5000.0,0.0,0,0.0,0.0
2023-10-27 19:30:00+00:00,5000.0,0.0,5000.0,5000.0,0.0,0,0.0,0.0
2023-10-30 13:30:00+00:00,5000.0,0.0,5000.0,5000.0,0.0,0,0.0,0.0
2023-10-30 14:30:00+00:00,5000.0,0.0,5000.0,5000.0,0.0,0,0.0,0.0
2023-10-30 15:30:00+00:00,5000.0,0.0,5000.0,5000.0,0.0,0,0.0,0.0
2023-10-30 16:30:00+00:00,5000.0,0.0,5000.0,5000.0,0.0,0,0.0,0.0
2023-10-30 17:30:00+00:00,5000.0,0.0,5000.0,5000.0,0.0,0,0.0,0.0
2023-10-30 18:30:00+00:00,5000.0,0.0,5000.0,5000.0,0.0,0,0.0,0.0
2023-10-30 19:30:00+00:00,5000.0,0.0,5000.0,5000.0,0.0,0,0.0,0.0
2023-10-31 13:30:00+00:00,5000.0,0.0,5000.0,5000.0,0.0,0,0.0,0.0
2023-10-31 14:30:00+00:00,5000.0,0.0,5000.0,5000.0,0.0,0,0.0,0.0
2023-10-31 15:30:00+00:00,5000.0,0.0,5000.0,5000.0,0.0,0,0.0,0.0
2023-10-31 16:30:00+00:00,5000.0,0.0,5000.0,5000.0,0.0,0,0.0,0.0
2023-10-31 17:30:00+00:00,5000.0,0.0,5000.0,5000.0,0.0,0,0.0,0.0
2023-10-31 18:30:00+00:00,5000.0,0.0,5000.0,5000.0,0.0,0,0.0,0.0
2023-10-31 19:30:00+00:00,5000.0,0.0,5000.0,5000.0,0.0,0,0.0,0.0
2023-11-01 13:30:00+00:00,5000.0,0.0,5000.0,5000.0,0.0,0,0.0,0.0
2023-11-01 14:30:00+00:00,5000.0,0.0,5000.0,5000.0,0.0,0,0.0,0.0
2023-11-01 15:30:00+00:00,5000.0,0.0,5000.0,5000.0,0.0,0,0.0,0.0
2023-11-01 16:30:00+00:00,5000.0,0.0,5000.0,5000.0,0.0,0,0.0,0.0
2023-11-01 17:30:00+00:00,5000.0,0.0,5000.0,5000.0,0.0,0,0.0,0.0
2023-11-01 18:30:00+00:00,5000.0,0.0,5000.0,5000.0,0.0,0,0.0,0.0
2023-11-01 19:30:00+00:00,5000.0,0.0,5000.0,5000.0,0.0,0,0.0,0.0
2023-11-02 13:30:00+00:00,5000.0,0.0,5000.0,5000.0,0.0,0,0.0,0.0
2023-11-02 14:30:00+00:00,5000.0,0.0,5000.0,5000.0,0.0,0,0.0,0.0
2023-11-02 15:30:00+00:00,5000.0,0.0,5000.0,5000.0,0.0,0,0.0,0.0
2023-11-02 16:30:00+00:00,5000.0,0.0,5000.0,5000.0,0.0,0,0.0,0.0
2023-11-02 17:30:00+00:00,5000.0,0.0,5000.0,5000.0,0.0,0,0.0,0.0
2023-11-02 18:30:00+00:00,5000.0,0.0,5000.0,5000.0,0.0,0,0.0,0.0
2023-11-02 19:30:00+00:00,5000.0,0.0,5000.0,5000.0,0.0,0,0.0,0.0
2023-11-03 13:30:00+00:00,5000.0,0.0,5000.0,5000.0,0.0,0,0.0,0.0
2023-11-03 14:30:00+00:00,5000.0,0.0,5000.0,5000.0,0.0,0,0.0,0.0
2023-11-03 15:30:00+00:00,5000.0,0.0,5000.0,5000.0,0.0,0,0.0,0.0
2023-11-03 16:30:00+00:00,5000.0,0.0,5000.0,5000.0,0.0,0,0.0,0.0
2023-11-03 17:30:00+00:00,5000.0,0.0,5000.0,5000.0,0.0,0,0.0,0.0
2023-11-03 18:30:00+00:00,5000.0,0.0,5000.0,5000.0,0.0,0,0.0,0.0
2023-11-03 19:30:00+00:00,5000.0,0.0,5000.0,5000.0,0.0,0,0.0,0.0
2023-11-06 14:30:00+00:00,5000.0,0.0,5000.0,5000.0,0.0,0,0.0,0.0
2023-11-06 15:30:00+00:00,5000.0,0.0,5000.0,5000.0,0.0,0,0.0,0.0
2023-11-06 16:30:00+00:00,5000.0,0.0,5000.0,5000.0,0.0,0,0.0,0.0
2023-11-06 17:30:00+00:00,5000.0,0.0,5000.0,5000.0,0.0,0,0.0,0.0
2023-11-06 18:30:00+00:00,5000.0,0.0,5000.0,5000.0,0.0,0,0.0,0.0
2023-11-06 19:30:00+00:00,5000.0,0.0,5000.0,5000.0,0.0,0,0.0,0.0
2023-11-06 20:30:00+00:00,5000.0,0.0,5000.0,5000.0,0.0,0,0.0,0.0
2023-11-07 14:30:00+00:00,5000.0,0.0,5000.0,5000.0,0.0,0,0.0,0.0
2023-11-07 15:30:00+00:00,5000.0,0.0,5000.0,5000.0,0.0,0,0.0,0.0
2023-11-07 16:30:00+00:00,5000.0,0.0,5000.0,5000.0,0.0,0,0.0,0.0
2023-11-07 17:30:00+00:00,5000.0,0.0,5000.0,5000.0,0.0,0,0.0,0.0
2023-11-07 18:30:00+00:00,5000.0,0.0,5000.0,5000.0,0.0,0,0.0,0.0
2023-11-07 19:30:00+00:00,5000.0,0.0,5000.0,5000.0,0.0,0,0.0,0.0
2023-11-07 20:30:00+00:00,5000.0,0.0,5000.0,5000.0,0.0,0,0.0,0.0
2023-11-08 14:30:00+00:00,5000.0,0.0,5000.0,5000.0,0.0,0,0.0,0.0
2023-11-08 15:30:00+00:00,5000.0,0.0,5000.0,5000.0,0.0,0,0.0,0.0
2023-11-08 16:30:00+00:00,5000.0,0.0,5000.0,5000.0,0.0,0,0.0,0.0
2023-11-08 17:30:00+00:00,5000.0,0.0,5000.0,5000.0,0.0,0,0.0,0.0
2023-11-08 18:30:00+00:00,5000.0,0.0,5000.0,5000.0,0.0,0,0.0,0.0
2023-11-08 19:30:00+00:00,5000.0,0.0,5000.0,5000.0,0.0,0,0.0,0.0
2023-11-08 20:30:00+00:00,4499.75,499.4191728560718,4999.169172856072,5000.0,0.00016616542878566953,1,1000.0,42.79732140830335
2023-11-09 14:30:00+00:00,4499.75,485.443127568381,4985.193127568381,5000.0,0.002961374486323831,1,1000.0,42.79732140830335
2023-11-09 15:30:00+00:00,4979.611092958194,0.0,4979.611092958194,5000.0,0.004077781408361236,0,0.0,0.0
2023-11-09 16:30:00+00:00,4979.611092958194,0.0,4979.611092958194,5000.0,0.004077781408361236,0,0.0,0.0
2023-11-09 17:30:00+00:00,4979.611092958194,0.0,4979.611092958194,5000.0,0.004077781408361236,0,0.0,0.0
2023-11-09 18:30:00+00:00,4979.611092958194,0.0,4979.611092958194,5000.0,0.004077781408361236,0,0.0,0.0
2023-11-09 19:30:00+00:00,4979.611092958194,0.0,4979.611092958194,5000.0,0.004077781408361236,0,0.0,0.0
2023-11-09 20:30:00+00:00,4979.611092958194,0.0,4979.611092958194,5000.0,0.004077781408361236,0,0.0,0.0
2023-11-10 14:30:00+00:00,4979.611092958194,0.0,4979.611092958194,5000.0,0.004077781408361236,0,0.0,0.0
2023-11-10 15:30:00+00:00,4979.611092958194,0.0,4979.611092958194,5000.0,0.004077781408361236,0,0.0,0.0
2023-11-10 16:30:00+00:00,4979.611092958194,0.0,4979.611092958194,5000.0,0.004077781408361236,0,0.0,0.0
2023-11-10 17:30:00+00:00,4979.611092958194,0.0,4979.611092958194,5000.0,0.004077781408361236,0,0.0,0.0
2023-11-10 18:30:00+00:00,4979.611092958194,0.0,4979.611092958194,5000.0,0.004077781408361236,0,0.0,0.0
2023-11-10 19:30:00+00:00,4979.611092958194,0.0,4979.611092958194,5000.0,0.004077781408361236,0,0.0,0.0
2023-11-10 20:30:00+00:00,4979.611092958194,0.0,4979.611092958194,5000.0,0.004077781408361236,0,0.0,0.0
2023-11-13 14:30:00+00:00,4979.611092958194,0.0,4979.611092958194,5000.0,0.004077781408361236,0,0.0,0.0
2023-11-13 15:30:00+00:00,4979.611092958194,0.0,4979.611092958194,5000.0,0.004077781408361236,0,0.0,0.0
2023-11-13 16:30:00+00:00,4979.611092958194,0.0,4979.611092958194,5000.0,0.004077781408361236,0,0.0,0.0
2023-11-13 17:30:00+00:00,4790.665028527869,190.1245280566818,4980.789556584551,5000.0,0.0038420886830897727,1,944.2581930550929,49.796110929581936
2023-11-13 18:30:00+00:00,4790.665028527869,190.94273968695688,4981.607768214826,5000.0,0.003678446357034737,1,944.2581930550929,49.796110929581936
2023-11-13 19:30:00+00:00,4790.665028527869,189.7892280382075,4980.454256566077,5000.0,0.003909148686784603,1,944.2581930550929,49.796110929581936
2023-11-13 20:30:00+00:00,4790.665028527869,190.36356788335888,4981.028596411228,5000.0,0.003794280717754339,1,944.2581930550929,49.796110929581936
2023-11-14 14:30:00+00:00,4507.245931882383,478.5533598131842,4985.799291695567,5000.0,0.0028401416608865304,1,944.2581930550929,49.796110929581936
2023-11-14 15:30:00+00:00,4034.880770806573,946.1166704641068,4980.99744127068,5000.0,0.0038005117458640436,1,944.2581930550929,49.796110929581936
2023-11-14 16:30:00+00:00,4034.880770806573,942.5104737436936,4977.3912445502665,5000.0,0.0045217510899466795,1,944.2581930550929,49.796110929581936
2023-11-14 17:30:00+00:00,4034.880770806573,945.3119241678082,4980.192694974381,5000.0,0.003961461005123734,1,944.2581930550929,49.796110929581936
2023-11-14 18:30:00+00:00,4034.880770806573,948.8716441682095,4983.752414974782,5000.0,0.0032495170050435007,1,944.2581930550929,49.796110929581936
2023-11-14 19:30:00+00:00,4034.880770806573,945.7142500835184,4980.595020890091,5000.0,0.0038809958219817586,1,944.2581930550929,49.796110929581936
2023-11-14 20:30:00+00:00,4034.880770806573,945.3892909029496,4980.270061709522,5000.0,0.003945987658095507,1,944.2581930550929,49.796110929581936
2023-11-15 14:30:00+00:00,4034.880770806573,921.8253104624296,4956.706081269002,5000.0,0.00865878374619955,1,944.2581930550929,49.796110929581936
2023-11-15 15:30:00+00:00,4034.880770806573,913.5991199501318,4948.479890756705,5000.0,0.010304021848659084,1,944.2581930550929,49.796110929581936
2023-11-15 16:30:00+00:00,4034.880770806573,913.831220155555,4948.711990962128,5000.0,0.010257601807574401,1,944.2581930550929,49.796110929581936
2023-11-15 17:30:00+00:00,4034.880770806573,908.5072740922747,4943.3880448988475,5000.0,0.011322391020230471,1,944.2581930550929,49.796110929581936
2023-11-15 18:30:00+00:00,4034.880770806573,917.7935494663011,4952.674320272874,5000.0,0.009465135945425196,1,944.2581930550929,49.796110929581936
2023-11-15 19:30:00+00:00,4034.880770806573,910.9526863909336,4945.8334571975065,5000.0,0.010833308560498689,1,944.2581930550929,49.796110929581936
2023-11-15 20:30:00+00:00,4034.880770806573,911.4943480018005,4946.375118808373,5000.0,0.010724976238325357,1,944.2581930550929,49.796110929581936
2023-11-16 14:30:00+00:00,4034.880770806573,917.2054111354223,4952.086181941995,5000.0,0.00958276361160093,1,944.2581930550929,49.796110929581936
2023-11-16 15:30:00+00:00,4034.880770806573,905.1332720421628,4940.014042848736,5000.0,0.011997191430252907,1,944.2581930550929,49.796110929581936
2023-11-16 16:30:00+00:00,4034.880770806573,904.9165696118648,4939.797340418438,5000.0,0.012040531916312491,1,944.2581930550929,49.796110929581936
2023-11-16 17:30:00+00:00,4034.880770806573,904.1427133306966,4939.023484137269,5000.0,0.012195303172546135,1,944.2581930550929,49.796110929581936
2023-11-16 18:30:00+00:00,4034.880770806573,909.0335379280154,4943.914308734588,5000.0,0.011217138253082348,1,944.2581930550929,49.796110929581936
2023-11-16 19:30:00+00:00,4034.880770806573,908.0352330965466,4942.916003903119,5000.0,0.011416799219376106,1,944.2581930550929,49.796110929581936
2023-11-16 20:30:00+00:00,4034.880770806573,911.3396145315187,4946.220385338092,5000.0,0.0107559229323817,1,944.2581930550929,49.796110929581936
2023-11-17 14:30:00+00:00,4034.880770806573,910.1865762297671,4945.06734703634,5000.0,0.010986530592732024,1,944.2581930550929,49.796110929581936
2023-11-17 15:30:00+00:00,4456.342265925149,494.48173602088264,4950.824001946032,5000.0,0.009835199610793599,1,988.9933483882386,36.52526363421696
2023-11-17 16:30:00+00:00,4456.342265925149,494.82430425796156,4951.166570183111,5000.0,0.00976668596337782,1,988.9933483882386,36.52526363421696
2023-11-17 17:30:00+00:00,4456.342265925149,496.241564571008,4952.583830496157,5000.0,0.00948323390076855,1,988.9933483882386,36.52526363421696
2023-11-17 18:30:00+00:00,3961.5983433939327,990.9323170794605,4952.530660473393,5000.0,0.009493867905321363,1,988.9933483882386,36.52526363421696
2023-11-17 19:30:00+00:00,3961.5983433939327,989.7341951159897,4951.332538509922,5000.0,0.009733492298015567,1,988.9933483882386,36.52526363421696
2023-11-17 20:30:00+00:00,3961.5983433939327,993.9445977331097,4955.5429411270425,5000.0,0.008891411774591518,1,988.9933483882386,36.52526363421696
2023-11-20 14:30:00+00:00,3961.5983433939327,992.883430856752,4954.481774250685,5000.0,0.00910364514986306,1,988.9933483882386,36.52526363421696
2023-11-20 15:30:00+00:00,3778.6606779380018,1182.7936655146677,4961.4543434526695,5000.0,0.007709131309466155,2,1903.224560062056,86.07076667448999
2023-11-20 16:30:00+00:00,3778.6606779380018,1184.6977425931955,4963.358420531197,5000.0,0.007328315893760595,2,1903.224560062056,86.07076667448999
2023-11-20 17:30:00+00:00,3778.6606779380018,1187.611482391154,4966.272160329156,5000.0,0.006745567934168917,2,1903.224560062056,86.07076667448999
2023-11-20 18:30:00+00:00,3778.6606779380018,1181.142909039254,4959.803586977256,5000.0,0.008039282604548892,2,1903.224560062056,86.07076667448999
2023-11-20 19:30:00+00:00,3778.6606779380018,1187.422880130469,4966.083558068471,5000.0,0.006783288386305819,2,1903.224560062056,86.07076667448999
2023-11-20 20:30:00+00:00,3778.6606779380018,1187.0794068307987,4965.7400847688,5000.0,0.006851983046239907,2,1903.224560062056,86.07076667448999
2023-11-21 14:30:00+00:00,3778.6606779380018,1152.562314652494,4931.222992590496,5000.0,0.013755401481900797,2,1903.224560062056,86.07076667448999
2023-11-21 15:30:00+00:00,3778.6606779380018,1157.1690335088733,4935.829711446875,5000.0,0.012834057710624958,2,1903.224560062056,86.07076667448999
2023-11-21 16:30:00+00:00,3778.6606779380018,1161.0696050932147,4939.7302830312165,5000.0,0.01205394339375676,2,1903.224560062056,86.07076667448999
2023-11-21 17:30:00+00:00,3778.6606779380018,1160.6397030254775,4939.300380963479,5000.0,0.01213992380730411,2,1903.224560062056,86.07076667448999
2023-11-21 18:30:00+00:00,3778.6606779380018,1162.805071164622,4941.465749102624,5000.0,0.011706850179475259,2,1903.224560062056,86.07076667448999
2023-11-21 19:30:00+00:00,3778.6606779380018,1166.6975184470593,4945.358196385061,5000.0,0.010928360722987751,2,1903.224560062056,86.07076667448999
2023-11-21 20:30:00+00:00,3778.6606779380018,1167.636418682513,4946.297096620515,5000.0,0.010740580675897005,2,1903.224560062056,86.07076667448999
2023-11-22 14:30:00+00:00,3778.6606779380018,1189.2049429573399,4967.865620895342,5000.0,0.00642687582093171,2,1903.224560062056,86.07076667448999
2023-11-22 15:30:00+00:00,3778.6606779380018,1190.2291094109514,4968.889787348953,5000.0,0.006222042530209415,2,1903.224560062056,86.07076667448999
2023-11-22 16:30:00+00:00,3778.6606779380018,1190.14950245227,4968.810180390272,5000.0,0.006237963921945644,2,1903.224560062056,86.07076667448999
2023-11-22 17:30:00+00:00,3778.6606779380018,1190.552186962338,4969.21286490034,5000.0,0.006157427019932049,2,1903.224560062056,86.07076667448999
2023-11-22 18:30:00+00:00,3778.6606779380018,1189.6716019940777,4968.3322799320795,5000.0,0.006333544013584103,2,1903.224560062056,86.07076667448999
2023-11-22 19:30:00+00:00,3778.6606779380018,1187.3659428603332,4966.026620798335,5000.0,0.006794675840332998,2,1903.224560062056,86.07076667448999
2023-11-22 20:30:00+00:00,4782.646379617488,182.7117778474585,4965.358157464946,5000.0,0.006928368507010729,1,914.2312116738175,49.54550304027303
2023-11-24 14:30:00+00:00,4782.646379617488,183.29852349555858,4965.944903113046,5000.0,0.0068110193773908145,1,914.2312116738175,49.54550304027303
2023-11-24 15:30:00+00:00,4782.646379617488,183.17629492220476,4965.822674539692,5000.0,0.006835465092061566,1,914.2312116738175,49.54550304027303
2023-11-24 16:30:00+00:00,4782.646379617488,183.63469403997533,4966.281073657463,5000.0,0.006743785268507385,1,914.2312116738175,49.54550304027303
2023-11-27 14:30:00+00:00,4782.646379617488,183.72637013306849,4966.372749750556,5000.0,0.0067254500498887815,1,914.2312116738175,49.54550304027303
2023-11-27 15:30:00+00:00,4782.646379617488,184.50870388130534,4967.155083498793,5000.0,0.006568983300241471,1,914.2312116738175,49.54550304027303
2023-11-27 16:30:00+00:00,4782.646379617488,184.80206737920162,4967.448446996689,5000.0,0.006510310600662206,1,914.2312116738175,49.54550304027303
2023-11-27 17:30:00+00:00,4967.820330779208,0.0,4967.820330779208,5000.0,0.006435933844158304,0,0.0,0.0
2023-11-27 18:30:00+00:00,4967.820330779208,0.0,4967.820330779208,5000.0,0.006435933844158304,0,0.0,0.0
2023-11-27 19:30:00+00:00,4967.820330779208,0.0,4967.820330779208,5000.0,0.006435933844158304,0,0.0,0.0
2023-11-27 20:30:00+00:00,4967.820330779208,0.0,4967.820330779208,5000.0,0.006435933844158304,0,0.0,0.0
2023-11-28 14:30:00+00:00,4967.820330779208,0.0,4967.820330779208,5000.0,0.006435933844158304,0,0.0,0.0
2023-11-28 15:30:00+00:00,4967.820330779208,0.0,4967.820330779208,5000.0,0.006435933844158304,0,0.0,0.0
2023-11-28 16:30:00+00:00,4967.820330779208,0.0,4967.820330779208,5000.0,0.006435933844158304,0,0.0,0.0
2023-11-28 17:30:00+00:00,4967.820330779208,0.0,4967.820330779208,5000.0,0.006435933844158304,0,0.0,0.0
2023-11-28 18:30:00+00:00,4967.820330779208,0.0,4967.820330779208,5000.0,0.006435933844158304,0,0.0,0.0
2023-11-28 19:30:00+00:00,4967.820330779208,0.0,4967.820330779208,5000.0,0.006435933844158304,0,0.0,0.0
2023-11-28 20:30:00+00:00,4967.820330779208,0.0,4967.820330779208,5000.0,0.006435933844158304,0,0.0,0.0
2023-11-29 14:30:00+00:00,4769.008161141424,200.39335772805862,4969.401518869483,5000.0,0.0061196962261034216,1,993.5640661558417,40.479049244188666
2023-11-29 15:30:00+00:00,4470.7899066847485,495.4241090449532,4966.214015729702,5000.0,0.006757196854059622,1,993.5640661558417,40.479049244188666
2023-11-29 16:30:00+00:00,4470.7899066847485,497.41762231659504,4968.207529001344,5000.0,0.006358494199731335,1,993.5640661558417,40.479049244188666
2023-11-29 17:30:00+00:00,3973.720743408164,989.818294249857,4963.539037658021,5000.0,0.007292192468395853,2,1987.2055719561104,63.60605055272924
2023-11-29 18:30:00+00:00,3973.720743408164,986.5169020962667,4960.2376455044305,5000.0,0.007952470899113884,2,1987.2055719561104,63.60605055272924
2023-11-29 19:30:00+00:00,3973.720743408164,985.1519935442457,4958.8727369524095,5000.0,0.008225452609518125,2,1987.2055719561104,63.60605055272924
2023-11-29 20:30:00+00:00,3973.720743408164,985.872154067165,4959.592897475329,5000.0,0.008081420504934211,2,1987.2055719561104,63.60605055272924
2023-11-30 14:30:00+00:00,3973.720743408164,990.9982251778665,4964.71896858603,5000.0,0.007056206282793909,2,1987.2055719561104,63.60605055272924
2023-11-30 15:30:00+00:00,3476.6515801315795,1493.1088529228832,4969.760433054463,5000.0,0.006047913389107484,2,1987.2055719561104,63.60605055272924
2023-11-30 16:30:00+00:00,3476.6515801315795,1491.8930755762299,4968.544655707809,5000.0,0.006291068858438109,2,1987.2055719561104,63.60605055272924
2023-11-30 17:30:00+00:00,3476.6515801315795,1489.3601766489214,4966.011756780501,5000.0,0.006797648643899756,2,1987.2055719561104,63.60605055272924
2023-11-30 18:30:00+00:00,3476.6515801315795,1493.9027306382227,4970.554310769802,5000.0,0.005889137846039505,2,1987.2055719561104,63.60605055272924
2023-11-30 19:30:00+00:00,3476.6515801315795,1494.2668407878286,4970.918420919408,5000.0,0.005816315816118411,2,1987.2055719561104,63.60605055272924
2023-11-30 20:30:00+00:00,3983.2768539681056,996.2598812267461,4979.536735194852,5000.0,0.004092652961029675,2,1987.2055719561104,63.60605055272924
2023-12-01 14:30:00+00:00,3983.2768539681056,990.5438874943547,4973.82074146246,5000.0,0.005235851707507955,2,1987.2055719561104,63.60605055272924
2023-12-01 15:30:00+00:00,3983.2768539681056,994.4599053254506,4977.736759293556,5000.0,0.004452648141288762,2,1987.2055719561104,63.60605055272924
2023-12-01 16:30:00+00:00,3983.2768539681056,989.7912264036522,4973.068080371758,5000.0,0.005386383925648497,2,1987.2055719561104,63.60605055272924
2023-12-01 17:30:00+00:00,3784.2572375209775,1188.0290049118676,4972.286242432845,5000.0,0.005542751513430977,3,2981.8063538008296,98.84982451005506
2023-12-01 18:30:00+00:00,3485.727812850285,1485.4296163914087,4971.1574292416935,5000.0,0.0057685141516612415,3,2981.8063538008296,98.84982451005506
2023-12-01 19:30:00+00:00,3485.727812850285,1488.23350675669,4973.961319606975,5000.0,0.00520773607860503,3,2981.8063538008296,98.84982451005506
2023-12-01 20:30:00+00:00,3485.727812850285,1487.6047436914369,4973.332556541722,5000.0,0.005333488691655619,3,2981.8063538008296,98.84982451005506
2023-12-04 14:30:00+00:00,3963.2579961176125,993.0404246737507,4956.298420791363,5000.0,0.008740315841727297,2,1988.2422876449878,58.370775265866385
2023-12-04 15:30:00+00:00,3963.2579961176125,992.3398075369214,4955.597803654534,5000.0,0.00888043926909321,2,1988.2422876449878,58.370775265866385
2023-12-04 16:30:00+00:00,3963.2579961176125,993.7856418297051,4957.043637947318,5000.0,0.008591272410536477,2,1988.2422876449878,58.370775265866385
2023-12-04 17:30:00+00:00,3963.2579961176125,993.5327325835333,4956.790728701146,5000.0,0.00864185425977082,2,1988.2422876449878,58.370775265866385
2023-12-04 18:30:00+00:00,3963.2579961176125,995.6337631205979,4958.89175923821,5000.0,0.00822164815235793,2,1988.2422876449878,58.370775265866385
2023-12-04 19:30:00+00:00,3467.104159154807,1491.3015660309197,4958.405725185727,5000.0,0.008318854962854672,3,2980.054055686578,74.88150984066486
2023-12-04 20:30:00+00:00,3467.104159154807,1491.3689652039898,4958.473124358797,5000.0,0.0083053751282407,3,2980.054055686578,74.88150984066486
2023-12-05 14:30:00+00:00,3956.0353204964144,1008.1724339434418,4964.207754439856,5000.0,0.007158449112028786,2,1988.2422876449878,58.370775265866385
2023-12-05 15:30:00+00:00,4458.530597549551,510.53991204852355,4969.070509598075,5000.0,0.006185898080385055,1,994.600781844719,35.243773957325814
2023-12-05 16:30:00+00:00,4458.530597549551,507.780730338809,4966.31132788836,5000.0,0.006737734422327946,1,994.600781844719,35.243773957325814
2023-12-05 17:30:00+00:00,4458.530597549551,500.8913390202906,4959.421936569842,5000.0,0.00811561268603167,1,994.600781844719,35.243773957325814
2023-12-05 18:30:00+00:00,4458.530597549551,499.05737035648053,4957.587967906032,5000.0,0.008482406418793609,1,994.600781844719,35.243773957325814
2023-12-05 19:30:00+00:00,4458.530597549551,499.41013866801313,4957.940736217564,5000.0,0.008411852756487148,1,994.600781844719,35.243773957325814
2023-12-05 20:30:00+00:00,4458.530597549551,498.03347640769334,4956.564073957245,5000.0,0.008687185208551051,1,994.600781844719,35.243773957325814
2023-12-06 14:30:00+00:00,4458.530597549551,504.91764718812374,4963.448244737675,5000.0,0.007310351052465025,1,994.600781844719,35.243773957325814
2023-12-06 15:30:00+00:00,4458.530597549551,511.3991998847914,4969.929797434343,5000.0,0.00601404051313148,1,994.600781844719,35.243773957325814
2023-12-06 16:30:00+00:00,4458.530597549551,510.3022820678707,4968.832879617422,5000.0,0.006233424076515615,1,994.600781844719,35.243773957325814
2023-12-06 17:30:00+00:00,4458.530597549551,505.72081423994587,4964.251411789497,5000.0,0.007149717642100595,1,994.600781844719,35.243773957325814
2023-12-06 18:30:00+00:00,4458.530597549551,504.121355966955,4962.651953516506,5000.0,0.007469609296698709,1,994.600781844719,35.243773957325814
2023-12-06 19:30:00+00:00,4458.530597549551,500.5992753803057,4959.129872929857,5000.0,0.008174025414028674,1,994.600781844719,35.243773957325814
2023-12-06 20:30:00+00:00,4458.530597549551,499.45623219942445,4957.986829748976,5000.0,0.008402634050204916,1,994.600781844719,35.243773957325814
2023-12-07 14:30:00+00:00,4458.530597549551,500.7870237561783,4959.3176213057295,5000.0,0.008136475738854121,1,994.600781844719,35.243773957325814
2023-12-07 15:30:00+00:00,4963.279209125919,0.0,4963.279209125919,5000.0,0.007344158174816262,0,0.0,0.0
2023-12-07 16:30:00+00:00,4963.279209125919,0.0,4963.279209125919,5000.0,0.007344158174816262,0,0.0,0.0
2023-12-07 17:30:00+00:00,4963.279209125919,0.0,4963.279209125919,5000.0,0.007344158174816262,0,0.0,0.0
2023-12-07 18:30:00+00:00,4963.279209125919,0.0,4963.279209125919,5000.0,0.007344158174816262,0,0.0,0.0
2023-12-07 19:30:00+00:00,4963.279209125919,0.0,4963.279209125919,5000.0,0.007344158174816262,0,0.0,0.0
2023-12-07 20:30:00+00:00,4963.279209125919,0.0,4963.279209125919,5000.0,0.007344158174816262,0,0.0,0.0
2023-12-08 14:30:00+00:00,4963.279209125919,0.0,4963.279209125919,5000.0,0.007344158174816262,0,0.0,0.0
2023-12-08 15:30:00+00:00,4963.279209125919,0.0,4963.279209125919,5000.0,0.007344158174816262,0,0.0,0.0
2023-12-08 16:30:00+00:00,4963.279209125919,0.0,4963.279209125919,5000.0,0.007344158174816262,0,0.0,0.0
2023-12-08 17:30:00+00:00,4963.279209125919,0.0,4963.279209125919,5000.0,0.007344158174816262,0,0.0,0.0
2023-12-08 18:30:00+00:00,4963.279209125919,0.0,4963.279209125919,5000.0,0.007344158174816262,0,0.0,0.0
2023-12-08 19:30:00+00:00,4963.279209125919,0.0,4963.279209125919,5000.0,0.007344158174816262,0,0.0,0.0
2023-12-08 20:30:00+00:00,4963.279209125919,0.0,4963.279209125919,5000.0,0.007344158174816262,0,0.0,0.0
2023-12-11 14:30:00+00:00,4963.279209125919,0.0,4963.279209125919,5000.0,0.007344158174816262,0,0.0,0.0
2023-12-11 15:30:00+00:00,4963.279209125919,0.0,4963.279209125919,5000.0,0.007344158174816262,0,0.0,0.0
2023-12-11 16:30:00+00:00,4963.279209125919,0.0,4963.279209125919,5000.0,0.007344158174816262,0,0.0,0.0
2023-12-11 17:30:00+00:00,4963.279209125919,0.0,4963.279209125919,5000.0,0.007344158174816262,0,0.0,0.0
2023-12-11 18:30:00+00:00,4963.279209125919,0.0,4963.279209125919,5000.0,0.007344158174816262,0,0.0,0.0
2023-12-11 19:30:00+00:00,4963.279209125919,0.0,4963.279209125919,5000.0,0.007344158174816262,0,0.0,0.0
2023-12-11 20:30:00+00:00,4963.279209125919,0.0,4963.279209125919,5000.0,0.007344158174816262,0,0.0,0.0
2023-12-12 14:30:00+00:00,4963.279209125919,0.0,4963.279209125919,5000.0,0.007344158174816262,0,0.0,0.0
2023-12-12 15:30:00+00:00,4963.279209125919,0.0,4963.279209125919,5000.0,0.007344158174816262,0,0.0,0.0
2023-12-12 16:30:00+00:00,4963.279209125919,0.0,4963.279209125919,5000.0,0.007344158174816262,0,0.0,0.0
2023-12-12 17:30:00+00:00,4963.279209125919,0.0,4963.279209125919,5000.0,0.007344158174816262,0,0.0,0.0
2023-12-12 18:30:00+00:00,4963.279209125919,0.0,4963.279209125919,5000.0,0.007344158174816262,0,0.0,0.0
2023-12-12 19:30:00+00:00,4963.279209125919,0.0,4963.279209125919,5000.0,0.007344158174816262,0,0.0,0.0
2023-12-12 20:30:00+00:00,4963.279209125919,0.0,4963.279209125919,5000.0,0.007344158174816262,0,0.0,0.0
2023-12-13 14:30:00+00:00,4963.279209125919,0.0,4963.279209125919,5000.0,0.007344158174816262,0,0.0,0.0
2023-12-13 15:30:00+00:00,4963.279209125919,0.0,4963.279209125919,5000.0,0.007344158174816262,0,0.0,0.0
2023-12-13 16:30:00+00:00,4963.279209125919,0.0,4963.279209125919,5000.0,0.007344158174816262,0,0.0,0.0
2023-12-13 17:30:00+00:00,4963.279209125919,0.0,4963.279209125919,5000.0,0.007344158174816262,0,0.0,0.0
2023-12-13 18:30:00+00:00,4963.279209125919,0.0,4963.279209125919,5000.0,0.007344158174816262,0,0.0,0.0
2023-12-13 19:30:00+00:00,4963.279209125919,0.0,4963.279209125919,5000.0,0.007344158174816262,0,0.0,0.0
2023-12-13 20:30:00+00:00,4963.279209125919,0.0,4963.279209125919,5000.0,0.007344158174816262,0,0.0,0.0
2023-12-14 14:30:00+00:00,4963.279209125919,0.0,4963.279209125919,5000.0,0.007344158174816262,0,0.0,0.0
2023-12-14 15:30:00+00:00,4963.279209125919,0.0,4963.279209125919,5000.0,0.007344158174816262,0,0.0,0.0
2023-12-14 16:30:00+00:00,4963.279209125919,0.0,4963.279209125919,5000.0,0.007344158174816262,0,0.0,0.0
2023-12-14 17:30:00+00:00,4963.279209125919,0.0,4963.279209125919,5000.0,0.007344158174816262,0,0.0,0.0
2023-12-14 18:30:00+00:00,4963.279209125919,0.0,4963.279209125919,5000.0,0.007344158174816262,0,0.0,0.0
2023-12-14 19:30:00+00:00,4963.279209125919,0.0,4963.279209125919,5000.0,0.007344158174816262,0,0.0,0.0
2023-12-14 20:30:00+00:00,4963.279209125919,0.0,4963.279209125919,5000.0,0.007344158174816262,0,0.0,0.0
2023-12-15 14:30:00+00:00,4963.279209125919,0.0,4963.279209125919,5000.0,0.007344158174816262,0,0.0,0.0
2023-12-15 15:30:00+00:00,4466.703124252871,497.9746578016711,4964.677782054542,5000.0,0.007064443589091529,1,992.6558418251839,33.956124115186924
2023-12-15 16:30:00+00:00,4466.703124252871,499.5772520933788,4966.28037634625,5000.0,0.006743924730750028,1,992.6558418251839,33.956124115186924
2023-12-15 17:30:00+00:00,3970.1270393798227,993.4529928624374,4963.58003224226,5000.0,0.007283993551547963,1,992.6558418251839,33.956124115186924
2023-12-15 18:30:00+00:00,3970.1270393798227,988.3868009639141,4958.513840343737,5000.0,0.008297231931252647,1,992.6558418251839,33.956124115186924
2023-12-15 19:30:00+00:00,3970.1270393798227,991.4200560830354,4961.547095462858,5000.0,0.007690580907428357,1,992.6558418251839,33.956124115186924
2023-12-15 20:30:00+00:00,3970.1270393798227,991.4846562829621,4961.611695662785,5000.0,0.007677660867443037,1,992.6558418251839,33.956124115186924
2023-12-18 14:30:00+00:00,3970.1270393798227,993.7111967103151,4963.838236090138,5000.0,0.007232352781972429,1,992.6558418251839,33.956124115186924
2023-12-18 15:30:00+00:00,3970.1270393798227,988.6127047118284,4958.739744091651,5000.0,0.008252051181669828,1,992.6558418251839,33.956124115186924
2023-12-18 16:30:00+00:00,3970.1270393798227,994.8566685480405,4964.983707927863,5000.0,0.0070032584144273935,1,992.6558418251839,33.956124115186924
2023-12-18 17:30:00+00:00,3970.1270393798227,995.8408368377782,4965.967876217601,5000.0,0.006806424756479856,1,992.6558418251839,33.956124115186924
2023-12-18 18:30:00+00:00,3970.1270393798227,990.5488396672549,4960.675879047078,5000.0,0.00786482419058443,1,992.6558418251839,33.956124115186924
2023-12-18 19:30:00+00:00,3970.1270393798227,994.2920076541691,4964.419047033992,5000.0,0.007116190593201677,1,992.6558418251839,33.956124115186924
2023-12-18 20:30:00+00:00,3970.1270393798227,992.2913709747304,4962.418410354553,5000.0,0.007516317929089356,1,992.6558418251839,33.956124115186924
2023-12-19 14:30:00+00:00,3970.1270393798227,1000.5843231644117,4970.711362544234,5000.0,0.005857727491153097,1,992.6558418251839,33.956124115186924
2023-12-19 15:30:00+00:00,3970.1270393798227,999.6969566986495,4969.823996078472,5000.0,0.006035200784305528,1,992.6558418251839,33.956124115186924
2023-12-19 16:30:00+00:00,3970.1270393798227,994.7115150500344,4964.838554429857,5000.0,0.007032289114028534,1,992.6558418251839,33.956124115186924
2023-12-19 17:30:00+00:00,3970.1270393798227,996.7756686943399,4966.902708074163,5000.0,0.0066194583851675315,1,992.6558418251839,33.956124115186924
2023-12-19 18:30:00+00:00,3970.1270393798227,995.6311816157599,4965.758220995583,5000.0,0.006848355800883499,1,992.6558418251839,33.956124115186924
2023-12-19 19:30:00+00:00,3970.1270393798227,994.9212687479671,4965.04830812779,5000.0,0.006990338374442073,1,992.6558418251839,33.956124115186924
2023-12-19 20:30:00+00:00,3970.1270393798227,995.8731369377415,4966.000176317564,5000.0,0.006799964736487141,1,992.6558418251839,33.956124115186924
2023-12-20 14:30:00+00:00,3970.1270393798227,990.9037468631936,4961.030786243016,5000.0,0.007793842751396718,1,992.6558418251839,33.956124115186924
2023-12-20 15:30:00+00:00,3970.1270393798227,985.2567440208172,4955.38378340064,5000.0,0.008923243319872043,1,992.6558418251839,33.956124115186924
2023-12-20 16:30:00+00:00,3970.1270393798227,985.4084954050963,4955.535534784919,5000.0,0.008892893043016215,1,992.6558418251839,33.956124115186924
2023-12-20 17:30:00+00:00,3970.1270393798227,986.5097515572011,4956.636790937024,5000.0,0.008672641812595194,1,992.6558418251839,33.956124115186924
2023-12-20 18:30:00+00:00,3970.1270393798227,983.352909165354,4953.479948545177,5000.0,0.009304010290964615,1,992.6558418251839,33.956124115186924
2023-12-20 19:30:00+00:00,3970.1270393798227,970.2196688250647,4940.346708204887,5000.0,0.011930658359022517,1,992.6558418251839,33.956124115186924
2023-12-20 20:30:00+00:00,4940.571156281833,0.0,4940.571156281833,5000.0,0.01188576874363334,0,0.0,0.0
2023-12-21 14:30:00+00:00,4940.571156281833,0.0,4940.571156281833,5000.0,0.01188576874363334,0,0.0,0.0
2023-12-21 15:30:00+00:00,4940.571156281833,0.0,4940.571156281833,5000.0,0.01188576874363334,0,0.0,0.0
2023-12-21 16:30:00+00:00,4742.849498607435,197.48396638490703,4940.333464992342,5000.0,0.011933307001531612,1,988.1142312563667,30.579735837289103
2023-12-21 17:30:00+00:00,4742.849498607435,197.39586771656104,4940.245366323996,5000.0,0.011950926735200817,1,988.1142312563667,30.579735837289103
2023-12-21 18:30:00+00:00,4742.849498607435,197.06959960157656,4939.919098209011,5000.0,0.012016180358197737,1,988.1142312563667,30.579735837289103
2023-12-21 19:30:00+00:00,4742.849498607435,198.41030115441208,4941.259799761847,5000.0,0.011748040047630637,1,988.1142312563667,30.579735837289103
2023-12-21 20:30:00+00:00,4545.100003349099,396.02198995052004,4941.121993299619,5000.0,0.011775601340076158,2,1976.3675808732344,62.859231165224315
2023-12-22 14:30:00+00:00,4545.100003349099,397.86244039348094,4942.96244374258,5000.0,0.011407511251483982,2,1976.3675808732344,62.859231165224315
2023-12-22 15:30:00+00:00,4050.5514434355305,890.9335220067801,4941.484965442311,5000.0,0.011703006911537917,3,2964.9703992911627,82.23761145649281
2023-12-22 16:30:00+00:00,4050.5514434355305,891.7171482484732,4942.268591684004,5000.0,0.011546281663199265,3,2964.9703992911627,82.23761145649281
2023-12-22 17:30:00+00:00,4050.5514434355305,892.5992777387978,4943.150721174328,5000.0,0.011369855765134385,3,2964.9703992911627,82.23761145649281
2023-12-22 18:30:00+00:00,3259.378640634459,1671.92015587489,4931.298796509349,5000.0,0.01374024069813018,3,2964.9703992911627,82.23761145649281
2023-12-22 19:30:00+00:00,3259.378640634459,1679.8967293827327,4939.275370017192,5000.0,0.012144925996561695,3,2964.9703992911627,82.23761145649281
2023-12-22 20:30:00+00:00,3259.378640634459,1677.6656034272783,4937.044244061737,5000.0,0.012591151187652527,3,2964.9703992911627,82.23761145649281
2023-12-26 14:30:00+00:00,3259.378640634459,1687.9934500845702,4947.372090719029,5000.0,0.010525581856194233,3,2964.9703992911627,82.23761145649281
2023-12-26 15:30:00+00:00,3259.378640634459,1688.0012711552245,4947.379911789683,5000.0,0.010524017642063344,3,2964.9703992911627,82.23761145649281
2023-12-26 16:30:00+00:00,3259.378640634459,1691.2281904932097,4950.606831127669,5000.0,0.009878633774466294,3,2964.9703992911627,82.23761145649281
2023-12-26 17:30:00+00:00,3259.378640634459,1693.3771990865716,4952.7558397210305,5000.0,0.009448832055793943,3,2964.9703992911627,82.23761145649281
2023-12-26 18:30:00+00:00,3259.378640634459,1695.5661054195007,4954.9447460539595,5000.0,0.009011050789208053,3,2964.9703992911627,82.23761145649281
2023-12-26 19:30:00+00:00,3361.19710264547,1597.3512508180734,4958.548353463543,5000.0,0.008290329307291344,3,2964.9703992911627,82.23761145649281
2023-12-26 20:30:00+00:00,3361.19710264547,1596.3105397789973,4957.507642424467,5000.0,0.00849847151510652,3,2964.9703992911627,82.23761145649281
2023-12-27 14:30:00+00:00,3617.1154340731873,1350.128200464641,4967.243634537828,5000.0,0.0065512730924343066,3,2964.9703992911627,82.23761145649281
2023-12-27 15:30:00+00:00,3617.1154340731873,1348.674795788932,4965.790229862119,5000.0,0.006841954027576147,3,2964.9703992911627,82.23761145649281
2023-12-27 16:30:00+00:00,3617.1154340731873,1349.8560520841556,4966.971486157343,5000.0,0.006605702768531452,3,2964.9703992911627,82.23761145649281
2023-12-27 17:30:00+00:00,3617.1154340731873,1351.2240367715367,4968.339470844724,5000.0,0.006332105831055146,3,2964.9703992911627,82.23761145649281
2023-12-27 18:30:00+00:00,3617.1154340731873,1348.377392277097,4965.492826350284,5000.0,0.00690143472994309,3,2964.9703992911627,82.23761145649281
2023-12-27 19:30:00+00:00,3617.1154340731873,1346.0696860480202,4963.185120121208,5000.0,0.007362975975758523,3,2964.9703992911627,82.23761145649281
2023-12-27 20:30:00+00:00,3617.1154340731873,1348.743448151231,4965.858882224418,5000.0,0.006828223555116364,3,2964.9703992911627,82.23761145649281
2023-12-28 14:30:00+00:00,3721.9903406811354,1249.0996531019373,4971.089993783073,5000.0,0.0057820012433854595,2,1976.856168034796,51.657875619203715
2023-12-28 15:30:00+00:00,3721.9903406811354,1243.7654089817424,4965.755749662878,5000.0,0.006848850067424417,2,1976.856168034796,51.657875619203715
2023-12-28 16:30:00+00:00,3721.9903406811354,1243.7886745996211,4965.7790152807565,5000.0,0.006844196943848746,2,1976.856168034796,51.657875619203715
2023-12-28 17:30:00+00:00,3721.9903406811354,1241.5183284936365,4963.508669174772,5000.0,0.007298266165045586,2,1976.856168034796,51.657875619203715
2023-12-28 18:30:00+00:00,3971.225605699994,994.657257179987,4965.882862879981,5000.0,0.0068234274240037696,1,988.6028184179282,19.3783802912685
2023-12-28 19:30:00+00:00,3971.225605699994,994.657257179987,4965.882862879981,5000.0,0.0068234274240037696,1,988.6028184179282,19.3783802912685
2023-12-28 20:30:00+00:00,4964.573511134127,0.0,4964.573511134127,5000.0,0.00708529777317457,0,0.0,0.0
2023-12-29 14:30:00+00:00,4964.573511134127,0.0,4964.573511134127,5000.0,0.00708529777317457,0,0.0,0.0
2023-12-29 15:30:00+00:00,4964.573511134127,0.0,4964.573511134127,5000.0,0.00708529777317457,0,0.0,0.0
2023-12-29 16:30:00+00:00,4964.573511134127,0.0,4964.573511134127,5000.0,0.00708529777317457,0,0.0,0.0
2023-12-29 17:30:00+00:00,4964.573511134127,0.0,4964.573511134127,5000.0,0.00708529777317457,0,0.0,0.0
2023-12-29 18:30:00+00:00,4964.573511134127,0.0,4964.573511134127,5000.0,0.00708529777317457,0,0.0,0.0
2023-12-29 19:30:00+00:00,4964.573511134127,0.0,4964.573511134127,5000.0,0.00708529777317457,0,0.0,0.0
2023-12-29 20:30:00+00:00,4964.573511134127,0.0,4964.573511134127,5000.0,0.00708529777317457,0,0.0,0.0
2024-01-02 14:30:00+00:00,4964.573511134127,0.0,4964.573511134127,5000.0,0.00708529777317457,0,0.0,0.0
2024-01-02 15:30:00+00:00,4964.573511134127,0.0,4964.573511134127,5000.0,0.00708529777317457,0,0.0,0.0
2024-01-02 16:30:00+00:00,4964.573511134127,0.0,4964.573511134127,5000.0,0.00708529777317457,0,0.0,0.0
2024-01-02 17:30:00+00:00,4964.573511134127,0.0,4964.573511134127,5000.0,0.00708529777317457,0,0.0,0.0
2024-01-02 18:30:00+00:00,4964.573511134127,0.0,4964.573511134127,5000.0,0.00708529777317457,0,0.0,0.0
2024-01-02 19:30:00+00:00,4964.573511134127,0.0,4964.573511134127,5000.0,0.00708529777317457,0,0.0,0.0
2024-01-02 20:30:00+00:00,4964.573511134127,0.0,4964.573511134127,5000.0,0.00708529777317457,0,0.0,0.0
2024-01-03 14:30:00+00:00,4964.573511134127,0.0,4964.573511134127,5000.0,0.00708529777317457,0,0.0,0.0
2024-01-03 15:30:00+00:00,4964.573511134127,0.0,4964.573511134127,5000.0,0.00708529777317457,0,0.0,0.0
2024-01-03 16:30:00+00:00,4964.573511134127,0.0,4964.573511134127,5000.0,0.00708529777317457,0,0.0,0.0
2024-01-03 17:30:00+00:00,4964.573511134127,0.0,4964.573511134127,5000.0,0.00708529777317457,0,0.0,0.0
2024-01-03 18:30:00+00:00,4964.573511134127,0.0,4964.573511134127,5000.0,0.00708529777317457,0,0.0,0.0
2024-01-03 19:30:00+00:00,4964.573511134127,0.0,4964.573511134127,5000.0,0.00708529777317457,0,0.0,0.0
2024-01-03 20:30:00+00:00,4964.573511134127,0.0,4964.573511134127,5000.0,0.00708529777317457,0,0.0,0.0
2024-01-04 14:30:00+00:00,4964.573511134127,0.0,4964.573511134127,5000.0,0.00708529777317457,0,0.0,0.0
2024-01-04 15:30:00+00:00,4964.573511134127,0.0,4964.573511134127,5000.0,0.00708529777317457,0,0.0,0.0
2024-01-04 16:30:00+00:00,4964.573511134127,0.0,4964.573511134127,5000.0,0.00708529777317457,0,0.0,0.0
2024-01-04 17:30:00+00:00,4964.573511134127,0.0,4964.573511134127,5000.0,0.00708529777317457,0,0.0,0.0
2024-01-04 18:30:00+00:00,4964.573511134127,0.0,4964.573511134127,5000.0,0.00708529777317457,0,0.0,0.0
2024-01-04 19:30:00+00:00,4964.573511134127,0.0,4964.573511134127,5000.0,0.00708529777317457,0,0.0,0.0
2024-01-04 20:30:00+00:00,4964.573511134127,0.0,4964.573511134127,5000.0,0.00708529777317457,0,0.0,0.0
2024-01-05 14:30:00+00:00,4964.573511134127,0.0,4964.573511134127,5000.0,0.00708529777317457,0,0.0,0.0
2024-01-05 15:30:00+00:00,4964.573511134127,0.0,4964.573511134127,5000.0,0.00708529777317457,0,0.0,0.0
2024-01-05 16:30:00+00:00,4964.573511134127,0.0,4964.573511134127,5000.0,0.00708529777317457,0,0.0,0.0
2024-01-05 17:30:00+00:00,4964.573511134127,0.0,4964.573511134127,5000.0,0.00708529777317457,0,0.0,0.0
2024-01-05 18:30:00+00:00,4964.573511134127,0.0,4964.573511134127,5000.0,0.00708529777317457,0,0.0,0.0
2024-01-05 19:30:00+00:00,4964.573511134127,0.0,4964.573511134127,5000.0,0.00708529777317457,0,0.0,0.0
2024-01-05 20:30:00+00:00,4964.573511134127,0.0,4964.573511134127,5000.0,0.00708529777317457,0,0.0,0.0
2024-01-08 14:30:00+00:00,4467.867931345158,493.97944747797646,4961.847378823134,5000.0,0.007630524235373248,1,992.9147022268255,9.324317321782527
2024-01-08 15:30:00+00:00,4467.867931345158,495.68633717767534,4963.554268522833,5000.0,0.007289146295433424,1,992.9147022268255,9.324317321782527
2024-01-08 16:30:00+00:00,4467.867931345158,496.86355668510987,4964.731488030267,5000.0,0.007053702393946537,1,992.9147022268255,9.324317321782527
2024-01-08 17:30:00+00:00,4467.867931345158,497.4815576334722,4965.34948897863,5000.0,0.006930102204274036,1,992.9147022268255,9.324317321782527
2024-01-08 18:30:00+00:00,3971.1623515561882,994.468168281503,4965.630519837691,5000.0,0.0068738960324616905,1,992.9147022268255,9.324317321782527
2024-01-08 19:30:00+00:00,3971.1623515561882,996.3496908616794,4967.512042417868,5000.0,0.006497591516426482,1,992.9147022268255,9.324317321782527
2024-01-08 20:30:00+00:00,3971.1623515561882,994.2917783433682,4965.454129899556,5000.0,0.006909174020088726,1,992.9147022268255,9.324317321782527
2024-01-09 14:30:00+00:00,4954.692898200918,0.0,4954.692898200918,5000.0,0.009061420359816497,0,0.0,0.0
2024-01-09 15:30:00+00:00,4954.692898200918,0.0,4954.692898200918,5000.0,0.009061420359816497,0,0.0,0.0
2024-01-09 16:30:00+00:00,4954.692898200918,0.0,4954.692898200918,5000.0,0.009061420359816497,0,0.0,0.0
2024-01-09 17:30:00+00:00,4954.692898200918,0.0,4954.692898200918,5000.0,0.009061420359816497,0,0.0,0.0
2024-01-09 18:30:00+00:00,4954.692898200918,0.0,4954.692898200918,5000.0,0.009061420359816497,0,0.0,0.0
2024-01-09 19:30:00+00:00,4954.692898200918,0.0,4954.692898200918,5000.0,0.009061420359816497,0,0.0,0.0
2024-01-09 20:30:00+00:00,4954.692898200918,0.0,4954.692898200918,5000.0,0.009061420359816497,0,0.0,0.0
2024-01-10 14:30:00+00:00,4954.692898200918,0.0,4954.692898200918,5000.0,0.009061420359816497,0,0.0,0.0
2024-01-10 15:30:00+00:00,4954.692898200918,0.0,4954.692898200918,5000.0,0.009061420359816497,0,0.0,0.0
2024-01-10 16:30:00+00:00,4954.692898200918,0.0,4954.692898200918,5000.0,0.009061420359816497,0,0.0,0.0
2024-01-10 17:30:00+00:00,4954.692898200918,0.0,4954.692898200918,5000.0,0.009061420359816497,0,0.0,0.0
2024-01-10 18:30:00+00:00,4954.692898200918,0.0,4954.692898200918,5000.0,0.009061420359816497,0,0.0,0.0
2024-01-10 19:30:00+00:00,4954.692898200918,0.0,4954.692898200918,5000.0,0.009061420359816497,0,0.0,0.0
2024-01-10 20:30:00+00:00,4954.692898200918,0.0,4954.692898200918,5000.0,0.009061420359816497,0,0.0,0.0
2024-01-11 14:30:00+00:00,4954.692898200918,0.0,4954.692898200918,5000.0,0.009061420359816497,0,0.0,0.0
2024-01-11 15:30:00+00:00,4954.692898200918,0.0,4954.692898200918,5000.0,0.009061420359816497,0,0.0,0.0
2024-01-11 16:30:00+00:00,4954.692898200918,0.0,4954.692898200918,5000.0,0.009061420359816497,0,0.0,0.0
2024-01-11 17:30:00+00:00,4954.692898200918,0.0,4954.692898200918,5000.0,0.009061420359816497,0,0.0,0.0
2024-01-11 18:30:00+00:00,4954.692898200918,0.0,4954.692898200918,5000.0,0.009061420359816497,0,0.0,0.0
2024-01-11 19:30:00+00:00,4954.692898200918,0.0,4954.692898200918,5000.0,0.009061420359816497,0,0.0,0.0
2024-01-11 20:30:00+00:00,4954.692898200918,0.0,4954.692898200918,5000.0,0.009061420359816497,0,0.0,0.0
2024-01-12 14:30:00+00:00,4954.692898200918,0.0,4954.692898200918,5000.0,0.009061420359816497,0,0.0,0.0
2024-01-12 15:30:00+00:00,4954.692898200918,0.0,4954.692898200918,5000.0,0.009061420359816497,0,0.0,0.0
2024-01-12 16:30:00+00:00,4954.692898200918,0.0,4954.692898200918,5000.0,0.009061420359816497,0,0.0,0.0
2024-01-12 17:30:00+00:00,4954.692898200918,0.0,4954.692898200918,5000.0,0.009061420359816497,0,0.0,0.0
2024-01-12 18:30:00+00:00,4954.692898200918,0.0,4954.692898200918,5000.0,0.009061420359816497,0,0.0,0.0
2024-01-12 19:30:00+00:00,4954.692898200918,0.0,4954.692898200918,5000.0,0.009061420359816497,0,0.0,0.0
2024-01-12 20:30:00+00:00,4954.692898200918,0.0,4954.692898200918,5000.0,0.009061420359816497,0,0.0,0.0
2024-01-16 14:30:00+00:00,4458.975873735915,497.63888368451444,4956.61475742043,5000.0,0.00867704851591411,1,990.9385796401835,18.499054086779427
2024-01-16 15:30:00+00:00,3963.2588492709133,983.143496201084,4946.402345471997,5000.0,0.010719530905600516,1,990.9385796401835,18.499054086779427
2024-01-16 16:30:00+00:00,3963.2588492709133,987.0439417011344,4950.302790972048,5000.0,0.009939441805590477,1,990.9385796401835,18.499054086779427
2024-01-16 17:30:00+00:00,3963.2588492709133,988.1279200950262,4951.3867693659395,5000.0,0.009722646126812062,1,990.9385796401835,18.499054086779427
2024-01-16 18:30:00+00:00,3963.2588492709133,985.0890271562016,4948.347876427115,5000.0,0.010330424714577013,1,990.9385796401835,18.499054086779427
2024-01-16 19:30:00+00:00,3963.2588492709133,983.3902498592001,4946.649099130113,5000.0,0.010670180173977362,1,990.9385796401835,18.499054086779427
2024-01-16 20:30:00+00:00,3963.2588492709133,984.6998977958206,4947.958747066734,5000.0,0.010408250586653178,1,990.9385796401835,18.499054086779427
2024-01-17 14:30:00+00:00,3963.2588492709133,1000.3966741620548,4963.655523432968,5000.0,0.007268895313406354,1,990.9385796401835,18.499054086779427
2024-01-17 15:30:00+00:00,3963.2588492709133,1002.3327056805679,4965.591554951481,5000.0,0.006881689009703762,1,990.9385796401835,18.499054086779427
2024-01-17 16:30:00+00:00,3963.2588492709133,1003.4239824220945,4966.682831693008,5000.0,0.006663433661398432,1,990.9385796401835,18.499054086779427
2024-01-17 17:30:00+00:00,3963.2588492709133,1006.6032816677921,4969.862130938705,5000.0,0.006027573812258935,1,990.9385796401835,18.499054086779427
2024-01-17 18:30:00+00:00,3963.2588492709133,1001.1938159092356,4964.452665180149,5000.0,0.00710946696397019,1,990.9385796401835,18.499054086779427
2024-01-17 19:30:00+00:00,3963.2588492709133,995.2757827520277,4958.534632022941,5000.0,0.00829307359541176,1,990.9385796401835,18.499054086779427
2024-01-17 20:30:00+00:00,3963.2588492709133,996.6006066178556,4959.859455888769,5000.0,0.00802810882224625,1,990.9385796401835,18.499054086779427
2024-01-18 14:30:00+00:00,4724.755646489765,198.11429185536326,4922.8699383451285,5000.0,0.015426012330974292,1,984.3446001978718,35.94271772813551
2024-01-18 15:30:00+00:00,4330.731379875285,594.3384853443358,4925.069865219621,5000.0,0.01498602695607587,3,2953.481364887927,73.49007442019908
2024-01-18 16:30:00+00:00,4330.731379875285,592.6576519870241,4923.389031862309,5000.0,0.015322193627538172,3,2953.481364887927,73.49007442019908
2024-01-18 17:30:00+00:00,4330.731379875285,590.7497815766928,4921.481161451978,5000.0,0.015703767709604466,3,2953.481364887927,73.49007442019908
2024-01-18 18:30:00+00:00,4330.731379875285,594.379351305417,4925.110731180702,5000.0,0.014977853763859628,3,2953.481364887927,73.49007442019908
2024-01-18 19:30:00+00:00,4330.731379875285,594.6711127249573,4925.402492600242,5000.0,0.01491950147995158,3,2953.481364887927,73.49007442019908
2024-01-18 20:30:00+00:00,4133.616085515994,792.201164848012,4925.817250364006,5000.0,0.014836549927198739,4,3938.5652947194635,91.62309757560152
2024-01-19 14:30:00+00:00,3542.4278992277505,1383.6804510766333,4926.108350304384,5000.0,0.014778329939123203,4,3938.5652947194635,91.62309757560152
2024-01-19 15:30:00+00:00,3049.6396633295244,1883.281406093547,4932.9210694230715,5000.0,0.013415786115385742,4,3938.5652947194635,91.62309757560152
2024-01-19 16:30:00+00:00,3049.6396633295244,1876.5230955890966,4926.162758918621,5000.0,0.014767448216275847,4,3938.5652947194635,91.62309757560152
2024-01-19 17:30:00+00:00,3049.6396633295244,1885.6003360582072,4935.239999387732,5000.0,0.012952000122453677,4,3938.5652947194635,91.62309757560152
2024-01-19 18:30:00+00:00,3049.6396633295244,1887.6966939688555,4937.33635729838,5000.0,0.012532728540324056,4,3938.5652947194635,91.62309757560152
2024-01-19 19:30:00+00:00,3049.6396633295244,1887.3428048467722,4936.982468176297,5000.0,0.012603506364740724,4,3938.5652947194635,91.62309757560152
2024-01-19 20:30:00+00:00,3049.6396633295244,1890.5347748241784,4940.174438153703,5000.0,0.011965112369259456,4,3938.5652947194635,91.62309757560152
2024-01-22 14:30:00+00:00,3252.051295332279,1690.2798886954774,4942.3311840277565,5000.0,0.011533763194448654,4,3938.5652947194635,91.62309757560152
2024-01-22 15:30:00+00:00,3252.051295332279,1691.3347172198323,4943.386012552111,5000.0,0.011322797489577763,4,3938.5652947194635,91.62309757560152
2024-01-22 16:30:00+00:00,3252.051295332279,1691.8946259054733,4943.945921237752,5000.0,0.011210815752449532,4,3938.5652947194635,91.62309757560152
2024-01-22 17:30:00+00:00,3252.051295332279,1689.6177748330906,4941.66907016537,5000.0,0.011666185966926035,4,3938.5652947194635,91.62309757560152
2024-01-22 18:30:00+00:00,3252.051295332279,1698.4516219562088,4950.502917288488,5000.0,0.00989941654230242,4,3938.5652947194635,91.62309757560152
2024-01-22 19:30:00+00:00,3252.051295332279,1697.2138965877862,4949.265191920065,5000.0,0.010146961615986938,4,3938.5652947194635,91.62309757560152
2024-01-22 20:30:00+00:00,3252.051295332279,1695.3910296939516,4947.442325026231,5000.0,0.01051153499475388,4,3938.5652947194635,91.62309757560152
2024-01-23 14:30:00+00:00,3503.063731637901,1438.5000653430939,4941.563796980995,5000.0,0.011687240603800997,4,3938.5652947194635,91.62309757560152
2024-01-23 15:30:00+00:00,3503.063731637901,1435.7759459807426,4938.839677618644,5000.0,0.012232064476271232,4,3938.5652947194635,91.62309757560152
2024-01-23 16:30:00+00:00,3749.74564363553,1194.1908782912456,4943.936521926776,5000.0,0.011212695614644885,3,2954.0067581567173,74.33907930000052
2024-01-23 17:30:00+00:00,3749.74564363553,1192.2803654468166,4942.026009082347,5000.0,0.011594798183530708,3,2954.0067581567173,74.33907930000052
2024-01-23 18:30:00+00:00,3749.74564363553,1192.7482705253037,4942.493914160834,5000.0,0.011501217167833255,3,2954.0067581567173,74.33907930000052
2024-01-23 19:30:00+00:00,3851.51156719307,1094.31449962441,4945.82606681748,5000.0,0.010834786636504057,2,1969.6621579588455,38.396361571865015
2024-01-23 20:30:00+00:00,3952.0005384320325,995.7784359161301,4947.778974348163,5000.0,0.010444205130367479,1,985.0839298315365,18.133023155402448
2024-01-24 14:30:00+00:00,4453.448834418411,502.8445523072087,4956.29338672562,5000.0,0.008741322654876038,1,985.0839298315365,18.133023155402448
2024-01-24 15:30:00+00:00,4453.448834418411,504.2702901778357,4957.719124596247,5000.0,0.008456175080750694,1,985.0839298315365,18.133023155402448
2024-01-24 16:30:00+00:00,4453.448834418411,502.90236944785556,4956.351203866267,5000.0,0.00872975922674668,1,985.0839298315365,18.133023155402448
2024-01-24 17:30:00+00:00,4453.448834418411,503.59820211384704,4957.047036532258,5000.0,0.008590592693548338,1,985.0839298315365,18.133023155402448
2024-01-24 18:30:00+00:00,4956.814966468696,0.0,4956.814966468696,5000.0,0.008637006706260775,0,0.0,0.0
2024-01-24 19:30:00+00:00,4956.814966468696,0.0,4956.814966468696,5000.0,0.008637006706260775,0,0.0,0.0
2024-01-24 20:30:00+00:00,4956.814966468696,0.0,4956.814966468696,5000.0,0.008637006706260775,0,0.0,0.0
2024-01-25 14:30:00+00:00,4956.814966468696,0.0,4956.814966468696,5000.0,0.008637006706260775,0,0.0,0.0
2024-01-25 15:30:00+00:00,4460.885629073503,493.0396794731578,4953.925308546661,5000.0,0.009214938290667885,1,991.3629932937392,35.51996702242507
2024-01-25 16:30:00+00:00,4460.885629073503,495.1707312739836,4956.056360347487,5000.0,0.008788727930502671,1,991.3629932937392,35.51996702242507
2024-01-25 17:30:00+00:00,4460.885629073503,492.7940491418094,4953.679678215312,5000.0,0.009264064356937496,1,991.3629932937392,35.51996702242507
2024-01-25 18:30:00+00:00,4460.885629073503,495.4429019991021,4956.328531072605,5000.0,0.008734293785478964,1,991.3629932937392,35.51996702242507
2024-01-25 19:30:00+00:00,4460.885629073503,496.1267122056079,4957.012341279111,5000.0,0.008597531744177878,1,991.3629932937392,35.51996702242507
2024-01-25 20:30:00+00:00,4460.885629073503,497.89260060390734,4958.77822967741,5000.0,0.008244354064517956,1,991.3629932937392,35.51996702242507
2024-01-26 14:30:00+00:00,3964.9562916783098,988.5406844796862,4953.496976157996,5000.0,0.009300604768400778,1,991.3629932937392,35.51996702242507
2024-01-26 15:30:00+00:00,3964.9562916783098,997.7367669110581,4962.693058589368,5000.0,0.007461388282126391,1,991.3629932937392,35.51996702242507
2024-01-26 16:30:00+00:00,3964.9562916783098,994.2097906073095,4959.166082285619,5000.0,0.008166783542876144,1,991.3629932937392,35.51996702242507
2024-01-26 17:30:00+00:00,3964.9562916783098,994.2366768871407,4959.19296856545,5000.0,0.008161406286909867,1,991.3629932937392,35.51996702242507
2024-01-26 18:30:00+00:00,3964.9562916783098,995.4610179623432,4960.417309640653,5000.0,0.007916538071869428,1,991.3629932937392,35.51996702242507
2024-01-26 19:30:00+00:00,3964.9562916783098,995.2746822344516,4960.230973912761,5000.0,0.007953805217447707,1,991.3629932937392,35.51996702242507
2024-01-26 20:30:00+00:00,3964.9562916783098,997.3507741565054,4962.307065834815,5000.0,0.0075385868330369865,1,991.3629932937392,35.51996702242507
2024-01-29 14:30:00+00:00,3964.9562916783098,999.8660628007538,4964.8223544790635,5000.0,0.007035529104187255,1,991.3629932937392,35.51996702242507
2024-01-29 15:30:00+00:00,3964.9562916783098,1002.4345554126421,4967.390847090952,5000.0,0.006521830581809662,1,991.3629932937392,35.51996702242507
2024-01-29 16:30:00+00:00,3964.9562916783098,1001.1503497204139,4966.106641398724,5000.0,0.006778671720255258,1,991.3629932937392,35.51996702242507
2024-01-29 17:30:00+00:00,3964.9562916783098,1005.2825516163693,4970.238843294679,5000.0,0.005952231341064151,1,991.3629932937392,35.51996702242507
2024-01-29 18:30:00+00:00,3964.9562916783098,1004.1114145088077,4969.067706187117,5000.0,0.006186458762576508,1,991.3629932937392,35.51996702242507
2024-01-29 19:30:00+00:00,3964.9562916783098,1008.9822174395167,4973.9385091178265,5000.0,0.00521229817643476,1,991.3629932937392,35.51996702242507
2024-01-29 20:30:00+00:00,3964.9562916783098,1009.3016849276592,4974.257976605969,5000.0,0.005148404678806173,1,991.3629932937392,35.51996702242507
2024-01-30 14:30:00+00:00,3964.9562916783098,1007.8643655270271,4972.820657205337,5000.0,0.005435868558932633,1,991.3629932937392,35.51996702242507
2024-01-30 15:30:00+00:00,3964.9562916783098,1013.0545547184465,4978.010846396756,5000.0,0.004397830720648699,1,991.3629932937392,35.51996702242507
2024-01-30 16:30:00+00:00,3964.9562916783098,1013.374022206589,4978.330313884899,5000.0,0.004333937223020223,1,991.3629932937392,35.51996702242507
2024-01-30 17:30:00+00:00,3964.9562916783098,1011.2712876869991,4976.227579365309,5000.0,0.004754484126938241,1,991.3629932937392,35.51996702242507
2024-01-30 18:30:00+00:00,3964.9562916783098,1009.9138148515449,4974.870106529855,5000.0,0.0050259786940290985,1,991.3629932937392,35.51996702242507
2024-01-30 19:30:00+00:00,3964.9562916783098,1007.0392572777127,4971.9955489560225,5000.0,0.005600890208795506,1,991.3629932937392,35.51996702242507
2024-01-30 20:30:00+00:00,4968.5656504798635,0.0,4968.5656504798635,5000.0,0.00628686990402727,0,0.0,0.0
2024-01-31 14:30:00+00:00,4968.5656504798635,0.0,4968.5656504798635,5000.0,0.00628686990402727,0,0.0,0.0
2024-01-31 15:30:00+00:00,4968.5656504798635,0.0,4968.5656504798635,5000.0,0.00628686990402727,0,0.0,0.0
2024-01-31 16:30:00+00:00,4968.5656504798635,0.0,4968.5656504798635,5000.0,0.00628686990402727,0,0.0,0.0
2024-01-31 17:30:00+00:00,4968.5656504798635,0.0,4968.5656504798635,5000.0,0.00628686990402727,0,0.0,0.0
2024-01-31 18:30:00+00:00,4471.460657149353,494.93511261401727,4966.3957697633705,5000.0,0.0067208460473259235,1,993.7131300959727,27.710824281040534
2024-01-31 19:30:00+00:00,4471.460657149353,494.8621505266383,4966.3228076759915,5000.0,0.006735438464801735,1,993.7131300959727,27.710824281040534
2024-01-31 20:30:00+00:00,4471.460657149353,494.0155586873616,4965.476215836715,5000.0,0.006904756832657011,1,993.7131300959727,27.710824281040534
2024-02-01 14:30:00+00:00,4471.460657149353,496.52317387119274,4967.983831020546,5000.0,0.006403233795890806,1,993.7131300959727,27.710824281040534
2024-02-01 15:30:00+00:00,3477.383753933708,1481.5317191384215,4958.915473072129,5000.0,0.00821690538557418,3,2980.8733564141053,85.29335758435677
2024-02-01 16:30:00+00:00,3477.383753933708,1482.4923140454962,4959.876067979204,5000.0,0.008024786404159157,3,2980.8733564141053,85.29335758435677
2024-02-01 17:30:00+00:00,3477.383753933708,1482.786774922079,4960.170528855787,5000.0,0.00796589422884264,3,2980.8733564141053,85.29335758435677
2024-02-01 18:30:00+00:00,3477.383753933708,1485.3534964728601,4962.737250406568,5000.0,0.00745254991868638,3,2980.8733564141053,85.29335758435677
2024-02-01 19:30:00+00:00,3477.383753933708,1491.6727016121527,4969.05645554586,5000.0,0.006188708890827899,3,2980.8733564141053,85.29335758435677
2024-02-01 20:30:00+00:00,2980.3403318916644,1983.9005584677952,4964.24089035946,5000.0,0.0071518219281080375,3,2980.8733564141053,85.29335758435677
2024-02-02 14:30:00+00:00,3502.844290285775,1503.0421093629775,5005.886399648753,5029.6187403462945,0.004718516834520181,2,1987.3031791555295,52.69011053609715
2024-02-02 15:30:00+00:00,3502.844290285775,1507.575794648381,5010.420084934156,5029.6187403462945,0.0038171194285825383,2,1987.3031791555295,52.69011053609715
2024-02-02 16:30:00+00:00,3502.844290285775,1516.0476343246282,5018.891924610403,5029.6187403462945,0.0021327293955392124,2,1987.3031791555295,52.69011053609715
2024-02-02 17:30:00+00:00,3502.844290285775,1515.6089255499846,5018.45321583576,5029.6187403462945,0.0022199544512127023,2,1987.3031791555295,52.69011053609715
2024-02-02 18:30:00+00:00,3502.844290285775,1516.401775476449,5019.246065762224,5029.6187403462945,0.0020623182629855297,2,1987.3031791555295,52.69011053609715
2024-02-02 19:30:00+00:00,3502.844290285775,1513.9325295507715,5016.776819836547,5029.6187403462945,0.002553259237471295,2,1987.3031791555295,52.69011053609715
2024-02-02 20:30:00+00:00,3502.844290285775,1512.883551716941,5015.727842002716,5029.6187403462945,0.002761819346693062,2,1987.3031791555295,52.69011053609715
2024-02-05 14:30:00+00:00,3502.844290285775,1497.9890303341954,5000.83332061997,5029.6187403462945,0.0057231812613181,2,1987.3031791555295,52.69011053609715
2024-02-05 15:30:00+00:00,3502.844290285775,1499.3405325769027,5002.184822862678,5029.6187403462945,0.005454472575336378,2,1987.3031791555295,52.69011053609715
2024-02-05 16:30:00+00:00,3502.844290285775,1506.7914107351517,5009.635701020927,5029.6187403462945,0.003973072385202725,2,1987.3031791555295,52.69011053609715
2024-02-05 17:30:00+00:00,3502.844290285775,1505.7501692844698,5008.594459570245,5029.6187403462945,0.004180094329496287,2,1987.3031791555295,52.69011053609715
2024-02-05 18:30:00+00:00,3502.844290285775,1509.25448698111,5012.098777266885,5029.6187403462945,0.0034833580801798547,2,1987.3031791555295,52.69011053609715
2024-02-05 19:30:00+00:00,3502.844290285775,1507.2027647665773,5010.047055052352,5029.6187403462945,0.0038912860605005983,2,1987.3031791555295,52.69011053609715
2024-02-05 20:30:00+00:00,3502.844290285775,1513.1170543685012,5015.961344654276,5029.6187403462945,0.0027153938294491864,2,1987.3031791555295,52.69011053609715
2024-02-06 14:30:00+00:00,3502.844290285775,1477.343700024364,4980.187990310139,5029.6187403462945,0.009827931815116542,2,1987.3031791555295,52.69011053609715
2024-02-06 15:30:00+00:00,4470.461786462038,494.9917718174038,4965.4535582794415,5029.6187403462945,0.012757464408213792,1,993.7131300959727,27.710824281040534
2024-02-06 16:30:00+00:00,4962.990290414457,0.0,4962.990290414457,5029.6187403462945,0.013247216811358098,0,0.0,0.0
2024-02-06 17:30:00+00:00,4962.990290414457,0.0,4962.990290414457,5029.6187403462945,0.013247216811358098,0,0.0,0.0
2024-02-06 18:30:00+00:00,4962.990290414457,0.0,4962.990290414457,5029.6187403462945,0.013247216811358098,0,0.0,0.0
2024-02-06 19:30:00+00:00,4962.990290414457,0.0,4962.990290414457,5029.6187403462945,0.013247216811358098,0,0.0,0.0
2024-02-06 20:30:00+00:00,4962.990290414457,0.0,4962.990290414457,5029.6187403462945,0.013247216811358098,0,0.0,0.0
2024-02-07 14:30:00+00:00,4962.990290414457,0.0,4962.990290414457,5029.6187403462945,0.013247216811358098,0,0.0,0.0
2024-02-07 15:30:00+00:00,4962.990290414457,0.0,4962.990290414457,5029.6187403462945,0.013247216811358098,0,0.0,0.0
2024-02-07 16:30:00+00:00,4962.990290414457,0.0,4962.990290414457,5029.6187403462945,0.013247216811358098,0,0.0,0.0
2024-02-07 17:30:00+00:00,4962.990290414457,0.0,4962.990290414457,5029.6187403462945,0.013247216811358098,0,0.0,0.0
2024-02-07 18:30:00+00:00,4962.990290414457,0.0,4962.990290414457,5029.6187403462945,0.013247216811358098,0,0.0,0.0
2024-02-07 19:30:00+00:00,4962.990290414457,0.0,4962.990290414457,5029.6187403462945,0.013247216811358098,0,0.0,0.0
2024-02-07 20:30:00+00:00,4962.990290414457,0.0,4962.990290414457,5029.6187403462945,0.013247216811358098,0,0.0,0.0
2024-02-08 14:30:00+00:00,4962.990290414457,0.0,4962.990290414457,5029.6187403462945,0.013247216811358098,0,0.0,0.0
2024-02-08 15:30:00+00:00,4962.990290414457,0.0,4962.990290414457,5029.6187403462945,0.013247216811358098,0,0.0,0.0
2024-02-08 16:30:00+00:00,4962.990290414457,0.0,4962.990290414457,5029.6187403462945,0.013247216811358098,0,0.0,0.0
2024-02-08 17:30:00+00:00,4962.990290414457,0.0,4962.990290414457,5029.6187403462945,0.013247216811358098,0,0.0,0.0
2024-02-08 18:30:00+00:00,4962.990290414457,0.0,4962.990290414457,5029.6187403462945,0.013247216811358098,0,0.0,0.0
2024-02-08 19:30:00+00:00,4962.990290414457,0.0,4962.990290414457,5029.6187403462945,0.013247216811358098,0,0.0,0.0
2024-02-08 20:30:00+00:00,4962.990290414457,0.0,4962.990290414457,5029.6187403462945,0.013247216811358098,0,0.0,0.0
2024-02-09 14:30:00+00:00,4962.990290414457,0.0,4962.990290414457,5029.6187403462945,0.013247216811358098,0,0.0,0.0
2024-02-09 15:30:00+00:00,4962.990290414457,0.0,4962.990290414457,5029.6187403462945,0.013247216811358098,0,0.0,0.0
2024-02-09 16:30:00+00:00,4962.990290414457,0.0,4962.990290414457,5029.6187403462945,0.013247216811358098,0,0.0,0.0
2024-02-09 17:30:00+00:00,4962.990290414457,0.0,4962.990290414457,5029.6187403462945,0.013247216811358098,0,0.0,0.0
2024-02-09 18:30:00+00:00,4962.990290414457,0.0,4962.990290414457,5029.6187403462945,0.013247216811358098,0,0.0,0.0
2024-02-09 19:30:00+00:00,4962.990290414457,0.0,4962.990290414457,5029.6187403462945,0.013247216811358098,0,0.0,0.0
2024-02-09 20:30:00+00:00,4962.990290414457,0.0,4962.990290414457,5029.6187403462945,0.013247216811358098,0,0.0,0.0
2024-02-12 14:30:00+00:00,4962.990290414457,0.0,4962.990290414457,5029.6187403462945,0.013247216811358098,0,0.0,0.0
2024-02-12 15:30:00+00:00,4962.990290414457,0.0,4962.990290414457,5029.6187403462945,0.013247216811358098,0,0.0,0.0
2024-02-12 16:30:00+00:00,4962.990290414457,0.0,4962.990290414457,5029.6187403462945,0.013247216811358098,0,0.0,0.0
2024-02-12 17:30:00+00:00,4962.990290414457,0.0,4962.990290414457,5029.6187403462945,0.013247216811358098,0,0.0,0.0
2024-02-12 18:30:00+00:00,4962.990290414457,0.0,4962.990290414457,5029.6187403462945,0.013247216811358098,0,0.0,0.0
2024-02-12 19:30:00+00:00,4962.990290414457,0.0,4962.990290414457,5029.6187403462945,0.013247216811358098,0,0.0,0.0
2024-02-12 20:30:00+00:00,4962.990290414457,0.0,4962.990290414457,5029.6187403462945,0.013247216811358098,0,0.0,0.0
2024-02-13 14:30:00+00:00,4962.990290414457,0.0,4962.990290414457,5029.6187403462945,0.013247216811358098,0,0.0,0.0
2024-02-13 15:30:00+00:00,4962.990290414457,0.0,4962.990290414457,5029.6187403462945,0.013247216811358098,0,0.0,0.0
2024-02-13 16:30:00+00:00,4962.990290414457,0.0,4962.990290414457,5029.6187403462945,0.013247216811358098,0,0.0,0.0
2024-02-13 17:30:00+00:00,4962.990290414457,0.0,4962.990290414457,5029.6187403462945,0.013247216811358098,0,0.0,0.0
2024-02-13 18:30:00+00:00,4495.453717404751,463.5653482115149,4959.019065616266,5029.6187403462945,0.01403678457050761,1,934.6058430978651,49.62990290414457
2024-02-13 19:30:00+00:00,4495.453717404751,456.0207037412529,4951.474421146004,5029.6187403462945,0.015536827587633528,1,934.6058430978651,49.62990290414457
2024-02-13 20:30:00+00:00,4495.453717404751,458.7845062082097,4954.238223612961,5029.6187403462945,0.014987322225569755,1,934.6058430978651,49.62990290414457
2024-02-14 14:30:00+00:00,4495.453717404751,477.8695852254277,4973.323302630179,5029.6187403462945,0.011192784308784343,1,934.6058430978651,49.62990290414457
2024-02-14 15:30:00+00:00,3564.5796889406074,1408.9557057311004,4973.535394671708,5029.6187403462945,0.01115061569671294,2,1860.817648104235,99.3600544015967
2024-02-14 16:30:00+00:00,3564.5796889406074,1402.940551105993,4967.5202400466005,5029.6187403462945,0.012346562136321793,2,1860.817648104235,99.3600544015967
2024-02-14 17:30:00+00:00,3564.5796889406074,1403.0970604681224,4967.67674940873,5029.6187403462945,0.012315444596363134,2,1860.817648104235,99.3600544015967
2024-02-14 18:30:00+00:00,3564.5796889406074,1409.9792585680716,4974.558947508679,5029.6187403462945,0.010947110641993607,2,1860.817648104235,99.3600544015967
2024-02-14 19:30:00+00:00,3564.5796889406074,1416.1502685342975,4980.729957474905,5029.6187403462945,0.009720176696340066,2,1860.817648104235,99.3600544015967
2024-02-14 20:30:00+00:00,3564.5796889406074,1415.2874860453503,4979.867174985958,5029.6187403462945,0.009891717032395109,2,1860.817648104235,99.3600544015967
2024-02-15 14:30:00+00:00,3564.5796889406074,1407.2474585400478,4971.827147480655,5029.6187403462945,0.011490253207872447,2,1860.817648104235,99.3600544015967
2024-02-15 15:30:00+00:00,3101.242233486171,1882.6745453174376,4983.916778803608,5029.6187403462945,0.00908656578202971,2,1860.817648104235,99.3600544015967
2024-02-15 16:30:00+00:00,3101.242233486171,1889.5249384981557,4990.7671719843265,5029.6187403462945,0.007724555352538132,2,1860.817648104235,99.3600544015967
2024-02-15 17:30:00+00:00,3101.242233486171,1893.3723554454687,4994.614588931639,5029.6187403462945,0.006959603346047061,2,1860.817648104235,99.3600544015967
2024-02-15 18:30:00+00:00,3101.242233486171,1893.546160735897,4994.788394222068,5029.6187403462945,0.006925046991102302,2,1860.817648104235,99.3600544015967
2024-02-15 19:30:00+00:00,3101.242233486171,1893.9392447462992,4995.18147823247,5029.6187403462945,0.006846893152671396,2,1860.817648104235,99.3600544015967
2024-02-15 20:30:00+00:00,3101.242233486171,1892.448189000395,4993.690422486566,5029.6187403462945,0.007143348176974373,2,1860.817648104235,99.3600544015967
2024-02-16 14:30:00+00:00,4101.807994256846,936.9750303224373,5038.783024579283,5044.629295180173,0.0011589098541842091,1,934.6058430978651,49.62990290414457
2024-02-16 15:30:00+00:00,4101.807994256846,947.5538069325567,5049.361801189402,5049.361801189402,0.0,1,934.6058430978651,49.62990290414457
2024-02-16 16:30:00+00:00,4101.807994256846,941.1309911446306,5042.938985401476,5049.361801189402,0.0012720054614452359,1,934.6058430978651,49.62990290414457
2024-02-16 17:30:00+00:00,4101.807994256846,935.8416388705818,5037.6496331274275,5049.361801189402,0.0023195343338668906,1,934.6058430978651,49.62990290414457
2024-02-16 18:30:00+00:00,4101.807994256846,935.8416388705818,5037.6496331274275,5049.361801189402,0.0023195343338668906,1,934.6058430978651,49.62990290414457
2024-02-16 19:30:00+00:00,4101.807994256846,928.8520552947075,5030.660049551553,5049.361801189402,0.003703785225579126,1,934.6058430978651,49.62990290414457
2024-02-16 20:30:00+00:00,4101.807994256846,923.7516496373146,5025.55964389416,5049.361801189402,0.004713894197408308,1,934.6058430978651,49.62990290414457
2024-02-20 14:30:00+00:00,4983.041397564802,0.0,4983.041397564802,5049.361801189402,0.013134413067603656,0,0.0,0.0
2024-02-20 15:30:00+00:00,4983.041397564802,0.0,4983.041397564802,5049.361801189402,0.013134413067603656,0,0.0,0.0
2024-02-20 16:30:00+00:00,4983.041397564802,0.0,4983.041397564802,5049.361801189402,0.013134413067603656,0,0.0,0.0
2024-02-20 17:30:00+00:00,4983.041397564802,0.0,4983.041397564802,5049.361801189402,0.013134413067603656,0,0.0,0.0
2024-02-20 18:30:00+00:00,4983.041397564802,0.0,4983.041397564802,5049.361801189402,0.013134413067603656,0,0.0,0.0
2024-02-20 19:30:00+00:00,4983.041397564802,0.0,4983.041397564802,5049.361801189402,0.013134413067603656,0,0.0,0.0
2024-02-20 20:30:00+00:00,4285.076760073736,698.7266041440789,4983.803364217815,5049.361801189402,0.012983509511270253,2,1993.1966268603305,35.80283384411016
2024-02-21 14:30:00+00:00,4476.986983338389,497.9185186297418,4974.905501968131,5049.361801189402,0.01474568512870933,1,996.6082795129604,19.19791846510227
2024-02-21 15:30:00+00:00,4476.986983338389,501.1891602083888,4978.176143546778,5049.361801189402,0.014097951472967551,1,996.6082795129604,19.19791846510227
2024-02-21 16:30:00+00:00,3978.4336915120307,996.3508971455099,4974.784588657541,5049.361801189402,0.014769631384761284,1,996.6082795129604,19.19791846510227
2024-02-21 17:30:00+00:00,3978.4336915120307,995.4266468009632,4973.860338312994,5049.361801189402,0.014952674387211373,1,996.6082795129604,19.19791846510227
2024-02-21 18:30:00+00:00,3978.4336915120307,992.548327021022,4970.982018533053,5049.361801189402,0.015522710738986256,1,996.6082795129604,19.19791846510227
2024-02-21 19:30:00+00:00,3978.4336915120307,994.5816938963894,4973.01538540842,5049.361801189402,0.01512001294163523,1,996.6082795129604,19.19791846510227
2024-02-21 20:30:00+00:00,3978.4336915120307,1004.6689890727653,4983.102680584796,5049.361801189402,0.01312227628232121,1,996.6082795129604,19.19791846510227
2024-02-22 14:30:00+00:00,5005.125351217153,0.0,5005.125351217153,5049.361801189402,0.0087608002187185,0,0.0,0.0
2024-02-22 15:30:00+00:00,4512.483769170622,493.33795980620835,5005.82172897683,5049.361801189402,0.00862288620362206,1,984.7907687087089,50.051253512171535
2024-02-22 16:30:00+00:00,4312.123659701824,693.9308221246556,5006.05448182648,5049.361801189402,0.008576790705059234,2,1986.0906661039976,85.02637286262569
2024-02-22 17:30:00+00:00,4312.123659701824,693.0094035748825,5005.133063276707,5049.361801189402,0.008759272885194624,2,1986.0906661039976,85.02637286262569
2024-02-22 18:30:00+00:00,4312.123659701824,695.1992956662025,5007.322955368027,5049.361801189402,0.008325576078044739,2,1986.0906661039976,85.02637286262569
2024-02-22 19:30:00+00:00,4312.123659701824,693.1035435576896,5005.227203259514,5049.361801189402,0.008740628948294527,2,1986.0906661039976,85.02637286262569
2024-02-22 20:30:00+00:00,4312.123659701824,692.903693018844,5005.027352720668,5049.361801189402,0.008780208314304372,2,1986.0906661039976,85.02637286262569
2024-02-23 14:30:00+00:00,4011.5834954986285,991.8148792000893,5003.398374698718,5049.361801189402,0.009102818989888517,2,1986.0906661039976,85.02637286262569
2024-02-23 15:30:00+00:00,4011.5834954986285,986.94668904636,4998.5301845449885,5049.361801189402,0.010066938881749365,2,1986.0906661039976,85.02637286262569
2024-02-23 16:30:00+00:00,4011.5834954986285,988.5570291724216,5000.14052467105,5049.361801189402,0.009748019345089842,2,1986.0906661039976,85.02637286262569
2024-02-23 17:30:00+00:00,4011.5834954986285,991.2748520618024,5002.858347560431,5049.361801189402,0.009209768572736698,2,1986.0906661039976,85.02637286262569
2024-02-23 18:30:00+00:00,4011.5834954986285,988.3399535183189,4999.923449016947,5049.361801189402,0.00979101005612426,2,1986.0906661039976,85.02637286262569
2024-02-23 19:30:00+00:00,4011.5834954986285,989.3485413143108,5000.932036812939,5049.361801189402,0.00959126445743208,2,1986.0906661039976,85.02637286262569
2024-02-23 20:30:00+00:00,4011.5834954986285,991.4359332425383,5003.019428741167,5049.361801189402,0.009177867277666563,2,1986.0906661039976,85.02637286262569
2024-02-26 14:30:00+00:00,4011.5834954986285,998.1303369885472,5009.713832487176,5049.361801189402,0.007852075225207145,2,1986.0906661039976,85.02637286262569
2024-02-26 15:30:00+00:00,4011.5834954986285,998.690820708126,5010.2743162067545,5049.361801189402,0.00774107432219262,2,1986.0906661039976,85.02637286262569
2024-02-26 16:30:00+00:00,4011.5834954986285,1000.921177047283,5012.5046725459115,5049.361801189402,0.007299363779955104,2,1986.0906661039976,85.02637286262569
2024-02-26 17:30:00+00:00,4011.5834954986285,996.9414183773979,5008.524913876026,5049.361801189402,0.008087534409547903,2,1986.0906661039976,85.02637286262569
2024-02-26 18:30:00+00:00,4011.5834954986285,997.3730173466656,5008.956512845294,5049.361801189402,0.008002058465010453,2,1986.0906661039976,85.02637286262569
2024-02-26 19:30:00+00:00,4011.5834954986285,996.7931550645571,5008.376650563186,5049.361801189402,0.008116897192148587,2,1986.0906661039976,85.02637286262569
2024-02-26 20:30:00+00:00,4011.5834954986285,996.1106947989983,5007.694190297627,5049.361801189402,0.008252054919487106,2,1986.0906661039976,85.02637286262569
2024-02-27 14:30:00+00:00,4011.5834954986285,1004.9326126897167,5016.516108188345,5049.361801189402,0.006504919689716004,2,1986.0906661039976,85.02637286262569
2024-02-27 15:30:00+00:00,4011.5834954986285,1001.4938149897616,5013.07731048839,5049.361801189402,0.007185955795931509,2,1986.0906661039976,85.02637286262569
2024-02-27 16:30:00+00:00,4011.5834954986285,1005.312875864035,5016.896371362664,5049.361801189402,0.006429610533967178,2,1986.0906661039976,85.02637286262569
2024-02-27 17:30:00+00:00,4011.5834954986285,1001.3328186186545,5012.916314117283,5049.361801189402,0.007217840294893141,2,1986.0906661039976,85.02637286262569
2024-02-27 18:30:00+00:00,4011.5834954986285,1006.7710435493918,5018.35453904802,5049.361801189402,0.006140827962472062,2,1986.0906661039976,85.02637286262569
2024-02-27 19:30:00+00:00,4011.5834954986285,1008.2882246910585,5019.871720189687,5049.361801189402,0.005840358081048769,2,1986.0906661039976,85.02637286262569
2024-02-27 20:30:00+00:00,4299.5803961104175,716.1629774526791,5015.743373563097,5049.361801189402,0.006657955787281233,2,2005.3373253580537,47.15943409297286
2024-02-28 14:30:00+00:00,4907.11243667378,101.35586724080804,5008.468303914588,5049.361801189402,0.00809874571974245,1,1004.0374279627652,12.184314742518708
2024-02-28 15:30:00+00:00,4907.11243667378,100.72772601318411,5007.8401626869645,5049.361801189402,0.008223145842442325,1,1004.0374279627652,12.184314742518708
2024-02-28 16:30:00+00:00,4907.11243667378,100.69466382453811,5007.8071004983185,5049.361801189402,0.008229693637975322,1,1004.0374279627652,12.184314742518708
2024-02-28 17:30:00+00:00,4907.11243667378,100.75417979976646,5007.866616473547,5049.361801189402,0.008217906806773256,1,1004.0374279627652,12.184314742518708
2024-02-28 18:30:00+00:00,5007.465977598658,0.0,5007.465977598658,5049.361801189402,0.008297251264679617,0,0.0,0.0
2024-02-28 19:30:00+00:00,5007.465977598658,0.0,5007.465977598658,5049.361801189402,0.008297251264679617,0,0.0,0.0
2024-02-28 20:30:00+00:00,5007.465977598658,0.0,5007.465977598658,5049.361801189402,0.008297251264679617,0,0.0,0.0
2024-02-29 14:30:00+00:00,5007.465977598658,0.0,5007.465977598658,5049.361801189402,0.008297251264679617,0,0.0,0.0
2024-02-29 15:30:00+00:00,4506.469006539913,500.4107570117185,5006.879763551631,5049.361801189402,0.008413347926021886,1,1001.4931955197317,31.099949352133226
2024-02-29 16:30:00+00:00,4506.469006539913,499.82171440724323,5006.290720947156,5049.361801189402,0.008530004768543376,1,1001.4931955197317,31.099949352133226
2024-02-29 17:30:00+00:00,4506.469006539913,502.7037173445733,5009.172723884486,5049.361801189402,0.007959238986489203,1,1001.4931955197317,31.099949352133226
2024-02-29 18:30:00+00:00,4005.472035481167,1002.9132250890989,5008.385260570266,5049.361801189402,0.008115192024759299,1,1001.4931955197317,31.099949352133226
2024-02-29 19:30:00+00:00,4005.472035481167,1002.7235936135658,5008.195629094733,5049.361801189402,0.008152747558111684,1,1001.4931955197317,31.099949352133226
2024-02-29 20:30:00+00:00,4005.472035481167,1001.5225299648655,5006.9945654460325,5049.361801189402,0.008390612004350761,1,1001.4931955197317,31.099949352133226
2024-03-01 14:30:00+00:00,4005.472035481167,1021.2138199438532,5026.68585542502,5049.361801189402,0.0044908538261292374,1,1001.4931955197317,31.099949352133226
2024-03-01 15:30:00+00:00,4522.363326757166,518.1195862438572,5040.482913001023,5049.361801189402,0.0017584179026917113,1,1001.4931955197317,31.099949352133226
2024-03-01 16:30:00+00:00,4522.363326757166,516.8647968922724,5039.228123649438,5049.361801189402,0.002006922446630144,1,1001.4931955197317,31.099949352133226
2024-03-01 17:30:00+00:00,4522.363326757166,516.9083947696581,5039.271721526824,5049.361801189402,0.001998288112410873,1,1001.4931955197317,31.099949352133226
2024-03-01 18:30:00+00:00,4522.363326757166,519.1780886917231,5041.541415448889,5049.361801189402,0.0015487869652499597,1,1001.4931955197317,31.099949352133226
2024-03-01 19:30:00+00:00,4522.363326757166,518.3344890553972,5040.697815812563,5049.361801189402,0.0017158575118935149,1,1001.4931955197317,31.099949352133226
2024-03-01 20:30:00+00:00,4522.363326757166,520.1992628684638,5042.56258962563,5049.361801189402,0.001346548698920924,1,1001.4931955197317,31.099949352133226
2024-03-04 14:30:00+00:00,5054.822504629233,0.0,5054.822504629233,5055.486514833931,0.00013134447154594664,0,0.0,0.0
2024-03-04 15:30:00+00:00,5054.822504629233,0.0,5054.822504629233,5055.486514833931,0.00013134447154594664,0,0.0,0.0
2024-03-04 16:30:00+00:00,5054.822504629233,0.0,5054.822504629233,5055.486514833931,0.00013134447154594664,0,0.0,0.0
2024-03-04 17:30:00+00:00,5054.822504629233,0.0,5054.822504629233,5055.486514833931,0.00013134447154594664,0,0.0,0.0
2024-03-04 18:30:00+00:00,5054.822504629233,0.0,5054.822504629233,5055.486514833931,0.00013134447154594664,0,0.0,0.0
2024-03-04 19:30:00+00:00,5054.822504629233,0.0,5054.822504629233,5055.486514833931,0.00013134447154594664,0,0.0,0.0
2024-03-04 20:30:00+00:00,5054.822504629233,0.0,5054.822504629233,5055.486514833931,0.00013134447154594664,0,0.0,0.0
2024-03-05 14:30:00+00:00,5054.822504629233,0.0,5054.822504629233,5055.486514833931,0.00013134447154594664,0,0.0,0.0
2024-03-05 15:30:00+00:00,5054.822504629233,0.0,5054.822504629233,5055.486514833931,0.00013134447154594664,0,0.0,0.0
2024-03-05 16:30:00+00:00,5054.822504629233,0.0,5054.822504629233,5055.486514833931,0.00013134447154594664,0,0.0,0.0
2024-03-05 17:30:00+00:00,5054.822504629233,0.0,5054.822504629233,5055.486514833931,0.00013134447154594664,0,0.0,0.0
2024-03-05 18:30:00+00:00,5054.822504629233,0.0,5054.822504629233,5055.486514833931,0.00013134447154594664,0,0.0,0.0
2024-03-05 19:30:00+00:00,5054.822504629233,0.0,5054.822504629233,5055.486514833931,0.00013134447154594664,0,0.0,0.0
2024-03-05 20:30:00+00:00,5054.822504629233,0.0,5054.822504629233,5055.486514833931,0.00013134447154594664,0,0.0,0.0
2024-03-06 14:30:00+00:00,5054.822504629233,0.0,5054.822504629233,5055.486514833931,0.00013134447154594664,0,0.0,0.0
2024-03-06 15:30:00+00:00,5054.822504629233,0.0,5054.822504629233,5055.486514833931,0.00013134447154594664,0,0.0,0.0
2024-03-06 16:30:00+00:00,5054.822504629233,0.0,5054.822504629233,5055.486514833931,0.00013134447154594664,0,0.0,0.0
2024-03-06 17:30:00+00:00,5054.822504629233,0.0,5054.822504629233,5055.486514833931,0.00013134447154594664,0,0.0,0.0
2024-03-06 18:30:00+00:00,5054.822504629233,0.0,5054.822504629233,5055.486514833931,0.00013134447154594664,0,0.0,0.0
2024-03-06 19:30:00+00:00,5054.822504629233,0.0,5054.822504629233,5055.486514833931,0.00013134447154594664,0,0.0,0.0
2024-03-06 20:30:00+00:00,5054.822504629233,0.0,5054.822504629233,5055.486514833931,0.00013134447154594664,0,0.0,0.0
2024-03-07 14:30:00+00:00,5054.822504629233,0.0,5054.822504629233,5055.486514833931,0.00013134447154594664,0,0.0,0.0
2024-03-07 15:30:00+00:00,5054.822504629233,0.0,5054.822504629233,5055.486514833931,0.00013134447154594664,0,0.0,0.0
2024-03-07 16:30:00+00:00,5054.822504629233,0.0,5054.822504629233,5055.486514833931,0.00013134447154594664,0,0.0,0.0
2024-03-07 17:30:00+00:00,5054.822504629233,0.0,5054.822504629233,5055.486514833931,0.00013134447154594664,0,0.0,0.0
2024-03-07 18:30:00+00:00,5054.822504629233,0.0,5054.822504629233,5055.486514833931,0.00013134447154594664,0,0.0,0.0
2024-03-07 19:30:00+00:00,5054.822504629233,0.0,5054.822504629233,5055.486514833931,0.00013134447154594664,0,0.0,0.0
2024-03-07 20:30:00+00:00,5054.822504629233,0.0,5054.822504629233,5055.486514833931,0.00013134447154594664,0,0.0,0.0
2024-03-08 14:30:00+00:00,5054.822504629233,0.0,5054.822504629233,5055.486514833931,0.00013134447154594664,0,0.0,0.0
2024-03-08 15:30:00+00:00,5054.822504629233,0.0,5054.822504629233,5055.486514833931,0.00013134447154594664,0,0.0,0.0
2024-03-08 16:30:00+00:00,5054.822504629233,0.0,5054.822504629233,5055.486514833931,0.00013134447154594664,0,0.0,0.0
2024-03-08 17:30:00+00:00,5054.822504629233,0.0,5054.822504629233,5055.486514833931,0.00013134447154594664,0,0.0,0.0
2024-03-08 18:30:00+00:00,5054.822504629233,0.0,5054.822504629233,5055.486514833931,0.00013134447154594664,0,0.0,0.0
2024-03-08 19:30:00+00:00,5054.822504629233,0.0,5054.822504629233,5055.486514833931,0.00013134447154594664,0,0.0,0.0
2024-03-08 20:30:00+00:00,5054.822504629233,0.0,5054.822504629233,5055.486514833931,0.00013134447154594664,0,0.0,0.0
2024-03-11 13:30:00+00:00,5054.822504629233,0.0,5054.822504629233,5055.486514833931,0.00013134447154594664,0,0.0,0.0
2024-03-11 14:30:00+00:00,5054.822504629233,0.0,5054.822504629233,5055.486514833931,0.00013134447154594664,0,0.0,0.0
2024-03-11 15:30:00+00:00,5054.822504629233,0.0,5054.822504629233,5055.486514833931,0.00013134447154594664,0,0.0,0.0
2024-03-11 16:30:00+00:00,5054.822504629233,0.0,5054.822504629233,5055.486514833931,0.00013134447154594664,0,0.0,0.0
2024-03-11 17:30:00+00:00,5054.822504629233,0.0,5054.822504629233,5055.486514833931,0.00013134447154594664,0,0.0,0.0
2024-03-11 18:30:00+00:00,5054.822504629233,0.0,5054.822504629233,5055.486514833931,0.00013134447154594664,0,0.0,0.0
2024-03-11 19:30:00+00:00,5054.822504629233,0.0,5054.822504629233,5055.486514833931,0.00013134447154594664,0,0.0,0.0
2024-03-12 13:30:00+00:00,5054.822504629233,0.0,5054.822504629233,5055.486514833931,0.00013134447154594664,0,0.0,0.0
2024-03-12 14:30:00+00:00,5054.822504629233,0.0,5054.822504629233,5055.486514833931,0.00013134447154594664,0,0.0,0.0
2024-03-12 15:30:00+00:00,4589.2755313827,460.4438882635977,5049.719419646298,5055.486514833931,0.0011407596817263332,1,930.6286321769767,50.54822504629233
2024-03-12 16:30:00+00:00,4589.2755313827,460.91881328631007,5050.19434466901,5055.486514833931,0.0010468171855255726,1,930.6286321769767,50.54822504629233
2024-03-12 17:30:00+00:00,4589.2755313827,462.5161178228673,5051.791649205567,5055.486514833931,0.0007308625228298338,1,930.6286321769767,50.54822504629233
2024-03-12 18:30:00+00:00,4589.2755313827,464.39310769208896,5053.668639074789,5055.486514833931,0.00035958473112496225,1,930.6286321769767,50.54822504629233
2024-03-12 19:30:00+00:00,4589.2755313827,465.45460448412905,5054.730135866829,5055.486514833931,0.0001496154652738113,1,930.6286321769767,50.54822504629233
2024-03-13 13:30:00+00:00,4589.2755313827,461.04455799278367,5050.320089375484,5055.486514833931,0.0010219442665484468,1,930.6286321769767,50.54822504629233
2024-03-13 14:30:00+00:00,4589.2755313827,460.47640452585074,5049.751935908551,5055.486514833931,0.0011343278057519557,1,930.6286321769767,50.54822504629233
2024-03-13 15:30:00+00:00,4589.2755313827,462.05509179687033,5051.3306231795705,5055.486514833931,0.0008220557293875386,1,930.6286321769767,50.54822504629233
2024-03-13 16:30:00+00:00,4589.2755313827,463.12150582087725,5052.397037203577,5055.486514833931,0.0006111138109633485,1,930.6286321769767,50.54822504629233
2024-03-13 17:30:00+00:00,4589.2755313827,463.1913703074306,5052.466901690131,5055.486514833931,0.0005972942732495046,1,930.6286321769767,50.54822504629233
2024-03-13 18:30:00+00:00,4589.2755313827,461.1143940560314,5050.389925438732,5055.486514833931,0.0010081303511036976,1,930.6286321769767,50.54822504629233
2024-03-13 19:30:00+00:00,4589.2755313827,461.66390183412113,5050.939433216821,5055.486514833931,0.0008994350205006052,1,930.6286321769767,50.54822504629233
2024-03-14 13:30:00+00:00,4589.2755313827,463.0516697576295,5052.32720114033,5055.486514833931,0.0006249277264080977,1,930.6286321769767,50.54822504629233
2024-03-14 14:30:00+00:00,4589.2755313827,462.34381574089457,5051.619347123595,5055.486514833931,0.0007649447187703107,1,930.6286321769767,50.54822504629233
2024-03-14 15:30:00+00:00,4589.2755313827,461.76076846153137,5051.0362998442315,5055.486514833931,0.0008802743270389657,1,930.6286321769767,50.54822504629233
2024-03-14 16:30:00+00:00,4589.2755313827,461.375177890096,5050.650709272796,5055.486514833931,0.0009565460311180551,1,930.6286321769767,50.54822504629233
2024-03-14 17:30:00+00:00,4589.2755313827,460.5648862779426,5049.840417660643,5055.486514833931,0.001116825681706679,1,930.6286321769767,50.54822504629233
2024-03-14 18:30:00+00:00,4589.2755313827,456.39231650960664,5045.667847892307,5055.486514833931,0.0019421804237463869,1,930.6286321769767,50.54822504629233
2024-03-14 19:30:00+00:00,4589.2755313827,458.09674848709983,5047.3722798698,5055.486514833931,0.001605035428404844,1,930.6286321769767,50.54822504629233
2024-03-15 13:30:00+00:00,4589.2755313827,453.48830731872295,5042.763838701423,5055.486514833931,0.002516607668752946,1,930.6286321769767,50.54822504629233
2024-03-15 14:30:00+00:00,4589.2755313827,452.4106945120875,5041.686225894788,5055.486514833931,0.0027297647612450904,1,930.6286321769767,50.54822504629233
2024-03-15 15:30:00+00:00,4589.2755313827,449.6212312450489,5038.896762627749,5055.486514833931,0.003281534261342478,1,930.6286321769767,50.54822504629233
2024-03-15 16:30:00+00:00,4589.2755313827,451.08181967895325,5040.357351061653,5055.486514833931,0.0029926227135381733,1,930.6286321769767,50.54822504629233
2024-03-15 17:30:00+00:00,4589.2755313827,450.6923066912668,5039.967838073967,5055.486514833931,0.0030696702907681006,1,930.6286321769767,50.54822504629233
2024-03-15 18:30:00+00:00,4589.2755313827,450.4408457016243,5039.716377084324,5055.486514833931,0.0031194105064534794,1,930.6286321769767,50.54822504629233
2024-03-15 19:30:00+00:00,4589.2755313827,450.7807884433587,5040.056319826059,5055.486514833931,0.003052168166722824,1,930.6286321769767,50.54822504629233
2024-03-18 13:30:00+00:00,5047.712294067726,0.0,5047.712294067726,5055.486514833931,0.0015377789542893039,0,0.0,0.0
2024-03-18 14:30:00+00:00,5047.712294067726,0.0,5047.712294067726,5055.486514833931,0.0015377789542893039,0,0.0,0.0
2024-03-18 15:30:00+00:00,5047.712294067726,0.0,5047.712294067726,5055.486514833931,0.0015377789542893039,0,0.0,0.0
2024-03-18 16:30:00+00:00,5047.712294067726,0.0,5047.712294067726,5055.486514833931,0.0015377789542893039,0,0.0,0.0
2024-03-18 17:30:00+00:00,5047.712294067726,0.0,5047.712294067726,5055.486514833931,0.0015377789542893039,0,0.0,0.0
2024-03-18 18:30:00+00:00,5047.712294067726,0.0,5047.712294067726,5055.486514833931,0.0015377789542893039,0,0.0,0.0
2024-03-18 19:30:00+00:00,5047.712294067726,0.0,5047.712294067726,5055.486514833931,0.0015377789542893039,0,0.0,0.0
2024-03-19 13:30:00+00:00,5047.712294067726,0.0,5047.712294067726,5055.486514833931,0.0015377789542893039,0,0.0,0.0
2024-03-19 14:30:00+00:00,5047.712294067726,0.0,5047.712294067726,5055.486514833931,0.0015377789542893039,0,0.0,0.0
2024-03-19 15:30:00+00:00,5047.712294067726,0.0,5047.712294067726,5055.486514833931,0.0015377789542893039,0,0.0,0.0
2024-03-19 16:30:00+00:00,5047.712294067726,0.0,5047.712294067726,5055.486514833931,0.0015377789542893039,0,0.0,0.0
2024-03-19 17:30:00+00:00,5047.712294067726,0.0,5047.712294067726,5055.486514833931,0.0015377789542893039,0,0.0,0.0
2024-03-19 18:30:00+00:00,5047.712294067726,0.0,5047.712294067726,5055.486514833931,0.0015377789542893039,0,0.0,0.0
2024-03-19 19:30:00+00:00,5047.712294067726,0.0,5047.712294067726,5055.486514833931,0.0015377789542893039,0,0.0,0.0
2024-03-20 13:30:00+00:00,5047.712294067726,0.0,5047.712294067726,5055.486514833931,0.0015377789542893039,0,0.0,0.0
2024-03-20 14:30:00+00:00,5047.712294067726,0.0,5047.712294067726,5055.486514833931,0.0015377789542893039,0,0.0,0.0
2024-03-20 15:30:00+00:00,5047.712294067726,0.0,5047.712294067726,5055.486514833931,0.0015377789542893039,0,0.0,0.0
2024-03-20 16:30:00+00:00,5047.712294067726,0.0,5047.712294067726,5055.486514833931,0.0015377789542893039,0,0.0,0.0
2024-03-20 17:30:00+00:00,5047.712294067726,0.0,5047.712294067726,5055.486514833931,0.0015377789542893039,0,0.0,0.0
2024-03-20 18:30:00+00:00,5047.712294067726,0.0,5047.712294067726,5055.486514833931,0.0015377789542893039,0,0.0,0.0
2024-03-20 19:30:00+00:00,5047.712294067726,0.0,5047.712294067726,5055.486514833931,0.0015377789542893039,0,0.0,0.0
2024-03-21 13:30:00+00:00,5047.712294067726,0.0,5047.712294067726,5055.486514833931,0.0015377789542893039,0,0.0,0.0
2024-03-21 14:30:00+00:00,5047.712294067726,0.0,5047.712294067726,5055.486514833931,0.0015377789542893039,0,0.0,0.0
2024-03-21 15:30:00+00:00,5047.712294067726,0.0,5047.712294067726,5055.486514833931,0.0015377789542893039,0,0.0,0.0
2024-03-21 16:30:00+00:00,5047.712294067726,0.0,5047.712294067726,5055.486514833931,0.0015377789542893039,0,0.0,0.0
2024-03-21 17:30:00+00:00,5047.712294067726,0.0,5047.712294067726,5055.486514833931,0.0015377789542893039,0,0.0,0.0
2024-03-21 18:30:00+00:00,5047.712294067726,0.0,5047.712294067726,5055.486514833931,0.0015377789542893039,0,0.0,0.0
2024-03-21 19:30:00+00:00,5047.712294067726,0.0,5047.712294067726,5055.486514833931,0.0015377789542893039,0,0.0,0.0
2024-03-22 13:30:00+00:00,5047.712294067726,0.0,5047.712294067726,5055.486514833931,0.0015377789542893039,0,0.0,0.0
2024-03-22 14:30:00+00:00,5047.712294067726,0.0,5047.712294067726,5055.486514833931,0.0015377789542893039,0,0.0,0.0
2024-03-22 15:30:00+00:00,5047.712294067726,0.0,5047.712294067726,5055.486514833931,0.0015377789542893039,0,0.0,0.0
2024-03-22 16:30:00+00:00,5047.712294067726,0.0,5047.712294067726,5055.486514833931,0.0015377789542893039,0,0.0,0.0
2024-03-22 17:30:00+00:00,5047.712294067726,0.0,5047.712294067726,5055.486514833931,0.0015377789542893039,0,0.0,0.0
2024-03-22 18:30:00+00:00,5047.712294067726,0.0,5047.712294067726,5055.486514833931,0.0015377789542893039,0,0.0,0.0
2024-03-22 19:30:00+00:00,5047.712294067726,0.0,5047.712294067726,5055.486514833931,0.0015377789542893039,0,0.0,0.0
2024-03-25 13:30:00+00:00,5047.712294067726,0.0,5047.712294067726,5055.486514833931,0.0015377789542893039,0,0.0,0.0
2024-03-25 14:30:00+00:00,5047.712294067726,0.0,5047.712294067726,5055.486514833931,0.0015377789542893039,0,0.0,0.0
2024-03-25 15:30:00+00:00,5047.712294067726,0.0,5047.712294067726,5055.486514833931,0.0015377789542893039,0,0.0,0.0
2024-03-25 16:30:00+00:00,5047.712294067726,0.0,5047.712294067726,5055.486514833931,0.0015377789542893039,0,0.0,0.0
2024-03-25 17:30:00+00:00,5047.712294067726,0.0,5047.712294067726,5055.486514833931,0.0015377789542893039,0,0.0,0.0
2024-03-25 18:30:00+00:00,5047.712294067726,0.0,5047.712294067726,5055.486514833931,0.0015377789542893039,0,0.0,0.0
2024-03-25 19:30:00+00:00,5047.712294067726,0.0,5047.712294067726,5055.486514833931,0.0015377789542893039,0,0.0,0.0
2024-03-26 13:30:00+00:00,5047.712294067726,0.0,5047.712294067726,5055.486514833931,0.0015377789542893039,0,0.0,0.0
2024-03-26 14:30:00+00:00,5047.712294067726,0.0,5047.712294067726,5055.486514833931,0.0015377789542893039,0,0.0,0.0
2024-03-26 15:30:00+00:00,5047.712294067726,0.0,5047.712294067726,5055.486514833931,0.0015377789542893039,0,0.0,0.0
2024-03-26 16:30:00+00:00,5047.712294067726,0.0,5047.712294067726,5055.486514833931,0.0015377789542893039,0,0.0,0.0
2024-03-26 17:30:00+00:00,5047.712294067726,0.0,5047.712294067726,5055.486514833931,0.0015377789542893039,0,0.0,0.0
2024-03-26 18:30:00+00:00,5047.712294067726,0.0,5047.712294067726,5055.486514833931,0.0015377789542893039,0,0.0,0.0
2024-03-26 19:30:00+00:00,5047.712294067726,0.0,5047.712294067726,5055.486514833931,0.0015377789542893039,0,0.0,0.0
2024-03-27 13:30:00+00:00,5047.712294067726,0.0,5047.712294067726,5055.486514833931,0.0015377789542893039,0,0.0,0.0
2024-03-27 14:30:00+00:00,5047.712294067726,0.0,5047.712294067726,5055.486514833931,0.0015377789542893039,0,0.0,0.0
2024-03-27 15:30:00+00:00,5047.712294067726,0.0,5047.712294067726,5055.486514833931,0.0015377789542893039,0,0.0,0.0
2024-03-27 16:30:00+00:00,5047.712294067726,0.0,5047.712294067726,5055.486514833931,0.0015377789542893039,0,0.0,0.0
2024-03-27 17:30:00+00:00,5047.712294067726,0.0,5047.712294067726,5055.486514833931,0.0015377789542893039,0,0.0,0.0
2024-03-27 18:30:00+00:00,5047.712294067726,0.0,5047.712294067726,5055.486514833931,0.0015377789542893039,0,0.0,0.0
2024-03-27 19:30:00+00:00,5047.712294067726,0.0,5047.712294067726,5055.486514833931,0.0015377789542893039,0,0.0,0.0
2024-03-28 13:30:00+00:00,5047.712294067726,0.0,5047.712294067726,5055.486514833931,0.0015377789542893039,0,0.0,0.0
2024-03-28 14:30:00+00:00,5047.712294067726,0.0,5047.712294067726,5055.486514833931,0.0015377789542893039,0,0.0,0.0
2024-03-28 15:30:00+00:00,5047.712294067726,0.0,5047.712294067726,5055.486514833931,0.0015377789542893039,0,0.0,0.0
2024-03-28 16:30:00+00:00,5047.712294067726,0.0,5047.712294067726,5055.486514833931,0.0015377789542893039,0,0.0,0.0
2024-03-28 17:30:00+00:00,5047.712294067726,0.0,5047.712294067726,5055.486514833931,0.0015377789542893039,0,0.0,0.0
2024-03-28 18:30:00+00:00,5047.712294067726,0.0,5047.712294067726,5055.486514833931,0.0015377789542893039,0,0.0,0.0
2024-03-28 19:30:00+00:00,5047.712294067726,0.0,5047.712294067726,5055.486514833931,0.0015377789542893039,0,0.0,0.0
2024-04-01 13:30:00+00:00,5047.712294067726,0.0,5047.712294067726,5055.486514833931,0.0015377789542893039,0,0.0,0.0
2024-04-01 14:30:00+00:00,5047.712294067726,0.0,5047.712294067726,5055.486514833931,0.0015377789542893039,0,0.0,0.0
2024-04-01 15:30:00+00:00,5047.712294067726,0.0,5047.712294067726,5055.486514833931,0.0015377789542893039,0,0.0,0.0
2024-04-01 16:30:00+00:00,5047.712294067726,0.0,5047.712294067726,5055.486514833931,0.0015377789542893039,0,0.0,0.0
2024-04-01 17:30:00+00:00,5047.712294067726,0.0,5047.712294067726,5055.486514833931,0.0015377789542893039,0,0.0,0.0
2024-04-01 18:30:00+00:00,5047.712294067726,0.0,5047.712294067726,5055.486514833931,0.0015377789542893039,0,0.0,0.0
2024-04-01 19:30:00+00:00,5047.712294067726,0.0,5047.712294067726,5055.486514833931,0.0015377789542893039,0,0.0,0.0
2024-04-02 13:30:00+00:00,5047.712294067726,0.0,5047.712294067726,5055.486514833931,0.0015377789542893039,0,0.0,0.0
2024-04-02 14:30:00+00:00,5047.712294067726,0.0,5047.712294067726,5055.486514833931,0.0015377789542893039,0,0.0,0.0
2024-04-02 15:30:00+00:00,5047.712294067726,0.0,5047.712294067726,5055.486514833931,0.0015377789542893039,0,0.0,0.0
2024-04-02 16:30:00+00:00,5047.712294067726,0.0,5047.712294067726,5055.486514833931,0.0015377789542893039,0,0.0,0.0
2024-04-02 17:30:00+00:00,5047.712294067726,0.0,5047.712294067726,5055.486514833931,0.0015377789542893039,0,0.0,0.0
2024-04-02 18:30:00+00:00,5047.712294067726,0.0,5047.712294067726,5055.486514833931,0.0015377789542893039,0,0.0,0.0
2024-04-02 19:30:00+00:00,5047.712294067726,0.0,5047.712294067726,5055.486514833931,0.0015377789542893039,0,0.0,0.0
2024-04-03 13:30:00+00:00,5047.712294067726,0.0,5047.712294067726,5055.486514833931,0.0015377789542893039,0,0.0,0.0
2024-04-03 14:30:00+00:00,5047.712294067726,0.0,5047.712294067726,5055.486514833931,0.0015377789542893039,0,0.0,0.0
2024-04-03 15:30:00+00:00,5047.712294067726,0.0,5047.712294067726,5055.486514833931,0.0015377789542893039,0,0.0,0.0
2024-04-03 16:30:00+00:00,5047.712294067726,0.0,5047.712294067726,5055.486514833931,0.0015377789542893039,0,0.0,0.0
2024-04-03 17:30:00+00:00,5047.712294067726,0.0,5047.712294067726,5055.486514833931,0.0015377789542893039,0,0.0,0.0
2024-04-03 18:30:00+00:00,5047.712294067726,0.0,5047.712294067726,5055.486514833931,0.0015377789542893039,0,0.0,0.0
2024-04-03 19:30:00+00:00,5047.712294067726,0.0,5047.712294067726,5055.486514833931,0.0015377789542893039,0,0.0,0.0
2024-04-04 13:30:00+00:00,5047.712294067726,0.0,5047.712294067726,5055.486514833931,0.0015377789542893039,0,0.0,0.0
2024-04-04 14:30:00+00:00,4845.702848059136,202.11439836865884,5047.817246427795,5055.486514833931,0.0015170188632949166,1,1009.5424588135453,23.420318113019434
2024-04-04 15:30:00+00:00,4845.702848059136,203.17332098023235,5048.8761690393685,5055.486514833931,0.0013075587829513013,1,1009.5424588135453,23.420318113019434
2024-04-04 16:30:00+00:00,4845.702848059136,203.2439313805462,5048.946779439682,5055.486514833931,0.0012935916998413344,1,1009.5424588135453,23.420318113019434
2024-04-04 17:30:00+00:00,4845.702848059136,202.0555653450565,5047.758413404193,5055.486514833931,0.0015286563235927808,1,1009.5424588135453,23.420318113019434
2024-04-04 18:30:00+00:00,4542.68867904625,495.47261032617007,5038.1612893724205,5055.486514833931,0.0034270144744080744,1,1009.5424588135453,23.420318113019434
2024-04-04 19:30:00+00:00,4542.68867904625,496.3566627292603,5039.045341775511,5055.486514833931,0.003252144578010152,1,1009.5424588135453,23.420318113019434
2024-04-05 13:30:00+00:00,5036.422948637215,0.0,5036.422948637215,5055.486514833931,0.003770866788147753,0,0.0,0.0
2024-04-05 14:30:00+00:00,5036.422948637215,0.0,5036.422948637215,5055.486514833931,0.003770866788147753,0,0.0,0.0
2024-04-05 15:30:00+00:00,5036.422948637215,0.0,5036.422948637215,5055.486514833931,0.003770866788147753,0,0.0,0.0
2024-04-05 16:30:00+00:00,4633.31168698122,403.19119089768355,5036.502877878904,5055.486514833931,0.003755056392559908,2,2014.5490337630915,49.330389169573934
2024-04-05 17:30:00+00:00,4028.6447944972288,1005.5744820640293,5034.219276561258,5055.486514833931,0.004206763920795886,2,2014.5490337630915,49.330389169573934
2024-04-05 18:30:00+00:00,4028.6447944972288,1004.0006814071321,5032.645475904361,5055.486514833931,0.004518069400946789,2,2014.5490337630915,49.330389169573934
2024-04-05 19:30:00+00:00,4028.6447944972288,1005.3782348272234,5034.023029324452,5055.486514833931,0.004245582585672092,2,2014.5490337630915,49.330389169573934
2024-04-08 13:30:00+00:00,4028.6447944972288,1020.6731164170933,5049.317910914322,5055.486514833931,0.0012201800759450432,2,2014.5490337630915,49.330389169573934
2024-04-08 14:30:00+00:00,2855.6733469818246,2193.897742905584,5049.571089887409,5055.486514833931,0.001170100034717847,3,2840.102723795163,74.57413226915651
2024-04-08 15:30:00+00:00,2607.8834069186983,2429.5750572972997,5037.458464215998,5055.486514833931,0.0035660367335635934,3,2840.102723795163,74.57413226915651
2024-04-08 16:30:00+00:00,2607.8834069186983,2436.2249716130805,5044.108378531779,5055.486514833931,0.0022506511032650556,3,2840.102723795163,74.57413226915651
2024-04-08 17:30:00+00:00,2607.8834069186983,2431.781051854919,5039.664458773617,5055.486514833931,0.0031296802026646864,3,2840.102723795163,74.57413226915651
2024-04-08 18:30:00+00:00,2607.8834069186983,2434.4466726759506,5042.330079594649,5055.486514833931,0.0026024073451048624,3,2840.102723795163,74.57413226915651
2024-04-08 19:30:00+00:00,2607.8834069186983,2434.9844584610705,5042.867865379769,5055.486514833931,0.0024960306821384393,3,2840.102723795163,74.57413226915651
2024-04-09 13:30:00+00:00,3634.931092475881,1433.1844621500622,5068.115554625943,5068.115554625943,0.0,3,2840.102723795163,74.57413226915651
2024-04-09 14:30:00+00:00,4036.713480749702,1018.2105143511167,5054.9239951008185,5068.229939473527,0.0026253632000940996,2,2014.5490337630915,49.330389169573934
2024-04-09 15:30:00+00:00,4036.713480749702,1027.1767394569501,5063.890220206652,5068.229939473527,0.0008562593486683978,2,2014.5490337630915,49.330389169573934
2024-04-09 16:30:00+00:00,4036.713480749702,1025.823663482584,5062.537144232286,5068.229939473527,0.0011232314455394965,2,2014.5490337630915,49.330389169573934
2024-04-09 17:30:00+00:00,4036.713480749702,1021.5686160250502,5058.282096774752,5068.229939473527,0.0019627844074905365,2,2014.5490337630915,49.330389169573934
2024-04-09 18:30:00+00:00,4036.713480749702,1023.7533154507978,5060.4667962005,5068.229939473527,0.0015317267301874216,2,2014.5490337630915,49.330389169573934
2024-04-09 19:30:00+00:00,3834.194899804536,1229.3153653434633,5063.510265147999,5068.229939473527,0.0009312273479877842,3,3026.6358950582744,68.98192567168635
2024-04-10 13:30:00+00:00,3530.417028386787,1530.1721990330989,5060.589227419886,5068.229939473527,0.0015075701270245156,3,3026.6358950582744,68.98192567168635
2024-04-10 14:30:00+00:00,3024.1205760238718,2040.6335276153732,5064.754103639245,5068.229939473527,0.0006858086305854272,3,3026.6358950582744,68.98192567168635
2024-04-10 15:30:00+00:00,3024.1205760238718,2039.9905059772473,5064.111082001119,5068.229939473527,0.0008126816505165113,3,3026.6358950582744,68.98192567168635
2024-04-10 16:30:00+00:00,3024.1205760238718,2046.460127670658,5070.58070369453,5070.58070369453,0.0,3,3026.6358950582744,68.98192567168635
2024-04-10 17:30:00+00:00,3024.1205760238718,2041.991337793882,5066.111913817754,5070.58070369453,0.0008813171780345241,3,3026.6358950582744,68.98192567168635
2024-04-10 18:30:00+00:00,3024.1205760238718,2041.2823474732868,5065.402923497159,5070.58070369453,0.0010211414628700233,3,3026.6358950582744,68.98192567168635
2024-04-10 19:30:00+00:00,3024.1205760238718,2044.8234518268873,5068.944027850759,5070.58070369453,0.0003227787780950564,3,3026.6358950582744,68.98192567168635
2024-04-11 13:30:00+00:00,3024.1205760238718,2045.2557424262932,5069.376318450165,5076.600371172764,0.0014230099268047747,3,3026.6358950582744,68.98192567168635
2024-04-11 14:30:00+00:00,4055.5788685838656,1019.021015444268,5074.599884028134,5076.600371172764,0.00039406039443057317,1,1012.0868612951829,19.651536502112418
2024-04-11 15:30:00+00:00,4055.5788685838656,1017.9003767767877,5073.479245360653,5076.600371172764,0.0006148062845037217,1,1012.0868612951829,19.651536502112418
2024-04-11 16:30:00+00:00,4055.5788685838656,1023.3068973680697,5078.885765951935,5078.885765951935,0.0,1,1012.0868612951829,19.651536502112418
2024-04-11 17:30:00+00:00,4055.5788685838656,1025.4302190535886,5081.009087637454,5081.009087637454,0.0,1,1012.0868612951829,19.651536502112418
2024-04-11 18:30:00+00:00,4055.5788685838656,1027.7254943969397,5083.304362980805,5083.304362980805,0.0,1,1012.0868612951829,19.651536502112418
2024-04-11 19:30:00+00:00,4055.5788685838656,1028.7330972335208,5084.311965817386,5084.311965817386,0.0,1,1012.0868612951829,19.651536502112418
2024-04-12 13:30:00+00:00,4055.5788685838656,1012.8674024079996,5068.446270991865,5084.311965817386,0.0031205195377838058,1,1012.0868612951829,19.651536502112418
2024-04-12 14:30:00+00:00,4055.5788685838656,1015.9146900148803,5071.493558598746,5084.311965817386,0.0025211685090963387,1,1012.0868612951829,19.651536502112418
2024-04-12 15:30:00+00:00,4055.5788685838656,1011.1176269449738,5066.6964955288395,5084.311965817386,0.0034646714062744888,1,1012.0868612951829,19.651536502112418
2024-04-12 16:30:00+00:00,4055.5788685838656,1004.767461158161,5060.346329742027,5084.311965817386,0.0047136438984241025,1,1012.0868612951829,19.651536502112418
2024-04-12 17:30:00+00:00,4055.5788685838656,1006.1240111245238,5061.702879708389,5084.311965817386,0.004446832975828707,1,1012.0868612951829,19.651536502112418
2024-04-12 18:30:00+00:00,4055.5788685838656,1003.548546115409,5059.127414699275,5084.311965817386,0.0049533843098990005,1,1012.0868612951829,19.651536502112418
2024-04-12 19:30:00+00:00,4055.5788685838656,1006.1829889492451,5061.761857533111,5084.311965817386,0.004435233014001394,1,1012.0868612951829,19.651536502112418
2024-04-15 13:30:00+00:00,4055.5788685838656,1010.6066857900182,5066.185554373884,5084.311965817386,0.0035651650735377682,1,1012.0868612951829,19.651536502112418
2024-04-15 14:30:00+00:00,4055.5788685838656,1002.0346819512665,5057.613550535132,5084.311965817386,0.0052511363310810966,1,1012.0868612951829,19.651536502112418
2024-04-15 15:30:00+00:00,5048.918878484482,0.0,5048.918878484482,5084.311965817386,0.006961234395304161,0,0.0,0.0
2024-04-15 16:30:00+00:00,5048.918878484482,0.0,5048.918878484482,5084.311965817386,0.006961234395304161,0,0.0,0.0
2024-04-15 17:30:00+00:00,5048.918878484482,0.0,5048.918878484482,5084.311965817386,0.006961234395304161,0,0.0,0.0
2024-04-15 18:30:00+00:00,5048.918878484482,0.0,5048.918878484482,5084.311965817386,0.006961234395304161,0,0.0,0.0
2024-04-15 19:30:00+00:00,5048.918878484482,0.0,5048.918878484482,5084.311965817386,0.006961234395304161,0,0.0,0.0
2024-04-16 13:30:00+00:00,5048.918878484482,0.0,5048.918878484482,5084.311965817386,0.006961234395304161,0,0.0,0.0
2024-04-16 14:30:00+00:00,5048.918878484482,0.0,5048.918878484482,5084.311965817386,0.006961234395304161,0,0.0,0.0
2024-04-16 15:30:00+00:00,5048.918878484482,0.0,5048.918878484482,5084.311965817386,0.006961234395304161,0,0.0,0.0
2024-04-16 16:30:00+00:00,5048.918878484482,0.0,5048.918878484482,5084.311965817386,0.006961234395304161,0,0.0,0.0
2024-04-16 17:30:00+00:00,5048.918878484482,0.0,5048.918878484482,5084.311965817386,0.006961234395304161,0,0.0,0.0
2024-04-16 18:30:00+00:00,5048.918878484482,0.0,5048.918878484482,5084.311965817386,0.006961234395304161,0,0.0,0.0
2024-04-16 19:30:00+00:00,5048.918878484482,0.0,5048.918878484482,5084.311965817386,0.006961234395304161,0,0.0,0.0
2024-04-17 13:30:00+00:00,5048.918878484482,0.0,5048.918878484482,5084.311965817386,0.006961234395304161,0,0.0,0.0
2024-04-17 14:30:00+00:00,5048.918878484482,0.0,5048.918878484482,5084.311965817386,0.006961234395304161,0,0.0,0.0
2024-04-17 15:30:00+00:00,5048.918878484482,0.0,5048.918878484482,5084.311965817386,0.006961234395304161,0,0.0,0.0
2024-04-17 16:30:00+00:00,5048.918878484482,0.0,5048.918878484482,5084.311965817386,0.006961234395304161,0,0.0,0.0
2024-04-17 17:30:00+00:00,5048.918878484482,0.0,5048.918878484482,5084.311965817386,0.006961234395304161,0,0.0,0.0
2024-04-17 18:30:00+00:00,5048.918878484482,0.0,5048.918878484482,5084.311965817386,0.006961234395304161,0,0.0,0.0
2024-04-17 19:30:00+00:00,5048.918878484482,0.0,5048.918878484482,5084.311965817386,0.006961234395304161,0,0.0,0.0
2024-04-18 13:30:00+00:00,5048.918878484482,0.0,5048.918878484482,5084.311965817386,0.006961234395304161,0,0.0,0.0
2024-04-18 14:30:00+00:00,5048.918878484482,0.0,5048.918878484482,5084.311965817386,0.006961234395304161,0,0.0,0.0
2024-04-18 15:30:00+00:00,5048.918878484482,0.0,5048.918878484482,5084.311965817386,0.006961234395304161,0,0.0,0.0
2024-04-18 16:30:00+00:00,5048.918878484482,0.0,5048.918878484482,5084.311965817386,0.006961234395304161,0,0.0,0.0
2024-04-18 17:30:00+00:00,5048.918878484482,0.0,5048.918878484482,5084.311965817386,0.006961234395304161,0,0.0,0.0
2024-04-18 18:30:00+00:00,5048.918878484482,0.0,5048.918878484482,5084.311965817386,0.006961234395304161,0,0.0,0.0
2024-04-18 19:30:00+00:00,5048.918878484482,0.0,5048.918878484482,5084.311965817386,0.006961234395304161,0,0.0,0.0
2024-04-19 13:30:00+00:00,5048.918878484482,0.0,5048.918878484482,5084.311965817386,0.006961234395304161,0,0.0,0.0
2024-04-19 14:30:00+00:00,5048.918878484482,0.0,5048.918878484482,5084.311965817386,0.006961234395304161,0,0.0,0.0
2024-04-19 15:30:00+00:00,5048.918878484482,0.0,5048.918878484482,5084.311965817386,0.006961234395304161,0,0.0,0.0
2024-04-19 16:30:00+00:00,5048.918878484482,0.0,5048.918878484482,5084.311965817386,0.006961234395304161,0,0.0,0.0
2024-04-19 17:30:00+00:00,5048.918878484482,0.0,5048.918878484482,5084.311965817386,0.006961234395304161,0,0.0,0.0
2024-04-19 18:30:00+00:00,5048.918878484482,0.0,5048.918878484482,5084.311965817386,0.006961234395304161,0,0.0,0.0
2024-04-19 19:30:00+00:00,5048.918878484482,0.0,5048.918878484482,5084.311965817386,0.006961234395304161,0,0.0,0.0
2024-04-22 13:30:00+00:00,5048.918878484482,0.0,5048.918878484482,5084.311965817386,0.006961234395304161,0,0.0,0.0
2024-04-22 14:30:00+00:00,5048.918878484482,0.0,5048.918878484482,5084.311965817386,0.006961234395304161,0,0.0,0.0
2024-04-22 15:30:00+00:00,5048.918878484482,0.0,5048.918878484482,5084.311965817386,0.006961234395304161,0,0.0,0.0
2024-04-22 16:30:00+00:00,5048.918878484482,0.0,5048.918878484482,5084.311965817386,0.006961234395304161,0,0.0,0.0
2024-04-22 17:30:00+00:00,5048.918878484482,0.0,5048.918878484482,5084.311965817386,0.006961234395304161,0,0.0,0.0
2024-04-22 18:30:00+00:00,5048.918878484482,0.0,5048.918878484482,5084.311965817386,0.006961234395304161,0,0.0,0.0
2024-04-22 19:30:00+00:00,5048.918878484482,0.0,5048.918878484482,5084.311965817386,0.006961234395304161,0,0.0,0.0
2024-04-23 13:30:00+00:00,5048.918878484482,0.0,5048.918878484482,5084.311965817386,0.006961234395304161,0,0.0,0.0
2024-04-23 14:30:00+00:00,5048.918878484482,0.0,5048.918878484482,5084.311965817386,0.006961234395304161,0,0.0,0.0
2024-04-23 15:30:00+00:00,5048.918878484482,0.0,5048.918878484482,5084.311965817386,0.006961234395304161,0,0.0,0.0
2024-04-23 16:30:00+00:00,5048.918878484482,0.0,5048.918878484482,5084.311965817386,0.006961234395304161,0,0.0,0.0
2024-04-23 17:30:00+00:00,5048.918878484482,0.0,5048.918878484482,5084.311965817386,0.006961234395304161,0,0.0,0.0
2024-04-23 18:30:00+00:00,5048.918878484482,0.0,5048.918878484482,5084.311965817386,0.006961234395304161,0,0.0,0.0
2024-04-23 19:30:00+00:00,5048.918878484482,0.0,5048.918878484482,5084.311965817386,0.006961234395304161,0,0.0,0.0
2024-04-24 13:30:00+00:00,5048.918878484482,0.0,5048.918878484482,5084.311965817386,0.006961234395304161,0,0.0,0.0
2024-04-24 14:30:00+00:00,5048.918878484482,0.0,5048.918878484482,5084.311965817386,0.006961234395304161,0,0.0,0.0
2024-04-24 15:30:00+00:00,5048.918878484482,0.0,5048.918878484482,5084.311965817386,0.006961234395304161,0,0.0,0.0
2024-04-24 16:30:00+00:00,5048.918878484482,0.0,5048.918878484482,5084.311965817386,0.006961234395304161,0,0.0,0.0
2024-04-24 17:30:00+00:00,5048.918878484482,0.0,5048.918878484482,5084.311965817386,0.006961234395304161,0,0.0,0.0
2024-04-24 18:30:00+00:00,5048.918878484482,0.0,5048.918878484482,5084.311965817386,0.006961234395304161,0,0.0,0.0
2024-04-24 19:30:00+00:00,5048.918878484482,0.0,5048.918878484482,5084.311965817386,0.006961234395304161,0,0.0,0.0
2024-04-25 13:30:00+00:00,5048.918878484482,0.0,5048.918878484482,5084.311965817386,0.006961234395304161,0,0.0,0.0
2024-04-25 14:30:00+00:00,5048.918878484482,0.0,5048.918878484482,5084.311965817386,0.006961234395304161,0,0.0,0.0
2024-04-25 15:30:00+00:00,5048.918878484482,0.0,5048.918878484482,5084.311965817386,0.006961234395304161,0,0.0,0.0
2024-04-25 16:30:00+00:00,5048.918878484482,0.0,5048.918878484482,5084.311965817386,0.006961234395304161,0,0.0,0.0
2024-04-25 17:30:00+00:00,5048.918878484482,0.0,5048.918878484482,5084.311965817386,0.006961234395304161,0,0.0,0.0
2024-04-25 18:30:00+00:00,5048.918878484482,0.0,5048.918878484482,5084.311965817386,0.006961234395304161,0,0.0,0.0
2024-04-25 19:30:00+00:00,5048.918878484482,0.0,5048.918878484482,5084.311965817386,0.006961234395304161,0,0.0,0.0
2024-04-26 13:30:00+00:00,5048.918878484482,0.0,5048.918878484482,5084.311965817386,0.006961234395304161,0,0.0,0.0
2024-04-26 14:30:00+00:00,5048.918878484482,0.0,5048.918878484482,5084.311965817386,0.006961234395304161,0,0.0,0.0
2024-04-26 15:30:00+00:00,5048.918878484482,0.0,5048.918878484482,5084.311965817386,0.006961234395304161,0,0.0,0.0
2024-04-26 16:30:00+00:00,5048.918878484482,0.0,5048.918878484482,5084.311965817386,0.006961234395304161,0,0.0,0.0
2024-04-26 17:30:00+00:00,5048.918878484482,0.0,5048.918878484482,5084.311965817386,0.006961234395304161,0,0.0,0.0
2024-04-26 18:30:00+00:00,5048.918878484482,0.0,5048.918878484482,5084.311965817386,0.006961234395304161,0,0.0,0.0
2024-04-26 19:30:00+00:00,5048.918878484482,0.0,5048.918878484482,5084.311965817386,0.006961234395304161,0,0.0,0.0
2024-04-29 13:30:00+00:00,5048.918878484482,0.0,5048.918878484482,5084.311965817386,0.006961234395304161,0,0.0,0.0
2024-04-29 14:30:00+00:00,5048.918878484482,0.0,5048.918878484482,5084.311965817386,0.006961234395304161,0,0.0,0.0
2024-04-29 15:30:00+00:00,5048.918878484482,0.0,5048.918878484482,5084.311965817386,0.006961234395304161,0,0.0,0.0
2024-04-29 16:30:00+00:00,5048.918878484482,0.0,5048.918878484482,5084.311965817386,0.006961234395304161,0,0.0,0.0
2024-04-29 17:30:00+00:00,5048.918878484482,0.0,5048.918878484482,5084.311965817386,0.006961234395304161,0,0.0,0.0
2024-04-29 18:30:00+00:00,5048.918878484482,0.0,5048.918878484482,5084.311965817386,0.006961234395304161,0,0.0,0.0
2024-04-29 19:30:00+00:00,5048.918878484482,0.0,5048.918878484482,5084.311965817386,0.006961234395304161,0,0.0,0.0
2024-04-30 13:30:00+00:00,5048.918878484482,0.0,5048.918878484482,5084.311965817386,0.006961234395304161,0,0.0,0.0
2024-04-30 14:30:00+00:00,5048.918878484482,0.0,5048.918878484482,5084.311965817386,0.006961234395304161,0,0.0,0.0
2024-04-30 15:30:00+00:00,5048.918878484482,0.0,5048.918878484482,5084.311965817386,0.006961234395304161,0,0.0,0.0
2024-04-30 16:30:00+00:00,5048.918878484482,0.0,5048.918878484482,5084.311965817386,0.006961234395304161,0,0.0,0.0
2024-04-30 17:30:00+00:00,5048.918878484482,0.0,5048.918878484482,5084.311965817386,0.006961234395304161,0,0.0,0.0
2024-04-30 18:30:00+00:00,5048.918878484482,0.0,5048.918878484482,5084.311965817386,0.006961234395304161,0,0.0,0.0
2024-04-30 19:30:00+00:00,5048.918878484482,0.0,5048.918878484482,5084.311965817386,0.006961234395304161,0,0.0,0.0
2024-05-01 13:30:00+00:00,5048.918878484482,0.0,5048.918878484482,5084.311965817386,0.006961234395304161,0,0.0,0.0
2024-05-01 14:30:00+00:00,5048.918878484482,0.0,5048.918878484482,5084.311965817386,0.006961234395304161,0,0.0,0.0
2024-05-01 15:30:00+00:00,5048.918878484482,0.0,5048.918878484482,5084.311965817386,0.006961234395304161,0,0.0,0.0
2024-05-01 16:30:00+00:00,5048.918878484482,0.0,5048.918878484482,5084.311965817386,0.006961234395304161,0,0.0,0.0
2024-05-01 17:30:00+00:00,5048.918878484482,0.0,5048.918878484482,5084.311965817386,0.006961234395304161,0,0.0,0.0
2024-05-01 18:30:00+00:00,5048.918878484482,0.0,5048.918878484482,5084.311965817386,0.006961234395304161,0,0.0,0.0
2024-05-01 19:30:00+00:00,5048.918878484482,0.0,5048.918878484482,5084.311965817386,0.006961234395304161,0,0.0,0.0
2024-05-02 13:30:00+00:00,5048.918878484482,0.0,5048.918878484482,5084.311965817386,0.006961234395304161,0,0.0,0.0
2024-05-02 14:30:00+00:00,5048.918878484482,0.0,5048.918878484482,5084.311965817386,0.006961234395304161,0,0.0,0.0
2024-05-02 15:30:00+00:00,5048.918878484482,0.0,5048.918878484482,5084.311965817386,0.006961234395304161,0,0.0,0.0
2024-05-02 16:30:00+00:00,5048.918878484482,0.0,5048.918878484482,5084.311965817386,0.006961234395304161,0,0.0,0.0
2024-05-02 17:30:00+00:00,5048.918878484482,0.0,5048.918878484482,5084.311965817386,0.006961234395304161,0,0.0,0.0
2024-05-02 18:30:00+00:00,5048.918878484482,0.0,5048.918878484482,5084.311965817386,0.006961234395304161,0,0.0,0.0
2024-05-02 19:30:00+00:00,5048.918878484482,0.0,5048.918878484482,5084.311965817386,0.006961234395304161,0,0.0,0.0
2024-05-03 13:30:00+00:00,5048.918878484482,0.0,5048.918878484482,5084.311965817386,0.006961234395304161,0,0.0,0.0
2024-05-03 14:30:00+00:00,5048.918878484482,0.0,5048.918878484482,5084.311965817386,0.006961234395304161,0,0.0,0.0
2024-05-03 15:30:00+00:00,5048.918878484482,0.0,5048.918878484482,5084.311965817386,0.006961234395304161,0,0.0,0.0
2024-05-03 16:30:00+00:00,5048.918878484482,0.0,5048.918878484482,5084.311965817386,0.006961234395304161,0,0.0,0.0
2024-05-03 17:30:00+00:00,5048.918878484482,0.0,5048.918878484482,5084.311965817386,0.006961234395304161,0,0.0,0.0
2024-05-03 18:30:00+00:00,5048.918878484482,0.0,5048.918878484482,5084.311965817386,0.006961234395304161,0,0.0,0.0
2024-05-03 19:30:00+00:00,5048.918878484482,0.0,5048.918878484482,5084.311965817386,0.006961234395304161,0,0.0,0.0
2024-05-06 13:30:00+00:00,5048.918878484482,0.0,5048.918878484482,5084.311965817386,0.006961234395304161,0,0.0,0.0
2024-05-06 14:30:00+00:00,5048.918878484482,0.0,5048.918878484482,5084.311965817386,0.006961234395304161,0,0.0,0.0
2024-05-06 15:30:00+00:00,5048.918878484482,0.0,5048.918878484482,5084.311965817386,0.006961234395304161,0,0.0,0.0
2024-05-06 16:30:00+00:00,5048.918878484482,0.0,5048.918878484482,5084.311965817386,0.006961234395304161,0,0.0,0.0
2024-05-06 17:30:00+00:00,5048.918878484482,0.0,5048.918878484482,5084.311965817386,0.006961234395304161,0,0.0,0.0
2024-05-06 18:30:00+00:00,5048.918878484482,0.0,5048.918878484482,5084.311965817386,0.006961234395304161,0,0.0,0.0
2024-05-06 19:30:00+00:00,5048.918878484482,0.0,5048.918878484482,5084.311965817386,0.006961234395304161,0,0.0,0.0
2024-05-07 13:30:00+00:00,5048.918878484482,0.0,5048.918878484482,5084.311965817386,0.006961234395304161,0,0.0,0.0
2024-05-07 14:30:00+00:00,5048.918878484482,0.0,5048.918878484482,5084.311965817386,0.006961234395304161,0,0.0,0.0
2024-05-07 15:30:00+00:00,5048.918878484482,0.0,5048.918878484482,5084.311965817386,0.006961234395304161,0,0.0,0.0
2024-05-07 16:30:00+00:00,5048.918878484482,0.0,5048.918878484482,5084.311965817386,0.006961234395304161,0,0.0,0.0
2024-05-07 17:30:00+00:00,5048.918878484482,0.0,5048.918878484482,5084.311965817386,0.006961234395304161,0,0.0,0.0
2024-05-07 18:30:00+00:00,5048.918878484482,0.0,5048.918878484482,5084.311965817386,0.006961234395304161,0,0.0,0.0
2024-05-07 19:30:00+00:00,5048.918878484482,0.0,5048.918878484482,5084.311965817386,0.006961234395304161,0,0.0,0.0
2024-05-08 13:30:00+00:00,5048.918878484482,0.0,5048.918878484482,5084.311965817386,0.006961234395304161,0,0.0,0.0
2024-05-08 14:30:00+00:00,5048.918878484482,0.0,5048.918878484482,5084.311965817386,0.006961234395304161,0,0.0,0.0
2024-05-08 15:30:00+00:00,5048.918878484482,0.0,5048.918878484482,5084.311965817386,0.006961234395304161,0,0.0,0.0
2024-05-08 16:30:00+00:00,5048.918878484482,0.0,5048.918878484482,5084.311965817386,0.006961234395304161,0,0.0,0.0
2024-05-08 17:30:00+00:00,5048.918878484482,0.0,5048.918878484482,5084.311965817386,0.006961234395304161,0,0.0,0.0
2024-05-08 18:30:00+00:00,5048.918878484482,0.0,5048.918878484482,5084.311965817386,0.006961234395304161,0,0.0,0.0
2024-05-08 19:30:00+00:00,5048.918878484482,0.0,5048.918878484482,5084.311965817386,0.006961234395304161,0,0.0,0.0
2024-05-09 13:30:00+00:00,5048.918878484482,0.0,5048.918878484482,5084.311965817386,0.006961234395304161,0,0.0,0.0
2024-05-09 14:30:00+00:00,5048.918878484482,0.0,5048.918878484482,5084.311965817386,0.006961234395304161,0,0.0,0.0
2024-05-09 15:30:00+00:00,5048.918878484482,0.0,5048.918878484482,5084.311965817386,0.006961234395304161,0,0.0,0.0
2024-05-09 16:30:00+00:00,5048.918878484482,0.0,5048.918878484482,5084.311965817386,0.006961234395304161,0,0.0,0.0
2024-05-09 17:30:00+00:00,5048.918878484482,0.0,5048.918878484482,5084.311965817386,0.006961234395304161,0,0.0,0.0
2024-05-09 18:30:00+00:00,5048.918878484482,0.0,5048.918878484482,5084.311965817386,0.006961234395304161,0,0.0,0.0
2024-05-09 19:30:00+00:00,5048.918878484482,0.0,5048.918878484482,5084.311965817386,0.006961234395304161,0,0.0,0.0
2024-05-10 13:30:00+00:00,5048.918878484482,0.0,5048.918878484482,5084.311965817386,0.006961234395304161,0,0.0,0.0
2024-05-10 14:30:00+00:00,5048.918878484482,0.0,5048.918878484482,5084.311965817386,0.006961234395304161,0,0.0,0.0
2024-05-10 15:30:00+00:00,5048.918878484482,0.0,5048.918878484482,5084.311965817386,0.006961234395304161,0,0.0,0.0
2024-05-10 16:30:00+00:00,5048.918878484482,0.0,5048.918878484482,5084.311965817386,0.006961234395304161,0,0.0,0.0
2024-05-10 17:30:00+00:00,5048.918878484482,0.0,5048.918878484482,5084.311965817386,0.006961234395304161,0,0.0,0.0
2024-05-10 18:30:00+00:00,5048.918878484482,0.0,5048.918878484482,5084.311965817386,0.006961234395304161,0,0.0,0.0
2024-05-10 19:30:00+00:00,5048.918878484482,0.0,5048.918878484482,5084.311965817386,0.006961234395304161,0,0.0,0.0
2024-05-13 13:30:00+00:00,5048.918878484482,0.0,5048.918878484482,5084.311965817386,0.006961234395304161,0,0.0,0.0
2024-05-13 14:30:00+00:00,5048.918878484482,0.0,5048.918878484482,5084.311965817386,0.006961234395304161,0,0.0,0.0
2024-05-13 15:30:00+00:00,5048.918878484482,0.0,5048.918878484482,5084.311965817386,0.006961234395304161,0,0.0,0.0
2024-05-13 16:30:00+00:00,5048.918878484482,0.0,5048.918878484482,5084.311965817386,0.006961234395304161,0,0.0,0.0
2024-05-13 17:30:00+00:00,4038.640313786413,1008.1610746713545,5046.801388457768,5084.311965817386,0.007377709631471885,2,2019.547355718279,57.795928956937985
2024-05-13 18:30:00+00:00,4038.640313786413,1010.7309242990245,5049.371238085438,5084.311965817386,0.006872262749976876,2,2019.547355718279,57.795928956937985
2024-05-13 19:30:00+00:00,4038.640313786413,1016.2437003384662,5054.884014124879,5084.311965817386,0.005787990959318701,2,2019.547355718279,57.795928956937985
2024-05-14 13:30:00+00:00,3028.361749088344,2029.5192372630413,5057.880986351385,5084.311965817386,0.005198536133050213,2,2019.547355718279,57.795928956937985
2024-05-14 14:30:00+00:00,3028.361749088344,2027.804537262266,5056.16628635061,5084.311965817386,0.00553578923874154,2,2019.547355718279,57.795928956937985
2024-05-14 15:30:00+00:00,3028.361749088344,2020.8281344217007,5049.189883510045,5084.311965817386,0.006907932192885324,2,2019.547355718279,57.795928956937985
2024-05-14 16:30:00+00:00,3028.361749088344,2037.8161086199675,5066.177857708311,5084.311965817386,0.0035666788802484195,2,2019.547355718279,57.795928956937985
2024-05-14 17:30:00+00:00,3028.361749088344,2036.4461740639003,5064.807923152244,5084.311965817386,0.0038361223300754643,2,2019.547355718279,57.795928956937985
2024-05-14 18:30:00+00:00,3028.361749088344,2041.3246529511248,5069.686402039469,5084.311965817386,0.002876606289355932,2,2019.547355718279,57.795928956937985
2024-05-14 19:30:00+00:00,3028.361749088344,2034.1875808414993,5062.549329929843,5084.311965817386,0.004280350229068697,2,2019.547355718279,57.795928956937985
2024-05-15 13:30:00+00:00,3028.361749088344,2049.972977404472,5078.334726492816,5084.311965817386,0.001175624030302691,2,2019.547355718279,57.795928956937985
2024-05-15 14:30:00+00:00,2825.1256118611786,2251.8940355796544,5077.019647440833,5084.311965817386,0.0014342783105326662,3,3035.22020542925,86.10480762081488
2024-05-15 15:30:00+00:00,2825.1256118611786,2249.5975856638584,5074.723197525037,5084.311965817386,0.001885951994451962,3,3035.22020542925,86.10480762081488
2024-05-15 16:30:00+00:00,2825.1256118611786,2255.6873533708417,5080.81296523202,5084.311965817386,0.0006881954940787249,3,3035.22020542925,86.10480762081488
2024-05-15 17:30:00+00:00,2825.1256118611786,2263.4737358514044,5088.599347712583,5088.599347712583,0.0,3,3035.22020542925,86.10480762081488
2024-05-15 18:30:00+00:00,2825.1256118611786,2264.5892847286427,5089.714896589821,5089.714896589821,0.0,3,3035.22020542925,86.10480762081488
2024-05-15 19:30:00+00:00,2825.1256118611786,2266.1479483013304,5091.273560162509,5091.273560162509,0.0,3,3035.22020542925,86.10480762081488
2024-05-16 13:30:00+00:00,3860.4131298489456,1245.7080505507902,5106.121180399736,5106.121180399736,0.0,3,3035.22020542925,86.10480762081488
2024-05-16 14:30:00+00:00,3860.4131298489456,1248.8407529666238,5109.253882815569,5109.253882815569,0.0,3,3035.22020542925,86.10480762081488
2024-05-16 15:30:00+00:00,3860.4131298489456,1244.5907005230056,5105.003830371951,5109.253882815569,0.0008318342640816212,3,3035.22020542925,86.10480762081488
2024-05-16 16:30:00+00:00,3860.4131298489456,1241.469457716059,5101.8825875650045,5109.253882815569,0.0014427341877367716,3,3035.22020542925,86.10480762081488
2024-05-16 17:30:00+00:00,3860.4131298489456,1246.3458919779032,5106.759021826849,5109.253882815569,0.000488302410868946,3,3035.22020542925,86.10480762081488
2024-05-16 18:30:00+00:00,3860.4131298489456,1244.2549671559727,5104.668097004918,5109.253882815569,0.0008975451045943883,3,3035.22020542925,86.10480762081488
2024-05-16 19:30:00+00:00,3860.4131298489456,1244.05499920673,5104.4681290556755,5109.253882815569,0.0009366834903213883,3,3035.22020542925,86.10480762081488
2024-05-17 13:30:00+00:00,3860.4131298489456,1253.499519000562,5113.912648849508,5113.912648849508,0.0,3,3035.22020542925,86.10480762081488
2024-05-17 14:30:00+00:00,3860.4131298489456,1253.4345595406821,5113.847689389628,5113.925591557066,1.523334003261656e-05,3,3035.22020542925,86.10480762081488
2024-05-17 15:30:00+00:00,4908.2302666791165,204.87464502890452,5113.104911708021,5113.925591557066,0.00016047942707642093,1,1015.6728497109711,28.308878663876893
2024-05-17 16:30:00+00:00,4908.2302666791165,204.81453440335008,5113.044801082467,5113.925591557066,0.0001722337290267495,1,1015.6728497109711,28.308878663876893
2024-05-17 17:30:00+00:00,4908.2302666791165,204.78483511947707,5113.015101798594,5113.925591557066,0.00017804126050935398,1,1015.6728497109711,28.308878663876893
2024-05-17 18:30:00+00:00,4908.2302666791165,205.17440841983262,5113.404675098949,5113.925591557066,0.00010186234601783362,1,1015.6728497109711,28.308878663876893
2024-05-17 19:30:00+00:00,4908.2302666791165,205.13694123259302,5113.36720791171,5113.925591557066,0.0001091888482456227,1,1015.6728497109711,28.308878663876893
2024-05-20 13:30:00+00:00,4908.2302666791165,204.90361930846302,5113.13388598758,5113.925591557066,0.0001548136661967403,1,1015.6728497109711,28.308878663876893
2024-05-20 14:30:00+00:00,4908.2302666791165,204.55574670268288,5112.786013381799,5113.925591557066,0.00022283823940416614,1,1015.6728497109711,28.308878663876893
2024-05-20 15:30:00+00:00,4908.2302666791165,204.73816296674795,5112.9684296458645,5113.925591557066,0.00018716774307026007,1,1015.6728497109711,28.308878663876893
2024-05-20 16:30:00+00:00,4908.2302666791165,204.339397647409,5112.5696643265255,5113.925591557066,0.00026514410627698215,1,1015.6728497109711,28.308878663876893
2024-05-20 17:30:00+00:00,4908.2302666791165,204.90361930846302,5113.13388598758,5113.925591557066,0.0001548136661967403,1,1015.6728497109711,28.308878663876893
2024-05-20 18:30:00+00:00,4908.2302666791165,205.89631851923332,5114.12658519835,5114.12658519835,0.0,1,1015.6728497109711,28.308878663876893
2024-05-20 19:30:00+00:00,5113.841311983157,0.0,5113.841311983157,5114.135065159526,5.74394638832576e-05,0,0.0,0.0
2024-05-21 13:30:00+00:00,5113.841311983157,0.0,5113.841311983157,5114.135065159526,5.74394638832576e-05,0,0.0,0.0
2024-05-21 14:30:00+00:00,5113.841311983157,0.0,5113.841311983157,5114.135065159526,5.74394638832576e-05,0,0.0,0.0
2024-05-21 15:30:00+00:00,5113.841311983157,0.0,5113.841311983157,5114.135065159526,5.74394638832576e-05,0,0.0,0.0
2024-05-21 16:30:00+00:00,4909.1853826775905,205.75802381020185,5114.943406487792,5114.943406487792,0.0,1,1022.7682623966314,49.47674191374174
2024-05-21 17:30:00+00:00,4909.1853826775905,205.34788472053697,5114.5332673981275,5114.943406487792,8.018448242153031e-05,1,1022.7682623966314,49.47674191374174
2024-05-21 18:30:00+00:00,4602.201488719242,510.1115020031284,5112.31299072237,5114.943406487792,0.0005142609715066415,1,1022.7682623966314,49.47674191374174
2024-05-21 19:30:00+00:00,4602.201488719242,509.1803217122115,5111.381810431453,5114.943406487792,0.0006963119184899558,1,1022.7682623966314,49.47674191374174
2024-05-22 13:30:00+00:00,4602.201488719242,505.9945553563184,5108.19604407556,5114.943406487792,0.0013191470317489573,1,1022.7682623966314,49.47674191374174
2024-05-22 14:30:00+00:00,4602.201488719242,506.4438173149547,5108.645306034196,5114.943406487792,0.0012313138099646626,1,1022.7682623966314,49.47674191374174
2024-05-22 15:30:00+00:00,4602.201488719242,506.49282680395027,5108.694315523192,5114.943406487792,0.0012217321811760495,1,1022.7682623966314,49.47674191374174
2024-05-22 16:30:00+00:00,4602.201488719242,504.4425051096914,5106.643993828933,5114.943406487792,0.0016225815222769002,1,1022.7682623966314,49.47674191374174
2024-05-22 17:30:00+00:00,4602.201488719242,500.13769706457424,5102.339185783816,5114.943406487792,0.0024641955349865574,1,1022.7682623966314,49.47674191374174
2024-05-22 18:30:00+00:00,4602.201488719242,504.3690158047275,5106.570504523969,5114.943406487792,0.0016369490917930163,1,1022.7682623966314,49.47674191374174
2024-05-22 19:30:00+00:00,4602.201488719242,504.34448613170025,5106.545974850942,5114.943406487792,0.0016417447798541263,1,1022.7682623966314,49.47674191374174
2024-05-23 13:30:00+00:00,4602.201488719242,505.3008940944701,5107.502382813712,5114.943406487792,0.0014547616821414255,1,1022.7682623966314,49.47674191374174
2024-05-23 14:30:00+00:00,4602.201488719242,507.78347649024727,5109.984965209489,5114.943406487792,0.000969402959965171,1,1022.7682623966314,49.47674191374174
2024-05-23 15:30:00+00:00,4602.201488719242,511.85959020573773,5114.0610789249795,5114.943406487792,0.00017249996582435756,1,1022.7682623966314,49.47674191374174
2024-05-23 16:30:00+00:00,4602.201488719242,511.6962086233998,5113.897697342642,5114.943406487792,0.0002044419775640849,1,1022.7682623966314,49.47674191374174
2024-05-23 17:30:00+00:00,4602.201488719242,505.78789784676883,5107.989386566011,5114.943406487792,0.0013595497289298208,1,1022.7682623966314,49.47674191374174
2024-05-23 18:30:00+00:00,4602.201488719242,506.3376217792875,5108.539110498529,5114.943406487792,0.0012520756302288882,1,1022.7682623966314,49.47674191374174
2024-05-23 19:30:00+00:00,4602.201488719242,508.98423389917025,5111.185722618412,5114.943406487792,0.0007346481809777927,1,1022.7682623966314,49.47674191374174
2024-05-24 13:30:00+00:00,4602.201488719242,516.4013189952166,5118.602807714458,5118.602807714458,0.0,1,1022.7682623966314,49.47674191374174
2024-05-24 14:30:00+00:00,4397.361542885435,728.6161687200529,5125.9777116054875,5125.9777116054875,0.0,2,2046.4561476230554,79.23250619207555
2024-05-24 15:30:00+00:00,4397.361542885435,730.732534506702,5128.094077392137,5128.094077392137,0.0,2,2046.4561476230554,79.23250619207555
2024-05-24 16:30:00+00:00,4397.361542885435,733.2144253611295,5130.575968246564,5130.575968246564,0.0,2,2046.4561476230554,79.23250619207555
2024-05-24 17:30:00+00:00,4397.361542885435,733.9795898469811,5131.341132732416,5131.341132732416,0.0,2,2046.4561476230554,79.23250619207555
2024-05-24 18:30:00+00:00,4397.361542885435,732.2033153380717,5129.564858223506,5131.341132732416,0.0003461618440409042,2,2046.4561476230554,79.23250619207555
2024-05-24 19:30:00+00:00,4397.361542885435,731.8490385579371,5129.210581443372,5131.341132732416,0.0004152035956941358,2,2046.4561476230554,79.23250619207555
2024-05-28 13:30:00+00:00,4090.1016241347234,1017.0582089471163,5107.15983308184,5131.341132732416,0.004712471657034367,2,2046.4561476230554,79.23250619207555
2024-05-28 14:30:00+00:00,4602.6850340625115,509.42752430526343,5112.112558367775,5131.341132732416,0.003747280460849378,1,1023.687885226424,29.755764278333803
2024-05-28 15:30:00+00:00,4602.6850340625115,512.9280679900694,5115.613102052581,5131.341132732416,0.0030650916150374297,1,1023.687885226424,29.755764278333803
2024-05-28 16:30:00+00:00,4602.6850340625115,509.2386338220631,5111.923667884575,5131.341132732416,0.0037840915942966014,1,1023.687885226424,29.755764278333803
2024-05-28 17:30:00+00:00,4602.6850340625115,507.2722569643511,5109.957291026863,5131.341132732416,0.004167300741154678,1,1023.687885226424,29.755764278333803
2024-05-28 18:30:00+00:00,4602.6850340625115,510.0385159336747,5112.723549996186,5131.341132732416,0.0036282099074390617,1,1023.687885226424,29.755764278333803
2024-05-28 19:30:00+00:00,4602.6850340625115,511.3079977088255,5113.993031771337,5131.341132732416,0.003380812250118548,1,1023.687885226424,29.755764278333803
2024-05-29 13:30:00+00:00,4602.6850340625115,507.7328071889897,5110.417841251501,5131.341132732416,0.004077548332822145,1,1023.687885226424,29.755764278333803
2024-05-29 14:30:00+00:00,4602.6850340625115,506.8932841206324,5109.578318183144,5131.341132732416,0.004241155282085685,1,1023.687885226424,29.755764278333803
2024-05-29 15:30:00+00:00,4602.6850340625115,509.47643541893103,5112.1614694814425,5131.341132732416,0.0037377486226023438,1,1023.687885226424,29.755764278333803
2024-05-29 16:30:00+00:00,4602.6850340625115,511.56835668753865,5114.25339075005,5131.341132732416,0.00333007327721091,1,1023.687885226424,29.755764278333803
2024-05-29 17:30:00+00:00,4602.6850340625115,510.4400903028427,5113.125124365354,5131.341132732416,0.0035499507625527116,1,1023.687885226424,29.755764278333803
2024-05-29 18:30:00+00:00,4602.6850340625115,513.8682826200475,5116.553316682559,5131.341132732416,0.002881861811043218,1,1023.687885226424,29.755764278333803
2024-05-29 19:30:00+00:00,4602.6850340625115,509.774713753819,5112.4597478163305,5131.341132732416,0.0036796198942304903,1,1023.687885226424,29.755764278333803
2024-05-30 13:30:00+00:00,4602.6850340625115,523.8196195020955,5126.504653564607,5131.341132732416,0.000942537056629722,1,1023.687885226424,29.755764278333803
2024-05-30 14:30:00+00:00,4602.6850340625115,511.1925621833361,5113.877596245848,5131.341132732416,0.0034033084207107933,1,1023.687885226424,29.755764278333803
2024-05-30 15:30:00+00:00,4602.6850340625115,511.68405707465354,5114.369091137165,5131.341132732416,0.0033075254901662188,1,1023.687885226424,29.755764278333803
2024-05-30 16:30:00+00:00,4602.6850340625115,516.0814222263198,5118.766456288831,5131.341132732416,0.002450563335844369,1,1023.687885226424,29.755764278333803
2024-05-30 17:30:00+00:00,4602.6850340625115,519.338646363708,5122.0236804262195,5131.341132732416,0.0018157928044894023,1,1023.687885226424,29.755764278333803
2024-05-30 18:30:00+00:00,4602.6850340625115,517.6725784466862,5120.357612509198,5131.341132732416,0.0021404774968389884,1,1023.687885226424,29.755764278333803
2024-05-30 19:30:00+00:00,5119.780704091523,0.0,5119.780704091523,5131.341132732416,0.0022529058859777074,0,0.0,0.0
2024-05-31 13:30:00+00:00,5119.780704091523,0.0,5119.780704091523,5131.341132732416,0.0022529058859777074,0,0.0,0.0
2024-05-31 14:30:00+00:00,5119.780704091523,0.0,5119.780704091523,5131.341132732416,0.0022529058859777074,0,0.0,0.0
2024-05-31 15:30:00+00:00,5119.780704091523,0.0,5119.780704091523,5131.341132732416,0.0022529058859777074,0,0.0,0.0
2024-05-31 16:30:00+00:00,5119.780704091523,0.0,5119.780704091523,5131.341132732416,0.0022529058859777074,0,0.0,0.0
2024-05-31 17:30:00+00:00,5119.780704091523,0.0,5119.780704091523,5131.341132732416,0.0022529058859777074,0,0.0,0.0
2024-05-31 18:30:00+00:00,5119.780704091523,0.0,5119.780704091523,5131.341132732416,0.0022529058859777074,0,0.0,0.0
2024-05-31 19:30:00+00:00,5119.780704091523,0.0,5119.780704091523,5131.341132732416,0.0022529058859777074,0,0.0,0.0
2024-06-03 13:30:00+00:00,5119.780704091523,0.0,5119.780704091523,5131.341132732416,0.0022529058859777074,0,0.0,0.0
2024-06-03 14:30:00+00:00,4607.546644647166,511.25303572791927,5118.799680375086,5131.341132732416,0.002444088598461902,1,1023.9561408183047,40.21618987294947
2024-06-03 15:30:00+00:00,4607.546644647166,509.4630165204144,5117.009661167581,5131.341132732416,0.002792929020722368,1,1023.9561408183047,40.21618987294947
2024-06-03 16:30:00+00:00,4607.546644647166,508.92068386672963,5116.467328513896,5131.341132732416,0.0028986192564046664,1,1023.9561408183047,40.21618987294947
2024-06-03 17:30:00+00:00,4607.546644647166,508.74511074965994,5116.291755396826,5131.341132732416,0.002932835090536212,1,1023.9561408183047,40.21618987294947
2024-06-03 18:30:00+00:00,4607.546644647166,510.6919135362041,5118.2385581833705,5131.341132732416,0.002553440554841524,1,1023.9561408183047,40.21618987294947
2024-06-03 19:30:00+00:00,4607.546644647166,511.47877805956523,5119.025422706732,5131.341132732416,0.002400095746338704,1,1023.9561408183047,40.21618987294947
2024-06-04 13:30:00+00:00,4607.546644647166,514.3064313275172,5121.853075974684,5131.341132732416,0.0018490403409761047,1,1023.9561408183047,40.21618987294947
2024-06-04 14:30:00+00:00,4095.3125852028097,1028.52093896541,5123.83352416822,5131.341132732416,0.0014630889605653508,1,1023.9561408183047,40.21618987294947
2024-06-04 15:30:00+00:00,4095.3125852028097,1028.52093896541,5123.83352416822,5131.341132732416,0.0014630889605653508,1,1023.9561408183047,40.21618987294947
2024-06-04 16:30:00+00:00,4095.3125852028097,1032.6690110523286,5127.981596255138,5131.341132732416,0.0006547092446937963,1,1023.9561408183047,40.21618987294947
2024-06-04 17:30:00+00:00,4095.3125852028097,1034.3519767604894,5129.664561963299,5131.341132732416,0.000326731496844368,1,1023.9561408183047,40.21618987294947
2024-06-04 18:30:00+00:00,4095.3125852028097,1029.8222664613868,5125.1348516641965,5131.341132732416,0.0012094851828559072,1,1023.9561408183047,40.21618987294947
2024-06-04 19:30:00+00:00,4095.3125852028097,1035.2779286685372,5130.590513871347,5131.341132732416,0.00014628122388526954,1,1023.9561408183047,40.21618987294947
2024-06-05 13:30:00+00:00,4095.3125852028097,1033.6763007022164,5128.988885905026,5135.032623804354,0.0011769619284036636,1,1023.9561408183047,40.21618987294947
2024-06-05 14:30:00+00:00,4095.3125852028097,1035.8035308651051,5131.116116067915,5135.032623804354,0.0007627035743227317,1,1023.9561408183047,40.21618987294947
2024-06-05 15:30:00+00:00,4095.3125852028097,1035.3717916588867,5130.684376861696,5135.032623804354,0.0008467807823656637,1,1023.9561408183047,40.21618987294947
2024-06-05 16:30:00+00:00,4095.3125852028097,1034.702378224868,5130.014963427678,5135.032623804354,0.00097714284295225,1,1023.9561408183047,40.21618987294947
2024-06-05 17:30:00+00:00,4095.3125852028097,1040.145515183509,5135.458100386319,5135.458100386319,0.0,1,1023.9561408183047,40.21618987294947
2024-06-05 18:30:00+00:00,4095.3125852028097,1038.881687059592,5134.194272262402,5135.458100386319,0.00024609841989009507,1,1023.9561408183047,40.21618987294947
2024-06-05 19:30:00+00:00,4095.3125852028097,1043.9619736788127,5139.274558881622,5139.274558881622,0.0,1,1023.9561408183047,40.21618987294947
2024-06-06 13:30:00+00:00,4095.3125852028097,1056.6001785445205,5151.91276374733,5151.91276374733,0.0,1,1023.9561408183047,40.21618987294947
2024-06-06 14:30:00+00:00,4095.3125852028097,1060.1319167566498,5155.44450195946,5155.44450195946,0.0,1,1023.9561408183047,40.21618987294947
2024-06-06 15:30:00+00:00,4095.3125852028097,1055.8118516231352,5151.124436825945,5155.453895895841,0.0008397823270891447,1,1023.9561408183047,40.21618987294947
2024-06-06 16:30:00+00:00,4095.3125852028097,1060.0035329594357,5155.316118162245,5155.453895895841,2.6724656330467944e-05,1,1023.9561408183047,40.21618987294947
2024-06-06 17:30:00+00:00,4095.3125852028097,1053.3530078686326,5148.665593071442,5155.453895895841,0.0013167226322793324,1,1023.9561408183047,40.21618987294947
2024-06-06 18:30:00+00:00,4095.3125852028097,1053.6529264716428,5148.9655116744525,5155.453895895841,0.0012585476181939947,1,1023.9561408183047,40.21618987294947
2024-06-06 19:30:00+00:00,5148.92058983249,0.0,5148.92058983249,5155.453895895841,0.0012672610783217575,0,0.0,0.0
2024-06-07 13:30:00+00:00,5148.92058983249,0.0,5148.92058983249,5155.453895895841,0.0012672610783217575,0,0.0,0.0
2024-06-07 14:30:00+00:00,5148.92058983249,0.0,5148.92058983249,5155.453895895841,0.0012672610783217575,0,0.0,0.0
2024-06-07 15:30:00+00:00,5148.92058983249,0.0,5148.92058983249,5155.453895895841,0.0012672610783217575,0,0.0,0.0
2024-06-07 16:30:00+00:00,5148.92058983249,0.0,5148.92058983249,5155.453895895841,0.0012672610783217575,0,0.0,0.0
2024-06-07 17:30:00+00:00,5148.92058983249,0.0,5148.92058983249,5155.453895895841,0.0012672610783217575,0,0.0,0.0
2024-06-07 18:30:00+00:00,5148.92058983249,0.0,5148.92058983249,5155.453895895841,0.0012672610783217575,0,0.0,0.0
2024-06-07 19:30:00+00:00,5148.92058983249,0.0,5148.92058983249,5155.453895895841,0.0012672610783217575,0,0.0,0.0
2024-06-10 13:30:00+00:00,5148.92058983249,0.0,5148.92058983249,5155.453895895841,0.0012672610783217575,0,0.0,0.0
2024-06-10 14:30:00+00:00,5148.92058983249,0.0,5148.92058983249,5155.453895895841,0.0012672610783217575,0,0.0,0.0
2024-06-10 15:30:00+00:00,5148.92058983249,0.0,5148.92058983249,5155.453895895841,0.0012672610783217575,0,0.0,0.0
2024-06-10 16:30:00+00:00,5148.92058983249,0.0,5148.92058983249,5155.453895895841,0.0012672610783217575,0,0.0,0.0
2024-06-10 17:30:00+00:00,5148.92058983249,0.0,5148.92058983249,5155.453895895841,0.0012672610783217575,0,0.0,0.0
2024-06-10 18:30:00+00:00,5148.92058983249,0.0,5148.92058983249,5155.453895895841,0.0012672610783217575,0,0.0,0.0
2024-06-10 19:30:00+00:00,5148.92058983249,0.0,5148.92058983249,5155.453895895841,0.0012672610783217575,0,0.0,0.0
2024-06-11 13:30:00+00:00,5148.92058983249,0.0,5148.92058983249,5155.453895895841,0.0012672610783217575,0,0.0,0.0
2024-06-11 14:30:00+00:00,4942.860787827393,206.93166767782895,5149.792455505222,5155.453895895841,0.0010981458674522715,1,1029.7841179664981,28.664297869319185
2024-06-11 15:30:00+00:00,4942.860787827393,207.59632026916915,5150.4571080965625,5155.453895895841,0.0009692236416383171,1,1029.7841179664981,28.664297869319185
2024-06-11 16:30:00+00:00,4942.860787827393,210.43222879659425,5153.293016623988,5155.453895895841,0.0004191443305454623,1,1029.7841179664981,28.664297869319185
2024-06-11 17:30:00+00:00,5048.652706990183,105.80323179377592,5154.455938783959,5155.453895895841,0.00019357308435563603,1,1029.7841179664981,28.664297869319185
2024-06-11 18:30:00+00:00,4842.371823744797,311.3732660685682,5153.745089813366,5155.453895895841,0.0003314559914571191,2,2060.673089707555,41.703155406178915
2024-06-11 19:30:00+00:00,4532.950498876719,621.9047584670643,5154.855257343784,5155.453895895841,0.00011611752605023007,2,2060.673089707555,41.703155406178915
2024-06-12 13:30:00+00:00,5058.997839158726,106.92207464297553,5165.919913801701,5167.208883217456,0.0002494517726854273,1,1029.7841179664981,28.664297869319185
2024-06-12 14:30:00+00:00,5058.997839158726,107.03285852648969,5166.030697685215,5167.208883217456,0.00022801198071698003,1,1029.7841179664981,28.664297869319185
2024-06-12 15:30:00+00:00,5058.997839158726,106.12448646239318,5165.122325621119,5167.208883217456,0.00040380747972357245,1,1029.7841179664981,28.664297869319185
2024-06-12 16:30:00+00:00,5058.997839158726,106.05358579113908,5165.051424949865,5167.208883217456,0.0004175287503082048,1,1029.7841179664981,28.664297869319185
2024-06-12 17:30:00+00:00,5058.997839158726,106.14663816812208,5165.144477326848,5167.208883217456,0.00039952050270564143,1,1029.7841179664981,28.664297869319185
2024-06-12 18:30:00+00:00,5058.997839158726,104.92144008622927,5163.919279244955,5167.208883217456,0.0006366307317641207,1,1029.7841179664981,28.664297869319185
2024-06-12 19:30:00+00:00,5058.997839158726,105.32688983018761,5164.324728988913,5167.208883217456,0.0005581648223880187,1,1029.7841179664981,28.664297869319185
2024-06-13 13:30:00+00:00,5058.997839158726,103.91115834350876,5162.908997502234,5167.208883217456,0.0008321486149296398,1,1029.7841179664981,28.664297869319185
2024-06-13 14:30:00+00:00,5058.997839158726,103.55400962901967,5162.551848787745,5167.208883217456,0.0009012669189426559,1,1029.7841179664981,28.664297869319185
2024-06-13 15:30:00+00:00,5161.9247617494775,0.0,5161.9247617494775,5167.208883217456,0.001022625867736937,0,0.0,0.0
2024-06-13 16:30:00+00:00,5161.9247617494775,0.0,5161.9247617494775,5167.208883217456,0.001022625867736937,0,0.0,0.0
2024-06-13 17:30:00+00:00,5161.9247617494775,0.0,5161.9247617494775,5167.208883217456,0.001022625867736937,0,0.0,0.0
2024-06-13 18:30:00+00:00,5161.9247617494775,0.0,5161.9247617494775,5167.208883217456,0.001022625867736937,0,0.0,0.0
2024-06-13 19:30:00+00:00,5161.9247617494775,0.0,5161.9247617494775,5167.208883217456,0.001022625867736937,0,0.0,0.0
2024-06-14 13:30:00+00:00,5161.9247617494775,0.0,5161.9247617494775,5167.208883217456,0.001022625867736937,0,0.0,0.0
2024-06-14 14:30:00+00:00,5161.9247617494775,0.0,5161.9247617494775,5167.208883217456,0.001022625867736937,0,0.0,0.0
2024-06-14 15:30:00+00:00,5161.9247617494775,0.0,5161.9247617494775,5167.208883217456,0.001022625867736937,0,0.0,0.0
2024-06-14 16:30:00+00:00,5161.9247617494775,0.0,5161.9247617494775,5167.208883217456,0.001022625867736937,0,0.0,0.0
2024-06-14 17:30:00+00:00,4955.344532784264,206.39458653628844,5161.739119320552,5167.208883217456,0.0010585528900658447,1,1032.3849523498955,34.34329666607312
2024-06-14 18:30:00+00:00,4955.344532784264,207.33948163230798,5162.684014416572,5167.208883217456,0.0008756891589152271,1,1032.3849523498955,34.34329666607312
2024-06-14 19:30:00+00:00,4955.344532784264,206.76974260689622,5162.11427539116,5167.208883217456,0.0009859496570464588,1,1032.3849523498955,34.34329666607312
2024-06-17 13:30:00+00:00,4955.344532784264,208.76117936352148,5164.105712147785,5167.208883217456,0.0006005507305403279,1,1032.3849523498955,34.34329666607312
2024-06-17 14:30:00+00:00,4955.344532784264,209.3992790472539,5164.743811831518,5167.208883217456,0.00047706052564366885,1,1032.3849523498955,34.34329666607312
2024-06-17 15:30:00+00:00,5061.964021273409,107.38834997966751,5169.352371253077,5169.352371253077,0.0,1,1032.3849523498955,34.34329666607312
2024-06-17 16:30:00+00:00,5061.964021273409,108.31526466775722,5170.279285941167,5170.279285941167,0.0,1,1032.3849523498955,34.34329666607312
2024-06-17 17:30:00+00:00,5061.964021273409,108.84116861219172,5170.805189885601,5170.805189885601,0.0,1,1032.3849523498955,34.34329666607312
2024-06-17 18:30:00+00:00,5061.964021273409,109.52178264028953,5171.485803913699,5171.485803913699,0.0,1,1032.3849523498955,34.34329666607312
2024-06-17 19:30:00+00:00,5061.964021273409,109.65195042842515,5171.6159717018345,5171.6159717018345,0.0,1,1032.3849523498955,34.34329666607312
2024-06-18 13:30:00+00:00,5172.016122264329,0.0,5172.016122264329,5172.185702368154,3.278693256258958e-05,0,0.0,0.0
2024-06-18 14:30:00+00:00,5172.016122264329,0.0,5172.016122264329,5172.185702368154,3.278693256258958e-05,0,0.0,0.0
2024-06-18 15:30:00+00:00,5172.016122264329,0.0,5172.016122264329,5172.185702368154,3.278693256258958e-05,0,0.0,0.0
2024-06-18 16:30:00+00:00,5172.016122264329,0.0,5172.016122264329,5172.185702368154,3.278693256258958e-05,0,0.0,0.0
2024-06-18 17:30:00+00:00,5172.016122264329,0.0,5172.016122264329,5172.185702368154,3.278693256258958e-05,0,0.0,0.0
2024-06-18 18:30:00+00:00,5172.016122264329,0.0,5172.016122264329,5172.185702368154,3.278693256258958e-05,0,0.0,0.0
2024-06-18 19:30:00+00:00,5172.016122264329,0.0,5172.016122264329,5172.185702368154,3.278693256258958e-05,0,0.0,0.0
2024-06-20 13:30:00+00:00,5172.016122264329,0.0,5172.016122264329,5172.185702368154,3.278693256258958e-05,0,0.0,0.0
2024-06-20 14:30:00+00:00,5172.016122264329,0.0,5172.016122264329,5172.185702368154,3.278693256258958e-05,0,0.0,0.0
2024-06-20 15:30:00+00:00,5172.016122264329,0.0,5172.016122264329,5172.185702368154,3.278693256258958e-05,0,0.0,0.0
2024-06-20 16:30:00+00:00,5172.016122264329,0.0,5172.016122264329,5172.185702368154,3.278693256258958e-05,0,0.0,0.0
2024-06-20 17:30:00+00:00,5172.016122264329,0.0,5172.016122264329,5172.185702368154,3.278693256258958e-05,0,0.0,0.0
2024-06-20 18:30:00+00:00,5172.016122264329,0.0,5172.016122264329,5172.185702368154,3.278693256258958e-05,0,0.0,0.0
2024-06-20 19:30:00+00:00,5172.016122264329,0.0,5172.016122264329,5172.185702368154,3.278693256258958e-05,0,0.0,0.0
2024-06-21 13:30:00+00:00,5172.016122264329,0.0,5172.016122264329,5172.185702368154,3.278693256258958e-05,0,0.0,0.0
2024-06-21 14:30:00+00:00,5172.016122264329,0.0,5172.016122264329,5172.185702368154,3.278693256258958e-05,0,0.0,0.0
2024-06-21 15:30:00+00:00,5172.016122264329,0.0,5172.016122264329,5172.185702368154,3.278693256258958e-05,0,0.0,0.0
2024-06-21 16:30:00+00:00,5172.016122264329,0.0,5172.016122264329,5172.185702368154,3.278693256258958e-05,0,0.0,0.0
2024-06-21 17:30:00+00:00,5172.016122264329,0.0,5172.016122264329,5172.185702368154,3.278693256258958e-05,0,0.0,0.0
2024-06-21 18:30:00+00:00,5172.016122264329,0.0,5172.016122264329,5172.185702368154,3.278693256258958e-05,0,0.0,0.0
2024-06-21 19:30:00+00:00,5172.016122264329,0.0,5172.016122264329,5172.185702368154,3.278693256258958e-05,0,0.0,0.0
2024-06-24 13:30:00+00:00,5172.016122264329,0.0,5172.016122264329,5172.185702368154,3.278693256258958e-05,0,0.0,0.0
2024-06-24 14:30:00+00:00,5172.016122264329,0.0,5172.016122264329,5172.185702368154,3.278693256258958e-05,0,0.0,0.0
2024-06-24 15:30:00+00:00,5172.016122264329,0.0,5172.016122264329,5172.185702368154,3.278693256258958e-05,0,0.0,0.0
2024-06-24 16:30:00+00:00,5172.016122264329,0.0,5172.016122264329,5172.185702368154,3.278693256258958e-05,0,0.0,0.0
2024-06-24 17:30:00+00:00,5172.016122264329,0.0,5172.016122264329,5172.185702368154,3.278693256258958e-05,0,0.0,0.0
2024-06-24 18:30:00+00:00,5172.016122264329,0.0,5172.016122264329,5172.185702368154,3.278693256258958e-05,0,0.0,0.0
2024-06-24 19:30:00+00:00,5172.016122264329,0.0,5172.016122264329,5172.185702368154,3.278693256258958e-05,0,0.0,0.0
2024-06-25 13:30:00+00:00,5172.016122264329,0.0,5172.016122264329,5172.185702368154,3.278693256258958e-05,0,0.0,0.0
2024-06-25 14:30:00+00:00,5172.016122264329,0.0,5172.016122264329,5172.185702368154,3.278693256258958e-05,0,0.0,0.0
2024-06-25 15:30:00+00:00,5172.016122264329,0.0,5172.016122264329,5172.185702368154,3.278693256258958e-05,0,0.0,0.0
2024-06-25 16:30:00+00:00,5172.016122264329,0.0,5172.016122264329,5172.185702368154,3.278693256258958e-05,0,0.0,0.0
2024-06-25 17:30:00+00:00,5172.016122264329,0.0,5172.016122264329,5172.185702368154,3.278693256258958e-05,0,0.0,0.0
2024-06-25 18:30:00+00:00,5172.016122264329,0.0,5172.016122264329,5172.185702368154,3.278693256258958e-05,0,0.0,0.0
2024-06-25 19:30:00+00:00,5172.016122264329,0.0,5172.016122264329,5172.185702368154,3.278693256258958e-05,0,0.0,0.0
2024-06-26 13:30:00+00:00,5172.016122264329,0.0,5172.016122264329,5172.185702368154,3.278693256258958e-05,0,0.0,0.0
2024-06-26 14:30:00+00:00,5172.016122264329,0.0,5172.016122264329,5172.185702368154,3.278693256258958e-05,0,0.0,0.0
2024-06-26 15:30:00+00:00,4654.5559092317835,516.8039987556294,5171.359907987413,5172.185702368154,0.00015966062091754551,1,1034.403224452866,30.30523642067524
2024-06-26 16:30:00+00:00,4654.5559092317835,517.3718089157965,5171.92771814758,5172.185702368154,4.98791488589001e-05,1,1034.403224452866,30.30523642067524
2024-06-26 17:30:00+00:00,4654.5559092317835,518.1668009030182,5172.722710134802,5172.722710134802,0.0,1,1034.403224452866,30.30523642067524
2024-06-26 18:30:00+00:00,4654.5559092317835,517.7617090766444,5172.317618308428,5172.722710134802,7.831307593197945e-05,1,1034.403224452866,30.30523642067524
2024-06-26 19:30:00+00:00,4654.5559092317835,517.1068500953807,5171.662759327164,5172.722710134802,0.00020491158467872417,1,1034.403224452866,30.30523642067524
2024-06-27 13:30:00+00:00,4654.5559092317835,517.2204121274144,5171.776321359198,5172.722710134802,0.00018295756966624221,1,1034.403224452866,30.30523642067524
2024-06-27 14:30:00+00:00,4654.5559092317835,515.744047947991,5170.2999571797745,5172.722710134802,0.00046837093167206856,1,1034.403224452866,30.30523642067524
2024-06-27 15:30:00+00:00,4654.5559092317835,516.1225688004406,5170.678478032224,5172.722710134802,0.00039519460391179706,1,1034.403224452866,30.30523642067524
2024-06-27 16:30:00+00:00,4654.5559092317835,515.1005105121385,5169.656419743922,5172.722710134802,0.0005927807390239126,1,1034.403224452866,30.30523642067524
2024-06-27 17:30:00+00:00,4654.5559092317835,513.3591297493122,5167.915038981096,5172.722710134802,0.0009294275806214225,1,1034.403224452866,30.30523642067524
2024-06-27 18:30:00+00:00,4654.5559092317835,512.7155923134596,5167.271501545243,5172.722710134802,0.0010538373879732665,1,1034.403224452866,30.30523642067524
2024-06-27 19:30:00+00:00,4654.5559092317835,514.0026671851647,5168.558576416948,5172.722710134802,0.0008050177732695785,1,1034.403224452866,30.30523642067524
2024-06-28 13:30:00+00:00,4654.5559092317835,513.5862538133797,5168.142163045163,5172.722710134802,0.0008855195505964586,1,1034.403224452866,30.30523642067524
2024-06-28 14:30:00+00:00,4654.5559092317835,511.57991423013755,5166.135823461921,5172.722710134802,0.001273388704941647,1,1034.403224452866,30.30523642067524
2024-06-28 15:30:00+00:00,4654.5559092317835,511.31495540972173,5165.870864641505,5172.722710134802,0.0013246110176893255,1,1034.403224452866,30.30523642067524
2024-06-28 16:30:00+00:00,4654.5559092317835,510.89854203793584,5165.454451269719,5172.722710134802,0.0014051127950164277,1,1034.403224452866,30.30523642067524
2024-06-28 17:30:00+00:00,4654.5559092317835,510.40640139046627,5164.96231062225,5172.722710134802,0.0015002543046328531,1,1034.403224452866,30.30523642067524
2024-06-28 18:30:00+00:00,4654.5559092317835,511.3906249224192,5165.946534154203,5172.722710134802,0.0013099824522436743,1,1034.403224452866,30.30523642067524
2024-06-28 19:30:00+00:00,4654.5559092317835,512.639865037775,5167.195774269559,5172.722710134802,0.0010684771202628118,1,1034.403224452866,30.30523642067524
2024-07-01 13:30:00+00:00,4654.5559092317835,512.2991789416747,5166.855088173458,5172.722710134802,0.0011343391653001467,1,1034.403224452866,30.30523642067524
2024-07-01 14:30:00+00:00,4654.5559092317835,510.3685666341171,5164.924475865901,5172.722710134802,0.0015075685873557898,1,1034.403224452866,30.30523642067524
2024-07-01 15:30:00+00:00,4654.5559092317835,510.21485932626274,5164.770768558046,5172.722710134802,0.0015372835588451927,1,1034.403224452866,30.30523642067524
2024-07-01 16:30:00+00:00,4654.5559092317835,510.01950490493164,5164.575414136715,5172.722710134802,0.001575049824751651,1,1034.403224452866,30.30523642067524
2024-07-01 17:30:00+00:00,4654.5559092317835,511.16350085835256,5165.719410090136,5172.722710134802,0.0013538904822685272,1,1034.403224452866,30.30523642067524
2024-07-01 18:30:00+00:00,4654.5559092317835,510.3306741147817,5164.886583346565,5172.722710134802,0.0015148940369223984,1,1034.403224452866,30.30523642067524
2024-07-01 19:30:00+00:00,4654.5559092317835,510.82281476225126,5165.378723994035,5172.722710134802,0.001419752527305973,1,1034.403224452866,30.30523642067524
2024-07-02 13:30:00+00:00,5166.144917579917,0.0,5166.144917579917,5172.722710134802,0.001271630613795871,0,0.0,0.0
2024-07-02 14:30:00+00:00,5166.144917579917,0.0,5166.144917579917,5172.722710134802,0.001271630613795871,0,0.0,0.0
2024-07-02 15:30:00+00:00,5166.144917579917,0.0,5166.144917579917,5172.722710134802,0.001271630613795871,0,0.0,0.0
2024-07-02 16:30:00+00:00,5166.144917579917,0.0,5166.144917579917,5172.722710134802,0.001271630613795871,0,0.0,0.0
2024-07-02 17:30:00+00:00,4959.395797978369,206.59710166660716,5165.992899644976,5172.722710134802,0.0013010189926940807,1,1033.2289835159834,34.591853489661254
2024-07-02 18:30:00+00:00,4442.539021184656,723.9678538760718,5166.506875060728,5172.722710134802,0.0012016563466460406,2,2066.425938625853,62.259344248001554
2024-07-02 19:30:00+00:00,4442.539021184656,724.0164907782546,5166.555511962911,5172.722710134802,0.0011922537737829586,2,2066.425938625853,62.259344248001554
2024-07-03 13:30:00+00:00,4132.415341782334,1033.925274614453,5166.340616396787,5172.722710134802,0.0012337977687284507,2,2066.425938625853,62.259344248001554
2024-07-03 14:30:00+00:00,3615.558564988621,1534.6326286436838,5150.191193632305,5172.722710134802,0.004355833042886892,2,2066.425938625853,62.259344248001554
2024-07-03 15:30:00+00:00,3098.6857659847506,2050.173273009735,5148.859038994486,5172.722710134802,0.004613367558551018,2,2066.425938625853,62.259344248001554
2024-07-05 13:30:00+00:00,3098.6857659847506,2098.480891214141,5197.166657198892,5197.166657198892,0.0,2,2066.425938625853,62.259344248001554
2024-07-05 14:30:00+00:00,3632.736957000355,1578.0406973474019,5210.777654347757,5210.777654347757,0.0,2,2066.425938625853,62.259344248001554
2024-07-05 15:30:00+00:00,3632.736957000355,1579.818819238625,5212.55577623898,5212.55577623898,0.0,2,2066.425938625853,62.259344248001554
2024-07-05 16:30:00+00:00,3632.736957000355,1584.038131983838,5216.775088984193,5216.775088984193,0.0,2,2066.425938625853,62.259344248001554
2024-07-05 17:30:00+00:00,3632.736957000355,1584.9764082740194,5217.713365274374,5217.713365274374,0.0,2,2066.425938625853,62.259344248001554
2024-07-05 18:30:00+00:00,3632.736957000355,1587.3973548992535,5220.134311899608,5220.134311899608,0.0,2,2066.425938625853,62.259344248001554
2024-07-05 19:30:00+00:00,3632.736957000355,1589.4077969607551,5222.14475396111,5222.14475396111,0.0,2,2066.425938625853,62.259344248001554
2024-07-08 13:30:00+00:00,3632.736957000355,1593.4147893996487,5226.1517464000035,5228.907403869229,0.0005270044497606152,2,2066.425938625853,62.259344248001554
2024-07-08 14:30:00+00:00,3632.736957000355,1589.4321862394627,5222.1691432398175,5228.907403869229,0.0012886555658693233,2,2066.425938625853,62.259344248001554
2024-07-08 15:30:00+00:00,3632.736957000355,1583.354433925283,5216.091390925638,5228.907403869229,0.0024509925217087725,2,2066.425938625853,62.259344248001554
2024-07-08 16:30:00+00:00,3632.736957000355,1583.6654368357458,5216.402393836101,5228.907403869229,0.002391514912632564,2,2066.425938625853,62.259344248001554
2024-07-08 17:30:00+00:00,3632.736957000355,1583.2889133441995,5216.025870344554,5228.907403869229,0.0024635229752094645,2,2066.425938625853,62.259344248001554
2024-07-08 18:30:00+00:00,3423.988553761173,1787.7705670509845,5211.759120812158,5228.907403869229,0.003279515534044819,3,3109.6463446187645,86.19261332561535
2024-07-08 19:30:00+00:00,3423.988553761173,1792.6511172471123,5216.639671008285,5228.907403869229,0.00234613694858421,3,3109.6463446187645,86.19261332561535
2024-07-09 13:30:00+00:00,3110.8659489024008,2115.0270910870972,5225.893039989498,5234.429542248927,0.0016308371696528434,3,3109.6463446187645,86.19261332561535
2024-07-09 14:30:00+00:00,3110.8659489024008,2112.638594246861,5223.504543149262,5234.429542248927,0.002087142259053376,3,3109.6463446187645,86.19261332561535
2024-07-09 15:30:00+00:00,3110.8659489024008,2117.5591061210093,5228.42505502341,5234.429542248927,0.0011471139647696305,3,3109.6463446187645,86.19261332561535
2024-07-09 16:30:00+00:00,2588.9949408044467,2637.037279530534,5226.032220334981,5234.429542248927,0.0016042477687717716,3,3109.6463446187645,86.19261332561535
2024-07-09 17:30:00+00:00,2588.9949408044467,2641.6527279159636,5230.64766872041,5234.429542248927,0.0007224996531124406,3,3109.6463446187645,86.19261332561535
2024-07-09 18:30:00+00:00,3119.858948605455,2111.70886499725,5231.567813602705,5234.429542248927,0.0005467126117799648,3,3109.6463446187645,86.19261332561535
2024-07-09 19:30:00+00:00,3657.6563913116606,1574.1701397810539,5231.8265310927145,5234.429542248927,0.0004972865018436634,2,2076.4173611027813,51.60075983595411
2024-07-10 13:30:00+00:00,4190.918885207917,1032.6044627644078,5223.523347972325,5234.462609626935,0.002089853815077647,1,1043.2204059929115,23.9332690776138
2024-07-10 14:30:00+00:00,4190.918885207917,1030.167383936152,5221.086269144069,5234.462609626935,0.002555437201569699,1,1043.2204059929115,23.9332690776138
2024-07-10 15:30:00+00:00,4190.918885207917,1030.4153587647115,5221.334243972628,5234.462609626935,0.0025080636988716876,1,1043.2204059929115,23.9332690776138
2024-07-10 16:30:00+00:00,4190.918885207917,1036.0267235422207,5226.945608750138,5234.462609626935,0.0014360597137463849,1,1043.2204059929115,23.9332690776138
2024-07-10 17:30:00+00:00,4190.918885207917,1038.5689149361115,5229.487800144028,5234.462609626935,0.0009503954567862127,1,1043.2204059929115,23.9332690776138
2024-07-10 18:30:00+00:00,4190.918885207917,1044.0717611602613,5234.990646368178,5234.990646368178,0.0,1,1043.2204059929115,23.9332690776138
2024-07-10 19:30:00+00:00,4190.918885207917,1044.955331142679,5235.874216350596,5235.874216350596,0.0,1,1043.2204059929115,23.9332690776138
2024-07-11 13:30:00+00:00,4190.918885207917,1034.7866601778842,5225.705545385801,5235.874216350596,0.001942115212210438,1,1043.2204059929115,23.9332690776138
2024-07-11 14:30:00+00:00,4190.918885207917,1030.539393484376,5221.458278692293,5235.874216350596,0.002753300989027707,1,1043.2204059929115,23.9332690776138
2024-07-11 15:30:00+00:00,4190.918885207917,1027.1911183288194,5218.110003536736,5235.874216350596,0.003392788306179173,1,1043.2204059929115,23.9332690776138
2024-07-11 16:30:00+00:00,4190.918885207917,1025.1450658135873,5216.063951021504,5235.874216350596,0.0037835640258943037,1,1043.2204059929115,23.9332690776138
2024-07-11 17:30:00+00:00,4190.918885207917,1025.8580525774269,5216.776937785344,5235.874216350596,0.003647390631657088,1,1043.2204059929115,23.9332690776138
2024-07-11 18:30:00+00:00,4190.918885207917,1021.6727559383653,5212.591641146282,5235.874216350596,0.004446740743237587,1,1043.2204059929115,23.9332690776138
2024-07-11 19:30:00+00:00,4190.918885207917,1026.2610944582593,5217.179979666176,5235.874216350596,0.0035704136333224445,1,1043.2204059929115,23.9332690776138
2024-07-12 13:30:00+00:00,4190.918885207917,1041.4520835456187,5232.370968753536,5235.874216350596,0.0006690855151028074,1,1043.2204059929115,23.9332690776138
2024-07-12 14:30:00+00:00,3981.5367669020993,1249.9628384996017,5231.499605401701,5235.874216350596,0.0008355072654789852,2,2089.6078038230844,66.59889781465542
2024-07-12 15:30:00+00:00,3667.463589443373,1562.9031549451784,5230.3667443885515,5235.874216350596,0.0010518724733389329,2,2089.6078038230844,66.59889781465542
2024-07-12 16:30:00+00:00,4708.6738146048065,526.7842943852984,5235.458108990105,5235.874216350596,7.947237525141038e-05,1,1046.3873978301729,42.665628737041615
2024-07-12 17:30:00+00:00,4185.218518840263,1050.4203199982667,5235.638838838529,5235.874216350596,4.495476826604783e-05,1,1046.3873978301729,42.665628737041615
2024-07-12 18:30:00+00:00,4185.218518840263,1052.1498531307498,5237.3683719710125,5237.3683719710125,0.0,1,1046.3873978301729,42.665628737041615
2024-07-12 19:30:00+00:00,4185.218518840263,1053.0877509697011,5238.306269809964,5238.306269809964,0.0,1,1046.3873978301729,42.665628737041615
2024-07-15 13:30:00+00:00,4185.218518840263,1074.2845856036938,5259.5031044439565,5259.5031044439565,0.0,1,1046.3873978301729,42.665628737041615
2024-07-15 14:30:00+00:00,4519.735063353189,759.2987672572808,5279.0338306104695,5279.0338306104695,0.0,2,2098.3255289079607,73.37642511798258
2024-07-15 15:30:00+00:00,4519.735063353189,760.5564748079314,5280.29153816112,5280.29153816112,0.0,2,2098.3255289079607,73.37642511798258
2024-07-15 16:30:00+00:00,4519.735063353189,756.6746190094118,5276.4096823626005,5280.29153816112,0.0007351593696039993,2,2098.3255289079607,73.37642511798258
2024-07-15 17:30:00+00:00,4519.735063353189,752.6705811719557,5272.405644525144,5280.29153816112,0.001493457999238057,2,2098.3255289079607,73.37642511798258
2024-07-15 18:30:00+00:00,4519.735063353189,753.9244460714399,5273.659509424629,5280.29153816112,0.0012559966980159043,2,2098.3255289079607,73.37642511798258
2024-07-15 19:30:00+00:00,4519.735063353189,750.9711309446957,5270.706194297884,5280.29153816112,0.0018153058015758505,2,2098.3255289079607,73.37642511798258
2024-07-16 13:30:00+00:00,5043.392696951946,212.99966450912052,5256.392361461067,5280.29153816112,0.00452610931183095,1,1051.938131077788,30.71079638094096
2024-07-16 14:30:00+00:00,5043.392696951946,213.84009316503762,5257.232790116984,5280.29153816112,0.004366946006198469,1,1051.938131077788,30.71079638094096
2024-07-16 15:30:00+00:00,5043.392696951946,214.98453361356587,5258.377230565512,5280.29153816112,0.0041502078885666815,1,1051.938131077788,30.71079638094096
2024-07-16 16:30:00+00:00,5043.392696951946,214.8427572489627,5258.235454200909,5280.29153816112,0.004177057990228383,1,1051.938131077788,30.71079638094096
2024-07-16 17:30:00+00:00,5043.392696951946,215.00479179492777,5258.397488746874,5280.29153816112,0.004146371323631715,1,1051.938131077788,30.71079638094096
2024-07-16 18:30:00+00:00,5043.392696951946,215.70355225349522,5259.096249205441,5280.29153816112,0.004014037634569756,1,1051.938131077788,30.71079638094096
2024-07-16 19:30:00+00:00,5043.392696951946,216.33141680352855,5259.724113755475,5280.29153816112,0.0038951304595594705,1,1051.938131077788,30.71079638094096
2024-07-17 13:30:00+00:00,5151.603457251446,109.26954749901233,5260.873004750459,5280.29153816112,0.0036775494819408783,1,1051.938131077788,30.71079638094096
2024-07-17 14:30:00+00:00,5151.603457251446,109.35203275615186,5260.955490007598,5280.29153816112,0.0036619281366906398,1,1051.938131077788,30.71079638094096
2024-07-17 15:30:00+00:00,5151.603457251446,109.90500693549893,5261.508464186945,5280.29153816112,0.0035572039608851025,1,1051.938131077788,30.71079638094096
2024-07-17 16:30:00+00:00,5151.603457251446,109.57841909180479,5261.181876343251,5280.29153816112,0.003619054304059177,1,1051.938131077788,30.71079638094096
2024-07-17 17:30:00+00:00,5151.603457251446,109.66955772923575,5261.273014980682,5280.29153816112,0.0036017941515140706,1,1051.938131077788,30.71079638094096
2024-07-17 18:30:00+00:00,5151.603457251446,109.60879863761511,5261.212255889061,5280.29153816112,0.003613300919877438,1,1051.938131077788,30.71079638094096
2024-07-17 19:30:00+00:00,4941.049337404557,319.85086596952715,5260.900203374084,5280.29153816112,0.0036723985118800595,2,2104.1826080737364,59.9429473457737
2024-07-18 13:30:00+00:00,5049.142926369237,219.69453772463294,5268.83746409387,5280.29153816112,0.0021692124354253384,2,2104.1826080737364,59.9429473457737
2024-07-18 14:30:00+00:00,5049.142926369237,213.87821928370067,5263.021145652938,5280.29153816112,0.0032707270769744,2,2104.1826080737364,59.9429473457737
2024-07-18 15:30:00+00:00,5049.142926369237,213.3782963810254,5262.5212227502625,5280.29153816112,0.0033654042172539533,2,2104.1826080737364,59.9429473457737
2024-07-18 16:30:00+00:00,5049.142926369237,215.24438122034553,5264.387307589583,5280.29153816112,0.0030119985717826925,2,2104.1826080737364,59.9429473457737
2024-07-18 17:30:00+00:00,5049.142926369237,212.59273279844,5261.735659167677,5280.29153816112,0.0035141769842323978,2,2104.1826080737364,59.9429473457737
2024-07-18 18:30:00+00:00,5154.314761844982,106.03146032003042,5260.3462221650125,5280.29153816112,0.0037773134024818855,1,1051.938131077788,30.71079638094096
2024-07-18 19:30:00+00:00,5260.579150324821,0.0,5260.579150324821,5280.29153816112,0.0037332006564099185,0,0.0,0.0
2024-07-19 13:30:00+00:00,5260.579150324821,0.0,5260.579150324821,5280.29153816112,0.0037332006564099185,0,0.0,0.0
2024-07-19 14:30:00+00:00,5260.579150324821,0.0,5260.579150324821,5280.29153816112,0.0037332006564099185,0,0.0,0.0
2024-07-19 15:30:00+00:00,5260.579150324821,0.0,5260.579150324821,5280.29153816112,0.0037332006564099185,0,0.0,0.0
2024-07-19 16:30:00+00:00,5050.050772728821,210.21073588263152,5260.261508611453,5280.29153816112,0.003793356750268151,1,1052.1158300649643,16.976713782122474
2024-07-19 17:30:00+00:00,5050.050772728821,210.2763732679423,5260.327145996764,5280.29153816112,0.0037809261136572125,1,1052.1158300649643,16.976713782122474
2024-07-19 18:30:00+00:00,5050.050772728821,211.00255774752713,5261.0533304763485,5280.29153816112,0.003643398767991357,1,1052.1158300649643,16.976713782122474
2024-07-19 19:30:00+00:00,5050.050772728821,210.74073751056494,5260.791510239386,5280.29153816112,0.0036929831962506654,1,1052.1158300649643,16.976713782122474
2024-07-22 13:30:00+00:00,4734.258206334823,525.199501145582,5259.457707480405,5280.29153816112,0.003945583407686359,1,1052.1158300649643,16.976713782122474
2024-07-22 14:30:00+00:00,4734.258206334823,523.667544970679,5257.925751305502,5280.29153816112,0.004235710603094356,1,1052.1158300649643,16.976713782122474
2024-07-22 15:30:00+00:00,4734.258206334823,523.5477736670036,5257.805980001826,5280.29153816112,0.00425839330968536,1,1052.1158300649643,16.976713782122474
2024-07-22 16:30:00+00:00,4734.258206334823,524.3254243815081,5258.583630716331,5280.29153816112,0.004111119109220462,1,1052.1158300649643,16.976713782122474
2024-07-22 17:30:00+00:00,4734.258206334823,523.4786006640752,5257.736806998898,5280.29153816112,0.0042714935338734605,1,1052.1158300649643,16.976713782122474
2024-07-22 18:30:00+00:00,4734.258206334823,521.4191432474736,5255.677349582296,5280.29153816112,0.004661520751446213,1,1052.1158300649643,16.976713782122474
2024-07-22 19:30:00+00:00,4734.258206334823,519.9185001634041,5254.176706498227,5280.29153816112,0.004945717764664903,1,1052.1158300649643,16.976713782122474
2024-07-23 13:30:00+00:00,4734.258206334823,520.8551016080419,5255.113307942865,5280.29153816112,0.004768340921384784,1,1052.1158300649643,16.976713782122474
2024-07-23 14:30:00+00:00,4734.258206334823,521.8058624568002,5256.064068791623,5280.29153816112,0.004588282520842535,1,1052.1158300649643,16.976713782122474
2024-07-23 15:30:00+00:00,4734.258206334823,522.8665997526214,5257.124806087444,5280.29153816112,0.004387396397764753,1,1052.1158300649643,16.976713782122474
2024-07-23 16:30:00+00:00,4734.258206334823,520.8497728000393,5255.107979134862,5280.29153816112,0.004769350109601778,1,1052.1158300649643,16.976713782122474
2024-07-23 17:30:00+00:00,4734.258206334823,522.2293758166215,5256.487582151444,5280.29153816112,0.004508076085883217,1,1052.1158300649643,16.976713782122474
2024-07-23 18:30:00+00:00,4734.258206334823,522.3557446921104,5256.613951026933,5280.29153816112,0.004484143908166205,1,1052.1158300649643,16.976713782122474
2024-07-23 19:30:00+00:00,4734.258206334823,521.2515141728791,5255.509720507702,5280.29153816112,0.004693266929357565,1,1052.1158300649643,16.976713782122474
2024-07-24 13:30:00+00:00,5250.193468521702,0.0,5250.193468521702,5280.29153816112,0.005700077244200741,0,0.0,0.0
2024-07-24 14:30:00+00:00,5250.193468521702,0.0,5250.193468521702,5280.29153816112,0.005700077244200741,0,0.0,0.0
2024-07-24 15:30:00+00:00,5250.193468521702,0.0,5250.193468521702,5280.29153816112,0.005700077244200741,0,0.0,0.0
2024-07-24 16:30:00+00:00,5040.080725911464,209.69609391063386,5249.776819822097,5280.29153816112,0.005778983625902123,1,1050.0386937043404,36.505147699583254
2024-07-24 17:30:00+00:00,5040.080725911464,209.77815410620224,5249.858880017666,5280.29153816112,0.005763442780292505,1,1050.0386937043404,36.505147699583254
2024-07-24 18:30:00+00:00,5040.080725911464,210.3234121399346,5250.404138051398,5280.29153816112,0.005660179915014774,1,1050.0386937043404,36.505147699583254
2024-07-24 19:30:00+00:00,5040.080725911464,210.95475893806815,5251.035484849532,5280.29153816112,0.00554061325973243,1,1050.0386937043404,36.505147699583254
2024-07-25 13:30:00+00:00,5148.680782859786,110.41332869517737,5259.094111554963,5280.29153816112,0.004014442470261614,1,1050.0386937043404,36.505147699583254
2024-07-25 14:30:00+00:00,5148.680782859786,108.51929924797423,5257.20008210776,5280.29153816112,0.004373140362890271,1,1050.0386937043404,36.505147699583254
2024-07-25 15:30:00+00:00,5148.680782859786,109.52371560384108,5258.204498463627,5280.29153816112,0.004182920495557574,1,1050.0386937043404,36.505147699583254
2024-07-25 16:30:00+00:00,5148.680782859786,109.27303571879293,5257.953818578579,5280.29153816112,0.0042303951251753125,1,1050.0386937043404,36.505147699583254
2024-07-25 17:30:00+00:00,5148.680782859786,109.09324988744083,5257.774032747227,5280.29153816112,0.004264443592017164,1,1050.0386937043404,36.505147699583254
2024-07-25 18:30:00+00:00,5148.680782859786,109.96135173487437,5258.64213459466,5280.29153816112,0.0041000394410039,1,1050.0386937043404,36.505147699583254
2024-07-25 19:30:00+00:00,5148.680782859786,109.83938900290741,5258.520171862693,5280.29153816112,0.0041231371679164575,1,1050.0386937043404,36.505147699583254
2024-07-26 13:30:00+00:00,5260.9295293206815,0.0,5260.9295293206815,5280.29153816112,0.0036668446619865236,0,0.0,0.0
2024-07-26 14:30:00+00:00,5260.9295293206815,0.0,5260.9295293206815,5280.29153816112,0.0036668446619865236,0,0.0,0.0
2024-07-26 15:30:00+00:00,5260.9295293206815,0.0,5260.9295293206815,5280.29153816112,0.0036668446619865236,0,0.0,0.0
2024-07-26 16:30:00+00:00,5260.9295293206815,0.0,5260.9295293206815,5280.29153816112,0.0036668446619865236,0,0.0,0.0
2024-07-26 17:30:00+00:00,5260.9295293206815,0.0,5260.9295293206815,5280.29153816112,0.0036668446619865236,0,0.0,0.0
2024-07-26 18:30:00+00:00,5260.9295293206815,0.0,5260.9295293206815,5280.29153816112,0.0036668446619865236,0,0.0,0.0
2024-07-26 19:30:00+00:00,5260.9295293206815,0.0,5260.9295293206815,5280.29153816112,0.0036668446619865236,0,0.0,0.0
2024-07-29 13:30:00+00:00,5260.9295293206815,0.0,5260.9295293206815,5280.29153816112,0.0036668446619865236,0,0.0,0.0
2024-07-29 14:30:00+00:00,5260.9295293206815,0.0,5260.9295293206815,5280.29153816112,0.0036668446619865236,0,0.0,0.0
2024-07-29 15:30:00+00:00,5260.9295293206815,0.0,5260.9295293206815,5280.29153816112,0.0036668446619865236,0,0.0,0.0
2024-07-29 16:30:00+00:00,5260.9295293206815,0.0,5260.9295293206815,5280.29153816112,0.0036668446619865236,0,0.0,0.0
2024-07-29 17:30:00+00:00,5260.9295293206815,0.0,5260.9295293206815,5280.29153816112,0.0036668446619865236,0,0.0,0.0
2024-07-29 18:30:00+00:00,5260.9295293206815,0.0,5260.9295293206815,5280.29153816112,0.0036668446619865236,0,0.0,0.0
2024-07-29 19:30:00+00:00,5260.9295293206815,0.0,5260.9295293206815,5280.29153816112,0.0036668446619865236,0,0.0,0.0
2024-07-30 13:30:00+00:00,5260.9295293206815,0.0,5260.9295293206815,5280.29153816112,0.0036668446619865236,0,0.0,0.0
2024-07-30 14:30:00+00:00,5260.9295293206815,0.0,5260.9295293206815,5280.29153816112,0.0036668446619865236,0,0.0,0.0
2024-07-30 15:30:00+00:00,5260.9295293206815,0.0,5260.9295293206815,5280.29153816112,0.0036668446619865236,0,0.0,0.0
2024-07-30 16:30:00+00:00,5260.9295293206815,0.0,5260.9295293206815,5280.29153816112,0.0036668446619865236,0,0.0,0.0
2024-07-30 17:30:00+00:00,5260.9295293206815,0.0,5260.9295293206815,5280.29153816112,0.0036668446619865236,0,0.0,0.0
2024-07-30 18:30:00+00:00,5260.9295293206815,0.0,5260.9295293206815,5280.29153816112,0.0036668446619865236,0,0.0,0.0
2024-07-30 19:30:00+00:00,5260.9295293206815,0.0,5260.9295293206815,5280.29153816112,0.0036668446619865236,0,0.0,0.0
2024-07-31 13:30:00+00:00,5260.9295293206815,0.0,5260.9295293206815,5280.29153816112,0.0036668446619865236,0,0.0,0.0
2024-07-31 14:30:00+00:00,5260.9295293206815,0.0,5260.9295293206815,5280.29153816112,0.0036668446619865236,0,0.0,0.0
2024-07-31 15:30:00+00:00,5260.9295293206815,0.0,5260.9295293206815,5280.29153816112,0.0036668446619865236,0,0.0,0.0
2024-07-31 16:30:00+00:00,5260.9295293206815,0.0,5260.9295293206815,5280.29153816112,0.0036668446619865236,0,0.0,0.0
2024-07-31 17:30:00+00:00,5260.9295293206815,0.0,5260.9295293206815,5280.29153816112,0.0036668446619865236,0,0.0,0.0
2024-07-31 18:30:00+00:00,5260.9295293206815,0.0,5260.9295293206815,5280.29153816112,0.0036668446619865236,0,0.0,0.0
2024-07-31 19:30:00+00:00,5260.9295293206815,0.0,5260.9295293206815,5280.29153816112,0.0036668446619865236,0,0.0,0.0
2024-08-01 13:30:00+00:00,5260.9295293206815,0.0,5260.9295293206815,5280.29153816112,0.0036668446619865236,0,0.0,0.0
2024-08-01 14:30:00+00:00,5260.9295293206815,0.0,5260.9295293206815,5280.29153816112,0.0036668446619865236,0,0.0,0.0
2024-08-01 15:30:00+00:00,5260.9295293206815,0.0,5260.9295293206815,5280.29153816112,0.0036668446619865236,0,0.0,0.0
2024-08-01 16:30:00+00:00,5260.9295293206815,0.0,5260.9295293206815,5280.29153816112,0.0036668446619865236,0,0.0,0.0
2024-08-01 17:30:00+00:00,5260.9295293206815,0.0,5260.9295293206815,5280.29153816112,0.0036668446619865236,0,0.0,0.0
2024-08-01 18:30:00+00:00,5260.9295293206815,0.0,5260.9295293206815,5280.29153816112,0.0036668446619865236,0,0.0,0.0
2024-08-01 19:30:00+00:00,5260.9295293206815,0.0,5260.9295293206815,5280.29153816112,0.0036668446619865236,0,0.0,0.0
2024-08-02 13:30:00+00:00,5260.9295293206815,0.0,5260.9295293206815,5280.29153816112,0.0036668446619865236,0,0.0,0.0
2024-08-02 14:30:00+00:00,5260.9295293206815,0.0,5260.9295293206815,5280.29153816112,0.0036668446619865236,0,0.0,0.0
2024-08-02 15:30:00+00:00,5260.9295293206815,0.0,5260.9295293206815,5280.29153816112,0.0036668446619865236,0,0.0,0.0
2024-08-02 16:30:00+00:00,5260.9295293206815,0.0,5260.9295293206815,5280.29153816112,0.0036668446619865236,0,0.0,0.0
2024-08-02 17:30:00+00:00,5260.9295293206815,0.0,5260.9295293206815,5280.29153816112,0.0036668446619865236,0,0.0,0.0
2024-08-02 18:30:00+00:00,5260.9295293206815,0.0,5260.9295293206815,5280.29153816112,0.0036668446619865236,0,0.0,0.0
2024-08-02 19:30:00+00:00,5260.9295293206815,0.0,5260.9295293206815,5280.29153816112,0.0036668446619865236,0,0.0,0.0
2024-08-05 13:30:00+00:00,5260.9295293206815,0.0,5260.9295293206815,5280.29153816112,0.0036668446619865236,0,0.0,0.0
2024-08-05 14:30:00+00:00,5260.9295293206815,0.0,5260.9295293206815,5280.29153816112,0.0036668446619865236,0,0.0,0.0
2024-08-05 15:30:00+00:00,5260.9295293206815,0.0,5260.9295293206815,5280.29153816112,0.0036668446619865236,0,0.0,0.0
2024-08-05 16:30:00+00:00,5260.9295293206815,0.0,5260.9295293206815,5280.29153816112,0.0036668446619865236,0,0.0,0.0
2024-08-05 17:30:00+00:00,5260.9295293206815,0.0,5260.9295293206815,5280.29153816112,0.0036668446619865236,0,0.0,0.0
2024-08-05 18:30:00+00:00,5260.9295293206815,0.0,5260.9295293206815,5280.29153816112,0.0036668446619865236,0,0.0,0.0
2024-08-05 19:30:00+00:00,5260.9295293206815,0.0,5260.9295293206815,5280.29153816112,0.0036668446619865236,0,0.0,0.0
2024-08-06 13:30:00+00:00,5260.9295293206815,0.0,5260.9295293206815,5280.29153816112,0.0036668446619865236,0,0.0,0.0
2024-08-06 14:30:00+00:00,5260.9295293206815,0.0,5260.9295293206815,5280.29153816112,0.0036668446619865236,0,0.0,0.0
2024-08-06 15:30:00+00:00,5260.9295293206815,0.0,5260.9295293206815,5280.29153816112,0.0036668446619865236,0,0.0,0.0
2024-08-06 16:30:00+00:00,5260.9295293206815,0.0,5260.9295293206815,5280.29153816112,0.0036668446619865236,0,0.0,0.0
2024-08-06 17:30:00+00:00,5260.9295293206815,0.0,5260.9295293206815,5280.29153816112,0.0036668446619865236,0,0.0,0.0
2024-08-06 18:30:00+00:00,5260.9295293206815,0.0,5260.9295293206815,5280.29153816112,0.0036668446619865236,0,0.0,0.0
2024-08-06 19:30:00+00:00,5260.9295293206815,0.0,5260.9295293206815,5280.29153816112,0.0036668446619865236,0,0.0,0.0
2024-08-07 13:30:00+00:00,5260.9295293206815,0.0,5260.9295293206815,5280.29153816112,0.0036668446619865236,0,0.0,0.0
2024-08-07 14:30:00+00:00,5260.9295293206815,0.0,5260.9295293206815,5280.29153816112,0.0036668446619865236,0,0.0,0.0
2024-08-07 15:30:00+00:00,5260.9295293206815,0.0,5260.9295293206815,5280.29153816112,0.0036668446619865236,0,0.0,0.0
2024-08-07 16:30:00+00:00,5260.9295293206815,0.0,5260.9295293206815,5280.29153816112,0.0036668446619865236,0,0.0,0.0
2024-08-07 17:30:00+00:00,5260.9295293206815,0.0,5260.9295293206815,5280.29153816112,0.0036668446619865236,0,0.0,0.0
2024-08-07 18:30:00+00:00,5260.9295293206815,0.0,5260.9295293206815,5280.29153816112,0.0036668446619865236,0,0.0,0.0
2024-08-07 19:30:00+00:00,5260.9295293206815,0.0,5260.9295293206815,5280.29153816112,0.0036668446619865236,0,0.0,0.0
2024-08-08 13:30:00+00:00,5260.9295293206815,0.0,5260.9295293206815,5280.29153816112,0.0036668446619865236,0,0.0,0.0
2024-08-08 14:30:00+00:00,5260.9295293206815,0.0,5260.9295293206815,5280.29153816112,0.0036668446619865236,0,0.0,0.0
2024-08-08 15:30:00+00:00,5260.9295293206815,0.0,5260.9295293206815,5280.29153816112,0.0036668446619865236,0,0.0,0.0
2024-08-08 16:30:00+00:00,5260.9295293206815,0.0,5260.9295293206815,5280.29153816112,0.0036668446619865236,0,0.0,0.0
2024-08-08 17:30:00+00:00,5260.9295293206815,0.0,5260.9295293206815,5280.29153816112,0.0036668446619865236,0,0.0,0.0
2024-08-08 18:30:00+00:00,5260.9295293206815,0.0,5260.9295293206815,5280.29153816112,0.0036668446619865236,0,0.0,0.0
2024-08-08 19:30:00+00:00,5260.9295293206815,0.0,5260.9295293206815,5280.29153816112,0.0036668446619865236,0,0.0,0.0
2024-08-09 13:30:00+00:00,5260.9295293206815,0.0,5260.9295293206815,5280.29153816112,0.0036668446619865236,0,0.0,0.0
2024-08-09 14:30:00+00:00,5260.9295293206815,0.0,5260.9295293206815,5280.29153816112,0.0036668446619865236,0,0.0,0.0
2024-08-09 15:30:00+00:00,5260.9295293206815,0.0,5260.9295293206815,5280.29153816112,0.0036668446619865236,0,0.0,0.0
2024-08-09 16:30:00+00:00,5260.9295293206815,0.0,5260.9295293206815,5280.29153816112,0.0036668446619865236,0,0.0,0.0
2024-08-09 17:30:00+00:00,5260.9295293206815,0.0,5260.9295293206815,5280.29153816112,0.0036668446619865236,0,0.0,0.0
2024-08-09 18:30:00+00:00,5260.9295293206815,0.0,5260.9295293206815,5280.29153816112,0.0036668446619865236,0,0.0,0.0
2024-08-09 19:30:00+00:00,5260.9295293206815,0.0,5260.9295293206815,5280.29153816112,0.0036668446619865236,0,0.0,0.0
2024-08-12 13:30:00+00:00,5260.9295293206815,0.0,5260.9295293206815,5280.29153816112,0.0036668446619865236,0,0.0,0.0
2024-08-12 14:30:00+00:00,5260.9295293206815,0.0,5260.9295293206815,5280.29153816112,0.0036668446619865236,0,0.0,0.0
2024-08-12 15:30:00+00:00,5260.9295293206815,0.0,5260.9295293206815,5280.29153816112,0.0036668446619865236,0,0.0,0.0
2024-08-12 16:30:00+00:00,5260.9295293206815,0.0,5260.9295293206815,5280.29153816112,0.0036668446619865236,0,0.0,0.0
2024-08-12 17:30:00+00:00,5260.9295293206815,0.0,5260.9295293206815,5280.29153816112,0.0036668446619865236,0,0.0,0.0
2024-08-12 18:30:00+00:00,5260.9295293206815,0.0,5260.9295293206815,5280.29153816112,0.0036668446619865236,0,0.0,0.0
2024-08-12 19:30:00+00:00,5260.9295293206815,0.0,5260.9295293206815,5280.29153816112,0.0036668446619865236,0,0.0,0.0
2024-08-13 13:30:00+00:00,5260.9295293206815,0.0,5260.9295293206815,5280.29153816112,0.0036668446619865236,0,0.0,0.0
2024-08-13 14:30:00+00:00,5260.9295293206815,0.0,5260.9295293206815,5280.29153816112,0.0036668446619865236,0,0.0,0.0
2024-08-13 15:30:00+00:00,5260.9295293206815,0.0,5260.9295293206815,5280.29153816112,0.0036668446619865236,0,0.0,0.0
2024-08-13 16:30:00+00:00,5260.9295293206815,0.0,5260.9295293206815,5280.29153816112,0.0036668446619865236,0,0.0,0.0
2024-08-13 17:30:00+00:00,5260.9295293206815,0.0,5260.9295293206815,5280.29153816112,0.0036668446619865236,0,0.0,0.0
2024-08-13 18:30:00+00:00,5260.9295293206815,0.0,5260.9295293206815,5280.29153816112,0.0036668446619865236,0,0.0,0.0
2024-08-13 19:30:00+00:00,5260.9295293206815,0.0,5260.9295293206815,5280.29153816112,0.0036668446619865236,0,0.0,0.0
2024-08-14 13:30:00+00:00,5260.9295293206815,0.0,5260.9295293206815,5280.29153816112,0.0036668446619865236,0,0.0,0.0
2024-08-14 14:30:00+00:00,5260.9295293206815,0.0,5260.9295293206815,5280.29153816112,0.0036668446619865236,0,0.0,0.0
2024-08-14 15:30:00+00:00,5260.9295293206815,0.0,5260.9295293206815,5280.29153816112,0.0036668446619865236,0,0.0,0.0
2024-08-14 16:30:00+00:00,5260.9295293206815,0.0,5260.9295293206815,5280.29153816112,0.0036668446619865236,0,0.0,0.0
2024-08-14 17:30:00+00:00,5260.9295293206815,0.0,5260.9295293206815,5280.29153816112,0.0036668446619865236,0,0.0,0.0
2024-08-14 18:30:00+00:00,5260.9295293206815,0.0,5260.9295293206815,5280.29153816112,0.0036668446619865236,0,0.0,0.0
2024-08-14 19:30:00+00:00,5260.9295293206815,0.0,5260.9295293206815,5280.29153816112,0.0036668446619865236,0,0.0,0.0
2024-08-15 13:30:00+00:00,5260.9295293206815,0.0,5260.9295293206815,5280.29153816112,0.0036668446619865236,0,0.0,0.0
2024-08-15 14:30:00+00:00,5260.9295293206815,0.0,5260.9295293206815,5280.29153816112,0.0036668446619865236,0,0.0,0.0
2024-08-15 15:30:00+00:00,5260.9295293206815,0.0,5260.9295293206815,5280.29153816112,0.0036668446619865236,0,0.0,0.0
2024-08-15 16:30:00+00:00,5260.9295293206815,0.0,5260.9295293206815,5280.29153816112,0.0036668446619865236,0,0.0,0.0
2024-08-15 17:30:00+00:00,5260.9295293206815,0.0,5260.9295293206815,5280.29153816112,0.0036668446619865236,0,0.0,0.0
2024-08-15 18:30:00+00:00,5260.9295293206815,0.0,5260.9295293206815,5280.29153816112,0.0036668446619865236,0,0.0,0.0
2024-08-15 19:30:00+00:00,5260.9295293206815,0.0,5260.9295293206815,5280.29153816112,0.0036668446619865236,0,0.0,0.0
2024-08-16 13:30:00+00:00,5260.9295293206815,0.0,5260.9295293206815,5280.29153816112,0.0036668446619865236,0,0.0,0.0
2024-08-16 14:30:00+00:00,5260.9295293206815,0.0,5260.9295293206815,5280.29153816112,0.0036668446619865236,0,0.0,0.0
2024-08-16 15:30:00+00:00,5260.9295293206815,0.0,5260.9295293206815,5280.29153816112,0.0036668446619865236,0,0.0,0.0
2024-08-16 16:30:00+00:00,5260.9295293206815,0.0,5260.9295293206815,5280.29153816112,0.0036668446619865236,0,0.0,0.0
2024-08-16 17:30:00+00:00,5260.9295293206815,0.0,5260.9295293206815,5280.29153816112,0.0036668446619865236,0,0.0,0.0
2024-08-16 18:30:00+00:00,5260.9295293206815,0.0,5260.9295293206815,5280.29153816112,0.0036668446619865236,0,0.0,0.0
2024-08-16 19:30:00+00:00,5260.9295293206815,0.0,5260.9295293206815,5280.29153816112,0.0036668446619865236,0,0.0,0.0
2024-08-19 13:30:00+00:00,5260.9295293206815,0.0,5260.9295293206815,5280.29153816112,0.0036668446619865236,0,0.0,0.0
2024-08-19 14:30:00+00:00,5260.9295293206815,0.0,5260.9295293206815,5280.29153816112,0.0036668446619865236,0,0.0,0.0
2024-08-19 15:30:00+00:00,5260.9295293206815,0.0,5260.9295293206815,5280.29153816112,0.0036668446619865236,0,0.0,0.0
2024-08-19 16:30:00+00:00,5260.9295293206815,0.0,5260.9295293206815,5280.29153816112,0.0036668446619865236,0,0.0,0.0
2024-08-19 17:30:00+00:00,5260.9295293206815,0.0,5260.9295293206815,5280.29153816112,0.0036668446619865236,0,0.0,0.0
2024-08-19 18:30:00+00:00,5260.9295293206815,0.0,5260.9295293206815,5280.29153816112,0.0036668446619865236,0,0.0,0.0
2024-08-19 19:30:00+00:00,5260.9295293206815,0.0,5260.9295293206815,5280.29153816112,0.0036668446619865236,0,0.0,0.0
2024-08-20 13:30:00+00:00,5260.9295293206815,0.0,5260.9295293206815,5280.29153816112,0.0036668446619865236,0,0.0,0.0
2024-08-20 14:30:00+00:00,5260.9295293206815,0.0,5260.9295293206815,5280.29153816112,0.0036668446619865236,0,0.0,0.0
2024-08-20 15:30:00+00:00,5260.9295293206815,0.0,5260.9295293206815,5280.29153816112,0.0036668446619865236,0,0.0,0.0
2024-08-20 16:30:00+00:00,5260.9295293206815,0.0,5260.9295293206815,5280.29153816112,0.0036668446619865236,0,0.0,0.0
2024-08-20 17:30:00+00:00,5260.9295293206815,0.0,5260.9295293206815,5280.29153816112,0.0036668446619865236,0,0.0,0.0
2024-08-20 18:30:00+00:00,5260.9295293206815,0.0,5260.9295293206815,5280.29153816112,0.0036668446619865236,0,0.0,0.0
2024-08-20 19:30:00+00:00,5260.9295293206815,0.0,5260.9295293206815,5280.29153816112,0.0036668446619865236,0,0.0,0.0
2024-08-21 13:30:00+00:00,5260.9295293206815,0.0,5260.9295293206815,5280.29153816112,0.0036668446619865236,0,0.0,0.0
2024-08-21 14:30:00+00:00,5260.9295293206815,0.0,5260.9295293206815,5280.29153816112,0.0036668446619865236,0,0.0,0.0
2024-08-21 15:30:00+00:00,5260.9295293206815,0.0,5260.9295293206815,5280.29153816112,0.0036668446619865236,0,0.0,0.0
2024-08-21 16:30:00+00:00,5260.9295293206815,0.0,5260.9295293206815,5280.29153816112,0.0036668446619865236,0,0.0,0.0
2024-08-21 17:30:00+00:00,5260.9295293206815,0.0,5260.9295293206815,5280.29153816112,0.0036668446619865236,0,0.0,0.0
2024-08-21 18:30:00+00:00,5260.9295293206815,0.0,5260.9295293206815,5280.29153816112,0.0036668446619865236,0,0.0,0.0
2024-08-21 19:30:00+00:00,5260.9295293206815,0.0,5260.9295293206815,5280.29153816112,0.0036668446619865236,0,0.0,0.0
2024-08-22 13:30:00+00:00,5260.9295293206815,0.0,5260.9295293206815,5280.29153816112,0.0036668446619865236,0,0.0,0.0
2024-08-22 14:30:00+00:00,5260.9295293206815,0.0,5260.9295293206815,5280.29153816112,0.0036668446619865236,0,0.0,0.0
2024-08-22 15:30:00+00:00,5260.9295293206815,0.0,5260.9295293206815,5280.29153816112,0.0036668446619865236,0,0.0,0.0
2024-08-22 16:30:00+00:00,5260.9295293206815,0.0,5260.9295293206815,5280.29153816112,0.0036668446619865236,0,0.0,0.0
2024-08-22 17:30:00+00:00,5260.9295293206815,0.0,5260.9295293206815,5280.29153816112,0.0036668446619865236,0,0.0,0.0
2024-08-22 18:30:00+00:00,5260.9295293206815,0.0,5260.9295293206815,5280.29153816112,0.0036668446619865236,0,0.0,0.0
2024-08-22 19:30:00+00:00,5260.9295293206815,0.0,5260.9295293206815,5280.29153816112,0.0036668446619865236,0,0.0,0.0
2024-08-23 13:30:00+00:00,5260.9295293206815,0.0,5260.9295293206815,5280.29153816112,0.0036668446619865236,0,0.0,0.0
2024-08-23 14:30:00+00:00,5260.9295293206815,0.0,5260.9295293206815,5280.29153816112,0.0036668446619865236,0,0.0,0.0
2024-08-23 15:30:00+00:00,5260.9295293206815,0.0,5260.9295293206815,5280.29153816112,0.0036668446619865236,0,0.0,0.0
2024-08-23 16:30:00+00:00,5260.9295293206815,0.0,5260.9295293206815,5280.29153816112,0.0036668446619865236,0,0.0,0.0
2024-08-23 17:30:00+00:00,5260.9295293206815,0.0,5260.9295293206815,5280.29153816112,0.0036668446619865236,0,0.0,0.0
2024-08-23 18:30:00+00:00,5260.9295293206815,0.0,5260.9295293206815,5280.29153816112,0.0036668446619865236,0,0.0,0.0
2024-08-23 19:30:00+00:00,5260.9295293206815,0.0,5260.9295293206815,5280.29153816112,0.0036668446619865236,0,0.0,0.0
2024-08-26 13:30:00+00:00,5260.9295293206815,0.0,5260.9295293206815,5280.29153816112,0.0036668446619865236,0,0.0,0.0
2024-08-26 14:30:00+00:00,5260.9295293206815,0.0,5260.9295293206815,5280.29153816112,0.0036668446619865236,0,0.0,0.0
2024-08-26 15:30:00+00:00,5260.9295293206815,0.0,5260.9295293206815,5280.29153816112,0.0036668446619865236,0,0.0,0.0
2024-08-26 16:30:00+00:00,5260.9295293206815,0.0,5260.9295293206815,5280.29153816112,0.0036668446619865236,0,0.0,0.0
2024-08-26 17:30:00+00:00,5260.9295293206815,0.0,5260.9295293206815,5280.29153816112,0.0036668446619865236,0,0.0,0.0
2024-08-26 18:30:00+00:00,5260.9295293206815,0.0,5260.9295293206815,5280.29153816112,0.0036668446619865236,0,0.0,0.0
2024-08-26 19:30:00+00:00,5260.9295293206815,0.0,5260.9295293206815,5280.29153816112,0.0036668446619865236,0,0.0,0.0
2024-08-27 13:30:00+00:00,5260.9295293206815,0.0,5260.9295293206815,5280.29153816112,0.0036668446619865236,0,0.0,0.0
2024-08-27 14:30:00+00:00,5260.9295293206815,0.0,5260.9295293206815,5280.29153816112,0.0036668446619865236,0,0.0,0.0
2024-08-27 15:30:00+00:00,5260.9295293206815,0.0,5260.9295293206815,5280.29153816112,0.0036668446619865236,0,0.0,0.0
2024-08-27 16:30:00+00:00,5260.9295293206815,0.0,5260.9295293206815,5280.29153816112,0.0036668446619865236,0,0.0,0.0
2024-08-27 17:30:00+00:00,5260.9295293206815,0.0,5260.9295293206815,5280.29153816112,0.0036668446619865236,0,0.0,0.0
2024-08-27 18:30:00+00:00,5260.9295293206815,0.0,5260.9295293206815,5280.29153816112,0.0036668446619865236,0,0.0,0.0
2024-08-27 19:30:00+00:00,5260.9295293206815,0.0,5260.9295293206815,5280.29153816112,0.0036668446619865236,0,0.0,0.0
2024-08-28 13:30:00+00:00,5260.9295293206815,0.0,5260.9295293206815,5280.29153816112,0.0036668446619865236,0,0.0,0.0
2024-08-28 14:30:00+00:00,5260.9295293206815,0.0,5260.9295293206815,5280.29153816112,0.0036668446619865236,0,0.0,0.0
2024-08-28 15:30:00+00:00,5260.9295293206815,0.0,5260.9295293206815,5280.29153816112,0.0036668446619865236,0,0.0,0.0
2024-08-28 16:30:00+00:00,5260.9295293206815,0.0,5260.9295293206815,5280.29153816112,0.0036668446619865236,0,0.0,0.0
2024-08-28 17:30:00+00:00,5260.9295293206815,0.0,5260.9295293206815,5280.29153816112,0.0036668446619865236,0,0.0,0.0
2024-08-28 18:30:00+00:00,5260.9295293206815,0.0,5260.9295293206815,5280.29153816112,0.0036668446619865236,0,0.0,0.0
2024-08-28 19:30:00+00:00,5260.9295293206815,0.0,5260.9295293206815,5280.29153816112,0.0036668446619865236,0,0.0,0.0
2024-08-29 13:30:00+00:00,5260.9295293206815,0.0,5260.9295293206815,5280.29153816112,0.0036668446619865236,0,0.0,0.0
2024-08-29 14:30:00+00:00,5260.9295293206815,0.0,5260.9295293206815,5280.29153816112,0.0036668446619865236,0,0.0,0.0
2024-08-29 15:30:00+00:00,5260.9295293206815,0.0,5260.9295293206815,5280.29153816112,0.0036668446619865236,0,0.0,0.0
2024-08-29 16:30:00+00:00,5260.9295293206815,0.0,5260.9295293206815,5280.29153816112,0.0036668446619865236,0,0.0,0.0
2024-08-29 17:30:00+00:00,5260.9295293206815,0.0,5260.9295293206815,5280.29153816112,0.0036668446619865236,0,0.0,0.0
2024-08-29 18:30:00+00:00,5260.9295293206815,0.0,5260.9295293206815,5280.29153816112,0.0036668446619865236,0,0.0,0.0
2024-08-29 19:30:00+00:00,5260.9295293206815,0.0,5260.9295293206815,5280.29153816112,0.0036668446619865236,0,0.0,0.0
2024-08-30 13:30:00+00:00,5260.9295293206815,0.0,5260.9295293206815,5280.29153816112,0.0036668446619865236,0,0.0,0.0
2024-08-30 14:30:00+00:00,5260.9295293206815,0.0,5260.9295293206815,5280.29153816112,0.0036668446619865236,0,0.0,0.0
2024-08-30 15:30:00+00:00,5260.9295293206815,0.0,5260.9295293206815,5280.29153816112,0.0036668446619865236,0,0.0,0.0
2024-08-30 16:30:00+00:00,5260.9295293206815,0.0,5260.9295293206815,5280.29153816112,0.0036668446619865236,0,0.0,0.0
2024-08-30 17:30:00+00:00,5260.9295293206815,0.0,5260.9295293206815,5280.29153816112,0.0036668446619865236,0,0.0,0.0
2024-08-30 18:30:00+00:00,5260.9295293206815,0.0,5260.9295293206815,5280.29153816112,0.0036668446619865236,0,0.0,0.0
2024-08-30 19:30:00+00:00,5260.9295293206815,0.0,5260.9295293206815,5280.29153816112,0.0036668446619865236,0,0.0,0.0
2024-09-03 13:30:00+00:00,5260.9295293206815,0.0,5260.9295293206815,5280.29153816112,0.0036668446619865236,0,0.0,0.0
2024-09-03 14:30:00+00:00,5260.9295293206815,0.0,5260.9295293206815,5280.29153816112,0.0036668446619865236,0,0.0,0.0
2024-09-03 15:30:00+00:00,5260.9295293206815,0.0,5260.9295293206815,5280.29153816112,0.0036668446619865236,0,0.0,0.0
2024-09-03 16:30:00+00:00,5260.9295293206815,0.0,5260.9295293206815,5280.29153816112,0.0036668446619865236,0,0.0,0.0
2024-09-03 17:30:00+00:00,5260.9295293206815,0.0,5260.9295293206815,5280.29153816112,0.0036668446619865236,0,0.0,0.0
2024-09-03 18:30:00+00:00,5260.9295293206815,0.0,5260.9295293206815,5280.29153816112,0.0036668446619865236,0,0.0,0.0
2024-09-03 19:30:00+00:00,5260.9295293206815,0.0,5260.9295293206815,5280.29153816112,0.0036668446619865236,0,0.0,0.0
2024-09-04 13:30:00+00:00,5260.9295293206815,0.0,5260.9295293206815,5280.29153816112,0.0036668446619865236,0,0.0,0.0
2024-09-04 14:30:00+00:00,5260.9295293206815,0.0,5260.9295293206815,5280.29153816112,0.0036668446619865236,0,0.0,0.0
2024-09-04 15:30:00+00:00,5260.9295293206815,0.0,5260.9295293206815,5280.29153816112,0.0036668446619865236,0,0.0,0.0
2024-09-04 16:30:00+00:00,5260.9295293206815,0.0,5260.9295293206815,5280.29153816112,0.0036668446619865236,0,0.0,0.0
2024-09-04 17:30:00+00:00,5260.9295293206815,0.0,5260.9295293206815,5280.29153816112,0.0036668446619865236,0,0.0,0.0
2024-09-04 18:30:00+00:00,5260.9295293206815,0.0,5260.9295293206815,5280.29153816112,0.0036668446619865236,0,0.0,0.0
2024-09-04 19:30:00+00:00,5260.9295293206815,0.0,5260.9295293206815,5280.29153816112,0.0036668446619865236,0,0.0,0.0
2024-09-05 13:30:00+00:00,5260.9295293206815,0.0,5260.9295293206815,5280.29153816112,0.0036668446619865236,0,0.0,0.0
2024-09-05 14:30:00+00:00,5260.9295293206815,0.0,5260.9295293206815,5280.29153816112,0.0036668446619865236,0,0.0,0.0
2024-09-05 15:30:00+00:00,5260.9295293206815,0.0,5260.9295293206815,5280.29153816112,0.0036668446619865236,0,0.0,0.0
2024-09-05 16:30:00+00:00,5260.9295293206815,0.0,5260.9295293206815,5280.29153816112,0.0036668446619865236,0,0.0,0.0
2024-09-05 17:30:00+00:00,5260.9295293206815,0.0,5260.9295293206815,5280.29153816112,0.0036668446619865236,0,0.0,0.0
2024-09-05 18:30:00+00:00,5260.9295293206815,0.0,5260.9295293206815,5280.29153816112,0.0036668446619865236,0,0.0,0.0
2024-09-05 19:30:00+00:00,5260.9295293206815,0.0,5260.9295293206815,5280.29153816112,0.0036668446619865236,0,0.0,0.0
2024-09-06 13:30:00+00:00,5260.9295293206815,0.0,5260.9295293206815,5280.29153816112,0.0036668446619865236,0,0.0,0.0
2024-09-06 14:30:00+00:00,5260.9295293206815,0.0,5260.9295293206815,5280.29153816112,0.0036668446619865236,0,0.0,0.0
2024-09-06 15:30:00+00:00,5260.9295293206815,0.0,5260.9295293206815,5280.29153816112,0.0036668446619865236,0,0.0,0.0
2024-09-06 16:30:00+00:00,5260.9295293206815,0.0,5260.9295293206815,5280.29153816112,0.0036668446619865236,0,0.0,0.0
2024-09-06 17:30:00+00:00,5260.9295293206815,0.0,5260.9295293206815,5280.29153816112,0.0036668446619865236,0,0.0,0.0
2024-09-06 18:30:00+00:00,5260.9295293206815,0.0,5260.9295293206815,5280.29153816112,0.0036668446619865236,0,0.0,0.0
2024-09-06 19:30:00+00:00,5260.9295293206815,0.0,5260.9295293206815,5280.29153816112,0.0036668446619865236,0,0.0,0.0
2024-09-09 13:30:00+00:00,5260.9295293206815,0.0,5260.9295293206815,5280.29153816112,0.0036668446619865236,0,0.0,0.0
2024-09-09 14:30:00+00:00,5260.9295293206815,0.0,5260.9295293206815,5280.29153816112,0.0036668446619865236,0,0.0,0.0
2024-09-09 15:30:00+00:00,5260.9295293206815,0.0,5260.9295293206815,5280.29153816112,0.0036668446619865236,0,0.0,0.0
2024-09-09 16:30:00+00:00,5260.9295293206815,0.0,5260.9295293206815,5280.29153816112,0.0036668446619865236,0,0.0,0.0
2024-09-09 17:30:00+00:00,5260.9295293206815,0.0,5260.9295293206815,5280.29153816112,0.0036668446619865236,0,0.0,0.0
2024-09-09 18:30:00+00:00,5260.9295293206815,0.0,5260.9295293206815,5280.29153816112,0.0036668446619865236,0,0.0,0.0
2024-09-09 19:30:00+00:00,5260.9295293206815,0.0,5260.9295293206815,5280.29153816112,0.0036668446619865236,0,0.0,0.0
2024-09-10 13:30:00+00:00,5260.9295293206815,0.0,5260.9295293206815,5280.29153816112,0.0036668446619865236,0,0.0,0.0
2024-09-10 14:30:00+00:00,5260.9295293206815,0.0,5260.9295293206815,5280.29153816112,0.0036668446619865236,0,0.0,0.0
2024-09-10 15:30:00+00:00,5260.9295293206815,0.0,5260.9295293206815,5280.29153816112,0.0036668446619865236,0,0.0,0.0
2024-09-10 16:30:00+00:00,5260.9295293206815,0.0,5260.9295293206815,5280.29153816112,0.0036668446619865236,0,0.0,0.0
2024-09-10 17:30:00+00:00,5260.9295293206815,0.0,5260.9295293206815,5280.29153816112,0.0036668446619865236,0,0.0,0.0
2024-09-10 18:30:00+00:00,5260.9295293206815,0.0,5260.9295293206815,5280.29153816112,0.0036668446619865236,0,0.0,0.0
2024-09-10 19:30:00+00:00,5260.9295293206815,0.0,5260.9295293206815,5280.29153816112,0.0036668446619865236,0,0.0,0.0
2024-09-11 13:30:00+00:00,5260.9295293206815,0.0,5260.9295293206815,5280.29153816112,0.0036668446619865236,0,0.0,0.0
2024-09-11 14:30:00+00:00,5260.9295293206815,0.0,5260.9295293206815,5280.29153816112,0.0036668446619865236,0,0.0,0.0
2024-09-11 15:30:00+00:00,5260.9295293206815,0.0,5260.9295293206815,5280.29153816112,0.0036668446619865236,0,0.0,0.0
2024-09-11 16:30:00+00:00,5260.9295293206815,0.0,5260.9295293206815,5280.29153816112,0.0036668446619865236,0,0.0,0.0
2024-09-11 17:30:00+00:00,5260.9295293206815,0.0,5260.9295293206815,5280.29153816112,0.0036668446619865236,0,0.0,0.0
2024-09-11 18:30:00+00:00,5260.9295293206815,0.0,5260.9295293206815,5280.29153816112,0.0036668446619865236,0,0.0,0.0
2024-09-11 19:30:00+00:00,5260.9295293206815,0.0,5260.9295293206815,5280.29153816112,0.0036668446619865236,0,0.0,0.0
2024-09-12 13:30:00+00:00,5260.9295293206815,0.0,5260.9295293206815,5280.29153816112,0.0036668446619865236,0,0.0,0.0
2024-09-12 14:30:00+00:00,5260.9295293206815,0.0,5260.9295293206815,5280.29153816112,0.0036668446619865236,0,0.0,0.0
2024-09-12 15:30:00+00:00,5260.9295293206815,0.0,5260.9295293206815,5280.29153816112,0.0036668446619865236,0,0.0,0.0
2024-09-12 16:30:00+00:00,5260.9295293206815,0.0,5260.9295293206815,5280.29153816112,0.0036668446619865236,0,0.0,0.0
2024-09-12 17:30:00+00:00,5260.9295293206815,0.0,5260.9295293206815,5280.29153816112,0.0036668446619865236,0,0.0,0.0
2024-09-12 18:30:00+00:00,5260.9295293206815,0.0,5260.9295293206815,5280.29153816112,0.0036668446619865236,0,0.0,0.0
2024-09-12 19:30:00+00:00,5260.9295293206815,0.0,5260.9295293206815,5280.29153816112,0.0036668446619865236,0,0.0,0.0
2024-09-13 13:30:00+00:00,5260.9295293206815,0.0,5260.9295293206815,5280.29153816112,0.0036668446619865236,0,0.0,0.0
2024-09-13 14:30:00+00:00,5260.9295293206815,0.0,5260.9295293206815,5280.29153816112,0.0036668446619865236,0,0.0,0.0
2024-09-13 15:30:00+00:00,5260.9295293206815,0.0,5260.9295293206815,5280.29153816112,0.0036668446619865236,0,0.0,0.0
2024-09-13 16:30:00+00:00,5260.9295293206815,0.0,5260.9295293206815,5280.29153816112,0.0036668446619865236,0,0.0,0.0
2024-09-13 17:30:00+00:00,5260.9295293206815,0.0,5260.9295293206815,5280.29153816112,0.0036668446619865236,0,0.0,0.0
2024-09-13 18:30:00+00:00,5260.9295293206815,0.0,5260.9295293206815,5280.29153816112,0.0036668446619865236,0,0.0,0.0
2024-09-13 19:30:00+00:00,5260.9295293206815,0.0,5260.9295293206815,5280.29153816112,0.0036668446619865236,0,0.0,0.0
2024-09-16 13:30:00+00:00,5260.9295293206815,0.0,5260.9295293206815,5280.29153816112,0.0036668446619865236,0,0.0,0.0
2024-09-16 14:30:00+00:00,5260.9295293206815,0.0,5260.9295293206815,5280.29153816112,0.0036668446619865236,0,0.0,0.0
2024-09-16 15:30:00+00:00,5260.9295293206815,0.0,5260.9295293206815,5280.29153816112,0.0036668446619865236,0,0.0,0.0
2024-09-16 16:30:00+00:00,5260.9295293206815,0.0,5260.9295293206815,5280.29153816112,0.0036668446619865236,0,0.0,0.0
2024-09-16 17:30:00+00:00,5260.9295293206815,0.0,5260.9295293206815,5280.29153816112,0.0036668446619865236,0,0.0,0.0
2024-09-16 18:30:00+00:00,5260.9295293206815,0.0,5260.9295293206815,5280.29153816112,0.0036668446619865236,0,0.0,0.0
2024-09-16 19:30:00+00:00,5260.9295293206815,0.0,5260.9295293206815,5280.29153816112,0.0036668446619865236,0,0.0,0.0
2024-09-17 13:30:00+00:00,5260.9295293206815,0.0,5260.9295293206815,5280.29153816112,0.0036668446619865236,0,0.0,0.0
2024-09-17 14:30:00+00:00,5260.9295293206815,0.0,5260.9295293206815,5280.29153816112,0.0036668446619865236,0,0.0,0.0
2024-09-17 15:30:00+00:00,5260.9295293206815,0.0,5260.9295293206815,5280.29153816112,0.0036668446619865236,0,0.0,0.0
2024-09-17 16:30:00+00:00,5260.9295293206815,0.0,5260.9295293206815,5280.29153816112,0.0036668446619865236,0,0.0,0.0
2024-09-17 17:30:00+00:00,5260.9295293206815,0.0,5260.9295293206815,5280.29153816112,0.0036668446619865236,0,0.0,0.0
2024-09-17 18:30:00+00:00,5260.9295293206815,0.0,5260.9295293206815,5280.29153816112,0.0036668446619865236,0,0.0,0.0
2024-09-17 19:30:00+00:00,5260.9295293206815,0.0,5260.9295293206815,5280.29153816112,0.0036668446619865236,0,0.0,0.0
2024-09-18 13:30:00+00:00,5260.9295293206815,0.0,5260.9295293206815,5280.29153816112,0.0036668446619865236,0,0.0,0.0
2024-09-18 14:30:00+00:00,5260.9295293206815,0.0,5260.9295293206815,5280.29153816112,0.0036668446619865236,0,0.0,0.0
2024-09-18 15:30:00+00:00,5260.9295293206815,0.0,5260.9295293206815,5280.29153816112,0.0036668446619865236,0,0.0,0.0
2024-09-18 16:30:00+00:00,5260.9295293206815,0.0,5260.9295293206815,5280.29153816112,0.0036668446619865236,0,0.0,0.0
2024-09-18 17:30:00+00:00,5260.9295293206815,0.0,5260.9295293206815,5280.29153816112,0.0036668446619865236,0,0.0,0.0
2024-09-18 18:30:00+00:00,5260.9295293206815,0.0,5260.9295293206815,5280.29153816112,0.0036668446619865236,0,0.0,0.0
2024-09-18 19:30:00+00:00,5260.9295293206815,0.0,5260.9295293206815,5280.29153816112,0.0036668446619865236,0,0.0,0.0
2024-09-19 13:30:00+00:00,5260.9295293206815,0.0,5260.9295293206815,5280.29153816112,0.0036668446619865236,0,0.0,0.0
2024-09-19 14:30:00+00:00,5260.9295293206815,0.0,5260.9295293206815,5280.29153816112,0.0036668446619865236,0,0.0,0.0
2024-09-19 15:30:00+00:00,5260.9295293206815,0.0,5260.9295293206815,5280.29153816112,0.0036668446619865236,0,0.0,0.0
2024-09-19 16:30:00+00:00,5260.9295293206815,0.0,5260.9295293206815,5280.29153816112,0.0036668446619865236,0,0.0,0.0
2024-09-19 17:30:00+00:00,5260.9295293206815,0.0,5260.9295293206815,5280.29153816112,0.0036668446619865236,0,0.0,0.0
2024-09-19 18:30:00+00:00,5260.9295293206815,0.0,5260.9295293206815,5280.29153816112,0.0036668446619865236,0,0.0,0.0
2024-09-19 19:30:00+00:00,5260.9295293206815,0.0,5260.9295293206815,5280.29153816112,0.0036668446619865236,0,0.0,0.0
2024-09-20 13:30:00+00:00,5260.9295293206815,0.0,5260.9295293206815,5280.29153816112,0.0036668446619865236,0,0.0,0.0
2024-09-20 14:30:00+00:00,5260.9295293206815,0.0,5260.9295293206815,5280.29153816112,0.0036668446619865236,0,0.0,0.0
2024-09-20 15:30:00+00:00,5260.9295293206815,0.0,5260.9295293206815,5280.29153816112,0.0036668446619865236,0,0.0,0.0
2024-09-20 16:30:00+00:00,5260.9295293206815,0.0,5260.9295293206815,5280.29153816112,0.0036668446619865236,0,0.0,0.0
2024-09-20 17:30:00+00:00,5260.9295293206815,0.0,5260.9295293206815,5280.29153816112,0.0036668446619865236,0,0.0,0.0
2024-09-20 18:30:00+00:00,5260.9295293206815,0.0,5260.9295293206815,5280.29153816112,0.0036668446619865236,0,0.0,0.0
2024-09-20 19:30:00+00:00,5260.9295293206815,0.0,5260.9295293206815,5280.29153816112,0.0036668446619865236,0,0.0,0.0
2024-09-23 13:30:00+00:00,5260.9295293206815,0.0,5260.9295293206815,5280.29153816112,0.0036668446619865236,0,0.0,0.0
2024-09-23 14:30:00+00:00,5260.9295293206815,0.0,5260.9295293206815,5280.29153816112,0.0036668446619865236,0,0.0,0.0
2024-09-23 15:30:00+00:00,5260.9295293206815,0.0,5260.9295293206815,5280.29153816112,0.0036668446619865236,0,0.0,0.0
2024-09-23 16:30:00+00:00,5260.9295293206815,0.0,5260.9295293206815,5280.29153816112,0.0036668446619865236,0,0.0,0.0
2024-09-23 17:30:00+00:00,5260.9295293206815,0.0,5260.9295293206815,5280.29153816112,0.0036668446619865236,0,0.0,0.0
2024-09-23 18:30:00+00:00,5260.9295293206815,0.0,5260.9295293206815,5280.29153816112,0.0036668446619865236,0,0.0,0.0
2024-09-23 19:30:00+00:00,5260.9295293206815,0.0,5260.9295293206815,5280.29153816112,0.0036668446619865236,0,0.0,0.0
2024-09-24 13:30:00+00:00,5260.9295293206815,0.0,5260.9295293206815,5280.29153816112,0.0036668446619865236,0,0.0,0.0
2024-09-24 14:30:00+00:00,5260.9295293206815,0.0,5260.9295293206815,5280.29153816112,0.0036668446619865236,0,0.0,0.0
2024-09-24 15:30:00+00:00,5260.9295293206815,0.0,5260.9295293206815,5280.29153816112,0.0036668446619865236,0,0.0,0.0
2024-09-24 16:30:00+00:00,5260.9295293206815,0.0,5260.9295293206815,5280.29153816112,0.0036668446619865236,0,0.0,0.0
2024-09-24 17:30:00+00:00,5260.9295293206815,0.0,5260.9295293206815,5280.29153816112,0.0036668446619865236,0,0.0,0.0
2024-09-24 18:30:00+00:00,5260.9295293206815,0.0,5260.9295293206815,5280.29153816112,0.0036668446619865236,0,0.0,0.0
2024-09-24 19:30:00+00:00,5260.9295293206815,0.0,5260.9295293206815,5280.29153816112,0.0036668446619865236,0,0.0,0.0
2024-09-25 13:30:00+00:00,5260.9295293206815,0.0,5260.9295293206815,5280.29153816112,0.0036668446619865236,0,0.0,0.0
2024-09-25 14:30:00+00:00,5260.9295293206815,0.0,5260.9295293206815,5280.29153816112,0.0036668446619865236,0,0.0,0.0
2024-09-25 15:30:00+00:00,5260.9295293206815,0.0,5260.9295293206815,5280.29153816112,0.0036668446619865236,0,0.0,0.0
2024-09-25 16:30:00+00:00,5260.9295293206815,0.0,5260.9295293206815,5280.29153816112,0.0036668446619865236,0,0.0,0.0
2024-09-25 17:30:00+00:00,5260.9295293206815,0.0,5260.9295293206815,5280.29153816112,0.0036668446619865236,0,0.0,0.0
2024-09-25 18:30:00+00:00,5260.9295293206815,0.0,5260.9295293206815,5280.29153816112,0.0036668446619865236,0,0.0,0.0
2024-09-25 19:30:00+00:00,5260.9295293206815,0.0,5260.9295293206815,5280.29153816112,0.0036668446619865236,0,0.0,0.0
2024-09-26 13:30:00+00:00,5260.9295293206815,0.0,5260.9295293206815,5280.29153816112,0.0036668446619865236,0,0.0,0.0
2024-09-26 14:30:00+00:00,5260.9295293206815,0.0,5260.9295293206815,5280.29153816112,0.0036668446619865236,0,0.0,0.0
2024-09-26 15:30:00+00:00,5260.9295293206815,0.0,5260.9295293206815,5280.29153816112,0.0036668446619865236,0,0.0,0.0
2024-09-26 16:30:00+00:00,5260.9295293206815,0.0,5260.9295293206815,5280.29153816112,0.0036668446619865236,0,0.0,0.0
2024-09-26 17:30:00+00:00,5260.9295293206815,0.0,5260.9295293206815,5280.29153816112,0.0036668446619865236,0,0.0,0.0
2024-09-26 18:30:00+00:00,5260.9295293206815,0.0,5260.9295293206815,5280.29153816112,0.0036668446619865236,0,0.0,0.0
2024-09-26 19:30:00+00:00,5260.9295293206815,0.0,5260.9295293206815,5280.29153816112,0.0036668446619865236,0,0.0,0.0
2024-09-27 13:30:00+00:00,5260.9295293206815,0.0,5260.9295293206815,5280.29153816112,0.0036668446619865236,0,0.0,0.0
2024-09-27 14:30:00+00:00,5050.387129557268,210.96663255629483,5261.353762113563,5280.29153816112,0.003586501978288914,1,1052.1859058641364,34.09435859325308
2024-09-27 15:30:00+00:00,5050.387129557268,209.81341572811561,5260.200545285384,5280.29153816112,0.003804902197262594,1,1052.1859058641364,34.09435859325308
2024-09-27 16:30:00+00:00,4734.573529912148,525.5236473960304,5260.097177308178,5280.29153816112,0.0038244783847625197,1,1052.1859058641364,34.09435859325308
2024-09-27 17:30:00+00:00,4734.573529912148,526.1777995640005,5260.751329476148,5280.29153816112,0.0037005927691213802,1,1052.1859058641364,34.09435859325308
2024-09-27 18:30:00+00:00,4734.573529912148,527.8496141967398,5262.423144108888,5280.29153816112,0.0033839786919142023,1,1052.1859058641364,34.09435859325308
2024-09-27 19:30:00+00:00,4208.2175305036135,1055.7567067034215,5263.974237207035,5280.29153816112,0.0030902272793383867,1,1052.1859058641364,34.09435859325308
2024-09-30 13:30:00+00:00,4208.2175305036135,1057.4256841087035,5265.643214612317,5280.29153816112,0.0027741505261477117,1,1052.1859058641364,34.09435859325308
2024-09-30 14:30:00+00:00,4208.2175305036135,1057.280521939373,5265.498052442987,5280.29153816112,0.0028016418432996737,1,1052.1859058641364,34.09435859325308
2024-09-30 15:30:00+00:00,4208.2175305036135,1059.100530007483,5267.3180605110965,5280.29153816112,0.0024569623772215943,1,1052.1859058641364,34.09435859325308
2024-09-30 16:30:00+00:00,4208.2175305036135,1061.3441768703005,5269.561707373914,5280.29153816112,0.0020320527208886885,1,1052.1859058641364,34.09435859325308
2024-09-30 17:30:00+00:00,4208.2175305036135,1059.3849858526482,5267.602516356262,5280.29153816112,0.00240309113865278,1,1052.1859058641364,34.09435859325308
2024-09-30 18:30:00+00:00,4208.2175305036135,1063.9203347891817,5272.137865292795,5280.29153816112,0.001544170962795799,1,1052.1859058641364,34.09435859325308
2024-09-30 19:30:00+00:00,4208.2175305036135,1068.600735168753,5276.818265672367,5280.29153816112,0.0006577804395178077,1,1052.1859058641364,34.09435859325308
2024-10-01 13:30:00+00:00,4208.2175305036135,1082.533313814628,5290.750844318241,5290.750844318241,0.0,1,1052.1859058641364,34.09435859325308
2024-10-01 14:30:00+00:00,4751.3559619295065,544.4414011628878,5295.797363092394,5295.797363092394,0.0,1,1052.1859058641364,34.09435859325308
2024-10-01 15:30:00+00:00,4751.3559619295065,543.8790223238093,5295.234984253316,5295.815522204347,0.00010962201168018826,1,1052.1859058641364,34.09435859325308
2024-10-01 16:30:00+00:00,4751.3559619295065,543.301418619526,5294.6573805490325,5295.815522204347,0.0002186899544477372,1,1052.1859058641364,34.09435859325308
2024-10-01 17:30:00+00:00,4751.3559619295065,540.7950182648538,5292.15098019436,5295.815522204347,0.0006919693472369204,1,1052.1859058641364,34.09435859325308
2024-10-01 18:30:00+00:00,4327.782242644317,964.5583765580477,5292.340619202365,5295.815522204347,0.0006561601300899556,3,3168.996097194418,88.32221559940854
2024-10-01 19:30:00+00:00,3692.4216637165337,1601.5379676187786,5293.959631335312,5295.815522204347,0.00035044477309553734,3,3168.996097194418,88.32221559940854
2024-10-02 13:30:00+00:00,4725.914614962316,548.7046402358583,5274.619255198174,5295.815522204347,0.004002455696823448,1,1052.1859058641364,34.09435859325308
2024-10-02 14:30:00+00:00,4514.822898913964,756.2023087697262,5271.0252076836905,5295.815522204347,0.004681113686214267,2,2107.1170205485523,63.71528090907667
2024-10-02 15:30:00+00:00,4514.822898913964,755.021864575282,5269.844763489246,5295.815522204347,0.004904014991876204,2,2107.1170205485523,63.71528090907667
2024-10-02 16:30:00+00:00,4198.185324841437,1070.9328313604683,5269.118156201906,5295.815522204347,0.005041219032367095,2,2107.1170205485523,63.71528090907667
2024-10-02 17:30:00+00:00,4198.185324841437,1070.8006421509544,5268.985966992392,5295.815522204347,0.00506618010001747,2,2107.1170205485523,63.71528090907667
2024-10-02 18:30:00+00:00,4198.185324841437,1073.8517726421696,5272.037097483607,5295.815522204347,0.004490040225351821,2,2107.1170205485523,63.71528090907667
2024-10-02 19:30:00+00:00,4745.563962251983,525.052572568934,5270.616534820917,5295.815522204347,0.004758282700327299,1,1054.931114684416,29.620922315823588
2024-10-03 13:30:00+00:00,4745.563962251983,521.2585405248328,5266.822502776816,5295.815522204347,0.005474703434432127,1,1054.931114684416,29.620922315823588
2024-10-03 14:30:00+00:00,4745.563962251983,522.8071161915668,5268.37107844355,5295.815522204347,0.005182288477709962,1,1054.931114684416,29.620922315823588
2024-10-03 15:30:00+00:00,4745.563962251983,522.8329513849076,5268.3969136368905,5295.815522204347,0.005177410061301346,1,1054.931114684416,29.620922315823588
2024-10-03 16:30:00+00:00,4745.563962251983,517.7741763545782,5263.338138606561,5295.815522204347,0.006132650101124959,1,1054.931114684416,29.620922315823588
2024-10-03 17:30:00+00:00,4745.563962251983,519.1033891754105,5264.667351427393,5295.815522204347,0.005881657064215173,1,1054.931114684416,29.620922315823588
2024-10-03 18:30:00+00:00,4745.563962251983,518.7291333182102,5264.293095570193,5295.815522204347,0.005952327172649152,1,1054.931114684416,29.620922315823588
2024-10-03 19:30:00+00:00,4745.563962251983,520.5100288104322,5266.073991062415,5295.815522204347,0.005616043651299973,1,1054.931114684416,29.620922315823588
2024-10-04 13:30:00+00:00,4745.563962251983,523.6072195268162,5269.171181778799,5295.815522204347,0.005031206301245428,1,1054.931114684416,29.620922315823588
2024-10-04 14:30:00+00:00,4745.563962251983,523.5297927126257,5269.093754964609,5295.815522204347,0.005045826677250953,1,1054.931114684416,29.620922315823588
2024-10-04 15:30:00+00:00,4745.563962251983,525.452663619476,5271.016625871459,5295.815522204347,0.004682734175484593,1,1054.931114684416,29.620922315823588
2024-10-04 16:30:00+00:00,4745.563962251983,524.5105848695985,5270.074547121581,5295.815522204347,0.0048606253323664195,1,1054.931114684416,29.620922315823588
2024-10-04 17:30:00+00:00,4745.563962251983,520.3293793716257,5265.893341623609,5295.815522204347,0.005650155383109645,1,1054.931114684416,29.620922315823588
2024-10-04 18:30:00+00:00,4745.563962251983,522.8071161915668,5268.37107844355,5295.815522204347,0.005182288477709962,1,1054.931114684416,29.620922315823588
2024-10-04 19:30:00+00:00,4745.563962251983,523.142658641671,5268.706620893654,5295.815522204347,0.005118928557278912,1,1054.931114684416,29.620922315823588
2024-10-07 13:30:00+00:00,4745.563962251983,522.845829598662,5268.409791850645,5295.815522204347,0.005174978289707255,1,1054.931114684416,29.620922315823588
2024-10-07 14:30:00+00:00,4745.563962251983,520.9617114818238,5266.525673733807,5295.815522204347,0.005530753166860358,1,1054.931114684416,29.620922315823588
2024-10-07 15:30:00+00:00,4745.563962251983,519.6582944714164,5265.222256723399,5295.815522204347,0.005776875223971856,1,1054.931114684416,29.620922315823588
2024-10-07 16:30:00+00:00,4745.563962251983,520.174486360328,5265.738448612311,5295.815522204347,0.005679403571731023,1,1054.931114684416,29.620922315823588
2024-10-07 17:30:00+00:00,4745.563962251983,519.7099254751829,5265.273887727166,5295.815522204347,0.005767125827764508,1,1054.931114684416,29.620922315823588
2024-10-07 18:30:00+00:00,4745.563962251983,516.5868995654573,5262.15086181744,5295.815522204347,0.006356841594228002,1,1054.931114684416,29.620922315823588
2024-10-07 19:30:00+00:00,5264.936644663644,0.0,5264.936644663644,5295.815522204347,0.0058308068721868445,0,0.0,0.0
2024-10-08 13:30:00+00:00,5264.936644663644,0.0,5264.936644663644,5295.815522204347,0.0058308068721868445,0,0.0,0.0
2024-10-08 14:30:00+00:00,5264.936644663644,0.0,5264.936644663644,5295.815522204347,0.0058308068721868445,0,0.0,0.0
2024-10-08 15:30:00+00:00,5264.936644663644,0.0,5264.936644663644,5295.815522204347,0.0058308068721868445,0,0.0,0.0
2024-10-08 16:30:00+00:00,5264.936644663644,0.0,5264.936644663644,5295.815522204347,0.0058308068721868445,0,0.0,0.0
2024-10-08 17:30:00+00:00,5264.936644663644,0.0,5264.936644663644,5295.815522204347,0.0058308068721868445,0,0.0,0.0
2024-10-08 18:30:00+00:00,5264.936644663644,0.0,5264.936644663644,5295.815522204347,0.0058308068721868445,0,0.0,0.0
2024-10-08 19:30:00+00:00,5264.936644663644,0.0,5264.936644663644,5295.815522204347,0.0058308068721868445,0,0.0,0.0
2024-10-09 13:30:00+00:00,5264.936644663644,0.0,5264.936644663644,5295.815522204347,0.0058308068721868445,0,0.0,0.0
2024-10-09 14:30:00+00:00,5264.936644663644,0.0,5264.936644663644,5295.815522204347,0.0058308068721868445,0,0.0,0.0
2024-10-09 15:30:00+00:00,5264.936644663644,0.0,5264.936644663644,5295.815522204347,0.0058308068721868445,0,0.0,0.0
2024-10-09 16:30:00+00:00,5054.233880144205,210.9506180654962,5265.184498209701,5295.815522204347,0.005784005101049261,1,1052.9873289327288,14.429730703806666
2024-10-09 17:30:00+00:00,5054.233880144205,210.4596483396881,5264.693528483893,5295.815522204347,0.005876714094357194,1,1052.9873289327288,14.429730703806666
2024-10-09 18:30:00+00:00,5054.233880144205,210.61469625315203,5264.848576397357,5295.815522204347,0.005847436655818439,1,1052.9873289327288,14.429730703806666
2024-10-09 19:30:00+00:00,5054.233880144205,210.33906135943562,5264.57294150364,5295.815522204347,0.005899484332434257,1,1052.9873289327288,14.429730703806666
2024-10-10 13:30:00+00:00,5054.233880144205,212.3373749098928,5266.5712550540975,5295.815522204347,0.0055221461222797474,1,1052.9873289327288,14.429730703806666
2024-10-10 14:30:00+00:00,5054.233880144205,211.618847366527,5265.852727510732,5295.815522204347,0.005657824478210616,1,1052.9873289327288,14.429730703806666
2024-10-10 15:30:00+00:00,5054.233880144205,212.88863155432955,5267.122511698534,5295.815522204347,0.005418053250818233,1,1052.9873289327288,14.429730703806666
2024-10-10 16:30:00+00:00,5054.233880144205,212.80249236429427,5267.036372508499,5295.815522204347,0.0054343187702030615,1,1052.9873289327288,14.429730703806666
2024-10-10 17:30:00+00:00,5054.233880144205,212.6388357890246,5266.872715933229,5295.815522204347,0.0054652217679724835,1,1052.9873289327288,14.429730703806666
2024-10-10 18:30:00+00:00,5054.233880144205,212.31980272541296,5266.553682869618,5295.815522204347,0.0055254642485260685,1,1052.9873289327288,14.429730703806666
2024-10-10 19:30:00+00:00,5054.233880144205,212.13064873960502,5266.36452888381,5295.815522204347,0.005561181879741639,1,1052.9873289327288,14.429730703806666
2024-10-11 13:30:00+00:00,5054.233880144205,213.302070751909,5267.535950896114,5295.815522204347,0.005339984217664351,1,1052.9873289327288,14.429730703806666
2024-10-11 14:30:00+00:00,5054.233880144205,213.07812725801068,5267.312007402215,5295.815522204347,0.005382271093587354,1,1052.9873289327288,14.429730703806666
2024-10-11 15:30:00+00:00,5054.233880144205,212.9575402777591,5267.191420421964,5295.815522204347,0.005405041331664195,1,1052.9873289327288,14.429730703806666
2024-10-11 16:30:00+00:00,5054.233880144205,213.1298055148336,5267.363685659038,5295.815522204347,0.005372512774664329,1,1052.9873289327288,14.429730703806666
2024-10-11 17:30:00+00:00,5160.922215254876,106.76300712290322,5267.68522237778,5295.815522204347,0.005311797533094298,1,1052.9873289327288,14.429730703806666
2024-10-11 18:30:00+00:00,5160.922215254876,106.7587027920008,5267.680918046877,5295.815522204347,0.005312610312709465,1,1052.9873289327288,14.429730703806666
2024-10-11 19:30:00+00:00,5160.922215254876,106.4959940339877,5267.418209288864,5295.815522204347,0.005362217168709549,1,1052.9873289327288,14.429730703806666
2024-10-14 13:30:00+00:00,5160.922215254876,106.30649833030657,5267.228713585183,5295.815522204347,0.005397999325940428,1,1052.9873289327288,14.429730703806666
2024-10-14 14:30:00+00:00,5160.922215254876,106.62519624754259,5267.547411502419,5295.815522204347,0.005337820130517201,1,1052.9873289327288,14.429730703806666
2024-10-14 15:30:00+00:00,5160.922215254876,106.50460926729102,5267.426824522167,5295.815522204347,0.005360590368594043,1,1052.9873289327288,14.429730703806666
2024-10-14 16:30:00+00:00,5160.922215254876,106.59935711913113,5267.5215723740075,5295.815522204347,0.0053426992899787695,1,1052.9873289327288,14.429730703806666
2024-10-14 17:30:00+00:00,5160.922215254876,106.7113288660803,5267.633544120957,5295.815522204347,0.005321555852017212,1,1052.9873289327288,14.429730703806666
2024-10-14 18:30:00+00:00,5160.922215254876,106.39263094884427,5267.314846203721,5295.815522204347,0.005381735047440439,1,1052.9873289327288,14.429730703806666
2024-10-14 19:30:00+00:00,5160.922215254876,106.89220933645811,5267.8144245913345,5295.815522204347,0.00528740049490195,1,1052.9873289327288,14.429730703806666
2024-10-15 13:30:00+00:00,5264.937199137024,0.0,5264.937199137024,5295.815522204347,0.0058307021719045116,0,0.0,0.0
2024-10-15 14:30:00+00:00,5264.937199137024,0.0,5264.937199137024,5295.815522204347,0.0058307021719045116,0,0.0,0.0
2024-10-15 15:30:00+00:00,5264.937199137024,0.0,5264.937199137024,5295.815522204347,0.0058307021719045116,0,0.0,0.0
2024-10-15 16:30:00+00:00,5264.937199137024,0.0,5264.937199137024,5295.815522204347,0.0058307021719045116,0,0.0,0.0
2024-10-15 17:30:00+00:00,5264.937199137024,0.0,5264.937199137024,5295.815522204347,0.0058307021719045116,0,0.0,0.0
2024-10-15 18:30:00+00:00,5264.937199137024,0.0,5264.937199137024,5295.815522204347,0.0058307021719045116,0,0.0,0.0
2024-10-15 19:30:00+00:00,5264.937199137024,0.0,5264.937199137024,5295.815522204347,0.0058307021719045116,0,0.0,0.0
2024-10-16 13:30:00+00:00,5264.937199137024,0.0,5264.937199137024,5295.815522204347,0.0058307021719045116,0,0.0,0.0
2024-10-16 14:30:00+00:00,4823.7092349650175,443.61120194317755,5267.320436908195,5295.815522204347,0.005380679364052177,1,882.014920883572,52.649371991370245
2024-10-16 15:30:00+00:00,4382.4812707930105,879.3448162597306,5261.826087052741,5295.815522204347,0.006418168270608149,1,882.014920883572,52.649371991370245
2024-10-16 16:30:00+00:00,4382.4812707930105,881.0491427180277,5263.530413511038,5295.815522204347,0.006096343152049655,1,882.014920883572,52.649371991370245
2024-10-16 17:30:00+00:00,4382.4812707930105,889.1603825066077,5271.641653299618,5295.815522204347,0.004564711290144574,1,882.014920883572,52.649371991370245
2024-10-16 18:30:00+00:00,4382.4812707930105,886.8898245584805,5269.371095351491,5295.815522204347,0.004993456955209141,1,882.014920883572,52.649371991370245
2024-10-16 19:30:00+00:00,4382.4812707930105,886.1597083834304,5268.640979176441,5295.815522204347,0.0051313235731056395,1,882.014920883572,52.649371991370245
2024-10-17 13:30:00+00:00,4382.4812707930105,912.1182874643318,5294.599558257342,5295.815522204347,0.0002296084412128918,1,882.014920883572,52.649371991370245
2024-10-17 14:30:00+00:00,4382.4812707930105,911.1448198609278,5293.626090653938,5295.815522204347,0.0004134267028805816,1,882.014920883572,52.649371991370245
2024-10-17 15:30:00+00:00,4382.4812707930105,916.498798844671,5298.9800696376815,5298.9800696376815,0.0,1,882.014920883572,52.649371991370245
2024-10-17 16:30:00+00:00,4382.4812707930105,921.0415238805845,5303.522794673595,5303.522794673595,0.0,1,882.014920883572,52.649371991370245
2024-10-17 17:30:00+00:00,4382.4812707930105,916.498798844671,5298.9800696376815,5303.525208383083,0.0008570033264322374,1,882.014920883572,52.649371991370245
2024-10-17 18:30:00+00:00,4382.4812707930105,913.0916931777492,5295.57296397076,5303.525208383083,0.0014994261552209176,1,882.014920883572,52.649371991370245
2024-10-17 19:30:00+00:00,4382.4812707930105,909.1168087713249,5291.598079564335,5303.525208383083,0.0022489058409479457,1,882.014920883572,52.649371991370245
2024-10-18 13:30:00+00:00,4382.4812707930105,910.8609304911761,5293.342201284187,5303.525208383083,0.0019200450075734787,1,882.014920883572,52.649371991370245
2024-10-18 14:30:00+00:00,4382.4812707930105,897.4760449218038,5279.957315714814,5303.525208383083,0.004443816469659745,1,882.014920883572,52.649371991370245
2024-10-18 15:30:00+00:00,4382.4812707930105,893.257747197038,5275.7390179900485,5303.525208383083,0.005239192669267201,1,882.014920883572,52.649371991370245
2024-10-18 16:30:00+00:00,4382.4812707930105,894.5151041701938,5276.996374963204,5303.525208383083,0.005002113194059188,1,882.014920883572,52.649371991370245
2024-10-18 17:30:00+00:00,4382.4812707930105,897.5165828632007,5279.997853656211,5303.525208383083,0.004436172885476819,1,882.014920883572,52.649371991370245
2024-10-18 18:30:00+00:00,4382.4812707930105,901.856556302143,5284.337827095153,5303.525208383083,0.0036178542637264055,1,882.014920883572,52.649371991370245
2024-10-18 19:30:00+00:00,4382.4812707930105,901.653742815186,5284.1350136081965,5303.525208383083,0.0036560955238295056,1,882.014920883572,52.649371991370245
2024-10-21 13:30:00+00:00,4382.4812707930105,890.4996818223726,5272.980952615383,5303.525208383083,0.005759236463969253,1,882.014920883572,52.649371991370245
2024-10-21 14:30:00+00:00,4382.4812707930105,875.6546257928867,5258.135896585897,5303.525208383083,0.008558328661366632,1,882.014920883572,52.649371991370245
2024-10-21 15:30:00+00:00,4382.4812707930105,874.9074898714489,5257.388760664459,5303.525208383083,0.008699204002216687,1,882.014920883572,52.649371991370245
2024-10-21 16:30:00+00:00,4382.4812707930105,879.8323236862689,5262.313594479279,5303.525208383083,0.007770607715536393,1,882.014920883572,52.649371991370245
2024-10-21 17:30:00+00:00,4382.4812707930105,879.9945992318299,5262.47587002484,5303.525208383083,0.007740010039616219,1,882.014920883572,52.649371991370245
2024-10-21 18:30:00+00:00,4382.4812707930105,881.0491427180277,5263.530413511038,5303.525208383083,0.007541171824511417,1,882.014920883572,52.649371991370245
2024-10-21 19:30:00+00:00,5267.0627859039,0.0,5267.0627859039,5303.525208383083,0.006875129474551822,0,0.0,0.0
2024-10-22 13:30:00+00:00,5267.0627859039,0.0,5267.0627859039,5303.525208383083,0.006875129474551822,0,0.0,0.0
2024-10-22 14:30:00+00:00,5267.0627859039,0.0,5267.0627859039,5303.525208383083,0.006875129474551822,0,0.0,0.0
2024-10-22 15:30:00+00:00,5056.274933212026,210.4237702554774,5266.698703467503,5303.525208383083,0.0069437786130194246,1,1053.41255718078,32.66672406407574
2024-10-22 16:30:00+00:00,5056.274933212026,211.0706138072901,5267.345547019316,5303.525208383083,0.0068218137827608105,1,1053.41255718078,32.66672406407574
2024-10-22 17:30:00+00:00,5056.274933212026,211.68047821920663,5267.955411431232,5303.525208383083,0.00670682151102564,1,1053.41255718078,32.66672406407574
2024-10-22 18:30:00+00:00,5056.274933212026,213.39920923433056,5269.674142446356,5303.525208383083,0.00638274819231921,1,1053.41255718078,32.66672406407574
2024-10-22 19:30:00+00:00,5056.274933212026,213.35608257092372,5269.631015782949,5303.525208383083,0.00639087988995668,1,1053.41255718078,32.66672406407574
2024-10-23 13:30:00+00:00,4740.093154174215,525.2072226193959,5265.300376793611,5303.525208383083,0.007207438465466676,1,1053.41255718078,32.66672406407574
2024-10-23 14:30:00+00:00,4740.093154174215,521.1370408712992,5261.230195045514,5303.525208383083,0.007974886830124706,1,1053.41255718078,32.66672406407574
2024-10-23 15:30:00+00:00,4740.093154174215,520.7037162305614,5260.796870404776,5303.525208383083,0.00805659185154195,1,1053.41255718078,32.66672406407574
2024-10-23 16:30:00+00:00,4740.093154174215,514.2812074654385,5254.374361639653,5303.525208383083,0.009267580488867777,1,1053.41255718078,32.66672406407574
2024-10-23 17:30:00+00:00,5252.701032766018,0.0,5252.701032766018,5303.525208383083,0.009583093059825298,0,0.0,0.0
2024-10-23 18:30:00+00:00,5252.701032766018,0.0,5252.701032766018,5303.525208383083,0.009583093059825298,0,0.0,0.0
2024-10-23 19:30:00+00:00,5252.701032766018,0.0,5252.701032766018,5303.525208383083,0.009583093059825298,0,0.0,0.0
2024-10-24 13:30:00+00:00,4727.168294437778,518.3769596253196,5245.545254063098,5303.525208383083,0.010932342553654384,1,1050.5402065532037,27.844759524745555
2024-10-24 14:30:00+00:00,4727.168294437778,522.7738015721034,5249.942096009881,5303.525208383083,0.01010330115684277,1,1050.5402065532037,27.844759524745555
2024-10-24 15:30:00+00:00,4727.168294437778,521.7260507802921,5248.89434521807,5303.525208383083,0.010300858583392691,1,1050.5402065532037,27.844759524745555
2024-10-24 16:30:00+00:00,4727.168294437778,522.1451510970164,5249.3134455347945,5303.525208383083,0.01022183561277279,1,1050.5402065532037,27.844759524745555
2024-10-24 17:30:00+00:00,4727.168294437778,523.3432983785087,5250.511592816287,5303.525208383083,0.00999592035180663,1,1050.5402065532037,27.844759524745555
2024-10-24 18:30:00+00:00,4727.168294437778,525.8609264800543,5253.029220917832,5303.525208383083,0.00952121192625488,1,1050.5402065532037,27.844759524745555
2024-10-24 19:30:00+00:00,4727.168294437778,525.3744503630933,5252.542744800871,5303.525208383083,0.009612938862178955,1,1050.5402065532037,27.844759524745555
2024-10-25 13:30:00+00:00,4727.168294437778,536.7879109231408,5263.956205360919,5303.525208383083,0.007460887139674299,1,1050.5402065532037,27.844759524745555
2024-10-25 14:30:00+00:00,4516.503284090495,748.494433220194,5264.997717310689,5303.525208383083,0.007264506070697063,2,2103.3388589634133,49.20362399543697
2024-10-25 15:30:00+00:00,4516.503284090495,748.5185809298227,5265.021865020318,5303.525208383083,0.007259952927517799,2,2103.3388589634133,49.20362399543697
2024-10-25 16:30:00+00:00,4516.503284090495,743.6287097043005,5260.131993794796,5303.525208383083,0.008181956884016905,2,2103.3388589634133,49.20362399543697
2024-10-25 17:30:00+00:00,4200.50576856957,1057.927899980018,5258.433668549588,5303.525208383083,0.008502182616615062,2,2103.3388589634133,49.20362399543697
2024-10-25 18:30:00+00:00,4200.50576856957,1057.364472813846,5257.870241383416,5303.525208383083,0.008608418967727682,2,2103.3388589634133,49.20362399543697
2024-10-25 19:30:00+00:00,4200.50576856957,1055.0950675464337,5255.600836116004,5303.525208383083,0.009036324026767462,2,2103.3388589634133,49.20362399543697
2024-10-28 13:30:00+00:00,4200.50576856957,1060.1344553761646,5260.640223945735,5303.525208383083,0.008086128141629567,2,2103.3388589634133,49.20362399543697
2024-10-28 14:30:00+00:00,3673.8432427013627,1584.52015755393,5258.363400255293,5303.525208383083,0.008515431972757392,2,2103.3388589634133,49.20362399543697
2024-10-28 15:30:00+00:00,3673.8432427013627,1586.180761268372,5260.024003969735,5303.525208383083,0.008202318779325757,2,2103.3388589634133,49.20362399543697
2024-10-28 16:30:00+00:00,3673.8432427013627,1589.0807386295405,5262.923981330903,5303.525208383083,0.007655516935792583,2,2103.3388589634133,49.20362399543697
2024-10-28 17:30:00+00:00,3673.8432427013627,1587.0122684294852,5260.855511130848,5303.525208383083,0.008045534917942576,2,2103.3388589634133,49.20362399543697
2024-10-28 18:30:00+00:00,3673.8432427013627,1587.226356328842,5261.069599030205,5303.525208383083,0.008005167824180481,2,2103.3388589634133,49.20362399543697
2024-10-28 19:30:00+00:00,3673.8432427013627,1582.7316778491754,5256.574920550538,5303.525208383083,0.008852656674155579,2,2103.3388589634133,49.20362399543697
2024-10-29 13:30:00+00:00,3673.8432427013627,1579.7380875410513,5253.581330242414,5303.525208383083,0.009417109597541717,2,2103.3388589634133,49.20362399543697
2024-10-29 14:30:00+00:00,3673.8432427013627,1583.3410592971418,5257.184301998504,5303.525208383083,0.008737755467123853,2,2103.3388589634133,49.20362399543697
2024-10-29 15:30:00+00:00,3673.8432427013627,1584.971174250008,5258.814416951371,5303.525208383083,0.008430391046513663,2,2103.3388589634133,49.20362399543697
2024-10-29 16:30:00+00:00,3673.8432427013627,1587.8159356000147,5261.659178301377,5303.525208383083,0.007894000393460887,2,2103.3388589634133,49.20362399543697
2024-10-29 17:30:00+00:00,3673.8432427013627,1588.9824665933088,5262.8257092946715,5303.525208383083,0.007674046504781207,2,2103.3388589634133,49.20362399543697
2024-10-29 18:30:00+00:00,4205.2758049866625,1059.7841856974537,5265.059990684116,5303.525208383083,0.0072527641875193005,1,1052.7986524102098,21.35886447069142
2024-10-29 19:30:00+00:00,4205.2758049866625,1057.7478934020928,5263.023698388755,5303.525208383083,0.007636714902440445,1,1052.7986524102098,21.35886447069142
2024-10-30 13:30:00+00:00,4205.2758049866625,1049.1954105232398,5254.471215509902,5303.525208383083,0.009249318320509237,1,1052.7986524102098,21.35886447069142
2024-10-30 14:30:00+00:00,4205.2758049866625,1047.8152115916355,5253.091016578298,5303.525208383083,0.009509560117686555,1,1052.7986524102098,21.35886447069142
2024-10-30 15:30:00+00:00,4205.2758049866625,1046.2083973769477,5251.48420236361,5303.525208383083,0.009812531094829824,1,1052.7986524102098,21.35886447069142
2024-10-30 16:30:00+00:00,4205.2758049866625,1041.869702091224,5247.145507077887,5303.525208383083,0.010630608715893164,1,1052.7986524102098,21.35886447069142
2024-10-30 17:30:00+00:00,4205.2758049866625,1043.7199792821903,5248.995784268853,5303.525208383083,0.010281731861675247,1,1052.7986524102098,21.35886447069142
2024-10-30 18:30:00+00:00,4205.2758049866625,1044.0819975421537,5249.357802528816,5303.525208383083,0.010213471931583618,1,1052.7986524102098,21.35886447069142
2024-10-30 19:30:00+00:00,5246.167289445224,0.0,5246.167289445224,5303.525208383083,0.010815055398849638,0,0.0,0.0
2024-10-31 13:30:00+00:00,5246.167289445224,0.0,5246.167289445224,5303.525208383083,0.010815055398849638,0,0.0,0.0
2024-10-31 14:30:00+00:00,5246.167289445224,0.0,5246.167289445224,5303.525208383083,0.010815055398849638,0,0.0,0.0
2024-10-31 15:30:00+00:00,5246.167289445224,0.0,5246.167289445224,5303.525208383083,0.010815055398849638,0,0.0,0.0
2024-10-31 16:30:00+00:00,5246.167289445224,0.0,5246.167289445224,5303.525208383083,0.010815055398849638,0,0.0,0.0
2024-10-31 17:30:00+00:00,5246.167289445224,0.0,5246.167289445224,5303.525208383083,0.010815055398849638,0,0.0,0.0
2024-10-31 18:30:00+00:00,5246.167289445224,0.0,5246.167289445224,5303.525208383083,0.010815055398849638,0,0.0,0.0
2024-10-31 19:30:00+00:00,5246.167289445224,0.0,5246.167289445224,5303.525208383083,0.010815055398849638,0,0.0,0.0
2024-11-01 13:30:00+00:00,5246.167289445224,0.0,5246.167289445224,5303.525208383083,0.010815055398849638,0,0.0,0.0
2024-11-01 14:30:00+00:00,5246.167289445224,0.0,5246.167289445224,5303.525208383083,0.010815055398849638,0,0.0,0.0
2024-11-01 15:30:00+00:00,5246.167289445224,0.0,5246.167289445224,5303.525208383083,0.010815055398849638,0,0.0,0.0
2024-11-01 16:30:00+00:00,5246.167289445224,0.0,5246.167289445224,5303.525208383083,0.010815055398849638,0,0.0,0.0
2024-11-01 17:30:00+00:00,5246.167289445224,0.0,5246.167289445224,5303.525208383083,0.010815055398849638,0,0.0,0.0
2024-11-01 18:30:00+00:00,5246.167289445224,0.0,5246.167289445224,5303.525208383083,0.010815055398849638,0,0.0,0.0
2024-11-01 19:30:00+00:00,5246.167289445224,0.0,5246.167289445224,5303.525208383083,0.010815055398849638,0,0.0,0.0
2024-11-04 14:30:00+00:00,5246.167289445224,0.0,5246.167289445224,5303.525208383083,0.010815055398849638,0,0.0,0.0
2024-11-04 15:30:00+00:00,5246.167289445224,0.0,5246.167289445224,5303.525208383083,0.010815055398849638,0,0.0,0.0
2024-11-04 16:30:00+00:00,5246.167289445224,0.0,5246.167289445224,5303.525208383083,0.010815055398849638,0,0.0,0.0
2024-11-04 17:30:00+00:00,5246.167289445224,0.0,5246.167289445224,5303.525208383083,0.010815055398849638,0,0.0,0.0
2024-11-04 18:30:00+00:00,5246.167289445224,0.0,5246.167289445224,5303.525208383083,0.010815055398849638,0,0.0,0.0
2024-11-04 19:30:00+00:00,5246.167289445224,0.0,5246.167289445224,5303.525208383083,0.010815055398849638,0,0.0,0.0
2024-11-04 20:30:00+00:00,5246.167289445224,0.0,5246.167289445224,5303.525208383083,0.010815055398849638,0,0.0,0.0
2024-11-05 14:30:00+00:00,5246.167289445224,0.0,5246.167289445224,5303.525208383083,0.010815055398849638,0,0.0,0.0
2024-11-05 15:30:00+00:00,5246.167289445224,0.0,5246.167289445224,5303.525208383083,0.010815055398849638,0,0.0,0.0
2024-11-05 16:30:00+00:00,5246.167289445224,0.0,5246.167289445224,5303.525208383083,0.010815055398849638,0,0.0,0.0
2024-11-05 17:30:00+00:00,5246.167289445224,0.0,5246.167289445224,5303.525208383083,0.010815055398849638,0,0.0,0.0
2024-11-05 18:30:00+00:00,5246.167289445224,0.0,5246.167289445224,5303.525208383083,0.010815055398849638,0,0.0,0.0
2024-11-05 19:30:00+00:00,5246.167289445224,0.0,5246.167289445224,5303.525208383083,0.010815055398849638,0,0.0,0.0
2024-11-05 20:30:00+00:00,5246.167289445224,0.0,5246.167289445224,5303.525208383083,0.010815055398849638,0,0.0,0.0
2024-11-06 14:30:00+00:00,5246.167289445224,0.0,5246.167289445224,5303.525208383083,0.010815055398849638,0,0.0,0.0
2024-11-06 15:30:00+00:00,5246.167289445224,0.0,5246.167289445224,5303.525208383083,0.010815055398849638,0,0.0,0.0
2024-11-06 16:30:00+00:00,5246.167289445224,0.0,5246.167289445224,5303.525208383083,0.010815055398849638,0,0.0,0.0
2024-11-06 17:30:00+00:00,5246.167289445224,0.0,5246.167289445224,5303.525208383083,0.010815055398849638,0,0.0,0.0
2024-11-06 18:30:00+00:00,5246.167289445224,0.0,5246.167289445224,5303.525208383083,0.010815055398849638,0,0.0,0.0
2024-11-06 19:30:00+00:00,5246.167289445224,0.0,5246.167289445224,5303.525208383083,0.010815055398849638,0,0.0,0.0
2024-11-06 20:30:00+00:00,5246.167289445224,0.0,5246.167289445224,5303.525208383083,0.010815055398849638,0,0.0,0.0
2024-11-07 14:30:00+00:00,5246.167289445224,0.0,5246.167289445224,5303.525208383083,0.010815055398849638,0,0.0,0.0
2024-11-07 15:30:00+00:00,5246.167289445224,0.0,5246.167289445224,5303.525208383083,0.010815055398849638,0,0.0,0.0
2024-11-07 16:30:00+00:00,5246.167289445224,0.0,5246.167289445224,5303.525208383083,0.010815055398849638,0,0.0,0.0
2024-11-07 17:30:00+00:00,5246.167289445224,0.0,5246.167289445224,5303.525208383083,0.010815055398849638,0,0.0,0.0
2024-11-07 18:30:00+00:00,5246.167289445224,0.0,5246.167289445224,5303.525208383083,0.010815055398849638,0,0.0,0.0
2024-11-07 19:30:00+00:00,5246.167289445224,0.0,5246.167289445224,5303.525208383083,0.010815055398849638,0,0.0,0.0
2024-11-07 20:30:00+00:00,5246.167289445224,0.0,5246.167289445224,5303.525208383083,0.010815055398849638,0,0.0,0.0
2024-11-08 14:30:00+00:00,5246.167289445224,0.0,5246.167289445224,5303.525208383083,0.010815055398849638,0,0.0,0.0
2024-11-08 15:30:00+00:00,5246.167289445224,0.0,5246.167289445224,5303.525208383083,0.010815055398849638,0,0.0,0.0
2024-11-08 16:30:00+00:00,5246.167289445224,0.0,5246.167289445224,5303.525208383083,0.010815055398849638,0,0.0,0.0
2024-11-08 17:30:00+00:00,5246.167289445224,0.0,5246.167289445224,5303.525208383083,0.010815055398849638,0,0.0,0.0
2024-11-08 18:30:00+00:00,5246.167289445224,0.0,5246.167289445224,5303.525208383083,0.010815055398849638,0,0.0,0.0
2024-11-08 19:30:00+00:00,5246.167289445224,0.0,5246.167289445224,5303.525208383083,0.010815055398849638,0,0.0,0.0
2024-11-08 20:30:00+00:00,5246.167289445224,0.0,5246.167289445224,5303.525208383083,0.010815055398849638,0,0.0,0.0
2024-11-11 14:30:00+00:00,5246.167289445224,0.0,5246.167289445224,5303.525208383083,0.010815055398849638,0,0.0,0.0
2024-11-11 15:30:00+00:00,5246.167289445224,0.0,5246.167289445224,5303.525208383083,0.010815055398849638,0,0.0,0.0
2024-11-11 16:30:00+00:00,5246.167289445224,0.0,5246.167289445224,5303.525208383083,0.010815055398849638,0,0.0,0.0
2024-11-11 17:30:00+00:00,5246.167289445224,0.0,5246.167289445224,5303.525208383083,0.010815055398849638,0,0.0,0.0
2024-11-11 18:30:00+00:00,5246.167289445224,0.0,5246.167289445224,5303.525208383083,0.010815055398849638,0,0.0,0.0
2024-11-11 19:30:00+00:00,5246.167289445224,0.0,5246.167289445224,5303.525208383083,0.010815055398849638,0,0.0,0.0
2024-11-11 20:30:00+00:00,5246.167289445224,0.0,5246.167289445224,5303.525208383083,0.010815055398849638,0,0.0,0.0
2024-11-12 14:30:00+00:00,5246.167289445224,0.0,5246.167289445224,5303.525208383083,0.010815055398849638,0,0.0,0.0
2024-11-12 15:30:00+00:00,5246.167289445224,0.0,5246.167289445224,5303.525208383083,0.010815055398849638,0,0.0,0.0
2024-11-12 16:30:00+00:00,5246.167289445224,0.0,5246.167289445224,5303.525208383083,0.010815055398849638,0,0.0,0.0
2024-11-12 17:30:00+00:00,5246.167289445224,0.0,5246.167289445224,5303.525208383083,0.010815055398849638,0,0.0,0.0
2024-11-12 18:30:00+00:00,5246.167289445224,0.0,5246.167289445224,5303.525208383083,0.010815055398849638,0,0.0,0.0
2024-11-12 19:30:00+00:00,5246.167289445224,0.0,5246.167289445224,5303.525208383083,0.010815055398849638,0,0.0,0.0
2024-11-12 20:30:00+00:00,5036.215674521626,210.1627476549038,5246.37842217653,5303.525208383083,0.010775245513347076,1,1049.2334578890448,19.064618688124177
2024-11-13 14:30:00+00:00,5238.237792745195,0.0,5238.237792745195,5303.525208383083,0.01231019238575315,0,0.0,0.0
2024-11-13 15:30:00+00:00,5238.237792745195,0.0,5238.237792745195,5303.525208383083,0.01231019238575315,0,0.0,0.0
2024-11-13 16:30:00+00:00,5238.237792745195,0.0,5238.237792745195,5303.525208383083,0.01231019238575315,0,0.0,0.0
2024-11-13 17:30:00+00:00,5238.237792745195,0.0,5238.237792745195,5303.525208383083,0.01231019238575315,0,0.0,0.0
2024-11-13 18:30:00+00:00,5238.237792745195,0.0,5238.237792745195,5303.525208383083,0.01231019238575315,0,0.0,0.0
2024-11-13 19:30:00+00:00,5238.237792745195,0.0,5238.237792745195,5303.525208383083,0.01231019238575315,0,0.0,0.0
2024-11-13 20:30:00+00:00,5238.237792745195,0.0,5238.237792745195,5303.525208383083,0.01231019238575315,0,0.0,0.0
2024-11-14 14:30:00+00:00,5238.237792745195,0.0,5238.237792745195,5303.525208383083,0.01231019238575315,0,0.0,0.0
2024-11-14 15:30:00+00:00,5238.237792745195,0.0,5238.237792745195,5303.525208383083,0.01231019238575315,0,0.0,0.0
2024-11-14 16:30:00+00:00,5238.237792745195,0.0,5238.237792745195,5303.525208383083,0.01231019238575315,0,0.0,0.0
2024-11-14 17:30:00+00:00,5238.237792745195,0.0,5238.237792745195,5303.525208383083,0.01231019238575315,0,0.0,0.0
2024-11-14 18:30:00+00:00,5238.237792745195,0.0,5238.237792745195,5303.525208383083,0.01231019238575315,0,0.0,0.0
2024-11-14 19:30:00+00:00,5238.237792745195,0.0,5238.237792745195,5303.525208383083,0.01231019238575315,0,0.0,0.0
2024-11-14 20:30:00+00:00,4190.076892130704,1047.7528140416434,5237.829706172348,5303.525208383083,0.012387138672762865,2,2095.2741641469074,22.377923756036246
2024-11-15 14:30:00+00:00,5227.055135548536,0.0,5227.055135548536,5303.525208383083,0.014418725249702558,0,0.0,0.0
2024-11-15 15:30:00+00:00,5084.665359641301,147.10862475063732,5231.773984391938,5303.525208383083,0.013528968218672777,1,711.5930829946806,52.27055135548537
2024-11-15 16:30:00+00:00,5084.665359641301,143.56424247988525,5228.229602121186,5303.525208383083,0.01419727507712798,1,711.5930829946806,52.27055135548537
2024-11-15 17:30:00+00:00,5084.665359641301,145.58238120526312,5230.247740846564,5303.525208383083,0.013816747287387687,1,711.5930829946806,52.27055135548537
2024-11-15 18:30:00+00:00,5084.665359641301,145.8774872112799,5230.542846852581,5303.525208383083,0.013761103919170958,1,711.5930829946806,52.27055135548537
2024-11-15 19:30:00+00:00,5084.665359641301,146.1347697471183,5230.800129388419,5303.525208383083,0.01371259231118771,1,711.5930829946806,52.27055135548537
2024-11-15 20:30:00+00:00,5084.665359641301,148.97705925234186,5233.642418893643,5303.525208383083,0.013176667733940328,1,711.5930829946806,52.27055135548537
2024-11-18 14:30:00+00:00,4871.080695780447,348.0513184086958,5219.132014189143,5303.525208383083,0.01591266014170023,1,711.5930829946806,52.27055135548537
2024-11-18 15:30:00+00:00,4871.080695780447,354.1943322894431,5225.27502806989,5303.525208383083,0.014754371335787275,1,711.5930829946806,52.27055135548537
2024-11-18 16:30:00+00:00,4661.963184145875,563.0585979581701,5225.021782104045,5303.525208383083,0.01480212183303109,2,1756.6581086547128,73.8597398414433
2024-11-18 17:30:00+00:00,4661.963184145875,562.353020323736,5224.316204469611,5303.525208383083,0.014935161199624236,2,1756.6581086547128,73.8597398414433
2024-11-18 18:30:00+00:00,4348.286916694016,867.1029742068786,5215.389890900895,5303.525208383083,0.016618251826704955,2,1756.6581086547128,73.8597398414433
2024-11-18 19:30:00+00:00,4348.286916694016,873.6756846451535,5221.96260133917,5303.525208383083,0.015378942088366099,2,1756.6581086547128,73.8597398414433
2024-11-18 20:30:00+00:00,4348.286916694016,870.5677645090045,5218.854681203021,5303.525208383083,0.015964952338913485,2,1756.6581086547128,73.8597398414433
2024-11-19 14:30:00+00:00,4348.286916694016,873.1911483972335,5221.47806509125,5303.525208383083,0.015470303254549234,2,1756.6581086547128,73.8597398414433
2024-11-19 15:30:00+00:00,4348.286916694016,873.0293025190676,5221.316219213084,5303.525208383083,0.015500819915035824,2,1756.6581086547128,73.8597398414433
2024-11-19 16:30:00+00:00,3825.493137607585,1402.8324323282463,5228.3255699358315,5303.525208383083,0.014179179977948597,2,1756.6581086547128,73.8597398414433
2024-11-19 17:30:00+00:00,3825.493137607585,1404.255202461915,5229.7483400695,5303.525208383083,0.013910911217498545,2,1756.6581086547128,73.8597398414433
2024-11-19 18:30:00+00:00,3825.493137607585,1405.3285511106765,5230.821688718262,5303.525208383083,0.013708527216935162,2,1756.6581086547128,73.8597398414433
2024-11-19 19:30:00+00:00,3825.493137607585,1406.979098684516,5232.472236292101,5303.525208383083,0.01339731014734713,2,1756.6581086547128,73.8597398414433
2024-11-19 20:30:00+00:00,3825.493137607585,1411.908486870158,5237.401624477743,5303.525208383083,0.012467855116596871,2,1756.6581086547128,73.8597398414433
2024-11-20 14:30:00+00:00,3825.493137607585,1383.7996729267475,5209.292810534333,5303.525208383083,0.017767879692511035,2,1756.6581086547128,73.8597398414433
2024-11-20 15:30:00+00:00,3825.493137607585,1386.7516598557836,5212.244797463369,5303.525208383083,0.017211271245667015,2,1756.6581086547128,73.8597398414433
2024-11-20 16:30:00+00:00,3825.493137607585,1396.7504956337857,5222.243633241371,5303.525208383083,0.015325952446352709,2,1756.6581086547128,73.8597398414433
2024-11-20 17:30:00+00:00,3825.493137607585,1398.3006907473605,5223.793828354946,5303.525208383083,0.015033657217676466,2,1756.6581086547128,73.8597398414433
2024-11-20 18:30:00+00:00,3825.493137607585,1398.614211666912,5224.107349274497,5303.525208383083,0.014974541646950779,2,1756.6581086547128,73.8597398414433
2024-11-20 19:30:00+00:00,3825.493137607585,1401.7394787842463,5227.2326163918315,5303.525208383083,0.01438526055663103,2,1756.6581086547128,73.8597398414433
2024-11-20 20:30:00+00:00,4179.054962202593,1050.9112300968836,5229.9661922994765,5303.525208383083,0.013869834344773957,1,1045.0650256600322,21.589188485957933
2024-11-21 14:30:00+00:00,4179.054962202593,1063.70123978404,5242.756201986633,5303.525208383083,0.011458229009715049,1,1045.0650256600322,21.589188485957933
2024-11-21 15:30:00+00:00,4712.25567740447,539.1996383568967,5251.455315761366,5303.525208383083,0.009817977774370101,1,1045.0650256600322,21.589188485957933
2024-11-21 16:30:00+00:00,4712.25567740447,538.7382340075801,5250.99391141205,5303.525208383083,0.009904977332435227,1,1045.0650256600322,21.589188485957933
2024-11-21 17:30:00+00:00,4712.25567740447,539.9781372470552,5252.233814651525,5303.525208383083,0.009671188825591592,1,1045.0650256600322,21.589188485957933
2024-11-21 18:30:00+00:00,4712.25567740447,540.3988335134254,5252.654510917895,5303.525208383083,0.009591864932550598,1,1045.0650256600322,21.589188485957933
2024-11-21 19:30:00+00:00,4712.25567740447,540.4197750229887,5252.675452427458,5303.525208383083,0.009587916330679125,1,1045.0650256600322,21.589188485957933
2024-11-21 20:30:00+00:00,4712.25567740447,541.1841055650939,5253.439782969564,5303.525208383083,0.009443798878216114,1,1045.0650256600322,21.589188485957933
2024-11-22 14:30:00+00:00,5256.2484286651525,0.0,5256.2484286651525,5303.525208383083,0.008914217970191207,0,0.0,0.0
2024-11-22 15:30:00+00:00,5256.2484286651525,0.0,5256.2484286651525,5303.525208383083,0.008914217970191207,0,0.0,0.0
2024-11-22 16:30:00+00:00,5256.2484286651525,0.0,5256.2484286651525,5303.525208383083,0.008914217970191207,0,0.0,0.0
2024-11-22 17:30:00+00:00,5256.2484286651525,0.0,5256.2484286651525,5303.525208383083,0.008914217970191207,0,0.0,0.0
2024-11-22 18:30:00+00:00,5256.2484286651525,0.0,5256.2484286651525,5303.525208383083,0.008914217970191207,0,0.0,0.0
2024-11-22 19:30:00+00:00,5256.2484286651525,0.0,5256.2484286651525,5303.525208383083,0.008914217970191207,0,0.0,0.0
2024-11-22 20:30:00+00:00,5256.2484286651525,0.0,5256.2484286651525,5303.525208383083,0.008914217970191207,0,0.0,0.0
2024-11-25 14:30:00+00:00,5256.2484286651525,0.0,5256.2484286651525,5303.525208383083,0.008914217970191207,0,0.0,0.0
2024-11-25 15:30:00+00:00,5256.2484286651525,0.0,5256.2484286651525,5303.525208383083,0.008914217970191207,0,0.0,0.0
2024-11-25 16:30:00+00:00,5256.2484286651525,0.0,5256.2484286651525,5303.525208383083,0.008914217970191207,0,0.0,0.0
2024-11-25 17:30:00+00:00,5256.2484286651525,0.0,5256.2484286651525,5303.525208383083,0.008914217970191207,0,0.0,0.0
2024-11-25 18:30:00+00:00,5256.2484286651525,0.0,5256.2484286651525,5303.525208383083,0.008914217970191207,0,0.0,0.0
2024-11-25 19:30:00+00:00,5256.2484286651525,0.0,5256.2484286651525,5303.525208383083,0.008914217970191207,0,0.0,0.0
2024-11-25 20:30:00+00:00,5256.2484286651525,0.0,5256.2484286651525,5303.525208383083,0.008914217970191207,0,0.0,0.0
2024-11-26 14:30:00+00:00,5256.2484286651525,0.0,5256.2484286651525,5303.525208383083,0.008914217970191207,0,0.0,0.0
2024-11-26 15:30:00+00:00,5256.2484286651525,0.0,5256.2484286651525,5303.525208383083,0.008914217970191207,0,0.0,0.0
2024-11-26 16:30:00+00:00,5256.2484286651525,0.0,5256.2484286651525,5303.525208383083,0.008914217970191207,0,0.0,0.0
2024-11-26 17:30:00+00:00,5256.2484286651525,0.0,5256.2484286651525,5303.525208383083,0.008914217970191207,0,0.0,0.0
2024-11-26 18:30:00+00:00,5256.2484286651525,0.0,5256.2484286651525,5303.525208383083,0.008914217970191207,0,0.0,0.0
2024-11-26 19:30:00+00:00,5256.2484286651525,0.0,5256.2484286651525,5303.525208383083,0.008914217970191207,0,0.0,0.0
2024-11-26 20:30:00+00:00,5256.2484286651525,0.0,5256.2484286651525,5303.525208383083,0.008914217970191207,0,0.0,0.0
2024-11-27 14:30:00+00:00,5256.2484286651525,0.0,5256.2484286651525,5303.525208383083,0.008914217970191207,0,0.0,0.0
2024-11-27 15:30:00+00:00,5256.2484286651525,0.0,5256.2484286651525,5303.525208383083,0.008914217970191207,0,0.0,0.0
2024-11-27 16:30:00+00:00,5256.2484286651525,0.0,5256.2484286651525,5303.525208383083,0.008914217970191207,0,0.0,0.0
2024-11-27 17:30:00+00:00,5256.2484286651525,0.0,5256.2484286651525,5303.525208383083,0.008914217970191207,0,0.0,0.0
2024-11-27 18:30:00+00:00,5256.2484286651525,0.0,5256.2484286651525,5303.525208383083,0.008914217970191207,0,0.0,0.0
2024-11-27 19:30:00+00:00,5256.2484286651525,0.0,5256.2484286651525,5303.525208383083,0.008914217970191207,0,0.0,0.0
2024-11-27 20:30:00+00:00,5256.2484286651525,0.0,5256.2484286651525,5303.525208383083,0.008914217970191207,0,0.0,0.0
2024-11-29 14:30:00+00:00,5256.2484286651525,0.0,5256.2484286651525,5303.525208383083,0.008914217970191207,0,0.0,0.0
2024-11-29 15:30:00+00:00,5256.2484286651525,0.0,5256.2484286651525,5303.525208383083,0.008914217970191207,0,0.0,0.0
2024-11-29 16:30:00+00:00,5256.2484286651525,0.0,5256.2484286651525,5303.525208383083,0.008914217970191207,0,0.0,0.0
2024-12-02 14:30:00+00:00,5256.2484286651525,0.0,5256.2484286651525,5303.525208383083,0.008914217970191207,0,0.0,0.0
2024-12-02 15:30:00+00:00,5256.2484286651525,0.0,5256.2484286651525,5303.525208383083,0.008914217970191207,0,0.0,0.0
2024-12-02 16:30:00+00:00,5256.2484286651525,0.0,5256.2484286651525,5303.525208383083,0.008914217970191207,0,0.0,0.0
2024-12-02 17:30:00+00:00,5256.2484286651525,0.0,5256.2484286651525,5303.525208383083,0.008914217970191207,0,0.0,0.0
2024-12-02 18:30:00+00:00,5256.2484286651525,0.0,5256.2484286651525,5303.525208383083,0.008914217970191207,0,0.0,0.0
2024-12-02 19:30:00+00:00,5256.2484286651525,0.0,5256.2484286651525,5303.525208383083,0.008914217970191207,0,0.0,0.0
2024-12-02 20:30:00+00:00,5256.2484286651525,0.0,5256.2484286651525,5303.525208383083,0.008914217970191207,0,0.0,0.0
2024-12-03 14:30:00+00:00,5256.2484286651525,0.0,5256.2484286651525,5303.525208383083,0.008914217970191207,0,0.0,0.0
2024-12-03 15:30:00+00:00,5256.2484286651525,0.0,5256.2484286651525,5303.525208383083,0.008914217970191207,0,0.0,0.0
2024-12-03 16:30:00+00:00,5256.2484286651525,0.0,5256.2484286651525,5303.525208383083,0.008914217970191207,0,0.0,0.0
2024-12-03 17:30:00+00:00,5256.2484286651525,0.0,5256.2484286651525,5303.525208383083,0.008914217970191207,0,0.0,0.0
2024-12-03 18:30:00+00:00,5256.2484286651525,0.0,5256.2484286651525,5303.525208383083,0.008914217970191207,0,0.0,0.0
2024-12-03 19:30:00+00:00,5256.2484286651525,0.0,5256.2484286651525,5303.525208383083,0.008914217970191207,0,0.0,0.0
2024-12-03 20:30:00+00:00,5256.2484286651525,0.0,5256.2484286651525,5303.525208383083,0.008914217970191207,0,0.0,0.0
2024-12-04 14:30:00+00:00,5256.2484286651525,0.0,5256.2484286651525,5303.525208383083,0.008914217970191207,0,0.0,0.0
2024-12-04 15:30:00+00:00,5256.2484286651525,0.0,5256.2484286651525,5303.525208383083,0.008914217970191207,0,0.0,0.0
2024-12-04 16:30:00+00:00,5256.2484286651525,0.0,5256.2484286651525,5303.525208383083,0.008914217970191207,0,0.0,0.0
2024-12-04 17:30:00+00:00,5256.2484286651525,0.0,5256.2484286651525,5303.525208383083,0.008914217970191207,0,0.0,0.0
2024-12-04 18:30:00+00:00,5256.2484286651525,0.0,5256.2484286651525,5303.525208383083,0.008914217970191207,0,0.0,0.0
2024-12-04 19:30:00+00:00,5256.2484286651525,0.0,5256.2484286651525,5303.525208383083,0.008914217970191207,0,0.0,0.0
2024-12-04 20:30:00+00:00,5256.2484286651525,0.0,5256.2484286651525,5303.525208383083,0.008914217970191207,0,0.0,0.0
2024-12-05 14:30:00+00:00,5256.2484286651525,0.0,5256.2484286651525,5303.525208383083,0.008914217970191207,0,0.0,0.0
2024-12-05 15:30:00+00:00,4520.009918363267,734.9356829581857,5254.945601321453,5303.525208383083,0.00915987105799776,2,2102.4783464723464,48.52417311905972
2024-12-05 16:30:00+00:00,4520.009918363267,733.3615494885034,5253.371467851771,5303.525208383083,0.009456679955444747,2,2102.4783464723464,48.52417311905972
2024-12-05 17:30:00+00:00,4520.009918363267,732.8386551740105,5252.848573537278,5303.525208383083,0.009555273682060106,2,2102.4783464723464,48.52417311905972
2024-12-05 18:30:00+00:00,4520.009918363267,734.7783005317478,5254.788218895015,5303.525208383083,0.009189546117557956,2,2102.4783464723464,48.52417311905972
2024-12-05 19:30:00+00:00,4520.009918363267,735.9375201874054,5255.947438550673,5303.525208383083,0.008970970809605183,2,2102.4783464723464,48.52417311905972
2024-12-05 20:30:00+00:00,4520.009918363267,735.1989920152228,5255.20891037849,5303.525208383083,0.009110223126350125,2,2102.4783464723464,48.52417311905972
2024-12-06 14:30:00+00:00,4520.009918363267,734.5171997034267,5254.527118066694,5303.525208383083,0.009238777679219767,2,2102.4783464723464,48.52417311905972
2024-12-06 15:30:00+00:00,4520.009918363267,730.4064501784278,5250.416368541695,5303.525208383083,0.01001387525365971,2,2102.4783464723464,48.52417311905972
2024-12-06 16:30:00+00:00,4520.009918363267,728.4713416837976,5248.481260047065,5303.525208383083,0.010378747375238584,2,2102.4783464723464,48.52417311905972
2024-12-06 17:30:00+00:00,4520.009918363267,728.6348765941275,5248.644794957395,5303.525208383083,0.010347912241265633,2,2102.4783464723464,48.52417311905972
2024-12-06 18:30:00+00:00,4520.009918363267,726.9531508791206,5246.963069242388,5303.525208383083,0.010665008068838633,2,2102.4783464723464,48.52417311905972
2024-12-06 19:30:00+00:00,4520.009918363267,726.2393527088125,5246.24927107208,5303.525208383083,0.010799597448970188,2,2102.4783464723464,48.52417311905972
2024-12-06 20:30:00+00:00,4520.009918363267,725.4297484907347,5245.439666854002,5303.525208383083,0.01095225142651668,2,2102.4783464723464,48.52417311905972
2024-12-09 14:30:00+00:00,4727.4057382554265,513.8956812711685,5241.301419526595,5303.525208383083,0.011732533816966262,1,1051.2496857330304,34.793360764732704
2024-12-09 15:30:00+00:00,4727.4057382554265,511.93061291433423,5239.336351169761,5303.525208383083,0.01210305498536357,1,1051.2496857330304,34.793360764732704
2024-12-09 16:30:00+00:00,4727.4057382554265,511.08842852275393,5238.49416677818,5303.525208383083,0.012261852079464064,1,1051.2496857330304,34.793360764732704
2024-12-09 17:30:00+00:00,4727.4057382554265,511.1737563956003,5238.579494651027,5303.525208383083,0.012245763182081038,1,1051.2496857330304,34.793360764732704
2024-12-09 18:30:00+00:00,4727.4057382554265,509.6848021485466,5237.090540403973,5303.525208383083,0.01252651121071302,1,1051.2496857330304,34.793360764732704
2024-12-09 19:30:00+00:00,5236.5242380898035,0.0,5236.5242380898035,5303.525208383083,0.012633289681997395,0,0.0,0.0
2024-12-09 20:30:00+00:00,5236.5242380898035,0.0,5236.5242380898035,5303.525208383083,0.012633289681997395,0,0.0,0.0
2024-12-10 14:30:00+00:00,5236.5242380898035,0.0,5236.5242380898035,5303.525208383083,0.012633289681997395,0,0.0,0.0
2024-12-10 15:30:00+00:00,4733.663890774754,497.42478755185857,5231.088678326612,5303.525208383083,0.01365818530323426,1,1005.218085587307,52.36524238089804
2024-12-10 16:30:00+00:00,4733.663890774754,501.90919292342915,5235.573083698183,5303.525208383083,0.012812633487155,1,1005.218085587307,52.36524238089804
2024-12-10 17:30:00+00:00,4733.663890774754,489.0014447020412,5222.665335476795,5303.525208383083,0.015246438873991908,1,1005.218085587307,52.36524238089804
2024-12-10 18:30:00+00:00,4733.663890774754,490.0883895130355,5223.752280287789,5303.525208383083,0.01504149126494192,1,1005.218085587307,52.36524238089804
2024-12-10 19:30:00+00:00,4733.663890774754,485.8838707457935,5219.547761520547,5303.525208383083,0.015834269389310207,1,1005.218085587307,52.36524238089804
2024-12-10 20:30:00+00:00,4733.663890774754,481.73232310996264,5215.396213884716,5303.525208383083,0.01661705960387705,1,1005.218085587307,52.36524238089804
2024-12-11 14:30:00+00:00,5213.187366930154,0.0,5213.187366930154,5303.525208383083,0.017033546160982738,0,0.0,0.0
2024-12-11 15:30:00+00:00,5213.187366930154,0.0,5213.187366930154,5303.525208383083,0.017033546160982738,0,0.0,0.0
2024-12-11 16:30:00+00:00,5213.187366930154,0.0,5213.187366930154,5303.525208383083,0.017033546160982738,0,0.0,0.0
2024-12-11 17:30:00+00:00,5213.187366930154,0.0,5213.187366930154,5303.525208383083,0.017033546160982738,0,0.0,0.0
2024-12-11 18:30:00+00:00,5213.187366930154,0.0,5213.187366930154,5303.525208383083,0.017033546160982738,0,0.0,0.0
2024-12-11 19:30:00+00:00,5213.187366930154,0.0,5213.187366930154,5303.525208383083,0.017033546160982738,0,0.0,0.0
2024-12-11 20:30:00+00:00,5213.187366930154,0.0,5213.187366930154,5303.525208383083,0.017033546160982738,0,0.0,0.0
2024-12-12 14:30:00+00:00,5213.187366930154,0.0,5213.187366930154,5303.525208383083,0.017033546160982738,0,0.0,0.0
2024-12-12 15:30:00+00:00,5213.187366930154,0.0,5213.187366930154,5303.525208383083,0.017033546160982738,0,0.0,0.0
2024-12-12 16:30:00+00:00,5213.187366930154,0.0,5213.187366930154,5303.525208383083,0.017033546160982738,0,0.0,0.0
2024-12-12 17:30:00+00:00,5213.187366930154,0.0,5213.187366930154,5303.525208383083,0.017033546160982738,0,0.0,0.0
2024-12-12 18:30:00+00:00,5213.187366930154,0.0,5213.187366930154,5303.525208383083,0.017033546160982738,0,0.0,0.0
2024-12-12 19:30:00+00:00,5213.187366930154,0.0,5213.187366930154,5303.525208383083,0.017033546160982738,0,0.0,0.0
2024-12-12 20:30:00+00:00,5213.187366930154,0.0,5213.187366930154,5303.525208383083,0.017033546160982738,0,0.0,0.0
2024-12-13 14:30:00+00:00,5213.187366930154,0.0,5213.187366930154,5303.525208383083,0.017033546160982738,0,0.0,0.0
2024-12-13 15:30:00+00:00,5213.187366930154,0.0,5213.187366930154,5303.525208383083,0.017033546160982738,0,0.0,0.0
2024-12-13 16:30:00+00:00,5213.187366930154,0.0,5213.187366930154,5303.525208383083,0.017033546160982738,0,0.0,0.0
2024-12-13 17:30:00+00:00,5213.187366930154,0.0,5213.187366930154,5303.525208383083,0.017033546160982738,0,0.0,0.0
2024-12-13 18:30:00+00:00,5213.187366930154,0.0,5213.187366930154,5303.525208383083,0.017033546160982738,0,0.0,0.0
2024-12-13 19:30:00+00:00,5213.187366930154,0.0,5213.187366930154,5303.525208383083,0.017033546160982738,0,0.0,0.0
2024-12-13 20:30:00+00:00,5213.187366930154,0.0,5213.187366930154,5303.525208383083,0.017033546160982738,0,0.0,0.0
2024-12-16 14:30:00+00:00,5213.187366930154,0.0,5213.187366930154,5303.525208383083,0.017033546160982738,0,0.0,0.0
2024-12-16 15:30:00+00:00,5213.187366930154,0.0,5213.187366930154,5303.525208383083,0.017033546160982738,0,0.0,0.0
2024-12-16 16:30:00+00:00,5213.187366930154,0.0,5213.187366930154,5303.525208383083,0.017033546160982738,0,0.0,0.0
2024-12-16 17:30:00+00:00,5213.187366930154,0.0,5213.187366930154,5303.525208383083,0.017033546160982738,0,0.0,0.0
2024-12-16 18:30:00+00:00,5213.187366930154,0.0,5213.187366930154,5303.525208383083,0.017033546160982738,0,0.0,0.0
2024-12-16 19:30:00+00:00,5213.187366930154,0.0,5213.187366930154,5303.525208383083,0.017033546160982738,0,0.0,0.0
2024-12-16 20:30:00+00:00,5213.187366930154,0.0,5213.187366930154,5303.525208383083,0.017033546160982738,0,0.0,0.0
2024-12-17 14:30:00+00:00,5213.187366930154,0.0,5213.187366930154,5303.525208383083,0.017033546160982738,0,0.0,0.0
2024-12-17 15:30:00+00:00,5213.187366930154,0.0,5213.187366930154,5303.525208383083,0.017033546160982738,0,0.0,0.0
2024-12-17 16:30:00+00:00,5213.187366930154,0.0,5213.187366930154,5303.525208383083,0.017033546160982738,0,0.0,0.0
2024-12-17 17:30:00+00:00,5213.187366930154,0.0,5213.187366930154,5303.525208383083,0.017033546160982738,0,0.0,0.0
2024-12-17 18:30:00+00:00,5213.187366930154,0.0,5213.187366930154,5303.525208383083,0.017033546160982738,0,0.0,0.0
2024-12-17 19:30:00+00:00,5213.187366930154,0.0,5213.187366930154,5303.525208383083,0.017033546160982738,0,0.0,0.0
2024-12-17 20:30:00+00:00,5213.187366930154,0.0,5213.187366930154,5303.525208383083,0.017033546160982738,0,0.0,0.0
2024-12-18 14:30:00+00:00,5213.187366930154,0.0,5213.187366930154,5303.525208383083,0.017033546160982738,0,0.0,0.0
2024-12-18 15:30:00+00:00,5213.187366930154,0.0,5213.187366930154,5303.525208383083,0.017033546160982738,0,0.0,0.0
2024-12-18 16:30:00+00:00,5213.187366930154,0.0,5213.187366930154,5303.525208383083,0.017033546160982738,0,0.0,0.0
2024-12-18 17:30:00+00:00,5213.187366930154,0.0,5213.187366930154,5303.525208383083,0.017033546160982738,0,0.0,0.0
2024-12-18 18:30:00+00:00,5213.187366930154,0.0,5213.187366930154,5303.525208383083,0.017033546160982738,0,0.0,0.0
2024-12-18 19:30:00+00:00,5213.187366930154,0.0,5213.187366930154,5303.525208383083,0.017033546160982738,0,0.0,0.0
2024-12-18 20:30:00+00:00,5213.187366930154,0.0,5213.187366930154,5303.525208383083,0.017033546160982738,0,0.0,0.0
2024-12-19 14:30:00+00:00,5213.187366930154,0.0,5213.187366930154,5303.525208383083,0.017033546160982738,0,0.0,0.0
2024-12-19 15:30:00+00:00,5213.187366930154,0.0,5213.187366930154,5303.525208383083,0.017033546160982738,0,0.0,0.0
2024-12-19 16:30:00+00:00,5213.187366930154,0.0,5213.187366930154,5303.525208383083,0.017033546160982738,0,0.0,0.0
2024-12-19 17:30:00+00:00,5213.187366930154,0.0,5213.187366930154,5303.525208383083,0.017033546160982738,0,0.0,0.0
2024-12-19 18:30:00+00:00,5213.187366930154,0.0,5213.187366930154,5303.525208383083,0.017033546160982738,0,0.0,0.0
2024-12-19 19:30:00+00:00,5213.187366930154,0.0,5213.187366930154,5303.525208383083,0.017033546160982738,0,0.0,0.0
2024-12-19 20:30:00+00:00,5213.187366930154,0.0,5213.187366930154,5303.525208383083,0.017033546160982738,0,0.0,0.0
2024-12-20 14:30:00+00:00,5213.187366930154,0.0,5213.187366930154,5303.525208383083,0.017033546160982738,0,0.0,0.0
2024-12-20 15:30:00+00:00,5213.187366930154,0.0,5213.187366930154,5303.525208383083,0.017033546160982738,0,0.0,0.0
2024-12-20 16:30:00+00:00,5213.187366930154,0.0,5213.187366930154,5303.525208383083,0.017033546160982738,0,0.0,0.0
2024-12-20 17:30:00+00:00,5213.187366930154,0.0,5213.187366930154,5303.525208383083,0.017033546160982738,0,0.0,0.0
2024-12-20 18:30:00+00:00,5213.187366930154,0.0,5213.187366930154,5303.525208383083,0.017033546160982738,0,0.0,0.0
2024-12-20 19:30:00+00:00,5213.187366930154,0.0,5213.187366930154,5303.525208383083,0.017033546160982738,0,0.0,0.0
2024-12-20 20:30:00+00:00,5213.187366930154,0.0,5213.187366930154,5303.525208383083,0.017033546160982738,0,0.0,0.0
2024-12-23 14:30:00+00:00,5213.187366930154,0.0,5213.187366930154,5303.525208383083,0.017033546160982738,0,0.0,0.0
2024-12-23 15:30:00+00:00,5213.187366930154,0.0,5213.187366930154,5303.525208383083,0.017033546160982738,0,0.0,0.0
2024-12-23 16:30:00+00:00,5213.187366930154,0.0,5213.187366930154,5303.525208383083,0.017033546160982738,0,0.0,0.0
2024-12-23 17:30:00+00:00,5213.187366930154,0.0,5213.187366930154,5303.525208383083,0.017033546160982738,0,0.0,0.0
2024-12-23 18:30:00+00:00,5213.187366930154,0.0,5213.187366930154,5303.525208383083,0.017033546160982738,0,0.0,0.0
2024-12-23 19:30:00+00:00,5213.187366930154,0.0,5213.187366930154,5303.525208383083,0.017033546160982738,0,0.0,0.0
2024-12-23 20:30:00+00:00,5213.187366930154,0.0,5213.187366930154,5303.525208383083,0.017033546160982738,0,0.0,0.0
2024-12-24 14:30:00+00:00,5213.187366930154,0.0,5213.187366930154,5303.525208383083,0.017033546160982738,0,0.0,0.0
2024-12-24 15:30:00+00:00,5213.187366930154,0.0,5213.187366930154,5303.525208383083,0.017033546160982738,0,0.0,0.0
2024-12-24 16:30:00+00:00,5213.187366930154,0.0,5213.187366930154,5303.525208383083,0.017033546160982738,0,0.0,0.0
2024-12-26 14:30:00+00:00,5213.187366930154,0.0,5213.187366930154,5303.525208383083,0.017033546160982738,0,0.0,0.0
2024-12-26 15:30:00+00:00,5213.187366930154,0.0,5213.187366930154,5303.525208383083,0.017033546160982738,0,0.0,0.0
2024-12-26 16:30:00+00:00,5213.187366930154,0.0,5213.187366930154,5303.525208383083,0.017033546160982738,0,0.0,0.0
2024-12-26 17:30:00+00:00,5213.187366930154,0.0,5213.187366930154,5303.525208383083,0.017033546160982738,0,0.0,0.0
2024-12-26 18:30:00+00:00,5213.187366930154,0.0,5213.187366930154,5303.525208383083,0.017033546160982738,0,0.0,0.0
2024-12-26 19:30:00+00:00,5213.187366930154,0.0,5213.187366930154,5303.525208383083,0.017033546160982738,0,0.0,0.0
2024-12-26 20:30:00+00:00,5213.187366930154,0.0,5213.187366930154,5303.525208383083,0.017033546160982738,0,0.0,0.0
2024-12-27 14:30:00+00:00,5213.187366930154,0.0,5213.187366930154,5303.525208383083,0.017033546160982738,0,0.0,0.0
2024-12-27 15:30:00+00:00,5213.187366930154,0.0,5213.187366930154,5303.525208383083,0.017033546160982738,0,0.0,0.0
2024-12-27 16:30:00+00:00,5213.187366930154,0.0,5213.187366930154,5303.525208383083,0.017033546160982738,0,0.0,0.0
2024-12-27 17:30:00+00:00,5213.187366930154,0.0,5213.187366930154,5303.525208383083,0.017033546160982738,0,0.0,0.0
2024-12-27 18:30:00+00:00,5213.187366930154,0.0,5213.187366930154,5303.525208383083,0.017033546160982738,0,0.0,0.0
2024-12-27 19:30:00+00:00,5213.187366930154,0.0,5213.187366930154,5303.525208383083,0.017033546160982738,0,0.0,0.0
2024-12-27 20:30:00+00:00,5213.187366930154,0.0,5213.187366930154,5303.525208383083,0.017033546160982738,0,0.0,0.0
2024-12-30 14:30:00+00:00,5213.187366930154,0.0,5213.187366930154,5303.525208383083,0.017033546160982738,0,0.0,0.0
2024-12-30 15:30:00+00:00,5213.187366930154,0.0,5213.187366930154,5303.525208383083,0.017033546160982738,0,0.0,0.0
2024-12-30 16:30:00+00:00,5213.187366930154,0.0,5213.187366930154,5303.525208383083,0.017033546160982738,0,0.0,0.0
2024-12-30 17:30:00+00:00,4587.304609478573,624.9890648954579,5212.293674374031,5303.525208383083,0.01720205531687591,3,3127.849862326744,67.98702488764025
2024-12-30 18:30:00+00:00,4587.304609478573,624.6705624217557,5211.975171900329,5303.525208383083,0.01726211017872492,3,3127.849862326744,67.98702488764025
2024-12-30 19:30:00+00:00,4274.356971841756,934.6186302044907,5208.975602046246,5303.525208383083,0.017827690568413934,3,3127.849862326744,67.98702488764025
2024-12-30 20:30:00+00:00,3961.4218519852648,1245.5657194974428,5206.987571482708,5303.525208383083,0.018202541348871448,3,3127.849862326744,67.98702488764025
2024-12-31 14:30:00+00:00,3648.4804733012,1558.02814272146,5206.50861602266,5303.525208383083,0.01829285023611693,3,3127.849862326744,67.98702488764025
2024-12-31 15:30:00+00:00,3648.4804733012,1553.239444920468,5201.719918221668,5303.525208383083,0.019195777555746307,3,3127.849862326744,67.98702488764025
2024-12-31 16:30:00+00:00,3648.4804733012,1550.4609355817197,5198.94140888292,5303.525208383083,0.019719676138213016,3,3127.849862326744,67.98702488764025
2024-12-31 17:30:00+00:00,3648.4804733012,1544.9720004193482,5193.452473720548,5303.525208383083,0.020754635895488316,3,3127.849862326744,67.98702488764025
2024-12-31 18:30:00+00:00,3648.4804733012,1542.985644798799,5191.466118099999,5303.525208383083,0.021129170859027102,3,3127.849862326744,67.98702488764025
2024-12-31 19:30:00+00:00,3648.4804733012,1550.963783217377,5199.444256518577,5303.525208383083,0.019624862289706613,3,3127.849862326744,67.98702488764025
2024-12-31 20:30:00+00:00,4675.204068036852,509.7838407826439,5184.987908819496,5303.525208383083,0.022350662041960234,1,1042.637473386031,32.29329672805665
2025-01-02 14:30:00+00:00,4675.204068036852,519.0096351701013,5194.213703206953,5303.525208383083,0.020611103158960198,1,1042.637473386031,32.29329672805665
2025-01-02 15:30:00+00:00,4675.204068036852,518.0529711354529,5193.257039172305,5303.525208383083,0.020791485828422496,1,1042.637473386031,32.29329672805665
2025-01-02 16:30:00+00:00,4675.204068036852,514.5612547937526,5189.765322830604,5303.525208383083,0.02144986232415047,1,1042.637473386031,32.29329672805665
2025-01-02 17:30:00+00:00,5182.392191169099,0.0,5182.392191169099,5303.525208383083,0.022840094551170198,0,0.0,0.0
2025-01-02 18:30:00+00:00,5182.392191169099,0.0,5182.392191169099,5303.525208383083,0.022840094551170198,0,0.0,0.0
2025-01-02 19:30:00+00:00,5182.392191169099,0.0,5182.392191169099,5303.525208383083,0.022840094551170198,0,0.0,0.0
2025-01-02 20:30:00+00:00,5182.392191169099,0.0,5182.392191169099,5303.525208383083,0.022840094551170198,0,0.0,0.0
2025-01-03 14:30:00+00:00,5182.392191169099,0.0,5182.392191169099,5303.525208383083,0.022840094551170198,0,0.0,0.0
2025-01-03 15:30:00+00:00,5182.392191169099,0.0,5182.392191169099,5303.525208383083,0.022840094551170198,0,0.0,0.0
2025-01-03 16:30:00+00:00,5182.392191169099,0.0,5182.392191169099,5303.525208383083,0.022840094551170198,0,0.0,0.0
2025-01-03 17:30:00+00:00,5182.392191169099,0.0,5182.392191169099,5303.525208383083,0.022840094551170198,0,0.0,0.0
2025-01-03 18:30:00+00:00,5182.392191169099,0.0,5182.392191169099,5303.525208383083,0.022840094551170198,0,0.0,0.0
2025-01-03 19:30:00+00:00,5182.392191169099,0.0,5182.392191169099,5303.525208383083,0.022840094551170198,0,0.0,0.0
2025-01-03 20:30:00+00:00,5182.392191169099,0.0,5182.392191169099,5303.525208383083,0.022840094551170198,0,0.0,0.0
2025-01-06 14:30:00+00:00,5182.392191169099,0.0,5182.392191169099,5303.525208383083,0.022840094551170198,0,0.0,0.0
2025-01-06 15:30:00+00:00,5182.392191169099,0.0,5182.392191169099,5303.525208383083,0.022840094551170198,0,0.0,0.0
2025-01-06 16:30:00+00:00,5182.392191169099,0.0,5182.392191169099,5303.525208383083,0.022840094551170198,0,0.0,0.0
2025-01-06 17:30:00+00:00,5182.392191169099,0.0,5182.392191169099,5303.525208383083,0.022840094551170198,0,0.0,0.0
2025-01-06 18:30:00+00:00,5182.392191169099,0.0,5182.392191169099,5303.525208383083,0.022840094551170198,0,0.0,0.0
2025-01-06 19:30:00+00:00,5182.392191169099,0.0,5182.392191169099,5303.525208383083,0.022840094551170198,0,0.0,0.0
2025-01-06 20:30:00+00:00,5182.392191169099,0.0,5182.392191169099,5303.525208383083,0.022840094551170198,0,0.0,0.0
2025-01-07 14:30:00+00:00,5182.392191169099,0.0,5182.392191169099,5303.525208383083,0.022840094551170198,0,0.0,0.0
2025-01-07 15:30:00+00:00,5182.392191169099,0.0,5182.392191169099,5303.525208383083,0.022840094551170198,0,0.0,0.0
2025-01-07 16:30:00+00:00,5182.392191169099,0.0,5182.392191169099,5303.525208383083,0.022840094551170198,0,0.0,0.0
2025-01-07 17:30:00+00:00,5182.392191169099,0.0,5182.392191169099,5303.525208383083,0.022840094551170198,0,0.0,0.0
2025-01-07 18:30:00+00:00,5182.392191169099,0.0,5182.392191169099,5303.525208383083,0.022840094551170198,0,0.0,0.0
2025-01-07 19:30:00+00:00,5182.392191169099,0.0,5182.392191169099,5303.525208383083,0.022840094551170198,0,0.0,0.0
2025-01-07 20:30:00+00:00,5182.392191169099,0.0,5182.392191169099,5303.525208383083,0.022840094551170198,0,0.0,0.0
2025-01-08 14:30:00+00:00,5182.392191169099,0.0,5182.392191169099,5303.525208383083,0.022840094551170198,0,0.0,0.0
2025-01-08 15:30:00+00:00,5182.392191169099,0.0,5182.392191169099,5303.525208383083,0.022840094551170198,0,0.0,0.0
2025-01-08 16:30:00+00:00,5182.392191169099,0.0,5182.392191169099,5303.525208383083,0.022840094551170198,0,0.0,0.0
2025-01-08 17:30:00+00:00,5182.392191169099,0.0,5182.392191169099,5303.525208383083,0.022840094551170198,0,0.0,0.0
2025-01-08 18:30:00+00:00,5182.392191169099,0.0,5182.392191169099,5303.525208383083,0.022840094551170198,0,0.0,0.0
2025-01-08 19:30:00+00:00,5182.392191169099,0.0,5182.392191169099,5303.525208383083,0.022840094551170198,0,0.0,0.0
2025-01-08 20:30:00+00:00,5182.392191169099,0.0,5182.392191169099,5303.525208383083,0.022840094551170198,0,0.0,0.0
2025-01-10 14:30:00+00:00,5182.392191169099,0.0,5182.392191169099,5303.525208383083,0.022840094551170198,0,0.0,0.0
2025-01-10 15:30:00+00:00,5182.392191169099,0.0,5182.392191169099,5303.525208383083,0.022840094551170198,0,0.0,0.0
2025-01-10 16:30:00+00:00,5182.392191169099,0.0,5182.392191169099,5303.525208383083,0.022840094551170198,0,0.0,0.0
2025-01-10 17:30:00+00:00,5182.392191169099,0.0,5182.392191169099,5303.525208383083,0.022840094551170198,0,0.0,0.0
2025-01-10 18:30:00+00:00,4932.448373123329,249.09070430229622,5181.539077425625,5303.525208383083,0.023000952416449172,1,499.6378171829493,25.911960955845494
2025-01-10 19:30:00+00:00,4932.448373123329,246.83691798900327,5179.285291112332,5303.525208383083,0.023425912461841336,1,499.6378171829493,25.911960955845494
2025-01-10 20:30:00+00:00,4932.448373123329,246.1775575665897,5178.625930689918,5303.525208383083,0.023550237396013696,1,499.6378171829493,25.911960955845494
2025-01-13 14:30:00+00:00,4932.448373123329,239.93570654257292,5172.3840796659015,5303.525208383083,0.02472716232401262,1,499.6378171829493,25.911960955845494
2025-01-13 15:30:00+00:00,4932.448373123329,241.31635370657295,5173.7647268299015,5303.525208383083,0.024466836010899606,1,499.6378171829493,25.911960955845494
2025-01-13 16:30:00+00:00,4932.448373123329,241.64203395072764,5174.090407074056,5303.525208383083,0.0244054277529282,1,499.6378171829493,25.911960955845494
2025-01-13 17:30:00+00:00,4932.448373123329,242.38568636174296,5174.8340594850715,5303.525208383083,0.024265209241316366,1,499.6378171829493,25.911960955845494
2025-01-13 18:30:00+00:00,4932.448373123329,242.62107466671932,5175.069447790048,5303.525208383083,0.024220825874456064,1,499.6378171829493,25.911960955845494
2025-01-13 19:30:00+00:00,4932.448373123329,242.32934536241737,5174.777718485746,5303.525208383083,0.024275832552625665,1,499.6378171829493,25.911960955845494
2025-01-13 20:30:00+00:00,4932.448373123329,242.95273047140836,5175.401103594737,5303.525208383083,0.024158290901648782,1,499.6378171829493,25.911960955845494
2025-01-14 14:30:00+00:00,4932.448373123329,238.8483496456265,5171.296722768955,5303.525208383083,0.024932187633447844,1,499.6378171829493,25.911960955845494
2025-01-14 15:30:00+00:00,5170.180382956711,0.0,5170.180382956711,5303.525208383083,0.025142677782618805,0,0.0,0.0
2025-01-14 16:30:00+00:00,5170.180382956711,0.0,5170.180382956711,5303.525208383083,0.025142677782618805,0,0.0,0.0
2025-01-14 17:30:00+00:00,5170.180382956711,0.0,5170.180382956711,5303.525208383083,0.025142677782618805,0,0.0,0.0
2025-01-14 18:30:00+00:00,5170.180382956711,0.0,5170.180382956711,5303.525208383083,0.025142677782618805,0,0.0,0.0
2025-01-14 19:30:00+00:00,5170.180382956711,0.0,5170.180382956711,5303.525208383083,0.025142677782618805,0,0.0,0.0
2025-01-14 20:30:00+00:00,5170.180382956711,0.0,5170.180382956711,5303.525208383083,0.025142677782618805,0,0.0,0.0
2025-01-15 14:30:00+00:00,5170.180382956711,0.0,5170.180382956711,5303.525208383083,0.025142677782618805,0,0.0,0.0
2025-01-15 15:30:00+00:00,5170.180382956711,0.0,5170.180382956711,5303.525208383083,0.025142677782618805,0,0.0,0.0
2025-01-15 16:30:00+00:00,5170.180382956711,0.0,5170.180382956711,5303.525208383083,0.025142677782618805,0,0.0,0.0
2025-01-15 17:30:00+00:00,5170.180382956711,0.0,5170.180382956711,5303.525208383083,0.025142677782618805,0,0.0,0.0
2025-01-15 18:30:00+00:00,5170.180382956711,0.0,5170.180382956711,5303.525208383083,0.025142677782618805,0,0.0,0.0
2025-01-15 19:30:00+00:00,5170.180382956711,0.0,5170.180382956711,5303.525208383083,0.025142677782618805,0,0.0,0.0
2025-01-15 20:30:00+00:00,5170.180382956711,0.0,5170.180382956711,5303.525208383083,0.025142677782618805,0,0.0,0.0
2025-01-16 14:30:00+00:00,5170.180382956711,0.0,5170.180382956711,5303.525208383083,0.025142677782618805,0,0.0,0.0
2025-01-16 15:30:00+00:00,5170.180382956711,0.0,5170.180382956711,5303.525208383083,0.025142677782618805,0,0.0,0.0
2025-01-16 16:30:00+00:00,5170.180382956711,0.0,5170.180382956711,5303.525208383083,0.025142677782618805,0,0.0,0.0
2025-01-16 17:30:00+00:00,5170.180382956711,0.0,5170.180382956711,5303.525208383083,0.025142677782618805,0,0.0,0.0
2025-01-16 18:30:00+00:00,5170.180382956711,0.0,5170.180382956711,5303.525208383083,0.025142677782618805,0,0.0,0.0
2025-01-16 19:30:00+00:00,5170.180382956711,0.0,5170.180382956711,5303.525208383083,0.025142677782618805,0,0.0,0.0
2025-01-16 20:30:00+00:00,5170.180382956711,0.0,5170.180382956711,5303.525208383083,0.025142677782618805,0,0.0,0.0
2025-01-17 14:30:00+00:00,5170.180382956711,0.0,5170.180382956711,5303.525208383083,0.025142677782618805,0,0.0,0.0
2025-01-17 15:30:00+00:00,5170.180382956711,0.0,5170.180382956711,5303.525208383083,0.025142677782618805,0,0.0,0.0
2025-01-17 16:30:00+00:00,5170.180382956711,0.0,5170.180382956711,5303.525208383083,0.025142677782618805,0,0.0,0.0
2025-01-17 17:30:00+00:00,5170.180382956711,0.0,5170.180382956711,5303.525208383083,0.025142677782618805,0,0.0,0.0
2025-01-17 18:30:00+00:00,5170.180382956711,0.0,5170.180382956711,5303.525208383083,0.025142677782618805,0,0.0,0.0
2025-01-17 19:30:00+00:00,5170.180382956711,0.0,5170.180382956711,5303.525208383083,0.025142677782618805,0,0.0,0.0
2025-01-17 20:30:00+00:00,5170.180382956711,0.0,5170.180382956711,5303.525208383083,0.025142677782618805,0,0.0,0.0
2025-01-21 14:30:00+00:00,5170.180382956711,0.0,5170.180382956711,5303.525208383083,0.025142677782618805,0,0.0,0.0
2025-01-21 15:30:00+00:00,5170.180382956711,0.0,5170.180382956711,5303.525208383083,0.025142677782618805,0,0.0,0.0
2025-01-21 16:30:00+00:00,5170.180382956711,0.0,5170.180382956711,5303.525208383083,0.025142677782618805,0,0.0,0.0
2025-01-21 17:30:00+00:00,5170.180382956711,0.0,5170.180382956711,5303.525208383083,0.025142677782618805,0,0.0,0.0
2025-01-21 18:30:00+00:00,5170.180382956711,0.0,5170.180382956711,5303.525208383083,0.025142677782618805,0,0.0,0.0
2025-01-21 19:30:00+00:00,5170.180382956711,0.0,5170.180382956711,5303.525208383083,0.025142677782618805,0,0.0,0.0
2025-01-21 20:30:00+00:00,5170.180382956711,0.0,5170.180382956711,5303.525208383083,0.025142677782618805,0,0.0,0.0
2025-01-22 14:30:00+00:00,5068.445375273974,105.06860411187154,5173.513979385845,5303.525208383083,0.02451411540228632,1,1034.0360765913422,18.24617696734371
2025-01-22 15:30:00+00:00,5068.445375273974,104.86148764928203,5173.306862923256,5303.525208383083,0.024553168004933013,1,1034.0360765913422,18.24617696734371
2025-01-22 16:30:00+00:00,5068.445375273974,104.26712678378772,5172.712502057761,5303.525208383083,0.02466523702358403,1,1034.0360765913422,18.24617696734371
2025-01-22 17:30:00+00:00,5068.445375273974,104.5400713115032,5172.985446585477,5303.525208383083,0.024613772287018998,1,1034.0360765913422,18.24617696734371
2025-01-22 18:30:00+00:00,5068.445375273974,103.75348159138503,5172.198856865359,5303.525208383083,0.024762086792788573,1,1034.0360765913422,18.24617696734371
2025-01-22 19:30:00+00:00,5068.445375273974,103.63584222732788,5172.081217501302,5303.525208383083,0.024784268145650157,1,1034.0360765913422,18.24617696734371
2025-01-22 20:30:00+00:00,5171.797281129278,0.0,5171.797281129278,5303.525208383083,0.024837805436577765,0,0.0,0.0
2025-01-23 14:30:00+00:00,5171.797281129278,0.0,5171.797281129278,5303.525208383083,0.024837805436577765,0,0.0,0.0
2025-01-23 15:30:00+00:00,5171.797281129278,0.0,5171.797281129278,5303.525208383083,0.024837805436577765,0,0.0,0.0
2025-01-23 16:30:00+00:00,5171.797281129278,0.0,5171.797281129278,5303.525208383083,0.024837805436577765,0,0.0,0.0
2025-01-23 17:30:00+00:00,5171.797281129278,0.0,5171.797281129278,5303.525208383083,0.024837805436577765,0,0.0,0.0
2025-01-23 18:30:00+00:00,5171.797281129278,0.0,5171.797281129278,5303.525208383083,0.024837805436577765,0,0.0,0.0
2025-01-23 19:30:00+00:00,5171.797281129278,0.0,5171.797281129278,5303.525208383083,0.024837805436577765,0,0.0,0.0
2025-01-23 20:30:00+00:00,5171.797281129278,0.0,5171.797281129278,5303.525208383083,0.024837805436577765,0,0.0,0.0
2025-01-24 14:30:00+00:00,4654.358963152294,512.7179844615657,5167.076947613859,5303.525208383083,0.025727842408205137,1,1034.3594562258556,14.792834443384507
2025-01-24 15:30:00+00:00,5165.375225727959,0.0,5165.375225727959,5303.525208383083,0.026048708590421188,0,0.0,0.0
2025-01-24 16:30:00+00:00,5165.375225727959,0.0,5165.375225727959,5303.525208383083,0.026048708590421188,0,0.0,0.0
2025-01-24 17:30:00+00:00,5165.375225727959,0.0,5165.375225727959,5303.525208383083,0.026048708590421188,0,0.0,0.0
2025-01-24 18:30:00+00:00,5165.375225727959,0.0,5165.375225727959,5303.525208383083,0.026048708590421188,0,0.0,0.0
2025-01-24 19:30:00+00:00,5165.375225727959,0.0,5165.375225727959,5303.525208383083,0.026048708590421188,0,0.0,0.0
2025-01-24 20:30:00+00:00,5165.375225727959,0.0,5165.375225727959,5303.525208383083,0.026048708590421188,0,0.0,0.0
2025-01-27 14:30:00+00:00,5165.375225727959,0.0,5165.375225727959,5303.525208383083,0.026048708590421188,0,0.0,0.0
2025-01-27 15:30:00+00:00,4648.579434393877,516.3995055817131,5164.97893997559,5303.525208383083,0.026123429787511476,1,1033.075045145592,15.502137261848011
2025-01-27 16:30:00+00:00,5158.50585648087,0.0,5158.50585648087,5303.525208383083,0.027343954483894373,0,0.0,0.0
2025-01-27 17:30:00+00:00,5158.50585648087,0.0,5158.50585648087,5303.525208383083,0.027343954483894373,0,0.0,0.0
2025-01-27 18:30:00+00:00,5158.50585648087,0.0,5158.50585648087,5303.525208383083,0.027343954483894373,0,0.0,0.0
2025-01-27 19:30:00+00:00,4642.397345539959,513.3892794409285,5155.786624980888,5303.525208383083,0.027856676002721792,1,1031.701171296174,39.80238477949935
2025-01-27 20:30:00+00:00,4642.397345539959,519.255837438016,5161.653182977975,5303.525208383083,0.026750514012992,1,1031.701171296174,39.80238477949935
2025-01-28 14:30:00+00:00,4126.288834599048,1058.0334050688361,5184.322239667884,5303.525208383083,0.0224761765111966,1,1031.701171296174,39.80238477949935
2025-01-28 15:30:00+00:00,4126.288834599048,1056.9934309848568,5183.2822655839045,5303.525208383083,0.022672267609686214,1,1031.701171296174,39.80238477949935
2025-01-28 16:30:00+00:00,4126.288834599048,1062.3693983935636,5188.658232992611,5303.525208383083,0.021658608355232367,1,1031.701171296174,39.80238477949935
2025-01-28 17:30:00+00:00,4126.288834599048,1054.7465974689685,5181.035432068016,5303.525208383083,0.023095916678486206,1,1031.701171296174,39.80238477949935
2025-01-28 18:30:00+00:00,4126.288834599048,1055.3850919346996,5181.673926533747,5303.525208383083,0.0229755261004001,1,1031.701171296174,39.80238477949935
2025-01-28 19:30:00+00:00,4126.288834599048,1052.7851903438795,5179.074024942927,5303.525208383083,0.02346574750760877,1,1031.701171296174,39.80238477949935
2025-01-28 20:30:00+00:00,4126.288834599048,1049.722689561374,5176.011524160422,5303.525208383083,0.024043193764989534,1,1031.701171296174,39.80238477949935
2025-01-29 14:30:00+00:00,4126.288834599048,1049.105778575371,5175.394613174419,5303.525208383083,0.024159514695269668,1,1031.701171296174,39.80238477949935
2025-01-29 15:30:00+00:00,4126.288834599048,1047.827444878817,5174.116279477865,5303.525208383083,0.024400549412052608,1,1031.701171296174,39.80238477949935
2025-01-29 16:30:00+00:00,4126.288834599048,1050.848997564267,5177.137832163315,5303.525208383083,0.023830824075275925,1,1031.701171296174,39.80238477949935
2025-01-29 17:30:00+00:00,4126.288834599048,1047.1008010612977,5173.389635660345,5303.525208383083,0.024537560888187482,1,1031.701171296174,39.80238477949935
2025-01-29 18:30:00+00:00,4126.288834599048,1043.068859123895,5169.357693722943,5303.525208383083,0.02529779899001261,1,1031.701171296174,39.80238477949935
2025-01-29 19:30:00+00:00,4126.288834599048,1048.6650990546887,5174.953933653736,5303.525208383083,0.024242606507482778,1,1031.701171296174,39.80238477949935
2025-01-29 20:30:00+00:00,4126.288834599048,1044.5670619130087,5170.8558965120565,5303.525208383083,0.02501530711333677,1,1031.701171296174,39.80238477949935
2025-01-30 14:30:00+00:00,4126.288834599048,1037.0759807291843,5163.364815328232,5303.525208383083,0.0264277791747467,1,1031.701171296174,39.80238477949935
2025-01-30 15:30:00+00:00,4126.288834599048,1030.9949529826872,5157.283787581735,5303.525208383083,0.02757438025752934,1,1031.701171296174,39.80238477949935
2025-01-30 16:30:00+00:00,4126.288834599048,1032.7134955321426,5159.00233013119,5303.525208383083,0.02725034247474689,1,1031.701171296174,39.80238477949935
2025-01-30 17:30:00+00:00,4126.288834599048,1034.2998476730436,5160.588682272091,5303.525208383083,0.026951229700022394,1,1031.701171296174,39.80238477949935
2025-01-30 18:30:00+00:00,4126.288834599048,1035.5336696450495,5161.822504244097,5303.525208383083,0.026718587839462238,1,1031.701171296174,39.80238477949935
2025-01-30 19:30:00+00:00,4126.288834599048,1039.6824044307023,5165.97123902975,5303.525208383083,0.025936327998574704,1,1031.701171296174,39.80238477949935
2025-01-30 20:30:00+00:00,4126.288834599048,1033.771086038828,5160.059920637876,5303.525208383083,0.02705092973225376,1,1031.701171296174,39.80238477949935
2025-01-31 14:30:00+00:00,4126.288834599048,1049.3481052449688,5175.6369398440165,5303.525208383083,0.024113823073173668,1,1031.701171296174,39.80238477949935
2025-01-31 15:30:00+00:00,4126.288834599048,1052.3886191182173,5178.677453717265,5303.525208383083,0.023540522531782404,1,1031.701171296174,39.80238477949935
2025-01-31 16:30:00+00:00,4126.288834599048,1056.77315846277,5183.061993061818,5303.525208383083,0.02271380083776231,1,1031.701171296174,39.80238477949935
2025-01-31 17:30:00+00:00,5181.696774361615,0.0,5181.696774361615,5303.525208383083,0.02297121805490776,0,0.0,0.0
2025-01-31 18:30:00+00:00,5181.696774361615,0.0,5181.696774361615,5303.525208383083,0.02297121805490776,0,0.0,0.0
2025-01-31 19:30:00+00:00,5181.696774361615,0.0,5181.696774361615,5303.525208383083,0.02297121805490776,0,0.0,0.0
2025-01-31 20:30:00+00:00,5181.696774361615,0.0,5181.696774361615,5303.525208383083,0.02297121805490776,0,0.0,0.0
2025-02-03 14:30:00+00:00,5181.696774361615,0.0,5181.696774361615,5303.525208383083,0.02297121805490776,0,0.0,0.0
2025-02-03 15:30:00+00:00,5181.696774361615,0.0,5181.696774361615,5303.525208383083,0.02297121805490776,0,0.0,0.0
2025-02-03 16:30:00+00:00,5181.696774361615,0.0,5181.696774361615,5303.525208383083,0.02297121805490776,0,0.0,0.0
2025-02-03 17:30:00+00:00,5181.696774361615,0.0,5181.696774361615,5303.525208383083,0.02297121805490776,0,0.0,0.0
2025-02-03 18:30:00+00:00,5181.696774361615,0.0,5181.696774361615,5303.525208383083,0.02297121805490776,0,0.0,0.0
2025-02-03 19:30:00+00:00,4974.325269451663,209.0119696000247,5183.337239051688,5303.525208383083,0.022661902151689284,1,1036.3393548723232,39.76167934888051
2025-02-03 20:30:00+00:00,4974.325269451663,209.02892709732168,5183.354196548985,5303.525208383083,0.022658704750596503,1,1036.3393548723232,39.76167934888051
2025-02-04 14:30:00+00:00,4974.325269451663,213.0296947470615,5187.354964198725,5303.525208383083,0.021904344680163335,1,1036.3393548723232,39.76167934888051
2025-02-04 15:30:00+00:00,4974.325269451663,213.35665398825586,5187.681923439919,5303.525208383083,0.021842695262399126,1,1036.3393548723232,39.76167934888051
2025-02-04 16:30:00+00:00,4455.253863349445,730.6792755925471,5185.933138941992,5303.525208383083,0.022172435280446545,2,2073.9633550766575,75.83933565843844
2025-02-04 17:30:00+00:00,4562.8101617198545,626.1526173103593,5188.962779030214,5303.525208383083,0.021601185032887993,2,2073.9633550766575,75.83933565843844
2025-02-04 18:30:00+00:00,4562.8101617198545,626.1333687753076,5188.943530495162,5303.525208383083,0.021604814417928275,2,2073.9633550766575,75.83933565843844
2025-02-04 19:30:00+00:00,4562.8101617198545,626.4808653517348,5189.291027071589,5303.525208383083,0.021539292606911342,2,2073.9633550766575,75.83933565843844
2025-02-04 20:30:00+00:00,4562.8101617198545,626.4161762741405,5189.226337993995,5303.525208383083,0.021551489980366267,2,2073.9633550766575,75.83933565843844
2025-02-05 14:30:00+00:00,4562.8101617198545,622.1161222901965,5184.926284010051,5303.525208383083,0.022362281635914028,2,2073.9633550766575,75.83933565843844
2025-02-05 15:30:00+00:00,4562.8101617198545,624.5066777788334,5187.316839498688,5303.525208383083,0.02191153323844086,2,2073.9633550766575,75.83933565843844
2025-02-05 16:30:00+00:00,4562.8101617198545,627.2732124791501,5190.0833741990045,5303.525208383083,0.021389892519934728,2,2073.9633550766575,75.83933565843844
2025-02-05 17:30:00+00:00,4562.8101617198545,628.3362215958332,5191.146383315688,5303.525208383083,0.021189458077763512,2,2073.9633550766575,75.83933565843844
2025-02-05 18:30:00+00:00,4562.8101617198545,628.5453200677657,5191.35548178762,5303.525208383083,0.02115003175966057,2,2073.9633550766575,75.83933565843844
2025-02-05 19:30:00+00:00,4562.8101617198545,632.7256664109536,5195.535828130808,5303.525208383083,0.020361811438471156,2,2073.9633550766575,75.83933565843844
2025-02-05 20:30:00+00:00,4562.8101617198545,635.5887441918949,5198.398905911749,5303.525208383083,0.019821967152180986,2,2073.9633550766575,75.83933565843844
2025-02-06 14:30:00+00:00,5064.926762974321,109.61661397167518,5174.543376945996,5303.525208383083,0.024320018547891564,1,1036.3393548723232,39.76167934888051
2025-02-06 15:30:00+00:00,5064.926762974321,110.18211980181786,5175.108882776139,5303.525208383083,0.02421339025672231,1,1036.3393548723232,39.76167934888051
2025-02-06 16:30:00+00:00,5064.926762974321,110.4604964808741,5175.387259455195,5303.525208383083,0.024160901267207158,1,1036.3393548723232,39.76167934888051
2025-02-06 17:30:00+00:00,5064.926762974321,110.4728073568649,5175.399570331186,5303.525208383083,0.024158580004366437,1,1036.3393548723232,39.76167934888051
2025-02-06 18:30:00+00:00,5064.926762974321,110.33853602393447,5175.265298998255,5303.525208383083,0.0241838973786892,1,1036.3393548723232,39.76167934888051
2025-02-06 19:30:00+00:00,5064.926762974321,109.98249534249317,5174.909258316814,5303.525208383083,0.024251030213445657,1,1036.3393548723232,39.76167934888051
2025-02-06 20:30:00+00:00,5064.926762974321,110.06234913193111,5174.989112106252,5303.525208383083,0.02423597347546469,1,1036.3393548723232,39.76167934888051
2025-02-07 14:30:00+00:00,5176.457241195651,0.0,5176.457241195651,5303.525208383083,0.02395915211010602,0,0.0,0.0
2025-02-07 15:30:00+00:00,5087.526524668457,89.60191883988045,5177.128443508337,5303.525208383083,0.02383259434214724,1,444.43136695249456,51.76457241195651
2025-02-07 16:30:00+00:00,5087.526524668457,89.92400959366933,5177.450534262126,5303.525208383083,0.02377186289633837,1,444.43136695249456,51.76457241195651
2025-02-07 17:30:00+00:00,5087.526524668457,90.3611867603613,5177.887711428818,5303.525208383083,0.023689431466390354,1,444.43136695249456,51.76457241195651
2025-02-07 18:30:00+00:00,5087.526524668457,88.46493675268175,5175.991461421138,5303.525208383083,0.024046976671357467,1,444.43136695249456,51.76457241195651
2025-02-07 19:30:00+00:00,4954.130449877665,221.60795882449202,5175.738408702157,5303.525208383083,0.024094690731164548,1,444.43136695249456,51.76457241195651
2025-02-07 20:30:00+00:00,4954.130449877665,217.8027899473991,5171.933239825064,5303.525208383083,0.024812169903522974,1,444.43136695249456,51.76457241195651
2025-02-10 14:30:00+00:00,4954.130449877665,222.44107472115502,5176.57152459882,5303.525208383083,0.023937603536529184,1,444.43136695249456,51.76457241195651
2025-02-10 15:30:00+00:00,4954.130449877665,224.563487737355,5178.69393761502,5303.525208383083,0.023537414429697923,1,444.43136695249456,51.76457241195651
2025-02-10 16:30:00+00:00,4954.130449877665,225.172943931806,5179.303393809471,5303.525208383083,0.02342249912893013,1,444.43136695249456,51.76457241195651
2025-02-10 17:30:00+00:00,4954.130449877665,224.28853145152334,5178.418981329189,5303.525208383083,0.023589258490964382,1,444.43136695249456,51.76457241195651
2025-02-10 18:30:00+00:00,4954.130449877665,226.96300126957158,5181.093451147237,5303.525208383083,0.023084976958782533,1,444.43136695249456,51.76457241195651
2025-02-10 19:30:00+00:00,4954.130449877665,227.72793664424626,5181.858386521912,5303.525208383083,0.02294074546282099,1,444.43136695249456,51.76457241195651
2025-02-10 20:30:00+00:00,4954.130449877665,229.33954304905183,5183.469992926717,5303.525208383083,0.022636870899868433,1,444.43136695249456,51.76457241195651
2025-02-11 14:30:00+00:00,4954.130449877665,226.3916763853067,5180.522126262972,5303.525208383083,0.023192702454903902,1,444.43136695249456,51.76457241195651
2025-02-11 15:30:00+00:00,4954.130449877665,223.30740369373598,5177.437853571401,5303.525208383083,0.0237742538891641,1,444.43136695249456,51.76457241195651
2025-02-11 16:30:00+00:00,4954.130449877665,224.32783234180897,5178.458282219474,5303.525208383083,0.023581848157508523,1,444.43136695249456,51.76457241195651
2025-02-11 17:30:00+00:00,4954.130449877665,223.32548720143677,5177.455937079102,5303.525208383083,0.023770844174495043,1,444.43136695249456,51.76457241195651
2025-02-11 18:30:00+00:00,4954.130449877665,221.96938906464584,5176.099838942311,5303.525208383083,0.024026541674461166,1,444.43136695249456,51.76457241195651
2025-02-11 19:30:00+00:00,4954.130449877665,222.16592350530664,5176.296373382972,5303.525208383083,0.02398948435259718,1,444.43136695249456,51.76457241195651
2025-02-11 20:30:00+00:00,4954.130449877665,221.37761152324674,5175.508061400912,5303.525208383083,0.024138123597455263,1,444.43136695249456,51.76457241195651
2025-02-12 14:30:00+00:00,4954.130449877665,227.05911676240976,5181.189566640075,5303.525208383083,0.023066854014314186,1,444.43136695249456,51.76457241195651
2025-02-12 15:30:00+00:00,4954.130449877665,226.5978373698681,5180.728287247533,5303.525208383083,0.023153830011300558,1,444.43136695249456,51.76457241195651
2025-02-12 16:30:00+00:00,4954.130449877665,227.50408201201753,5181.634531889683,5303.525208383083,0.022982954111490206,1,444.43136695249456,51.76457241195651
2025-02-12 17:30:00+00:00,4954.130449877665,229.73261193037433,5183.86306180804,5303.525208383083,0.02256275625614035,1,444.43136695249456,51.76457241195651
2025-02-12 18:30:00+00:00,4954.130449877665,229.73280686039016,5183.8632567380555,5303.525208383083,0.022562719501338924,1,444.43136695249456,51.76457241195651
2025-02-12 19:30:00+00:00,4954.130449877665,230.00756821620598,5184.138018093871,5303.525208383083,0.022510912194873778,1,444.43136695249456,51.76457241195651
2025-02-12 20:30:00+00:00,5184.789320709716,0.0,5184.789320709716,5303.525208383083,0.022388106591005874,0,0.0,0.0
2025-02-13 14:30:00+00:00,5184.789320709716,0.0,5184.789320709716,5303.525208383083,0.022388106591005874,0,0.0,0.0
2025-02-13 15:30:00+00:00,5184.789320709716,0.0,5184.789320709716,5303.525208383083,0.022388106591005874,0,0.0,0.0
2025-02-13 16:30:00+00:00,5184.789320709716,0.0,5184.789320709716,5303.525208383083,0.022388106591005874,0,0.0,0.0
2025-02-13 17:30:00+00:00,5184.789320709716,0.0,5184.789320709716,5303.525208383083,0.022388106591005874,0,0.0,0.0
2025-02-13 18:30:00+00:00,5184.789320709716,0.0,5184.789320709716,5303.525208383083,0.022388106591005874,0,0.0,0.0
2025-02-13 19:30:00+00:00,5184.789320709716,0.0,5184.789320709716,5303.525208383083,0.022388106591005874,0,0.0,0.0
2025-02-13 20:30:00+00:00,5184.789320709716,0.0,5184.789320709716,5303.525208383083,0.022388106591005874,0,0.0,0.0
2025-02-14 14:30:00+00:00,5184.789320709716,0.0,5184.789320709716,5303.525208383083,0.022388106591005874,0,0.0,0.0
2025-02-14 15:30:00+00:00,5184.789320709716,0.0,5184.789320709716,5303.525208383083,0.022388106591005874,0,0.0,0.0
2025-02-14 16:30:00+00:00,5184.789320709716,0.0,5184.789320709716,5303.525208383083,0.022388106591005874,0,0.0,0.0
2025-02-14 17:30:00+00:00,5184.789320709716,0.0,5184.789320709716,5303.525208383083,0.022388106591005874,0,0.0,0.0
2025-02-14 18:30:00+00:00,4977.294052094913,209.23257543350883,5186.526627528422,5303.525208383083,0.022060530733355566,1,1036.9578641419432,47.61547075410054
2025-02-14 19:30:00+00:00,4977.294052094913,210.72863083420089,5188.022682929114,5303.525208383083,0.021778443754994936,1,1036.9578641419432,47.61547075410054
2025-02-14 20:30:00+00:00,4977.294052094913,210.4002977279897,5187.694349822903,5303.525208383083,0.021840352220272363,1,1036.9578641419432,47.61547075410054
2025-02-18 14:30:00+00:00,4977.294052094913,212.99874268911208,5190.292794784025,5303.525208383083,0.021350405466174727,1,1036.9578641419432,47.61547075410054
2025-02-18 15:30:00+00:00,4977.294052094913,212.85146312279267,5190.145515217706,5303.525208383083,0.021378175592747573,1,1036.9578641419432,47.61547075410054
2025-02-18 16:30:00+00:00,4977.294052094913,214.8511103005485,5192.145162395462,5303.525208383083,0.021001134455167048,1,1036.9578641419432,47.61547075410054
2025-02-18 17:30:00+00:00,4977.294052094913,215.56562888975623,5192.8596809846695,5303.525208383083,0.02086640923729155,1,1036.9578641419432,47.61547075410054
2025-02-18 18:30:00+00:00,4977.294052094913,215.4919810804622,5192.786033175375,5303.525208383083,0.020880295813936356,1,1036.9578641419432,47.61547075410054
2025-02-18 19:30:00+00:00,4877.879333906906,315.48691244641395,5193.36624635332,5303.525208383083,0.020770894395983786,2,2075.5276942812097,67.49021947123998
2025-02-18 20:30:00+00:00,4566.152599390605,629.2440650666686,5195.396664457274,5303.525208383083,0.020388051282361097,2,2075.5276942812097,67.49021947123998
2025-02-19 14:30:00+00:00,5077.001263378029,106.97066595677643,5183.971929334805,5303.525208383083,0.022542228866811898,1,1036.9578641419432,47.61547075410054
2025-02-19 15:30:00+00:00,5077.001263378029,108.3456310677102,5185.346894445739,5303.525208383083,0.022282973926576966,1,1036.9578641419432,47.61547075410054
2025-02-19 16:30:00+00:00,5077.001263378029,108.45078145454136,5185.45204483257,5303.525208383083,0.022263147418226437,1,1036.9578641419432,47.61547075410054
2025-02-19 17:30:00+00:00,5077.001263378029,108.37456528223811,5185.375828660267,5303.525208383083,0.02227751826955804,1,1036.9578641419432,47.61547075410054
2025-02-19 18:30:00+00:00,5077.001263378029,108.46661701772064,5185.4678803957495,5303.525208383083,0.022260161562110525,1,1036.9578641419432,47.61547075410054
2025-02-19 19:30:00+00:00,5077.001263378029,107.76703506463946,5184.768298442668,5303.525208383083,0.022392070420010457,1,1036.9578641419432,47.61547075410054
2025-02-19 20:30:00+00:00,5077.001263378029,107.9195717489929,5184.920835127022,5303.525208383083,0.022363309043688107,1,1036.9578641419432,47.61547075410054
2025-02-20 14:30:00+00:00,5180.645201899016,0.0,5180.645201899016,5303.525208383083,0.023169496072128593,0,0.0,0.0
2025-02-20 15:30:00+00:00,5180.645201899016,0.0,5180.645201899016,5303.525208383083,0.023169496072128593,0,0.0,0.0
2025-02-20 16:30:00+00:00,5180.645201899016,0.0,5180.645201899016,5303.525208383083,0.023169496072128593,0,0.0,0.0
2025-02-20 17:30:00+00:00,5180.645201899016,0.0,5180.645201899016,5303.525208383083,0.023169496072128593,0,0.0,0.0
2025-02-20 18:30:00+00:00,5180.645201899016,0.0,5180.645201899016,5303.525208383083,0.023169496072128593,0,0.0,0.0
2025-02-20 19:30:00+00:00,5180.645201899016,0.0,5180.645201899016,5303.525208383083,0.023169496072128593,0,0.0,0.0
2025-02-20 20:30:00+00:00,5180.645201899016,0.0,5180.645201899016,5303.525208383083,0.023169496072128593,0,0.0,0.0
2025-02-21 14:30:00+00:00,5180.645201899016,0.0,5180.645201899016,5303.525208383083,0.023169496072128593,0,0.0,0.0
2025-02-21 15:30:00+00:00,5180.645201899016,0.0,5180.645201899016,5303.525208383083,0.023169496072128593,0,0.0,0.0
2025-02-21 16:30:00+00:00,5180.645201899016,0.0,5180.645201899016,5303.525208383083,0.023169496072128593,0,0.0,0.0
2025-02-21 17:30:00+00:00,5180.645201899016,0.0,5180.645201899016,5303.525208383083,0.023169496072128593,0,0.0,0.0
2025-02-21 18:30:00+00:00,5180.645201899016,0.0,5180.645201899016,5303.525208383083,0.023169496072128593,0,0.0,0.0
2025-02-21 19:30:00+00:00,5180.645201899016,0.0,5180.645201899016,5303.525208383083,0.023169496072128593,0,0.0,0.0
2025-02-21 20:30:00+00:00,5180.645201899016,0.0,5180.645201899016,5303.525208383083,0.023169496072128593,0,0.0,0.0
2025-02-24 14:30:00+00:00,5180.645201899016,0.0,5180.645201899016,5303.525208383083,0.023169496072128593,0,0.0,0.0
2025-02-24 15:30:00+00:00,5180.645201899016,0.0,5180.645201899016,5303.525208383083,0.023169496072128593,0,0.0,0.0
2025-02-24 16:30:00+00:00,5180.645201899016,0.0,5180.645201899016,5303.525208383083,0.023169496072128593,0,0.0,0.0
2025-02-24 17:30:00+00:00,5180.645201899016,0.0,5180.645201899016,5303.525208383083,0.023169496072128593,0,0.0,0.0
2025-02-24 18:30:00+00:00,5180.645201899016,0.0,5180.645201899016,5303.525208383083,0.023169496072128593,0,0.0,0.0
2025-02-24 19:30:00+00:00,5180.645201899016,0.0,5180.645201899016,5303.525208383083,0.023169496072128593,0,0.0,0.0
2025-02-24 20:30:00+00:00,5180.645201899016,0.0,5180.645201899016,5303.525208383083,0.023169496072128593,0,0.0,0.0
2025-02-25 14:30:00+00:00,5180.645201899016,0.0,5180.645201899016,5303.525208383083,0.023169496072128593,0,0.0,0.0
2025-02-25 15:30:00+00:00,5180.645201899016,0.0,5180.645201899016,5303.525208383083,0.023169496072128593,0,0.0,0.0
2025-02-25 16:30:00+00:00,5180.645201899016,0.0,5180.645201899016,5303.525208383083,0.023169496072128593,0,0.0,0.0
2025-02-25 17:30:00+00:00,5180.645201899016,0.0,5180.645201899016,5303.525208383083,0.023169496072128593,0,0.0,0.0
2025-02-25 18:30:00+00:00,5180.645201899016,0.0,5180.645201899016,5303.525208383083,0.023169496072128593,0,0.0,0.0
2025-02-25 19:30:00+00:00,5180.645201899016,0.0,5180.645201899016,5303.525208383083,0.023169496072128593,0,0.0,0.0
2025-02-25 20:30:00+00:00,5180.645201899016,0.0,5180.645201899016,5303.525208383083,0.023169496072128593,0,0.0,0.0
2025-02-26 14:30:00+00:00,5180.645201899016,0.0,5180.645201899016,5303.525208383083,0.023169496072128593,0,0.0,0.0
2025-02-26 15:30:00+00:00,5180.645201899016,0.0,5180.645201899016,5303.525208383083,0.023169496072128593,0,0.0,0.0
2025-02-26 16:30:00+00:00,5180.645201899016,0.0,5180.645201899016,5303.525208383083,0.023169496072128593,0,0.0,0.0
2025-02-26 17:30:00+00:00,5180.645201899016,0.0,5180.645201899016,5303.525208383083,0.023169496072128593,0,0.0,0.0
2025-02-26 18:30:00+00:00,5180.645201899016,0.0,5180.645201899016,5303.525208383083,0.023169496072128593,0,0.0,0.0
2025-02-26 19:30:00+00:00,5180.645201899016,0.0,5180.645201899016,5303.525208383083,0.023169496072128593,0,0.0,0.0
2025-02-26 20:30:00+00:00,5180.645201899016,0.0,5180.645201899016,5303.525208383083,0.023169496072128593,0,0.0,0.0
2025-02-27 14:30:00+00:00,5180.645201899016,0.0,5180.645201899016,5303.525208383083,0.023169496072128593,0,0.0,0.0
2025-02-27 15:30:00+00:00,5180.645201899016,0.0,5180.645201899016,5303.525208383083,0.023169496072128593,0,0.0,0.0
2025-02-27 16:30:00+00:00,5180.645201899016,0.0,5180.645201899016,5303.525208383083,0.023169496072128593,0,0.0,0.0
2025-02-27 17:30:00+00:00,5180.645201899016,0.0,5180.645201899016,5303.525208383083,0.023169496072128593,0,0.0,0.0
2025-02-27 18:30:00+00:00,5180.645201899016,0.0,5180.645201899016,5303.525208383083,0.023169496072128593,0,0.0,0.0
2025-02-27 19:30:00+00:00,5180.645201899016,0.0,5180.645201899016,5303.525208383083,0.023169496072128593,0,0.0,0.0
2025-02-27 20:30:00+00:00,5180.645201899016,0.0,5180.645201899016,5303.525208383083,0.023169496072128593,0,0.0,0.0
2025-02-28 14:30:00+00:00,5180.645201899016,0.0,5180.645201899016,5303.525208383083,0.023169496072128593,0,0.0,0.0
2025-02-28 15:30:00+00:00,5180.645201899016,0.0,5180.645201899016,5303.525208383083,0.023169496072128593,0,0.0,0.0
2025-02-28 16:30:00+00:00,5180.645201899016,0.0,5180.645201899016,5303.525208383083,0.023169496072128593,0,0.0,0.0
2025-02-28 17:30:00+00:00,5180.645201899016,0.0,5180.645201899016,5303.525208383083,0.023169496072128593,0,0.0,0.0
2025-02-28 18:30:00+00:00,5180.645201899016,0.0,5180.645201899016,5303.525208383083,0.023169496072128593,0,0.0,0.0
2025-02-28 19:30:00+00:00,5180.645201899016,0.0,5180.645201899016,5303.525208383083,0.023169496072128593,0,0.0,0.0
2025-02-28 20:30:00+00:00,5180.645201899016,0.0,5180.645201899016,5303.525208383083,0.023169496072128593,0,0.0,0.0
2025-03-03 14:30:00+00:00,5180.645201899016,0.0,5180.645201899016,5303.525208383083,0.023169496072128593,0,0.0,0.0
2025-03-03 15:30:00+00:00,5180.645201899016,0.0,5180.645201899016,5303.525208383083,0.023169496072128593,0,0.0,0.0
2025-03-03 16:30:00+00:00,5180.645201899016,0.0,5180.645201899016,5303.525208383083,0.023169496072128593,0,0.0,0.0
2025-03-03 17:30:00+00:00,5180.645201899016,0.0,5180.645201899016,5303.525208383083,0.023169496072128593,0,0.0,0.0
2025-03-03 18:30:00+00:00,5180.645201899016,0.0,5180.645201899016,5303.525208383083,0.023169496072128593,0,0.0,0.0
2025-03-03 19:30:00+00:00,5180.645201899016,0.0,5180.645201899016,5303.525208383083,0.023169496072128593,0,0.0,0.0
2025-03-03 20:30:00+00:00,5180.645201899016,0.0,5180.645201899016,5303.525208383083,0.023169496072128593,0,0.0,0.0
2025-03-04 14:30:00+00:00,5180.645201899016,0.0,5180.645201899016,5303.525208383083,0.023169496072128593,0,0.0,0.0
2025-03-04 15:30:00+00:00,5180.645201899016,0.0,5180.645201899016,5303.525208383083,0.023169496072128593,0,0.0,0.0
2025-03-04 16:30:00+00:00,5180.645201899016,0.0,5180.645201899016,5303.525208383083,0.023169496072128593,0,0.0,0.0
2025-03-04 17:30:00+00:00,5180.645201899016,0.0,5180.645201899016,5303.525208383083,0.023169496072128593,0,0.0,0.0
2025-03-04 18:30:00+00:00,5180.645201899016,0.0,5180.645201899016,5303.525208383083,0.023169496072128593,0,0.0,0.0
2025-03-04 19:30:00+00:00,5180.645201899016,0.0,5180.645201899016,5303.525208383083,0.023169496072128593,0,0.0,0.0
2025-03-04 20:30:00+00:00,5180.645201899016,0.0,5180.645201899016,5303.525208383083,0.023169496072128593,0,0.0,0.0
2025-03-05 14:30:00+00:00,5180.645201899016,0.0,5180.645201899016,5303.525208383083,0.023169496072128593,0,0.0,0.0
2025-03-05 15:30:00+00:00,5180.645201899016,0.0,5180.645201899016,5303.525208383083,0.023169496072128593,0,0.0,0.0
2025-03-05 16:30:00+00:00,5180.645201899016,0.0,5180.645201899016,5303.525208383083,0.023169496072128593,0,0.0,0.0
2025-03-05 17:30:00+00:00,5180.645201899016,0.0,5180.645201899016,5303.525208383083,0.023169496072128593,0,0.0,0.0
2025-03-05 18:30:00+00:00,5180.645201899016,0.0,5180.645201899016,5303.525208383083,0.023169496072128593,0,0.0,0.0
2025-03-05 19:30:00+00:00,5180.645201899016,0.0,5180.645201899016,5303.525208383083,0.023169496072128593,0,0.0,0.0
2025-03-05 20:30:00+00:00,5180.645201899016,0.0,5180.645201899016,5303.525208383083,0.023169496072128593,0,0.0,0.0
2025-03-06 14:30:00+00:00,5180.645201899016,0.0,5180.645201899016,5303.525208383083,0.023169496072128593,0,0.0,0.0
2025-03-06 15:30:00+00:00,5180.645201899016,0.0,5180.645201899016,5303.525208383083,0.023169496072128593,0,0.0,0.0
2025-03-06 16:30:00+00:00,5180.645201899016,0.0,5180.645201899016,5303.525208383083,0.023169496072128593,0,0.0,0.0
2025-03-06 17:30:00+00:00,5180.645201899016,0.0,5180.645201899016,5303.525208383083,0.023169496072128593,0,0.0,0.0
2025-03-06 18:30:00+00:00,5180.645201899016,0.0,5180.645201899016,5303.525208383083,0.023169496072128593,0,0.0,0.0
2025-03-06 19:30:00+00:00,5180.645201899016,0.0,5180.645201899016,5303.525208383083,0.023169496072128593,0,0.0,0.0
2025-03-06 20:30:00+00:00,5180.645201899016,0.0,5180.645201899016,5303.525208383083,0.023169496072128593,0,0.0,0.0
2025-03-07 14:30:00+00:00,5180.645201899016,0.0,5180.645201899016,5303.525208383083,0.023169496072128593,0,0.0,0.0
2025-03-07 15:30:00+00:00,5180.645201899016,0.0,5180.645201899016,5303.525208383083,0.023169496072128593,0,0.0,0.0
2025-03-07 16:30:00+00:00,5180.645201899016,0.0,5180.645201899016,5303.525208383083,0.023169496072128593,0,0.0,0.0
2025-03-07 17:30:00+00:00,5180.645201899016,0.0,5180.645201899016,5303.525208383083,0.023169496072128593,0,0.0,0.0
2025-03-07 18:30:00+00:00,5180.645201899016,0.0,5180.645201899016,5303.525208383083,0.023169496072128593,0,0.0,0.0
2025-03-07 19:30:00+00:00,5180.645201899016,0.0,5180.645201899016,5303.525208383083,0.023169496072128593,0,0.0,0.0
2025-03-07 20:30:00+00:00,5180.645201899016,0.0,5180.645201899016,5303.525208383083,0.023169496072128593,0,0.0,0.0
2025-03-10 13:30:00+00:00,5180.645201899016,0.0,5180.645201899016,5303.525208383083,0.023169496072128593,0,0.0,0.0
2025-03-10 14:30:00+00:00,5180.645201899016,0.0,5180.645201899016,5303.525208383083,0.023169496072128593,0,0.0,0.0
2025-03-10 15:30:00+00:00,5180.645201899016,0.0,5180.645201899016,5303.525208383083,0.023169496072128593,0,0.0,0.0
2025-03-10 16:30:00+00:00,5180.645201899016,0.0,5180.645201899016,5303.525208383083,0.023169496072128593,0,0.0,0.0
2025-03-10 17:30:00+00:00,5180.645201899016,0.0,5180.645201899016,5303.525208383083,0.023169496072128593,0,0.0,0.0
2025-03-10 18:30:00+00:00,5180.645201899016,0.0,5180.645201899016,5303.525208383083,0.023169496072128593,0,0.0,0.0
2025-03-10 19:30:00+00:00,5180.645201899016,0.0,5180.645201899016,5303.525208383083,0.023169496072128593,0,0.0,0.0
2025-03-11 13:30:00+00:00,5180.645201899016,0.0,5180.645201899016,5303.525208383083,0.023169496072128593,0,0.0,0.0
2025-03-11 14:30:00+00:00,5180.645201899016,0.0,5180.645201899016,5303.525208383083,0.023169496072128593,0,0.0,0.0
2025-03-11 15:30:00+00:00,5180.645201899016,0.0,5180.645201899016,5303.525208383083,0.023169496072128593,0,0.0,0.0
2025-03-11 16:30:00+00:00,5180.645201899016,0.0,5180.645201899016,5303.525208383083,0.023169496072128593,0,0.0,0.0
2025-03-11 17:30:00+00:00,5180.645201899016,0.0,5180.645201899016,5303.525208383083,0.023169496072128593,0,0.0,0.0
2025-03-11 18:30:00+00:00,5180.645201899016,0.0,5180.645201899016,5303.525208383083,0.023169496072128593,0,0.0,0.0
2025-03-11 19:30:00+00:00,5180.645201899016,0.0,5180.645201899016,5303.525208383083,0.023169496072128593,0,0.0,0.0
2025-03-12 13:30:00+00:00,5180.645201899016,0.0,5180.645201899016,5303.525208383083,0.023169496072128593,0,0.0,0.0
2025-03-12 14:30:00+00:00,5180.645201899016,0.0,5180.645201899016,5303.525208383083,0.023169496072128593,0,0.0,0.0
2025-03-12 15:30:00+00:00,5180.645201899016,0.0,5180.645201899016,5303.525208383083,0.023169496072128593,0,0.0,0.0
2025-03-12 16:30:00+00:00,5180.645201899016,0.0,5180.645201899016,5303.525208383083,0.023169496072128593,0,0.0,0.0
2025-03-12 17:30:00+00:00,5180.645201899016,0.0,5180.645201899016,5303.525208383083,0.023169496072128593,0,0.0,0.0
2025-03-12 18:30:00+00:00,5180.645201899016,0.0,5180.645201899016,5303.525208383083,0.023169496072128593,0,0.0,0.0
2025-03-12 19:30:00+00:00,5180.645201899016,0.0,5180.645201899016,5303.525208383083,0.023169496072128593,0,0.0,0.0
2025-03-13 13:30:00+00:00,5180.645201899016,0.0,5180.645201899016,5303.525208383083,0.023169496072128593,0,0.0,0.0
2025-03-13 14:30:00+00:00,5180.645201899016,0.0,5180.645201899016,5303.525208383083,0.023169496072128593,0,0.0,0.0
2025-03-13 15:30:00+00:00,5180.645201899016,0.0,5180.645201899016,5303.525208383083,0.023169496072128593,0,0.0,0.0
2025-03-13 16:30:00+00:00,5180.645201899016,0.0,5180.645201899016,5303.525208383083,0.023169496072128593,0,0.0,0.0
2025-03-13 17:30:00+00:00,5180.645201899016,0.0,5180.645201899016,5303.525208383083,0.023169496072128593,0,0.0,0.0
2025-03-13 18:30:00+00:00,5180.645201899016,0.0,5180.645201899016,5303.525208383083,0.023169496072128593,0,0.0,0.0
2025-03-13 19:30:00+00:00,5180.645201899016,0.0,5180.645201899016,5303.525208383083,0.023169496072128593,0,0.0,0.0
2025-03-14 13:30:00+00:00,5180.645201899016,0.0,5180.645201899016,5303.525208383083,0.023169496072128593,0,0.0,0.0
2025-03-14 14:30:00+00:00,5180.645201899016,0.0,5180.645201899016,5303.525208383083,0.023169496072128593,0,0.0,0.0
2025-03-14 15:30:00+00:00,5180.645201899016,0.0,5180.645201899016,5303.525208383083,0.023169496072128593,0,0.0,0.0
2025-03-14 16:30:00+00:00,5180.645201899016,0.0,5180.645201899016,5303.525208383083,0.023169496072128593,0,0.0,0.0
2025-03-14 17:30:00+00:00,5180.645201899016,0.0,5180.645201899016,5303.525208383083,0.023169496072128593,0,0.0,0.0
2025-03-14 18:30:00+00:00,5180.645201899016,0.0,5180.645201899016,5303.525208383083,0.023169496072128593,0,0.0,0.0
2025-03-14 19:30:00+00:00,5180.645201899016,0.0,5180.645201899016,5303.525208383083,0.023169496072128593,0,0.0,0.0
2025-03-17 13:30:00+00:00,5180.645201899016,0.0,5180.645201899016,5303.525208383083,0.023169496072128593,0,0.0,0.0
2025-03-17 14:30:00+00:00,5180.645201899016,0.0,5180.645201899016,5303.525208383083,0.023169496072128593,0,0.0,0.0
2025-03-17 15:30:00+00:00,5180.645201899016,0.0,5180.645201899016,5303.525208383083,0.023169496072128593,0,0.0,0.0
2025-03-17 16:30:00+00:00,5180.645201899016,0.0,5180.645201899016,5303.525208383083,0.023169496072128593,0,0.0,0.0
2025-03-17 17:30:00+00:00,5180.645201899016,0.0,5180.645201899016,5303.525208383083,0.023169496072128593,0,0.0,0.0
2025-03-17 18:30:00+00:00,5180.645201899016,0.0,5180.645201899016,5303.525208383083,0.023169496072128593,0,0.0,0.0
2025-03-17 19:30:00+00:00,5180.645201899016,0.0,5180.645201899016,5303.525208383083,0.023169496072128593,0,0.0,0.0
2025-03-18 13:30:00+00:00,5180.645201899016,0.0,5180.645201899016,5303.525208383083,0.023169496072128593,0,0.0,0.0
2025-03-18 14:30:00+00:00,5180.645201899016,0.0,5180.645201899016,5303.525208383083,0.023169496072128593,0,0.0,0.0
2025-03-18 15:30:00+00:00,5180.645201899016,0.0,5180.645201899016,5303.525208383083,0.023169496072128593,0,0.0,0.0
2025-03-18 16:30:00+00:00,5180.645201899016,0.0,5180.645201899016,5303.525208383083,0.023169496072128593,0,0.0,0.0
2025-03-18 17:30:00+00:00,5180.645201899016,0.0,5180.645201899016,5303.525208383083,0.023169496072128593,0,0.0,0.0
2025-03-18 18:30:00+00:00,5180.645201899016,0.0,5180.645201899016,5303.525208383083,0.023169496072128593,0,0.0,0.0
2025-03-18 19:30:00+00:00,5180.645201899016,0.0,5180.645201899016,5303.525208383083,0.023169496072128593,0,0.0,0.0
2025-03-19 13:30:00+00:00,5180.645201899016,0.0,5180.645201899016,5303.525208383083,0.023169496072128593,0,0.0,0.0
2025-03-19 14:30:00+00:00,5180.645201899016,0.0,5180.645201899016,5303.525208383083,0.023169496072128593,0,0.0,0.0
2025-03-19 15:30:00+00:00,5180.645201899016,0.0,5180.645201899016,5303.525208383083,0.023169496072128593,0,0.0,0.0
2025-03-19 16:30:00+00:00,5180.645201899016,0.0,5180.645201899016,5303.525208383083,0.023169496072128593,0,0.0,0.0
2025-03-19 17:30:00+00:00,5180.645201899016,0.0,5180.645201899016,5303.525208383083,0.023169496072128593,0,0.0,0.0
2025-03-19 18:30:00+00:00,5180.645201899016,0.0,5180.645201899016,5303.525208383083,0.023169496072128593,0,0.0,0.0
2025-03-19 19:30:00+00:00,5180.645201899016,0.0,5180.645201899016,5303.525208383083,0.023169496072128593,0,0.0,0.0
2025-03-20 13:30:00+00:00,5180.645201899016,0.0,5180.645201899016,5303.525208383083,0.023169496072128593,0,0.0,0.0
2025-03-20 14:30:00+00:00,5180.645201899016,0.0,5180.645201899016,5303.525208383083,0.023169496072128593,0,0.0,0.0
2025-03-20 15:30:00+00:00,5180.645201899016,0.0,5180.645201899016,5303.525208383083,0.023169496072128593,0,0.0,0.0
2025-03-20 16:30:00+00:00,5180.645201899016,0.0,5180.645201899016,5303.525208383083,0.023169496072128593,0,0.0,0.0
2025-03-20 17:30:00+00:00,5180.645201899016,0.0,5180.645201899016,5303.525208383083,0.023169496072128593,0,0.0,0.0
2025-03-20 18:30:00+00:00,5180.645201899016,0.0,5180.645201899016,5303.525208383083,0.023169496072128593,0,0.0,0.0
2025-03-20 19:30:00+00:00,5180.645201899016,0.0,5180.645201899016,5303.525208383083,0.023169496072128593,0,0.0,0.0
2025-03-21 13:30:00+00:00,5180.645201899016,0.0,5180.645201899016,5303.525208383083,0.023169496072128593,0,0.0,0.0
2025-03-21 14:30:00+00:00,5180.645201899016,0.0,5180.645201899016,5303.525208383083,0.023169496072128593,0,0.0,0.0
2025-03-21 15:30:00+00:00,5180.645201899016,0.0,5180.645201899016,5303.525208383083,0.023169496072128593,0,0.0,0.0
2025-03-21 16:30:00+00:00,5180.645201899016,0.0,5180.645201899016,5303.525208383083,0.023169496072128593,0,0.0,0.0
2025-03-21 17:30:00+00:00,5180.645201899016,0.0,5180.645201899016,5303.525208383083,0.023169496072128593,0,0.0,0.0
2025-03-21 18:30:00+00:00,5180.645201899016,0.0,5180.645201899016,5303.525208383083,0.023169496072128593,0,0.0,0.0
2025-03-21 19:30:00+00:00,5180.645201899016,0.0,5180.645201899016,5303.525208383083,0.023169496072128593,0,0.0,0.0
2025-03-24 13:30:00+00:00,5180.645201899016,0.0,5180.645201899016,5303.525208383083,0.023169496072128593,0,0.0,0.0
2025-03-24 14:30:00+00:00,5180.645201899016,0.0,5180.645201899016,5303.525208383083,0.023169496072128593,0,0.0,0.0
2025-03-24 15:30:00+00:00,5180.645201899016,0.0,5180.645201899016,5303.525208383083,0.023169496072128593,0,0.0,0.0
2025-03-24 16:30:00+00:00,5180.645201899016,0.0,5180.645201899016,5303.525208383083,0.023169496072128593,0,0.0,0.0
2025-03-24 17:30:00+00:00,5180.645201899016,0.0,5180.645201899016,5303.525208383083,0.023169496072128593,0,0.0,0.0
2025-03-24 18:30:00+00:00,5180.645201899016,0.0,5180.645201899016,5303.525208383083,0.023169496072128593,0,0.0,0.0
2025-03-24 19:30:00+00:00,5180.645201899016,0.0,5180.645201899016,5303.525208383083,0.023169496072128593,0,0.0,0.0
2025-03-25 13:30:00+00:00,5180.645201899016,0.0,5180.645201899016,5303.525208383083,0.023169496072128593,0,0.0,0.0
2025-03-25 14:30:00+00:00,5180.645201899016,0.0,5180.645201899016,5303.525208383083,0.023169496072128593,0,0.0,0.0
2025-03-25 15:30:00+00:00,5180.645201899016,0.0,5180.645201899016,5303.525208383083,0.023169496072128593,0,0.0,0.0
2025-03-25 16:30:00+00:00,5180.645201899016,0.0,5180.645201899016,5303.525208383083,0.023169496072128593,0,0.0,0.0
2025-03-25 17:30:00+00:00,5180.645201899016,0.0,5180.645201899016,5303.525208383083,0.023169496072128593,0,0.0,0.0
2025-03-25 18:30:00+00:00,5180.645201899016,0.0,5180.645201899016,5303.525208383083,0.023169496072128593,0,0.0,0.0
2025-03-25 19:30:00+00:00,5180.645201899016,0.0,5180.645201899016,5303.525208383083,0.023169496072128593,0,0.0,0.0
2025-03-26 13:30:00+00:00,5180.645201899016,0.0,5180.645201899016,5303.525208383083,0.023169496072128593,0,0.0,0.0
2025-03-26 14:30:00+00:00,5180.645201899016,0.0,5180.645201899016,5303.525208383083,0.023169496072128593,0,0.0,0.0
2025-03-26 15:30:00+00:00,5180.645201899016,0.0,5180.645201899016,5303.525208383083,0.023169496072128593,0,0.0,0.0
2025-03-26 16:30:00+00:00,5180.645201899016,0.0,5180.645201899016,5303.525208383083,0.023169496072128593,0,0.0,0.0
2025-03-26 17:30:00+00:00,5180.645201899016,0.0,5180.645201899016,5303.525208383083,0.023169496072128593,0,0.0,0.0
2025-03-26 18:30:00+00:00,5180.645201899016,0.0,5180.645201899016,5303.525208383083,0.023169496072128593,0,0.0,0.0
2025-03-26 19:30:00+00:00,5180.645201899016,0.0,5180.645201899016,5303.525208383083,0.023169496072128593,0,0.0,0.0
2025-03-27 13:30:00+00:00,5180.645201899016,0.0,5180.645201899016,5303.525208383083,0.023169496072128593,0,0.0,0.0
2025-03-27 14:30:00+00:00,5180.645201899016,0.0,5180.645201899016,5303.525208383083,0.023169496072128593,0,0.0,0.0
2025-03-27 15:30:00+00:00,5180.645201899016,0.0,5180.645201899016,5303.525208383083,0.023169496072128593,0,0.0,0.0
2025-03-27 16:30:00+00:00,5180.645201899016,0.0,5180.645201899016,5303.525208383083,0.023169496072128593,0,0.0,0.0
2025-03-27 17:30:00+00:00,5180.645201899016,0.0,5180.645201899016,5303.525208383083,0.023169496072128593,0,0.0,0.0
2025-03-27 18:30:00+00:00,5180.645201899016,0.0,5180.645201899016,5303.525208383083,0.023169496072128593,0,0.0,0.0
2025-03-27 19:30:00+00:00,5180.645201899016,0.0,5180.645201899016,5303.525208383083,0.023169496072128593,0,0.0,0.0
2025-03-28 13:30:00+00:00,5180.645201899016,0.0,5180.645201899016,5303.525208383083,0.023169496072128593,0,0.0,0.0
2025-03-28 14:30:00+00:00,5180.645201899016,0.0,5180.645201899016,5303.525208383083,0.023169496072128593,0,0.0,0.0
2025-03-28 15:30:00+00:00,5180.645201899016,0.0,5180.645201899016,5303.525208383083,0.023169496072128593,0,0.0,0.0
2025-03-28 16:30:00+00:00,5180.645201899016,0.0,5180.645201899016,5303.525208383083,0.023169496072128593,0,0.0,0.0
2025-03-28 17:30:00+00:00,5180.645201899016,0.0,5180.645201899016,5303.525208383083,0.023169496072128593,0,0.0,0.0
2025-03-28 18:30:00+00:00,5180.645201899016,0.0,5180.645201899016,5303.525208383083,0.023169496072128593,0,0.0,0.0
2025-03-28 19:30:00+00:00,5180.645201899016,0.0,5180.645201899016,5303.525208383083,0.023169496072128593,0,0.0,0.0
2025-03-31 13:30:00+00:00,5180.645201899016,0.0,5180.645201899016,5303.525208383083,0.023169496072128593,0,0.0,0.0
2025-03-31 14:30:00+00:00,5180.645201899016,0.0,5180.645201899016,5303.525208383083,0.023169496072128593,0,0.0,0.0
2025-03-31 15:30:00+00:00,5180.645201899016,0.0,5180.645201899016,5303.525208383083,0.023169496072128593,0,0.0,0.0
2025-03-31 16:30:00+00:00,5180.645201899016,0.0,5180.645201899016,5303.525208383083,0.023169496072128593,0,0.0,0.0
2025-03-31 17:30:00+00:00,5180.645201899016,0.0,5180.645201899016,5303.525208383083,0.023169496072128593,0,0.0,0.0
2025-03-31 18:30:00+00:00,5180.645201899016,0.0,5180.645201899016,5303.525208383083,0.023169496072128593,0,0.0,0.0
2025-03-31 19:30:00+00:00,5180.645201899016,0.0,5180.645201899016,5303.525208383083,0.023169496072128593,0,0.0,0.0
2025-04-01 13:30:00+00:00,5180.645201899016,0.0,5180.645201899016,5303.525208383083,0.023169496072128593,0,0.0,0.0
2025-04-01 14:30:00+00:00,5180.645201899016,0.0,5180.645201899016,5303.525208383083,0.023169496072128593,0,0.0,0.0
2025-04-01 15:30:00+00:00,5180.645201899016,0.0,5180.645201899016,5303.525208383083,0.023169496072128593,0,0.0,0.0
2025-04-01 16:30:00+00:00,5180.645201899016,0.0,5180.645201899016,5303.525208383083,0.023169496072128593,0,0.0,0.0
2025-04-01 17:30:00+00:00,5180.645201899016,0.0,5180.645201899016,5303.525208383083,0.023169496072128593,0,0.0,0.0
2025-04-01 18:30:00+00:00,5180.645201899016,0.0,5180.645201899016,5303.525208383083,0.023169496072128593,0,0.0,0.0
2025-04-01 19:30:00+00:00,5180.645201899016,0.0,5180.645201899016,5303.525208383083,0.023169496072128593,0,0.0,0.0
2025-04-02 13:30:00+00:00,5180.645201899016,0.0,5180.645201899016,5303.525208383083,0.023169496072128593,0,0.0,0.0
2025-04-02 14:30:00+00:00,5180.645201899016,0.0,5180.645201899016,5303.525208383083,0.023169496072128593,0,0.0,0.0
2025-04-02 15:30:00+00:00,5180.645201899016,0.0,5180.645201899016,5303.525208383083,0.023169496072128593,0,0.0,0.0
2025-04-02 16:30:00+00:00,5180.645201899016,0.0,5180.645201899016,5303.525208383083,0.023169496072128593,0,0.0,0.0
2025-04-02 17:30:00+00:00,5180.645201899016,0.0,5180.645201899016,5303.525208383083,0.023169496072128593,0,0.0,0.0
2025-04-02 18:30:00+00:00,5180.645201899016,0.0,5180.645201899016,5303.525208383083,0.023169496072128593,0,0.0,0.0
2025-04-02 19:30:00+00:00,5180.645201899016,0.0,5180.645201899016,5303.525208383083,0.023169496072128593,0,0.0,0.0
2025-04-03 13:30:00+00:00,5180.645201899016,0.0,5180.645201899016,5303.525208383083,0.023169496072128593,0,0.0,0.0
2025-04-03 14:30:00+00:00,5180.645201899016,0.0,5180.645201899016,5303.525208383083,0.023169496072128593,0,0.0,0.0
2025-04-03 15:30:00+00:00,5180.645201899016,0.0,5180.645201899016,5303.525208383083,0.023169496072128593,0,0.0,0.0
2025-04-03 16:30:00+00:00,5180.645201899016,0.0,5180.645201899016,5303.525208383083,0.023169496072128593,0,0.0,0.0
2025-04-03 17:30:00+00:00,5180.645201899016,0.0,5180.645201899016,5303.525208383083,0.023169496072128593,0,0.0,0.0
2025-04-03 18:30:00+00:00,5180.645201899016,0.0,5180.645201899016,5303.525208383083,0.023169496072128593,0,0.0,0.0
2025-04-03 19:30:00+00:00,5180.645201899016,0.0,5180.645201899016,5303.525208383083,0.023169496072128593,0,0.0,0.0
2025-04-04 13:30:00+00:00,5180.645201899016,0.0,5180.645201899016,5303.525208383083,0.023169496072128593,0,0.0,0.0
2025-04-04 14:30:00+00:00,5180.645201899016,0.0,5180.645201899016,5303.525208383083,0.023169496072128593,0,0.0,0.0
2025-04-04 15:30:00+00:00,5180.645201899016,0.0,5180.645201899016,5303.525208383083,0.023169496072128593,0,0.0,0.0
2025-04-04 16:30:00+00:00,5180.645201899016,0.0,5180.645201899016,5303.525208383083,0.023169496072128593,0,0.0,0.0
2025-04-04 17:30:00+00:00,5180.645201899016,0.0,5180.645201899016,5303.525208383083,0.023169496072128593,0,0.0,0.0
2025-04-04 18:30:00+00:00,5180.645201899016,0.0,5180.645201899016,5303.525208383083,0.023169496072128593,0,0.0,0.0
2025-04-04 19:30:00+00:00,5180.645201899016,0.0,5180.645201899016,5303.525208383083,0.023169496072128593,0,0.0,0.0
2025-04-07 13:30:00+00:00,5180.645201899016,0.0,5180.645201899016,5303.525208383083,0.023169496072128593,0,0.0,0.0
2025-04-07 14:30:00+00:00,5180.645201899016,0.0,5180.645201899016,5303.525208383083,0.023169496072128593,0,0.0,0.0
2025-04-07 15:30:00+00:00,5180.645201899016,0.0,5180.645201899016,5303.525208383083,0.023169496072128593,0,0.0,0.0
2025-04-07 16:30:00+00:00,5180.645201899016,0.0,5180.645201899016,5303.525208383083,0.023169496072128593,0,0.0,0.0
2025-04-07 17:30:00+00:00,5180.645201899016,0.0,5180.645201899016,5303.525208383083,0.023169496072128593,0,0.0,0.0
2025-04-07 18:30:00+00:00,5180.645201899016,0.0,5180.645201899016,5303.525208383083,0.023169496072128593,0,0.0,0.0
2025-04-07 19:30:00+00:00,5180.645201899016,0.0,5180.645201899016,5303.525208383083,0.023169496072128593,0,0.0,0.0
2025-04-08 13:30:00+00:00,5180.645201899016,0.0,5180.645201899016,5303.525208383083,0.023169496072128593,0,0.0,0.0
2025-04-08 14:30:00+00:00,5180.645201899016,0.0,5180.645201899016,5303.525208383083,0.023169496072128593,0,0.0,0.0
2025-04-08 15:30:00+00:00,5180.645201899016,0.0,5180.645201899016,5303.525208383083,0.023169496072128593,0,0.0,0.0
2025-04-08 16:30:00+00:00,5180.645201899016,0.0,5180.645201899016,5303.525208383083,0.023169496072128593,0,0.0,0.0
2025-04-08 17:30:00+00:00,5180.645201899016,0.0,5180.645201899016,5303.525208383083,0.023169496072128593,0,0.0,0.0
2025-04-08 18:30:00+00:00,5180.645201899016,0.0,5180.645201899016,5303.525208383083,0.023169496072128593,0,0.0,0.0
2025-04-08 19:30:00+00:00,5180.645201899016,0.0,5180.645201899016,5303.525208383083,0.023169496072128593,0,0.0,0.0
2025-04-09 13:30:00+00:00,5180.645201899016,0.0,5180.645201899016,5303.525208383083,0.023169496072128593,0,0.0,0.0
2025-04-09 14:30:00+00:00,5180.645201899016,0.0,5180.645201899016,5303.525208383083,0.023169496072128593,0,0.0,0.0
2025-04-09 15:30:00+00:00,5180.645201899016,0.0,5180.645201899016,5303.525208383083,0.023169496072128593,0,0.0,0.0
2025-04-09 16:30:00+00:00,5180.645201899016,0.0,5180.645201899016,5303.525208383083,0.023169496072128593,0,0.0,0.0
2025-04-09 17:30:00+00:00,5180.645201899016,0.0,5180.645201899016,5303.525208383083,0.023169496072128593,0,0.0,0.0
2025-04-09 18:30:00+00:00,5180.645201899016,0.0,5180.645201899016,5303.525208383083,0.023169496072128593,0,0.0,0.0
2025-04-09 19:30:00+00:00,5180.645201899016,0.0,5180.645201899016,5303.525208383083,0.023169496072128593,0,0.0,0.0
2025-04-10 13:30:00+00:00,5180.645201899016,0.0,5180.645201899016,5303.525208383083,0.023169496072128593,0,0.0,0.0
2025-04-10 14:30:00+00:00,5180.645201899016,0.0,5180.645201899016,5303.525208383083,0.023169496072128593,0,0.0,0.0
2025-04-10 15:30:00+00:00,5180.645201899016,0.0,5180.645201899016,5303.525208383083,0.023169496072128593,0,0.0,0.0
2025-04-10 16:30:00+00:00,5180.645201899016,0.0,5180.645201899016,5303.525208383083,0.023169496072128593,0,0.0,0.0
2025-04-10 17:30:00+00:00,5180.645201899016,0.0,5180.645201899016,5303.525208383083,0.023169496072128593,0,0.0,0.0
2025-04-10 18:30:00+00:00,5180.645201899016,0.0,5180.645201899016,5303.525208383083,0.023169496072128593,0,0.0,0.0
2025-04-10 19:30:00+00:00,5180.645201899016,0.0,5180.645201899016,5303.525208383083,0.023169496072128593,0,0.0,0.0
2025-04-11 13:30:00+00:00,5180.645201899016,0.0,5180.645201899016,5303.525208383083,0.023169496072128593,0,0.0,0.0
2025-04-11 14:30:00+00:00,5180.645201899016,0.0,5180.645201899016,5303.525208383083,0.023169496072128593,0,0.0,0.0
2025-04-11 15:30:00+00:00,5180.645201899016,0.0,5180.645201899016,5303.525208383083,0.023169496072128593,0,0.0,0.0
2025-04-11 16:30:00+00:00,5180.645201899016,0.0,5180.645201899016,5303.525208383083,0.023169496072128593,0,0.0,0.0
2025-04-11 17:30:00+00:00,5180.645201899016,0.0,5180.645201899016,5303.525208383083,0.023169496072128593,0,0.0,0.0
2025-04-11 18:30:00+00:00,5180.645201899016,0.0,5180.645201899016,5303.525208383083,0.023169496072128593,0,0.0,0.0
2025-04-11 19:30:00+00:00,5180.645201899016,0.0,5180.645201899016,5303.525208383083,0.023169496072128593,0,0.0,0.0
2025-04-14 13:30:00+00:00,5180.645201899016,0.0,5180.645201899016,5303.525208383083,0.023169496072128593,0,0.0,0.0
2025-04-14 14:30:00+00:00,5180.645201899016,0.0,5180.645201899016,5303.525208383083,0.023169496072128593,0,0.0,0.0
2025-04-14 15:30:00+00:00,5180.645201899016,0.0,5180.645201899016,5303.525208383083,0.023169496072128593,0,0.0,0.0
2025-04-14 16:30:00+00:00,5180.645201899016,0.0,5180.645201899016,5303.525208383083,0.023169496072128593,0,0.0,0.0
2025-04-14 17:30:00+00:00,5180.645201899016,0.0,5180.645201899016,5303.525208383083,0.023169496072128593,0,0.0,0.0
2025-04-14 18:30:00+00:00,5180.645201899016,0.0,5180.645201899016,5303.525208383083,0.023169496072128593,0,0.0,0.0
2025-04-14 19:30:00+00:00,5180.645201899016,0.0,5180.645201899016,5303.525208383083,0.023169496072128593,0,0.0,0.0
2025-04-15 13:30:00+00:00,5180.645201899016,0.0,5180.645201899016,5303.525208383083,0.023169496072128593,0,0.0,0.0
2025-04-15 14:30:00+00:00,5180.645201899016,0.0,5180.645201899016,5303.525208383083,0.023169496072128593,0,0.0,0.0
2025-04-15 15:30:00+00:00,5180.645201899016,0.0,5180.645201899016,5303.525208383083,0.023169496072128593,0,0.0,0.0
2025-04-15 16:30:00+00:00,5180.645201899016,0.0,5180.645201899016,5303.525208383083,0.023169496072128593,0,0.0,0.0
2025-04-15 17:30:00+00:00,5180.645201899016,0.0,5180.645201899016,5303.525208383083,0.023169496072128593,0,0.0,0.0
2025-04-15 18:30:00+00:00,5180.645201899016,0.0,5180.645201899016,5303.525208383083,0.023169496072128593,0,0.0,0.0
2025-04-15 19:30:00+00:00,5180.645201899016,0.0,5180.645201899016,5303.525208383083,0.023169496072128593,0,0.0,0.0
2025-04-16 13:30:00+00:00,5180.645201899016,0.0,5180.645201899016,5303.525208383083,0.023169496072128593,0,0.0,0.0
2025-04-16 14:30:00+00:00,5180.645201899016,0.0,5180.645201899016,5303.525208383083,0.023169496072128593,0,0.0,0.0
2025-04-16 15:30:00+00:00,5180.645201899016,0.0,5180.645201899016,5303.525208383083,0.023169496072128593,0,0.0,0.0
2025-04-16 16:30:00+00:00,5180.645201899016,0.0,5180.645201899016,5303.525208383083,0.023169496072128593,0,0.0,0.0
2025-04-16 17:30:00+00:00,5180.645201899016,0.0,5180.645201899016,5303.525208383083,0.023169496072128593,0,0.0,0.0
2025-04-16 18:30:00+00:00,5180.645201899016,0.0,5180.645201899016,5303.525208383083,0.023169496072128593,0,0.0,0.0
2025-04-16 19:30:00+00:00,5180.645201899016,0.0,5180.645201899016,5303.525208383083,0.023169496072128593,0,0.0,0.0
2025-04-17 13:30:00+00:00,5180.645201899016,0.0,5180.645201899016,5303.525208383083,0.023169496072128593,0,0.0,0.0
2025-04-17 14:30:00+00:00,5180.645201899016,0.0,5180.645201899016,5303.525208383083,0.023169496072128593,0,0.0,0.0
2025-04-17 15:30:00+00:00,5180.645201899016,0.0,5180.645201899016,5303.525208383083,0.023169496072128593,0,0.0,0.0
2025-04-17 16:30:00+00:00,5180.645201899016,0.0,5180.645201899016,5303.525208383083,0.023169496072128593,0,0.0,0.0
2025-04-17 17:30:00+00:00,5180.645201899016,0.0,5180.645201899016,5303.525208383083,0.023169496072128593,0,0.0,0.0
2025-04-17 18:30:00+00:00,5180.645201899016,0.0,5180.645201899016,5303.525208383083,0.023169496072128593,0,0.0,0.0
2025-04-17 19:30:00+00:00,5180.645201899016,0.0,5180.645201899016,5303.525208383083,0.023169496072128593,0,0.0,0.0
2025-04-21 13:30:00+00:00,5180.645201899016,0.0,5180.645201899016,5303.525208383083,0.023169496072128593,0,0.0,0.0
2025-04-21 14:30:00+00:00,5180.645201899016,0.0,5180.645201899016,5303.525208383083,0.023169496072128593,0,0.0,0.0
2025-04-21 15:30:00+00:00,5180.645201899016,0.0,5180.645201899016,5303.525208383083,0.023169496072128593,0,0.0,0.0
2025-04-21 16:30:00+00:00,5180.645201899016,0.0,5180.645201899016,5303.525208383083,0.023169496072128593,0,0.0,0.0
2025-04-21 17:30:00+00:00,5180.645201899016,0.0,5180.645201899016,5303.525208383083,0.023169496072128593,0,0.0,0.0
2025-04-21 18:30:00+00:00,5180.645201899016,0.0,5180.645201899016,5303.525208383083,0.023169496072128593,0,0.0,0.0
2025-04-21 19:30:00+00:00,5180.645201899016,0.0,5180.645201899016,5303.525208383083,0.023169496072128593,0,0.0,0.0
2025-04-22 13:30:00+00:00,5180.645201899016,0.0,5180.645201899016,5303.525208383083,0.023169496072128593,0,0.0,0.0
2025-04-22 14:30:00+00:00,5180.645201899016,0.0,5180.645201899016,5303.525208383083,0.023169496072128593,0,0.0,0.0
2025-04-22 15:30:00+00:00,5180.645201899016,0.0,5180.645201899016,5303.525208383083,0.023169496072128593,0,0.0,0.0
2025-04-22 16:30:00+00:00,5180.645201899016,0.0,5180.645201899016,5303.525208383083,0.023169496072128593,0,0.0,0.0
2025-04-22 17:30:00+00:00,5180.645201899016,0.0,5180.645201899016,5303.525208383083,0.023169496072128593,0,0.0,0.0
2025-04-22 18:30:00+00:00,5180.645201899016,0.0,5180.645201899016,5303.525208383083,0.023169496072128593,0,0.0,0.0
2025-04-22 19:30:00+00:00,5180.645201899016,0.0,5180.645201899016,5303.525208383083,0.023169496072128593,0,0.0,0.0
2025-04-23 13:30:00+00:00,5180.645201899016,0.0,5180.645201899016,5303.525208383083,0.023169496072128593,0,0.0,0.0
2025-04-23 14:30:00+00:00,5180.645201899016,0.0,5180.645201899016,5303.525208383083,0.023169496072128593,0,0.0,0.0
2025-04-23 15:30:00+00:00,5180.645201899016,0.0,5180.645201899016,5303.525208383083,0.023169496072128593,0,0.0,0.0
2025-04-23 16:30:00+00:00,5180.645201899016,0.0,5180.645201899016,5303.525208383083,0.023169496072128593,0,0.0,0.0
2025-04-23 17:30:00+00:00,5180.645201899016,0.0,5180.645201899016,5303.525208383083,0.023169496072128593,0,0.0,0.0
2025-04-23 18:30:00+00:00,5180.645201899016,0.0,5180.645201899016,5303.525208383083,0.023169496072128593,0,0.0,0.0
2025-04-23 19:30:00+00:00,5180.645201899016,0.0,5180.645201899016,5303.525208383083,0.023169496072128593,0,0.0,0.0
2025-04-24 13:30:00+00:00,5180.645201899016,0.0,5180.645201899016,5303.525208383083,0.023169496072128593,0,0.0,0.0
2025-04-24 14:30:00+00:00,5180.645201899016,0.0,5180.645201899016,5303.525208383083,0.023169496072128593,0,0.0,0.0
2025-04-24 15:30:00+00:00,5180.645201899016,0.0,5180.645201899016,5303.525208383083,0.023169496072128593,0,0.0,0.0
2025-04-24 16:30:00+00:00,5180.645201899016,0.0,5180.645201899016,5303.525208383083,0.023169496072128593,0,0.0,0.0
2025-04-24 17:30:00+00:00,5180.645201899016,0.0,5180.645201899016,5303.525208383083,0.023169496072128593,0,0.0,0.0
2025-04-24 18:30:00+00:00,5180.645201899016,0.0,5180.645201899016,5303.525208383083,0.023169496072128593,0,0.0,0.0
2025-04-24 19:30:00+00:00,5180.645201899016,0.0,5180.645201899016,5303.525208383083,0.023169496072128593,0,0.0,0.0
2025-04-25 13:30:00+00:00,5180.645201899016,0.0,5180.645201899016,5303.525208383083,0.023169496072128593,0,0.0,0.0
2025-04-25 14:30:00+00:00,5180.645201899016,0.0,5180.645201899016,5303.525208383083,0.023169496072128593,0,0.0,0.0
2025-04-25 15:30:00+00:00,5180.645201899016,0.0,5180.645201899016,5303.525208383083,0.023169496072128593,0,0.0,0.0
2025-04-25 16:30:00+00:00,5180.645201899016,0.0,5180.645201899016,5303.525208383083,0.023169496072128593,0,0.0,0.0
2025-04-25 17:30:00+00:00,5180.645201899016,0.0,5180.645201899016,5303.525208383083,0.023169496072128593,0,0.0,0.0
2025-04-25 18:30:00+00:00,5180.645201899016,0.0,5180.645201899016,5303.525208383083,0.023169496072128593,0,0.0,0.0
2025-04-25 19:30:00+00:00,5180.645201899016,0.0,5180.645201899016,5303.525208383083,0.023169496072128593,0,0.0,0.0
2025-04-28 13:30:00+00:00,5180.645201899016,0.0,5180.645201899016,5303.525208383083,0.023169496072128593,0,0.0,0.0
2025-04-28 14:30:00+00:00,5180.645201899016,0.0,5180.645201899016,5303.525208383083,0.023169496072128593,0,0.0,0.0
2025-04-28 15:30:00+00:00,5180.645201899016,0.0,5180.645201899016,5303.525208383083,0.023169496072128593,0,0.0,0.0
2025-04-28 16:30:00+00:00,5180.645201899016,0.0,5180.645201899016,5303.525208383083,0.023169496072128593,0,0.0,0.0
2025-04-28 17:30:00+00:00,5180.645201899016,0.0,5180.645201899016,5303.525208383083,0.023169496072128593,0,0.0,0.0
2025-04-28 18:30:00+00:00,5180.645201899016,0.0,5180.645201899016,5303.525208383083,0.023169496072128593,0,0.0,0.0
2025-04-28 19:30:00+00:00,5180.645201899016,0.0,5180.645201899016,5303.525208383083,0.023169496072128593,0,0.0,0.0
2025-04-29 13:30:00+00:00,5180.645201899016,0.0,5180.645201899016,5303.525208383083,0.023169496072128593,0,0.0,0.0
2025-04-29 14:30:00+00:00,5180.645201899016,0.0,5180.645201899016,5303.525208383083,0.023169496072128593,0,0.0,0.0
2025-04-29 15:30:00+00:00,5180.645201899016,0.0,5180.645201899016,5303.525208383083,0.023169496072128593,0,0.0,0.0
2025-04-29 16:30:00+00:00,5180.645201899016,0.0,5180.645201899016,5303.525208383083,0.023169496072128593,0,0.0,0.0
2025-04-29 17:30:00+00:00,5180.645201899016,0.0,5180.645201899016,5303.525208383083,0.023169496072128593,0,0.0,0.0
2025-04-29 18:30:00+00:00,5180.645201899016,0.0,5180.645201899016,5303.525208383083,0.023169496072128593,0,0.0,0.0
2025-04-29 19:30:00+00:00,5180.645201899016,0.0,5180.645201899016,5303.525208383083,0.023169496072128593,0,0.0,0.0
2025-04-30 13:30:00+00:00,5180.645201899016,0.0,5180.645201899016,5303.525208383083,0.023169496072128593,0,0.0,0.0
2025-04-30 14:30:00+00:00,5180.645201899016,0.0,5180.645201899016,5303.525208383083,0.023169496072128593,0,0.0,0.0
2025-04-30 15:30:00+00:00,5180.645201899016,0.0,5180.645201899016,5303.525208383083,0.023169496072128593,0,0.0,0.0
2025-04-30 16:30:00+00:00,5180.645201899016,0.0,5180.645201899016,5303.525208383083,0.023169496072128593,0,0.0,0.0
2025-04-30 17:30:00+00:00,5180.645201899016,0.0,5180.645201899016,5303.525208383083,0.023169496072128593,0,0.0,0.0
2025-04-30 18:30:00+00:00,5180.645201899016,0.0,5180.645201899016,5303.525208383083,0.023169496072128593,0,0.0,0.0
2025-04-30 19:30:00+00:00,5180.645201899016,0.0,5180.645201899016,5303.525208383083,0.023169496072128593,0,0.0,0.0
2025-05-01 13:30:00+00:00,5180.645201899016,0.0,5180.645201899016,5303.525208383083,0.023169496072128593,0,0.0,0.0
2025-05-01 14:30:00+00:00,5180.645201899016,0.0,5180.645201899016,5303.525208383083,0.023169496072128593,0,0.0,0.0
2025-05-01 15:30:00+00:00,5180.645201899016,0.0,5180.645201899016,5303.525208383083,0.023169496072128593,0,0.0,0.0
2025-05-01 16:30:00+00:00,5180.645201899016,0.0,5180.645201899016,5303.525208383083,0.023169496072128593,0,0.0,0.0
2025-05-01 17:30:00+00:00,5180.645201899016,0.0,5180.645201899016,5303.525208383083,0.023169496072128593,0,0.0,0.0
2025-05-01 18:30:00+00:00,5180.645201899016,0.0,5180.645201899016,5303.525208383083,0.023169496072128593,0,0.0,0.0
2025-05-01 19:30:00+00:00,5180.645201899016,0.0,5180.645201899016,5303.525208383083,0.023169496072128593,0,0.0,0.0
2025-05-02 13:30:00+00:00,5180.645201899016,0.0,5180.645201899016,5303.525208383083,0.023169496072128593,0,0.0,0.0
2025-05-02 14:30:00+00:00,5180.645201899016,0.0,5180.645201899016,5303.525208383083,0.023169496072128593,0,0.0,0.0
2025-05-02 15:30:00+00:00,5180.645201899016,0.0,5180.645201899016,5303.525208383083,0.023169496072128593,0,0.0,0.0
2025-05-02 16:30:00+00:00,5180.645201899016,0.0,5180.645201899016,5303.525208383083,0.023169496072128593,0,0.0,0.0
2025-05-02 17:30:00+00:00,5180.645201899016,0.0,5180.645201899016,5303.525208383083,0.023169496072128593,0,0.0,0.0
2025-05-02 18:30:00+00:00,5180.645201899016,0.0,5180.645201899016,5303.525208383083,0.023169496072128593,0,0.0,0.0
2025-05-02 19:30:00+00:00,5180.645201899016,0.0,5180.645201899016,5303.525208383083,0.023169496072128593,0,0.0,0.0
2025-05-05 13:30:00+00:00,5180.645201899016,0.0,5180.645201899016,5303.525208383083,0.023169496072128593,0,0.0,0.0
2025-05-05 14:30:00+00:00,5180.645201899016,0.0,5180.645201899016,5303.525208383083,0.023169496072128593,0,0.0,0.0
2025-05-05 15:30:00+00:00,5180.645201899016,0.0,5180.645201899016,5303.525208383083,0.023169496072128593,0,0.0,0.0
2025-05-05 16:30:00+00:00,4973.315780919017,206.9038938298445,5180.2196747488615,5303.525208383083,0.02324973084681803,1,1036.1290403798032,32.63732461667549
2025-05-05 17:30:00+00:00,4973.315780919017,206.71511576036755,5180.030896679385,5303.525208383083,0.023285325675174606,1,1036.1290403798032,32.63732461667549
2025-05-05 18:30:00+00:00,4973.315780919017,206.675177677007,5179.990958596024,5303.525208383083,0.023292856153826258,1,1036.1290403798032,32.63732461667549
2025-05-05 19:30:00+00:00,4662.321649449019,515.8940685101679,5178.215717959187,5303.525208383083,0.023627584578239436,1,1036.1290403798032,32.63732461667549
2025-05-06 13:30:00+00:00,4662.321649449019,520.5067041348793,5182.828353583898,5303.525208383083,0.02275785445657985,1,1036.1290403798032,32.63732461667549
2025-05-06 14:30:00+00:00,4143.998096999022,1037.8898369921362,5181.887933991158,5303.525208383083,0.02293517417427504,1,1036.1290403798032,32.63732461667549
2025-05-06 15:30:00+00:00,4143.998096999022,1036.4167872576063,5180.414884256628,5303.525208383083,0.023212923346128123,1,1036.1290403798032,32.63732461667549
2025-05-06 16:30:00+00:00,4143.998096999022,1038.1693159983024,5182.167412997324,5303.525208383083,0.02288247733675952,1,1036.1290403798032,32.63732461667549
2025-05-06 17:30:00+00:00,4143.998096999022,1037.8777821217664,5181.875879120788,5303.525208383083,0.022937447166274993,1,1036.1290403798032,32.63732461667549
2025-05-06 18:30:00+00:00,4143.998096999022,1037.6064089767115,5181.604505975733,5303.525208383083,0.022988615612618224,1,1036.1290403798032,32.63732461667549
2025-05-06 19:30:00+00:00,4143.998096999022,1032.9298120817684,5176.92790908079,5303.525208383083,0.02387040587686562,1,1036.1290403798032,32.63732461667549
2025-05-07 13:30:00+00:00,4143.998096999022,1052.6319735226261,5196.630070521648,5303.525208383083,0.02015548784277854,1,1036.1290403798032,32.63732461667549
2025-05-07 14:30:00+00:00,4143.998096999022,1043.706381226556,5187.704478225578,5303.525208383083,0.021838442471138086,1,1036.1290403798032,32.63732461667549
2025-05-07 15:30:00+00:00,4143.998096999022,1046.26499282217,5190.263089821192,5303.525208383083,0.021356006450739873,1,1036.1290403798032,32.63732461667549
2025-05-07 16:30:00+00:00,4143.998096999022,1051.9359086800514,5195.934005679073,5303.525208383083,0.020286733536015622,1,1036.1290403798032,32.63732461667549
2025-05-07 17:30:00+00:00,4143.998096999022,1045.5430169363863,5189.541113935408,5303.525208383083,0.021492137770459552,1,1036.1290403798032,32.63732461667549
2025-05-07 18:30:00+00:00,4143.998096999022,1046.4965294703125,5190.494626469334,5303.525208383083,0.02131234932853443,1,1036.1290403798032,32.63732461667549
2025-05-07 19:30:00+00:00,4143.998096999022,1049.8200018066482,5193.81809880567,5303.525208383083,0.02068569588469249,1,1036.1290403798032,32.63732461667549
2025-05-08 13:30:00+00:00,4143.998096999022,1038.3828396217532,5182.380936620775,5303.525208383083,0.022842216639381574,1,1036.1290403798032,32.63732461667549
2025-05-08 14:30:00+00:00,3773.5403753410465,1413.9275106468695,5187.467885987916,5303.525208383083,0.02188305284411951,2,1776.6742111103886,84.46117901544497
2025-05-08 15:30:00+00:00,3773.5403753410465,1417.0307300936302,5190.571105434677,5303.525208383083,0.021297928926568344,2,1776.6742111103886,84.46117901544497
2025-05-08 16:30:00+00:00,3403.082653683071,1783.7501137126364,5186.832767395707,5303.525208383083,0.02200280688831724,2,1776.6742111103886,84.46117901544497
2025-05-08 17:30:00+00:00,3403.082653683071,1781.2688144491003,5184.351468132171,5303.525208383083,0.02247066537225806,2,1776.6742111103886,84.46117901544497
2025-05-08 18:30:00+00:00,3403.082653683071,1785.6202683691636,5188.7029220522345,5303.525208383083,0.021650182061801693,2,1776.6742111103886,84.46117901544497
2025-05-08 19:30:00+00:00,3403.082653683071,1767.3186923766216,5170.4013460596925,5303.525208383083,0.02510101434286882,2,1776.6742111103886,84.46117901544497
2025-05-09 13:30:00+00:00,3403.082653683071,1765.0431777425247,5168.125831425596,5303.525208383083,0.025530071346406835,2,1776.6742111103886,84.46117901544497
2025-05-09 14:30:00+00:00,4436.898306136237,733.6355985935088,5170.533904729746,5303.525208383083,0.025076019897694257,1,740.5451707305855,51.823854398769484
2025-05-09 15:30:00+00:00,4436.898306136237,731.5234513628138,5168.421757499051,5303.525208383083,0.025474273351332233,1,740.5451707305855,51.823854398769484
2025-05-09 16:30:00+00:00,4436.898306136237,734.9602108677836,5171.8585170040205,5303.525208383083,0.024826259177752497,1,740.5451707305855,51.823854398769484
2025-05-09 17:30:00+00:00,4436.898306136237,735.7478004496415,5172.646106585878,5303.525208383083,0.02467775614422063,1,740.5451707305855,51.823854398769484
2025-05-09 18:30:00+00:00,4436.898306136237,736.7501772582918,5173.648483394529,5303.525208383083,0.02448875415605889,1,740.5451707305855,51.823854398769484
2025-05-09 19:30:00+00:00,4436.898306136237,736.2489888539667,5173.147294990204,5303.525208383083,0.024583255150139705,1,740.5451707305855,51.823854398769484
2025-05-12 13:30:00+00:00,4436.898306136237,769.613933967813,5206.51224010405,5303.525208383083,0.018292166901684226,1,740.5451707305855,51.823854398769484
2025-05-12 14:30:00+00:00,4228.533686287273,983.9369057841423,5212.470592071415,5303.525208383083,0.017168696807123962,2,1781.8476187513957,72.8175636474524
2025-05-12 15:30:00+00:00,4228.533686287273,989.8120385612283,5218.345724848501,5303.525208383083,0.01606091800976861,2,1781.8476187513957,72.8175636474524
2025-05-12 16:30:00+00:00,4228.533686287273,992.8962379892055,5221.429924276478,5303.525208383083,0.015479380389639696,2,1781.8476187513957,72.8175636474524
2025-05-12 17:30:00+00:00,4228.533686287273,986.749991396463,5215.283677683736,5303.525208383083,0.016638278735786383,2,1781.8476187513957,72.8175636474524
2025-05-12 18:30:00+00:00,4228.533686287273,981.5464761407502,5210.080162428023,5303.525208383083,0.017619421475993935,2,1781.8476187513957,72.8175636474524
2025-05-12 19:30:00+00:00,4228.533686287273,984.5714715091226,5213.105157796395,5303.525208383083,0.017049047008160567,2,1781.8476187513957,72.8175636474524
2025-05-13 13:30:00+00:00,4334.710187206359,896.6013633888142,5231.311550595173,5303.525208383083,0.013616161882998967,2,1781.8476187513957,72.8175636474524
2025-05-13 14:30:00+00:00,4731.538745570352,507.5338926652639,5239.072638235616,5303.525208383083,0.012152779069587338,2,1781.8476187513957,72.8175636474524
2025-05-13 15:30:00+00:00,4731.538745570352,509.0242565482895,5240.563002118642,5303.525208383083,0.01187176524869138,2,1781.8476187513957,72.8175636474524
2025-05-13 16:30:00+00:00,4731.538745570352,509.6854703177096,5241.224215888062,5303.525208383083,0.011747090858839404,2,1781.8476187513957,72.8175636474524
2025-05-13 17:30:00+00:00,4731.538745570352,511.53602661247805,5243.07477218283,5303.525208383083,0.011398161378530003,2,1781.8476187513957,72.8175636474524
2025-05-13 18:30:00+00:00,4731.538745570352,509.915087874082,5241.453833444434,5303.525208383083,0.011703795588740684,2,1781.8476187513957,72.8175636474524
2025-05-13 19:30:00+00:00,5133.829343310719,106.61594009515193,5240.445283405871,5303.525208383083,0.011893961563056887,1,1041.30244802081,20.99370924868292
2025-05-14 13:30:00+00:00,5133.829343310719,106.27666426927226,5240.1060075799915,5303.525208383083,0.0119579333200579,1,1041.30244802081,20.99370924868292
2025-05-14 14:30:00+00:00,5133.829343310719,106.35357009258769,5240.182913403307,5303.525208383083,0.011943432432385381,1,1041.30244802081,20.99370924868292
2025-05-14 15:30:00+00:00,5133.829343310719,105.83996923992618,5239.669312550645,5303.525208383083,0.012040273841161908,1,1041.30244802081,20.99370924868292
2025-05-14 16:30:00+00:00,5133.829343310719,105.16596149539146,5238.995304806111,5303.525208383083,0.01216736058404555,1,1041.30244802081,20.99370924868292
2025-05-14 17:30:00+00:00,5133.829343310719,105.44995182654384,5239.279295137263,5303.525208383083,0.01211381311891735,1,1041.30244802081,20.99370924868292
2025-05-14 18:30:00+00:00,5133.829343310719,105.74044451215832,5239.5697878228775,5303.525208383083,0.012059039609939703,1,1041.30244802081,20.99370924868292
2025-05-14 19:30:00+00:00,5133.829343310719,105.6210179351956,5239.450361245915,5303.525208383083,0.01208155794864274,1,1041.30244802081,20.99370924868292
2025-05-15 13:30:00+00:00,5133.829343310719,106.30152029329474,5240.130863604014,5303.525208383083,0.01195324662148567,1,1041.30244802081,20.99370924868292
2025-05-15 14:30:00+00:00,5133.829343310719,106.52787963757328,5240.3572229482925,5303.525208383083,0.0119105656997619,1,1041.30244802081,20.99370924868292
2025-05-15 15:30:00+00:00,5133.829343310719,106.82972822080319,5240.659071531522,5303.525208383083,0.011853650992775577,1,1041.30244802081,20.99370924868292
2025-05-15 16:30:00+00:00,5133.829343310719,107.25353465469652,5241.082877965416,5303.525208383083,0.011773740665730559,1,1041.30244802081,20.99370924868292
2025-05-15 17:30:00+00:00,4924.0930346549685,316.43386262617605,5240.526897281145,5303.525208383083,0.011878572954147404,2,2089.4599125672894,56.67509843845794
2025-05-15 18:30:00+00:00,4924.0930346549685,315.13809799765295,5239.231132652621,5303.525208383083,0.012122894339944734,2,2089.4599125672894,56.67509843845794
2025-05-15 19:30:00+00:00,5030.268691601598,210.4690430199489,5240.737734621547,5303.525208383083,0.011838818765731451,1,1048.1574645464796,35.68138918977502
2025-05-16 13:30:00+00:00,5030.268691601598,215.8470406144379,5246.115732216036,5303.525208383083,0.01082477671196913,1,1048.1574645464796,35.68138918977502
2025-05-16 14:30:00+00:00,5030.268691601598,214.70091852533824,5244.9696101269365,5303.525208383083,0.011040882423560383,1,1048.1574645464796,35.68138918977502
2025-05-16 15:30:00+00:00,5030.268691601598,215.46837991630946,5245.737071517908,5303.525208383083,0.010896174637546996,1,1048.1574645464796,35.68138918977502
2025-05-16 16:30:00+00:00,5030.268691601598,215.86908627458797,5246.137777876186,5303.525208383083,0.010820619918273655,1,1048.1574645464796,35.68138918977502
2025-05-16 17:30:00+00:00,4505.3926069250865,741.0398566642734,5246.43246358936,5303.525208383083,0.010765055797883005,2,2097.385020121717,59.42948534485872
2025-05-16 18:30:00+00:00,4505.3926069250865,742.4459475731,5247.838554498187,5303.525208383083,0.010499931969188081,2,2097.385020121717,59.42948534485872
2025-05-16 19:30:00+00:00,3980.516522248574,1269.9196381874335,5250.436160436007,5303.525208383083,0.010010143416148809,2,2097.385020121717,59.42948534485872
2025-05-19 13:30:00+00:00,3980.516522248574,1257.5224210979377,5238.038943346512,5303.525208383083,0.012347686201822805,2,2097.385020121717,59.42948534485872
2025-05-19 14:30:00+00:00,3980.516522248574,1259.5975927267755,5240.114114975349,5303.525208383083,0.011956404639597462,2,2097.385020121717,59.42948534485872
2025-05-19 15:30:00+00:00,4088.8462156795126,1159.1416552443939,5247.9878709239065,5303.525208383083,0.010471777784970326,2,2097.385020121717,59.42948534485872
2025-05-19 16:30:00+00:00,3878.821321823094,1373.4639886503983,5252.285310473492,5303.525208383083,0.009661479091038871,3,3146.9846895690875,82.88014477248836
2025-05-19 17:30:00+00:00,3878.821321823094,1368.985901755158,5247.807223578252,5303.525208383083,0.010505839534195038,3,3146.9846895690875,82.88014477248836
2025-05-19 18:30:00+00:00,3878.821321823094,1368.9395623598712,5247.760884182965,5303.525208383083,0.010514577004738901,3,3146.9846895690875,82.88014477248836
2025-05-19 19:30:00+00:00,3878.821321823094,1375.3992148291127,5254.220536652207,5303.525208383083,0.009296584779674877,3,3146.9846895690875,82.88014477248836
2025-05-20 13:30:00+00:00,3563.7839810384658,1683.3854770301996,5247.169458068665,5303.525208383083,0.010626092664806852,3,3146.9846895690875,82.88014477248836
2025-05-20 14:30:00+00:00,3563.7839810384658,1683.7603879914323,5247.544369029898,5303.525208383083,0.010555401766488837,3,3146.9846895690875,82.88014477248836
2025-05-20 15:30:00+00:00,3563.7839810384658,1684.7537785895493,5248.537759628015,5303.525208383083,0.010368094162756303,3,3146.9846895690875,82.88014477248836
2025-05-20 16:30:00+00:00,3563.7839810384658,1686.402199630441,5250.186180668907,5303.525208383083,0.010057278059103947,3,3146.9846895690875,82.88014477248836
2025-05-20 17:30:00+00:00,3563.7839810384658,1671.9097300293843,5235.69371106785,5303.525208383083,0.012789888734386357,3,3146.9846895690875,82.88014477248836
2025-05-20 18:30:00+00:00,3563.7839810384658,1675.6843838759132,5239.468364914379,5303.525208383083,0.012078163287967736,3,3146.9846895690875,82.88014477248836
2025-05-20 19:30:00+00:00,3563.7839810384658,1685.0950983301846,5248.87907936865,5303.525208383083,0.0103037370177963,3,3146.9846895690875,82.88014477248836
2025-05-21 13:30:00+00:00,3563.7839810384658,1676.4653395219975,5240.249320560463,5303.525208383083,0.011930911108445685,3,3146.9846895690875,82.88014477248836
2025-05-21 14:30:00+00:00,3563.7839810384658,1683.6704340544538,5247.45441509292,5303.525208383083,0.010572362925990064,3,3146.9846895690875,82.88014477248836
2025-05-21 15:30:00+00:00,3672.314435841333,1574.431384972865,5246.745820814198,5303.525208383083,0.010705971092422772,2,2098.827225022608,47.198755582713346
2025-05-21 16:30:00+00:00,4186.401415651876,1036.29841577979,5222.699831431666,5303.525208383083,0.015239934529519883,1,1049.2275555752374,23.748096155083697
2025-05-21 17:30:00+00:00,4186.401415651876,1038.271938210527,5224.673353862403,5303.525208383083,0.014867819313094222,1,1049.2275555752374,23.748096155083697
2025-05-21 18:30:00+00:00,4186.401415651876,1030.505103576389,5216.906519228265,5303.525208383083,0.016332285744188213,1,1049.2275555752374,23.748096155083697
2025-05-21 19:30:00+00:00,4186.401415651876,1032.7969580117297,5219.198373663606,5303.525208383083,0.01590014780851512,1,1049.2275555752374,23.748096155083697
2025-05-22 13:30:00+00:00,5208.8828925676235,0.0,5208.8828925676235,5303.525208383083,0.017845171295850837,0,0.0,0.0
2025-05-22 14:30:00+00:00,5208.8828925676235,0.0,5208.8828925676235,5303.525208383083,0.017845171295850837,0,0.0,0.0
2025-05-22 15:30:00+00:00,5208.8828925676235,0.0,5208.8828925676235,5303.525208383083,0.017845171295850837,0,0.0,0.0
2025-05-22 16:30:00+00:00,5208.8828925676235,0.0,5208.8828925676235,5303.525208383083,0.017845171295850837,0,0.0,0.0
2025-05-22 17:30:00+00:00,5208.8828925676235,0.0,5208.8828925676235,5303.525208383083,0.017845171295850837,0,0.0,0.0
2025-05-22 18:30:00+00:00,5000.423399207067,208.81150899071508,5209.234908197782,5303.525208383083,0.01777879739993693,1,1041.7765785135248,10.556958385257664
2025-05-22 19:30:00+00:00,4687.7341591662325,519.8535593276156,5207.587718493848,5303.525208383083,0.01808938133028759,1,1041.7765785135248,10.556958385257664
2025-05-23 13:30:00+00:00,5201.907662233608,0.0,5201.907662233608,5303.525208383083,0.01916037770290069,0,0.0,0.0
2025-05-23 14:30:00+00:00,5201.907662233608,0.0,5201.907662233608,5303.525208383083,0.01916037770290069,0,0.0,0.0
2025-05-23 15:30:00+00:00,5201.907662233608,0.0,5201.907662233608,5303.525208383083,0.01916037770290069,0,0.0,0.0
2025-05-23 16:30:00+00:00,4993.727317591019,208.91183661808645,5202.639154209105,5303.525208383083,0.019022452088001907,1,1040.3815324467216,18.546139031885993
2025-05-23 17:30:00+00:00,4577.314804209279,625.1883327049754,5202.503136914254,5303.525208383083,0.019048098670134905,3,3121.403588327478,62.045052548019484
2025-05-23 18:30:00+00:00,4577.314804209279,624.3199804846181,5201.634784693897,5303.525208383083,0.019211829808620795,3,3121.403588327478,62.045052548019484
2025-05-23 19:30:00+00:00,3952.69603413667,1247.1028015013376,5199.798835638007,5303.525208383083,0.019558005038067705,3,3121.403588327478,62.045052548019484
2025-05-27 13:30:00+00:00,4485.129533677016,748.5047166161312,5233.6342502931475,5303.525208383083,0.013178207954863908,3,3121.403588327478,62.045052548019484
2025-05-27 14:30:00+00:00,4485.129533677016,747.6725959999358,5232.802129676952,5303.525208383083,0.013335107485553443,3,3121.403588327478,62.045052548019484
2025-05-27 15:30:00+00:00,4485.129533677016,748.0294689083357,5233.159002585352,5303.525208383083,0.013267817731214993,3,3121.403588327478,62.045052548019484
2025-05-27 16:30:00+00:00,4755.06559394197,479.446192536775,5234.511786478745,5303.525208383083,0.013012745144540983,2,2080.9029656014313,43.463380371460744
2025-05-27 17:30:00+00:00,4860.905414706257,373.4695029100585,5234.3749176163155,5303.525208383083,0.01303855229300388,2,2080.9029656014313,43.463380371460744
2025-05-27 18:30:00+00:00,4860.905414706257,373.18475595932887,5234.090170665586,5303.525208383083,0.013092242421652633,2,2080.9029656014313,43.463380371460744
2025-05-27 19:30:00+00:00,4860.905414706257,374.08504434070164,5234.990459046959,5303.525208383083,0.012922489597634756,2,2080.9029656014313,43.463380371460744
2025-05-28 13:30:00+00:00,4860.905414706257,373.28813041214926,5234.193545118406,5303.525208383083,0.013072750772464836,2,2080.9029656014313,43.463380371460744
2025-05-28 14:30:00+00:00,4860.905414706257,373.6070264058144,5234.512441112071,5303.525208383083,0.013012621710918881,2,2080.9029656014313,43.463380371460744
2025-05-28 15:30:00+00:00,4860.905414706257,374.47416979694117,5235.379584503198,5303.525208383083,0.012849118501816359,2,2080.9029656014313,43.463380371460744
2025-05-28 16:30:00+00:00,4860.905414706257,375.57842222757426,5236.483836933831,5303.525208383083,0.012640907474764429,2,2080.9029656014313,43.463380371460744
2025-05-28 17:30:00+00:00,4860.905414706257,376.09891356775825,5237.004328274015,5303.525208383083,0.0125427668381628,2,2080.9029656014313,43.463380371460744
2025-05-28 18:30:00+00:00,4860.905414706257,376.21224322695434,5237.117657933211,5303.525208383083,0.012521398096666636,2,2080.9029656014313,43.463380371460744
2025-05-28 19:30:00+00:00,4860.905414706257,372.027383783804,5232.932798490061,5303.525208383083,0.013310469380147238,2,2080.9029656014313,43.463380371460744
2025-05-29 13:30:00+00:00,5134.305075690261,105.26144860443856,5239.5665242947,5303.525208383083,0.01205965496068273,1,1040.3815324467216,18.546139031885993
2025-05-29 14:30:00+00:00,5134.305075690261,105.45453821906904,5239.75961390933,5303.525208383083,0.012023247173966634,1,1040.3815324467216,18.546139031885993
2025-05-29 15:30:00+00:00,5134.305075690261,105.25545839777988,5239.560534088041,5303.525208383083,0.012060784437101457,1,1040.3815324467216,18.546139031885993
2025-05-29 16:30:00+00:00,5134.305075690261,105.39936975774617,5239.704445448007,5303.525208383083,0.01203364939874263,1,1040.3815324467216,18.546139031885993
2025-05-29 17:30:00+00:00,5134.305075690261,105.44734021106797,5239.752415901329,5303.525208383083,0.012024604385956428,1,1040.3815324467216,18.546139031885993
2025-05-29 18:30:00+00:00,5134.305075690261,105.37938613553342,5239.684461825795,5303.525208383083,0.0120374173872837,1,1040.3815324467216,18.546139031885993
2025-05-29 19:30:00+00:00,5134.305075690261,105.68320307324393,5239.988278763505,5303.525208383083,0.011980131539517713,1,1040.3815324467216,18.546139031885993
2025-05-30 13:30:00+00:00,5134.305075690261,105.67721286658525,5239.9822885568465,5303.525208383083,0.01198126101593644,1,1040.3815324467216,18.546139031885993
2025-05-30 14:30:00+00:00,5239.822167898963,0.0,5239.822167898963,5303.525208383083,0.012011452379528054,0,0.0,0.0
2025-05-30 15:30:00+00:00,5239.822167898963,0.0,5239.822167898963,5303.525208383083,0.012011452379528054,0,0.0,0.0
2025-05-30 16:30:00+00:00,5239.822167898963,0.0,5239.822167898963,5303.525208383083,0.012011452379528054,0,0.0,0.0
2025-05-30 17:30:00+00:00,5239.822167898963,0.0,5239.822167898963,5303.525208383083,0.012011452379528054,0,0.0,0.0
2025-05-30 18:30:00+00:00,5239.822167898963,0.0,5239.822167898963,5303.525208383083,0.012011452379528054,0,0.0,0.0
2025-05-30 19:30:00+00:00,4610.741700198124,629.786367753698,5240.528067951822,5303.525208383083,0.011878352219705457,3,3143.8304232925493,68.70261970632606
2025-06-02 13:30:00+00:00,3981.6549416506696,1259.933357131944,5241.5882987826135,5303.525208383083,0.011678441633984904,3,3143.8304232925493,68.70261970632606
2025-06-02 14:30:00+00:00,3981.6549416506696,1258.8665541720438,5240.521495822713,5303.525208383083,0.011879591419831859,3,3143.8304232925493,68.70261970632606
2025-06-02 15:30:00+00:00,3981.6549416506696,1261.0301461927975,5242.685087843467,5303.525208383083,0.011471637853902927,3,3143.8304232925493,68.70261970632606
2025-06-02 16:30:00+00:00,3981.6549416506696,1262.5788273588842,5244.233769009554,5303.525208383083,0.01117962808582662,3,3143.8304232925493,68.70261970632606
2025-06-02 17:30:00+00:00,4088.562086605178,1153.2425224677131,5241.804609072891,5303.525208383083,0.011637655499898814,3,3143.8304232925493,68.70261970632606
2025-06-02 18:30:00+00:00,4088.562086605178,1156.2473306538927,5244.809417259071,5303.525208383083,0.01107108740262086,3,3143.8304232925493,68.70261970632606
2025-06-02 19:30:00+00:00,4088.562086605178,1154.3507911678948,5242.912877773073,5303.525208383083,0.01142868718983403,3,3143.8304232925493,68.70261970632606
2025-06-03 13:30:00+00:00,5232.683888266725,0.0,5232.683888266725,5303.525208383083,0.01335740235652716,0,0.0,0.0
2025-06-03 14:30:00+00:00,5232.683888266725,0.0,5232.683888266725,5303.525208383083,0.01335740235652716,0,0.0,0.0
2025-06-03 15:30:00+00:00,5232.683888266725,0.0,5232.683888266725,5303.525208383083,0.01335740235652716,0,0.0,0.0
2025-06-03 16:30:00+00:00,5232.683888266725,0.0,5232.683888266725,5303.525208383083,0.01335740235652716,0,0.0,0.0
2025-06-03 17:30:00+00:00,5232.683888266725,0.0,5232.683888266725,5303.525208383083,0.01335740235652716,0,0.0,0.0
2025-06-03 18:30:00+00:00,5232.683888266725,0.0,5232.683888266725,5303.525208383083,0.01335740235652716,0,0.0,0.0
2025-06-03 19:30:00+00:00,5232.683888266725,0.0,5232.683888266725,5303.525208383083,0.01335740235652716,0,0.0,0.0
2025-06-04 13:30:00+00:00,5232.683888266725,0.0,5232.683888266725,5303.525208383083,0.01335740235652716,0,0.0,0.0
2025-06-04 14:30:00+00:00,5232.683888266725,0.0,5232.683888266725,5303.525208383083,0.01335740235652716,0,0.0,0.0
2025-06-04 15:30:00+00:00,5232.683888266725,0.0,5232.683888266725,5303.525208383083,0.01335740235652716,0,0.0,0.0
2025-06-04 16:30:00+00:00,5232.683888266725,0.0,5232.683888266725,5303.525208383083,0.01335740235652716,0,0.0,0.0
2025-06-04 17:30:00+00:00,5232.683888266725,0.0,5232.683888266725,5303.525208383083,0.01335740235652716,0,0.0,0.0
2025-06-04 18:30:00+00:00,5023.271879058291,209.50116956802594,5232.773048626317,5303.525208383083,0.01334059082908301,1,1046.536777653345,32.777246520123875
2025-06-04 19:30:00+00:00,5023.271879058291,208.17812602650793,5231.450005084799,5303.525208383083,0.01359005575845229,1,1046.536777653345,32.777246520123875
2025-06-05 13:30:00+00:00,4709.15386524564,529.5205273690963,5238.6743926147365,5303.525208383083,0.012227869807395098,1,1046.536777653345,32.777246520123875
2025-06-05 14:30:00+00:00,4185.623842224554,1054.7950448207084,5240.418887045263,5303.525208383083,0.011898938697994743,1,1046.536777653345,32.777246520123875
2025-06-05 15:30:00+00:00,4185.623842224554,1041.1351948690299,5226.759037093584,5303.525208383083,0.014474555747968743,1,1046.536777653345,32.777246520123875
2025-06-05 16:30:00+00:00,5199.193339597101,0.0,5199.193339597101,5303.525208383083,0.019672173636710255,0,0.0,0.0
2025-06-05 17:30:00+00:00,5199.193339597101,0.0,5199.193339597101,5303.525208383083,0.019672173636710255,0,0.0,0.0
2025-06-05 18:30:00+00:00,5199.193339597101,0.0,5199.193339597101,5303.525208383083,0.019672173636710255,0,0.0,0.0
2025-06-05 19:30:00+00:00,5199.193339597101,0.0,5199.193339597101,5303.525208383083,0.019672173636710255,0,0.0,0.0
2025-06-06 13:30:00+00:00,5199.193339597101,0.0,5199.193339597101,5303.525208383083,0.019672173636710255,0,0.0,0.0
2025-06-06 14:30:00+00:00,5199.193339597101,0.0,5199.193339597101,5303.525208383083,0.019672173636710255,0,0.0,0.0
2025-06-06 15:30:00+00:00,5199.193339597101,0.0,5199.193339597101,5303.525208383083,0.019672173636710255,0,0.0,0.0
2025-06-06 16:30:00+00:00,5199.193339597101,0.0,5199.193339597101,5303.525208383083,0.019672173636710255,0,0.0,0.0
2025-06-06 17:30:00+00:00,5199.193339597101,0.0,5199.193339597101,5303.525208383083,0.019672173636710255,0,0.0,0.0
2025-06-06 18:30:00+00:00,5199.193339597101,0.0,5199.193339597101,5303.525208383083,0.019672173636710255,0,0.0,0.0
2025-06-06 19:30:00+00:00,5199.193339597101,0.0,5199.193339597101,5303.525208383083,0.019672173636710255,0,0.0,0.0
2025-06-09 13:30:00+00:00,5199.193339597101,0.0,5199.193339597101,5303.525208383083,0.019672173636710255,0,0.0,0.0
2025-06-09 14:30:00+00:00,5199.193339597101,0.0,5199.193339597101,5303.525208383083,0.019672173636710255,0,0.0,0.0
2025-06-09 15:30:00+00:00,5199.193339597101,0.0,5199.193339597101,5303.525208383083,0.019672173636710255,0,0.0,0.0
2025-06-09 16:30:00+00:00,5199.193339597101,0.0,5199.193339597101,5303.525208383083,0.019672173636710255,0,0.0,0.0
2025-06-09 17:30:00+00:00,5199.193339597101,0.0,5199.193339597101,5303.525208383083,0.019672173636710255,0,0.0,0.0
2025-06-09 18:30:00+00:00,5199.193339597101,0.0,5199.193339597101,5303.525208383083,0.019672173636710255,0,0.0,0.0
2025-06-09 19:30:00+00:00,5199.193339597101,0.0,5199.193339597101,5303.525208383083,0.019672173636710255,0,0.0,0.0
2025-06-10 13:30:00+00:00,5199.193339597101,0.0,5199.193339597101,5303.525208383083,0.019672173636710255,0,0.0,0.0
2025-06-10 14:30:00+00:00,5199.193339597101,0.0,5199.193339597101,5303.525208383083,0.019672173636710255,0,0.0,0.0
2025-06-10 15:30:00+00:00,5199.193339597101,0.0,5199.193339597101,5303.525208383083,0.019672173636710255,0,0.0,0.0
2025-06-10 16:30:00+00:00,5199.193339597101,0.0,5199.193339597101,5303.525208383083,0.019672173636710255,0,0.0,0.0
2025-06-10 17:30:00+00:00,5199.193339597101,0.0,5199.193339597101,5303.525208383083,0.019672173636710255,0,0.0,0.0
2025-06-10 18:30:00+00:00,5199.193339597101,0.0,5199.193339597101,5303.525208383083,0.019672173636710255,0,0.0,0.0
2025-06-10 19:30:00+00:00,5199.193339597101,0.0,5199.193339597101,5303.525208383083,0.019672173636710255,0,0.0,0.0
2025-06-11 13:30:00+00:00,5199.193339597101,0.0,5199.193339597101,5303.525208383083,0.019672173636710255,0,0.0,0.0
2025-06-11 14:30:00+00:00,5199.193339597101,0.0,5199.193339597101,5303.525208383083,0.019672173636710255,0,0.0,0.0
2025-06-11 15:30:00+00:00,5199.193339597101,0.0,5199.193339597101,5303.525208383083,0.019672173636710255,0,0.0,0.0
2025-06-11 16:30:00+00:00,5199.193339597101,0.0,5199.193339597101,5303.525208383083,0.019672173636710255,0,0.0,0.0
2025-06-11 17:30:00+00:00,5199.193339597101,0.0,5199.193339597101,5303.525208383083,0.019672173636710255,0,0.0,0.0
2025-06-11 18:30:00+00:00,5199.193339597101,0.0,5199.193339597101,5303.525208383083,0.019672173636710255,0,0.0,0.0
2025-06-11 19:30:00+00:00,5199.193339597101,0.0,5199.193339597101,5303.525208383083,0.019672173636710255,0,0.0,0.0
2025-06-12 13:30:00+00:00,5199.193339597101,0.0,5199.193339597101,5303.525208383083,0.019672173636710255,0,0.0,0.0
2025-06-12 14:30:00+00:00,5199.193339597101,0.0,5199.193339597101,5303.525208383083,0.019672173636710255,0,0.0,0.0
2025-06-12 15:30:00+00:00,5199.193339597101,0.0,5199.193339597101,5303.525208383083,0.019672173636710255,0,0.0,0.0
2025-06-12 16:30:00+00:00,5199.193339597101,0.0,5199.193339597101,5303.525208383083,0.019672173636710255,0,0.0,0.0
2025-06-12 17:30:00+00:00,5199.193339597101,0.0,5199.193339597101,5303.525208383083,0.019672173636710255,0,0.0,0.0
2025-06-12 18:30:00+00:00,5199.193339597101,0.0,5199.193339597101,5303.525208383083,0.019672173636710255,0,0.0,0.0
2025-06-12 19:30:00+00:00,5199.193339597101,0.0,5199.193339597101,5303.525208383083,0.019672173636710255,0,0.0,0.0
2025-06-13 13:30:00+00:00,5199.193339597101,0.0,5199.193339597101,5303.525208383083,0.019672173636710255,0,0.0,0.0
2025-06-13 14:30:00+00:00,5199.193339597101,0.0,5199.193339597101,5303.525208383083,0.019672173636710255,0,0.0,0.0
2025-06-13 15:30:00+00:00,5199.193339597101,0.0,5199.193339597101,5303.525208383083,0.019672173636710255,0,0.0,0.0
2025-06-13 16:30:00+00:00,4783.054066130097,415.04507366642974,5198.099139796527,5303.525208383083,0.019878489201844984,2,2079.6565390654823,57.46048036548508
2025-06-13 17:30:00+00:00,4158.845155929593,1037.1418452390435,5195.987001168636,5303.525208383083,0.020276741033391388,2,2079.6565390654823,57.46048036548508
2025-06-13 18:30:00+00:00,4158.845155929593,1031.6976990307412,5190.542854960334,5303.525208383083,0.021303255661755283,2,2079.6565390654823,57.46048036548508
2025-06-13 19:30:00+00:00,4158.845155929593,1029.070679858095,5187.915835787688,5303.525208383083,0.02179859019292596,2,2079.6565390654823,57.46048036548508
2025-06-16 13:30:00+00:00,4158.845155929593,1036.612684310011,5195.457840239604,5303.525208383083,0.020376516354190466,2,2079.6565390654823,57.46048036548508
2025-06-16 14:30:00+00:00,3639.027568936645,1552.493443169336,5191.521012105981,5303.525208383083,0.021118820383857373,3,3118.772155243289,97.16364131254619
2025-06-16 15:30:00+00:00,3639.027568936645,1541.6686610083939,5180.696229945039,5303.525208383083,0.02315987453852253,3,3118.772155243289,97.16364131254619
2025-06-16 16:30:00+00:00,3639.027568936645,1551.1316376462687,5190.159206582914,5303.525208383083,0.0213755940333753,3,3118.772155243289,97.16364131254619
2025-06-16 17:30:00+00:00,3639.027568936645,1558.9216156818688,5197.949184618514,5303.525208383083,0.019906763825255136,3,3118.772155243289,97.16364131254619
2025-06-16 18:30:00+00:00,3119.209981943697,2085.9857789786765,5205.195760922374,5303.525208383083,0.018540394095852175,3,3118.772155243289,97.16364131254619
2025-06-16 19:30:00+00:00,3119.209981943697,2087.273433745767,5206.483415689464,5303.525208383083,0.01829760185550333,3,3118.772155243289,97.16364131254619
2025-06-17 13:30:00+00:00,3119.209981943697,2051.2618537985436,5170.471835742241,5303.525208383083,0.02508772324312325,3,3118.772155243289,97.16364131254619
2025-06-17 14:30:00+00:00,3119.209981943697,2052.9604097699394,5172.1703917136365,5303.525208383083,0.02476745400621816,3,3118.772155243289,97.16364131254619
2025-06-17 15:30:00+00:00,3119.209981943697,2055.0403478690696,5174.250329812767,5303.525208383083,0.024375273707755052,3,3118.772155243289,97.16364131254619
2025-06-17 16:30:00+00:00,4119.606564355196,1041.1486936594956,5160.755258014691,5303.525208383083,0.026919821205472982,2,2079.6565390654823,57.46048036548508
2025-06-17 17:30:00+00:00,4119.606564355196,1037.8612483220677,5157.467812677263,5303.525208383083,0.027539681620623258,2,2079.6565390654823,57.46048036548508
2025-06-17 18:30:00+00:00,4119.606564355196,1039.7836616804007,5159.390226035596,5303.525208383083,0.0271772032156381,2,2079.6565390654823,57.46048036548508
2025-06-17 19:30:00+00:00,4119.606564355196,1036.5842178604116,5156.190782215607,5303.525208383083,0.027780470607472463,2,2079.6565390654823,57.46048036548508
2025-06-18 13:30:00+00:00,4119.606564355196,1033.4434495285886,5153.050013883784,5303.525208383083,0.028372674511181417,2,2079.6565390654823,57.46048036548508
2025-06-18 14:30:00+00:00,4119.606564355196,1031.4474184022674,5151.053982757463,5303.525208383083,0.02874903382840799,2,2079.6565390654823,57.46048036548508
2025-06-18 15:30:00+00:00,4119.606564355196,1033.5304240203059,5153.1369883755015,5303.525208383083,0.02835627513750072,2,2079.6565390654823,57.46048036548508
2025-06-18 16:30:00+00:00,4119.606564355196,1033.8476919147097,5153.454256269905,5303.525208383083,0.028296453060309035,2,2079.6565390654823,57.46048036548508
2025-06-18 17:30:00+00:00,4119.606564355196,1036.2013363210945,5155.80790067629,5303.525208383083,0.02785266438882983,2,2079.6565390654823,57.46048036548508
2025-06-18 18:30:00+00:00,4119.606564355196,1031.9751603003924,5151.581724655588,5303.525208383083,0.028649526071323983,2,2079.6565390654823,57.46048036548508
2025-06-18 19:30:00+00:00,4119.606564355196,1019.4184123498399,5139.024976705035,5303.525208383083,0.031017149012137812,2,2079.6565390654823,57.46048036548508
2025-06-20 13:30:00+00:00,4119.606564355196,1014.1002672498335,5133.706831605029,5303.525208383083,0.0320199056487237,2,2079.6565390654823,57.46048036548508
2025-06-20 14:30:00+00:00,5132.567077621433,0.0,5132.567077621433,5303.525208383083,0.03223481062962097,0,0.0,0.0
2025-06-20 15:30:00+00:00,5132.567077621433,0.0,5132.567077621433,5303.525208383083,0.03223481062962097,0,0.0,0.0
2025-06-20 16:30:00+00:00,5132.567077621433,0.0,5132.567077621433,5303.525208383083,0.03223481062962097,0,0.0,0.0
2025-06-20 17:30:00+00:00,5132.567077621433,0.0,5132.567077621433,5303.525208383083,0.03223481062962097,0,0.0,0.0
2025-06-20 18:30:00+00:00,4927.161743175023,205.45676049521262,5132.618503670235,5303.525208383083,0.03222511405106576,1,1026.5134155242865,14.024296735586375
2025-06-20 19:30:00+00:00,4619.053741505408,513.9261963659583,5132.979937871366,5303.525208383083,0.03215696424750514,1,1026.5134155242865,14.024296735586375
2025-06-23 13:30:00+00:00,4619.053741505408,519.3660865150869,5138.419828020495,5303.525208383083,0.031131252115406682,1,1026.5134155242865,14.024296735586375
2025-06-23 14:30:00+00:00,4105.5404053893835,1032.5176565952825,5138.058061984666,5303.525208383083,0.03119946448767119,1,1026.5134155242865,14.024296735586375
2025-06-23 15:30:00+00:00,4105.5404053893835,1025.437964951111,5130.978370340495,5303.525208383083,0.03253436747502392,1,1026.5134155242865,14.024296735586375
2025-06-23 16:30:00+00:00,4105.5404053893835,1033.6925332853789,5139.232938674762,5303.525208383083,0.030977936985880583,1,1026.5134155242865,14.024296735586375
2025-06-23 17:30:00+00:00,4105.5404053893835,1033.0900630646884,5138.630468454072,5303.525208383083,0.03109153505452711,1,1026.5134155242865,14.024296735586375
2025-06-23 18:30:00+00:00,4105.5404053893835,1035.71103377298,5141.251439162364,5303.525208383083,0.030597340984486965,1,1026.5134155242865,14.024296735586375
2025-06-23 19:30:00+00:00,4418.343396467208,724.4895166052274,5142.832913072435,5303.525208383083,0.030299148018877564,2,2054.7637033567594,34.66564970660336
2025-06-24 13:30:00+00:00,5048.725050545001,105.72242031105816,5154.447470856059,5303.525208383083,0.02810917864430662,1,1028.2502878324728,20.641352971016985
2025-06-24 14:30:00+00:00,5155.624873272763,0.0,5155.624873272763,5303.525208383083,0.027887174907086254,0,0.0,0.0
2025-06-24 15:30:00+00:00,5155.624873272763,0.0,5155.624873272763,5303.525208383083,0.027887174907086254,0,0.0,0.0
2025-06-24 16:30:00+00:00,5155.624873272763,0.0,5155.624873272763,5303.525208383083,0.027887174907086254,0,0.0,0.0
2025-06-24 17:30:00+00:00,5155.624873272763,0.0,5155.624873272763,5303.525208383083,0.027887174907086254,0,0.0,0.0
2025-06-24 18:30:00+00:00,5155.624873272763,0.0,5155.624873272763,5303.525208383083,0.027887174907086254,0,0.0,0.0
2025-06-24 19:30:00+00:00,5155.624873272763,0.0,5155.624873272763,5303.525208383083,0.027887174907086254,0,0.0,0.0
2025-06-25 13:30:00+00:00,5155.624873272763,0.0,5155.624873272763,5303.525208383083,0.027887174907086254,0,0.0,0.0
2025-06-25 14:30:00+00:00,5155.624873272763,0.0,5155.624873272763,5303.525208383083,0.027887174907086254,0,0.0,0.0
2025-06-25 15:30:00+00:00,5155.624873272763,0.0,5155.624873272763,5303.525208383083,0.027887174907086254,0,0.0,0.0
2025-06-25 16:30:00+00:00,5155.624873272763,0.0,5155.624873272763,5303.525208383083,0.027887174907086254,0,0.0,0.0
2025-06-25 17:30:00+00:00,5155.624873272763,0.0,5155.624873272763,5303.525208383083,0.027887174907086254,0,0.0,0.0
2025-06-25 18:30:00+00:00,5155.624873272763,0.0,5155.624873272763,5303.525208383083,0.027887174907086254,0,0.0,0.0
2025-06-25 19:30:00+00:00,5155.624873272763,0.0,5155.624873272763,5303.525208383083,0.027887174907086254,0,0.0,0.0
2025-06-26 13:30:00+00:00,5155.624873272763,0.0,5155.624873272763,5303.525208383083,0.027887174907086254,0,0.0,0.0
2025-06-26 14:30:00+00:00,5155.624873272763,0.0,5155.624873272763,5303.525208383083,0.027887174907086254,0,0.0,0.0
2025-06-26 15:30:00+00:00,5155.624873272763,0.0,5155.624873272763,5303.525208383083,0.027887174907086254,0,0.0,0.0
2025-06-26 16:30:00+00:00,5155.624873272763,0.0,5155.624873272763,5303.525208383083,0.027887174907086254,0,0.0,0.0
2025-06-26 17:30:00+00:00,5155.624873272763,0.0,5155.624873272763,5303.525208383083,0.027887174907086254,0,0.0,0.0
2025-06-26 18:30:00+00:00,5155.624873272763,0.0,5155.624873272763,5303.525208383083,0.027887174907086254,0,0.0,0.0
2025-06-26 19:30:00+00:00,5155.624873272763,0.0,5155.624873272763,5303.525208383083,0.027887174907086254,0,0.0,0.0
2025-06-27 13:30:00+00:00,5155.624873272763,0.0,5155.624873272763,5303.525208383083,0.027887174907086254,0,0.0,0.0
2025-06-27 14:30:00+00:00,5155.624873272763,0.0,5155.624873272763,5303.525208383083,0.027887174907086254,0,0.0,0.0
2025-06-27 15:30:00+00:00,5155.624873272763,0.0,5155.624873272763,5303.525208383083,0.027887174907086254,0,0.0,0.0
2025-06-27 16:30:00+00:00,5155.624873272763,0.0,5155.624873272763,5303.525208383083,0.027887174907086254,0,0.0,0.0
2025-06-27 17:30:00+00:00,5155.624873272763,0.0,5155.624873272763,5303.525208383083,0.027887174907086254,0,0.0,0.0
2025-06-27 18:30:00+00:00,5155.624873272763,0.0,5155.624873272763,5303.525208383083,0.027887174907086254,0,0.0,0.0
2025-06-27 19:30:00+00:00,5155.624873272763,0.0,5155.624873272763,5303.525208383083,0.027887174907086254,0,0.0,0.0
2025-06-30 13:30:00+00:00,5155.624873272763,0.0,5155.624873272763,5303.525208383083,0.027887174907086254,0,0.0,0.0
2025-06-30 14:30:00+00:00,5155.624873272763,0.0,5155.624873272763,5303.525208383083,0.027887174907086254,0,0.0,0.0
2025-06-30 15:30:00+00:00,5155.624873272763,0.0,5155.624873272763,5303.525208383083,0.027887174907086254,0,0.0,0.0
2025-06-30 16:30:00+00:00,5155.624873272763,0.0,5155.624873272763,5303.525208383083,0.027887174907086254,0,0.0,0.0
2025-06-30 17:30:00+00:00,5155.624873272763,0.0,5155.624873272763,5303.525208383083,0.027887174907086254,0,0.0,0.0
2025-06-30 18:30:00+00:00,5155.624873272763,0.0,5155.624873272763,5303.525208383083,0.027887174907086254,0,0.0,0.0
2025-06-30 19:30:00+00:00,5155.624873272763,0.0,5155.624873272763,5303.525208383083,0.027887174907086254,0,0.0,0.0
2025-07-01 13:30:00+00:00,5155.624873272763,0.0,5155.624873272763,5303.525208383083,0.027887174907086254,0,0.0,0.0
2025-07-01 14:30:00+00:00,5155.624873272763,0.0,5155.624873272763,5303.525208383083,0.027887174907086254,0,0.0,0.0
2025-07-01 15:30:00+00:00,5155.624873272763,0.0,5155.624873272763,5303.525208383083,0.027887174907086254,0,0.0,0.0
2025-07-01 16:30:00+00:00,5155.624873272763,0.0,5155.624873272763,5303.525208383083,0.027887174907086254,0,0.0,0.0
2025-07-01 17:30:00+00:00,5155.624873272763,0.0,5155.624873272763,5303.525208383083,0.027887174907086254,0,0.0,0.0
2025-07-01 18:30:00+00:00,5155.624873272763,0.0,5155.624873272763,5303.525208383083,0.027887174907086254,0,0.0,0.0
2025-07-01 19:30:00+00:00,5155.624873272763,0.0,5155.624873272763,5303.525208383083,0.027887174907086254,0,0.0,0.0
2025-07-02 13:30:00+00:00,5155.624873272763,0.0,5155.624873272763,5303.525208383083,0.027887174907086254,0,0.0,0.0
2025-07-02 14:30:00+00:00,4949.296765844387,206.60156385764185,5155.898329702029,5303.525208383083,0.02783561364952236,1,1031.1249746545525,32.89813730299664
2025-07-02 15:30:00+00:00,4742.957714689712,414.9459163662241,5157.903631055936,5303.525208383083,0.02745750639536293,2,2062.304640594958,60.968752228740925
2025-07-02 16:30:00+00:00,4742.957714689712,414.49893973935104,5157.456654429063,5303.525208383083,0.027541785551077447,2,2062.304640594958,60.968752228740925
2025-07-02 17:30:00+00:00,4742.957714689712,413.59470759400665,5156.552422283718,5303.525208383083,0.027712281986903786,2,2062.304640594958,60.968752228740925
2025-07-02 18:30:00+00:00,4742.957714689712,413.94485073240503,5156.902565422117,5303.525208383083,0.02764626115648605,2,2062.304640594958,60.968752228740925
2025-07-02 19:30:00+00:00,4742.957714689712,414.03829153843435,5156.996006228146,5303.525208383083,0.027628642534464287,2,2062.304640594958,60.968752228740925
2025-07-03 13:30:00+00:00,4433.449137957699,730.2293382435619,5163.678476201261,5303.525208383083,0.02636863721525662,2,2062.304640594958,60.968752228740925
2025-07-03 14:30:00+00:00,3917.6015100710115,1241.7096953991736,5159.311205470185,5303.525208383083,0.027192102846036126,2,2062.304640594958,60.968752228740925
2025-07-03 15:30:00+00:00,3917.6015100710115,1238.5682412240262,5156.169751295038,5303.525208383083,0.027784436068131746,2,2062.304640594958,60.968752228740925
2025-07-07 13:30:00+00:00,4921.421593850064,209.17143811525602,5130.59303196532,5303.525208383083,0.032607024502196325,1,1031.1249746545525,32.89813730299664
2025-07-07 14:30:00+00:00,4921.421593850064,209.13180140308305,5130.553395253147,5303.525208383083,0.0326144981561558,1,1031.1249746545525,32.89813730299664
2025-07-07 15:30:00+00:00,4921.421593850064,209.0525279787389,5130.474121828803,5303.525208383083,0.032629445464074536,1,1031.1249746545525,32.89813730299664
2025-07-07 16:30:00+00:00,4921.421593850064,209.18307106689554,5130.604664916959,5303.525208383083,0.03260483106458978,1,1031.1249746545525,32.89813730299664
2025-07-07 17:30:00+00:00,4921.421593850064,208.5306177203438,5129.952211570408,5303.525208383083,0.0327278536431419,1,1031.1249746545525,32.89813730299664
2025-07-07 18:30:00+00:00,4921.421593850064,209.15835356479784,5130.579947414862,5303.525208383083,0.032609491644322364,1,1031.1249746545525,32.89813730299664
2025-07-07 19:30:00+00:00,4921.421593850064,209.07895917388487,5130.500553023949,5303.525208383083,0.03262446176095113,1,1031.1249746545525,32.89813730299664
2025-07-08 13:30:00+00:00,4921.421593850064,210.17562191987327,5131.597215769937,5303.525208383083,0.03241768179802096,1,1031.1249746545525,32.89813730299664
2025-07-08 14:30:00+00:00,4921.421593850064,210.18882743689937,5131.610421286963,5303.525208383083,0.032415191847185,1,1031.1249746545525,32.89813730299664
2025-07-08 15:30:00+00:00,4921.421593850064,211.0476497487589,5132.469243598823,5303.525208383083,0.03225325760946296,1,1031.1249746545525,32.89813730299664
2025-07-08 16:30:00+00:00,4921.421593850064,210.85607902695756,5132.277672877021,5303.525208383083,0.032289379003116014,1,1031.1249746545525,32.89813730299664
2025-07-08 17:30:00+00:00,4921.421593850064,210.7966037976048,5132.218197647669,5303.525208383083,0.03230059328550672,1,1031.1249746545525,32.89813730299664
2025-07-08 18:30:00+00:00,4921.421593850064,211.26567182680174,5132.6872656768655,5303.525208383083,0.03221214871123457,1,1031.1249746545525,32.89813730299664
2025-07-08 19:30:00+00:00,4921.421593850064,211.40454144706746,5132.826135297131,5303.525208383083,0.03218596431221521,1,1031.1249746545525,32.89813730299664
2025-07-09 13:30:00+00:00,5027.770703890221,107.7294990368573,5135.500202927078,5303.525208383083,0.03168175861414102,1,1031.1249746545525,32.89813730299664
2025-07-09 14:30:00+00:00,5027.770703890221,107.91534400776527,5135.686047897986,5303.525208383083,0.03164671683275866,1,1031.1249746545525,32.89813730299664
2025-07-09 15:30:00+00:00,5027.770703890221,107.86249169801977,5135.633195588241,5303.525208383083,0.031656682338279785,1,1031.1249746545525,32.89813730299664
2025-07-09 16:30:00+00:00,5135.1137456890365,0.0,5135.1137456890365,5303.525208383083,0.03175462660719419,0,0.0,0.0
2025-07-09 17:30:00+00:00,5135.1137456890365,0.0,5135.1137456890365,5303.525208383083,0.03175462660719419,0,0.0,0.0
2025-07-09 18:30:00+00:00,5135.1137456890365,0.0,5135.1137456890365,5303.525208383083,0.03175462660719419,0,0.0,0.0
2025-07-09 19:30:00+00:00,5135.1137456890365,0.0,5135.1137456890365,5303.525208383083,0.03175462660719419,0,0.0,0.0
2025-07-10 13:30:00+00:00,5135.1137456890365,0.0,5135.1137456890365,5303.525208383083,0.03175462660719419,0,0.0,0.0
2025-07-10 14:30:00+00:00,5135.1137456890365,0.0,5135.1137456890365,5303.525208383083,0.03175462660719419,0,0.0,0.0
2025-07-10 15:30:00+00:00,5135.1137456890365,0.0,5135.1137456890365,5303.525208383083,0.03175462660719419,0,0.0,0.0
2025-07-10 16:30:00+00:00,5135.1137456890365,0.0,5135.1137456890365,5303.525208383083,0.03175462660719419,0,0.0,0.0
2025-07-10 17:30:00+00:00,5135.1137456890365,0.0,5135.1137456890365,5303.525208383083,0.03175462660719419,0,0.0,0.0
2025-07-10 18:30:00+00:00,5135.1137456890365,0.0,5135.1137456890365,5303.525208383083,0.03175462660719419,0,0.0,0.0
2025-07-10 19:30:00+00:00,5135.1137456890365,0.0,5135.1137456890365,5303.525208383083,0.03175462660719419,0,0.0,0.0
2025-07-11 13:30:00+00:00,5135.1137456890365,0.0,5135.1137456890365,5303.525208383083,0.03175462660719419,0,0.0,0.0
2025-07-11 14:30:00+00:00,5135.1137456890365,0.0,5135.1137456890365,5303.525208383083,0.03175462660719419,0,0.0,0.0
2025-07-11 15:30:00+00:00,5135.1137456890365,0.0,5135.1137456890365,5303.525208383083,0.03175462660719419,0,0.0,0.0
2025-07-11 16:30:00+00:00,5135.1137456890365,0.0,5135.1137456890365,5303.525208383083,0.03175462660719419,0,0.0,0.0
2025-07-11 17:30:00+00:00,5135.1137456890365,0.0,5135.1137456890365,5303.525208383083,0.03175462660719419,0,0.0,0.0
2025-07-11 18:30:00+00:00,5135.1137456890365,0.0,5135.1137456890365,5303.525208383083,0.03175462660719419,0,0.0,0.0
2025-07-11 19:30:00+00:00,5135.1137456890365,0.0,5135.1137456890365,5303.525208383083,0.03175462660719419,0,0.0,0.0
2025-07-14 13:30:00+00:00,5135.1137456890365,0.0,5135.1137456890365,5303.525208383083,0.03175462660719419,0,0.0,0.0
2025-07-14 14:30:00+00:00,5135.1137456890365,0.0,5135.1137456890365,5303.525208383083,0.03175462660719419,0,0.0,0.0
2025-07-14 15:30:00+00:00,5135.1137456890365,0.0,5135.1137456890365,5303.525208383083,0.03175462660719419,0,0.0,0.0
2025-07-14 16:30:00+00:00,5135.1137456890365,0.0,5135.1137456890365,5303.525208383083,0.03175462660719419,0,0.0,0.0
2025-07-14 17:30:00+00:00,5135.1137456890365,0.0,5135.1137456890365,5303.525208383083,0.03175462660719419,0,0.0,0.0
2025-07-14 18:30:00+00:00,5135.1137456890365,0.0,5135.1137456890365,5303.525208383083,0.03175462660719419,0,0.0,0.0
2025-07-14 19:30:00+00:00,5135.1137456890365,0.0,5135.1137456890365,5303.525208383083,0.03175462660719419,0,0.0,0.0
2025-07-15 13:30:00+00:00,5135.1137456890365,0.0,5135.1137456890365,5303.525208383083,0.03175462660719419,0,0.0,0.0
2025-07-15 14:30:00+00:00,4621.345615432849,512.3752273400405,5133.720842772889,5303.525208383083,0.03201726378933589,1,1027.0227491378073,35.139954030709575
2025-07-15 15:30:00+00:00,4621.345615432849,515.1166509612422,5136.462266394091,5303.525208383083,0.031500357861017014,1,1027.0227491378073,35.139954030709575
2025-07-15 16:30:00+00:00,4107.577485176661,1029.0702449565042,5136.647730133165,5303.525208383083,0.03146538796235765,1,1027.0227491378073,35.139954030709575
2025-07-15 17:30:00+00:00,4107.577485176661,1033.5806267071584,5141.158111883819,5303.525208383083,0.030614938200466346,1,1027.0227491378073,35.139954030709575
2025-07-15 18:30:00+00:00,4107.577485176661,1037.6929839848053,5145.270469161466,5303.525208383083,0.029839537478104083,1,1027.0227491378073,35.139954030709575
2025-07-15 19:30:00+00:00,4107.577485176661,1038.9753798373185,5146.5528650139795,5303.525208383083,0.029597736826249665,1,1027.0227491378073,35.139954030709575
2025-07-16 13:30:00+00:00,4107.577485176661,1036.8846549143482,5144.462140091009,5303.525208383083,0.02999195102168062,1,1027.0227491378073,35.139954030709575
2025-07-16 14:30:00+00:00,4107.577485176661,1039.1522271239346,5146.729712300596,5303.525208383083,0.02956439159271773,1,1027.0227491378073,35.139954030709575
2025-07-16 15:30:00+00:00,4107.577485176661,1045.1439157537889,5152.72140093045,5303.525208383083,0.028434635742706216,1,1027.0227491378073,35.139954030709575
2025-07-16 16:30:00+00:00,4107.577485176661,1050.9149669829412,5158.492452159602,5303.525208383083,0.02734648192003175,1,1027.0227491378073,35.139954030709575
2025-07-16 17:30:00+00:00,4107.577485176661,1061.792458310697,5169.369943487358,5303.525208383083,0.025295489249993697,1,1027.0227491378073,35.139954030709575
2025-07-16 18:30:00+00:00,4432.153211543506,738.7545270304918,5170.907738573997,5303.525208383083,0.02500553209391032,2,2060.9404334868673,61.98760394131462
2025-07-16 19:30:00+00:00,4225.217023910119,947.9150719462314,5173.13209585635,5303.525208383083,0.02458612100506752,3,3095.104289725684,85.11610418147673
2025-07-17 13:30:00+00:00,4463.931877786951,723.5078474269394,5187.439725213891,5303.525208383083,0.021888362665967942,2,2068.0815405878766,49.976150150767154
2025-07-17 14:30:00+00:00,4463.931877786951,724.0892295932217,5188.021107380173,5303.525208383083,0.021778740830784904,2,2068.0815405878766,49.976150150767154
2025-07-17 15:30:00+00:00,4463.931877786951,723.654967286433,5187.586845073384,5303.525208383083,0.021860622652729034,2,2068.0815405878766,49.976150150767154
2025-07-17 16:30:00+00:00,4463.931877786951,724.0211513159138,5187.953029102865,5303.525208383083,0.021791577250832583,2,2068.0815405878766,49.976150150767154
2025-07-17 17:30:00+00:00,4463.931877786951,723.9881065814552,5187.919984368406,5303.525208383083,0.02179780796213504,2,2068.0815405878766,49.976150150767154
2025-07-17 18:30:00+00:00,4463.931877786951,721.1844163460382,5185.116294132989,5303.525208383083,0.022326454499156267,2,2068.0815405878766,49.976150150767154
2025-07-17 19:30:00+00:00,4463.931877786951,722.2479757015799,5186.179853488531,5303.525208383083,0.022125916307339955,2,2068.0815405878766,49.976150150767154
2025-07-18 13:30:00+00:00,4463.931877786951,720.2018437633706,5184.133721550322,5303.525208383083,0.022511722324623507,2,2068.0815405878766,49.976150150767154
2025-07-18 14:30:00+00:00,4463.931877786951,721.2510144921298,5185.182892279081,5303.525208383083,0.022313897163521057,2,2068.0815405878766,49.976150150767154
2025-07-18 15:30:00+00:00,4463.931877786951,718.4575263644128,5182.389404151364,5303.525208383083,0.022840620054043304,2,2068.0815405878766,49.976150150767154
2025-07-18 16:30:00+00:00,4463.931877786951,717.3116477627218,5181.243525549673,5303.525208383083,0.023056679855150586,2,2068.0815405878766,49.976150150767154
2025-07-18 17:30:00+00:00,4463.931877786951,716.1011345952302,5180.033012382181,5303.525208383083,0.023284926751305335,2,2068.0815405878766,49.976150150767154
2025-07-18 18:30:00+00:00,4463.931877786951,717.9709243549723,5181.9028021419235,5303.525208383083,0.02293237072747678,2,2068.0815405878766,49.976150150767154
2025-07-18 19:30:00+00:00,4463.931877786951,716.5799379002547,5180.511815687206,5303.525208383083,0.023194646553472476,2,2068.0815405878766,49.976150150767154
2025-07-21 13:30:00+00:00,4463.931877786951,726.5151710359569,5190.447048822908,5303.525208383083,0.02132132027607536,2,2068.0815405878766,49.976150150767154
2025-07-21 14:30:00+00:00,4463.931877786951,723.6848337664278,5187.616711553379,5303.525208383083,0.02185499121348411,2,2068.0815405878766,49.976150150767154
2025-07-21 15:30:00+00:00,4463.931877786951,724.8086741747684,5188.74055196172,5303.525208383083,0.021643086798178612,2,2068.0815405878766,49.976150150767154
2025-07-21 16:30:00+00:00,4463.931877786951,725.7354223352868,5189.667300122238,5303.525208383083,0.02146834488141469,2,2068.0815405878766,49.976150150767154
2025-07-21 17:30:00+00:00,4463.931877786951,724.9576280228275,5188.889505809779,5303.525208383083,0.021615000979368193,2,2068.0815405878766,49.976150150767154
2025-07-21 18:30:00+00:00,4463.931877786951,723.007984046053,5186.939861833004,5303.525208383083,0.02198261382180222,2,2068.0815405878766,49.976150150767154
2025-07-21 19:30:00+00:00,4463.931877786951,720.4584051774755,5184.390282964427,5303.525208383083,0.022463346686906305,2,2068.0815405878766,49.976150150767154
2025-07-22 13:30:00+00:00,4969.935366493693,204.38323673415744,5174.318603227851,5303.525208383083,0.02436240049373195,1,1034.1638562388168,23.128500240162108
2025-07-22 14:30:00+00:00,4969.935366493693,204.2062071584387,5174.141573652132,5303.525208383083,0.024395780098572684,1,1034.1638562388168,23.128500240162108
2025-07-22 15:30:00+00:00,4969.935366493693,204.26363044267055,5174.198996936364,5303.525208383083,0.024384952718297215,1,1034.1638562388168,23.128500240162108
2025-07-22 16:30:00+00:00,4969.935366493693,204.52675844379155,5174.462124937485,5303.525208383083,0.02433533892543638,1,1034.1638562388168,23.128500240162108
2025-07-22 17:30:00+00:00,4967.109659128606,207.46214114930717,5174.571800277913,5303.525208383083,0.024314659219746515,1,1034.9000785053192,25.18623733157416
2025-07-22 18:30:00+00:00,4967.109659128606,207.91839425664966,5175.028053385256,5303.525208383083,0.02422863094809402,1,1034.9000785053192,25.18623733157416
2025-07-22 19:30:00+00:00,4967.109659128606,207.40906705868656,5174.5187261872925,5303.525208383083,0.02432466654290144,1,1034.9000785053192,25.18623733157416
2025-07-23 13:30:00+00:00,5073.065286396503,105.38334166707864,5178.448628063582,5303.525208383083,0.023583668485594678,1,1034.9000785053192,25.18623733157416
2025-07-23 14:30:00+00:00,4865.823772301399,313.4084355165378,5179.232207817937,5303.525208383083,0.02343592152040319,2,2070.5898041180358,46.11493461301895
2025-07-23 15:30:00+00:00,4658.551796061392,519.3755429790544,5177.927339040447,5303.525208383083,0.023681959528373375,3,3106.431764337958,71.68711662200772
2025-07-23 16:30:00+00:00,4658.551796061392,521.069424963156,5179.6212210245485,5303.525208383083,0.023362571589682246,3,3106.431764337958,71.68711662200772
2025-07-23 17:30:00+00:00,4658.551796061392,525.6145466976232,5184.166342759016,5303.525208383083,0.02250557147072685,3,3106.431764337958,71.68711662200772
2025-07-23 18:30:00+00:00,4658.551796061392,526.4096579991119,5184.961454060504,5303.525208383083,0.02235565018813701,3,3106.431764337958,71.68711662200772
2025-07-23 19:30:00+00:00,4764.640139577172,421.7251477570462,5186.365287334218,5303.525208383083,0.0220909520451934,3,3106.431764337958,71.68711662200772
2025-07-24 13:30:00+00:00,4978.722142634631,211.6754854419696,5190.397628076601,5303.525208383083,0.021330638747161124,2,2071.531685832639,46.50087929043357
2025-07-24 14:30:00+00:00,4978.722142634631,211.912229229918,5190.634371864549,5303.525208383083,0.021285999798792532,2,2071.531685832639,46.50087929043357
2025-07-24 15:30:00+00:00,4978.722142634631,211.97239256814646,5190.694535202778,5303.525208383083,0.021274655770836648,2,2071.531685832639,46.50087929043357
2025-07-24 16:30:00+00:00,4978.722142634631,212.6417744653445,5191.363917099976,5303.525208383083,0.021148441249193572,2,2071.531685832639,46.50087929043357
2025-07-24 17:30:00+00:00,4978.722142634631,212.6991608762055,5191.421303510837,5303.525208383083,0.021137620821533476,2,2071.531685832639,46.50087929043357
2025-07-24 18:30:00+00:00,4978.722142634631,212.74073830935504,5191.462880943986,5303.525208383083,0.021129781237197443,2,2071.531685832639,46.50087929043357
2025-07-24 19:30:00+00:00,4978.722142634631,212.77907226410298,5191.501214898734,5303.525208383083,0.02112255322314227,2,2071.531685832639,46.50087929043357
2025-07-25 13:30:00+00:00,5087.36642574221,106.83402760325407,5194.200453345464,5303.525208383083,0.020613601471114684,1,1035.6897256127165,20.928697281444794
2025-07-25 14:30:00+00:00,5087.36642574221,106.5928797356537,5193.959305477863,5303.525208383083,0.020659070825577053,1,1035.6897256127165,20.928697281444794
2025-07-25 15:30:00+00:00,5087.36642574221,106.78387878872309,5194.150304530933,5303.525208383083,0.020623057222253882,1,1035.6897256127165,20.928697281444794
2025-07-25 16:30:00+00:00,5087.36642574221,106.4803882919914,5193.846814034201,5303.525208383083,0.020680281518322463,1,1035.6897256127165,20.928697281444794
2025-07-25 17:30:00+00:00,5087.36642574221,106.33684700471258,5193.703272746922,5303.525208383083,0.020707346778057967,1,1035.6897256127165,20.928697281444794
2025-07-25 18:30:00+00:00,5087.36642574221,106.42564226919694,5193.792068011407,5303.525208383083,0.02069060409069523,1,1035.6897256127165,20.928697281444794
2025-07-25 19:30:00+00:00,5087.36642574221,106.23887601154092,5193.605301753751,5303.525208383083,0.020725819584224037,1,1035.6897256127165,20.928697281444794
2025-07-28 13:30:00+00:00,5087.36642574221,107.11761555201701,5194.484041294227,5303.525208383083,0.02056012987672784,1,1035.6897256127165,20.928697281444794
2025-07-28 14:30:00+00:00,5087.36642574221,107.12067101360662,5194.487096755816,5303.525208383083,0.020559553757737214,1,1035.6897256127165,20.928697281444794
2025-07-28 15:30:00+00:00,5087.36642574221,107.18185499675292,5194.548280738963,5303.525208383083,0.02054801728327127,1,1035.6897256127165,20.928697281444794
2025-07-28 16:30:00+00:00,5087.36642574221,107.29214127547675,5194.658567017686,5303.525208383083,0.020527222382824672,1,1035.6897256127165,20.928697281444794
2025-07-28 17:30:00+00:00,5087.36642574221,107.45441712081993,5194.82084286303,5303.525208383083,0.02049662465037938,1,1035.6897256127165,20.928697281444794
2025-07-28 18:30:00+00:00,5195.067260403762,0.0,5195.067260403762,5303.525208383083,0.020450161678855716,0,0.0,0.0
2025-07-28 19:30:00+00:00,5195.067260403762,0.0,5195.067260403762,5303.525208383083,0.020450161678855716,0,0.0,0.0
2025-07-29 13:30:00+00:00,5195.067260403762,0.0,5195.067260403762,5303.525208383083,0.020450161678855716,0,0.0,0.0
2025-07-29 14:30:00+00:00,5195.067260403762,0.0,5195.067260403762,5303.525208383083,0.020450161678855716,0,0.0,0.0
2025-07-29 15:30:00+00:00,5195.067260403762,0.0,5195.067260403762,5303.525208383083,0.020450161678855716,0,0.0,0.0
2025-07-29 16:30:00+00:00,5195.067260403762,0.0,5195.067260403762,5303.525208383083,0.020450161678855716,0,0.0,0.0
2025-07-29 17:30:00+00:00,5195.067260403762,0.0,5195.067260403762,5303.525208383083,0.020450161678855716,0,0.0,0.0
2025-07-29 18:30:00+00:00,5195.067260403762,0.0,5195.067260403762,5303.525208383083,0.020450161678855716,0,0.0,0.0
2025-07-29 19:30:00+00:00,5195.067260403762,0.0,5195.067260403762,5303.525208383083,0.020450161678855716,0,0.0,0.0
2025-07-30 13:30:00+00:00,5195.067260403762,0.0,5195.067260403762,5303.525208383083,0.020450161678855716,0,0.0,0.0
2025-07-30 14:30:00+00:00,5195.067260403762,0.0,5195.067260403762,5303.525208383083,0.020450161678855716,0,0.0,0.0
2025-07-30 15:30:00+00:00,5195.067260403762,0.0,5195.067260403762,5303.525208383083,0.020450161678855716,0,0.0,0.0
2025-07-30 16:30:00+00:00,5195.067260403762,0.0,5195.067260403762,5303.525208383083,0.020450161678855716,0,0.0,0.0
2025-07-30 17:30:00+00:00,5195.067260403762,0.0,5195.067260403762,5303.525208383083,0.020450161678855716,0,0.0,0.0
2025-07-30 18:30:00+00:00,5195.067260403762,0.0,5195.067260403762,5303.525208383083,0.020450161678855716,0,0.0,0.0
2025-07-30 19:30:00+00:00,5195.067260403762,0.0,5195.067260403762,5303.525208383083,0.020450161678855716,0,0.0,0.0
2025-07-31 13:30:00+00:00,5195.067260403762,0.0,5195.067260403762,5303.525208383083,0.020450161678855716,0,0.0,0.0
2025-07-31 14:30:00+00:00,5195.067260403762,0.0,5195.067260403762,5303.525208383083,0.020450161678855716,0,0.0,0.0
2025-07-31 15:30:00+00:00,5195.067260403762,0.0,5195.067260403762,5303.525208383083,0.020450161678855716,0,0.0,0.0
2025-07-31 16:30:00+00:00,5195.067260403762,0.0,5195.067260403762,5303.525208383083,0.020450161678855716,0,0.0,0.0
2025-07-31 17:30:00+00:00,5195.067260403762,0.0,5195.067260403762,5303.525208383083,0.020450161678855716,0,0.0,0.0
2025-07-31 18:30:00+00:00,5195.067260403762,0.0,5195.067260403762,5303.525208383083,0.020450161678855716,0,0.0,0.0
2025-07-31 19:30:00+00:00,5195.067260403762,0.0,5195.067260403762,5303.525208383083,0.020450161678855716,0,0.0,0.0
2025-08-01 13:30:00+00:00,5195.067260403762,0.0,5195.067260403762,5303.525208383083,0.020450161678855716,0,0.0,0.0
2025-08-01 14:30:00+00:00,5195.067260403762,0.0,5195.067260403762,5303.525208383083,0.020450161678855716,0,0.0,0.0
2025-08-01 15:30:00+00:00,5195.067260403762,0.0,5195.067260403762,5303.525208383083,0.020450161678855716,0,0.0,0.0
2025-08-01 16:30:00+00:00,4155.544696926558,1028.6637412126283,5184.208438139186,5303.525208383083,0.022497634225495444,2,2078.006123892463,86.13916166445617
2025-08-01 17:30:00+00:00,4155.544696926558,1031.7015202317825,5187.24621715834,5303.525208383083,0.021924849351322884,2,2078.006123892463,86.13916166445617
2025-08-01 18:30:00+00:00,4155.544696926558,1030.9463771785631,5186.491074105121,5303.525208383083,0.022067234467551988,2,2078.006123892463,86.13916166445617
2025-08-01 19:30:00+00:00,4155.544696926558,1031.0316949567741,5186.576391883332,5303.525208383083,0.02205114747355108,2,2078.006123892463,86.13916166445617
2025-08-04 13:30:00+00:00,4155.544696926558,1060.5886157627538,5216.133312689311,5303.525208383083,0.01647807679986779,2,2078.006123892463,86.13916166445617
2025-08-04 14:30:00+00:00,3116.022133449353,2099.9534633894887,5215.975596838842,5303.525208383083,0.016507814727806824,2,2078.006123892463,86.13916166445617
2025-08-04 15:30:00+00:00,3116.022133449353,2108.523793791715,5224.545927241068,5303.525208383083,0.014891846090818062,2,2078.006123892463,86.13916166445617
2025-08-04 16:30:00+00:00,3116.022133449353,2109.5324344883443,5225.554567937697,5303.525208383083,0.014701663022576028,2,2078.006123892463,86.13916166445617
2025-08-04 17:30:00+00:00,3116.022133449353,2104.1124935250386,5220.134626974392,5303.525208383083,0.015723613659246682,2,2078.006123892463,86.13916166445617
2025-08-04 18:30:00+00:00,3116.022133449353,2097.6059949388414,5213.628128388194,5303.525208383083,0.01695043889916681,2,2078.006123892463,86.13916166445617
2025-08-04 19:30:00+00:00,3116.022133449353,2104.161005853269,5220.183139302622,5303.525208383083,0.01571446647386998,2,2078.006123892463,86.13916166445617
2025-08-05 13:30:00+00:00,3116.022133449353,2090.237742840321,5206.259876289674,5303.525208383083,0.018339751065888255,2,2078.006123892463,86.13916166445617
2025-08-05 14:30:00+00:00,3116.022133449353,2071.4183637963574,5187.4404972457105,5303.525208383083,0.02188821709641009,2,2078.006123892463,86.13916166445617
2025-08-05 15:30:00+00:00,3116.022133449353,2087.4179027423284,5203.440036191681,5303.525208383083,0.01887144272138097,2,2078.006123892463,86.13916166445617
2025-08-05 16:30:00+00:00,3116.022133449353,2090.5898154171077,5206.611948866461,5303.525208383083,0.01827336643246924,2,2078.006123892463,86.13916166445617
2025-08-05 17:30:00+00:00,3116.022133449353,2095.902691633097,5211.92482508245,5303.525208383083,0.017271603264154,2,2078.006123892463,86.13916166445617
2025-08-05 18:30:00+00:00,3116.022133449353,2088.0750004083598,5204.097133857713,5303.525208383083,0.018747544438594832,2,2078.006123892463,86.13916166445617
2025-08-05 19:30:00+00:00,3116.022133449353,2072.8217909113514,5188.8439243607045,5303.525208383083,0.021623595536249374,2,2078.006123892463,86.13916166445617
2025-08-06 13:30:00+00:00,4094.7848134640217,1047.433290104861,5142.218103568883,5303.525208383083,0.030415072706589164,1,1038.9926718117108,38.9394413091925
2025-08-06 14:30:00+00:00,4094.7848134640217,1055.775580624094,5150.560394088116,5303.525208383083,0.028842101863338243,1,1038.9926718117108,38.9394413091925
2025-08-06 15:30:00+00:00,4094.7848134640217,1058.55576769446,5153.340581158482,5303.525208383083,0.028317886938146297,1,1038.9926718117108,38.9394413091925
2025-08-06 16:30:00+00:00,4094.7848134640217,1062.7879251066724,5157.572738570694,5303.525208383083,0.027519897441363517,1,1038.9926718117108,38.9394413091925
2025-08-06 17:30:00+00:00,4094.7848134640217,1066.5952131267595,5161.380026590781,5303.525208383083,0.026802018696473473,1,1038.9926718117108,38.9394413091925
2025-08-06 18:30:00+00:00,4630.238106676012,534.0767679594173,5164.314874635429,5303.525208383083,0.026248641851953303,1,1038.9926718117108,38.9394413091925
2025-08-06 19:30:00+00:00,4630.238106676012,534.198954387246,5164.437061063258,5303.525208383083,0.026225603132794317,1,1038.9926718117108,38.9394413091925
2025-08-07 13:30:00+00:00,4630.238106676012,545.3568287527087,5175.59493542872,5303.525208383083,0.024121743166629628,1,1038.9926718117108,38.9394413091925
2025-08-07 14:30:00+00:00,5167.3575894597125,0.0,5167.3575894597125,5303.525208383083,0.025674926312810875,0,0.0,0.0
2025-08-07 15:30:00+00:00,5167.3575894597125,0.0,5167.3575894597125,5303.525208383083,0.025674926312810875,0,0.0,0.0
2025-08-07 16:30:00+00:00,5167.3575894597125,0.0,5167.3575894597125,5303.525208383083,0.025674926312810875,0,0.0,0.0
2025-08-07 17:30:00+00:00,5167.3575894597125,0.0,5167.3575894597125,5303.525208383083,0.025674926312810875,0,0.0,0.0
2025-08-07 18:30:00+00:00,5167.3575894597125,0.0,5167.3575894597125,5303.525208383083,0.025674926312810875,0,0.0,0.0
2025-08-07 19:30:00+00:00,5167.3575894597125,0.0,5167.3575894597125,5303.525208383083,0.025674926312810875,0,0.0,0.0
2025-08-08 13:30:00+00:00,5167.3575894597125,0.0,5167.3575894597125,5303.525208383083,0.025674926312810875,0,0.0,0.0
2025-08-08 14:30:00+00:00,5167.3575894597125,0.0,5167.3575894597125,5303.525208383083,0.025674926312810875,0,0.0,0.0
2025-08-08 15:30:00+00:00,5167.3575894597125,0.0,5167.3575894597125,5303.525208383083,0.025674926312810875,0,0.0,0.0
2025-08-08 16:30:00+00:00,5167.3575894597125,0.0,5167.3575894597125,5303.525208383083,0.025674926312810875,0,0.0,0.0
2025-08-08 17:30:00+00:00,5167.3575894597125,0.0,5167.3575894597125,5303.525208383083,0.025674926312810875,0,0.0,0.0
2025-08-08 18:30:00+00:00,5167.3575894597125,0.0,5167.3575894597125,5303.525208383083,0.025674926312810875,0,0.0,0.0
2025-08-08 19:30:00+00:00,5167.3575894597125,0.0,5167.3575894597125,5303.525208383083,0.025674926312810875,0,0.0,0.0
2025-08-11 13:30:00+00:00,5167.3575894597125,0.0,5167.3575894597125,5303.525208383083,0.025674926312810875,0,0.0,0.0
2025-08-11 14:30:00+00:00,5167.3575894597125,0.0,5167.3575894597125,5303.525208383083,0.025674926312810875,0,0.0,0.0
2025-08-11 15:30:00+00:00,5167.3575894597125,0.0,5167.3575894597125,5303.525208383083,0.025674926312810875,0,0.0,0.0
2025-08-11 16:30:00+00:00,5167.3575894597125,0.0,5167.3575894597125,5303.525208383083,0.025674926312810875,0,0.0,0.0
2025-08-11 17:30:00+00:00,5167.3575894597125,0.0,5167.3575894597125,5303.525208383083,0.025674926312810875,0,0.0,0.0
2025-08-11 18:30:00+00:00,5167.3575894597125,0.0,5167.3575894597125,5303.525208383083,0.025674926312810875,0,0.0,0.0
2025-08-11 19:30:00+00:00,5167.3575894597125,0.0,5167.3575894597125,5303.525208383083,0.025674926312810875,0,0.0,0.0
2025-08-12 13:30:00+00:00,5167.3575894597125,0.0,5167.3575894597125,5303.525208383083,0.025674926312810875,0,0.0,0.0
2025-08-12 14:30:00+00:00,5167.3575894597125,0.0,5167.3575894597125,5303.525208383083,0.025674926312810875,0,0.0,0.0
2025-08-12 15:30:00+00:00,5167.3575894597125,0.0,5167.3575894597125,5303.525208383083,0.025674926312810875,0,0.0,0.0
2025-08-12 16:30:00+00:00,5167.3575894597125,0.0,5167.3575894597125,5303.525208383083,0.025674926312810875,0,0.0,0.0
2025-08-12 17:30:00+00:00,5167.3575894597125,0.0,5167.3575894597125,5303.525208383083,0.025674926312810875,0,0.0,0.0
2025-08-12 18:30:00+00:00,5167.3575894597125,0.0,5167.3575894597125,5303.525208383083,0.025674926312810875,0,0.0,0.0
2025-08-12 19:30:00+00:00,5167.3575894597125,0.0,5167.3575894597125,5303.525208383083,0.025674926312810875,0,0.0,0.0
2025-08-13 13:30:00+00:00,5167.3575894597125,0.0,5167.3575894597125,5303.525208383083,0.025674926312810875,0,0.0,0.0
2025-08-13 14:30:00+00:00,5167.3575894597125,0.0,5167.3575894597125,5303.525208383083,0.025674926312810875,0,0.0,0.0
2025-08-13 15:30:00+00:00,5167.3575894597125,0.0,5167.3575894597125,5303.525208383083,0.025674926312810875,0,0.0,0.0
2025-08-13 16:30:00+00:00,5167.3575894597125,0.0,5167.3575894597125,5303.525208383083,0.025674926312810875,0,0.0,0.0
2025-08-13 17:30:00+00:00,5167.3575894597125,0.0,5167.3575894597125,5303.525208383083,0.025674926312810875,0,0.0,0.0
2025-08-13 18:30:00+00:00,5167.3575894597125,0.0,5167.3575894597125,5303.525208383083,0.025674926312810875,0,0.0,0.0
2025-08-13 19:30:00+00:00,5167.3575894597125,0.0,5167.3575894597125,5303.525208383083,0.025674926312810875,0,0.0,0.0
2025-08-14 13:30:00+00:00,5167.3575894597125,0.0,5167.3575894597125,5303.525208383083,0.025674926312810875,0,0.0,0.0
2025-08-14 14:30:00+00:00,5167.3575894597125,0.0,5167.3575894597125,5303.525208383083,0.025674926312810875,0,0.0,0.0
2025-08-14 15:30:00+00:00,5167.3575894597125,0.0,5167.3575894597125,5303.525208383083,0.025674926312810875,0,0.0,0.0
2025-08-14 16:30:00+00:00,5167.3575894597125,0.0,5167.3575894597125,5303.525208383083,0.025674926312810875,0,0.0,0.0
2025-08-14 17:30:00+00:00,5167.3575894597125,0.0,5167.3575894597125,5303.525208383083,0.025674926312810875,0,0.0,0.0
2025-08-14 18:30:00+00:00,5167.3575894597125,0.0,5167.3575894597125,5303.525208383083,0.025674926312810875,0,0.0,0.0
2025-08-14 19:30:00+00:00,5167.3575894597125,0.0,5167.3575894597125,5303.525208383083,0.025674926312810875,0,0.0,0.0
2025-08-15 13:30:00+00:00,4650.363462634268,511.1333964458436,5161.496859080112,5303.525208383083,0.026779989482933364,1,1033.4715178919425,25.020960833108866
2025-08-15 14:30:00+00:00,4650.363462634268,511.14229919499485,5161.505761829263,5303.525208383083,0.026778310835467556,1,1033.4715178919425,25.020960833108866
2025-08-15 15:30:00+00:00,5155.993133355694,0.0,5155.993133355694,5303.525208383083,0.027817738057356656,0,0.0,0.0
2025-08-15 16:30:00+00:00,5155.993133355694,0.0,5155.993133355694,5303.525208383083,0.027817738057356656,0,0.0,0.0
2025-08-15 17:30:00+00:00,5155.993133355694,0.0,5155.993133355694,5303.525208383083,0.027817738057356656,0,0.0,0.0
2025-08-15 18:30:00+00:00,5155.993133355694,0.0,5155.993133355694,5303.525208383083,0.027817738057356656,0,0.0,0.0
2025-08-15 19:30:00+00:00,4949.650288158799,206.72582212831458,5156.376110287114,5303.525208383083,0.027745526289452815,1,1031.198626671139,22.068736496434447
2025-08-18 13:30:00+00:00,4640.136020363457,513.7955603714545,5153.931580734911,5303.525208383083,0.02820645170342828,1,1031.198626671139,22.068736496434447
2025-08-18 14:30:00+00:00,4640.136020363457,510.95900434370105,5151.095024707158,5303.525208383083,0.02874129521152924,1,1031.198626671139,22.068736496434447
2025-08-18 15:30:00+00:00,4640.136020363457,513.8974694601311,5154.033489823588,5303.525208383083,0.028187236354264678,1,1031.198626671139,22.068736496434447
2025-08-18 16:30:00+00:00,4433.871600100717,721.9996915469083,5155.871291647625,5303.525208383083,0.027840711778284066,2,2062.0053246358566,48.963047438674636
2025-08-18 17:30:00+00:00,4433.871600100717,721.9521443772583,5155.823744477975,5303.525208383083,0.027849676979312066,2,2062.0053246358566,48.963047438674636
2025-08-18 18:30:00+00:00,4433.871600100717,723.8880225760877,5157.759622676805,5303.525208383083,0.027484659727057048,2,2062.0053246358566,48.963047438674636
2025-08-18 19:30:00+00:00,4433.871600100717,725.813711104247,5159.685311204964,5303.525208383083,0.02712156377625141,2,2062.0053246358566,48.963047438674636
2025-08-19 13:30:00+00:00,4941.387531240823,208.54425211100624,5149.931783351829,5303.525208383083,0.028960628826365298,1,1030.8066979647176,26.89431094224019
2025-08-19 14:30:00+00:00,4631.990900846713,512.8502431701181,5144.841144016831,5303.525208383083,0.029920488379205912,1,1030.8066979647176,26.89431094224019
2025-08-19 15:30:00+00:00,4631.990900846713,514.3787277169204,5146.369628563633,5303.525208383083,0.02963228676108476,1,1030.8066979647176,26.89431094224019
2025-08-19 16:30:00+00:00,4631.990900846713,509.0367119196708,5141.027612766384,5303.525208383083,0.030639544309103206,1,1030.8066979647176,26.89431094224019
2025-08-19 17:30:00+00:00,4631.990900846713,509.05122404175563,5141.042124888469,5303.525208383083,0.030636807992876713,1,1030.8066979647176,26.89431094224019
2025-08-19 18:30:00+00:00,4631.990900846713,509.40724220561606,5141.398143052329,5303.525208383083,0.030569679403896433,1,1030.8066979647176,26.89431094224019
2025-08-19 19:30:00+00:00,4631.990900846713,508.45000755540514,5140.440908402118,5303.525208383083,0.03075016966510946,1,1030.8066979647176,26.89431094224019
2025-08-20 13:30:00+00:00,5135.282670360776,0.0,5135.282670360776,5303.525208383083,0.03172277521305489,0,0.0,0.0
2025-08-20 14:30:00+00:00,5135.282670360776,0.0,5135.282670360776,5303.525208383083,0.03172277521305489,0,0.0,0.0
2025-08-20 15:30:00+00:00,5135.282670360776,0.0,5135.282670360776,5303.525208383083,0.03172277521305489,0,0.0,0.0
2025-08-20 16:30:00+00:00,5135.282670360776,0.0,5135.282670360776,5303.525208383083,0.03172277521305489,0,0.0,0.0
2025-08-20 17:30:00+00:00,5135.282670360776,0.0,5135.282670360776,5303.525208383083,0.03172277521305489,0,0.0,0.0
2025-08-20 18:30:00+00:00,5135.282670360776,0.0,5135.282670360776,5303.525208383083,0.03172277521305489,0,0.0,0.0
2025-08-20 19:30:00+00:00,5135.282670360776,0.0,5135.282670360776,5303.525208383083,0.03172277521305489,0,0.0,0.0
2025-08-21 13:30:00+00:00,5135.282670360776,0.0,5135.282670360776,5303.525208383083,0.03172277521305489,0,0.0,0.0
2025-08-21 14:30:00+00:00,4107.722883722208,1020.3252426289664,5128.048126351175,5303.525208383083,0.033086876207270244,2,2054.092527013629,57.00874273427195
2025-08-21 15:30:00+00:00,4107.722883722208,1018.542657031202,5126.26554075341,5303.525208383083,0.03342298955221046,2,2054.092527013629,57.00874273427195
2025-08-21 16:30:00+00:00,4107.722883722208,1018.4227112676181,5126.145594989826,5303.525208383083,0.033445605785540344,2,2054.092527013629,57.00874273427195
2025-08-21 17:30:00+00:00,4107.722883722208,1018.3991622442409,5126.122045966449,5303.525208383083,0.03345004604413293,2,2054.092527013629,57.00874273427195
2025-08-21 18:30:00+00:00,4107.722883722208,1019.992785074126,5127.715668796334,5303.525208383083,0.033149562353140705,2,2054.092527013629,57.00874273427195
2025-08-21 19:30:00+00:00,4107.722883722208,1018.5172509579697,5126.240134680178,5303.525208383083,0.03342777996466895,2,2054.092527013629,57.00874273427195
2025-08-22 13:30:00+00:00,4107.722883722208,1038.0760235426314,5145.79890726484,5303.525208383083,0.02973989844885272,2,2054.092527013629,57.00874273427195
2025-08-22 14:30:00+00:00,3080.1630970836404,2071.440822361894,5151.603919445534,5303.525208383083,0.02864534115863393,2,2054.092527013629,57.00874273427195
2025-08-22 15:30:00+00:00,3080.1630970836404,2071.2636136568844,5151.426710740525,5303.525208383083,0.028678754538988827,2,2054.092527013629,57.00874273427195
2025-08-22 16:30:00+00:00,3080.1630970836404,2100.8726098573043,5181.035706940945,5303.525208383083,0.023095864850142256,2,2054.092527013629,57.00874273427195
2025-08-22 17:30:00+00:00,4131.813479258706,1053.0044495125112,5184.817928771217,5303.525208383083,0.022382712431389895,2,2054.092527013629,57.00874273427195
2025-08-22 18:30:00+00:00,4131.813479258706,1045.6028373513172,5177.416316610023,5303.525208383083,0.02377831476575687,2,2054.092527013629,57.00874273427195
2025-08-22 19:30:00+00:00,4131.813479258706,1044.7680368269648,5176.581516085671,5303.525208383083,0.023935719603398242,2,2054.092527013629,57.00874273427195
2025-08-25 13:30:00+00:00,4131.813479258706,1056.7242471434456,5188.537726402152,5303.525208383083,0.02168133033461872,2,2054.092527013629,57.00874273427195
2025-08-25 14:30:00+00:00,4131.813479258706,1059.3118479257055,5191.125327184412,5303.525208383083,0.021193428291998107,2,2054.092527013629,57.00874273427195
2025-08-25 15:30:00+00:00,4131.813479258706,1065.0120044195082,5196.825483678214,5303.525208383083,0.02011864194332713,2,2054.092527013629,57.00874273427195
2025-08-25 16:30:00+00:00,4131.813479258706,1062.1547848107439,5193.96826406945,5303.525208383083,0.02065738164880604,2,2054.092527013629,57.00874273427195
2025-08-25 17:30:00+00:00,4131.813479258706,1059.420032975031,5191.233512233737,5303.525208383083,0.0211730295864061,2,2054.092527013629,57.00874273427195
2025-08-25 18:30:00+00:00,4131.813479258706,1058.4088755040866,5190.222354762793,5303.525208383083,0.021363687202089032,2,2054.092527013629,57.00874273427195
2025-08-25 19:30:00+00:00,4131.813479258706,1056.9143814865893,5188.727860745295,5303.525208383083,0.021645479775665333,2,2054.092527013629,57.00874273427195
2025-08-26 13:30:00+00:00,4131.813479258706,1049.0694597435595,5180.882939002266,5303.525208383083,0.023124669830353772,2,2054.092527013629,57.00874273427195
2025-08-26 14:30:00+00:00,4131.813479258706,1046.791581070719,5178.605060329425,5303.525208383083,0.0235541725824554,2,2054.092527013629,57.00874273427195
2025-08-26 15:30:00+00:00,4131.813479258706,1051.3717426829617,5183.185221941668,5303.525208383083,0.02269056556028015,2,2054.092527013629,57.00874273427195
2025-08-26 16:30:00+00:00,4131.813479258706,1048.386156933364,5180.19963619207,5303.525208383083,0.023253509193484456,2,2054.092527013629,57.00874273427195
2025-08-26 17:30:00+00:00,4131.813479258706,1048.8153872577204,5180.628866516427,5303.525208383083,0.02317257617110946,2,2054.092527013629,57.00874273427195
2025-08-26 18:30:00+00:00,4131.813479258706,1050.3089333869266,5182.122412645633,5303.525208383083,0.022890962325502584,2,2054.092527013629,57.00874273427195
2025-08-26 19:30:00+00:00,5181.825856197444,0.0,5181.825856197444,5303.525208383083,0.022946879180148483,0,0.0,0.0
2025-08-27 13:30:00+00:00,5181.825856197444,0.0,5181.825856197444,5303.525208383083,0.022946879180148483,0,0.0,0.0
2025-08-27 14:30:00+00:00,5181.825856197444,0.0,5181.825856197444,5303.525208383083,0.022946879180148483,0,0.0,0.0
2025-08-27 15:30:00+00:00,5181.825856197444,0.0,5181.825856197444,5303.525208383083,0.022946879180148483,0,0.0,0.0
2025-08-27 16:30:00+00:00,5181.825856197444,0.0,5181.825856197444,5303.525208383083,0.022946879180148483,0,0.0,0.0
2025-08-27 17:30:00+00:00,5181.825856197444,0.0,5181.825856197444,5303.525208383083,0.022946879180148483,0,0.0,0.0
2025-08-27 18:30:00+00:00,5181.825856197444,0.0,5181.825856197444,5303.525208383083,0.022946879180148483,0,0.0,0.0
2025-08-27 19:30:00+00:00,5181.825856197444,0.0,5181.825856197444,5303.525208383083,0.022946879180148483,0,0.0,0.0
2025-08-28 13:30:00+00:00,5181.825856197444,0.0,5181.825856197444,5303.525208383083,0.022946879180148483,0,0.0,0.0
2025-08-28 14:30:00+00:00,5181.825856197444,0.0,5181.825856197444,5303.525208383083,0.022946879180148483,0,0.0,0.0
2025-08-28 15:30:00+00:00,5181.825856197444,0.0,5181.825856197444,5303.525208383083,0.022946879180148483,0,0.0,0.0
2025-08-28 16:30:00+00:00,5181.825856197444,0.0,5181.825856197444,5303.525208383083,0.022946879180148483,0,0.0,0.0
2025-08-28 17:30:00+00:00,5181.825856197444,0.0,5181.825856197444,5303.525208383083,0.022946879180148483,0,0.0,0.0
2025-08-28 18:30:00+00:00,5181.825856197444,0.0,5181.825856197444,5303.525208383083,0.022946879180148483,0,0.0,0.0
2025-08-28 19:30:00+00:00,5181.825856197444,0.0,5181.825856197444,5303.525208383083,0.022946879180148483,0,0.0,0.0
2025-08-29 13:30:00+00:00,5181.825856197444,0.0,5181.825856197444,5303.525208383083,0.022946879180148483,0,0.0,0.0
2025-08-29 14:30:00+00:00,5181.825856197444,0.0,5181.825856197444,5303.525208383083,0.022946879180148483,0,0.0,0.0
2025-08-29 15:30:00+00:00,5181.825856197444,0.0,5181.825856197444,5303.525208383083,0.022946879180148483,0,0.0,0.0
2025-08-29 16:30:00+00:00,5181.825856197444,0.0,5181.825856197444,5303.525208383083,0.022946879180148483,0,0.0,0.0
2025-08-29 17:30:00+00:00,5181.825856197444,0.0,5181.825856197444,5303.525208383083,0.022946879180148483,0,0.0,0.0
2025-08-29 18:30:00+00:00,5181.825856197444,0.0,5181.825856197444,5303.525208383083,0.022946879180148483,0,0.0,0.0
2025-08-29 19:30:00+00:00,5181.825856197444,0.0,5181.825856197444,5303.525208383083,0.022946879180148483,0,0.0,0.0
2025-09-02 13:30:00+00:00,5181.825856197444,0.0,5181.825856197444,5303.525208383083,0.022946879180148483,0,0.0,0.0
2025-09-02 14:30:00+00:00,5181.825856197444,0.0,5181.825856197444,5303.525208383083,0.022946879180148483,0,0.0,0.0
2025-09-02 15:30:00+00:00,5181.825856197444,0.0,5181.825856197444,5303.525208383083,0.022946879180148483,0,0.0,0.0
2025-09-02 16:30:00+00:00,5181.825856197444,0.0,5181.825856197444,5303.525208383083,0.022946879180148483,0,0.0,0.0
2025-09-02 17:30:00+00:00,5181.825856197444,0.0,5181.825856197444,5303.525208383083,0.022946879180148483,0,0.0,0.0
2025-09-02 18:30:00+00:00,5181.825856197444,0.0,5181.825856197444,5303.525208383083,0.022946879180148483,0,0.0,0.0
2025-09-02 19:30:00+00:00,4974.449185432422,208.2878508039512,5182.737036236374,5303.525208383083,0.022775072692363896,1,1036.365171239489,15.352739700045287
2025-09-03 13:30:00+00:00,4455.918862172719,719.7596517653128,5175.678513938032,5303.525208383083,0.024105984118444224,2,2072.907546571231,45.28649919745865
2025-09-03 14:30:00+00:00,4656.151763035662,509.6336538323476,5165.78541686801,5303.525208383083,0.02597136547920109,1,1036.5423753317418,29.93375949741337
2025-09-03 15:30:00+00:00,4656.151763035662,509.8942087057294,5166.045971741391,5303.525208383083,0.025922236859435177,1,1036.5423753317418,29.93375949741337
2025-09-03 16:30:00+00:00,4656.151763035662,510.51302031804335,5166.664783353705,5303.525208383083,0.025805557558781334,1,1036.5423753317418,29.93375949741337
2025-09-03 17:30:00+00:00,4656.151763035662,509.0917215618465,5165.2434845975085,5303.525208383083,0.026073548885371056,1,1036.5423753317418,29.93375949741337
2025-09-03 18:30:00+00:00,4656.151763035662,509.27539709341636,5165.427160129078,5303.525208383083,0.0260389161600888,1,1036.5423753317418,29.93375949741337
2025-09-03 19:30:00+00:00,4656.151763035662,512.1740017281254,5168.325764763787,5303.525208383083,0.02549237314938957,1,1036.5423753317418,29.93375949741337
2025-09-04 13:30:00+00:00,5160.367436203048,0.0,5160.367436203048,5303.525208383083,0.02699294649410755,0,0.0,0.0
2025-09-04 14:30:00+00:00,5160.367436203048,0.0,5160.367436203048,5303.525208383083,0.02699294649410755,0,0.0,0.0
2025-09-04 15:30:00+00:00,5160.367436203048,0.0,5160.367436203048,5303.525208383083,0.02699294649410755,0,0.0,0.0
2025-09-04 16:30:00+00:00,5160.367436203048,0.0,5160.367436203048,5303.525208383083,0.02699294649410755,0,0.0,0.0
2025-09-04 17:30:00+00:00,5160.367436203048,0.0,5160.367436203048,5303.525208383083,0.02699294649410755,0,0.0,0.0
2025-09-04 18:30:00+00:00,5160.367436203048,0.0,5160.367436203048,5303.525208383083,0.02699294649410755,0,0.0,0.0
2025-09-04 19:30:00+00:00,5160.367436203048,0.0,5160.367436203048,5303.525208383083,0.02699294649410755,0,0.0,0.0
2025-09-05 13:30:00+00:00,5160.367436203048,0.0,5160.367436203048,5303.525208383083,0.02699294649410755,0,0.0,0.0
2025-09-05 14:30:00+00:00,5160.367436203048,0.0,5160.367436203048,5303.525208383083,0.02699294649410755,0,0.0,0.0
2025-09-05 15:30:00+00:00,5160.367436203048,0.0,5160.367436203048,5303.525208383083,0.02699294649410755,0,0.0,0.0
2025-09-05 16:30:00+00:00,5160.367436203048,0.0,5160.367436203048,5303.525208383083,0.02699294649410755,0,0.0,0.0
2025-09-05 17:30:00+00:00,5160.367436203048,0.0,5160.367436203048,5303.525208383083,0.02699294649410755,0,0.0,0.0
2025-09-05 18:30:00+00:00,5160.367436203048,0.0,5160.367436203048,5303.525208383083,0.02699294649410755,0,0.0,0.0
2025-09-05 19:30:00+00:00,5160.367436203048,0.0,5160.367436203048,5303.525208383083,0.02699294649410755,0,0.0,0.0
2025-09-08 13:30:00+00:00,5160.367436203048,0.0,5160.367436203048,5303.525208383083,0.02699294649410755,0,0.0,0.0
2025-09-08 14:30:00+00:00,5160.367436203048,0.0,5160.367436203048,5303.525208383083,0.02699294649410755,0,0.0,0.0
2025-09-08 15:30:00+00:00,5160.367436203048,0.0,5160.367436203048,5303.525208383083,0.02699294649410755,0,0.0,0.0
2025-09-08 16:30:00+00:00,5160.367436203048,0.0,5160.367436203048,5303.525208383083,0.02699294649410755,0,0.0,0.0
2025-09-08 17:30:00+00:00,5160.367436203048,0.0,5160.367436203048,5303.525208383083,0.02699294649410755,0,0.0,0.0
2025-09-08 18:30:00+00:00,5160.367436203048,0.0,5160.367436203048,5303.525208383083,0.02699294649410755,0,0.0,0.0
2025-09-08 19:30:00+00:00,5160.367436203048,0.0,5160.367436203048,5303.525208383083,0.02699294649410755,0,0.0,0.0
2025-09-09 13:30:00+00:00,5160.367436203048,0.0,5160.367436203048,5303.525208383083,0.02699294649410755,0,0.0,0.0
2025-09-09 14:30:00+00:00,5160.367436203048,0.0,5160.367436203048,5303.525208383083,0.02699294649410755,0,0.0,0.0
2025-09-09 15:30:00+00:00,5160.367436203048,0.0,5160.367436203048,5303.525208383083,0.02699294649410755,0,0.0,0.0
2025-09-09 16:30:00+00:00,5160.367436203048,0.0,5160.367436203048,5303.525208383083,0.02699294649410755,0,0.0,0.0
2025-09-09 17:30:00+00:00,5160.367436203048,0.0,5160.367436203048,5303.525208383083,0.02699294649410755,0,0.0,0.0
2025-09-09 18:30:00+00:00,5160.367436203048,0.0,5160.367436203048,5303.525208383083,0.02699294649410755,0,0.0,0.0
2025-09-09 19:30:00+00:00,5160.367436203048,0.0,5160.367436203048,5303.525208383083,0.02699294649410755,0,0.0,0.0
2025-09-10 13:30:00+00:00,5160.367436203048,0.0,5160.367436203048,5303.525208383083,0.02699294649410755,0,0.0,0.0
2025-09-10 14:30:00+00:00,5160.367436203048,0.0,5160.367436203048,5303.525208383083,0.02699294649410755,0,0.0,0.0
2025-09-10 15:30:00+00:00,5160.367436203048,0.0,5160.367436203048,5303.525208383083,0.02699294649410755,0,0.0,0.0
2025-09-10 16:30:00+00:00,5160.367436203048,0.0,5160.367436203048,5303.525208383083,0.02699294649410755,0,0.0,0.0
2025-09-10 17:30:00+00:00,5160.367436203048,0.0,5160.367436203048,5303.525208383083,0.02699294649410755,0,0.0,0.0
2025-09-10 18:30:00+00:00,5160.367436203048,0.0,5160.367436203048,5303.525208383083,0.02699294649410755,0,0.0,0.0
2025-09-10 19:30:00+00:00,5160.367436203048,0.0,5160.367436203048,5303.525208383083,0.02699294649410755,0,0.0,0.0
2025-09-11 13:30:00+00:00,5160.367436203048,0.0,5160.367436203048,5303.525208383083,0.02699294649410755,0,0.0,0.0
2025-09-11 14:30:00+00:00,5160.367436203048,0.0,5160.367436203048,5303.525208383083,0.02699294649410755,0,0.0,0.0
2025-09-11 15:30:00+00:00,5160.367436203048,0.0,5160.367436203048,5303.525208383083,0.02699294649410755,0,0.0,0.0
2025-09-11 16:30:00+00:00,5160.367436203048,0.0,5160.367436203048,5303.525208383083,0.02699294649410755,0,0.0,0.0
2025-09-11 17:30:00+00:00,5160.367436203048,0.0,5160.367436203048,5303.525208383083,0.02699294649410755,0,0.0,0.0
2025-09-11 18:30:00+00:00,5160.367436203048,0.0,5160.367436203048,5303.525208383083,0.02699294649410755,0,0.0,0.0
2025-09-11 19:30:00+00:00,5160.367436203048,0.0,5160.367436203048,5303.525208383083,0.02699294649410755,0,0.0,0.0
2025-09-12 13:30:00+00:00,5160.367436203048,0.0,5160.367436203048,5303.525208383083,0.02699294649410755,0,0.0,0.0
2025-09-12 14:30:00+00:00,5160.367436203048,0.0,5160.367436203048,5303.525208383083,0.02699294649410755,0,0.0,0.0
2025-09-12 15:30:00+00:00,5160.367436203048,0.0,5160.367436203048,5303.525208383083,0.02699294649410755,0,0.0,0.0
2025-09-12 16:30:00+00:00,5160.367436203048,0.0,5160.367436203048,5303.525208383083,0.02699294649410755,0,0.0,0.0
2025-09-12 17:30:00+00:00,5160.367436203048,0.0,5160.367436203048,5303.525208383083,0.02699294649410755,0,0.0,0.0
2025-09-12 18:30:00+00:00,5160.367436203048,0.0,5160.367436203048,5303.525208383083,0.02699294649410755,0,0.0,0.0
2025-09-12 19:30:00+00:00,5160.367436203048,0.0,5160.367436203048,5303.525208383083,0.02699294649410755,0,0.0,0.0
2025-09-15 13:30:00+00:00,5160.367436203048,0.0,5160.367436203048,5303.525208383083,0.02699294649410755,0,0.0,0.0
2025-09-15 14:30:00+00:00,4953.849531406202,207.86488698088306,5161.714418387085,5303.525208383083,0.0267389678419635,1,1032.0734872406097,38.254071325836094
2025-09-15 15:30:00+00:00,4953.849531406202,207.23749126403072,5161.087022670233,5303.525208383083,0.026857265708420397,1,1032.0734872406097,38.254071325836094
2025-09-15 16:30:00+00:00,4953.849531406202,205.82500866792543,5159.674540074127,5303.525208383083,0.027123594714243304,1,1032.0734872406097,38.254071325836094
2025-09-15 17:30:00+00:00,4953.849531406202,204.24803426879225,5158.097565674994,5303.525208383083,0.02742093927982403,1,1032.0734872406097,38.254071325836094
2025-09-15 18:30:00+00:00,4644.072674210933,517.052137895118,5161.124812106051,5303.525208383083,0.026850140365495934,1,1032.0734872406097,38.254071325836094
2025-09-15 19:30:00+00:00,4644.072674210933,521.7757454880611,5165.848419698994,5303.525208383083,0.025959486054005776,1,1032.0734872406097,38.254071325836094
2025-09-16 13:30:00+00:00,4653.60313266007,522.452407306746,5176.055539966816,5303.525208383083,0.024034894416035013,1,1032.0734872406097,38.254071325836094
2025-09-16 14:30:00+00:00,4653.60313266007,515.3656672596826,5168.968799919752,5303.525208383083,0.02537112640676098,1,1032.0734872406097,38.254071325836094
2025-09-16 15:30:00+00:00,4653.60313266007,511.7194462710686,5165.322578931138,5303.525208383083,0.02605863534569286,1,1032.0734872406097,38.254071325836094
2025-09-16 16:30:00+00:00,4653.60313266007,514.8264710752392,5168.429603735309,5303.525208383083,0.02547279391342072,1,1032.0734872406097,38.254071325836094
2025-09-16 17:30:00+00:00,4653.60313266007,514.6410822106782,5168.244214870748,5303.525208383083,0.025507749694203663,1,1032.0734872406097,38.254071325836094
2025-09-16 18:30:00+00:00,4653.60313266007,515.9049148696085,5169.508047529678,5303.525208383083,0.0252694492036295,1,1032.0734872406097,38.254071325836094
2025-09-16 19:30:00+00:00,4653.60313266007,516.6226089039528,5170.225741564022,5303.525208383083,0.025134125243405858,1,1032.0734872406097,38.254071325836094
2025-09-17 13:30:00+00:00,5160.635082455628,0.0,5160.635082455628,5303.525208383083,0.026942480767620958,0,0.0,0.0
2025-09-17 14:30:00+00:00,5160.635082455628,0.0,5160.635082455628,5303.525208383083,0.026942480767620958,0,0.0,0.0
2025-09-17 15:30:00+00:00,5160.635082455628,0.0,5160.635082455628,5303.525208383083,0.026942480767620958,0,0.0,0.0
2025-09-17 16:30:00+00:00,5160.635082455628,0.0,5160.635082455628,5303.525208383083,0.026942480767620958,0,0.0,0.0
2025-09-17 17:30:00+00:00,5160.635082455628,0.0,5160.635082455628,5303.525208383083,0.026942480767620958,0,0.0,0.0
2025-09-17 18:30:00+00:00,5160.635082455628,0.0,5160.635082455628,5303.525208383083,0.026942480767620958,0,0.0,0.0
2025-09-17 19:30:00+00:00,5160.635082455628,0.0,5160.635082455628,5303.525208383083,0.026942480767620958,0,0.0,0.0
2025-09-18 13:30:00+00:00,5160.635082455628,0.0,5160.635082455628,5303.525208383083,0.026942480767620958,0,0.0,0.0
2025-09-18 14:30:00+00:00,5160.635082455628,0.0,5160.635082455628,5303.525208383083,0.026942480767620958,0,0.0,0.0
2025-09-18 15:30:00+00:00,5160.635082455628,0.0,5160.635082455628,5303.525208383083,0.026942480767620958,0,0.0,0.0
2025-09-18 16:30:00+00:00,5160.635082455628,0.0,5160.635082455628,5303.525208383083,0.026942480767620958,0,0.0,0.0
2025-09-18 17:30:00+00:00,5160.635082455628,0.0,5160.635082455628,5303.525208383083,0.026942480767620958,0,0.0,0.0
2025-09-18 18:30:00+00:00,5160.635082455628,0.0,5160.635082455628,5303.525208383083,0.026942480767620958,0,0.0,0.0
2025-09-18 19:30:00+00:00,5160.635082455628,0.0,5160.635082455628,5303.525208383083,0.026942480767620958,0,0.0,0.0
2025-09-19 13:30:00+00:00,5160.635082455628,0.0,5160.635082455628,5303.525208383083,0.026942480767620958,0,0.0,0.0
2025-09-19 14:30:00+00:00,5160.635082455628,0.0,5160.635082455628,5303.525208383083,0.026942480767620958,0,0.0,0.0
2025-09-19 15:30:00+00:00,5160.635082455628,0.0,5160.635082455628,5303.525208383083,0.026942480767620958,0,0.0,0.0
2025-09-19 16:30:00+00:00,5160.635082455628,0.0,5160.635082455628,5303.525208383083,0.026942480767620958,0,0.0,0.0
2025-09-19 17:30:00+00:00,5160.635082455628,0.0,5160.635082455628,5303.525208383083,0.026942480767620958,0,0.0,0.0
2025-09-19 18:30:00+00:00,5160.635082455628,0.0,5160.635082455628,5303.525208383083,0.026942480767620958,0,0.0,0.0
2025-09-19 19:30:00+00:00,5160.635082455628,0.0,5160.635082455628,5303.525208383083,0.026942480767620958,0,0.0,0.0
2025-09-22 13:30:00+00:00,5160.635082455628,0.0,5160.635082455628,5303.525208383083,0.026942480767620958,0,0.0,0.0
2025-09-22 14:30:00+00:00,5160.635082455628,0.0,5160.635082455628,5303.525208383083,0.026942480767620958,0,0.0,0.0
2025-09-22 15:30:00+00:00,5160.635082455628,0.0,5160.635082455628,5303.525208383083,0.026942480767620958,0,0.0,0.0
2025-09-22 16:30:00+00:00,5160.635082455628,0.0,5160.635082455628,5303.525208383083,0.026942480767620958,0,0.0,0.0
2025-09-22 17:30:00+00:00,5160.635082455628,0.0,5160.635082455628,5303.525208383083,0.026942480767620958,0,0.0,0.0
2025-09-22 18:30:00+00:00,5160.635082455628,0.0,5160.635082455628,5303.525208383083,0.026942480767620958,0,0.0,0.0
2025-09-22 19:30:00+00:00,5160.635082455628,0.0,5160.635082455628,5303.525208383083,0.026942480767620958,0,0.0,0.0
2025-09-23 13:30:00+00:00,5160.635082455628,0.0,5160.635082455628,5303.525208383083,0.026942480767620958,0,0.0,0.0
2025-09-23 14:30:00+00:00,5160.635082455628,0.0,5160.635082455628,5303.525208383083,0.026942480767620958,0,0.0,0.0
2025-09-23 15:30:00+00:00,5160.635082455628,0.0,5160.635082455628,5303.525208383083,0.026942480767620958,0,0.0,0.0
2025-09-23 16:30:00+00:00,5160.635082455628,0.0,5160.635082455628,5303.525208383083,0.026942480767620958,0,0.0,0.0
2025-09-23 17:30:00+00:00,5160.635082455628,0.0,5160.635082455628,5303.525208383083,0.026942480767620958,0,0.0,0.0
2025-09-23 18:30:00+00:00,5160.635082455628,0.0,5160.635082455628,5303.525208383083,0.026942480767620958,0,0.0,0.0
2025-09-23 19:30:00+00:00,5160.635082455628,0.0,5160.635082455628,5303.525208383083,0.026942480767620958,0,0.0,0.0
2025-09-24 13:30:00+00:00,5160.635082455628,0.0,5160.635082455628,5303.525208383083,0.026942480767620958,0,0.0,0.0
2025-09-24 14:30:00+00:00,5160.635082455628,0.0,5160.635082455628,5303.525208383083,0.026942480767620958,0,0.0,0.0
2025-09-24 15:30:00+00:00,5160.635082455628,0.0,5160.635082455628,5303.525208383083,0.026942480767620958,0,0.0,0.0
2025-09-24 16:30:00+00:00,5160.635082455628,0.0,5160.635082455628,5303.525208383083,0.026942480767620958,0,0.0,0.0
2025-09-24 17:30:00+00:00,5160.635082455628,0.0,5160.635082455628,5303.525208383083,0.026942480767620958,0,0.0,0.0
2025-09-24 18:30:00+00:00,5160.635082455628,0.0,5160.635082455628,5303.525208383083,0.026942480767620958,0,0.0,0.0
2025-09-24 19:30:00+00:00,4954.106466455754,206.45093117996748,5160.557397635722,5303.525208383083,0.02695712853808574,1,1032.1270164911257,21.659929601795096
2025-09-25 13:30:00+00:00,5154.357362991816,0.0,5154.357362991816,5303.525208383083,0.02812616882738339,0,0.0,0.0
2025-09-25 14:30:00+00:00,5154.357362991816,0.0,5154.357362991816,5303.525208383083,0.02812616882738339,0,0.0,0.0
2025-09-25 15:30:00+00:00,5154.357362991816,0.0,5154.357362991816,5303.525208383083,0.02812616882738339,0,0.0,0.0
2025-09-25 16:30:00+00:00,5154.357362991816,0.0,5154.357362991816,5303.525208383083,0.02812616882738339,0,0.0,0.0
2025-09-25 17:30:00+00:00,5154.357362991816,0.0,5154.357362991816,5303.525208383083,0.02812616882738339,0,0.0,0.0
2025-09-25 18:30:00+00:00,5154.357362991816,0.0,5154.357362991816,5303.525208383083,0.02812616882738339,0,0.0,0.0
2025-09-25 19:30:00+00:00,5154.357362991816,0.0,5154.357362991816,5303.525208383083,0.02812616882738339,0,0.0,0.0
2025-09-26 13:30:00+00:00,5154.357362991816,0.0,5154.357362991816,5303.525208383083,0.02812616882738339,0,0.0,0.0
2025-09-26 14:30:00+00:00,4741.806725205585,412.6115304636951,5154.41825566928,5303.525208383083,0.028114687279719996,2,2061.7223277672747,53.40810577327638
2025-09-26 15:30:00+00:00,4741.806725205585,413.0247026571733,5154.831427862759,5303.525208383083,0.02803678207945337,2,2061.7223277672747,53.40810577327638
2025-09-26 16:30:00+00:00,4741.806725205585,414.18418210548043,5155.990907311066,5303.525208383083,0.027818157786601128,2,2061.7223277672747,53.40810577327638
2025-09-26 17:30:00+00:00,4741.806725205585,412.41125393203674,5154.217979137622,5303.525208383083,0.02815245018718049,2,2061.7223277672747,53.40810577327638
2025-09-26 18:30:00+00:00,4741.806725205585,412.60322488739985,5154.409950092985,5303.525208383083,0.028116253327955643,2,2061.7223277672747,53.40810577327638
2025-09-26 19:30:00+00:00,4741.806725205585,411.91832011450333,5153.725045320089,5303.525208383083,0.02824539474729204,2,2061.7223277672747,53.40810577327638
2025-09-29 13:30:00+00:00,4741.806725205585,416.47086419344305,5158.277589399028,5303.525208383083,0.027386995116845503,2,2061.7223277672747,53.40810577327638
2025-09-29 14:30:00+00:00,4741.806725205585,414.00517875800506,5155.81190396359,5303.525208383083,0.027851909553669674,2,2061.7223277672747,53.40810577327638
2025-09-29 15:30:00+00:00,4741.806725205585,414.505820170878,5156.312545376463,5303.525208383083,0.027757511696922976,2,2061.7223277672747,53.40810577327638
2025-09-29 16:30:00+00:00,4741.806725205585,409.9513162270696,5151.758041432655,5303.525208383083,0.028616280867400312,2,2061.7223277672747,53.40810577327638
2025-09-29 17:30:00+00:00,4741.806725205585,410.0415059666984,5151.848231172284,5303.525208383083,0.02859927524640571,2,2061.7223277672747,53.40810577327638
2025-09-29 18:30:00+00:00,4741.806725205585,406.33804353566484,5148.14476874125,5303.525208383083,0.029297577278642684,2,2061.7223277672747,53.40810577327638
2025-09-29 19:30:00+00:00,4741.806725205585,407.4810860675807,5149.287811273166,5303.525208383083,0.029082052229358668,2,2061.7223277672747,53.40810577327638
2025-09-30 13:30:00+00:00,5143.268738182185,0.0,5143.268738182185,5303.525208383083,0.0302169715244468,0,0.0,0.0
2025-09-30 14:30:00+00:00,5143.268738182185,0.0,5143.268738182185,5303.525208383083,0.0302169715244468,0,0.0,0.0
2025-09-30 15:30:00+00:00,5143.268738182185,0.0,5143.268738182185,5303.525208383083,0.0302169715244468,0,0.0,0.0
2025-09-30 16:30:00+00:00,5143.268738182185,0.0,5143.268738182185,5303.525208383083,0.0302169715244468,0,0.0,0.0
2025-09-30 17:30:00+00:00,5143.268738182185,0.0,5143.268738182185,5303.525208383083,0.0302169715244468,0,0.0,0.0
2025-09-30 18:30:00+00:00,5143.268738182185,0.0,5143.268738182185,5303.525208383083,0.0302169715244468,0,0.0,0.0
2025-09-30 19:30:00+00:00,5143.268738182185,0.0,5143.268738182185,5303.525208383083,0.0302169715244468,0,0.0,0.0
2025-10-01 13:30:00+00:00,5143.268738182185,0.0,5143.268738182185,5303.525208383083,0.0302169715244468,0,0.0,0.0
2025-10-01 14:30:00+00:00,5143.268738182185,0.0,5143.268738182185,5303.525208383083,0.0302169715244468,0,0.0,0.0
2025-10-01 15:30:00+00:00,5143.268738182185,0.0,5143.268738182185,5303.525208383083,0.0302169715244468,0,0.0,0.0
2025-10-01 16:30:00+00:00,5143.268738182185,0.0,5143.268738182185,5303.525208383083,0.0302169715244468,0,0.0,0.0
2025-10-01 17:30:00+00:00,5143.268738182185,0.0,5143.268738182185,5303.525208383083,0.0302169715244468,0,0.0,0.0
2025-10-01 18:30:00+00:00,5143.268738182185,0.0,5143.268738182185,5303.525208383083,0.0302169715244468,0,0.0,0.0
2025-10-01 19:30:00+00:00,5143.268738182185,0.0,5143.268738182185,5303.525208383083,0.0302169715244468,0,0.0,0.0
2025-10-02 13:30:00+00:00,5143.268738182185,0.0,5143.268738182185,5303.525208383083,0.0302169715244468,0,0.0,0.0
2025-10-02 14:30:00+00:00,5143.268738182185,0.0,5143.268738182185,5303.525208383083,0.0302169715244468,0,0.0,0.0
2025-10-02 15:30:00+00:00,5143.268738182185,0.0,5143.268738182185,5303.525208383083,0.0302169715244468,0,0.0,0.0
2025-10-02 16:30:00+00:00,5143.268738182185,0.0,5143.268738182185,5303.525208383083,0.0302169715244468,0,0.0,0.0
2025-10-02 17:30:00+00:00,5143.268738182185,0.0,5143.268738182185,5303.525208383083,0.0302169715244468,0,0.0,0.0
2025-10-02 18:30:00+00:00,5143.268738182185,0.0,5143.268738182185,5303.525208383083,0.0302169715244468,0,0.0,0.0
2025-10-02 19:30:00+00:00,5143.268738182185,0.0,5143.268738182185,5303.525208383083,0.0302169715244468,0,0.0,0.0
2025-10-03 13:30:00+00:00,5143.268738182185,0.0,5143.268738182185,5303.525208383083,0.0302169715244468,0,0.0,0.0
2025-10-03 14:30:00+00:00,5143.268738182185,0.0,5143.268738182185,5303.525208383083,0.0302169715244468,0,0.0,0.0
2025-10-03 15:30:00+00:00,5143.268738182185,0.0,5143.268738182185,5303.525208383083,0.0302169715244468,0,0.0,0.0
2025-10-03 16:30:00+00:00,5143.268738182185,0.0,5143.268738182185,5303.525208383083,0.0302169715244468,0,0.0,0.0
2025-10-03 17:30:00+00:00,5143.268738182185,0.0,5143.268738182185,5303.525208383083,0.0302169715244468,0,0.0,0.0
2025-10-03 18:30:00+00:00,5143.268738182185,0.0,5143.268738182185,5303.525208383083,0.0302169715244468,0,0.0,0.0
2025-10-03 19:30:00+00:00,5143.268738182185,0.0,5143.268738182185,5303.525208383083,0.0302169715244468,0,0.0,0.0
2025-10-06 13:30:00+00:00,5143.268738182185,0.0,5143.268738182185,5303.525208383083,0.0302169715244468,0,0.0,0.0
2025-10-06 14:30:00+00:00,5143.268738182185,0.0,5143.268738182185,5303.525208383083,0.0302169715244468,0,0.0,0.0
2025-10-06 15:30:00+00:00,5143.268738182185,0.0,5143.268738182185,5303.525208383083,0.0302169715244468,0,0.0,0.0
2025-10-06 16:30:00+00:00,5143.268738182185,0.0,5143.268738182185,5303.525208383083,0.0302169715244468,0,0.0,0.0
2025-10-06 17:30:00+00:00,5143.268738182185,0.0,5143.268738182185,5303.525208383083,0.0302169715244468,0,0.0,0.0
2025-10-06 18:30:00+00:00,5143.268738182185,0.0,5143.268738182185,5303.525208383083,0.0302169715244468,0,0.0,0.0
2025-10-06 19:30:00+00:00,5143.268738182185,0.0,5143.268738182185,5303.525208383083,0.0302169715244468,0,0.0,0.0
2025-10-07 13:30:00+00:00,5143.268738182185,0.0,5143.268738182185,5303.525208383083,0.0302169715244468,0,0.0,0.0
2025-10-07 14:30:00+00:00,4628.684700927057,507.9895838101511,5136.674284737208,5303.525208383083,0.031460380990013914,1,1028.6537476364372,27.793993434901466
2025-10-07 15:30:00+00:00,4628.684700927057,508.6203084400695,5137.305009367126,5303.525208383083,0.031341455444242716,1,1028.6537476364372,27.793993434901466
2025-10-07 16:30:00+00:00,4114.697334739875,1022.8040113533352,5137.5013460932105,5303.525208383083,0.03130443540221972,2,2056.1147495098626,59.41377051845579
2025-10-07 17:30:00+00:00,4114.697334739875,1022.6950874359736,5137.392422175849,5303.525208383083,0.031324973424211144,2,2056.1147495098626,59.41377051845579
2025-10-07 18:30:00+00:00,4114.697334739875,1021.9168626185847,5136.61419735846,5303.525208383083,0.031471710695518684,2,2056.1147495098626,59.41377051845579
2025-10-07 19:30:00+00:00,4114.697334739875,1023.3688810433332,5138.0662157832085,5303.525208383083,0.031197927057712405,2,2056.1147495098626,59.41377051845579
2025-10-08 13:30:00+00:00,3600.709968552694,1545.3573370954296,5146.067305648124,5303.525208383083,0.029689290905240084,2,2056.1147495098626,59.41377051845579
2025-10-08 14:30:00+00:00,3086.1259312975662,2058.6946142438883,5144.8205455414545,5303.525208383083,0.029924372300667024,2,2056.1147495098626,59.41377051845579
2025-10-08 15:30:00+00:00,3086.1259312975662,2058.9935567346665,5145.119488032233,5303.525208383083,0.02986800554854796,2,2056.1147495098626,59.41377051845579
2025-10-08 16:30:00+00:00,3086.1259312975662,2059.6747368096994,5145.800668107266,5303.525208383083,0.029739566435266096,2,2056.1147495098626,59.41377051845579
2025-10-08 17:30:00+00:00,3086.1259312975662,2062.7440156649345,5148.869946962501,5303.525208383083,0.029160842146299992,2,2056.1147495098626,59.41377051845579
2025-10-08 18:30:00+00:00,3086.1259312975662,2066.385829158072,5152.511760455638,5303.525208383083,0.0284741642575288,2,2056.1147495098626,59.41377051845579
2025-10-08 19:30:00+00:00,3086.1259312975662,2067.372386471393,5153.498317768959,5303.525208383083,0.028288145095828332,2,2056.1147495098626,59.41377051845579
2025-10-09 13:30:00+00:00,3613.3146456905074,1575.6134075734367,5188.928053263944,5303.525208383083,0.021607732709179817,2,2056.1147495098626,59.41377051845579
2025-10-09 14:30:00+00:00,3613.3146456905074,1569.9957851757076,5183.310430866215,5303.525208383083,0.02266695693778331,2,2056.1147495098626,59.41377051845579
2025-10-09 15:30:00+00:00,3613.3146456905074,1571.7820947362338,5185.096740426741,5303.525208383083,0.022330141425395023,2,2056.1147495098626,59.41377051845579
2025-10-09 16:30:00+00:00,3613.3146456905074,1568.3950256823268,5181.709671372834,5303.525208383083,0.022968786274023767,2,2056.1147495098626,59.41377051845579
2025-10-09 17:30:00+00:00,3613.3146456905074,1565.5747571650732,5178.889402855581,5303.525208383083,0.023500558709609765,2,2056.1147495098626,59.41377051845579
2025-10-09 18:30:00+00:00,3613.3146456905074,1566.925510759676,5180.240156450183,5303.525208383083,0.023245868943552406,2,2056.1147495098626,59.41377051845579
2025-10-09 19:30:00+00:00,3613.3146456905074,1566.9893242602834,5180.303969950791,5303.525208383083,0.023233836663493324,2,2056.1147495098626,59.41377051845579
2025-10-10 13:30:00+00:00,3613.3146456905074,1574.311235041659,5187.6258807321665,5303.525208383083,0.021853262329689427,2,2056.1147495098626,59.41377051845579
2025-10-10 14:30:00+00:00,3613.3146456905074,1558.3138579205074,5171.628503611015,5303.525208383083,0.024869629084365186,2,2056.1147495098626,59.41377051845579
2025-10-10 15:30:00+00:00,4126.633597200589,1043.0450666853267,5169.678663885916,5303.525208383083,0.025237278835895993,1,1027.4610018734254,31.61977708355433
2025-10-10 16:30:00+00:00,4126.633597200589,1041.9818078026865,5168.615405003276,5303.525208383083,0.025437760372395424,1,1027.4610018734254,31.61977708355433
2025-10-10 17:30:00+00:00,4126.633597200589,1037.3200249411075,5163.9536221416965,5303.525208383083,0.026316757393887835,1,1027.4610018734254,31.61977708355433
2025-10-10 18:30:00+00:00,4126.633597200589,1036.938316666182,5163.571913866771,5303.525208383083,0.026388729951748457,1,1027.4610018734254,31.61977708355433
2025-10-10 19:30:00+00:00,4126.633597200589,1039.7735904894598,5166.407187690049,5303.525208383083,0.025854128208214533,1,1027.4610018734254,31.61977708355433
2025-10-13 13:30:00+00:00,4126.633597200589,1032.4673879420661,5159.100985142655,5303.525208383083,0.027231740694310558,1,1027.4610018734254,31.61977708355433
2025-10-13 14:30:00+00:00,5163.925413251242,0.0,5163.925413251242,5303.525208383083,0.02632207628827332,0,0.0,0.0
2025-10-13 15:30:00+00:00,5163.925413251242,0.0,5163.925413251242,5303.525208383083,0.02632207628827332,0,0.0,0.0
2025-10-13 16:30:00+00:00,5163.925413251242,0.0,5163.925413251242,5303.525208383083,0.02632207628827332,0,0.0,0.0
2025-10-13 17:30:00+00:00,5163.925413251242,0.0,5163.925413251242,5303.525208383083,0.02632207628827332,0,0.0,0.0
2025-10-13 18:30:00+00:00,5163.925413251242,0.0,5163.925413251242,5303.525208383083,0.02632207628827332,0,0.0,0.0
2025-10-13 19:30:00+00:00,5163.925413251242,0.0,5163.925413251242,5303.525208383083,0.02632207628827332,0,0.0,0.0
2025-10-14 13:30:00+00:00,5163.925413251242,0.0,5163.925413251242,5303.525208383083,0.02632207628827332,0,0.0,0.0
2025-10-14 14:30:00+00:00,5163.925413251242,0.0,5163.925413251242,5303.525208383083,0.02632207628827332,0,0.0,0.0
2025-10-14 15:30:00+00:00,5163.925413251242,0.0,5163.925413251242,5303.525208383083,0.02632207628827332,0,0.0,0.0
2025-10-14 16:30:00+00:00,5163.925413251242,0.0,5163.925413251242,5303.525208383083,0.02632207628827332,0,0.0,0.0
2025-10-14 17:30:00+00:00,5163.925413251242,0.0,5163.925413251242,5303.525208383083,0.02632207628827332,0,0.0,0.0
2025-10-14 18:30:00+00:00,5163.925413251242,0.0,5163.925413251242,5303.525208383083,0.02632207628827332,0,0.0,0.0
2025-10-14 19:30:00+00:00,5163.925413251242,0.0,5163.925413251242,5303.525208383083,0.02632207628827332,0,0.0,0.0
2025-10-15 13:30:00+00:00,5163.925413251242,0.0,5163.925413251242,5303.525208383083,0.02632207628827332,0,0.0,0.0
2025-10-15 14:30:00+00:00,4705.408643623577,456.6193464244443,5162.027990048021,5303.525208383083,0.02667984270375534,1,916.5752516295177,51.63925413251243
2025-10-15 15:30:00+00:00,4705.408643623577,454.1153134713895,5159.523957094966,5303.525208383083,0.027151987711965475,1,916.5752516295177,51.63925413251243
2025-10-15 16:30:00+00:00,4705.408643623577,450.3181126056743,5155.726756229251,5303.525208383083,0.027867964485246977,1,916.5752516295177,51.63925413251243
2025-10-15 17:30:00+00:00,4705.408643623577,454.25729048829544,5159.665934111872,5303.525208383083,0.027125217401402724,1,916.5752516295177,51.63925413251243
2025-10-15 18:30:00+00:00,4705.408643623577,454.01813768539705,5159.426781308974,5303.525208383083,0.02717031057877095,1,916.5752516295177,51.63925413251243
2025-10-15 19:30:00+00:00,4705.408643623577,453.8536688081649,5159.2623124317415,5303.525208383083,0.027201321815782165,1,916.5752516295177,51.63925413251243
2025-10-16 13:30:00+00:00,4705.408643623577,464.5575588240645,5169.966202447641,5303.525208383083,0.025183062338297146,1,916.5752516295177,51.63925413251243
2025-10-16 14:30:00+00:00,4246.891873995911,911.3648828287423,5158.256756824653,5303.525208383083,0.027390923178569837,1,916.5752516295177,51.63925413251243
2025-10-16 15:30:00+00:00,4246.891873995911,903.9544608776341,5150.846334873545,5303.525208383083,0.028788186632582424,1,916.5752516295177,51.63925413251243
2025-10-16 16:30:00+00:00,4246.891873995911,942.4527431737852,5189.344617169696,5303.525208383083,0.021529187988567622,1,916.5752516295177,51.63925413251243
2025-10-16 17:30:00+00:00,4246.891873995911,936.5959936462777,5183.487867642189,5303.525208383083,0.022633500553774222,1,916.5752516295177,51.63925413251243
2025-10-16 18:30:00+00:00,4246.891873995911,929.3935014857152,5176.285375481626,5303.525208383083,0.02399155804903752,1,916.5752516295177,51.63925413251243
2025-10-16 19:30:00+00:00,4246.891873995911,929.7350356839606,5176.6269096798715,5303.525208383083,0.02392716046727339,1,916.5752516295177,51.63925413251243
2025-10-17 13:30:00+00:00,5109.926768944186,0.0,5109.926768944186,5303.525208383083,0.03650372758347287,0,0.0,0.0
2025-10-17 14:30:00+00:00,5109.926768944186,0.0,5109.926768944186,5303.525208383083,0.03650372758347287,0,0.0,0.0
2025-10-17 15:30:00+00:00,5109.926768944186,0.0,5109.926768944186,5303.525208383083,0.03650372758347287,0,0.0,0.0
2025-10-17 16:30:00+00:00,5109.926768944186,0.0,5109.926768944186,5303.525208383083,0.03650372758347287,0,0.0,0.0
2025-10-17 17:30:00+00:00,5109.926768944186,0.0,5109.926768944186,5303.525208383083,0.03650372758347287,0,0.0,0.0
2025-10-17 18:30:00+00:00,4905.427499651039,203.90370285581503,5109.331202506854,5303.525208383083,0.03661602391731322,1,1021.9853537888372,31.19040250058388
2025-10-17 19:30:00+00:00,4905.427499651039,204.0146389155343,5109.442138566574,5303.525208383083,0.036595106498170216,1,1021.9853537888372,31.19040250058388
2025-10-20 13:30:00+00:00,4905.427499651039,206.108436769935,5111.535936420974,5303.525208383083,0.036200312889743236,1,1021.9853537888372,31.19040250058388
2025-10-20 14:30:00+00:00,4905.427499651039,206.2625106710575,5111.690010322097,5303.525208383083,0.03617126166530882,1,1021.9853537888372,31.19040250058388
2025-10-20 15:30:00+00:00,4905.427499651039,203.86575010811157,5109.293249759151,5303.525208383083,0.03662318005331944,1,1021.9853537888372,31.19040250058388
2025-10-20 16:30:00+00:00,4905.427499651039,204.69775273781124,5110.125252388851,5303.525208383083,0.03646630276943574,1,1021.9853537888372,31.19040250058388
2025-10-20 17:30:00+00:00,4905.427499651039,204.2452597669544,5109.672759417994,5303.525208383083,0.03655162205294582,1,1021.9853537888372,31.19040250058388
2025-10-20 18:30:00+00:00,4905.427499651039,203.50503864120765,5108.932538292247,5303.525208383083,0.036691193582572335,1,1021.9853537888372,31.19040250058388
2025-10-20 19:30:00+00:00,4905.427499651039,203.86282792472048,5109.29032757576,5303.525208383083,0.03662373104219496,1,1021.9853537888372,31.19040250058388
2025-10-21 13:30:00+00:00,4905.427499651039,199.57945943709092,5105.00695908813,5303.525208383083,0.037431376583477394,1,1021.9853537888372,31.19040250058388
2025-10-21 14:30:00+00:00,4905.427499651039,200.79752882007142,5106.225028471111,5303.525208383083,0.037201704933938484,1,1021.9853537888372,31.19040250058388
2025-10-21 15:30:00+00:00,4905.427499651039,201.09530643491598,5106.522806085955,5303.525208383083,0.03714555782364026,1,1021.9853537888372,31.19040250058388
2025-10-21 16:30:00+00:00,4905.427499651039,199.6589820253539,5105.086481676393,5303.525208383083,0.037416382294747086,1,1021.9853537888372,31.19040250058388
2025-10-21 17:30:00+00:00,4905.427499651039,199.69985695644846,5105.127356607488,5303.525208383083,0.037408675169865346,1,1021.9853537888372,31.19040250058388
2025-10-21 18:30:00+00:00,4905.427499651039,199.86579777304996,5105.293297424089,5303.525208383083,0.037377386393045886,1,1021.9853537888372,31.19040250058388
2025-10-21 19:30:00+00:00,4905.427499651039,200.07354006669902,5105.501039717738,5303.525208383083,0.03733821578755481,1,1021.9853537888372,31.19040250058388
2025-10-22 13:30:00+00:00,5103.4874104135615,0.0,5103.4874104135615,5303.525208383083,0.03771789330864861,0,0.0,0.0
2025-10-22 14:30:00+00:00,4695.008362915383,407.8115793029783,5102.819942218362,5303.525208383083,0.037843746994447036,2,2041.374550215783,64.61455297785521
2025-10-22 15:30:00+00:00,4082.289791668116,1017.7508151427155,5100.040606810831,5303.525208383083,0.038367801335347895,2,2041.374550215783,64.61455297785521
2025-10-22 16:30:00+00:00,4082.289791668116,1014.5084507521187,5096.798242420235,5303.525208383083,0.03897916156523262,2,2041.374550215783,64.61455297785521
2025-10-22 17:30:00+00:00,4082.289791668116,1016.2993143247677,5098.589105992884,5303.525208383083,0.03864148737640849,2,2041.374550215783,64.61455297785521
2025-10-22 18:30:00+00:00,4082.289791668116,1018.3077446126972,5100.597536280813,5303.525208383083,0.03826279014974976,2,2041.374550215783,64.61455297785521
2025-10-22 19:30:00+00:00,4082.289791668116,1018.7120039201218,5101.001795588238,5303.525208383083,0.038186565508300796,2,2041.374550215783,64.61455297785521
2025-10-23 13:30:00+00:00,4082.289791668116,1027.1575412127577,5109.447332880874,5303.525208383083,0.036594127090305406,2,2041.374550215783,64.61455297785521
2025-10-23 14:30:00+00:00,3061.09217292267,2049.5178525821448,5110.610025504815,5303.525208383083,0.036374896940875145,2,2041.374550215783,64.61455297785521
2025-10-23 15:30:00+00:00,3061.09217292267,2053.445083351975,5114.537256274645,5303.525208383083,0.03563440253092631,2,2041.374550215783,64.61455297785521
2025-10-23 16:30:00+00:00,3061.09217292267,2047.422590734538,5108.514763657208,5303.525208383083,0.03676996659083076,2,2041.374550215783,64.61455297785521
2025-10-23 17:30:00+00:00,3061.09217292267,2053.3725454855885,5114.464718408259,5303.525208383083,0.03564807982358287,2,2041.374550215783,64.61455297785521
2025-10-23 18:30:00+00:00,3061.09217292267,2046.2349535487483,5107.3271264714185,5303.525208383083,0.03699390013297976,2,2041.374550215783,64.61455297785521
2025-10-23 19:30:00+00:00,3061.09217292267,2041.4831830952753,5102.5753560179455,5303.525208383083,0.03788986465973676,2,2041.374550215783,64.61455297785521
2025-10-24 13:30:00+00:00,4113.646008072542,1050.2349465885372,5163.880954661079,5303.525208383083,0.02633045912580434,2,2041.374550215783,64.61455297785521
2025-10-24 14:30:00+00:00,4113.646008072542,1050.5791492420494,5164.225157314591,5303.525208383083,0.02626555839657463,2,2041.374550215783,64.61455297785521
2025-10-24 15:30:00+00:00,4113.646008072542,1051.2840430882852,5164.930051160827,5303.525208383083,0.02613264796086634,2,2041.374550215783,64.61455297785521
2025-10-24 16:30:00+00:00,4113.646008072542,1052.9054013664127,5166.551409438955,5303.525208383083,0.025826934644831878,2,2041.374550215783,64.61455297785521
2025-10-24 17:30:00+00:00,4113.646008072542,1053.7615226187654,5167.407530691307,5303.525208383083,0.025665509702229694,2,2041.374550215783,64.61455297785521
2025-10-24 18:30:00+00:00,4113.646008072542,1050.8188152743487,5164.464823346891,5303.525208383083,0.026220368447836262,2,2041.374550215783,64.61455297785521
2025-10-24 19:30:00+00:00,4113.646008072542,1048.163233902501,5161.809241975043,5303.525208383083,0.026721088491110545,2,2041.374550215783,64.61455297785521
2025-10-27 13:30:00+00:00,4113.646008072542,1068.8174152502334,5182.463423322775,5303.525208383083,0.02282666345564832,2,2041.374550215783,64.61455297785521
2025-10-27 14:30:00+00:00,4113.646008072542,1074.5271536452956,5188.1731617178375,5303.525208383083,0.021750070402778987,2,2041.374550215783,64.61455297785521
2025-10-27 15:30:00+00:00,4113.646008072542,1076.5862778200062,5190.232285892548,5303.525208383083,0.021361814649519695,2,2041.374550215783,64.61455297785521
2025-10-27 16:30:00+00:00,4113.646008072542,1079.5723948491886,5193.218402921731,5303.525208383083,0.020798770841513936,2,2041.374550215783,64.61455297785521
2025-10-27 17:30:00+00:00,4655.55824998688,541.6791894784701,5197.23743946535,5303.525208383083,0.02004096610113737,1,1020.6974820827123,32.750356776565
2025-10-27 18:30:00+00:00,5198.493648229124,0.0,5198.493648229124,5303.525208383083,0.019804103125207972,0,0.0,0.0
2025-10-27 19:30:00+00:00,5198.493648229124,0.0,5198.493648229124,5303.525208383083,0.019804103125207972,0,0.0,0.0
2025-10-28 13:30:00+00:00,5198.493648229124,0.0,5198.493648229124,5303.525208383083,0.019804103125207972,0,0.0,0.0
2025-10-28 14:30:00+00:00,5198.493648229124,0.0,5198.493648229124,5303.525208383083,0.019804103125207972,0,0.0,0.0
2025-10-28 15:30:00+00:00,5198.493648229124,0.0,5198.493648229124,5303.525208383083,0.019804103125207972,0,0.0,0.0
2025-10-28 16:30:00+00:00,5198.493648229124,0.0,5198.493648229124,5303.525208383083,0.019804103125207972,0,0.0,0.0
2025-10-28 17:30:00+00:00,5198.493648229124,0.0,5198.493648229124,5303.525208383083,0.019804103125207972,0,0.0,0.0
2025-10-28 18:30:00+00:00,5198.493648229124,0.0,5198.493648229124,5303.525208383083,0.019804103125207972,0,0.0,0.0
2025-10-28 19:30:00+00:00,5198.493648229124,0.0,5198.493648229124,5303.525208383083,0.019804103125207972,0,0.0,0.0
2025-10-29 13:30:00+00:00,5198.493648229124,0.0,5198.493648229124,5303.525208383083,0.019804103125207972,0,0.0,0.0
2025-10-29 14:30:00+00:00,5198.493648229124,0.0,5198.493648229124,5303.525208383083,0.019804103125207972,0,0.0,0.0
2025-10-29 15:30:00+00:00,5198.493648229124,0.0,5198.493648229124,5303.525208383083,0.019804103125207972,0,0.0,0.0
2025-10-29 16:30:00+00:00,5198.493648229124,0.0,5198.493648229124,5303.525208383083,0.019804103125207972,0,0.0,0.0
2025-10-29 17:30:00+00:00,4678.384358723801,520.2101614203902,5198.594520144191,5303.525208383083,0.019785083339102782,1,1039.6987296458249,17.254697926053222
2025-10-29 18:30:00+00:00,4678.384358723801,520.7769029376741,5199.161261661475,5303.525208383083,0.019678222054388295,1,1039.6987296458249,17.254697926053222
2025-10-29 19:30:00+00:00,4678.384358723801,518.4172670992775,5196.801625823078,5303.525208383083,0.020123140433331188,1,1039.6987296458249,17.254697926053222
2025-10-30 13:30:00+00:00,4943.050810893782,263.8660520075173,5206.916862901299,5303.525208383083,0.01821587372283595,1,1039.6987296458249,17.254697926053222
2025-10-30 14:30:00+00:00,4943.050810893782,266.33389167218957,5209.384702565972,5303.525208383083,0.01775055309783513,1,1039.6987296458249,17.254697926053222
2025-10-30 15:30:00+00:00,4943.050810893782,266.1638660724584,5209.21467696624,5303.525208383083,0.017782612076165716,1,1039.6987296458249,17.254697926053222
2025-10-30 16:30:00+00:00,4943.050810893782,266.31326345073194,5209.364074344514,5303.525208383083,0.01775444262803383,1,1039.6987296458249,17.254697926053222
2025-10-30 17:30:00+00:00,4943.050810893782,266.5863358213737,5209.637146715156,5303.525208383083,0.01770295378619524,1,1039.6987296458249,17.254697926053222
2025-10-30 18:30:00+00:00,4943.050810893782,264.9840638759906,5208.034874769773,5303.525208383083,0.018005068301056082,1,1039.6987296458249,17.254697926053222
2025-10-30 19:30:00+00:00,4943.050810893782,264.4327935248002,5207.483604418582,5303.525208383083,0.018109012438121574,1,1039.6987296458249,17.254697926053222
2025-10-31 13:30:00+00:00,5203.3965999539,0.0,5203.3965999539,5303.525208383083,0.018879632790453016,0,0.0,0.0
2025-10-31 14:30:00+00:00,5203.3965999539,0.0,5203.3965999539,5303.525208383083,0.018879632790453016,0,0.0,0.0
2025-10-31 15:30:00+00:00,5203.3965999539,0.0,5203.3965999539,5303.525208383083,0.018879632790453016,0,0.0,0.0
2025-10-31 16:30:00+00:00,5203.3965999539,0.0,5203.3965999539,5303.525208383083,0.018879632790453016,0,0.0,0.0
2025-10-31 17:30:00+00:00,5203.3965999539,0.0,5203.3965999539,5303.525208383083,0.018879632790453016,0,0.0,0.0
2025-10-31 18:30:00+00:00,4995.156668023745,208.85269167128263,5204.009359695027,5303.525208383083,0.01876409459330075,1,1040.67931999078,20.591139778859308
2025-10-31 19:30:00+00:00,3745.590861873552,1451.4689805230946,5197.059842396647,5303.525208383083,0.020074452708954804,4,4163.017046904197,99.79059033946922
2025-11-03 14:30:00+00:00,4050.8882030223253,1141.600581702161,5192.488784724486,5303.525208383083,0.02093634314834314,3,3122.2378047384973,76.23075561964856
2025-11-03 15:30:00+00:00,4050.8882030223253,1148.2078283720107,5199.096031394336,5303.525208383083,0.019690521471205535,3,3122.2378047384973,76.23075561964856
2025-11-03 16:30:00+00:00,3530.2883731969378,1669.5473744570427,5199.83574765398,5303.525208383083,0.01955104513601713,3,3122.2378047384973,76.23075561964856
2025-11-03 17:30:00+00:00,3530.2883731969378,1672.6991413037422,5202.98751450068,5303.525208383083,0.018956767420184373,3,3122.2378047384973,76.23075561964856
2025-11-03 18:30:00+00:00,3009.628144098965,2190.2212570662496,5199.849401165215,5303.525208383083,0.019548470714156663,3,3122.2378047384973,76.23075561964856
2025-11-03 19:30:00+00:00,3009.628144098965,2190.7900043862737,5200.418148485239,5303.525208383083,0.019441231227649625,3,3122.2378047384973,76.23075561964856
2025-11-03 20:30:00+00:00,3009.628144098965,2190.916570995815,5200.54471509478,5303.525208383083,0.01941736660844473,3,3122.2378047384973,76.23075561964856
2025-11-04 14:30:00+00:00,4122.634863291327,1024.978901704716,5147.613764996043,5303.525208383083,0.029397700069492716,1,1040.67931999078,20.591139778859308
2025-11-04 15:30:00+00:00,4122.634863291327,1032.2904510164353,5154.925314307762,5303.525208383083,0.02801907943049542,1,1040.67931999078,20.591139778859308
2025-11-04 16:30:00+00:00,4122.634863291327,1033.834487692142,5156.469350983469,5303.525208383083,0.02772794539887702,1,1040.67931999078,20.591139778859308
2025-11-04 17:30:00+00:00,4122.634863291327,1032.335908697939,5154.970771989266,5303.525208383083,0.028010508210464025,1,1040.67931999078,20.591139778859308
2025-11-04 18:30:00+00:00,4122.634863291327,1034.6973520977554,5157.332215389082,5303.525208383083,0.027565249008889237,1,1040.67931999078,20.591139778859308
2025-11-04 19:30:00+00:00,4122.634863291327,1036.786395884781,5159.421259176108,5303.525208383083,0.027171351798082388,1,1040.67931999078,20.591139778859308
2025-11-04 20:30:00+00:00,4122.634863291327,1037.1497108605781,5159.784574151905,5303.525208383083,0.027102847367251548,1,1040.67931999078,20.591139778859308
2025-11-05 14:30:00+00:00,4122.634863291327,1043.4167036311628,5166.05156692249,5303.525208383083,0.02592118186659953,1,1040.67931999078,20.591139778859308
2025-11-05 15:30:00+00:00,4122.634863291327,1041.0552602313464,5163.690123522673,5303.525208383083,0.026366441068174318,1,1040.67931999078,20.591139778859308
2025-11-05 16:30:00+00:00,4122.634863291327,1044.1433335827578,5166.778196874085,5303.525208383083,0.02578417300493785,1,1040.67931999078,20.591139778859308
2025-11-05 17:30:00+00:00,4122.634863291327,1043.4621613126656,5166.097024603992,5303.525208383083,0.025912610646568246,1,1040.67931999078,20.591139778859308
2025-11-05 18:30:00+00:00,3915.885843923457,1244.66232255538,5160.548166478837,5303.525208383083,0.026958869108088312,2,2073.9078025888302,43.63050479201763
2025-11-05 19:30:00+00:00,3709.3599246272347,1449.2825316588865,5158.642456286121,5303.525208383083,0.027318198067193267,3,3106.0213423000846,61.9020123039307
2025-11-05 20:30:00+00:00,3089.4475166310967,2060.8414847235836,5150.28900135468,5303.525208383083,0.028893274003145675,3,3106.0213423000846,61.9020123039307
2025-11-06 14:30:00+00:00,3597.1844539314784,1561.8667394401914,5159.05119337167,5303.525208383083,0.02724112912352117,2,2073.9078025888302,43.63050479201763
2025-11-06 15:30:00+00:00,3080.311905511804,2073.4516310216877,5153.763536533492,5303.525208383083,0.02823813708151479,2,2073.9078025888302,43.63050479201763
2025-11-06 16:30:00+00:00,3080.311905511804,2063.1761273339216,5143.488032845726,5303.525208383083,0.03017562267534668,2,2073.9078025888302,43.63050479201763
2025-11-06 17:30:00+00:00,4116.897606564289,1037.079555111819,5153.977161676108,5303.525208383083,0.028197857242309277,1,1033.22848259805,23.039365013158324
2025-11-06 18:30:00+00:00,4116.897606564289,1042.0416792015076,5158.939285765797,5303.525208383083,0.027262229731414234,1,1033.22848259805,23.039365013158324
2025-11-06 19:30:00+00:00,3600.755467582061,1557.6392160151909,5158.394683597252,5303.525208383083,0.027364916557090835,2,2064.9968763656225,39.20601390380533
2025-11-06 20:30:00+00:00,3600.755467582061,1550.1924115829333,5150.947879164994,5303.525208383083,0.02876904006733394,2,2064.9968763656225,39.20601390380533
2025-11-07 14:30:00+00:00,4109.8244768382665,1038.8308886592931,5148.65536549756,5303.525208383083,0.029201302303744403,1,1033.22848259805,23.039365013158324
2025-11-07 15:30:00+00:00,4109.8244768382665,1031.8256287004633,5141.65010553873,5303.525208383083,0.030522170911619906,1,1033.22848259805,23.039365013158324
2025-11-07 16:30:00+00:00,4109.8244768382665,1031.241801363928,5141.066278202195,5303.525208383083,0.03063225379302348,1,1033.22848259805,23.039365013158324
2025-11-07 17:30:00+00:00,4109.8244768382665,1036.1066085256816,5145.931085363948,5303.525208383083,0.029714975761787943,1,1033.22848259805,23.039365013158324
2025-11-07 18:30:00+00:00,4109.8244768382665,1037.8891191210068,5147.713595959273,5303.525208383083,0.02937887655884508,1,1033.22848259805,23.039365013158324
2025-11-07 19:30:00+00:00,3903.8103318099757,1243.0334409789511,5146.843772788927,5303.525208383083,0.029542885050587775,2,2062.7844297659212,39.93255093403525
2025-11-07 20:30:00+00:00,3697.8414302991473,1449.762782085469,5147.604212384616,5303.525208383083,0.029399501250980786,3,3092.114272398747,54.3556646188854
2025-11-10 14:30:00+00:00,4118.8028921170835,1044.0848893017155,5162.887781418799,5303.525208383083,0.02651772574626088,1,1033.22848259805,23.039365013158324
2025-11-10 15:30:00+00:00,4118.8028921170835,1039.1228394430946,5157.925731560178,5303.525208383083,0.02745333926060367,1,1033.22848259805,23.039365013158324
2025-11-10 16:30:00+00:00,4118.8028921170835,1044.1860662450972,5162.988958362181,5303.525208383083,0.02649864844589811,1,1033.22848259805,23.039365013158324
2025-11-10 17:30:00+00:00,4118.8028921170835,1045.740910160047,5164.54380227713,5303.525208383083,0.0262054766679094,1,1033.22848259805,23.039365013158324
2025-11-10 18:30:00+00:00,4118.8028921170835,1045.88491842869,5164.687810545774,5303.525208383083,0.026178323357048283,1,1033.22848259805,23.039365013158324
2025-11-10 19:30:00+00:00,4118.8028921170835,1042.0416792015067,5160.84457131859,5303.525208383083,0.02690298083979359,1,1033.22848259805,23.039365013158324
2025-11-10 20:30:00+00:00,4118.8028921170835,1039.3173990678952,5158.120291184979,5303.525208383083,0.02741665429783724,1,1033.22848259805,23.039365013158324
2025-11-11 14:30:00+00:00,4118.8028921170835,1045.8362228491897,5164.639114966273,5303.525208383083,0.026187505095153996,1,1033.22848259805,23.039365013158324
2025-11-11 15:30:00+00:00,4118.8028921170835,1047.5875563966638,5166.390448513747,5303.525208383083,0.025857284444047113,1,1033.22848259805,23.039365013158324
2025-11-11 16:30:00+00:00,5167.325382001792,0.0,5167.325382001792,5303.525208383083,0.02568099915241384,0,0.0,0.0
2025-11-11 17:30:00+00:00,5167.325382001792,0.0,5167.325382001792,5303.525208383083,0.02568099915241384,0,0.0,0.0
2025-11-11 18:30:00+00:00,5167.325382001792,0.0,5167.325382001792,5303.525208383083,0.02568099915241384,0,0.0,0.0
2025-11-11 19:30:00+00:00,5167.325382001792,0.0,5167.325382001792,5303.525208383083,0.02568099915241384,0,0.0,0.0
2025-11-11 20:30:00+00:00,5167.325382001792,0.0,5167.325382001792,5303.525208383083,0.02568099915241384,0,0.0,0.0
2025-11-12 14:30:00+00:00,5167.325382001792,0.0,5167.325382001792,5303.525208383083,0.02568099915241384,0,0.0,0.0
2025-11-12 15:30:00+00:00,5167.325382001792,0.0,5167.325382001792,5303.525208383083,0.02568099915241384,0,0.0,0.0
2025-11-12 16:30:00+00:00,5167.325382001792,0.0,5167.325382001792,5303.525208383083,0.02568099915241384,0,0.0,0.0
2025-11-12 17:30:00+00:00,5167.325382001792,0.0,5167.325382001792,5303.525208383083,0.02568099915241384,0,0.0,0.0
2025-11-12 18:30:00+00:00,5167.325382001792,0.0,5167.325382001792,5303.525208383083,0.02568099915241384,0,0.0,0.0
2025-11-12 19:30:00+00:00,5167.325382001792,0.0,5167.325382001792,5303.525208383083,0.02568099915241384,0,0.0,0.0
2025-11-12 20:30:00+00:00,5167.325382001792,0.0,5167.325382001792,5303.525208383083,0.02568099915241384,0,0.0,0.0
2025-11-13 14:30:00+00:00,5167.325382001792,0.0,5167.325382001792,5303.525208383083,0.02568099915241384,0,0.0,0.0
2025-11-13 15:30:00+00:00,5167.325382001792,0.0,5167.325382001792,5303.525208383083,0.02568099915241384,0,0.0,0.0
2025-11-13 16:30:00+00:00,5167.325382001792,0.0,5167.325382001792,5303.525208383083,0.02568099915241384,0,0.0,0.0
2025-11-13 17:30:00+00:00,5167.325382001792,0.0,5167.325382001792,5303.525208383083,0.02568099915241384,0,0.0,0.0
2025-11-13 18:30:00+00:00,5167.325382001792,0.0,5167.325382001792,5303.525208383083,0.02568099915241384,0,0.0,0.0
2025-11-13 19:30:00+00:00,5167.325382001792,0.0,5167.325382001792,5303.525208383083,0.02568099915241384,0,0.0,0.0
2025-11-13 20:30:00+00:00,5167.325382001792,0.0,5167.325382001792,5303.525208383083,0.02568099915241384,0,0.0,0.0
2025-11-14 14:30:00+00:00,5167.325382001792,0.0,5167.325382001792,5303.525208383083,0.02568099915241384,0,0.0,0.0
2025-11-14 15:30:00+00:00,5167.325382001792,0.0,5167.325382001792,5303.525208383083,0.02568099915241384,0,0.0,0.0
2025-11-14 16:30:00+00:00,5167.325382001792,0.0,5167.325382001792,5303.525208383083,0.02568099915241384,0,0.0,0.0
2025-11-14 17:30:00+00:00,5167.325382001792,0.0,5167.325382001792,5303.525208383083,0.02568099915241384,0,0.0,0.0
2025-11-14 18:30:00+00:00,5167.325382001792,0.0,5167.325382001792,5303.525208383083,0.02568099915241384,0,0.0,0.0
2025-11-14 19:30:00+00:00,5167.325382001792,0.0,5167.325382001792,5303.525208383083,0.02568099915241384,0,0.0,0.0
2025-11-14 20:30:00+00:00,5167.325382001792,0.0,5167.325382001792,5303.525208383083,0.02568099915241384,0,0.0,0.0
2025-11-17 14:30:00+00:00,5167.325382001792,0.0,5167.325382001792,5303.525208383083,0.02568099915241384,0,0.0,0.0
2025-11-17 15:30:00+00:00,5167.325382001792,0.0,5167.325382001792,5303.525208383083,0.02568099915241384,0,0.0,0.0
2025-11-17 16:30:00+00:00,5167.325382001792,0.0,5167.325382001792,5303.525208383083,0.02568099915241384,0,0.0,0.0
2025-11-17 17:30:00+00:00,5167.325382001792,0.0,5167.325382001792,5303.525208383083,0.02568099915241384,0,0.0,0.0
2025-11-17 18:30:00+00:00,5167.325382001792,0.0,5167.325382001792,5303.525208383083,0.02568099915241384,0,0.0,0.0
2025-11-17 19:30:00+00:00,5167.325382001792,0.0,5167.325382001792,5303.525208383083,0.02568099915241384,0,0.0,0.0
2025-11-17 20:30:00+00:00,5167.325382001792,0.0,5167.325382001792,5303.525208383083,0.02568099915241384,0,0.0,0.0
2025-11-18 14:30:00+00:00,5167.325382001792,0.0,5167.325382001792,5303.525208383083,0.02568099915241384,0,0.0,0.0
2025-11-18 15:30:00+00:00,5167.325382001792,0.0,5167.325382001792,5303.525208383083,0.02568099915241384,0,0.0,0.0
2025-11-18 16:30:00+00:00,5167.325382001792,0.0,5167.325382001792,5303.525208383083,0.02568099915241384,0,0.0,0.0
2025-11-18 17:30:00+00:00,5167.325382001792,0.0,5167.325382001792,5303.525208383083,0.02568099915241384,0,0.0,0.0
2025-11-18 18:30:00+00:00,5167.325382001792,0.0,5167.325382001792,5303.525208383083,0.02568099915241384,0,0.0,0.0
2025-11-18 19:30:00+00:00,5167.325382001792,0.0,5167.325382001792,5303.525208383083,0.02568099915241384,0,0.0,0.0
2025-11-18 20:30:00+00:00,5167.325382001792,0.0,5167.325382001792,5303.525208383083,0.02568099915241384,0,0.0,0.0
2025-11-19 14:30:00+00:00,5167.325382001792,0.0,5167.325382001792,5303.525208383083,0.02568099915241384,0,0.0,0.0
2025-11-19 15:30:00+00:00,5167.325382001792,0.0,5167.325382001792,5303.525208383083,0.02568099915241384,0,0.0,0.0
2025-11-19 16:30:00+00:00,5167.325382001792,0.0,5167.325382001792,5303.525208383083,0.02568099915241384,0,0.0,0.0
2025-11-19 17:30:00+00:00,5167.325382001792,0.0,5167.325382001792,5303.525208383083,0.02568099915241384,0,0.0,0.0
2025-11-19 18:30:00+00:00,5167.325382001792,0.0,5167.325382001792,5303.525208383083,0.02568099915241384,0,0.0,0.0
2025-11-19 19:30:00+00:00,5167.325382001792,0.0,5167.325382001792,5303.525208383083,0.02568099915241384,0,0.0,0.0
2025-11-19 20:30:00+00:00,5167.325382001792,0.0,5167.325382001792,5303.525208383083,0.02568099915241384,0,0.0,0.0
2025-11-20 14:30:00+00:00,5167.325382001792,0.0,5167.325382001792,5303.525208383083,0.02568099915241384,0,0.0,0.0
2025-11-20 15:30:00+00:00,5167.325382001792,0.0,5167.325382001792,5303.525208383083,0.02568099915241384,0,0.0,0.0
2025-11-20 16:30:00+00:00,5167.325382001792,0.0,5167.325382001792,5303.525208383083,0.02568099915241384,0,0.0,0.0
2025-11-20 17:30:00+00:00,5167.325382001792,0.0,5167.325382001792,5303.525208383083,0.02568099915241384,0,0.0,0.0
2025-11-20 18:30:00+00:00,5167.325382001792,0.0,5167.325382001792,5303.525208383083,0.02568099915241384,0,0.0,0.0
2025-11-20 19:30:00+00:00,5167.325382001792,0.0,5167.325382001792,5303.525208383083,0.02568099915241384,0,0.0,0.0
2025-11-20 20:30:00+00:00,5167.325382001792,0.0,5167.325382001792,5303.525208383083,0.02568099915241384,0,0.0,0.0
2025-11-21 14:30:00+00:00,5167.325382001792,0.0,5167.325382001792,5303.525208383083,0.02568099915241384,0,0.0,0.0
2025-11-21 15:30:00+00:00,5167.325382001792,0.0,5167.325382001792,5303.525208383083,0.02568099915241384,0,0.0,0.0
2025-11-21 16:30:00+00:00,5167.325382001792,0.0,5167.325382001792,5303.525208383083,0.02568099915241384,0,0.0,0.0
2025-11-21 17:30:00+00:00,5167.325382001792,0.0,5167.325382001792,5303.525208383083,0.02568099915241384,0,0.0,0.0
2025-11-21 18:30:00+00:00,5167.325382001792,0.0,5167.325382001792,5303.525208383083,0.02568099915241384,0,0.0,0.0
2025-11-21 19:30:00+00:00,5167.325382001792,0.0,5167.325382001792,5303.525208383083,0.02568099915241384,0,0.0,0.0
2025-11-21 20:30:00+00:00,5167.325382001792,0.0,5167.325382001792,5303.525208383083,0.02568099915241384,0,0.0,0.0
2025-11-24 14:30:00+00:00,5167.325382001792,0.0,5167.325382001792,5303.525208383083,0.02568099915241384,0,0.0,0.0
2025-11-24 15:30:00+00:00,5167.325382001792,0.0,5167.325382001792,5303.525208383083,0.02568099915241384,0,0.0,0.0
2025-11-24 16:30:00+00:00,5167.325382001792,0.0,5167.325382001792,5303.525208383083,0.02568099915241384,0,0.0,0.0
2025-11-24 17:30:00+00:00,5167.325382001792,0.0,5167.325382001792,5303.525208383083,0.02568099915241384,0,0.0,0.0
2025-11-24 18:30:00+00:00,5167.325382001792,0.0,5167.325382001792,5303.525208383083,0.02568099915241384,0,0.0,0.0
2025-11-24 19:30:00+00:00,5167.325382001792,0.0,5167.325382001792,5303.525208383083,0.02568099915241384,0,0.0,0.0
2025-11-24 20:30:00+00:00,5167.325382001792,0.0,5167.325382001792,5303.525208383083,0.02568099915241384,0,0.0,0.0
2025-11-25 14:30:00+00:00,5167.325382001792,0.0,5167.325382001792,5303.525208383083,0.02568099915241384,0,0.0,0.0
2025-11-25 15:30:00+00:00,5167.325382001792,0.0,5167.325382001792,5303.525208383083,0.02568099915241384,0,0.0,0.0
2025-11-25 16:30:00+00:00,5167.325382001792,0.0,5167.325382001792,5303.525208383083,0.02568099915241384,0,0.0,0.0
2025-11-25 17:30:00+00:00,5167.325382001792,0.0,5167.325382001792,5303.525208383083,0.02568099915241384,0,0.0,0.0
2025-11-25 18:30:00+00:00,5167.325382001792,0.0,5167.325382001792,5303.525208383083,0.02568099915241384,0,0.0,0.0
2025-11-25 19:30:00+00:00,5167.325382001792,0.0,5167.325382001792,5303.525208383083,0.02568099915241384,0,0.0,0.0
2025-11-25 20:30:00+00:00,5167.325382001792,0.0,5167.325382001792,5303.525208383083,0.02568099915241384,0,0.0,0.0
2025-11-26 14:30:00+00:00,5167.325382001792,0.0,5167.325382001792,5303.525208383083,0.02568099915241384,0,0.0,0.0
2025-11-26 15:30:00+00:00,5167.325382001792,0.0,5167.325382001792,5303.525208383083,0.02568099915241384,0,0.0,0.0
2025-11-26 16:30:00+00:00,5167.325382001792,0.0,5167.325382001792,5303.525208383083,0.02568099915241384,0,0.0,0.0
2025-11-26 17:30:00+00:00,5167.325382001792,0.0,5167.325382001792,5303.525208383083,0.02568099915241384,0,0.0,0.0
2025-11-26 18:30:00+00:00,5167.325382001792,0.0,5167.325382001792,5303.525208383083,0.02568099915241384,0,0.0,0.0
2025-11-26 19:30:00+00:00,5167.325382001792,0.0,5167.325382001792,5303.525208383083,0.02568099915241384,0,0.0,0.0
2025-11-26 20:30:00+00:00,5167.325382001792,0.0,5167.325382001792,5303.525208383083,0.02568099915241384,0,0.0,0.0
2025-11-28 14:30:00+00:00,5167.325382001792,0.0,5167.325382001792,5303.525208383083,0.02568099915241384,0,0.0,0.0
2025-11-28 15:30:00+00:00,5167.325382001792,0.0,5167.325382001792,5303.525208383083,0.02568099915241384,0,0.0,0.0
2025-11-28 16:30:00+00:00,5167.325382001792,0.0,5167.325382001792,5303.525208383083,0.02568099915241384,0,0.0,0.0
2025-12-01 14:30:00+00:00,5167.325382001792,0.0,5167.325382001792,5303.525208383083,0.02568099915241384,0,0.0,0.0
2025-12-01 15:30:00+00:00,5167.325382001792,0.0,5167.325382001792,5303.525208383083,0.02568099915241384,0,0.0,0.0
2025-12-01 16:30:00+00:00,5167.325382001792,0.0,5167.325382001792,5303.525208383083,0.02568099915241384,0,0.0,0.0
2025-12-01 17:30:00+00:00,5167.325382001792,0.0,5167.325382001792,5303.525208383083,0.02568099915241384,0,0.0,0.0
2025-12-01 18:30:00+00:00,5167.325382001792,0.0,5167.325382001792,5303.525208383083,0.02568099915241384,0,0.0,0.0
2025-12-01 19:30:00+00:00,5167.325382001792,0.0,5167.325382001792,5303.525208383083,0.02568099915241384,0,0.0,0.0
2025-12-01 20:30:00+00:00,5167.325382001792,0.0,5167.325382001792,5303.525208383083,0.02568099915241384,0,0.0,0.0
2025-12-02 14:30:00+00:00,5167.325382001792,0.0,5167.325382001792,5303.525208383083,0.02568099915241384,0,0.0,0.0
2025-12-02 15:30:00+00:00,5167.325382001792,0.0,5167.325382001792,5303.525208383083,0.02568099915241384,0,0.0,0.0
2025-12-02 16:30:00+00:00,5167.325382001792,0.0,5167.325382001792,5303.525208383083,0.02568099915241384,0,0.0,0.0
2025-12-02 17:30:00+00:00,5167.325382001792,0.0,5167.325382001792,5303.525208383083,0.02568099915241384,0,0.0,0.0
2025-12-02 18:30:00+00:00,5167.325382001792,0.0,5167.325382001792,5303.525208383083,0.02568099915241384,0,0.0,0.0
2025-12-02 19:30:00+00:00,5167.325382001792,0.0,5167.325382001792,5303.525208383083,0.02568099915241384,0,0.0,0.0
2025-12-02 20:30:00+00:00,5167.325382001792,0.0,5167.325382001792,5303.525208383083,0.02568099915241384,0,0.0,0.0
2025-12-03 14:30:00+00:00,5167.325382001792,0.0,5167.325382001792,5303.525208383083,0.02568099915241384,0,0.0,0.0
2025-12-03 15:30:00+00:00,5167.325382001792,0.0,5167.325382001792,5303.525208383083,0.02568099915241384,0,0.0,0.0
2025-12-03 16:30:00+00:00,5167.325382001792,0.0,5167.325382001792,5303.525208383083,0.02568099915241384,0,0.0,0.0
2025-12-03 17:30:00+00:00,5167.325382001792,0.0,5167.325382001792,5303.525208383083,0.02568099915241384,0,0.0,0.0
2025-12-03 18:30:00+00:00,5167.325382001792,0.0,5167.325382001792,5303.525208383083,0.02568099915241384,0,0.0,0.0
2025-12-03 19:30:00+00:00,5167.325382001792,0.0,5167.325382001792,5303.525208383083,0.02568099915241384,0,0.0,0.0
2025-12-03 20:30:00+00:00,5167.325382001792,0.0,5167.325382001792,5303.525208383083,0.02568099915241384,0,0.0,0.0
2025-12-04 14:30:00+00:00,5167.325382001792,0.0,5167.325382001792,5303.525208383083,0.02568099915241384,0,0.0,0.0
2025-12-04 15:30:00+00:00,5167.325382001792,0.0,5167.325382001792,5303.525208383083,0.02568099915241384,0,0.0,0.0
2025-12-04 16:30:00+00:00,5167.325382001792,0.0,5167.325382001792,5303.525208383083,0.02568099915241384,0,0.0,0.0
2025-12-04 17:30:00+00:00,5167.325382001792,0.0,5167.325382001792,5303.525208383083,0.02568099915241384,0,0.0,0.0
2025-12-04 18:30:00+00:00,5167.325382001792,0.0,5167.325382001792,5303.525208383083,0.02568099915241384,0,0.0,0.0
2025-12-04 19:30:00+00:00,5167.325382001792,0.0,5167.325382001792,5303.525208383083,0.02568099915241384,0,0.0,0.0
2025-12-04 20:30:00+00:00,5167.325382001792,0.0,5167.325382001792,5303.525208383083,0.02568099915241384,0,0.0,0.0
2025-12-05 14:30:00+00:00,5167.325382001792,0.0,5167.325382001792,5303.525208383083,0.02568099915241384,0,0.0,0.0
2025-12-05 15:30:00+00:00,5167.325382001792,0.0,5167.325382001792,5303.525208383083,0.02568099915241384,0,0.0,0.0
2025-12-05 16:30:00+00:00,5167.325382001792,0.0,5167.325382001792,5303.525208383083,0.02568099915241384,0,0.0,0.0
2025-12-05 17:30:00+00:00,5167.325382001792,0.0,5167.325382001792,5303.525208383083,0.02568099915241384,0,0.0,0.0
2025-12-05 18:30:00+00:00,4982.017446297959,184.71896134572307,5166.7364076436825,5303.525208383083,0.025792052524457376,1,370.43065607962455,25.83662691000896
2025-12-05 19:30:00+00:00,4982.017446297959,185.89073067965182,5167.908176977611,5303.525208383083,0.025571110926578933,1,370.43065607962455,25.83662691000896
2025-12-05 20:30:00+00:00,4982.017446297959,184.6379907281107,5166.65543702607,5303.525208383083,0.025807319844670107,1,370.43065607962455,25.83662691000896
2025-12-08 14:30:00+00:00,4982.017446297959,189.84561552467676,5171.863061822636,5303.525208383083,0.024825402234787797,1,370.43065607962455,25.83662691000896
2025-12-08 15:30:00+00:00,4796.709510594127,374.4131711074524,5171.1226817015795,5303.525208383083,0.02496500374358923,1,370.43065607962455,25.83662691000896
2025-12-08 16:30:00+00:00,4796.709510594127,373.6141484933378,5170.323659087465,5303.525208383083,0.025115662519161974,1,370.43065607962455,25.83662691000896
2025-12-08 17:30:00+00:00,4796.709510594127,374.4679337325624,5171.1774443266895,5303.525208383083,0.024954678040786216,1,370.43065607962455,25.83662691000896
2025-12-08 18:30:00+00:00,4796.709510594127,373.235269997027,5169.944780591154,5303.525208383083,0.025187101511421672,1,370.43065607962455,25.83662691000896
2025-12-08 19:30:00+00:00,4796.709510594127,376.1600824173129,5172.86959301144,5303.525208383083,0.024635616922329406,1,370.43065607962455,25.83662691000896
2025-12-08 20:30:00+00:00,4796.709510594127,379.89053685174804,5176.600047445875,5303.525208383083,0.023932225444423638,1,370.43065607962455,25.83662691000896
2025-12-09 14:30:00+00:00,4796.709510594127,384.19786495729113,5180.907375551418,5303.525208383083,0.02312006222537555,1,370.43065607962455,25.83662691000896
2025-12-09 15:30:00+00:00,4796.709510594127,390.6894542359778,5187.398964830105,5303.525208383083,0.02189604819251567,1,370.43065607962455,25.83662691000896
2025-12-09 16:30:00+00:00,4796.709510594127,388.72825745478167,5185.437768048909,5303.525208383083,0.022265839360491313,1,370.43065607962455,25.83662691000896
2025-12-09 17:30:00+00:00,4796.709510594127,389.0897424212144,5185.7992530153415,5303.525208383083,0.02219767998493838,1,370.43065607962455,25.83662691000896
2025-12-09 18:30:00+00:00,4796.709510594127,388.243679815364,5184.953190409491,5303.525208383083,0.02235720833120003,1,370.43065607962455,25.83662691000896
2025-12-09 19:30:00+00:00,4796.709510594127,387.94568944855473,5184.655200042682,5303.525208383083,0.022413395556696414,1,370.43065607962455,25.83662691000896
2025-12-09 20:30:00+00:00,4796.709510594127,388.27442951056037,5184.9839401046875,5303.525208383083,0.022351410358344648,1,370.43065607962455,25.83662691000896
2025-12-10 14:30:00+00:00,4993.304435760556,195.20251564596765,5188.5069514065235,5303.525208383083,0.021687133077967546,1,370.43065607962455,25.83662691000896
2025-12-10 15:30:00+00:00,4785.660218474805,406.09889519586613,5191.7591136706715,5303.525208383083,0.021073925421481343,2,1408.132891390721,44.99098804894052
2025-12-10 16:30:00+00:00,4785.660218474805,406.56723098070415,5192.2274494555095,5303.525208383083,0.020985618914688864,2,1408.132891390721,44.99098804894052
2025-12-10 17:30:00+00:00,4785.660218474805,407.4910817776272,5193.1513002524325,5303.525208383083,0.020811423306932975,2,1408.132891390721,44.99098804894052
2025-12-10 18:30:00+00:00,4785.660218474805,408.6946604759214,5194.354878950727,5303.525208383083,0.020584483931516795,2,1408.132891390721,44.99098804894052
2025-12-10 19:30:00+00:00,4785.660218474805,413.87059312454676,5199.530811599352,5303.525208383083,0.01960854199756623,2,1408.132891390721,44.99098804894052
2025-12-10 20:30:00+00:00,4891.293035289986,308.4440433639984,5199.737078653984,5303.525208383083,0.01956964955404472,2,1408.132891390721,44.99098804894052
2025-12-11 14:30:00+00:00,4891.293035289986,305.8288071817087,5197.121842471694,5303.525208383083,0.0200627623572337,2,1408.132891390721,44.99098804894052
2025-12-11 15:30:00+00:00,4891.293035289986,303.8360459792666,5195.129081269252,5303.525208383083,0.020438505117783334,2,1408.132891390721,44.99098804894052
2025-12-11 16:30:00+00:00,5088.5582204789625,107.337233169088,5195.8954536480505,5303.525208383083,0.020294002669188016,1,1037.7022353110963,19.154361138931566
2025-12-11 17:30:00+00:00,5196.105515689979,0.0,5196.105515689979,5303.525208383083,0.020254394666270104,0,0.0,0.0
2025-12-11 18:30:00+00:00,5196.105515689979,0.0,5196.105515689979,5303.525208383083,0.020254394666270104,0,0.0,0.0
2025-12-11 19:30:00+00:00,5196.105515689979,0.0,5196.105515689979,5303.525208383083,0.020254394666270104,0,0.0,0.0
2025-12-11 20:30:00+00:00,5196.105515689979,0.0,5196.105515689979,5303.525208383083,0.020254394666270104,0,0.0,0.0
2025-12-12 14:30:00+00:00,5196.105515689979,0.0,5196.105515689979,5303.525208383083,0.020254394666270104,0,0.0,0.0
2025-12-12 15:30:00+00:00,5196.105515689979,0.0,5196.105515689979,5303.525208383083,0.020254394666270104,0,0.0,0.0
2025-12-12 16:30:00+00:00,5196.105515689979,0.0,5196.105515689979,5303.525208383083,0.020254394666270104,0,0.0,0.0
2025-12-12 17:30:00+00:00,5196.105515689979,0.0,5196.105515689979,5303.525208383083,0.020254394666270104,0,0.0,0.0
2025-12-12 18:30:00+00:00,4676.235158845197,511.8172150387072,5188.052373883904,5303.525208383083,0.021772845411699993,1,1039.221103137996,37.39496339868282
2025-12-12 19:30:00+00:00,4676.235158845197,509.4696223896108,5185.704781234807,5303.525208383083,0.02221549300115344,1,1039.221103137996,37.39496339868282
2025-12-12 20:30:00+00:00,4676.235158845197,509.871467515276,5186.106626360473,5303.525208383083,0.022139723562925817,1,1039.221103137996,37.39496339868282
2025-12-15 14:30:00+00:00,4676.235158845197,513.414010478632,5189.649169323829,5303.525208383083,0.02147176351292812,1,1039.221103137996,37.39496339868282
2025-12-15 15:30:00+00:00,4676.235158845197,517.3055055254936,5193.54066437069,5303.525208383083,0.020738007210476583,1,1039.221103137996,37.39496339868282
2025-12-15 16:30:00+00:00,4676.235158845197,516.3432006907497,5192.578359535946,5303.525208383083,0.020919453474411154,1,1039.221103137996,37.39496339868282
2025-12-15 17:30:00+00:00,4676.235158845197,511.7749070592863,5188.010065904483,5303.525208383083,0.021780822743334816,1,1039.221103137996,37.39496339868282
2025-12-15 18:30:00+00:00,4676.235158845197,509.6895851567597,5185.924744001956,5303.525208383083,0.022174018178557908,1,1039.221103137996,37.39496339868282
2025-12-15 19:30:00+00:00,5179.777871637935,0.0,5179.777871637935,5303.525208383083,0.023333034516276996,0,0.0,0.0
2025-12-15 20:30:00+00:00,5179.777871637935,0.0,5179.777871637935,5303.525208383083,0.023333034516276996,0,0.0,0.0
2025-12-16 14:30:00+00:00,5179.777871637935,0.0,5179.777871637935,5303.525208383083,0.023333034516276996,0,0.0,0.0
2025-12-16 15:30:00+00:00,5179.777871637935,0.0,5179.777871637935,5303.525208383083,0.023333034516276996,0,0.0,0.0
2025-12-16 16:30:00+00:00,5179.777871637935,0.0,5179.777871637935,5303.525208383083,0.023333034516276996,0,0.0,0.0
2025-12-16 17:30:00+00:00,5179.777871637935,0.0,5179.777871637935,5303.525208383083,0.023333034516276996,0,0.0,0.0
2025-12-16 18:30:00+00:00,5179.777871637935,0.0,5179.777871637935,5303.525208383083,0.023333034516276996,0,0.0,0.0
2025-12-16 19:30:00+00:00,5179.777871637935,0.0,5179.777871637935,5303.525208383083,0.023333034516276996,0,0.0,0.0
2025-12-16 20:30:00+00:00,5179.777871637935,0.0,5179.777871637935,5303.525208383083,0.023333034516276996,0,0.0,0.0
2025-12-17 14:30:00+00:00,5179.777871637935,0.0,5179.777871637935,5303.525208383083,0.023333034516276996,0,0.0,0.0
2025-12-17 15:30:00+00:00,5179.777871637935,0.0,5179.777871637935,5303.525208383083,0.023333034516276996,0,0.0,0.0
2025-12-17 16:30:00+00:00,5179.777871637935,0.0,5179.777871637935,5303.525208383083,0.023333034516276996,0,0.0,0.0
2025-12-17 17:30:00+00:00,5179.777871637935,0.0,5179.777871637935,5303.525208383083,0.023333034516276996,0,0.0,0.0
2025-12-17 18:30:00+00:00,5179.777871637935,0.0,5179.777871637935,5303.525208383083,0.023333034516276996,0,0.0,0.0
2025-12-17 19:30:00+00:00,5179.777871637935,0.0,5179.777871637935,5303.525208383083,0.023333034516276996,0,0.0,0.0
2025-12-17 20:30:00+00:00,5179.777871637935,0.0,5179.777871637935,5303.525208383083,0.023333034516276996,0,0.0,0.0
2025-12-18 14:30:00+00:00,5179.777871637935,0.0,5179.777871637935,5303.525208383083,0.023333034516276996,0,0.0,0.0
2025-12-18 15:30:00+00:00,5179.777871637935,0.0,5179.777871637935,5303.525208383083,0.023333034516276996,0,0.0,0.0
2025-12-18 16:30:00+00:00,5179.777871637935,0.0,5179.777871637935,5303.525208383083,0.023333034516276996,0,0.0,0.0
2025-12-18 17:30:00+00:00,5179.777871637935,0.0,5179.777871637935,5303.525208383083,0.023333034516276996,0,0.0,0.0
2025-12-18 18:30:00+00:00,5179.777871637935,0.0,5179.777871637935,5303.525208383083,0.023333034516276996,0,0.0,0.0
2025-12-18 19:30:00+00:00,5179.777871637935,0.0,5179.777871637935,5303.525208383083,0.023333034516276996,0,0.0,0.0
2025-12-18 20:30:00+00:00,5179.777871637935,0.0,5179.777871637935,5303.525208383083,0.023333034516276996,0,0.0,0.0
2025-12-19 14:30:00+00:00,5179.777871637935,0.0,5179.777871637935,5303.525208383083,0.023333034516276996,0,0.0,0.0
2025-12-19 15:30:00+00:00,5179.777871637935,0.0,5179.777871637935,5303.525208383083,0.023333034516276996,0,0.0,0.0
2025-12-19 16:30:00+00:00,5179.777871637935,0.0,5179.777871637935,5303.525208383083,0.023333034516276996,0,0.0,0.0
2025-12-19 17:30:00+00:00,5179.777871637935,0.0,5179.777871637935,5303.525208383083,0.023333034516276996,0,0.0,0.0
2025-12-19 18:30:00+00:00,5179.777871637935,0.0,5179.777871637935,5303.525208383083,0.023333034516276996,0,0.0,0.0
2025-12-19 19:30:00+00:00,5179.777871637935,0.0,5179.777871637935,5303.525208383083,0.023333034516276996,0,0.0,0.0
2025-12-19 20:30:00+00:00,5179.777871637935,0.0,5179.777871637935,5303.525208383083,0.023333034516276996,0,0.0,0.0
2025-12-22 14:30:00+00:00,5179.777871637935,0.0,5179.777871637935,5303.525208383083,0.023333034516276996,0,0.0,0.0
2025-12-22 15:30:00+00:00,5179.777871637935,0.0,5179.777871637935,5303.525208383083,0.023333034516276996,0,0.0,0.0
2025-12-22 16:30:00+00:00,5179.777871637935,0.0,5179.777871637935,5303.525208383083,0.023333034516276996,0,0.0,0.0
2025-12-22 17:30:00+00:00,5179.777871637935,0.0,5179.777871637935,5303.525208383083,0.023333034516276996,0,0.0,0.0
2025-12-22 18:30:00+00:00,5179.777871637935,0.0,5179.777871637935,5303.525208383083,0.023333034516276996,0,0.0,0.0
2025-12-22 19:30:00+00:00,5179.777871637935,0.0,5179.777871637935,5303.525208383083,0.023333034516276996,0,0.0,0.0
2025-12-22 20:30:00+00:00,5179.777871637935,0.0,5179.777871637935,5303.525208383083,0.023333034516276996,0,0.0,0.0
2025-12-23 14:30:00+00:00,5179.777871637935,0.0,5179.777871637935,5303.525208383083,0.023333034516276996,0,0.0,0.0
2025-12-23 15:30:00+00:00,5179.777871637935,0.0,5179.777871637935,5303.525208383083,0.023333034516276996,0,0.0,0.0
2025-12-23 16:30:00+00:00,5179.777871637935,0.0,5179.777871637935,5303.525208383083,0.023333034516276996,0,0.0,0.0
2025-12-23 17:30:00+00:00,5179.777871637935,0.0,5179.777871637935,5303.525208383083,0.023333034516276996,0,0.0,0.0
2025-12-23 18:30:00+00:00,5179.777871637935,0.0,5179.777871637935,5303.525208383083,0.023333034516276996,0,0.0,0.0
2025-12-23 19:30:00+00:00,5179.777871637935,0.0,5179.777871637935,5303.525208383083,0.023333034516276996,0,0.0,0.0
2025-12-23 20:30:00+00:00,5179.777871637935,0.0,5179.777871637935,5303.525208383083,0.023333034516276996,0,0.0,0.0
2025-12-24 14:30:00+00:00,5179.777871637935,0.0,5179.777871637935,5303.525208383083,0.023333034516276996,0,0.0,0.0
2025-12-24 15:30:00+00:00,5179.777871637935,0.0,5179.777871637935,5303.525208383083,0.023333034516276996,0,0.0,0.0
2025-12-24 16:30:00+00:00,5179.777871637935,0.0,5179.777871637935,5303.525208383083,0.023333034516276996,0,0.0,0.0
2025-12-26 14:30:00+00:00,5179.777871637935,0.0,5179.777871637935,5303.525208383083,0.023333034516276996,0,0.0,0.0
2025-12-26 15:30:00+00:00,5179.777871637935,0.0,5179.777871637935,5303.525208383083,0.023333034516276996,0,0.0,0.0
2025-12-26 16:30:00+00:00,5179.777871637935,0.0,5179.777871637935,5303.525208383083,0.023333034516276996,0,0.0,0.0
2025-12-26 17:30:00+00:00,5179.777871637935,0.0,5179.777871637935,5303.525208383083,0.023333034516276996,0,0.0,0.0
2025-12-26 18:30:00+00:00,5179.777871637935,0.0,5179.777871637935,5303.525208383083,0.023333034516276996,0,0.0,0.0
2025-12-26 19:30:00+00:00,5179.777871637935,0.0,5179.777871637935,5303.525208383083,0.023333034516276996,0,0.0,0.0
2025-12-26 20:30:00+00:00,5179.777871637935,0.0,5179.777871637935,5303.525208383083,0.023333034516276996,0,0.0,0.0
2025-12-29 14:30:00+00:00,5179.777871637935,0.0,5179.777871637935,5303.525208383083,0.023333034516276996,0,0.0,0.0
2025-12-29 15:30:00+00:00,5179.777871637935,0.0,5179.777871637935,5303.525208383083,0.023333034516276996,0,0.0,0.0
2025-12-29 16:30:00+00:00,5179.777871637935,0.0,5179.777871637935,5303.525208383083,0.023333034516276996,0,0.0,0.0
2025-12-29 17:30:00+00:00,5179.777871637935,0.0,5179.777871637935,5303.525208383083,0.023333034516276996,0,0.0,0.0
2025-12-29 18:30:00+00:00,5179.777871637935,0.0,5179.777871637935,5303.525208383083,0.023333034516276996,0,0.0,0.0
2025-12-29 19:30:00+00:00,5179.777871637935,0.0,5179.777871637935,5303.525208383083,0.023333034516276996,0,0.0,0.0
2025-12-29 20:30:00+00:00,5179.777871637935,0.0,5179.777871637935,5303.525208383083,0.023333034516276996,0,0.0,0.0
2025-12-30 14:30:00+00:00,5179.777871637935,0.0,5179.777871637935,5303.525208383083,0.023333034516276996,0,0.0,0.0
2025-12-30 15:30:00+00:00,5179.777871637935,0.0,5179.777871637935,5303.525208383083,0.023333034516276996,0,0.0,0.0
2025-12-30 16:30:00+00:00,5179.777871637935,0.0,5179.777871637935,5303.525208383083,0.023333034516276996,0,0.0,0.0
2025-12-30 17:30:00+00:00,5179.777871637935,0.0,5179.777871637935,5303.525208383083,0.023333034516276996,0,0.0,0.0
2025-12-30 18:30:00+00:00,5179.777871637935,0.0,5179.777871637935,5303.525208383083,0.023333034516276996,0,0.0,0.0
2025-12-30 19:30:00+00:00,5179.777871637935,0.0,5179.777871637935,5303.525208383083,0.023333034516276996,0,0.0,0.0
2025-12-30 20:30:00+00:00,5179.777871637935,0.0,5179.777871637935,5303.525208383083,0.023333034516276996,0,0.0,0.0
2025-12-31 14:30:00+00:00,5179.777871637935,0.0,5179.777871637935,5303.525208383083,0.023333034516276996,0,0.0,0.0
2025-12-31 15:30:00+00:00,5179.777871637935,0.0,5179.777871637935,5303.525208383083,0.023333034516276996,0,0.0,0.0
2025-12-31 16:30:00+00:00,5179.777871637935,0.0,5179.777871637935,5303.525208383083,0.023333034516276996,0,0.0,0.0
2025-12-31 17:30:00+00:00,5179.777871637935,0.0,5179.777871637935,5303.525208383083,0.023333034516276996,0,0.0,0.0
2025-12-31 18:30:00+00:00,5179.777871637935,0.0,5179.777871637935,5303.525208383083,0.023333034516276996,0,0.0,0.0
2025-12-31 19:30:00+00:00,5179.777871637935,0.0,5179.777871637935,5303.525208383083,0.023333034516276996,0,0.0,0.0
2025-12-31 20:30:00+00:00,5179.777871637935,0.0,5179.777871637935,5303.525208383083,0.023333034516276996,0,0.0,0.0
2026-01-02 14:30:00+00:00,5179.777871637935,0.0,5179.777871637935,5303.525208383083,0.023333034516276996,0,0.0,0.0
2026-01-02 15:30:00+00:00,5179.777871637935,0.0,5179.777871637935,5303.525208383083,0.023333034516276996,0,0.0,0.0
2026-01-02 16:30:00+00:00,5179.777871637935,0.0,5179.777871637935,5303.525208383083,0.023333034516276996,0,0.0,0.0
2026-01-02 17:30:00+00:00,5179.777871637935,0.0,5179.777871637935,5303.525208383083,0.023333034516276996,0,0.0,0.0
2026-01-02 18:30:00+00:00,5179.777871637935,0.0,5179.777871637935,5303.525208383083,0.023333034516276996,0,0.0,0.0
2026-01-02 19:30:00+00:00,5179.777871637935,0.0,5179.777871637935,5303.525208383083,0.023333034516276996,0,0.0,0.0
2026-01-02 20:30:00+00:00,5179.777871637935,0.0,5179.777871637935,5303.525208383083,0.023333034516276996,0,0.0,0.0
2026-01-05 14:30:00+00:00,5179.777871637935,0.0,5179.777871637935,5303.525208383083,0.023333034516276996,0,0.0,0.0
2026-01-05 15:30:00+00:00,5179.777871637935,0.0,5179.777871637935,5303.525208383083,0.023333034516276996,0,0.0,0.0
2026-01-05 16:30:00+00:00,5179.777871637935,0.0,5179.777871637935,5303.525208383083,0.023333034516276996,0,0.0,0.0
2026-01-05 17:30:00+00:00,5179.777871637935,0.0,5179.777871637935,5303.525208383083,0.023333034516276996,0,0.0,0.0
2026-01-05 18:30:00+00:00,5179.777871637935,0.0,5179.777871637935,5303.525208383083,0.023333034516276996,0,0.0,0.0
2026-01-05 19:30:00+00:00,5179.777871637935,0.0,5179.777871637935,5303.525208383083,0.023333034516276996,0,0.0,0.0
2026-01-05 20:30:00+00:00,5179.777871637935,0.0,5179.777871637935,5303.525208383083,0.023333034516276996,0,0.0,0.0
2026-01-06 14:30:00+00:00,5179.777871637935,0.0,5179.777871637935,5303.525208383083,0.023333034516276996,0,0.0,0.0
2026-01-06 15:30:00+00:00,5179.777871637935,0.0,5179.777871637935,5303.525208383083,0.023333034516276996,0,0.0,0.0
2026-01-06 16:30:00+00:00,5179.777871637935,0.0,5179.777871637935,5303.525208383083,0.023333034516276996,0,0.0,0.0
2026-01-06 17:30:00+00:00,5179.777871637935,0.0,5179.777871637935,5303.525208383083,0.023333034516276996,0,0.0,0.0
2026-01-06 18:30:00+00:00,5179.777871637935,0.0,5179.777871637935,5303.525208383083,0.023333034516276996,0,0.0,0.0
2026-01-06 19:30:00+00:00,5179.777871637935,0.0,5179.777871637935,5303.525208383083,0.023333034516276996,0,0.0,0.0
2026-01-06 20:30:00+00:00,5179.777871637935,0.0,5179.777871637935,5303.525208383083,0.023333034516276996,0,0.0,0.0
2026-01-07 14:30:00+00:00,5179.777871637935,0.0,5179.777871637935,5303.525208383083,0.023333034516276996,0,0.0,0.0
2026-01-07 15:30:00+00:00,5179.777871637935,0.0,5179.777871637935,5303.525208383083,0.023333034516276996,0,0.0,0.0
2026-01-07 16:30:00+00:00,5179.777871637935,0.0,5179.777871637935,5303.525208383083,0.023333034516276996,0,0.0,0.0
2026-01-07 17:30:00+00:00,5179.777871637935,0.0,5179.777871637935,5303.525208383083,0.023333034516276996,0,0.0,0.0
2026-01-07 18:30:00+00:00,5179.777871637935,0.0,5179.777871637935,5303.525208383083,0.023333034516276996,0,0.0,0.0
2026-01-07 19:30:00+00:00,5179.777871637935,0.0,5179.777871637935,5303.525208383083,0.023333034516276996,0,0.0,0.0
2026-01-07 20:30:00+00:00,5179.777871637935,0.0,5179.777871637935,5303.525208383083,0.023333034516276996,0,0.0,0.0
2026-01-08 14:30:00+00:00,5179.777871637935,0.0,5179.777871637935,5303.525208383083,0.023333034516276996,0,0.0,0.0
2026-01-08 15:30:00+00:00,5179.777871637935,0.0,5179.777871637935,5303.525208383083,0.023333034516276996,0,0.0,0.0
2026-01-08 16:30:00+00:00,5179.777871637935,0.0,5179.777871637935,5303.525208383083,0.023333034516276996,0,0.0,0.0
2026-01-08 17:30:00+00:00,4995.6691411678385,184.8201306905903,5180.489271858429,5303.525208383083,0.023198897278771446,1,920.0836105452125,25.898889358189678
2026-01-08 18:30:00+00:00,4995.6691411678385,184.81898522296433,5180.488126390803,5303.525208383083,0.023199113261081483,1,920.0836105452125,25.898889358189678
2026-01-08 19:30:00+00:00,4995.6691411678385,184.46665432209102,5180.1357954899295,5303.525208383083,0.0232655466024968,1,920.0836105452125,25.898889358189678
2026-01-08 20:30:00+00:00,4995.6691411678385,184.5156106123668,5180.184751780205,5303.525208383083,0.02325631570637543,1,920.0836105452125,25.898889358189678
2026-01-09 14:30:00+00:00,4719.506045462693,470.60832099282015,5190.114366455513,5303.525208383083,0.021384048811214362,1,920.0836105452125,25.898889358189678
2026-01-09 15:30:00+00:00,4259.23421928745,927.3342067327394,5186.56842602019,5303.525208383083,0.022052649467570018,1,920.0836105452125,25.898889358189678
2026-01-09 16:30:00+00:00,4259.23421928745,928.9517194261252,5188.1859387135755,5303.525208383083,0.02174766125127392,1,920.0836105452125,25.898889358189678
2026-01-09 17:30:00+00:00,4259.23421928745,925.635738189284,5184.869957476734,5303.525208383083,0.022372902219601865,1,920.0836105452125,25.898889358189678
2026-01-09 18:30:00+00:00,4259.23421928745,928.6686207674975,5187.902840054948,5303.525208383083,0.021801040588130927,1,920.0836105452125,25.898889358189678
2026-01-09 19:30:00+00:00,4181.066358703084,1010.520827132369,5191.587185835453,5303.525208383083,0.02110634307360193,2,1310.7275914765787,51.838605948089594
2026-01-09 20:30:00+00:00,4181.066358703084,1004.8925143400138,5185.958873043098,5303.525208383083,0.022167583017075554,2,1310.7275914765787,51.838605948089594
2026-01-12 14:30:00+00:00,4532.396254295127,671.1248645450005,5203.521118840127,5303.525208383083,0.018856154277325343,2,1310.7275914765787,51.838605948089594
2026-01-12 15:30:00+00:00,4336.976602834211,869.8980163065016,5206.874619140713,5303.525208383083,0.018223838945763515,2,1310.7275914765787,51.838605948089594
2026-01-12 16:30:00+00:00,4336.976602834211,870.2004142622018,5207.177017096413,5303.525208383083,0.018166820652492865,2,1310.7275914765787,51.838605948089594
2026-01-12 17:30:00+00:00,4336.976602834211,869.8028217098708,5206.779424544082,5303.525208383083,0.01824178825172329,2,1310.7275914765787,51.838605948089594
2026-01-12 18:30:00+00:00,4128.600481535377,1079.6590455273335,5208.259527062711,5303.525208383083,0.017962709250403663,3,2352.0875180074836,63.36539226044938
2026-01-12 19:30:00+00:00,4128.600481535377,1081.4790226552386,5210.079504190616,5303.525208383083,0.01761954558917922,3,2352.0875180074836,63.36539226044938
2026-01-12 20:30:00+00:00,4128.600481535377,1078.7163028910863,5207.3167844264635,5303.525208383083,0.018140466986853676,3,2352.0875180074836,63.36539226044938
2026-01-13 14:30:00+00:00,4813.429423657625,385.8678004266849,5199.29722408431,5303.525208383083,0.01965258581858409,1,390.6439809313662,25.939716589899913
2026-01-13 15:30:00+00:00,4813.429423657625,388.49948221104023,5201.928905868665,5303.525208383083,0.01915637213410959,1,390.6439809313662,25.939716589899913
2026-01-13 16:30:00+00:00,4813.429423657625,385.45288157645246,5198.882305234078,5303.525208383083,0.019730820357674594,1,390.6439809313662,25.939716589899913
2026-01-13 17:30:00+00:00,4813.429423657625,385.13458053540944,5198.564004193035,5303.525208383083,0.01979083723862385,1,390.6439809313662,25.939716589899913
2026-01-13 18:30:00+00:00,4813.429423657625,385.15730393397916,5198.586727591604,5303.525208383083,0.019786552654752376,1,390.6439809313662,25.939716589899913
2026-01-13 19:30:00+00:00,4813.429423657625,381.3433462719431,5194.772769929568,5303.525208383083,0.02050568898618854,1,390.6439809313662,25.939716589899913
2026-01-13 20:30:00+00:00,4813.429423657625,384.4422627615604,5197.871686419186,5303.525208383083,0.019921376407694757,1,390.6439809313662,25.939716589899913
2026-01-14 14:30:00+00:00,4813.429423657625,380.76360472460055,5194.193028382226,5303.525208383083,0.020615001476384065,1,390.6439809313662,25.939716589899913
2026-01-14 15:30:00+00:00,4293.750411167984,894.4539561023666,5188.20436727035,5303.525208383083,0.021744186476279848,2,1429.4825866078113,58.683848287215255
2026-01-14 16:30:00+00:00,4293.750411167984,889.4171903197921,5183.167601487776,5303.525208383083,0.022693887964379322,2,1429.4825866078113,58.683848287215255
2026-01-14 17:30:00+00:00,4293.750411167984,889.4772002077398,5183.227611375723,5303.525208383083,0.022682572870061923,2,1429.4825866078113,58.683848287215255
2026-01-14 18:30:00+00:00,4293.750411167984,893.0762300093256,5186.826641177309,5303.525208383083,0.02200396201027055,2,1429.4825866078113,58.683848287215255
2026-01-14 19:30:00+00:00,4293.750411167984,898.1422557117294,5191.892666879713,5303.525208383083,0.02104874345216956,2,1429.4825866078113,58.683848287215255
2026-01-14 20:30:00+00:00,3774.071398678342,1424.8094741827545,5198.880872861097,5303.525208383083,0.01973109043708865,2,1429.4825866078113,58.683848287215255
2026-01-15 14:30:00+00:00,3774.071398678342,1445.7974968806584,5219.8688955590005,5303.525208383083,0.015773718335843845,2,1429.4825866078113,58.683848287215255
2026-01-15 15:30:00+00:00,3774.071398678342,1453.8624145180538,5227.933813196396,5303.525208383083,0.014253047212296144,2,1429.4825866078113,58.683848287215255
2026-01-15 16:30:00+00:00,3774.071398678342,1436.5296141679446,5210.601012846287,5303.525208383083,0.01752121313384436,2,1429.4825866078113,58.683848287215255
2026-01-15 17:30:00+00:00,3955.343285892476,1255.6167321746543,5210.9600180671305,5303.525208383083,0.01745352132382405,2,2080.892416679457,63.66263861388043
2026-01-15 18:30:00+00:00,3955.343285892476,1252.7032337253886,5208.046519617865,5303.525208383083,0.018002872620327848,2,2080.892416679457,63.66263861388043
2026-01-15 19:30:00+00:00,3955.343285892476,1254.113062781339,5209.456348673815,5303.525208383083,0.017737043949668907,2,2080.892416679457,63.66263861388043
2026-01-15 20:30:00+00:00,3955.343285892476,1254.3644161208967,5209.707702013373,5303.525208383083,0.01768965031436376,2,2080.892416679457,63.66263861388043
2026-01-16 14:30:00+00:00,3642.5708345199223,1560.1464498965975,5202.71728441652,5303.525208383083,0.0190077203380159,2,2080.892416679457,63.66263861388043
2026-01-16 15:30:00+00:00,3642.5708345199223,1556.5891503179614,5199.159984837884,5303.525208383083,0.019678462804368912,2,2080.892416679457,63.66263861388043
2026-01-16 16:30:00+00:00,3642.5708345199223,1551.7899821827245,5194.360816702647,5303.525208383083,0.02058336434564012,2,2080.892416679457,63.66263861388043
2026-01-16 17:30:00+00:00,3642.5708345199223,1550.0124535497957,5192.583288069718,5303.525208383083,0.020918524180483455,2,2080.892416679457,63.66263861388043
2026-01-16 18:30:00+00:00,3642.5708345199223,1547.1423902231468,5189.713224743069,5303.525208383083,0.021459685618183788,2,2080.892416679457,63.66263861388043
2026-01-16 19:30:00+00:00,3642.5708345199223,1546.9630177147806,5189.533852234703,5303.525208383083,0.02149350699195285,2,2080.892416679457,63.66263861388043
2026-01-16 20:30:00+00:00,3642.5708345199223,1546.0316510238458,5188.602485543768,5303.525208383083,0.02166911975032393,2,2080.892416679457,63.66263861388043
2026-01-20 14:30:00+00:00,4150.108524259241,1035.640629582388,5185.749153841629,5303.525208383083,0.022207126376111108,1,1038.8386056764452,32.744131697315346
2026-01-20 15:30:00+00:00,4150.108524259241,1042.9050148346842,5193.013539093925,5303.525208383083,0.02083739870124046,1,1038.8386056764452,32.744131697315346
2026-01-20 16:30:00+00:00,4150.108524259241,1038.0462997194481,5188.154823978689,5303.525208383083,0.02175352805376174,1,1038.8386056764452,32.744131697315346
2026-01-20 17:30:00+00:00,4150.108524259241,1029.3912806694834,5179.499804928724,5303.525208383083,0.02338546505979011,1,1038.8386056764452,32.744131697315346
2026-01-20 18:30:00+00:00,4150.108524259241,1023.1520140945586,5173.260538353799,5303.525208383083,0.024561902680009684,1,1038.8386056764452,32.744131697315346
2026-01-20 19:30:00+00:00,4150.108524259241,1013.9272822116909,5164.035806470932,5303.525208383083,0.026301261223698025,1,1038.8386056764452,32.744131697315346
2026-01-20 20:30:00+00:00,5162.260681803301,0.0,5162.260681803301,5303.525208383083,0.026635967781672876,0,0.0,0.0
2026-01-21 14:30:00+00:00,5162.260681803301,0.0,5162.260681803301,5303.525208383083,0.026635967781672876,0,0.0,0.0
2026-01-21 15:30:00+00:00,5162.260681803301,0.0,5162.260681803301,5303.525208383083,0.026635967781672876,0,0.0,0.0
2026-01-21 16:30:00+00:00,5162.260681803301,0.0,5162.260681803301,5303.525208383083,0.026635967781672876,0,0.0,0.0
2026-01-21 17:30:00+00:00,5162.260681803301,0.0,5162.260681803301,5303.525208383083,0.026635967781672876,0,0.0,0.0
2026-01-21 18:30:00+00:00,5162.260681803301,0.0,5162.260681803301,5303.525208383083,0.026635967781672876,0,0.0,0.0
2026-01-21 19:30:00+00:00,5162.260681803301,0.0,5162.260681803301,5303.525208383083,0.026635967781672876,0,0.0,0.0
2026-01-21 20:30:00+00:00,5162.260681803301,0.0,5162.260681803301,5303.525208383083,0.026635967781672876,0,0.0,0.0
2026-01-22 14:30:00+00:00,5162.260681803301,0.0,5162.260681803301,5303.525208383083,0.026635967781672876,0,0.0,0.0
2026-01-22 15:30:00+00:00,5162.260681803301,0.0,5162.260681803301,5303.525208383083,0.026635967781672876,0,0.0,0.0
2026-01-22 16:30:00+00:00,5162.260681803301,0.0,5162.260681803301,5303.525208383083,0.026635967781672876,0,0.0,0.0
2026-01-22 17:30:00+00:00,5162.260681803301,0.0,5162.260681803301,5303.525208383083,0.026635967781672876,0,0.0,0.0
2026-01-22 18:30:00+00:00,5162.260681803301,0.0,5162.260681803301,5303.525208383083,0.026635967781672876,0,0.0,0.0
2026-01-22 19:30:00+00:00,5162.260681803301,0.0,5162.260681803301,5303.525208383083,0.026635967781672876,0,0.0,0.0
2026-01-22 20:30:00+00:00,5162.260681803301,0.0,5162.260681803301,5303.525208383083,0.026635967781672876,0,0.0,0.0
2026-01-23 14:30:00+00:00,5162.260681803301,0.0,5162.260681803301,5303.525208383083,0.026635967781672876,0,0.0,0.0
2026-01-23 15:30:00+00:00,5162.260681803301,0.0,5162.260681803301,5303.525208383083,0.026635967781672876,0,0.0,0.0
2026-01-23 16:30:00+00:00,5162.260681803301,0.0,5162.260681803301,5303.525208383083,0.026635967781672876,0,0.0,0.0
2026-01-23 17:30:00+00:00,5162.260681803301,0.0,5162.260681803301,5303.525208383083,0.026635967781672876,0,0.0,0.0
2026-01-23 18:30:00+00:00,5162.260681803301,0.0,5162.260681803301,5303.525208383083,0.026635967781672876,0,0.0,0.0
2026-01-23 19:30:00+00:00,5162.260681803301,0.0,5162.260681803301,5303.525208383083,0.026635967781672876,0,0.0,0.0
2026-01-23 20:30:00+00:00,5162.260681803301,0.0,5162.260681803301,5303.525208383083,0.026635967781672876,0,0.0,0.0
2026-01-26 14:30:00+00:00,5162.260681803301,0.0,5162.260681803301,5303.525208383083,0.026635967781672876,0,0.0,0.0
2026-01-26 15:30:00+00:00,5162.260681803301,0.0,5162.260681803301,5303.525208383083,0.026635967781672876,0,0.0,0.0
2026-01-26 16:30:00+00:00,5162.260681803301,0.0,5162.260681803301,5303.525208383083,0.026635967781672876,0,0.0,0.0
2026-01-26 17:30:00+00:00,5162.260681803301,0.0,5162.260681803301,5303.525208383083,0.026635967781672876,0,0.0,0.0
2026-01-26 18:30:00+00:00,5162.260681803301,0.0,5162.260681803301,5303.525208383083,0.026635967781672876,0,0.0,0.0
2026-01-26 19:30:00+00:00,5162.260681803301,0.0,5162.260681803301,5303.525208383083,0.026635967781672876,0,0.0,0.0
2026-01-26 20:30:00+00:00,5162.260681803301,0.0,5162.260681803301,5303.525208383083,0.026635967781672876,0,0.0,0.0
2026-01-27 14:30:00+00:00,5162.260681803301,0.0,5162.260681803301,5303.525208383083,0.026635967781672876,0,0.0,0.0
2026-01-27 15:30:00+00:00,5162.260681803301,0.0,5162.260681803301,5303.525208383083,0.026635967781672876,0,0.0,0.0
2026-01-27 16:30:00+00:00,5162.260681803301,0.0,5162.260681803301,5303.525208383083,0.026635967781672876,0,0.0,0.0
2026-01-27 17:30:00+00:00,5162.260681803301,0.0,5162.260681803301,5303.525208383083,0.026635967781672876,0,0.0,0.0
2026-01-27 18:30:00+00:00,5162.260681803301,0.0,5162.260681803301,5303.525208383083,0.026635967781672876,0,0.0,0.0
2026-01-27 19:30:00+00:00,5162.260681803301,0.0,5162.260681803301,5303.525208383083,0.026635967781672876,0,0.0,0.0
2026-01-27 20:30:00+00:00,5162.260681803301,0.0,5162.260681803301,5303.525208383083,0.026635967781672876,0,0.0,0.0
2026-01-28 14:30:00+00:00,5162.260681803301,0.0,5162.260681803301,5303.525208383083,0.026635967781672876,0,0.0,0.0
2026-01-28 15:30:00+00:00,5162.260681803301,0.0,5162.260681803301,5303.525208383083,0.026635967781672876,0,0.0,0.0
2026-01-28 16:30:00+00:00,5162.260681803301,0.0,5162.260681803301,5303.525208383083,0.026635967781672876,0,0.0,0.0
2026-01-28 17:30:00+00:00,5162.260681803301,0.0,5162.260681803301,5303.525208383083,0.026635967781672876,0,0.0,0.0
2026-01-28 18:30:00+00:00,5162.260681803301,0.0,5162.260681803301,5303.525208383083,0.026635967781672876,0,0.0,0.0
2026-01-28 19:30:00+00:00,5162.260681803301,0.0,5162.260681803301,5303.525208383083,0.026635967781672876,0,0.0,0.0
2026-01-28 20:30:00+00:00,5162.260681803301,0.0,5162.260681803301,5303.525208383083,0.026635967781672876,0,0.0,0.0
2026-01-29 14:30:00+00:00,5162.260681803301,0.0,5162.260681803301,5303.525208383083,0.026635967781672876,0,0.0,0.0
2026-01-29 15:30:00+00:00,5162.260681803301,0.0,5162.260681803301,5303.525208383083,0.026635967781672876,0,0.0,0.0
2026-01-29 16:30:00+00:00,5162.260681803301,0.0,5162.260681803301,5303.525208383083,0.026635967781672876,0,0.0,0.0
2026-01-29 17:30:00+00:00,5162.260681803301,0.0,5162.260681803301,5303.525208383083,0.026635967781672876,0,0.0,0.0
2026-01-29 18:30:00+00:00,5162.260681803301,0.0,5162.260681803301,5303.525208383083,0.026635967781672876,0,0.0,0.0
2026-01-29 19:30:00+00:00,5162.260681803301,0.0,5162.260681803301,5303.525208383083,0.026635967781672876,0,0.0,0.0
2026-01-29 20:30:00+00:00,5162.260681803301,0.0,5162.260681803301,5303.525208383083,0.026635967781672876,0,0.0,0.0
2026-01-30 14:30:00+00:00,5162.260681803301,0.0,5162.260681803301,5303.525208383083,0.026635967781672876,0,0.0,0.0
2026-01-30 15:30:00+00:00,5162.260681803301,0.0,5162.260681803301,5303.525208383083,0.026635967781672876,0,0.0,0.0
2026-01-30 16:30:00+00:00,5162.260681803301,0.0,5162.260681803301,5303.525208383083,0.026635967781672876,0,0.0,0.0
2026-01-30 17:30:00+00:00,5162.260681803301,0.0,5162.260681803301,5303.525208383083,0.026635967781672876,0,0.0,0.0
2026-01-30 18:30:00+00:00,5162.260681803301,0.0,5162.260681803301,5303.525208383083,0.026635967781672876,0,0.0,0.0
2026-01-30 19:30:00+00:00,5162.260681803301,0.0,5162.260681803301,5303.525208383083,0.026635967781672876,0,0.0,0.0
2026-01-30 20:30:00+00:00,5162.260681803301,0.0,5162.260681803301,5303.525208383083,0.026635967781672876,0,0.0,0.0
2026-02-02 14:30:00+00:00,5162.260681803301,0.0,5162.260681803301,5303.525208383083,0.026635967781672876,0,0.0,0.0
2026-02-02 15:30:00+00:00,5162.260681803301,0.0,5162.260681803301,5303.525208383083,0.026635967781672876,0,0.0,0.0
2026-02-02 16:30:00+00:00,5022.887700782282,140.13531939991935,5163.023020182201,5303.525208383083,0.026492225959215743,1,696.516646781702,51.62260681803301
2026-02-02 17:30:00+00:00,5022.887700782282,140.08591014133253,5162.973610923615,5303.525208383083,0.026501542264247835,1,696.516646781702,51.62260681803301
2026-02-02 18:30:00+00:00,5022.887700782282,138.73751114268453,5161.625211924967,5303.525208383083,0.02675578806221568,1,696.516646781702,51.62260681803301
2026-02-02 19:30:00+00:00,5022.887700782282,139.17422711757354,5162.061927899856,5303.525208383083,0.02667344359174939,1,696.516646781702,51.62260681803301
2026-02-02 20:30:00+00:00,5022.887700782282,139.5647246660892,5162.452425448371,5303.525208383083,0.02659981378267484,1,696.516646781702,51.62260681803301
2026-02-03 14:30:00+00:00,4813.828229250754,335.06602751111404,5148.894256761868,5303.525208383083,0.029156258440479532,1,696.516646781702,51.62260681803301
2026-02-03 15:30:00+00:00,4813.828229250754,340.0375538265971,5153.865783077351,5303.525208383083,0.02821885810388358,1,696.516646781702,51.62260681803301
2026-02-03 16:30:00+00:00,4813.828229250754,337.98715861982237,5151.815387870576,5303.525208383083,0.028605467976791088,1,696.516646781702,51.62260681803301
2026-02-03 17:30:00+00:00,4813.828229250754,333.7459150815166,5147.57414433227,5303.525208383083,0.029405170697464844,1,696.516646781702,51.62260681803301
2026-02-03 18:30:00+00:00,4813.828229250754,333.0316735940896,5146.859902844843,5303.525208383083,0.029539843666737786,1,696.516646781702,51.62260681803301
2026-02-03 19:30:00+00:00,4813.828229250754,331.85198979872894,5145.680219049483,5303.525208383083,0.029762277566645734,1,696.516646781702,51.62260681803301
2026-02-03 20:30:00+00:00,4813.828229250754,336.8034583793951,5150.631687630149,5303.525208383083,0.028828659192806527,1,696.516646781702,51.62260681803301
2026-02-04 14:30:00+00:00,5138.368815661175,0.0,5138.368815661175,5303.525208383083,0.03114087069122462,0,0.0,0.0
2026-02-04 15:30:00+00:00,5138.368815661175,0.0,5138.368815661175,5303.525208383083,0.03114087069122462,0,0.0,0.0
2026-02-04 16:30:00+00:00,5138.368815661175,0.0,5138.368815661175,5303.525208383083,0.03114087069122462,0,0.0,0.0
2026-02-04 17:30:00+00:00,5138.368815661175,0.0,5138.368815661175,5303.525208383083,0.03114087069122462,0,0.0,0.0
2026-02-04 18:30:00+00:00,5138.368815661175,0.0,5138.368815661175,5303.525208383083,0.03114087069122462,0,0.0,0.0
2026-02-04 19:30:00+00:00,5138.368815661175,0.0,5138.368815661175,5303.525208383083,0.03114087069122462,0,0.0,0.0
2026-02-04 20:30:00+00:00,5138.368815661175,0.0,5138.368815661175,5303.525208383083,0.03114087069122462,0,0.0,0.0
2026-02-05 14:30:00+00:00,5138.368815661175,0.0,5138.368815661175,5303.525208383083,0.03114087069122462,0,0.0,0.0
2026-02-05 15:30:00+00:00,5138.368815661175,0.0,5138.368815661175,5303.525208383083,0.03114087069122462,0,0.0,0.0
2026-02-05 16:30:00+00:00,5138.368815661175,0.0,5138.368815661175,5303.525208383083,0.03114087069122462,0,0.0,0.0
2026-02-05 17:30:00+00:00,5138.368815661175,0.0,5138.368815661175,5303.525208383083,0.03114087069122462,0,0.0,0.0
2026-02-05 18:30:00+00:00,5138.368815661175,0.0,5138.368815661175,5303.525208383083,0.03114087069122462,0,0.0,0.0
2026-02-05 19:30:00+00:00,5138.368815661175,0.0,5138.368815661175,5303.525208383083,0.03114087069122462,0,0.0,0.0
2026-02-05 20:30:00+00:00,5138.368815661175,0.0,5138.368815661175,5303.525208383083,0.03114087069122462,0,0.0,0.0
2026-02-06 14:30:00+00:00,5138.368815661175,0.0,5138.368815661175,5303.525208383083,0.03114087069122462,0,0.0,0.0
2026-02-06 15:30:00+00:00,5138.368815661175,0.0,5138.368815661175,5303.525208383083,0.03114087069122462,0,0.0,0.0
2026-02-06 16:30:00+00:00,5138.368815661175,0.0,5138.368815661175,5303.525208383083,0.03114087069122462,0,0.0,0.0
2026-02-06 17:30:00+00:00,5138.368815661175,0.0,5138.368815661175,5303.525208383083,0.03114087069122462,0,0.0,0.0
2026-02-06 18:30:00+00:00,5138.368815661175,0.0,5138.368815661175,5303.525208383083,0.03114087069122462,0,0.0,0.0
2026-02-06 19:30:00+00:00,5138.368815661175,0.0,5138.368815661175,5303.525208383083,0.03114087069122462,0,0.0,0.0
2026-02-06 20:30:00+00:00,5138.368815661175,0.0,5138.368815661175,5303.525208383083,0.03114087069122462,0,0.0,0.0
2026-02-09 14:30:00+00:00,5138.368815661175,0.0,5138.368815661175,5303.525208383083,0.03114087069122462,0,0.0,0.0
2026-02-09 15:30:00+00:00,5138.368815661175,0.0,5138.368815661175,5303.525208383083,0.03114087069122462,0,0.0,0.0
2026-02-09 16:30:00+00:00,5138.368815661175,0.0,5138.368815661175,5303.525208383083,0.03114087069122462,0,0.0,0.0
2026-02-09 17:30:00+00:00,5138.368815661175,0.0,5138.368815661175,5303.525208383083,0.03114087069122462,0,0.0,0.0
2026-02-09 18:30:00+00:00,5138.368815661175,0.0,5138.368815661175,5303.525208383083,0.03114087069122462,0,0.0,0.0
2026-02-09 19:30:00+00:00,5138.368815661175,0.0,5138.368815661175,5303.525208383083,0.03114087069122462,0,0.0,0.0
2026-02-09 20:30:00+00:00,5138.368815661175,0.0,5138.368815661175,5303.525208383083,0.03114087069122462,0,0.0,0.0
2026-02-10 14:30:00+00:00,5138.368815661175,0.0,5138.368815661175,5303.525208383083,0.03114087069122462,0,0.0,0.0
2026-02-10 15:30:00+00:00,5138.368815661175,0.0,5138.368815661175,5303.525208383083,0.03114087069122462,0,0.0,0.0
2026-02-10 16:30:00+00:00,5138.368815661175,0.0,5138.368815661175,5303.525208383083,0.03114087069122462,0,0.0,0.0
2026-02-10 17:30:00+00:00,5138.368815661175,0.0,5138.368815661175,5303.525208383083,0.03114087069122462,0,0.0,0.0
2026-02-10 18:30:00+00:00,5138.368815661175,0.0,5138.368815661175,5303.525208383083,0.03114087069122462,0,0.0,0.0
2026-02-10 19:30:00+00:00,5138.368815661175,0.0,5138.368815661175,5303.525208383083,0.03114087069122462,0,0.0,0.0
2026-02-10 20:30:00+00:00,5138.368815661175,0.0,5138.368815661175,5303.525208383083,0.03114087069122462,0,0.0,0.0
2026-02-11 14:30:00+00:00,5138.368815661175,0.0,5138.368815661175,5303.525208383083,0.03114087069122462,0,0.0,0.0
2026-02-11 15:30:00+00:00,5138.368815661175,0.0,5138.368815661175,5303.525208383083,0.03114087069122462,0,0.0,0.0
2026-02-11 16:30:00+00:00,5138.368815661175,0.0,5138.368815661175,5303.525208383083,0.03114087069122462,0,0.0,0.0
2026-02-11 17:30:00+00:00,5138.368815661175,0.0,5138.368815661175,5303.525208383083,0.03114087069122462,0,0.0,0.0
2026-02-11 18:30:00+00:00,5138.368815661175,0.0,5138.368815661175,5303.525208383083,0.03114087069122462,0,0.0,0.0
2026-02-11 19:30:00+00:00,5138.368815661175,0.0,5138.368815661175,5303.525208383083,0.03114087069122462,0,0.0,0.0
2026-02-11 20:30:00+00:00,5138.368815661175,0.0,5138.368815661175,5303.525208383083,0.03114087069122462,0,0.0,0.0
2026-02-12 14:30:00+00:00,5138.368815661175,0.0,5138.368815661175,5303.525208383083,0.03114087069122462,0,0.0,0.0
2026-02-12 15:30:00+00:00,5138.368815661175,0.0,5138.368815661175,5303.525208383083,0.03114087069122462,0,0.0,0.0
2026-02-12 16:30:00+00:00,5138.368815661175,0.0,5138.368815661175,5303.525208383083,0.03114087069122462,0,0.0,0.0
2026-02-12 17:30:00+00:00,5138.368815661175,0.0,5138.368815661175,5303.525208383083,0.03114087069122462,0,0.0,0.0
2026-02-12 18:30:00+00:00,5138.368815661175,0.0,5138.368815661175,5303.525208383083,0.03114087069122462,0,0.0,0.0
2026-02-12 19:30:00+00:00,5138.368815661175,0.0,5138.368815661175,5303.525208383083,0.03114087069122462,0,0.0,0.0
2026-02-12 20:30:00+00:00,5138.368815661175,0.0,5138.368815661175,5303.525208383083,0.03114087069122462,0,0.0,0.0
2026-02-13 14:30:00+00:00,5138.368815661175,0.0,5138.368815661175,5303.525208383083,0.03114087069122462,0,0.0,0.0
2026-02-13 15:30:00+00:00,5138.368815661175,0.0,5138.368815661175,5303.525208383083,0.03114087069122462,0,0.0,0.0
2026-02-13 16:30:00+00:00,5138.368815661175,0.0,5138.368815661175,5303.525208383083,0.03114087069122462,0,0.0,0.0
2026-02-13 17:30:00+00:00,5138.368815661175,0.0,5138.368815661175,5303.525208383083,0.03114087069122462,0,0.0,0.0
2026-02-13 18:30:00+00:00,5138.368815661175,0.0,5138.368815661175,5303.525208383083,0.03114087069122462,0,0.0,0.0
2026-02-13 19:30:00+00:00,5138.368815661175,0.0,5138.368815661175,5303.525208383083,0.03114087069122462,0,0.0,0.0
2026-02-13 20:30:00+00:00,5138.368815661175,0.0,5138.368815661175,5303.525208383083,0.03114087069122462,0,0.0,0.0
2026-02-17 14:30:00+00:00,5138.368815661175,0.0,5138.368815661175,5303.525208383083,0.03114087069122462,0,0.0,0.0
2026-02-17 15:30:00+00:00,5138.368815661175,0.0,5138.368815661175,5303.525208383083,0.03114087069122462,0,0.0,0.0
2026-02-17 16:30:00+00:00,5138.368815661175,0.0,5138.368815661175,5303.525208383083,0.03114087069122462,0,0.0,0.0
2026-02-17 17:30:00+00:00,5138.368815661175,0.0,5138.368815661175,5303.525208383083,0.03114087069122462,0,0.0,0.0
2026-02-17 18:30:00+00:00,5138.368815661175,0.0,5138.368815661175,5303.525208383083,0.03114087069122462,0,0.0,0.0
2026-02-17 19:30:00+00:00,5138.368815661175,0.0,5138.368815661175,5303.525208383083,0.03114087069122462,0,0.0,0.0
2026-02-17 20:30:00+00:00,5138.368815661175,0.0,5138.368815661175,5303.525208383083,0.03114087069122462,0,0.0,0.0
2026-02-18 14:30:00+00:00,5138.368815661175,0.0,5138.368815661175,5303.525208383083,0.03114087069122462,0,0.0,0.0
2026-02-18 15:30:00+00:00,5138.368815661175,0.0,5138.368815661175,5303.525208383083,0.03114087069122462,0,0.0,0.0
2026-02-18 16:30:00+00:00,5138.368815661175,0.0,5138.368815661175,5303.525208383083,0.03114087069122462,0,0.0,0.0
2026-02-18 17:30:00+00:00,5138.368815661175,0.0,5138.368815661175,5303.525208383083,0.03114087069122462,0,0.0,0.0
2026-02-18 18:30:00+00:00,5138.368815661175,0.0,5138.368815661175,5303.525208383083,0.03114087069122462,0,0.0,0.0
2026-02-18 19:30:00+00:00,5138.368815661175,0.0,5138.368815661175,5303.525208383083,0.03114087069122462,0,0.0,0.0
2026-02-18 20:30:00+00:00,5138.368815661175,0.0,5138.368815661175,5303.525208383083,0.03114087069122462,0,0.0,0.0
2026-02-19 14:30:00+00:00,5138.368815661175,0.0,5138.368815661175,5303.525208383083,0.03114087069122462,0,0.0,0.0
2026-02-19 15:30:00+00:00,5138.368815661175,0.0,5138.368815661175,5303.525208383083,0.03114087069122462,0,0.0,0.0
2026-02-19 16:30:00+00:00,5138.368815661175,0.0,5138.368815661175,5303.525208383083,0.03114087069122462,0,0.0,0.0
2026-02-19 17:30:00+00:00,5138.368815661175,0.0,5138.368815661175,5303.525208383083,0.03114087069122462,0,0.0,0.0
2026-02-19 18:30:00+00:00,5138.368815661175,0.0,5138.368815661175,5303.525208383083,0.03114087069122462,0,0.0,0.0
2026-02-19 19:30:00+00:00,5138.368815661175,0.0,5138.368815661175,5303.525208383083,0.03114087069122462,0,0.0,0.0
2026-02-19 20:30:00+00:00,5138.368815661175,0.0,5138.368815661175,5303.525208383083,0.03114087069122462,0,0.0,0.0
2026-02-20 14:30:00+00:00,5138.368815661175,0.0,5138.368815661175,5303.525208383083,0.03114087069122462,0,0.0,0.0
2026-02-20 15:30:00+00:00,5138.368815661175,0.0,5138.368815661175,5303.525208383083,0.03114087069122462,0,0.0,0.0
2026-02-20 16:30:00+00:00,5138.368815661175,0.0,5138.368815661175,5303.525208383083,0.03114087069122462,0,0.0,0.0
2026-02-20 17:30:00+00:00,5138.368815661175,0.0,5138.368815661175,5303.525208383083,0.03114087069122462,0,0.0,0.0
2026-02-20 18:30:00+00:00,5138.368815661175,0.0,5138.368815661175,5303.525208383083,0.03114087069122462,0,0.0,0.0
2026-02-20 19:30:00+00:00,5138.368815661175,0.0,5138.368815661175,5303.525208383083,0.03114087069122462,0,0.0,0.0
2026-02-20 20:30:00+00:00,5138.368815661175,0.0,5138.368815661175,5303.525208383083,0.03114087069122462,0,0.0,0.0
2026-02-23 14:30:00+00:00,5138.368815661175,0.0,5138.368815661175,5303.525208383083,0.03114087069122462,0,0.0,0.0
2026-02-23 15:30:00+00:00,5138.368815661175,0.0,5138.368815661175,5303.525208383083,0.03114087069122462,0,0.0,0.0
2026-02-23 16:30:00+00:00,5138.368815661175,0.0,5138.368815661175,5303.525208383083,0.03114087069122462,0,0.0,0.0
2026-02-23 17:30:00+00:00,5138.368815661175,0.0,5138.368815661175,5303.525208383083,0.03114087069122462,0,0.0,0.0
2026-02-23 18:30:00+00:00,5138.368815661175,0.0,5138.368815661175,5303.525208383083,0.03114087069122462,0,0.0,0.0
2026-02-23 19:30:00+00:00,5138.368815661175,0.0,5138.368815661175,5303.525208383083,0.03114087069122462,0,0.0,0.0
2026-02-23 20:30:00+00:00,5138.368815661175,0.0,5138.368815661175,5303.525208383083,0.03114087069122462,0,0.0,0.0
2026-02-24 14:30:00+00:00,5138.368815661175,0.0,5138.368815661175,5303.525208383083,0.03114087069122462,0,0.0,0.0
2026-02-24 15:30:00+00:00,5138.368815661175,0.0,5138.368815661175,5303.525208383083,0.03114087069122462,0,0.0,0.0
2026-02-24 16:30:00+00:00,5138.368815661175,0.0,5138.368815661175,5303.525208383083,0.03114087069122462,0,0.0,0.0
2026-02-24 17:30:00+00:00,5138.368815661175,0.0,5138.368815661175,5303.525208383083,0.03114087069122462,0,0.0,0.0
2026-02-24 18:30:00+00:00,5138.368815661175,0.0,5138.368815661175,5303.525208383083,0.03114087069122462,0,0.0,0.0
2026-02-24 19:30:00+00:00,5138.368815661175,0.0,5138.368815661175,5303.525208383083,0.03114087069122462,0,0.0,0.0
2026-02-24 20:30:00+00:00,5138.368815661175,0.0,5138.368815661175,5303.525208383083,0.03114087069122462,0,0.0,0.0
2026-02-25 14:30:00+00:00,5138.368815661175,0.0,5138.368815661175,5303.525208383083,0.03114087069122462,0,0.0,0.0
2026-02-25 15:30:00+00:00,5138.368815661175,0.0,5138.368815661175,5303.525208383083,0.03114087069122462,0,0.0,0.0
2026-02-25 16:30:00+00:00,5138.368815661175,0.0,5138.368815661175,5303.525208383083,0.03114087069122462,0,0.0,0.0
2026-02-25 17:30:00+00:00,5138.368815661175,0.0,5138.368815661175,5303.525208383083,0.03114087069122462,0,0.0,0.0
2026-02-25 18:30:00+00:00,5138.368815661175,0.0,5138.368815661175,5303.525208383083,0.03114087069122462,0,0.0,0.0
2026-02-25 19:30:00+00:00,5138.368815661175,0.0,5138.368815661175,5303.525208383083,0.03114087069122462,0,0.0,0.0
2026-02-25 20:30:00+00:00,5138.368815661175,0.0,5138.368815661175,5303.525208383083,0.03114087069122462,0,0.0,0.0
2026-02-26 14:30:00+00:00,5138.368815661175,0.0,5138.368815661175,5303.525208383083,0.03114087069122462,0,0.0,0.0
2026-02-26 15:30:00+00:00,5138.368815661175,0.0,5138.368815661175,5303.525208383083,0.03114087069122462,0,0.0,0.0
2026-02-26 16:30:00+00:00,5138.368815661175,0.0,5138.368815661175,5303.525208383083,0.03114087069122462,0,0.0,0.0
2026-02-26 17:30:00+00:00,5138.368815661175,0.0,5138.368815661175,5303.525208383083,0.03114087069122462,0,0.0,0.0
2026-02-26 18:30:00+00:00,5138.368815661175,0.0,5138.368815661175,5303.525208383083,0.03114087069122462,0,0.0,0.0
2026-02-26 19:30:00+00:00,5138.368815661175,0.0,5138.368815661175,5303.525208383083,0.03114087069122462,0,0.0,0.0
2026-02-26 20:30:00+00:00,5138.368815661175,0.0,5138.368815661175,5303.525208383083,0.03114087069122462,0,0.0,0.0
2026-02-27 14:30:00+00:00,5138.368815661175,0.0,5138.368815661175,5303.525208383083,0.03114087069122462,0,0.0,0.0
2026-02-27 15:30:00+00:00,5138.368815661175,0.0,5138.368815661175,5303.525208383083,0.03114087069122462,0,0.0,0.0
2026-02-27 16:30:00+00:00,5138.368815661175,0.0,5138.368815661175,5303.525208383083,0.03114087069122462,0,0.0,0.0
2026-02-27 17:30:00+00:00,5138.368815661175,0.0,5138.368815661175,5303.525208383083,0.03114087069122462,0,0.0,0.0
2026-02-27 18:30:00+00:00,5138.368815661175,0.0,5138.368815661175,5303.525208383083,0.03114087069122462,0,0.0,0.0
2026-02-27 19:30:00+00:00,5138.368815661175,0.0,5138.368815661175,5303.525208383083,0.03114087069122462,0,0.0,0.0
2026-02-27 20:30:00+00:00,5138.368815661175,0.0,5138.368815661175,5303.525208383083,0.03114087069122462,0,0.0,0.0
2026-03-02 14:30:00+00:00,5138.368815661175,0.0,5138.368815661175,5303.525208383083,0.03114087069122462,0,0.0,0.0
2026-03-02 15:30:00+00:00,5138.368815661175,0.0,5138.368815661175,5303.525208383083,0.03114087069122462,0,0.0,0.0
2026-03-02 16:30:00+00:00,5138.368815661175,0.0,5138.368815661175,5303.525208383083,0.03114087069122462,0,0.0,0.0
2026-03-02 17:30:00+00:00,5138.368815661175,0.0,5138.368815661175,5303.525208383083,0.03114087069122462,0,0.0,0.0
2026-03-02 18:30:00+00:00,5138.368815661175,0.0,5138.368815661175,5303.525208383083,0.03114087069122462,0,0.0,0.0
2026-03-02 19:30:00+00:00,5138.368815661175,0.0,5138.368815661175,5303.525208383083,0.03114087069122462,0,0.0,0.0
2026-03-02 20:30:00+00:00,5138.368815661175,0.0,5138.368815661175,5303.525208383083,0.03114087069122462,0,0.0,0.0
2026-03-03 14:30:00+00:00,5138.368815661175,0.0,5138.368815661175,5303.525208383083,0.03114087069122462,0,0.0,0.0
2026-03-03 15:30:00+00:00,5138.368815661175,0.0,5138.368815661175,5303.525208383083,0.03114087069122462,0,0.0,0.0
2026-03-03 16:30:00+00:00,5138.368815661175,0.0,5138.368815661175,5303.525208383083,0.03114087069122462,0,0.0,0.0
2026-03-03 17:30:00+00:00,5138.368815661175,0.0,5138.368815661175,5303.525208383083,0.03114087069122462,0,0.0,0.0
2026-03-03 18:30:00+00:00,5138.368815661175,0.0,5138.368815661175,5303.525208383083,0.03114087069122462,0,0.0,0.0
2026-03-03 19:30:00+00:00,5138.368815661175,0.0,5138.368815661175,5303.525208383083,0.03114087069122462,0,0.0,0.0
2026-03-03 20:30:00+00:00,5138.368815661175,0.0,5138.368815661175,5303.525208383083,0.03114087069122462,0,0.0,0.0
2026-03-04 14:30:00+00:00,5138.368815661175,0.0,5138.368815661175,5303.525208383083,0.03114087069122462,0,0.0,0.0
2026-03-04 15:30:00+00:00,5138.368815661175,0.0,5138.368815661175,5303.525208383083,0.03114087069122462,0,0.0,0.0
2026-03-04 16:30:00+00:00,5138.368815661175,0.0,5138.368815661175,5303.525208383083,0.03114087069122462,0,0.0,0.0
2026-03-04 17:30:00+00:00,5138.368815661175,0.0,5138.368815661175,5303.525208383083,0.03114087069122462,0,0.0,0.0
2026-03-04 18:30:00+00:00,5138.368815661175,0.0,5138.368815661175,5303.525208383083,0.03114087069122462,0,0.0,0.0
2026-03-04 19:30:00+00:00,5138.368815661175,0.0,5138.368815661175,5303.525208383083,0.03114087069122462,0,0.0,0.0
2026-03-04 20:30:00+00:00,5138.368815661175,0.0,5138.368815661175,5303.525208383083,0.03114087069122462,0,0.0,0.0
2026-03-05 14:30:00+00:00,5138.368815661175,0.0,5138.368815661175,5303.525208383083,0.03114087069122462,0,0.0,0.0
2026-03-05 15:30:00+00:00,5138.368815661175,0.0,5138.368815661175,5303.525208383083,0.03114087069122462,0,0.0,0.0
2026-03-05 16:30:00+00:00,5138.368815661175,0.0,5138.368815661175,5303.525208383083,0.03114087069122462,0,0.0,0.0
2026-03-05 17:30:00+00:00,5138.368815661175,0.0,5138.368815661175,5303.525208383083,0.03114087069122462,0,0.0,0.0
2026-03-05 18:30:00+00:00,5138.368815661175,0.0,5138.368815661175,5303.525208383083,0.03114087069122462,0,0.0,0.0
2026-03-05 19:30:00+00:00,5138.368815661175,0.0,5138.368815661175,5303.525208383083,0.03114087069122462,0,0.0,0.0
2026-03-05 20:30:00+00:00,5138.368815661175,0.0,5138.368815661175,5303.525208383083,0.03114087069122462,0,0.0,0.0
2026-03-06 14:30:00+00:00,5138.368815661175,0.0,5138.368815661175,5303.525208383083,0.03114087069122462,0,0.0,0.0
2026-03-06 15:30:00+00:00,5138.368815661175,0.0,5138.368815661175,5303.525208383083,0.03114087069122462,0,0.0,0.0
2026-03-06 16:30:00+00:00,5138.368815661175,0.0,5138.368815661175,5303.525208383083,0.03114087069122462,0,0.0,0.0
2026-03-06 17:30:00+00:00,5138.368815661175,0.0,5138.368815661175,5303.525208383083,0.03114087069122462,0,0.0,0.0
2026-03-06 18:30:00+00:00,5138.368815661175,0.0,5138.368815661175,5303.525208383083,0.03114087069122462,0,0.0,0.0
2026-03-06 19:30:00+00:00,5138.368815661175,0.0,5138.368815661175,5303.525208383083,0.03114087069122462,0,0.0,0.0
2026-03-06 20:30:00+00:00,5138.368815661175,0.0,5138.368815661175,5303.525208383083,0.03114087069122462,0,0.0,0.0
2026-03-09 13:30:00+00:00,5138.368815661175,0.0,5138.368815661175,5303.525208383083,0.03114087069122462,0,0.0,0.0
2026-03-09 14:30:00+00:00,5138.368815661175,0.0,5138.368815661175,5303.525208383083,0.03114087069122462,0,0.0,0.0
2026-03-09 15:30:00+00:00,5138.368815661175,0.0,5138.368815661175,5303.525208383083,0.03114087069122462,0,0.0,0.0
2026-03-09 16:30:00+00:00,5138.368815661175,0.0,5138.368815661175,5303.525208383083,0.03114087069122462,0,0.0,0.0
2026-03-09 17:30:00+00:00,5138.368815661175,0.0,5138.368815661175,5303.525208383083,0.03114087069122462,0,0.0,0.0
2026-03-09 18:30:00+00:00,5138.368815661175,0.0,5138.368815661175,5303.525208383083,0.03114087069122462,0,0.0,0.0
2026-03-09 19:30:00+00:00,5138.368815661175,0.0,5138.368815661175,5303.525208383083,0.03114087069122462,0,0.0,0.0
2026-03-10 13:30:00+00:00,5138.368815661175,0.0,5138.368815661175,5303.525208383083,0.03114087069122462,0,0.0,0.0
2026-03-10 14:30:00+00:00,5138.368815661175,0.0,5138.368815661175,5303.525208383083,0.03114087069122462,0,0.0,0.0
2026-03-10 15:30:00+00:00,5138.368815661175,0.0,5138.368815661175,5303.525208383083,0.03114087069122462,0,0.0,0.0
2026-03-10 16:30:00+00:00,5138.368815661175,0.0,5138.368815661175,5303.525208383083,0.03114087069122462,0,0.0,0.0
2026-03-10 17:30:00+00:00,5138.368815661175,0.0,5138.368815661175,5303.525208383083,0.03114087069122462,0,0.0,0.0
2026-03-10 18:30:00+00:00,5138.368815661175,0.0,5138.368815661175,5303.525208383083,0.03114087069122462,0,0.0,0.0
2026-03-10 19:30:00+00:00,5138.368815661175,0.0,5138.368815661175,5303.525208383083,0.03114087069122462,0,0.0,0.0
2026-03-11 13:30:00+00:00,5138.368815661175,0.0,5138.368815661175,5303.525208383083,0.03114087069122462,0,0.0,0.0
2026-03-11 14:30:00+00:00,5138.368815661175,0.0,5138.368815661175,5303.525208383083,0.03114087069122462,0,0.0,0.0
2026-03-11 15:30:00+00:00,5138.368815661175,0.0,5138.368815661175,5303.525208383083,0.03114087069122462,0,0.0,0.0
2026-03-11 16:30:00+00:00,5138.368815661175,0.0,5138.368815661175,5303.525208383083,0.03114087069122462,0,0.0,0.0
2026-03-11 17:30:00+00:00,5138.368815661175,0.0,5138.368815661175,5303.525208383083,0.03114087069122462,0,0.0,0.0
2026-03-11 18:30:00+00:00,5138.368815661175,0.0,5138.368815661175,5303.525208383083,0.03114087069122462,0,0.0,0.0
2026-03-11 19:30:00+00:00,5138.368815661175,0.0,5138.368815661175,5303.525208383083,0.03114087069122462,0,0.0,0.0
2026-03-12 13:30:00+00:00,5138.368815661175,0.0,5138.368815661175,5303.525208383083,0.03114087069122462,0,0.0,0.0
2026-03-12 14:30:00+00:00,5138.368815661175,0.0,5138.368815661175,5303.525208383083,0.03114087069122462,0,0.0,0.0
2026-03-12 15:30:00+00:00,5138.368815661175,0.0,5138.368815661175,5303.525208383083,0.03114087069122462,0,0.0,0.0
2026-03-12 16:30:00+00:00,5138.368815661175,0.0,5138.368815661175,5303.525208383083,0.03114087069122462,0,0.0,0.0
2026-03-12 17:30:00+00:00,5138.368815661175,0.0,5138.368815661175,5303.525208383083,0.03114087069122462,0,0.0,0.0
2026-03-12 18:30:00+00:00,5138.368815661175,0.0,5138.368815661175,5303.525208383083,0.03114087069122462,0,0.0,0.0
2026-03-12 19:30:00+00:00,5138.368815661175,0.0,5138.368815661175,5303.525208383083,0.03114087069122462,0,0.0,0.0
2026-03-13 13:30:00+00:00,5138.368815661175,0.0,5138.368815661175,5303.525208383083,0.03114087069122462,0,0.0,0.0
2026-03-13 14:30:00+00:00,5138.368815661175,0.0,5138.368815661175,5303.525208383083,0.03114087069122462,0,0.0,0.0
2026-03-13 15:30:00+00:00,5138.368815661175,0.0,5138.368815661175,5303.525208383083,0.03114087069122462,0,0.0,0.0
2026-03-13 16:30:00+00:00,5138.368815661175,0.0,5138.368815661175,5303.525208383083,0.03114087069122462,0,0.0,0.0
2026-03-13 17:30:00+00:00,5138.368815661175,0.0,5138.368815661175,5303.525208383083,0.03114087069122462,0,0.0,0.0
2026-03-13 18:30:00+00:00,5138.368815661175,0.0,5138.368815661175,5303.525208383083,0.03114087069122462,0,0.0,0.0
2026-03-13 19:30:00+00:00,5138.368815661175,0.0,5138.368815661175,5303.525208383083,0.03114087069122462,0,0.0,0.0
2026-03-16 13:30:00+00:00,5138.368815661175,0.0,5138.368815661175,5303.525208383083,0.03114087069122462,0,0.0,0.0
2026-03-16 14:30:00+00:00,5138.368815661175,0.0,5138.368815661175,5303.525208383083,0.03114087069122462,0,0.0,0.0
2026-03-16 15:30:00+00:00,5138.368815661175,0.0,5138.368815661175,5303.525208383083,0.03114087069122462,0,0.0,0.0
2026-03-16 16:30:00+00:00,5138.368815661175,0.0,5138.368815661175,5303.525208383083,0.03114087069122462,0,0.0,0.0
2026-03-16 17:30:00+00:00,5138.368815661175,0.0,5138.368815661175,5303.525208383083,0.03114087069122462,0,0.0,0.0
2026-03-16 18:30:00+00:00,5138.368815661175,0.0,5138.368815661175,5303.525208383083,0.03114087069122462,0,0.0,0.0
2026-03-16 19:30:00+00:00,5138.368815661175,0.0,5138.368815661175,5303.525208383083,0.03114087069122462,0,0.0,0.0
2026-03-17 13:30:00+00:00,5138.368815661175,0.0,5138.368815661175,5303.525208383083,0.03114087069122462,0,0.0,0.0
2026-03-17 14:30:00+00:00,5138.368815661175,0.0,5138.368815661175,5303.525208383083,0.03114087069122462,0,0.0,0.0
2026-03-17 15:30:00+00:00,5138.368815661175,0.0,5138.368815661175,5303.525208383083,0.03114087069122462,0,0.0,0.0
2026-03-17 16:30:00+00:00,5138.368815661175,0.0,5138.368815661175,5303.525208383083,0.03114087069122462,0,0.0,0.0
2026-03-17 17:30:00+00:00,5138.368815661175,0.0,5138.368815661175,5303.525208383083,0.03114087069122462,0,0.0,0.0
2026-03-17 18:30:00+00:00,5138.368815661175,0.0,5138.368815661175,5303.525208383083,0.03114087069122462,0,0.0,0.0
2026-03-17 19:30:00+00:00,5138.368815661175,0.0,5138.368815661175,5303.525208383083,0.03114087069122462,0,0.0,0.0
2026-03-18 13:30:00+00:00,5138.368815661175,0.0,5138.368815661175,5303.525208383083,0.03114087069122462,0,0.0,0.0
2026-03-18 14:30:00+00:00,5138.368815661175,0.0,5138.368815661175,5303.525208383083,0.03114087069122462,0,0.0,0.0
2026-03-18 15:30:00+00:00,5138.368815661175,0.0,5138.368815661175,5303.525208383083,0.03114087069122462,0,0.0,0.0
2026-03-18 16:30:00+00:00,5138.368815661175,0.0,5138.368815661175,5303.525208383083,0.03114087069122462,0,0.0,0.0
2026-03-18 17:30:00+00:00,5138.368815661175,0.0,5138.368815661175,5303.525208383083,0.03114087069122462,0,0.0,0.0
2026-03-18 18:30:00+00:00,5138.368815661175,0.0,5138.368815661175,5303.525208383083,0.03114087069122462,0,0.0,0.0
2026-03-18 19:30:00+00:00,5138.368815661175,0.0,5138.368815661175,5303.525208383083,0.03114087069122462,0,0.0,0.0
2026-03-19 13:30:00+00:00,5138.368815661175,0.0,5138.368815661175,5303.525208383083,0.03114087069122462,0,0.0,0.0
2026-03-19 14:30:00+00:00,5138.368815661175,0.0,5138.368815661175,5303.525208383083,0.03114087069122462,0,0.0,0.0
2026-03-19 15:30:00+00:00,5138.368815661175,0.0,5138.368815661175,5303.525208383083,0.03114087069122462,0,0.0,0.0
2026-03-19 16:30:00+00:00,5138.368815661175,0.0,5138.368815661175,5303.525208383083,0.03114087069122462,0,0.0,0.0
2026-03-19 17:30:00+00:00,5138.368815661175,0.0,5138.368815661175,5303.525208383083,0.03114087069122462,0,0.0,0.0
2026-03-19 18:30:00+00:00,5138.368815661175,0.0,5138.368815661175,5303.525208383083,0.03114087069122462,0,0.0,0.0
2026-03-19 19:30:00+00:00,5138.368815661175,0.0,5138.368815661175,5303.525208383083,0.03114087069122462,0,0.0,0.0
2026-03-20 13:30:00+00:00,5138.368815661175,0.0,5138.368815661175,5303.525208383083,0.03114087069122462,0,0.0,0.0
2026-03-20 14:30:00+00:00,5138.368815661175,0.0,5138.368815661175,5303.525208383083,0.03114087069122462,0,0.0,0.0
2026-03-20 15:30:00+00:00,5138.368815661175,0.0,5138.368815661175,5303.525208383083,0.03114087069122462,0,0.0,0.0
2026-03-20 16:30:00+00:00,5138.368815661175,0.0,5138.368815661175,5303.525208383083,0.03114087069122462,0,0.0,0.0
2026-03-20 17:30:00+00:00,5138.368815661175,0.0,5138.368815661175,5303.525208383083,0.03114087069122462,0,0.0,0.0
2026-03-20 18:30:00+00:00,5138.368815661175,0.0,5138.368815661175,5303.525208383083,0.03114087069122462,0,0.0,0.0
2026-03-20 19:30:00+00:00,5138.368815661175,0.0,5138.368815661175,5303.525208383083,0.03114087069122462,0,0.0,0.0
2026-03-23 13:30:00+00:00,5138.368815661175,0.0,5138.368815661175,5303.525208383083,0.03114087069122462,0,0.0,0.0
2026-03-23 14:30:00+00:00,5138.368815661175,0.0,5138.368815661175,5303.525208383083,0.03114087069122462,0,0.0,0.0
2026-03-23 15:30:00+00:00,5138.368815661175,0.0,5138.368815661175,5303.525208383083,0.03114087069122462,0,0.0,0.0
2026-03-23 16:30:00+00:00,5138.368815661175,0.0,5138.368815661175,5303.525208383083,0.03114087069122462,0,0.0,0.0
2026-03-23 17:30:00+00:00,5138.368815661175,0.0,5138.368815661175,5303.525208383083,0.03114087069122462,0,0.0,0.0
2026-03-23 18:30:00+00:00,5138.368815661175,0.0,5138.368815661175,5303.525208383083,0.03114087069122462,0,0.0,0.0
2026-03-23 19:30:00+00:00,5138.368815661175,0.0,5138.368815661175,5303.525208383083,0.03114087069122462,0,0.0,0.0
2026-03-24 13:30:00+00:00,5138.368815661175,0.0,5138.368815661175,5303.525208383083,0.03114087069122462,0,0.0,0.0
2026-03-24 14:30:00+00:00,5138.368815661175,0.0,5138.368815661175,5303.525208383083,0.03114087069122462,0,0.0,0.0
2026-03-24 15:30:00+00:00,5138.368815661175,0.0,5138.368815661175,5303.525208383083,0.03114087069122462,0,0.0,0.0
2026-03-24 16:30:00+00:00,5138.368815661175,0.0,5138.368815661175,5303.525208383083,0.03114087069122462,0,0.0,0.0
2026-03-24 17:30:00+00:00,5138.368815661175,0.0,5138.368815661175,5303.525208383083,0.03114087069122462,0,0.0,0.0
2026-03-24 18:30:00+00:00,5138.368815661175,0.0,5138.368815661175,5303.525208383083,0.03114087069122462,0,0.0,0.0
2026-03-24 19:30:00+00:00,5138.368815661175,0.0,5138.368815661175,5303.525208383083,0.03114087069122462,0,0.0,0.0
2026-03-25 13:30:00+00:00,5138.368815661175,0.0,5138.368815661175,5303.525208383083,0.03114087069122462,0,0.0,0.0
2026-03-25 14:30:00+00:00,5138.368815661175,0.0,5138.368815661175,5303.525208383083,0.03114087069122462,0,0.0,0.0
2026-03-25 15:30:00+00:00,5138.368815661175,0.0,5138.368815661175,5303.525208383083,0.03114087069122462,0,0.0,0.0
2026-03-25 16:30:00+00:00,5138.368815661175,0.0,5138.368815661175,5303.525208383083,0.03114087069122462,0,0.0,0.0
2026-03-25 17:30:00+00:00,5138.368815661175,0.0,5138.368815661175,5303.525208383083,0.03114087069122462,0,0.0,0.0
2026-03-25 18:30:00+00:00,5138.368815661175,0.0,5138.368815661175,5303.525208383083,0.03114087069122462,0,0.0,0.0
2026-03-25 19:30:00+00:00,5138.368815661175,0.0,5138.368815661175,5303.525208383083,0.03114087069122462,0,0.0,0.0
2026-03-26 13:30:00+00:00,5138.368815661175,0.0,5138.368815661175,5303.525208383083,0.03114087069122462,0,0.0,0.0
2026-03-26 14:30:00+00:00,5138.368815661175,0.0,5138.368815661175,5303.525208383083,0.03114087069122462,0,0.0,0.0
2026-03-26 15:30:00+00:00,5138.368815661175,0.0,5138.368815661175,5303.525208383083,0.03114087069122462,0,0.0,0.0
2026-03-26 16:30:00+00:00,5138.368815661175,0.0,5138.368815661175,5303.525208383083,0.03114087069122462,0,0.0,0.0
2026-03-26 17:30:00+00:00,5138.368815661175,0.0,5138.368815661175,5303.525208383083,0.03114087069122462,0,0.0,0.0
2026-03-26 18:30:00+00:00,5138.368815661175,0.0,5138.368815661175,5303.525208383083,0.03114087069122462,0,0.0,0.0
2026-03-26 19:30:00+00:00,5138.368815661175,0.0,5138.368815661175,5303.525208383083,0.03114087069122462,0,0.0,0.0
2026-03-27 13:30:00+00:00,5138.368815661175,0.0,5138.368815661175,5303.525208383083,0.03114087069122462,0,0.0,0.0
2026-03-27 14:30:00+00:00,5138.368815661175,0.0,5138.368815661175,5303.525208383083,0.03114087069122462,0,0.0,0.0
2026-03-27 15:30:00+00:00,5138.368815661175,0.0,5138.368815661175,5303.525208383083,0.03114087069122462,0,0.0,0.0
2026-03-27 16:30:00+00:00,5138.368815661175,0.0,5138.368815661175,5303.525208383083,0.03114087069122462,0,0.0,0.0
2026-03-27 17:30:00+00:00,5138.368815661175,0.0,5138.368815661175,5303.525208383083,0.03114087069122462,0,0.0,0.0
2026-03-27 18:30:00+00:00,5138.368815661175,0.0,5138.368815661175,5303.525208383083,0.03114087069122462,0,0.0,0.0
2026-03-27 19:30:00+00:00,5138.368815661175,0.0,5138.368815661175,5303.525208383083,0.03114087069122462,0,0.0,0.0
2026-03-30 13:30:00+00:00,5138.368815661175,0.0,5138.368815661175,5303.525208383083,0.03114087069122462,0,0.0,0.0
2026-03-30 14:30:00+00:00,5138.368815661175,0.0,5138.368815661175,5303.525208383083,0.03114087069122462,0,0.0,0.0
2026-03-30 15:30:00+00:00,5138.368815661175,0.0,5138.368815661175,5303.525208383083,0.03114087069122462,0,0.0,0.0
2026-03-30 16:30:00+00:00,5138.368815661175,0.0,5138.368815661175,5303.525208383083,0.03114087069122462,0,0.0,0.0
2026-03-30 17:30:00+00:00,5138.368815661175,0.0,5138.368815661175,5303.525208383083,0.03114087069122462,0,0.0,0.0
2026-03-30 18:30:00+00:00,5138.368815661175,0.0,5138.368815661175,5303.525208383083,0.03114087069122462,0,0.0,0.0
2026-03-30 19:30:00+00:00,5138.368815661175,0.0,5138.368815661175,5303.525208383083,0.03114087069122462,0,0.0,0.0
2026-03-31 13:30:00+00:00,5138.368815661175,0.0,5138.368815661175,5303.525208383083,0.03114087069122462,0,0.0,0.0
2026-03-31 14:30:00+00:00,5138.368815661175,0.0,5138.368815661175,5303.525208383083,0.03114087069122462,0,0.0,0.0
2026-03-31 15:30:00+00:00,5138.368815661175,0.0,5138.368815661175,5303.525208383083,0.03114087069122462,0,0.0,0.0
2026-03-31 16:30:00+00:00,5138.368815661175,0.0,5138.368815661175,5303.525208383083,0.03114087069122462,0,0.0,0.0
2026-03-31 17:30:00+00:00,5138.368815661175,0.0,5138.368815661175,5303.525208383083,0.03114087069122462,0,0.0,0.0
2026-03-31 18:30:00+00:00,5138.368815661175,0.0,5138.368815661175,5303.525208383083,0.03114087069122462,0,0.0,0.0
2026-03-31 19:30:00+00:00,5138.368815661175,0.0,5138.368815661175,5303.525208383083,0.03114087069122462,0,0.0,0.0
2026-04-01 13:30:00+00:00,5138.368815661175,0.0,5138.368815661175,5303.525208383083,0.03114087069122462,0,0.0,0.0
2026-04-01 14:30:00+00:00,5138.368815661175,0.0,5138.368815661175,5303.525208383083,0.03114087069122462,0,0.0,0.0
2026-04-01 15:30:00+00:00,5138.368815661175,0.0,5138.368815661175,5303.525208383083,0.03114087069122462,0,0.0,0.0
2026-04-01 16:30:00+00:00,5138.368815661175,0.0,5138.368815661175,5303.525208383083,0.03114087069122462,0,0.0,0.0
2026-04-01 17:30:00+00:00,5138.368815661175,0.0,5138.368815661175,5303.525208383083,0.03114087069122462,0,0.0,0.0
2026-04-01 18:30:00+00:00,5138.368815661175,0.0,5138.368815661175,5303.525208383083,0.03114087069122462,0,0.0,0.0
2026-04-01 19:30:00+00:00,5138.368815661175,0.0,5138.368815661175,5303.525208383083,0.03114087069122462,0,0.0,0.0
2026-04-02 13:30:00+00:00,5138.368815661175,0.0,5138.368815661175,5303.525208383083,0.03114087069122462,0,0.0,0.0
2026-04-02 14:30:00+00:00,5138.368815661175,0.0,5138.368815661175,5303.525208383083,0.03114087069122462,0,0.0,0.0
2026-04-02 15:30:00+00:00,5138.368815661175,0.0,5138.368815661175,5303.525208383083,0.03114087069122462,0,0.0,0.0
2026-04-02 16:30:00+00:00,5138.368815661175,0.0,5138.368815661175,5303.525208383083,0.03114087069122462,0,0.0,0.0
2026-04-02 17:30:00+00:00,5138.368815661175,0.0,5138.368815661175,5303.525208383083,0.03114087069122462,0,0.0,0.0
2026-04-02 18:30:00+00:00,5138.368815661175,0.0,5138.368815661175,5303.525208383083,0.03114087069122462,0,0.0,0.0
2026-04-02 19:30:00+00:00,5138.368815661175,0.0,5138.368815661175,5303.525208383083,0.03114087069122462,0,0.0,0.0
2026-04-06 13:30:00+00:00,5138.368815661175,0.0,5138.368815661175,5303.525208383083,0.03114087069122462,0,0.0,0.0
2026-04-06 14:30:00+00:00,5138.368815661175,0.0,5138.368815661175,5303.525208383083,0.03114087069122462,0,0.0,0.0
2026-04-06 15:30:00+00:00,5138.368815661175,0.0,5138.368815661175,5303.525208383083,0.03114087069122462,0,0.0,0.0
2026-04-06 16:30:00+00:00,5138.368815661175,0.0,5138.368815661175,5303.525208383083,0.03114087069122462,0,0.0,0.0
2026-04-06 17:30:00+00:00,5138.368815661175,0.0,5138.368815661175,5303.525208383083,0.03114087069122462,0,0.0,0.0
2026-04-06 18:30:00+00:00,5138.368815661175,0.0,5138.368815661175,5303.525208383083,0.03114087069122462,0,0.0,0.0
2026-04-06 19:30:00+00:00,5138.368815661175,0.0,5138.368815661175,5303.525208383083,0.03114087069122462,0,0.0,0.0
2026-04-07 13:30:00+00:00,5138.368815661175,0.0,5138.368815661175,5303.525208383083,0.03114087069122462,0,0.0,0.0
2026-04-07 14:30:00+00:00,5138.368815661175,0.0,5138.368815661175,5303.525208383083,0.03114087069122462,0,0.0,0.0
2026-04-07 15:30:00+00:00,5138.368815661175,0.0,5138.368815661175,5303.525208383083,0.03114087069122462,0,0.0,0.0
2026-04-07 16:30:00+00:00,5138.368815661175,0.0,5138.368815661175,5303.525208383083,0.03114087069122462,0,0.0,0.0
2026-04-07 17:30:00+00:00,5138.368815661175,0.0,5138.368815661175,5303.525208383083,0.03114087069122462,0,0.0,0.0
2026-04-07 18:30:00+00:00,5138.368815661175,0.0,5138.368815661175,5303.525208383083,0.03114087069122462,0,0.0,0.0
2026-04-07 19:30:00+00:00,5138.368815661175,0.0,5138.368815661175,5303.525208383083,0.03114087069122462,0,0.0,0.0
2026-04-08 13:30:00+00:00,5138.368815661175,0.0,5138.368815661175,5303.525208383083,0.03114087069122462,0,0.0,0.0
2026-04-08 14:30:00+00:00,5138.368815661175,0.0,5138.368815661175,5303.525208383083,0.03114087069122462,0,0.0,0.0
2026-04-08 15:30:00+00:00,5138.368815661175,0.0,5138.368815661175,5303.525208383083,0.03114087069122462,0,0.0,0.0
2026-04-08 16:30:00+00:00,5138.368815661175,0.0,5138.368815661175,5303.525208383083,0.03114087069122462,0,0.0,0.0
2026-04-08 17:30:00+00:00,5138.368815661175,0.0,5138.368815661175,5303.525208383083,0.03114087069122462,0,0.0,0.0
2026-04-08 18:30:00+00:00,5138.368815661175,0.0,5138.368815661175,5303.525208383083,0.03114087069122462,0,0.0,0.0
2026-04-08 19:30:00+00:00,5138.368815661175,0.0,5138.368815661175,5303.525208383083,0.03114087069122462,0,0.0,0.0
2026-04-09 13:30:00+00:00,5138.368815661175,0.0,5138.368815661175,5303.525208383083,0.03114087069122462,0,0.0,0.0
2026-04-09 14:30:00+00:00,5138.368815661175,0.0,5138.368815661175,5303.525208383083,0.03114087069122462,0,0.0,0.0
2026-04-09 15:30:00+00:00,5138.368815661175,0.0,5138.368815661175,5303.525208383083,0.03114087069122462,0,0.0,0.0
2026-04-09 16:30:00+00:00,5138.368815661175,0.0,5138.368815661175,5303.525208383083,0.03114087069122462,0,0.0,0.0
2026-04-09 17:30:00+00:00,5138.368815661175,0.0,5138.368815661175,5303.525208383083,0.03114087069122462,0,0.0,0.0
2026-04-09 18:30:00+00:00,5138.368815661175,0.0,5138.368815661175,5303.525208383083,0.03114087069122462,0,0.0,0.0
2026-04-09 19:30:00+00:00,5138.368815661175,0.0,5138.368815661175,5303.525208383083,0.03114087069122462,0,0.0,0.0
2026-04-10 13:30:00+00:00,5138.368815661175,0.0,5138.368815661175,5303.525208383083,0.03114087069122462,0,0.0,0.0
2026-04-10 14:30:00+00:00,5138.368815661175,0.0,5138.368815661175,5303.525208383083,0.03114087069122462,0,0.0,0.0
2026-04-10 15:30:00+00:00,5138.368815661175,0.0,5138.368815661175,5303.525208383083,0.03114087069122462,0,0.0,0.0
2026-04-10 16:30:00+00:00,5138.368815661175,0.0,5138.368815661175,5303.525208383083,0.03114087069122462,0,0.0,0.0
2026-04-10 17:30:00+00:00,5138.368815661175,0.0,5138.368815661175,5303.525208383083,0.03114087069122462,0,0.0,0.0
2026-04-10 18:30:00+00:00,5138.368815661175,0.0,5138.368815661175,5303.525208383083,0.03114087069122462,0,0.0,0.0
2026-04-10 19:30:00+00:00,5138.368815661175,0.0,5138.368815661175,5303.525208383083,0.03114087069122462,0,0.0,0.0
2026-04-13 13:30:00+00:00,5138.368815661175,0.0,5138.368815661175,5303.525208383083,0.03114087069122462,0,0.0,0.0
2026-04-13 14:30:00+00:00,4954.675668262103,183.61285939853678,5138.288527660639,5303.525208383083,0.031156009301371856,1,918.006733628549,51.383688156611754
2026-04-13 15:30:00+00:00,4954.675668262103,185.95121507428667,5140.626883336389,5303.525208383083,0.03071510337863692,1,918.006733628549,51.383688156611754
2026-04-13 16:30:00+00:00,4954.675668262103,186.1067328287554,5140.782401090858,5303.525208383083,0.030685779910121558,1,918.006733628549,51.383688156611754
2026-04-13 17:30:00+00:00,4954.675668262103,185.94546752617225,5140.621135788275,5303.525208383083,0.03071618710085733,1,918.006733628549,51.383688156611754
2026-04-13 18:30:00+00:00,4954.675668262103,186.19312181646,5140.868790078563,5303.525208383083,0.030669490935466004,1,918.006733628549,51.383688156611754
2026-04-13 19:30:00+00:00,4954.675668262103,187.18375655421096,5141.859424816314,5303.525208383083,0.030482702959765406,1,918.006733628549,51.383688156611754
2026-04-14 13:30:00+00:00,4954.675668262103,187.1952692270388,5141.870937489141,5303.525208383083,0.030480532201189625,1,918.006733628549,51.383688156611754
2026-04-14 14:30:00+00:00,4954.675668262103,184.94330253899443,5139.618970801097,5303.525208383083,0.030905149149268785,1,918.006733628549,51.383688156611754
2026-04-14 15:30:00+00:00,4954.675668262103,185.81299269395822,5140.488660956061,5303.525208383083,0.030741165738086162,1,918.006733628549,51.383688156611754
2026-04-14 16:30:00+00:00,4954.675668262103,185.45233844396444,5140.128006706067,5303.525208383083,0.030809168478871385,1,918.006733628549,51.383688156611754
2026-04-14 17:30:00+00:00,4954.675668262103,183.3824829057903,5138.058151167893,5303.525208383083,0.031199447671832026,1,918.006733628549,51.383688156611754
2026-04-14 18:30:00+00:00,4749.048335750019,390.8985345474666,5139.9468702974855,5303.525208383083,0.03084332244278487,2,1945.6295847633996,71.6552558514817
2026-04-14 19:30:00+00:00,4749.048335750019,392.0602887162495,5141.108624466268,5303.525208383083,0.0306242692426707,2,1945.6295847633996,71.6552558514817
2026-04-15 13:30:00+00:00,4440.607336981893,697.4137220772473,5138.0210590591405,5303.525208383083,0.03120644153106622,2,1945.6295847633996,71.6552558514817
2026-04-15 14:30:00+00:00,4440.607336981893,697.6837714678404,5138.291108449734,5303.525208383083,0.031155522683699144,2,1945.6295847633996,71.6552558514817
2026-04-15 15:30:00+00:00,4440.607336981893,699.023951914618,5139.631288896511,5303.525208383083,0.030902826525178173,2,1945.6295847633996,71.6552558514817
2026-04-15 16:30:00+00:00,4440.607336981893,703.706597395787,5144.31393437768,5303.525208383083,0.03001989577682096,2,1945.6295847633996,71.6552558514817
2026-04-15 17:30:00+00:00,3926.5390057016843,1216.6534894217425,5143.192495123427,5303.525208383083,0.03023134744532263,2,1945.6295847633996,71.6552558514817
2026-04-15 18:30:00+00:00,3926.5390057016843,1220.3400870816336,5146.879092783318,5303.525208383083,0.029536225330306753,2,1945.6295847633996,71.6552558514817
2026-04-15 19:30:00+00:00,3926.5390057016843,1216.986607989786,5143.52561369147,5303.525208383083,0.030168536662879775,2,1945.6295847633996,71.6552558514817
2026-04-16 13:30:00+00:00,4023.429578359111,1125.7498009368232,5149.179379295934,5303.525208383083,0.0291024974941535,2,1945.6295847633996,71.6552558514817
2026-04-16 14:30:00+00:00,4023.429578359111,1124.9493170034825,5148.3788953625935,5303.525208383083,0.029253431807065855,2,1945.6295847633996,71.6552558514817
2026-04-16 15:30:00+00:00,4023.429578359111,1125.4191746676393,5148.84875302675,5303.525208383083,0.029164838344096333,2,1945.6295847633996,71.6552558514817
2026-04-16 16:30:00+00:00,4023.429578359111,1125.3657196076879,5148.795297966799,5303.525208383083,0.029174917500478403,2,1945.6295847633996,71.6552558514817
2026-04-16 17:30:00+00:00,4023.429578359111,1121.3036658664173,5144.733244225528,5303.525208383083,0.02994083329830466,2,1945.6295847633996,71.6552558514817
2026-04-16 18:30:00+00:00,4023.429578359111,1123.8231161329863,5147.252694492097,5303.525208383083,0.029465781296555638,2,1945.6295847633996,71.6552558514817
2026-04-16 19:30:00+00:00,4119.547870741641,1028.5250938055442,5148.072964547186,5303.525208383083,0.02931111623457161,1,1027.6228511348506,20.271567694869944
2026-04-17 13:30:00+00:00,4119.547870741641,1026.8358650919454,5146.383735833587,5303.525208383083,0.029629626781279117,1,1027.6228511348506,20.271567694869944
2026-04-17 14:30:00+00:00,4119.547870741641,1029.1843142108582,5148.7321849525,5303.525208383083,0.02918681770115994,1,1027.6228511348506,20.271567694869944
2026-04-17 15:30:00+00:00,4119.547870741641,1036.847578539161,5156.3954492808025,5303.525208383083,0.027741879848090067,1,1027.6228511348506,20.271567694869944
2026-04-17 16:30:00+00:00,4119.547870741641,1040.8851935049533,5160.433064246595,5303.525208383083,0.026980572075024356,1,1027.6228511348506,20.271567694869944
2026-04-17 17:30:00+00:00,4119.547870741641,1047.8480597276293,5167.395930469271,5303.525208383083,0.025667696968544207,1,1027.6228511348506,20.271567694869944
2026-04-17 18:30:00+00:00,4643.60892694949,524.4802431516291,5168.089170101119,5303.525208383083,0.025536983979615235,1,1027.6228511348506,20.271567694869944
2026-04-17 19:30:00+00:00,4643.60892694949,525.180641257256,5168.789568206746,5303.525208383083,0.025404921233025513,1,1027.6228511348506,20.271567694869944
2026-04-20 13:30:00+00:00,4643.60892694949,527.4466721088247,5171.055599058314,5303.525208383083,0.024977652433022968,1,1027.6228511348506,20.271567694869944
2026-04-20 14:30:00+00:00,4643.60892694949,528.5178581174214,5172.126785066911,5303.525208383083,0.024775676206549413,1,1027.6228511348506,20.271567694869944
2026-04-20 15:30:00+00:00,4643.60892694949,528.4354398500773,5172.044366799567,5303.525208383083,0.024791216486666046,1,1027.6228511348506,20.271567694869944
2026-04-20 16:30:00+00:00,5172.603793991174,0.0,5172.603793991174,5303.525208383083,0.024685734346084787,0,0.0,0.0
2026-04-20 17:30:00+00:00,5172.603793991174,0.0,5172.603793991174,5303.525208383083,0.024685734346084787,0,0.0,0.0
2026-04-20 18:30:00+00:00,4965.5961901556475,206.6872318253536,5172.283421981001,5303.525208383083,0.024746141716199044,1,1034.5207587982347,32.906779163171834
2026-04-20 19:30:00+00:00,4965.5961901556475,206.9410820932435,5172.537272248891,5303.525208383083,0.024698277275489122,1,1034.5207587982347,32.906779163171834
2026-04-21 13:30:00+00:00,4965.5961901556475,206.5926242545047,5172.188814410152,5303.525208383083,0.02476398033619831,1,1034.5207587982347,32.906779163171834
2026-04-21 14:30:00+00:00,4655.084784402357,514.3083190471698,5169.393103449527,5303.525208383083,0.025291122350382778,1,1034.5207587982347,32.906779163171834
2026-04-21 15:30:00+00:00,4655.084784402357,519.2657882163103,5174.350572618668,5303.525208383083,0.024356372542593707,1,1034.5207587982347,32.906779163171834
2026-04-21 16:30:00+00:00,4655.084784402357,520.7557963677136,5175.840580770071,5303.525208383083,0.02407542579625821,1,1034.5207587982347,32.906779163171834
2026-04-21 17:30:00+00:00,4137.56577481354,1040.7436744061506,5178.309449219691,5303.525208383083,0.023609911189913513,1,1034.5207587982347,32.906779163171834
2026-04-21 18:30:00+00:00,4137.56577481354,1049.1226946920096,5186.68846950555,5303.525208383083,0.022030014808424703,1,1034.5207587982347,32.906779163171834
2026-04-21 19:30:00+00:00,4137.56577481354,1039.0459183090334,5176.611693122573,5303.525208383083,0.02393002960745849,1,1034.5207587982347,32.906779163171834
2026-04-22 13:30:00+00:00,5222.689155345342,0.0,5222.689155345342,5303.525208383083,0.015241947546504653,0,0.0,0.0
2026-04-22 14:30:00+00:00,5222.689155345342,0.0,5222.689155345342,5303.525208383083,0.015241947546504653,0,0.0,0.0
2026-04-22 15:30:00+00:00,5222.689155345342,0.0,5222.689155345342,5303.525208383083,0.015241947546504653,0,0.0,0.0
2026-04-22 16:30:00+00:00,5222.689155345342,0.0,5222.689155345342,5303.525208383083,0.015241947546504653,0,0.0,0.0
2026-04-22 17:30:00+00:00,5222.689155345342,0.0,5222.689155345342,5303.525208383083,0.015241947546504653,0,0.0,0.0
2026-04-22 18:30:00+00:00,5222.689155345342,0.0,5222.689155345342,5303.525208383083,0.015241947546504653,0,0.0,0.0
2026-04-22 19:30:00+00:00,5222.689155345342,0.0,5222.689155345342,5303.525208383083,0.015241947546504653,0,0.0,0.0
2026-04-23 13:30:00+00:00,5222.689155345342,0.0,5222.689155345342,5303.525208383083,0.015241947546504653,0,0.0,0.0
2026-04-23 14:30:00+00:00,5222.689155345342,0.0,5222.689155345342,5303.525208383083,0.015241947546504653,0,0.0,0.0
2026-04-23 15:30:00+00:00,5222.689155345342,0.0,5222.689155345342,5303.525208383083,0.015241947546504653,0,0.0,0.0
2026-04-23 16:30:00+00:00,5222.689155345342,0.0,5222.689155345342,5303.525208383083,0.015241947546504653,0,0.0,0.0
2026-04-23 17:30:00+00:00,5222.689155345342,0.0,5222.689155345342,5303.525208383083,0.015241947546504653,0,0.0,0.0
2026-04-23 18:30:00+00:00,5222.689155345342,0.0,5222.689155345342,5303.525208383083,0.015241947546504653,0,0.0,0.0
2026-04-23 19:30:00+00:00,5222.689155345342,0.0,5222.689155345342,5303.525208383083,0.015241947546504653,0,0.0,0.0
2026-04-24 13:30:00+00:00,5222.689155345342,0.0,5222.689155345342,5303.525208383083,0.015241947546504653,0,0.0,0.0
2026-04-24 14:30:00+00:00,4738.274713235941,488.04354172144394,5226.318254957385,5303.525208383083,0.014557666908730837,2,1595.067410504313,70.32109903499229
2026-04-24 15:30:00+00:00,4253.722991740348,983.7777256667732,5237.500717407122,5303.525208383083,0.012449170765060025,3,2640.291295477384,103.06134175343317
2026-04-24 16:30:00+00:00,4253.722991740348,983.4961745621922,5237.2191663025405,5303.525208383083,0.012502258304671554,3,2640.291295477384,103.06134175343317
2026-04-24 17:30:00+00:00,4253.722991740348,981.8749478292038,5235.597939569552,5303.525208383083,0.012807946817366078,3,2640.291295477384,103.06134175343317
2026-04-24 18:30:00+00:00,4253.722991740348,984.9974552388749,5238.720446979223,5303.525208383083,0.012219186080500766,3,2640.291295477384,103.06134175343317
2026-04-24 19:30:00+00:00,4359.933168395038,880.7198743070712,5240.653042702109,5303.525208383083,0.01185478775166271,3,2640.291295477384,103.06134175343317
2026-04-27 13:30:00+00:00,4765.555487233616,491.0650200871496,5256.620507320766,5303.525208383083,0.00884406111395053,2,1595.7534644083157,84.96608973406325
2026-04-27 14:30:00+00:00,4765.555487233616,491.49599389324703,5257.051481126863,5303.525208383083,0.008762799351412665,2,1595.7534644083157,84.96608973406325
2026-04-27 15:30:00+00:00,4765.555487233616,492.3028397823291,5257.858327015945,5303.525208383083,0.008610665467367551,2,1595.7534644083157,84.96608973406325
2026-04-27 16:30:00+00:00,4765.555487233616,493.504732501382,5259.060219734998,5303.525208383083,0.00838404398979764,2,1595.7534644083157,84.96608973406325
2026-04-27 17:30:00+00:00,4765.555487233616,494.9899130343656,5260.545400267982,5303.525208383083,0.008104007509413647,2,1595.7534644083157,84.96608973406325
2026-04-27 18:30:00+00:00,4765.555487233616,495.05760071694385,5260.61308795056,5303.525208383083,0.008091244737499004,2,1595.7534644083157,84.96608973406325
2026-04-27 19:30:00+00:00,4765.555487233616,495.6649042575209,5261.220391491137,5303.525208383083,0.007976735327867579,2,1595.7534644083157,84.96608973406325
2026-04-28 13:30:00+00:00,5036.863983640176,209.13958947169158,5246.003573111868,5303.525208383083,0.01084592474082946,1,1045.223884973071,32.74024271844089
2026-04-28 14:30:00+00:00,5036.863983640176,207.4779899009227,5244.341973541099,5303.525208383083,0.011159225706787512,1,1045.223884973071,32.74024271844089
2026-04-28 15:30:00+00:00,5036.863983640176,208.07585685163758,5244.939840491814,5303.525208383083,0.011046495602333617,1,1045.223884973071,32.74024271844089
2026-04-28 16:30:00+00:00,5036.863983640176,208.35001044005003,5245.213994080226,5303.525208383083,0.01099480289274124,1,1045.223884973071,32.74024271844089
2026-04-28 17:30:00+00:00,5036.863983640176,208.82498357166696,5245.688967211843,5303.525208383083,0.010905244888780752,1,1045.223884973071,32.74024271844089
2026-04-28 18:30:00+00:00,5036.863983640176,208.4370246525532,5245.301008292729,5303.525208383083,0.010978396029554194,1,1045.223884973071,32.74024271844089
2026-04-28 19:30:00+00:00,5036.863983640176,208.6639522542846,5245.527935894461,5303.525208383083,0.010935607960710358,1,1045.223884973071,32.74024271844089
2026-04-29 13:30:00+00:00,5036.863983640176,208.8939915722931,5245.757975212469,5303.525208383083,0.010892233165838983,1,1045.223884973071,32.74024271844089
2026-04-29 14:30:00+00:00,4826.929993262358,421.2057576190382,5248.135750881396,5303.525208383083,0.010443894452341729,2,2094.369264172561,56.2332697566799
2026-04-29 15:30:00+00:00,4826.929993262358,420.82062988617963,5247.750623148538,5303.525208383083,0.010516511762098224,2,2094.369264172561,56.2332697566799
2026-04-29 16:30:00+00:00,4826.929993262358,421.08678574906116,5248.016779011419,5303.525208383083,0.010466327054300284,2,2094.369264172561,56.2332697566799
2026-04-29 17:30:00+00:00,4826.929993262358,421.1403871274051,5248.070380389763,5303.525208383083,0.01045622030902471,2,2094.369264172561,56.2332697566799
2026-04-29 18:30:00+00:00,4826.929993262358,423.02583635097926,5249.955829613337,5303.525208383083,0.010100711633286963,2,2094.369264172561,56.2332697566799
2026-04-29 19:30:00+00:00,4934.140201965819,315.60982521405094,5249.75002717987,5303.525208383083,0.010139516470707544,2,2094.369264172561,56.2332697566799
2026-04-30 13:30:00+00:00,5126.570738915319,107.75427923972529,5234.325018155045,5303.525208383083,0.013047961027630395,1,1049.14537919949,23.493027038239017
2026-04-30 14:30:00+00:00,5126.570738915319,108.44923841965374,5235.019977334973,5303.525208383083,0.012916923811321923,1,1049.14537919949,23.493027038239017
2026-04-30 15:30:00+00:00,5126.570738915319,109.14418845802811,5235.714927373348,5303.525208383083,0.012785888318688543,1,1049.14537919949,23.493027038239017
2026-04-30 16:30:00+00:00,5126.570738915319,108.99441324553754,5235.565152160857,5303.525208383083,0.01281412900890977,1,1049.14537919949,23.493027038239017
2026-04-30 17:30:00+00:00,5126.570738915319,109.2640159412631,5235.834754856583,5303.525208383083,0.012763294387571622,1,1049.14537919949,23.493027038239017
2026-04-30 18:30:00+00:00,5236.129075671252,0.0,5236.129075671252,5303.525208383083,0.012707799070192038,0,0.0,0.0
2026-04-30 19:30:00+00:00,5236.129075671252,0.0,5236.129075671252,5303.525208383083,0.012707799070192038,0,0.0,0.0
2026-05-01 13:30:00+00:00,5236.129075671252,0.0,5236.129075671252,5303.525208383083,0.012707799070192038,0,0.0,0.0
2026-05-01 14:30:00+00:00,5236.129075671252,0.0,5236.129075671252,5303.525208383083,0.012707799070192038,0,0.0,0.0
2026-05-01 15:30:00+00:00,5236.129075671252,0.0,5236.129075671252,5303.525208383083,0.012707799070192038,0,0.0,0.0
2026-05-01 16:30:00+00:00,5047.380536383467,188.69541431746165,5236.075950700929,5303.525208383083,0.012717815986909908,1,943.2710609084731,52.36129075671253
2026-05-01 17:30:00+00:00,5047.380536383467,188.23084645011932,5235.6113828335865,5303.525208383083,0.012805412038420672,1,943.2710609084731,52.36129075671253
2026-05-01 18:30:00+00:00,5047.380536383467,188.07596423421364,5235.456500617681,5303.525208383083,0.012834615673704808,1,943.2710609084731,52.36129075671253
2026-05-01 19:30:00+00:00,4764.257727451789,469.2614777762956,5233.5192052280845,5303.525208383083,0.013199900142709331,1,943.2710609084731,52.36129075671253
2026-05-04 13:30:00+00:00,4764.257727451789,482.5524650481166,5246.8101924999055,5303.525208383083,0.010693833564424327,1,943.2710609084731,52.36129075671253
2026-05-04 14:30:00+00:00,4292.386379232325,953.4945270018497,5245.880906234175,5303.525208383083,0.010869054050651306,1,943.2710609084731,52.36129075671253
2026-05-04 15:30:00+00:00,4292.386379232325,953.8531740926928,5246.239553325018,5303.525208383083,0.010801429767414938,1,943.2710609084731,52.36129075671253
2026-05-04 16:30:00+00:00,4292.386379232325,953.0845887639407,5245.470967996266,5303.525208383083,0.010946349476203543,1,943.2710609084731,52.36129075671253
2026-05-04 17:30:00+00:00,4292.386379232325,951.2399057872108,5243.626285019536,5303.525208383083,0.011294171519891427,1,943.2710609084731,52.36129075671253
2026-05-04 18:30:00+00:00,4292.386379232325,946.7306633579337,5239.117042590259,5303.525208383083,0.01214440645837156,1,943.2710609084731,52.36129075671253
2026-05-04 19:30:00+00:00,4292.386379232325,946.0132909885233,5238.399670220849,5303.525208383083,0.012279669767439327,1,943.2710609084731,52.36129075671253
2026-05-05 13:30:00+00:00,4292.386379232325,937.9940452450701,5230.3804244773955,5303.525208383083,0.013791729280379417,1,943.2710609084731,52.36129075671253
2026-05-05 14:30:00+00:00,4292.386379232325,944.2198991588602,5236.606278391186,5303.525208383083,0.01261782066881112,1,943.2710609084731,52.36129075671253
2026-05-05 15:30:00+00:00,4292.386379232325,940.6330373118099,5233.019416544135,5303.525208383083,0.013294137214149848,1,943.2710609084731,52.36129075671253
2026-05-05 16:30:00+00:00,4082.9752983678773,1144.6884661984313,5227.663764566309,5303.525208383083,0.014303965916266925,2,1989.8031991615867,72.43198379493185
2026-05-05 17:30:00+00:00,4082.9752983678773,1148.117424593588,5231.092722961465,5303.525208383083,0.013657422671834563,2,1989.8031991615867,72.43198379493185
2026-05-05 18:30:00+00:00,3559.5832438756242,1681.3373702224344,5240.920614098059,5303.525208383083,0.011804336139680682,3,3036.0641776568445,82.4262241924318
2026-05-05 19:30:00+00:00,3036.1911893833712,2198.2675031458893,5234.458692529261,5303.525208383083,0.013022756212160758,3,3036.0641776568445,82.4262241924318
2026-05-06 13:30:00+00:00,3036.1911893833712,2206.8266669856566,5243.017856369028,5303.525208383083,0.011408893073311499,3,3036.0641776568445,82.4262241924318
2026-05-06 14:30:00+00:00,4071.75709645875,1148.6500084009672,5220.407104859717,5303.525208383083,0.01567223690989239,2,1989.8031991615867,72.43198379493185
2026-05-06 15:30:00+00:00,4071.75709645875,1149.7004781753044,5221.457574634054,5303.525208383083,0.015474166808768453,2,1989.8031991615867,72.43198379493185
2026-05-06 16:30:00+00:00,4071.75709645875,1152.3746536591184,5224.131750117868,5303.525208383083,0.014969940774434365,2,1989.8031991615867,72.43198379493185
2026-05-06 17:30:00+00:00,4178.364049446319,1046.7053385336203,5225.069387979939,5303.525208383083,0.014793145562715826,2,1989.8031991615867,72.43198379493185
2026-05-06 18:30:00+00:00,4178.364049446319,1044.3454070397465,5222.709456486065,5303.525208383083,0.015238119688631868,2,1989.8031991615867,72.43198379493185
2026-05-06 19:30:00+00:00,4178.364049446319,1048.1129896677821,5226.477039114101,5303.525208383083,0.014527727547555491,2,1989.8031991615867,72.43198379493185
2026-05-07 13:30:00+00:00,4672.188211012462,609.9927200095708,5282.180931022032,5303.525208383083,0.004024545283071834,2,1989.8031991615867,72.43198379493185
2026-05-07 14:30:00+00:00,5176.122971950796,106.45409207547164,5282.577064026268,5303.525208383083,0.003949852887227268,1,1046.5321382531135,20.07069303821933
2026-05-07 15:30:00+00:00,5176.122971950796,106.72168833621708,5282.8446602870135,5303.525208383083,0.003899396586892867,1,1046.5321382531135,20.07069303821933
2026-05-07 16:30:00+00:00,4964.7035286461105,316.87389992995577,5281.577428576066,5303.525208383083,0.00413833798174934,2,2103.101070310516,64.49978257845913
2026-05-07 17:30:00+00:00,4964.7035286461105,318.12799712736705,5282.831525773478,5303.525208383083,0.003901873149748658,2,2103.101070310516,64.49978257845913
2026-05-07 18:30:00+00:00,4964.7035286461105,318.3144311901133,5283.017959836224,5303.525208383083,0.0038667202928429623,2,2103.101070310516,64.49978257845913
2026-05-07 19:30:00+00:00,4964.7035286461105,316.93676132278597,5281.6402899688965,5303.525208383083,0.004126485225259935,2,2103.101070310516,64.49978257845913
2026-05-08 13:30:00+00:00,4647.574363689081,630.8799666189816,5278.454330308063,5303.525208383083,0.0047272101272172184,2,2103.101070310516,64.49978257845913
2026-05-08 14:30:00+00:00,4647.574363689081,632.2548818235036,5279.829245512585,5303.525208383083,0.004467964597027474,2,2103.101070310516,64.49978257845913
2026-05-08 15:30:00+00:00,4647.574363689081,632.4999686862184,5280.0743323752995,5303.525208383083,0.004421752529942813,2,2103.101070310516,64.49978257845913
2026-05-08 16:30:00+00:00,4647.574363689081,631.3385153859736,5278.912879075055,5303.525208383083,0.004640749000141331,2,2103.101070310516,64.49978257845913
2026-05-08 17:30:00+00:00,4647.574363689081,634.8671593610852,5282.441523050166,5303.525208383083,0.003975409657634987,2,2103.101070310516,64.49978257845913
2026-05-08 18:30:00+00:00,4647.574363689081,632.9218228435166,5280.496186532598,5303.525208383083,0.004342210312130557,2,2103.101070310516,64.49978257845913
2026-05-08 19:30:00+00:00,4647.574363689081,634.5427505799953,5282.117114269076,5303.525208383083,0.004036578176373595,2,2103.101070310516,64.49978257845913
2026-05-11 13:30:00+00:00,4752.1752509074795,526.8575027067081,5279.032753614188,5303.525208383083,0.004618146196454509,1,1056.5689320574027,44.42908954023981
2026-05-11 14:30:00+00:00,4752.1752509074795,525.9837078912169,5278.158958798696,5303.525208383083,0.004782903557107865,1,1056.5689320574027,44.42908954023981
2026-05-11 15:30:00+00:00,4752.1752509074795,524.8921268538415,5277.067377761321,5303.525208383083,0.004988725344406975,1,1056.5689320574027,44.42908954023981
2026-05-11 16:30:00+00:00,4752.1752509074795,521.5676408083691,5273.742891715849,5303.525208383083,0.00561556992699086,1,1056.5689320574027,44.42908954023981
2026-05-11 17:30:00+00:00,4752.1752509074795,523.3787529980718,5275.554003905551,5303.525208383083,0.005274077783833042,1,1056.5689320574027,44.42908954023981
2026-05-11 18:30:00+00:00,4752.1752509074795,525.5619529289352,5277.737203836415,5303.525208383083,0.004862427071319675,1,1056.5689320574027,44.42908954023981
2026-05-11 19:30:00+00:00,4752.1752509074795,525.2890482055627,5277.464299113042,5303.525208383083,0.004913884302623295,1,1056.5689320574027,44.42908954023981
2026-05-12 13:30:00+00:00,4752.1752509074795,531.7829237988462,5283.958174706326,5303.525208383083,0.003689439176385534,1,1056.5689320574027,44.42908954023981
2026-05-12 14:30:00+00:00,4752.1752509074795,533.8979070128944,5286.073157920374,5303.525208383083,0.003290650987219479,1,1056.5689320574027,44.42908954023981
2026-05-12 15:30:00+00:00,4752.1752509074795,533.1040264533385,5285.279277360818,5303.525208383083,0.0034403402087019863,1,1056.5689320574027,44.42908954023981
2026-05-12 16:30:00+00:00,4752.1752509074795,531.9627781948429,5284.138029102322,5303.525208383083,0.0036555269408573565,1,1056.5689320574027,44.42908954023981
2026-05-12 17:30:00+00:00,4752.1752509074795,531.0944725158324,5283.269723423312,5303.525208383083,0.003819249303793959,1,1056.5689320574027,44.42908954023981
2026-05-12 18:30:00+00:00,4752.1752509074795,532.2853122832221,5284.460563190702,5303.525208383083,0.003594711902612735,1,1056.5689320574027,44.42908954023981
2026-05-12 19:30:00+00:00,4540.699082322336,742.4515907120021,5283.150673034338,5303.525208383083,0.0038416967108102495,2,2113.4213487747597,56.36346447474615
2026-05-13 13:30:00+00:00,4755.542402748247,519.0867025435728,5274.6291052918195,5303.525208383083,0.00544847096146317,1,1056.5689320574027,44.42908954023981
2026-05-13 14:30:00+00:00,5060.608273220192,212.55935278313154,5273.167626003324,5303.525208383083,0.005724038481381033,1,1054.8886084986366,32.724789599510416
2026-05-13 15:30:00+00:00,5060.608273220192,213.72474349563436,5274.3330167158265,5303.525208383083,0.005504299597013929,1,1054.8886084986366,32.724789599510416
2026-05-13 16:30:00+00:00,5060.608273220192,214.49627005021102,5275.104543270403,5303.525208383083,0.005358825308825921,1,1054.8886084986366,32.724789599510416
2026-05-13 17:30:00+00:00,5060.608273220192,215.65087605373628,5276.259149273928,5303.525208383083,0.005141119922661197,1,1054.8886084986366,32.724789599510416
2026-05-13 18:30:00+00:00,5060.608273220192,215.3757095553783,5275.98398277557,5303.525208383083,0.005193003620305059,1,1054.8886084986366,32.724789599510416
2026-05-13 19:30:00+00:00,5060.608273220192,215.32715366717457,5275.935426887367,5303.525208383083,0.005202159019081498,1,1054.8886084986366,32.724789599510416
2026-05-14 13:30:00+00:00,5060.608273220192,212.06837684879883,5272.676650068991,5303.525208383083,0.005816613875112897,1,1054.8886084986366,32.724789599510416
2026-05-14 14:30:00+00:00,5060.608273220192,213.02874283430538,5273.6370160544975,5303.525208383083,0.005635533188631303,1,1054.8886084986366,32.724789599510416
2026-05-14 15:30:00+00:00,5060.608273220192,213.83804056810914,5274.446313788301,5303.525208383083,0.005482936999869015,1,1054.8886084986366,32.724789599510416
2026-05-14 16:30:00+00:00,5060.608273220192,214.41534356987177,5275.023616790064,5303.525208383083,0.005374084306786653,1,1054.8886084986366,32.724789599510416
2026-05-14 17:30:00+00:00,5060.608273220192,213.69237290349793,5274.30064612369,5303.525208383083,0.005510403196198332,1,1054.8886084986366,32.724789599510416
2026-05-14 18:30:00+00:00,5060.608273220192,214.21571942996616,5274.823992650158,5303.525208383083,0.0054117242032822865,1,1054.8886084986366,32.724789599510416
2026-05-14 19:30:00+00:00,5060.608273220192,214.302046497397,5274.910319717589,5303.525208383083,0.005395446903931567,1,1054.8886084986366,32.724789599510416
2026-05-15 13:30:00+00:00,5060.608273220192,212.90061061253436,5273.5088838327265,5303.525208383083,0.005659693010021116,1,1054.8886084986366,32.724789599510416
2026-05-15 14:30:00+00:00,5060.608273220192,212.35432805613527,5272.962601276327,5303.525208383083,0.0057626966792665435,1,1054.8886084986366,32.724789599510416
2026-05-15 15:30:00+00:00,5060.608273220192,212.2087097871381,5272.81698300733,5303.525208383083,0.005790153561863631,1,1054.8886084986366,32.724789599510416
2026-05-15 16:30:00+00:00,5060.608273220192,212.41906924040632,5273.027342460598,5303.525208383083,0.005750489480898069,1,1054.8886084986366,32.724789599510416
2026-05-15 17:30:00+00:00,5060.608273220192,211.51265973019508,5272.120932950387,5303.525208383083,0.005921396467213125,1,1054.8886084986366,32.724789599510416
2026-05-15 18:30:00+00:00,5060.608273220192,211.69609857403339,5272.3043717942255,5303.525208383083,0.005886808370309526,1,1054.8886084986366,32.724789599510416
2026-05-15 19:30:00+00:00,5060.608273220192,212.24103098365958,5272.849304203852,5303.525208383083,0.005784059276411679,1,1054.8886084986366,32.724789599510416
2026-05-18 13:30:00+00:00,5169.315232360102,108.45938133226628,5277.774613692368,5303.525208383083,0.004855373299633259,1,1054.8886084986366,32.724789599510416
2026-05-18 14:30:00+00:00,5169.315232360102,107.45585181304523,5276.771084173147,5303.525208383083,0.005044592635790046,1,1054.8886084986366,32.724789599510416
2026-05-18 15:30:00+00:00,5169.315232360102,107.03771794362092,5276.3529503037225,5303.525208383083,0.005123433379068398,1,1054.8886084986366,32.724789599510416
2026-05-18 16:30:00+00:00,5169.315232360102,107.46837360110203,5276.783605961204,5303.525208383083,0.005042231604671099,1,1054.8886084986366,32.724789599510416
2026-05-18 17:30:00+00:00,5169.315232360102,106.56292730535642,5275.878159665458,5303.525208383083,0.005212956973208005,1,1054.8886084986366,32.724789599510416
2026-05-18 18:30:00+00:00,5169.315232360102,106.15827843845454,5275.473510798556,5303.525208383083,0.005289255067589038,1,1054.8886084986366,32.724789599510416
2026-05-18 19:30:00+00:00,5275.320669495419,0.0,5275.320669495419,5303.525208383083,0.0053180738809504025,0,0.0,0.0
2026-05-19 13:30:00+00:00,5275.320669495419,0.0,5275.320669495419,5303.525208383083,0.0053180738809504025,0,0.0,0.0
2026-05-19 14:30:00+00:00,5275.320669495419,0.0,5275.320669495419,5303.525208383083,0.0053180738809504025,0,0.0,0.0
2026-05-19 15:30:00+00:00,4747.524836512402,526.2836574597286,5273.80849397213,5303.525208383083,0.005603200370195349,1,1055.0641338990838,30.8010543609683
2026-05-19 16:30:00+00:00,4747.524836512402,525.5724468366097,5273.097283349011,5303.525208383083,0.0057373018583893876,1,1055.0641338990838,30.8010543609683
2026-05-19 17:30:00+00:00,4747.524836512402,526.1494582766827,5273.674294789084,5303.525208383083,0.005628504140380852,1,1055.0641338990838,30.8010543609683
2026-05-19 18:30:00+00:00,4747.524836512402,525.2637928107879,5272.7886293231895,5303.525208383083,0.005795499757653477,1,1055.0641338990838,30.8010543609683
2026-05-19 19:30:00+00:00,4747.524836512402,522.4592059780398,5269.984042490441,5303.525208383083,0.006324315351537102,1,1055.0641338990838,30.8010543609683
2026-05-20 13:30:00+00:00,4747.524836512402,522.7007399364184,5270.22557644882,5303.525208383083,0.006278773198179044,1,1055.0641338990838,30.8010543609683
2026-05-20 14:30:00+00:00,4747.524836512402,517.2123332501114,5264.737169762513,5303.525208383083,0.0073136333092673755,1,1055.0641338990838,30.8010543609683
2026-05-20 15:30:00+00:00,4747.524836512402,516.43404351139,5263.958880023792,5303.525208383083,0.007460382821740996,1,1055.0641338990838,30.8010543609683
2026-05-20 16:30:00+00:00,5260.741144160842,0.0,5260.741144160842,5303.525208383083,0.008067099248366683,0,0.0,0.0
2026-05-20 17:30:00+00:00,5260.741144160842,0.0,5260.741144160842,5303.525208383083,0.008067099248366683,0,0.0,0.0
2026-05-20 18:30:00+00:00,5260.741144160842,0.0,5260.741144160842,5303.525208383083,0.008067099248366683,0,0.0,0.0
2026-05-20 19:30:00+00:00,5260.741144160842,0.0,5260.741144160842,5303.525208383083,0.008067099248366683,0,0.0,0.0
2026-05-21 13:30:00+00:00,5260.741144160842,0.0,5260.741144160842,5303.525208383083,0.008067099248366683,0,0.0,0.0
2026-05-21 14:30:00+00:00,5260.741144160842,0.0,5260.741144160842,5303.525208383083,0.008067099248366683,0,0.0,0.0
2026-05-21 15:30:00+00:00,5260.741144160842,0.0,5260.741144160842,5303.525208383083,0.008067099248366683,0,0.0,0.0
2026-05-21 16:30:00+00:00,5260.741144160842,0.0,5260.741144160842,5303.525208383083,0.008067099248366683,0,0.0,0.0
2026-05-21 17:30:00+00:00,5260.741144160842,0.0,5260.741144160842,5303.525208383083,0.008067099248366683,0,0.0,0.0
2026-05-21 18:30:00+00:00,5260.741144160842,0.0,5260.741144160842,5303.525208383083,0.008067099248366683,0,0.0,0.0
2026-05-21 19:30:00+00:00,5260.741144160842,0.0,5260.741144160842,5303.525208383083,0.008067099248366683,0,0.0,0.0
2026-05-22 13:30:00+00:00,5260.741144160842,0.0,5260.741144160842,5303.525208383083,0.008067099248366683,0,0.0,0.0
2026-05-22 14:30:00+00:00,5260.741144160842,0.0,5260.741144160842,5303.525208383083,0.008067099248366683,0,0.0,0.0
2026-05-22 15:30:00+00:00,5260.741144160842,0.0,5260.741144160842,5303.525208383083,0.008067099248366683,0,0.0,0.0
2026-05-22 16:30:00+00:00,5260.741144160842,0.0,5260.741144160842,5303.525208383083,0.008067099248366683,0,0.0,0.0
2026-05-22 17:30:00+00:00,5260.741144160842,0.0,5260.741144160842,5303.525208383083,0.008067099248366683,0,0.0,0.0
2026-05-22 18:30:00+00:00,5260.741144160842,0.0,5260.741144160842,5303.525208383083,0.008067099248366683,0,0.0,0.0
2026-05-22 19:30:00+00:00,4734.403992687549,526.3997172108848,5260.803709898434,5303.525208383083,0.00805530223880535,1,1052.1482288321683,17.091114423757013
2026-05-26 13:30:00+00:00,5252.859177518219,0.0,5252.859177518219,5303.525208383083,0.00955327426082142,0,0.0,0.0
2026-05-26 14:30:00+00:00,5252.859177518219,0.0,5252.859177518219,5303.525208383083,0.00955327426082142,0,0.0,0.0
2026-05-26 15:30:00+00:00,5252.859177518219,0.0,5252.859177518219,5303.525208383083,0.00955327426082142,0,0.0,0.0
2026-05-26 16:30:00+00:00,5252.859177518219,0.0,5252.859177518219,5303.525208383083,0.00955327426082142,0,0.0,0.0
2026-05-26 17:30:00+00:00,5252.859177518219,0.0,5252.859177518219,5303.525208383083,0.00955327426082142,0,0.0,0.0
2026-05-26 18:30:00+00:00,5252.859177518219,0.0,5252.859177518219,5303.525208383083,0.00955327426082142,0,0.0,0.0
2026-05-26 19:30:00+00:00,5252.859177518219,0.0,5252.859177518219,5303.525208383083,0.00955327426082142,0,0.0,0.0
2026-05-27 13:30:00+00:00,5252.859177518219,0.0,5252.859177518219,5303.525208383083,0.00955327426082142,0,0.0,0.0
2026-05-27 14:30:00+00:00,5252.859177518219,0.0,5252.859177518219,5303.525208383083,0.00955327426082142,0,0.0,0.0
2026-05-27 15:30:00+00:00,5252.859177518219,0.0,5252.859177518219,5303.525208383083,0.00955327426082142,0,0.0,0.0
2026-05-27 16:30:00+00:00,5252.859177518219,0.0,5252.859177518219,5303.525208383083,0.00955327426082142,0,0.0,0.0
2026-05-27 17:30:00+00:00,5252.859177518219,0.0,5252.859177518219,5303.525208383083,0.00955327426082142,0,0.0,0.0
2026-05-27 18:30:00+00:00,5252.859177518219,0.0,5252.859177518219,5303.525208383083,0.00955327426082142,0,0.0,0.0
2026-05-27 19:30:00+00:00,5252.859177518219,0.0,5252.859177518219,5303.525208383083,0.00955327426082142,0,0.0,0.0
2026-05-28 13:30:00+00:00,5252.859177518219,0.0,5252.859177518219,5303.525208383083,0.00955327426082142,0,0.0,0.0
2026-05-28 14:30:00+00:00,5252.859177518219,0.0,5252.859177518219,5303.525208383083,0.00955327426082142,0,0.0,0.0
2026-05-28 15:30:00+00:00,5066.077707142514,187.23389166587822,5253.311598808392,5303.525208383083,0.00946796849297904,1,933.4406315627466,52.52859177518219
2026-05-28 16:30:00+00:00,5066.077707142514,188.01913999325916,5254.096847135773,5303.525208383083,0.009319906911949949,1,933.4406315627466,52.52859177518219
2026-05-28 17:30:00+00:00,5066.077707142514,188.42366724245585,5254.5013743849695,5303.525208383083,0.009243631749053072,1,933.4406315627466,52.52859177518219
2026-05-28 18:30:00+00:00,5066.077707142514,187.81605470044542,5253.893761842959,5303.525208383083,0.00935819942208882,1,933.4406315627466,52.52859177518219
2026-05-28 19:30:00+00:00,5066.077707142514,187.50315456094359,5253.580861703457,5303.525208383083,0.009417197942357403,1,933.4406315627466,52.52859177518219
2026-05-29 13:30:00+00:00,5164.62533101514,98.80535867841445,5263.430689693554,5303.525208383083,0.007559975132418129,1,933.4406315627466,52.52859177518219
2026-05-29 14:30:00+00:00,5164.62533101514,98.64162463096636,5263.266955646106,5303.525208383083,0.007590847814457846,1,933.4406315627466,52.52859177518219
2026-05-29 15:30:00+00:00,5164.62533101514,99.7640900355891,5264.389421050729,5303.525208383083,0.007379202661372042,1,933.4406315627466,52.52859177518219
2026-05-29 16:30:00+00:00,5164.62533101514,100.87562947366678,5265.500960488806,5303.525208383083,0.00716961764114421,1,933.4406315627466,52.52859177518219
2026-05-29 17:30:00+00:00,5164.62533101514,101.46502096780841,5266.090351982948,5303.525208383083,0.007058485616503352,1,933.4406315627466,52.52859177518219
2026-05-29 18:30:00+00:00,5164.62533101514,101.58512887444431,5266.210459889584,5303.525208383083,0.007035838810479644,1,933.4406315627466,52.52859177518219
2026-05-29 19:30:00+00:00,5164.62533101514,102.51656752250256,5267.141898537642,5303.525208383083,0.00686021248431723,1,933.4406315627466,52.52859177518219
2026-06-01 13:30:00+00:00,5268.423187635695,0.0,5268.423187635695,5303.525208383083,0.006618620515257079,0,0.0,0.0
2026-06-01 14:30:00+00:00,5268.423187635695,0.0,5268.423187635695,5303.525208383083,0.006618620515257079,0,0.0,0.0
2026-06-01 15:30:00+00:00,5268.423187635695,0.0,5268.423187635695,5303.525208383083,0.006618620515257079,0,0.0,0.0
2026-06-01 16:30:00+00:00,5057.580891666515,212.7020393353214,5270.282931001836,5303.525208383083,0.006267958777437688,1,1053.684637527139,48.504335530339205
2026-06-01 17:30:00+00:00,5057.580891666515,212.8631172988371,5270.444008965352,5303.525208383083,0.006237586910200932,1,1053.684637527139,48.504335530339205
2026-06-01 18:30:00+00:00,4741.317447712744,526.8721863129731,5268.189634025717,5303.525208383083,0.006662657943345307,1,1053.684637527139,48.504335530339205
2026-06-01 19:30:00+00:00,4741.317447712744,529.0604255437229,5270.377873256467,5303.525208383083,0.006250057051528923,1,1053.684637527139,48.504335530339205
2026-06-02 13:30:00+00:00,4214.211707789793,1086.4533043862957,5300.665012176089,5303.525208383083,0.000539300954480848,1,1053.684637527139,48.504335530339205
2026-06-02 14:30:00+00:00,4760.811581231015,551.6411535250281,5312.452734756043,5312.452734756043,0.0,1,1053.684637527139,48.504335530339205
2026-06-02 15:30:00+00:00,4760.811581231015,547.3996525286148,5308.21123375963,5312.452734756043,0.0007984072909795747,1,1053.684637527139,48.504335530339205
2026-06-02 16:30:00+00:00,4760.811581231015,548.4043405033754,5309.215921734391,5312.452734756043,0.0006092878719610173,1,1053.684637527139,48.504335530339205
2026-06-02 17:30:00+00:00,4760.811581231015,551.0384104254827,5311.849991656498,5312.452734756043,0.00011345853405941853,1,1053.684637527139,48.504335530339205
2026-06-02 18:30:00+00:00,4760.811581231015,554.5325713015336,5315.344152532549,5315.344152532549,0.0,1,1053.684637527139,48.504335530339205
2026-06-02 19:30:00+00:00,4760.811581231015,559.3648992092703,5320.176480440286,5320.176480440286,0.0,1,1053.684637527139,48.504335530339205
2026-06-03 13:30:00+00:00,5331.4658267539035,0.0,5331.4658267539035,5331.4658267539035,0.0,0,0.0,0.0
2026-06-03 14:30:00+00:00,5331.4658267539035,0.0,5331.4658267539035,5331.4658267539035,0.0,0,0.0,0.0
2026-06-03 15:30:00+00:00,5331.4658267539035,0.0,5331.4658267539035,5331.4658267539035,0.0,0,0.0,0.0
2026-06-03 16:30:00+00:00,5331.4658267539035,0.0,5331.4658267539035,5331.4658267539035,0.0,0,0.0,0.0
2026-06-03 17:30:00+00:00,5331.4658267539035,0.0,5331.4658267539035,5331.4658267539035,0.0,0,0.0,0.0
2026-06-03 18:30:00+00:00,5331.4658267539035,0.0,5331.4658267539035,5331.4658267539035,0.0,0,0.0,0.0
2026-06-03 19:30:00+00:00,5331.4658267539035,0.0,5331.4658267539035,5331.4658267539035,0.0,0,0.0,0.0
2026-06-04 13:30:00+00:00,5331.4658267539035,0.0,5331.4658267539035,5331.4658267539035,0.0,0,0.0,0.0
2026-06-04 14:30:00+00:00,5118.100564367212,213.4532781939779,5331.55384256119,5331.55384256119,0.0,1,1066.2931653507808,41.73318018389141
2026-06-04 15:30:00+00:00,4798.052670787176,530.9155354371969,5328.968206224373,5331.586291665632,0.0004910518742521353,1,1066.2931653507808,41.73318018389141
2026-06-04 16:30:00+00:00,4798.052670787176,529.9180673649907,5327.970738152167,5331.586291665632,0.0006781384217897646,1,1066.2931653507808,41.73318018389141
2026-06-04 17:30:00+00:00,4584.831354013303,740.0104343356525,5324.841788348956,5331.586291665632,0.0012650087511890673,2,2131.86696232166,86.26634388855263
2026-06-04 18:30:00+00:00,4584.831354013303,742.0568491081303,5326.888203121433,5331.586291665632,0.0008811802505275246,2,2131.86696232166,86.26634388855263
2026-06-04 19:30:00+00:00,4811.192825164624,526.0505102430188,5337.243335407643,5337.243335407643,0.0,1,1066.2931653507808,41.73318018389141
2026-06-05 13:30:00+00:00,4811.192825164624,517.8981018734585,5329.090927038083,5338.9735763128665,0.0018510391807574633,1,1066.2931653507808,41.73318018389141
2026-06-05 14:30:00+00:00,5325.218434663301,0.0,5325.218434663301,5338.9735763128665,0.0025763644365262017,0,0.0,0.0
2026-06-05 15:30:00+00:00,5325.218434663301,0.0,5325.218434663301,5338.9735763128665,0.0025763644365262017,0,0.0,0.0
2026-06-05 16:30:00+00:00,5325.218434663301,0.0,5325.218434663301,5338.9735763128665,0.0025763644365262017,0,0.0,0.0
2026-06-05 17:30:00+00:00,5325.218434663301,0.0,5325.218434663301,5338.9735763128665,0.0025763644365262017,0,0.0,0.0
2026-06-05 18:30:00+00:00,5325.218434663301,0.0,5325.218434663301,5338.9735763128665,0.0025763644365262017,0,0.0,0.0
2026-06-05 19:30:00+00:00,5325.218434663301,0.0,5325.218434663301,5338.9735763128665,0.0025763644365262017,0,0.0,0.0
2026-06-08 13:30:00+00:00,5325.218434663301,0.0,5325.218434663301,5338.9735763128665,0.0025763644365262017,0,0.0,0.0
2026-06-08 14:30:00+00:00,5325.218434663301,0.0,5325.218434663301,5338.9735763128665,0.0025763644365262017,0,0.0,0.0
2026-06-08 15:30:00+00:00,5325.218434663301,0.0,5325.218434663301,5338.9735763128665,0.0025763644365262017,0,0.0,0.0
2026-06-08 16:30:00+00:00,5325.218434663301,0.0,5325.218434663301,5338.9735763128665,0.0025763644365262017,0,0.0,0.0
2026-06-08 17:30:00+00:00,5325.218434663301,0.0,5325.218434663301,5338.9735763128665,0.0025763644365262017,0,0.0,0.0
2026-06-08 18:30:00+00:00,5325.218434663301,0.0,5325.218434663301,5338.9735763128665,0.0025763644365262017,0,0.0,0.0
2026-06-08 19:30:00+00:00,5325.218434663301,0.0,5325.218434663301,5338.9735763128665,0.0025763644365262017,0,0.0,0.0
2026-06-09 13:30:00+00:00,5325.218434663301,0.0,5325.218434663301,5338.9735763128665,0.0025763644365262017,0,0.0,0.0
2026-06-09 14:30:00+00:00,5325.218434663301,0.0,5325.218434663301,5338.9735763128665,0.0025763644365262017,0,0.0,0.0
2026-06-09 15:30:00+00:00,5325.218434663301,0.0,5325.218434663301,5338.9735763128665,0.0025763644365262017,0,0.0,0.0
2026-06-09 16:30:00+00:00,5325.218434663301,0.0,5325.218434663301,5338.9735763128665,0.0025763644365262017,0,0.0,0.0
2026-06-09 17:30:00+00:00,5325.218434663301,0.0,5325.218434663301,5338.9735763128665,0.0025763644365262017,0,0.0,0.0
2026-06-09 18:30:00+00:00,5325.218434663301,0.0,5325.218434663301,5338.9735763128665,0.0025763644365262017,0,0.0,0.0
2026-06-09 19:30:00+00:00,5325.218434663301,0.0,5325.218434663301,5338.9735763128665,0.0025763644365262017,0,0.0,0.0
2026-06-10 13:30:00+00:00,5325.218434663301,0.0,5325.218434663301,5338.9735763128665,0.0025763644365262017,0,0.0,0.0
2026-06-10 14:30:00+00:00,5325.218434663301,0.0,5325.218434663301,5338.9735763128665,0.0025763644365262017,0,0.0,0.0
2026-06-10 15:30:00+00:00,5325.218434663301,0.0,5325.218434663301,5338.9735763128665,0.0025763644365262017,0,0.0,0.0
2026-06-10 16:30:00+00:00,5325.218434663301,0.0,5325.218434663301,5338.9735763128665,0.0025763644365262017,0,0.0,0.0
2026-06-10 17:30:00+00:00,5325.218434663301,0.0,5325.218434663301,5338.9735763128665,0.0025763644365262017,0,0.0,0.0
2026-06-10 18:30:00+00:00,5325.218434663301,0.0,5325.218434663301,5338.9735763128665,0.0025763644365262017,0,0.0,0.0
2026-06-10 19:30:00+00:00,5325.218434663301,0.0,5325.218434663301,5338.9735763128665,0.0025763644365262017,0,0.0,0.0
2026-06-11 13:30:00+00:00,5325.218434663301,0.0,5325.218434663301,5338.9735763128665,0.0025763644365262017,0,0.0,0.0
2026-06-11 14:30:00+00:00,5325.218434663301,0.0,5325.218434663301,5338.9735763128665,0.0025763644365262017,0,0.0,0.0
2026-06-11 15:30:00+00:00,5325.218434663301,0.0,5325.218434663301,5338.9735763128665,0.0025763644365262017,0,0.0,0.0
2026-06-11 16:30:00+00:00,5325.218434663301,0.0,5325.218434663301,5338.9735763128665,0.0025763644365262017,0,0.0,0.0
2026-06-11 17:30:00+00:00,5325.218434663301,0.0,5325.218434663301,5338.9735763128665,0.0025763644365262017,0,0.0,0.0
2026-06-11 18:30:00+00:00,5325.218434663301,0.0,5325.218434663301,5338.9735763128665,0.0025763644365262017,0,0.0,0.0
2026-06-11 19:30:00+00:00,5325.218434663301,0.0,5325.218434663301,5338.9735763128665,0.0025763644365262017,0,0.0,0.0
2026-06-12 13:30:00+00:00,5325.218434663301,0.0,5325.218434663301,5338.9735763128665,0.0025763644365262017,0,0.0,0.0
2026-06-12 14:30:00+00:00,5325.218434663301,0.0,5325.218434663301,5338.9735763128665,0.0025763644365262017,0,0.0,0.0
2026-06-12 15:30:00+00:00,5325.218434663301,0.0,5325.218434663301,5338.9735763128665,0.0025763644365262017,0,0.0,0.0
2026-06-12 16:30:00+00:00,5325.218434663301,0.0,5325.218434663301,5338.9735763128665,0.0025763644365262017,0,0.0,0.0
2026-06-12 17:30:00+00:00,5325.218434663301,0.0,5325.218434663301,5338.9735763128665,0.0025763644365262017,0,0.0,0.0
2026-06-12 18:30:00+00:00,5325.218434663301,0.0,5325.218434663301,5338.9735763128665,0.0025763644365262017,0,0.0,0.0
2026-06-12 19:30:00+00:00,5325.218434663301,0.0,5325.218434663301,5338.9735763128665,0.0025763644365262017,0,0.0,0.0
2026-06-15 13:30:00+00:00,5325.218434663301,0.0,5325.218434663301,5338.9735763128665,0.0025763644365262017,0,0.0,0.0
2026-06-15 14:30:00+00:00,5325.218434663301,0.0,5325.218434663301,5338.9735763128665,0.0025763644365262017,0,0.0,0.0
2026-06-15 15:30:00+00:00,5325.218434663301,0.0,5325.218434663301,5338.9735763128665,0.0025763644365262017,0,0.0,0.0
2026-06-15 16:30:00+00:00,5325.218434663301,0.0,5325.218434663301,5338.9735763128665,0.0025763644365262017,0,0.0,0.0
2026-06-15 17:30:00+00:00,5325.218434663301,0.0,5325.218434663301,5338.9735763128665,0.0025763644365262017,0,0.0,0.0
2026-06-15 18:30:00+00:00,5325.218434663301,0.0,5325.218434663301,5338.9735763128665,0.0025763644365262017,0,0.0,0.0
2026-06-15 19:30:00+00:00,5325.218434663301,0.0,5325.218434663301,5338.9735763128665,0.0025763644365262017,0,0.0,0.0
2026-06-16 13:30:00+00:00,5325.218434663301,0.0,5325.218434663301,5338.9735763128665,0.0025763644365262017,0,0.0,0.0
2026-06-16 14:30:00+00:00,5325.218434663301,0.0,5325.218434663301,5338.9735763128665,0.0025763644365262017,0,0.0,0.0
2026-06-16 15:30:00+00:00,5325.218434663301,0.0,5325.218434663301,5338.9735763128665,0.0025763644365262017,0,0.0,0.0
2026-06-16 16:30:00+00:00,5325.218434663301,0.0,5325.218434663301,5338.9735763128665,0.0025763644365262017,0,0.0,0.0
2026-06-16 17:30:00+00:00,5325.218434663301,0.0,5325.218434663301,5338.9735763128665,0.0025763644365262017,0,0.0,0.0
2026-06-16 18:30:00+00:00,5325.218434663301,0.0,5325.218434663301,5338.9735763128665,0.0025763644365262017,0,0.0,0.0
2026-06-16 19:30:00+00:00,5325.218434663301,0.0,5325.218434663301,5338.9735763128665,0.0025763644365262017,0,0.0,0.0
2026-06-17 13:30:00+00:00,5325.218434663301,0.0,5325.218434663301,5338.9735763128665,0.0025763644365262017,0,0.0,0.0
2026-06-17 14:30:00+00:00,5325.218434663301,0.0,5325.218434663301,5338.9735763128665,0.0025763644365262017,0,0.0,0.0
2026-06-17 15:30:00+00:00,5325.218434663301,0.0,5325.218434663301,5338.9735763128665,0.0025763644365262017,0,0.0,0.0
2026-06-17 16:30:00+00:00,5325.218434663301,0.0,5325.218434663301,5338.9735763128665,0.0025763644365262017,0,0.0,0.0
2026-06-17 17:30:00+00:00,5325.218434663301,0.0,5325.218434663301,5338.9735763128665,0.0025763644365262017,0,0.0,0.0
2026-06-17 18:30:00+00:00,5325.218434663301,0.0,5325.218434663301,5338.9735763128665,0.0025763644365262017,0,0.0,0.0
2026-06-17 19:30:00+00:00,5325.218434663301,0.0,5325.218434663301,5338.9735763128665,0.0025763644365262017,0,0.0,0.0
2026-06-18 13:30:00+00:00,5325.218434663301,0.0,5325.218434663301,5338.9735763128665,0.0025763644365262017,0,0.0,0.0
2026-06-18 14:30:00+00:00,5325.218434663301,0.0,5325.218434663301,5338.9735763128665,0.0025763644365262017,0,0.0,0.0
2026-06-18 15:30:00+00:00,5325.218434663301,0.0,5325.218434663301,5338.9735763128665,0.0025763644365262017,0,0.0,0.0
2026-06-18 16:30:00+00:00,5325.218434663301,0.0,5325.218434663301,5338.9735763128665,0.0025763644365262017,0,0.0,0.0
2026-06-18 17:30:00+00:00,5325.218434663301,0.0,5325.218434663301,5338.9735763128665,0.0025763644365262017,0,0.0,0.0
2026-06-18 18:30:00+00:00,5325.218434663301,0.0,5325.218434663301,5338.9735763128665,0.0025763644365262017,0,0.0,0.0
2026-06-18 19:30:00+00:00,5325.218434663301,0.0,5325.218434663301,5338.9735763128665,0.0025763644365262017,0,0.0,0.0
2026-06-22 13:30:00+00:00,5325.218434663301,0.0,5325.218434663301,5338.9735763128665,0.0025763644365262017,0,0.0,0.0
2026-06-22 14:30:00+00:00,4907.71233824053,418.14184308793847,5325.854181328468,5338.9735763128665,0.0024572878657059816,1,834.5948953978447,53.252184346633015
2026-06-22 15:30:00+00:00,4907.71233824053,420.55918624581136,5328.271524486341,5338.9735763128665,0.0020045148516948386,1,834.5948953978447,53.252184346633015
2026-06-22 16:30:00+00:00,4490.206241817758,839.2122396442273,5329.418481461986,5338.9735763128665,0.0017896876083585145,1,834.5948953978447,53.252184346633015
2026-06-22 17:30:00+00:00,4276.925947724906,1053.1501407777496,5330.076088502656,5338.9735763128665,0.0016665165472415921,2,1900.4634315940066,85.69478001785639
2026-06-22 18:30:00+00:00,3957.005506585628,1368.3979654492118,5325.40347203484,5338.9735763128665,0.0025417065816231155,2,1900.4634315940066,85.69478001785639
2026-06-22 19:30:00+00:00,3957.005506585628,1376.480355984792,5333.48586257042,5338.9735763128665,0.0010278593186513474,2,1900.4634315940066,85.69478001785639
2026-06-23 13:30:00+00:00,3957.005506585628,1322.7597187924625,5279.765225378091,5338.9735763128665,0.011089837791567692,2,1900.4634315940066,85.69478001785639
2026-06-23 14:30:00+00:00,4738.51684830649,531.6939484808518,5270.210796787342,5338.9735763128665,0.012879400608124536,1,1065.8685361961618,32.44259567122337
2026-06-23 15:30:00+00:00,4738.51684830649,531.0442600370097,5269.5611083435,5338.9735763128665,0.013001088500854463,1,1065.8685361961618,32.44259567122337
2026-06-23 16:30:00+00:00,4738.51684830649,534.8472707023702,5273.36411900886,5338.9735763128665,0.012288777302643439,1,1065.8685361961618,32.44259567122337
2026-06-23 17:30:00+00:00,4738.51684830649,535.5286335735091,5274.045481879999,5338.9735763128665,0.012161156728875855,1,1065.8685361961618,32.44259567122337
2026-06-23 18:30:00+00:00,4738.51684830649,534.4511227506055,5272.967971057095,5338.9735763128665,0.012362976574488926,1,1065.8685361961618,32.44259567122337
2026-06-23 19:30:00+00:00,4738.51684830649,535.338490293927,5273.855338600417,5338.9735763128665,0.012196770930157141,1,1065.8685361961618,32.44259567122337
2026-06-24 13:30:00+00:00,5297.503773606075,0.0,5297.503773606075,5338.9735763128665,0.00776737365601099,0,0.0,0.0
2026-06-24 14:30:00+00:00,5297.503773606075,0.0,5297.503773606075,5338.9735763128665,0.00776737365601099,0,0.0,0.0
2026-06-24 15:30:00+00:00,5297.503773606075,0.0,5297.503773606075,5338.9735763128665,0.00776737365601099,0,0.0,0.0
2026-06-24 16:30:00+00:00,5297.503773606075,0.0,5297.503773606075,5338.9735763128665,0.00776737365601099,0,0.0,0.0
2026-06-24 17:30:00+00:00,5297.503773606075,0.0,5297.503773606075,5338.9735763128665,0.00776737365601099,0,0.0,0.0
2026-06-24 18:30:00+00:00,5297.503773606075,0.0,5297.503773606075,5338.9735763128665,0.00776737365601099,0,0.0,0.0
2026-06-24 19:30:00+00:00,5297.503773606075,0.0,5297.503773606075,5338.9735763128665,0.00776737365601099,0,0.0,0.0
2026-06-25 13:30:00+00:00,5297.503773606075,0.0,5297.503773606075,5338.9735763128665,0.00776737365601099,0,0.0,0.0
2026-06-25 14:30:00+00:00,5297.503773606075,0.0,5297.503773606075,5338.9735763128665,0.00776737365601099,0,0.0,0.0
2026-06-25 15:30:00+00:00,5297.503773606075,0.0,5297.503773606075,5338.9735763128665,0.00776737365601099,0,0.0,0.0
2026-06-25 16:30:00+00:00,5297.503773606075,0.0,5297.503773606075,5338.9735763128665,0.00776737365601099,0,0.0,0.0
2026-06-25 17:30:00+00:00,5297.503773606075,0.0,5297.503773606075,5338.9735763128665,0.00776737365601099,0,0.0,0.0
2026-06-25 18:30:00+00:00,5297.503773606075,0.0,5297.503773606075,5338.9735763128665,0.00776737365601099,0,0.0,0.0
2026-06-25 19:30:00+00:00,5297.503773606075,0.0,5297.503773606075,5338.9735763128665,0.00776737365601099,0,0.0,0.0
2026-06-26 13:30:00+00:00,5297.503773606075,0.0,5297.503773606075,5338.9735763128665,0.00776737365601099,0,0.0,0.0
2026-06-26 14:30:00+00:00,5297.503773606075,0.0,5297.503773606075,5338.9735763128665,0.00776737365601099,0,0.0,0.0
2026-06-26 15:30:00+00:00,5297.503773606075,0.0,5297.503773606075,5338.9735763128665,0.00776737365601099,0,0.0,0.0
2026-06-26 16:30:00+00:00,5297.503773606075,0.0,5297.503773606075,5338.9735763128665,0.00776737365601099,0,0.0,0.0
2026-06-26 17:30:00+00:00,5297.503773606075,0.0,5297.503773606075,5338.9735763128665,0.00776737365601099,0,0.0,0.0
2026-06-26 18:30:00+00:00,5297.503773606075,0.0,5297.503773606075,5338.9735763128665,0.00776737365601099,0,0.0,0.0
2026-06-26 19:30:00+00:00,5297.503773606075,0.0,5297.503773606075,5338.9735763128665,0.00776737365601099,0,0.0,0.0
2026-06-29 13:30:00+00:00,5297.503773606075,0.0,5297.503773606075,5338.9735763128665,0.00776737365601099,0,0.0,0.0
2026-06-29 14:30:00+00:00,5297.503773606075,0.0,5297.503773606075,5338.9735763128665,0.00776737365601099,0,0.0,0.0
2026-06-29 15:30:00+00:00,5297.503773606075,0.0,5297.503773606075,5338.9735763128665,0.00776737365601099,0,0.0,0.0
2026-06-29 16:30:00+00:00,5297.503773606075,0.0,5297.503773606075,5338.9735763128665,0.00776737365601099,0,0.0,0.0
2026-06-29 17:30:00+00:00,5297.503773606075,0.0,5297.503773606075,5338.9735763128665,0.00776737365601099,0,0.0,0.0
2026-06-29 18:30:00+00:00,5297.503773606075,0.0,5297.503773606075,5338.9735763128665,0.00776737365601099,0,0.0,0.0
2026-06-29 19:30:00+00:00,5297.503773606075,0.0,5297.503773606075,5338.9735763128665,0.00776737365601099,0,0.0,0.0
2026-06-30 13:30:00+00:00,5297.503773606075,0.0,5297.503773606075,5338.9735763128665,0.00776737365601099,0,0.0,0.0
2026-06-30 14:30:00+00:00,5297.503773606075,0.0,5297.503773606075,5338.9735763128665,0.00776737365601099,0,0.0,0.0
2026-06-30 15:30:00+00:00,5297.503773606075,0.0,5297.503773606075,5338.9735763128665,0.00776737365601099,0,0.0,0.0
2026-06-30 16:30:00+00:00,5297.503773606075,0.0,5297.503773606075,5338.9735763128665,0.00776737365601099,0,0.0,0.0
2026-06-30 17:30:00+00:00,5297.503773606075,0.0,5297.503773606075,5338.9735763128665,0.00776737365601099,0,0.0,0.0
2026-06-30 18:30:00+00:00,5297.503773606075,0.0,5297.503773606075,5338.9735763128665,0.00776737365601099,0,0.0,0.0
2026-06-30 19:30:00+00:00,5297.503773606075,0.0,5297.503773606075,5338.9735763128665,0.00776737365601099,0,0.0,0.0
2026-07-01 13:30:00+00:00,5297.503773606075,0.0,5297.503773606075,5338.9735763128665,0.00776737365601099,0,0.0,0.0
2026-07-01 14:30:00+00:00,5297.503773606075,0.0,5297.503773606075,5338.9735763128665,0.00776737365601099,0,0.0,0.0
2026-07-01 15:30:00+00:00,5186.04342020261,111.14557972990406,5297.188999932514,5338.9735763128665,0.00782633136933586,1,557.0232553896318,26.487518868030374
2026-07-01 16:30:00+00:00,5018.852890097412,278.18074097182125,5297.033631069233,5338.9735763128665,0.007855432255687966,1,557.0232553896318,26.487518868030374
2026-07-01 17:30:00+00:00,5018.852890097412,278.5284793271503,5297.381369424562,5338.9735763128665,0.007790300194186139,1,557.0232553896318,26.487518868030374
2026-07-01 18:30:00+00:00,5018.852890097412,277.1904260616602,5296.043316159072,5338.9735763128665,0.008040920139455454,1,557.0232553896318,26.487518868030374
2026-07-01 19:30:00+00:00,5018.852890097412,276.1547319074916,5295.007622004903,5338.9735763128665,0.008234907642739597,1,557.0232553896318,26.487518868030374
2026-07-02 13:30:00+00:00,4759.47717041545,549.6997783206043,5309.176948736054,5338.9735763128665,0.0055809655453267215,2,1616.7142213155907,46.50362806879777
2026-07-02 14:30:00+00:00,4759.47717041545,548.7195756790607,5308.196746094511,5338.9735763128665,0.005764559381769896,2,1616.7142213155907,46.50362806879777
2026-07-02 15:30:00+00:00,4759.47717041545,547.6099306214282,5307.087101036878,5338.9735763128665,0.005972398031235282,2,1616.7142213155907,46.50362806879777
2026-07-02 16:30:00+00:00,4759.47717041545,545.2513420535315,5304.7285124689815,5338.9735763128665,0.006414166197753479,2,1616.7142213155907,46.50362806879777
2026-07-02 17:30:00+00:00,4759.47717041545,546.4702464282936,5305.947416843744,5338.9735763128665,0.00618586306844604,2,1616.7142213155907,46.50362806879777
2026-07-02 18:30:00+00:00,4759.47717041545,547.0917817778572,5306.568952193307,5338.9735763128665,0.006069448304319547,2,1616.7142213155907,46.50362806879777
2026-07-02 19:30:00+00:00,4759.47717041545,548.6934071939704,5308.17057760942,5338.9735763128665,0.005769460789262548,2,1616.7142213155907,46.50362806879777
2026-07-06 13:30:00+00:00,5025.192851594226,275.73139223919225,5300.924243833419,5338.9735763128665,0.007126713016198383,1,557.0232553896318,26.487518868030374
2026-07-06 14:30:00+00:00,5025.192851594226,276.83512065395007,5302.027972248176,5338.9735763128665,0.0069199825653014635,1,557.0232553896318,26.487518868030374
2026-07-06 15:30:00+00:00,5025.192851594226,276.3059345334341,5301.49878612766,5338.9735763128665,0.007019100141545609,1,557.0232553896318,26.487518868030374
2026-07-06 16:30:00+00:00,5025.192851594226,276.33617967267855,5301.529031266905,5338.9735763128665,0.007013435168903959,1,557.0232553896318,26.487518868030374
2026-07-06 17:30:00+00:00,5025.192851594226,275.09638273674136,5300.289234330968,5338.9735763128665,0.007245651515026652,1,557.0232553896318,26.487518868030374
2026-07-06 18:30:00+00:00,5025.192851594226,275.08127170226,5300.274123296486,5338.9735763128665,0.007248481840793519,1,557.0232553896318,26.487518868030374
2026-07-06 19:30:00+00:00,5025.192851594226,273.7356513843888,5298.928502978615,5338.9735763128665,0.0075005191095002255,1,557.0232553896318,26.487518868030374
2026-07-07 13:30:00+00:00,5025.192851594226,278.09000555408693,5303.282857148313,5338.9735763128665,0.00668494021451993,1,557.0232553896318,26.487518868030374
2026-07-07 14:30:00+00:00,5025.192851594226,276.2152221859815,5301.408073780208,5338.9735763128665,0.007036090738362755,1,557.0232553896318,26.487518868030374
2026-07-07 15:30:00+00:00,5025.192851594226,274.0229225315097,5299.215774125736,5338.9735763128665,0.007446712672173894,1,557.0232553896318,26.487518868030374
2026-07-07 16:30:00+00:00,5025.192851594226,274.70328820768646,5299.896139801913,5338.9735763128665,0.007319278874936996,1,557.0232553896318,26.487518868030374
2026-07-07 17:30:00+00:00,5025.192851594226,275.5650785787684,5300.757930172995,5338.9735763128665,0.007157863884065807,1,557.0232553896318,26.487518868030374
2026-07-07 18:30:00+00:00,5025.192851594226,274.1665581050702,5299.3594096992965,5338.9735763128665,0.007419809453510728,1,557.0232553896318,26.487518868030374
2026-07-07 19:30:00+00:00,5025.192851594226,275.08127170226,5300.274123296486,5338.9735763128665,0.007248481840793519,1,557.0232553896318,26.487518868030374
2026-07-08 13:30:00+00:00,5291.337261557592,0.0,5291.337261557592,5338.9735763128665,0.008922373200463185,0,0.0,0.0
2026-07-08 14:30:00+00:00,5291.337261557592,0.0,5291.337261557592,5338.9735763128665,0.008922373200463185,0,0.0,0.0
2026-07-08 15:30:00+00:00,5291.337261557592,0.0,5291.337261557592,5338.9735763128665,0.008922373200463185,0,0.0,0.0
2026-07-08 16:30:00+00:00,5291.337261557592,0.0,5291.337261557592,5338.9735763128665,0.008922373200463185,0,0.0,0.0
2026-07-08 17:30:00+00:00,5079.577944350057,211.927280524872,5291.505224874929,5338.9735763128665,0.008890913348688967,1,1058.2674523115184,13.477045376699065
2026-07-08 18:30:00+00:00,5079.577944350057,211.8958179092906,5291.4737622593475,5338.9735763128665,0.008896806356985754,1,1058.2674523115184,13.477045376699065
2026-07-08 19:30:00+00:00,5079.577944350057,211.5999963326385,5291.177940682695,5338.9735763128665,0.00895221430617743,1,1058.2674523115184,13.477045376699065
2026-07-09 13:30:00+00:00,5079.577944350057,213.51967687376055,5293.097621223817,5338.9735763128665,0.008592654455640059,1,1058.2674523115184,13.477045376699065
2026-07-09 14:30:00+00:00,5079.577944350057,213.77145463019042,5293.349398980247,5338.9735763128665,0.008545495998526276,1,1058.2674523115184,13.477045376699065
2026-07-09 15:30:00+00:00,5186.6988068939945,106.90460872603308,5293.603415620028,5338.9735763128665,0.008497918194263043,1,1058.2674523115184,13.477045376699065
2026-07-09 16:30:00+00:00,5186.6988068939945,107.17209858230581,5293.8709054763,5338.9735763128665,0.008447816830686516,1,1058.2674523115184,13.477045376699065
2026-07-09 17:30:00+00:00,5186.6988068939945,106.52538624776116,5293.224193141756,5338.9735763128665,0.008568947292431739,1,1058.2674523115184,13.477045376699065
2026-07-09 18:30:00+00:00,5186.6988068939945,106.61192764855423,5293.310734542549,5338.9735763128665,0.008552737921930786,1,1058.2674523115184,13.477045376699065
2026-07-09 19:30:00+00:00,5186.6988068939945,106.58675563529505,5293.28556252929,5338.9735763128665,0.00855745268833663,1,1058.2674523115184,13.477045376699065
2026-07-10 13:30:00+00:00,5186.6988068939945,107.69136619500841,5294.390173089003,5338.9735763128665,0.008350557009996096,1,1058.2674523115184,13.477045376699065
2026-07-10 14:30:00+00:00,4656.993180991276,635.1203728319115,5292.113553823187,5338.9735763128665,0.008776972168879071,2,2117.149263211507,51.03156873555449
2026-07-10 15:30:00+00:00,4656.993180991276,632.2911610621259,5289.284342053402,5338.9735763128665,0.009306888964560223,2,2117.149263211507,51.03156873555449
2026-07-10 16:30:00+00:00,4656.993180991276,632.6965707302643,5289.68975172154,5338.9735763128665,0.009230954955458337,2,2117.149263211507,51.03156873555449
2026-07-10 17:30:00+00:00,4656.993180991276,633.5425167882549,5290.535697779531,5338.9735763128665,0.00907250763484524,2,2117.149263211507,51.03156873555449
2026-07-10 18:30:00+00:00,4656.993180991276,635.101471735703,5292.094652726979,5338.9735763128665,0.008780512380483163,2,2117.149263211507,51.03156873555449
2026-07-10 19:30:00+00:00,4656.993180991276,635.7672112555274,5292.760392246803,5338.9735763128665,0.008655818090408718,2,2117.149263211507,51.03156873555449
2026-07-13 13:30:00+00:00,4765.461074220614,536.4371313267711,5301.898205547385,5338.9735763128665,0.006944288117471054,1,1058.8818108999883,37.55452335885542
2026-07-13 14:30:00+00:00,4235.755448317895,1074.6968112300437,5310.452259547938,5338.9735763128665,0.005342097382063704,1,1058.8818108999883,37.55452335885542
2026-07-13 15:30:00+00:00,4235.755448317895,1081.3280612896297,5317.083509607524,5338.9735763128665,0.004100051515980696,1,1058.8818108999883,37.55452335885542
2026-07-13 16:30:00+00:00,4235.755448317895,1087.8292920252188,5323.5847403431135,5338.9735763128665,0.002882358518878525,1,1058.8818108999883,37.55452335885542
2026-07-13 17:30:00+00:00,4235.755448317895,1089.8229657491265,5325.578414067021,5338.9735763128665,0.002508939603161675,1,1058.8818108999883,37.55452335885542
2026-07-13 18:30:00+00:00,4235.755448317895,1084.8820330354365,5320.637481353331,5338.9735763128665,0.003434385785478722,1,1058.8818108999883,37.55452335885542
2026-07-13 19:30:00+00:00,4235.755448317895,1088.2193499972082,5323.974798315103,5338.9735763128665,0.002809299911935903,1,1058.8818108999883,37.55452335885542
2026-07-14 13:30:00+00:00,4235.755448317895,1066.2885422305853,5302.04399054848,5338.9735763128665,0.006916982306904407,1,1058.8818108999883,37.55452335885542
2026-07-14 14:30:00+00:00,4235.755448317895,1064.3815039667152,5300.13695228461,5338.9735763128665,0.007274174234643382,1,1058.8818108999883,37.55452335885542
2026-07-14 15:30:00+00:00,4235.755448317895,1071.5545232542672,5307.309971572162,5338.9735763128665,0.005930653952135101,1,1058.8818108999883,37.55452335885542
2026-07-14 16:30:00+00:00,4235.755448317895,1072.4863504542227,5308.241798772117,5338.9735763128665,0.0057561209287670945,1,1058.8818108999883,37.55452335885542
2026-07-14 17:30:00+00:00,4235.755448317895,1067.6321193345093,5303.387567652404,5338.9735763128665,0.006665327736092408,1,1058.8818108999883,37.55452335885542
2026-07-14 18:30:00+00:00,4235.755448317895,1067.935475712523,5303.690924030418,5338.9735763128665,0.006608508504141186,1,1058.8818108999883,37.55452335885542
2026-07-14 19:30:00+00:00,4235.755448317895,1068.1521966304963,5303.907644948391,5338.9735763128665,0.006567916260168505,1,1058.8818108999883,37.55452335885542
2026-07-15 13:30:00+00:00,4235.755448317895,1083.3001092154973,5319.055557533392,5338.9735763128665,0.0037306831537514684,1,1058.8818108999883,37.55452335885542
2026-07-15 14:30:00+00:00,4154.703263052152,1159.0704933202223,5313.773756372374,5338.9735763128665,0.004719974650613579,2,1463.9402080301384,64.14015749554314
2026-07-15 15:30:00+00:00,4154.703263052152,1162.1561427604756,5316.859405812627,5338.9735763128665,0.004142026586973935,2,1463.9402080301384,64.14015749554314
2026-07-15 16:30:00+00:00,4033.124985153537,1275.46374295945,5308.588728112987,5338.9735763128665,0.005691140397226513,2,1463.9402080301384,64.14015749554314
2026-07-15 17:30:00+00:00,4033.124985153537,1270.093557120325,5303.218542273862,5338.9735763128665,0.006696986513969105,2,1463.9402080301384,64.14015749554314
2026-07-15 18:30:00+00:00,4033.124985153537,1270.5091692693918,5303.634154422929,5338.9735763128665,0.006619141560603725,2,1463.9402080301384,64.14015749554314
2026-07-15 19:30:00+00:00,5105.118454604559,202.62101396984872,5307.7394685744075,5338.9735763128665,0.00585020833911476,1,405.05839713015,26.58563413668772
2026-07-16 13:30:00+00:00,5105.118454604559,201.6866810146721,5306.805135619231,5338.9735763128665,0.006025210695245864,1,405.05839713015,26.58563413668772
2026-07-16 14:30:00+00:00,4860.66143277917,445.53793748283624,5306.199370262007,5338.9735763128665,0.0061386717095337495,2,893.7281059265285,53.11963058847694
2026-07-16 15:30:00+00:00,4860.66143277917,445.21518343209664,5305.876616211267,5338.9735763128665,0.006199124162823866,2,893.7281059265285,53.11963058847694
2026-07-16 16:30:00+00:00,4860.66143277917,443.5922193591068,5304.253652138277,5338.9735763128665,0.006503108449277484,2,893.7281059265285,53.11963058847694
2026-07-16 17:30:00+00:00,4860.66143277917,441.1748901208648,5301.836322900035,5338.9735763128665,0.006955878856115039,2,893.7281059265285,53.11963058847694
2026-07-16 18:30:00+00:00,4860.66143277917,440.34533556828046,5301.006768347451,5338.9735763128665,0.007111256016298917,2,893.7281059265285,53.11963058847694
2026-07-16 19:30:00+00:00,4860.66143277917,438.4202847792676,5299.081717558438,5338.9735763128665,0.007471821724575389,2,893.7281059265285,53.11963058847694
2026-07-17 13:30:00+00:00,4860.66143277917,441.37837466394467,5302.039807443115,5338.9735763128665,0.006917765810569576,2,893.7281059265285,53.11963058847694
2026-07-17 14:30:00+00:00,4860.66143277917,443.29645894402347,5303.957891723194,5338.9735763128665,0.006558504942789867,2,893.7281059265285,53.11963058847694
2026-07-17 15:30:00+00:00,4860.66143277917,444.2900691276409,5304.951501906811,5338.9735763128665,0.006372399847978105,2,893.7281059265285,53.11963058847694
2026-07-17 16:30:00+00:00,4860.66143277917,444.48271259576086,5305.144145374931,5338.9735763128665,0.006336317356584131,2,893.7281059265285,53.11963058847694
2026-07-17 17:30:00+00:00,4860.66143277917,443.7531956558041,5304.4146284349745,5338.9735763128665,0.006472957279881952,2,893.7281059265285,53.11963058847694
2026-07-17 18:30:00+00:00,4860.66143277917,440.32133155757674,5300.982764336747,5338.9735763128665,0.0071157520135838315,2,893.7281059265285,53.11963058847694
2026-07-17 19:30:00+00:00,4860.66143277917,438.7837202551982,5299.445153034369,5338.9735763128665,0.007403749562251316,2,893.7281059265285,53.11963058847694
2026-07-20 13:30:00+00:00,4860.66143277917,435.8877292449697,5296.54916202414,5338.9735763128665,0.007946174237862591,2,893.7281059265285,53.11963058847694
2026-07-20 14:30:00+00:00,4860.66143277917,436.0971674991779,5296.758600278348,5338.9735763128665,0.007906946050793562,2,893.7281059265285,53.11963058847694
2026-07-20 15:30:00+00:00,4860.66143277917,435.5092976227543,5296.170730401925,5338.9735763128665,0.008017055207173662,2,893.7281059265285,53.11963058847694
2026-07-20 16:30:00+00:00,4860.66143277917,435.8675672031568,5296.528999982327,5338.9735763128665,0.007949950626998992,2,893.7281059265285,53.11963058847694
2026-07-20 17:30:00+00:00,4860.66143277917,436.7160425015145,5297.377475280685,5338.9735763128665,0.007791029574809816,2,893.7281059265285,53.11963058847694
2026-07-20 18:30:00+00:00,4860.66143277917,434.95894384668827,5295.620376625859,5338.9735763128665,0.008120137525937654,2,893.7281059265285,53.11963058847694
2026-07-20 19:30:00+00:00,5058.459297497757,237.03117663135072,5295.4904741291075,5338.9735763128665,0.008144468512951253,1,488.6697087963786,26.533996451789218
2026-07-21 13:30:00+00:00,5058.459297497757,243.09332829938558,5301.552625797142,5338.9735763128665,0.007009015868096324,1,488.6697087963786,26.533996451789218
2026-07-21 14:30:00+00:00,5058.459297497757,243.73716280631743,5302.196460304074,5338.9735763128665,0.006888424428987516,1,488.6697087963786,26.533996451789218
2026-07-21 15:30:00+00:00,5058.459297497757,244.09090125264174,5302.5501987503985,5338.9735763128665,0.006822168538923923,1,488.6697087963786,26.533996451789218
2026-07-21 16:30:00+00:00,5058.459297497757,244.5185060366739,5302.977803534431,5338.9735763128665,0.006742077342007491,1,488.6697087963786,26.533996451789218
2026-07-21 17:30:00+00:00,5058.459297497757,243.99011984668869,5302.4494173444455,5338.9735763128665,0.006841045089727715,1,488.6697087963786,26.533996451789218
2026-07-21 18:30:00+00:00,5058.459297497757,244.3161541278023,5302.775451625559,5338.9735763128665,0.00677997824299148,1,488.6697087963786,26.533996451789218
2026-07-21 19:30:00+00:00,5303.681435732234,0.0,5303.681435732234,5338.9735763128665,0.006610285680605621,0,0.0,0.0
2026-07-22 13:30:00+00:00,5303.681435732234,0.0,5303.681435732234,5338.9735763128665,0.006610285680605621,0,0.0,0.0
2026-07-22 14:30:00+00:00,5303.681435732234,0.0,5303.681435732234,5338.9735763128665,0.006610285680605621,0,0.0,0.0
2026-07-22 15:30:00+00:00,5303.681435732234,0.0,5303.681435732234,5338.9735763128665,0.006610285680605621,0,0.0,0.0
2026-07-22 16:30:00+00:00,5303.681435732234,0.0,5303.681435732234,5338.9735763128665,0.006610285680605621,0,0.0,0.0
2026-07-22 17:30:00+00:00,5303.681435732234,0.0,5303.681435732234,5338.9735763128665,0.006610285680605621,0,0.0,0.0
2026-07-22 18:30:00+00:00,5303.681435732234,0.0,5303.681435732234,5338.9735763128665,0.006610285680605621,0,0.0,0.0
2026-07-22 19:30:00+00:00,5303.681435732234,0.0,5303.681435732234,5338.9735763128665,0.006610285680605621,0,0.0,0.0
2026-07-23 13:30:00+00:00,5303.681435732234,0.0,5303.681435732234,5338.9735763128665,0.006610285680605621,0,0.0,0.0
2026-07-23 14:30:00+00:00,5303.681435732234,0.0,5303.681435732234,5338.9735763128665,0.006610285680605621,0,0.0,0.0
2026-07-23 15:30:00+00:00,5303.681435732234,0.0,5303.681435732234,5338.9735763128665,0.006610285680605621,0,0.0,0.0
2026-07-23 16:30:00+00:00,5303.681435732234,0.0,5303.681435732234,5338.9735763128665,0.006610285680605621,0,0.0,0.0
2026-07-23 17:30:00+00:00,5303.681435732234,0.0,5303.681435732234,5338.9735763128665,0.006610285680605621,0,0.0,0.0
2026-07-23 18:30:00+00:00,5303.681435732234,0.0,5303.681435732234,5338.9735763128665,0.006610285680605621,0,0.0,0.0
2026-07-23 19:30:00+00:00,5303.681435732234,0.0,5303.681435732234,5338.9735763128665,0.006610285680605621,0,0.0,0.0
2026-07-24 13:30:00+00:00,5303.681435732234,0.0,5303.681435732234,5338.9735763128665,0.006610285680605621,0,0.0,0.0
2026-07-24 14:30:00+00:00,5303.681435732234,0.0,5303.681435732234,5338.9735763128665,0.006610285680605621,0,0.0,0.0
2026-07-24 15:30:00+00:00,5303.681435732234,0.0,5303.681435732234,5338.9735763128665,0.006610285680605621,0,0.0,0.0
2026-07-24 16:30:00+00:00,5303.681435732234,0.0,5303.681435732234,5338.9735763128665,0.006610285680605621,0,0.0,0.0
2026-07-24 17:30:00+00:00,5303.681435732234,0.0,5303.681435732234,5338.9735763128665,0.006610285680605621,0,0.0,0.0
2026-07-24 18:30:00+00:00,5303.681435732234,0.0,5303.681435732234,5338.9735763128665,0.006610285680605621,0,0.0,0.0
2026-07-24 19:30:00+00:00,5303.681435732234,0.0,5303.681435732234,5338.9735763128665,0.006610285680605621,0,0.0,0.0
2026-07-27 13:30:00+00:00,5303.681435732234,0.0,5303.681435732234,5338.9735763128665,0.006610285680605621,0,0.0,0.0
2026-07-27 14:30:00+00:00,5303.681435732234,0.0,5303.681435732234,5338.9735763128665,0.006610285680605621,0,0.0,0.0
2026-07-27 15:30:00+00:00,5303.681435732234,0.0,5303.681435732234,5338.9735763128665,0.006610285680605621,0,0.0,0.0
2026-07-27 16:30:00+00:00,5303.681435732234,0.0,5303.681435732234,5338.9735763128665,0.006610285680605621,0,0.0,0.0
2026-07-27 17:30:00+00:00,5303.681435732234,0.0,5303.681435732234,5338.9735763128665,0.006610285680605621,0,0.0,0.0
2026-07-27 18:30:00+00:00,5303.681435732234,0.0,5303.681435732234,5338.9735763128665,0.006610285680605621,0,0.0,0.0
2026-07-27 19:30:00+00:00,5303.681435732234,0.0,5303.681435732234,5338.9735763128665,0.006610285680605621,0,0.0,0.0
2026-07-28 13:30:00+00:00,5303.681435732234,0.0,5303.681435732234,5338.9735763128665,0.006610285680605621,0,0.0,0.0
2026-07-28 14:30:00+00:00,5303.681435732234,0.0,5303.681435732234,5338.9735763128665,0.006610285680605621,0,0.0,0.0
2026-07-28 15:30:00+00:00,5303.681435732234,0.0,5303.681435732234,5338.9735763128665,0.006610285680605621,0,0.0,0.0
2026-07-28 16:30:00+00:00,5303.681435732234,0.0,5303.681435732234,5338.9735763128665,0.006610285680605621,0,0.0,0.0
2026-07-28 17:30:00+00:00,5303.681435732234,0.0,5303.681435732234,5338.9735763128665,0.006610285680605621,0,0.0,0.0
2026-07-28 18:30:00+00:00,5303.681435732234,0.0,5303.681435732234,5338.9735763128665,0.006610285680605621,0,0.0,0.0
2026-07-28 19:30:00+00:00,5303.681435732234,0.0,5303.681435732234,5338.9735763128665,0.006610285680605621,0,0.0,0.0
2026-07-29 13:30:00+00:00,5303.681435732234,0.0,5303.681435732234,5338.9735763128665,0.006610285680605621,0,0.0,0.0
2026-07-29 14:30:00+00:00,5303.681435732234,0.0,5303.681435732234,5338.9735763128665,0.006610285680605621,0,0.0,0.0
2026-07-29 15:30:00+00:00,5303.681435732234,0.0,5303.681435732234,5338.9735763128665,0.006610285680605621,0,0.0,0.0
2026-07-29 16:30:00+00:00,5303.681435732234,0.0,5303.681435732234,5338.9735763128665,0.006610285680605621,0,0.0,0.0
2026-07-29 17:30:00+00:00,5303.681435732234,0.0,5303.681435732234,5338.9735763128665,0.006610285680605621,0,0.0,0.0
2026-07-29 18:30:00+00:00,5303.681435732234,0.0,5303.681435732234,5338.9735763128665,0.006610285680605621,0,0.0,0.0
2026-07-29 19:30:00+00:00,5303.681435732234,0.0,5303.681435732234,5338.9735763128665,0.006610285680605621,0,0.0,0.0
2026-07-30 13:30:00+00:00,5303.681435732234,0.0,5303.681435732234,5338.9735763128665,0.006610285680605621,0,0.0,0.0
2026-07-30 14:30:00+00:00,5303.681435732234,0.0,5303.681435732234,5338.9735763128665,0.006610285680605621,0,0.0,0.0
2026-07-30 15:30:00+00:00,5303.681435732234,0.0,5303.681435732234,5338.9735763128665,0.006610285680605621,0,0.0,0.0
2026-07-30 16:30:00+00:00,5303.681435732234,0.0,5303.681435732234,5338.9735763128665,0.006610285680605621,0,0.0,0.0
2026-07-30 17:30:00+00:00,5303.681435732234,0.0,5303.681435732234,5338.9735763128665,0.006610285680605621,0,0.0,0.0
2026-07-30 18:30:00+00:00,5303.681435732234,0.0,5303.681435732234,5338.9735763128665,0.006610285680605621,0,0.0,0.0
2026-07-30 19:30:00+00:00,5303.681435732234,0.0,5303.681435732234,5338.9735763128665,0.006610285680605621,0,0.0,0.0
2026-07-31 13:30:00+00:00,5303.681435732234,0.0,5303.681435732234,5338.9735763128665,0.006610285680605621,0,0.0,0.0
2026-07-31 14:30:00+00:00,5303.681435732234,0.0,5303.681435732234,5338.9735763128665,0.006610285680605621,0,0.0,0.0
2026-07-31 15:30:00+00:00,5303.681435732234,0.0,5303.681435732234,5338.9735763128665,0.006610285680605621,0,0.0,0.0
2026-07-31 16:30:00+00:00,5303.681435732234,0.0,5303.681435732234,5338.9735763128665,0.006610285680605621,0,0.0,0.0
2026-07-31 17:30:00+00:00,5303.681435732234,0.0,5303.681435732234,5338.9735763128665,0.006610285680605621,0,0.0,0.0
2026-07-31 18:30:00+00:00,5303.681435732234,0.0,5303.681435732234,5338.9735763128665,0.006610285680605621,0,0.0,0.0
2026-07-31 19:30:00+00:00,5303.681435732234,0.0,5303.681435732234,5338.9735763128665,0.006610285680605621,0,0.0,0.0
2026-08-03 13:30:00+00:00,5303.681435732234,0.0,5303.681435732234,5338.9735763128665,0.006610285680605621,0,0.0,0.0
2026-08-03 14:30:00+00:00,5303.681435732234,0.0,5303.681435732234,5338.9735763128665,0.006610285680605621,0,0.0,0.0
2026-08-03 15:30:00+00:00,5303.681435732234,0.0,5303.681435732234,5338.9735763128665,0.006610285680605621,0,0.0,0.0
2026-08-03 16:30:00+00:00,5303.681435732234,0.0,5303.681435732234,5338.9735763128665,0.006610285680605621,0,0.0,0.0
2026-08-03 17:30:00+00:00,5303.681435732234,0.0,5303.681435732234,5338.9735763128665,0.006610285680605621,0,0.0,0.0
2026-08-03 18:30:00+00:00,5303.681435732234,0.0,5303.681435732234,5338.9735763128665,0.006610285680605621,0,0.0,0.0
2026-08-03 19:30:00+00:00,5303.681435732234,0.0,5303.681435732234,5338.9735763128665,0.006610285680605621,0,0.0,0.0
2026-08-04 13:30:00+00:00,5303.681435732234,0.0,5303.681435732234,5338.9735763128665,0.006610285680605621,0,0.0,0.0
2026-08-04 14:30:00+00:00,5303.681435732234,0.0,5303.681435732234,5338.9735763128665,0.006610285680605621,0,0.0,0.0
2026-08-04 15:30:00+00:00,5303.681435732234,0.0,5303.681435732234,5338.9735763128665,0.006610285680605621,0,0.0,0.0
2026-08-04 16:30:00+00:00,5303.681435732234,0.0,5303.681435732234,5338.9735763128665,0.006610285680605621,0,0.0,0.0
2026-08-04 17:30:00+00:00,5303.681435732234,0.0,5303.681435732234,5338.9735763128665,0.006610285680605621,0,0.0,0.0
2026-08-04 18:30:00+00:00,5303.681435732234,0.0,5303.681435732234,5338.9735763128665,0.006610285680605621,0,0.0,0.0
2026-08-04 19:30:00+00:00,5303.681435732234,0.0,5303.681435732234,5338.9735763128665,0.006610285680605621,0,0.0,0.0
2026-08-05 13:30:00+00:00,5303.681435732234,0.0,5303.681435732234,5338.9735763128665,0.006610285680605621,0,0.0,0.0
2026-08-05 14:30:00+00:00,5303.681435732234,0.0,5303.681435732234,5338.9735763128665,0.006610285680605621,0,0.0,0.0
2026-08-05 15:30:00+00:00,5303.681435732234,0.0,5303.681435732234,5338.9735763128665,0.006610285680605621,0,0.0,0.0
2026-08-05 16:30:00+00:00,5303.681435732234,0.0,5303.681435732234,5338.9735763128665,0.006610285680605621,0,0.0,0.0
2026-08-05 17:30:00+00:00,5303.681435732234,0.0,5303.681435732234,5338.9735763128665,0.006610285680605621,0,0.0,0.0
2026-08-05 18:30:00+00:00,5303.681435732234,0.0,5303.681435732234,5338.9735763128665,0.006610285680605621,0,0.0,0.0
2026-08-05 19:30:00+00:00,5303.681435732234,0.0,5303.681435732234,5338.9735763128665,0.006610285680605621,0,0.0,0.0
2026-08-06 13:30:00+00:00,5303.681435732234,0.0,5303.681435732234,5338.9735763128665,0.006610285680605621,0,0.0,0.0
2026-08-06 14:30:00+00:00,5303.681435732234,0.0,5303.681435732234,5338.9735763128665,0.006610285680605621,0,0.0,0.0
2026-08-06 15:30:00+00:00,5303.681435732234,0.0,5303.681435732234,5338.9735763128665,0.006610285680605621,0,0.0,0.0
2026-08-06 16:30:00+00:00,5303.681435732234,0.0,5303.681435732234,5338.9735763128665,0.006610285680605621,0,0.0,0.0
2026-08-06 17:30:00+00:00,5303.681435732234,0.0,5303.681435732234,5338.9735763128665,0.006610285680605621,0,0.0,0.0
2026-08-06 18:30:00+00:00,5303.681435732234,0.0,5303.681435732234,5338.9735763128665,0.006610285680605621,0,0.0,0.0
2026-08-06 19:30:00+00:00,4773.048108087224,537.0811065587632,5310.129214645987,5338.9735763128665,0.005402604312344073,1,1060.7362871464468,32.128620416481795
2026-08-07 13:30:00+00:00,4124.676709345231,1195.0208067801923,5319.697516125423,5338.9735763128665,0.0036104430771046747,2,1649.1324445526586,58.6640733829257
2026-08-07 14:30:00+00:00,4124.676709345231,1181.6701427887838,5306.346852134015,5338.9735763128665,0.006111048071787639,2,1649.1324445526586,58.6640733829257
2026-08-07 15:30:00+00:00,4124.676709345231,1177.6239563433282,5302.300665688559,5338.9735763128665,0.00686890656043182,2,1649.1324445526586,58.6640733829257
2026-08-07 16:30:00+00:00,4124.676709345231,1176.3453928209774,5301.022102166208,5338.9735763128665,0.007108383962609488,2,1649.1324445526586,58.6640733829257
2026-08-07 17:30:00+00:00,4124.676709345231,1177.4190573125397,5302.095766657771,5338.9735763128665,0.006907284542240433,2,1649.1324445526586,58.6640733829257
2026-08-07 18:30:00+00:00,4124.676709345231,1179.5337147291066,5304.210424074337,5338.9735763128665,0.006511205148637678,2,1649.1324445526586,58.6640733829257
2026-08-07 19:30:00+00:00,4124.676709345231,1183.0371785783009,5307.713887923532,5338.9735763128665,0.00585499964413061,2,1649.1324445526586,58.6640733829257
2026-08-10 13:30:00+00:00,4070.4465411596448,1255.1984512427398,5325.644992402385,5338.9735763128665,0.0024964693531386306,3,1920.1477778139592,85.17487801134226
2026-08-10 14:30:00+00:00,4070.4465411596448,1251.9497637375443,5322.396304897189,5338.9735763128665,0.00310495475932393,3,1920.1477778139592,85.17487801134226
